entry_time,exit_time,direction,entry_price,exit_price,stop_loss,peak_profit,pnl,exit_reason,month
2015-01-09 10:25:00+05:30,2015-01-09 11:25:00+05:30,long,8290.45,8264.75,8265.578650000001,0.0,-25.7,STOP_LOSS,2015-01
2015-01-12 09:55:00+05:30,2015-01-12 12:20:00+05:30,long,8285.9,8255.35,8261.0423,8.149999999999636,-30.55,STOP_LOSS,2015-01
2015-01-13 09:40:00+05:30,2015-01-13 14:30:00+05:30,long,8340.45,8300.35,8315.42865,15.049999999999272,-40.1,STOP_LOSS,2015-01
2015-01-14 11:20:00+05:30,2015-01-14 14:15:00+05:30,short,8281.7,8292.2,8289.223328411512,37.400000000001455,-10.5,STOP_LOSS,2015-01
2015-01-28 11:45:00+05:30,2015-01-28 12:45:00+05:30,long,8957.65,8925.75,8930.777049999999,26.149999999999636,-31.9,STOP_LOSS,2015-01
2015-01-30 11:10:00+05:30,2015-01-30 15:20:00+05:30,short,8868.1,8806.55,8868.40815041592,84.80000000000109,61.55,EOD_EXIT,2015-01
2015-02-03 12:10:00+05:30,2015-02-03 13:50:00+05:30,short,8741.65,8791.95,8767.87495,10.350000000000364,-50.3,STOP_LOSS,2015-02
2015-02-06 10:10:00+05:30,2015-02-06 15:20:00+05:30,short,8696.0,8667.85,8696.497279938281,41.29999999999927,28.15,EOD_EXIT,2015-02
2015-02-10 09:45:00+05:30,2015-02-10 09:55:00+05:30,long,8611.2,8585.3,8585.3664,0.0,-25.9,STOP_LOSS,2015-02
2015-02-11 09:55:00+05:30,2015-02-11 14:10:00+05:30,long,8607.55,8627.7,8606.686614083721,36.45000000000073,20.15,ST_TOUCH,2015-02
2015-02-13 11:40:00+05:30,2015-02-13 15:20:00+05:30,long,8755.15,8794.65,8728.884549999999,65.14999999999964,39.5,EOD_EXIT,2015-02
2015-02-19 09:45:00+05:30,2015-02-19 10:35:00+05:30,long,8893.4,8866.5,8866.719799999999,3.2000000000007276,-26.9,STOP_LOSS,2015-02
2015-02-24 10:50:00+05:30,2015-02-24 13:45:00+05:30,short,8756.75,8786.15,8783.02025,17.549999999999272,-29.4,STOP_LOSS,2015-02
2015-02-26 09:40:00+05:30,2015-02-26 14:45:00+05:30,short,8736.6,8704.15,8762.8098,51.80000000000109,32.45,ST_TOUCH,2015-02
2015-03-02 10:15:00+05:30,2015-03-02 10:40:00+05:30,long,8970.85,8942.15,8943.937450000001,0.0,-28.7,STOP_LOSS,2015-03
2015-03-04 09:40:00+05:30,2015-03-04 11:55:00+05:30,long,9078.55,9042.45,9051.314349999999,5.550000000001091,-36.1,STOP_LOSS,2015-03
2015-03-11 11:55:00+05:30,2015-03-11 12:25:00+05:30,short,8694.4,8721.2,8720.483199999999,0.0,-26.8,STOP_LOSS,2015-03
2015-03-13 11:05:00+05:30,2015-03-13 15:20:00+05:30,short,8729.4,8660.35,8738.683225218283,91.19999999999891,69.05,EOD_EXIT,2015-03
2015-03-17 10:00:00+05:30,2015-03-17 12:05:00+05:30,long,8713.3,8686.35,8687.1601,17.5,-26.95,STOP_LOSS,2015-03
2015-03-18 10:00:00+05:30,2015-03-18 13:50:00+05:30,long,8705.6,8677.6,8679.4832,20.100000000000364,-28.0,STOP_LOSS,2015-03
2015-03-20 09:45:00+05:30,2015-03-20 14:10:00+05:30,short,8605.35,8582.55,8631.16605,38.45000000000073,22.8,ST_TOUCH,2015-03
2015-03-25 10:10:00+05:30,2015-03-25 15:20:00+05:30,short,8546.45,8527.1,8572.08935,23.55000000000109,19.35,EOD_EXIT,2015-03
2015-03-27 12:30:00+05:30,2015-03-27 13:35:00+05:30,short,8296.3,8351.15,8321.1889,19.049999999999272,-54.85,STOP_LOSS,2015-03
2015-04-01 10:30:00+05:30,2015-04-01 12:45:00+05:30,short,8481.45,8509.9,8506.89435,1.75,-28.45,STOP_LOSS,2015-04
2015-04-08 10:00:00+05:30,2015-04-08 15:20:00+05:30,long,8706.85,8714.35,8680.72945,18.850000000000364,7.5,EOD_EXIT,2015-04
2015-04-09 13:25:00+05:30,2015-04-09 14:00:00+05:30,long,8756.2,8709.5,8729.931400000001,6.149999999999636,-46.7,STOP_LOSS,2015-04
2015-04-13 12:10:00+05:30,2015-04-13 15:20:00+05:30,long,8805.3,8831.55,8778.8841,34.20000000000073,26.25,EOD_EXIT,2015-04
2015-04-16 09:40:00+05:30,2015-04-16 13:35:00+05:30,short,8732.75,8687.15,8733.39552248717,85.20000000000073,45.6,ST_TOUCH,2015-04
2015-04-22 10:15:00+05:30,2015-04-22 14:30:00+05:30,short,8385.65,8354.15,8410.80695,92.64999999999964,31.5,ST_TOUCH,2015-04
2015-04-23 11:30:00+05:30,2015-04-23 12:00:00+05:30,short,8398.2,8427.3,8423.394600000001,0.0,-29.1,STOP_LOSS,2015-04
2015-04-24 10:40:00+05:30,2015-04-24 12:50:00+05:30,short,8334.15,8360.0,8359.15245,7.949999999998909,-25.85,STOP_LOSS,2015-04
2015-04-27 09:55:00+05:30,2015-04-27 11:35:00+05:30,short,8272.05,8274.55,8274.251543827579,44.149999999999636,-2.5,STOP_LOSS,2015-04
2015-04-28 13:15:00+05:30,2015-04-28 13:45:00+05:30,short,8196.45,8231.05,8221.039350000001,0.0,-34.6,STOP_LOSS,2015-04
2015-04-29 13:20:00+05:30,2015-04-29 14:35:00+05:30,long,8281.6,8238.3,8256.7552,19.100000000000364,-43.3,STOP_LOSS,2015-04
2015-05-04 10:45:00+05:30,2015-05-04 15:20:00+05:30,long,8273.85,8341.45,8259.971285320482,67.60000000000036,67.6,EOD_EXIT,2015-05
2015-05-08 10:15:00+05:30,2015-05-08 15:20:00+05:30,long,8167.85,8188.3,8164.780290806966,48.94999999999891,20.45,EOD_EXIT,2015-05
2015-05-13 11:45:00+05:30,2015-05-13 13:00:00+05:30,short,8129.2,8153.8,8153.5876,9.5,-24.6,STOP_LOSS,2015-05
2015-05-15 09:50:00+05:30,2015-05-15 10:35:00+05:30,long,8264.0,8238.55,8239.208,0.0,-25.45,STOP_LOSS,2015-05
2015-05-19 09:40:00+05:30,2015-05-19 14:10:00+05:30,long,8350.95,8395.45,8325.89715,73.34999999999854,44.5,ST_TOUCH,2015-05
2015-05-22 10:15:00+05:30,2015-05-22 12:35:00+05:30,long,8440.25,8463.1,8414.92925,37.850000000000364,22.85,ST_TOUCH,2015-05
2015-05-25 09:55:00+05:30,2015-05-25 15:20:00+05:30,short,8419.0,8368.6,8444.257,50.399999999999636,50.4,EOD_EXIT,2015-05
2015-05-28 09:50:00+05:30,2015-05-28 11:00:00+05:30,long,8345.15,8318.5,8320.11455,3.649999999999636,-26.65,STOP_LOSS,2015-05
2015-05-29 10:00:00+05:30,2015-05-29 13:25:00+05:30,long,8358.6,8381.05,8356.826502843716,59.19999999999891,22.45,ST_TOUCH,2015-05
2015-06-01 09:50:00+05:30,2015-06-01 12:45:00+05:30,long,8433.45,8454.35,8408.149650000001,32.149999999999636,20.9,ST_TOUCH,2015-06
2015-06-04 13:20:00+05:30,2015-06-04 14:20:00+05:30,short,8062.85,8090.1,8087.03855,0.5500000000001819,-27.25,STOP_LOSS,2015-06
2015-06-05 12:40:00+05:30,2015-06-05 15:00:00+05:30,long,8157.3,8109.75,8132.828100000001,24.800000000000182,-47.55,STOP_LOSS,2015-06
2015-06-09 10:45:00+05:30,2015-06-09 12:45:00+05:30,short,8017.1,8046.8,8041.1513,0.6000000000003638,-29.7,STOP_LOSS,2015-06
2015-06-11 10:30:00+05:30,2015-06-11 15:20:00+05:30,short,8067.0,7961.05,8079.396576656817,105.94999999999982,105.95,EOD_EXIT,2015-06
2015-06-15 09:40:00+05:30,2015-06-15 10:05:00+05:30,long,8029.45,8000.7,8005.36165,0.0,-28.75,STOP_LOSS,2015-06
2015-06-16 10:00:00+05:30,2015-06-16 14:25:00+05:30,short,7976.95,8004.65,8000.88085,21.0,-27.7,STOP_LOSS,2015-06
2015-06-25 10:05:00+05:30,2015-06-25 13:05:00+05:30,short,8359.75,8384.9,8384.82925,4.0,-25.15,STOP_LOSS,2015-06
2015-06-26 09:55:00+05:30,2015-06-26 10:40:00+05:30,short,8358.4,8386.2,8383.475199999999,0.0,-27.8,STOP_LOSS,2015-06
2015-06-29 09:40:00+05:30,2015-06-29 13:15:00+05:30,short,8226.45,8258.85,8251.129350000001,26.450000000000728,-32.4,STOP_LOSS,2015-06
2015-07-01 09:50:00+05:30,2015-07-01 12:05:00+05:30,long,8407.1,8427.65,8381.878700000001,32.29999999999927,20.55,ST_TOUCH,2015-07
2015-07-02 11:30:00+05:30,2015-07-02 14:20:00+05:30,long,8474.55,8443.5,8449.126349999999,2.0,-31.05,STOP_LOSS,2015-07
2015-07-07 10:00:00+05:30,2015-07-07 14:05:00+05:30,long,8540.0,8513.85,8514.38,10.649999999999636,-26.15,STOP_LOSS,2015-07
2015-07-10 11:35:00+05:30,2015-07-10 13:00:00+05:30,short,8325.6,8351.15,8350.5768,3.899999999999636,-25.55,STOP_LOSS,2015-07
2015-07-13 13:30:00+05:30,2015-07-13 15:20:00+05:30,long,8452.55,8459.9,8427.19235,13.950000000000728,7.35,EOD_EXIT,2015-07
2015-07-20 10:55:00+05:30,2015-07-20 14:40:00+05:30,short,8579.95,8606.7,8605.68985,17.350000000000364,-26.75,STOP_LOSS,2015-07
2015-07-22 10:45:00+05:30,2015-07-22 15:20:00+05:30,long,8575.1,8627.8,8573.398772983644,64.69999999999891,52.7,EOD_EXIT,2015-07
2015-07-30 09:40:00+05:30,2015-07-30 15:20:00+05:30,long,8422.75,8427.1,8397.48175,32.649999999999636,4.35,EOD_EXIT,2015-07
2015-08-04 10:30:00+05:30,2015-08-04 11:05:00+05:30,short,8495.3,8532.4,8520.785899999999,0.0,-37.1,STOP_LOSS,2015-08
2015-08-05 10:05:00+05:30,2015-08-05 15:20:00+05:30,long,8585.0,8563.75,8559.245,2.75,-21.25,EOD_EXIT,2015-08
2015-08-11 10:30:00+05:30,2015-08-11 15:20:00+05:30,short,8512.9,8464.1,8538.438699999999,67.0,48.8,EOD_EXIT,2015-08
2015-08-18 12:05:00+05:30,2015-08-18 14:20:00+05:30,short,8445.55,8479.9,8470.886649999999,7.299999999999272,-34.35,STOP_LOSS,2015-08
2015-08-19 11:25:00+05:30,2015-08-19 14:30:00+05:30,long,8517.3,8484.55,8491.748099999999,0.0,-32.75,STOP_LOSS,2015-08
2015-08-25 11:15:00+05:30,2015-08-25 11:30:00+05:30,short,7695.45,7725.75,7718.536349999999,0.6499999999996362,-30.3,STOP_LOSS,2015-08
2015-08-25 12:55:00+05:30,2015-08-25 15:20:00+05:30,long,7849.15,7901.3,7847.300932739395,52.150000000000546,52.15,EOD_EXIT,2015-08
2015-08-28 13:25:00+05:30,2015-08-28 15:20:00+05:30,short,8016.25,7998.75,8033.303841178253,39.55000000000018,17.5,EOD_EXIT,2015-08
2015-09-01 10:05:00+05:30,2015-09-01 15:20:00+05:30,short,7907.8,7787.3,7908.9628552947415,154.69999999999982,120.5,EOD_EXIT,2015-09
2015-09-02 12:20:00+05:30,2015-09-02 15:20:00+05:30,short,7793.3,7727.35,7794.8023960455885,82.69999999999982,65.95,EOD_EXIT,2015-09
2015-09-08 12:45:00+05:30,2015-09-08 15:20:00+05:30,long,7630.75,7696.8,7627.985875417772,79.55000000000018,66.05,EOD_EXIT,2015-09
2015-09-10 09:55:00+05:30,2015-09-10 10:55:00+05:30,short,7697.9,7722.4,7720.9937,0.0,-24.5,STOP_LOSS,2015-09
2015-09-11 11:20:00+05:30,2015-09-11 13:05:00+05:30,long,7813.9,7787.3,7790.458299999999,5.700000000000728,-26.6,STOP_LOSS,2015-09
2015-09-16 12:30:00+05:30,2015-09-16 14:15:00+05:30,long,7908.25,7883.85,7884.52525,3.0,-24.4,STOP_LOSS,2015-09
2015-09-18 10:00:00+05:30,2015-09-18 13:40:00+05:30,long,8017.65,8041.15,7993.597049999999,36.150000000000546,23.5,ST_TOUCH,2015-09
2015-09-22 09:40:00+05:30,2015-09-22 12:45:00+05:30,long,8001.45,7970.9,7977.44565,2.449999999999818,-30.55,STOP_LOSS,2015-09
2015-09-23 13:10:00+05:30,2015-09-23 15:20:00+05:30,long,7833.35,7848.1,7830.196826603875,45.54999999999927,14.75,EOD_EXIT,2015-09
2015-09-29 12:25:00+05:30,2015-09-29 14:50:00+05:30,long,7817.35,7876.95,7809.652298285222,106.34999999999945,59.6,ST_TOUCH,2015-09
2015-10-06 12:35:00+05:30,2015-10-06 13:40:00+05:30,short,8106.25,8133.35,8130.56875,7.25,-27.1,STOP_LOSS,2015-10
2015-10-09 10:20:00+05:30,2015-10-09 11:00:00+05:30,long,8228.7,8199.8,8204.0139,0.0,-28.9,STOP_LOSS,2015-10
2015-10-09 13:05:00+05:30,2015-10-09 14:50:00+05:30,short,8160.3,8185.35,8184.7809,12.350000000000364,-25.05,STOP_LOSS,2015-10
2015-10-13 09:40:00+05:30,2015-10-13 15:20:00+05:30,short,8117.05,8135.7,8141.401150000001,27.25,-18.65,EOD_EXIT,2015-10
2015-10-19 10:35:00+05:30,2015-10-19 15:00:00+05:30,long,8252.85,8274.1,8228.09145,24.850000000000364,21.25,ST_TOUCH,2015-10
2015-10-21 10:10:00+05:30,2015-10-21 12:05:00+05:30,long,8288.4,8257.45,8263.5348,2.5500000000010914,-30.95,STOP_LOSS,2015-10
2015-10-23 10:15:00+05:30,2015-10-23 15:20:00+05:30,long,8310.45,8296.7,8285.51865,2.899999999999636,-13.75,EOD_EXIT,2015-10
2015-10-26 11:55:00+05:30,2015-10-26 15:20:00+05:30,short,8277.85,8263.25,8302.68355,20.200000000000728,14.6,EOD_EXIT,2015-10
2015-11-02 09:50:00+05:30,2015-11-02 15:05:00+05:30,short,8022.8,8054.9,8046.8684,25.350000000000364,-32.1,STOP_LOSS,2015-11
2015-11-05 10:05:00+05:30,2015-11-05 15:20:00+05:30,short,8001.9,7952.65,8025.905699999999,49.25,49.25,EOD_EXIT,2015-11
2015-11-13 10:00:00+05:30,2015-11-13 15:20:00+05:30,short,7757.85,7761.5,7781.12355,23.75,-3.65,EOD_EXIT,2015-11
2015-11-16 11:25:00+05:30,2015-11-16 15:05:00+05:30,long,7772.15,7805.1,7748.833549999999,63.400000000000546,32.95,ST_TOUCH,2015-11
2015-11-18 13:20:00+05:30,2015-11-18 15:20:00+05:30,short,7767.15,7731.2,7767.338709454476,39.0,35.95,EOD_EXIT,2015-11
2015-11-20 11:55:00+05:30,2015-11-20 14:40:00+05:30,long,7903.75,7874.0,7880.03875,0.6000000000003638,-29.75,STOP_LOSS,2015-11
2015-11-26 10:55:00+05:30,2015-11-26 15:20:00+05:30,long,7876.65,7885.7,7853.02005,19.650000000000546,9.05,EOD_EXIT,2015-11
2015-12-02 12:50:00+05:30,2015-12-02 13:40:00+05:30,short,7916.1,7939.9,7939.848300000001,3.300000000000182,-23.8,STOP_LOSS,2015-12
2015-12-04 10:15:00+05:30,2015-12-04 15:20:00+05:30,short,7803.75,7777.0,7827.16125,26.75,26.75,EOD_EXIT,2015-12
2015-12-07 12:55:00+05:30,2015-12-07 15:20:00+05:30,short,7761.1,7766.35,7784.3833,12.300000000000182,-5.25,EOD_EXIT,2015-12
2015-12-09 09:55:00+05:30,2015-12-09 15:20:00+05:30,short,7690.3,7611.55,7713.3709,78.75,78.75,EOD_EXIT,2015-12
2015-12-11 12:10:00+05:30,2015-12-11 14:40:00+05:30,short,7631.7,7603.35,7654.5951,50.69999999999982,28.35,ST_TOUCH,2015-12
2015-12-16 09:55:00+05:30,2015-12-16 15:20:00+05:30,long,7752.8,7751.5,7729.5416000000005,22.5,-1.3,EOD_EXIT,2015-12
2015-12-21 11:55:00+05:30,2015-12-21 15:20:00+05:30,long,7807.5,7834.1,7784.0775,28.600000000000364,26.6,EOD_EXIT,2015-12
2015-12-28 11:35:00+05:30,2015-12-28 15:20:00+05:30,long,7899.55,7924.25,7875.85135,33.19999999999982,24.7,EOD_EXIT,2015-12
2015-12-29 13:10:00+05:30,2015-12-29 13:55:00+05:30,short,7905.05,7933.75,7928.76515,0.6500000000005457,-28.7,STOP_LOSS,2015-12
2015-12-31 10:10:00+05:30,2015-12-31 14:55:00+05:30,short,7900.8,7935.45,7924.5024,3.25,-34.65,STOP_LOSS,2015-12
2016-01-07 09:40:00+05:30,2016-01-07 15:20:00+05:30,short,7626.65,7565.45,7649.529949999999,67.29999999999927,61.2,EOD_EXIT,2016-01
2016-01-12 10:35:00+05:30,2016-01-12 15:20:00+05:30,short,7519.25,7513.15,7541.80775,25.199999999999818,6.1,EOD_EXIT,2016-01
2016-01-13 12:35:00+05:30,2016-01-13 13:35:00+05:30,short,7455.45,7493.5,7477.81635,26.199999999999818,-38.05,STOP_LOSS,2016-01
2016-01-14 13:05:00+05:30,2016-01-14 13:45:00+05:30,long,7577.6,7546.5,7554.867200000001,24.199999999999818,-31.1,STOP_LOSS,2016-01
2016-01-18 09:50:00+05:30,2016-01-18 10:40:00+05:30,short,7412.25,7434.55,7434.48675,21.0,-22.3,STOP_LOSS,2016-01
2016-01-18 13:25:00+05:30,2016-01-18 13:35:00+05:30,short,7384.55,7411.65,7406.70365,0.0,-27.1,STOP_LOSS,2016-01
2016-01-19 11:30:00+05:30,2016-01-19 15:05:00+05:30,long,7414.5,7436.4,7409.487429521907,46.19999999999982,21.9,ST_TOUCH,2016-01
2016-01-21 11:10:00+05:30,2016-01-21 13:45:00+05:30,short,7309.95,7326.15,7310.914742163299,57.0,-16.2,STOP_LOSS,2016-01
2016-01-27 09:40:00+05:30,2016-01-27 11:55:00+05:30,short,7422.8,7445.3,7445.0684,0.0,-22.5,STOP_LOSS,2016-01
2016-01-27 12:35:00+05:30,2016-01-27 13:25:00+05:30,long,7474.85,7451.95,7452.425450000001,0.0,-22.9,STOP_LOSS,2016-01
2016-02-03 10:15:00+05:30,2016-02-03 13:15:00+05:30,short,7384.3,7412.3,7406.4529,12.400000000000546,-28.0,STOP_LOSS,2016-02
2016-02-05 10:15:00+05:30,2016-02-05 15:20:00+05:30,long,7440.65,7497.55,7437.288279174741,56.900000000000546,56.9,EOD_EXIT,2016-02
2016-02-09 11:25:00+05:30,2016-02-09 13:30:00+05:30,short,7291.4,7320.1,7313.2742,12.949999999999818,-28.7,STOP_LOSS,2016-02
2016-02-11 10:05:00+05:30,2016-02-11 15:20:00+05:30,short,7149.5,6960.45,7170.9485,189.05000000000018,189.05,EOD_EXIT,2016-02
2016-02-15 09:50:00+05:30,2016-02-15 15:20:00+05:30,long,7123.85,7154.5,7102.4784500000005,55.54999999999927,30.65,EOD_EXIT,2016-02
2016-02-17 09:55:00+05:30,2016-02-17 10:40:00+05:30,short,6979.55,7001.85,7000.48865,9.75,-22.3,STOP_LOSS,2016-02
2016-02-22 09:40:00+05:30,2016-02-22 15:20:00+05:30,long,7234.3,7237.4,7212.5971,16.800000000000182,3.1,EOD_EXIT,2016-02
2016-02-24 10:40:00+05:30,2016-02-24 15:20:00+05:30,short,7062.0,7021.95,7062.837710569222,46.94999999999982,40.05,EOD_EXIT,2016-02
2016-03-01 09:50:00+05:30,2016-03-01 15:20:00+05:30,long,7136.2,7231.05,7114.7914,94.85000000000036,94.85,EOD_EXIT,2016-03
2016-03-03 09:55:00+05:30,2016-03-03 13:35:00+05:30,long,7420.65,7444.7,7398.38805,49.150000000000546,24.05,ST_TOUCH,2016-03
2016-03-10 11:25:00+05:30,2016-03-10 13:50:00+05:30,short,7466.3,7492.4,7488.6989,14.550000000000182,-26.1,STOP_LOSS,2016-03
2016-03-11 11:35:00+05:30,2016-03-11 12:50:00+05:30,short,7503.9,7512.75,7509.443204618796,36.599999999999454,-8.85,STOP_LOSS,2016-03
2016-03-15 10:05:00+05:30,2016-03-15 15:20:00+05:30,short,7504.4,7463.85,7526.9132,50.849999999999454,40.55,EOD_EXIT,2016-03
2016-03-17 09:40:00+05:30,2016-03-17 10:15:00+05:30,long,7583.15,7560.25,7560.400549999999,0.0,-22.9,STOP_LOSS,2016-03
2016-03-21 09:55:00+05:30,2016-03-21 15:20:00+05:30,long,7641.2,7707.6,7618.2764,70.35000000000036,66.4,EOD_EXIT,2016-03
2016-03-23 10:15:00+05:30,2016-03-23 10:50:00+05:30,long,7705.45,7679.1,7682.33365,3.25,-26.35,STOP_LOSS,2016-03
2016-03-28 12:40:00+05:30,2016-03-28 15:20:00+05:30,short,7669.2,7627.35,7692.2076,72.84999999999945,41.85,EOD_EXIT,2016-03
2016-04-01 11:35:00+05:30,2016-04-01 12:05:00+05:30,short,7692.75,7719.45,7715.82825,0.0,-26.7,STOP_LOSS,2016-04
2016-04-04 10:00:00+05:30,2016-04-04 11:40:00+05:30,long,7748.05,7717.3,7724.80585,5.800000000000182,-30.75,STOP_LOSS,2016-04
2016-04-07 10:05:00+05:30,2016-04-07 10:45:00+05:30,short,7548.3,7580.8,7570.9449,1.9000000000005457,-32.5,STOP_LOSS,2016-04
2016-04-08 10:10:00+05:30,2016-04-08 15:20:00+05:30,short,7548.1,7557.35,7570.7443,7.5,-9.25,EOD_EXIT,2016-04
2016-04-11 13:25:00+05:30,2016-04-11 15:20:00+05:30,long,7576.7,7668.2,7574.393377144518,96.65000000000055,91.5,EOD_EXIT,2016-04
2016-04-13 10:00:00+05:30,2016-04-13 15:20:00+05:30,long,7827.65,7847.95,7804.16705,35.100000000000364,20.3,EOD_EXIT,2016-04
2016-04-20 11:05:00+05:30,2016-04-20 12:30:00+05:30,short,7883.95,7907.7,7907.60185,0.0,-23.75,STOP_LOSS,2016-04
2016-04-25 10:10:00+05:30,2016-04-25 15:00:00+05:30,short,7873.85,7848.4,7897.47155,45.650000000000546,25.45,ST_TOUCH,2016-04
2016-04-26 12:35:00+05:30,2016-04-26 15:20:00+05:30,long,7914.55,7952.75,7907.842911500572,56.399999999999636,38.2,EOD_EXIT,2016-04
2016-04-27 13:25:00+05:30,2016-04-27 15:20:00+05:30,long,7989.35,7979.85,7965.38195,0.0,-9.5,EOD_EXIT,2016-04
2016-04-28 11:05:00+05:30,2016-04-28 15:20:00+05:30,short,7944.55,7848.75,7968.38365,106.90000000000055,95.8,EOD_EXIT,2016-04
2016-04-29 13:00:00+05:30,2016-04-29 14:35:00+05:30,short,7796.3,7823.55,7819.6889,3.25,-27.25,STOP_LOSS,2016-04
2016-05-03 13:00:00+05:30,2016-05-03 15:20:00+05:30,short,7787.0,7745.6,7788.06897706914,47.69999999999982,41.4,EOD_EXIT,2016-05
2016-05-06 11:00:00+05:30,2016-05-06 13:00:00+05:30,short,7699.0,7725.75,7722.097,6.949999999999818,-26.75,STOP_LOSS,2016-05
2016-05-10 13:00:00+05:30,2016-05-10 15:20:00+05:30,long,7878.35,7892.15,7854.7149500000005,16.349999999999454,13.8,EOD_EXIT,2016-05
2016-05-11 11:50:00+05:30,2016-05-11 12:20:00+05:30,long,7891.5,7863.0,7867.8255,0.0,-28.5,STOP_LOSS,2016-05
2016-05-12 10:35:00+05:30,2016-05-12 12:55:00+05:30,long,7893.6,7868.9,7869.9192,6.449999999999818,-24.7,STOP_LOSS,2016-05
2016-05-16 10:55:00+05:30,2016-05-16 13:25:00+05:30,short,7784.25,7810.95,7807.60275,7.850000000000364,-26.7,STOP_LOSS,2016-05
2016-05-18 09:50:00+05:30,2016-05-18 12:55:00+05:30,short,7833.95,7865.8,7857.4518499999995,19.199999999999818,-31.85,STOP_LOSS,2016-05
2016-05-23 10:30:00+05:30,2016-05-23 13:45:00+05:30,short,7758.1,7782.55,7781.3743,16.0,-24.45,STOP_LOSS,2016-05
2016-05-24 11:45:00+05:30,2016-05-24 13:30:00+05:30,short,7725.2,7748.9,7748.375599999999,6.050000000000182,-23.7,STOP_LOSS,2016-05
2016-05-25 10:05:00+05:30,2016-05-25 15:20:00+05:30,long,7865.4,7935.75,7841.8038,75.35000000000036,70.35,EOD_EXIT,2016-05
2016-05-26 13:15:00+05:30,2016-05-26 15:20:00+05:30,long,8008.7,8071.5,7984.6739,70.90000000000055,62.8,EOD_EXIT,2016-05
2016-06-01 10:20:00+05:30,2016-06-01 11:55:00+05:30,long,8208.9,8183.85,8184.2733,3.100000000000364,-25.05,STOP_LOSS,2016-06
2016-06-02 10:50:00+05:30,2016-06-02 14:10:00+05:30,short,8161.45,8186.15,8185.9343499999995,1.3499999999994543,-24.7,STOP_LOSS,2016-06
2016-06-09 11:30:00+05:30,2016-06-09 15:20:00+05:30,short,8219.35,8202.1,8244.00805,31.700000000000728,17.25,EOD_EXIT,2016-06
2016-06-10 13:00:00+05:30,2016-06-10 15:20:00+05:30,short,8194.1,8171.4,8218.6823,27.450000000000728,22.7,EOD_EXIT,2016-06
2016-06-15 10:05:00+05:30,2016-06-15 15:20:00+05:30,long,8138.65,8205.45,8114.23405,72.39999999999964,66.8,EOD_EXIT,2016-06
2016-06-17 09:45:00+05:30,2016-06-17 12:20:00+05:30,long,8181.05,8151.55,8156.50685,0.0,-29.5,STOP_LOSS,2016-06
2016-06-20 12:05:00+05:30,2016-06-20 14:00:00+05:30,long,8204.3,8225.8,8179.687099999999,24.900000000001455,21.5,ST_TOUCH,2016-06
2016-06-23 12:35:00+05:30,2016-06-23 15:20:00+05:30,long,8214.75,8264.9,8190.10575,62.600000000000364,50.15,EOD_EXIT,2016-06
2016-06-27 10:15:00+05:30,2016-06-27 15:20:00+05:30,long,8080.0,8095.1,8055.76,38.25,15.1,EOD_EXIT,2016-06
2016-06-30 09:55:00+05:30,2016-06-30 15:10:00+05:30,long,8269.45,8291.5,8244.641650000001,36.19999999999891,22.05,ST_TOUCH,2016-06
2016-07-05 09:55:00+05:30,2016-07-05 15:20:00+05:30,short,8355.1,8336.8,8380.1653,33.20000000000073,18.3,EOD_EXIT,2016-07
2016-07-08 10:15:00+05:30,2016-07-08 15:20:00+05:30,short,8306.8,8321.75,8331.7204,1.25,-14.95,EOD_EXIT,2016-07
2016-07-12 12:00:00+05:30,2016-07-12 15:20:00+05:30,long,8496.55,8517.6,8471.06035,27.700000000000728,21.05,EOD_EXIT,2016-07
2016-07-14 13:20:00+05:30,2016-07-14 15:20:00+05:30,long,8544.4,8566.25,8518.7668,23.600000000000364,21.85,EOD_EXIT,2016-07
2016-07-15 10:35:00+05:30,2016-07-15 13:10:00+05:30,short,8533.15,8558.85,8558.74945,20.899999999999636,-25.7,STOP_LOSS,2016-07
2016-07-19 10:45:00+05:30,2016-07-19 15:20:00+05:30,short,8518.15,8530.15,8543.70445,35.19999999999891,-12.0,EOD_EXIT,2016-07
2016-07-22 11:20:00+05:30,2016-07-22 12:10:00+05:30,short,8505.6,8534.75,8531.1168,0.0,-29.15,STOP_LOSS,2016-07
2016-07-25 12:15:00+05:30,2016-07-25 15:20:00+05:30,long,8586.45,8633.55,8560.69065,52.69999999999891,47.1,EOD_EXIT,2016-07
2016-07-27 11:25:00+05:30,2016-07-27 15:20:00+05:30,short,8599.05,8618.4,8624.84715,21.049999999999272,-19.35,EOD_EXIT,2016-07
2016-08-01 12:15:00+05:30,2016-08-01 14:25:00+05:30,short,8651.65,8622.8,8677.604949999999,55.54999999999927,28.85,ST_TOUCH,2016-08
2016-08-03 09:40:00+05:30,2016-08-03 10:10:00+05:30,short,8569.5,8605.8,8595.2085,0.0,-36.3,STOP_LOSS,2016-08
2016-08-05 10:00:00+05:30,2016-08-05 15:20:00+05:30,long,8628.2,8685.9,8602.315400000001,57.69999999999891,57.7,EOD_EXIT,2016-08
2016-08-09 11:50:00+05:30,2016-08-09 14:45:00+05:30,short,8679.9,8685.4,8684.096838633763,38.649999999999636,-5.5,STOP_LOSS,2016-08
2016-08-10 10:10:00+05:30,2016-08-10 15:20:00+05:30,short,8615.4,8571.3,8641.2462,44.100000000000364,44.1,EOD_EXIT,2016-08
2016-08-11 13:15:00+05:30,2016-08-11 14:55:00+05:30,short,8562.05,8588.15,8587.736149999999,15.649999999999636,-26.1,STOP_LOSS,2016-08
2016-08-16 12:00:00+05:30,2016-08-16 14:30:00+05:30,short,8606.25,8645.7,8632.06875,0.0,-39.45,STOP_LOSS,2016-08
2016-08-22 10:15:00+05:30,2016-08-22 15:20:00+05:30,short,8640.5,8629.95,8666.4215,24.25,10.55,EOD_EXIT,2016-08
2016-08-24 11:55:00+05:30,2016-08-24 15:20:00+05:30,long,8643.35,8650.95,8617.41995,15.049999999999272,7.6,EOD_EXIT,2016-08
2016-08-26 11:45:00+05:30,2016-08-26 15:20:00+05:30,short,8583.15,8584.6,8608.899449999999,31.799999999999272,-1.45,EOD_EXIT,2016-08
2016-08-30 10:00:00+05:30,2016-08-30 15:20:00+05:30,long,8671.9,8741.75,8645.8843,75.55000000000109,69.85,EOD_EXIT,2016-08
2016-09-02 10:35:00+05:30,2016-09-02 14:20:00+05:30,short,8776.55,8805.85,8802.879649999999,4.899999999999636,-29.3,STOP_LOSS,2016-09
2016-09-08 10:50:00+05:30,2016-09-08 14:30:00+05:30,short,8917.7,8948.5,8944.4531,2.600000000000364,-30.8,STOP_LOSS,2016-09
2016-09-12 09:55:00+05:30,2016-09-12 15:20:00+05:30,short,8734.15,8717.5,8760.35245,30.149999999999636,16.65,EOD_EXIT,2016-09
2016-09-16 10:40:00+05:30,2016-09-16 13:30:00+05:30,long,8846.9,8806.0,8820.3593,0.0,-40.9,STOP_LOSS,2016-09
2016-09-19 10:55:00+05:30,2016-09-19 15:20:00+05:30,long,8820.05,8810.6,8793.589849999998,1.3000000000010914,-9.45,EOD_EXIT,2016-09
2016-09-26 10:25:00+05:30,2016-09-26 15:20:00+05:30,short,8792.0,8719.65,8818.376,72.35000000000036,72.35,EOD_EXIT,2016-09
2016-09-27 13:30:00+05:30,2016-09-27 15:20:00+05:30,short,8729.85,8713.5,8756.03955,38.100000000000364,16.35,EOD_EXIT,2016-09
2016-09-28 13:30:00+05:30,2016-09-28 15:20:00+05:30,long,8737.65,8748.25,8711.43705,26.5,10.6,EOD_EXIT,2016-09
2016-09-29 12:25:00+05:30,2016-09-29 12:35:00+05:30,short,8677.25,8656.45,8699.510013162651,61.649999999999636,20.8,TRAILING_PROFIT,2016-09
2016-10-03 10:05:00+05:30,2016-10-03 15:20:00+05:30,long,8695.85,8738.7,8669.76245,48.44999999999891,42.85,EOD_EXIT,2016-10
2016-10-07 09:40:00+05:30,2016-10-07 15:20:00+05:30,short,8692.8,8702.65,8718.8784,25.349999999998545,-9.85,EOD_EXIT,2016-10
2016-10-13 10:05:00+05:30,2016-10-13 15:10:00+05:30,short,8631.4,8579.15,8657.2942,80.29999999999927,52.25,ST_TOUCH,2016-10
2016-10-17 13:15:00+05:30,2016-10-17 15:20:00+05:30,short,8534.7,8522.0,8560.304100000001,26.55000000000109,12.7,EOD_EXIT,2016-10
2016-10-24 10:30:00+05:30,2016-10-24 15:20:00+05:30,long,8703.45,8706.05,8677.33965,29.899999999999636,2.6,EOD_EXIT,2016-10
2016-10-27 09:45:00+05:30,2016-10-27 13:30:00+05:30,short,8581.5,8608.35,8607.2445,28.0,-26.85,STOP_LOSS,2016-10
2016-10-28 12:25:00+05:30,2016-10-28 15:20:00+05:30,long,8643.25,8636.15,8617.32025,6.799999999999272,-7.1,EOD_EXIT,2016-10
2016-11-01 12:40:00+05:30,2016-11-01 14:35:00+05:30,long,8658.05,8628.55,8632.07585,10.800000000001091,-29.5,STOP_LOSS,2016-11
2016-11-04 09:45:00+05:30,2016-11-04 11:55:00+05:30,short,8479.55,8457.45,8479.67749082849,43.19999999999891,22.1,ST_TOUCH,2016-11
2016-11-07 09:50:00+05:30,2016-11-07 15:20:00+05:30,long,8509.0,8487.8,8483.473,21.049999999999272,-21.2,EOD_EXIT,2016-11
2016-11-08 12:40:00+05:30,2016-11-08 14:20:00+05:30,short,8486.75,8512.8,8512.21025,5.399999999999636,-26.05,STOP_LOSS,2016-11
2016-11-09 13:15:00+05:30,2016-11-09 14:50:00+05:30,long,8363.15,8410.1,8362.871141444703,110.70000000000073,46.95,TRAILING_PROFIT,2016-11
2016-11-11 10:00:00+05:30,2016-11-11 13:50:00+05:30,short,8389.75,8368.45,8414.91925,35.70000000000073,21.3,ST_TOUCH,2016-11
2016-11-15 10:05:00+05:30,2016-11-15 10:50:00+05:30,short,8162.2,8189.45,8186.6866,22.849999999999454,-27.25,STOP_LOSS,2016-11
2016-11-17 09:50:00+05:30,2016-11-17 10:20:00+05:30,short,8118.2,8096.8,8142.5545999999995,21.399999999999636,21.4,ST_TOUCH,2016-11
2016-11-17 13:25:00+05:30,2016-11-17 15:20:00+05:30,short,8102.65,8091.35,8114.52369086986,41.75,11.3,EOD_EXIT,2016-11
2016-11-21 09:50:00+05:30,2016-11-21 13:10:00+05:30,short,8030.05,7979.4,8039.713843952864,79.30000000000018,50.65,ST_TOUCH,2016-11
2016-11-28 11:40:00+05:30,2016-11-28 14:00:00+05:30,long,8133.2,8108.5,8108.8004,6.949999999999818,-24.7,STOP_LOSS,2016-11
2016-11-29 10:10:00+05:30,2016-11-29 15:05:00+05:30,long,8169.2,8133.55,8144.6924,25.199999999999818,-35.65,STOP_LOSS,2016-11
2016-12-02 10:10:00+05:30,2016-12-02 15:20:00+05:30,short,8137.65,8095.05,8162.06295,59.399999999999636,42.6,EOD_EXIT,2016-12
2016-12-06 09:40:00+05:30,2016-12-06 15:15:00+05:30,long,8166.35,8140.8,8141.85095,10.549999999999272,-25.55,STOP_LOSS,2016-12
2016-12-14 10:00:00+05:30,2016-12-14 13:05:00+05:30,long,8205.05,8171.95,8180.43485,5.900000000001455,-33.1,STOP_LOSS,2016-12
2016-12-15 11:55:00+05:30,2016-12-15 12:35:00+05:30,short,8163.5,8188.4,8187.9905,0.0,-24.9,STOP_LOSS,2016-12
2016-12-16 10:00:00+05:30,2016-12-16 15:20:00+05:30,short,8141.4,8140.8,8165.8242,12.549999999999272,0.6,EOD_EXIT,2016-12
2016-12-20 12:50:00+05:30,2016-12-20 15:20:00+05:30,short,8081.0,8086.6,8105.243,13.300000000000182,-5.6,EOD_EXIT,2016-12
2016-12-22 09:40:00+05:30,2016-12-22 13:45:00+05:30,short,8013.55,7992.3,8037.59065,45.80000000000018,21.25,ST_TOUCH,2016-12
2016-12-23 09:40:00+05:30,2016-12-23 11:35:00+05:30,short,7958.1,7985.4,7981.974300000001,14.75,-27.3,STOP_LOSS,2016-12
2016-12-26 10:20:00+05:30,2016-12-26 15:20:00+05:30,short,7916.95,7910.2,7940.70085,16.449999999999818,6.75,EOD_EXIT,2016-12
2016-12-27 10:55:00+05:30,2016-12-27 15:20:00+05:30,long,7942.3,8034.85,7918.4731,97.84999999999945,92.55,EOD_EXIT,2016-12
2016-12-29 09:45:00+05:30,2016-12-29 14:00:00+05:30,short,8042.9,8071.75,8067.0287,0.0,-28.85,STOP_LOSS,2016-12
2017-01-02 10:10:00+05:30,2017-01-02 13:45:00+05:30,short,8154.8,8182.1,8179.2644,16.650000000000546,-27.3,STOP_LOSS,2017-01
2017-01-03 11:25:00+05:30,2017-01-03 13:15:00+05:30,long,8212.0,8186.85,8187.364,0.2999999999992724,-25.15,STOP_LOSS,2017-01
2017-01-06 10:00:00+05:30,2017-01-06 10:40:00+05:30,long,8304.9,8270.3,8279.9853,0.0,-34.6,STOP_LOSS,2017-01
2017-01-16 13:20:00+05:30,2017-01-16 15:20:00+05:30,long,8417.75,8413.7,8392.49675,5.5,-4.05,EOD_EXIT,2017-01
2017-01-17 12:00:00+05:30,2017-01-17 15:20:00+05:30,short,8392.75,8397.8,8417.92825,10.899999999999636,-5.05,EOD_EXIT,2017-01
2017-01-23 12:50:00+05:30,2017-01-23 14:45:00+05:30,short,8356.25,8383.45,8381.31875,4.25,-27.2,STOP_LOSS,2017-01
2017-01-31 10:15:00+05:30,2017-01-31 15:20:00+05:30,short,8594.95,8553.9,8620.73485,41.05000000000109,41.05,EOD_EXIT,2017-01
2017-02-02 09:40:00+05:30,2017-02-02 11:30:00+05:30,long,8722.4,8692.75,8696.2328,0.7000000000007276,-29.65,STOP_LOSS,2017-02
2017-02-06 09:40:00+05:30,2017-02-06 13:35:00+05:30,long,8802.05,8774.8,8775.643849999999,10.350000000000364,-27.25,STOP_LOSS,2017-02
2017-02-07 11:10:00+05:30,2017-02-07 15:20:00+05:30,short,8772.7,8770.65,8799.018100000001,28.25,2.05,EOD_EXIT,2017-02
2017-02-09 11:15:00+05:30,2017-02-09 13:05:00+05:30,short,8734.3,8764.1,8760.5029,5.349999999998545,-29.8,STOP_LOSS,2017-02
2017-02-15 11:25:00+05:30,2017-02-15 14:50:00+05:30,short,8755.8,8728.6,8782.0674,40.849999999998545,27.2,ST_TOUCH,2017-02
2017-02-20 12:00:00+05:30,2017-02-20 15:20:00+05:30,long,8845.0,8882.85,8818.465,37.850000000000364,37.85,EOD_EXIT,2017-02
2017-02-22 10:00:00+05:30,2017-02-22 15:20:00+05:30,long,8934.25,8925.55,8907.44725,22.049999999999272,-8.7,EOD_EXIT,2017-02
2017-02-27 10:05:00+05:30,2017-02-27 15:20:00+05:30,short,8941.15,8892.75,8967.97345,51.69999999999891,48.4,EOD_EXIT,2017-02
2017-03-03 09:45:00+05:30,2017-03-03 14:30:00+05:30,short,8868.6,8895.75,8895.2058,6.450000000000728,-27.15,STOP_LOSS,2017-03
2017-03-08 11:15:00+05:30,2017-03-08 13:35:00+05:30,short,8896.95,8927.4,8923.640850000002,2.2000000000007276,-30.45,STOP_LOSS,2017-03
2017-03-14 09:50:00+05:30,2017-03-14 15:20:00+05:30,long,9072.95,9088.95,9045.731150000001,24.69999999999891,16.0,EOD_EXIT,2017-03
2017-03-20 10:05:00+05:30,2017-03-20 15:20:00+05:30,short,9131.15,9128.95,9158.54345,13.5,2.2,EOD_EXIT,2017-03
2017-03-21 11:40:00+05:30,2017-03-21 15:20:00+05:30,short,9105.55,9128.7,9132.86665,17.19999999999891,-23.15,EOD_EXIT,2017-03
2017-03-27 09:50:00+05:30,2017-03-27 15:20:00+05:30,short,9060.1,9042.7,9087.2803,32.70000000000073,17.4,EOD_EXIT,2017-03
2017-03-29 09:55:00+05:30,2017-03-29 15:20:00+05:30,long,9121.1,9147.05,9093.7367,28.649999999999636,25.95,EOD_EXIT,2017-03
2017-04-03 10:05:00+05:30,2017-04-03 15:20:00+05:30,long,9207.35,9242.4,9179.72795,35.04999999999927,35.05,EOD_EXIT,2017-04
2017-04-10 10:10:00+05:30,2017-04-10 14:50:00+05:30,short,9208.65,9185.45,9236.27595,31.69999999999891,23.2,ST_TOUCH,2017-04
2017-04-11 12:00:00+05:30,2017-04-11 15:20:00+05:30,long,9222.7,9236.2,9195.0319,17.099999999998545,13.5,EOD_EXIT,2017-04
2017-04-12 09:50:00+05:30,2017-04-12 12:45:00+05:30,short,9189.4,9218.0,9216.9682,19.25,-28.6,STOP_LOSS,2017-04
2017-04-13 10:35:00+05:30,2017-04-13 15:20:00+05:30,short,9184.05,9152.6,9211.602149999999,38.44999999999891,31.45,EOD_EXIT,2017-04
2017-04-18 13:05:00+05:30,2017-04-18 15:20:00+05:30,short,9182.4,9102.45,9209.9472,79.94999999999891,79.95,EOD_EXIT,2017-04
2017-04-20 12:05:00+05:30,2017-04-20 14:40:00+05:30,long,9141.9,9112.55,9114.4743,0.0,-29.35,STOP_LOSS,2017-04
2017-04-21 10:35:00+05:30,2017-04-21 12:50:00+05:30,long,9153.6,9124.4,9126.1392,6.399999999999636,-29.2,STOP_LOSS,2017-04
2017-04-24 09:55:00+05:30,2017-04-24 14:25:00+05:30,long,9157.75,9203.65,9130.27675,63.45000000000073,45.9,ST_TOUCH,2017-04
2017-04-26 09:40:00+05:30,2017-04-26 14:30:00+05:30,long,9340.05,9305.8,9312.029849999999,22.400000000001455,-34.25,STOP_LOSS,2017-04
2017-04-28 10:40:00+05:30,2017-04-28 15:20:00+05:30,short,9300.6,9306.8,9328.5018,15.0,-6.2,EOD_EXIT,2017-04
2017-05-02 11:15:00+05:30,2017-05-02 12:55:00+05:30,short,9280.8,9308.9,9308.642399999999,3.599999999998545,-28.1,STOP_LOSS,2017-05
2017-05-08 10:45:00+05:30,2017-05-08 15:20:00+05:30,long,9328.75,9312.4,9300.76375,8.399999999999636,-16.35,EOD_EXIT,2017-05
2017-05-11 09:55:00+05:30,2017-05-11 15:20:00+05:30,long,9436.25,9412.1,9407.94125,12.799999999999272,-24.15,EOD_EXIT,2017-05
2017-05-15 10:15:00+05:30,2017-05-15 15:20:00+05:30,long,9441.8,9443.65,9413.4746,5.700000000000728,1.85,EOD_EXIT,2017-05
2017-05-17 09:45:00+05:30,2017-05-17 15:20:00+05:30,long,9509.85,9522.7,9481.320450000001,21.5,12.85,EOD_EXIT,2017-05
2017-05-19 11:30:00+05:30,2017-05-19 15:20:00+05:30,short,9432.75,9430.9,9436.697231403125,35.350000000000364,1.85,EOD_EXIT,2017-05
2017-05-23 09:45:00+05:30,2017-05-23 13:05:00+05:30,short,9384.15,9414.4,9412.30245,6.649999999999636,-30.25,STOP_LOSS,2017-05
2017-05-24 09:50:00+05:30,2017-05-24 10:25:00+05:30,short,9390.45,9421.65,9418.621350000001,0.0,-31.2,STOP_LOSS,2017-05
2017-06-01 10:00:00+05:30,2017-06-01 15:20:00+05:30,short,9612.6,9616.65,9641.4378,19.450000000000728,-4.05,EOD_EXIT,2017-06
2017-06-05 11:20:00+05:30,2017-06-05 15:20:00+05:30,long,9677.75,9675.5,9648.71675,7.149999999999636,-2.25,EOD_EXIT,2017-06
2017-06-09 09:40:00+05:30,2017-06-09 14:15:00+05:30,short,9615.25,9647.0,9644.09575,0.6000000000003638,-31.75,STOP_LOSS,2017-06
2017-06-14 09:45:00+05:30,2017-06-14 15:20:00+05:30,short,9599.35,9616.7,9628.14805,13.700000000000728,-17.35,EOD_EXIT,2017-06
2017-06-19 10:15:00+05:30,2017-06-19 15:20:00+05:30,long,9627.05,9656.1,9598.16885,42.25,29.05,EOD_EXIT,2017-06
2017-06-21 10:20:00+05:30,2017-06-21 15:20:00+05:30,short,9619.8,9634.35,9648.659399999999,9.949999999998909,-14.55,EOD_EXIT,2017-06
2017-06-23 10:30:00+05:30,2017-06-23 15:20:00+05:30,short,9594.8,9572.6,9623.5844,26.5,22.2,EOD_EXIT,2017-06
2017-06-29 11:05:00+05:30,2017-06-29 12:55:00+05:30,long,9556.55,9527.15,9527.88035,13.200000000000728,-29.4,STOP_LOSS,2017-06
2017-06-30 10:45:00+05:30,2017-06-30 14:35:00+05:30,short,9482.2,9513.75,9510.6466,7.350000000000364,-31.55,STOP_LOSS,2017-06
2017-07-04 09:40:00+05:30,2017-07-04 10:40:00+05:30,long,9637.5,9606.9,9608.5875,6.850000000000364,-30.6,STOP_LOSS,2017-07
2017-07-06 10:25:00+05:30,2017-07-06 15:20:00+05:30,long,9671.6,9671.45,9642.5852,27.899999999999636,-0.15,EOD_EXIT,2017-07
2017-07-10 11:05:00+05:30,2017-07-10 15:20:00+05:30,long,9719.3,9766.35,9690.1421,60.30000000000109,47.05,EOD_EXIT,2017-07
2017-07-12 09:55:00+05:30,2017-07-12 15:20:00+05:30,short,9806.8,9819.6,9836.2204,15.949999999998909,-12.8,EOD_EXIT,2017-07
2017-07-17 09:50:00+05:30,2017-07-17 15:20:00+05:30,long,9912.65,9915.6,9882.912049999999,12.200000000000728,2.95,EOD_EXIT,2017-07
2017-07-20 10:30:00+05:30,2017-07-20 12:50:00+05:30,long,9901.25,9869.8,9871.54625,7.75,-31.45,STOP_LOSS,2017-07
2017-07-21 12:50:00+05:30,2017-07-21 14:35:00+05:30,short,9873.55,9904.15,9903.17065,26.099999999998545,-30.6,STOP_LOSS,2017-07
2017-07-25 13:15:00+05:30,2017-07-25 15:20:00+05:30,short,9952.35,9960.5,9982.20705,0.0,-8.15,EOD_EXIT,2017-07
2017-07-27 09:55:00+05:30,2017-07-27 12:50:00+05:30,long,10095.9,10063.15,10065.612299999999,17.899999999999636,-32.75,STOP_LOSS,2017-07
2017-07-31 09:55:00+05:30,2017-07-31 15:20:00+05:30,long,10041.55,10084.95,10011.42535,43.400000000001455,43.4,EOD_EXIT,2017-07
2017-08-03 11:05:00+05:30,2017-08-03 15:20:00+05:30,short,10036.25,10007.15,10066.35875,29.100000000000364,29.1,EOD_EXIT,2017-08
2017-08-07 10:15:00+05:30,2017-08-07 15:20:00+05:30,long,10075.3,10053.6,10045.0741,9.050000000001091,-21.7,EOD_EXIT,2017-08
2017-08-09 10:45:00+05:30,2017-08-09 15:00:00+05:30,short,9949.0,9923.55,9978.847,33.04999999999927,25.45,ST_TOUCH,2017-08
2017-08-16 12:20:00+05:30,2017-08-16 15:20:00+05:30,long,9817.65,9899.4,9788.197049999999,81.75,81.75,EOD_EXIT,2017-08
2017-08-18 10:30:00+05:30,2017-08-18 14:15:00+05:30,short,9836.85,9813.3,9866.360550000001,48.0,23.55,ST_TOUCH,2017-08
2017-08-21 12:50:00+05:30,2017-08-21 15:20:00+05:30,short,9825.95,9749.7,9855.42785,77.5,76.25,EOD_EXIT,2017-08
2017-08-24 11:15:00+05:30,2017-08-24 15:20:00+05:30,long,9861.75,9854.7,9832.16475,13.899999999999636,-7.05,EOD_EXIT,2017-08
2017-08-31 10:35:00+05:30,2017-08-31 14:45:00+05:30,short,9866.6,9907.05,9896.1998,8.25,-40.45,STOP_LOSS,2017-08
2017-09-05 10:00:00+05:30,2017-09-05 12:15:00+05:30,long,9946.5,9907.0,9916.6605,0.0,-39.5,STOP_LOSS,2017-09
2017-09-11 10:00:00+05:30,2017-09-11 15:00:00+05:30,long,9985.15,10012.0,9955.19455,41.149999999999636,26.85,ST_TOUCH,2017-09
2017-09-14 11:55:00+05:30,2017-09-14 15:20:00+05:30,short,10077.65,10082.95,10107.88295,3.899999999999636,-5.3,EOD_EXIT,2017-09
2017-09-21 10:00:00+05:30,2017-09-21 14:15:00+05:30,short,10106.65,10119.25,10116.97498769159,40.0,-12.6,STOP_LOSS,2017-09
2017-09-25 10:10:00+05:30,2017-09-25 10:35:00+05:30,short,9856.6,9886.55,9886.1698,11.600000000000364,-29.95,STOP_LOSS,2017-09
2017-09-26 10:40:00+05:30,2017-09-26 13:30:00+05:30,short,9832.95,9867.4,9862.44885,15.150000000001455,-34.45,STOP_LOSS,2017-09
2017-09-27 10:25:00+05:30,2017-09-27 15:20:00+05:30,short,9826.95,9738.7,9856.43085,100.35000000000036,88.25,EOD_EXIT,2017-09
2017-09-28 13:00:00+05:30,2017-09-28 14:05:00+05:30,short,9712.0,9745.85,9741.136,7.75,-33.85,STOP_LOSS,2017-09
2017-10-04 09:55:00+05:30,2017-10-04 14:00:00+05:30,long,9886.55,9908.05,9856.89035,36.95000000000073,21.5,ST_TOUCH,2017-10
2017-10-09 09:50:00+05:30,2017-10-09 12:25:00+05:30,long,10005.95,9973.6,9975.93215,8.799999999999272,-32.35,STOP_LOSS,2017-10
2017-10-10 09:45:00+05:30,2017-10-10 15:20:00+05:30,long,10016.55,10013.6,9986.500349999998,14.450000000000728,-2.95,EOD_EXIT,2017-10
2017-10-12 11:40:00+05:30,2017-10-12 15:20:00+05:30,long,10032.45,10100.9,10002.35265,68.44999999999891,68.45,EOD_EXIT,2017-10
2017-10-17 09:55:00+05:30,2017-10-17 15:20:00+05:30,long,10228.0,10234.3,10197.316,19.450000000000728,6.3,EOD_EXIT,2017-10
2017-10-23 10:10:00+05:30,2017-10-23 13:45:00+05:30,short,10167.1,10144.95,10197.6013,38.05000000000109,22.15,ST_TOUCH,2017-10
2017-10-25 12:50:00+05:30,2017-10-25 15:20:00+05:30,long,10274.2,10292.1,10273.808626645367,35.04999999999927,17.9,EOD_EXIT,2017-10
2017-10-26 12:20:00+05:30,2017-10-26 15:20:00+05:30,long,10310.55,10341.8,10296.908971409457,42.650000000001455,31.25,EOD_EXIT,2017-10
2017-10-31 10:25:00+05:30,2017-10-31 15:20:00+05:30,short,10344.3,10336.2,10375.3329,19.549999999999272,8.1,EOD_EXIT,2017-10
2017-11-02 12:20:00+05:30,2017-11-02 15:20:00+05:30,short,10422.5,10423.9,10453.7675,6.299999999999272,-1.4,EOD_EXIT,2017-11
2017-11-06 12:50:00+05:30,2017-11-06 15:20:00+05:30,long,10475.65,10432.4,10444.22305,10.450000000000728,-43.25,EOD_EXIT,2017-11
2017-11-07 11:15:00+05:30,2017-11-07 15:20:00+05:30,short,10416.8,10346.8,10425.57155878718,72.5,70.0,EOD_EXIT,2017-11
2017-11-09 12:05:00+05:30,2017-11-09 15:20:00+05:30,short,10302.6,10319.25,10333.507800000001,30.55000000000109,-16.65,EOD_EXIT,2017-11
2017-11-13 11:35:00+05:30,2017-11-13 15:20:00+05:30,short,10260.6,10221.9,10291.381800000001,39.25,38.7,EOD_EXIT,2017-11
2017-11-15 09:40:00+05:30,2017-11-15 15:20:00+05:30,short,10151.1,10126.6,10181.5533,47.75,24.5,EOD_EXIT,2017-11
2017-11-21 09:50:00+05:30,2017-11-21 15:20:00+05:30,long,10333.55,10323.55,10302.54935,22.450000000000728,-10.0,EOD_EXIT,2017-11
2017-11-23 13:10:00+05:30,2017-11-23 14:40:00+05:30,short,10310.35,10351.9,10341.28105,0.0,-41.55,STOP_LOSS,2017-11
2017-11-27 10:40:00+05:30,2017-11-27 15:00:00+05:30,short,10358.9,10394.55,10389.9767,17.299999999999272,-35.65,STOP_LOSS,2017-11
2017-11-29 10:45:00+05:30,2017-11-29 15:20:00+05:30,short,10374.6,10348.25,10405.7238,26.350000000000364,26.35,EOD_EXIT,2017-11
2017-12-01 11:25:00+05:30,2017-12-01 15:20:00+05:30,short,10206.65,10121.3,10237.26995,90.19999999999891,85.35,EOD_EXIT,2017-12
2017-12-05 10:40:00+05:30,2017-12-05 14:05:00+05:30,short,10089.85,10123.25,10120.119550000001,9.450000000000728,-33.4,STOP_LOSS,2017-12
2017-12-08 09:45:00+05:30,2017-12-08 12:20:00+05:30,long,10231.15,10255.45,10200.456549999999,28.05000000000109,24.3,ST_TOUCH,2017-12
2017-12-11 09:50:00+05:30,2017-12-11 11:35:00+05:30,long,10320.8,10289.05,10289.837599999999,0.0,-31.75,STOP_LOSS,2017-12
2017-12-13 11:10:00+05:30,2017-12-13 13:55:00+05:30,long,10285.65,10248.05,10254.79305,6.700000000000728,-37.6,STOP_LOSS,2017-12
2017-12-15 09:40:00+05:30,2017-12-15 15:20:00+05:30,long,10364.65,10324.65,10333.55605,6.5,-40.0,EOD_EXIT,2017-12
2017-12-18 09:55:00+05:30,2017-12-18 13:15:00+05:30,long,10352.15,10404.8,10343.388662220941,89.70000000000073,52.65,ST_TOUCH,2017-12
2017-12-20 11:55:00+05:30,2017-12-20 15:00:00+05:30,long,10484.85,10446.5,10453.39545,0.0,-38.35,STOP_LOSS,2017-12
2017-12-27 10:25:00+05:30,2017-12-27 14:40:00+05:30,long,10538.35,10500.4,10506.73495,11.649999999999636,-37.95,STOP_LOSS,2017-12
2018-01-02 10:05:00+05:30,2018-01-02 10:35:00+05:30,short,10412.45,10444.4,10443.68735,0.0,-31.95,STOP_LOSS,2018-01
2018-01-03 10:00:00+05:30,2018-01-03 12:40:00+05:30,long,10497.7,10461.1,10466.206900000001,0.0,-36.6,STOP_LOSS,2018-01
2018-01-05 10:05:00+05:30,2018-01-05 11:35:00+05:30,long,10560.75,10528.8,10529.06775,0.0,-31.95,STOP_LOSS,2018-01
2018-01-08 09:40:00+05:30,2018-01-08 15:20:00+05:30,long,10615.95,10616.9,10584.10215,13.899999999999636,0.95,EOD_EXIT,2018-01
2018-01-10 09:40:00+05:30,2018-01-10 11:35:00+05:30,long,10637.75,10599.8,10605.83675,3.399999999999636,-37.95,STOP_LOSS,2018-01
2018-01-11 12:30:00+05:30,2018-01-11 15:20:00+05:30,long,10659.2,10654.85,10627.2224,3.4499999999989086,-4.35,EOD_EXIT,2018-01
2018-01-12 12:35:00+05:30,2018-01-12 13:40:00+05:30,short,10617.2,10650.05,10649.0516,14.800000000001091,-32.85,STOP_LOSS,2018-01
2018-01-18 10:30:00+05:30,2018-01-18 14:20:00+05:30,long,10874.15,10837.2,10841.527549999999,9.850000000000364,-36.95,STOP_LOSS,2018-01
2018-01-22 09:50:00+05:30,2018-01-22 15:20:00+05:30,long,10914.65,10966.9,10881.90605,52.80000000000109,52.25,EOD_EXIT,2018-01
2018-01-29 10:25:00+05:30,2018-01-29 14:25:00+05:30,long,11155.15,11120.2,11121.68455,11.25,-34.95,STOP_LOSS,2018-01
2018-01-31 10:45:00+05:30,2018-01-31 14:45:00+05:30,short,11024.65,11029.75,11029.178192065152,39.350000000000364,-5.1,STOP_LOSS,2018-01
2018-02-09 09:50:00+05:30,2018-02-09 12:30:00+05:30,short,10420.4,10451.8,10451.6612,14.75,-31.4,STOP_LOSS,2018-02
2018-02-14 09:45:00+05:30,2018-02-14 15:10:00+05:30,long,10546.55,10503.45,10514.91035,19.100000000000364,-43.1,STOP_LOSS,2018-02
2018-02-16 09:55:00+05:30,2018-02-16 15:20:00+05:30,short,10568.9,10454.5,10575.311984510477,129.5,114.4,EOD_EXIT,2018-02
2018-02-20 11:00:00+05:30,2018-02-20 14:55:00+05:30,long,10400.9,10360.9,10369.6973,20.149999999999636,-40.0,STOP_LOSS,2018-02
2018-02-23 11:25:00+05:30,2018-02-23 15:20:00+05:30,long,10435.3,10496.45,10403.9941,61.150000000001455,61.15,EOD_EXIT,2018-02
2018-02-27 10:20:00+05:30,2018-02-27 15:20:00+05:30,short,10554.65,10554.9,10586.31395,11.699999999998909,-0.25,EOD_EXIT,2018-02
2018-03-05 10:55:00+05:30,2018-03-05 15:20:00+05:30,short,10349.55,10361.05,10380.59865,24.299999999999272,-11.5,EOD_EXIT,2018-03
2018-03-07 10:05:00+05:30,2018-03-07 15:20:00+05:30,short,10222.05,10165.5,10225.590376692939,76.14999999999964,56.55,EOD_EXIT,2018-03
2018-03-08 12:35:00+05:30,2018-03-08 13:10:00+05:30,long,10219.75,10186.6,10189.09075,0.0,-33.15,STOP_LOSS,2018-03
2018-03-15 10:00:00+05:30,2018-03-15 11:10:00+05:30,long,10415.4,10383.95,10384.1538,1.1499999999996362,-31.45,STOP_LOSS,2018-03
2018-03-16 10:55:00+05:30,2018-03-16 15:20:00+05:30,short,10298.65,10205.55,10329.54595,112.85000000000036,93.1,EOD_EXIT,2018-03
2018-03-20 12:05:00+05:30,2018-03-20 13:15:00+05:30,long,10149.85,10116.05,10119.400450000001,1.6999999999989086,-33.8,STOP_LOSS,2018-03
2018-03-21 09:55:00+05:30,2018-03-21 12:30:00+05:30,long,10209.35,10178.6,10178.721950000001,16.299999999999272,-30.75,STOP_LOSS,2018-03
2018-03-22 12:30:00+05:30,2018-03-22 15:20:00+05:30,short,10149.6,10109.0,10149.804049144928,40.600000000000364,40.6,EOD_EXIT,2018-03
2018-03-27 10:20:00+05:30,2018-03-27 15:20:00+05:30,long,10174.4,10182.8,10143.8768,29.899999999999636,8.4,EOD_EXIT,2018-03
2018-04-02 13:10:00+05:30,2018-04-02 15:20:00+05:30,long,10175.1,10213.5,10144.574700000001,42.600000000000364,38.4,EOD_EXIT,2018-04
2018-04-04 09:40:00+05:30,2018-04-04 12:55:00+05:30,long,10257.1,10226.25,10226.3287,19.899999999999636,-30.85,STOP_LOSS,2018-04
2018-04-09 09:45:00+05:30,2018-04-09 15:20:00+05:30,long,10381.15,10366.5,10350.00655,13.399999999999636,-14.65,EOD_EXIT,2018-04
2018-04-11 10:25:00+05:30,2018-04-11 13:15:00+05:30,short,10364.6,10397.5,10395.693800000001,0.0,-32.9,STOP_LOSS,2018-04
2018-04-16 10:50:00+05:30,2018-04-16 13:30:00+05:30,short,10463.4,10499.1,10494.7902,7.699999999998909,-35.7,STOP_LOSS,2018-04
2018-04-18 10:15:00+05:30,2018-04-18 15:00:00+05:30,long,10562.0,10513.6,10530.314,28.700000000000728,-48.4,STOP_LOSS,2018-04
2018-04-23 09:40:00+05:30,2018-04-23 14:15:00+05:30,long,10566.45,10606.75,10534.75065,67.64999999999964,40.3,ST_TOUCH,2018-04
2018-04-27 10:00:00+05:30,2018-04-27 15:20:00+05:30,long,10700.75,10694.4,10668.64775,15.600000000000364,-6.35,EOD_EXIT,2018-04
2018-05-03 09:55:00+05:30,2018-05-03 15:20:00+05:30,short,10684.0,10670.3,10716.052,32.149999999999636,13.7,EOD_EXIT,2018-05
2018-05-09 13:05:00+05:30,2018-05-09 15:20:00+05:30,long,10754.05,10742.9,10721.787849999999,9.200000000000728,-11.15,EOD_EXIT,2018-05
2018-05-10 12:55:00+05:30,2018-05-10 15:20:00+05:30,short,10718.85,10716.35,10751.00655,7.550000000001091,2.5,EOD_EXIT,2018-05
2018-05-14 13:30:00+05:30,2018-05-14 15:05:00+05:30,short,10777.85,10812.9,10810.18355,0.0,-35.05,STOP_LOSS,2018-05
2018-05-16 09:40:00+05:30,2018-05-16 11:25:00+05:30,short,10716.2,10752.9,10748.348600000001,7.450000000000728,-36.7,STOP_LOSS,2018-05
2018-05-17 09:40:00+05:30,2018-05-17 14:30:00+05:30,short,10742.15,10719.4,10774.37645,42.19999999999891,22.75,ST_TOUCH,2018-05
2018-05-18 11:05:00+05:30,2018-05-18 15:20:00+05:30,short,10652.85,10595.8,10684.80855,60.95000000000073,57.05,EOD_EXIT,2018-05
2018-05-23 10:00:00+05:30,2018-05-23 15:20:00+05:30,short,10496.6,10429.95,10528.0898,75.20000000000073,66.65,EOD_EXIT,2018-05
2018-05-24 12:15:00+05:30,2018-05-24 15:20:00+05:30,long,10476.45,10524.5,10445.02065,48.04999999999927,48.05,EOD_EXIT,2018-05
2018-05-29 13:05:00+05:30,2018-05-29 15:20:00+05:30,short,10654.8,10631.6,10686.7644,36.399999999999636,23.2,EOD_EXIT,2018-05
2018-05-30 13:05:00+05:30,2018-05-30 14:00:00+05:30,long,10632.7,10598.05,10600.8019,11.849999999998545,-34.65,STOP_LOSS,2018-05
2018-05-31 10:30:00+05:30,2018-05-31 15:20:00+05:30,long,10636.35,10739.25,10604.44095,103.64999999999964,102.9,EOD_EXIT,2018-05
2018-06-04 13:30:00+05:30,2018-06-04 15:20:00+05:30,short,10655.15,10623.9,10663.229092111913,31.25,31.25,EOD_EXIT,2018-06
2018-06-06 09:50:00+05:30,2018-06-06 14:40:00+05:30,long,10623.95,10644.95,10622.773911916636,47.69999999999891,21.0,ST_TOUCH,2018-06
2018-06-07 10:30:00+05:30,2018-06-07 13:45:00+05:30,long,10773.65,10796.9,10741.32905,39.399999999999636,23.25,ST_TOUCH,2018-06
2018-06-11 11:55:00+05:30,2018-06-11 15:05:00+05:30,long,10828.5,10791.6,10796.0145,18.600000000000364,-36.9,STOP_LOSS,2018-06
2018-06-12 10:30:00+05:30,2018-06-12 15:20:00+05:30,long,10838.0,10852.3,10805.486,15.299999999999272,14.3,EOD_EXIT,2018-06
2018-06-14 09:40:00+05:30,2018-06-14 13:15:00+05:30,short,10815.5,10794.75,10847.9465,39.54999999999927,20.75,ST_TOUCH,2018-06
2018-06-15 13:05:00+05:30,2018-06-15 15:00:00+05:30,short,10770.75,10812.5,10803.06225,11.700000000000728,-41.75,STOP_LOSS,2018-06
2018-06-19 09:50:00+05:30,2018-06-19 14:05:00+05:30,short,10748.65,10723.75,10780.89595,37.850000000000364,24.9,ST_TOUCH,2018-06
2018-06-22 09:40:00+05:30,2018-06-22 13:10:00+05:30,short,10723.4,10762.4,10755.5702,9.75,-39.0,STOP_LOSS,2018-06
2018-06-26 10:00:00+05:30,2018-06-26 14:55:00+05:30,short,10768.4,10804.75,10800.7052,9.649999999999636,-36.35,STOP_LOSS,2018-06
2018-06-27 11:20:00+05:30,2018-06-27 15:20:00+05:30,short,10747.1,10657.95,10779.3413,89.14999999999964,89.15,EOD_EXIT,2018-06
2018-06-29 10:10:00+05:30,2018-06-29 15:20:00+05:30,long,10649.8,10716.45,10617.8506,68.55000000000109,66.65,EOD_EXIT,2018-06
2018-07-03 09:40:00+05:30,2018-07-03 13:25:00+05:30,long,10670.25,10690.95,10669.363324388487,40.350000000000364,20.7,ST_TOUCH,2018-07
2018-07-04 13:20:00+05:30,2018-07-04 15:20:00+05:30,long,10732.65,10771.85,10700.45205,40.30000000000109,39.2,EOD_EXIT,2018-07
2018-07-16 10:15:00+05:30,2018-07-16 15:20:00+05:30,short,10991.35,10939.2,11024.324050000001,57.899999999999636,52.15,EOD_EXIT,2018-07
2018-07-19 13:30:00+05:30,2018-07-19 15:20:00+05:30,short,10950.35,10964.7,10983.20105,10.399999999999636,-14.35,EOD_EXIT,2018-07
2018-07-20 10:10:00+05:30,2018-07-20 15:20:00+05:30,long,11006.7,11008.5,10973.679900000001,14.449999999998909,1.8,EOD_EXIT,2018-07
2018-07-24 10:20:00+05:30,2018-07-24 12:35:00+05:30,long,11135.25,11095.3,11101.84425,6.5,-39.95,STOP_LOSS,2018-07
2018-07-25 12:35:00+05:30,2018-07-25 15:20:00+05:30,long,11151.3,11117.65,11117.846099999999,0.7000000000007276,-33.65,EOD_EXIT,2018-07
2018-07-27 10:15:00+05:30,2018-07-27 15:20:00+05:30,long,11250.6,11275.15,11216.8482,29.600000000000364,24.55,EOD_EXIT,2018-07
2018-07-30 13:20:00+05:30,2018-07-30 15:20:00+05:30,long,11307.15,11314.2,11273.22855,18.5,7.05,EOD_EXIT,2018-07
2018-07-31 10:20:00+05:30,2018-07-31 14:15:00+05:30,short,11280.85,11321.25,11314.69255,10.950000000000728,-40.4,STOP_LOSS,2018-07
2018-08-02 11:05:00+05:30,2018-08-02 15:20:00+05:30,short,11276.0,11238.4,11276.254657912701,37.600000000000364,37.6,EOD_EXIT,2018-08
2018-08-08 10:55:00+05:30,2018-08-08 15:20:00+05:30,long,11428.8,11456.75,11394.513599999998,27.950000000000728,27.95,EOD_EXIT,2018-08
2018-08-10 10:40:00+05:30,2018-08-10 15:20:00+05:30,short,11441.05,11424.45,11475.37315,17.649999999999636,16.6,EOD_EXIT,2018-08
2018-08-23 10:30:00+05:30,2018-08-23 15:20:00+05:30,short,11557.7,11581.4,11592.3731,5.25,-23.7,EOD_EXIT,2018-08
2018-08-24 11:30:00+05:30,2018-08-24 15:20:00+05:30,short,11563.65,11557.55,11598.34095,30.899999999999636,6.1,EOD_EXIT,2018-08
2018-08-30 10:00:00+05:30,2018-08-30 15:20:00+05:30,short,11660.45,11684.9,11695.43135,9.800000000001091,-24.45,EOD_EXIT,2018-08
2018-08-31 12:15:00+05:30,2018-08-31 15:20:00+05:30,short,11656.8,11679.35,11691.7704,11.699999999998909,-22.55,EOD_EXIT,2018-08
2018-09-04 10:25:00+05:30,2018-09-04 15:20:00+05:30,short,11569.35,11516.7,11578.335910889286,67.64999999999964,52.65,EOD_EXIT,2018-09
2018-09-06 09:40:00+05:30,2018-09-06 12:40:00+05:30,long,11496.95,11458.05,11462.45915,23.049999999999272,-38.9,STOP_LOSS,2018-09
2018-09-07 09:50:00+05:30,2018-09-07 15:20:00+05:30,long,11519.85,11582.75,11518.259999460728,79.14999999999964,62.9,EOD_EXIT,2018-09
2018-09-12 09:40:00+05:30,2018-09-12 10:40:00+05:30,short,11288.1,11322.85,11321.9643,21.600000000000364,-34.75,STOP_LOSS,2018-09
2018-09-14 09:45:00+05:30,2018-09-14 12:35:00+05:30,long,11443.2,11463.55,11408.870400000002,22.349999999998545,20.35,ST_TOUCH,2018-09
2018-09-19 09:40:00+05:30,2018-09-19 10:30:00+05:30,short,11289.75,11324.0,11323.61925,6.5,-34.25,STOP_LOSS,2018-09
2018-09-19 12:55:00+05:30,2018-09-19 14:55:00+05:30,short,11285.15,11251.25,11285.744505521629,70.0,33.9,TRAILING_PROFIT,2018-09
2018-09-21 12:35:00+05:30,2018-09-21 13:10:00+05:30,short,11212.8,11106.9,11229.988916629902,335.4499999999989,105.9,ST_TOUCH,2018-09
2018-09-24 11:30:00+05:30,2018-09-24 12:50:00+05:30,short,11040.0,11002.2,11045.430919395845,79.35000000000036,37.8,TRAILING_PROFIT,2018-09
2018-09-26 10:00:00+05:30,2018-09-26 10:30:00+05:30,long,11094.95,11050.8,11061.66515,0.0,-44.15,STOP_LOSS,2018-09
2018-09-27 13:20:00+05:30,2018-09-27 15:20:00+05:30,short,10976.05,10982.9,11008.978149999999,4.75,-6.85,EOD_EXIT,2018-09
2018-10-01 11:25:00+05:30,2018-10-01 12:40:00+05:30,short,10838.3,10875.4,10870.8149,7.0,-37.1,STOP_LOSS,2018-10
2018-10-04 10:15:00+05:30,2018-10-04 12:25:00+05:30,short,10669.7,10641.45,10671.351101842194,70.15000000000146,28.25,TRAILING_PROFIT,2018-10
2018-10-05 10:10:00+05:30,2018-10-05 14:05:00+05:30,short,10477.0,10453.65,10478.951721227166,64.85000000000036,23.35,ST_TOUCH,2018-10
2018-10-10 10:45:00+05:30,2018-10-10 15:20:00+05:30,long,10440.8,10459.85,10437.443208558325,36.650000000001455,19.05,EOD_EXIT,2018-10
2018-10-11 12:50:00+05:30,2018-10-11 14:05:00+05:30,long,10311.4,10265.95,10280.4658,12.550000000001091,-45.45,STOP_LOSS,2018-10
2018-10-15 12:25:00+05:30,2018-10-15 13:55:00+05:30,long,10474.4,10459.7,10472.14815527757,45.20000000000073,-14.7,STOP_LOSS,2018-10
2018-10-16 10:10:00+05:30,2018-10-16 12:05:00+05:30,long,10588.7,10547.4,10556.9339,12.449999999998909,-41.3,STOP_LOSS,2018-10
2018-10-17 10:10:00+05:30,2018-10-17 10:30:00+05:30,long,10646.55,10612.45,10614.610349999999,0.0,-34.1,STOP_LOSS,2018-10
2018-10-17 13:25:00+05:30,2018-10-17 14:40:00+05:30,short,10536.45,10511.6,10543.478761854616,60.850000000000364,24.85,TRAILING_PROFIT,2018-10
2018-10-23 10:05:00+05:30,2018-10-23 10:15:00+05:30,short,10184.7,10216.95,10215.2541,0.0,-32.25,STOP_LOSS,2018-10
2018-10-31 09:40:00+05:30,2018-10-31 11:05:00+05:30,short,10192.9,10158.6,10199.831698752698,75.29999999999927,34.3,TRAILING_PROFIT,2018-10
2018-10-31 12:35:00+05:30,2018-10-31 15:20:00+05:30,long,10245.85,10381.25,10243.116437578288,143.35000000000036,135.4,EOD_EXIT,2018-10
2018-11-02 09:55:00+05:30,2018-11-02 14:10:00+05:30,long,10528.7,10569.15,10522.337796234653,70.44999999999891,40.45,ST_TOUCH,2018-11
2018-11-13 09:50:00+05:30,2018-11-13 13:25:00+05:30,short,10485.85,10517.75,10517.30755,23.200000000000728,-31.9,STOP_LOSS,2018-11
2018-11-15 11:35:00+05:30,2018-11-15 15:20:00+05:30,long,10618.85,10602.95,10586.99345,22.100000000000364,-15.9,EOD_EXIT,2018-11
2018-11-19 09:55:00+05:30,2018-11-19 15:20:00+05:30,long,10707.2,10772.4,10675.0784,65.19999999999891,65.2,EOD_EXIT,2018-11
2018-11-26 10:10:00+05:30,2018-11-26 12:25:00+05:30,short,10540.45,10519.8,10572.07135,47.0,20.65,ST_TOUCH,2018-11
2018-11-28 09:45:00+05:30,2018-11-28 15:20:00+05:30,long,10734.6,10718.15,10702.396200000001,21.149999999999636,-16.45,EOD_EXIT,2018-11
2018-12-03 09:45:00+05:30,2018-12-03 11:30:00+05:30,long,10920.65,10877.8,10887.88805,2.350000000000364,-42.85,STOP_LOSS,2018-12
2018-12-07 12:55:00+05:30,2018-12-07 14:40:00+05:30,short,10628.05,10672.6,10659.93415,19.649999999999636,-44.55,STOP_LOSS,2018-12
2018-12-11 11:10:00+05:30,2018-12-11 12:00:00+05:30,long,10454.05,10477.3,10443.494946784875,63.900000000001455,23.25,TRAILING_PROFIT,2018-12
2018-12-17 10:10:00+05:30,2018-12-17 15:20:00+05:30,long,10860.4,10889.2,10827.8188,34.350000000000364,28.8,EOD_EXIT,2018-12
2018-12-19 09:55:00+05:30,2018-12-19 15:20:00+05:30,long,10955.5,10960.3,10922.6335,26.700000000000728,4.8,EOD_EXIT,2018-12
2018-12-21 11:40:00+05:30,2018-12-21 15:20:00+05:30,short,10823.7,10747.0,10835.437808819086,76.70000000000073,76.7,EOD_EXIT,2018-12
2018-12-26 09:40:00+05:30,2018-12-26 12:00:00+05:30,short,10552.05,10584.7,10583.70615,14.699999999998909,-32.65,STOP_LOSS,2018-12
2018-12-26 13:30:00+05:30,2018-12-26 15:20:00+05:30,long,10652.1,10737.25,10637.39860205938,88.19999999999891,85.15,EOD_EXIT,2018-12
2019-01-01 09:55:00+05:30,2019-01-01 14:25:00+05:30,short,10822.3,10856.55,10854.766899999999,13.349999999998545,-34.25,STOP_LOSS,2019-01
2019-01-03 11:10:00+05:30,2019-01-03 15:20:00+05:30,short,10752.95,10667.35,10754.046202783646,85.60000000000036,85.6,EOD_EXIT,2019-01
2019-01-04 12:35:00+05:30,2019-01-04 14:10:00+05:30,long,10723.95,10670.45,10691.77815,12.75,-53.5,STOP_LOSS,2019-01
2019-01-07 09:55:00+05:30,2019-01-07 14:50:00+05:30,long,10807.55,10770.85,10775.127349999999,20.450000000000728,-36.7,STOP_LOSS,2019-01
2019-01-09 10:25:00+05:30,2019-01-09 12:25:00+05:30,long,10859.15,10822.1,10826.572549999999,0.0,-37.05,STOP_LOSS,2019-01
2019-01-10 09:40:00+05:30,2019-01-10 15:20:00+05:30,long,10837.6,10817.2,10805.0872,17.94999999999891,-20.4,EOD_EXIT,2019-01
2019-01-11 12:00:00+05:30,2019-01-11 15:00:00+05:30,short,10767.8,10805.0,10800.1034,24.799999999999272,-37.2,STOP_LOSS,2019-01
2019-01-15 10:30:00+05:30,2019-01-15 15:20:00+05:30,long,10825.7,10895.25,10793.2229,69.54999999999927,69.55,EOD_EXIT,2019-01
2019-01-21 09:40:00+05:30,2019-01-21 14:40:00+05:30,long,10953.1,10977.5,10952.189288902518,30.69999999999891,24.4,ST_TOUCH,2019-01
2019-01-24 10:00:00+05:30,2019-01-24 15:10:00+05:30,short,10824.75,10859.4,10857.22425,21.299999999999272,-34.65,STOP_LOSS,2019-01
2019-01-28 10:35:00+05:30,2019-01-28 14:30:00+05:30,short,10705.6,10672.0,10705.791981906086,70.10000000000036,33.6,TRAILING_PROFIT,2019-01
2019-01-29 13:05:00+05:30,2019-01-29 15:15:00+05:30,short,10607.15,10659.8,10638.97145,21.350000000000364,-52.65,STOP_LOSS,2019-01
2019-02-04 10:35:00+05:30,2019-02-04 14:20:00+05:30,short,10845.2,10879.0,10877.7356,27.5,-33.8,STOP_LOSS,2019-02
2019-02-08 09:45:00+05:30,2019-02-08 13:35:00+05:30,short,11021.85,10991.55,11027.242816963964,68.64999999999964,30.3,ST_TOUCH,2019-02
2019-02-11 10:25:00+05:30,2019-02-11 14:20:00+05:30,short,10874.25,10906.95,10906.87275,7.75,-32.7,STOP_LOSS,2019-02
2019-02-14 09:55:00+05:30,2019-02-14 15:00:00+05:30,short,10757.1,10736.5,10789.3713,33.55000000000109,20.6,ST_TOUCH,2019-02
2019-02-18 11:05:00+05:30,2019-02-18 12:45:00+05:30,short,10645.05,10677.95,10676.985149999999,4.849999999998545,-32.9,STOP_LOSS,2019-02
2019-02-21 10:25:00+05:30,2019-02-21 14:40:00+05:30,long,10732.35,10772.65,10700.15295,71.25,40.3,ST_TOUCH,2019-02
2019-02-25 11:55:00+05:30,2019-02-25 15:20:00+05:30,long,10813.1,10882.15,10780.6607,72.29999999999927,69.05,EOD_EXIT,2019-02
2019-02-26 11:35:00+05:30,2019-02-26 14:50:00+05:30,long,10813.75,10846.1,10811.044118022499,67.25,32.35,ST_TOUCH,2019-02
2019-02-27 11:25:00+05:30,2019-02-27 13:35:00+05:30,short,10859.6,10811.7,10867.66683499064,97.64999999999964,47.9,TRAILING_PROFIT,2019-02
2019-02-28 12:30:00+05:30,2019-02-28 14:00:00+05:30,short,10800.1,10832.8,10832.5003,9.450000000000728,-32.7,STOP_LOSS,2019-02
2019-03-05 11:40:00+05:30,2019-03-05 15:20:00+05:30,long,10894.0,10990.25,10861.318,97.5,96.25,EOD_EXIT,2019-03
2019-03-08 09:40:00+05:30,2019-03-08 15:20:00+05:30,short,11022.1,11037.3,11055.1663,9.600000000000364,-15.2,EOD_EXIT,2019-03
2019-03-12 10:05:00+05:30,2019-03-12 15:20:00+05:30,long,11271.15,11290.85,11237.33655,47.20000000000073,19.7,EOD_EXIT,2019-03
2019-03-15 09:55:00+05:30,2019-03-15 15:20:00+05:30,long,11422.9,11430.3,11388.6313,57.55000000000109,7.4,EOD_EXIT,2019-03
2019-03-18 11:50:00+05:30,2019-03-18 15:10:00+05:30,short,11423.05,11461.05,11457.31915,6.649999999999636,-38.0,STOP_LOSS,2019-03
2019-03-22 11:15:00+05:30,2019-03-22 15:20:00+05:30,short,11495.4,11467.1,11504.11341384225,56.399999999999636,28.3,EOD_EXIT,2019-03
2019-03-26 09:40:00+05:30,2019-03-26 15:20:00+05:30,long,11394.3,11492.2,11360.1171,97.90000000000146,97.9,EOD_EXIT,2019-03
2019-04-02 09:55:00+05:30,2019-04-02 11:30:00+05:30,short,11661.15,11701.45,11696.13345,0.0,-40.3,STOP_LOSS,2019-04
2019-04-03 10:40:00+05:30,2019-04-03 14:05:00+05:30,long,11750.05,11704.85,11714.79985,4.25,-45.2,STOP_LOSS,2019-04
2019-04-08 11:50:00+05:30,2019-04-08 15:00:00+05:30,short,11623.25,11605.5,11627.210806897328,73.25,17.75,TRAILING_PROFIT,2019-04
2019-04-10 09:45:00+05:30,2019-04-10 11:35:00+05:30,long,11679.5,11644.25,11644.4615,0.0,-35.25,STOP_LOSS,2019-04
2019-04-11 09:50:00+05:30,2019-04-11 15:20:00+05:30,short,11590.9,11601.4,11625.6727,30.44999999999891,-10.5,EOD_EXIT,2019-04
2019-04-15 10:15:00+05:30,2019-04-15 15:20:00+05:30,long,11672.3,11690.65,11637.283099999999,29.700000000000728,18.35,EOD_EXIT,2019-04
2019-04-18 12:15:00+05:30,2019-04-18 14:15:00+05:30,short,11747.65,11788.85,11782.89295,0.0,-41.2,STOP_LOSS,2019-04
2019-04-22 10:05:00+05:30,2019-04-22 15:20:00+05:30,short,11648.45,11593.75,11683.39535,54.70000000000073,54.7,EOD_EXIT,2019-04
2019-04-25 09:55:00+05:30,2019-04-25 12:15:00+05:30,long,11747.0,11769.05,11711.759,45.79999999999927,22.05,ST_TOUCH,2019-04
2019-05-02 09:40:00+05:30,2019-05-02 12:05:00+05:30,long,11752.95,11746.8,11747.57571889731,31.099999999998545,-6.15,STOP_LOSS,2019-05
2019-05-06 10:05:00+05:30,2019-05-06 15:20:00+05:30,short,11616.2,11598.9,11616.334815467897,39.0,17.3,EOD_EXIT,2019-05
2019-05-08 09:55:00+05:30,2019-05-08 14:15:00+05:30,short,11427.55,11402.55,11461.832649999998,34.599999999998545,25.0,ST_TOUCH,2019-05
2019-05-09 13:00:00+05:30,2019-05-09 14:25:00+05:30,short,11282.7,11325.75,11316.5481,17.30000000000109,-43.05,STOP_LOSS,2019-05
2019-05-14 11:25:00+05:30,2019-05-14 13:15:00+05:30,short,11126.45,11169.25,11159.82935,12.100000000000364,-42.8,STOP_LOSS,2019-05
2019-05-15 10:55:00+05:30,2019-05-15 12:55:00+05:30,long,11275.55,11239.25,11241.723349999998,6.850000000000364,-36.3,STOP_LOSS,2019-05
2019-05-16 09:50:00+05:30,2019-05-16 13:50:00+05:30,short,11167.0,11205.5,11200.501,16.350000000000364,-38.5,STOP_LOSS,2019-05
2019-05-17 11:05:00+05:30,2019-05-17 13:05:00+05:30,long,11313.25,11334.55,11311.51300889079,38.20000000000073,21.3,ST_TOUCH,2019-05
2019-05-20 09:40:00+05:30,2019-05-20 15:20:00+05:30,long,11635.45,11828.6,11631.66393597079,201.79999999999927,193.15,EOD_EXIT,2019-05
2019-05-21 13:05:00+05:30,2019-05-21 15:20:00+05:30,short,11771.8,11711.7,11782.242778951528,86.34999999999854,60.1,EOD_EXIT,2019-05
2019-05-23 11:45:00+05:30,2019-05-23 12:45:00+05:30,short,11860.25,11829.25,11874.039364585053,66.60000000000036,31.0,TRAILING_PROFIT,2019-05
2019-05-24 13:05:00+05:30,2019-05-24 15:20:00+05:30,long,11812.6,11846.9,11796.64534143559,34.29999999999927,34.3,EOD_EXIT,2019-05
2019-05-30 10:15:00+05:30,2019-05-30 15:00:00+05:30,long,11926.1,11948.4,11890.3217,39.29999999999927,22.3,ST_TOUCH,2019-05
2019-05-31 11:55:00+05:30,2019-05-31 13:50:00+05:30,short,11941.75,11921.35,11949.590782606392,63.399999999999636,20.4,TRAILING_PROFIT,2019-05
2019-06-04 11:15:00+05:30,2019-06-04 13:00:00+05:30,short,12029.3,12067.4,12065.3879,5.099999999998545,-38.1,STOP_LOSS,2019-06
2019-06-06 10:05:00+05:30,2019-06-06 15:20:00+05:30,short,11960.85,11846.05,11965.527985112943,128.0500000000011,114.8,EOD_EXIT,2019-06
2019-06-10 09:50:00+05:30,2019-06-10 11:30:00+05:30,long,11948.6,11900.15,11912.754200000001,10.0,-48.45,STOP_LOSS,2019-06
2019-06-11 10:55:00+05:30,2019-06-11 15:00:00+05:30,long,11936.75,11960.25,11900.93975,58.70000000000073,23.5,ST_TOUCH,2019-06
2019-06-17 09:50:00+05:30,2019-06-17 15:20:00+05:30,short,11756.9,11667.3,11792.170699999999,92.44999999999891,89.6,EOD_EXIT,2019-06
2019-06-19 12:25:00+05:30,2019-06-19 15:00:00+05:30,short,11700.15,11667.4,11709.403834019406,74.39999999999964,32.75,TRAILING_PROFIT,2019-06
2019-06-20 10:10:00+05:30,2019-06-20 15:20:00+05:30,long,11723.8,11834.2,11722.362906991184,114.40000000000146,110.4,EOD_EXIT,2019-06
2019-06-25 13:30:00+05:30,2019-06-25 15:20:00+05:30,long,11761.55,11787.05,11759.819593994775,47.600000000000364,25.5,EOD_EXIT,2019-06
2019-06-27 10:05:00+05:30,2019-06-27 14:05:00+05:30,long,11882.9,11838.6,11847.2513,25.05000000000109,-44.3,STOP_LOSS,2019-06
2019-07-02 10:35:00+05:30,2019-07-02 13:05:00+05:30,short,11837.95,11873.75,11873.46385,16.05000000000109,-35.8,STOP_LOSS,2019-07
2019-07-08 10:10:00+05:30,2019-07-08 15:20:00+05:30,short,11684.7,11568.7,11692.868506721743,160.15000000000146,116.0,EOD_EXIT,2019-07
2019-07-09 11:50:00+05:30,2019-07-09 13:50:00+05:30,long,11554.95,11519.65,11520.285150000002,20.94999999999891,-35.3,STOP_LOSS,2019-07
2019-07-10 12:35:00+05:30,2019-07-10 15:20:00+05:30,short,11496.1,11493.35,11530.588300000001,14.600000000000364,2.75,EOD_EXIT,2019-07
2019-07-12 13:30:00+05:30,2019-07-12 14:40:00+05:30,long,11627.9,11580.1,11593.0163,3.850000000000364,-47.8,STOP_LOSS,2019-07
2019-07-16 09:45:00+05:30,2019-07-16 15:20:00+05:30,long,11621.65,11662.7,11586.78505,45.55000000000109,41.05,EOD_EXIT,2019-07
2019-07-19 09:50:00+05:30,2019-07-19 15:20:00+05:30,short,11538.95,11423.15,11544.589311536578,128.0,115.8,EOD_EXIT,2019-07
2019-07-24 09:55:00+05:30,2019-07-24 15:20:00+05:30,short,11261.4,11275.65,11295.1842,28.299999999999272,-14.25,EOD_EXIT,2019-07
2019-07-25 12:10:00+05:30,2019-07-25 14:30:00+05:30,short,11264.55,11300.05,11298.343649999999,16.399999999999636,-35.5,STOP_LOSS,2019-07
2019-07-29 09:55:00+05:30,2019-07-29 13:15:00+05:30,short,11241.85,11203.5,11241.892817973225,85.55000000000109,38.35,ST_TOUCH,2019-07
2019-07-31 10:30:00+05:30,2019-07-31 11:30:00+05:30,short,11021.8,11060.5,11054.865399999999,13.599999999998545,-38.7,STOP_LOSS,2019-07
2019-08-08 09:40:00+05:30,2019-08-08 10:05:00+05:30,short,10846.15,10880.25,10878.68845,0.0,-34.1,STOP_LOSS,2019-08
2019-08-09 11:00:00+05:30,2019-08-09 15:00:00+05:30,long,11141.75,11107.45,11108.32475,35.149999999999636,-34.3,STOP_LOSS,2019-08
2019-08-13 13:15:00+05:30,2019-08-13 15:20:00+05:30,short,11034.4,10910.6,11051.241987435402,123.79999999999927,123.8,EOD_EXIT,2019-08
2019-08-16 13:10:00+05:30,2019-08-16 15:20:00+05:30,long,11054.8,11043.25,11021.6356,13.100000000000364,-11.55,EOD_EXIT,2019-08
2019-08-20 09:40:00+05:30,2019-08-20 13:15:00+05:30,short,11056.45,11035.5,11060.603618960491,66.60000000000036,20.95,ST_TOUCH,2019-08
2019-08-21 12:05:00+05:30,2019-08-21 15:20:00+05:30,short,10950.25,10914.95,10958.304293265835,40.79999999999927,35.3,EOD_EXIT,2019-08
2019-08-23 10:30:00+05:30,2019-08-23 11:15:00+05:30,long,10764.7,10728.75,10732.405900000002,22.799999999999272,-35.95,STOP_LOSS,2019-08
2019-08-26 12:10:00+05:30,2019-08-26 15:20:00+05:30,long,10926.6,11059.4,10922.046902216855,138.25,132.8,EOD_EXIT,2019-08
2019-08-28 13:15:00+05:30,2019-08-28 15:00:00+05:30,short,11020.15,11055.45,11053.21045,27.25,-35.3,STOP_LOSS,2019-08
2019-09-04 10:35:00+05:30,2019-09-04 11:45:00+05:30,short,10777.6,10816.8,10809.9328,24.0,-39.2,STOP_LOSS,2019-09
2019-09-05 10:25:00+05:30,2019-09-05 11:30:00+05:30,long,10918.05,10883.55,10885.295849999999,0.0,-34.5,STOP_LOSS,2019-09
2019-09-05 13:00:00+05:30,2019-09-05 15:20:00+05:30,short,10828.65,10847.7,10861.13595,7.850000000000364,-19.05,EOD_EXIT,2019-09
2019-09-09 12:05:00+05:30,2019-09-09 13:45:00+05:30,long,11015.4,10974.3,10982.353799999999,12.899999999999636,-41.1,STOP_LOSS,2019-09
2019-09-13 09:45:00+05:30,2019-09-13 13:40:00+05:30,short,10973.9,11008.4,11006.8217,26.049999999999272,-34.5,STOP_LOSS,2019-09
2019-09-16 12:55:00+05:30,2019-09-16 15:20:00+05:30,short,10981.85,11004.7,11014.79555,11.399999999999636,-22.85,EOD_EXIT,2019-09
2019-09-19 09:50:00+05:30,2019-09-19 15:20:00+05:30,short,10767.75,10701.8,10769.43584584946,87.54999999999927,65.95,EOD_EXIT,2019-09
2019-09-30 09:40:00+05:30,2019-09-30 14:15:00+05:30,short,11423.35,11466.3,11457.62005,23.30000000000109,-42.95,STOP_LOSS,2019-09
2019-10-04 12:00:00+05:30,2019-10-04 12:20:00+05:30,short,11282.7,11327.15,11316.5481,9.450000000000728,-44.45,STOP_LOSS,2019-10
2019-10-09 11:50:00+05:30,2019-10-09 15:20:00+05:30,long,11184.1,11316.25,11177.631392306272,132.14999999999964,132.15,EOD_EXIT,2019-10
2019-10-15 12:10:00+05:30,2019-10-15 15:20:00+05:30,long,11420.7,11427.35,11418.45184610316,36.75,6.65,EOD_EXIT,2019-10
2019-10-17 10:05:00+05:30,2019-10-17 15:20:00+05:30,long,11478.15,11583.4,11475.98058991124,118.0,105.25,EOD_EXIT,2019-10
2019-10-23 09:50:00+05:30,2019-10-23 10:05:00+05:30,short,11572.8,11621.4,11607.518399999999,0.0,-48.6,STOP_LOSS,2019-10
2019-10-25 12:45:00+05:30,2019-10-25 14:10:00+05:30,short,11515.35,11551.2,11549.896050000001,13.649999999999636,-35.85,STOP_LOSS,2019-10
2019-11-01 09:40:00+05:30,2019-11-01 12:15:00+05:30,short,11883.95,11893.6,11891.780169085574,32.150000000001455,-9.65,STOP_LOSS,2019-11
2019-11-04 11:05:00+05:30,2019-11-04 11:45:00+05:30,long,11976.9,11934.7,11940.969299999999,5.450000000000728,-42.2,STOP_LOSS,2019-11
2019-11-05 11:55:00+05:30,2019-11-05 15:20:00+05:30,short,11908.05,11921.65,11943.77415,33.849999999998545,-13.6,EOD_EXIT,2019-11
2019-11-06 11:40:00+05:30,2019-11-06 15:05:00+05:30,long,11944.65,11964.7,11908.81605,54.80000000000109,20.05,ST_TOUCH,2019-11
2019-11-08 13:15:00+05:30,2019-11-08 13:30:00+05:30,long,12027.3,11982.55,11991.2181,1.3000000000010914,-44.75,STOP_LOSS,2019-11
2019-11-13 09:55:00+05:30,2019-11-13 13:25:00+05:30,long,11927.05,11882.25,11891.268849999999,3.150000000001455,-44.8,STOP_LOSS,2019-11
2019-11-15 11:10:00+05:30,2019-11-15 15:10:00+05:30,long,11930.1,11890.3,11894.3097,25.75,-39.8,STOP_LOSS,2019-11
2019-11-19 11:50:00+05:30,2019-11-19 15:20:00+05:30,long,11932.25,11956.1,11896.45325,23.850000000000364,23.85,EOD_EXIT,2019-11
2019-11-21 09:55:00+05:30,2019-11-21 15:20:00+05:30,short,11993.45,11966.6,12029.43035,26.850000000000364,26.85,EOD_EXIT,2019-11
2019-11-25 10:35:00+05:30,2019-11-25 15:20:00+05:30,long,11988.75,12081.55,11952.78375,92.79999999999927,92.8,EOD_EXIT,2019-11
2019-11-27 10:15:00+05:30,2019-11-27 12:15:00+05:30,long,12102.4,12061.25,12066.0928,0.0,-41.15,STOP_LOSS,2019-11
2019-11-28 09:55:00+05:30,2019-11-28 15:20:00+05:30,long,12118.35,12155.65,12081.99495,37.29999999999927,37.3,EOD_EXIT,2019-11
2019-12-03 10:35:00+05:30,2019-12-03 14:50:00+05:30,short,12014.35,11990.95,12050.39305,52.05000000000109,23.4,ST_TOUCH,2019-12
2019-12-04 12:55:00+05:30,2019-12-04 14:35:00+05:30,short,11952.0,11997.8,11987.856,11.399999999999636,-45.8,STOP_LOSS,2019-12
2019-12-06 11:45:00+05:30,2019-12-06 15:00:00+05:30,short,11964.75,11929.4,11964.839193211645,71.85000000000036,35.35,TRAILING_PROFIT,2019-12
2019-12-10 10:50:00+05:30,2019-12-10 15:20:00+05:30,short,11907.7,11858.15,11943.4231,60.600000000000364,49.55,EOD_EXIT,2019-12
2019-12-11 11:40:00+05:30,2019-12-11 15:05:00+05:30,short,11864.0,11913.8,11899.592,25.399999999999636,-49.8,STOP_LOSS,2019-12
2019-12-19 11:45:00+05:30,2019-12-19 15:20:00+05:30,long,12248.35,12261.55,12211.60495,17.850000000000364,13.2,EOD_EXIT,2019-12
2019-12-26 09:40:00+05:30,2019-12-26 15:20:00+05:30,short,12210.25,12125.7,12246.88075,88.45000000000073,84.55,EOD_EXIT,2019-12
2019-12-30 10:45:00+05:30,2019-12-30 11:30:00+05:30,long,12274.5,12235.35,12237.6765,0.0,-39.15,STOP_LOSS,2019-12
2020-01-03 12:00:00+05:30,2020-01-03 15:20:00+05:30,short,12218.3,12231.6,12254.954899999999,22.299999999999272,-13.3,EOD_EXIT,2020-01
2020-01-09 10:00:00+05:30,2020-01-09 13:50:00+05:30,long,12145.8,12190.6,12141.983503774958,67.20000000000073,44.8,ST_TOUCH,2020-01
2020-01-10 09:45:00+05:30,2020-01-10 13:00:00+05:30,long,12260.8,12286.65,12224.0176,48.05000000000109,25.85,ST_TOUCH,2020-01
2020-01-14 10:05:00+05:30,2020-01-14 15:20:00+05:30,long,12338.65,12358.7,12301.634049999999,28.75,20.05,EOD_EXIT,2020-01
2020-01-16 11:10:00+05:30,2020-01-16 13:55:00+05:30,short,12321.4,12359.95,12358.3642,0.0,-38.55,STOP_LOSS,2020-01
2020-01-20 10:35:00+05:30,2020-01-20 15:20:00+05:30,short,12285.5,12226.15,12322.3565,61.850000000000364,59.35,EOD_EXIT,2020-01
2020-01-22 11:45:00+05:30,2020-01-22 15:20:00+05:30,short,12124.3,12103.0,12160.6729,28.149999999999636,21.3,EOD_EXIT,2020-01
2020-01-23 13:00:00+05:30,2020-01-23 15:20:00+05:30,long,12166.5,12177.25,12130.0005,19.5,10.75,EOD_EXIT,2020-01
2020-01-27 09:50:00+05:30,2020-01-27 15:20:00+05:30,short,12182.1,12112.7,12183.742860219485,69.39999999999964,69.4,EOD_EXIT,2020-01
2020-01-30 10:00:00+05:30,2020-01-30 15:00:00+05:30,short,12074.4,12055.15,12076.157422134378,61.75,19.25,TRAILING_PROFIT,2020-01
2020-01-31 11:35:00+05:30,2020-01-31 12:45:00+05:30,short,11969.8,12007.85,12005.7094,4.599999999998545,-38.05,STOP_LOSS,2020-01
2020-02-01 12:55:00+05:30,2020-02-01 13:00:00+05:30,short,11895.5,11941.2,11931.1865,0.0,-45.7,STOP_LOSS,2020-02
2020-02-04 10:15:00+05:30,2020-02-04 15:20:00+05:30,long,11862.65,11978.55,11861.465610708128,120.10000000000036,115.9,EOD_EXIT,2020-02
2020-02-06 09:40:00+05:30,2020-02-06 10:10:00+05:30,long,12150.85,12113.35,12114.39745,0.0,-37.5,STOP_LOSS,2020-02
2020-02-06 12:55:00+05:30,2020-02-06 13:55:00+05:30,long,12158.2,12115.0,12121.725400000001,0.5,-43.2,STOP_LOSS,2020-02
2020-02-11 12:35:00+05:30,2020-02-11 15:20:00+05:30,long,12135.0,12105.85,12098.595,12.549999999999272,-29.15,EOD_EXIT,2020-02
2020-02-14 10:50:00+05:30,2020-02-14 15:20:00+05:30,short,12147.05,12113.0,12150.408841785133,50.0,34.05,EOD_EXIT,2020-02
2020-02-17 13:15:00+05:30,2020-02-17 15:20:00+05:30,short,12053.4,12046.0,12089.5602,11.799999999999272,7.4,EOD_EXIT,2020-02
2020-02-19 10:50:00+05:30,2020-02-19 13:45:00+05:30,long,12067.35,12088.8,12031.14795,53.04999999999927,21.45,ST_TOUCH,2020-02
2020-02-20 10:50:00+05:30,2020-02-20 14:55:00+05:30,long,12129.8,12086.8,12093.4106,20.900000000001455,-43.0,STOP_LOSS,2020-02
2020-02-26 10:00:00+05:30,2020-02-26 13:15:00+05:30,short,11703.65,11751.45,11738.76095,11.25,-47.8,STOP_LOSS,2020-02
2020-02-27 10:00:00+05:30,2020-02-27 13:00:00+05:30,short,11573.05,11609.05,11607.76915,27.75,-36.0,STOP_LOSS,2020-02
2020-03-04 13:10:00+05:30,2020-03-04 14:15:00+05:30,short,11171.15,11146.0,11176.043598892391,74.85000000000036,25.15,TRAILING_PROFIT,2020-03
2020-03-05 10:25:00+05:30,2020-03-05 13:40:00+05:30,long,11293.85,11320.65,11290.947426446244,93.0,26.8,ST_TOUCH,2020-03
2020-03-11 12:35:00+05:30,2020-03-11 13:55:00+05:30,long,10504.65,10472.7,10473.13605,31.350000000000364,-31.95,STOP_LOSS,2020-03
2020-03-12 10:00:00+05:30,2020-03-12 12:20:00+05:30,short,9888.1,9790.55,9917.7643,205.8000000000011,97.55,TRAILING_PROFIT,2020-03
2020-03-13 10:45:00+05:30,2020-03-13 10:55:00+05:30,long,9654.45,9461.55,9625.48665,0.0,-192.9,STOP_LOSS,2020-03
2020-03-16 11:45:00+05:30,2020-03-16 12:35:00+05:30,short,9443.6,9466.45,9471.9308,67.25,-22.85,TRAILING_PROFIT,2020-03
2020-03-17 12:50:00+05:30,2020-03-17 13:00:00+05:30,short,9258.7,9294.25,9286.4761,0.0,-35.55,STOP_LOSS,2020-03
2020-03-19 11:30:00+05:30,2020-03-19 11:40:00+05:30,long,8304.15,8269.8,8279.23755,0.25,-34.35,STOP_LOSS,2020-03
2020-03-20 11:40:00+05:30,2020-03-20 11:50:00+05:30,long,8479.0,8450.5,8453.563,0.0,-28.5,STOP_LOSS,2020-03
2020-03-24 13:30:00+05:30,2020-03-24 13:45:00+05:30,long,7952.45,7910.35,7928.59265,9.300000000000182,-42.1,STOP_LOSS,2020-03
2020-03-25 12:45:00+05:30,2020-03-25 15:20:00+05:30,long,8081.05,8301.75,8060.83587675244,291.15000000000055,220.7,EOD_EXIT,2020-03
2020-03-27 10:05:00+05:30,2020-03-27 10:10:00+05:30,long,8997.4,8824.6,8970.407799999999,0.0,-172.8,STOP_LOSS,2020-03
2020-03-27 10:55:00+05:30,2020-03-27 11:00:00+05:30,short,8626.3,8709.1,8652.178899999999,0.0,-82.8,STOP_LOSS,2020-03
2020-03-30 11:05:00+05:30,2020-03-30 15:20:00+05:30,short,8503.85,8282.0,8504.644229229585,250.35000000000036,221.85,EOD_EXIT,2020-03
2020-04-01 09:45:00+05:30,2020-04-01 15:20:00+05:30,short,8390.1,8254.1,8397.149132101596,189.25,136.0,EOD_EXIT,2020-04
2020-04-08 12:40:00+05:30,2020-04-08 13:05:00+05:30,short,8825.1,8851.9,8851.5753,42.5,-26.8,STOP_LOSS,2020-04
2020-04-16 09:50:00+05:30,2020-04-16 10:15:00+05:30,short,8885.75,8914.3,8912.40725,14.299999999999272,-28.55,STOP_LOSS,2020-04
2020-04-16 13:25:00+05:30,2020-04-16 15:00:00+05:30,long,9023.0,8978.7,8995.931,19.200000000000728,-44.3,STOP_LOSS,2020-04
2020-04-20 09:45:00+05:30,2020-04-20 11:30:00+05:30,long,9280.0,9248.25,9266.577077390992,52.54999999999927,-31.75,STOP_LOSS,2020-04
2020-04-21 11:10:00+05:30,2020-04-21 14:15:00+05:30,short,9016.55,8974.35,9020.938330359448,101.19999999999891,42.2,ST_TOUCH,2020-04
2020-04-29 10:15:00+05:30,2020-04-29 15:15:00+05:30,long,9474.35,9545.75,9472.179051263884,122.79999999999927,71.4,ST_TOUCH,2020-04
2020-05-06 10:05:00+05:30,2020-05-06 10:40:00+05:30,long,9253.7,9281.9,9225.938900000001,65.34999999999854,28.2,TRAILING_PROFIT,2020-05
2020-05-12 09:50:00+05:30,2020-05-12 10:10:00+05:30,short,9065.0,9095.3,9092.195,8.649999999999636,-30.3,STOP_LOSS,2020-05
2020-05-13 10:25:00+05:30,2020-05-13 13:00:00+05:30,long,9397.1,9366.9,9368.9087,30.25,-30.2,STOP_LOSS,2020-05
2020-05-14 10:00:00+05:30,2020-05-14 15:20:00+05:30,short,9237.8,9145.5,9248.5085216043,110.09999999999854,92.3,EOD_EXIT,2020-05
2020-05-20 10:55:00+05:30,2020-05-20 12:55:00+05:30,short,8939.65,8966.75,8966.46895,7.949999999998909,-27.1,STOP_LOSS,2020-05
2020-05-22 10:10:00+05:30,2020-05-22 11:30:00+05:30,short,9067.25,9025.05,9070.531098672614,89.45000000000073,42.2,TRAILING_PROFIT,2020-05
2020-05-26 09:40:00+05:30,2020-05-26 10:40:00+05:30,long,9142.6,9111.9,9115.1722,0.0,-30.7,STOP_LOSS,2020-05
2020-05-27 09:40:00+05:30,2020-05-27 10:00:00+05:30,short,9005.65,9040.45,9032.666949999999,0.0,-34.8,STOP_LOSS,2020-05
2020-05-27 10:55:00+05:30,2020-05-27 15:20:00+05:30,long,9109.9,9314.95,9108.258445207186,212.5500000000011,205.05,EOD_EXIT,2020-05
2020-06-01 09:55:00+05:30,2020-06-01 13:35:00+05:30,long,9841.5,9856.65,9838.068909028216,73.70000000000073,15.15,TRAILING_PROFIT,2020-06
2020-06-02 12:35:00+05:30,2020-06-02 15:20:00+05:30,long,9925.85,9980.8,9925.211208521885,54.94999999999891,54.95,EOD_EXIT,2020-06
2020-06-04 12:15:00+05:30,2020-06-04 13:35:00+05:30,short,9968.85,10006.9,9998.75655,16.350000000000364,-38.05,STOP_LOSS,2020-06
2020-06-08 09:40:00+05:30,2020-06-08 09:50:00+05:30,long,10316.75,10278.75,10285.79975,0.0,-38.0,STOP_LOSS,2020-06
2020-06-08 12:50:00+05:30,2020-06-08 13:05:00+05:30,short,10186.05,10216.95,10216.60815,0.0,-30.9,STOP_LOSS,2020-06
2020-06-09 11:55:00+05:30,2020-06-09 12:35:00+05:30,long,10284.7,10237.5,10253.8459,0.0,-47.2,STOP_LOSS,2020-06
2020-06-11 11:15:00+05:30,2020-06-11 15:20:00+05:30,short,10015.9,9910.5,10030.372376686946,122.10000000000036,105.4,EOD_EXIT,2020-06
2020-06-15 09:40:00+05:30,2020-06-15 10:15:00+05:30,long,9892.1,9842.3,9862.423700000001,14.5,-49.8,STOP_LOSS,2020-06
2020-06-16 13:05:00+05:30,2020-06-16 13:45:00+05:30,short,9857.2,9826.6,9886.7716,97.75,30.6,TRAILING_PROFIT,2020-06
2020-06-17 13:00:00+05:30,2020-06-17 13:30:00+05:30,long,9974.8,9944.0,9944.8756,26.350000000000364,-30.8,STOP_LOSS,2020-06
2020-06-18 12:45:00+05:30,2020-06-18 15:20:00+05:30,long,9975.85,10088.9,9970.871413913934,125.19999999999891,113.05,EOD_EXIT,2020-06
2020-06-24 10:55:00+05:30,2020-06-24 11:05:00+05:30,short,10457.35,10491.8,10488.72205,0.0,-34.45,STOP_LOSS,2020-06
2020-06-25 10:05:00+05:30,2020-06-25 10:20:00+05:30,short,10257.95,10298.25,10288.72385,0.0,-40.3,STOP_LOSS,2020-06
2020-06-25 12:45:00+05:30,2020-06-25 13:30:00+05:30,short,10218.45,10263.2,10249.105350000002,5.75,-44.75,STOP_LOSS,2020-06
2020-06-26 10:05:00+05:30,2020-06-26 10:15:00+05:30,long,10398.0,10347.4,10366.806,0.0,-50.6,STOP_LOSS,2020-06
2020-06-30 10:35:00+05:30,2020-06-30 11:50:00+05:30,long,10370.35,10335.6,10339.23895,14.649999999999636,-34.75,STOP_LOSS,2020-06
2020-07-06 10:45:00+05:30,2020-07-06 13:45:00+05:30,long,10741.7,10780.25,10709.474900000001,63.849999999998545,38.55,ST_TOUCH,2020-07
2020-07-07 13:20:00+05:30,2020-07-07 13:55:00+05:30,long,10780.1,10742.6,10747.7597,5.299999999999272,-37.5,STOP_LOSS,2020-07
2020-07-10 11:05:00+05:30,2020-07-10 12:55:00+05:30,short,10752.05,10763.1,10759.569010470139,32.399999999999636,-11.05,STOP_LOSS,2020-07
2020-07-15 10:05:00+05:30,2020-07-15 12:00:00+05:30,long,10759.2,10787.0,10758.079213050232,63.649999999999636,27.8,TRAILING_PROFIT,2020-07
2020-07-17 11:25:00+05:30,2020-07-17 13:30:00+05:30,long,10829.4,10792.95,10796.9118,0.0,-36.45,STOP_LOSS,2020-07
2020-07-21 10:15:00+05:30,2020-07-21 14:15:00+05:30,long,11136.95,11165.1,11135.575924860974,37.5,28.15,ST_TOUCH,2020-07
2020-07-22 13:30:00+05:30,2020-07-22 15:05:00+05:30,short,11093.55,11127.9,11121.05485517645,33.04999999999927,-34.35,STOP_LOSS,2020-07
2020-07-31 10:00:00+05:30,2020-07-31 13:55:00+05:30,short,11099.3,11078.25,11103.570598443688,63.899999999999636,21.05,TRAILING_PROFIT,2020-07
2020-08-04 10:00:00+05:30,2020-08-04 15:20:00+05:30,long,10983.75,11099.9,10981.629886812609,119.85000000000036,116.15,EOD_EXIT,2020-08
2020-08-10 10:45:00+05:30,2020-08-10 14:00:00+05:30,long,11320.0,11283.1,11286.04,15.049999999999272,-36.9,STOP_LOSS,2020-08
2020-08-11 13:05:00+05:30,2020-08-11 15:05:00+05:30,long,11353.9,11315.45,11319.8383,8.149999999999636,-38.45,STOP_LOSS,2020-08
2020-08-13 12:55:00+05:30,2020-08-13 15:20:00+05:30,short,11296.6,11311.15,11330.489800000001,7.149999999999636,-14.55,EOD_EXIT,2020-08
2020-08-17 09:40:00+05:30,2020-08-17 10:05:00+05:30,short,11167.45,11201.25,11200.952350000001,0.0,-33.8,STOP_LOSS,2020-08
2020-08-18 09:40:00+05:30,2020-08-18 15:20:00+05:30,long,11320.35,11390.1,11286.38895,75.25,69.75,EOD_EXIT,2020-08
2020-08-20 10:45:00+05:30,2020-08-20 13:40:00+05:30,short,11340.05,11319.9,11345.52343510594,36.0,20.15,ST_TOUCH,2020-08
2020-08-27 10:10:00+05:30,2020-08-27 15:05:00+05:30,long,11596.95,11555.0,11562.159150000001,11.899999999999636,-41.95,STOP_LOSS,2020-08
2020-08-31 11:15:00+05:30,2020-08-31 11:50:00+05:30,short,11638.85,11595.25,11649.175470719658,100.89999999999964,43.6,TRAILING_PROFIT,2020-08
2020-09-04 11:45:00+05:30,2020-09-04 13:00:00+05:30,short,11392.25,11434.35,11426.42675,2.149999999999636,-42.1,STOP_LOSS,2020-09
2020-09-07 09:40:00+05:30,2020-09-07 09:50:00+05:30,short,11262.95,11308.55,11296.738850000002,0.0,-45.6,STOP_LOSS,2020-09
2020-09-08 10:10:00+05:30,2020-09-08 13:55:00+05:30,long,11383.75,11405.0,11383.000684480363,47.350000000000364,21.25,ST_TOUCH,2020-09
2020-09-10 10:25:00+05:30,2020-09-10 12:55:00+05:30,long,11369.2,11397.6,11368.013317846726,70.79999999999927,28.4,TRAILING_PROFIT,2020-09
2020-09-11 10:10:00+05:30,2020-09-11 15:20:00+05:30,long,11457.45,11461.45,11423.077650000001,17.0,4.0,EOD_EXIT,2020-09
2020-09-15 10:00:00+05:30,2020-09-15 14:00:00+05:30,short,11474.15,11518.2,11508.57245,15.549999999999272,-44.05,STOP_LOSS,2020-09
2020-09-17 09:45:00+05:30,2020-09-17 11:40:00+05:30,long,11574.0,11537.05,11539.278,4.600000000000364,-36.95,STOP_LOSS,2020-09
2020-09-21 13:20:00+05:30,2020-09-21 15:20:00+05:30,short,11429.15,11234.9,11433.284654472474,194.25,194.25,EOD_EXIT,2020-09
2020-09-23 12:10:00+05:30,2020-09-23 14:25:00+05:30,short,11138.35,11096.75,11148.919362062878,104.70000000000073,41.6,TRAILING_PROFIT,2020-09
2020-09-30 09:55:00+05:30,2020-09-30 10:25:00+05:30,short,11195.85,11253.85,11229.43755,0.0,-58.0,STOP_LOSS,2020-09
2020-10-06 10:05:00+05:30,2020-10-06 15:20:00+05:30,long,11601.5,11670.7,11585.674674999613,69.20000000000073,69.2,EOD_EXIT,2020-10
2020-10-09 09:40:00+05:30,2020-10-09 10:05:00+05:30,short,11809.85,11861.25,11845.279550000001,0.0,-51.4,STOP_LOSS,2020-10
2020-10-13 12:50:00+05:30,2020-10-13 14:15:00+05:30,short,11904.95,11945.25,11940.664850000001,0.0,-40.3,STOP_LOSS,2020-10
2020-10-20 10:05:00+05:30,2020-10-20 13:20:00+05:30,long,11899.6,11922.5,11898.984259132036,46.29999999999927,22.9,ST_TOUCH,2020-10
2020-10-21 13:25:00+05:30,2020-10-21 14:45:00+05:30,short,11909.75,11872.4,11915.863738287188,119.25,37.35,ST_TOUCH,2020-10
2020-10-23 09:55:00+05:30,2020-10-23 15:20:00+05:30,long,11948.3,11925.55,11912.4551,8.400000000001455,-22.75,EOD_EXIT,2020-10
2020-10-28 10:55:00+05:30,2020-10-28 15:20:00+05:30,short,11816.9,11732.15,11820.230589469542,125.75,84.75,EOD_EXIT,2020-10
2020-10-30 11:40:00+05:30,2020-10-30 14:00:00+05:30,short,11579.15,11618.75,11613.88745,33.79999999999927,-39.6,STOP_LOSS,2020-10
2020-11-05 09:40:00+05:30,2020-11-05 15:20:00+05:30,long,12062.5,12124.65,12060.287098000283,62.149999999999636,62.15,EOD_EXIT,2020-11
2020-11-06 12:55:00+05:30,2020-11-06 14:35:00+05:30,long,12248.6,12204.7,12211.8542,12.299999999999272,-43.9,STOP_LOSS,2020-11
2020-11-09 10:35:00+05:30,2020-11-09 11:00:00+05:30,long,12431.4,12392.7,12394.1058,0.0,-38.7,STOP_LOSS,2020-11
2020-11-11 11:50:00+05:30,2020-11-11 12:10:00+05:30,short,12598.6,12663.25,12636.3958,0.75,-64.65,STOP_LOSS,2020-11
2020-11-17 09:50:00+05:30,2020-11-17 10:35:00+05:30,long,12869.8,12822.55,12831.1906,0.0,-47.25,STOP_LOSS,2020-11
2020-11-19 09:40:00+05:30,2020-11-19 13:25:00+05:30,long,12945.1,12897.4,12906.2647,14.949999999998909,-47.7,STOP_LOSS,2020-11
2020-11-23 13:25:00+05:30,2020-11-23 15:20:00+05:30,long,12929.3,12923.7,12890.5121,25.400000000001455,-5.6,EOD_EXIT,2020-11
2020-11-25 10:40:00+05:30,2020-11-25 13:05:00+05:30,short,13007.3,13033.75,13029.307238279145,39.899999999999636,-26.45,STOP_LOSS,2020-11
2020-11-26 09:40:00+05:30,2020-11-26 12:45:00+05:30,short,12842.75,12869.25,12846.446564936829,48.54999999999927,-26.5,STOP_LOSS,2020-11
2020-12-02 13:00:00+05:30,2020-12-02 14:40:00+05:30,short,13039.55,13061.15,13052.457401592459,42.0,-21.6,STOP_LOSS,2020-12
2020-12-07 09:50:00+05:30,2020-12-07 13:40:00+05:30,long,13318.55,13311.0,13317.937928417035,33.100000000000364,-7.55,STOP_LOSS,2020-12
2020-12-08 09:40:00+05:30,2020-12-08 11:05:00+05:30,long,13417.45,13361.85,13377.19765,16.44999999999891,-55.6,STOP_LOSS,2020-12
2020-12-09 10:15:00+05:30,2020-12-09 15:20:00+05:30,long,13488.55,13527.35,13448.08435,54.650000000001455,38.8,EOD_EXIT,2020-12
2020-12-15 13:10:00+05:30,2020-12-15 15:20:00+05:30,long,13537.95,13566.1,13537.93698522558,39.75,28.15,EOD_EXIT,2020-12
2020-12-17 10:25:00+05:30,2020-12-17 14:30:00+05:30,long,13718.75,13751.8,13677.59375,51.45000000000073,33.05,ST_TOUCH,2020-12
2020-12-21 09:45:00+05:30,2020-12-21 12:30:00+05:30,long,13742.8,13711.15,13719.016715950986,31.100000000000364,-31.65,STOP_LOSS,2020-12
2020-12-23 09:40:00+05:30,2020-12-23 15:20:00+05:30,long,13509.25,13615.4,13501.802950131982,106.14999999999964,106.15,EOD_EXIT,2020-12
2020-12-28 10:10:00+05:30,2020-12-28 15:20:00+05:30,long,13843.8,13873.85,13840.57419797609,36.5,30.05,EOD_EXIT,2020-12
2020-12-29 11:20:00+05:30,2020-12-29 15:20:00+05:30,short,13895.0,13929.9,13936.685,13.399999999999636,-34.9,EOD_EXIT,2020-12
2020-12-31 10:35:00+05:30,2020-12-31 12:25:00+05:30,long,14006.3,13962.7,13964.2811,2.3000000000010914,-43.6,STOP_LOSS,2020-12
2021-01-04 13:30:00+05:30,2021-01-04 15:20:00+05:30,long,14096.3,14143.75,14095.76560878621,47.45000000000073,47.45,EOD_EXIT,2021-01
2021-01-05 12:00:00+05:30,2021-01-05 15:20:00+05:30,long,14136.4,14210.45,14134.190848197864,74.05000000000109,74.05,EOD_EXIT,2021-01
2021-01-07 09:45:00+05:30,2021-01-07 10:20:00+05:30,long,14230.95,14187.3,14188.257150000001,0.0,-43.65,STOP_LOSS,2021-01
2021-01-11 09:40:00+05:30,2021-01-11 10:20:00+05:30,long,14460.9,14412.3,14417.5173,10.399999999999636,-48.6,STOP_LOSS,2021-01
2021-01-12 09:40:00+05:30,2021-01-12 15:20:00+05:30,long,14497.55,14566.2,14494.72181973462,83.45000000000073,68.65,EOD_EXIT,2021-01
2021-01-13 11:55:00+05:30,2021-01-13 14:20:00+05:30,short,14548.55,14504.7,14558.932068090779,98.29999999999927,43.85,TRAILING_PROFIT,2021-01
2021-01-18 09:55:00+05:30,2021-01-18 13:45:00+05:30,short,14321.55,14349.6,14346.761086452687,51.899999999999636,-28.05,STOP_LOSS,2021-01
2021-01-22 11:20:00+05:30,2021-01-22 11:25:00+05:30,short,14456.1,14501.1,14499.4683,0.0,-45.0,STOP_LOSS,2021-01
2021-01-27 10:20:00+05:30,2021-01-27 15:20:00+05:30,short,14121.3,13963.95,14123.468725521625,186.29999999999927,157.35,EOD_EXIT,2021-01
2021-01-29 09:50:00+05:30,2021-01-29 10:20:00+05:30,long,13873.45,13827.35,13831.829650000001,0.0,-46.1,STOP_LOSS,2021-01
2021-02-01 11:20:00+05:30,2021-02-01 12:10:00+05:30,long,13820.15,13807.45,13811.368342874819,79.55000000000109,-12.7,STOP_LOSS,2021-02
2021-02-03 10:15:00+05:30,2021-02-03 14:10:00+05:30,long,14777.7,14820.4,14767.486655487794,88.59999999999854,42.7,TRAILING_PROFIT,2021-02
2021-02-04 10:35:00+05:30,2021-02-04 11:15:00+05:30,short,14742.45,14814.05,14786.67735,17.80000000000109,-71.6,STOP_LOSS,2021-02
2021-02-09 10:30:00+05:30,2021-02-09 14:45:00+05:30,long,15194.0,15117.8,15191.440552438462,59.70000000000073,-76.2,STOP_LOSS,2021-02
2021-02-11 10:40:00+05:30,2021-02-11 12:00:00+05:30,long,15157.65,15112.1,15112.17705,1.6000000000003638,-45.55,STOP_LOSS,2021-02
2021-02-12 09:45:00+05:30,2021-02-12 13:40:00+05:30,long,15202.2,15187.75,15191.349339427694,35.79999999999927,-14.45,STOP_LOSS,2021-02
2021-02-15 10:15:00+05:30,2021-02-15 15:10:00+05:30,long,15294.8,15316.95,15248.915599999998,26.0,22.15,ST_TOUCH,2021-02
2021-02-16 10:35:00+05:30,2021-02-16 11:25:00+05:30,long,15406.4,15348.35,15360.1808,4.200000000000728,-58.05,STOP_LOSS,2021-02
2021-02-17 13:00:00+05:30,2021-02-17 15:20:00+05:30,short,15222.5,15206.75,15242.84616833309,47.0,15.75,EOD_EXIT,2021-02
2021-02-22 09:55:00+05:30,2021-02-22 14:45:00+05:30,short,14927.35,14759.6,14930.662988220174,244.85000000000036,167.75,ST_TOUCH,2021-02
2021-02-26 09:40:00+05:30,2021-02-26 14:00:00+05:30,short,14872.85,14679.8,14873.25483434107,307.35000000000036,193.05,ST_TOUCH,2021-02
2021-03-02 09:55:00+05:30,2021-03-02 10:45:00+05:30,long,14898.55,14853.2,14853.85435,22.200000000000728,-45.35,STOP_LOSS,2021-03
2021-03-03 09:50:00+05:30,2021-03-03 15:20:00+05:30,long,15032.2,15248.7,15028.263994740173,225.79999999999927,216.5,EOD_EXIT,2021-03
2021-03-04 13:10:00+05:30,2021-03-04 13:50:00+05:30,long,15194.85,15146.8,15149.26545,0.0,-48.05,STOP_LOSS,2021-03
2021-03-10 09:45:00+05:30,2021-03-10 10:55:00+05:30,long,15190.0,15141.65,15144.43,1.6499999999996362,-48.35,STOP_LOSS,2021-03
2021-03-12 09:55:00+05:30,2021-03-12 12:15:00+05:30,long,15297.3,15247.95,15251.408099999999,0.0,-49.35,STOP_LOSS,2021-03
2021-03-12 13:30:00+05:30,2021-03-12 13:50:00+05:30,short,15149.55,15116.15,15172.816184491556,83.54999999999927,33.4,TRAILING_PROFIT,2021-03
2021-03-16 10:15:00+05:30,2021-03-16 11:40:00+05:30,long,14992.05,14968.95,14971.039873721538,54.25,-23.1,STOP_LOSS,2021-03
2021-03-18 13:30:00+05:30,2021-03-18 15:10:00+05:30,short,14617.55,14586.1,14647.660093876286,117.39999999999964,31.45,TRAILING_PROFIT,2021-03
2021-03-22 09:45:00+05:30,2021-03-22 10:25:00+05:30,long,14740.6,14694.25,14696.378200000001,6.149999999999636,-46.35,STOP_LOSS,2021-03
2021-03-23 09:55:00+05:30,2021-03-23 10:15:00+05:30,long,14815.7,14762.2,14771.252900000001,0.0,-53.5,STOP_LOSS,2021-03
2021-03-24 09:55:00+05:30,2021-03-24 12:30:00+05:30,short,14716.55,14671.1,14721.63953588027,131.64999999999964,45.45,ST_TOUCH,2021-03
2021-03-25 09:50:00+05:30,2021-03-25 13:25:00+05:30,short,14418.4,14347.05,14425.610472242992,144.79999999999927,71.35,ST_TOUCH,2021-03
2021-04-06 10:40:00+05:30,2021-04-06 12:25:00+05:30,long,14734.95,14704.95,14708.764443066319,36.099999999998545,-30.0,STOP_LOSS,2021-04
2021-04-09 10:40:00+05:30,2021-04-09 14:15:00+05:30,short,14875.6,14844.55,14877.37558778768,81.75,31.05,TRAILING_PROFIT,2021-04
2021-04-13 09:50:00+05:30,2021-04-13 10:50:00+05:30,long,14420.0,14366.25,14376.74,22.149999999999636,-53.75,STOP_LOSS,2021-04
2021-04-15 11:05:00+05:30,2021-04-15 11:45:00+05:30,short,14371.65,14425.4,14414.764949999999,4.299999999999272,-53.75,STOP_LOSS,2021-04
2021-04-16 09:50:00+05:30,2021-04-16 15:10:00+05:30,long,14663.9,14619.0,14619.9083,23.25,-44.9,STOP_LOSS,2021-04
2021-04-20 12:40:00+05:30,2021-04-20 15:00:00+05:30,short,14352.25,14297.45,14364.814059012057,124.89999999999964,54.8,TRAILING_PROFIT,2021-04
2021-04-29 10:50:00+05:30,2021-04-29 11:15:00+05:30,short,14823.75,14877.05,14868.22125,2.9500000000007276,-53.3,STOP_LOSS,2021-04
2021-04-30 11:40:00+05:30,2021-04-30 15:20:00+05:30,short,14771.35,14614.9,14776.19134626307,156.45000000000073,156.45,EOD_EXIT,2021-04
2021-05-04 10:00:00+05:30,2021-05-04 13:00:00+05:30,long,14664.6,14613.2,14620.6062,28.899999999999636,-51.4,STOP_LOSS,2021-05
2021-05-06 12:55:00+05:30,2021-05-06 15:20:00+05:30,long,14713.1,14741.25,14668.9607,28.149999999999636,28.15,EOD_EXIT,2021-05
2021-05-10 10:15:00+05:30,2021-05-10 14:15:00+05:30,long,14936.05,14959.6,14891.241849999999,23.55000000000109,23.55,ST_TOUCH,2021-05
2021-05-11 13:15:00+05:30,2021-05-11 15:20:00+05:30,short,14828.3,14849.35,14872.784899999999,15.799999999999272,-21.05,EOD_EXIT,2021-05
2021-05-17 10:05:00+05:30,2021-05-17 15:20:00+05:30,long,14799.5,14926.5,14799.208228284875,127.10000000000036,127.0,EOD_EXIT,2021-05
2021-05-20 10:25:00+05:30,2021-05-20 15:20:00+05:30,short,15012.35,14920.15,15057.387050000001,115.05000000000109,92.2,EOD_EXIT,2021-05
2021-05-26 10:25:00+05:30,2021-05-26 15:20:00+05:30,long,15269.4,15305.45,15265.366297693885,49.0,36.05,EOD_EXIT,2021-05
2021-05-28 10:05:00+05:30,2021-05-28 15:20:00+05:30,long,15442.5,15450.25,15396.1725,21.850000000000364,7.75,EOD_EXIT,2021-05
2021-05-31 10:55:00+05:30,2021-05-31 13:55:00+05:30,long,15519.6,15540.7,15516.769306761078,51.75,21.1,ST_TOUCH,2021-05
2021-06-02 10:20:00+05:30,2021-06-02 14:50:00+05:30,short,15497.0,15547.65,15543.491,29.5,-50.65,STOP_LOSS,2021-06
2021-06-04 10:05:00+05:30,2021-06-04 11:05:00+05:30,long,15730.4,15676.4,15683.2088,0.0,-54.0,STOP_LOSS,2021-06
2021-06-07 10:05:00+05:30,2021-06-07 15:20:00+05:30,long,15708.2,15746.5,15661.075400000002,63.349999999998545,38.3,EOD_EXIT,2021-06
2021-06-09 11:25:00+05:30,2021-06-09 13:10:00+05:30,long,15784.55,15659.65,15737.19635,11.75,-124.9,STOP_LOSS,2021-06
2021-06-11 10:25:00+05:30,2021-06-11 12:10:00+05:30,long,15822.2,15755.15,15774.733400000001,2.649999999999636,-67.05,STOP_LOSS,2021-06
2021-06-15 10:15:00+05:30,2021-06-15 15:20:00+05:30,long,15890.6,15866.55,15842.9282,10.199999999998909,-24.05,EOD_EXIT,2021-06
2021-06-16 10:20:00+05:30,2021-06-16 15:20:00+05:30,short,15799.6,15760.25,15805.028847466188,44.350000000000364,39.35,EOD_EXIT,2021-06
2021-06-18 10:50:00+05:30,2021-06-18 11:05:00+05:30,short,15518.65,15512.9,15565.20595,60.19999999999891,5.75,TRAILING_PROFIT,2021-06
2021-06-22 09:40:00+05:30,2021-06-22 13:50:00+05:30,long,15876.55,15827.35,15828.920349999999,14.75,-49.2,STOP_LOSS,2021-06
2021-06-25 13:00:00+05:30,2021-06-25 15:20:00+05:30,long,15851.85,15854.75,15804.294450000001,16.399999999999636,2.9,EOD_EXIT,2021-06
2021-06-29 09:45:00+05:30,2021-06-29 13:55:00+05:30,short,15802.5,15776.15,15805.01406456677,58.399999999999636,26.35,ST_TOUCH,2021-06
2021-07-01 09:55:00+05:30,2021-07-01 13:45:00+05:30,short,15732.0,15709.0,15732.373961531934,44.899999999999636,23.0,ST_TOUCH,2021-07
2021-07-02 10:30:00+05:30,2021-07-02 15:00:00+05:30,short,15668.35,15720.6,15715.35505,27.149999999999636,-52.25,STOP_LOSS,2021-07
2021-07-06 10:30:00+05:30,2021-07-06 12:40:00+05:30,long,15862.7,15884.75,15815.1119,44.149999999999636,22.05,ST_TOUCH,2021-07
2021-07-07 09:45:00+05:30,2021-07-07 14:35:00+05:30,short,15810.8,15862.9,15858.232399999999,9.699999999998909,-52.1,STOP_LOSS,2021-07
2021-07-08 11:35:00+05:30,2021-07-08 15:10:00+05:30,short,15832.9,15738.05,15880.3987,135.64999999999964,94.85,ST_TOUCH,2021-07
2021-07-09 12:20:00+05:30,2021-07-09 15:20:00+05:30,short,15662.9,15693.5,15709.8887,3.1999999999989086,-30.6,EOD_EXIT,2021-07
2021-07-14 11:45:00+05:30,2021-07-14 15:20:00+05:30,long,15837.6,15837.2,15836.298985492289,37.5,-0.4,EOD_EXIT,2021-07
2021-07-27 12:20:00+05:30,2021-07-27 13:40:00+05:30,short,15810.45,15773.0,15812.275729265264,95.05000000000109,37.45,ST_TOUCH,2021-07
2021-07-28 13:15:00+05:30,2021-07-28 14:20:00+05:30,long,15674.4,15647.05,15667.476270331268,33.149999999999636,-27.35,STOP_LOSS,2021-07
2021-07-29 10:05:00+05:30,2021-07-29 15:05:00+05:30,long,15776.5,15772.85,15774.668507640577,38.54999999999927,-3.65,STOP_LOSS,2021-07
2021-08-03 10:40:00+05:30,2021-08-03 15:20:00+05:30,long,15976.8,16135.85,15928.8696,167.95000000000073,159.05,EOD_EXIT,2021-08
2021-08-05 12:45:00+05:30,2021-08-05 15:10:00+05:30,long,16307.25,16284.35,16300.927238123519,36.45000000000073,-22.9,STOP_LOSS,2021-08
2021-08-10 09:50:00+05:30,2021-08-10 13:50:00+05:30,long,16322.7,16290.6,16320.562229625268,34.44999999999891,-32.1,STOP_LOSS,2021-08
2021-08-11 10:35:00+05:30,2021-08-11 13:20:00+05:30,short,16195.6,16256.1,16244.1868,22.899999999999636,-60.5,STOP_LOSS,2021-08
2021-08-16 12:45:00+05:30,2021-08-16 15:20:00+05:30,long,16571.9,16555.75,16522.1843,11.549999999999272,-16.15,EOD_EXIT,2021-08
2021-08-18 09:45:00+05:30,2021-08-18 12:35:00+05:30,long,16683.35,16625.75,16633.299949999997,14.150000000001455,-57.6,STOP_LOSS,2021-08
2021-08-24 13:20:00+05:30,2021-08-24 15:20:00+05:30,long,16581.0,16617.15,16575.693184977976,57.45000000000073,36.15,EOD_EXIT,2021-08
2021-08-27 11:25:00+05:30,2021-08-27 15:20:00+05:30,long,16673.4,16696.0,16623.379800000002,43.69999999999709,22.6,EOD_EXIT,2021-08
2021-09-01 13:10:00+05:30,2021-09-01 15:20:00+05:30,short,17116.05,17058.85,17121.67574997999,57.20000000000073,57.2,EOD_EXIT,2021-09
2021-09-06 10:00:00+05:30,2021-09-06 11:35:00+05:30,long,17405.3,17349.0,17353.0841,0.0,-56.3,STOP_LOSS,2021-09
2021-09-07 10:55:00+05:30,2021-09-07 12:10:00+05:30,short,17325.05,17384.25,17377.025149999998,7.099999999998545,-59.2,STOP_LOSS,2021-09
2021-09-08 09:50:00+05:30,2021-09-08 13:20:00+05:30,short,17348.9,17310.85,17356.99432555739,85.10000000000218,38.05,TRAILING_PROFIT,2021-09
2021-09-14 10:10:00+05:30,2021-09-14 15:20:00+05:30,long,17416.8,17384.0,17364.5496,11.850000000002183,-32.8,EOD_EXIT,2021-09
2021-09-17 11:40:00+05:30,2021-09-17 14:45:00+05:30,short,17658.25,17612.25,17658.579003200768,102.09999999999854,46.0,TRAILING_PROFIT,2021-09
2021-09-20 13:20:00+05:30,2021-09-20 15:20:00+05:30,short,17527.85,17388.4,17536.793982687588,139.4499999999971,139.45,EOD_EXIT,2021-09
2021-09-22 09:55:00+05:30,2021-09-22 15:20:00+05:30,long,17583.15,17551.45,17530.400550000002,25.899999999997817,-31.7,EOD_EXIT,2021-09
2021-09-28 11:40:00+05:30,2021-09-28 14:45:00+05:30,short,17794.55,17666.7,17800.620282700587,211.75,127.85,ST_TOUCH,2021-09
2021-09-30 10:20:00+05:30,2021-09-30 12:00:00+05:30,short,17676.3,17734.1,17729.3289,0.0,-57.8,STOP_LOSS,2021-09
2021-10-04 09:50:00+05:30,2021-10-04 11:25:00+05:30,long,17681.6,17713.45,17678.684600648714,65.0,31.85,TRAILING_PROFIT,2021-10
2021-10-06 09:55:00+05:30,2021-10-06 10:15:00+05:30,long,17863.7,17793.8,17810.1089,0.0,-69.9,STOP_LOSS,2021-10
2021-10-11 09:55:00+05:30,2021-10-11 13:55:00+05:30,long,17970.2,17992.2,17969.451204888424,70.79999999999927,22.0,ST_TOUCH,2021-10
2021-10-13 09:50:00+05:30,2021-10-13 15:05:00+05:30,long,18123.9,18156.1,18122.12137357889,66.64999999999782,32.2,TRAILING_PROFIT,2021-10
2021-10-18 11:25:00+05:30,2021-10-18 13:10:00+05:30,long,18506.0,18492.15,18498.220990669743,34.75,-13.85,STOP_LOSS,2021-10
2021-10-20 10:20:00+05:30,2021-10-20 15:20:00+05:30,short,18397.5,18280.4,18402.188183409868,176.90000000000146,117.1,EOD_EXIT,2021-10
2021-10-22 10:25:00+05:30,2021-10-22 11:25:00+05:30,long,18280.3,18202.55,18225.4591,2.0,-77.75,STOP_LOSS,2021-10
2021-10-27 09:45:00+05:30,2021-10-27 14:20:00+05:30,long,18313.5,18258.25,18258.5595,24.200000000000728,-55.25,STOP_LOSS,2021-10
2021-10-29 13:05:00+05:30,2021-10-29 14:20:00+05:30,short,17728.85,17691.4,17738.112051201806,93.69999999999709,37.45,TRAILING_PROFIT,2021-10
2021-11-03 13:05:00+05:30,2021-11-03 13:55:00+05:30,short,17820.65,17877.05,17874.111950000002,17.650000000001455,-56.4,STOP_LOSS,2021-11
2021-11-11 09:55:00+05:30,2021-11-11 11:55:00+05:30,short,17922.95,17880.75,17929.741447418568,86.15000000000146,42.2,TRAILING_PROFIT,2021-11
2021-11-12 13:00:00+05:30,2021-11-12 15:20:00+05:30,long,18001.65,18105.15,17993.93972666838,117.19999999999709,103.5,EOD_EXIT,2021-11
2021-11-16 10:20:00+05:30,2021-11-16 12:05:00+05:30,short,18061.75,18080.6,18072.960869755356,33.20000000000073,-18.85,STOP_LOSS,2021-11
2021-11-17 12:45:00+05:30,2021-11-17 13:50:00+05:30,short,17943.4,18002.2,17997.2302,9.75,-58.8,STOP_LOSS,2021-11
2021-11-18 10:00:00+05:30,2021-11-18 13:15:00+05:30,short,17834.3,17763.95,17845.77102003923,144.0,70.35,ST_TOUCH,2021-11
2021-11-22 10:20:00+05:30,2021-11-22 15:00:00+05:30,short,17601.55,17401.65,17604.405119762647,299.09999999999854,199.9,ST_TOUCH,2021-11
2021-11-25 09:50:00+05:30,2021-11-25 10:35:00+05:30,short,17365.65,17422.0,17417.74695,6.450000000000728,-56.35,STOP_LOSS,2021-11
2021-11-25 12:05:00+05:30,2021-11-25 15:20:00+05:30,long,17511.45,17552.7,17497.677770117738,51.29999999999927,41.25,EOD_EXIT,2021-11
2021-11-29 10:15:00+05:30,2021-11-29 11:10:00+05:30,short,17036.25,17095.0,17086.407322251944,50.650000000001455,-58.75,STOP_LOSS,2021-11
2021-11-30 11:20:00+05:30,2021-11-30 11:40:00+05:30,short,17085.55,17067.15,17136.80665,67.89999999999782,18.4,TRAILING_PROFIT,2021-11
2021-12-02 10:10:00+05:30,2021-12-02 14:10:00+05:30,long,17286.65,17317.65,17278.762228807595,49.0,31.0,ST_TOUCH,2021-12
2021-12-03 13:05:00+05:30,2021-12-03 15:20:00+05:30,short,17310.85,17201.55,17313.106148097915,121.94999999999709,109.3,EOD_EXIT,2021-12
2021-12-09 13:00:00+05:30,2021-12-09 14:20:00+05:30,long,17521.0,17460.8,17468.437,10.0,-60.2,STOP_LOSS,2021-12
2021-12-10 13:05:00+05:30,2021-12-10 14:25:00+05:30,short,17412.9,17475.65,17465.138700000003,1.4000000000014552,-62.75,STOP_LOSS,2021-12
2021-12-13 12:20:00+05:30,2021-12-13 15:20:00+05:30,short,17481.7,17375.65,17482.32301669259,118.85000000000218,106.05,EOD_EXIT,2021-12
2021-12-20 10:10:00+05:30,2021-12-20 13:20:00+05:30,short,16600.35,16502.0,16605.646594663776,178.09999999999854,98.35,ST_TOUCH,2021-12
2021-12-23 09:45:00+05:30,2021-12-23 10:20:00+05:30,long,17097.95,17041.45,17046.656150000003,7.399999999997817,-56.5,STOP_LOSS,2021-12
2021-12-23 13:20:00+05:30,2021-12-23 13:45:00+05:30,long,17112.95,17057.4,17061.61115,0.0,-55.55,STOP_LOSS,2021-12
2021-12-27 12:45:00+05:30,2021-12-27 15:20:00+05:30,long,17066.35,17087.95,17049.389187826153,39.70000000000073,21.6,EOD_EXIT,2021-12
2022-01-05 13:10:00+05:30,2022-01-05 15:20:00+05:30,long,17924.3,17911.65,17870.5271,19.900000000001455,-12.65,EOD_EXIT,2022-01
2022-01-07 09:45:00+05:30,2022-01-07 11:10:00+05:30,long,17895.0,17824.95,17841.315,5.950000000000728,-70.05,STOP_LOSS,2022-01
2022-01-10 10:10:00+05:30,2022-01-10 11:50:00+05:30,long,17967.6,17911.9,17913.6972,5.80000000000291,-55.7,STOP_LOSS,2022-01
2022-01-17 10:35:00+05:30,2022-01-17 14:00:00+05:30,long,18284.45,18305.25,18229.59665,27.700000000000728,20.8,ST_TOUCH,2022-01
2022-01-18 11:05:00+05:30,2022-01-18 12:55:00+05:30,short,18228.65,18285.05,18283.33595,0.0,-56.4,STOP_LOSS,2022-01
2022-01-19 09:40:00+05:30,2022-01-19 09:45:00+05:30,short,17964.6,18022.2,18018.4938,0.0,-57.6,STOP_LOSS,2022-01
2022-01-28 09:40:00+05:30,2022-01-28 13:40:00+05:30,long,17338.6,17276.95,17286.584199999998,27.700000000000728,-61.65,STOP_LOSS,2022-01
2022-02-02 09:40:00+05:30,2022-02-02 15:20:00+05:30,long,17729.25,17787.1,17725.14146325894,57.849999999998545,57.85,EOD_EXIT,2022-02
2022-02-04 12:50:00+05:30,2022-02-04 13:45:00+05:30,short,17489.75,17557.15,17542.21925,16.349999999998545,-67.4,STOP_LOSS,2022-02
2022-02-08 12:20:00+05:30,2022-02-08 13:00:00+05:30,long,17236.0,17175.85,17187.564449516765,32.75,-60.15,STOP_LOSS,2022-02
2022-02-10 10:05:00+05:30,2022-02-10 15:20:00+05:30,long,17512.4,17590.3,17504.33672390815,124.04999999999927,77.9,EOD_EXIT,2022-02
2022-02-11 09:45:00+05:30,2022-02-11 11:55:00+05:30,short,17382.5,17350.55,17383.21527595961,71.79999999999927,31.95,TRAILING_PROFIT,2022-02
2022-02-14 11:25:00+05:30,2022-02-14 13:20:00+05:30,short,17013.5,17040.2,17032.167916030696,46.29999999999927,-26.7,STOP_LOSS,2022-02
2022-02-15 09:40:00+05:30,2022-02-15 10:00:00+05:30,short,16883.75,16861.15,16934.40125,22.599999999998545,22.6,ST_TOUCH,2022-02
2022-02-16 12:35:00+05:30,2022-02-16 14:35:00+05:30,long,17424.25,17407.85,17419.158793376762,52.54999999999927,-16.4,STOP_LOSS,2022-02
2022-02-18 09:40:00+05:30,2022-02-18 11:05:00+05:30,short,17258.85,17311.0,17310.626549999997,5.94999999999709,-52.15,STOP_LOSS,2022-02
2022-02-21 11:35:00+05:30,2022-02-21 13:25:00+05:30,long,17263.25,17304.3,17259.802834744653,83.09999999999854,41.05,TRAILING_PROFIT,2022-02
2022-02-22 10:10:00+05:30,2022-02-22 10:55:00+05:30,short,16923.8,16978.0,16974.5714,0.049999999999272404,-54.2,STOP_LOSS,2022-02
2022-02-23 09:50:00+05:30,2022-02-23 10:30:00+05:30,long,17191.2,17130.5,17139.6264,0.0,-60.7,STOP_LOSS,2022-02
2022-02-24 09:40:00+05:30,2022-02-24 09:55:00+05:30,short,16550.3,16519.8,16599.9509,69.70000000000073,30.5,TRAILING_PROFIT,2022-02
2022-02-28 11:50:00+05:30,2022-02-28 13:20:00+05:30,long,16667.1,16699.5,16640.041925731115,64.90000000000146,32.4,TRAILING_PROFIT,2022-02
2022-03-03 13:20:00+05:30,2022-03-03 13:45:00+05:30,short,16504.4,16570.1,16553.913200000003,17.700000000000728,-65.7,STOP_LOSS,2022-03
2022-03-04 10:10:00+05:30,2022-03-04 11:20:00+05:30,short,16219.15,16196.4,16249.45370712532,74.19999999999891,22.75,TRAILING_PROFIT,2022-03
2022-03-04 12:55:00+05:30,2022-03-04 13:45:00+05:30,long,16360.35,16398.55,16332.384274633956,79.60000000000036,38.2,TRAILING_PROFIT,2022-03
2022-03-07 09:40:00+05:30,2022-03-07 10:55:00+05:30,short,15796.75,15859.15,15844.14025,44.25,-62.4,STOP_LOSS,2022-03
2022-03-08 11:45:00+05:30,2022-03-08 13:50:00+05:30,short,15733.55,15818.7,15780.75065,49.54999999999927,-85.15,STOP_LOSS,2022-03
2022-03-11 13:30:00+05:30,2022-03-11 15:00:00+05:30,short,16600.0,16652.8,16649.8,27.950000000000728,-52.8,STOP_LOSS,2022-03
2022-03-16 10:45:00+05:30,2022-03-16 13:10:00+05:30,long,16893.4,16865.3,16871.946368076166,30.599999999998545,-28.1,STOP_LOSS,2022-03
2022-03-17 09:50:00+05:30,2022-03-17 15:05:00+05:30,long,17219.4,17281.4,17214.593719165892,118.0,62.0,ST_TOUCH,2022-03
2022-03-22 10:35:00+05:30,2022-03-22 11:15:00+05:30,short,17015.5,17067.95,17066.5465,1.0999999999985448,-52.45,STOP_LOSS,2022-03
2022-03-22 13:00:00+05:30,2022-03-22 15:20:00+05:30,long,17181.6,17327.35,17172.604311753243,145.75,145.75,EOD_EXIT,2022-03
2022-03-24 13:10:00+05:30,2022-03-24 13:25:00+05:30,short,17152.55,17214.65,17204.00765,0.0,-62.1,STOP_LOSS,2022-03
2022-03-25 12:05:00+05:30,2022-03-25 15:15:00+05:30,short,17130.95,17153.1,17145.467735102142,43.45000000000073,-22.15,STOP_LOSS,2022-03
2022-03-28 12:50:00+05:30,2022-03-28 13:35:00+05:30,long,17176.8,17139.4,17142.647395134467,43.900000000001455,-37.4,STOP_LOSS,2022-03
2022-03-29 10:55:00+05:30,2022-03-29 15:20:00+05:30,long,17283.35,17339.6,17283.165036779406,56.25,56.25,EOD_EXIT,2022-03
2022-04-01 10:00:00+05:30,2022-04-01 15:20:00+05:30,long,17539.65,17695.2,17532.771470484175,155.54999999999927,155.55,EOD_EXIT,2022-04
2022-04-06 09:45:00+05:30,2022-04-06 11:55:00+05:30,short,17837.65,17865.35,17862.261743836396,48.0,-27.7,STOP_LOSS,2022-04
2022-04-07 10:00:00+05:30,2022-04-07 11:55:00+05:30,short,17718.1,17752.5,17735.29199922759,40.39999999999782,-34.4,STOP_LOSS,2022-04
2022-04-08 09:50:00+05:30,2022-04-08 10:05:00+05:30,short,17618.7,17676.75,17671.5561,0.0,-58.05,STOP_LOSS,2022-04
2022-04-12 10:00:00+05:30,2022-04-12 14:00:00+05:30,short,17499.95,17523.15,17510.807630408934,50.20000000000073,-23.2,STOP_LOSS,2022-04
2022-04-13 12:50:00+05:30,2022-04-13 15:20:00+05:30,short,17474.1,17476.1,17526.522299999997,4.099999999998545,-2.0,EOD_EXIT,2022-04
2022-04-19 10:00:00+05:30,2022-04-19 13:05:00+05:30,long,17202.95,17175.45,17197.018363999796,44.20000000000073,-27.5,STOP_LOSS,2022-04
2022-04-25 09:45:00+05:30,2022-04-25 10:10:00+05:30,short,16971.55,17033.4,17022.464649999998,0.75,-61.85,STOP_LOSS,2022-04
2022-04-28 12:55:00+05:30,2022-04-28 15:00:00+05:30,long,17221.35,17261.65,17212.73095015728,92.05000000000291,40.3,ST_TOUCH,2022-04
2022-05-02 10:50:00+05:30,2022-05-02 12:25:00+05:30,short,16981.3,17038.55,17032.243899999998,23.0,-57.25,STOP_LOSS,2022-05
2022-05-04 10:30:00+05:30,2022-05-04 13:40:00+05:30,short,16969.95,16908.45,16983.82847721329,126.95000000000073,61.5,TRAILING_PROFIT,2022-05
2022-05-06 10:00:00+05:30,2022-05-06 14:00:00+05:30,short,16402.0,16442.9,16441.709772661285,49.100000000000364,-40.9,STOP_LOSS,2022-05
2022-05-11 09:40:00+05:30,2022-05-11 11:45:00+05:30,short,16217.95,16157.75,16246.390992614579,138.3000000000011,60.2,TRAILING_PROFIT,2022-05
2022-05-13 10:30:00+05:30,2022-05-13 12:35:00+05:30,long,15970.9,16004.95,15968.526139034371,72.60000000000036,34.05,TRAILING_PROFIT,2022-05
2022-05-16 09:55:00+05:30,2022-05-16 10:50:00+05:30,short,15939.8,15911.65,15987.6194,28.149999999999636,28.15,ST_TOUCH,2022-05
2022-05-16 12:40:00+05:30,2022-05-16 13:30:00+05:30,short,15789.95,15852.6,15837.31985,14.650000000001455,-62.65,STOP_LOSS,2022-05
2022-05-17 09:55:00+05:30,2022-05-17 15:20:00+05:30,long,15954.8,16273.1,15946.758358209416,318.3000000000011,318.3,EOD_EXIT,2022-05
2022-05-18 12:25:00+05:30,2022-05-18 13:30:00+05:30,short,16246.6,16319.45,16295.3398,15.850000000000364,-72.85,STOP_LOSS,2022-05
2022-05-19 10:25:00+05:30,2022-05-19 15:20:00+05:30,short,15940.45,15836.95,15943.28868018015,156.5500000000011,103.5,EOD_EXIT,2022-05
2022-05-23 09:45:00+05:30,2022-05-23 13:55:00+05:30,long,16303.8,16336.05,16303.396329143457,96.85000000000218,32.25,ST_TOUCH,2022-05
2022-05-25 12:25:00+05:30,2022-05-25 14:10:00+05:30,short,16073.75,16083.35,16082.041370316567,51.850000000000364,-9.6,STOP_LOSS,2022-05
2022-05-26 10:50:00+05:30,2022-05-26 12:40:00+05:30,short,15915.55,15969.7,15963.296649999998,4.699999999998909,-54.15,STOP_LOSS,2022-05
2022-05-26 13:15:00+05:30,2022-05-26 13:55:00+05:30,long,16148.4,16090.95,16099.9548,3.75,-57.45,STOP_LOSS,2022-05
2022-06-01 13:25:00+05:30,2022-06-01 15:00:00+05:30,short,16511.05,16502.45,16515.239127607587,63.25,8.6,TRAILING_PROFIT,2022-06
2022-06-03 10:55:00+05:30,2022-06-03 13:30:00+05:30,long,16740.85,16679.6,16690.62745,19.5,-61.25,STOP_LOSS,2022-06
2022-06-08 10:00:00+05:30,2022-06-08 10:30:00+05:30,short,16333.75,16409.25,16382.75125,0.0,-75.5,STOP_LOSS,2022-06
2022-06-14 11:15:00+05:30,2022-06-14 12:20:00+05:30,long,15852.95,15781.8,15805.391150000001,0.0,-71.15,STOP_LOSS,2022-06
2022-06-16 11:40:00+05:30,2022-06-16 12:15:00+05:30,short,15620.2,15586.4,15638.141038684696,77.65000000000146,33.8,TRAILING_PROFIT,2022-06
2022-06-21 09:45:00+05:30,2022-06-21 14:55:00+05:30,long,15515.6,15637.4,15513.695178497795,189.85000000000036,121.8,ST_TOUCH,2022-06
2022-06-23 09:45:00+05:30,2022-06-23 11:45:00+05:30,long,15569.2,15557.1,15567.297018195603,51.399999999999636,-12.1,STOP_LOSS,2022-06
2022-06-24 09:55:00+05:30,2022-06-24 10:15:00+05:30,long,15709.65,15659.9,15662.52105,9.0,-49.75,STOP_LOSS,2022-06
2022-06-27 10:25:00+05:30,2022-06-27 11:45:00+05:30,long,15890.35,15840.75,15842.67895,0.0,-49.6,STOP_LOSS,2022-06
2022-06-28 09:55:00+05:30,2022-06-28 11:25:00+05:30,short,15716.85,15764.8,15764.00055,0.0,-47.95,STOP_LOSS,2022-06
2022-06-30 12:05:00+05:30,2022-06-30 13:10:00+05:30,short,15778.9,15804.35,15800.122997935448,35.04999999999927,-25.45,STOP_LOSS,2022-06
2022-07-01 09:40:00+05:30,2022-07-01 10:20:00+05:30,short,15637.75,15590.05,15640.57393491102,114.54999999999927,47.7,TRAILING_PROFIT,2022-07
2022-07-04 12:55:00+05:30,2022-07-04 15:20:00+05:30,long,15782.2,15831.2,15767.419571042228,60.19999999999891,49.0,EOD_EXIT,2022-07
2022-07-06 09:40:00+05:30,2022-07-06 09:45:00+05:30,short,15816.85,15864.55,15864.30055,0.0,-47.7,STOP_LOSS,2022-07
2022-07-07 10:35:00+05:30,2022-07-07 14:10:00+05:30,long,16116.35,16060.1,16068.00095,24.94999999999891,-56.25,STOP_LOSS,2022-07
2022-07-13 13:25:00+05:30,2022-07-13 15:20:00+05:30,short,15981.65,15979.05,16029.594949999999,25.049999999999272,2.6,EOD_EXIT,2022-07
2022-07-14 12:40:00+05:30,2022-07-14 14:35:00+05:30,short,15945.2,15908.25,15949.536860755901,78.10000000000036,36.95,TRAILING_PROFIT,2022-07
2022-07-15 10:10:00+05:30,2022-07-15 11:05:00+05:30,long,15989.95,15940.8,15941.980150000001,7.199999999998909,-49.15,STOP_LOSS,2022-07
2022-07-18 10:25:00+05:30,2022-07-18 15:20:00+05:30,long,16185.45,16284.0,16184.636125895042,99.54999999999927,98.55,EOD_EXIT,2022-07
2022-07-20 10:55:00+05:30,2022-07-20 15:20:00+05:30,long,16555.85,16509.0,16506.18245,29.700000000000728,-46.85,EOD_EXIT,2022-07
2022-07-22 10:20:00+05:30,2022-07-22 11:45:00+05:30,long,16645.15,16668.1,16595.21455,22.94999999999709,22.95,ST_TOUCH,2022-07
2022-07-22 12:25:00+05:30,2022-07-22 15:20:00+05:30,long,16690.2,16707.75,16689.5368283592,51.79999999999927,17.55,EOD_EXIT,2022-07
2022-07-26 10:30:00+05:30,2022-07-26 13:20:00+05:30,short,16505.95,16557.9,16555.46785,2.600000000002183,-51.95,STOP_LOSS,2022-07
2022-07-27 11:00:00+05:30,2022-07-27 13:45:00+05:30,long,16552.35,16576.75,16535.27214532884,61.55000000000291,24.4,TRAILING_PROFIT,2022-07
2022-08-01 09:50:00+05:30,2022-08-01 15:20:00+05:30,long,17261.2,17334.25,17259.26509763138,89.59999999999854,73.05,EOD_EXIT,2022-08
2022-08-02 09:50:00+05:30,2022-08-02 11:30:00+05:30,short,17258.65,17281.2,17275.405452983443,32.35000000000218,-22.55,STOP_LOSS,2022-08
2022-08-03 09:40:00+05:30,2022-08-03 12:45:00+05:30,short,17273.4,17286.85,17285.224822277585,40.650000000001455,-13.45,STOP_LOSS,2022-08
2022-08-04 11:20:00+05:30,2022-08-04 12:05:00+05:30,short,17352.0,17295.6,17354.94390028345,151.65000000000146,56.4,TRAILING_PROFIT,2022-08
2022-08-05 09:50:00+05:30,2022-08-05 13:00:00+05:30,long,17434.8,17386.6,17407.188304050957,35.0,-48.2,STOP_LOSS,2022-08
2022-08-08 11:25:00+05:30,2022-08-08 14:40:00+05:30,long,17471.2,17495.85,17466.573409120316,70.89999999999782,24.65,ST_TOUCH,2022-08
2022-08-11 10:20:00+05:30,2022-08-11 15:20:00+05:30,long,17688.85,17653.8,17635.78345,4.55000000000291,-35.05,EOD_EXIT,2022-08
2022-08-16 10:20:00+05:30,2022-08-16 13:15:00+05:30,long,17827.7,17771.2,17774.2169,6.200000000000728,-56.5,STOP_LOSS,2022-08
2022-08-17 09:45:00+05:30,2022-08-17 15:20:00+05:30,long,17895.1,17933.95,17841.414699999998,67.30000000000291,38.85,EOD_EXIT,2022-08
2022-08-18 11:55:00+05:30,2022-08-18 14:30:00+05:30,short,17864.15,17924.7,17917.74245,3.400000000001455,-60.55,STOP_LOSS,2022-08
2022-08-19 11:05:00+05:30,2022-08-19 13:05:00+05:30,short,17871.15,17810.4,17874.3685098867,126.45000000000073,60.75,TRAILING_PROFIT,2022-08
2022-08-23 09:55:00+05:30,2022-08-23 10:10:00+05:30,long,17581.45,17517.0,17528.70565,3.349999999998545,-64.45,STOP_LOSS,2022-08
2022-08-24 10:00:00+05:30,2022-08-24 10:20:00+05:30,long,17563.65,17592.25,17510.95905,28.599999999998545,28.6,ST_TOUCH,2022-08
2022-08-25 09:55:00+05:30,2022-08-25 11:20:00+05:30,long,17706.45,17646.65,17653.33065,4.399999999997817,-59.8,STOP_LOSS,2022-08
2022-08-29 10:35:00+05:30,2022-08-29 12:30:00+05:30,short,17306.9,17366.15,17358.8207,21.80000000000291,-59.25,STOP_LOSS,2022-08
2022-09-07 10:55:00+05:30,2022-09-07 11:50:00+05:30,short,17548.55,17603.0,17601.195649999998,10.0,-54.45,STOP_LOSS,2022-09
2022-09-09 09:55:00+05:30,2022-09-09 12:00:00+05:30,long,17896.1,17840.15,17842.411699999997,16.80000000000291,-55.95,STOP_LOSS,2022-09
2022-09-14 10:15:00+05:30,2022-09-14 11:40:00+05:30,short,17910.05,17973.2,17963.78015,0.0,-63.15,STOP_LOSS,2022-09
2022-09-15 12:05:00+05:30,2022-09-15 13:05:00+05:30,short,17883.3,17938.2,17936.9499,0.0,-54.9,STOP_LOSS,2022-09
2022-09-16 10:40:00+05:30,2022-09-16 14:40:00+05:30,short,17697.75,17598.45,17703.099330878413,187.34999999999854,99.3,ST_TOUCH,2022-09
2022-09-21 09:40:00+05:30,2022-09-21 12:45:00+05:30,short,17786.55,17734.5,17794.1806464701,115.70000000000073,52.05,TRAILING_PROFIT,2022-09
2022-09-22 10:05:00+05:30,2022-09-22 13:10:00+05:30,short,17664.0,17608.25,17671.306020550124,115.40000000000146,55.75,ST_TOUCH,2022-09
2022-09-23 10:15:00+05:30,2022-09-23 15:20:00+05:30,short,17428.25,17315.95,17440.741931866218,119.70000000000073,112.3,EOD_EXIT,2022-09
2022-09-28 10:35:00+05:30,2022-09-28 11:10:00+05:30,short,16912.5,16964.65,16963.2375,6.299999999999272,-52.15,STOP_LOSS,2022-09
2022-09-29 13:05:00+05:30,2022-09-29 14:35:00+05:30,short,16814.2,16874.35,16864.6426,18.25,-60.15,STOP_LOSS,2022-09
2022-09-30 11:15:00+05:30,2022-09-30 14:45:00+05:30,long,16961.95,17117.4,16957.79300905086,215.14999999999782,155.45,ST_TOUCH,2022-09
2022-10-07 12:00:00+05:30,2022-10-07 13:50:00+05:30,short,17228.4,17291.65,17280.0852,4.0,-63.25,STOP_LOSS,2022-10
2022-10-10 12:10:00+05:30,2022-10-10 13:00:00+05:30,long,17213.25,17243.95,17211.68092964896,63.70000000000073,30.7,TRAILING_PROFIT,2022-10
2022-10-12 10:00:00+05:30,2022-10-12 10:05:00+05:30,short,17025.7,16995.2,17076.7771,30.5,30.5,ST_TOUCH,2022-10
2022-10-13 10:25:00+05:30,2022-10-13 12:55:00+05:30,short,17014.0,17031.45,17020.356859365715,47.25,-17.45,STOP_LOSS,2022-10
2022-10-17 10:35:00+05:30,2022-10-17 15:20:00+05:30,long,17272.45,17326.25,17271.498304251287,53.79999999999927,53.8,EOD_EXIT,2022-10
2022-10-21 09:55:00+05:30,2022-10-21 12:35:00+05:30,long,17633.9,17631.75,17632.686707620647,34.25,-2.15,STOP_LOSS,2022-10
2022-10-25 10:00:00+05:30,2022-10-25 10:25:00+05:30,long,17768.55,17714.25,17715.24435,0.0,-54.3,STOP_LOSS,2022-10
2022-10-28 10:00:00+05:30,2022-10-28 12:20:00+05:30,long,17814.15,17758.3,17760.707550000003,21.849999999998545,-55.85,STOP_LOSS,2022-10
2022-10-31 11:00:00+05:30,2022-10-31 14:35:00+05:30,long,17953.4,17976.15,17899.539800000002,34.14999999999782,22.75,ST_TOUCH,2022-10
2022-11-01 09:45:00+05:30,2022-11-01 12:10:00+05:30,long,18134.1,18124.5,18132.099082058823,34.30000000000291,-9.6,STOP_LOSS,2022-11
2022-11-02 12:05:00+05:30,2022-11-02 15:20:00+05:30,short,18086.55,18075.35,18089.75275213886,35.29999999999927,11.2,EOD_EXIT,2022-11
2022-11-03 12:50:00+05:30,2022-11-03 15:20:00+05:30,short,18008.55,18052.6,18062.57565,2.9500000000007276,-44.05,EOD_EXIT,2022-11
2022-11-07 10:50:00+05:30,2022-11-07 14:20:00+05:30,short,18128.4,18142.7,18141.142525934527,54.150000000001455,-14.3,STOP_LOSS,2022-11
2022-11-10 10:50:00+05:30,2022-11-10 15:20:00+05:30,short,18032.05,18034.95,18034.812506447113,55.5,-2.9,EOD_EXIT,2022-11
2022-11-15 10:35:00+05:30,2022-11-15 13:40:00+05:30,short,18286.6,18343.4,18341.459799999997,1.9499999999970896,-56.8,STOP_LOSS,2022-11
2022-11-18 09:55:00+05:30,2022-11-18 13:20:00+05:30,short,18295.05,18261.05,18301.21204440419,68.39999999999782,34.0,TRAILING_PROFIT,2022-11
2022-11-22 10:20:00+05:30,2022-11-22 15:20:00+05:30,long,18209.9,18253.45,18208.739467106876,43.54999999999927,43.55,EOD_EXIT,2022-11
2022-11-28 11:05:00+05:30,2022-11-28 14:20:00+05:30,long,18566.95,18596.05,18511.24915,44.54999999999927,29.1,ST_TOUCH,2022-11
2022-12-05 12:25:00+05:30,2022-12-05 13:30:00+05:30,long,18712.2,18653.2,18656.0634,0.0,-59.0,STOP_LOSS,2022-12
2022-12-07 11:35:00+05:30,2022-12-07 15:20:00+05:30,short,18573.1,18540.2,18586.730489672544,35.64999999999782,32.9,EOD_EXIT,2022-12
2022-12-09 10:00:00+05:30,2022-12-09 10:30:00+05:30,long,18634.6,18563.95,18578.6962,0.0,-70.65,STOP_LOSS,2022-12
2022-12-13 10:05:00+05:30,2022-12-13 14:20:00+05:30,long,18523.9,18565.25,18468.3283,78.54999999999927,41.35,ST_TOUCH,2022-12
2022-12-14 10:50:00+05:30,2022-12-14 15:20:00+05:30,long,18672.85,18642.25,18616.831449999998,16.75,-30.6,EOD_EXIT,2022-12
2022-12-22 11:25:00+05:30,2022-12-22 13:15:00+05:30,short,18123.3,18143.9,18135.33833106765,51.25,-20.6,STOP_LOSS,2022-12
2022-12-28 10:40:00+05:30,2022-12-28 15:05:00+05:30,long,18114.95,18148.7,18112.697494994638,56.20000000000073,33.75,ST_TOUCH,2022-12
2022-12-30 10:20:00+05:30,2022-12-30 13:55:00+05:30,long,18230.5,18170.35,18175.8085,12.299999999999272,-60.15,STOP_LOSS,2022-12
2023-01-04 10:40:00+05:30,2023-01-04 13:35:00+05:30,short,18141.9,18089.45,18155.328303458635,101.65000000000146,52.45,ST_TOUCH,2023-01
2023-01-05 12:40:00+05:30,2023-01-05 14:45:00+05:30,short,17940.05,17959.7,17955.08313898039,41.95000000000073,-19.65,STOP_LOSS,2023-01
2023-01-06 12:40:00+05:30,2023-01-06 13:45:00+05:30,short,17875.4,17849.8,17876.960713756554,74.10000000000218,25.6,TRAILING_PROFIT,2023-01
2023-01-09 09:55:00+05:30,2023-01-09 12:35:00+05:30,long,18050.6,18088.25,18045.888066875254,84.75,37.65,ST_TOUCH,2023-01
2023-01-12 11:10:00+05:30,2023-01-12 14:20:00+05:30,short,17800.85,17858.95,17854.252549999997,27.399999999997817,-58.1,STOP_LOSS,2023-01
2023-01-13 12:50:00+05:30,2023-01-13 14:35:00+05:30,long,17922.7,17940.05,17918.628985482843,72.39999999999782,17.35,TRAILING_PROFIT,2023-01
2023-01-18 09:40:00+05:30,2023-01-18 14:05:00+05:30,long,18090.5,18141.55,18085.578038490392,85.5,51.05,ST_TOUCH,2023-01
2023-01-27 09:45:00+05:30,2023-01-27 10:35:00+05:30,short,17755.2,17766.4,17772.462183782944,70.54999999999927,-11.2,TRAILING_PROFIT,2023-01
2023-02-01 10:25:00+05:30,2023-02-01 12:10:00+05:30,long,17807.45,17752.95,17754.02765,18.950000000000728,-54.5,STOP_LOSS,2023-02
2023-02-07 12:35:00+05:30,2023-02-07 13:30:00+05:30,short,17694.05,17719.35,17702.995061632413,39.39999999999782,-25.3,STOP_LOSS,2023-02
2023-02-14 09:50:00+05:30,2023-02-14 15:20:00+05:30,long,17832.9,17926.8,17826.61771297516,113.5,93.9,EOD_EXIT,2023-02
2023-02-16 09:55:00+05:30,2023-02-16 12:35:00+05:30,long,18122.55,18064.2,18068.18235,2.150000000001455,-58.35,STOP_LOSS,2023-02
2023-02-17 10:05:00+05:30,2023-02-17 15:10:00+05:30,short,18002.9,17949.45,18004.85186212737,113.20000000000073,53.45,ST_TOUCH,2023-02
2023-02-21 10:55:00+05:30,2023-02-21 11:40:00+05:30,short,17898.35,17870.8,17952.045049999997,27.549999999999272,27.55,ST_TOUCH,2023-02
2023-02-21 12:20:00+05:30,2023-02-21 15:20:00+05:30,short,17836.65,17836.15,17890.15995,23.0,0.5,EOD_EXIT,2023-02
2023-02-24 12:45:00+05:30,2023-02-24 14:15:00+05:30,short,17453.3,17430.6,17505.6599,22.700000000000728,22.7,ST_TOUCH,2023-02
2023-02-27 09:50:00+05:30,2023-02-27 11:00:00+05:30,short,17376.1,17345.9,17377.96059548695,69.69999999999709,30.2,TRAILING_PROFIT,2023-02
2023-02-28 10:25:00+05:30,2023-02-28 10:45:00+05:30,long,17412.3,17354.6,17360.0631,0.0,-57.7,STOP_LOSS,2023-02
2023-03-08 09:45:00+05:30,2023-03-08 14:00:00+05:30,short,17654.0,17713.45,17706.962,3.25,-59.45,STOP_LOSS,2023-03
2023-03-09 10:35:00+05:30,2023-03-09 15:20:00+05:30,short,17687.7,17585.25,17689.45369541218,107.95000000000073,102.45,EOD_EXIT,2023-03
2023-03-13 10:15:00+05:30,2023-03-13 11:00:00+05:30,long,17460.05,17404.45,17407.66985,2.4500000000007276,-55.6,STOP_LOSS,2023-03
2023-03-16 09:40:00+05:30,2023-03-16 10:15:00+05:30,short,16865.05,16917.65,16915.64515,0.2999999999992724,-52.6,STOP_LOSS,2023-03
2023-03-21 10:00:00+05:30,2023-03-21 15:20:00+05:30,long,17051.1,17104.5,17049.461987121114,72.40000000000146,53.4,EOD_EXIT,2023-03
2023-03-24 10:00:00+05:30,2023-03-24 12:10:00+05:30,short,17052.2,17082.5,17082.26350936565,34.45000000000073,-30.3,STOP_LOSS,2023-03
2023-03-27 11:15:00+05:30,2023-03-27 12:05:00+05:30,short,16978.45,17039.9,17029.38535,0.0,-61.45,STOP_LOSS,2023-03
2023-03-28 10:25:00+05:30,2023-03-28 15:20:00+05:30,short,16969.7,16963.65,16971.69220699075,50.45000000000073,6.05,EOD_EXIT,2023-03
2023-03-29 13:25:00+05:30,2023-03-29 15:20:00+05:30,long,17018.0,17109.35,17003.81522956686,91.34999999999854,91.35,EOD_EXIT,2023-03
2023-04-05 10:25:00+05:30,2023-04-05 15:20:00+05:30,long,17500.95,17566.35,17500.863595708997,65.39999999999782,65.4,EOD_EXIT,2023-04
2023-04-12 11:40:00+05:30,2023-04-12 15:00:00+05:30,long,17770.45,17801.8,17768.19052710561,48.099999999998545,31.35,ST_TOUCH,2023-04
2023-04-13 12:15:00+05:30,2023-04-13 14:15:00+05:30,short,17737.1,17797.6,17790.311299999998,5.44999999999709,-60.5,STOP_LOSS,2023-04
2023-04-21 13:00:00+05:30,2023-04-21 14:25:00+05:30,short,17563.8,17629.3,17616.4914,2.75,-65.5,STOP_LOSS,2023-04
2023-04-26 12:20:00+05:30,2023-04-26 15:20:00+05:30,long,17788.3,17825.5,17785.998568336498,37.20000000000073,37.2,EOD_EXIT,2023-04
2023-04-28 13:05:00+05:30,2023-04-28 15:20:00+05:30,long,17971.45,18084.05,17970.696348521695,112.59999999999854,112.6,EOD_EXIT,2023-04
2023-05-03 10:05:00+05:30,2023-05-03 15:10:00+05:30,short,18081.05,18098.0,18096.874547977375,30.25,-16.95,STOP_LOSS,2023-05
2023-05-09 10:55:00+05:30,2023-05-09 13:25:00+05:30,long,18338.8,18282.0,18283.7836,0.0,-56.8,STOP_LOSS,2023-05
2023-05-11 10:35:00+05:30,2023-05-11 15:20:00+05:30,long,18343.4,18306.75,18288.3698,1.25,-36.65,EOD_EXIT,2023-05
2023-05-12 12:55:00+05:30,2023-05-12 15:20:00+05:30,long,18307.4,18313.25,18305.8062571604,32.54999999999927,5.85,EOD_EXIT,2023-05
2023-05-16 10:25:00+05:30,2023-05-16 15:20:00+05:30,short,18385.75,18275.1,18387.883687797832,110.65000000000146,110.65,EOD_EXIT,2023-05
2023-05-18 10:20:00+05:30,2023-05-18 14:05:00+05:30,long,18236.35,18172.0,18181.640949999997,15.80000000000291,-64.35,STOP_LOSS,2023-05
2023-05-22 10:10:00+05:30,2023-05-22 13:30:00+05:30,long,18270.6,18259.15,18269.441647315525,46.35000000000218,-11.45,STOP_LOSS,2023-05
2023-05-23 11:10:00+05:30,2023-05-23 15:10:00+05:30,long,18411.85,18343.9,18356.614449999997,3.5500000000029104,-67.95,STOP_LOSS,2023-05
2023-05-24 10:35:00+05:30,2023-05-24 13:10:00+05:30,long,18369.8,18302.35,18314.690599999998,17.5,-67.45,STOP_LOSS,2023-05
2023-05-26 09:40:00+05:30,2023-05-26 15:20:00+05:30,long,18381.05,18495.7,18378.71410774391,123.95000000000073,114.65,EOD_EXIT,2023-05
2023-06-01 09:45:00+05:30,2023-06-01 14:20:00+05:30,long,18571.2,18513.85,18515.4864,5.5,-57.35,STOP_LOSS,2023-06
2023-06-02 13:30:00+05:30,2023-06-02 15:20:00+05:30,long,18560.1,18526.4,18504.4197,5.450000000000728,-33.7,EOD_EXIT,2023-06
2023-06-06 10:45:00+05:30,2023-06-06 15:20:00+05:30,short,18558.35,18620.0,18614.02505,24.25,-61.65,EOD_EXIT,2023-06
2023-06-08 11:50:00+05:30,2023-06-08 15:20:00+05:30,short,18703.8,18637.95,18711.192059147426,82.29999999999927,65.85,EOD_EXIT,2023-06
2023-06-13 09:40:00+05:30,2023-06-13 15:20:00+05:30,long,18697.35,18721.95,18641.25795,25.5,24.6,EOD_EXIT,2023-06
2023-06-14 12:15:00+05:30,2023-06-14 15:20:00+05:30,long,18746.75,18750.65,18690.50975,19.299999999999272,3.9,EOD_EXIT,2023-06
2023-06-15 13:05:00+05:30,2023-06-15 15:20:00+05:30,short,18722.3,18682.9,18726.532173271557,44.89999999999782,39.4,EOD_EXIT,2023-06
2023-06-19 11:05:00+05:30,2023-06-19 14:50:00+05:30,short,18769.95,18774.45,18772.818207587716,46.54999999999927,-4.5,STOP_LOSS,2023-06
2023-06-21 09:45:00+05:30,2023-06-21 11:05:00+05:30,long,18866.6,18807.65,18810.0002,7.0,-58.95,STOP_LOSS,2023-06
2023-06-22 12:55:00+05:30,2023-06-22 13:40:00+05:30,short,18795.95,18856.15,18852.33785,9.150000000001455,-60.2,STOP_LOSS,2023-06
2023-06-23 10:40:00+05:30,2023-06-23 15:20:00+05:30,short,18709.25,18655.85,18710.807966740686,53.400000000001455,53.4,EOD_EXIT,2023-06
2023-06-27 10:00:00+05:30,2023-06-27 15:20:00+05:30,long,18735.15,18817.2,18678.94455,89.64999999999782,82.05,EOD_EXIT,2023-06
2023-07-03 13:00:00+05:30,2023-07-03 15:20:00+05:30,long,19327.25,19336.6,19269.26825,9.349999999998545,9.35,EOD_EXIT,2023-07
2023-07-04 12:40:00+05:30,2023-07-04 14:10:00+05:30,long,19398.55,19373.35,19386.933514837026,33.95000000000073,-25.2,STOP_LOSS,2023-07
2023-07-06 10:10:00+05:30,2023-07-06 15:20:00+05:30,long,19449.85,19494.8,19449.02265378442,55.60000000000218,44.95,EOD_EXIT,2023-07
2023-07-07 10:50:00+05:30,2023-07-07 14:40:00+05:30,short,19407.35,19415.5,19413.68401750979,51.44999999999709,-8.15,STOP_LOSS,2023-07
2023-07-14 11:35:00+05:30,2023-07-14 15:00:00+05:30,short,19476.55,19542.35,19534.979649999997,14.25,-65.8,STOP_LOSS,2023-07
2023-07-18 13:00:00+05:30,2023-07-18 14:00:00+05:30,short,19710.75,19776.1,19769.88225,0.0,-65.35,STOP_LOSS,2023-07
2023-07-20 09:50:00+05:30,2023-07-20 10:25:00+05:30,short,19765.8,19831.75,19825.0974,5.700000000000728,-65.95,STOP_LOSS,2023-07
2023-07-24 11:50:00+05:30,2023-07-24 12:50:00+05:30,short,19685.05,19746.55,19744.10515,13.799999999999272,-61.5,STOP_LOSS,2023-07
2023-07-25 10:15:00+05:30,2023-07-25 14:15:00+05:30,short,19668.9,19677.85,19676.533605921122,47.45000000000073,-8.95,STOP_LOSS,2023-07
2023-07-27 12:30:00+05:30,2023-07-27 15:15:00+05:30,short,19724.25,19677.05,19727.6862585002,117.95000000000073,47.2,ST_TOUCH,2023-07
2023-08-02 09:40:00+05:30,2023-08-02 14:50:00+05:30,short,19620.8,19484.5,19620.883697460245,192.0,136.3,ST_TOUCH,2023-08
2023-08-03 13:00:00+05:30,2023-08-03 15:00:00+05:30,short,19348.7,19359.25,19359.005055480022,42.79999999999927,-10.55,STOP_LOSS,2023-08
2023-08-07 10:15:00+05:30,2023-08-07 15:20:00+05:30,long,19574.15,19599.9,19568.591989451295,40.89999999999782,25.75,EOD_EXIT,2023-08
2023-08-09 09:40:00+05:30,2023-08-09 14:40:00+05:30,short,19505.25,19574.2,19563.76575,27.549999999999272,-68.95,STOP_LOSS,2023-08
2023-08-10 10:25:00+05:30,2023-08-10 11:55:00+05:30,short,19539.6,19575.1,19571.44892589,33.69999999999709,-35.5,STOP_LOSS,2023-08
2023-08-11 09:50:00+05:30,2023-08-11 15:20:00+05:30,short,19466.3,19432.55,19470.875178634353,50.45000000000073,33.75,EOD_EXIT,2023-08
2023-08-23 12:25:00+05:30,2023-08-23 15:20:00+05:30,long,19442.55,19447.2,19384.22235,22.549999999999272,4.65,EOD_EXIT,2023-08
2023-08-24 11:50:00+05:30,2023-08-24 15:20:00+05:30,short,19469.9,19373.6,19471.299392784003,96.30000000000291,96.3,EOD_EXIT,2023-08
2023-08-28 13:20:00+05:30,2023-08-28 15:20:00+05:30,long,19350.5,19304.85,19292.4485,12.75,-45.65,EOD_EXIT,2023-08
2023-08-30 10:10:00+05:30,2023-08-30 14:50:00+05:30,long,19440.55,19376.2,19382.228349999998,8.549999999999272,-64.35,STOP_LOSS,2023-08
2023-08-31 11:45:00+05:30,2023-08-31 13:50:00+05:30,short,19322.0,19297.95,19333.781735450502,45.400000000001455,24.05,ST_TOUCH,2023-08
2023-09-04 12:20:00+05:30,2023-09-04 15:20:00+05:30,long,19506.1,19533.7,19447.5817,27.600000000002183,27.6,EOD_EXIT,2023-09
2023-09-06 12:35:00+05:30,2023-09-06 14:30:00+05:30,short,19530.9,19540.0,19531.561766030507,34.20000000000073,-9.1,STOP_LOSS,2023-09
2023-09-08 10:45:00+05:30,2023-09-08 14:40:00+05:30,long,19762.9,19816.85,19754.483845662235,100.04999999999927,53.95,ST_TOUCH,2023-09
2023-09-12 10:15:00+05:30,2023-09-12 11:35:00+05:30,short,19959.85,20026.8,20019.72955,17.299999999999272,-66.95,STOP_LOSS,2023-09
2023-09-13 12:20:00+05:30,2023-09-13 15:20:00+05:30,long,20051.45,20065.0,20050.428344727225,41.04999999999927,13.55,EOD_EXIT,2023-09
2023-09-15 09:55:00+05:30,2023-09-15 12:30:00+05:30,long,20150.3,20139.55,20146.998726871672,42.29999999999927,-10.75,STOP_LOSS,2023-09
2023-09-20 09:45:00+05:30,2023-09-20 15:20:00+05:30,short,19995.1,19908.1,19996.535590809224,102.29999999999927,87.0,EOD_EXIT,2023-09
2023-09-25 10:05:00+05:30,2023-09-25 12:10:00+05:30,short,19639.5,19653.25,19649.96746963305,31.450000000000728,-13.75,STOP_LOSS,2023-09
2023-09-27 11:35:00+05:30,2023-09-27 15:20:00+05:30,long,19653.15,19721.35,19648.24278030386,72.54999999999927,68.2,EOD_EXIT,2023-09
2023-09-28 11:05:00+05:30,2023-09-28 15:20:00+05:30,short,19673.9,19549.35,19676.04905848943,174.65000000000146,124.55,EOD_EXIT,2023-09
2023-10-03 09:50:00+05:30,2023-10-03 13:45:00+05:30,short,19495.15,19560.15,19553.63545,9.200000000000728,-65.0,STOP_LOSS,2023-10
2023-10-04 09:55:00+05:30,2023-10-04 14:40:00+05:30,short,19400.65,19418.0,19401.105897170404,58.35000000000218,-17.35,STOP_LOSS,2023-10
2023-10-09 12:40:00+05:30,2023-10-09 15:20:00+05:30,short,19515.1,19502.2,19573.6453,15.049999999999272,12.9,EOD_EXIT,2023-10
2023-10-12 11:55:00+05:30,2023-10-12 15:20:00+05:30,long,19829.55,19793.95,19770.06135,0.0,-35.6,EOD_EXIT,2023-10
2023-10-18 09:50:00+05:30,2023-10-18 15:20:00+05:30,short,19804.85,19664.5,19808.118381182263,140.34999999999854,140.35,EOD_EXIT,2023-10
2023-10-19 12:05:00+05:30,2023-10-19 15:20:00+05:30,long,19660.45,19612.65,19601.468650000003,14.899999999997817,-47.8,EOD_EXIT,2023-10
2023-10-25 11:35:00+05:30,2023-10-25 14:10:00+05:30,short,19229.25,19174.35,19239.175857864466,148.45000000000073,54.9,ST_TOUCH,2023-10
2023-10-30 11:25:00+05:30,2023-10-30 15:20:00+05:30,long,19104.4,19141.95,19097.983833896404,42.19999999999709,37.55,EOD_EXIT,2023-10
2023-10-31 11:45:00+05:30,2023-10-31 14:25:00+05:30,short,19076.65,19135.55,19133.879950000002,3.5500000000029104,-58.9,STOP_LOSS,2023-10
2023-11-01 10:00:00+05:30,2023-11-01 15:20:00+05:30,short,19026.15,18982.05,19035.998788000386,46.75,44.1,EOD_EXIT,2023-11
2023-11-03 11:00:00+05:30,2023-11-03 15:20:00+05:30,long,19272.45,19228.25,19214.63265,0.0,-44.2,EOD_EXIT,2023-11
2023-11-08 09:55:00+05:30,2023-11-08 15:20:00+05:30,long,19444.0,19440.75,19385.668,18.849999999998545,-3.25,EOD_EXIT,2023-11
2023-11-10 10:55:00+05:30,2023-11-10 15:15:00+05:30,short,19369.05,19428.5,19427.15715,11.5,-59.45,STOP_LOSS,2023-11
2023-11-15 11:00:00+05:30,2023-11-15 15:20:00+05:30,long,19626.45,19690.95,19567.57065,64.5,64.5,EOD_EXIT,2023-11
2023-11-16 12:15:00+05:30,2023-11-16 15:10:00+05:30,long,19802.15,19730.65,19742.743550000003,56.64999999999782,-71.5,STOP_LOSS,2023-11
2023-11-20 12:30:00+05:30,2023-11-20 15:20:00+05:30,short,19689.2,19694.15,19748.2676,4.150000000001455,-4.95,EOD_EXIT,2023-11
2023-11-22 12:25:00+05:30,2023-11-22 14:25:00+05:30,short,19714.3,19777.65,19773.4429,0.0,-63.35,STOP_LOSS,2023-11
2023-12-01 10:15:00+05:30,2023-12-01 15:20:00+05:30,long,20261.25,20262.7,20200.46625,24.799999999999272,1.45,EOD_EXIT,2023-12
2023-12-06 11:35:00+05:30,2023-12-06 13:10:00+05:30,long,20937.55,20873.4,20874.73735,1.4000000000014552,-64.15,STOP_LOSS,2023-12
2023-12-08 09:45:00+05:30,2023-12-08 12:50:00+05:30,long,20981.65,20914.65,20918.70505,15.399999999997817,-67.0,STOP_LOSS,2023-12
2023-12-11 09:50:00+05:30,2023-12-11 15:20:00+05:30,long,20997.35,20991.2,20934.357949999998,28.0,-6.15,EOD_EXIT,2023-12
2023-12-13 09:55:00+05:30,2023-12-13 12:45:00+05:30,short,20832.5,20807.7,20834.611486538335,61.54999999999927,24.8,TRAILING_PROFIT,2023-12
2023-12-14 09:50:00+05:30,2023-12-14 15:20:00+05:30,long,21172.15,21205.65,21170.82053631551,36.69999999999709,33.5,EOD_EXIT,2023-12
2023-12-19 10:05:00+05:30,2023-12-19 11:35:00+05:30,short,21341.3,21410.9,21405.3239,0.0,-69.6,STOP_LOSS,2023-12
2023-12-20 13:05:00+05:30,2023-12-20 15:20:00+05:30,short,21486.25,21128.35,21512.16627889678,357.90000000000146,357.9,EOD_EXIT,2023-12
2023-12-21 12:40:00+05:30,2023-12-21 15:20:00+05:30,long,21250.2,21267.6,21186.4494,17.399999999997817,17.4,EOD_EXIT,2023-12
2023-12-26 11:15:00+05:30,2023-12-26 15:20:00+05:30,long,21462.3,21448.25,21397.913099999998,4.600000000002183,-14.05,EOD_EXIT,2023-12
2023-12-28 09:45:00+05:30,2023-12-28 15:20:00+05:30,long,21753.2,21786.6,21734.67144959664,33.39999999999782,33.4,EOD_EXIT,2023-12
2024-01-02 09:55:00+05:30,2024-01-02 10:45:00+05:30,short,21636.8,21609.85,21663.21436662982,68.20000000000073,26.95,TRAILING_PROFIT,2024-01
2024-01-04 13:05:00+05:30,2024-01-04 15:20:00+05:30,long,21668.0,21666.85,21602.996,1.8499999999985448,-1.15,EOD_EXIT,2024-01
2024-01-08 12:45:00+05:30,2024-01-08 15:20:00+05:30,short,21591.5,21508.5,21603.15577096802,88.59999999999854,83.0,EOD_EXIT,2024-01
2024-01-10 10:45:00+05:30,2024-01-10 14:50:00+05:30,short,21516.4,21588.55,21580.949200000003,27.350000000002183,-72.15,STOP_LOSS,2024-01
2024-01-12 09:55:00+05:30,2024-01-12 15:05:00+05:30,long,21754.85,21857.2,21745.69727834458,172.15000000000146,102.35,ST_TOUCH,2024-01
2024-01-23 11:35:00+05:30,2024-01-23 15:20:00+05:30,short,21509.15,21257.1,21524.554636979985,313.0,252.05,EOD_EXIT,2024-01
2024-01-24 10:20:00+05:30,2024-01-24 11:25:00+05:30,long,21379.0,21297.15,21314.863,21.799999999999272,-81.85,STOP_LOSS,2024-01
2024-01-29 10:55:00+05:30,2024-01-29 15:20:00+05:30,long,21628.15,21758.55,21623.90455851727,130.39999999999782,130.4,EOD_EXIT,2024-01
2024-01-31 09:50:00+05:30,2024-01-31 10:30:00+05:30,short,21555.3,21627.55,21619.9659,0.0,-72.25,STOP_LOSS,2024-01
2024-02-02 13:10:00+05:30,2024-02-02 15:20:00+05:30,short,21846.3,21846.2,21911.8389,21.799999999999272,0.1,EOD_EXIT,2024-02
2024-02-06 13:25:00+05:30,2024-02-06 15:20:00+05:30,long,21915.55,21944.7,21849.80335,29.150000000001455,29.15,EOD_EXIT,2024-02
2024-02-07 11:55:00+05:30,2024-02-07 14:05:00+05:30,short,21875.0,21951.0,21940.625,0.0,-76.0,STOP_LOSS,2024-02
2024-02-08 11:05:00+05:30,2024-02-08 11:50:00+05:30,short,21716.45,21794.5,21781.59935,0.0,-78.05,STOP_LOSS,2024-02
2024-02-09 11:20:00+05:30,2024-02-09 11:40:00+05:30,short,21653.45,21722.15,21718.410350000002,0.0,-68.7,STOP_LOSS,2024-02
2024-02-12 12:45:00+05:30,2024-02-12 14:10:00+05:30,short,21641.95,21688.35,21672.99866779739,46.150000000001455,-46.4,STOP_LOSS,2024-02
2024-02-13 11:05:00+05:30,2024-02-13 12:10:00+05:30,long,21739.35,21646.9,21674.13195,25.0,-92.45,STOP_LOSS,2024-02
2024-02-15 10:05:00+05:30,2024-02-15 14:20:00+05:30,long,21862.75,21881.65,21852.86500524549,88.54999999999927,18.9,TRAILING_PROFIT,2024-02
2024-02-20 09:50:00+05:30,2024-02-20 11:30:00+05:30,short,22066.4,22138.1,22132.5992,2.850000000002183,-71.7,STOP_LOSS,2024-02
2024-02-22 09:50:00+05:30,2024-02-22 11:40:00+05:30,short,22010.65,21957.4,22025.265694099817,112.10000000000218,53.25,TRAILING_PROFIT,2024-02
2024-02-23 10:10:00+05:30,2024-02-23 15:20:00+05:30,long,22269.95,22215.35,22203.14015,6.0,-54.6,EOD_EXIT,2024-02
2024-02-28 11:00:00+05:30,2024-02-28 13:20:00+05:30,short,22031.8,21999.8,22042.96094484296,89.29999999999927,32.0,TRAILING_PROFIT,2024-02
2024-03-01 09:40:00+05:30,2024-03-01 15:20:00+05:30,long,22161.85,22331.75,22151.844657308164,186.75,169.9,EOD_EXIT,2024-03
2024-03-05 10:05:00+05:30,2024-03-05 11:50:00+05:30,short,22326.4,22343.35,22329.997115169168,46.5,-16.95,STOP_LOSS,2024-03
2024-03-06 09:50:00+05:30,2024-03-06 12:30:00+05:30,short,22310.1,22274.3,22314.008178392032,80.19999999999709,35.8,TRAILING_PROFIT,2024-03
2024-03-07 10:00:00+05:30,2024-03-07 15:20:00+05:30,long,22491.05,22483.1,22423.576849999998,24.950000000000728,-7.95,EOD_EXIT,2024-03
2024-03-11 11:05:00+05:30,2024-03-11 14:30:00+05:30,short,22425.45,22385.4,22428.88192343177,81.20000000000073,40.05,TRAILING_PROFIT,2024-03
2024-03-13 11:35:00+05:30,2024-03-13 12:35:00+05:30,short,22155.55,22112.5,22157.92072549923,102.89999999999782,43.05,TRAILING_PROFIT,2024-03
2024-03-14 11:35:00+05:30,2024-03-14 13:35:00+05:30,long,22141.85,22126.35,22128.645883181267,59.35000000000218,-15.5,STOP_LOSS,2024-03
2024-03-19 09:50:00+05:30,2024-03-19 15:20:00+05:30,short,21946.15,21809.4,21947.91797023507,139.70000000000073,136.75,EOD_EXIT,2024-03
2024-03-20 11:20:00+05:30,2024-03-20 11:40:00+05:30,short,21764.25,21844.35,21829.54275,0.0,-80.1,STOP_LOSS,2024-03
2024-03-22 11:30:00+05:30,2024-03-22 15:05:00+05:30,long,22082.45,22098.05,22068.832375891412,75.14999999999782,15.6,TRAILING_PROFIT,2024-03
2024-04-03 12:10:00+05:30,2024-04-03 15:20:00+05:30,long,22479.0,22437.65,22411.563,28.450000000000728,-41.35,EOD_EXIT,2024-04
2024-04-04 11:55:00+05:30,2024-04-04 12:40:00+05:30,short,22389.0,22467.75,22456.167,4.799999999999272,-78.75,STOP_LOSS,2024-04
2024-04-08 11:40:00+05:30,2024-04-08 13:25:00+05:30,long,22651.0,22639.8,22647.35538357643,44.25,-11.2,STOP_LOSS,2024-04
2024-04-10 11:15:00+05:30,2024-04-10 15:00:00+05:30,short,22693.2,22773.25,22761.2796,16.100000000002183,-80.05,STOP_LOSS,2024-04
2024-04-12 10:20:00+05:30,2024-04-12 15:20:00+05:30,short,22631.15,22512.3,22643.444604339827,118.85000000000218,118.85,EOD_EXIT,2024-04
2024-04-16 09:45:00+05:30,2024-04-16 14:00:00+05:30,short,22182.55,22145.3,22187.918985209148,94.34999999999854,37.25,ST_TOUCH,2024-04
2024-04-19 10:25:00+05:30,2024-04-19 11:40:00+05:30,short,21856.8,21925.95,21922.3704,0.0,-69.15,STOP_LOSS,2024-04
2024-04-22 10:15:00+05:30,2024-04-22 15:20:00+05:30,long,22259.2,22353.55,22258.84659324952,94.34999999999854,94.35,EOD_EXIT,2024-04
2024-04-26 13:30:00+05:30,2024-04-26 15:20:00+05:30,short,22444.6,22435.1,22458.426619336053,42.099999999998545,9.5,EOD_EXIT,2024-04
2024-05-03 11:20:00+05:30,2024-05-03 12:40:00+05:30,short,22550.1,22541.85,22565.28465300574,76.54999999999927,8.25,TRAILING_PROFIT,2024-05
2024-05-07 10:35:00+05:30,2024-05-07 11:50:00+05:30,short,22329.8,22294.7,22338.411219940543,89.20000000000073,35.1,TRAILING_PROFIT,2024-05
2024-05-08 10:25:00+05:30,2024-05-08 11:15:00+05:30,short,22211.65,22286.6,22278.28495,9.150000000001455,-74.95,STOP_LOSS,2024-05
2024-05-09 10:25:00+05:30,2024-05-09 15:20:00+05:30,short,22142.8,21942.25,22146.825627548867,200.54999999999927,200.55,EOD_EXIT,2024-05
2024-05-13 12:25:00+05:30,2024-05-13 13:30:00+05:30,long,22023.6,21942.2,21957.529199999997,9.30000000000291,-81.4,STOP_LOSS,2024-05
2024-05-14 11:10:00+05:30,2024-05-14 15:00:00+05:30,long,22178.9,22200.5,22163.527461005622,90.0,21.6,ST_TOUCH,2024-05
2024-05-17 09:55:00+05:30,2024-05-17 15:20:00+05:30,long,22407.05,22471.55,22401.98558233863,93.15000000000146,64.5,EOD_EXIT,2024-05
2024-05-21 11:45:00+05:30,2024-05-21 13:20:00+05:30,long,22519.05,22547.5,22518.418320065022,63.10000000000218,28.45,TRAILING_PROFIT,2024-05
2024-05-27 12:15:00+05:30,2024-05-27 14:45:00+05:30,long,23082.35,22987.9,23013.102949999997,23.100000000002183,-94.45,STOP_LOSS,2024-05
2024-05-29 10:15:00+05:30,2024-05-29 12:45:00+05:30,short,22749.45,22797.1,22772.208852510234,35.10000000000218,-47.65,STOP_LOSS,2024-05
2024-05-30 10:00:00+05:30,2024-05-30 15:15:00+05:30,short,22580.05,22502.35,22590.251710407723,159.5,77.7,TRAILING_PROFIT,2024-05
2024-06-04 10:30:00+05:30,2024-06-04 12:45:00+05:30,short,22665.7,21907.6,22696.728475081545,1371.6000000000022,758.1,ST_TOUCH,2024-06
2024-06-05 12:00:00+05:30,2024-06-05 15:20:00+05:30,long,22311.45,22580.3,22303.220643885616,346.3999999999978,268.85,EOD_EXIT,2024-06
2024-06-07 11:35:00+05:30,2024-06-07 12:15:00+05:30,long,23138.35,23168.65,23094.784319690614,77.0,30.3,TRAILING_PROFIT,2024-06
2024-06-18 10:30:00+05:30,2024-06-18 15:20:00+05:30,long,23544.55,23565.6,23473.91635,21.049999999999272,21.05,EOD_EXIT,2024-06
2024-06-19 10:25:00+05:30,2024-06-19 11:00:00+05:30,short,23447.35,23518.1,23517.692049999998,15.049999999999272,-70.75,STOP_LOSS,2024-06
2024-06-20 11:10:00+05:30,2024-06-20 13:20:00+05:30,short,23533.65,23608.85,23604.25095,1.3000000000029104,-75.2,STOP_LOSS,2024-06
2024-06-21 12:30:00+05:30,2024-06-21 13:20:00+05:30,short,23519.6,23479.45,23524.037335629637,81.64999999999782,40.15,TRAILING_PROFIT,2024-06
2024-06-25 09:45:00+05:30,2024-06-25 15:20:00+05:30,long,23615.7,23745.9,23606.178318363443,130.20000000000073,130.2,EOD_EXIT,2024-06
2024-06-27 12:45:00+05:30,2024-06-27 14:30:00+05:30,long,24002.2,23924.55,23930.1934,0.0,-77.65,STOP_LOSS,2024-06
2024-06-28 10:25:00+05:30,2024-06-28 12:20:00+05:30,long,24140.9,24057.4,24068.477300000002,8.049999999999272,-83.5,STOP_LOSS,2024-06
2024-07-02 13:30:00+05:30,2024-07-02 15:20:00+05:30,short,24102.75,24125.8,24175.05825,0.0,-23.05,EOD_EXIT,2024-07
2024-07-05 09:50:00+05:30,2024-07-05 10:35:00+05:30,short,24179.6,24252.45,24252.138799999997,0.0,-72.85,STOP_LOSS,2024-07
2024-07-08 10:25:00+05:30,2024-07-08 15:20:00+05:30,long,24323.05,24340.1,24250.08085,17.049999999999272,17.05,EOD_EXIT,2024-07
2024-07-10 10:25:00+05:30,2024-07-10 10:55:00+05:30,short,24238.0,24212.7,24281.895791218463,64.5,25.3,TRAILING_PROFIT,2024-07
2024-07-12 10:55:00+05:30,2024-07-12 15:00:00+05:30,long,24526.85,24502.05,24519.133358836007,58.5,-24.8,STOP_LOSS,2024-07
2024-07-18 13:05:00+05:30,2024-07-18 15:20:00+05:30,long,24641.95,24800.55,24634.854631340433,178.95000000000073,158.6,EOD_EXIT,2024-07
2024-07-19 11:40:00+05:30,2024-07-19 15:20:00+05:30,short,24637.4,24528.8,24640.165274726725,110.85000000000218,108.6,EOD_EXIT,2024-07
2024-07-22 12:35:00+05:30,2024-07-22 15:20:00+05:30,short,24475.05,24512.65,24548.47515,0.0,-37.6,EOD_EXIT,2024-07
2024-07-23 13:10:00+05:30,2024-07-23 13:50:00+05:30,short,24279.65,24369.5,24352.488950000003,0.0,-89.85,STOP_LOSS,2024-07
2024-07-24 12:10:00+05:30,2024-07-24 13:10:00+05:30,short,24379.85,24362.0,24413.291525618388,61.25,17.85,TRAILING_PROFIT,2024-07
2024-07-26 09:40:00+05:30,2024-07-26 15:20:00+05:30,long,24526.6,24835.0,24524.83137163689,322.4500000000007,308.4,EOD_EXIT,2024-07
2024-07-30 12:25:00+05:30,2024-07-30 15:00:00+05:30,long,24950.95,24862.35,24876.09715,13.149999999997817,-88.6,STOP_LOSS,2024-07
2024-08-01 11:10:00+05:30,2024-08-01 15:20:00+05:30,long,25033.45,25021.45,24958.34965,0.0,-12.0,EOD_EXIT,2024-08
2024-08-12 11:15:00+05:30,2024-08-12 14:50:00+05:30,long,24460.6,24360.1,24387.2182,0.0,-100.5,STOP_LOSS,2024-08
2024-08-16 12:30:00+05:30,2024-08-16 15:20:00+05:30,long,24422.3,24543.8,24412.495676537954,134.25,121.5,EOD_EXIT,2024-08
2024-08-22 10:45:00+05:30,2024-08-22 15:20:00+05:30,long,24826.55,24817.95,24752.070349999998,17.200000000000728,-8.6,EOD_EXIT,2024-08
2024-08-23 11:05:00+05:30,2024-08-23 15:20:00+05:30,long,24847.15,24831.7,24772.60855,5.75,-15.45,EOD_EXIT,2024-08
2024-08-27 12:35:00+05:30,2024-08-27 15:20:00+05:30,long,25050.65,25012.1,24975.498050000002,13.799999999999272,-38.55,EOD_EXIT,2024-08
2024-08-28 12:25:00+05:30,2024-08-28 15:20:00+05:30,long,25100.8,25042.45,25025.4976,23.700000000000728,-58.35,EOD_EXIT,2024-08
2024-08-30 10:35:00+05:30,2024-08-30 15:20:00+05:30,long,25228.8,25241.65,25153.1136,26.600000000002183,12.85,EOD_EXIT,2024-08
2024-09-06 09:45:00+05:30,2024-09-06 12:20:00+05:30,short,25020.75,24952.5,25021.068591637202,153.75,68.25,TRAILING_PROFIT,2024-09
2024-09-10 11:40:00+05:30,2024-09-10 14:40:00+05:30,long,25005.45,25070.0,24999.081645893035,119.14999999999782,64.55,ST_TOUCH,2024-09
2024-09-17 11:20:00+05:30,2024-09-17 15:20:00+05:30,long,25428.35,25407.15,25352.06495,8.600000000002183,-21.2,EOD_EXIT,2024-09
2024-09-18 12:25:00+05:30,2024-09-18 13:00:00+05:30,long,25474.35,25386.7,25397.926949999997,3.2000000000007276,-87.65,STOP_LOSS,2024-09
2024-09-19 09:40:00+05:30,2024-09-19 09:55:00+05:30,long,25604.95,25525.3,25528.135150000002,0.0,-79.65,STOP_LOSS,2024-09
2024-09-23 09:50:00+05:30,2024-09-23 15:20:00+05:30,long,25910.8,25933.55,25903.91621655751,40.29999999999927,22.75,EOD_EXIT,2024-09
2024-09-26 10:30:00+05:30,2024-09-26 14:05:00+05:30,long,26074.35,26066.4,26069.13812446059,31.900000000001455,-7.95,STOP_LOSS,2024-09
2024-09-27 09:50:00+05:30,2024-09-27 13:20:00+05:30,long,26265.85,26170.3,26187.05245,4.5,-95.55,STOP_LOSS,2024-09
2024-10-03 09:55:00+05:30,2024-10-03 15:20:00+05:30,short,25575.5,25249.3,25581.93187747398,330.7000000000007,326.2,EOD_EXIT,2024-10
2024-10-04 10:50:00+05:30,2024-10-04 12:30:00+05:30,long,25336.8,25392.6,25330.0261724076,132.04999999999927,55.8,TRAILING_PROFIT,2024-10
2024-10-04 13:00:00+05:30,2024-10-04 15:20:00+05:30,short,25096.0,25036.15,25105.040970721322,110.84999999999854,59.85,EOD_EXIT,2024-10
2024-10-08 11:25:00+05:30,2024-10-08 14:35:00+05:30,long,24973.8,24997.85,24963.53644302966,62.45000000000073,24.05,TRAILING_PROFIT,2024-10
2024-10-09 10:35:00+05:30,2024-10-09 11:50:00+05:30,long,25188.3,25135.55,25142.59683988618,41.900000000001455,-52.75,STOP_LOSS,2024-10
2024-10-15 11:20:00+05:30,2024-10-15 15:20:00+05:30,short,25053.45,25076.45,25074.488113815216,34.0,-23.0,EOD_EXIT,2024-10
2024-10-16 11:40:00+05:30,2024-10-16 14:05:00+05:30,short,24935.9,25020.5,25010.707700000003,17.350000000002183,-84.6,STOP_LOSS,2024-10
2024-10-17 09:45:00+05:30,2024-10-17 15:20:00+05:30,short,24821.7,24751.8,24828.86460076645,86.90000000000146,69.9,EOD_EXIT,2024-10
2024-10-18 11:50:00+05:30,2024-10-18 15:20:00+05:30,long,24781.15,24875.15,24779.56973155823,98.19999999999709,94.0,EOD_EXIT,2024-10
2024-10-22 11:40:00+05:30,2024-10-22 13:45:00+05:30,short,24644.15,24612.75,24671.465075233133,63.60000000000218,31.4,TRAILING_PROFIT,2024-10
2024-10-25 11:30:00+05:30,2024-10-25 15:05:00+05:30,short,24132.65,24145.85,24144.808106317312,48.85000000000218,-13.2,STOP_LOSS,2024-10
2024-10-29 10:45:00+05:30,2024-10-29 11:40:00+05:30,short,24156.2,24239.7,24228.6686,0.0,-83.5,STOP_LOSS,2024-10
2024-10-30 10:10:00+05:30,2024-10-30 10:50:00+05:30,long,24418.25,24442.6,24344.99525,24.349999999998545,24.35,ST_TOUCH,2024-10
2024-10-31 10:05:00+05:30,2024-10-31 15:20:00+05:30,short,24279.5,24215.5,24281.90986255557,99.5,64.0,EOD_EXIT,2024-10
2024-11-05 13:30:00+05:30,2024-11-05 15:20:00+05:30,long,24072.8,24205.3,24064.635659536332,151.40000000000146,132.5,EOD_EXIT,2024-11
2024-11-07 09:55:00+05:30,2024-11-07 10:55:00+05:30,short,24279.8,24252.7,24290.932810229475,92.64999999999782,27.1,TRAILING_PROFIT,2024-11
2024-11-11 10:55:00+05:30,2024-11-11 11:55:00+05:30,long,24264.75,24287.95,24256.166715963533,66.95000000000073,23.2,TRAILING_PROFIT,2024-11
2024-11-12 13:10:00+05:30,2024-11-12 13:50:00+05:30,short,23993.9,23965.1,24015.752396080938,68.40000000000146,28.8,TRAILING_PROFIT,2024-11
2024-11-18 09:40:00+05:30,2024-11-18 10:00:00+05:30,short,23368.35,23471.35,23438.455049999997,0.0,-103.0,STOP_LOSS,2024-11
2024-11-21 10:10:00+05:30,2024-11-21 15:20:00+05:30,short,23308.75,23354.9,23378.67625,0.0,-46.15,EOD_EXIT,2024-11
2024-11-28 11:55:00+05:30,2024-11-28 13:55:00+05:30,short,24055.0,24046.1,24057.941880299706,79.65000000000146,8.9,TRAILING_PROFIT,2024-11
2024-12-03 09:45:00+05:30,2024-12-03 15:20:00+05:30,long,24329.65,24442.7,24321.259087709805,146.5,113.05,EOD_EXIT,2024-12
2024-12-05 12:15:00+05:30,2024-12-05 14:50:00+05:30,long,24633.6,24624.8,24631.531819757543,212.20000000000073,-8.8,STOP_LOSS,2024-12
2024-12-10 12:35:00+05:30,2024-12-10 15:00:00+05:30,short,24562.25,24588.95,24584.323518748984,47.04999999999927,-26.7,STOP_LOSS,2024-12
2024-12-12 13:25:00+05:30,2024-12-12 15:20:00+05:30,short,24556.95,24549.1,24630.62085,22.350000000002183,7.85,EOD_EXIT,2024-12
2024-12-13 11:50:00+05:30,2024-12-13 15:20:00+05:30,long,24417.6,24790.05,24405.2759089967,372.4500000000007,372.45,EOD_EXIT,2024-12
2024-12-18 11:45:00+05:30,2024-12-18 13:00:00+05:30,short,24228.45,24218.35,24230.732413473703,68.54999999999927,10.1,TRAILING_PROFIT,2024-12
2024-12-20 12:45:00+05:30,2024-12-20 15:20:00+05:30,short,23768.7,23597.15,23783.74484359941,229.40000000000146,171.55,EOD_EXIT,2024-12
2024-12-23 13:30:00+05:30,2024-12-23 14:15:00+05:30,short,23648.8,23733.95,23719.7464,0.0,-85.15,STOP_LOSS,2024-12
2024-12-24 10:30:00+05:30,2024-12-24 12:15:00+05:30,long,23864.45,23781.0,23792.85665,0.0,-83.45,STOP_LOSS,2024-12
2024-12-30 11:45:00+05:30,2024-12-30 12:25:00+05:30,long,23890.4,23794.45,23818.7288,6.799999999999272,-95.95,STOP_LOSS,2024-12
2025-01-01 12:05:00+05:30,2025-01-01 14:45:00+05:30,long,23713.85,23758.55,23710.645629629176,100.40000000000146,44.7,TRAILING_PROFIT,2025-01
2025-01-02 10:45:00+05:30,2025-01-02 15:20:00+05:30,long,23913.9,24182.1,23892.4991556089,297.4499999999971,268.2,EOD_EXIT,2025-01
2025-01-06 10:25:00+05:30,2025-01-06 12:35:00+05:30,short,23966.95,23747.8,23979.821690909943,358.7999999999993,219.15,ST_TOUCH,2025-01
2025-01-08 11:40:00+05:30,2025-01-08 12:55:00+05:30,short,23572.0,23546.25,23581.241075527592,61.849999999998545,25.75,TRAILING_PROFIT,2025-01
2025-01-09 09:50:00+05:30,2025-01-09 10:50:00+05:30,long,23625.0,23552.4,23554.125,18.75,-72.6,STOP_LOSS,2025-01
2025-01-10 11:15:00+05:30,2025-01-10 11:40:00+05:30,long,23580.25,23509.35,23509.50925,11.25,-70.9,STOP_LOSS,2025-01
2025-01-13 11:00:00+05:30,2025-01-13 15:20:00+05:30,short,23275.1,23089.7,23281.098878390418,217.9499999999971,185.4,EOD_EXIT,2025-01
2025-01-15 10:40:00+05:30,2025-01-15 13:15:00+05:30,long,23268.25,23185.4,23198.44525,22.799999999999272,-82.85,STOP_LOSS,2025-01
2025-01-16 13:30:00+05:30,2025-01-16 15:20:00+05:30,long,23324.4,23324.55,23254.4268,10.299999999999272,0.15,EOD_EXIT,2025-01
2025-01-20 11:30:00+05:30,2025-01-20 15:20:00+05:30,long,23348.0,23335.5,23277.956,24.099999999998545,-12.5,EOD_EXIT,2025-01
2025-01-21 10:20:00+05:30,2025-01-21 11:45:00+05:30,short,23142.75,23370.95,23212.17825,1.25,-228.2,STOP_LOSS,2025-01
2025-01-22 12:50:00+05:30,2025-01-22 14:15:00+05:30,short,23007.75,23090.95,23076.77325,21.5,-83.2,STOP_LOSS,2025-01
2025-01-24 09:50:00+05:30,2025-01-24 11:00:00+05:30,short,23158.25,23244.5,23227.72475,23.099999999998545,-86.25,STOP_LOSS,2025-01
2025-01-27 12:10:00+05:30,2025-01-27 15:05:00+05:30,short,22881.55,22840.85,22883.98563172594,85.75,40.7,TRAILING_PROFIT,2025-01
2025-01-30 09:55:00+05:30,2025-01-30 10:50:00+05:30,long,23230.5,23262.4,23226.259984492703,70.0,31.9,TRAILING_PROFIT,2025-01
2025-01-31 09:45:00+05:30,2025-01-31 11:25:00+05:30,long,23377.8,23403.45,23362.989865352316,62.29999999999927,25.65,TRAILING_PROFIT,2025-01
2025-02-01 11:15:00+05:30,2025-02-01 11:50:00+05:30,long,23595.05,23396.6,23532.755226120575,32.20000000000073,-198.45,STOP_LOSS,2025-02
2025-02-04 09:40:00+05:30,2025-02-04 10:25:00+05:30,long,23572.4,23500.95,23501.682800000002,0.0,-71.45,STOP_LOSS,2025-02
2025-02-04 13:10:00+05:30,2025-02-04 14:10:00+05:30,long,23640.05,23651.6,23620.25642751568,64.04999999999927,11.55,TRAILING_PROFIT,2025-02
2025-02-06 11:05:00+05:30,2025-02-06 15:20:00+05:30,short,23617.5,23616.85,23623.31806038373,51.45000000000073,0.65,EOD_EXIT,2025-02
2025-02-12 11:55:00+05:30,2025-02-12 13:45:00+05:30,long,23051.0,23042.05,23021.557031704964,76.09999999999854,-8.95,TRAILING_PROFIT,2025-02
2025-02-14 10:30:00+05:30,2025-02-14 14:30:00+05:30,short,23026.15,22892.8,23048.442722554417,248.90000000000146,133.35,ST_TOUCH,2025-02
2025-02-18 09:45:00+05:30,2025-02-18 10:15:00+05:30,long,22937.25,22868.0,22868.43825,0.6500000000014552,-69.25,STOP_LOSS,2025-02
2025-02-19 09:50:00+05:30,2025-02-19 10:45:00+05:30,long,22967.45,22994.55,22953.71416874202,69.0,27.1,TRAILING_PROFIT,2025-02
2025-02-27 09:50:00+05:30,2025-02-27 15:20:00+05:30,short,22537.3,22537.55,22604.9119,15.649999999997817,-0.25,EOD_EXIT,2025-02
2025-02-28 10:50:00+05:30,2025-02-28 15:20:00+05:30,short,22250.95,22110.45,22262.08323599559,140.65000000000146,140.5,EOD_EXIT,2025-02
2025-03-05 09:45:00+05:30,2025-03-05 13:35:00+05:30,long,22257.75,22327.55,22245.544160924142,131.0,69.8,ST_TOUCH,2025-03
2025-03-06 11:05:00+05:30,2025-03-06 11:25:00+05:30,long,22413.1,22340.2,22345.860699999997,23.150000000001455,-72.9,STOP_LOSS,2025-03
2025-03-12 10:50:00+05:30,2025-03-12 12:30:00+05:30,short,22406.5,22384.2,22407.98762736092,67.54999999999927,22.3,TRAILING_PROFIT,2025-03
2025-03-13 09:50:00+05:30,2025-03-13 11:25:00+05:30,long,22506.2,22471.9,22486.34606753537,49.39999999999782,-34.3,STOP_LOSS,2025-03
2025-03-18 11:35:00+05:30,2025-03-18 12:40:00+05:30,long,22775.45,22703.9,22707.12365,0.9500000000007276,-71.55,STOP_LOSS,2025-03
2025-03-19 09:45:00+05:30,2025-03-19 13:05:00+05:30,long,22872.85,22893.55,22869.796177183274,61.150000000001455,20.7,TRAILING_PROFIT,2025-03
2025-03-24 09:45:00+05:30,2025-03-24 15:00:00+05:30,long,23502.65,23635.1,23493.243233723362,195.1999999999971,132.45,ST_TOUCH,2025-03
2025-03-25 12:15:00+05:30,2025-03-25 13:50:00+05:30,short,23659.6,23732.8,23730.5788,3.25,-73.2,STOP_LOSS,2025-03
2025-04-01 10:25:00+05:30,2025-04-01 12:15:00+05:30,short,23307.2,23244.55,23314.403432489147,126.45000000000073,62.65,TRAILING_PROFIT,2025-04
2025-04-08 12:20:00+05:30,2025-04-08 13:35:00+05:30,long,22550.65,22563.1,22547.255051331347,136.64999999999782,12.45,TRAILING_PROFIT,2025-04
2025-04-17 11:40:00+05:30,2025-04-17 15:20:00+05:30,long,23596.5,23851.65,23592.282162737774,267.75,255.15,EOD_EXIT,2025-04
2025-04-22 10:35:00+05:30,2025-04-22 15:20:00+05:30,long,24217.4,24166.15,24144.7478,15.94999999999709,-51.25,EOD_EXIT,2025-04
2025-04-25 11:45:00+05:30,2025-04-25 12:10:00+05:30,short,23864.35,23938.15,23935.943049999998,0.0,-73.8,STOP_LOSS,2025-04
2025-05-02 11:20:00+05:30,2025-05-02 13:15:00+05:30,short,24373.1,24344.3,24384.499903724907,130.34999999999854,28.8,TRAILING_PROFIT,2025-05
2025-05-06 11:30:00+05:30,2025-05-06 15:20:00+05:30,short,24369.1,24368.15,24442.2073,7.94999999999709,0.95,EOD_EXIT,2025-05
2025-05-09 09:50:00+05:30,2025-05-09 13:50:00+05:30,short,24032.3,24013.5,24053.22525231482,65.39999999999782,18.8,TRAILING_PROFIT,2025-05
2025-05-15 13:30:00+05:30,2025-05-15 15:20:00+05:30,long,24965.4,25058.3,24959.80298704595,140.04999999999927,92.9,EOD_EXIT,2025-05
2025-05-20 09:45:00+05:30,2025-05-20 15:20:00+05:30,short,24898.05,24683.15,24906.87997484388,222.09999999999854,214.9,EOD_EXIT,2025-05
2025-05-21 12:15:00+05:30,2025-05-21 12:35:00+05:30,short,24713.25,24795.7,24787.38975,0.0,-82.45,STOP_LOSS,2025-05
2025-05-23 10:05:00+05:30,2025-05-23 11:45:00+05:30,long,24817.35,24804.3,24806.39163677015,72.75,-13.05,STOP_LOSS,2025-05
2025-05-27 11:20:00+05:30,2025-05-27 11:35:00+05:30,long,24946.25,24976.6,24877.61151644794,75.29999999999927,30.35,TRAILING_PROFIT,2025-05
2025-05-29 11:15:00+05:30,2025-05-29 15:00:00+05:30,short,24714.7,24797.75,24788.844100000002,28.150000000001455,-83.05,STOP_LOSS,2025-05
2025-05-30 12:30:00+05:30,2025-05-30 15:20:00+05:30,short,24741.3,24741.75,24815.5239,6.399999999997817,-0.45,EOD_EXIT,2025-05
2025-06-02 12:35:00+05:30,2025-06-02 15:20:00+05:30,long,24735.55,24696.55,24661.34335,2.650000000001455,-39.0,EOD_EXIT,2025-06
2025-06-05 09:45:00+05:30,2025-06-05 12:35:00+05:30,long,24751.2,24810.15,24750.799019640057,118.34999999999854,58.95,TRAILING_PROFIT,2025-06
2025-06-06 10:30:00+05:30,2025-06-06 15:20:00+05:30,long,24860.55,25004.5,24848.065159931386,165.25,143.95,EOD_EXIT,2025-06
2025-06-12 11:35:00+05:30,2025-06-12 15:20:00+05:30,short,25032.15,24870.9,25033.953669730854,200.95000000000073,161.25,EOD_EXIT,2025-06
2025-06-16 10:30:00+05:30,2025-06-16 11:20:00+05:30,long,24845.85,24875.2,24842.991520447362,79.70000000000073,29.35,TRAILING_PROFIT,2025-06
2025-06-18 11:20:00+05:30,2025-06-18 14:30:00+05:30,short,24814.05,24792.25,24817.9881859143,60.599999999998545,21.8,TRAILING_PROFIT,2025-06
2025-06-23 13:25:00+05:30,2025-06-23 15:20:00+05:30,long,25030.4,24966.05,24955.308800000003,18.69999999999709,-64.35,EOD_EXIT,2025-06
2025-06-24 13:20:00+05:30,2025-06-24 13:50:00+05:30,short,25119.5,25082.0,25168.880414132254,91.75,37.5,TRAILING_PROFIT,2025-06
2025-06-27 10:15:00+05:30,2025-06-27 13:20:00+05:30,long,25573.75,25608.85,25571.088299996754,70.95000000000073,35.1,ST_TOUCH,2025-06
2025-06-30 11:15:00+05:30,2025-06-30 15:00:00+05:30,short,25542.6,25514.1,25552.73924736973,62.14999999999782,28.5,TRAILING_PROFIT,2025-06
2025-07-02 11:55:00+05:30,2025-07-02 15:00:00+05:30,short,25490.0,25456.35,25495.669579778543,98.65000000000146,33.65,ST_TOUCH,2025-07
2025-07-04 11:45:00+05:30,2025-07-04 14:35:00+05:30,short,25350.0,25433.45,25426.05,10.400000000001455,-83.45,STOP_LOSS,2025-07
2025-07-09 10:10:00+05:30,2025-07-09 14:50:00+05:30,long,25527.65,25446.4,25451.06705,17.149999999997817,-81.25,STOP_LOSS,2025-07
2025-07-11 10:00:00+05:30,2025-07-11 15:20:00+05:30,short,25258.9,25140.1,25259.829001222875,120.30000000000291,118.8,EOD_EXIT,2025-07
2025-07-15 10:30:00+05:30,2025-07-15 13:25:00+05:30,long,25143.85,25186.95,25134.2647750922,87.90000000000146,43.1,TRAILING_PROFIT,2025-07
2025-07-18 09:45:00+05:30,2025-07-18 14:25:00+05:30,short,25033.25,24986.5,25049.232075925942,111.34999999999854,46.75,ST_TOUCH,2025-07
2025-07-21 11:55:00+05:30,2025-07-21 15:20:00+05:30,long,25042.75,25098.95,25034.9036275015,56.20000000000073,56.2,EOD_EXIT,2025-07
2025-07-24 12:00:00+05:30,2025-07-24 15:20:00+05:30,short,25037.55,25057.35,25112.66265,0.0,-19.8,EOD_EXIT,2025-07
2025-07-28 12:45:00+05:30,2025-07-28 15:20:00+05:30,short,24744.75,24676.15,24744.906174445023,76.34999999999854,68.6,EOD_EXIT,2025-07
2025-07-30 10:15:00+05:30,2025-07-30 15:20:00+05:30,long,24854.7,24846.05,24832.809734960836,44.0,-8.65,EOD_EXIT,2025-07
2025-07-31 12:15:00+05:30,2025-07-31 14:25:00+05:30,long,24840.25,24867.15,24836.607278919484,104.65000000000146,26.9,ST_TOUCH,2025-07
2025-08-07 10:00:00+05:30,2025-08-07 12:35:00+05:30,short,24476.1,24445.25,24480.067540868386,67.54999999999927,30.85,TRAILING_PROFIT,2025-08
2025-08-12 11:05:00+05:30,2025-08-12 12:20:00+05:30,short,24540.25,24617.8,24613.87075,0.0,-77.55,STOP_LOSS,2025-08
2025-08-18 09:40:00+05:30,2025-08-18 11:55:00+05:30,long,25001.6,24916.8,24926.5952,15.30000000000291,-84.8,STOP_LOSS,2025-08
2025-08-19 11:50:00+05:30,2025-08-19 14:05:00+05:30,long,24957.05,24939.65,24942.038018218358,46.95000000000073,-17.4,STOP_LOSS,2025-08
2025-08-20 12:35:00+05:30,2025-08-20 15:20:00+05:30,long,25049.15,25047.95,24974.00255,29.0,-1.2,EOD_EXIT,2025-08
2025-08-21 11:20:00+05:30,2025-08-21 15:20:00+05:30,long,25131.05,25078.85,25055.65685,7.350000000002183,-52.2,EOD_EXIT,2025-08
2025-08-25 12:00:00+05:30,2025-08-25 14:55:00+05:30,long,24967.65,24990.15,24892.74705,40.94999999999709,22.5,ST_TOUCH,2025-08
2025-08-28 13:00:00+05:30,2025-08-28 14:30:00+05:30,short,24564.45,24536.75,24638.143350000002,28.799999999999272,27.7,ST_TOUCH,2025-08
2025-09-05 10:05:00+05:30,2025-09-05 10:25:00+05:30,short,24756.4,24721.75,24756.667992141603,105.95000000000073,34.65,TRAILING_PROFIT,2025-09
2025-09-08 10:40:00+05:30,2025-09-08 14:45:00+05:30,long,24802.0,24779.7,24800.899366912246,77.75,-22.3,STOP_LOSS,2025-09
2025-09-12 10:05:00+05:30,2025-09-12 15:20:00+05:30,long,25073.75,25110.5,25068.32423727215,59.099999999998545,36.75,EOD_EXIT,2025-09
2025-09-17 10:00:00+05:30,2025-09-17 15:20:00+05:30,long,25326.45,25325.55,25250.47065,15.200000000000728,-0.9,EOD_EXIT,2025-09
2025-09-22 11:20:00+05:30,2025-09-22 15:20:00+05:30,short,25281.65,25209.5,25297.357757017216,102.70000000000073,72.15,EOD_EXIT,2025-09
2025-09-23 13:30:00+05:30,2025-09-23 15:20:00+05:30,long,25237.0,25166.75,25161.289,14.75,-70.25,EOD_EXIT,2025-09
2025-09-25 10:35:00+05:30,2025-09-25 15:20:00+05:30,short,25013.55,24887.55,25015.158870731982,132.09999999999854,126.0,EOD_EXIT,2025-09
2025-09-29 12:40:00+05:30,2025-09-29 13:20:00+05:30,short,24613.5,24696.05,24687.3405,0.0,-82.55,STOP_LOSS,2025-09
2025-10-01 11:45:00+05:30,2025-10-01 15:10:00+05:30,long,24782.95,24822.5,24767.294754173636,81.64999999999782,39.55,TRAILING_PROFIT,2025-10
2025-10-06 09:40:00+05:30,2025-10-06 14:25:00+05:30,long,24944.8,25035.0,24941.252559943892,135.70000000000073,90.2,ST_TOUCH,2025-10
2025-10-08 12:00:00+05:30,2025-10-08 13:30:00+05:30,short,25035.75,25118.1,25110.85725,20.950000000000728,-82.35,STOP_LOSS,2025-10
2025-10-09 11:25:00+05:30,2025-10-09 15:20:00+05:30,long,25147.55,25181.95,25126.117476220683,49.150000000001455,34.4,EOD_EXIT,2025-10
2025-10-14 11:20:00+05:30,2025-10-14 13:25:00+05:30,short,25132.05,25100.9,25147.990383466295,65.75,31.15,TRAILING_PROFIT,2025-10
2025-10-15 10:10:00+05:30,2025-10-15 14:45:00+05:30,long,25251.25,25298.85,25247.00729798881,109.20000000000073,47.6,ST_TOUCH,2025-10
2025-10-23 10:05:00+05:30,2025-10-23 13:55:00+05:30,long,26088.65,25990.0,26010.38405,7.25,-98.65,STOP_LOSS,2025-10
2025-10-27 09:40:00+05:30,2025-10-27 13:30:00+05:30,long,25937.2,25925.45,25933.487150833706,59.89999999999782,-11.75,STOP_LOSS,2025-10
2025-10-28 10:35:00+05:30,2025-10-28 12:40:00+05:30,short,25870.65,25929.0,25901.987026971878,34.55000000000291,-58.35,STOP_LOSS,2025-10
2025-10-29 10:25:00+05:30,2025-10-29 14:15:00+05:30,long,26042.5,26081.3,26036.92436381602,52.150000000001455,38.8,ST_TOUCH,2025-10
2025-10-31 13:25:00+05:30,2025-10-31 15:20:00+05:30,short,25777.7,25728.35,25778.78756039773,64.35000000000218,49.35,EOD_EXIT,2025-10
2025-11-07 09:55:00+05:30,2025-11-07 11:20:00+05:30,short,25342.25,25429.95,25418.27675,7.950000000000728,-87.7,STOP_LOSS,2025-11
2025-11-10 09:50:00+05:30,2025-11-10 14:00:00+05:30,long,25592.9,25617.55,25590.449760513366,56.89999999999782,24.65,ST_TOUCH,2025-11
2025-11-11 10:35:00+05:30,2025-11-11 12:00:00+05:30,short,25457.45,25540.75,25533.822350000002,0.7999999999992724,-83.3,STOP_LOSS,2025-11
2025-11-13 10:20:00+05:30,2025-11-13 12:40:00+05:30,long,25913.2,25949.3,25903.89918902999,72.39999999999782,36.1,TRAILING_PROFIT,2025-11
2025-11-14 10:25:00+05:30,2025-11-14 15:00:00+05:30,short,25783.35,25886.25,25812.45117691624,38.099999999998545,-102.9,STOP_LOSS,2025-11
2025-11-19 12:25:00+05:30,2025-11-19 15:20:00+05:30,long,26013.3,26047.25,26008.02660381093,48.20000000000073,33.95,EOD_EXIT,2025-11
2025-11-21 09:40:00+05:30,2025-11-21 11:10:00+05:30,short,26131.3,26106.7,26141.69010548548,64.0,24.6,TRAILING_PROFIT,2025-11
2025-11-24 09:40:00+05:30,2025-11-24 15:20:00+05:30,short,26074.05,25930.9,26075.15228975268,143.14999999999782,143.15,EOD_EXIT,2025-11
2025-12-01 12:05:00+05:30,2025-12-01 15:20:00+05:30,short,26173.95,26181.0,26191.619768135337,34.85000000000218,-7.05,EOD_EXIT,2025-12
2025-12-04 09:40:00+05:30,2025-12-04 11:35:00+05:30,long,26028.15,26034.75,26010.576864993112,64.54999999999927,6.6,TRAILING_PROFIT,2025-12
2025-12-05 10:50:00+05:30,2025-12-05 14:05:00+05:30,long,26130.7,26155.85,26118.03801619731,64.04999999999927,25.15,TRAILING_PROFIT,2025-12
2025-12-10 12:25:00+05:30,2025-12-10 13:25:00+05:30,short,25815.15,25836.3,25829.836550269953,43.60000000000218,-21.15,STOP_LOSS,2025-12
2025-12-12 10:15:00+05:30,2025-12-12 15:20:00+05:30,long,26003.4,26050.55,25997.328724281637,50.54999999999927,47.15,EOD_EXIT,2025-12
2025-12-15 13:05:00+05:30,2025-12-15 15:20:00+05:30,long,26030.45,26023.75,25952.358650000002,11.649999999997817,-6.7,EOD_EXIT,2025-12
2025-12-18 12:10:00+05:30,2025-12-18 14:20:00+05:30,long,25878.8,25781.3,25801.1636,15.049999999999272,-97.5,STOP_LOSS,2025-12
2025-12-22 09:55:00+05:30,2025-12-22 15:20:00+05:30,long,26132.8,26167.45,26130.69009450044,43.900000000001455,34.65,EOD_EXIT,2025-12
2025-12-26 09:40:00+05:30,2025-12-26 15:20:00+05:30,short,26085.7,26043.4,26088.479980560878,74.60000000000218,42.3,EOD_EXIT,2025-12
2025-12-29 11:15:00+05:30,2025-12-29 15:20:00+05:30,short,25974.95,25950.9,25981.287034372705,47.650000000001455,24.05,EOD_EXIT,2025-12
2025-12-30 12:00:00+05:30,2025-12-30 15:20:00+05:30,short,25891.85,25947.9,25969.52555,7.049999999999272,-56.05,EOD_EXIT,2025-12
2026-01-07 13:20:00+05:30,2026-01-07 15:20:00+05:30,short,26089.8,26137.45,26168.0694,18.700000000000728,-47.65,EOD_EXIT,2026-01
2026-01-12 12:20:00+05:30,2026-01-12 15:20:00+05:30,long,25644.85,25797.25,25625.8066816077,165.60000000000218,152.4,EOD_EXIT,2026-01
2026-01-13 12:50:00+05:30,2026-01-13 14:40:00+05:30,short,25665.45,25692.65,25681.716620761763,52.85000000000218,-27.2,STOP_LOSS,2026-01
2026-01-16 10:15:00+05:30,2026-01-16 12:25:00+05:30,long,25837.1,25752.05,25759.5887,28.5,-85.05,STOP_LOSS,2026-01
2026-01-20 10:55:00+05:30,2026-01-20 15:20:00+05:30,short,25466.2,25180.55,25467.602704818102,285.65000000000146,285.65,EOD_EXIT,2026-01
2026-01-21 12:35:00+05:30,2026-01-21 13:10:00+05:30,long,25226.65,25237.45,25169.690902111943,60.5,10.8,TRAILING_PROFIT,2026-01
