direction,entry_time,exit_time,entry_price,exit_price,stop_loss_at_exit,pnl,exit_reason
short,2015-01-09 10:00:00+05:30,2015-01-09 11:50:00+05:30,8285.5,8257.289764750169,8257.289764750169,28.21,TRAIL_SL
short,2015-01-09 12:45:00+05:30,2015-01-09 12:50:00+05:30,8217.2,8228.690471219452,8228.690471219452,-11.49,STOP_LOSS
short,2015-01-09 14:05:00+05:30,2015-01-09 14:15:00+05:30,8230.05,8241.89272302418,8241.89272302418,-11.84,STOP_LOSS
long,2015-01-12 14:45:00+05:30,2015-01-12 15:15:00+05:30,8304.95,8328.55,8292.860127328966,23.6,EOD_EXIT
long,2015-01-13 10:00:00+05:30,2015-01-13 14:25:00+05:30,8335.35,8323.869561773734,8323.869561773734,-11.48,STOP_LOSS
short,2015-01-14 13:20:00+05:30,2015-01-14 14:05:00+05:30,8256.65,8262.664971336542,8262.664971336542,-6.01,STOP_LOSS
long,2015-01-15 10:15:00+05:30,2015-01-15 12:05:00+05:30,8403.55,8458.025295590014,8458.025295590014,54.48,TRAIL_SL
long,2015-01-15 12:05:00+05:30,2015-01-15 14:50:00+05:30,8454.15,8520.9244562663,8520.9244562663,66.77,TRAIL_SL
long,2015-01-19 10:40:00+05:30,2015-01-19 11:35:00+05:30,8560.0,8550.458139307802,8550.458139307802,-9.54,STOP_LOSS
long,2015-01-20 10:35:00+05:30,2015-01-20 13:45:00+05:30,8594.5,8637.022010931649,8637.022010931649,42.52,TRAIL_SL
long,2015-01-21 10:15:00+05:30,2015-01-21 10:55:00+05:30,8721.55,8708.020474070901,8708.020474070901,-13.53,STOP_LOSS
long,2015-01-23 14:20:00+05:30,2015-01-23 15:15:00+05:30,8827.25,8831.1,8817.80572775461,3.85,EOD_EXIT
long,2015-01-27 10:30:00+05:30,2015-01-27 11:05:00+05:30,8855.3,8846.797853804452,8846.797853804452,-8.5,STOP_LOSS
long,2015-01-28 09:45:00+05:30,2015-01-28 12:35:00+05:30,8901.7,8978.643827624595,8978.643827624595,76.94,TRAIL_SL
short,2015-01-29 09:45:00+05:30,2015-01-29 10:35:00+05:30,8877.45,8886.480250230996,8886.480250230996,-9.03,STOP_LOSS
short,2015-01-30 12:25:00+05:30,2015-01-30 14:30:00+05:30,8846.05,8792.06620675958,8792.06620675958,53.98,TRAIL_SL
short,2015-02-02 09:45:00+05:30,2015-02-02 13:35:00+05:30,8790.1,8803.687474393484,8803.687474393484,-13.59,STOP_LOSS
short,2015-02-03 12:35:00+05:30,2015-02-03 13:45:00+05:30,8749.05,8759.273332909106,8759.273332909106,-10.22,STOP_LOSS
short,2015-02-04 10:25:00+05:30,2015-02-04 11:20:00+05:30,8745.8,8756.839427071693,8756.839427071693,-11.04,STOP_LOSS
long,2015-02-05 14:20:00+05:30,2015-02-05 14:40:00+05:30,8817.3,8803.128259958745,8803.128259958745,-14.17,STOP_LOSS
short,2015-02-06 09:50:00+05:30,2015-02-06 11:00:00+05:30,8714.1,8678.245036933235,8678.245036933235,35.85,TRAIL_SL
short,2015-02-06 11:05:00+05:30,2015-02-06 11:40:00+05:30,8682.65,8693.264145181483,8693.264145181483,-10.61,STOP_LOSS
short,2015-02-06 14:55:00+05:30,2015-02-06 15:15:00+05:30,8674.45,8666.45,8684.266824764094,8.0,EOD_EXIT
short,2015-02-09 10:20:00+05:30,2015-02-09 12:45:00+05:30,8572.0,8584.194414843041,8584.194414843041,-12.19,STOP_LOSS
long,2015-02-13 10:00:00+05:30,2015-02-13 10:55:00+05:30,8753.3,8739.418835055845,8739.418835055845,-13.88,STOP_LOSS
long,2015-02-13 11:00:00+05:30,2015-02-13 13:45:00+05:30,8746.65,8786.984486876927,8786.984486876927,40.33,TRAIL_SL
long,2015-02-16 09:55:00+05:30,2015-02-16 11:20:00+05:30,8844.55,8829.938409734275,8829.938409734275,-14.61,STOP_LOSS
long,2015-02-19 10:20:00+05:30,2015-02-19 10:35:00+05:30,8890.8,8880.389354358558,8880.389354358558,-10.41,STOP_LOSS
short,2015-02-19 12:00:00+05:30,2015-02-19 12:40:00+05:30,8833.25,8841.617519769925,8841.617519769925,-8.37,STOP_LOSS
short,2015-02-19 14:20:00+05:30,2015-02-19 14:30:00+05:30,8819.6,8828.194716436466,8828.194716436466,-8.59,STOP_LOSS
long,2015-02-20 12:00:00+05:30,2015-02-20 12:15:00+05:30,8867.1,8855.2586492163,8855.2586492163,-11.84,STOP_LOSS
long,2015-02-20 13:35:00+05:30,2015-02-20 13:55:00+05:30,8874.1,8862.646748939611,8862.646748939611,-11.45,STOP_LOSS
short,2015-02-24 14:50:00+05:30,2015-02-24 15:10:00+05:30,8752.65,8763.63385274161,8763.63385274161,-10.98,STOP_LOSS
short,2015-02-26 09:55:00+05:30,2015-02-26 11:15:00+05:30,8747.95,8756.085156178677,8756.085156178677,-8.14,STOP_LOSS
long,2015-02-27 14:00:00+05:30,2015-02-27 15:15:00+05:30,8810.8,8840.5,8797.36544461249,29.7,EOD_EXIT
long,2015-02-28 10:25:00+05:30,2015-02-28 11:30:00+05:30,8904.1,8892.876971277507,8892.876971277507,-11.22,STOP_LOSS
short,2015-02-28 13:40:00+05:30,2015-02-28 14:25:00+05:30,8796.95,8820.603573220415,8820.603573220415,-23.65,STOP_LOSS
long,2015-03-02 10:05:00+05:30,2015-03-02 10:50:00+05:30,8952.6,8932.806998643406,8932.806998643406,-19.79,STOP_LOSS
long,2015-03-03 10:10:00+05:30,2015-03-03 15:10:00+05:30,8952.3,8998.745569036551,8998.745569036551,46.45,TRAIL_SL
long,2015-03-04 10:25:00+05:30,2015-03-04 11:00:00+05:30,9073.5,9060.755832777137,9060.755832777137,-12.74,STOP_LOSS
short,2015-03-05 10:05:00+05:30,2015-03-05 10:15:00+05:30,8918.35,8930.92046644563,8930.92046644563,-12.57,STOP_LOSS
short,2015-03-05 10:35:00+05:30,2015-03-05 12:50:00+05:30,8926.15,8875.27239895978,8875.27239895978,50.88,TRAIL_SL
short,2015-03-05 13:25:00+05:30,2015-03-05 13:55:00+05:30,8875.7,8884.9516390651,8884.9516390651,-9.25,STOP_LOSS
short,2015-03-09 10:35:00+05:30,2015-03-09 13:50:00+05:30,8822.1,8770.605113633153,8770.605113633153,51.49,TRAIL_SL
short,2015-03-09 13:55:00+05:30,2015-03-09 14:35:00+05:30,8780.7,8789.305316537793,8789.305316537793,-8.61,STOP_LOSS
short,2015-03-10 09:45:00+05:30,2015-03-10 10:35:00+05:30,8750.55,8761.106919876474,8761.106919876474,-10.56,STOP_LOSS
short,2015-03-10 14:55:00+05:30,2015-03-10 15:05:00+05:30,8692.65,8702.545484273747,8702.545484273747,-9.9,STOP_LOSS
short,2015-03-11 11:40:00+05:30,2015-03-11 12:25:00+05:30,8704.3,8712.088873216178,8712.088873216178,-7.79,STOP_LOSS
long,2015-03-13 09:45:00+05:30,2015-03-13 10:05:00+05:30,8794.1,8775.95049537225,8775.95049537225,-18.15,STOP_LOSS
short,2015-03-13 11:20:00+05:30,2015-03-13 12:05:00+05:30,8740.15,8689.343166489512,8689.343166489512,50.81,TRAIL_SL
short,2015-03-13 12:20:00+05:30,2015-03-13 14:10:00+05:30,8693.15,8651.22069431895,8651.22069431895,41.93,TRAIL_SL
short,2015-03-16 10:20:00+05:30,2015-03-16 11:35:00+05:30,8637.25,8645.6094701804,8645.6094701804,-8.36,STOP_LOSS
short,2015-03-17 13:55:00+05:30,2015-03-17 14:55:00+05:30,8652.0,8661.401765194005,8661.401765194005,-9.4,STOP_LOSS
long,2015-03-18 10:05:00+05:30,2015-03-18 10:30:00+05:30,8703.85,8688.04960880404,8688.04960880404,-15.8,STOP_LOSS
short,2015-03-18 14:00:00+05:30,2015-03-18 15:15:00+05:30,8695.5,8685.7,8704.223783774101,9.8,EOD_EXIT
short,2015-03-20 10:30:00+05:30,2015-03-20 11:30:00+05:30,8603.3,8611.021976352888,8611.021976352888,-7.72,STOP_LOSS
short,2015-03-23 14:00:00+05:30,2015-03-23 15:15:00+05:30,8565.8,8549.3,8573.57293406239,16.5,EOD_EXIT
short,2015-03-25 09:45:00+05:30,2015-03-25 15:15:00+05:30,8554.4,8532.4,8563.981480303148,22.0,EOD_EXIT
short,2015-03-26 10:50:00+05:30,2015-03-26 11:00:00+05:30,8468.75,8473.807233956642,8473.807233956642,-5.06,STOP_LOSS
short,2015-03-26 11:20:00+05:30,2015-03-26 13:50:00+05:30,8469.5,8426.535216835311,8426.535216835311,42.96,TRAIL_SL
short,2015-03-26 14:45:00+05:30,2015-03-26 15:10:00+05:30,8405.65,8338.254060132553,8338.254060132553,67.4,TRAIL_SL
short,2015-03-27 09:55:00+05:30,2015-03-27 12:50:00+05:30,8363.95,8284.032902766825,8284.032902766825,79.92,TRAIL_SL
short,2015-03-27 13:00:00+05:30,2015-03-27 13:20:00+05:30,8297.25,8306.42660643656,8306.42660643656,-9.18,STOP_LOSS
long,2015-03-30 14:30:00+05:30,2015-03-30 15:15:00+05:30,8460.0,8486.5,8449.91309907017,26.5,EOD_EXIT
long,2015-03-31 10:10:00+05:30,2015-03-31 14:20:00+05:30,8513.5,8501.430344555192,8501.430344555192,-12.07,STOP_LOSS
short,2015-04-01 09:45:00+05:30,2015-04-01 10:15:00+05:30,8482.15,8491.662966643547,8491.662966643547,-9.51,STOP_LOSS
long,2015-04-01 14:20:00+05:30,2015-04-06 09:20:00+05:30,8531.0,8589.694510771946,8589.694510771946,58.69,TRAIL_SL
long,2015-04-06 10:00:00+05:30,2015-04-06 14:15:00+05:30,8583.1,8623.13201321446,8623.13201321446,40.03,TRAIL_SL
long,2015-04-06 14:15:00+05:30,2015-04-06 15:15:00+05:30,8619.95,8662.85,8608.370822905063,42.9,EOD_EXIT
long,2015-04-07 09:45:00+05:30,2015-04-07 11:00:00+05:30,8664.6,8647.648921189575,8647.648921189575,-16.95,STOP_LOSS
short,2015-04-07 12:55:00+05:30,2015-04-07 14:15:00+05:30,8610.1,8620.234302293378,8620.234302293378,-10.13,STOP_LOSS
long,2015-04-08 09:50:00+05:30,2015-04-08 10:20:00+05:30,8698.65,8682.948759243674,8682.948759243674,-15.7,STOP_LOSS
long,2015-04-08 10:30:00+05:30,2015-04-08 15:15:00+05:30,8696.35,8714.35,8683.246274742121,18.0,EOD_EXIT
long,2015-04-09 13:40:00+05:30,2015-04-09 13:50:00+05:30,8750.7,8741.51187534643,8741.51187534643,-9.19,STOP_LOSS
long,2015-04-10 09:55:00+05:30,2015-04-10 11:20:00+05:30,8770.6,8758.983657138293,8758.983657138293,-11.62,STOP_LOSS
long,2015-04-13 12:45:00+05:30,2015-04-13 13:55:00+05:30,8813.0,8803.63677620893,8803.63677620893,-9.36,STOP_LOSS
short,2015-04-16 10:35:00+05:30,2015-04-16 12:45:00+05:30,8713.4,8671.13632818814,8671.13632818814,42.26,TRAIL_SL
short,2015-04-16 12:50:00+05:30,2015-04-16 13:35:00+05:30,8676.75,8682.80484186272,8682.80484186272,-6.05,STOP_LOSS
short,2015-04-17 13:30:00+05:30,2015-04-20 09:20:00+05:30,8644.85,8585.310520912113,8585.310520912113,59.54,TRAIL_SL
short,2015-04-20 10:25:00+05:30,2015-04-20 13:20:00+05:30,8562.15,8525.88957753949,8525.88957753949,36.26,TRAIL_SL
short,2015-04-20 13:30:00+05:30,2015-04-20 14:45:00+05:30,8532.55,8435.452871571963,8435.452871571963,97.1,TRAIL_SL
short,2015-04-21 10:55:00+05:30,2015-04-21 11:00:00+05:30,8414.05,8423.772662137158,8423.772662137158,-9.72,STOP_LOSS
short,2015-04-22 09:45:00+05:30,2015-04-22 13:55:00+05:30,8397.3,8302.23489753264,8302.23489753264,95.07,TRAIL_SL
short,2015-04-22 14:20:00+05:30,2015-04-22 14:30:00+05:30,8316.2,8327.377810921771,8327.377810921771,-11.18,STOP_LOSS
short,2015-04-23 11:40:00+05:30,2015-04-23 12:00:00+05:30,8413.9,8425.369007419447,8425.369007419447,-11.47,STOP_LOSS
short,2015-04-23 13:20:00+05:30,2015-04-23 13:45:00+05:30,8387.35,8396.457654462622,8396.457654462622,-9.11,STOP_LOSS
short,2015-04-24 10:10:00+05:30,2015-04-24 15:10:00+05:30,8358.9,8290.811645279608,8290.811645279608,68.09,TRAIL_SL
short,2015-04-27 11:05:00+05:30,2015-04-27 11:15:00+05:30,8243.5,8252.307541543269,8252.307541543269,-8.81,STOP_LOSS
short,2015-04-27 14:30:00+05:30,2015-04-27 15:15:00+05:30,8237.3,8211.75,8247.705727145221,25.55,EOD_EXIT
short,2015-04-28 12:15:00+05:30,2015-04-28 13:45:00+05:30,8218.0,8225.79220305093,8225.79220305093,-7.79,STOP_LOSS
short,2015-04-29 11:00:00+05:30,2015-04-29 12:10:00+05:30,8238.4,8246.253255824218,8246.253255824218,-7.85,STOP_LOSS
short,2015-04-30 10:20:00+05:30,2015-04-30 10:50:00+05:30,8166.35,8174.535099578163,8174.535099578163,-8.19,STOP_LOSS
short,2015-04-30 11:00:00+05:30,2015-04-30 11:15:00+05:30,8172.55,8178.268717723362,8178.268717723362,-5.72,STOP_LOSS
short,2015-04-30 13:45:00+05:30,2015-04-30 13:50:00+05:30,8158.45,8164.388484819103,8164.388484819103,-5.94,STOP_LOSS
long,2015-05-04 10:30:00+05:30,2015-05-05 09:15:00+05:30,8264.2,8335.876567782656,8335.876567782656,71.68,TRAIL_SL
long,2015-05-05 11:25:00+05:30,2015-05-05 11:50:00+05:30,8345.25,8335.002431606857,8335.002431606857,-10.25,STOP_LOSS
short,2015-05-05 13:40:00+05:30,2015-05-05 13:45:00+05:30,8305.25,8313.134224305088,8313.134224305088,-7.88,STOP_LOSS
short,2015-05-06 10:45:00+05:30,2015-05-06 12:15:00+05:30,8167.25,8134.94242417351,8134.94242417351,32.31,TRAIL_SL
short,2015-05-06 12:15:00+05:30,2015-05-06 14:10:00+05:30,8135.9,8144.860035521926,8144.860035521926,-8.96,STOP_LOSS
short,2015-05-07 14:20:00+05:30,2015-05-07 14:55:00+05:30,8045.7,8019.933436826503,8019.933436826503,25.77,TRAIL_SL
long,2015-05-08 13:10:00+05:30,2015-05-08 13:45:00+05:30,8193.45,8183.363312130592,8183.363312130592,-10.09,STOP_LOSS
long,2015-05-08 14:45:00+05:30,2015-05-08 15:10:00+05:30,8205.5,8191.285236552298,8191.285236552298,-14.21,STOP_LOSS
long,2015-05-11 12:00:00+05:30,2015-05-11 14:30:00+05:30,8304.35,8294.495954711281,8294.495954711281,-9.85,STOP_LOSS
short,2015-05-12 11:00:00+05:30,2015-05-12 12:25:00+05:30,8181.6,8151.990349530257,8151.990349530257,29.61,TRAIL_SL
short,2015-05-12 12:30:00+05:30,2015-05-12 15:20:00+05:30,8159.25,8125.872588683174,8125.872588683174,33.38,TRAIL_SL
short,2015-05-13 12:00:00+05:30,2015-05-13 13:00:00+05:30,8133.35,8146.531718046328,8146.531718046328,-13.18,STOP_LOSS
long,2015-05-13 14:45:00+05:30,2015-05-13 15:15:00+05:30,8224.0,8230.55,8207.001270350318,6.55,EOD_EXIT
short,2015-05-14 09:55:00+05:30,2015-05-14 10:05:00+05:30,8191.6,8203.915658181213,8203.915658181213,-12.32,STOP_LOSS
short,2015-05-14 11:05:00+05:30,2015-05-14 13:20:00+05:30,8188.05,8198.014425704805,8198.014425704805,-9.96,STOP_LOSS
long,2015-05-14 14:25:00+05:30,2015-05-14 15:15:00+05:30,8198.35,8234.5,8183.643480719449,36.15,EOD_EXIT
long,2015-05-15 10:15:00+05:30,2015-05-15 15:15:00+05:30,8250.7,8262.6,8232.486852604514,11.9,EOD_EXIT
long,2015-05-18 10:30:00+05:30,2015-05-18 10:50:00+05:30,8312.8,8302.991631429648,8302.991631429648,-9.81,STOP_LOSS
long,2015-05-20 10:15:00+05:30,2015-05-20 12:10:00+05:30,8422.75,8410.387371496874,8410.387371496874,-12.36,STOP_LOSS
short,2015-05-21 10:40:00+05:30,2015-05-21 10:50:00+05:30,8396.6,8403.69394410735,8403.69394410735,-7.09,STOP_LOSS
long,2015-05-22 10:05:00+05:30,2015-05-22 12:15:00+05:30,8433.85,8475.271554626766,8475.271554626766,41.42,TRAIL_SL
short,2015-05-25 10:10:00+05:30,2015-05-25 10:20:00+05:30,8429.1,8435.901564062813,8435.901564062813,-6.8,STOP_LOSS
short,2015-05-25 10:35:00+05:30,2015-05-25 13:10:00+05:30,8429.55,8396.643190475454,8396.643190475454,32.91,TRAIL_SL
short,2015-05-25 14:00:00+05:30,2015-05-25 14:25:00+05:30,8385.25,8391.443017065127,8391.443017065127,-6.19,STOP_LOSS
short,2015-05-26 09:50:00+05:30,2015-05-26 10:05:00+05:30,8354.3,8361.281252352463,8361.281252352463,-6.98,STOP_LOSS
short,2015-05-26 10:40:00+05:30,2015-05-26 10:50:00+05:30,8353.85,8359.342373810965,8359.342373810965,-5.49,STOP_LOSS
short,2015-05-26 14:20:00+05:30,2015-05-26 15:15:00+05:30,8333.45,8338.221679942588,8338.221679942588,-4.77,STOP_LOSS
short,2015-05-28 13:30:00+05:30,2015-05-28 14:00:00+05:30,8282.45,8287.916898443307,8287.916898443307,-5.47,STOP_LOSS
long,2015-05-29 11:45:00+05:30,2015-05-29 13:20:00+05:30,8410.3,8400.859153977925,8400.859153977925,-9.44,STOP_LOSS
long,2015-06-01 09:50:00+05:30,2015-06-01 15:15:00+05:30,8433.45,8433.3,8418.067359478358,-0.15,EOD_EXIT
short,2015-06-02 10:10:00+05:30,2015-06-02 11:50:00+05:30,8395.75,8319.0512688266,8319.0512688266,76.7,TRAIL_SL
short,2015-06-02 11:55:00+05:30,2015-06-02 12:05:00+05:30,8331.75,8342.951744912507,8342.951744912507,-11.2,STOP_LOSS
short,2015-06-02 13:30:00+05:30,2015-06-02 14:50:00+05:30,8312.6,8249.966469076378,8249.966469076378,62.63,TRAIL_SL
short,2015-06-03 10:40:00+05:30,2015-06-03 10:55:00+05:30,8180.35,8189.061453243056,8189.061453243056,-8.71,STOP_LOSS
short,2015-06-03 12:25:00+05:30,2015-06-03 13:00:00+05:30,8126.3,8139.200089639863,8139.200089639863,-12.9,STOP_LOSS
short,2015-06-03 14:20:00+05:30,2015-06-03 15:00:00+05:30,8124.7,8133.879653713849,8133.879653713849,-9.18,STOP_LOSS
short,2015-06-04 13:55:00+05:30,2015-06-04 14:20:00+05:30,8079.8,8087.4984643911575,8087.4984643911575,-7.7,STOP_LOSS
long,2015-06-05 14:35:00+05:30,2015-06-05 14:45:00+05:30,8176.1,8165.074163245434,8165.074163245434,-11.03,STOP_LOSS
short,2015-06-08 10:10:00+05:30,2015-06-08 13:20:00+05:30,8079.9,8047.2061202470795,8047.2061202470795,32.69,TRAIL_SL
short,2015-06-08 13:50:00+05:30,2015-06-08 14:15:00+05:30,8047.95,8054.749380416482,8054.749380416482,-6.8,STOP_LOSS
short,2015-06-09 10:20:00+05:30,2015-06-09 12:45:00+05:30,8032.8,8040.26096429607,8040.26096429607,-7.46,STOP_LOSS
short,2015-06-11 11:50:00+05:30,2015-06-11 12:15:00+05:30,8033.4,8044.2759519474785,8044.2759519474785,-10.88,STOP_LOSS
short,2015-06-11 12:30:00+05:30,2015-06-11 12:35:00+05:30,8040.3,8047.4200454589545,8047.4200454589545,-7.12,STOP_LOSS
short,2015-06-11 14:15:00+05:30,2015-06-12 09:55:00+05:30,8019.85,7955.744405603134,7955.744405603134,64.11,TRAIL_SL
short,2015-06-12 10:00:00+05:30,2015-06-12 10:10:00+05:30,7963.4,7972.664784855586,7972.664784855586,-9.26,STOP_LOSS
short,2015-06-16 10:15:00+05:30,2015-06-16 10:30:00+05:30,7982.5,7988.791643777136,7988.791643777136,-6.29,STOP_LOSS
short,2015-06-16 13:40:00+05:30,2015-06-16 14:10:00+05:30,7966.85,7971.82603865176,7971.82603865176,-4.98,STOP_LOSS
long,2015-06-17 09:50:00+05:30,2015-06-17 14:05:00+05:30,8061.1,8109.975687304733,8109.975687304733,48.88,TRAIL_SL
long,2015-06-17 14:55:00+05:30,2015-06-17 15:00:00+05:30,8118.95,8106.284767875448,8106.284767875448,-12.67,STOP_LOSS
long,2015-06-19 10:45:00+05:30,2015-06-19 12:15:00+05:30,8224.6,8216.001875243945,8216.001875243945,-8.6,STOP_LOSS
long,2015-06-22 11:15:00+05:30,2015-06-22 14:50:00+05:30,8313.65,8364.931421857376,8364.931421857376,51.28,TRAIL_SL
long,2015-06-22 14:55:00+05:30,2015-06-22 15:15:00+05:30,8358.3,8350.9,8350.04915816797,-7.4,EOD_EXIT
long,2015-06-23 10:45:00+05:30,2015-06-23 10:50:00+05:30,8389.75,8381.987997375181,8381.987997375181,-7.76,STOP_LOSS
long,2015-06-23 10:55:00+05:30,2015-06-23 11:05:00+05:30,8387.5,8377.902406917357,8377.902406917357,-9.6,STOP_LOSS
long,2015-06-24 10:20:00+05:30,2015-06-24 14:55:00+05:30,8402.1,8392.696885893405,8392.696885893405,-9.4,STOP_LOSS
short,2015-06-25 09:50:00+05:30,2015-06-25 10:10:00+05:30,8357.05,8365.323365953367,8365.323365953367,-8.27,STOP_LOSS
long,2015-06-25 14:45:00+05:30,2015-06-25 15:00:00+05:30,8404.4,8394.103681500335,8394.103681500335,-10.3,STOP_LOSS
short,2015-06-26 10:05:00+05:30,2015-06-26 10:25:00+05:30,8372.05,8380.337685074672,8380.337685074672,-8.29,STOP_LOSS
long,2015-06-26 14:30:00+05:30,2015-06-26 14:35:00+05:30,8391.05,8381.053770065111,8381.053770065111,-10.0,STOP_LOSS
short,2015-06-29 10:20:00+05:30,2015-06-29 11:05:00+05:30,8240.15,8207.108841397034,8207.108841397034,33.04,TRAIL_SL
short,2015-06-29 11:55:00+05:30,2015-06-29 12:30:00+05:30,8215.35,8221.46651861865,8221.46651861865,-6.12,STOP_LOSS
long,2015-07-03 10:30:00+05:30,2015-07-03 12:40:00+05:30,8481.5,8470.970524063538,8470.970524063538,-10.53,STOP_LOSS
short,2015-07-06 09:45:00+05:30,2015-07-06 12:35:00+05:30,8429.35,8444.58991824658,8444.58991824658,-15.24,STOP_LOSS
long,2015-07-07 09:45:00+05:30,2015-07-07 14:05:00+05:30,8534.2,8519.263196833772,8519.263196833772,-14.94,STOP_LOSS
short,2015-07-07 14:40:00+05:30,2015-07-07 14:45:00+05:30,8510.65,8519.225828126084,8519.225828126084,-8.58,STOP_LOSS
short,2015-07-07 14:50:00+05:30,2015-07-07 15:15:00+05:30,8514.7,8515.2,8523.449399792482,-0.5,EOD_EXIT
short,2015-07-08 10:00:00+05:30,2015-07-08 11:10:00+05:30,8452.8,8388.30192036373,8388.30192036373,64.5,TRAIL_SL
short,2015-07-08 12:45:00+05:30,2015-07-08 13:30:00+05:30,8360.65,8368.82671859491,8368.82671859491,-8.18,STOP_LOSS
short,2015-07-09 10:15:00+05:30,2015-07-09 10:35:00+05:30,8357.8,8366.697428786058,8366.697428786058,-8.9,STOP_LOSS
short,2015-07-09 14:55:00+05:30,2015-07-09 15:15:00+05:30,8338.95,8328.75,8345.279194299597,10.2,EOD_EXIT
short,2015-07-10 11:00:00+05:30,2015-07-10 12:35:00+05:30,8329.45,8336.491811217971,8336.491811217971,-7.04,STOP_LOSS
long,2015-07-13 14:55:00+05:30,2015-07-13 15:15:00+05:30,8461.3,8458.85,8451.289012931402,-2.45,EOD_EXIT
long,2015-07-15 11:15:00+05:30,2015-07-15 14:50:00+05:30,8518.2,8511.778343437581,8511.778343437581,-6.42,STOP_LOSS
long,2015-07-16 10:45:00+05:30,2015-07-16 15:15:00+05:30,8569.1,8611.1,8561.844355466317,42.0,EOD_EXIT
short,2015-07-20 09:45:00+05:30,2015-07-20 14:30:00+05:30,8591.65,8599.321987891211,8599.321987891211,-7.67,STOP_LOSS
long,2015-07-21 10:40:00+05:30,2015-07-21 11:20:00+05:30,8623.5,8613.178968254862,8613.178968254862,-10.32,STOP_LOSS
long,2015-07-22 14:10:00+05:30,2015-07-22 15:15:00+05:30,8624.85,8638.65,8614.32783546948,13.8,EOD_EXIT
short,2015-07-23 14:25:00+05:30,2015-07-23 14:30:00+05:30,8591.95,8600.308197299926,8600.308197299926,-8.36,STOP_LOSS
short,2015-07-24 09:50:00+05:30,2015-07-24 15:25:00+05:30,8576.7,8524.382153476568,8524.382153476568,52.32,TRAIL_SL
short,2015-07-27 10:40:00+05:30,2015-07-27 10:45:00+05:30,8433.1,8439.22297880183,8439.22297880183,-6.12,STOP_LOSS
short,2015-07-27 11:20:00+05:30,2015-07-27 13:00:00+05:30,8441.8,8399.212026537558,8399.212026537558,42.59,TRAIL_SL
short,2015-07-27 13:30:00+05:30,2015-07-27 13:40:00+05:30,8398.75,8404.245581646892,8404.245581646892,-5.5,STOP_LOSS
short,2015-07-28 10:00:00+05:30,2015-07-28 10:10:00+05:30,8359.6,8368.512722417418,8368.512722417418,-8.91,STOP_LOSS
long,2015-07-30 10:55:00+05:30,2015-07-30 13:20:00+05:30,8435.95,8429.734641613944,8429.734641613944,-6.22,STOP_LOSS
long,2015-07-31 09:50:00+05:30,2015-07-31 12:00:00+05:30,8467.15,8506.471559372578,8506.471559372578,39.32,TRAIL_SL
long,2015-07-31 12:20:00+05:30,2015-07-31 15:15:00+05:30,8507.3,8528.35,8499.320118555714,21.05,EOD_EXIT
short,2015-08-04 10:00:00+05:30,2015-08-04 11:05:00+05:30,8521.15,8528.709654038703,8528.709654038703,-7.56,STOP_LOSS
short,2015-08-04 13:30:00+05:30,2015-08-04 13:40:00+05:30,8476.8,8484.861559614657,8484.861559614657,-8.06,STOP_LOSS
long,2015-08-05 10:40:00+05:30,2015-08-05 14:05:00+05:30,8573.8,8563.69911787664,8563.69911787664,-10.1,STOP_LOSS
long,2015-08-06 13:55:00+05:30,2015-08-06 15:15:00+05:30,8588.75,8583.85,8579.898384360215,-4.9,EOD_EXIT
short,2015-08-11 09:50:00+05:30,2015-08-11 11:40:00+05:30,8521.3,8490.122186139399,8490.122186139399,31.18,TRAIL_SL
short,2015-08-11 12:15:00+05:30,2015-08-11 12:25:00+05:30,8489.15,8495.33768492476,8495.33768492476,-6.19,STOP_LOSS
short,2015-08-11 13:10:00+05:30,2015-08-11 15:15:00+05:30,8476.4,8461.3,8483.833916983267,15.1,EOD_EXIT
short,2015-08-12 10:00:00+05:30,2015-08-12 10:45:00+05:30,8409.95,8420.40882795195,8420.40882795195,-10.46,STOP_LOSS
short,2015-08-12 13:30:00+05:30,2015-08-12 14:15:00+05:30,8400.65,8372.639837011313,8372.639837011313,28.01,TRAIL_SL
short,2015-08-12 14:45:00+05:30,2015-08-12 15:15:00+05:30,8374.2,8344.75,8381.329293491444,29.45,EOD_EXIT
long,2015-08-14 12:15:00+05:30,2015-08-14 13:20:00+05:30,8471.7,8516.878565801282,8516.878565801282,45.18,TRAIL_SL
long,2015-08-14 13:50:00+05:30,2015-08-14 14:40:00+05:30,8514.9,8505.011022298511,8505.011022298511,-9.89,STOP_LOSS
short,2015-08-17 10:05:00+05:30,2015-08-17 11:50:00+05:30,8461.45,8474.251533604138,8474.251533604138,-12.8,STOP_LOSS
long,2015-08-17 12:50:00+05:30,2015-08-17 13:25:00+05:30,8497.65,8484.52469703768,8484.52469703768,-13.13,STOP_LOSS
long,2015-08-18 10:00:00+05:30,2015-08-18 11:10:00+05:30,8510.05,8498.233018803992,8498.233018803992,-11.82,STOP_LOSS
short,2015-08-18 12:35:00+05:30,2015-08-18 14:00:00+05:30,8456.6,8466.498452181047,8466.498452181047,-9.9,STOP_LOSS
short,2015-08-19 09:55:00+05:30,2015-08-19 10:10:00+05:30,8451.2,8459.209889999334,8459.209889999334,-8.01,STOP_LOSS
long,2015-08-19 11:55:00+05:30,2015-08-19 14:30:00+05:30,8498.65,8487.264367005564,8487.264367005564,-11.39,STOP_LOSS
short,2015-08-20 13:55:00+05:30,2015-08-20 14:40:00+05:30,8414.85,8374.549680303491,8374.549680303491,40.3,TRAIL_SL
short,2015-08-24 11:15:00+05:30,2015-08-24 11:20:00+05:30,7984.9,8001.975771247663,8001.975771247663,-17.08,STOP_LOSS
short,2015-08-24 11:30:00+05:30,2015-08-24 12:20:00+05:30,7993.7,7964.575848456494,7964.575848456494,29.12,TRAIL_SL
short,2015-08-24 12:45:00+05:30,2015-08-24 13:10:00+05:30,7975.5,7933.72655765523,7933.72655765523,41.77,TRAIL_SL
short,2015-08-25 09:45:00+05:30,2015-08-25 11:30:00+05:30,7846.5,7711.23963944485,7711.23963944485,135.26,TRAIL_SL
short,2015-08-26 13:00:00+05:30,2015-08-26 13:40:00+05:30,7861.4,7873.405147598051,7873.405147598051,-12.01,STOP_LOSS
long,2015-08-27 13:50:00+05:30,2015-08-27 15:15:00+05:30,7940.1,7952.3,7925.14203092687,12.2,EOD_EXIT
long,2015-08-28 10:40:00+05:30,2015-08-28 13:05:00+05:30,8067.65,8053.304848847061,8053.304848847061,-14.35,STOP_LOSS
short,2015-08-28 14:25:00+05:30,2015-08-28 15:15:00+05:30,8008.05,7995.45,8024.077005338713,12.6,EOD_EXIT
short,2015-08-31 09:55:00+05:30,2015-08-31 10:25:00+05:30,7970.3,7982.39899434733,7982.39899434733,-12.1,STOP_LOSS
short,2015-08-31 14:30:00+05:30,2015-08-31 14:45:00+05:30,7977.55,7987.950808073308,7987.950808073308,-10.4,STOP_LOSS
short,2015-09-01 10:45:00+05:30,2015-09-01 11:05:00+05:30,7903.65,7912.42874770274,7912.42874770274,-8.78,STOP_LOSS
short,2015-09-01 12:35:00+05:30,2015-09-01 13:30:00+05:30,7868.8,7840.003298641381,7840.003298641381,28.8,TRAIL_SL
short,2015-09-01 13:30:00+05:30,2015-09-01 14:35:00+05:30,7845.25,7765.1277111165355,7765.1277111165355,80.12,TRAIL_SL
short,2015-09-02 11:55:00+05:30,2015-09-02 12:00:00+05:30,7783.6,7794.678894157961,7794.678894157961,-11.08,STOP_LOSS
short,2015-09-02 14:10:00+05:30,2015-09-02 14:20:00+05:30,7757.05,7767.479543645432,7767.479543645432,-10.43,STOP_LOSS
short,2015-09-04 10:15:00+05:30,2015-09-04 10:55:00+05:30,7681.8,7658.236938888608,7658.236938888608,23.56,TRAIL_SL
short,2015-09-04 11:05:00+05:30,2015-09-04 11:15:00+05:30,7663.0,7674.521235088248,7674.521235088248,-11.52,STOP_LOSS
short,2015-09-04 11:30:00+05:30,2015-09-04 13:05:00+05:30,7676.5,7648.595447981939,7648.595447981939,27.9,TRAIL_SL
short,2015-09-07 10:10:00+05:30,2015-09-07 10:25:00+05:30,7641.95,7656.171144579804,7656.171144579804,-14.22,STOP_LOSS
short,2015-09-07 10:35:00+05:30,2015-09-07 14:35:00+05:30,7641.7,7584.747367242612,7584.747367242612,56.95,TRAIL_SL
long,2015-09-09 10:30:00+05:30,2015-09-09 10:35:00+05:30,7795.7,7782.4931873962005,7782.4931873962005,-13.21,STOP_LOSS
long,2015-09-09 12:40:00+05:30,2015-09-09 13:35:00+05:30,7827.0,7816.736502846068,7816.736502846068,-10.26,STOP_LOSS
short,2015-09-10 10:25:00+05:30,2015-09-10 10:55:00+05:30,7707.3,7717.428591855017,7717.428591855017,-10.13,STOP_LOSS
short,2015-09-10 11:00:00+05:30,2015-09-10 11:50:00+05:30,7714.15,7722.370659984127,7722.370659984127,-8.22,STOP_LOSS
long,2015-09-11 10:05:00+05:30,2015-09-11 11:10:00+05:30,7829.7,7813.330212720105,7813.330212720105,-16.37,STOP_LOSS
long,2015-09-14 13:35:00+05:30,2015-09-14 15:15:00+05:30,7839.65,7868.65,7831.0049672859805,29.0,EOD_EXIT
short,2015-09-15 14:35:00+05:30,2015-09-15 14:40:00+05:30,7815.15,7821.793124387332,7821.793124387332,-6.64,STOP_LOSS
long,2015-09-16 10:15:00+05:30,2015-09-16 10:50:00+05:30,7869.5,7858.49972223955,7858.49972223955,-11.0,STOP_LOSS
long,2015-09-18 10:45:00+05:30,2015-09-18 14:20:00+05:30,8024.65,8012.578005224921,8012.578005224921,-12.07,STOP_LOSS
short,2015-09-21 10:00:00+05:30,2015-09-21 10:05:00+05:30,7933.25,7941.810931437209,7941.810931437209,-8.56,STOP_LOSS
short,2015-09-21 10:10:00+05:30,2015-09-21 10:35:00+05:30,7937.5,7946.2352107239485,7946.2352107239485,-8.74,STOP_LOSS
long,2015-09-22 09:50:00+05:30,2015-09-22 10:15:00+05:30,7996.6,7984.444776106722,7984.444776106722,-12.16,STOP_LOSS
short,2015-09-23 10:40:00+05:30,2015-09-23 10:55:00+05:30,7772.2,7781.689505830532,7781.689505830532,-9.49,STOP_LOSS
short,2015-09-24 10:10:00+05:30,2015-09-24 10:15:00+05:30,7825.75,7834.025979694416,7834.025979694416,-8.28,STOP_LOSS
long,2015-09-29 14:35:00+05:30,2015-09-29 14:45:00+05:30,7904.55,7889.234592424097,7889.234592424097,-15.32,STOP_LOSS
long,2015-09-30 10:40:00+05:30,2015-09-30 11:05:00+05:30,7899.3,7887.397409239959,7887.397409239959,-11.9,STOP_LOSS
long,2015-10-01 10:10:00+05:30,2015-10-01 10:20:00+05:30,7990.45,7977.380471590311,7977.380471590311,-13.07,STOP_LOSS
long,2015-10-05 10:45:00+05:30,2015-10-05 14:30:00+05:30,8058.9,8108.332965780191,8108.332965780191,49.43,TRAIL_SL
long,2015-10-06 09:45:00+05:30,2015-10-06 10:00:00+05:30,8140.6,8126.065963135528,8126.065963135528,-14.53,STOP_LOSS
long,2015-10-06 10:40:00+05:30,2015-10-06 11:35:00+05:30,8137.0,8126.008756909801,8126.008756909801,-10.99,STOP_LOSS
long,2015-10-06 14:55:00+05:30,2015-10-06 15:15:00+05:30,8156.8,8149.9,8145.629143601888,-6.9,EOD_EXIT
long,2015-10-07 11:10:00+05:30,2015-10-07 11:50:00+05:30,8176.0,8167.167922244822,8167.167922244822,-8.83,STOP_LOSS
short,2015-10-08 11:55:00+05:30,2015-10-08 13:35:00+05:30,8128.7,8134.538119149221,8134.538119149221,-5.84,STOP_LOSS
long,2015-10-09 10:30:00+05:30,2015-10-09 10:55:00+05:30,8217.7,8207.655112004368,8207.655112004368,-10.04,STOP_LOSS
short,2015-10-09 13:30:00+05:30,2015-10-09 14:05:00+05:30,8158.55,8165.647154215185,8165.647154215185,-7.1,STOP_LOSS
long,2015-10-12 10:20:00+05:30,2015-10-12 11:25:00+05:30,8203.5,8187.7486376010565,8187.7486376010565,-15.75,STOP_LOSS
short,2015-10-13 10:15:00+05:30,2015-10-13 12:25:00+05:30,8127.95,8134.933477054879,8134.933477054879,-6.98,STOP_LOSS
long,2015-10-15 10:35:00+05:30,2015-10-15 15:15:00+05:30,8168.7,8175.7,8160.385655545818,7.0,EOD_EXIT
long,2015-10-19 09:50:00+05:30,2015-10-19 15:15:00+05:30,8247.9,8273.75,8236.681723447577,25.85,EOD_EXIT
long,2015-10-20 11:10:00+05:30,2015-10-20 11:25:00+05:30,8285.8,8279.443921973172,8279.443921973172,-6.36,STOP_LOSS
short,2015-10-21 13:10:00+05:30,2015-10-21 13:20:00+05:30,8235.5,8241.863140654012,8241.863140654012,-6.36,STOP_LOSS
long,2015-10-23 10:35:00+05:30,2015-10-23 11:35:00+05:30,8309.35,8301.159180031495,8301.159180031495,-8.19,STOP_LOSS
short,2015-10-27 11:05:00+05:30,2015-10-27 11:30:00+05:30,8224.35,8227.977911672317,8227.977911672317,-3.63,STOP_LOSS
short,2015-10-28 09:55:00+05:30,2015-10-28 13:30:00+05:30,8206.2,8159.256701458783,8159.256701458783,46.94,TRAIL_SL
short,2015-11-02 10:45:00+05:30,2015-11-02 14:15:00+05:30,8032.15,8001.5666493026965,8001.5666493026965,30.58,TRAIL_SL
long,2015-11-04 09:50:00+05:30,2015-11-04 13:50:00+05:30,8088.95,8075.72029375728,8075.72029375728,-13.23,STOP_LOSS
short,2015-11-05 10:45:00+05:30,2015-11-05 11:20:00+05:30,7998.1,8004.9170886347565,8004.9170886347565,-6.82,STOP_LOSS
short,2015-11-06 09:45:00+05:30,2015-11-06 10:30:00+05:30,7969.75,7940.976157843158,7940.976157843158,28.77,TRAIL_SL
short,2015-11-06 14:10:00+05:30,2015-11-06 14:15:00+05:30,7941.8,7948.052193933915,7948.052193933915,-6.25,STOP_LOSS
short,2015-11-09 10:00:00+05:30,2015-11-09 10:10:00+05:30,7847.85,7862.154519334658,7862.154519334658,-14.3,STOP_LOSS
short,2015-11-09 10:40:00+05:30,2015-11-09 11:05:00+05:30,7857.6,7867.531537736065,7867.531537736065,-9.93,STOP_LOSS
short,2015-11-10 10:30:00+05:30,2015-11-10 11:20:00+05:30,7860.5,7866.578948033944,7866.578948033944,-6.08,STOP_LOSS
short,2015-11-10 12:45:00+05:30,2015-11-10 14:00:00+05:30,7836.35,7842.365124017426,7842.365124017426,-6.02,STOP_LOSS
short,2015-11-13 09:45:00+05:30,2015-11-13 11:35:00+05:30,7766.45,7738.74645666151,7738.74645666151,27.7,TRAIL_SL
short,2015-11-16 10:10:00+05:30,2015-11-16 10:15:00+05:30,7728.9,7735.1295458641525,7735.1295458641525,-6.23,STOP_LOSS
short,2015-11-16 10:20:00+05:30,2015-11-16 10:35:00+05:30,7729.1,7735.675414449075,7735.675414449075,-6.58,STOP_LOSS
long,2015-11-16 14:55:00+05:30,2015-11-16 15:05:00+05:30,7823.7,7814.667097529293,7814.667097529293,-9.03,STOP_LOSS
long,2015-11-17 14:25:00+05:30,2015-11-17 15:15:00+05:30,7839.8,7837.25,7828.477639086816,-2.55,EOD_EXIT
short,2015-11-18 14:40:00+05:30,2015-11-18 15:15:00+05:30,7746.1,7733.1,7754.409987832959,13.0,EOD_EXIT
long,2015-11-20 12:15:00+05:30,2015-11-20 12:20:00+05:30,7898.05,7890.289866207426,7890.289866207426,-7.76,STOP_LOSS
short,2015-11-23 14:15:00+05:30,2015-11-23 14:40:00+05:30,7836.2,7842.219381504363,7842.219381504363,-6.02,STOP_LOSS
long,2015-11-26 10:35:00+05:30,2015-11-26 15:15:00+05:30,7870.4,7883.8,7862.318520886079,13.4,EOD_EXIT
long,2015-11-27 11:25:00+05:30,2015-11-27 11:40:00+05:30,7933.55,7927.074175476921,7927.074175476921,-6.48,STOP_LOSS
long,2015-11-27 14:55:00+05:30,2015-11-27 15:15:00+05:30,7942.9,7946.0,7932.19514700879,3.1,EOD_EXIT
long,2015-11-30 09:45:00+05:30,2015-11-30 10:00:00+05:30,7950.8,7939.688162724483,7939.688162724483,-11.11,STOP_LOSS
long,2015-12-01 09:50:00+05:30,2015-12-01 11:15:00+05:30,7957.75,7947.515704641061,7947.515704641061,-10.23,STOP_LOSS
short,2015-12-02 11:25:00+05:30,2015-12-02 13:40:00+05:30,7923.5,7929.043316526696,7929.043316526696,-5.54,STOP_LOSS
short,2015-12-03 10:45:00+05:30,2015-12-03 11:15:00+05:30,7888.45,7892.736550386958,7892.736550386958,-4.29,STOP_LOSS
short,2015-12-04 10:45:00+05:30,2015-12-04 13:20:00+05:30,7805.75,7809.875241419432,7809.875241419432,-4.13,STOP_LOSS
short,2015-12-07 13:05:00+05:30,2015-12-07 15:15:00+05:30,7769.95,7764.15,7774.927405851465,5.8,EOD_EXIT
short,2015-12-09 10:50:00+05:30,2015-12-09 10:55:00+05:30,7668.35,7674.344192477953,7674.344192477953,-5.99,STOP_LOSS
short,2015-12-09 11:05:00+05:30,2015-12-09 14:15:00+05:30,7671.8,7643.844522624333,7643.844522624333,27.96,TRAIL_SL
short,2015-12-11 13:05:00+05:30,2015-12-11 14:35:00+05:30,7611.75,7586.893309761551,7586.893309761551,24.86,TRAIL_SL
short,2015-12-14 09:50:00+05:30,2015-12-14 09:55:00+05:30,7587.35,7596.856584832401,7596.856584832401,-9.51,STOP_LOSS
long,2015-12-16 10:45:00+05:30,2015-12-16 13:40:00+05:30,7753.7,7745.654202913556,7745.654202913556,-8.05,STOP_LOSS
short,2015-12-21 09:50:00+05:30,2015-12-21 09:55:00+05:30,7763.0,7770.488765837478,7770.488765837478,-7.49,STOP_LOSS
long,2015-12-21 11:05:00+05:30,2015-12-21 15:15:00+05:30,7802.45,7835.8,7792.687312721105,33.35,EOD_EXIT
long,2016-01-01 11:20:00+05:30,2016-01-01 12:20:00+05:30,7944.55,7939.077896069743,7939.077896069743,-5.47,STOP_LOSS
long,2016-01-01 14:45:00+05:30,2016-01-01 15:15:00+05:30,7964.35,7963.05,7957.53896105304,-1.3,EOD_EXIT
short,2016-01-04 09:50:00+05:30,2016-01-04 10:50:00+05:30,7932.5,7876.344028760117,7876.344028760117,56.16,TRAIL_SL
short,2016-01-04 12:05:00+05:30,2016-01-04 12:10:00+05:30,7831.0,7837.696971707776,7837.696971707776,-6.7,STOP_LOSS
short,2016-01-04 14:10:00+05:30,2016-01-04 14:15:00+05:30,7798.55,7803.978338843918,7803.978338843918,-5.43,STOP_LOSS
short,2016-01-05 11:50:00+05:30,2016-01-05 11:55:00+05:30,7776.1,7781.848972530399,7781.848972530399,-5.75,STOP_LOSS
short,2016-01-06 10:05:00+05:30,2016-01-06 10:15:00+05:30,7769.5,7775.044329338139,7775.044329338139,-5.54,STOP_LOSS
short,2016-01-06 14:35:00+05:30,2016-01-06 15:15:00+05:30,7746.95,7740.85,7755.672779779892,6.1,EOD_EXIT
short,2016-01-07 10:40:00+05:30,2016-01-07 12:15:00+05:30,7627.8,7592.328996327028,7592.328996327028,35.47,TRAIL_SL
short,2016-01-07 12:50:00+05:30,2016-01-07 13:00:00+05:30,7592.6,7598.280862280349,7598.280862280349,-5.68,STOP_LOSS
short,2016-01-11 10:05:00+05:30,2016-01-11 10:35:00+05:30,7523.65,7532.579413665626,7532.579413665626,-8.93,STOP_LOSS
short,2016-01-12 11:00:00+05:30,2016-01-12 13:15:00+05:30,7528.05,7499.263787937717,7499.263787937717,28.79,TRAIL_SL
short,2016-01-12 13:20:00+05:30,2016-01-12 13:55:00+05:30,7503.25,7509.615834230412,7509.615834230412,-6.37,STOP_LOSS
short,2016-01-14 10:20:00+05:30,2016-01-14 10:35:00+05:30,7479.0,7490.590477842122,7490.590477842122,-11.59,STOP_LOSS
long,2016-01-14 12:45:00+05:30,2016-01-14 13:30:00+05:30,7541.45,7594.823669430352,7594.823669430352,53.37,TRAIL_SL
long,2016-01-14 13:35:00+05:30,2016-01-14 13:45:00+05:30,7574.65,7558.432934522039,7558.432934522039,-16.22,STOP_LOSS
short,2016-01-15 10:10:00+05:30,2016-01-15 14:50:00+05:30,7533.0,7459.823878103506,7459.823878103506,73.18,TRAIL_SL
short,2016-01-18 10:10:00+05:30,2016-01-18 10:35:00+05:30,7408.4,7421.715162935201,7421.715162935201,-13.32,STOP_LOSS
short,2016-01-18 12:15:00+05:30,2016-01-18 13:45:00+05:30,7409.35,7417.817172691876,7417.817172691876,-8.47,STOP_LOSS
short,2016-01-20 10:45:00+05:30,2016-01-20 14:10:00+05:30,7315.1,7267.232853340491,7267.232853340491,47.87,TRAIL_SL
short,2016-01-21 12:40:00+05:30,2016-01-21 13:30:00+05:30,7276.75,7284.147406240831,7284.147406240831,-7.4,STOP_LOSS
long,2016-01-22 12:45:00+05:30,2016-01-22 13:15:00+05:30,7413.85,7406.382265624652,7406.382265624652,-7.47,STOP_LOSS
long,2016-01-25 10:50:00+05:30,2016-01-25 11:05:00+05:30,7475.4,7468.427276235375,7468.427276235375,-6.97,STOP_LOSS
long,2016-01-27 12:45:00+05:30,2016-01-27 13:25:00+05:30,7464.7,7456.959813734602,7456.959813734602,-7.74,STOP_LOSS
short,2016-01-27 14:05:00+05:30,2016-01-27 14:10:00+05:30,7442.5,7448.114461876546,7448.114461876546,-5.61,STOP_LOSS
long,2016-01-28 14:30:00+05:30,2016-01-28 15:00:00+05:30,7457.2,7447.90673360949,7447.90673360949,-9.29,STOP_LOSS
long,2016-01-29 12:30:00+05:30,2016-01-29 14:40:00+05:30,7508.25,7540.565160542366,7540.565160542366,32.32,TRAIL_SL
long,2016-01-29 14:50:00+05:30,2016-01-29 15:15:00+05:30,7537.95,7564.45,7526.878733458712,26.5,EOD_EXIT
long,2016-02-01 10:50:00+05:30,2016-02-01 12:30:00+05:30,7587.05,7576.957650351948,7576.957650351948,-10.09,STOP_LOSS
short,2016-02-02 11:35:00+05:30,2016-02-02 11:50:00+05:30,7535.9,7544.778432900385,7544.778432900385,-8.88,STOP_LOSS
short,2016-02-02 14:30:00+05:30,2016-02-02 14:45:00+05:30,7513.6,7521.447076597887,7521.447076597887,-7.85,STOP_LOSS
short,2016-02-03 09:55:00+05:30,2016-02-03 10:50:00+05:30,7401.55,7378.823123606318,7378.823123606318,22.73,TRAIL_SL
short,2016-02-03 10:50:00+05:30,2016-02-03 12:35:00+05:30,7381.0,7388.8927104970435,7388.8927104970435,-7.89,STOP_LOSS
long,2016-02-05 11:00:00+05:30,2016-02-05 15:15:00+05:30,7463.9,7493.15,7450.924776418833,29.25,EOD_EXIT
short,2016-02-09 10:15:00+05:30,2016-02-09 11:45:00+05:30,7313.15,7285.688161436051,7285.688161436051,27.46,TRAIL_SL
short,2016-02-09 11:45:00+05:30,2016-02-09 13:10:00+05:30,7291.65,7297.686341555722,7297.686341555722,-6.04,STOP_LOSS
short,2016-02-10 11:05:00+05:30,2016-02-10 11:30:00+05:30,7226.7,7233.653980856805,7233.653980856805,-6.95,STOP_LOSS
short,2016-02-11 10:35:00+05:30,2016-02-11 12:10:00+05:30,7160.1,7133.137283730664,7133.137283730664,26.96,TRAIL_SL
short,2016-02-11 12:30:00+05:30,2016-02-11 13:55:00+05:30,7137.2,7074.8351554846695,7074.8351554846695,62.36,TRAIL_SL
short,2016-02-12 10:30:00+05:30,2016-02-12 10:40:00+05:30,6952.4,6966.49538631488,6966.49538631488,-14.1,STOP_LOSS
short,2016-02-12 10:50:00+05:30,2016-02-12 11:50:00+05:30,6962.85,6923.416320600028,6923.416320600028,39.43,TRAIL_SL
long,2016-02-15 12:05:00+05:30,2016-02-15 15:15:00+05:30,7148.55,7157.15,7139.08648735651,8.6,EOD_EXIT
long,2016-02-18 10:10:00+05:30,2016-02-18 11:25:00+05:30,7188.5,7172.594885018955,7172.594885018955,-15.91,STOP_LOSS
long,2016-02-19 11:10:00+05:30,2016-02-19 12:45:00+05:30,7189.25,7178.594401756267,7178.594401756267,-10.66,STOP_LOSS
long,2016-02-22 10:35:00+05:30,2016-02-22 11:05:00+05:30,7234.8,7225.98738842205,7225.98738842205,-8.81,STOP_LOSS
long,2016-02-22 14:10:00+05:30,2016-02-22 14:25:00+05:30,7243.5,7237.05392281463,7237.05392281463,-6.45,STOP_LOSS
short,2016-02-23 12:00:00+05:30,2016-02-23 13:15:00+05:30,7165.0,7123.320529125952,7123.320529125952,41.68,TRAIL_SL
short,2016-02-23 13:20:00+05:30,2016-02-23 14:50:00+05:30,7130.95,7137.521163457143,7137.521163457143,-6.57,STOP_LOSS
short,2016-02-24 10:00:00+05:30,2016-02-24 10:10:00+05:30,7066.55,7073.607344499209,7073.607344499209,-7.06,STOP_LOSS
short,2016-02-24 10:45:00+05:30,2016-02-24 11:30:00+05:30,7065.3,7040.795133053403,7040.795133053403,24.5,TRAIL_SL
short,2016-02-24 11:30:00+05:30,2016-02-24 11:55:00+05:30,7047.8,7054.077430477918,7054.077430477918,-6.28,STOP_LOSS
short,2016-02-25 09:55:00+05:30,2016-02-25 10:10:00+05:30,7010.9,7018.556082824697,7018.556082824697,-7.66,STOP_LOSS
short,2016-02-25 12:40:00+05:30,2016-02-25 14:40:00+05:30,6993.8,7001.402845546419,7001.402845546419,-7.6,STOP_LOSS
short,2016-02-29 10:10:00+05:30,2016-02-29 11:05:00+05:30,7015.25,7022.846441142205,7022.846441142205,-7.6,STOP_LOSS
long,2016-02-29 14:15:00+05:30,2016-02-29 14:45:00+05:30,7046.4,7014.56862979699,7014.56862979699,-31.83,STOP_LOSS
long,2016-03-01 11:25:00+05:30,2016-03-01 13:10:00+05:30,7142.55,7176.135624991511,7176.135624991511,33.59,TRAIL_SL
long,2016-03-01 13:35:00+05:30,2016-03-01 14:20:00+05:30,7176.3,7207.271600545364,7207.271600545364,30.97,TRAIL_SL
long,2016-03-01 14:35:00+05:30,2016-03-01 15:15:00+05:30,7200.65,7231.05,7189.275674397081,30.4,EOD_EXIT
long,2016-03-02 10:30:00+05:30,2016-03-02 15:15:00+05:30,7349.1,7377.1,7333.270584083976,28.0,EOD_EXIT
long,2016-03-03 09:45:00+05:30,2016-03-03 12:45:00+05:30,7410.2,7444.664151049781,7444.664151049781,34.46,TRAIL_SL
long,2016-03-03 13:55:00+05:30,2016-03-03 15:15:00+05:30,7457.8,7481.45,7445.832586726361,23.65,EOD_EXIT
long,2016-03-08 10:15:00+05:30,2016-03-08 11:05:00+05:30,7515.3,7502.380324275699,7502.380324275699,-12.92,STOP_LOSS
short,2016-03-09 10:00:00+05:30,2016-03-09 10:15:00+05:30,7445.8,7454.228377148726,7454.228377148726,-8.43,STOP_LOSS
long,2016-03-09 13:15:00+05:30,2016-03-10 09:15:00+05:30,7472.2,7529.779235422788,7529.779235422788,57.58,TRAIL_SL
long,2016-03-11 10:35:00+05:30,2016-03-11 11:10:00+05:30,7534.7,7525.233375566194,7525.233375566194,-9.47,STOP_LOSS
short,2016-03-11 12:10:00+05:30,2016-03-11 12:50:00+05:30,7489.65,7498.736845596818,7498.736845596818,-9.09,STOP_LOSS
long,2016-03-14 10:20:00+05:30,2016-03-14 11:40:00+05:30,7558.25,7548.2728574551675,7548.2728574551675,-9.98,STOP_LOSS
short,2016-03-15 11:05:00+05:30,2016-03-15 14:05:00+05:30,7498.65,7458.760308486118,7458.760308486118,39.89,TRAIL_SL
short,2016-03-16 10:15:00+05:30,2016-03-16 11:55:00+05:30,7441.9,7414.2014967389905,7414.2014967389905,27.7,TRAIL_SL
long,2016-03-17 10:45:00+05:30,2016-03-17 14:40:00+05:30,7556.65,7546.3914916997455,7546.3914916997455,-10.26,STOP_LOSS
long,2016-03-18 10:45:00+05:30,2016-03-18 11:30:00+05:30,7551.3,7541.331431149301,7541.331431149301,-9.97,STOP_LOSS
long,2016-03-21 11:00:00+05:30,2016-03-21 11:25:00+05:30,7653.65,7646.886205743722,7646.886205743722,-6.76,STOP_LOSS
long,2016-03-22 11:00:00+05:30,2016-03-22 11:05:00+05:30,7697.8,7687.915577304861,7687.915577304861,-9.88,STOP_LOSS
short,2016-03-22 14:05:00+05:30,2016-03-22 14:20:00+05:30,7659.15,7665.914224994423,7665.914224994423,-6.76,STOP_LOSS
short,2016-03-29 11:25:00+05:30,2016-03-29 11:30:00+05:30,7597.75,7603.847557535336,7603.847557535336,-6.1,STOP_LOSS
long,2016-03-30 12:00:00+05:30,2016-03-30 14:00:00+05:30,7672.5,7715.833438933141,7715.833438933141,43.33,TRAIL_SL
long,2016-03-31 10:35:00+05:30,2016-03-31 12:55:00+05:30,7764.4,7755.170897569449,7755.170897569449,-9.23,STOP_LOSS
short,2016-04-01 13:10:00+05:30,2016-04-01 14:00:00+05:30,7689.4,7695.109200736033,7695.109200736033,-5.71,STOP_LOSS
long,2016-04-04 10:15:00+05:30,2016-04-04 10:40:00+05:30,7744.8,7734.500509476473,7734.500509476473,-10.3,STOP_LOSS
short,2016-04-05 11:45:00+05:30,2016-04-05 12:10:00+05:30,7686.85,7659.475320959164,7659.475320959164,27.37,TRAIL_SL
short,2016-04-05 13:25:00+05:30,2016-04-06 09:15:00+05:30,7640.45,7598.763093082646,7598.763093082646,41.69,TRAIL_SL
short,2016-04-08 09:45:00+05:30,2016-04-08 09:55:00+05:30,7541.45,7549.020708040909,7549.020708040909,-7.57,STOP_LOSS
long,2016-04-11 14:25:00+05:30,2016-04-11 15:25:00+05:30,7598.6,7666.557862621626,7666.557862621626,67.96,TRAIL_SL
long,2016-04-12 11:15:00+05:30,2016-04-12 13:35:00+05:30,7697.4,7690.6079932689745,7690.6079932689745,-6.79,STOP_LOSS
long,2016-04-13 11:05:00+05:30,2016-04-13 15:15:00+05:30,7833.3,7847.1,7826.139694387252,13.8,EOD_EXIT
long,2016-04-18 10:50:00+05:30,2016-04-18 15:15:00+05:30,7882.75,7915.3,7873.985714936536,32.55,EOD_EXIT
long,2016-04-20 10:00:00+05:30,2016-04-20 10:30:00+05:30,7929.05,7918.395827942029,7918.395827942029,-10.65,STOP_LOSS
short,2016-04-22 09:55:00+05:30,2016-04-22 10:00:00+05:30,7893.4,7900.442403989261,7900.442403989261,-7.04,STOP_LOSS
short,2016-04-22 14:50:00+05:30,2016-04-22 15:15:00+05:30,7895.2,7900.3,7900.85570210527,-5.1,EOD_EXIT
short,2016-04-25 11:05:00+05:30,2016-04-25 14:45:00+05:30,7862.2,7831.724652467166,7831.724652467166,30.48,TRAIL_SL
long,2016-04-26 14:40:00+05:30,2016-04-26 15:15:00+05:30,7959.25,7953.9,7950.420664254168,-5.35,EOD_EXIT
short,2016-04-28 11:50:00+05:30,2016-04-28 12:50:00+05:30,7931.4,7901.331774494127,7901.331774494127,30.07,TRAIL_SL
short,2016-04-28 13:55:00+05:30,2016-04-28 14:55:00+05:30,7902.55,7872.371530715549,7872.371530715549,30.18,TRAIL_SL
short,2016-04-29 13:25:00+05:30,2016-04-29 14:35:00+05:30,7808.0,7816.749012312181,7816.749012312181,-8.75,STOP_LOSS
short,2016-05-02 09:55:00+05:30,2016-05-02 12:00:00+05:30,7802.4,7811.26920954136,7811.26920954136,-8.87,STOP_LOSS
short,2016-05-03 14:20:00+05:30,2016-05-03 15:15:00+05:30,7762.05,7750.25,7769.8481102097885,11.8,EOD_EXIT
short,2016-05-04 10:15:00+05:30,2016-05-04 11:35:00+05:30,7726.25,7733.4468424958,7733.4468424958,-7.2,STOP_LOSS
short,2016-05-04 14:20:00+05:30,2016-05-04 15:15:00+05:30,7720.4,7703.6,7726.507440412743,16.8,EOD_EXIT
short,2016-05-05 13:35:00+05:30,2016-05-05 13:45:00+05:30,7720.6,7727.066078378443,7727.066078378443,-6.47,STOP_LOSS
short,2016-05-06 10:20:00+05:30,2016-05-06 10:50:00+05:30,7696.55,7702.785745147551,7702.785745147551,-6.24,STOP_LOSS
long,2016-05-09 11:15:00+05:30,2016-05-09 12:45:00+05:30,7833.8,7825.653386560943,7825.653386560943,-8.15,STOP_LOSS
long,2016-05-10 13:35:00+05:30,2016-05-10 15:15:00+05:30,7873.55,7887.35,7865.030857769216,13.8,EOD_EXIT
long,2016-05-11 11:10:00+05:30,2016-05-11 12:20:00+05:30,7877.05,7866.229945325886,7866.229945325886,-10.82,STOP_LOSS
short,2016-05-11 13:30:00+05:30,2016-05-11 13:55:00+05:30,7834.3,7841.715792009052,7841.715792009052,-7.42,STOP_LOSS
long,2016-05-12 10:35:00+05:30,2016-05-12 12:30:00+05:30,7893.6,7885.193870987922,7885.193870987922,-8.41,STOP_LOSS
short,2016-05-13 10:30:00+05:30,2016-05-13 12:20:00+05:30,7837.3,7806.366692004023,7806.366692004023,30.93,TRAIL_SL
short,2016-05-13 13:45:00+05:30,2016-05-13 14:10:00+05:30,7800.5,7806.747333331261,7806.747333331261,-6.25,STOP_LOSS
long,2016-05-17 10:00:00+05:30,2016-05-17 14:15:00+05:30,7899.45,7935.578871543103,7935.578871543103,36.13,TRAIL_SL
short,2016-05-18 10:40:00+05:30,2016-05-18 12:20:00+05:30,7823.95,7829.478231116248,7829.478231116248,-5.53,STOP_LOSS
short,2016-05-19 09:45:00+05:30,2016-05-19 10:50:00+05:30,7841.95,7848.831913120472,7848.831913120472,-6.88,STOP_LOSS
long,2016-05-25 11:20:00+05:30,2016-05-25 15:05:00+05:30,7868.0,7932.178204303082,7932.178204303082,64.18,TRAIL_SL
long,2016-05-26 10:35:00+05:30,2016-05-26 11:15:00+05:30,7975.0,7967.317101368724,7967.317101368724,-7.68,STOP_LOSS
long,2016-05-27 10:10:00+05:30,2016-05-27 13:10:00+05:30,8116.1,8155.366923686852,8155.366923686852,39.27,TRAIL_SL
long,2016-05-27 13:30:00+05:30,2016-05-27 15:15:00+05:30,8141.35,8155.5,8128.787694910847,14.15,EOD_EXIT
long,2016-05-30 09:50:00+05:30,2016-05-30 10:15:00+05:30,8182.15,8168.265508527491,8168.265508527491,-13.88,STOP_LOSS
long,2016-06-01 11:20:00+05:30,2016-06-01 11:25:00+05:30,8209.8,8203.41121490447,8203.41121490447,-6.39,STOP_LOSS
short,2016-06-02 10:00:00+05:30,2016-06-02 14:05:00+05:30,8168.6,8175.418011911302,8175.418011911302,-6.82,STOP_LOSS
long,2016-06-03 10:35:00+05:30,2016-06-03 10:50:00+05:30,8247.05,8239.971197222058,8239.971197222058,-7.08,STOP_LOSS
short,2016-06-09 10:45:00+05:30,2016-06-09 14:15:00+05:30,8231.9,8192.198048804805,8192.198048804805,39.7,TRAIL_SL
short,2016-06-09 14:40:00+05:30,2016-06-09 15:15:00+05:30,8201.35,8206.303371393524,8206.303371393524,-4.95,STOP_LOSS
short,2016-06-10 13:55:00+05:30,2016-06-10 15:15:00+05:30,8185.9,8173.4,8194.418026755855,12.5,EOD_EXIT
short,2016-06-13 10:35:00+05:30,2016-06-13 13:25:00+05:30,8095.65,8100.5284940136335,8100.5284940136335,-4.88,STOP_LOSS
short,2016-06-16 12:15:00+05:30,2016-06-16 12:20:00+05:30,8084.2,8089.896783280752,8089.896783280752,-5.7,STOP_LOSS
long,2016-06-17 09:50:00+05:30,2016-06-17 12:20:00+05:30,8170.0,8154.554763183298,8154.554763183298,-15.45,STOP_LOSS
long,2016-06-20 10:50:00+05:30,2016-06-20 12:50:00+05:30,8184.3,8225.582729840371,8225.582729840371,41.28,TRAIL_SL
long,2016-06-20 13:00:00+05:30,2016-06-20 15:15:00+05:30,8215.15,8236.45,8207.118022198101,21.3,EOD_EXIT
short,2016-06-22 14:25:00+05:30,2016-06-22 14:30:00+05:30,8183.75,8190.437337999218,8190.437337999218,-6.69,STOP_LOSS
short,2016-06-24 10:50:00+05:30,2016-06-24 12:30:00+05:30,7974.25,7938.756140752243,7938.756140752243,35.49,TRAIL_SL
long,2016-06-28 13:20:00+05:30,2016-06-28 13:45:00+05:30,8135.7,8128.034707559634,8128.034707559634,-7.67,STOP_LOSS
long,2016-06-30 10:35:00+05:30,2016-06-30 10:45:00+05:30,8268.15,8261.91033586944,8261.91033586944,-6.24,STOP_LOSS
long,2016-06-30 14:50:00+05:30,2016-06-30 15:00:00+05:30,8297.95,8290.176481384007,8290.176481384007,-7.77,STOP_LOSS
long,2016-07-01 10:30:00+05:30,2016-07-01 13:15:00+05:30,8344.3,8335.34420854724,8335.34420854724,-8.96,STOP_LOSS
long,2016-07-04 11:25:00+05:30,2016-07-04 12:50:00+05:30,8388.2,8382.299789294828,8382.299789294828,-5.9,STOP_LOSS
short,2016-07-05 14:20:00+05:30,2016-07-05 14:30:00+05:30,8329.55,8334.866664365822,8334.866664365822,-5.32,STOP_LOSS
short,2016-07-08 10:25:00+05:30,2016-07-08 10:30:00+05:30,8307.8,8312.917397966636,8312.917397966636,-5.12,STOP_LOSS
long,2016-07-11 10:45:00+05:30,2016-07-11 15:15:00+05:30,8451.8,8473.75,8444.999108665868,21.95,EOD_EXIT
long,2016-07-12 09:45:00+05:30,2016-07-12 15:15:00+05:30,8482.6,8524.25,8473.765790938496,41.65,EOD_EXIT
long,2016-07-13 09:55:00+05:30,2016-07-13 10:00:00+05:30,8528.35,8519.833912615824,8519.833912615824,-8.52,STOP_LOSS
long,2016-07-13 10:05:00+05:30,2016-07-13 10:45:00+05:30,8526.25,8515.834272142552,8515.834272142552,-10.42,STOP_LOSS
long,2016-07-14 12:50:00+05:30,2016-07-14 15:15:00+05:30,8538.95,8563.35,8531.933206612053,24.4,EOD_EXIT
long,2016-07-15 09:50:00+05:30,2016-07-15 10:05:00+05:30,8568.1,8555.203453652022,8555.203453652022,-12.9,STOP_LOSS
long,2016-07-18 10:10:00+05:30,2016-07-18 13:15:00+05:30,8573.2,8563.436016623367,8563.436016623367,-9.76,STOP_LOSS
short,2016-07-18 13:55:00+05:30,2016-07-19 09:15:00+05:30,8552.8,8503.07922796122,8503.07922796122,49.72,TRAIL_SL
short,2016-07-19 13:55:00+05:30,2016-07-19 14:50:00+05:30,8493.3,8499.272322933712,8499.272322933712,-5.97,STOP_LOSS
long,2016-07-20 10:55:00+05:30,2016-07-20 15:15:00+05:30,8549.6,8563.95,8542.020769014694,14.35,EOD_EXIT
short,2016-07-21 13:35:00+05:30,2016-07-21 13:50:00+05:30,8537.3,8542.346412678178,8542.346412678178,-5.05,STOP_LOSS
short,2016-07-22 09:45:00+05:30,2016-07-22 11:30:00+05:30,8505.85,8514.494703188784,8514.494703188784,-8.64,STOP_LOSS
long,2016-07-25 12:25:00+05:30,2016-07-25 14:10:00+05:30,8580.45,8626.70912964317,8626.70912964317,46.26,TRAIL_SL
long,2016-07-25 14:35:00+05:30,2016-07-25 15:15:00+05:30,8622.85,8637.7,8615.001569950518,14.85,EOD_EXIT
long,2016-07-26 09:50:00+05:30,2016-07-26 10:40:00+05:30,8636.1,8626.393431841752,8626.393431841752,-9.71,STOP_LOSS
long,2016-07-28 10:15:00+05:30,2016-07-28 14:45:00+05:30,8637.3,8628.317255524245,8628.317255524245,-8.98,STOP_LOSS
long,2016-08-02 11:25:00+05:30,2016-08-02 11:40:00+05:30,8669.0,8660.450166442055,8660.450166442055,-8.55,STOP_LOSS
short,2016-08-03 10:00:00+05:30,2016-08-03 10:10:00+05:30,8582.5,8590.568107655017,8590.568107655017,-8.07,STOP_LOSS
short,2016-08-03 11:50:00+05:30,2016-08-03 12:40:00+05:30,8562.85,8570.214162517956,8570.214162517956,-7.36,STOP_LOSS
short,2016-08-04 14:35:00+05:30,2016-08-04 14:55:00+05:30,8528.3,8535.304585121019,8535.304585121019,-7.0,STOP_LOSS
long,2016-08-05 11:50:00+05:30,2016-08-05 13:00:00+05:30,8646.05,8640.037154955946,8640.037154955946,-6.01,STOP_LOSS
long,2016-08-08 10:05:00+05:30,2016-08-08 15:15:00+05:30,8709.35,8710.0,8698.476165840886,0.65,EOD_EXIT
short,2016-08-09 13:00:00+05:30,2016-08-09 13:25:00+05:30,8655.1,8660.316792743079,8660.316792743079,-5.22,STOP_LOSS
short,2016-08-11 13:40:00+05:30,2016-08-11 14:40:00+05:30,8559.15,8565.690253443629,8565.690253443629,-6.54,STOP_LOSS
long,2016-08-12 10:55:00+05:30,2016-08-12 11:30:00+05:30,8666.45,8659.507223848464,8659.507223848464,-6.94,STOP_LOSS
short,2016-08-16 12:25:00+05:30,2016-08-16 14:30:00+05:30,8624.35,8632.229522371896,8632.229522371896,-7.88,STOP_LOSS
short,2016-08-17 13:50:00+05:30,2016-08-17 15:15:00+05:30,8621.75,8623.3,8628.332804471334,-1.55,EOD_EXIT
long,2016-08-18 10:00:00+05:30,2016-08-18 15:15:00+05:30,8655.05,8671.15,8645.306439405978,16.1,EOD_EXIT
short,2016-08-22 11:10:00+05:30,2016-08-22 13:25:00+05:30,8629.45,8634.484925845587,8634.484925845587,-5.03,STOP_LOSS
short,2016-08-23 14:20:00+05:30,2016-08-23 14:25:00+05:30,8598.9,8605.786059425793,8605.786059425793,-6.89,STOP_LOSS
long,2016-08-25 10:05:00+05:30,2016-08-25 12:35:00+05:30,8670.85,8663.370270209114,8663.370270209114,-7.48,STOP_LOSS
short,2016-08-25 14:45:00+05:30,2016-08-25 15:15:00+05:30,8615.25,8591.05,8622.96274566316,24.2,EOD_EXIT
short,2016-08-26 10:40:00+05:30,2016-08-26 14:45:00+05:30,8587.35,8556.22320547362,8556.22320547362,31.13,TRAIL_SL
short,2016-08-29 10:00:00+05:30,2016-08-29 10:15:00+05:30,8555.7,8563.056813642535,8563.056813642535,-7.36,STOP_LOSS
long,2016-08-30 10:50:00+05:30,2016-08-30 15:10:00+05:30,8671.2,8743.562991652288,8743.562991652288,72.36,TRAIL_SL
long,2016-08-31 10:15:00+05:30,2016-08-31 10:20:00+05:30,8785.3,8774.610207051368,8774.610207051368,-10.69,STOP_LOSS
long,2016-08-31 10:35:00+05:30,2016-08-31 12:20:00+05:30,8780.5,8770.771822688279,8770.771822688279,-9.73,STOP_LOSS
long,2016-08-31 14:05:00+05:30,2016-08-31 14:10:00+05:30,8809.45,8802.239351603783,8802.239351603783,-7.21,STOP_LOSS
long,2016-09-01 13:50:00+05:30,2016-09-01 14:45:00+05:30,8800.9,8792.317663874504,8792.317663874504,-8.58,STOP_LOSS
long,2016-09-06 11:10:00+05:30,2016-09-06 15:25:00+05:30,8892.4,8946.3121254721,8946.3121254721,53.91,TRAIL_SL
long,2016-09-07 09:45:00+05:30,2016-09-07 14:40:00+05:30,8937.75,8924.41640985268,8924.41640985268,-13.33,STOP_LOSS
short,2016-09-08 09:45:00+05:30,2016-09-08 10:25:00+05:30,8911.0,8919.1779998675,8919.1779998675,-8.18,STOP_LOSS
short,2016-09-09 10:40:00+05:30,2016-09-09 13:25:00+05:30,8883.25,8891.062904108612,8891.062904108612,-7.81,STOP_LOSS
short,2016-09-12 11:10:00+05:30,2016-09-12 11:30:00+05:30,8731.95,8736.710205631887,8736.710205631887,-4.76,STOP_LOSS
long,2016-09-16 10:55:00+05:30,2016-09-16 13:05:00+05:30,8838.5,8830.746527082185,8830.746527082185,-7.75,STOP_LOSS
long,2016-09-19 11:10:00+05:30,2016-09-19 12:20:00+05:30,8815.05,8807.647985604206,8807.647985604206,-7.4,STOP_LOSS
short,2016-09-20 09:55:00+05:30,2016-09-20 10:25:00+05:30,8782.75,8789.500928930453,8789.500928930453,-6.75,STOP_LOSS
long,2016-09-22 10:05:00+05:30,2016-09-22 11:25:00+05:30,8862.3,8848.299498610262,8848.299498610262,-14.0,STOP_LOSS
short,2016-09-26 10:00:00+05:30,2016-09-26 14:05:00+05:30,8797.9,8729.26338030976,8729.26338030976,68.64,TRAIL_SL
short,2016-09-26 14:30:00+05:30,2016-09-26 14:55:00+05:30,8733.3,8738.181211409317,8738.181211409317,-4.88,STOP_LOSS
long,2016-09-29 09:55:00+05:30,2016-09-29 11:00:00+05:30,8781.45,8770.42183134637,8770.42183134637,-11.03,STOP_LOSS
short,2016-09-29 13:50:00+05:30,2016-09-29 14:35:00+05:30,8646.5,8585.516915673372,8585.516915673372,60.98,TRAIL_SL
short,2016-09-29 14:55:00+05:30,2016-09-29 15:15:00+05:30,8595.8,8592.3,8609.196322319283,3.5,EOD_EXIT
long,2016-10-03 11:35:00+05:30,2016-10-03 15:15:00+05:30,8709.05,8735.15,8699.639950209665,26.1,EOD_EXIT
long,2016-10-04 09:50:00+05:30,2016-10-04 11:35:00+05:30,8761.35,8750.061998162015,8750.061998162015,-11.29,STOP_LOSS
long,2016-10-06 10:05:00+05:30,2016-10-06 13:25:00+05:30,8765.5,8755.996951338848,8755.996951338848,-9.5,STOP_LOSS
short,2016-10-07 10:05:00+05:30,2016-10-07 15:15:00+05:30,8699.95,8697.3,8708.22089585765,2.65,EOD_EXIT
short,2016-10-13 10:30:00+05:30,2016-10-13 12:55:00+05:30,8634.95,8585.679145339425,8585.679145339425,49.27,TRAIL_SL
short,2016-10-13 14:30:00+05:30,2016-10-13 15:05:00+05:30,8563.7,8571.362590682178,8571.362590682178,-7.66,STOP_LOSS
short,2016-10-17 13:15:00+05:30,2016-10-17 15:15:00+05:30,8534.7,8522.3,8541.88801040565,12.4,EOD_EXIT
long,2016-10-19 09:45:00+05:30,2016-10-19 10:05:00+05:30,8676.0,8664.308440392108,8664.308440392108,-11.69,STOP_LOSS
long,2016-10-20 10:50:00+05:30,2016-10-20 11:45:00+05:30,8709.55,8701.402925846642,8701.402925846642,-8.15,STOP_LOSS
long,2016-10-24 09:45:00+05:30,2016-10-24 15:15:00+05:30,8699.3,8705.35,8686.40767643007,6.05,EOD_EXIT
short,2016-10-25 10:35:00+05:30,2016-10-25 11:15:00+05:30,8675.7,8681.06569874127,8681.06569874127,-5.37,STOP_LOSS
short,2016-10-26 10:35:00+05:30,2016-10-26 10:55:00+05:30,8634.0,8638.700014411497,8638.700014411497,-4.7,STOP_LOSS
short,2016-10-26 11:00:00+05:30,2016-10-26 13:30:00+05:30,8636.3,8640.560444445613,8640.560444445613,-4.26,STOP_LOSS
short,2016-10-27 10:20:00+05:30,2016-10-27 12:30:00+05:30,8578.0,8584.613890204984,8584.613890204984,-6.61,STOP_LOSS
short,2016-11-02 11:05:00+05:30,2016-11-02 12:50:00+05:30,8532.25,8537.201019603077,8537.201019603077,-4.95,STOP_LOSS
short,2016-11-03 13:45:00+05:30,2016-11-03 15:15:00+05:30,8509.3,8482.2,8516.505091044068,27.1,EOD_EXIT
short,2016-11-04 10:35:00+05:30,2016-11-04 14:05:00+05:30,8463.95,8417.14406793329,8417.14406793329,46.81,TRAIL_SL
short,2016-11-04 14:40:00+05:30,2016-11-04 15:00:00+05:30,8416.4,8424.481308882994,8424.481308882994,-8.08,STOP_LOSS
long,2016-11-08 14:45:00+05:30,2016-11-08 15:25:00+05:30,8508.7,8545.970305644649,8545.970305644649,37.27,TRAIL_SL
short,2016-11-09 11:00:00+05:30,2016-11-09 11:40:00+05:30,8228.2,8252.050268591905,8252.050268591905,-23.85,STOP_LOSS
long,2016-11-10 11:30:00+05:30,2016-11-10 13:00:00+05:30,8582.45,8569.810534640872,8569.810534640872,-12.64,STOP_LOSS
short,2016-11-11 10:55:00+05:30,2016-11-11 12:35:00+05:30,8393.15,8364.95150916828,8364.95150916828,28.2,TRAIL_SL
short,2016-11-11 13:00:00+05:30,2016-11-11 13:10:00+05:30,8366.65,8374.535719609003,8374.535719609003,-7.89,STOP_LOSS
short,2016-11-15 10:20:00+05:30,2016-11-15 11:40:00+05:30,8180.3,8135.167195602954,8135.167195602954,45.13,TRAIL_SL
short,2016-11-15 11:40:00+05:30,2016-11-15 12:10:00+05:30,8150.65,8164.1844619032,8164.1844619032,-13.53,STOP_LOSS
short,2016-11-15 12:30:00+05:30,2016-11-15 13:35:00+05:30,8156.6,8167.270733566111,8167.270733566111,-10.67,STOP_LOSS
short,2016-11-16 09:45:00+05:30,2016-11-16 10:25:00+05:30,8126.85,8143.226804309934,8143.226804309934,-16.38,STOP_LOSS
short,2016-11-17 10:25:00+05:30,2016-11-17 11:05:00+05:30,8108.6,8119.60609896497,8119.60609896497,-11.01,STOP_LOSS
short,2016-11-18 09:55:00+05:30,2016-11-18 10:40:00+05:30,8073.5,8083.596636946179,8083.596636946179,-10.1,STOP_LOSS
short,2016-11-18 14:45:00+05:30,2016-11-18 15:15:00+05:30,8078.65,8078.05,8086.990866229194,0.6,EOD_EXIT
short,2016-11-21 11:30:00+05:30,2016-11-21 13:10:00+05:30,7966.1,7975.274182362329,7975.274182362329,-9.17,STOP_LOSS
short,2016-11-21 14:40:00+05:30,2016-11-21 15:15:00+05:30,7946.85,7931.2,7956.077561880538,15.65,EOD_EXIT
short,2016-11-24 09:50:00+05:30,2016-11-24 11:50:00+05:30,7995.05,8003.09499557165,8003.09499557165,-8.04,STOP_LOSS
short,2016-11-24 13:30:00+05:30,2016-11-24 14:05:00+05:30,7977.45,7984.328497768526,7984.328497768526,-6.88,STOP_LOSS
long,2016-11-25 10:20:00+05:30,2016-11-25 11:25:00+05:30,8016.0,8055.892827420232,8055.892827420232,39.89,TRAIL_SL
long,2016-11-25 12:00:00+05:30,2016-11-25 14:45:00+05:30,8056.65,8095.453062020018,8095.453062020018,38.8,TRAIL_SL
long,2016-11-25 14:45:00+05:30,2016-11-25 15:15:00+05:30,8090.85,8110.25,8082.07797416803,19.4,EOD_EXIT
long,2016-11-28 11:55:00+05:30,2016-11-28 13:35:00+05:30,8129.1,8120.810998199085,8120.810998199085,-8.29,STOP_LOSS
long,2016-11-29 10:05:00+05:30,2016-11-29 15:00:00+05:30,8162.35,8150.3493603653915,8150.3493603653915,-12.0,STOP_LOSS
short,2016-12-02 10:00:00+05:30,2016-12-02 12:05:00+05:30,8144.35,8111.89345355611,8111.89345355611,32.46,TRAIL_SL
short,2016-12-02 12:05:00+05:30,2016-12-02 13:20:00+05:30,8114.7,8119.120686949904,8119.120686949904,-4.42,STOP_LOSS
short,2016-12-05 10:25:00+05:30,2016-12-05 13:35:00+05:30,8082.35,8088.884255521572,8088.884255521572,-6.53,STOP_LOSS
long,2016-12-06 10:05:00+05:30,2016-12-06 15:05:00+05:30,8161.45,8150.094507194626,8150.094507194626,-11.36,STOP_LOSS
long,2016-12-07 13:50:00+05:30,2016-12-07 14:30:00+05:30,8181.15,8173.856404578832,8173.856404578832,-7.29,STOP_LOSS
long,2016-12-08 10:45:00+05:30,2016-12-08 15:05:00+05:30,8209.95,8249.825240010889,8249.825240010889,39.88,TRAIL_SL
short,2016-12-12 11:05:00+05:30,2016-12-12 12:15:00+05:30,8208.1,8212.389552410765,8212.389552410765,-4.29,STOP_LOSS
long,2016-12-15 10:35:00+05:30,2016-12-15 11:10:00+05:30,8214.5,8202.997804888513,8202.997804888513,-11.5,STOP_LOSS
short,2016-12-15 12:15:00+05:30,2016-12-15 12:25:00+05:30,8169.35,8175.972193722529,8175.972193722529,-6.62,STOP_LOSS
short,2016-12-16 10:40:00+05:30,2016-12-16 13:30:00+05:30,8142.0,8146.430923758089,8146.430923758089,-4.43,STOP_LOSS
short,2016-12-22 11:00:00+05:30,2016-12-22 13:35:00+05:30,8000.65,7970.9853090162105,7970.9853090162105,29.66,TRAIL_SL
short,2016-12-22 13:35:00+05:30,2016-12-22 13:45:00+05:30,7974.35,7978.744918100895,7978.744918100895,-4.39,STOP_LOSS
short,2016-12-26 09:55:00+05:30,2016-12-26 15:15:00+05:30,7923.25,7910.05,7933.661745416188,13.2,EOD_EXIT
long,2016-12-28 10:20:00+05:30,2016-12-28 14:30:00+05:30,8060.55,8049.592254747947,8049.592254747947,-10.96,STOP_LOSS
long,2016-12-29 14:40:00+05:30,2016-12-29 15:20:00+05:30,8069.3,8104.293143602612,8104.293143602612,34.99,TRAIL_SL
long,2016-12-30 10:20:00+05:30,2016-12-30 15:15:00+05:30,8156.1,8188.35,8146.692740675126,32.25,EOD_EXIT
short,2017-01-02 11:10:00+05:30,2017-01-02 11:40:00+05:30,8146.8,8151.548180093638,8151.548180093638,-4.75,STOP_LOSS
long,2017-01-02 14:20:00+05:30,2017-01-02 15:15:00+05:30,8184.25,8179.05,8175.6290371063005,-5.2,EOD_EXIT
long,2017-01-03 11:40:00+05:30,2017-01-03 11:45:00+05:30,8204.7,8197.246562398044,8197.246562398044,-7.45,STOP_LOSS
long,2017-01-05 10:15:00+05:30,2017-01-05 15:15:00+05:30,8240.8,8270.45,8232.864453823804,29.65,EOD_EXIT
short,2017-01-09 09:45:00+05:30,2017-01-09 14:05:00+05:30,8244.85,8252.646760630196,8252.646760630196,-7.8,STOP_LOSS
long,2017-01-10 10:20:00+05:30,2017-01-10 15:15:00+05:30,8272.05,8291.65,8264.495413728488,19.6,EOD_EXIT
long,2017-01-11 10:50:00+05:30,2017-01-11 14:05:00+05:30,8334.05,8374.79175414775,8374.79175414775,40.74,TRAIL_SL
long,2017-01-16 10:45:00+05:30,2017-01-16 15:15:00+05:30,8403.9,8412.8,8394.37090841298,8.9,EOD_EXIT
short,2017-01-17 10:55:00+05:30,2017-01-17 15:15:00+05:30,8409.45,8398.4,8414.67198784141,11.05,EOD_EXIT
long,2017-01-18 10:35:00+05:30,2017-01-18 10:55:00+05:30,8453.15,8446.293251493758,8446.293251493758,-6.86,STOP_LOSS
short,2017-01-18 14:05:00+05:30,2017-01-18 15:00:00+05:30,8411.95,8416.737141821503,8416.737141821503,-4.79,STOP_LOSS
short,2017-01-20 10:05:00+05:30,2017-01-20 13:05:00+05:30,8411.6,8375.624481714369,8375.624481714369,35.98,TRAIL_SL
short,2017-01-20 14:45:00+05:30,2017-01-20 15:15:00+05:30,8352.5,8348.25,8357.509162657889,4.25,EOD_EXIT
long,2017-01-24 10:30:00+05:30,2017-01-24 15:25:00+05:30,8429.65,8477.44452565612,8477.44452565612,47.79,TRAIL_SL
long,2017-01-25 10:10:00+05:30,2017-01-25 13:45:00+05:30,8507.55,8551.790002997413,8551.790002997413,44.24,TRAIL_SL
long,2017-01-25 14:05:00+05:30,2017-01-25 15:25:00+05:30,8549.2,8604.873534439004,8604.873534439004,55.67,TRAIL_SL
long,2017-01-27 10:55:00+05:30,2017-01-27 12:20:00+05:30,8660.95,8652.696147245564,8652.696147245564,-8.25,STOP_LOSS
long,2017-01-30 13:55:00+05:30,2017-01-30 14:10:00+05:30,8649.7,8641.798027592826,8641.798027592826,-7.9,STOP_LOSS
short,2017-01-31 09:50:00+05:30,2017-01-31 10:05:00+05:30,8599.05,8607.094225910765,8607.094225910765,-8.04,STOP_LOSS
short,2017-01-31 10:45:00+05:30,2017-01-31 13:40:00+05:30,8591.8,8597.87281233687,8597.87281233687,-6.07,STOP_LOSS
short,2017-02-01 10:00:00+05:30,2017-02-01 11:00:00+05:30,8560.1,8567.222878131462,8567.222878131462,-7.12,STOP_LOSS
long,2017-02-02 10:25:00+05:30,2017-02-02 11:15:00+05:30,8715.65,8705.766272572675,8705.766272572675,-9.88,STOP_LOSS
long,2017-02-06 11:00:00+05:30,2017-02-06 13:20:00+05:30,8799.85,8793.263908779374,8793.263908779374,-6.59,STOP_LOSS
long,2017-02-09 09:55:00+05:30,2017-02-09 10:05:00+05:30,8802.0,8790.573440761678,8790.573440761678,-11.43,STOP_LOSS
short,2017-02-09 11:40:00+05:30,2017-02-09 11:50:00+05:30,8737.35,8743.3451364234,8743.3451364234,-6.0,STOP_LOSS
long,2017-02-10 09:55:00+05:30,2017-02-10 13:40:00+05:30,8794.0,8782.766727353737,8782.766727353737,-11.23,STOP_LOSS
short,2017-02-13 12:40:00+05:30,2017-02-13 13:25:00+05:30,8769.65,8774.402879429843,8774.402879429843,-4.75,STOP_LOSS
short,2017-02-15 12:50:00+05:30,2017-02-15 14:10:00+05:30,8733.3,8739.356607737624,8739.356607737624,-6.06,STOP_LOSS
long,2017-02-17 09:50:00+05:30,2017-02-17 15:15:00+05:30,8816.45,8820.8,8797.240434654406,4.35,EOD_EXIT
long,2017-02-20 14:35:00+05:30,2017-02-20 15:15:00+05:30,8861.25,8871.3,8854.951679595843,10.05,EOD_EXIT
long,2017-02-22 09:50:00+05:30,2017-02-22 14:40:00+05:30,8924.95,8914.073757150545,8914.073757150545,-10.88,STOP_LOSS
long,2017-02-23 10:00:00+05:30,2017-02-23 15:10:00+05:30,8945.2,8935.11280309942,8935.11280309942,-10.09,STOP_LOSS
short,2017-02-27 10:50:00+05:30,2017-02-27 15:10:00+05:30,8928.7,8893.875068078383,8893.875068078383,34.82,TRAIL_SL
long,2017-03-01 10:50:00+05:30,2017-03-01 15:15:00+05:30,8933.65,8942.15,8926.928417160732,8.5,EOD_EXIT
long,2017-03-02 10:20:00+05:30,2017-03-02 11:45:00+05:30,8981.3,8972.641778296715,8972.641778296715,-8.66,STOP_LOSS
short,2017-03-03 10:20:00+05:30,2017-03-03 14:10:00+05:30,8875.5,8883.117310237069,8883.117310237069,-7.62,STOP_LOSS
long,2017-03-06 11:10:00+05:30,2017-03-06 11:25:00+05:30,8959.3,8953.36084361193,8953.36084361193,-5.94,STOP_LOSS
short,2017-03-08 12:00:00+05:30,2017-03-08 12:55:00+05:30,8903.25,8908.339124262588,8908.339124262588,-5.09,STOP_LOSS
long,2017-03-10 09:45:00+05:30,2017-03-10 11:25:00+05:30,8947.15,8935.074223237956,8935.074223237956,-12.08,STOP_LOSS
short,2017-03-10 14:30:00+05:30,2017-03-10 14:50:00+05:30,8918.1,8923.837618282416,8923.837618282416,-5.74,STOP_LOSS
long,2017-03-14 11:25:00+05:30,2017-03-14 12:50:00+05:30,9083.65,9076.957871760267,9076.957871760267,-6.69,STOP_LOSS
long,2017-03-16 10:10:00+05:30,2017-03-16 11:40:00+05:30,9141.55,9131.754224502065,9131.754224502065,-9.8,STOP_LOSS
long,2017-03-17 10:10:00+05:30,2017-03-17 10:40:00+05:30,9175.85,9166.309637603848,9166.309637603848,-9.54,STOP_LOSS
short,2017-03-20 11:00:00+05:30,2017-03-20 12:00:00+05:30,9125.05,9128.79306753464,9128.79306753464,-3.74,STOP_LOSS
short,2017-03-22 11:05:00+05:30,2017-03-22 11:30:00+05:30,9042.5,9046.347414600008,9046.347414600008,-3.85,STOP_LOSS
long,2017-03-24 10:45:00+05:30,2017-03-24 11:45:00+05:30,9121.45,9115.263424748866,9115.263424748866,-6.19,STOP_LOSS
short,2017-03-27 11:00:00+05:30,2017-03-27 14:10:00+05:30,9059.05,9063.354926445894,9063.354926445894,-4.3,STOP_LOSS
long,2017-03-28 11:25:00+05:30,2017-03-28 13:15:00+05:30,9103.15,9097.87993476702,9097.87993476702,-5.27,STOP_LOSS
long,2017-03-30 10:25:00+05:30,2017-03-30 10:55:00+05:30,9164.4,9158.803159082876,9158.803159082876,-5.6,STOP_LOSS
long,2017-03-31 14:45:00+05:30,2017-03-31 15:05:00+05:30,9184.15,9175.00962108138,9175.00962108138,-9.14,STOP_LOSS
long,2017-04-03 10:15:00+05:30,2017-04-03 15:15:00+05:30,9200.4,9239.9,9191.945518506607,39.5,EOD_EXIT
short,2017-04-10 13:35:00+05:30,2017-04-10 14:10:00+05:30,9185.25,9189.856465710234,9189.856465710234,-4.61,STOP_LOSS
short,2017-04-12 10:30:00+05:30,2017-04-12 12:20:00+05:30,9189.1,9196.276430361359,9196.276430361359,-7.18,STOP_LOSS
short,2017-04-17 09:55:00+05:30,2017-04-17 10:15:00+05:30,9137.25,9144.288650194718,9144.288650194718,-7.04,STOP_LOSS
long,2017-04-18 11:15:00+05:30,2017-04-18 12:25:00+05:30,9211.95,9206.498933063385,9206.498933063385,-5.45,STOP_LOSS
short,2017-04-18 14:15:00+05:30,2017-04-18 14:45:00+05:30,9169.0,9127.854804232446,9127.854804232446,41.15,TRAIL_SL
long,2017-04-21 10:15:00+05:30,2017-04-21 12:15:00+05:30,9155.65,9147.321735037633,9147.321735037633,-8.33,STOP_LOSS
short,2017-04-21 13:40:00+05:30,2017-04-21 14:55:00+05:30,9115.85,9122.40767400612,9122.40767400612,-6.56,STOP_LOSS
long,2017-04-24 10:25:00+05:30,2017-04-24 13:55:00+05:30,9157.2,9212.965552657908,9212.965552657908,55.77,TRAIL_SL
long,2017-04-25 10:25:00+05:30,2017-04-25 15:25:00+05:30,9257.9,9304.753194488654,9304.753194488654,46.85,TRAIL_SL
short,2017-04-28 10:25:00+05:30,2017-04-28 13:35:00+05:30,9304.35,9309.970437225638,9309.970437225638,-5.62,STOP_LOSS
short,2017-05-02 11:45:00+05:30,2017-05-02 12:15:00+05:30,9289.5,9296.230285968306,9296.230285968306,-6.73,STOP_LOSS
long,2017-05-04 10:20:00+05:30,2017-05-04 11:55:00+05:30,9344.9,9336.486852492873,9336.486852492873,-8.41,STOP_LOSS
long,2017-05-04 14:40:00+05:30,2017-05-04 15:15:00+05:30,9356.75,9362.25,9348.944554282369,5.5,EOD_EXIT
short,2017-05-05 10:30:00+05:30,2017-05-05 13:15:00+05:30,9323.25,9284.953845424245,9284.953845424245,38.3,TRAIL_SL
short,2017-05-05 13:40:00+05:30,2017-05-05 14:00:00+05:30,9286.35,9292.851398504072,9292.851398504072,-6.5,STOP_LOSS
long,2017-05-10 11:20:00+05:30,2017-05-10 11:35:00+05:30,9386.95,9381.484311768541,9381.484311768541,-5.47,STOP_LOSS
long,2017-05-11 11:20:00+05:30,2017-05-11 13:05:00+05:30,9445.9,9439.967792132893,9439.967792132893,-5.93,STOP_LOSS
short,2017-05-12 10:00:00+05:30,2017-05-12 15:15:00+05:30,9401.4,9403.05,9409.23341501427,-1.65,EOD_EXIT
long,2017-05-15 10:50:00+05:30,2017-05-15 12:50:00+05:30,9441.05,9434.71888841042,9434.71888841042,-6.33,STOP_LOSS
long,2017-05-16 10:00:00+05:30,2017-05-16 10:35:00+05:30,9477.65,9469.164232310743,9469.164232310743,-8.49,STOP_LOSS
long,2017-05-17 14:20:00+05:30,2017-05-17 14:55:00+05:30,9524.55,9517.469616640574,9517.469616640574,-7.08,STOP_LOSS
short,2017-05-19 12:45:00+05:30,2017-05-19 12:55:00+05:30,9412.2,9421.189514752841,9421.189514752841,-8.99,STOP_LOSS
short,2017-05-23 10:05:00+05:30,2017-05-23 13:00:00+05:30,9394.95,9404.471531879539,9404.471531879539,-9.52,STOP_LOSS
short,2017-05-24 13:45:00+05:30,2017-05-24 15:15:00+05:30,9375.45,9361.35,9385.550773203082,14.1,EOD_EXIT
long,2017-05-26 10:25:00+05:30,2017-05-26 13:50:00+05:30,9539.75,9584.160545887575,9584.160545887575,44.41,TRAIL_SL
long,2017-05-29 14:20:00+05:30,2017-05-29 15:00:00+05:30,9620.2,9608.759673940474,9608.759673940474,-11.44,STOP_LOSS
long,2017-06-02 09:45:00+05:30,2017-06-02 15:15:00+05:30,9644.35,9654.45,9631.030216586903,10.1,EOD_EXIT
long,2017-06-07 10:50:00+05:30,2017-06-07 12:10:00+05:30,9670.5,9663.614159514456,9663.614159514456,-6.89,STOP_LOSS
short,2017-06-12 10:30:00+05:30,2017-06-12 11:10:00+05:30,9624.1,9629.216710738749,9629.216710738749,-5.12,STOP_LOSS
short,2017-06-14 10:05:00+05:30,2017-06-14 12:45:00+05:30,9598.3,9604.834369185657,9604.834369185657,-6.53,STOP_LOSS
long,2017-06-19 14:50:00+05:30,2017-06-19 15:15:00+05:30,9659.45,9656.9,9652.08182183692,-2.55,EOD_EXIT
short,2017-06-21 10:05:00+05:30,2017-06-21 14:10:00+05:30,9622.5,9627.29380260049,9627.29380260049,-4.79,STOP_LOSS
long,2017-06-22 10:25:00+05:30,2017-06-22 14:30:00+05:30,9665.85,9660.471749444081,9660.471749444081,-5.38,STOP_LOSS
short,2017-06-23 10:10:00+05:30,2017-06-23 15:15:00+05:30,9598.8,9568.3,9606.669354581216,30.5,EOD_EXIT
short,2017-06-27 11:15:00+05:30,2017-06-27 14:00:00+05:30,9530.6,9481.859619486939,9481.859619486939,48.74,TRAIL_SL
short,2017-06-27 14:20:00+05:30,2017-06-27 14:50:00+05:30,9486.85,9493.690597675992,9493.690597675992,-6.84,STOP_LOSS
short,2017-06-28 13:45:00+05:30,2017-06-28 14:10:00+05:30,9488.75,9494.3012957106,9494.3012957106,-5.55,STOP_LOSS
long,2017-06-29 11:15:00+05:30,2017-06-29 12:50:00+05:30,9554.7,9548.196311558644,9548.196311558644,-6.5,STOP_LOSS
short,2017-06-29 14:10:00+05:30,2017-06-29 14:15:00+05:30,9521.95,9529.64725961919,9529.64725961919,-7.7,STOP_LOSS
short,2017-06-30 10:00:00+05:30,2017-06-30 10:15:00+05:30,9466.15,9473.544610317878,9473.544610317878,-7.39,STOP_LOSS
long,2017-07-03 12:20:00+05:30,2017-07-03 13:30:00+05:30,9608.55,9601.545750325873,9601.545750325873,-7.0,STOP_LOSS
long,2017-07-04 14:45:00+05:30,2017-07-04 15:00:00+05:30,9634.65,9627.932970563672,9627.932970563672,-6.72,STOP_LOSS
long,2017-07-06 14:35:00+05:30,2017-07-06 15:00:00+05:30,9694.9,9688.964253890195,9688.964253890195,-5.94,STOP_LOSS
short,2017-07-07 10:20:00+05:30,2017-07-07 11:55:00+05:30,9653.35,9658.569030873594,9658.569030873594,-5.22,STOP_LOSS
long,2017-07-07 14:25:00+05:30,2017-07-07 14:35:00+05:30,9674.25,9667.256485476468,9667.256485476468,-6.99,STOP_LOSS
long,2017-07-11 10:10:00+05:30,2017-07-11 14:55:00+05:30,9801.85,9792.370534975913,9792.370534975913,-9.48,STOP_LOSS
long,2017-07-13 11:10:00+05:30,2017-07-13 11:25:00+05:30,9881.45,9876.232315028106,9876.232315028106,-5.22,STOP_LOSS
short,2017-07-18 09:50:00+05:30,2017-07-18 14:40:00+05:30,9880.35,9834.81107203593,9834.81107203593,45.54,TRAIL_SL
long,2017-07-20 09:50:00+05:30,2017-07-20 10:10:00+05:30,9906.2,9897.409325782286,9897.409325782286,-8.79,STOP_LOSS
long,2017-07-21 10:25:00+05:30,2017-07-21 11:50:00+05:30,9909.2,9901.540853706661,9901.540853706661,-7.66,STOP_LOSS
long,2017-07-24 11:00:00+05:30,2017-07-24 15:15:00+05:30,9962.25,9969.05,9955.31277676485,6.8,EOD_EXIT
long,2017-07-26 10:05:00+05:30,2017-07-26 15:15:00+05:30,9983.55,10022.75,9976.594297787075,39.2,EOD_EXIT
short,2017-07-28 10:05:00+05:30,2017-07-28 10:20:00+05:30,9983.9,9992.493953641733,9992.493953641733,-8.59,STOP_LOSS
short,2017-07-28 10:35:00+05:30,2017-07-28 15:00:00+05:30,9989.35,9996.339524987303,9996.339524987303,-6.99,STOP_LOSS
long,2017-07-31 11:05:00+05:30,2017-07-31 15:15:00+05:30,10038.95,10079.9,10030.45431533134,40.95,EOD_EXIT
long,2017-08-01 09:45:00+05:30,2017-08-01 11:15:00+05:30,10086.8,10074.948736733859,10074.948736733859,-11.85,STOP_LOSS
long,2017-08-02 09:45:00+05:30,2017-08-02 10:35:00+05:30,10114.4,10104.834823943409,10104.834823943409,-9.57,STOP_LOSS
short,2017-08-03 10:35:00+05:30,2017-08-03 11:50:00+05:30,10037.85,10044.532350007752,10044.532350007752,-6.68,STOP_LOSS
short,2017-08-08 10:45:00+05:30,2017-08-08 11:20:00+05:30,9996.25,10007.23287668028,10007.23287668028,-10.98,STOP_LOSS
short,2017-08-09 09:45:00+05:30,2017-08-09 10:20:00+05:30,9954.9,9963.436331366607,9963.436331366607,-8.54,STOP_LOSS
short,2017-08-10 09:55:00+05:30,2017-08-10 11:05:00+05:30,9868.75,9879.319155866275,9879.319155866275,-10.57,STOP_LOSS
short,2017-08-10 14:20:00+05:30,2017-08-10 15:00:00+05:30,9848.4,9803.300819504986,9803.300819504986,45.1,TRAIL_SL
short,2017-08-11 10:10:00+05:30,2017-08-11 10:25:00+05:30,9731.4,9744.332888645022,9744.332888645022,-12.93,STOP_LOSS
short,2017-08-11 10:55:00+05:30,2017-08-11 11:10:00+05:30,9739.7,9748.702860129162,9748.702860129162,-9.0,STOP_LOSS
short,2017-08-11 13:50:00+05:30,2017-08-11 14:25:00+05:30,9730.1,9698.633762436333,9698.633762436333,31.47,TRAIL_SL
long,2017-08-17 09:55:00+05:30,2017-08-17 11:05:00+05:30,9923.55,9910.820942972627,9910.820942972627,-12.73,STOP_LOSS
short,2017-08-18 10:00:00+05:30,2017-08-18 13:05:00+05:30,9850.0,9813.388847809589,9813.388847809589,36.61,TRAIL_SL
short,2017-08-18 13:55:00+05:30,2017-08-18 14:00:00+05:30,9804.2,9811.802951134909,9811.802951134909,-7.6,STOP_LOSS
short,2017-08-21 13:40:00+05:30,2017-08-22 09:15:00+05:30,9813.15,9755.47917040859,9755.47917040859,57.67,TRAIL_SL
short,2017-08-22 10:45:00+05:30,2017-08-22 11:00:00+05:30,9769.05,9778.871837589097,9778.871837589097,-9.82,STOP_LOSS
long,2017-08-24 10:10:00+05:30,2017-08-24 15:15:00+05:30,9859.7,9861.0,9849.839826455238,1.3,EOD_EXIT
long,2017-08-28 10:50:00+05:30,2017-08-28 11:50:00+05:30,9909.9,9903.969156174528,9903.969156174528,-5.93,STOP_LOSS
short,2017-08-29 14:10:00+05:30,2017-08-29 15:15:00+05:30,9797.7,9793.0,9803.29984941938,4.7,EOD_EXIT
long,2017-08-31 14:55:00+05:30,2017-08-31 15:15:00+05:30,9895.85,9921.7,9886.655082444066,25.85,EOD_EXIT
long,2017-09-01 10:45:00+05:30,2017-09-01 15:15:00+05:30,9955.5,9972.3,9948.461177683299,16.8,EOD_EXIT
short,2017-09-04 10:55:00+05:30,2017-09-04 12:20:00+05:30,9946.3,9869.03845305471,9869.03845305471,77.26,TRAIL_SL
short,2017-09-04 12:45:00+05:30,2017-09-04 12:55:00+05:30,9887.55,9895.197036051637,9895.197036051637,-7.65,STOP_LOSS
long,2017-09-05 10:50:00+05:30,2017-09-05 11:25:00+05:30,9938.4,9931.525209359912,9931.525209359912,-6.87,STOP_LOSS
short,2017-09-06 10:45:00+05:30,2017-09-06 10:55:00+05:30,9898.3,9903.289258354498,9903.289258354498,-4.99,STOP_LOSS
long,2017-09-07 10:00:00+05:30,2017-09-07 11:25:00+05:30,9942.8,9932.829597865324,9932.829597865324,-9.97,STOP_LOSS
short,2017-09-08 13:30:00+05:30,2017-09-08 13:55:00+05:30,9928.8,9934.032419644214,9934.032419644214,-5.23,STOP_LOSS
long,2017-09-11 10:30:00+05:30,2017-09-11 10:55:00+05:30,9983.05,9976.217826684537,9976.217826684537,-6.83,STOP_LOSS
long,2017-09-12 09:45:00+05:30,2017-09-12 15:25:00+05:30,10032.35,10090.842893649065,10090.842893649065,58.49,TRAIL_SL
long,2017-09-13 10:20:00+05:30,2017-09-13 11:20:00+05:30,10111.75,10104.175167387837,10104.175167387837,-7.57,STOP_LOSS
short,2017-09-15 10:25:00+05:30,2017-09-15 13:55:00+05:30,10061.75,10068.017618301352,10068.017618301352,-6.27,STOP_LOSS
long,2017-09-18 10:15:00+05:30,2017-09-18 15:15:00+05:30,10156.05,10152.85,10146.680088705501,-3.2,EOD_EXIT
short,2017-09-21 10:50:00+05:30,2017-09-21 11:15:00+05:30,10089.45,10097.962017565917,10097.962017565917,-8.51,STOP_LOSS
short,2017-09-21 11:20:00+05:30,2017-09-21 12:35:00+05:30,10095.45,10101.336275372978,10101.336275372978,-5.89,STOP_LOSS
short,2017-09-22 10:30:00+05:30,2017-09-22 14:00:00+05:30,10028.85,9990.865546826848,9990.865546826848,37.98,TRAIL_SL
short,2017-09-22 14:45:00+05:30,2017-09-22 15:15:00+05:30,9977.65,9959.7,9984.413043999553,17.95,EOD_EXIT
short,2017-09-25 11:00:00+05:30,2017-09-25 14:05:00+05:30,9873.3,9826.850575771647,9826.850575771647,46.45,TRAIL_SL
short,2017-09-25 14:05:00+05:30,2017-09-25 14:10:00+05:30,9830.0,9837.889790419284,9837.889790419284,-7.89,STOP_LOSS
short,2017-09-26 11:20:00+05:30,2017-09-26 12:00:00+05:30,9827.35,9834.30498131124,9834.30498131124,-6.95,STOP_LOSS
short,2017-09-27 12:45:00+05:30,2017-09-27 14:25:00+05:30,9804.1,9759.03319484929,9759.03319484929,45.07,TRAIL_SL
short,2017-09-28 13:15:00+05:30,2017-09-28 13:25:00+05:30,9719.4,9728.086824745356,9728.086824745356,-8.69,STOP_LOSS
short,2017-09-28 13:50:00+05:30,2017-09-28 13:55:00+05:30,9720.6,9727.816802330923,9727.816802330923,-7.22,STOP_LOSS
long,2017-09-29 11:25:00+05:30,2017-09-29 14:30:00+05:30,9814.8,9806.998940262765,9806.998940262765,-7.8,STOP_LOSS
long,2017-10-04 10:55:00+05:30,2017-10-04 15:15:00+05:30,9903.2,9911.65,9895.275264265625,8.45,EOD_EXIT
long,2017-10-09 10:10:00+05:30,2017-10-09 11:10:00+05:30,10002.45,9991.454227062795,9991.454227062795,-11.0,STOP_LOSS
long,2017-10-11 10:20:00+05:30,2017-10-11 13:15:00+05:30,10059.4,10051.339975251121,10051.339975251121,-8.06,STOP_LOSS
short,2017-10-11 14:40:00+05:30,2017-10-11 15:15:00+05:30,9990.25,9978.6,10001.928499892132,11.65,EOD_EXIT
long,2017-10-13 11:20:00+05:30,2017-10-13 15:15:00+05:30,10159.1,10167.75,10151.275795948653,8.65,EOD_EXIT
long,2017-10-16 09:50:00+05:30,2017-10-16 10:45:00+05:30,10222.8,10208.849837519243,10208.849837519243,-13.95,STOP_LOSS
long,2017-10-17 11:20:00+05:30,2017-10-17 12:10:00+05:30,10242.2,10235.228452211459,10235.228452211459,-6.97,STOP_LOSS
short,2017-10-18 10:30:00+05:30,2017-10-18 12:40:00+05:30,10198.45,10205.157803163067,10205.157803163067,-6.71,STOP_LOSS
long,2017-10-18 14:15:00+05:30,2017-10-18 14:20:00+05:30,10223.9,10214.570650385733,10214.570650385733,-9.33,STOP_LOSS
short,2017-10-23 10:35:00+05:30,2017-10-23 10:50:00+05:30,10176.5,10184.123402604377,10184.123402604377,-7.62,STOP_LOSS
short,2017-10-23 11:10:00+05:30,2017-10-23 12:20:00+05:30,10176.6,10135.88319550651,10135.88319550651,40.72,TRAIL_SL
short,2017-10-23 12:55:00+05:30,2017-10-23 13:25:00+05:30,10137.25,10142.870072411091,10142.870072411091,-5.62,STOP_LOSS
long,2017-10-24 10:55:00+05:30,2017-10-24 11:35:00+05:30,10222.15,10214.578989796964,10214.578989796964,-7.57,STOP_LOSS
long,2017-10-25 09:45:00+05:30,2017-10-25 14:15:00+05:30,10256.05,10304.066347747948,10304.066347747948,48.02,TRAIL_SL
long,2017-10-25 14:25:00+05:30,2017-10-25 15:15:00+05:30,10300.4,10297.95,10290.2090883172,-2.45,EOD_EXIT
long,2017-10-27 10:00:00+05:30,2017-10-27 11:15:00+05:30,10348.9,10335.179044127424,10335.179044127424,-13.72,STOP_LOSS
long,2017-10-30 10:10:00+05:30,2017-10-30 12:30:00+05:30,10373.6,10362.618494937702,10362.618494937702,-10.98,STOP_LOSS
long,2017-11-01 10:40:00+05:30,2017-11-01 15:15:00+05:30,10425.85,10443.15,10416.64308376016,17.3,EOD_EXIT
short,2017-11-06 10:00:00+05:30,2017-11-06 10:20:00+05:30,10430.15,10437.96914403159,10437.96914403159,-7.82,STOP_LOSS
short,2017-11-07 11:00:00+05:30,2017-11-07 12:10:00+05:30,10425.0,10433.283749713042,10433.283749713042,-8.28,STOP_LOSS
short,2017-11-08 10:15:00+05:30,2017-11-08 10:40:00+05:30,10350.4,10359.432818968879,10359.432818968879,-9.03,STOP_LOSS
short,2017-11-13 14:35:00+05:30,2017-11-13 14:45:00+05:30,10261.2,10266.07692082837,10266.07692082837,-4.88,STOP_LOSS
short,2017-11-14 10:30:00+05:30,2017-11-14 15:15:00+05:30,10216.35,10182.35,10223.80162839801,34.0,EOD_EXIT
short,2017-11-15 10:50:00+05:30,2017-11-15 11:00:00+05:30,10155.1,10161.479939189087,10161.479939189087,-6.38,STOP_LOSS
long,2017-11-17 10:30:00+05:30,2017-11-17 11:35:00+05:30,10323.75,10313.70014626863,10313.70014626863,-10.05,STOP_LOSS
short,2017-11-23 13:40:00+05:30,2017-11-23 13:45:00+05:30,10323.1,10329.16672787567,10329.16672787567,-6.07,STOP_LOSS
short,2017-11-23 13:55:00+05:30,2017-11-23 14:05:00+05:30,10328.3,10333.90037070899,10333.90037070899,-5.6,STOP_LOSS
long,2017-11-24 10:20:00+05:30,2017-11-24 15:15:00+05:30,10382.6,10389.1,10374.115513942945,6.5,EOD_EXIT
short,2017-11-28 14:55:00+05:30,2017-11-28 15:15:00+05:30,10369.5,10369.25,10375.331927785115,0.25,EOD_EXIT
short,2017-11-30 10:55:00+05:30,2017-11-30 14:10:00+05:30,10289.9,10294.949127356334,10294.949127356334,-5.05,STOP_LOSS
short,2017-12-01 12:00:00+05:30,2017-12-01 13:00:00+05:30,10216.8,10223.051198134122,10223.051198134122,-6.25,STOP_LOSS
short,2017-12-04 09:55:00+05:30,2017-12-04 10:25:00+05:30,10124.6,10138.138162730636,10138.138162730636,-13.54,STOP_LOSS
short,2017-12-04 14:15:00+05:30,2017-12-04 15:15:00+05:30,10137.35,10125.55,10144.81548864522,11.8,EOD_EXIT
short,2017-12-05 10:05:00+05:30,2017-12-05 10:20:00+05:30,10089.25,10098.968312987887,10098.968312987887,-9.72,STOP_LOSS
short,2017-12-06 14:50:00+05:30,2017-12-06 15:15:00+05:30,10056.0,10049.45,10066.265817737867,6.55,EOD_EXIT
long,2017-12-07 14:55:00+05:30,2017-12-07 15:15:00+05:30,10143.15,10171.65,10133.05538870484,28.5,EOD_EXIT
long,2017-12-08 10:35:00+05:30,2017-12-08 15:15:00+05:30,10238.25,10267.15,10228.97396779494,28.9,EOD_EXIT
long,2017-12-11 10:10:00+05:30,2017-12-11 10:45:00+05:30,10311.4,10302.425112879837,10302.425112879837,-8.97,STOP_LOSS
short,2017-12-12 10:45:00+05:30,2017-12-12 14:50:00+05:30,10279.35,10242.200023814637,10242.200023814637,37.15,TRAIL_SL
short,2017-12-13 09:45:00+05:30,2017-12-13 10:55:00+05:30,10234.75,10242.874555524193,10242.874555524193,-8.12,STOP_LOSS
long,2017-12-13 12:25:00+05:30,2017-12-13 13:50:00+05:30,10284.45,10276.492294850428,10276.492294850428,-7.96,STOP_LOSS
short,2017-12-14 12:40:00+05:30,2017-12-14 12:50:00+05:30,10156.65,10163.252765389909,10163.252765389909,-6.6,STOP_LOSS
long,2017-12-15 10:15:00+05:30,2017-12-15 10:45:00+05:30,10352.35,10337.516896447114,10337.516896447114,-14.83,STOP_LOSS
long,2017-12-15 10:55:00+05:30,2017-12-15 15:15:00+05:30,10344.5,10335.55,10333.893273563275,-8.95,EOD_EXIT
long,2017-12-18 11:10:00+05:30,2017-12-18 14:55:00+05:30,10406.2,10384.752185597214,10384.752185597214,-21.45,STOP_LOSS
long,2017-12-20 11:25:00+05:30,2017-12-20 15:00:00+05:30,10470.8,10462.545035855153,10462.545035855153,-8.25,STOP_LOSS
long,2017-12-22 11:05:00+05:30,2017-12-22 11:25:00+05:30,10482.45,10475.933819410817,10475.933819410817,-6.52,STOP_LOSS
long,2017-12-26 09:55:00+05:30,2017-12-26 10:30:00+05:30,10499.2,10489.241888771934,10489.241888771934,-9.96,STOP_LOSS
long,2017-12-27 10:10:00+05:30,2017-12-27 14:20:00+05:30,10538.0,10528.946301130049,10528.946301130049,-9.05,STOP_LOSS
long,2017-12-28 14:55:00+05:30,2017-12-28 15:00:00+05:30,10521.1,10510.55752735023,10510.55752735023,-10.54,STOP_LOSS
short,2018-01-02 14:20:00+05:30,2018-01-02 15:00:00+05:30,10425.65,10433.120028105986,10433.120028105986,-7.47,STOP_LOSS
long,2018-01-04 14:10:00+05:30,2018-01-04 15:15:00+05:30,10485.0,10505.3,10475.427523523344,20.3,EOD_EXIT
long,2018-01-05 10:25:00+05:30,2018-01-05 11:30:00+05:30,10549.5,10540.83210599129,10540.83210599129,-8.67,STOP_LOSS
long,2018-01-08 10:45:00+05:30,2018-01-08 13:25:00+05:30,10614.35,10607.9489946661,10607.9489946661,-6.4,STOP_LOSS
short,2018-01-10 12:05:00+05:30,2018-01-10 13:00:00+05:30,10606.0,10611.990954110735,10611.990954110735,-5.99,STOP_LOSS
long,2018-01-11 13:30:00+05:30,2018-01-11 14:40:00+05:30,10655.05,10647.69442922802,10647.69442922802,-7.36,STOP_LOSS
long,2018-01-12 10:05:00+05:30,2018-01-12 12:10:00+05:30,10679.9,10670.734792810266,10670.734792810266,-9.17,STOP_LOSS
short,2018-01-12 13:10:00+05:30,2018-01-12 13:30:00+05:30,10630.05,10639.811480921158,10639.811480921158,-9.76,STOP_LOSS
long,2018-01-12 14:50:00+05:30,2018-01-12 15:15:00+05:30,10666.3,10681.55,10656.633278960988,15.25,EOD_EXIT
short,2018-01-16 11:15:00+05:30,2018-01-16 11:35:00+05:30,10726.35,10733.694037664358,10733.694037664358,-7.34,STOP_LOSS
short,2018-01-16 14:15:00+05:30,2018-01-16 14:30:00+05:30,10708.3,10716.8994394123,10716.8994394123,-8.6,STOP_LOSS
long,2018-01-17 10:45:00+05:30,2018-01-18 09:55:00+05:30,10730.9,10872.776674749113,10872.776674749113,141.88,TRAIL_SL
long,2018-01-18 10:15:00+05:30,2018-01-18 14:20:00+05:30,10864.25,10850.657189839423,10850.657189839423,-13.59,STOP_LOSS
long,2018-01-22 14:20:00+05:30,2018-01-22 15:15:00+05:30,10932.55,10967.45,10921.15322306135,34.9,EOD_EXIT
long,2018-01-23 11:10:00+05:30,2018-01-23 15:15:00+05:30,11045.3,11089.6,11036.727173445775,44.3,EOD_EXIT
short,2018-01-25 11:25:00+05:30,2018-01-25 13:40:00+05:30,11064.15,11022.191924275481,11022.191924275481,41.96,TRAIL_SL
short,2018-01-25 13:45:00+05:30,2018-01-25 13:50:00+05:30,11030.85,11039.211717641938,11039.211717641938,-8.36,STOP_LOSS
long,2018-01-29 10:40:00+05:30,2018-01-29 14:20:00+05:30,11146.15,11134.268957133674,11134.268957133674,-11.88,STOP_LOSS
short,2018-01-30 10:40:00+05:30,2018-01-30 13:40:00+05:30,11055.95,11064.146212456231,11064.146212456231,-8.2,STOP_LOSS
short,2018-01-31 11:15:00+05:30,2018-01-31 15:00:00+05:30,11023.3,11029.878278756127,11029.878278756127,-6.58,STOP_LOSS
short,2018-02-01 12:55:00+05:30,2018-02-01 13:10:00+05:30,10996.35,11031.205436882929,11031.205436882929,-34.86,STOP_LOSS
short,2018-02-02 11:00:00+05:30,2018-02-02 14:45:00+05:30,10872.6,10791.52901684528,10791.52901684528,81.07,TRAIL_SL
short,2018-02-05 10:45:00+05:30,2018-02-05 11:15:00+05:30,10651.45,10664.26772168587,10664.26772168587,-12.82,STOP_LOSS
short,2018-02-05 14:15:00+05:30,2018-02-05 14:50:00+05:30,10647.55,10658.158471576487,10658.158471576487,-10.61,STOP_LOSS
short,2018-02-06 10:45:00+05:30,2018-02-06 11:10:00+05:30,10350.25,10368.349686680938,10368.349686680938,-18.1,STOP_LOSS
short,2018-02-06 11:25:00+05:30,2018-02-06 12:35:00+05:30,10364.15,10376.308371951374,10376.308371951374,-12.16,STOP_LOSS
short,2018-02-07 11:40:00+05:30,2018-02-07 12:40:00+05:30,10506.0,10516.327313459084,10516.327313459084,-10.33,STOP_LOSS
long,2018-02-08 11:00:00+05:30,2018-02-08 14:20:00+05:30,10591.05,10575.212513539309,10575.212513539309,-15.84,STOP_LOSS
short,2018-02-09 10:05:00+05:30,2018-02-09 12:50:00+05:30,10440.15,10456.149781068409,10456.149781068409,-16.0,STOP_LOSS
long,2018-02-15 10:45:00+05:30,2018-02-15 11:25:00+05:30,10575.9,10562.958497462148,10562.958497462148,-12.94,STOP_LOSS
long,2018-02-15 13:00:00+05:30,2018-02-15 13:10:00+05:30,10593.2,10580.018353519301,10580.018353519301,-13.18,STOP_LOSS
long,2018-02-16 09:50:00+05:30,2018-02-16 10:05:00+05:30,10584.05,10567.954271620394,10567.954271620394,-16.1,STOP_LOSS
short,2018-02-16 12:05:00+05:30,2018-02-16 13:20:00+05:30,10510.6,10520.339694310658,10520.339694310658,-9.74,STOP_LOSS
short,2018-02-16 14:05:00+05:30,2018-02-16 15:15:00+05:30,10479.15,10460.7,10489.387858586442,18.45,EOD_EXIT
short,2018-02-19 10:15:00+05:30,2018-02-19 10:45:00+05:30,10401.85,10414.65477519217,10414.65477519217,-12.8,STOP_LOSS
short,2018-02-19 11:30:00+05:30,2018-02-19 12:55:00+05:30,10393.95,10331.629038244513,10331.629038244513,62.32,TRAIL_SL
short,2018-02-19 13:20:00+05:30,2018-02-19 14:40:00+05:30,10339.9,10350.009268985454,10350.009268985454,-10.11,STOP_LOSS
short,2018-02-21 09:50:00+05:30,2018-02-21 11:45:00+05:30,10369.8,10382.19292896144,10382.19292896144,-12.39,STOP_LOSS
short,2018-02-22 09:50:00+05:30,2018-02-22 13:40:00+05:30,10360.75,10370.227967949606,10370.227967949606,-9.48,STOP_LOSS
long,2018-02-23 10:10:00+05:30,2018-02-23 11:55:00+05:30,10415.9,10467.919000729267,10467.919000729267,52.02,TRAIL_SL
long,2018-02-23 12:45:00+05:30,2018-02-23 15:15:00+05:30,10468.65,10494.75,10458.985077175263,26.1,EOD_EXIT
long,2018-02-26 10:40:00+05:30,2018-02-26 15:15:00+05:30,10561.45,10580.45,10550.411844800381,19.0,EOD_EXIT
short,2018-02-28 10:20:00+05:30,2018-02-28 10:55:00+05:30,10495.4,10503.470857196635,10503.470857196635,-8.07,STOP_LOSS
short,2018-02-28 13:55:00+05:30,2018-02-28 14:05:00+05:30,10479.2,10485.429261967327,10485.429261967327,-6.23,STOP_LOSS
short,2018-03-05 11:05:00+05:30,2018-03-05 14:10:00+05:30,10355.8,10361.765356765949,10361.765356765949,-5.97,STOP_LOSS
short,2018-03-07 10:00:00+05:30,2018-03-07 11:50:00+05:30,10227.2,10172.168985679069,10172.168985679069,55.03,TRAIL_SL
short,2018-03-07 12:15:00+05:30,2018-03-07 13:45:00+05:30,10179.45,10188.285319171096,10188.285319171096,-8.84,STOP_LOSS
short,2018-03-08 10:45:00+05:30,2018-03-08 10:50:00+05:30,10165.2,10174.545444912443,10174.545444912443,-9.35,STOP_LOSS
long,2018-03-09 10:35:00+05:30,2018-03-09 10:50:00+05:30,10281.1,10267.785997489413,10267.785997489413,-13.31,STOP_LOSS
long,2018-03-12 11:00:00+05:30,2018-03-12 11:25:00+05:30,10328.7,10318.428066435683,10318.428066435683,-10.27,STOP_LOSS
long,2018-03-12 14:00:00+05:30,2018-03-13 09:25:00+05:30,10354.35,10429.529260257952,10429.529260257952,75.18,TRAIL_SL
long,2018-03-13 10:50:00+05:30,2018-03-13 11:30:00+05:30,10461.8,10449.386037796028,10449.386037796028,-12.41,STOP_LOSS
short,2018-03-14 10:05:00+05:30,2018-03-14 12:30:00+05:30,10387.15,10347.897649533861,10347.897649533861,39.25,TRAIL_SL
short,2018-03-14 12:40:00+05:30,2018-03-14 12:50:00+05:30,10351.95,10358.78464687251,10358.78464687251,-6.83,STOP_LOSS
short,2018-03-16 10:50:00+05:30,2018-03-16 12:20:00+05:30,10305.65,10264.427416310175,10264.427416310175,41.22,TRAIL_SL
short,2018-03-16 13:30:00+05:30,2018-03-16 14:55:00+05:30,10261.85,10203.991957289969,10203.991957289969,57.86,TRAIL_SL
short,2018-03-19 11:05:00+05:30,2018-03-19 13:20:00+05:30,10163.75,10120.092059929933,10120.092059929933,43.66,TRAIL_SL
short,2018-03-19 13:25:00+05:30,2018-03-19 13:30:00+05:30,10122.65,10128.771483794044,10128.771483794044,-6.12,STOP_LOSS
short,2018-03-20 14:05:00+05:30,2018-03-20 14:30:00+05:30,10116.1,10125.216626673227,10125.216626673227,-9.12,STOP_LOSS
long,2018-03-21 11:15:00+05:30,2018-03-21 11:25:00+05:30,10220.95,10213.600658775431,10213.600658775431,-7.35,STOP_LOSS
long,2018-03-22 10:00:00+05:30,2018-03-22 11:20:00+05:30,10184.55,10170.419935696971,10170.419935696971,-14.13,STOP_LOSS
short,2018-03-22 12:15:00+05:30,2018-03-23 09:45:00+05:30,10153.6,9986.388821126191,9986.388821126191,167.21,TRAIL_SL
long,2018-03-27 09:50:00+05:30,2018-03-27 11:25:00+05:30,10175.9,10158.23505357558,10158.23505357558,-17.66,STOP_LOSS
short,2018-03-28 10:20:00+05:30,2018-03-28 11:30:00+05:30,10128.45,10135.67240990038,10135.67240990038,-7.22,STOP_LOSS
short,2018-04-04 14:20:00+05:30,2018-04-04 15:15:00+05:30,10150.7,10130.8,10161.906012853315,19.9,EOD_EXIT
long,2018-04-05 10:45:00+05:30,2018-04-06 09:20:00+05:30,10266.4,10322.88324824231,10322.88324824231,56.48,TRAIL_SL
long,2018-04-09 10:15:00+05:30,2018-04-09 15:15:00+05:30,10375.65,10373.55,10364.64794326175,-2.1,EOD_EXIT
short,2018-04-11 10:15:00+05:30,2018-04-11 11:05:00+05:30,10373.1,10380.8119370194,10380.8119370194,-7.71,STOP_LOSS
long,2018-04-11 13:50:00+05:30,2018-04-11 15:15:00+05:30,10405.95,10418.25,10397.574524900736,12.3,EOD_EXIT
long,2018-04-12 14:00:00+05:30,2018-04-12 14:25:00+05:30,10457.7,10447.978298622644,10447.978298622644,-9.72,STOP_LOSS
long,2018-04-17 10:40:00+05:30,2018-04-17 11:05:00+05:30,10545.05,10536.814959067668,10536.814959067668,-8.24,STOP_LOSS
long,2018-04-23 11:05:00+05:30,2018-04-23 15:05:00+05:30,10603.9,10591.808500820733,10591.808500820733,-12.09,STOP_LOSS
short,2018-04-25 10:25:00+05:30,2018-04-25 13:10:00+05:30,10590.75,10597.263426847818,10597.263426847818,-6.51,STOP_LOSS
short,2018-04-25 14:40:00+05:30,2018-04-25 14:55:00+05:30,10556.75,10566.233722884777,10566.233722884777,-9.48,STOP_LOSS
long,2018-04-27 10:20:00+05:30,2018-04-27 15:15:00+05:30,10687.45,10693.0,10673.719719354443,5.55,EOD_EXIT
long,2018-04-30 10:05:00+05:30,2018-04-30 15:15:00+05:30,10733.65,10736.75,10720.560295243291,3.1,EOD_EXIT
short,2018-05-02 10:25:00+05:30,2018-05-02 10:45:00+05:30,10728.65,10735.33725180987,10735.33725180987,-6.69,STOP_LOSS
short,2018-05-02 14:30:00+05:30,2018-05-02 15:15:00+05:30,10736.7,10725.8,10745.558887234502,10.9,EOD_EXIT
short,2018-05-03 10:50:00+05:30,2018-05-03 12:45:00+05:30,10671.2,10677.976777177375,10677.976777177375,-6.78,STOP_LOSS
short,2018-05-04 10:15:00+05:30,2018-05-04 15:15:00+05:30,10645.8,10620.2,10653.76494868063,25.6,EOD_EXIT
long,2018-05-08 10:00:00+05:30,2018-05-08 12:55:00+05:30,10725.95,10713.050228851167,10713.050228851167,-12.9,STOP_LOSS
long,2018-05-09 13:45:00+05:30,2018-05-09 14:55:00+05:30,10751.75,10742.582709253755,10742.582709253755,-9.17,STOP_LOSS
long,2018-05-10 09:55:00+05:30,2018-05-10 10:00:00+05:30,10768.2,10757.627732854782,10757.627732854782,-10.57,STOP_LOSS
long,2018-05-14 10:05:00+05:30,2018-05-14 11:30:00+05:30,10822.65,10813.503079819566,10813.503079819566,-9.15,STOP_LOSS
short,2018-05-14 13:45:00+05:30,2018-05-14 14:05:00+05:30,10784.65,10789.203353570505,10789.203353570505,-4.55,STOP_LOSS
long,2018-05-15 10:30:00+05:30,2018-05-15 12:00:00+05:30,10900.05,10881.130641352567,10881.130641352567,-18.92,STOP_LOSS
short,2018-05-16 10:50:00+05:30,2018-05-16 11:05:00+05:30,10721.35,10728.584697943168,10728.584697943168,-7.23,STOP_LOSS
short,2018-05-17 10:20:00+05:30,2018-05-17 15:25:00+05:30,10733.15,10674.525345407788,10674.525345407788,58.62,TRAIL_SL
short,2018-05-18 09:50:00+05:30,2018-05-18 10:55:00+05:30,10652.5,10661.931382316925,10661.931382316925,-9.43,STOP_LOSS
short,2018-05-18 13:30:00+05:30,2018-05-18 14:30:00+05:30,10622.95,10629.324265442572,10629.324265442572,-6.37,STOP_LOSS
short,2018-05-21 10:20:00+05:30,2018-05-21 12:30:00+05:30,10588.4,10536.942258782683,10536.942258782683,51.46,TRAIL_SL
short,2018-05-21 12:30:00+05:30,2018-05-21 15:15:00+05:30,10542.85,10514.9,10548.622342968187,27.95,EOD_EXIT
short,2018-05-23 10:20:00+05:30,2018-05-23 11:55:00+05:30,10502.7,10510.950057236416,10510.950057236416,-8.25,STOP_LOSS
long,2018-05-25 10:05:00+05:30,2018-05-25 14:15:00+05:30,10555.45,10612.608616610369,10612.608616610369,57.16,TRAIL_SL
long,2018-05-28 10:55:00+05:30,2018-05-28 11:40:00+05:30,10676.05,10667.231963348924,10667.231963348924,-8.82,STOP_LOSS
short,2018-05-29 13:35:00+05:30,2018-05-29 14:40:00+05:30,10663.05,10624.84175077307,10624.84175077307,38.21,TRAIL_SL
short,2018-05-30 09:45:00+05:30,2018-05-30 12:30:00+05:30,10590.85,10601.680197734417,10601.680197734417,-10.83,STOP_LOSS
long,2018-05-31 11:15:00+05:30,2018-06-01 09:55:00+05:30,10646.65,10753.959707028316,10753.959707028316,107.31,TRAIL_SL
long,2018-06-01 10:10:00+05:30,2018-06-01 10:30:00+05:30,10753.55,10738.861424715493,10738.861424715493,-14.69,STOP_LOSS
short,2018-06-04 10:10:00+05:30,2018-06-04 10:25:00+05:30,10678.8,10692.20464707079,10692.20464707079,-13.4,STOP_LOSS
short,2018-06-04 10:40:00+05:30,2018-06-04 12:20:00+05:30,10683.85,10694.996775890095,10694.996775890095,-11.15,STOP_LOSS
short,2018-06-04 14:25:00+05:30,2018-06-04 15:15:00+05:30,10647.45,10634.7,10656.282249808284,12.75,EOD_EXIT
long,2018-06-06 14:10:00+05:30,2018-06-06 14:30:00+05:30,10665.7,10657.759488694435,10657.759488694435,-7.94,STOP_LOSS
long,2018-06-07 11:15:00+05:30,2018-06-07 15:15:00+05:30,10777.75,10770.45,10769.682248516185,-7.3,EOD_EXIT
short,2018-06-08 09:50:00+05:30,2018-06-08 14:35:00+05:30,10743.25,10751.902829165381,10751.902829165381,-8.65,STOP_LOSS
long,2018-06-11 10:20:00+05:30,2018-06-11 11:10:00+05:30,10820.65,10808.94563240616,10808.94563240616,-11.7,STOP_LOSS
long,2018-06-11 13:35:00+05:30,2018-06-11 14:15:00+05:30,10842.85,10836.169222576867,10836.169222576867,-6.68,STOP_LOSS
long,2018-06-13 11:20:00+05:30,2018-06-13 12:15:00+05:30,10872.8,10865.623516517186,10865.623516517186,-7.18,STOP_LOSS
short,2018-06-14 10:45:00+05:30,2018-06-14 13:45:00+05:30,10795.7,10801.356180488985,10801.356180488985,-5.66,STOP_LOSS
short,2018-06-15 13:40:00+05:30,2018-06-15 14:25:00+05:30,10772.65,10780.007725207066,10780.007725207066,-7.36,STOP_LOSS
short,2018-06-19 10:10:00+05:30,2018-06-19 13:05:00+05:30,10760.25,10715.043974840415,10715.043974840415,45.21,TRAIL_SL
long,2018-06-25 09:55:00+05:30,2018-06-25 10:10:00+05:30,10817.0,10804.101763204291,10804.101763204291,-12.9,STOP_LOSS
short,2018-06-27 14:40:00+05:30,2018-06-27 14:55:00+05:30,10671.9,10680.98657915294,10680.98657915294,-9.09,STOP_LOSS
short,2018-06-28 09:45:00+05:30,2018-06-28 10:05:00+05:30,10652.35,10662.249208341718,10662.249208341718,-9.9,STOP_LOSS
short,2018-07-02 10:45:00+05:30,2018-07-02 14:05:00+05:30,10647.7,10655.107001521072,10655.107001521072,-7.41,STOP_LOSS
long,2018-07-03 11:35:00+05:30,2018-07-03 13:30:00+05:30,10692.5,10680.849167276278,10680.849167276278,-11.65,STOP_LOSS
long,2018-07-04 13:45:00+05:30,2018-07-04 15:15:00+05:30,10735.8,10770.45,10727.122638460125,34.65,EOD_EXIT
long,2018-07-06 11:25:00+05:30,2018-07-06 11:45:00+05:30,10803.1,10794.60916907593,10794.60916907593,-8.49,STOP_LOSS
long,2018-07-09 10:05:00+05:30,2018-07-09 15:15:00+05:30,10820.9,10855.35,10808.762287221103,34.45,EOD_EXIT
long,2018-07-10 10:30:00+05:30,2018-07-10 15:15:00+05:30,10907.65,10953.25,10898.515698624675,45.6,EOD_EXIT
long,2018-07-11 09:50:00+05:30,2018-07-11 11:10:00+05:30,10952.65,10939.820806241423,10939.820806241423,-12.83,STOP_LOSS
long,2018-07-12 10:45:00+05:30,2018-07-12 15:15:00+05:30,11031.7,11020.939458071558,11020.939458071558,-10.76,STOP_LOSS
long,2018-07-13 10:00:00+05:30,2018-07-13 10:05:00+05:30,11056.0,11040.898236514935,11040.898236514935,-15.1,STOP_LOSS
short,2018-07-13 11:00:00+05:30,2018-07-13 11:20:00+05:30,11017.35,11026.567996159696,11026.567996159696,-9.22,STOP_LOSS
short,2018-07-13 14:30:00+05:30,2018-07-13 15:15:00+05:30,11020.45,11020.55,11026.630627516672,-0.1,EOD_EXIT
short,2018-07-16 10:00:00+05:30,2018-07-16 10:05:00+05:30,10997.7,11007.293810772102,11007.293810772102,-9.59,STOP_LOSS
long,2018-07-18 10:20:00+05:30,2018-07-18 12:10:00+05:30,11050.45,11039.367085196858,11039.367085196858,-11.08,STOP_LOSS
short,2018-07-18 12:50:00+05:30,2018-07-18 13:05:00+05:30,10999.95,11012.3803745713,11012.3803745713,-12.43,STOP_LOSS
short,2018-07-18 13:10:00+05:30,2018-07-18 15:15:00+05:30,11004.35,10985.8,11015.785517592709,18.55,EOD_EXIT
short,2018-07-19 14:05:00+05:30,2018-07-19 14:15:00+05:30,10953.85,10961.33706943714,10961.33706943714,-7.49,STOP_LOSS
long,2018-07-24 11:10:00+05:30,2018-07-24 12:20:00+05:30,11133.7,11125.654348132119,11125.654348132119,-8.05,STOP_LOSS
long,2018-07-26 10:40:00+05:30,2018-07-26 13:35:00+05:30,11165.15,11157.041497736112,11157.041497736112,-8.11,STOP_LOSS
long,2018-07-27 10:25:00+05:30,2018-07-27 15:15:00+05:30,11239.4,11277.05,11228.205818849974,37.65,EOD_EXIT
long,2018-07-30 09:55:00+05:30,2018-07-30 10:05:00+05:30,11297.1,11284.8660314506,11284.8660314506,-12.23,STOP_LOSS
long,2018-07-30 14:05:00+05:30,2018-07-30 15:15:00+05:30,11310.75,11317.45,11302.205802115794,6.7,EOD_EXIT
short,2018-07-31 10:45:00+05:30,2018-07-31 11:10:00+05:30,11281.75,11289.549708565315,11289.549708565315,-7.8,STOP_LOSS
long,2018-08-01 10:35:00+05:30,2018-08-01 10:50:00+05:30,11378.05,11368.478496369898,11368.478496369898,-9.57,STOP_LOSS
short,2018-08-02 10:40:00+05:30,2018-08-02 12:20:00+05:30,11286.7,11294.24458726923,11294.24458726923,-7.54,STOP_LOSS
short,2018-08-02 14:45:00+05:30,2018-08-02 15:15:00+05:30,11260.95,11241.95,11266.632913210746,19.0,EOD_EXIT
long,2018-08-06 09:45:00+05:30,2018-08-06 10:05:00+05:30,11405.05,11391.022745004033,11391.022745004033,-14.03,STOP_LOSS
long,2018-08-06 10:20:00+05:30,2018-08-06 14:50:00+05:30,11393.5,11380.960004089693,11380.960004089693,-12.54,STOP_LOSS
long,2018-08-07 13:40:00+05:30,2018-08-07 13:50:00+05:30,11402.7,11394.033007695372,11394.033007695372,-8.67,STOP_LOSS
long,2018-08-09 09:55:00+05:30,2018-08-09 11:00:00+05:30,11469.85,11458.121222124362,11458.121222124362,-11.73,STOP_LOSS
short,2018-08-13 10:30:00+05:30,2018-08-13 10:50:00+05:30,11359.2,11365.30944846709,11365.30944846709,-6.11,STOP_LOSS
long,2018-08-14 13:40:00+05:30,2018-08-14 14:30:00+05:30,11440.95,11433.252376286018,11433.252376286018,-7.7,STOP_LOSS
short,2018-08-16 14:05:00+05:30,2018-08-16 14:10:00+05:30,11401.5,11407.846860527992,11407.846860527992,-6.35,STOP_LOSS
long,2018-08-17 11:15:00+05:30,2018-08-17 12:45:00+05:30,11471.15,11463.497987507766,11463.497987507766,-7.65,STOP_LOSS
long,2018-08-20 10:25:00+05:30,2018-08-20 15:15:00+05:30,11536.75,11549.45,11527.674025903032,12.7,EOD_EXIT
short,2018-08-23 10:50:00+05:30,2018-08-23 11:40:00+05:30,11559.35,11566.39822349193,11566.39822349193,-7.05,STOP_LOSS
short,2018-08-24 10:55:00+05:30,2018-08-24 15:15:00+05:30,11572.95,11557.85,11579.514990717553,15.1,EOD_EXIT
long,2018-08-27 10:55:00+05:30,2018-08-27 15:15:00+05:30,11658.45,11691.3,11652.139167492727,32.85,EOD_EXIT
long,2018-08-28 09:50:00+05:30,2018-08-28 15:15:00+05:30,11717.25,11744.75,11702.917109541499,27.5,EOD_EXIT
short,2018-08-30 10:25:00+05:30,2018-08-30 11:50:00+05:30,11668.8,11674.034685423589,11674.034685423589,-5.23,STOP_LOSS
short,2018-08-31 11:40:00+05:30,2018-08-31 14:05:00+05:30,11659.85,11666.59513418,11666.59513418,-6.75,STOP_LOSS
long,2018-09-03 10:10:00+05:30,2018-09-03 11:25:00+05:30,11709.65,11696.909324837185,11696.909324837185,-12.74,STOP_LOSS
short,2018-09-04 09:50:00+05:30,2018-09-04 10:15:00+05:30,11560.4,11573.225857814992,11573.225857814992,-12.83,STOP_LOSS
short,2018-09-04 10:25:00+05:30,2018-09-04 12:15:00+05:30,11569.35,11579.399291301947,11579.399291301947,-10.05,STOP_LOSS
short,2018-09-04 14:00:00+05:30,2018-09-04 15:15:00+05:30,11546.6,11520.75,11555.666896480005,25.85,EOD_EXIT
short,2018-09-05 10:15:00+05:30,2018-09-05 12:30:00+05:30,11512.45,11447.326982426992,11447.326982426992,65.12,TRAIL_SL
short,2018-09-05 13:25:00+05:30,2018-09-05 14:30:00+05:30,11435.35,11445.233707903893,11445.233707903893,-9.88,STOP_LOSS
short,2018-09-06 13:30:00+05:30,2018-09-06 13:35:00+05:30,11461.45,11469.70746734744,11469.70746734744,-8.26,STOP_LOSS
long,2018-09-07 13:35:00+05:30,2018-09-07 15:15:00+05:30,11564.6,11586.45,11552.56027767323,21.85,EOD_EXIT
short,2018-09-10 11:00:00+05:30,2018-09-10 12:20:00+05:30,11510.2,11465.207923855953,11465.207923855953,44.99,TRAIL_SL
short,2018-09-10 12:35:00+05:30,2018-09-10 13:50:00+05:30,11470.6,11479.12510254938,11479.12510254938,-8.53,STOP_LOSS
short,2018-09-10 14:55:00+05:30,2018-09-10 15:15:00+05:30,11455.0,11443.8,11463.582370900876,11.2,EOD_EXIT
short,2018-09-11 10:45:00+05:30,2018-09-11 11:00:00+05:30,11428.65,11437.075402122287,11437.075402122287,-8.43,STOP_LOSS
short,2018-09-12 10:10:00+05:30,2018-09-12 10:25:00+05:30,11285.85,11301.689179765724,11301.689179765724,-15.84,STOP_LOSS
short,2018-09-12 12:55:00+05:30,2018-09-12 13:05:00+05:30,11270.45,11279.88375859663,11279.88375859663,-9.43,STOP_LOSS
long,2018-09-14 10:55:00+05:30,2018-09-14 11:35:00+05:30,11455.6,11446.13945216789,11446.13945216789,-9.46,STOP_LOSS
long,2018-09-14 13:55:00+05:30,2018-09-14 15:15:00+05:30,11486.3,11518.15,11477.16011873625,31.85,EOD_EXIT
short,2018-09-17 11:20:00+05:30,2018-09-17 11:30:00+05:30,11389.25,11396.677723141353,11396.677723141353,-7.43,STOP_LOSS
short,2018-09-17 13:40:00+05:30,2018-09-17 13:50:00+05:30,11393.75,11401.282677830335,11401.282677830335,-7.53,STOP_LOSS
short,2018-09-18 09:55:00+05:30,2018-09-18 11:50:00+05:30,11378.75,11389.349636715233,11389.349636715233,-10.6,STOP_LOSS
short,2018-09-19 10:10:00+05:30,2018-09-19 10:25:00+05:30,11300.55,11310.409893478129,11310.409893478129,-9.86,STOP_LOSS
short,2018-09-19 13:30:00+05:30,2018-09-19 13:40:00+05:30,11275.05,11284.49256571345,11284.49256571345,-9.44,STOP_LOSS
short,2018-09-19 14:50:00+05:30,2018-09-19 14:55:00+05:30,11235.7,11247.219740790953,11247.219740790953,-11.52,STOP_LOSS
short,2018-09-21 13:20:00+05:30,2018-09-21 14:40:00+05:30,11129.35,11033.387283296475,11033.387283296475,95.96,TRAIL_SL
short,2018-09-21 14:45:00+05:30,2018-09-21 14:55:00+05:30,11069.35,11097.255315334207,11097.255315334207,-27.91,STOP_LOSS
short,2018-09-24 10:15:00+05:30,2018-09-24 12:35:00+05:30,11077.0,10973.081408603242,10973.081408603242,103.92,TRAIL_SL
short,2018-09-24 12:40:00+05:30,2018-09-24 13:10:00+05:30,10997.15,11014.281711410822,11014.281711410822,-17.13,STOP_LOSS
short,2018-09-24 13:40:00+05:30,2018-09-24 14:35:00+05:30,10981.75,10997.954668884011,10997.954668884011,-16.2,STOP_LOSS
short,2018-09-26 13:20:00+05:30,2018-09-26 13:30:00+05:30,11016.6,11027.110818967714,11027.110818967714,-10.51,STOP_LOSS
long,2018-09-27 09:45:00+05:30,2018-09-27 10:30:00+05:30,11062.85,11042.213591970367,11042.213591970367,-20.64,STOP_LOSS
short,2018-09-27 11:25:00+05:30,2018-09-27 13:40:00+05:30,11028.1,10979.168043544338,10979.168043544338,48.93,TRAIL_SL
short,2018-09-27 13:40:00+05:30,2018-09-27 14:00:00+05:30,10985.4,10994.724963580336,10994.724963580336,-9.32,STOP_LOSS
short,2018-09-28 09:55:00+05:30,2018-09-28 10:30:00+05:30,10962.75,10982.500137971725,10982.500137971725,-19.75,STOP_LOSS
short,2018-10-01 09:50:00+05:30,2018-10-01 11:10:00+05:30,10904.9,10859.448600357226,10859.448600357226,45.45,TRAIL_SL
short,2018-10-03 10:50:00+05:30,2018-10-03 11:45:00+05:30,10921.5,10933.90511096053,10933.90511096053,-12.41,STOP_LOSS
short,2018-10-04 10:40:00+05:30,2018-10-04 12:00:00+05:30,10673.35,10609.81793889551,10609.81793889551,63.53,TRAIL_SL
short,2018-10-04 13:25:00+05:30,2018-10-04 14:25:00+05:30,10621.4,10634.367273629721,10634.367273629721,-12.97,STOP_LOSS
short,2018-10-05 10:45:00+05:30,2018-10-05 13:20:00+05:30,10470.75,10420.574016326325,10420.574016326325,50.18,TRAIL_SL
short,2018-10-05 13:30:00+05:30,2018-10-05 14:00:00+05:30,10422.0,10431.708937800577,10431.708937800577,-9.71,STOP_LOSS
short,2018-10-09 11:00:00+05:30,2018-10-09 11:05:00+05:30,10315.05,10329.361478616858,10329.361478616858,-14.31,STOP_LOSS
short,2018-10-09 11:15:00+05:30,2018-10-09 11:25:00+05:30,10318.2,10331.876153635923,10331.876153635923,-13.68,STOP_LOSS
long,2018-10-10 12:40:00+05:30,2018-10-10 12:55:00+05:30,10442.3,10426.576137798582,10426.576137798582,-15.72,STOP_LOSS
long,2018-10-10 13:45:00+05:30,2018-10-10 15:15:00+05:30,10453.6,10458.75,10436.073940326833,5.15,EOD_EXIT
short,2018-10-11 10:30:00+05:30,2018-10-11 11:45:00+05:30,10198.15,10214.372332555515,10214.372332555515,-16.22,STOP_LOSS
long,2018-10-12 10:35:00+05:30,2018-10-12 13:35:00+05:30,10425.2,10476.613207321929,10476.613207321929,51.41,TRAIL_SL
long,2018-10-12 13:35:00+05:30,2018-10-12 13:50:00+05:30,10471.0,10456.75755935801,10456.75755935801,-14.24,STOP_LOSS
short,2018-10-15 11:25:00+05:30,2018-10-15 11:45:00+05:30,10423.2,10431.216753833985,10431.216753833985,-8.02,STOP_LOSS
long,2018-10-16 10:40:00+05:30,2018-10-16 11:25:00+05:30,10588.65,10576.41209802879,10576.41209802879,-12.24,STOP_LOSS
long,2018-10-17 10:05:00+05:30,2018-10-17 10:30:00+05:30,10639.0,10616.322834037197,10616.322834037197,-22.68,STOP_LOSS
short,2018-10-17 13:50:00+05:30,2018-10-17 14:35:00+05:30,10555.35,10486.384102590613,10486.384102590613,68.97,TRAIL_SL
short,2018-10-19 11:10:00+05:30,2018-10-19 11:15:00+05:30,10308.5,10320.789652150337,10320.789652150337,-12.29,STOP_LOSS
short,2018-10-22 14:00:00+05:30,2018-10-22 15:25:00+05:30,10319.9,10244.197498226487,10244.197498226487,75.7,TRAIL_SL
short,2018-10-23 10:00:00+05:30,2018-10-23 10:15:00+05:30,10187.8,10202.405755804966,10202.405755804966,-14.61,STOP_LOSS
short,2018-10-23 10:25:00+05:30,2018-10-23 10:35:00+05:30,10198.55,10211.141074884074,10211.141074884074,-12.59,STOP_LOSS
short,2018-10-23 11:10:00+05:30,2018-10-23 14:00:00+05:30,10198.15,10122.800992806102,10122.800992806102,75.35,TRAIL_SL
short,2018-10-24 11:10:00+05:30,2018-10-24 11:55:00+05:30,10181.5,10192.30450106075,10192.30450106075,-10.8,STOP_LOSS
short,2018-10-24 14:35:00+05:30,2018-10-24 14:40:00+05:30,10152.25,10168.273106422113,10168.273106422113,-16.02,STOP_LOSS
short,2018-10-25 10:55:00+05:30,2018-10-25 11:35:00+05:30,10103.85,10114.291261833032,10114.291261833032,-10.44,STOP_LOSS
short,2018-10-26 10:05:00+05:30,2018-10-26 10:15:00+05:30,10043.55,10057.559263964598,10057.559263964598,-14.01,STOP_LOSS
short,2018-10-26 13:45:00+05:30,2018-10-26 14:05:00+05:30,10078.3,10090.410357295536,10090.410357295536,-12.11,STOP_LOSS
short,2018-10-26 14:35:00+05:30,2018-10-29 09:15:00+05:30,10063.1,10022.73719553568,10022.73719553568,40.36,TRAIL_SL
long,2018-10-29 13:50:00+05:30,2018-10-29 14:15:00+05:30,10180.0,10163.249832698744,10163.249832698744,-16.75,STOP_LOSS
long,2018-10-30 10:35:00+05:30,2018-10-30 11:10:00+05:30,10271.85,10255.345286253048,10255.345286253048,-16.5,STOP_LOSS
short,2018-10-30 14:45:00+05:30,2018-10-30 15:15:00+05:30,10208.4,10207.55,10220.356508591281,0.85,EOD_EXIT
short,2018-10-31 10:30:00+05:30,2018-10-31 11:10:00+05:30,10143.1,10160.527411960014,10160.527411960014,-17.43,STOP_LOSS
long,2018-11-01 10:00:00+05:30,2018-11-01 11:35:00+05:30,10376.4,10353.090576856544,10353.090576856544,-23.31,STOP_LOSS
long,2018-11-02 10:45:00+05:30,2018-11-02 14:05:00+05:30,10545.6,10593.128386192267,10593.128386192267,47.53,TRAIL_SL
short,2018-11-05 11:40:00+05:30,2018-11-05 12:10:00+05:30,10493.1,10502.470019462411,10502.470019462411,-9.37,STOP_LOSS
long,2018-11-06 09:50:00+05:30,2018-11-06 11:00:00+05:30,10566.25,10547.528940175192,10547.528940175192,-18.72,STOP_LOSS
short,2018-11-06 14:35:00+05:30,2018-11-06 15:00:00+05:30,10516.45,10528.217654985976,10528.217654985976,-11.77,STOP_LOSS
long,2018-11-09 11:25:00+05:30,2018-11-09 12:25:00+05:30,10608.7,10598.303630748796,10598.303630748796,-10.4,STOP_LOSS
short,2018-11-09 14:20:00+05:30,2018-11-09 14:30:00+05:30,10574.5,10580.852708271002,10580.852708271002,-6.35,STOP_LOSS
long,2018-11-12 09:45:00+05:30,2018-11-12 10:00:00+05:30,10620.05,10604.455421899096,10604.455421899096,-15.59,STOP_LOSS
short,2018-11-12 14:30:00+05:30,2018-11-12 15:15:00+05:30,10520.7,10480.3,10527.780751982855,40.4,EOD_EXIT
short,2018-11-13 09:50:00+05:30,2018-11-13 12:10:00+05:30,10485.85,10497.339621416839,10497.339621416839,-11.49,STOP_LOSS
long,2018-11-14 11:10:00+05:30,2018-11-14 13:30:00+05:30,10596.4,10579.636165798007,10579.636165798007,-16.76,STOP_LOSS
long,2018-11-15 13:20:00+05:30,2018-11-15 14:25:00+05:30,10628.4,10616.17601262587,10616.17601262587,-12.22,STOP_LOSS
long,2018-11-19 09:50:00+05:30,2018-11-20 09:15:00+05:30,10703.1,10766.342397726316,10766.342397726316,63.24,TRAIL_SL
short,2018-11-21 10:50:00+05:30,2018-11-21 12:15:00+05:30,10582.7,10590.74726641938,10590.74726641938,-8.05,STOP_LOSS
short,2018-11-22 14:00:00+05:30,2018-11-26 09:15:00+05:30,10574.25,10529.388953447342,10529.388953447342,44.86,TRAIL_SL
short,2018-11-26 09:45:00+05:30,2018-11-26 11:35:00+05:30,10540.35,10501.812036685942,10501.812036685942,38.54,TRAIL_SL
long,2018-11-28 10:35:00+05:30,2018-11-28 15:15:00+05:30,10725.6,10725.25,10714.994206317217,-0.35,EOD_EXIT
long,2018-11-29 11:00:00+05:30,2018-11-29 14:30:00+05:30,10822.3,10870.076648869981,10870.076648869981,47.78,TRAIL_SL
long,2018-11-29 14:35:00+05:30,2018-11-29 15:05:00+05:30,10864.25,10852.957854034914,10852.957854034914,-11.29,STOP_LOSS
long,2018-11-30 09:50:00+05:30,2018-11-30 11:35:00+05:30,10901.05,10884.716795892831,10884.716795892831,-16.33,STOP_LOSS
short,2018-11-30 13:40:00+05:30,2018-11-30 14:35:00+05:30,10854.5,10862.349568022024,10862.349568022024,-7.85,STOP_LOSS
long,2018-12-03 10:00:00+05:30,2018-12-03 11:00:00+05:30,10912.45,10897.386450833768,10897.386450833768,-15.06,STOP_LOSS
short,2018-12-05 10:10:00+05:30,2018-12-05 15:00:00+05:30,10800.75,10764.14241090887,10764.14241090887,36.61,TRAIL_SL
short,2018-12-10 10:25:00+05:30,2018-12-10 11:20:00+05:30,10515.95,10527.19794378374,10527.19794378374,-11.25,STOP_LOSS
short,2018-12-10 14:50:00+05:30,2018-12-10 15:15:00+05:30,10500.55,10486.45,10508.731592339353,14.1,EOD_EXIT
short,2018-12-11 09:50:00+05:30,2018-12-11 10:20:00+05:30,10385.65,10407.222363396291,10407.222363396291,-21.57,STOP_LOSS
short,2018-12-11 10:40:00+05:30,2018-12-11 10:55:00+05:30,10396.05,10413.526381105119,10413.526381105119,-17.48,STOP_LOSS
long,2018-12-12 10:45:00+05:30,2018-12-12 13:15:00+05:30,10657.3,10641.248460437895,10641.248460437895,-16.05,STOP_LOSS
long,2018-12-13 10:20:00+05:30,2018-12-13 11:05:00+05:30,10800.75,10787.52091982863,10787.52091982863,-13.23,STOP_LOSS
long,2018-12-17 10:00:00+05:30,2018-12-17 15:15:00+05:30,10850.35,10880.55,10837.069354157295,30.2,EOD_EXIT
short,2018-12-18 10:50:00+05:30,2018-12-18 11:55:00+05:30,10831.5,10836.526030097635,10836.526030097635,-5.03,STOP_LOSS
long,2018-12-18 13:35:00+05:30,2018-12-18 15:15:00+05:30,10862.65,10909.6,10854.208471287728,46.95,EOD_EXIT
long,2018-12-19 10:20:00+05:30,2018-12-19 10:55:00+05:30,10950.4,10941.886425619858,10941.886425619858,-8.51,STOP_LOSS
short,2018-12-20 10:00:00+05:30,2018-12-20 12:55:00+05:30,10928.1,10937.269264269655,10937.269264269655,-9.17,STOP_LOSS
short,2018-12-21 11:20:00+05:30,2018-12-21 14:45:00+05:30,10837.65,10766.588081236168,10766.588081236168,71.06,TRAIL_SL
short,2018-12-24 10:25:00+05:30,2018-12-24 12:35:00+05:30,10730.65,10740.664370905244,10740.664370905244,-10.01,STOP_LOSS
short,2018-12-26 10:45:00+05:30,2018-12-26 10:55:00+05:30,10555.15,10564.526325515695,10564.526325515695,-9.38,STOP_LOSS
short,2018-12-26 11:15:00+05:30,2018-12-26 11:25:00+05:30,10567.0,10575.160276805364,10575.160276805364,-8.16,STOP_LOSS
long,2018-12-27 11:10:00+05:30,2018-12-27 11:15:00+05:30,10816.5,10805.286482618438,10805.286482618438,-11.21,STOP_LOSS
long,2018-12-28 10:40:00+05:30,2018-12-28 11:40:00+05:30,10876.05,10865.873618487336,10865.873618487336,-10.18,STOP_LOSS
short,2019-01-01 10:15:00+05:30,2019-01-01 11:00:00+05:30,10830.2,10837.581893131764,10837.581893131764,-7.38,STOP_LOSS
short,2019-01-02 14:20:00+05:30,2019-01-02 14:30:00+05:30,10761.35,10772.60020737868,10772.60020737868,-11.25,STOP_LOSS
short,2019-01-03 12:30:00+05:30,2019-01-03 13:20:00+05:30,10717.65,10726.057756836224,10726.057756836224,-8.41,STOP_LOSS
short,2019-01-03 13:55:00+05:30,2019-01-03 15:15:00+05:30,10698.6,10672.55,10708.169574986257,26.05,EOD_EXIT
short,2019-01-04 14:30:00+05:30,2019-01-04 14:40:00+05:30,10690.45,10703.46239981001,10703.46239981001,-13.01,STOP_LOSS
long,2019-01-07 09:45:00+05:30,2019-01-07 14:55:00+05:30,10783.0,10762.621936465759,10762.621936465759,-20.38,STOP_LOSS
long,2019-01-09 10:05:00+05:30,2019-01-09 10:55:00+05:30,10854.5,10840.35637728362,10840.35637728362,-14.14,STOP_LOSS
short,2019-01-09 14:35:00+05:30,2019-01-09 14:40:00+05:30,10801.2,10814.473257032803,10814.473257032803,-13.27,STOP_LOSS
long,2019-01-11 09:55:00+05:30,2019-01-11 10:20:00+05:30,10834.75,10822.493735320899,10822.493735320899,-12.26,STOP_LOSS
short,2019-01-11 10:55:00+05:30,2019-01-11 12:10:00+05:30,10814.25,10771.355156963453,10771.355156963453,42.89,TRAIL_SL
short,2019-01-11 12:20:00+05:30,2019-01-11 14:45:00+05:30,10778.05,10784.84489624026,10784.84489624026,-6.79,STOP_LOSS
short,2019-01-14 10:55:00+05:30,2019-01-14 15:00:00+05:30,10727.75,10734.44805688136,10734.44805688136,-6.7,STOP_LOSS
long,2019-01-15 10:20:00+05:30,2019-01-15 15:25:00+05:30,10817.15,10890.563891114522,10890.563891114522,73.41,TRAIL_SL
short,2019-01-18 10:40:00+05:30,2019-01-18 10:45:00+05:30,10870.5,10879.194205986887,10879.194205986887,-8.69,STOP_LOSS
long,2019-01-21 11:00:00+05:30,2019-01-21 11:10:00+05:30,10976.8,10966.803219333964,10966.803219333964,-10.0,STOP_LOSS
short,2019-01-22 10:25:00+05:30,2019-01-22 15:10:00+05:30,10914.0,10921.284366917584,10921.284366917584,-7.28,STOP_LOSS
short,2019-01-24 09:55:00+05:30,2019-01-24 10:25:00+05:30,10827.55,10837.533778560348,10837.533778560348,-9.98,STOP_LOSS
short,2019-01-24 13:50:00+05:30,2019-01-24 14:00:00+05:30,10813.3,10820.483510855656,10820.483510855656,-7.18,STOP_LOSS
short,2019-01-28 10:25:00+05:30,2019-01-28 11:40:00+05:30,10722.95,10676.043539195713,10676.043539195713,46.91,TRAIL_SL
short,2019-01-28 12:10:00+05:30,2019-01-28 14:20:00+05:30,10688.3,10643.73591116891,10643.73591116891,44.56,TRAIL_SL
short,2019-01-28 14:25:00+05:30,2019-01-28 14:30:00+05:30,10647.6,10658.018605486364,10658.018605486364,-10.42,STOP_LOSS
short,2019-01-29 11:00:00+05:30,2019-01-29 11:45:00+05:30,10642.9,10651.380708718949,10651.380708718949,-8.48,STOP_LOSS
short,2019-01-29 13:35:00+05:30,2019-01-29 15:00:00+05:30,10606.25,10615.217263411385,10615.217263411385,-8.97,STOP_LOSS
short,2019-01-30 11:15:00+05:30,2019-01-30 11:25:00+05:30,10638.25,10646.381911663144,10646.381911663144,-8.13,STOP_LOSS
long,2019-01-31 10:15:00+05:30,2019-01-31 11:35:00+05:30,10688.45,10750.474920001456,10750.474920001456,62.02,TRAIL_SL
long,2019-01-31 11:50:00+05:30,2019-01-31 13:50:00+05:30,10745.05,10799.389457567393,10799.389457567393,54.34,TRAIL_SL
long,2019-01-31 14:05:00+05:30,2019-01-31 15:15:00+05:30,10794.15,10831.65,10781.29889304644,37.5,EOD_EXIT
long,2019-02-01 10:30:00+05:30,2019-02-01 11:20:00+05:30,10869.4,10856.018865115508,10856.018865115508,-13.38,STOP_LOSS
long,2019-02-01 13:25:00+05:30,2019-02-01 13:45:00+05:30,10948.35,10923.402769392098,10923.402769392098,-24.95,STOP_LOSS
short,2019-02-04 10:05:00+05:30,2019-02-04 12:05:00+05:30,10849.3,10861.82280430309,10861.82280430309,-12.52,STOP_LOSS
long,2019-02-05 09:45:00+05:30,2019-02-05 15:15:00+05:30,10907.4,10935.1,10889.759964176443,27.7,EOD_EXIT
long,2019-02-06 10:35:00+05:30,2019-02-06 14:15:00+05:30,10990.1,11051.117121217763,11051.117121217763,61.02,TRAIL_SL
long,2019-02-06 14:15:00+05:30,2019-02-06 15:15:00+05:30,11048.4,11061.4,11038.845364318238,13.0,EOD_EXIT
long,2019-02-07 09:50:00+05:30,2019-02-07 12:00:00+05:30,11085.95,11073.553652637987,11073.553652637987,-12.4,STOP_LOSS
long,2019-02-07 14:10:00+05:30,2019-02-07 15:10:00+05:30,11097.95,11085.934099802966,11085.934099802966,-12.02,STOP_LOSS
short,2019-02-08 11:00:00+05:30,2019-02-08 11:25:00+05:30,11002.05,11008.846224615821,11008.846224615821,-6.8,STOP_LOSS
short,2019-02-08 13:15:00+05:30,2019-02-08 13:35:00+05:30,10974.0,10982.186441203037,10982.186441203037,-8.19,STOP_LOSS
short,2019-02-11 10:20:00+05:30,2019-02-11 11:25:00+05:30,10877.35,10887.01103360889,10887.01103360889,-9.66,STOP_LOSS
short,2019-02-14 10:55:00+05:30,2019-02-14 12:10:00+05:30,10747.8,10753.028744276171,10753.028744276171,-5.23,STOP_LOSS
short,2019-02-15 11:35:00+05:30,2019-02-15 13:40:00+05:30,10658.55,10667.220179262195,10667.220179262195,-8.67,STOP_LOSS
short,2019-02-18 10:10:00+05:30,2019-02-18 15:15:00+05:30,10677.25,10639.65,10689.040220850817,37.6,EOD_EXIT
long,2019-02-21 09:55:00+05:30,2019-02-21 13:25:00+05:30,10731.25,10786.825356525193,10786.825356525193,55.58,TRAIL_SL
long,2019-02-21 13:50:00+05:30,2019-02-21 14:40:00+05:30,10783.95,10774.794622774258,10774.794622774258,-9.16,STOP_LOSS
long,2019-02-25 13:40:00+05:30,2019-02-25 15:15:00+05:30,10833.5,10880.95,10826.133439868137,47.45,EOD_EXIT
long,2019-02-26 13:10:00+05:30,2019-02-26 13:35:00+05:30,10846.0,10833.814911807818,10833.814911807818,-12.19,STOP_LOSS
long,2019-02-26 14:00:00+05:30,2019-02-26 15:05:00+05:30,10847.9,10836.274863465736,10836.274863465736,-11.63,STOP_LOSS
long,2019-02-27 11:10:00+05:30,2019-02-27 11:15:00+05:30,10926.15,10917.723894025305,10917.723894025305,-8.43,STOP_LOSS
short,2019-02-27 13:05:00+05:30,2019-02-27 13:30:00+05:30,10787.75,10801.93894974748,10801.93894974748,-14.19,STOP_LOSS
long,2019-03-01 10:10:00+05:30,2019-03-01 10:30:00+05:30,10854.3,10842.151000315509,10842.151000315509,-12.15,STOP_LOSS
long,2019-03-05 11:15:00+05:30,2019-03-05 15:25:00+05:30,10886.1,10986.003054595589,10986.003054595589,99.9,TRAIL_SL
long,2019-03-06 10:10:00+05:30,2019-03-06 10:15:00+05:30,11031.85,11019.132430777749,11019.132430777749,-12.72,STOP_LOSS
short,2019-03-08 10:05:00+05:30,2019-03-08 11:20:00+05:30,11027.7,11037.224224038344,11037.224224038344,-9.52,STOP_LOSS
short,2019-03-08 13:30:00+05:30,2019-03-08 13:35:00+05:30,11017.85,11022.606545221242,11022.606545221242,-4.76,STOP_LOSS
long,2019-03-11 11:35:00+05:30,2019-03-11 15:15:00+05:30,11141.95,11173.8,11135.92349722771,31.85,EOD_EXIT
long,2019-03-13 10:00:00+05:30,2019-03-13 10:15:00+05:30,11316.35,11300.633820705427,11300.633820705427,-15.72,STOP_LOSS
long,2019-03-13 14:05:00+05:30,2019-03-13 14:25:00+05:30,11334.25,11323.491953352395,11323.491953352395,-10.76,STOP_LOSS
long,2019-03-15 10:25:00+05:30,2019-03-15 11:45:00+05:30,11416.0,11405.4531238631,11405.4531238631,-10.55,STOP_LOSS
long,2019-03-15 13:40:00+05:30,2019-03-15 15:05:00+05:30,11440.2,11430.897008219645,11430.897008219645,-9.3,STOP_LOSS
long,2019-03-18 09:55:00+05:30,2019-03-18 10:25:00+05:30,11506.4,11486.908091708276,11486.908091708276,-19.49,STOP_LOSS
long,2019-03-19 09:45:00+05:30,2019-03-20 09:15:00+05:30,11467.35,11533.629534812157,11533.629534812157,66.28,TRAIL_SL
long,2019-03-20 10:00:00+05:30,2019-03-20 12:10:00+05:30,11533.6,11520.810098527458,11520.810098527458,-12.79,STOP_LOSS
long,2019-03-22 10:10:00+05:30,2019-03-22 10:25:00+05:30,11557.45,11545.042133818106,11545.042133818106,-12.41,STOP_LOSS
short,2019-03-25 10:10:00+05:30,2019-03-25 14:30:00+05:30,11363.5,11318.29281157648,11318.29281157648,45.21,TRAIL_SL
long,2019-03-27 10:00:00+05:30,2019-03-27 13:35:00+05:30,11515.8,11500.368159503096,11500.368159503096,-15.43,STOP_LOSS
short,2019-03-27 14:20:00+05:30,2019-03-27 14:30:00+05:30,11458.65,11474.466757796139,11474.466757796139,-15.82,STOP_LOSS
short,2019-03-27 14:50:00+05:30,2019-03-27 15:15:00+05:30,11469.7,11439.6,11484.367955204938,30.1,EOD_EXIT
long,2019-03-28 10:20:00+05:30,2019-03-28 14:25:00+05:30,11502.35,11554.991820725534,11554.991820725534,52.64,TRAIL_SL
long,2019-03-29 09:45:00+05:30,2019-03-29 15:15:00+05:30,11591.65,11620.65,11572.683494600516,29.0,EOD_EXIT
short,2019-04-02 10:05:00+05:30,2019-04-02 11:20:00+05:30,11672.95,11683.49602164856,11683.49602164856,-10.55,STOP_LOSS
short,2019-04-02 14:35:00+05:30,2019-04-02 14:50:00+05:30,11685.7,11695.384177151362,11695.384177151362,-9.68,STOP_LOSS
long,2019-04-03 10:20:00+05:30,2019-04-03 11:30:00+05:30,11746.75,11735.636635172237,11735.636635172237,-11.11,STOP_LOSS
short,2019-04-04 09:45:00+05:30,2019-04-04 14:40:00+05:30,11651.45,11576.342657996285,11576.342657996285,75.11,TRAIL_SL
short,2019-04-04 14:45:00+05:30,2019-04-04 15:05:00+05:30,11588.75,11599.612933191791,11599.612933191791,-10.86,STOP_LOSS
short,2019-04-08 14:05:00+05:30,2019-04-08 15:00:00+05:30,11595.1,11602.886355945848,11602.886355945848,-7.79,STOP_LOSS
long,2019-04-10 09:50:00+05:30,2019-04-10 11:00:00+05:30,11669.35,11652.856418625932,11652.856418625932,-16.49,STOP_LOSS
short,2019-04-10 14:30:00+05:30,2019-04-10 15:15:00+05:30,11609.8,11583.15,11620.312520891392,26.65,EOD_EXIT
short,2019-04-11 14:15:00+05:30,2019-04-11 14:20:00+05:30,11564.75,11571.668707267227,11571.668707267227,-6.92,STOP_LOSS
long,2019-04-15 10:45:00+05:30,2019-04-15 15:15:00+05:30,11670.35,11689.45,11660.69947303272,19.1,EOD_EXIT
long,2019-04-16 11:05:00+05:30,2019-04-16 15:15:00+05:30,11779.55,11783.3,11771.910098704026,3.75,EOD_EXIT
short,2019-04-18 10:55:00+05:30,2019-04-18 11:05:00+05:30,11761.15,11768.617856182229,11768.617856182229,-7.47,STOP_LOSS
short,2019-04-18 11:10:00+05:30,2019-04-18 13:40:00+05:30,11764.15,11771.235897787365,11771.235897787365,-7.09,STOP_LOSS
short,2019-04-22 10:15:00+05:30,2019-04-22 14:50:00+05:30,11666.5,11617.081931127215,11617.081931127215,49.42,TRAIL_SL
long,2019-04-25 09:45:00+05:30,2019-04-25 13:30:00+05:30,11734.95,11721.063403747548,11721.063403747548,-13.89,STOP_LOSS
long,2019-04-26 14:30:00+05:30,2019-04-26 15:15:00+05:30,11725.8,11754.9,11710.884809793697,29.1,EOD_EXIT
short,2019-04-30 10:40:00+05:30,2019-04-30 10:50:00+05:30,11671.1,11679.31565752636,11679.31565752636,-8.22,STOP_LOSS
long,2019-05-02 09:50:00+05:30,2019-05-02 15:15:00+05:30,11733.45,11723.2,11715.299156591413,-10.25,EOD_EXIT
short,2019-05-06 10:25:00+05:30,2019-05-06 15:15:00+05:30,11623.15,11599.55,11631.299061511118,23.6,EOD_EXIT
short,2019-05-08 10:50:00+05:30,2019-05-08 13:45:00+05:30,11423.5,11429.785218019491,11429.785218019491,-6.29,STOP_LOSS
short,2019-05-09 10:05:00+05:30,2019-05-09 10:40:00+05:30,11324.35,11335.333902068476,11335.333902068476,-10.98,STOP_LOSS
short,2019-05-09 13:25:00+05:30,2019-05-09 14:20:00+05:30,11289.9,11297.43779370915,11297.43779370915,-7.54,STOP_LOSS
short,2019-05-13 09:55:00+05:30,2019-05-13 10:00:00+05:30,11263.9,11275.14919068179,11275.14919068179,-11.25,STOP_LOSS
short,2019-05-14 09:45:00+05:30,2019-05-14 13:05:00+05:30,11141.15,11156.518638039022,11156.518638039022,-15.37,STOP_LOSS
long,2019-05-15 11:00:00+05:30,2019-05-15 11:45:00+05:30,11274.05,11261.282749312295,11261.282749312295,-12.77,STOP_LOSS
short,2019-05-15 13:35:00+05:30,2019-05-15 13:50:00+05:30,11224.2,11238.299067852937,11238.299067852937,-14.1,STOP_LOSS
short,2019-05-16 09:45:00+05:30,2019-05-16 12:10:00+05:30,11170.85,11182.393707002497,11182.393707002497,-11.54,STOP_LOSS
long,2019-05-17 09:50:00+05:30,2019-05-17 13:00:00+05:30,11293.1,11345.722358918469,11345.722358918469,52.62,TRAIL_SL
long,2019-05-17 14:05:00+05:30,2019-05-17 14:20:00+05:30,11369.15,11351.159245668056,11351.159245668056,-17.99,STOP_LOSS
long,2019-05-17 14:30:00+05:30,2019-05-17 15:15:00+05:30,11363.75,11403.5,11346.075903818048,39.75,EOD_EXIT
long,2019-05-20 10:45:00+05:30,2019-05-20 12:45:00+05:30,11675.25,11732.208455229993,11732.208455229993,56.96,TRAIL_SL
long,2019-05-20 12:45:00+05:30,2019-05-20 13:50:00+05:30,11727.0,11781.225100098405,11781.225100098405,54.23,TRAIL_SL
long,2019-05-20 14:35:00+05:30,2019-05-20 15:15:00+05:30,11787.0,11819.7,11766.892592355025,32.7,EOD_EXIT
long,2019-05-21 09:45:00+05:30,2019-05-21 12:35:00+05:30,11842.75,11815.782593145786,11815.782593145786,-26.97,STOP_LOSS
short,2019-05-23 12:55:00+05:30,2019-05-23 13:05:00+05:30,11821.85,11843.017328926748,11843.017328926748,-21.17,STOP_LOSS
short,2019-05-23 14:10:00+05:30,2019-05-23 15:20:00+05:30,11787.8,11656.247498083478,11656.247498083478,131.55,TRAIL_SL
short,2019-05-24 09:50:00+05:30,2019-05-24 11:40:00+05:30,11706.15,11726.929633498694,11726.929633498694,-20.78,STOP_LOSS
long,2019-05-24 14:30:00+05:30,2019-05-24 15:15:00+05:30,11819.4,11840.45,11796.890243990856,21.05,EOD_EXIT
long,2019-05-27 10:50:00+05:30,2019-05-27 12:50:00+05:30,11887.45,11949.26153006444,11949.26153006444,61.81,TRAIL_SL
short,2019-05-28 14:40:00+05:30,2019-05-28 15:00:00+05:30,11885.55,11895.656308560716,11895.656308560716,-10.11,STOP_LOSS
short,2019-05-29 13:40:00+05:30,2019-05-29 15:15:00+05:30,11887.0,11863.15,11894.761723037467,23.85,EOD_EXIT
long,2019-05-30 10:30:00+05:30,2019-05-30 15:15:00+05:30,11912.25,11944.35,11899.341842327254,32.1,EOD_EXIT
long,2019-05-31 10:25:00+05:30,2019-05-31 11:45:00+05:30,12020.1,12007.46128684781,12007.46128684781,-12.64,STOP_LOSS
short,2019-05-31 13:05:00+05:30,2019-05-31 13:40:00+05:30,11932.75,11893.551119595488,11893.551119595488,39.2,TRAIL_SL
short,2019-05-31 13:40:00+05:30,2019-05-31 13:50:00+05:30,11900.3,11916.455427080658,11916.455427080658,-16.16,STOP_LOSS
long,2019-06-03 11:45:00+05:30,2019-06-03 14:50:00+05:30,11998.3,12067.950083221067,12067.950083221067,69.65,TRAIL_SL
long,2019-06-03 14:50:00+05:30,2019-06-03 15:15:00+05:30,12063.6,12092.4,12051.896836127647,28.8,EOD_EXIT
short,2019-06-06 10:45:00+05:30,2019-06-06 12:50:00+05:30,11965.4,11914.752323716202,11914.752323716202,50.65,TRAIL_SL
short,2019-06-06 13:00:00+05:30,2019-06-06 14:30:00+05:30,11923.15,11842.038530178706,11842.038530178706,81.11,TRAIL_SL
short,2019-06-06 14:40:00+05:30,2019-06-06 14:45:00+05:30,11852.25,11862.606895566272,11862.606895566272,-10.36,STOP_LOSS
short,2019-06-07 13:55:00+05:30,2019-06-07 14:15:00+05:30,11827.3,11838.194660757077,11838.194660757077,-10.89,STOP_LOSS
long,2019-06-10 10:50:00+05:30,2019-06-10 11:05:00+05:30,11945.2,11931.883144829359,11931.883144829359,-13.32,STOP_LOSS
long,2019-06-11 10:30:00+05:30,2019-06-11 10:45:00+05:30,11941.25,11928.341832645649,11928.341832645649,-12.91,STOP_LOSS
long,2019-06-11 14:35:00+05:30,2019-06-11 14:45:00+05:30,11988.15,11977.020788963753,11977.020788963753,-11.13,STOP_LOSS
short,2019-06-12 10:55:00+05:30,2019-06-12 14:15:00+05:30,11899.35,11905.562531479689,11905.562531479689,-6.21,STOP_LOSS
short,2019-06-13 11:15:00+05:30,2019-06-13 13:05:00+05:30,11842.95,11849.08935127507,11849.08935127507,-6.14,STOP_LOSS
short,2019-06-14 09:55:00+05:30,2019-06-14 10:10:00+05:30,11869.95,11879.571849769289,11879.571849769289,-9.62,STOP_LOSS
short,2019-06-14 11:00:00+05:30,2019-06-14 14:45:00+05:30,11863.35,11870.219790548763,11870.219790548763,-6.87,STOP_LOSS
short,2019-06-17 10:35:00+05:30,2019-06-17 10:55:00+05:30,11755.0,11762.983971286736,11762.983971286736,-7.98,STOP_LOSS
short,2019-06-17 11:00:00+05:30,2019-06-17 13:15:00+05:30,11758.25,11715.0329170693,11715.0329170693,43.22,TRAIL_SL
short,2019-06-17 14:55:00+05:30,2019-06-17 15:15:00+05:30,11701.75,11664.45,11708.342109350648,37.3,EOD_EXIT
short,2019-06-18 13:45:00+05:30,2019-06-18 14:00:00+05:30,11694.15,11702.37198756391,11702.37198756391,-8.22,STOP_LOSS
long,2019-06-19 10:50:00+05:30,2019-06-19 11:05:00+05:30,11782.35,11771.992006043683,11771.992006043683,-10.36,STOP_LOSS
short,2019-06-19 12:45:00+05:30,2019-06-19 13:00:00+05:30,11710.1,11718.64869353074,11718.64869353074,-8.55,STOP_LOSS
short,2019-06-19 13:40:00+05:30,2019-06-19 14:50:00+05:30,11709.65,11635.794424330737,11635.794424330737,73.86,TRAIL_SL
short,2019-06-21 14:35:00+05:30,2019-06-21 14:50:00+05:30,11741.95,11751.988799039014,11751.988799039014,-10.04,STOP_LOSS
short,2019-06-24 10:15:00+05:30,2019-06-24 11:45:00+05:30,11706.75,11717.364667764108,11717.364667764108,-10.61,STOP_LOSS
short,2019-06-24 14:50:00+05:30,2019-06-24 15:00:00+05:30,11690.1,11698.151511323285,11698.151511323285,-8.05,STOP_LOSS
long,2019-06-25 14:25:00+05:30,2019-06-25 15:15:00+05:30,11775.65,11787.3,11762.731792116107,11.65,EOD_EXIT
long,2019-06-26 09:55:00+05:30,2019-06-26 10:55:00+05:30,11817.65,11802.38002631215,11802.38002631215,-15.27,STOP_LOSS
long,2019-06-27 10:45:00+05:30,2019-06-27 13:45:00+05:30,11882.55,11872.899665071507,11872.899665071507,-9.65,STOP_LOSS
short,2019-06-28 10:05:00+05:30,2019-06-28 15:05:00+05:30,11840.25,11788.270480498897,11788.270480498897,51.98,TRAIL_SL
short,2019-07-02 10:25:00+05:30,2019-07-02 13:00:00+05:30,11843.9,11852.539600425385,11852.539600425385,-8.64,STOP_LOSS
long,2019-07-02 14:10:00+05:30,2019-07-02 15:15:00+05:30,11884.45,11912.35,11871.82305069512,27.9,EOD_EXIT
long,2019-07-03 09:45:00+05:30,2019-07-03 15:15:00+05:30,11912.85,11918.2,11899.380142249145,5.35,EOD_EXIT
long,2019-07-04 10:10:00+05:30,2019-07-04 11:35:00+05:30,11949.8,11941.028274057073,11941.028274057073,-8.77,STOP_LOSS
long,2019-07-05 09:50:00+05:30,2019-07-05 10:00:00+05:30,11969.8,11958.876386157599,11958.876386157599,-10.92,STOP_LOSS
short,2019-07-05 10:50:00+05:30,2019-07-05 11:00:00+05:30,11944.35,11950.638975983522,11950.638975983522,-6.29,STOP_LOSS
short,2019-07-05 14:05:00+05:30,2019-07-05 14:40:00+05:30,11854.85,11870.338748439266,11870.338748439266,-15.49,STOP_LOSS
short,2019-07-08 11:35:00+05:30,2019-07-08 14:25:00+05:30,11625.2,11533.944701203569,11533.944701203569,91.26,TRAIL_SL
short,2019-07-09 09:45:00+05:30,2019-07-09 10:45:00+05:30,11523.9,11475.447925935336,11475.447925935336,48.45,TRAIL_SL
short,2019-07-09 10:45:00+05:30,2019-07-09 11:00:00+05:30,11482.05,11491.79877158516,11491.79877158516,-9.75,STOP_LOSS
short,2019-07-10 11:00:00+05:30,2019-07-10 13:05:00+05:30,11536.75,11487.816555437377,11487.816555437377,48.93,TRAIL_SL
short,2019-07-10 14:40:00+05:30,2019-07-10 14:45:00+05:30,11497.2,11506.032753809348,11506.032753809348,-8.83,STOP_LOSS
long,2019-07-11 13:50:00+05:30,2019-07-11 14:00:00+05:30,11578.05,11568.095153950051,11568.095153950051,-9.95,STOP_LOSS
long,2019-07-11 14:35:00+05:30,2019-07-11 14:55:00+05:30,11585.7,11574.506159187717,11574.506159187717,-11.19,STOP_LOSS
long,2019-07-12 13:55:00+05:30,2019-07-12 14:05:00+05:30,11623.8,11614.793769315374,11614.793769315374,-9.01,STOP_LOSS
short,2019-07-15 11:10:00+05:30,2019-07-15 11:20:00+05:30,11549.1,11557.631893582988,11557.631893582988,-8.53,STOP_LOSS
long,2019-07-16 10:35:00+05:30,2019-07-16 15:15:00+05:30,11615.9,11665.45,11605.575555526184,49.55,EOD_EXIT
long,2019-07-17 10:45:00+05:30,2019-07-17 13:10:00+05:30,11689.55,11680.662739071053,11680.662739071053,-8.89,STOP_LOSS
short,2019-07-18 09:50:00+05:30,2019-07-18 10:15:00+05:30,11664.2,11671.708103706376,11671.708103706376,-7.51,STOP_LOSS
short,2019-07-19 10:35:00+05:30,2019-07-19 11:30:00+05:30,11529.75,11483.346502709031,11483.346502709031,46.4,TRAIL_SL
short,2019-07-19 11:35:00+05:30,2019-07-19 13:50:00+05:30,11492.35,11438.923416282874,11438.923416282874,53.43,TRAIL_SL
short,2019-07-19 14:00:00+05:30,2019-07-19 15:15:00+05:30,11441.35,11425.15,11449.032346508695,16.2,EOD_EXIT
short,2019-07-22 09:50:00+05:30,2019-07-22 10:15:00+05:30,11343.55,11358.731749150864,11358.731749150864,-15.18,STOP_LOSS
short,2019-07-22 10:25:00+05:30,2019-07-22 13:20:00+05:30,11355.3,11311.642127941057,11311.642127941057,43.66,TRAIL_SL
short,2019-07-24 11:25:00+05:30,2019-07-24 12:00:00+05:30,11242.5,11250.300320862922,11250.300320862922,-7.8,STOP_LOSS
short,2019-07-25 12:45:00+05:30,2019-07-25 13:45:00+05:30,11275.05,11283.959176373515,11283.959176373515,-8.91,STOP_LOSS
short,2019-07-26 09:45:00+05:30,2019-07-26 10:50:00+05:30,11249.45,11262.936622867343,11262.936622867343,-13.49,STOP_LOSS
short,2019-07-29 10:25:00+05:30,2019-07-29 12:10:00+05:30,11238.9,11164.282784290124,11164.282784290124,74.62,TRAIL_SL
short,2019-07-29 12:35:00+05:30,2019-07-29 12:45:00+05:30,11167.7,11176.38501680512,11176.38501680512,-8.69,STOP_LOSS
short,2019-07-29 12:55:00+05:30,2019-07-29 13:00:00+05:30,11173.9,11181.83211733276,11181.83211733276,-7.93,STOP_LOSS
short,2019-07-30 11:50:00+05:30,2019-07-30 12:00:00+05:30,11187.65,11197.346545313121,11197.346545313121,-9.7,STOP_LOSS
short,2019-07-31 09:55:00+05:30,2019-07-31 10:55:00+05:30,11058.95,11017.003523642608,11017.003523642608,41.95,TRAIL_SL
short,2019-08-01 11:40:00+05:30,2019-08-01 14:05:00+05:30,10993.8,10950.672404532617,10950.672404532617,43.13,TRAIL_SL
short,2019-08-01 14:05:00+05:30,2019-08-01 14:50:00+05:30,10961.45,10906.188067520534,10906.188067520534,55.26,TRAIL_SL
short,2019-08-01 14:55:00+05:30,2019-08-01 15:00:00+05:30,10931.15,10944.899685616501,10944.899685616501,-13.75,STOP_LOSS
short,2019-08-02 10:25:00+05:30,2019-08-02 10:45:00+05:30,10873.1,10886.926502579418,10886.926502579418,-13.83,STOP_LOSS
short,2019-08-02 11:00:00+05:30,2019-08-02 11:15:00+05:30,10879.95,10891.518335731242,10891.518335731242,-11.57,STOP_LOSS
short,2019-08-05 11:10:00+05:30,2019-08-05 11:25:00+05:30,10811.1,10824.491086849079,10824.491086849079,-13.39,STOP_LOSS
long,2019-08-06 13:25:00+05:30,2019-08-06 14:30:00+05:30,10945.6,11004.561383460048,11004.561383460048,58.96,TRAIL_SL
short,2019-08-07 14:00:00+05:30,2019-08-08 09:15:00+05:30,10911.9,10848.190867675827,10848.190867675827,63.71,TRAIL_SL
short,2019-08-08 09:50:00+05:30,2019-08-08 10:05:00+05:30,10860.95,10875.700526086042,10875.700526086042,-14.75,STOP_LOSS
long,2019-08-09 11:25:00+05:30,2019-08-09 14:05:00+05:30,11139.3,11128.551642436678,11128.551642436678,-10.75,STOP_LOSS
short,2019-08-13 09:55:00+05:30,2019-08-13 10:25:00+05:30,11068.75,11083.223686734882,11083.223686734882,-14.47,STOP_LOSS
short,2019-08-13 14:05:00+05:30,2019-08-13 15:25:00+05:30,11032.1,10920.7615184178,10920.7615184178,111.34,TRAIL_SL
short,2019-08-14 09:45:00+05:30,2019-08-14 10:15:00+05:30,10959.4,10977.432680053018,10977.432680053018,-18.03,STOP_LOSS
long,2019-08-14 14:20:00+05:30,2019-08-14 14:30:00+05:30,11064.0,11047.818961307532,11047.818961307532,-16.18,STOP_LOSS
short,2019-08-16 09:50:00+05:30,2019-08-16 10:45:00+05:30,10976.05,10991.612584187314,10991.612584187314,-15.56,STOP_LOSS
long,2019-08-16 14:10:00+05:30,2019-08-16 15:15:00+05:30,11048.65,11043.0,11031.566714466211,-5.65,EOD_EXIT
long,2019-08-19 10:45:00+05:30,2019-08-19 13:35:00+05:30,11127.15,11113.562096266061,11113.562096266061,-13.59,STOP_LOSS
short,2019-08-20 10:25:00+05:30,2019-08-20 13:15:00+05:30,11020.15,11031.645905705172,11031.645905705172,-11.5,STOP_LOSS
short,2019-08-22 10:50:00+05:30,2019-08-22 12:55:00+05:30,10851.0,10859.864788243944,10859.864788243944,-8.86,STOP_LOSS
short,2019-08-22 14:15:00+05:30,2019-08-23 09:45:00+05:30,10814.65,10654.307969437996,10654.307969437996,160.34,TRAIL_SL
long,2019-08-26 14:35:00+05:30,2019-08-26 15:15:00+05:30,11037.8,11064.85,11020.64516824805,27.05,EOD_EXIT
long,2019-08-27 09:55:00+05:30,2019-08-27 15:15:00+05:30,11083.8,11108.7,11055.81867393993,24.9,EOD_EXIT
short,2019-08-28 10:30:00+05:30,2019-08-28 11:10:00+05:30,11073.5,11084.51762997266,11084.51762997266,-11.02,STOP_LOSS
short,2019-08-28 13:55:00+05:30,2019-08-28 15:00:00+05:30,11027.55,11036.419968913775,11036.419968913775,-8.87,STOP_LOSS
short,2019-08-29 09:45:00+05:30,2019-08-29 12:20:00+05:30,11002.8,10939.871357203661,10939.871357203661,62.93,TRAIL_SL
short,2019-08-29 12:35:00+05:30,2019-08-29 12:40:00+05:30,10941.55,10951.08587933565,10951.08587933565,-9.54,STOP_LOSS
short,2019-08-30 12:00:00+05:30,2019-08-30 12:20:00+05:30,10895.35,10907.754811303243,10907.754811303243,-12.4,STOP_LOSS
short,2019-09-03 10:05:00+05:30,2019-09-03 12:40:00+05:30,10922.25,10879.2186618538,10879.2186618538,43.03,TRAIL_SL
short,2019-09-04 10:10:00+05:30,2019-09-04 10:55:00+05:30,10801.15,10763.564261813566,10763.564261813566,37.59,TRAIL_SL
long,2019-09-06 10:00:00+05:30,2019-09-06 13:30:00+05:30,10886.15,10936.220733672475,10936.220733672475,50.07,TRAIL_SL
long,2019-09-09 11:35:00+05:30,2019-09-09 13:45:00+05:30,10998.8,10987.931122982618,10987.931122982618,-10.87,STOP_LOSS
long,2019-09-11 09:50:00+05:30,2019-09-11 15:15:00+05:30,11029.6,11033.9,11016.637637254951,4.3,EOD_EXIT
long,2019-09-12 10:00:00+05:30,2019-09-12 10:20:00+05:30,11071.1,11058.43340939696,11058.43340939696,-12.67,STOP_LOSS
short,2019-09-12 14:05:00+05:30,2019-09-13 09:15:00+05:30,11024.35,10984.308677220588,10984.308677220588,40.04,TRAIL_SL
short,2019-09-13 10:15:00+05:30,2019-09-13 10:45:00+05:30,10968.35,10980.251861271763,10980.251861271763,-11.9,STOP_LOSS
short,2019-09-16 13:45:00+05:30,2019-09-16 13:50:00+05:30,10990.05,10998.360230739114,10998.360230739114,-8.31,STOP_LOSS
short,2019-09-17 11:00:00+05:30,2019-09-17 13:40:00+05:30,10933.4,10867.27183629247,10867.27183629247,66.13,TRAIL_SL
short,2019-09-17 14:35:00+05:30,2019-09-17 15:15:00+05:30,10835.6,10815.05,10846.630387062887,20.55,EOD_EXIT
short,2019-09-19 11:10:00+05:30,2019-09-19 11:20:00+05:30,10747.1,10755.277268145155,10755.277268145155,-8.18,STOP_LOSS
short,2019-09-19 13:30:00+05:30,2019-09-19 15:15:00+05:30,10718.4,10709.45,10726.23746662432,8.95,EOD_EXIT
long,2019-09-20 12:35:00+05:30,2019-09-20 14:25:00+05:30,11218.9,11355.75068416497,11355.75068416497,136.85,TRAIL_SL
long,2019-09-23 10:20:00+05:30,2019-09-23 11:45:00+05:30,11499.75,11621.080447496464,11621.080447496464,121.33,TRAIL_SL
long,2019-09-23 12:10:00+05:30,2019-09-23 13:20:00+05:30,11636.55,11611.160730078926,11611.160730078926,-25.39,STOP_LOSS
long,2019-09-24 14:55:00+05:30,2019-09-24 15:15:00+05:30,11596.15,11584.15,11572.955085181196,-12.0,EOD_EXIT
short,2019-09-25 09:55:00+05:30,2019-09-25 10:45:00+05:30,11519.25,11476.607779697752,11476.607779697752,42.64,TRAIL_SL
short,2019-09-25 10:55:00+05:30,2019-09-25 12:35:00+05:30,11487.1,11497.464458728095,11497.464458728095,-10.36,STOP_LOSS
short,2019-09-25 14:00:00+05:30,2019-09-25 15:15:00+05:30,11451.8,11446.45,11462.820531897356,5.35,EOD_EXIT
long,2019-09-26 10:45:00+05:30,2019-09-26 12:05:00+05:30,11570.7,11547.740760997189,11547.740760997189,-22.96,STOP_LOSS
short,2019-09-27 10:30:00+05:30,2019-09-27 13:35:00+05:30,11540.15,11553.88349883616,11553.88349883616,-13.73,STOP_LOSS
short,2019-09-30 10:45:00+05:30,2019-09-30 11:40:00+05:30,11427.8,11437.039888544366,11437.039888544366,-9.24,STOP_LOSS
short,2019-10-01 14:25:00+05:30,2019-10-01 14:50:00+05:30,11318.55,11342.794884253477,11342.794884253477,-24.24,STOP_LOSS
short,2019-10-03 10:10:00+05:30,2019-10-03 11:10:00+05:30,11311.9,11331.044584495907,11331.044584495907,-19.14,STOP_LOSS
short,2019-10-03 13:40:00+05:30,2019-10-03 13:55:00+05:30,11305.65,11319.812530189538,11319.812530189538,-14.16,STOP_LOSS
short,2019-10-04 13:20:00+05:30,2019-10-04 14:00:00+05:30,11266.3,11215.31778224364,11215.31778224364,50.98,TRAIL_SL
short,2019-10-04 14:05:00+05:30,2019-10-07 09:25:00+05:30,11222.6,11139.226316965593,11139.226316965593,83.37,TRAIL_SL
short,2019-10-07 14:15:00+05:30,2019-10-09 09:20:00+05:30,11187.25,11127.687504196978,11127.687504196978,59.56,TRAIL_SL
short,2019-10-09 09:50:00+05:30,2019-10-09 11:30:00+05:30,11132.65,11146.039626889715,11146.039626889715,-13.39,STOP_LOSS
short,2019-10-10 12:15:00+05:30,2019-10-10 12:20:00+05:30,11238.1,11246.821641712288,11246.821641712288,-8.72,STOP_LOSS
short,2019-10-10 13:30:00+05:30,2019-10-10 13:55:00+05:30,11228.9,11239.519729192109,11239.519729192109,-10.62,STOP_LOSS
short,2019-10-11 11:30:00+05:30,2019-10-11 13:50:00+05:30,11258.6,11277.096352562046,11277.096352562046,-18.5,STOP_LOSS
long,2019-10-11 14:35:00+05:30,2019-10-11 15:15:00+05:30,11296.0,11304.35,11270.100637097896,8.35,EOD_EXIT
long,2019-10-14 10:00:00+05:30,2019-10-14 14:30:00+05:30,11333.7,11410.719123954183,11410.719123954183,77.02,TRAIL_SL
long,2019-10-14 14:40:00+05:30,2019-10-14 14:50:00+05:30,11403.2,11389.053270809074,11389.053270809074,-14.15,STOP_LOSS
long,2019-10-15 10:25:00+05:30,2019-10-15 14:35:00+05:30,11385.15,11449.506157522213,11449.506157522213,64.36,TRAIL_SL
long,2019-10-15 14:40:00+05:30,2019-10-15 15:10:00+05:30,11441.85,11425.572274415586,11425.572274415586,-16.28,STOP_LOSS
short,2019-10-16 13:45:00+05:30,2019-10-16 14:05:00+05:30,11427.2,11436.287985991585,11436.287985991585,-9.09,STOP_LOSS
long,2019-10-17 09:45:00+05:30,2019-10-17 14:00:00+05:30,11464.25,11541.229053132465,11541.229053132465,76.98,TRAIL_SL
long,2019-10-18 10:10:00+05:30,2019-10-18 14:20:00+05:30,11614.25,11673.954153721164,11673.954153721164,59.7,TRAIL_SL
short,2019-10-22 14:25:00+05:30,2019-10-22 15:15:00+05:30,11615.5,11586.35,11627.227387777695,29.15,EOD_EXIT
short,2019-10-23 09:55:00+05:30,2019-10-23 10:05:00+05:30,11576.2,11589.697150066175,11589.697150066175,-13.5,STOP_LOSS
long,2019-10-24 09:50:00+05:30,2019-10-24 10:00:00+05:30,11637.9,11618.467610038793,11618.467610038793,-19.43,STOP_LOSS
short,2019-10-24 11:30:00+05:30,2019-10-24 12:00:00+05:30,11580.6,11590.211501935748,11590.211501935748,-9.61,STOP_LOSS
short,2019-10-24 14:25:00+05:30,2019-10-24 14:35:00+05:30,11558.0,11569.380508858238,11569.380508858238,-11.38,STOP_LOSS
short,2019-10-25 13:40:00+05:30,2019-10-25 13:50:00+05:30,11519.25,11529.316867718811,11529.316867718811,-10.07,STOP_LOSS
short,2019-10-25 14:00:00+05:30,2019-10-25 14:10:00+05:30,11523.3,11533.310225855148,11533.310225855148,-10.01,STOP_LOSS
long,2019-10-29 11:45:00+05:30,2019-10-29 15:15:00+05:30,11748.2,11785.9,11735.30340604507,37.7,EOD_EXIT
long,2019-10-30 10:05:00+05:30,2019-10-30 15:15:00+05:30,11820.85,11848.2,11801.28415866093,27.35,EOD_EXIT
long,2019-10-31 10:25:00+05:30,2019-10-31 14:45:00+05:30,11903.1,11889.883758654149,11889.883758654149,-13.22,STOP_LOSS
short,2019-11-01 10:45:00+05:30,2019-11-01 11:05:00+05:30,11869.5,11880.843915863066,11880.843915863066,-11.34,STOP_LOSS
long,2019-11-01 14:45:00+05:30,2019-11-01 15:15:00+05:30,11893.3,11894.5,11876.296042808117,1.2,EOD_EXIT
long,2019-11-04 09:55:00+05:30,2019-11-04 11:50:00+05:30,11944.65,11927.775691675963,11927.775691675963,-16.87,STOP_LOSS
short,2019-11-05 12:25:00+05:30,2019-11-05 15:10:00+05:30,11908.85,11915.805744357176,11915.805744357176,-6.96,STOP_LOSS
short,2019-11-06 10:25:00+05:30,2019-11-06 11:20:00+05:30,11870.15,11877.906020710197,11877.906020710197,-7.76,STOP_LOSS
long,2019-11-06 12:35:00+05:30,2019-11-06 15:15:00+05:30,11952.5,11962.15,11937.557341942866,9.65,EOD_EXIT
long,2019-11-07 10:00:00+05:30,2019-11-07 10:15:00+05:30,11998.0,11979.809051148568,11979.809051148568,-18.19,STOP_LOSS
long,2019-11-07 13:45:00+05:30,2019-11-07 15:15:00+05:30,11993.35,12012.3,11980.708035901862,18.95,EOD_EXIT
short,2019-11-08 11:00:00+05:30,2019-11-08 12:00:00+05:30,11967.6,11974.890994594809,11974.890994594809,-7.29,STOP_LOSS
long,2019-11-08 13:25:00+05:30,2019-11-08 13:30:00+05:30,12014.65,12000.63045601607,12000.63045601607,-14.02,STOP_LOSS
short,2019-11-08 14:30:00+05:30,2019-11-08 15:25:00+05:30,11976.65,11904.697677723723,11904.697677723723,71.95,TRAIL_SL
short,2019-11-11 10:05:00+05:30,2019-11-11 15:05:00+05:30,11902.75,11914.394718332087,11914.394718332087,-11.64,STOP_LOSS
short,2019-11-14 10:00:00+05:30,2019-11-14 10:40:00+05:30,11819.45,11830.435013521903,11830.435013521903,-10.99,STOP_LOSS
long,2019-11-15 10:45:00+05:30,2019-11-15 11:00:00+05:30,11941.5,11919.554087114273,11919.554087114273,-21.95,STOP_LOSS
short,2019-11-18 10:25:00+05:30,2019-11-18 15:15:00+05:30,11896.9,11884.3,11906.743863157531,12.6,EOD_EXIT
long,2019-11-20 11:25:00+05:30,2019-11-20 13:25:00+05:30,12020.0,12011.031095712284,12011.031095712284,-8.97,STOP_LOSS
short,2019-11-21 11:20:00+05:30,2019-11-21 11:25:00+05:30,11974.3,11980.285903268295,11980.285903268295,-5.99,STOP_LOSS
short,2019-11-22 10:35:00+05:30,2019-11-22 10:55:00+05:30,11933.15,11941.002352943542,11941.002352943542,-7.85,STOP_LOSS
short,2019-11-26 14:50:00+05:30,2019-11-26 14:55:00+05:30,12048.65,12060.78731393605,12060.78731393605,-12.14,STOP_LOSS
long,2019-11-27 09:50:00+05:30,2019-11-27 12:15:00+05:30,12082.3,12063.893582886909,12063.893582886909,-18.41,STOP_LOSS
long,2019-11-28 09:45:00+05:30,2019-11-28 15:15:00+05:30,12108.7,12152.25,12098.085328718336,43.55,EOD_EXIT
short,2019-11-29 12:05:00+05:30,2019-11-29 12:45:00+05:30,12045.4,12052.699803996018,12052.699803996018,-7.3,STOP_LOSS
short,2019-12-02 10:55:00+05:30,2019-12-02 11:25:00+05:30,12053.65,12062.528334926532,12062.528334926532,-8.88,STOP_LOSS
short,2019-12-03 10:10:00+05:30,2019-12-03 13:05:00+05:30,12019.15,11969.616381216798,11969.616381216798,49.53,TRAIL_SL
short,2019-12-04 13:35:00+05:30,2019-12-04 13:45:00+05:30,11949.7,11958.84336467224,11958.84336467224,-9.14,STOP_LOSS
long,2019-12-05 09:50:00+05:30,2019-12-05 11:45:00+05:30,12053.3,12037.09381446275,12037.09381446275,-16.21,STOP_LOSS
long,2019-12-05 13:50:00+05:30,2019-12-05 14:05:00+05:30,12061.55,12048.772093159725,12048.772093159725,-12.78,STOP_LOSS
short,2019-12-06 11:55:00+05:30,2019-12-06 12:25:00+05:30,11977.25,11985.895557213127,11985.895557213127,-8.65,STOP_LOSS
short,2019-12-10 10:40:00+05:30,2019-12-10 14:35:00+05:30,11916.3,11856.303780761156,11856.303780761156,60.0,TRAIL_SL
short,2019-12-10 14:40:00+05:30,2019-12-10 15:15:00+05:30,11864.75,11857.6,11871.81366082575,7.15,EOD_EXIT
long,2019-12-12 10:10:00+05:30,2019-12-12 15:15:00+05:30,11954.3,11978.95,11941.710624568354,24.65,EOD_EXIT
long,2019-12-13 10:45:00+05:30,2019-12-13 11:25:00+05:30,12054.65,12042.780262994142,12042.780262994142,-11.87,STOP_LOSS
long,2019-12-13 13:55:00+05:30,2019-12-13 15:15:00+05:30,12075.45,12079.85,12066.351965850712,4.4,EOD_EXIT
long,2019-12-17 10:35:00+05:30,2019-12-17 15:15:00+05:30,12125.95,12167.75,12115.215069526825,41.8,EOD_EXIT
long,2019-12-18 10:10:00+05:30,2019-12-18 15:15:00+05:30,12182.55,12218.2,12169.602394015035,35.65,EOD_EXIT
long,2019-12-20 09:55:00+05:30,2019-12-20 10:30:00+05:30,12280.85,12268.525287510804,12268.525287510804,-12.32,STOP_LOSS
short,2019-12-23 14:00:00+05:30,2019-12-23 15:00:00+05:30,12246.25,12251.809296223038,12251.809296223038,-5.56,STOP_LOSS
short,2019-12-26 09:50:00+05:30,2019-12-26 14:30:00+05:30,12212.7,12165.369317148125,12165.369317148125,47.33,TRAIL_SL
long,2019-12-27 13:50:00+05:30,2019-12-27 14:05:00+05:30,12225.2,12217.891934264393,12217.891934264393,-7.31,STOP_LOSS
long,2019-12-30 10:05:00+05:30,2019-12-30 11:15:00+05:30,12269.95,12258.598541557076,12258.598541557076,-11.35,STOP_LOSS
short,2019-12-31 11:15:00+05:30,2019-12-31 11:40:00+05:30,12206.5,12211.731894150045,12211.731894150045,-5.23,STOP_LOSS
short,2020-01-01 11:05:00+05:30,2020-01-01 13:50:00+05:30,12184.9,12191.084057216709,12191.084057216709,-6.18,STOP_LOSS
long,2020-01-02 10:55:00+05:30,2020-01-02 15:15:00+05:30,12229.3,12286.7,12222.172158387431,57.4,EOD_EXIT
short,2020-01-06 10:40:00+05:30,2020-01-06 12:15:00+05:30,12091.05,12024.745634318244,12024.745634318244,66.3,TRAIL_SL
short,2020-01-06 12:30:00+05:30,2020-01-06 14:25:00+05:30,12032.65,11987.240422812094,11987.240422812094,45.41,TRAIL_SL
short,2020-01-06 14:45:00+05:30,2020-01-06 14:50:00+05:30,11989.25,11997.060977427442,11997.060977427442,-7.81,STOP_LOSS
short,2020-01-07 14:00:00+05:30,2020-01-07 14:30:00+05:30,12035.85,12046.20373189376,12046.20373189376,-10.35,STOP_LOSS
short,2020-01-08 10:05:00+05:30,2020-01-08 14:50:00+05:30,11999.95,12016.649392597321,12016.649392597321,-16.7,STOP_LOSS
long,2020-01-09 11:05:00+05:30,2020-01-09 15:15:00+05:30,12176.25,12215.4,12166.162673060733,39.15,EOD_EXIT
long,2020-01-10 10:50:00+05:30,2020-01-10 13:40:00+05:30,12274.65,12264.528143131856,12264.528143131856,-10.12,STOP_LOSS
short,2020-01-10 14:55:00+05:30,2020-01-10 15:00:00+05:30,12234.6,12245.090190002287,12245.090190002287,-10.49,STOP_LOSS
long,2020-01-13 09:50:00+05:30,2020-01-13 15:15:00+05:30,12306.6,12330.05,12289.329093530261,23.45,EOD_EXIT
long,2020-01-16 10:05:00+05:30,2020-01-16 10:20:00+05:30,12375.45,12365.195022201819,12365.195022201819,-10.25,STOP_LOSS
long,2020-01-16 14:20:00+05:30,2020-01-16 15:15:00+05:30,12360.05,12354.25,12351.464522945596,-5.8,EOD_EXIT
short,2020-01-20 10:45:00+05:30,2020-01-20 13:15:00+05:30,12301.0,12252.658489130568,12252.658489130568,48.34,TRAIL_SL
short,2020-01-20 13:25:00+05:30,2020-01-20 15:15:00+05:30,12264.5,12228.6,12272.114181711058,35.9,EOD_EXIT
short,2020-01-21 09:45:00+05:30,2020-01-21 15:15:00+05:30,12214.6,12169.05,12228.187892378453,45.55,EOD_EXIT
short,2020-01-22 10:50:00+05:30,2020-01-22 14:10:00+05:30,12150.55,12104.856213935504,12104.856213935504,45.69,TRAIL_SL
long,2020-01-24 11:05:00+05:30,2020-01-24 15:15:00+05:30,12230.75,12248.35,12220.073178714296,17.6,EOD_EXIT
short,2020-01-27 13:30:00+05:30,2020-01-27 14:50:00+05:30,12183.55,12135.29199236751,12135.29199236751,48.26,TRAIL_SL
short,2020-01-28 10:35:00+05:30,2020-01-28 12:05:00+05:30,12119.2,12129.415069710572,12129.415069710572,-10.22,STOP_LOSS
short,2020-01-30 10:50:00+05:30,2020-01-30 14:15:00+05:30,12062.35,12018.62691839504,12018.62691839504,43.72,TRAIL_SL
short,2020-01-30 14:25:00+05:30,2020-01-30 14:35:00+05:30,12021.6,12028.609596190336,12028.609596190336,-7.01,STOP_LOSS
short,2020-02-01 14:20:00+05:30,2020-02-03 09:15:00+05:30,11818.95,11659.661270797158,11659.661270797158,159.29,TRAIL_SL
short,2020-02-03 12:00:00+05:30,2020-02-03 12:45:00+05:30,11686.65,11702.866131147797,11702.866131147797,-16.22,STOP_LOSS
long,2020-02-04 11:55:00+05:30,2020-02-04 15:15:00+05:30,11930.95,11976.25,11916.39800774629,45.3,EOD_EXIT
long,2020-02-05 09:50:00+05:30,2020-02-05 12:05:00+05:30,12010.05,11990.278722747234,11990.278722747234,-19.77,STOP_LOSS
long,2020-02-06 10:30:00+05:30,2020-02-06 10:55:00+05:30,12117.6,12103.348554341881,12103.348554341881,-14.25,STOP_LOSS
long,2020-02-06 13:00:00+05:30,2020-02-06 13:50:00+05:30,12148.8,12135.945032280573,12135.945032280573,-12.85,STOP_LOSS
short,2020-02-07 11:15:00+05:30,2020-02-07 12:45:00+05:30,12105.95,12112.86138782676,12112.86138782676,-6.91,STOP_LOSS
short,2020-02-10 10:50:00+05:30,2020-02-10 11:45:00+05:30,12009.35,12017.38440405193,12017.38440405193,-8.03,STOP_LOSS
long,2020-02-11 10:25:00+05:30,2020-02-11 11:25:00+05:30,12150.75,12137.820975883493,12137.820975883493,-12.93,STOP_LOSS
long,2020-02-12 10:40:00+05:30,2020-02-12 10:55:00+05:30,12217.05,12206.48686021779,12206.48686021779,-10.56,STOP_LOSS
long,2020-02-12 11:10:00+05:30,2020-02-12 11:55:00+05:30,12209.45,12200.400526580497,12200.400526580497,-9.05,STOP_LOSS
short,2020-02-13 10:50:00+05:30,2020-02-13 11:05:00+05:30,12159.85,12164.953154884244,12164.953154884244,-5.1,STOP_LOSS
long,2020-02-14 09:45:00+05:30,2020-02-14 10:00:00+05:30,12215.55,12199.461572890832,12199.461572890832,-16.09,STOP_LOSS
long,2020-02-14 10:20:00+05:30,2020-02-14 10:40:00+05:30,12207.55,12193.869787220321,12193.869787220321,-13.68,STOP_LOSS
short,2020-02-14 14:55:00+05:30,2020-02-14 15:15:00+05:30,12117.0,12106.7,12125.539947576775,10.3,EOD_EXIT
short,2020-02-17 10:40:00+05:30,2020-02-17 10:45:00+05:30,12098.55,12109.998847109166,12109.998847109166,-11.45,STOP_LOSS
short,2020-02-17 14:25:00+05:30,2020-02-17 14:55:00+05:30,12054.25,12060.951748930345,12060.951748930345,-6.7,STOP_LOSS
short,2020-02-18 11:40:00+05:30,2020-02-18 14:20:00+05:30,11936.65,11942.29939467131,11942.29939467131,-5.65,STOP_LOSS
long,2020-02-19 11:25:00+05:30,2020-02-19 15:15:00+05:30,12070.85,12126.35,12059.351614102048,55.5,EOD_EXIT
short,2020-02-24 11:10:00+05:30,2020-02-24 11:40:00+05:30,11953.2,11960.378021859375,11960.378021859375,-7.18,STOP_LOSS
short,2020-02-25 09:55:00+05:30,2020-02-25 10:00:00+05:30,11837.3,11853.90510347897,11853.90510347897,-16.61,STOP_LOSS
short,2020-02-25 10:20:00+05:30,2020-02-25 12:15:00+05:30,11843.6,11857.956821973357,11857.956821973357,-14.36,STOP_LOSS
short,2020-02-25 14:40:00+05:30,2020-02-25 15:15:00+05:30,11809.45,11798.0,11820.958047935144,11.45,EOD_EXIT
short,2020-02-26 14:55:00+05:30,2020-02-26 15:15:00+05:30,11688.55,11684.25,11702.240497714169,4.3,EOD_EXIT
short,2020-02-27 10:50:00+05:30,2020-02-27 11:15:00+05:30,11557.05,11567.425971619074,11567.425971619074,-10.38,STOP_LOSS
short,2020-02-28 10:40:00+05:30,2020-02-28 12:25:00+05:30,11306.6,11259.84923961868,11259.84923961868,46.75,TRAIL_SL
short,2020-02-28 14:30:00+05:30,2020-02-28 15:10:00+05:30,11273.8,11193.643667679313,11193.643667679313,80.16,TRAIL_SL
short,2020-03-03 11:15:00+05:30,2020-03-03 11:45:00+05:30,11210.5,11174.5105789263,11174.5105789263,35.99,TRAIL_SL
short,2020-03-03 12:00:00+05:30,2020-03-03 12:15:00+05:30,11185.65,11203.558288397171,11203.558288397171,-17.91,STOP_LOSS
short,2020-03-04 11:20:00+05:30,2020-03-04 12:20:00+05:30,11253.55,11266.813197656087,11266.813197656087,-13.26,STOP_LOSS
long,2020-03-05 11:15:00+05:30,2020-03-05 13:45:00+05:30,11336.45,11312.68352178833,11312.68352178833,-23.77,STOP_LOSS
short,2020-03-05 14:40:00+05:30,2020-03-05 15:15:00+05:30,11300.45,11264.05,11318.605619670207,36.4,EOD_EXIT
short,2020-03-06 11:30:00+05:30,2020-03-06 11:55:00+05:30,10900.55,10915.768909890145,10915.768909890145,-15.22,STOP_LOSS
short,2020-03-06 12:20:00+05:30,2020-03-06 12:30:00+05:30,10910.55,10922.042037699062,10922.042037699062,-11.49,STOP_LOSS
short,2020-03-09 12:05:00+05:30,2020-03-09 13:30:00+05:30,10546.7,10332.697545050763,10332.697545050763,214.0,TRAIL_SL
short,2020-03-09 13:45:00+05:30,2020-03-09 14:00:00+05:30,10369.15,10397.589188992466,10397.589188992466,-28.44,STOP_LOSS
short,2020-03-11 10:45:00+05:30,2020-03-11 11:00:00+05:30,10401.75,10424.759517651226,10424.759517651226,-23.01,STOP_LOSS
short,2020-03-11 11:15:00+05:30,2020-03-11 11:40:00+05:30,10411.55,10431.28375227958,10431.28375227958,-19.73,STOP_LOSS
short,2020-03-12 11:30:00+05:30,2020-03-12 12:00:00+05:30,9750.8,9717.42611134504,9717.42611134504,33.37,TRAIL_SL
short,2020-03-12 12:00:00+05:30,2020-03-12 12:15:00+05:30,9724.4,9751.52344212656,9751.52344212656,-27.12,STOP_LOSS
short,2020-03-12 13:30:00+05:30,2020-03-12 13:35:00+05:30,9767.75,9788.778277572117,9788.778277572117,-21.03,STOP_LOSS
short,2020-03-16 09:55:00+05:30,2020-03-16 10:20:00+05:30,9522.65,9521.65,9521.65,1.0,TRAIL_SL
short,2020-03-16 10:30:00+05:30,2020-03-16 10:50:00+05:30,9518.15,9564.535164639607,9564.535164639607,-46.39,STOP_LOSS
short,2020-03-16 11:00:00+05:30,2020-03-16 12:35:00+05:30,9539.75,9397.466384947418,9397.466384947418,142.28,TRAIL_SL
short,2020-03-17 11:50:00+05:30,2020-03-17 12:30:00+05:30,9274.45,9305.637636103871,9305.637636103871,-31.19,STOP_LOSS
short,2020-03-18 12:15:00+05:30,2020-03-18 13:05:00+05:30,8716.2,8585.609581726418,8585.609581726418,130.59,TRAIL_SL
short,2020-03-18 13:45:00+05:30,2020-03-18 14:15:00+05:30,8619.05,8560.334463811858,8560.334463811858,58.72,TRAIL_SL
short,2020-03-18 14:15:00+05:30,2020-03-18 14:20:00+05:30,8584.3,8618.800669129512,8618.800669129512,-34.5,STOP_LOSS
short,2020-03-19 10:30:00+05:30,2020-03-19 10:55:00+05:30,7991.25,8036.1570791861795,8036.1570791861795,-44.91,STOP_LOSS
short,2020-03-23 10:45:00+05:30,2020-03-23 11:00:00+05:30,7933.3,7884.049081434441,7884.049081434441,49.25,TRAIL_SL
short,2020-03-23 11:00:00+05:30,2020-03-23 11:35:00+05:30,7914.25,7768.463891000207,7768.463891000207,145.79,TRAIL_SL
short,2020-03-23 11:35:00+05:30,2020-03-23 12:30:00+05:30,7797.05,7726.5300201727805,7726.5300201727805,70.52,TRAIL_SL
short,2020-03-24 10:30:00+05:30,2020-03-24 10:35:00+05:30,7614.8,7666.950526268925,7666.950526268925,-52.15,STOP_LOSS
short,2020-03-25 10:10:00+05:30,2020-03-25 10:25:00+05:30,7791.85,7836.71470539897,7836.71470539897,-44.86,STOP_LOSS
short,2020-03-25 11:00:00+05:30,2020-03-25 11:25:00+05:30,7801.9,7835.365624509296,7835.365624509296,-33.47,STOP_LOSS
long,2020-03-26 13:00:00+05:30,2020-03-26 13:20:00+05:30,8694.65,8648.473433841957,8648.473433841957,-46.18,STOP_LOSS
long,2020-03-27 10:00:00+05:30,2020-03-27 10:10:00+05:30,8928.35,8954.231279776453,8954.231279776453,25.88,TRAIL_SL
long,2020-03-27 10:20:00+05:30,2020-03-27 10:40:00+05:30,8896.95,8787.23179061859,8787.23179061859,-109.72,STOP_LOSS
short,2020-03-27 13:30:00+05:30,2020-03-27 13:35:00+05:30,8584.1,8617.775939763158,8617.775939763158,-33.68,STOP_LOSS
short,2020-03-30 09:50:00+05:30,2020-03-30 10:20:00+05:30,8514.35,8506.169886725638,8506.169886725638,8.18,TRAIL_SL
short,2020-03-30 14:00:00+05:30,2020-03-30 14:50:00+05:30,8387.0,8274.496099569516,8274.496099569516,112.5,TRAIL_SL
long,2020-03-31 13:00:00+05:30,2020-03-31 14:10:00+05:30,8571.25,8606.471729783098,8606.471729783098,35.22,TRAIL_SL
long,2020-03-31 14:15:00+05:30,2020-03-31 14:35:00+05:30,8598.25,8644.078497023878,8644.078497023878,45.83,TRAIL_SL
long,2020-03-31 14:55:00+05:30,2020-03-31 15:05:00+05:30,8635.65,8602.61716690828,8602.61716690828,-33.03,STOP_LOSS
short,2020-04-01 11:25:00+05:30,2020-04-01 13:40:00+05:30,8309.35,8251.752541509384,8251.752541509384,57.6,TRAIL_SL
short,2020-04-01 14:20:00+05:30,2020-04-01 14:55:00+05:30,8234.7,8249.890846090917,8249.890846090917,-15.19,STOP_LOSS
short,2020-04-03 09:50:00+05:30,2020-04-03 10:10:00+05:30,8185.15,8164.391415404374,8164.391415404374,20.76,TRAIL_SL
short,2020-04-03 10:15:00+05:30,2020-04-03 11:00:00+05:30,8167.0,8113.190311044136,8113.190311044136,53.81,TRAIL_SL
short,2020-04-03 11:10:00+05:30,2020-04-03 11:15:00+05:30,8127.5,8146.024386431099,8146.024386431099,-18.52,STOP_LOSS
long,2020-04-08 10:55:00+05:30,2020-04-08 11:35:00+05:30,9016.0,8948.057258360224,8948.057258360224,-67.94,STOP_LOSS
short,2020-04-08 14:20:00+05:30,2020-04-08 15:15:00+05:30,8753.3,8754.6,8782.385529647747,-1.3,EOD_EXIT
long,2020-04-09 10:35:00+05:30,2020-04-09 10:45:00+05:30,8989.9,8951.057009186736,8951.057009186736,-38.84,STOP_LOSS
long,2020-04-09 12:00:00+05:30,2020-04-09 13:10:00+05:30,9016.3,9093.651450770962,9093.651450770962,77.35,TRAIL_SL
short,2020-04-13 10:05:00+05:30,2020-04-13 10:40:00+05:30,8961.9,8987.598836046005,8987.598836046005,-25.7,STOP_LOSS
long,2020-04-13 11:55:00+05:30,2020-04-13 13:10:00+05:30,9044.35,9004.542570032505,9004.542570032505,-39.81,STOP_LOSS
short,2020-04-13 13:45:00+05:30,2020-04-13 14:40:00+05:30,8984.3,9002.234391429598,9002.234391429598,-17.93,STOP_LOSS
long,2020-04-15 10:50:00+05:30,2020-04-15 11:45:00+05:30,9236.4,9208.84689814509,9208.84689814509,-27.55,STOP_LOSS
short,2020-04-16 09:45:00+05:30,2020-04-16 10:20:00+05:30,8900.25,8932.769321186577,8932.769321186577,-32.52,STOP_LOSS
long,2020-04-17 10:15:00+05:30,2020-04-17 10:25:00+05:30,9246.05,9201.463166150257,9201.463166150257,-44.59,STOP_LOSS
long,2020-04-20 09:45:00+05:30,2020-04-20 11:05:00+05:30,9280.0,9320.179173615046,9320.179173615046,40.18,TRAIL_SL
long,2020-04-20 11:05:00+05:30,2020-04-20 11:20:00+05:30,9311.7,9286.17723426608,9286.17723426608,-25.52,STOP_LOSS
short,2020-04-21 10:30:00+05:30,2020-04-21 13:10:00+05:30,9023.45,8933.348667526729,8933.348667526729,90.1,TRAIL_SL
short,2020-04-21 13:10:00+05:30,2020-04-21 14:15:00+05:30,8944.45,8958.793763909713,8958.793763909713,-14.34,STOP_LOSS
long,2020-04-22 13:15:00+05:30,2020-04-22 13:35:00+05:30,9137.95,9115.258023898981,9115.258023898981,-22.69,STOP_LOSS
long,2020-04-23 11:15:00+05:30,2020-04-23 12:20:00+05:30,9270.45,9314.793785658132,9314.793785658132,44.34,TRAIL_SL
long,2020-04-23 12:20:00+05:30,2020-04-23 13:05:00+05:30,9309.45,9292.423228474096,9292.423228474096,-17.03,STOP_LOSS
long,2020-04-23 14:25:00+05:30,2020-04-23 15:15:00+05:30,9303.1,9309.45,9279.058163709193,6.35,EOD_EXIT
short,2020-04-24 09:55:00+05:30,2020-04-24 10:45:00+05:30,9213.5,9178.477039089843,9178.477039089843,35.02,TRAIL_SL
short,2020-04-24 11:05:00+05:30,2020-04-24 11:20:00+05:30,9179.25,9192.98510534121,9192.98510534121,-13.74,STOP_LOSS
long,2020-04-24 12:55:00+05:30,2020-04-24 13:50:00+05:30,9257.15,9229.290016456795,9229.290016456795,-27.86,STOP_LOSS
long,2020-04-27 11:05:00+05:30,2020-04-27 13:45:00+05:30,9350.25,9326.459454922599,9326.459454922599,-23.79,STOP_LOSS
long,2020-04-28 13:40:00+05:30,2020-04-29 10:30:00+05:30,9337.3,9465.959886010161,9465.959886010161,128.66,TRAIL_SL
long,2020-04-29 10:30:00+05:30,2020-04-29 13:15:00+05:30,9462.15,9504.489329396341,9504.489329396341,42.34,TRAIL_SL
long,2020-04-30 10:45:00+05:30,2020-04-30 12:30:00+05:30,9831.3,9873.733534542042,9873.733534542042,42.43,TRAIL_SL
short,2020-05-04 10:40:00+05:30,2020-05-04 11:35:00+05:30,9394.9,9361.382755567778,9361.382755567778,33.52,TRAIL_SL
short,2020-05-04 11:50:00+05:30,2020-05-04 12:05:00+05:30,9369.0,9381.975402265958,9381.975402265958,-12.98,STOP_LOSS
short,2020-05-04 12:20:00+05:30,2020-05-04 13:55:00+05:30,9376.45,9341.558816319826,9341.558816319826,34.89,TRAIL_SL
short,2020-05-05 12:25:00+05:30,2020-05-05 13:00:00+05:30,9334.95,9349.239138939785,9349.239138939785,-14.29,STOP_LOSS
short,2020-05-06 13:30:00+05:30,2020-05-06 13:35:00+05:30,9289.2,9303.930243817014,9303.930243817014,-14.73,STOP_LOSS
short,2020-05-07 09:45:00+05:30,2020-05-07 10:50:00+05:30,9240.95,9210.26053454481,9210.26053454481,30.69,TRAIL_SL
short,2020-05-07 11:10:00+05:30,2020-05-07 11:30:00+05:30,9213.65,9227.098284791846,9227.098284791846,-13.45,STOP_LOSS
short,2020-05-07 13:55:00+05:30,2020-05-07 15:15:00+05:30,9206.35,9195.0,9219.870354596218,11.35,EOD_EXIT
long,2020-05-08 10:45:00+05:30,2020-05-08 13:50:00+05:30,9329.5,9307.826624821513,9307.826624821513,-21.67,STOP_LOSS
long,2020-05-11 10:05:00+05:30,2020-05-11 10:40:00+05:30,9391.5,9365.329296933769,9365.329296933769,-26.17,STOP_LOSS
short,2020-05-12 10:10:00+05:30,2020-05-12 12:05:00+05:30,9095.3,9063.140586165455,9063.140586165455,32.16,TRAIL_SL
long,2020-05-13 10:15:00+05:30,2020-05-13 10:45:00+05:30,9377.1,9409.802983949136,9409.802983949136,32.7,TRAIL_SL
long,2020-05-13 10:45:00+05:30,2020-05-13 13:00:00+05:30,9399.35,9367.885149221367,9367.885149221367,-31.46,STOP_LOSS
short,2020-05-14 10:40:00+05:30,2020-05-14 13:50:00+05:30,9229.25,9189.627770308804,9189.627770308804,39.62,TRAIL_SL
short,2020-05-14 14:35:00+05:30,2020-05-14 15:15:00+05:30,9151.65,9139.95,9165.174514094024,11.7,EOD_EXIT
short,2020-05-15 10:15:00+05:30,2020-05-15 11:30:00+05:30,9093.2,9063.75464620622,9063.75464620622,29.45,TRAIL_SL
short,2020-05-15 11:35:00+05:30,2020-05-15 12:25:00+05:30,9068.95,9080.814028938064,9080.814028938064,-11.86,STOP_LOSS
short,2020-05-18 11:30:00+05:30,2020-05-18 11:50:00+05:30,8857.8,8874.39452313908,8874.39452313908,-16.59,STOP_LOSS
short,2020-05-18 12:10:00+05:30,2020-05-18 12:30:00+05:30,8868.9,8882.225911180396,8882.225911180396,-13.33,STOP_LOSS
short,2020-05-19 14:15:00+05:30,2020-05-19 15:15:00+05:30,8903.3,8889.2,8921.63612142936,14.1,EOD_EXIT
long,2020-05-21 09:55:00+05:30,2020-05-21 13:25:00+05:30,9105.1,9162.777520868562,9162.777520868562,57.68,TRAIL_SL
long,2020-05-21 13:40:00+05:30,2020-05-21 14:00:00+05:30,9156.6,9139.692017126994,9139.692017126994,-16.91,STOP_LOSS
short,2020-05-22 11:10:00+05:30,2020-05-22 11:35:00+05:30,9010.0,9029.064595628332,9029.064595628332,-19.06,STOP_LOSS
short,2020-05-22 11:45:00+05:30,2020-05-22 14:10:00+05:30,9020.4,9036.683840058426,9036.683840058426,-16.28,STOP_LOSS
long,2020-05-26 10:00:00+05:30,2020-05-26 11:15:00+05:30,9125.6,9101.669488313406,9101.669488313406,-23.93,STOP_LOSS
short,2020-05-26 14:20:00+05:30,2020-05-26 14:45:00+05:30,9029.0,9042.550199811503,9042.550199811503,-13.55,STOP_LOSS
short,2020-05-27 09:50:00+05:30,2020-05-27 10:15:00+05:30,9027.65,9042.264643298508,9042.264643298508,-14.61,STOP_LOSS
long,2020-05-27 11:15:00+05:30,2020-05-27 12:45:00+05:30,9089.2,9139.855156417743,9139.855156417743,50.66,TRAIL_SL
long,2020-05-27 14:35:00+05:30,2020-05-28 11:15:00+05:30,9261.55,9463.401797935685,9463.401797935685,201.85,TRAIL_SL
long,2020-05-28 11:50:00+05:30,2020-05-28 11:55:00+05:30,9465.9,9450.050268015868,9450.050268015868,-15.85,STOP_LOSS
long,2020-05-29 11:35:00+05:30,2020-05-29 11:45:00+05:30,9503.35,9482.943666679927,9482.943666679927,-20.41,STOP_LOSS
long,2020-05-29 14:30:00+05:30,2020-05-29 15:15:00+05:30,9524.95,9580.737352723774,9580.737352723774,55.79,TRAIL_SL
long,2020-06-01 11:10:00+05:30,2020-06-01 12:25:00+05:30,9848.65,9905.23529023755,9905.23529023755,56.59,TRAIL_SL
long,2020-06-01 12:25:00+05:30,2020-06-01 13:35:00+05:30,9892.9,9872.065169745085,9872.065169745085,-20.83,STOP_LOSS
long,2020-06-02 10:00:00+05:30,2020-06-02 10:10:00+05:30,9901.15,9874.600334751658,9874.600334751658,-26.55,STOP_LOSS
long,2020-06-02 11:15:00+05:30,2020-06-02 13:15:00+05:30,9892.05,9954.01109876841,9954.01109876841,61.96,TRAIL_SL
long,2020-06-02 13:15:00+05:30,2020-06-02 15:15:00+05:30,9947.15,9977.85,9928.706227552115,30.7,EOD_EXIT
long,2020-06-03 09:50:00+05:30,2020-06-03 12:10:00+05:30,10083.6,10129.205038889138,10129.205038889138,45.61,TRAIL_SL
long,2020-06-03 12:15:00+05:30,2020-06-03 13:00:00+05:30,10122.1,10108.483770694822,10108.483770694822,-13.62,STOP_LOSS
short,2020-06-04 10:00:00+05:30,2020-06-04 10:20:00+05:30,10055.5,10074.953223401859,10074.953223401859,-19.45,STOP_LOSS
short,2020-06-04 12:40:00+05:30,2020-06-04 13:25:00+05:30,9976.3,9990.89466422757,9990.89466422757,-14.59,STOP_LOSS
long,2020-06-05 09:45:00+05:30,2020-06-05 10:25:00+05:30,10099.3,10067.201856641097,10067.201856641097,-32.1,STOP_LOSS
long,2020-06-05 12:25:00+05:30,2020-06-05 14:20:00+05:30,10101.35,10157.456551117348,10157.456551117348,56.11,TRAIL_SL
long,2020-06-05 14:30:00+05:30,2020-06-05 15:15:00+05:30,10145.9,10139.0,10122.752926106554,-6.9,EOD_EXIT
long,2020-06-08 09:50:00+05:30,2020-06-08 12:30:00+05:30,10278.75,10245.989439731185,10245.989439731185,-32.76,STOP_LOSS
short,2020-06-08 13:35:00+05:30,2020-06-08 13:45:00+05:30,10190.5,10208.830675716606,10208.830675716606,-18.33,STOP_LOSS
short,2020-06-08 14:35:00+05:30,2020-06-08 15:15:00+05:30,10172.25,10167.95,10191.964379318817,4.3,EOD_EXIT
long,2020-06-09 10:50:00+05:30,2020-06-09 12:50:00+05:30,10248.45,10225.912178379069,10225.912178379069,-22.54,STOP_LOSS
short,2020-06-10 09:50:00+05:30,2020-06-10 10:15:00+05:30,10069.3,10092.307690820759,10092.307690820759,-23.01,STOP_LOSS
short,2020-06-11 11:40:00+05:30,2020-06-11 12:45:00+05:30,10033.55,9993.964213235531,9993.964213235531,39.59,TRAIL_SL
short,2020-06-11 12:45:00+05:30,2020-06-11 13:00:00+05:30,10000.15,10012.85373100516,10012.85373100516,-12.7,STOP_LOSS
short,2020-06-12 10:25:00+05:30,2020-06-12 10:35:00+05:30,9695.45,9714.476751710308,9714.476751710308,-19.03,STOP_LOSS
short,2020-06-15 11:35:00+05:30,2020-06-15 12:30:00+05:30,9775.75,9744.450525933096,9744.450525933096,31.3,TRAIL_SL
short,2020-06-15 12:30:00+05:30,2020-06-15 12:45:00+05:30,9749.85,9762.283903094187,9762.283903094187,-12.43,STOP_LOSS
long,2020-06-16 10:05:00+05:30,2020-06-16 12:15:00+05:30,9974.65,9940.081777862883,9940.081777862883,-34.57,STOP_LOSS
short,2020-06-16 13:45:00+05:30,2020-06-16 13:50:00+05:30,9826.6,9858.794101104346,9858.794101104346,-32.19,STOP_LOSS
long,2020-06-17 10:15:00+05:30,2020-06-17 10:25:00+05:30,9927.65,9895.67133061658,9895.67133061658,-31.98,STOP_LOSS
short,2020-06-17 11:05:00+05:30,2020-06-17 11:15:00+05:30,9885.8,9904.511433731182,9904.511433731182,-18.71,STOP_LOSS
long,2020-06-17 12:50:00+05:30,2020-06-17 13:25:00+05:30,9937.75,9990.226979865269,9990.226979865269,52.48,TRAIL_SL
short,2020-06-18 09:45:00+05:30,2020-06-18 09:55:00+05:30,9880.55,9894.731678855302,9894.731678855302,-14.18,STOP_LOSS
long,2020-06-18 12:30:00+05:30,2020-06-18 13:55:00+05:30,9951.7,10016.64773293159,10016.64773293159,64.95,TRAIL_SL
long,2020-06-18 14:40:00+05:30,2020-06-18 15:15:00+05:30,10058.9,10101.05,10034.198216608078,42.15,EOD_EXIT
long,2020-06-19 09:45:00+05:30,2020-06-19 12:10:00+05:30,10103.45,10196.822786906157,10196.822786906157,93.37,TRAIL_SL
long,2020-06-19 12:45:00+05:30,2020-06-19 13:00:00+05:30,10194.4,10174.601542180017,10174.601542180017,-19.8,STOP_LOSS
long,2020-06-19 13:40:00+05:30,2020-06-19 14:05:00+05:30,10195.75,10169.185514892326,10169.185514892326,-26.56,STOP_LOSS
long,2020-06-22 09:50:00+05:30,2020-06-22 10:35:00+05:30,10340.65,10309.650221231288,10309.650221231288,-31.0,STOP_LOSS
long,2020-06-22 13:10:00+05:30,2020-06-22 15:00:00+05:30,10337.8,10318.91303509114,10318.91303509114,-18.89,STOP_LOSS
long,2020-06-23 10:45:00+05:30,2020-06-23 13:05:00+05:30,10366.7,10415.469279991956,10415.469279991956,48.77,TRAIL_SL
long,2020-06-23 13:35:00+05:30,2020-06-23 13:50:00+05:30,10419.8,10404.653259203984,10404.653259203984,-15.15,STOP_LOSS
long,2020-06-24 10:30:00+05:30,2020-06-24 10:40:00+05:30,10536.3,10520.585415816857,10520.585415816857,-15.71,STOP_LOSS
long,2020-06-24 12:55:00+05:30,2020-06-24 13:10:00+05:30,10514.3,10490.69625087829,10490.69625087829,-23.6,STOP_LOSS
short,2020-06-24 14:05:00+05:30,2020-06-24 15:25:00+05:30,10415.0,10317.616552045696,10317.616552045696,97.38,TRAIL_SL
short,2020-06-25 09:50:00+05:30,2020-06-25 10:25:00+05:30,10279.45,10302.085280163648,10302.085280163648,-22.64,STOP_LOSS
short,2020-06-25 13:25:00+05:30,2020-06-25 13:30:00+05:30,10239.5,10255.834898404866,10255.834898404866,-16.33,STOP_LOSS
short,2020-06-26 13:45:00+05:30,2020-06-26 14:05:00+05:30,10337.6,10351.663525033431,10351.663525033431,-14.06,STOP_LOSS
long,2020-06-26 14:40:00+05:30,2020-06-26 15:15:00+05:30,10356.35,10393.7,10332.569436253716,37.35,EOD_EXIT
short,2020-06-29 10:30:00+05:30,2020-06-29 10:40:00+05:30,10258.7,10274.166592339987,10274.166592339987,-15.47,STOP_LOSS
short,2020-06-29 11:00:00+05:30,2020-06-29 12:30:00+05:30,10259.9,10274.059591596682,10274.059591596682,-14.16,STOP_LOSS
long,2020-06-30 10:00:00+05:30,2020-06-30 11:40:00+05:30,10374.5,10352.552735175124,10352.552735175124,-21.95,STOP_LOSS
short,2020-06-30 14:50:00+05:30,2020-06-30 15:15:00+05:30,10312.4,10306.9,10328.196315537021,5.5,EOD_EXIT
long,2020-07-01 13:15:00+05:30,2020-07-01 15:15:00+05:30,10413.35,10420.0,10396.583146773299,6.65,EOD_EXIT
long,2020-07-02 10:35:00+05:30,2020-07-02 13:00:00+05:30,10513.75,10560.433409633024,10560.433409633024,46.68,TRAIL_SL
long,2020-07-02 13:00:00+05:30,2020-07-02 15:15:00+05:30,10555.55,10546.65,10539.161243363906,-8.9,EOD_EXIT
long,2020-07-03 09:50:00+05:30,2020-07-03 15:15:00+05:30,10586.55,10616.85,10561.90720783568,30.3,EOD_EXIT
long,2020-07-06 11:00:00+05:30,2020-07-06 13:25:00+05:30,10738.6,10800.26898747726,10800.26898747726,61.67,TRAIL_SL
short,2020-07-07 11:50:00+05:30,2020-07-07 12:10:00+05:30,10716.7,10727.194078125456,10727.194078125456,-10.49,STOP_LOSS
long,2020-07-07 13:35:00+05:30,2020-07-07 13:55:00+05:30,10768.45,10750.596850079712,10750.596850079712,-17.85,STOP_LOSS
long,2020-07-08 09:50:00+05:30,2020-07-08 10:05:00+05:30,10817.95,10796.731084878173,10796.731084878173,-21.22,STOP_LOSS
long,2020-07-09 14:00:00+05:30,2020-07-09 15:15:00+05:30,10793.25,10821.3,10777.426479396752,28.05,EOD_EXIT
short,2020-07-10 12:10:00+05:30,2020-07-10 12:55:00+05:30,10748.45,10756.996370041683,10756.996370041683,-8.55,STOP_LOSS
long,2020-07-13 10:10:00+05:30,2020-07-13 11:10:00+05:30,10857.45,10836.699793230304,10836.699793230304,-20.75,STOP_LOSS
short,2020-07-13 13:05:00+05:30,2020-07-13 14:05:00+05:30,10808.0,10771.10662679507,10771.10662679507,36.89,TRAIL_SL
short,2020-07-13 14:05:00+05:30,2020-07-13 14:40:00+05:30,10774.9,10787.097563651703,10787.097563651703,-12.2,STOP_LOSS
short,2020-07-14 10:00:00+05:30,2020-07-14 11:15:00+05:30,10724.35,10634.25900705328,10634.25900705328,90.09,TRAIL_SL
short,2020-07-14 11:15:00+05:30,2020-07-14 11:40:00+05:30,10650.45,10663.98206773336,10663.98206773336,-13.53,STOP_LOSS
short,2020-07-14 11:45:00+05:30,2020-07-14 13:15:00+05:30,10652.75,10578.475511057717,10578.475511057717,74.27,TRAIL_SL
long,2020-07-15 11:50:00+05:30,2020-07-15 12:00:00+05:30,10813.25,10798.456546729345,10798.456546729345,-14.79,STOP_LOSS
long,2020-07-17 10:05:00+05:30,2020-07-17 14:55:00+05:30,10793.05,10866.441100641943,10866.441100641943,73.39,TRAIL_SL
long,2020-07-20 11:05:00+05:30,2020-07-20 13:30:00+05:30,10982.55,10964.476663427475,10964.476663427475,-18.07,STOP_LOSS
long,2020-07-20 14:50:00+05:30,2020-07-20 15:15:00+05:30,11006.05,11027.55,10986.706203396858,21.5,EOD_EXIT
long,2020-07-21 10:10:00+05:30,2020-07-21 15:15:00+05:30,11125.45,11158.15,11105.620339034695,32.7,EOD_EXIT
long,2020-07-22 11:20:00+05:30,2020-07-22 13:05:00+05:30,11167.85,11152.303811872938,11152.303811872938,-15.55,STOP_LOSS
short,2020-07-22 13:50:00+05:30,2020-07-22 14:45:00+05:30,11117.8,11071.286848718335,11071.286848718335,46.51,TRAIL_SL
short,2020-07-22 14:55:00+05:30,2020-07-22 15:00:00+05:30,11091.3,11104.844920975622,11104.844920975622,-13.54,STOP_LOSS
long,2020-07-23 09:45:00+05:30,2020-07-23 12:25:00+05:30,11155.3,11210.253624587047,11210.253624587047,54.95,TRAIL_SL
long,2020-07-23 12:35:00+05:30,2020-07-23 13:00:00+05:30,11207.65,11195.059549109357,11195.059549109357,-12.59,STOP_LOSS
short,2020-07-24 09:55:00+05:30,2020-07-24 11:05:00+05:30,11165.8,11105.916302257132,11105.916302257132,59.88,TRAIL_SL
short,2020-07-24 11:20:00+05:30,2020-07-24 11:35:00+05:30,11120.45,11132.000385648542,11132.000385648542,-11.55,STOP_LOSS
long,2020-07-24 14:40:00+05:30,2020-07-24 15:15:00+05:30,11179.15,11192.0,11153.114987140862,12.85,EOD_EXIT
short,2020-07-27 10:15:00+05:30,2020-07-27 10:25:00+05:30,11125.55,11141.938742416016,11141.938742416016,-16.39,STOP_LOSS
short,2020-07-27 10:35:00+05:30,2020-07-27 11:55:00+05:30,11133.05,11147.214480931236,11147.214480931236,-14.16,STOP_LOSS
long,2020-07-28 09:45:00+05:30,2020-07-28 12:40:00+05:30,11189.3,11241.7786841206,11241.7786841206,52.48,TRAIL_SL
long,2020-07-28 13:10:00+05:30,2020-07-28 15:20:00+05:30,11239.75,11298.040699103389,11298.040699103389,58.29,TRAIL_SL
long,2020-07-30 10:55:00+05:30,2020-07-30 11:55:00+05:30,11283.85,11268.935976319637,11268.935976319637,-14.91,STOP_LOSS
short,2020-07-30 13:40:00+05:30,2020-07-30 14:20:00+05:30,11191.75,11105.394650160344,11105.394650160344,86.36,TRAIL_SL
short,2020-07-30 14:30:00+05:30,2020-07-30 15:15:00+05:30,11131.8,11103.9,11151.29946903788,27.9,EOD_EXIT
short,2020-07-31 10:15:00+05:30,2020-07-31 10:50:00+05:30,11101.2,11121.74088571296,11121.74088571296,-20.54,STOP_LOSS
short,2020-08-03 10:30:00+05:30,2020-08-03 12:50:00+05:30,10975.35,10931.675097182151,10931.675097182151,43.67,TRAIL_SL
short,2020-08-03 13:15:00+05:30,2020-08-03 15:15:00+05:30,10929.85,10894.25,10939.426434594036,35.6,EOD_EXIT
long,2020-08-05 10:20:00+05:30,2020-08-05 10:45:00+05:30,11204.6,11185.695481259854,11185.695481259854,-18.9,STOP_LOSS
long,2020-08-05 11:10:00+05:30,2020-08-05 11:30:00+05:30,11190.5,11173.5076959022,11173.5076959022,-16.99,STOP_LOSS
short,2020-08-05 14:10:00+05:30,2020-08-05 14:20:00+05:30,11103.05,11116.925614589854,11116.925614589854,-13.88,STOP_LOSS
long,2020-08-06 10:00:00+05:30,2020-08-06 12:30:00+05:30,11158.45,11201.18924529046,11201.18924529046,42.74,TRAIL_SL
long,2020-08-06 13:35:00+05:30,2020-08-06 13:50:00+05:30,11232.15,11212.558722303638,11212.558722303638,-19.59,STOP_LOSS
long,2020-08-06 13:55:00+05:30,2020-08-06 14:15:00+05:30,11225.35,11206.24577634991,11206.24577634991,-19.1,STOP_LOSS
long,2020-08-10 10:35:00+05:30,2020-08-10 14:00:00+05:30,11305.6,11290.501676811735,11290.501676811735,-15.1,STOP_LOSS
long,2020-08-11 10:05:00+05:30,2020-08-11 11:00:00+05:30,11346.0,11328.394483752676,11328.394483752676,-17.61,STOP_LOSS
long,2020-08-11 13:45:00+05:30,2020-08-11 15:00:00+05:30,11346.85,11332.747350311494,11332.747350311494,-14.1,STOP_LOSS
short,2020-08-12 09:50:00+05:30,2020-08-12 11:35:00+05:30,11282.35,11294.55337064909,11294.55337064909,-12.2,STOP_LOSS
long,2020-08-13 10:00:00+05:30,2020-08-13 11:40:00+05:30,11345.8,11332.130020980187,11332.130020980187,-13.67,STOP_LOSS
short,2020-08-13 12:40:00+05:30,2020-08-13 13:40:00+05:30,11299.05,11307.923745750493,11307.923745750493,-8.87,STOP_LOSS
long,2020-08-14 09:50:00+05:30,2020-08-14 10:40:00+05:30,11340.05,11325.34716780327,11325.34716780327,-14.7,STOP_LOSS
short,2020-08-14 14:45:00+05:30,2020-08-14 15:15:00+05:30,11168.9,11187.84801625091,11187.84801625091,-18.95,STOP_LOSS
long,2020-08-18 10:50:00+05:30,2020-08-18 11:10:00+05:30,11330.35,11318.929053215854,11318.929053215854,-11.42,STOP_LOSS
long,2020-08-19 09:50:00+05:30,2020-08-19 15:05:00+05:30,11432.35,11415.1246005007,11415.1246005007,-17.23,STOP_LOSS
short,2020-08-20 10:15:00+05:30,2020-08-20 10:30:00+05:30,11336.0,11345.741421135139,11345.741421135139,-9.74,STOP_LOSS
short,2020-08-20 10:45:00+05:30,2020-08-20 14:05:00+05:30,11340.05,11301.210026059503,11301.210026059503,38.84,TRAIL_SL
short,2020-08-20 14:10:00+05:30,2020-08-20 14:40:00+05:30,11312.2,11323.26263557809,11323.26263557809,-11.06,STOP_LOSS
long,2020-08-21 10:20:00+05:30,2020-08-21 15:00:00+05:30,11392.8,11379.087511370602,11379.087511370602,-13.71,STOP_LOSS
long,2020-08-24 10:05:00+05:30,2020-08-24 15:15:00+05:30,11435.15,11460.8,11421.381568826777,25.65,EOD_EXIT
long,2020-08-25 09:45:00+05:30,2020-08-25 10:30:00+05:30,11499.0,11482.066271031206,11482.066271031206,-16.93,STOP_LOSS
short,2020-08-25 14:40:00+05:30,2020-08-25 14:55:00+05:30,11450.3,11459.125869261385,11459.125869261385,-8.83,STOP_LOSS
long,2020-08-27 09:55:00+05:30,2020-08-27 13:30:00+05:30,11592.05,11577.005887808153,11577.005887808153,-15.04,STOP_LOSS
long,2020-08-28 10:00:00+05:30,2020-08-28 11:50:00+05:30,11615.3,11670.535711164628,11670.535711164628,55.24,TRAIL_SL
long,2020-08-28 12:10:00+05:30,2020-08-28 12:25:00+05:30,11661.65,11648.150517443219,11648.150517443219,-13.5,STOP_LOSS
long,2020-08-31 10:00:00+05:30,2020-08-31 10:40:00+05:30,11748.0,11719.755914833742,11719.755914833742,-28.24,STOP_LOSS
short,2020-08-31 12:40:00+05:30,2020-08-31 13:50:00+05:30,11581.75,11435.429860191927,11435.429860191927,146.32,TRAIL_SL
short,2020-08-31 13:50:00+05:30,2020-08-31 14:45:00+05:30,11465.6,11351.350133069845,11351.350133069845,114.25,TRAIL_SL
short,2020-09-02 10:45:00+05:30,2020-09-02 11:15:00+05:30,11458.65,11472.877444993335,11472.877444993335,-14.23,STOP_LOSS
long,2020-09-03 09:50:00+05:30,2020-09-03 11:30:00+05:30,11553.5,11535.295832291478,11535.295832291478,-18.2,STOP_LOSS
short,2020-09-04 10:10:00+05:30,2020-09-04 12:55:00+05:30,11403.25,11419.085465062562,11419.085465062562,-15.84,STOP_LOSS
short,2020-09-07 09:50:00+05:30,2020-09-07 11:15:00+05:30,11308.55,11330.001611226555,11330.001611226555,-21.45,STOP_LOSS
short,2020-09-09 11:00:00+05:30,2020-09-09 12:15:00+05:30,11245.0,11203.778655119078,11203.778655119078,41.22,TRAIL_SL
short,2020-09-09 12:15:00+05:30,2020-09-09 12:30:00+05:30,11213.0,11223.883015084024,11223.883015084024,-10.88,STOP_LOSS
long,2020-09-10 12:10:00+05:30,2020-09-10 13:15:00+05:30,11410.15,11397.161852589681,11397.161852589681,-12.99,STOP_LOSS
long,2020-09-11 09:55:00+05:30,2020-09-11 15:15:00+05:30,11449.95,11468.1,11426.557844980856,18.15,EOD_EXIT
long,2020-09-14 09:55:00+05:30,2020-09-14 13:35:00+05:30,11525.7,11504.447332726013,11504.447332726013,-21.25,STOP_LOSS
short,2020-09-14 14:50:00+05:30,2020-09-14 15:00:00+05:30,11436.3,11452.941305620285,11452.941305620285,-16.64,STOP_LOSS
long,2020-09-15 14:20:00+05:30,2020-09-15 15:15:00+05:30,11507.4,11524.4,11489.19000854474,17.0,EOD_EXIT
long,2020-09-16 10:10:00+05:30,2020-09-16 11:50:00+05:30,11544.3,11530.197490718554,11530.197490718554,-14.1,STOP_LOSS
long,2020-09-16 13:55:00+05:30,2020-09-16 15:15:00+05:30,11574.05,11608.1,11561.01507338967,34.05,EOD_EXIT
short,2020-09-17 12:25:00+05:30,2020-09-17 12:55:00+05:30,11528.9,11538.45080031196,11538.45080031196,-9.55,STOP_LOSS
long,2020-09-18 10:10:00+05:30,2020-09-18 10:35:00+05:30,11565.8,11550.48285383131,11550.48285383131,-15.32,STOP_LOSS
short,2020-09-18 14:50:00+05:30,2020-09-18 15:15:00+05:30,11502.05,11513.35,11518.70116094618,-11.3,EOD_EXIT
short,2020-09-21 11:20:00+05:30,2020-09-21 11:45:00+05:30,11494.85,11505.276535581648,11505.276535581648,-10.43,STOP_LOSS
short,2020-09-21 14:40:00+05:30,2020-09-22 09:15:00+05:30,11315.3,11235.806336110094,11235.806336110094,79.49,TRAIL_SL
short,2020-09-22 10:00:00+05:30,2020-09-22 10:25:00+05:30,11159.95,11188.591352254052,11188.591352254052,-28.64,STOP_LOSS
short,2020-09-22 10:35:00+05:30,2020-09-22 12:35:00+05:30,11169.05,11192.841026299793,11192.841026299793,-23.79,STOP_LOSS
short,2020-09-22 14:45:00+05:30,2020-09-22 15:15:00+05:30,11151.85,11156.7,11172.214343794603,-4.85,EOD_EXIT
short,2020-09-23 13:05:00+05:30,2020-09-23 13:55:00+05:30,11123.0,11048.689348830143,11048.689348830143,74.31,TRAIL_SL
short,2020-09-24 11:35:00+05:30,2020-09-24 12:35:00+05:30,10944.05,10908.381523799699,10908.381523799699,35.67,TRAIL_SL
short,2020-09-24 12:35:00+05:30,2020-09-24 12:55:00+05:30,10914.05,10924.546264011937,10924.546264011937,-10.5,STOP_LOSS
long,2020-09-28 10:15:00+05:30,2020-09-28 11:40:00+05:30,11151.05,11199.84737192652,11199.84737192652,48.8,TRAIL_SL
long,2020-09-28 13:35:00+05:30,2020-09-28 15:15:00+05:30,11211.4,11229.05,11194.529393051198,17.65,EOD_EXIT
long,2020-09-29 10:10:00+05:30,2020-09-29 10:45:00+05:30,11257.15,11232.767291262799,11232.767291262799,-24.38,STOP_LOSS
short,2020-09-30 10:05:00+05:30,2020-09-30 10:20:00+05:30,11212.85,11227.471807361939,11227.471807361939,-14.62,STOP_LOSS
long,2020-09-30 11:00:00+05:30,2020-09-30 11:25:00+05:30,11256.65,11232.305464982053,11232.305464982053,-24.34,STOP_LOSS
long,2020-09-30 13:40:00+05:30,2020-09-30 15:15:00+05:30,11260.45,11248.25,11242.06413159956,-12.2,EOD_EXIT
long,2020-10-01 11:50:00+05:30,2020-10-01 13:20:00+05:30,11410.0,11397.870736836736,11397.870736836736,-12.13,STOP_LOSS
long,2020-10-05 10:30:00+05:30,2020-10-05 12:40:00+05:30,11532.65,11515.880396503766,11515.880396503766,-16.77,STOP_LOSS
long,2020-10-06 10:30:00+05:30,2020-10-06 15:25:00+05:30,11595.3,11663.234021522721,11663.234021522721,67.93,TRAIL_SL
long,2020-10-07 14:35:00+05:30,2020-10-07 14:50:00+05:30,11746.5,11729.834326842361,11729.834326842361,-16.67,STOP_LOSS
long,2020-10-08 11:40:00+05:30,2020-10-08 13:55:00+05:30,11883.0,11872.115884746005,11872.115884746005,-10.88,STOP_LOSS
long,2020-10-09 10:35:00+05:30,2020-10-09 11:50:00+05:30,11859.4,11918.304439714058,11918.304439714058,58.9,TRAIL_SL
long,2020-10-09 11:50:00+05:30,2020-10-09 12:15:00+05:30,11915.15,11896.9870288377,11896.9870288377,-18.16,STOP_LOSS
long,2020-10-09 14:50:00+05:30,2020-10-09 15:15:00+05:30,11908.3,11912.3,11889.445409131305,4.0,EOD_EXIT
long,2020-10-12 09:55:00+05:30,2020-10-12 11:05:00+05:30,11978.5,11955.933515115592,11955.933515115592,-22.57,STOP_LOSS
long,2020-10-13 10:05:00+05:30,2020-10-13 12:35:00+05:30,11952.55,11934.591556214173,11934.591556214173,-17.96,STOP_LOSS
short,2020-10-13 13:10:00+05:30,2020-10-13 13:15:00+05:30,11921.95,11932.919489113947,11932.919489113947,-10.97,STOP_LOSS
short,2020-10-13 13:30:00+05:30,2020-10-13 14:10:00+05:30,11926.75,11937.03323216955,11937.03323216955,-10.28,STOP_LOSS
short,2020-10-14 10:15:00+05:30,2020-10-14 12:20:00+05:30,11857.35,11870.294773156593,11870.294773156593,-12.94,STOP_LOSS
long,2020-10-15 10:05:00+05:30,2020-10-15 10:25:00+05:30,11961.05,11932.04421915825,11932.04421915825,-29.01,STOP_LOSS
short,2020-10-15 12:05:00+05:30,2020-10-15 13:15:00+05:30,11899.3,11859.637664643098,11859.637664643098,39.66,TRAIL_SL
short,2020-10-15 14:55:00+05:30,2020-10-15 15:15:00+05:30,11738.85,11680.69842781815,11680.69842781815,58.15,TRAIL_SL
short,2020-10-16 10:00:00+05:30,2020-10-16 10:10:00+05:30,11707.65,11730.719697172879,11730.719697172879,-23.07,STOP_LOSS
long,2020-10-19 10:45:00+05:30,2020-10-19 11:05:00+05:30,11875.25,11854.374340875189,11854.374340875189,-20.88,STOP_LOSS
long,2020-10-20 10:00:00+05:30,2020-10-20 15:15:00+05:30,11894.2,11892.7,11873.46685683555,-1.5,EOD_EXIT
long,2020-10-21 10:20:00+05:30,2020-10-21 11:15:00+05:30,11999.55,11986.611511695459,11986.611511695459,-12.94,STOP_LOSS
long,2020-10-21 11:25:00+05:30,2020-10-21 13:15:00+05:30,11995.9,11984.412617932941,11984.412617932941,-11.49,STOP_LOSS
short,2020-10-21 14:40:00+05:30,2020-10-21 14:45:00+05:30,11833.65,11854.780011950543,11854.780011950543,-21.13,STOP_LOSS
short,2020-10-22 14:45:00+05:30,2020-10-22 15:00:00+05:30,11865.25,11882.1675999246,11882.1675999246,-16.92,STOP_LOSS
long,2020-10-23 10:15:00+05:30,2020-10-23 11:05:00+05:30,11945.0,11926.473273590887,11926.473273590887,-18.53,STOP_LOSS
short,2020-10-26 09:55:00+05:30,2020-10-26 11:25:00+05:30,11907.2,11861.496413188157,11861.496413188157,45.7,TRAIL_SL
short,2020-10-26 13:45:00+05:30,2020-10-26 14:20:00+05:30,11778.05,11734.619123653254,11734.619123653254,43.43,TRAIL_SL
short,2020-10-26 14:20:00+05:30,2020-10-26 14:55:00+05:30,11741.4,11755.879454985554,11755.879454985554,-14.48,STOP_LOSS
long,2020-10-28 09:45:00+05:30,2020-10-28 10:00:00+05:30,11901.8,11877.460044817806,11877.460044817806,-24.34,STOP_LOSS
short,2020-10-28 13:15:00+05:30,2020-10-28 14:05:00+05:30,11762.7,11704.190472462504,11704.190472462504,58.51,TRAIL_SL
short,2020-10-28 14:15:00+05:30,2020-10-28 14:25:00+05:30,11721.55,11738.855014074119,11738.855014074119,-17.31,STOP_LOSS
short,2020-10-29 09:45:00+05:30,2020-10-29 09:55:00+05:30,11675.3,11695.01561054318,11695.01561054318,-19.72,STOP_LOSS
short,2020-10-29 10:40:00+05:30,2020-10-29 11:50:00+05:30,11679.95,11694.594663063968,11694.594663063968,-14.64,STOP_LOSS
short,2020-10-29 13:50:00+05:30,2020-10-29 15:15:00+05:30,11663.75,11670.9,11682.678923076635,-7.15,EOD_EXIT
short,2020-10-30 12:30:00+05:30,2020-10-30 13:30:00+05:30,11578.2,11594.62764298006,11594.62764298006,-16.43,STOP_LOSS
short,2020-11-02 10:00:00+05:30,2020-11-02 10:35:00+05:30,11592.9,11612.295354928476,11612.295354928476,-19.4,STOP_LOSS
long,2020-11-03 10:00:00+05:30,2020-11-03 12:55:00+05:30,11764.6,11824.046328481683,11824.046328481683,59.45,TRAIL_SL
long,2020-11-04 12:15:00+05:30,2020-11-04 13:00:00+05:30,11889.9,11869.99706912656,11869.99706912656,-19.9,STOP_LOSS
short,2020-11-04 13:45:00+05:30,2020-11-04 13:55:00+05:30,11826.5,11848.85639478406,11848.85639478406,-22.36,STOP_LOSS
long,2020-11-05 10:30:00+05:30,2020-11-05 15:15:00+05:30,12068.0,12121.2,12045.085925054453,53.2,EOD_EXIT
long,2020-11-06 10:30:00+05:30,2020-11-06 10:50:00+05:30,12185.15,12169.66844931362,12169.66844931362,-15.48,STOP_LOSS
long,2020-11-06 13:20:00+05:30,2020-11-06 14:25:00+05:30,12237.8,12223.372674656777,12223.372674656777,-14.43,STOP_LOSS
long,2020-11-09 10:30:00+05:30,2020-11-09 10:45:00+05:30,12422.7,12402.57856387831,12402.57856387831,-20.12,STOP_LOSS
long,2020-11-09 11:10:00+05:30,2020-11-09 11:20:00+05:30,12405.7,12385.917307487423,12385.917307487423,-19.78,STOP_LOSS
long,2020-11-09 14:50:00+05:30,2020-11-09 15:15:00+05:30,12439.5,12465.55,12426.388722634812,26.05,EOD_EXIT
long,2020-11-10 10:25:00+05:30,2020-11-10 13:15:00+05:30,12534.2,12606.570087787335,12606.570087787335,72.37,TRAIL_SL
long,2020-11-11 10:00:00+05:30,2020-11-11 11:00:00+05:30,12732.3,12704.906169325184,12704.906169325184,-27.39,STOP_LOSS
short,2020-11-12 13:45:00+05:30,2020-11-12 13:55:00+05:30,12655.5,12670.67313123144,12670.67313123144,-15.17,STOP_LOSS
long,2020-11-13 11:15:00+05:30,2020-11-13 11:25:00+05:30,12694.3,12673.0231866974,12673.0231866974,-21.28,STOP_LOSS
long,2020-11-17 10:20:00+05:30,2020-11-17 10:35:00+05:30,12852.05,12828.907211542362,12828.907211542362,-23.14,STOP_LOSS
long,2020-11-17 13:50:00+05:30,2020-11-17 14:35:00+05:30,12856.1,12842.229166247698,12842.229166247698,-13.87,STOP_LOSS
long,2020-11-19 09:45:00+05:30,2020-11-19 13:30:00+05:30,12922.95,12897.356284338392,12897.356284338392,-25.59,STOP_LOSS
short,2020-11-19 14:40:00+05:30,2020-11-20 09:15:00+05:30,12830.1,12772.807482209386,12772.807482209386,57.29,TRAIL_SL
short,2020-11-20 11:40:00+05:30,2020-11-20 11:55:00+05:30,12756.55,12771.132522521524,12771.132522521524,-14.58,STOP_LOSS
long,2020-11-23 14:05:00+05:30,2020-11-23 15:15:00+05:30,12941.75,12923.65,12919.982513146364,-18.1,EOD_EXIT
long,2020-11-24 10:35:00+05:30,2020-11-24 11:15:00+05:30,13030.15,13013.004181125807,13013.004181125807,-17.15,STOP_LOSS
long,2020-11-24 14:05:00+05:30,2020-11-24 15:15:00+05:30,13043.45,13061.5,13029.738489311527,18.05,EOD_EXIT
short,2020-11-25 11:35:00+05:30,2020-11-25 12:40:00+05:30,12999.2,13015.105208380191,13015.105208380191,-15.91,STOP_LOSS
short,2020-11-26 10:20:00+05:30,2020-11-26 10:50:00+05:30,12843.9,12861.101494155291,12861.101494155291,-17.2,STOP_LOSS
short,2020-11-26 10:55:00+05:30,2020-11-26 12:45:00+05:30,12844.65,12859.80377136668,12859.80377136668,-15.15,STOP_LOSS
long,2020-11-27 09:50:00+05:30,2020-11-27 11:30:00+05:30,12987.35,12954.625810202926,12954.625810202926,-32.72,STOP_LOSS
long,2020-12-01 11:30:00+05:30,2020-12-01 12:40:00+05:30,13070.3,13057.377422681298,13057.377422681298,-12.92,STOP_LOSS
long,2020-12-01 14:30:00+05:30,2020-12-01 15:15:00+05:30,13108.6,13101.9,13093.594572751965,-6.7,EOD_EXIT
short,2020-12-02 13:50:00+05:30,2020-12-02 14:30:00+05:30,13024.35,13037.913491816265,13037.913491816265,-13.56,STOP_LOSS
long,2020-12-03 10:05:00+05:30,2020-12-03 12:15:00+05:30,13154.85,13134.972945243686,13134.972945243686,-19.88,STOP_LOSS
long,2020-12-07 10:00:00+05:30,2020-12-07 15:15:00+05:30,13298.25,13352.55,13278.010887223883,54.3,EOD_EXIT
long,2020-12-08 14:05:00+05:30,2020-12-08 15:15:00+05:30,13396.5,13390.8,13381.130855377982,-5.7,EOD_EXIT
long,2020-12-09 10:05:00+05:30,2020-12-09 14:25:00+05:30,13464.3,13536.605822196787,13536.605822196787,72.31,TRAIL_SL
long,2020-12-09 14:25:00+05:30,2020-12-09 15:15:00+05:30,13526.15,13530.05,13512.128175624497,3.9,EOD_EXIT
long,2020-12-11 10:50:00+05:30,2020-12-11 11:25:00+05:30,13561.15,13547.8467176554,13547.8467176554,-13.3,STOP_LOSS
short,2020-12-11 14:30:00+05:30,2020-12-11 14:55:00+05:30,13463.2,13481.912005119575,13481.912005119575,-18.71,STOP_LOSS
long,2020-12-14 09:50:00+05:30,2020-12-14 10:35:00+05:30,13553.65,13528.600467858741,13528.600467858741,-25.05,STOP_LOSS
long,2020-12-14 14:50:00+05:30,2020-12-14 15:15:00+05:30,13551.25,13555.5,13537.783292881126,4.25,EOD_EXIT
short,2020-12-15 11:10:00+05:30,2020-12-15 11:25:00+05:30,13469.15,13478.420407766258,13478.420407766258,-9.27,STOP_LOSS
long,2020-12-15 13:30:00+05:30,2020-12-15 15:15:00+05:30,13525.35,13566.35,13510.76966792475,41.0,EOD_EXIT
long,2020-12-16 10:15:00+05:30,2020-12-16 12:50:00+05:30,13639.35,13622.678916288329,13622.678916288329,-16.67,STOP_LOSS
long,2020-12-16 14:50:00+05:30,2020-12-16 15:15:00+05:30,13673.35,13681.7,13660.787467784288,8.35,EOD_EXIT
long,2020-12-17 10:15:00+05:30,2020-12-17 15:15:00+05:30,13708.25,13740.85,13695.227419753162,32.6,EOD_EXIT
short,2020-12-18 10:15:00+05:30,2020-12-18 10:40:00+05:30,13688.65,13702.98623618159,13702.98623618159,-14.34,STOP_LOSS
long,2020-12-18 14:30:00+05:30,2020-12-18 15:15:00+05:30,13741.6,13768.4,13727.13494320267,26.8,EOD_EXIT
short,2020-12-21 13:25:00+05:30,2020-12-21 14:05:00+05:30,13678.05,13585.711399784866,13585.711399784866,92.34,TRAIL_SL
short,2020-12-22 10:00:00+05:30,2020-12-22 10:25:00+05:30,13284.0,13329.797720984192,13329.797720984192,-45.8,STOP_LOSS
short,2020-12-22 11:00:00+05:30,2020-12-22 11:45:00+05:30,13294.5,13243.673704032442,13243.673704032442,50.83,TRAIL_SL
short,2020-12-22 11:50:00+05:30,2020-12-22 12:40:00+05:30,13255.65,13278.004811008237,13278.004811008237,-22.35,STOP_LOSS
long,2020-12-24 14:00:00+05:30,2020-12-24 15:15:00+05:30,13722.75,13745.05,13706.264908817111,22.3,EOD_EXIT
long,2020-12-28 10:25:00+05:30,2020-12-28 15:15:00+05:30,13835.65,13868.5,13816.652130189837,32.85,EOD_EXIT
long,2020-12-29 13:45:00+05:30,2020-12-29 14:20:00+05:30,13924.45,13910.056569124567,13910.056569124567,-14.39,STOP_LOSS
long,2020-12-30 14:35:00+05:30,2020-12-30 15:15:00+05:30,13947.8,13981.3,13933.74389197721,33.5,EOD_EXIT
long,2020-12-31 09:45:00+05:30,2020-12-31 12:25:00+05:30,13983.6,13964.727394571602,13964.727394571602,-18.87,STOP_LOSS
long,2021-01-01 10:05:00+05:30,2021-01-01 15:15:00+05:30,14020.65,14014.05,14005.153925358123,-6.6,EOD_EXIT
long,2021-01-04 10:10:00+05:30,2021-01-04 10:45:00+05:30,14086.55,14068.721817055306,14068.721817055306,-17.83,STOP_LOSS
long,2021-01-04 14:05:00+05:30,2021-01-04 14:15:00+05:30,14098.55,14082.49633263212,14082.49633263212,-16.05,STOP_LOSS
long,2021-01-05 14:15:00+05:30,2021-01-05 15:15:00+05:30,14154.9,14207.6,14141.16630486704,52.7,EOD_EXIT
long,2021-01-08 11:05:00+05:30,2021-01-08 15:25:00+05:30,14267.25,14347.642621101819,14347.642621101819,80.39,TRAIL_SL
long,2021-01-11 10:05:00+05:30,2021-01-11 10:15:00+05:30,14446.45,14420.793636322123,14420.793636322123,-25.66,STOP_LOSS
long,2021-01-11 10:35:00+05:30,2021-01-11 15:15:00+05:30,14423.1,14484.1,14395.348359879492,61.0,EOD_EXIT
long,2021-01-12 12:55:00+05:30,2021-01-12 15:15:00+05:30,14527.55,14560.15,14513.375571103756,32.6,EOD_EXIT
long,2021-01-13 09:55:00+05:30,2021-01-13 10:30:00+05:30,14627.1,14608.028086781454,14608.028086781454,-19.07,STOP_LOSS
short,2021-01-13 14:15:00+05:30,2021-01-13 14:25:00+05:30,14489.05,14511.509456729893,14511.509456729893,-22.46,STOP_LOSS
short,2021-01-14 09:55:00+05:30,2021-01-14 10:40:00+05:30,14515.65,14535.447534715,14535.447534715,-19.8,STOP_LOSS
long,2021-01-14 14:05:00+05:30,2021-01-14 15:15:00+05:30,14591.4,14593.7,14575.419600929683,2.3,EOD_EXIT
short,2021-01-15 09:55:00+05:30,2021-01-15 11:30:00+05:30,14541.0,14461.72053519658,14461.72053519658,79.28,TRAIL_SL
short,2021-01-15 14:35:00+05:30,2021-01-15 15:15:00+05:30,14444.0,14441.8,14467.822881380582,2.2,EOD_EXIT
short,2021-01-18 10:45:00+05:30,2021-01-18 11:15:00+05:30,14314.8,14335.043057608596,14335.043057608596,-20.24,STOP_LOSS
short,2021-01-18 12:05:00+05:30,2021-01-18 12:15:00+05:30,14288.75,14304.932982803304,14304.932982803304,-16.18,STOP_LOSS
long,2021-01-19 12:15:00+05:30,2021-01-19 15:00:00+05:30,14461.65,14532.775728901823,14532.775728901823,71.13,TRAIL_SL
long,2021-01-20 11:40:00+05:30,2021-01-20 12:20:00+05:30,14609.6,14598.427363549592,14598.427363549592,-11.17,STOP_LOSS
long,2021-01-21 09:55:00+05:30,2021-01-21 14:40:00+05:30,14708.9,14689.60273450114,14689.60273450114,-19.3,STOP_LOSS
short,2021-01-22 09:55:00+05:30,2021-01-22 11:25:00+05:30,14592.0,14472.713098860362,14472.713098860362,119.29,TRAIL_SL
short,2021-01-22 11:30:00+05:30,2021-01-22 11:55:00+05:30,14504.75,14527.218520596673,14527.218520596673,-22.47,STOP_LOSS
short,2021-01-22 12:00:00+05:30,2021-01-22 13:15:00+05:30,14512.55,14416.328860975686,14416.328860975686,96.22,TRAIL_SL
short,2021-01-25 10:00:00+05:30,2021-01-25 10:15:00+05:30,14365.6,14403.184437076545,14403.184437076545,-37.58,STOP_LOSS
short,2021-01-25 12:05:00+05:30,2021-01-25 12:30:00+05:30,14355.9,14373.986821117203,14373.986821117203,-18.09,STOP_LOSS
short,2021-01-27 10:05:00+05:30,2021-01-27 12:55:00+05:30,14154.15,14075.35590057495,14075.35590057495,78.79,TRAIL_SL
short,2021-01-27 13:15:00+05:30,2021-01-27 14:45:00+05:30,14072.2,13948.659246897945,13948.659246897945,123.54,TRAIL_SL
short,2021-01-28 10:00:00+05:30,2021-01-28 12:15:00+05:30,13869.5,13821.44507605797,13821.44507605797,48.05,TRAIL_SL
short,2021-01-28 12:15:00+05:30,2021-01-28 13:05:00+05:30,13831.15,13738.91525781651,13738.91525781651,92.23,TRAIL_SL
short,2021-01-28 14:55:00+05:30,2021-01-28 15:00:00+05:30,13774.3,13792.693715205942,13792.693715205942,-18.39,STOP_LOSS
short,2021-01-29 12:20:00+05:30,2021-01-29 12:30:00+05:30,13803.05,13818.538380542914,13818.538380542914,-15.49,STOP_LOSS
short,2021-01-29 13:30:00+05:30,2021-01-29 14:10:00+05:30,13779.2,13795.644729444082,13795.644729444082,-16.44,STOP_LOSS
long,2021-02-01 14:05:00+05:30,2021-02-02 09:35:00+05:30,14150.6,14661.613482914936,14661.613482914936,511.01,TRAIL_SL
long,2021-02-02 10:55:00+05:30,2021-02-02 14:45:00+05:30,14574.85,14663.135666098555,14663.135666098555,88.29,TRAIL_SL
long,2021-02-03 11:10:00+05:30,2021-02-03 13:25:00+05:30,14791.55,14856.329616787007,14856.329616787007,64.78,TRAIL_SL
long,2021-02-03 13:50:00+05:30,2021-02-03 14:10:00+05:30,14850.7,14831.750958280882,14831.750958280882,-18.95,STOP_LOSS
long,2021-02-04 13:30:00+05:30,2021-02-04 15:15:00+05:30,14836.2,14893.1,14814.85071086308,56.9,EOD_EXIT
long,2021-02-05 09:45:00+05:30,2021-02-05 10:50:00+05:30,14955.55,14916.02377552284,14916.02377552284,-39.53,STOP_LOSS
long,2021-02-05 12:05:00+05:30,2021-02-05 13:10:00+05:30,14972.0,14949.929081785733,14949.929081785733,-22.07,STOP_LOSS
long,2021-02-08 10:50:00+05:30,2021-02-08 12:10:00+05:30,15115.85,15094.716584571313,15094.716584571313,-21.13,STOP_LOSS
long,2021-02-08 14:20:00+05:30,2021-02-08 14:55:00+05:30,15137.05,15116.680081900218,15116.680081900218,-20.37,STOP_LOSS
long,2021-02-09 13:50:00+05:30,2021-02-09 14:30:00+05:30,15238.05,15224.425816115363,15224.425816115363,-13.62,STOP_LOSS
short,2021-02-10 09:45:00+05:30,2021-02-10 10:40:00+05:30,15123.9,15025.258676089004,15025.258676089004,98.64,TRAIL_SL
short,2021-02-10 10:50:00+05:30,2021-02-10 11:00:00+05:30,15045.7,15066.38189309909,15066.38189309909,-20.68,STOP_LOSS
short,2021-02-10 11:05:00+05:30,2021-02-10 11:20:00+05:30,15054.5,15073.916768633688,15073.916768633688,-19.42,STOP_LOSS
long,2021-02-11 11:00:00+05:30,2021-02-11 11:10:00+05:30,15150.8,15134.121653386059,15134.121653386059,-16.68,STOP_LOSS
long,2021-02-12 09:55:00+05:30,2021-02-12 13:50:00+05:30,15188.25,15162.77883281026,15162.77883281026,-25.47,STOP_LOSS
short,2021-02-12 14:20:00+05:30,2021-02-12 15:15:00+05:30,15147.35,15168.165616705912,15168.165616705912,-20.82,STOP_LOSS
long,2021-02-15 11:00:00+05:30,2021-02-15 14:15:00+05:30,15306.5,15289.74681763775,15289.74681763775,-16.75,STOP_LOSS
long,2021-02-16 10:05:00+05:30,2021-02-16 11:25:00+05:30,15387.85,15364.385826135558,15364.385826135558,-23.46,STOP_LOSS
short,2021-02-16 13:25:00+05:30,2021-02-16 14:30:00+05:30,15293.5,15310.34724329165,15310.34724329165,-16.85,STOP_LOSS
short,2021-02-17 10:10:00+05:30,2021-02-17 10:55:00+05:30,15240.55,15256.836898746875,15256.836898746875,-16.29,STOP_LOSS
short,2021-02-17 13:50:00+05:30,2021-02-17 15:15:00+05:30,15217.3,15207.75,15232.478849078361,9.55,EOD_EXIT
short,2021-02-18 13:05:00+05:30,2021-02-18 14:20:00+05:30,15129.35,15142.89471578887,15142.89471578887,-13.54,STOP_LOSS
short,2021-02-19 09:55:00+05:30,2021-02-19 10:15:00+05:30,15086.2,15105.240909390182,15105.240909390182,-19.04,STOP_LOSS
short,2021-02-19 11:20:00+05:30,2021-02-19 11:45:00+05:30,15078.75,15093.330782219387,15093.330782219387,-14.58,STOP_LOSS
short,2021-02-19 14:30:00+05:30,2021-02-19 15:00:00+05:30,14972.1,14921.795221440998,14921.795221440998,50.3,TRAIL_SL
short,2021-02-22 10:40:00+05:30,2021-02-22 11:30:00+05:30,14910.9,14832.283186269091,14832.283186269091,78.62,TRAIL_SL
short,2021-02-22 12:30:00+05:30,2021-02-22 14:00:00+05:30,14799.05,14709.171787701993,14709.171787701993,89.88,TRAIL_SL
short,2021-02-23 12:20:00+05:30,2021-02-23 13:05:00+05:30,14747.2,14764.537744766667,14764.537744766667,-17.34,STOP_LOSS
long,2021-02-25 10:55:00+05:30,2021-02-25 11:35:00+05:30,15132.05,15111.660963476961,15111.660963476961,-20.39,STOP_LOSS
long,2021-02-25 13:50:00+05:30,2021-02-25 15:00:00+05:30,15129.25,15110.330397566902,15110.330397566902,-18.92,STOP_LOSS
short,2021-02-26 11:50:00+05:30,2021-02-26 12:45:00+05:30,14694.45,14583.666785518548,14583.666785518548,110.78,TRAIL_SL
short,2021-02-26 13:05:00+05:30,2021-02-26 13:55:00+05:30,14609.55,14634.426102511174,14634.426102511174,-24.88,STOP_LOSS
short,2021-03-01 12:10:00+05:30,2021-03-01 12:40:00+05:30,14708.65,14659.386787633975,14659.386787633975,49.26,TRAIL_SL
long,2021-03-02 14:25:00+05:30,2021-03-03 09:40:00+05:30,14843.05,15014.545364391404,15014.545364391404,171.5,TRAIL_SL
long,2021-03-03 11:00:00+05:30,2021-03-03 13:50:00+05:30,15070.15,15155.87895192738,15155.87895192738,85.73,TRAIL_SL
short,2021-03-04 10:05:00+05:30,2021-03-04 10:30:00+05:30,15051.4,15075.83763635305,15075.83763635305,-24.44,STOP_LOSS
long,2021-03-04 12:00:00+05:30,2021-03-04 15:00:00+05:30,15136.45,15110.777070360371,15110.777070360371,-25.67,STOP_LOSS
short,2021-03-05 10:00:00+05:30,2021-03-05 10:05:00+05:30,15044.4,15072.029328510358,15072.029328510358,-27.63,STOP_LOSS
short,2021-03-05 10:30:00+05:30,2021-03-05 11:05:00+05:30,15038.05,14983.545003774287,14983.545003774287,54.5,TRAIL_SL
short,2021-03-05 11:20:00+05:30,2021-03-05 11:30:00+05:30,15007.95,15031.234390677148,15031.234390677148,-23.28,STOP_LOSS
short,2021-03-08 13:30:00+05:30,2021-03-08 14:15:00+05:30,14989.35,15003.916840600426,15003.916840600426,-14.57,STOP_LOSS
long,2021-03-09 10:15:00+05:30,2021-03-09 12:25:00+05:30,15065.45,15036.82229992435,15036.82229992435,-28.63,STOP_LOSS
short,2021-03-09 13:35:00+05:30,2021-03-09 14:20:00+05:30,14983.5,15001.008255368259,15001.008255368259,-17.51,STOP_LOSS
long,2021-03-10 10:20:00+05:30,2021-03-10 10:30:00+05:30,15177.75,15156.015307706517,15156.015307706517,-21.73,STOP_LOSS
long,2021-03-10 10:50:00+05:30,2021-03-10 10:55:00+05:30,15161.8,15143.172127087459,15143.172127087459,-18.63,STOP_LOSS
long,2021-03-10 14:30:00+05:30,2021-03-10 15:15:00+05:30,15176.55,15181.2,15159.36719387531,4.65,EOD_EXIT
long,2021-03-12 10:35:00+05:30,2021-03-12 12:10:00+05:30,15281.9,15261.430542895536,15261.430542895536,-20.47,STOP_LOSS
short,2021-03-15 10:15:00+05:30,2021-03-15 11:25:00+05:30,14882.9,14810.060236148835,14810.060236148835,72.84,TRAIL_SL
short,2021-03-15 12:10:00+05:30,2021-03-15 13:10:00+05:30,14821.65,14765.334489813244,14765.334489813244,56.32,TRAIL_SL
short,2021-03-15 13:25:00+05:30,2021-03-15 13:35:00+05:30,14776.75,14792.655925766816,14792.655925766816,-15.91,STOP_LOSS
short,2021-03-16 13:40:00+05:30,2021-03-16 15:15:00+05:30,14936.2,14903.3,14955.179712291985,32.9,EOD_EXIT
short,2021-03-17 10:05:00+05:30,2021-03-17 11:25:00+05:30,14902.5,14917.467080424816,14917.467080424816,-14.97,STOP_LOSS
short,2021-03-17 13:20:00+05:30,2021-03-17 14:55:00+05:30,14841.35,14790.741094152903,14790.741094152903,50.61,TRAIL_SL
short,2021-03-18 14:35:00+05:30,2021-03-18 15:10:00+05:30,14551.5,14579.370536301582,14579.370536301582,-27.87,STOP_LOSS
short,2021-03-22 13:10:00+05:30,2021-03-22 13:35:00+05:30,14625.95,14640.440096969243,14640.440096969243,-14.49,STOP_LOSS
long,2021-03-23 10:00:00+05:30,2021-03-23 10:10:00+05:30,14799.15,14773.330056223374,14773.330056223374,-25.82,STOP_LOSS
long,2021-03-23 10:40:00+05:30,2021-03-23 11:30:00+05:30,14783.45,14759.006742842335,14759.006742842335,-24.44,STOP_LOSS
long,2021-03-23 14:00:00+05:30,2021-03-23 14:45:00+05:30,14798.05,14864.22428337464,14864.22428337464,66.17,TRAIL_SL
short,2021-03-24 11:40:00+05:30,2021-03-24 11:50:00+05:30,14615.6,14631.86007091868,14631.86007091868,-16.26,STOP_LOSS
short,2021-03-25 10:05:00+05:30,2021-03-25 11:20:00+05:30,14444.15,14381.708538434239,14381.708538434239,62.44,TRAIL_SL
short,2021-03-25 11:20:00+05:30,2021-03-25 12:10:00+05:30,14385.2,14313.003921304376,14313.003921304376,72.2,TRAIL_SL
short,2021-03-25 13:15:00+05:30,2021-03-25 13:25:00+05:30,14307.0,14323.892949125186,14323.892949125186,-16.89,STOP_LOSS
long,2021-03-30 11:25:00+05:30,2021-03-30 12:05:00+05:30,14759.95,14742.30120087518,14742.30120087518,-17.65,STOP_LOSS
long,2021-03-30 14:45:00+05:30,2021-03-30 15:15:00+05:30,14849.4,14846.1,14827.473608873708,-3.3,EOD_EXIT
long,2021-04-01 10:15:00+05:30,2021-04-01 10:35:00+05:30,14773.2,14750.167506905425,14750.167506905425,-23.03,STOP_LOSS
short,2021-04-01 11:10:00+05:30,2021-04-01 12:05:00+05:30,14727.6,14741.18226433735,14741.18226433735,-13.58,STOP_LOSS
long,2021-04-01 13:50:00+05:30,2021-04-01 15:15:00+05:30,14805.35,14871.5,14785.553115028393,66.15,EOD_EXIT
short,2021-04-05 11:45:00+05:30,2021-04-05 12:15:00+05:30,14516.55,14541.05494857259,14541.05494857259,-24.5,STOP_LOSS
long,2021-04-06 11:30:00+05:30,2021-04-06 11:45:00+05:30,14746.1,14722.847170046296,14722.847170046296,-23.25,STOP_LOSS
short,2021-04-06 13:45:00+05:30,2021-04-06 15:10:00+05:30,14657.4,14675.634035853918,14675.634035853918,-18.23,STOP_LOSS
long,2021-04-07 10:15:00+05:30,2021-04-07 11:50:00+05:30,14772.4,14841.737620680575,14841.737620680575,69.34,TRAIL_SL
long,2021-04-07 12:00:00+05:30,2021-04-07 13:20:00+05:30,14834.65,14814.854804386056,14814.854804386056,-19.8,STOP_LOSS
long,2021-04-08 10:50:00+05:30,2021-04-08 11:40:00+05:30,14942.4,14927.970913034724,14927.970913034724,-14.43,STOP_LOSS
long,2021-04-08 13:50:00+05:30,2021-04-08 14:15:00+05:30,14958.15,14939.660070166045,14939.660070166045,-18.49,STOP_LOSS
short,2021-04-09 09:50:00+05:30,2021-04-09 10:00:00+05:30,14863.7,14885.222172797334,14885.222172797334,-21.52,STOP_LOSS
short,2021-04-09 11:20:00+05:30,2021-04-09 11:50:00+05:30,14858.7,14873.765587541584,14873.765587541584,-15.07,STOP_LOSS
short,2021-04-12 11:00:00+05:30,2021-04-12 12:10:00+05:30,14452.95,14309.584680529118,14309.584680529118,143.37,TRAIL_SL
short,2021-04-12 12:25:00+05:30,2021-04-12 15:00:00+05:30,14341.95,14276.559724216238,14276.559724216238,65.39,TRAIL_SL
short,2021-04-13 12:20:00+05:30,2021-04-13 12:30:00+05:30,14331.85,14346.065085565808,14346.065085565808,-14.22,STOP_LOSS
short,2021-04-15 10:45:00+05:30,2021-04-15 13:35:00+05:30,14421.55,14442.623709814996,14442.623709814996,-21.07,STOP_LOSS
long,2021-04-16 10:00:00+05:30,2021-04-16 15:15:00+05:30,14633.45,14614.25,14601.232201784576,-19.2,EOD_EXIT
short,2021-04-19 10:20:00+05:30,2021-04-19 10:30:00+05:30,14269.55,14296.28431900405,14296.28431900405,-26.73,STOP_LOSS
short,2021-04-19 11:10:00+05:30,2021-04-19 13:20:00+05:30,14307.9,14326.079954914367,14326.079954914367,-18.18,STOP_LOSS
short,2021-04-22 10:10:00+05:30,2021-04-22 10:30:00+05:30,14244.7,14265.830654686733,14265.830654686733,-21.13,STOP_LOSS
long,2021-04-23 10:45:00+05:30,2021-04-23 13:35:00+05:30,14397.65,14373.419718988484,14373.419718988484,-24.23,STOP_LOSS
long,2021-04-26 10:15:00+05:30,2021-04-26 12:30:00+05:30,14519.9,14491.837399826878,14491.837399826878,-28.06,STOP_LOSS
long,2021-04-27 10:15:00+05:30,2021-04-27 14:45:00+05:30,14555.75,14645.903150555005,14645.903150555005,90.15,TRAIL_SL
long,2021-04-28 10:20:00+05:30,2021-04-28 13:00:00+05:30,14743.9,14842.535305869409,14842.535305869409,98.64,TRAIL_SL
long,2021-04-28 13:35:00+05:30,2021-04-28 15:15:00+05:30,14852.35,14859.45,14836.785255726389,7.1,EOD_EXIT
short,2021-04-30 09:45:00+05:30,2021-04-30 11:50:00+05:30,14834.9,14780.839700242695,14780.839700242695,54.06,TRAIL_SL
short,2021-04-30 14:40:00+05:30,2021-05-03 09:25:00+05:30,14709.1,14507.832949629748,14507.832949629748,201.27,TRAIL_SL
short,2021-05-03 09:45:00+05:30,2021-05-03 13:10:00+05:30,14552.05,14580.40312766962,14580.40312766962,-28.35,STOP_LOSS
short,2021-05-04 13:30:00+05:30,2021-05-04 14:45:00+05:30,14610.45,14508.981321406405,14508.981321406405,101.47,TRAIL_SL
long,2021-05-06 09:55:00+05:30,2021-05-06 10:15:00+05:30,14662.1,14638.490289104011,14638.490289104011,-23.61,STOP_LOSS
long,2021-05-07 09:55:00+05:30,2021-05-07 10:45:00+05:30,14828.6,14805.74400959526,14805.74400959526,-22.86,STOP_LOSS
long,2021-05-07 10:55:00+05:30,2021-05-07 12:10:00+05:30,14816.9,14796.339731023945,14796.339731023945,-20.56,STOP_LOSS
long,2021-05-07 14:25:00+05:30,2021-05-07 15:15:00+05:30,14821.45,14815.7,14802.907649417028,-5.75,EOD_EXIT
long,2021-05-10 09:50:00+05:30,2021-05-10 15:15:00+05:30,14901.05,14935.9,14873.984344675451,34.85,EOD_EXIT
short,2021-05-11 10:05:00+05:30,2021-05-11 11:25:00+05:30,14842.45,14855.497622691162,14855.497622691162,-13.05,STOP_LOSS
short,2021-05-11 13:50:00+05:30,2021-05-11 14:15:00+05:30,14830.45,14840.317695007094,14840.317695007094,-9.87,STOP_LOSS
short,2021-05-12 10:45:00+05:30,2021-05-12 12:05:00+05:30,14737.9,14749.451651190328,14749.451651190328,-11.55,STOP_LOSS
short,2021-05-14 11:20:00+05:30,2021-05-14 12:10:00+05:30,14672.3,14609.489080149197,14609.489080149197,62.81,TRAIL_SL
long,2021-05-17 10:50:00+05:30,2021-05-17 14:10:00+05:30,14802.45,14875.792424094217,14875.792424094217,73.34,TRAIL_SL
long,2021-05-17 14:15:00+05:30,2021-05-17 15:15:00+05:30,14866.55,14926.6,14853.458435991108,60.05,EOD_EXIT
long,2021-05-18 10:20:00+05:30,2021-05-18 15:15:00+05:30,15069.85,15105.1,15044.445026436017,35.25,EOD_EXIT
short,2021-05-20 09:50:00+05:30,2021-05-20 10:15:00+05:30,15009.05,15027.148225697607,15027.148225697607,-18.1,STOP_LOSS
short,2021-05-20 10:50:00+05:30,2021-05-20 11:05:00+05:30,15003.75,15014.384340698516,15014.384340698516,-10.63,STOP_LOSS
long,2021-05-21 11:45:00+05:30,2021-05-21 12:00:00+05:30,15107.05,15094.016609146056,15094.016609146056,-13.03,STOP_LOSS
long,2021-05-24 10:40:00+05:30,2021-05-24 15:15:00+05:30,15203.2,15190.85,15181.051917767489,-12.35,EOD_EXIT
long,2021-05-25 09:45:00+05:30,2021-05-25 13:25:00+05:30,15253.9,15226.431484731324,15226.431484731324,-27.47,STOP_LOSS
short,2021-05-25 14:55:00+05:30,2021-05-25 15:00:00+05:30,15195.0,15208.070383613569,15208.070383613569,-13.07,STOP_LOSS
long,2021-05-26 11:25:00+05:30,2021-05-26 15:15:00+05:30,15288.35,15307.8,15273.917038726357,19.45,EOD_EXIT
short,2021-05-27 14:45:00+05:30,2021-05-27 15:00:00+05:30,15306.55,15320.455734887395,15320.455734887395,-13.91,STOP_LOSS
long,2021-05-28 10:20:00+05:30,2021-05-28 11:10:00+05:30,15426.05,15404.133480566037,15404.133480566037,-21.92,STOP_LOSS
long,2021-05-31 13:10:00+05:30,2021-05-31 13:20:00+05:30,15557.1,15543.67107845317,15543.67107845317,-13.43,STOP_LOSS
long,2021-05-31 14:40:00+05:30,2021-05-31 15:15:00+05:30,15565.1,15596.2,15550.96178199748,31.1,EOD_EXIT
long,2021-06-01 13:55:00+05:30,2021-06-01 14:00:00+05:30,15592.25,15574.814538317685,15574.814538317685,-17.44,STOP_LOSS
short,2021-06-02 10:35:00+05:30,2021-06-02 14:45:00+05:30,15505.7,15515.548112977742,15515.548112977742,-9.85,STOP_LOSS
long,2021-06-03 10:25:00+05:30,2021-06-03 12:40:00+05:30,15653.75,15638.823376857366,15638.823376857366,-14.93,STOP_LOSS
long,2021-06-04 09:50:00+05:30,2021-06-04 10:35:00+05:30,15707.4,15691.690699109779,15691.690699109779,-15.71,STOP_LOSS
short,2021-06-04 14:00:00+05:30,2021-06-04 14:10:00+05:30,15647.55,15658.293862114173,15658.293862114173,-10.74,STOP_LOSS
long,2021-06-07 09:50:00+05:30,2021-06-07 15:15:00+05:30,15697.45,15748.8,15678.119293040214,51.35,EOD_EXIT
short,2021-06-08 10:45:00+05:30,2021-06-08 10:55:00+05:30,15713.6,15723.18140870777,15723.18140870777,-9.58,STOP_LOSS
long,2021-06-08 13:45:00+05:30,2021-06-08 14:00:00+05:30,15740.0,15728.31912015717,15728.31912015717,-11.68,STOP_LOSS
long,2021-06-09 10:15:00+05:30,2021-06-09 13:05:00+05:30,15778.25,15764.106974932272,15764.106974932272,-14.14,STOP_LOSS
short,2021-06-09 13:40:00+05:30,2021-06-09 14:45:00+05:30,15694.75,15596.744827059516,15596.744827059516,98.01,TRAIL_SL
long,2021-06-11 10:40:00+05:30,2021-06-11 11:15:00+05:30,15816.2,15803.120998369674,15803.120998369674,-13.08,STOP_LOSS
short,2021-06-14 10:25:00+05:30,2021-06-14 12:35:00+05:30,15718.15,15734.861885559909,15734.861885559909,-16.71,STOP_LOSS
long,2021-06-14 14:20:00+05:30,2021-06-14 15:15:00+05:30,15793.2,15816.65,15773.796176618906,23.45,EOD_EXIT
long,2021-06-15 10:40:00+05:30,2021-06-15 13:35:00+05:30,15885.85,15872.52787504607,15872.52787504607,-13.32,STOP_LOSS
short,2021-06-16 11:20:00+05:30,2021-06-16 13:45:00+05:30,15791.3,15801.26072506996,15801.26072506996,-9.96,STOP_LOSS
short,2021-06-17 09:55:00+05:30,2021-06-17 10:30:00+05:30,15726.4,15740.506676740784,15740.506676740784,-14.11,STOP_LOSS
short,2021-06-17 14:45:00+05:30,2021-06-17 15:00:00+05:30,15659.75,15674.434304749408,15674.434304749408,-14.68,STOP_LOSS
short,2021-06-18 11:30:00+05:30,2021-06-18 12:30:00+05:30,15548.85,15574.937665414454,15574.937665414454,-26.09,STOP_LOSS
long,2021-06-21 14:45:00+05:30,2021-06-21 15:15:00+05:30,15720.9,15749.95,15701.444108200805,29.05,EOD_EXIT
long,2021-06-22 10:35:00+05:30,2021-06-22 11:10:00+05:30,15880.45,15865.497545315266,15865.497545315266,-14.95,STOP_LOSS
short,2021-06-23 10:30:00+05:30,2021-06-23 10:50:00+05:30,15766.05,15781.532904671774,15781.532904671774,-15.48,STOP_LOSS
long,2021-06-24 13:50:00+05:30,2021-06-24 14:20:00+05:30,15787.05,15772.224713920496,15772.224713920496,-14.83,STOP_LOSS
long,2021-06-25 14:15:00+05:30,2021-06-25 15:15:00+05:30,15856.85,15863.8,15843.371573141047,6.95,EOD_EXIT
short,2021-06-29 11:00:00+05:30,2021-06-29 11:10:00+05:30,15763.15,15772.042765662512,15772.042765662512,-8.89,STOP_LOSS
short,2021-06-30 14:15:00+05:30,2021-06-30 15:25:00+05:30,15791.8,15722.643537185771,15722.643537185771,69.16,TRAIL_SL
short,2021-07-01 09:55:00+05:30,2021-07-01 15:15:00+05:30,15732.0,15680.15,15742.581119961518,51.85,EOD_EXIT
short,2021-07-02 10:00:00+05:30,2021-07-02 10:10:00+05:30,15672.2,15682.953132916447,15682.953132916447,-10.75,STOP_LOSS
short,2021-07-02 11:00:00+05:30,2021-07-02 11:20:00+05:30,15660.4,15669.320962450189,15669.320962450189,-8.92,STOP_LOSS
long,2021-07-05 11:10:00+05:30,2021-07-05 12:15:00+05:30,15824.35,15815.190762892687,15815.190762892687,-9.16,STOP_LOSS
short,2021-07-07 10:05:00+05:30,2021-07-07 11:20:00+05:30,15818.5,15831.50266120352,15831.50266120352,-13.0,STOP_LOSS
short,2021-07-08 10:45:00+05:30,2021-07-08 13:05:00+05:30,15838.55,15756.644481145118,15756.644481145118,81.91,TRAIL_SL
short,2021-07-08 13:30:00+05:30,2021-07-08 14:40:00+05:30,15763.95,15706.701282173579,15706.701282173579,57.25,TRAIL_SL
short,2021-07-08 14:50:00+05:30,2021-07-08 15:10:00+05:30,15717.1,15728.806161238508,15728.806161238508,-11.71,STOP_LOSS
short,2021-07-09 10:10:00+05:30,2021-07-09 10:15:00+05:30,15674.45,15687.950465160051,15687.950465160051,-13.5,STOP_LOSS
short,2021-07-12 13:40:00+05:30,2021-07-12 14:45:00+05:30,15722.05,15657.878534809133,15657.878534809133,64.17,TRAIL_SL
short,2021-07-12 14:50:00+05:30,2021-07-12 15:00:00+05:30,15674.75,15687.437346570798,15687.437346570798,-12.69,STOP_LOSS
long,2021-07-13 10:35:00+05:30,2021-07-13 10:50:00+05:30,15762.3,15750.612097672287,15750.612097672287,-11.69,STOP_LOSS
long,2021-07-15 10:00:00+05:30,2021-07-15 15:15:00+05:30,15887.1,15921.4,15872.607017246619,34.3,EOD_EXIT
short,2021-07-19 10:00:00+05:30,2021-07-19 13:10:00+05:30,15835.95,15740.135804514743,15740.135804514743,95.81,TRAIL_SL
short,2021-07-19 13:15:00+05:30,2021-07-19 15:15:00+05:30,15763.15,15755.45,15773.264338683286,7.7,EOD_EXIT
short,2021-07-20 10:05:00+05:30,2021-07-20 11:30:00+05:30,15669.5,15601.423322446797,15601.423322446797,68.08,TRAIL_SL
short,2021-07-20 11:45:00+05:30,2021-07-20 12:30:00+05:30,15607.15,15617.235587000709,15617.235587000709,-10.09,STOP_LOSS
long,2021-07-22 11:25:00+05:30,2021-07-22 14:15:00+05:30,15802.4,15791.98242957352,15791.98242957352,-10.42,STOP_LOSS
long,2021-07-23 10:05:00+05:30,2021-07-23 15:15:00+05:30,15827.7,15854.25,15800.872391083702,26.55,EOD_EXIT
short,2021-07-27 13:30:00+05:30,2021-07-27 13:40:00+05:30,15751.95,15764.21392333919,15764.21392333919,-12.26,STOP_LOSS
short,2021-07-27 14:55:00+05:30,2021-07-27 15:00:00+05:30,15726.5,15736.286727799681,15736.286727799681,-9.79,STOP_LOSS
long,2021-07-29 11:25:00+05:30,2021-07-29 12:20:00+05:30,15792.95,15781.676346337303,15781.676346337303,-11.27,STOP_LOSS
long,2021-07-30 14:25:00+05:30,2021-07-30 14:35:00+05:30,15846.95,15834.184965954253,15834.184965954253,-12.77,STOP_LOSS
long,2021-08-02 10:00:00+05:30,2021-08-02 15:15:00+05:30,15849.05,15886.7,15830.400736045262,37.65,EOD_EXIT
long,2021-08-03 11:00:00+05:30,2021-08-03 15:20:00+05:30,15973.05,16136.04919609493,16136.04919609493,163.0,TRAIL_SL
long,2021-08-04 11:00:00+05:30,2021-08-04 11:15:00+05:30,16276.35,16261.103419446827,16261.103419446827,-15.25,STOP_LOSS
long,2021-08-04 14:30:00+05:30,2021-08-04 14:50:00+05:30,16269.45,16255.378088250183,16255.378088250183,-14.07,STOP_LOSS
long,2021-08-05 13:45:00+05:30,2021-08-05 15:10:00+05:30,16323.1,16305.868103764442,16305.868103764442,-17.23,STOP_LOSS
short,2021-08-06 11:05:00+05:30,2021-08-06 15:15:00+05:30,16273.2,16235.35,16288.587641538985,37.85,EOD_EXIT
long,2021-08-09 10:20:00+05:30,2021-08-09 10:45:00+05:30,16300.95,16283.368576563866,16283.368576563866,-17.58,STOP_LOSS
short,2021-08-09 14:05:00+05:30,2021-08-09 14:10:00+05:30,16214.45,16225.398561135382,16225.398561135382,-10.95,STOP_LOSS
long,2021-08-10 10:00:00+05:30,2021-08-10 13:55:00+05:30,16309.3,16289.996260764123,16289.996260764123,-19.3,STOP_LOSS
short,2021-08-10 14:40:00+05:30,2021-08-10 15:00:00+05:30,16263.6,16278.431608867897,16278.431608867897,-14.83,STOP_LOSS
short,2021-08-11 10:15:00+05:30,2021-08-11 11:20:00+05:30,16241.95,16184.540099752488,16184.540099752488,57.41,TRAIL_SL
short,2021-08-11 11:20:00+05:30,2021-08-11 12:20:00+05:30,16191.2,16207.016774731863,16207.016774731863,-15.82,STOP_LOSS
long,2021-08-12 10:45:00+05:30,2021-08-12 15:15:00+05:30,16327.05,16368.6,16312.631331859608,41.55,EOD_EXIT
long,2021-08-13 10:20:00+05:30,2021-08-13 14:15:00+05:30,16436.35,16512.48793238952,16512.48793238952,76.14,TRAIL_SL
long,2021-08-17 14:30:00+05:30,2021-08-17 15:15:00+05:30,16566.5,16620.55,16550.36472679586,54.05,EOD_EXIT
long,2021-08-18 11:05:00+05:30,2021-08-18 11:15:00+05:30,16681.55,16667.67554455391,16667.67554455391,-13.87,STOP_LOSS
short,2021-08-18 13:20:00+05:30,2021-08-18 15:15:00+05:30,16598.85,16560.35,16609.78010066649,38.5,EOD_EXIT
short,2021-08-20 09:45:00+05:30,2021-08-20 11:15:00+05:30,16503.4,16423.02518278012,16423.02518278012,80.37,TRAIL_SL
short,2021-08-23 11:10:00+05:30,2021-08-23 11:50:00+05:30,16462.4,16485.280334873576,16485.280334873576,-22.88,STOP_LOSS
long,2021-08-24 14:40:00+05:30,2021-08-24 15:15:00+05:30,16625.35,16626.55,16611.788931946743,1.2,EOD_EXIT
long,2021-08-25 11:00:00+05:30,2021-08-25 11:35:00+05:30,16683.85,16668.832508586387,16668.832508586387,-15.02,STOP_LOSS
long,2021-08-26 10:25:00+05:30,2021-08-26 12:00:00+05:30,16669.65,16654.834968614807,16654.834968614807,-14.82,STOP_LOSS
long,2021-08-27 10:55:00+05:30,2021-08-27 15:15:00+05:30,16652.7,16707.85,16635.620189617603,55.15,EOD_EXIT
long,2021-08-30 11:00:00+05:30,2021-08-30 15:25:00+05:30,16860.15,16940.60931165539,16940.60931165539,80.46,TRAIL_SL
long,2021-08-31 10:00:00+05:30,2021-08-31 13:15:00+05:30,16942.55,17038.26513581342,17038.26513581342,95.72,TRAIL_SL
long,2021-08-31 14:00:00+05:30,2021-08-31 15:25:00+05:30,17041.05,17132.17524346854,17132.17524346854,91.13,TRAIL_SL
long,2021-09-03 10:20:00+05:30,2021-09-03 10:30:00+05:30,17290.35,17270.149167652402,17270.149167652402,-20.2,STOP_LOSS
long,2021-09-03 13:50:00+05:30,2021-09-03 14:00:00+05:30,17298.4,17280.684111079092,17280.684111079092,-17.72,STOP_LOSS
long,2021-09-06 09:50:00+05:30,2021-09-06 11:30:00+05:30,17383.4,17354.722098317903,17354.722098317903,-28.68,STOP_LOSS
short,2021-09-07 10:30:00+05:30,2021-09-07 11:50:00+05:30,17327.05,17341.91605864823,17341.91605864823,-14.87,STOP_LOSS
long,2021-09-07 13:00:00+05:30,2021-09-07 13:55:00+05:30,17412.2,17394.043725283827,17394.043725283827,-18.16,STOP_LOSS
short,2021-09-08 09:45:00+05:30,2021-09-08 12:45:00+05:30,17361.55,17298.93156385837,17298.93156385837,62.62,TRAIL_SL
short,2021-09-08 13:25:00+05:30,2021-09-08 14:05:00+05:30,17297.25,17312.362759672957,17312.362759672957,-15.11,STOP_LOSS
short,2021-09-13 10:15:00+05:30,2021-09-13 11:05:00+05:30,17304.65,17319.693437332633,17319.693437332633,-15.04,STOP_LOSS
long,2021-09-13 13:30:00+05:30,2021-09-13 13:40:00+05:30,17358.75,17348.10000891146,17348.10000891146,-10.65,STOP_LOSS
long,2021-09-14 10:00:00+05:30,2021-09-14 13:00:00+05:30,17406.5,17388.612858023866,17388.612858023866,-17.89,STOP_LOSS
long,2021-09-15 10:45:00+05:30,2021-09-15 15:15:00+05:30,17450.7,17529.6,17439.059611917713,78.9,EOD_EXIT
long,2021-09-16 10:30:00+05:30,2021-09-16 15:15:00+05:30,17553.25,17622.7,17534.400793598907,69.45,EOD_EXIT
short,2021-09-17 12:55:00+05:30,2021-09-17 13:10:00+05:30,17628.95,17650.179864784983,17650.179864784983,-21.23,STOP_LOSS
short,2021-09-17 13:35:00+05:30,2021-09-17 13:45:00+05:30,17629.5,17648.76308255734,17648.76308255734,-19.26,STOP_LOSS
short,2021-09-20 09:55:00+05:30,2021-09-20 10:15:00+05:30,17535.45,17559.90212872429,17559.90212872429,-24.45,STOP_LOSS
short,2021-09-20 12:25:00+05:30,2021-09-20 15:10:00+05:30,17538.95,17403.941420327475,17403.941420327475,135.01,TRAIL_SL
short,2021-09-21 10:45:00+05:30,2021-09-21 11:25:00+05:30,17408.6,17342.361945202305,17342.361945202305,66.24,TRAIL_SL
short,2021-09-21 11:35:00+05:30,2021-09-21 11:40:00+05:30,17359.55,17376.80894948499,17376.80894948499,-17.26,STOP_LOSS
long,2021-09-22 10:50:00+05:30,2021-09-22 11:15:00+05:30,17589.0,17568.453850937804,17568.453850937804,-20.55,STOP_LOSS
long,2021-09-23 13:35:00+05:30,2021-09-23 15:15:00+05:30,17769.75,17824.6,17752.62399372487,54.85,EOD_EXIT
long,2021-09-24 10:05:00+05:30,2021-09-24 12:30:00+05:30,17887.8,17854.57390679141,17854.57390679141,-33.23,STOP_LOSS
long,2021-09-27 13:55:00+05:30,2021-09-27 14:25:00+05:30,17887.05,17873.77540417586,17873.77540417586,-13.27,STOP_LOSS
short,2021-09-29 10:55:00+05:30,2021-09-29 11:40:00+05:30,17640.45,17657.45690661118,17657.45690661118,-17.01,STOP_LOSS
short,2021-09-30 13:45:00+05:30,2021-09-30 13:50:00+05:30,17638.3,17654.07109941999,17654.07109941999,-15.77,STOP_LOSS
short,2021-09-30 14:00:00+05:30,2021-09-30 15:15:00+05:30,17651.05,17607.35,17667.800557163177,43.7,EOD_EXIT
short,2021-10-01 10:30:00+05:30,2021-10-01 10:45:00+05:30,17510.2,17528.93627521911,17528.93627521911,-18.74,STOP_LOSS
short,2021-10-01 12:15:00+05:30,2021-10-01 13:05:00+05:30,17485.35,17499.270992186273,17499.270992186273,-13.92,STOP_LOSS
long,2021-10-05 13:50:00+05:30,2021-10-05 15:15:00+05:30,17759.55,17823.9,17744.935185626004,64.35,EOD_EXIT
short,2021-10-06 13:55:00+05:30,2021-10-06 14:00:00+05:30,17757.95,17776.79720192601,17776.79720192601,-18.85,STOP_LOSS
short,2021-10-06 14:10:00+05:30,2021-10-06 15:00:00+05:30,17761.7,17662.182524929285,17662.182524929285,99.52,TRAIL_SL
long,2021-10-07 10:25:00+05:30,2021-10-07 15:15:00+05:30,17798.35,17788.85,17773.609987461434,-9.5,EOD_EXIT
long,2021-10-08 10:45:00+05:30,2021-10-08 11:05:00+05:30,17916.95,17891.919873358656,17891.919873358656,-25.03,STOP_LOSS
long,2021-10-08 11:10:00+05:30,2021-10-08 12:10:00+05:30,17909.45,17884.510078866115,17884.510078866115,-24.94,STOP_LOSS
short,2021-10-12 10:55:00+05:30,2021-10-12 13:05:00+05:30,17917.35,17934.155939748463,17934.155939748463,-16.81,STOP_LOSS
long,2021-10-12 14:55:00+05:30,2021-10-12 15:15:00+05:30,17968.65,18004.4,17952.560413251405,35.75,EOD_EXIT
long,2021-10-13 10:50:00+05:30,2021-10-13 15:15:00+05:30,18119.4,18164.15,18102.46360540835,44.75,EOD_EXIT
long,2021-10-14 10:15:00+05:30,2021-10-14 15:15:00+05:30,18269.85,18343.9,18248.07052513445,74.05,EOD_EXIT
long,2021-10-18 10:55:00+05:30,2021-10-18 13:15:00+05:30,18499.5,18476.15008230934,18476.15008230934,-23.35,STOP_LOSS
long,2021-10-19 09:55:00+05:30,2021-10-19 10:00:00+05:30,18557.85,18528.824652231757,18528.824652231757,-29.03,STOP_LOSS
short,2021-10-20 09:50:00+05:30,2021-10-20 10:00:00+05:30,18399.25,18427.523839150454,18427.523839150454,-28.27,STOP_LOSS
short,2021-10-20 10:30:00+05:30,2021-10-20 12:20:00+05:30,18416.75,18312.488290001344,18312.488290001344,104.26,TRAIL_SL
short,2021-10-20 12:20:00+05:30,2021-10-20 14:45:00+05:30,18332.35,18235.910356766526,18235.910356766526,96.44,TRAIL_SL
short,2021-10-21 11:25:00+05:30,2021-10-21 11:35:00+05:30,18153.35,18170.763750208982,18170.763750208982,-17.41,STOP_LOSS
short,2021-10-21 12:40:00+05:30,2021-10-21 12:55:00+05:30,18141.65,18157.668136315275,18157.668136315275,-16.02,STOP_LOSS
short,2021-10-22 11:50:00+05:30,2021-10-22 13:20:00+05:30,18208.85,18088.177152091164,18088.177152091164,120.67,TRAIL_SL
short,2021-10-22 13:55:00+05:30,2021-10-22 14:05:00+05:30,18092.4,18113.142853325902,18113.142853325902,-20.74,STOP_LOSS
short,2021-10-22 14:40:00+05:30,2021-10-22 14:50:00+05:30,18093.1,18119.994617669086,18119.994617669086,-26.89,STOP_LOSS
short,2021-10-25 10:25:00+05:30,2021-10-25 10:30:00+05:30,18021.5,18046.899966334367,18046.899966334367,-25.4,STOP_LOSS
short,2021-10-25 14:40:00+05:30,2021-10-25 14:50:00+05:30,18109.35,18130.176454076525,18130.176454076525,-20.83,STOP_LOSS
long,2021-10-26 10:10:00+05:30,2021-10-26 10:20:00+05:30,18234.65,18206.53151007586,18206.53151007586,-28.12,STOP_LOSS
short,2021-10-26 11:40:00+05:30,2021-10-26 12:00:00+05:30,18135.35,18152.32545448087,18152.32545448087,-16.98,STOP_LOSS
long,2021-10-26 14:35:00+05:30,2021-10-26 15:15:00+05:30,18237.9,18279.55,18214.86113429373,41.65,EOD_EXIT
long,2021-10-27 10:00:00+05:30,2021-10-27 10:35:00+05:30,18302.35,18273.884604244602,18273.884604244602,-28.47,STOP_LOSS
short,2021-10-27 14:55:00+05:30,2021-10-27 15:15:00+05:30,18249.15,18214.9,18265.48307919289,34.25,EOD_EXIT
short,2021-10-28 10:10:00+05:30,2021-10-28 11:10:00+05:30,18092.05,18020.07984247695,18020.07984247695,71.97,TRAIL_SL
short,2021-10-28 11:10:00+05:30,2021-10-28 11:45:00+05:30,18038.1,18053.82346321447,18053.82346321447,-15.72,STOP_LOSS
short,2021-10-29 12:50:00+05:30,2021-10-29 13:25:00+05:30,17803.2,17740.77174150913,17740.77174150913,62.43,TRAIL_SL
short,2021-10-29 13:40:00+05:30,2021-10-29 14:20:00+05:30,17742.65,17655.752059919767,17655.752059919767,86.9,TRAIL_SL
short,2021-10-29 14:20:00+05:30,2021-10-29 14:30:00+05:30,17691.4,17720.843898246414,17720.843898246414,-29.44,STOP_LOSS
long,2021-11-02 09:45:00+05:30,2021-11-02 10:30:00+05:30,17953.95,17921.73415421311,17921.73415421311,-32.22,STOP_LOSS
short,2021-11-02 14:25:00+05:30,2021-11-02 14:50:00+05:30,17894.7,17911.43851087828,17911.43851087828,-16.74,STOP_LOSS
long,2021-11-03 09:55:00+05:30,2021-11-03 11:45:00+05:30,17962.2,17933.557859497414,17933.557859497414,-28.64,STOP_LOSS
short,2021-11-03 14:45:00+05:30,2021-11-03 15:00:00+05:30,17812.15,17832.134286354933,17832.134286354933,-19.98,STOP_LOSS
long,2021-11-08 13:35:00+05:30,2021-11-08 15:15:00+05:30,18020.45,18067.15,17994.9224020661,46.7,EOD_EXIT
short,2021-11-10 10:00:00+05:30,2021-11-10 12:20:00+05:30,17954.8,17972.810480114247,17972.810480114247,-18.01,STOP_LOSS
long,2021-11-10 14:20:00+05:30,2021-11-10 14:40:00+05:30,18036.35,18018.484679487174,18018.484679487174,-17.87,STOP_LOSS
short,2021-11-11 10:45:00+05:30,2021-11-11 11:55:00+05:30,17863.9,17878.823920562205,17878.823920562205,-14.92,STOP_LOSS
short,2021-11-11 14:25:00+05:30,2021-11-11 14:30:00+05:30,17834.95,17847.84645762312,17847.84645762312,-12.9,STOP_LOSS
short,2021-11-11 14:40:00+05:30,2021-11-11 15:00:00+05:30,17836.3,17849.616849599406,17849.616849599406,-13.32,STOP_LOSS
long,2021-11-15 09:50:00+05:30,2021-11-15 10:15:00+05:30,18171.1,18141.299711902586,18141.299711902586,-29.8,STOP_LOSS
short,2021-11-16 10:00:00+05:30,2021-11-16 12:10:00+05:30,18070.1,18084.96684013251,18084.96684013251,-14.87,STOP_LOSS
long,2021-11-16 13:30:00+05:30,2021-11-16 14:05:00+05:30,18102.1,18088.4460811692,18088.4460811692,-13.65,STOP_LOSS
short,2021-11-17 09:45:00+05:30,2021-11-17 10:20:00+05:30,17974.15,17990.450644410408,17990.450644410408,-16.3,STOP_LOSS
short,2021-11-18 10:50:00+05:30,2021-11-18 13:35:00+05:30,17760.95,17781.962575993286,17781.962575993286,-21.01,STOP_LOSS
short,2021-11-22 11:15:00+05:30,2021-11-22 12:10:00+05:30,17572.6,17451.72839816071,17451.72839816071,120.87,TRAIL_SL
short,2021-11-22 12:35:00+05:30,2021-11-22 13:00:00+05:30,17473.9,17496.25516749824,17496.25516749824,-22.36,STOP_LOSS
short,2021-11-22 13:05:00+05:30,2021-11-22 14:00:00+05:30,17485.45,17405.836889407805,17405.836889407805,79.61,TRAIL_SL
short,2021-11-25 10:05:00+05:30,2021-11-25 10:35:00+05:30,17386.9,17408.63722123458,17408.63722123458,-21.74,STOP_LOSS
short,2021-11-26 11:20:00+05:30,2021-11-26 11:25:00+05:30,17153.45,17176.36408192025,17176.36408192025,-22.91,STOP_LOSS
short,2021-11-26 12:35:00+05:30,2021-11-26 12:45:00+05:30,17152.1,17171.567691253113,17171.567691253113,-19.47,STOP_LOSS
short,2021-11-29 14:40:00+05:30,2021-11-29 15:15:00+05:30,17085.1,17056.55,17109.1382908679,28.55,EOD_EXIT
short,2021-11-30 11:55:00+05:30,2021-11-30 12:50:00+05:30,17090.65,17122.085218068078,17122.085218068078,-31.44,STOP_LOSS
long,2021-12-01 12:00:00+05:30,2021-12-01 12:15:00+05:30,17190.95,17167.083538399995,17167.083538399995,-23.87,STOP_LOSS
short,2021-12-01 13:55:00+05:30,2021-12-01 14:45:00+05:30,17140.25,17156.134845951605,17156.134845951605,-15.88,STOP_LOSS
long,2021-12-02 10:00:00+05:30,2021-12-02 13:55:00+05:30,17249.0,17325.83957655624,17325.83957655624,76.84,TRAIL_SL
short,2021-12-03 13:50:00+05:30,2021-12-03 14:45:00+05:30,17285.1,17220.48987704318,17220.48987704318,64.61,TRAIL_SL
short,2021-12-06 10:25:00+05:30,2021-12-06 11:55:00+05:30,17144.2,17073.561078078994,17073.561078078994,70.64,TRAIL_SL
short,2021-12-06 12:00:00+05:30,2021-12-06 14:50:00+05:30,17076.6,16965.169340093005,16965.169340093005,111.43,TRAIL_SL
long,2021-12-07 14:35:00+05:30,2021-12-07 14:55:00+05:30,17233.4,17215.798631836144,17215.798631836144,-17.6,STOP_LOSS
long,2021-12-08 10:25:00+05:30,2021-12-08 15:15:00+05:30,17390.15,17467.6,17358.39538702026,77.45,EOD_EXIT
long,2021-12-13 10:10:00+05:30,2021-12-13 10:15:00+05:30,17616.5,17592.332327122065,17592.332327122065,-24.17,STOP_LOSS
long,2021-12-13 10:35:00+05:30,2021-12-13 11:10:00+05:30,17604.5,17578.062853444128,17578.062853444128,-26.44,STOP_LOSS
short,2021-12-13 13:25:00+05:30,2021-12-13 15:15:00+05:30,17413.05,17364.15,17432.3957613007,48.9,EOD_EXIT
short,2021-12-14 09:45:00+05:30,2021-12-14 10:55:00+05:30,17319.85,17241.296739563877,17241.296739563877,78.55,TRAIL_SL
short,2021-12-14 14:35:00+05:30,2021-12-14 15:00:00+05:30,17292.25,17306.8561744644,17306.8561744644,-14.61,STOP_LOSS
short,2021-12-15 10:10:00+05:30,2021-12-15 13:45:00+05:30,17254.05,17271.178199172427,17271.178199172427,-17.13,STOP_LOSS
short,2021-12-17 11:15:00+05:30,2021-12-17 13:25:00+05:30,17046.1,17062.666656121335,17062.666656121335,-16.57,STOP_LOSS
short,2021-12-20 10:40:00+05:30,2021-12-20 12:40:00+05:30,16618.3,16486.446663079434,16486.446663079434,131.85,TRAIL_SL
short,2021-12-20 13:15:00+05:30,2021-12-20 13:20:00+05:30,16461.75,16480.349289700647,16480.349289700647,-18.6,STOP_LOSS
long,2021-12-21 12:50:00+05:30,2021-12-21 13:05:00+05:30,16919.1,16898.889280042466,16898.889280042466,-20.21,STOP_LOSS
long,2021-12-23 10:55:00+05:30,2021-12-23 11:15:00+05:30,17055.9,17035.66184486663,17035.66184486663,-20.24,STOP_LOSS
short,2021-12-24 10:50:00+05:30,2021-12-24 11:05:00+05:30,16940.75,16958.06973418895,16958.06973418895,-17.32,STOP_LOSS
short,2021-12-24 11:15:00+05:30,2021-12-24 11:55:00+05:30,16950.6,16966.950763774443,16966.950763774443,-16.35,STOP_LOSS
long,2021-12-24 14:50:00+05:30,2021-12-24 14:55:00+05:30,17040.45,17015.645658068835,17015.645658068835,-24.8,STOP_LOSS
short,2021-12-27 09:50:00+05:30,2021-12-27 10:05:00+05:30,16939.75,16970.36226343143,16970.36226343143,-30.61,STOP_LOSS
long,2021-12-27 11:05:00+05:30,2021-12-27 13:50:00+05:30,16993.45,17079.027330058554,17079.027330058554,85.58,TRAIL_SL
long,2021-12-28 10:35:00+05:30,2021-12-28 15:15:00+05:30,17187.9,17238.4,17165.899030720324,50.5,EOD_EXIT
long,2021-12-30 10:45:00+05:30,2021-12-30 11:15:00+05:30,17243.45,17228.26111538314,17228.26111538314,-15.19,STOP_LOSS
long,2021-12-31 10:30:00+05:30,2021-12-31 15:15:00+05:30,17338.6,17358.5,17317.866244462708,19.9,EOD_EXIT
long,2022-01-03 11:05:00+05:30,2022-01-03 14:45:00+05:30,17511.1,17630.665195912705,17630.665195912705,119.57,TRAIL_SL
long,2022-01-04 11:05:00+05:30,2022-01-04 11:20:00+05:30,17704.25,17684.35547025766,17684.35547025766,-19.89,STOP_LOSS
long,2022-01-05 10:20:00+05:30,2022-01-05 10:50:00+05:30,17832.65,17807.790681986167,17807.790681986167,-24.86,STOP_LOSS
long,2022-01-05 13:15:00+05:30,2022-01-05 15:15:00+05:30,17902.75,17924.95,17885.795869507314,22.2,EOD_EXIT
short,2022-01-06 10:55:00+05:30,2022-01-06 12:55:00+05:30,17693.7,17709.632962526164,17709.632962526164,-15.93,STOP_LOSS
short,2022-01-07 12:55:00+05:30,2022-01-07 13:25:00+05:30,17760.1,17777.291342187622,17777.291342187622,-17.19,STOP_LOSS
long,2022-01-10 10:30:00+05:30,2022-01-10 11:45:00+05:30,17954.15,17927.677242152444,17927.677242152444,-26.47,STOP_LOSS
long,2022-01-11 10:50:00+05:30,2022-01-11 15:15:00+05:30,18020.95,18046.85,17997.57005755266,25.9,EOD_EXIT
long,2022-01-12 11:45:00+05:30,2022-01-12 12:25:00+05:30,18201.7,18186.740383945984,18186.740383945984,-14.96,STOP_LOSS
short,2022-01-14 10:10:00+05:30,2022-01-14 12:45:00+05:30,18202.8,18219.797981948013,18219.797981948013,-17.0,STOP_LOSS
long,2022-01-14 13:30:00+05:30,2022-01-14 15:15:00+05:30,18216.1,18247.85,18201.512905041152,31.75,EOD_EXIT
long,2022-01-17 10:30:00+05:30,2022-01-17 15:15:00+05:30,18277.6,18308.2,18253.457655452028,30.6,EOD_EXIT
short,2022-01-18 10:25:00+05:30,2022-01-18 11:25:00+05:30,18233.65,18253.779797575982,18253.779797575982,-20.13,STOP_LOSS
long,2022-01-18 13:35:00+05:30,2022-01-18 13:40:00+05:30,18296.85,18278.772765954614,18278.772765954614,-18.08,STOP_LOSS
short,2022-01-19 10:00:00+05:30,2022-01-19 11:25:00+05:30,18042.05,17960.651561209987,17960.651561209987,81.4,TRAIL_SL
short,2022-01-19 11:25:00+05:30,2022-01-19 12:50:00+05:30,17975.95,17901.520681254966,17901.520681254966,74.43,TRAIL_SL
short,2022-01-19 13:20:00+05:30,2022-01-19 14:35:00+05:30,17920.45,17936.75256675767,17936.75256675767,-16.3,STOP_LOSS
short,2022-01-20 14:05:00+05:30,2022-01-20 15:00:00+05:30,17712.35,17730.09372908653,17730.09372908653,-17.74,STOP_LOSS
short,2022-01-21 10:05:00+05:30,2022-01-21 11:00:00+05:30,17652.55,17584.04147534112,17584.04147534112,68.51,TRAIL_SL
short,2022-01-21 11:05:00+05:30,2022-01-21 11:10:00+05:30,17588.75,17609.910530120163,17609.910530120163,-21.16,STOP_LOSS
short,2022-01-24 11:00:00+05:30,2022-01-24 12:30:00+05:30,17416.15,17253.188356746214,17253.188356746214,162.96,TRAIL_SL
short,2022-01-24 13:10:00+05:30,2022-01-24 14:15:00+05:30,17252.45,17028.642253262697,17028.642253262697,223.81,TRAIL_SL
short,2022-01-24 14:15:00+05:30,2022-01-24 14:55:00+05:30,17115.6,17063.01239593404,17063.01239593404,52.59,TRAIL_SL
short,2022-01-25 11:05:00+05:30,2022-01-25 11:15:00+05:30,17047.1,17078.222611233585,17078.222611233585,-31.12,STOP_LOSS
short,2022-01-27 09:55:00+05:30,2022-01-27 10:40:00+05:30,17036.6,16989.795572390867,16989.795572390867,46.8,TRAIL_SL
short,2022-01-27 10:40:00+05:30,2022-01-27 12:25:00+05:30,16993.1,16884.565876193727,16884.565876193727,108.53,TRAIL_SL
long,2022-01-28 10:30:00+05:30,2022-01-28 13:40:00+05:30,17318.2,17280.974142942934,17280.974142942934,-37.23,STOP_LOSS
long,2022-01-31 10:00:00+05:30,2022-01-31 12:30:00+05:30,17301.7,17387.94661104473,17387.94661104473,86.25,TRAIL_SL
long,2022-01-31 12:35:00+05:30,2022-01-31 13:35:00+05:30,17373.1,17350.57423834265,17350.57423834265,-22.53,STOP_LOSS
long,2022-01-31 14:55:00+05:30,2022-01-31 15:00:00+05:30,17385.05,17357.215449215328,17357.215449215328,-27.83,STOP_LOSS
long,2022-02-01 10:40:00+05:30,2022-02-01 11:30:00+05:30,17562.05,17532.297738485744,17532.297738485744,-29.75,STOP_LOSS
short,2022-02-01 13:25:00+05:30,2022-02-01 13:45:00+05:30,17441.3,17500.00377247088,17500.00377247088,-58.7,STOP_LOSS
long,2022-02-01 14:50:00+05:30,2022-02-01 15:15:00+05:30,17573.8,17584.55,17526.70668155709,10.75,EOD_EXIT
long,2022-02-02 10:10:00+05:30,2022-02-02 10:35:00+05:30,17722.9,17692.995663475966,17692.995663475966,-29.9,STOP_LOSS
long,2022-02-02 10:50:00+05:30,2022-02-02 15:15:00+05:30,17712.6,17786.7,17686.337938428653,74.1,EOD_EXIT
short,2022-02-03 12:30:00+05:30,2022-02-03 12:35:00+05:30,17651.35,17662.034001888547,17662.034001888547,-10.68,STOP_LOSS
short,2022-02-03 14:00:00+05:30,2022-02-04 09:20:00+05:30,17623.95,17518.8058108544,17518.8058108544,105.14,TRAIL_SL
short,2022-02-04 10:50:00+05:30,2022-02-04 11:10:00+05:30,17546.1,17564.991605397812,17564.991605397812,-18.89,STOP_LOSS
short,2022-02-04 13:15:00+05:30,2022-02-04 13:25:00+05:30,17498.7,17517.39557065875,17517.39557065875,-18.7,STOP_LOSS
short,2022-02-07 11:50:00+05:30,2022-02-07 14:00:00+05:30,17330.25,17142.577878529733,17142.577878529733,187.67,TRAIL_SL
short,2022-02-07 14:20:00+05:30,2022-02-07 15:00:00+05:30,17191.5,17213.102773519244,17213.102773519244,-21.6,STOP_LOSS
long,2022-02-09 11:25:00+05:30,2022-02-09 15:15:00+05:30,17397.9,17466.35,17378.584623413608,68.45,EOD_EXIT
long,2022-02-10 14:00:00+05:30,2022-02-10 15:15:00+05:30,17613.6,17602.1,17595.300885389377,-11.5,EOD_EXIT
short,2022-02-11 10:40:00+05:30,2022-02-11 12:30:00+05:30,17345.1,17364.11051394242,17364.11051394242,-19.01,STOP_LOSS
short,2022-02-11 14:55:00+05:30,2022-02-11 15:00:00+05:30,17370.15,17386.12318141797,17386.12318141797,-15.97,STOP_LOSS
short,2022-02-14 10:00:00+05:30,2022-02-14 12:50:00+05:30,17051.65,16979.296143548996,16979.296143548996,72.35,TRAIL_SL
short,2022-02-15 10:45:00+05:30,2022-02-15 10:55:00+05:30,16883.1,16903.411966783522,16903.411966783522,-20.31,STOP_LOSS
long,2022-02-16 09:45:00+05:30,2022-02-16 10:50:00+05:30,17368.3,17318.67169298347,17318.67169298347,-49.63,STOP_LOSS
long,2022-02-16 12:50:00+05:30,2022-02-16 14:10:00+05:30,17384.7,17464.63972839826,17464.63972839826,79.94,TRAIL_SL
long,2022-02-16 14:10:00+05:30,2022-02-16 14:15:00+05:30,17458.7,17434.006754480302,17434.006754480302,-24.69,STOP_LOSS
long,2022-02-17 13:50:00+05:30,2022-02-17 13:55:00+05:30,17396.3,17373.782655597468,17373.782655597468,-22.52,STOP_LOSS
short,2022-02-18 09:55:00+05:30,2022-02-18 10:00:00+05:30,17274.6,17297.478345902644,17297.478345902644,-22.88,STOP_LOSS
short,2022-02-18 10:15:00+05:30,2022-02-18 11:05:00+05:30,17283.45,17305.710500984205,17305.710500984205,-22.26,STOP_LOSS
short,2022-02-21 09:50:00+05:30,2022-02-21 10:35:00+05:30,17143.65,17169.60127697307,17169.60127697307,-25.95,STOP_LOSS
short,2022-02-22 10:30:00+05:30,2022-02-22 10:55:00+05:30,16950.3,16976.48720141061,16976.48720141061,-26.19,STOP_LOSS
short,2022-02-22 13:15:00+05:30,2022-02-22 13:55:00+05:30,16945.75,16961.12530651289,16961.12530651289,-15.38,STOP_LOSS
short,2022-02-24 10:45:00+05:30,2022-02-24 11:15:00+05:30,16578.4,16607.313029777906,16607.313029777906,-28.91,STOP_LOSS
short,2022-02-24 14:00:00+05:30,2022-02-24 14:35:00+05:30,16467.55,16406.08790361933,16406.08790361933,61.46,TRAIL_SL
short,2022-02-25 13:55:00+05:30,2022-02-25 14:00:00+05:30,16645.65,16669.812826534704,16669.812826534704,-24.16,STOP_LOSS
short,2022-02-28 10:00:00+05:30,2022-02-28 10:30:00+05:30,16456.05,16490.721329090153,16490.721329090153,-34.67,STOP_LOSS
short,2022-03-02 10:50:00+05:30,2022-03-02 12:55:00+05:30,16582.65,16499.325045215934,16499.325045215934,83.32,TRAIL_SL
short,2022-03-03 14:20:00+05:30,2022-03-03 14:30:00+05:30,16526.15,16545.966511194976,16545.966511194976,-19.82,STOP_LOSS
short,2022-03-04 10:45:00+05:30,2022-03-04 11:45:00+05:30,16209.55,16235.107196944653,16235.107196944653,-25.56,STOP_LOSS
short,2022-03-07 14:25:00+05:30,2022-03-07 14:40:00+05:30,15789.15,15816.48918180502,15816.48918180502,-27.34,STOP_LOSS
short,2022-03-08 11:35:00+05:30,2022-03-08 12:00:00+05:30,15783.1,15715.410382551107,15715.410382551107,67.69,TRAIL_SL
long,2022-03-09 10:30:00+05:30,2022-03-09 13:15:00+05:30,16138.65,16306.349292816718,16306.349292816718,167.7,TRAIL_SL
long,2022-03-09 14:40:00+05:30,2022-03-09 15:15:00+05:30,16365.85,16341.65,16338.89102223923,-24.2,EOD_EXIT
long,2022-03-10 10:40:00+05:30,2022-03-10 12:35:00+05:30,16706.3,16671.687567092966,16671.687567092966,-34.61,STOP_LOSS
long,2022-03-14 10:25:00+05:30,2022-03-14 12:10:00+05:30,16663.1,16745.682535976764,16745.682535976764,82.58,TRAIL_SL
long,2022-03-14 12:20:00+05:30,2022-03-14 14:35:00+05:30,16738.3,16852.9707173463,16852.9707173463,114.67,TRAIL_SL
short,2022-03-15 13:35:00+05:30,2022-03-15 14:30:00+05:30,16727.5,16599.98037439161,16599.98037439161,127.52,TRAIL_SL
long,2022-03-16 10:05:00+05:30,2022-03-16 15:25:00+05:30,16874.6,16966.568605612723,16966.568605612723,91.97,TRAIL_SL
long,2022-03-17 10:50:00+05:30,2022-03-17 15:15:00+05:30,17252.85,17292.95,17233.019687267646,40.1,EOD_EXIT
short,2022-03-21 13:40:00+05:30,2022-03-21 14:05:00+05:30,17152.55,17167.46395075566,17167.46395075566,-14.91,STOP_LOSS
short,2022-03-22 10:05:00+05:30,2022-03-22 12:40:00+05:30,17066.15,17086.926741923486,17086.926741923486,-20.78,STOP_LOSS
long,2022-03-23 10:10:00+05:30,2022-03-23 10:20:00+05:30,17360.25,17327.236656591613,17327.236656591613,-33.01,STOP_LOSS
short,2022-03-23 14:00:00+05:30,2022-03-23 14:20:00+05:30,17246.25,17263.544741761936,17263.544741761936,-17.29,STOP_LOSS
short,2022-03-24 09:45:00+05:30,2022-03-24 09:50:00+05:30,17208.8,17232.224198564672,17232.224198564672,-23.42,STOP_LOSS
short,2022-03-24 13:05:00+05:30,2022-03-24 13:25:00+05:30,17179.4,17194.880082882715,17194.880082882715,-15.48,STOP_LOSS
short,2022-03-25 11:10:00+05:30,2022-03-25 13:55:00+05:30,17184.45,17100.301116757124,17100.301116757124,84.15,TRAIL_SL
short,2022-03-25 14:10:00+05:30,2022-03-25 14:15:00+05:30,17103.95,17118.86865585861,17118.86865585861,-14.92,STOP_LOSS
short,2022-03-28 10:50:00+05:30,2022-03-28 11:20:00+05:30,17035.25,17052.006982579955,17052.006982579955,-16.76,STOP_LOSS
long,2022-03-29 10:10:00+05:30,2022-03-29 11:50:00+05:30,17283.55,17254.591384887422,17254.591384887422,-28.96,STOP_LOSS
long,2022-03-30 11:20:00+05:30,2022-03-30 12:45:00+05:30,17491.75,17476.88884153482,17476.88884153482,-14.86,STOP_LOSS
long,2022-03-31 10:05:00+05:30,2022-03-31 10:45:00+05:30,17532.6,17510.15091671,17510.15091671,-22.45,STOP_LOSS
long,2022-04-01 10:45:00+05:30,2022-04-04 10:20:00+05:30,17531.15,18062.695465757577,18062.695465757577,531.55,TRAIL_SL
long,2022-04-04 10:40:00+05:30,2022-04-04 11:05:00+05:30,18030.2,17995.561755023537,17995.561755023537,-34.64,STOP_LOSS
long,2022-04-04 11:15:00+05:30,2022-04-04 12:05:00+05:30,18005.15,17968.177180644227,17968.177180644227,-36.97,STOP_LOSS
long,2022-04-04 14:05:00+05:30,2022-04-04 15:15:00+05:30,17992.15,18064.45,17967.649158961507,72.3,EOD_EXIT
short,2022-04-06 10:15:00+05:30,2022-04-06 11:55:00+05:30,17839.3,17856.831403811255,17856.831403811255,-17.53,STOP_LOSS
short,2022-04-06 13:35:00+05:30,2022-04-06 15:15:00+05:30,17824.2,17802.15,17839.886320600406,22.05,EOD_EXIT
short,2022-04-07 10:10:00+05:30,2022-04-07 11:55:00+05:30,17724.9,17739.420100368905,17739.420100368905,-14.52,STOP_LOSS
short,2022-04-07 14:25:00+05:30,2022-04-07 15:15:00+05:30,17668.45,17632.8,17686.804367396915,35.65,EOD_EXIT
short,2022-04-08 10:25:00+05:30,2022-04-08 10:55:00+05:30,17643.35,17669.126651340885,17669.126651340885,-25.78,STOP_LOSS
long,2022-04-08 14:55:00+05:30,2022-04-08 15:00:00+05:30,17813.7,17792.701022279438,17792.701022279438,-21.0,STOP_LOSS
short,2022-04-11 09:55:00+05:30,2022-04-11 10:25:00+05:30,17698.35,17718.41782752437,17718.41782752437,-20.07,STOP_LOSS
short,2022-04-11 11:10:00+05:30,2022-04-11 11:30:00+05:30,17686.35,17699.172187263255,17699.172187263255,-12.82,STOP_LOSS
short,2022-04-12 10:35:00+05:30,2022-04-12 10:40:00+05:30,17499.65,17517.54734467128,17517.54734467128,-17.9,STOP_LOSS
short,2022-04-12 10:50:00+05:30,2022-04-12 11:45:00+05:30,17504.8,17521.322930738606,17521.322930738606,-16.52,STOP_LOSS
short,2022-04-13 11:00:00+05:30,2022-04-13 12:30:00+05:30,17547.95,17484.7792478043,17484.7792478043,63.17,TRAIL_SL
short,2022-04-13 12:30:00+05:30,2022-04-13 13:15:00+05:30,17495.35,17512.159185121327,17512.159185121327,-16.81,STOP_LOSS
short,2022-04-18 10:40:00+05:30,2022-04-18 13:10:00+05:30,17161.55,17084.33710462709,17084.33710462709,77.21,TRAIL_SL
short,2022-04-18 13:10:00+05:30,2022-04-18 13:20:00+05:30,17098.0,17112.599059344324,17112.599059344324,-14.6,STOP_LOSS
short,2022-04-20 14:35:00+05:30,2022-04-20 14:40:00+05:30,17096.35,17120.03180549032,17120.03180549032,-23.68,STOP_LOSS
long,2022-04-21 12:15:00+05:30,2022-04-21 15:15:00+05:30,17334.4,17389.6,17318.82545764825,55.2,EOD_EXIT
short,2022-04-22 10:30:00+05:30,2022-04-22 10:55:00+05:30,17228.65,17243.14743449788,17243.14743449788,-14.5,STOP_LOSS
short,2022-04-25 10:55:00+05:30,2022-04-25 11:00:00+05:30,17003.6,17022.309636634778,17022.309636634778,-18.71,STOP_LOSS
short,2022-04-25 11:05:00+05:30,2022-04-25 12:35:00+05:30,17004.9,16928.70776051008,16928.70776051008,76.19,TRAIL_SL
short,2022-04-25 12:50:00+05:30,2022-04-25 13:05:00+05:30,16951.55,16970.263564640205,16970.263564640205,-18.71,STOP_LOSS
short,2022-04-27 09:55:00+05:30,2022-04-27 13:15:00+05:30,17084.45,16981.334683987516,16981.334683987516,103.12,TRAIL_SL
short,2022-04-27 13:15:00+05:30,2022-04-27 13:20:00+05:30,16993.1,17007.041042700428,17007.041042700428,-13.94,STOP_LOSS
long,2022-04-29 10:45:00+05:30,2022-04-29 14:15:00+05:30,17305.5,17280.834807679537,17280.834807679537,-24.67,STOP_LOSS
short,2022-05-02 10:20:00+05:30,2022-05-02 10:35:00+05:30,16988.5,17012.715136330808,17012.715136330808,-24.22,STOP_LOSS
short,2022-05-02 10:45:00+05:30,2022-05-02 12:25:00+05:30,17006.9,17026.89098569702,17026.89098569702,-19.99,STOP_LOSS
short,2022-05-04 11:50:00+05:30,2022-05-04 13:00:00+05:30,16948.2,16856.496669958244,16856.496669958244,91.7,TRAIL_SL
short,2022-05-04 13:05:00+05:30,2022-05-04 13:15:00+05:30,16873.2,16892.096334777136,16892.096334777136,-18.9,STOP_LOSS
short,2022-05-04 13:30:00+05:30,2022-05-04 13:40:00+05:30,16889.6,16907.676813041522,16907.676813041522,-18.08,STOP_LOSS
short,2022-05-05 14:50:00+05:30,2022-05-05 15:15:00+05:30,16720.6,16690.25,16745.392403529746,30.35,EOD_EXIT
short,2022-05-06 10:30:00+05:30,2022-05-06 13:25:00+05:30,16403.95,16431.15076493819,16431.15076493819,-27.2,STOP_LOSS
short,2022-05-09 09:45:00+05:30,2022-05-09 11:35:00+05:30,16242.05,16279.293790428468,16279.293790428468,-37.24,STOP_LOSS
short,2022-05-11 10:45:00+05:30,2022-05-11 13:25:00+05:30,16129.15,16034.100948053256,16034.100948053256,95.05,TRAIL_SL
short,2022-05-12 10:25:00+05:30,2022-05-12 11:30:00+05:30,15907.05,15845.158883206464,15845.158883206464,61.89,TRAIL_SL
short,2022-05-12 11:30:00+05:30,2022-05-12 11:35:00+05:30,15851.45,15868.90095145496,15868.90095145496,-17.45,STOP_LOSS
short,2022-05-12 12:40:00+05:30,2022-05-12 13:15:00+05:30,15850.25,15868.299912037382,15868.299912037382,-18.05,STOP_LOSS
short,2022-05-16 12:15:00+05:30,2022-05-16 12:50:00+05:30,15843.3,15794.301660368763,15794.301660368763,49.0,TRAIL_SL
long,2022-05-17 12:15:00+05:30,2022-05-17 14:35:00+05:30,16120.25,16212.689055851866,16212.689055851866,92.44,TRAIL_SL
long,2022-05-18 10:50:00+05:30,2022-05-18 11:05:00+05:30,16350.4,16320.975703958684,16320.975703958684,-29.42,STOP_LOSS
long,2022-05-18 13:50:00+05:30,2022-05-18 14:05:00+05:30,16303.2,16268.6450733456,16268.6450733456,-34.55,STOP_LOSS
short,2022-05-19 10:55:00+05:30,2022-05-19 12:00:00+05:30,15946.6,15881.48988615194,15881.48988615194,65.11,TRAIL_SL
short,2022-05-19 13:15:00+05:30,2022-05-19 13:25:00+05:30,15840.75,15853.914429063458,15853.914429063458,-13.16,STOP_LOSS
short,2022-05-19 13:35:00+05:30,2022-05-19 13:50:00+05:30,15836.45,15851.481746834203,15851.481746834203,-15.03,STOP_LOSS
long,2022-05-20 11:15:00+05:30,2022-05-20 12:05:00+05:30,16174.3,16155.220185814964,16155.220185814964,-19.08,STOP_LOSS
long,2022-05-20 13:30:00+05:30,2022-05-20 15:15:00+05:30,16196.35,16267.545360086939,16267.545360086939,71.2,TRAIL_SL
long,2022-05-23 10:20:00+05:30,2022-05-23 12:30:00+05:30,16304.7,16381.596977278421,16381.596977278421,76.9,TRAIL_SL
short,2022-05-24 10:25:00+05:30,2022-05-24 11:30:00+05:30,16152.4,16173.017269802427,16173.017269802427,-20.62,STOP_LOSS
short,2022-05-24 13:30:00+05:30,2022-05-24 14:35:00+05:30,16182.0,16107.875482335796,16107.875482335796,74.12,TRAIL_SL
short,2022-05-25 14:00:00+05:30,2022-05-25 14:10:00+05:30,16037.35,16052.447014624255,16052.447014624255,-15.1,STOP_LOSS
short,2022-05-26 11:45:00+05:30,2022-05-26 12:10:00+05:30,15925.9,15940.543946950771,15940.543946950771,-14.64,STOP_LOSS
long,2022-05-27 10:10:00+05:30,2022-05-27 12:10:00+05:30,16280.2,16239.622822714195,16239.622822714195,-40.58,STOP_LOSS
long,2022-05-27 14:05:00+05:30,2022-05-27 14:30:00+05:30,16346.6,16316.85211743075,16316.85211743075,-29.75,STOP_LOSS
long,2022-05-30 11:55:00+05:30,2022-05-30 12:15:00+05:30,16674.9,16655.586202488106,16655.586202488106,-19.31,STOP_LOSS
long,2022-05-31 11:25:00+05:30,2022-05-31 13:10:00+05:30,16639.9,16620.99958539602,16620.99958539602,-18.9,STOP_LOSS
short,2022-06-01 10:05:00+05:30,2022-06-01 10:15:00+05:30,16571.55,16594.06986835936,16594.06986835936,-22.52,STOP_LOSS
short,2022-06-01 14:00:00+05:30,2022-06-01 15:10:00+05:30,16511.6,16527.284323271648,16527.284323271648,-15.68,STOP_LOSS
long,2022-06-02 14:25:00+05:30,2022-06-02 15:15:00+05:30,16611.3,16633.5,16588.21394088579,22.2,EOD_EXIT
long,2022-06-03 10:10:00+05:30,2022-06-03 10:40:00+05:30,16754.6,16729.54281846207,16729.54281846207,-25.06,STOP_LOSS
short,2022-06-06 09:50:00+05:30,2022-06-06 12:10:00+05:30,16524.95,16549.452833717693,16549.452833717693,-24.5,STOP_LOSS
short,2022-06-07 10:10:00+05:30,2022-06-07 11:30:00+05:30,16427.9,16364.170862786628,16364.170862786628,63.73,TRAIL_SL
short,2022-06-07 11:45:00+05:30,2022-06-07 11:50:00+05:30,16376.85,16388.618188570592,16388.618188570592,-11.77,STOP_LOSS
short,2022-06-08 10:20:00+05:30,2022-06-08 10:30:00+05:30,16369.95,16391.17567151862,16391.17567151862,-21.23,STOP_LOSS
short,2022-06-09 09:45:00+05:30,2022-06-09 10:20:00+05:30,16318.65,16338.29246527585,16338.29246527585,-19.64,STOP_LOSS
short,2022-06-10 10:35:00+05:30,2022-06-10 13:00:00+05:30,16289.3,16217.009560149538,16217.009560149538,72.29,TRAIL_SL
short,2022-06-13 10:30:00+05:30,2022-06-13 11:05:00+05:30,15788.8,15807.144284439417,15807.144284439417,-18.34,STOP_LOSS
short,2022-06-13 12:00:00+05:30,2022-06-13 12:20:00+05:30,15789.85,15799.888212199165,15799.888212199165,-10.04,STOP_LOSS
short,2022-06-13 13:15:00+05:30,2022-06-13 14:00:00+05:30,15767.25,15711.11493953653,15711.11493953653,56.14,TRAIL_SL
short,2022-06-14 14:50:00+05:30,2022-06-14 15:15:00+05:30,15715.95,15731.573458220284,15731.573458220284,-15.62,STOP_LOSS
short,2022-06-15 09:50:00+05:30,2022-06-15 10:05:00+05:30,15711.1,15730.459775011368,15730.459775011368,-19.36,STOP_LOSS
short,2022-06-15 14:55:00+05:30,2022-06-15 15:15:00+05:30,15730.1,15690.25,15741.207798341942,39.85,EOD_EXIT
short,2022-06-16 13:35:00+05:30,2022-06-16 14:25:00+05:30,15462.95,15399.285501064258,15399.285501064258,63.66,TRAIL_SL
short,2022-06-16 14:25:00+05:30,2022-06-17 09:35:00+05:30,15412.75,15234.25766129961,15234.25766129961,178.49,TRAIL_SL
short,2022-06-17 10:00:00+05:30,2022-06-17 11:55:00+05:30,15332.75,15247.702162547495,15247.702162547495,85.05,TRAIL_SL
short,2022-06-17 11:55:00+05:30,2022-06-17 12:15:00+05:30,15260.65,15280.083870784018,15280.083870784018,-19.43,STOP_LOSS
short,2022-06-20 09:50:00+05:30,2022-06-20 10:00:00+05:30,15256.75,15288.028305991706,15288.028305991706,-31.28,STOP_LOSS
short,2022-06-20 14:05:00+05:30,2022-06-20 15:00:00+05:30,15293.2,15312.839868621291,15312.839868621291,-19.64,STOP_LOSS
long,2022-06-21 11:20:00+05:30,2022-06-21 13:30:00+05:30,15571.2,15681.44387445136,15681.44387445136,110.24,TRAIL_SL
long,2022-06-21 13:40:00+05:30,2022-06-21 14:40:00+05:30,15671.5,15650.058116841266,15650.058116841266,-21.44,STOP_LOSS
short,2022-06-22 10:20:00+05:30,2022-06-22 10:30:00+05:30,15463.95,15483.051706757562,15483.051706757562,-19.1,STOP_LOSS
short,2022-06-22 13:50:00+05:30,2022-06-22 14:00:00+05:30,15414.9,15428.939560934958,15428.939560934958,-14.04,STOP_LOSS
long,2022-06-23 10:40:00+05:30,2022-06-23 11:50:00+05:30,15577.35,15554.319127579041,15554.319127579041,-23.03,STOP_LOSS
long,2022-06-24 10:05:00+05:30,2022-06-24 11:50:00+05:30,15684.45,15645.688181462476,15645.688181462476,-38.76,STOP_LOSS
long,2022-06-24 14:30:00+05:30,2022-06-24 15:15:00+05:30,15695.15,15702.2,15669.103532422929,7.05,EOD_EXIT
long,2022-06-27 10:15:00+05:30,2022-06-27 11:50:00+05:30,15868.6,15839.605972061285,15839.605972061285,-28.99,STOP_LOSS
long,2022-06-27 13:45:00+05:30,2022-06-27 14:05:00+05:30,15891.75,15874.942294174865,15874.942294174865,-16.81,STOP_LOSS
short,2022-06-28 10:35:00+05:30,2022-06-28 11:15:00+05:30,15737.65,15749.808425832573,15749.808425832573,-12.16,STOP_LOSS
short,2022-06-29 09:50:00+05:30,2022-06-29 10:15:00+05:30,15752.75,15773.76060648196,15773.76060648196,-21.01,STOP_LOSS
long,2022-06-29 13:45:00+05:30,2022-06-29 15:05:00+05:30,15830.25,15810.969617442996,15810.969617442996,-19.28,STOP_LOSS
long,2022-06-30 10:00:00+05:30,2022-06-30 10:15:00+05:30,15858.5,15832.126759635421,15832.126759635421,-26.37,STOP_LOSS
long,2022-06-30 14:00:00+05:30,2022-06-30 15:10:00+05:30,15814.95,15787.286483083688,15787.286483083688,-27.66,STOP_LOSS
short,2022-07-01 10:20:00+05:30,2022-07-01 10:50:00+05:30,15590.05,15619.201336325932,15619.201336325932,-29.15,STOP_LOSS
short,2022-07-04 10:25:00+05:30,2022-07-04 10:45:00+05:30,15691.0,15709.708826544782,15709.708826544782,-18.71,STOP_LOSS
long,2022-07-04 12:30:00+05:30,2022-07-04 13:45:00+05:30,15763.75,15748.429727869681,15748.429727869681,-15.32,STOP_LOSS
long,2022-07-05 11:50:00+05:30,2022-07-05 12:40:00+05:30,16007.55,15994.511658415606,15994.511658415606,-13.04,STOP_LOSS
long,2022-07-07 09:50:00+05:30,2022-07-07 15:15:00+05:30,16070.85,16137.8,16038.243699839799,66.95,EOD_EXIT
long,2022-07-08 09:55:00+05:30,2022-07-08 12:00:00+05:30,16202.7,16176.820082988173,16176.820082988173,-25.88,STOP_LOSS
short,2022-07-11 09:45:00+05:30,2022-07-11 13:35:00+05:30,16157.8,16176.28383874296,16176.28383874296,-18.48,STOP_LOSS
long,2022-07-11 14:55:00+05:30,2022-07-11 15:15:00+05:30,16227.0,16208.4,16207.36373193342,-18.6,EOD_EXIT
short,2022-07-12 10:00:00+05:30,2022-07-12 13:05:00+05:30,16146.25,16078.719224874518,16078.719224874518,67.53,TRAIL_SL
short,2022-07-13 11:10:00+05:30,2022-07-13 11:15:00+05:30,16077.5,16086.618034767396,16086.618034767396,-9.12,STOP_LOSS
short,2022-07-13 14:35:00+05:30,2022-07-13 15:15:00+05:30,15993.65,15974.05,16005.122728569142,19.6,EOD_EXIT
short,2022-07-14 12:30:00+05:30,2022-07-14 12:55:00+05:30,15964.85,15977.682260996702,15977.682260996702,-12.83,STOP_LOSS
short,2022-07-14 13:45:00+05:30,2022-07-14 14:15:00+05:30,15938.3,15884.489359615018,15884.489359615018,53.81,TRAIL_SL
short,2022-07-14 14:30:00+05:30,2022-07-14 15:00:00+05:30,15892.45,15908.421923455915,15908.421923455915,-15.97,STOP_LOSS
long,2022-07-18 10:35:00+05:30,2022-07-18 14:55:00+05:30,16176.5,16256.604005656453,16256.604005656453,80.1,TRAIL_SL
long,2022-07-19 10:25:00+05:30,2022-07-19 11:45:00+05:30,16284.1,16265.186569030317,16265.186569030317,-18.91,STOP_LOSS
long,2022-07-21 10:30:00+05:30,2022-07-21 13:10:00+05:30,16559.8,16545.128269680976,16545.128269680976,-14.67,STOP_LOSS
long,2022-07-21 14:45:00+05:30,2022-07-21 15:15:00+05:30,16576.9,16617.75,16559.66155461124,40.85,EOD_EXIT
long,2022-07-22 10:05:00+05:30,2022-07-22 10:35:00+05:30,16643.55,16621.751881500604,16621.751881500604,-21.8,STOP_LOSS
long,2022-07-22 14:50:00+05:30,2022-07-22 15:15:00+05:30,16724.5,16716.2,16705.66462460896,-8.3,EOD_EXIT
short,2022-07-25 10:15:00+05:30,2022-07-25 14:05:00+05:30,16626.85,16644.27771526463,16644.27771526463,-17.43,STOP_LOSS
long,2022-07-25 14:50:00+05:30,2022-07-25 15:10:00+05:30,16661.35,16643.60840214211,16643.60840214211,-17.74,STOP_LOSS
short,2022-07-26 10:20:00+05:30,2022-07-26 12:20:00+05:30,16532.75,16544.526830398467,16544.526830398467,-11.78,STOP_LOSS
long,2022-07-27 13:40:00+05:30,2022-07-27 13:45:00+05:30,16599.9,16584.870061668124,16584.870061668124,-15.03,STOP_LOSS
long,2022-07-27 14:40:00+05:30,2022-07-27 15:15:00+05:30,16601.9,16648.0,16586.018908495498,46.1,EOD_EXIT
long,2022-07-28 12:55:00+05:30,2022-07-28 14:40:00+05:30,16900.6,16887.761761434303,16887.761761434303,-12.84,STOP_LOSS
long,2022-07-29 10:10:00+05:30,2022-07-29 10:25:00+05:30,17109.3,17083.162335300098,17083.162335300098,-26.14,STOP_LOSS
long,2022-07-29 11:00:00+05:30,2022-07-29 15:25:00+05:30,17070.2,17160.231935146945,17160.231935146945,90.03,TRAIL_SL
long,2022-08-01 10:50:00+05:30,2022-08-01 12:05:00+05:30,17273.0,17255.13478874215,17255.13478874215,-17.87,STOP_LOSS
long,2022-08-01 14:15:00+05:30,2022-08-01 15:15:00+05:30,17304.55,17344.1,17292.70421162416,39.55,EOD_EXIT
long,2022-08-03 14:35:00+05:30,2022-08-03 15:15:00+05:30,17308.85,17390.207068297485,17390.207068297485,81.36,TRAIL_SL
short,2022-08-04 12:25:00+05:30,2022-08-04 12:50:00+05:30,17287.35,17314.716725558817,17314.716725558817,-27.37,STOP_LOSS
short,2022-08-04 14:15:00+05:30,2022-08-04 14:40:00+05:30,17302.45,17320.572849524484,17320.572849524484,-18.12,STOP_LOSS
long,2022-08-05 10:00:00+05:30,2022-08-05 13:00:00+05:30,17428.15,17397.166302295354,17397.166302295354,-30.98,STOP_LOSS
short,2022-08-05 14:55:00+05:30,2022-08-05 15:00:00+05:30,17387.8,17404.04622710573,17404.04622710573,-16.25,STOP_LOSS
long,2022-08-08 11:10:00+05:30,2022-08-08 15:15:00+05:30,17457.5,17518.0,17440.706375809114,60.5,EOD_EXIT
short,2022-08-10 10:05:00+05:30,2022-08-10 10:10:00+05:30,17476.05,17495.885825407644,17495.885825407644,-19.84,STOP_LOSS
long,2022-08-10 14:35:00+05:30,2022-08-10 15:15:00+05:30,17521.7,17534.0,17506.326387933772,12.3,EOD_EXIT
long,2022-08-11 10:10:00+05:30,2022-08-11 13:25:00+05:30,17673.2,17650.886574411375,17650.886574411375,-22.31,STOP_LOSS
long,2022-08-12 13:50:00+05:30,2022-08-12 14:25:00+05:30,17707.8,17694.07427813771,17694.07427813771,-13.73,STOP_LOSS
long,2022-08-16 10:35:00+05:30,2022-08-16 11:20:00+05:30,17820.35,17806.0386453885,17806.0386453885,-14.31,STOP_LOSS
short,2022-08-19 12:35:00+05:30,2022-08-19 13:05:00+05:30,17787.75,17806.56830923405,17806.56830923405,-18.82,STOP_LOSS
short,2022-08-22 11:00:00+05:30,2022-08-22 12:30:00+05:30,17571.75,17586.77464306436,17586.77464306436,-15.02,STOP_LOSS
short,2022-08-23 11:15:00+05:30,2022-08-23 11:20:00+05:30,17452.25,17473.576088728587,17473.576088728587,-21.33,STOP_LOSS
short,2022-08-24 13:30:00+05:30,2022-08-24 13:40:00+05:30,17543.15,17555.011860914095,17555.011860914095,-11.86,STOP_LOSS
long,2022-08-25 10:10:00+05:30,2022-08-25 11:15:00+05:30,17694.35,17675.957463274444,17675.957463274444,-18.39,STOP_LOSS
short,2022-08-26 11:25:00+05:30,2022-08-26 12:00:00+05:30,17602.0,17614.33150171976,17614.33150171976,-12.33,STOP_LOSS
short,2022-08-26 13:40:00+05:30,2022-08-26 14:00:00+05:30,17584.95,17599.37533893391,17599.37533893391,-14.43,STOP_LOSS
short,2022-08-29 09:55:00+05:30,2022-08-29 12:25:00+05:30,17315.75,17347.317293658863,17347.317293658863,-31.57,STOP_LOSS
long,2022-08-30 13:50:00+05:30,2022-08-30 15:25:00+05:30,17648.6,17761.471739690318,17761.471739690318,112.87,TRAIL_SL
short,2022-09-01 14:10:00+05:30,2022-09-01 14:30:00+05:30,17518.5,17539.041081675045,17539.041081675045,-20.54,STOP_LOSS
short,2022-09-02 10:20:00+05:30,2022-09-02 10:40:00+05:30,17512.65,17534.122807518816,17534.122807518816,-21.47,STOP_LOSS
long,2022-09-02 13:35:00+05:30,2022-09-02 14:40:00+05:30,17582.7,17568.69418985943,17568.69418985943,-14.01,STOP_LOSS
long,2022-09-05 10:40:00+05:30,2022-09-05 15:15:00+05:30,17640.0,17666.25,17618.621707303002,26.25,EOD_EXIT
short,2022-09-06 10:45:00+05:30,2022-09-06 11:05:00+05:30,17623.1,17639.22338590348,17639.22338590348,-16.12,STOP_LOSS
short,2022-09-07 10:00:00+05:30,2022-09-07 11:50:00+05:30,17583.25,17602.408326264995,17602.408326264995,-19.16,STOP_LOSS
long,2022-09-08 10:25:00+05:30,2022-09-08 10:40:00+05:30,17764.5,17743.721693134878,17743.721693134878,-20.78,STOP_LOSS
long,2022-09-08 11:00:00+05:30,2022-09-08 11:15:00+05:30,17752.7,17735.831354974012,17735.831354974012,-16.87,STOP_LOSS
long,2022-09-09 10:55:00+05:30,2022-09-09 11:10:00+05:30,17899.5,17884.86686034398,17884.86686034398,-14.63,STOP_LOSS
long,2022-09-12 10:35:00+05:30,2022-09-12 15:15:00+05:30,17943.15,17930.05,17924.757572752926,-13.1,EOD_EXIT
long,2022-09-13 10:50:00+05:30,2022-09-13 15:15:00+05:30,18045.25,18061.3,18029.800313675245,16.05,EOD_EXIT
short,2022-09-14 10:35:00+05:30,2022-09-14 10:50:00+05:30,17919.85,17934.805030626838,17934.805030626838,-14.96,STOP_LOSS
long,2022-09-14 12:45:00+05:30,2022-09-14 15:10:00+05:30,18018.85,17999.564293211013,17999.564293211013,-19.29,STOP_LOSS
short,2022-09-15 11:30:00+05:30,2022-09-15 11:35:00+05:30,17917.3,17934.654144026674,17934.654144026674,-17.35,STOP_LOSS
short,2022-09-15 11:40:00+05:30,2022-09-15 13:05:00+05:30,17920.1,17937.966557068925,17937.966557068925,-17.87,STOP_LOSS
short,2022-09-16 10:50:00+05:30,2022-09-16 13:25:00+05:30,17702.85,17603.172218681895,17603.172218681895,99.68,TRAIL_SL
short,2022-09-16 14:45:00+05:30,2022-09-16 15:15:00+05:30,17574.5,17527.95,17595.33432280269,46.55,EOD_EXIT
long,2022-09-20 10:40:00+05:30,2022-09-20 15:05:00+05:30,17851.25,17831.5078898454,17831.5078898454,-19.74,STOP_LOSS
short,2022-09-21 10:15:00+05:30,2022-09-21 10:30:00+05:30,17786.5,17806.402809564435,17806.402809564435,-19.9,STOP_LOSS
short,2022-09-22 09:50:00+05:30,2022-09-22 11:30:00+05:30,17681.25,17586.936296976004,17586.936296976004,94.31,TRAIL_SL
short,2022-09-22 12:15:00+05:30,2022-09-22 13:00:00+05:30,17570.9,17585.428141283646,17585.428141283646,-14.53,STOP_LOSS
short,2022-09-23 10:30:00+05:30,2022-09-23 12:45:00+05:30,17467.15,17403.59729271387,17403.59729271387,63.55,TRAIL_SL
short,2022-09-23 12:55:00+05:30,2022-09-23 14:35:00+05:30,17409.55,17322.110775918238,17322.110775918238,87.44,TRAIL_SL
short,2022-09-26 10:40:00+05:30,2022-09-26 12:15:00+05:30,17041.5,17065.565065764622,17065.565065764622,-24.07,STOP_LOSS
short,2022-09-27 11:20:00+05:30,2022-09-27 11:30:00+05:30,16982.6,17005.033495484266,17005.033495484266,-22.43,STOP_LOSS
short,2022-09-28 09:45:00+05:30,2022-09-28 10:00:00+05:30,16920.5,16953.570350449292,16953.570350449292,-33.07,STOP_LOSS
short,2022-09-28 10:30:00+05:30,2022-09-28 11:20:00+05:30,16943.05,16966.849619354925,16966.849619354925,-23.8,STOP_LOSS
short,2022-09-29 12:20:00+05:30,2022-09-29 13:25:00+05:30,16896.45,16809.35550713353,16809.35550713353,87.09,TRAIL_SL
short,2022-09-29 13:30:00+05:30,2022-09-29 13:35:00+05:30,16826.05,16844.10928169759,16844.10928169759,-18.06,STOP_LOSS
short,2022-09-29 13:40:00+05:30,2022-09-29 14:30:00+05:30,16826.3,16844.24286047508,16844.24286047508,-17.94,STOP_LOSS
short,2022-09-30 09:50:00+05:30,2022-09-30 10:00:00+05:30,16810.6,16834.75885528657,16834.75885528657,-24.16,STOP_LOSS
long,2022-09-30 13:10:00+05:30,2022-09-30 14:30:00+05:30,17071.95,17165.61431384952,17165.61431384952,93.66,TRAIL_SL
short,2022-10-03 10:20:00+05:30,2022-10-03 11:20:00+05:30,16995.3,17020.280743656323,17020.280743656323,-24.98,STOP_LOSS
long,2022-10-04 11:10:00+05:30,2022-10-04 15:15:00+05:30,17218.95,17277.25,17194.90618497258,58.3,EOD_EXIT
long,2022-10-06 10:40:00+05:30,2022-10-06 11:20:00+05:30,17398.8,17378.173313904215,17378.173313904215,-20.63,STOP_LOSS
short,2022-10-07 09:45:00+05:30,2022-10-07 09:50:00+05:30,17280.55,17298.26338829203,17298.26338829203,-17.71,STOP_LOSS
short,2022-10-07 10:40:00+05:30,2022-10-07 13:50:00+05:30,17277.4,17291.10343555593,17291.10343555593,-13.7,STOP_LOSS
short,2022-10-10 10:45:00+05:30,2022-10-10 11:05:00+05:30,17098.35,17111.214004051842,17111.214004051842,-12.86,STOP_LOSS
short,2022-10-10 14:15:00+05:30,2022-10-10 14:25:00+05:30,17180.65,17197.112329015614,17197.112329015614,-16.46,STOP_LOSS
short,2022-10-11 10:10:00+05:30,2022-10-11 12:00:00+05:30,17175.25,17192.155940165674,17192.155940165674,-16.91,STOP_LOSS
short,2022-10-11 13:35:00+05:30,2022-10-12 09:15:00+05:30,17129.3,16969.936997827182,16969.936997827182,159.36,TRAIL_SL
short,2022-10-13 11:35:00+05:30,2022-10-13 12:55:00+05:30,17014.7,17027.202514660214,17027.202514660214,-12.5,STOP_LOSS
long,2022-10-14 10:45:00+05:30,2022-10-14 13:55:00+05:30,17278.35,17254.695552999056,17254.695552999056,-23.65,STOP_LOSS
short,2022-10-17 09:45:00+05:30,2022-10-17 10:00:00+05:30,17149.0,17169.969488111576,17169.969488111576,-20.97,STOP_LOSS
long,2022-10-17 11:00:00+05:30,2022-10-17 15:15:00+05:30,17246.35,17319.35,17219.41763312794,73.0,EOD_EXIT
long,2022-10-18 11:00:00+05:30,2022-10-18 11:30:00+05:30,17488.15,17467.886141769504,17467.886141769504,-20.26,STOP_LOSS
long,2022-10-19 10:50:00+05:30,2022-10-19 11:05:00+05:30,17588.25,17570.54407768642,17570.54407768642,-17.71,STOP_LOSS
long,2022-10-19 11:10:00+05:30,2022-10-19 11:30:00+05:30,17579.35,17562.23085793189,17562.23085793189,-17.12,STOP_LOSS
short,2022-10-20 10:05:00+05:30,2022-10-20 10:40:00+05:30,17469.55,17485.479222512862,17485.479222512862,-15.93,STOP_LOSS
long,2022-10-21 10:15:00+05:30,2022-10-21 13:40:00+05:30,17632.0,17610.54833793963,17610.54833793963,-21.45,STOP_LOSS
short,2022-10-21 14:55:00+05:30,2022-10-21 15:05:00+05:30,17550.85,17565.887689757234,17565.887689757234,-15.04,STOP_LOSS
long,2022-10-25 14:15:00+05:30,2022-10-25 15:00:00+05:30,17699.15,17686.99947680663,17686.99947680663,-12.15,STOP_LOSS
long,2022-10-27 09:55:00+05:30,2022-10-27 11:20:00+05:30,17745.45,17722.121472359893,17722.121472359893,-23.33,STOP_LOSS
long,2022-10-28 10:25:00+05:30,2022-10-28 10:45:00+05:30,17815.45,17793.486736839437,17793.486736839437,-21.96,STOP_LOSS
long,2022-10-31 10:40:00+05:30,2022-10-31 15:15:00+05:30,17947.1,18016.5,17929.30202694697,69.4,EOD_EXIT
long,2022-11-01 11:05:00+05:30,2022-11-01 11:25:00+05:30,18159.05,18144.667300867844,18144.667300867844,-14.38,STOP_LOSS
short,2022-11-02 14:15:00+05:30,2022-11-02 14:30:00+05:30,18065.15,18074.307758220657,18074.307758220657,-9.16,STOP_LOSS
long,2022-11-07 09:45:00+05:30,2022-11-07 10:15:00+05:30,18163.45,18137.405397847237,18137.405397847237,-26.04,STOP_LOSS
long,2022-11-09 10:10:00+05:30,2022-11-09 10:50:00+05:30,18222.95,18199.684484739384,18199.684484739384,-23.27,STOP_LOSS
short,2022-11-10 10:15:00+05:30,2022-11-10 11:30:00+05:30,18039.35,18053.33582307411,18053.33582307411,-13.99,STOP_LOSS
short,2022-11-10 13:05:00+05:30,2022-11-10 13:15:00+05:30,17991.4,17999.84897882523,17999.84897882523,-8.45,STOP_LOSS
long,2022-11-11 10:30:00+05:30,2022-11-11 15:15:00+05:30,18292.0,18346.85,18266.62866439181,54.85,EOD_EXIT
long,2022-11-14 09:55:00+05:30,2022-11-14 10:15:00+05:30,18367.2,18345.99422441488,18345.99422441488,-21.21,STOP_LOSS
short,2022-11-15 10:05:00+05:30,2022-11-15 12:35:00+05:30,18311.8,18325.16642325485,18325.16642325485,-13.37,STOP_LOSS
long,2022-11-15 13:30:00+05:30,2022-11-15 15:15:00+05:30,18330.7,18418.0,18319.011267509555,87.3,EOD_EXIT
short,2022-11-18 11:25:00+05:30,2022-11-18 11:40:00+05:30,18246.65,18256.898397634024,18256.898397634024,-10.25,STOP_LOSS
short,2022-11-21 10:10:00+05:30,2022-11-21 15:15:00+05:30,18179.05,18156.35,18192.254096703837,22.7,EOD_EXIT
long,2022-11-23 10:00:00+05:30,2022-11-23 10:20:00+05:30,18277.15,18259.17939909311,18259.17939909311,-17.97,STOP_LOSS
long,2022-11-24 11:00:00+05:30,2022-11-25 09:15:00+05:30,18364.45,18507.92716494524,18507.92716494524,143.48,TRAIL_SL
long,2022-11-25 10:05:00+05:30,2022-11-25 15:15:00+05:30,18470.05,18510.9,18446.48469101015,40.85,EOD_EXIT
long,2022-11-28 09:55:00+05:30,2022-11-28 15:15:00+05:30,18531.25,18553.7,18509.98471094077,22.45,EOD_EXIT
long,2022-11-29 11:20:00+05:30,2022-11-29 11:50:00+05:30,18649.7,18639.661753574514,18639.661753574514,-10.04,STOP_LOSS
long,2022-12-01 10:00:00+05:30,2022-12-01 13:30:00+05:30,18835.55,18811.8331904263,18811.8331904263,-23.72,STOP_LOSS
short,2022-12-02 10:55:00+05:30,2022-12-02 11:05:00+05:30,18700.9,18709.295760571487,18709.295760571487,-8.4,STOP_LOSS
short,2022-12-02 11:15:00+05:30,2022-12-02 15:15:00+05:30,18704.35,18696.8,18712.342384546806,7.55,EOD_EXIT
short,2022-12-05 10:40:00+05:30,2022-12-05 11:10:00+05:30,18622.3,18632.110055084162,18632.110055084162,-9.81,STOP_LOSS
short,2022-12-06 10:00:00+05:30,2022-12-06 10:35:00+05:30,18621.95,18638.0853767659,18638.0853767659,-16.14,STOP_LOSS
short,2022-12-09 13:25:00+05:30,2022-12-09 14:20:00+05:30,18492.3,18427.490435652795,18427.490435652795,64.81,TRAIL_SL
short,2022-12-09 14:40:00+05:30,2022-12-09 14:45:00+05:30,18447.25,18461.48812367874,18461.48812367874,-14.24,STOP_LOSS
short,2022-12-12 13:55:00+05:30,2022-12-12 15:00:00+05:30,18457.75,18467.480962953672,18467.480962953672,-9.73,STOP_LOSS
long,2022-12-13 12:05:00+05:30,2022-12-13 14:20:00+05:30,18580.35,18568.511546519327,18568.511546519327,-11.84,STOP_LOSS
long,2022-12-14 09:55:00+05:30,2022-12-14 13:45:00+05:30,18669.3,18650.162943311036,18650.162943311036,-19.14,STOP_LOSS
short,2022-12-15 10:30:00+05:30,2022-12-15 14:00:00+05:30,18583.2,18506.990959896866,18506.990959896866,76.21,TRAIL_SL
short,2022-12-20 10:45:00+05:30,2022-12-20 12:20:00+05:30,18240.9,18254.595327606075,18254.595327606075,-13.7,STOP_LOSS
long,2022-12-21 10:05:00+05:30,2022-12-21 10:20:00+05:30,18394.25,18364.673279668692,18364.673279668692,-29.58,STOP_LOSS
short,2022-12-21 13:05:00+05:30,2022-12-21 14:05:00+05:30,18295.45,18200.50458374814,18200.50458374814,94.95,TRAIL_SL
short,2022-12-21 14:20:00+05:30,2022-12-21 14:25:00+05:30,18221.2,18246.779181146438,18246.779181146438,-25.58,STOP_LOSS
short,2022-12-22 11:20:00+05:30,2022-12-22 14:00:00+05:30,18141.2,18159.466013200326,18159.466013200326,-18.27,STOP_LOSS
short,2022-12-23 10:55:00+05:30,2022-12-23 12:00:00+05:30,17946.35,17880.868184739265,17880.868184739265,65.48,TRAIL_SL
short,2022-12-23 12:05:00+05:30,2022-12-23 12:15:00+05:30,17898.05,17913.818505539213,17913.818505539213,-15.77,STOP_LOSS
long,2022-12-27 11:20:00+05:30,2022-12-27 14:55:00+05:30,18046.75,18126.534819588396,18126.534819588396,79.78,TRAIL_SL
long,2022-12-28 14:15:00+05:30,2022-12-28 14:50:00+05:30,18153.5,18137.992160381902,18137.992160381902,-15.51,STOP_LOSS
short,2022-12-29 10:50:00+05:30,2022-12-29 11:40:00+05:30,18016.25,18025.86277227091,18025.86277227091,-9.61,STOP_LOSS
long,2022-12-30 10:00:00+05:30,2022-12-30 11:45:00+05:30,18234.8,18206.79288699955,18206.79288699955,-28.01,STOP_LOSS
long,2023-01-02 11:20:00+05:30,2023-01-02 12:25:00+05:30,18183.7,18168.544984485463,18168.544984485463,-15.16,STOP_LOSS
short,2023-01-02 14:30:00+05:30,2023-01-02 14:45:00+05:30,18158.75,18170.797729870796,18170.797729870796,-12.05,STOP_LOSS
long,2023-01-03 10:45:00+05:30,2023-01-03 12:10:00+05:30,18219.55,18204.61310474794,18204.61310474794,-14.94,STOP_LOSS
long,2023-01-03 14:55:00+05:30,2023-01-03 15:15:00+05:30,18231.65,18233.65,18216.841052488013,2.0,EOD_EXIT
short,2023-01-04 10:20:00+05:30,2023-01-04 10:30:00+05:30,18147.65,18161.07879223005,18161.07879223005,-13.43,STOP_LOSS
short,2023-01-04 12:40:00+05:30,2023-01-04 12:45:00+05:30,18059.05,18069.16942596616,18069.16942596616,-10.12,STOP_LOSS
short,2023-01-04 12:50:00+05:30,2023-01-04 13:00:00+05:30,18062.85,18073.01914661458,18073.01914661458,-10.17,STOP_LOSS
short,2023-01-05 13:10:00+05:30,2023-01-05 15:00:00+05:30,17949.15,17961.28630995303,17961.28630995303,-12.14,STOP_LOSS
short,2023-01-06 11:30:00+05:30,2023-01-06 11:40:00+05:30,17924.1,17935.592281383506,17935.592281383506,-11.49,STOP_LOSS
short,2023-01-06 13:35:00+05:30,2023-01-06 13:45:00+05:30,17829.0,17842.541393883814,17842.541393883814,-13.54,STOP_LOSS
short,2023-01-06 14:40:00+05:30,2023-01-06 14:50:00+05:30,17831.85,17846.9896505158,17846.9896505158,-15.14,STOP_LOSS
long,2023-01-09 12:15:00+05:30,2023-01-09 12:25:00+05:30,18124.05,18106.850029429963,18106.850029429963,-17.2,STOP_LOSS
short,2023-01-10 10:15:00+05:30,2023-01-10 13:00:00+05:30,18004.7,17891.46768641948,17891.46768641948,113.23,TRAIL_SL
short,2023-01-10 13:25:00+05:30,2023-01-10 15:05:00+05:30,17905.65,17917.35898308793,17917.35898308793,-11.71,STOP_LOSS
short,2023-01-12 11:00:00+05:30,2023-01-12 14:20:00+05:30,17835.5,17846.803382433463,17846.803382433463,-11.3,STOP_LOSS
short,2023-01-13 10:15:00+05:30,2023-01-13 10:35:00+05:30,17798.25,17814.944770609614,17814.944770609614,-16.69,STOP_LOSS
long,2023-01-13 13:35:00+05:30,2023-01-13 15:15:00+05:30,17948.15,17957.4,17929.326773534594,9.25,EOD_EXIT
short,2023-01-16 14:55:00+05:30,2023-01-16 15:00:00+05:30,17876.5,17888.822248382137,17888.822248382137,-12.32,STOP_LOSS
long,2023-01-17 14:55:00+05:30,2023-01-17 15:15:00+05:30,17997.75,18064.4,17979.83325640641,66.65,EOD_EXIT
long,2023-01-18 10:25:00+05:30,2023-01-18 15:15:00+05:30,18107.55,18163.95,18088.43574716475,56.4,EOD_EXIT
short,2023-01-19 10:20:00+05:30,2023-01-19 10:25:00+05:30,18086.5,18099.350031971546,18099.350031971546,-12.85,STOP_LOSS
short,2023-01-20 14:45:00+05:30,2023-01-20 15:15:00+05:30,18042.05,18025.15,18053.12130480532,16.9,EOD_EXIT
long,2023-01-23 10:35:00+05:30,2023-01-23 11:50:00+05:30,18146.3,18130.76880848399,18130.76880848399,-15.53,STOP_LOSS
long,2023-01-24 09:50:00+05:30,2023-01-24 10:05:00+05:30,18173.1,18149.32114822273,18149.32114822273,-23.78,STOP_LOSS
short,2023-01-24 14:05:00+05:30,2023-01-24 14:30:00+05:30,18105.65,18115.151561297716,18115.151561297716,-9.5,STOP_LOSS
short,2023-01-25 11:00:00+05:30,2023-01-25 11:35:00+05:30,17934.9,17869.02957075202,17869.02957075202,65.87,TRAIL_SL
short,2023-01-25 11:45:00+05:30,2023-01-25 12:45:00+05:30,17897.95,17913.442395163773,17913.442395163773,-15.49,STOP_LOSS
short,2023-01-27 10:40:00+05:30,2023-01-27 11:55:00+05:30,17732.05,17656.75294703174,17656.75294703174,75.3,TRAIL_SL
short,2023-01-27 11:55:00+05:30,2023-01-27 12:40:00+05:30,17669.05,17563.016350952366,17563.016350952366,106.03,TRAIL_SL
short,2023-01-27 13:10:00+05:30,2023-01-27 13:20:00+05:30,17578.65,17601.601704382498,17601.601704382498,-22.95,STOP_LOSS
short,2023-01-30 11:20:00+05:30,2023-01-30 11:50:00+05:30,17561.7,17582.275854629213,17582.275854629213,-20.58,STOP_LOSS
long,2023-02-01 13:10:00+05:30,2023-02-01 13:20:00+05:30,17915.55,17875.410186985482,17875.410186985482,-40.14,STOP_LOSS
short,2023-02-02 10:05:00+05:30,2023-02-02 12:00:00+05:30,17581.3,17626.560283779647,17626.560283779647,-45.26,STOP_LOSS
short,2023-02-02 13:45:00+05:30,2023-02-02 14:15:00+05:30,17542.5,17560.70049307901,17560.70049307901,-18.2,STOP_LOSS
long,2023-02-03 12:30:00+05:30,2023-02-03 15:25:00+05:30,17675.15,17846.497694369667,17846.497694369667,171.35,TRAIL_SL
long,2023-02-08 10:30:00+05:30,2023-02-08 10:40:00+05:30,17840.1,17813.684653628556,17813.684653628556,-26.42,STOP_LOSS
long,2023-02-08 10:55:00+05:30,2023-02-08 15:15:00+05:30,17823.75,17873.8,17800.229608677804,50.05,EOD_EXIT
long,2023-02-09 14:15:00+05:30,2023-02-09 15:15:00+05:30,17887.45,17893.3,17868.495715553003,5.85,EOD_EXIT
short,2023-02-13 10:55:00+05:30,2023-02-13 14:40:00+05:30,17780.25,17791.453228929873,17791.453228929873,-11.2,STOP_LOSS
long,2023-02-14 11:25:00+05:30,2023-02-14 15:00:00+05:30,17849.55,17939.704128578745,17939.704128578745,90.15,TRAIL_SL
long,2023-02-15 11:25:00+05:30,2023-02-15 12:05:00+05:30,17934.5,17918.67385647245,17918.67385647245,-15.83,STOP_LOSS
long,2023-02-16 10:10:00+05:30,2023-02-16 11:50:00+05:30,18108.65,18087.250897540027,18087.250897540027,-21.4,STOP_LOSS
short,2023-02-17 10:00:00+05:30,2023-02-17 13:15:00+05:30,18008.35,17930.62660466135,17930.62660466135,77.72,TRAIL_SL
short,2023-02-17 14:10:00+05:30,2023-02-17 14:15:00+05:30,17910.15,17923.15311276743,17923.15311276743,-13.0,STOP_LOSS
short,2023-02-20 14:40:00+05:30,2023-02-20 15:15:00+05:30,17842.15,17843.4,17854.662813663752,-1.25,EOD_EXIT
short,2023-02-21 12:55:00+05:30,2023-02-21 13:10:00+05:30,17843.1,17852.759999235597,17852.759999235597,-9.66,STOP_LOSS
short,2023-02-22 10:55:00+05:30,2023-02-22 14:20:00+05:30,17669.5,17546.0873058041,17546.0873058041,123.41,TRAIL_SL
short,2023-02-24 11:15:00+05:30,2023-02-24 12:35:00+05:30,17525.7,17463.799376971532,17463.799376971532,61.9,TRAIL_SL
short,2023-02-24 13:35:00+05:30,2023-02-24 13:40:00+05:30,17443.45,17454.065436667184,17454.065436667184,-10.62,STOP_LOSS
short,2023-02-27 10:55:00+05:30,2023-02-27 11:00:00+05:30,17327.1,17341.926797889264,17341.926797889264,-14.83,STOP_LOSS
short,2023-02-28 11:10:00+05:30,2023-02-28 12:15:00+05:30,17375.05,17387.919172787915,17387.919172787915,-12.87,STOP_LOSS
short,2023-02-28 14:35:00+05:30,2023-02-28 14:55:00+05:30,17294.65,17307.95395947214,17307.95395947214,-13.3,STOP_LOSS
long,2023-03-01 14:55:00+05:30,2023-03-01 15:15:00+05:30,17451.1,17450.3,17438.07070644959,-0.8,EOD_EXIT
short,2023-03-02 10:20:00+05:30,2023-03-02 10:30:00+05:30,17363.5,17378.124246798554,17378.124246798554,-14.62,STOP_LOSS
short,2023-03-02 10:45:00+05:30,2023-03-02 12:00:00+05:30,17374.5,17386.89615004652,17386.89615004652,-12.4,STOP_LOSS
short,2023-03-02 14:15:00+05:30,2023-03-02 14:30:00+05:30,17328.4,17338.29380663243,17338.29380663243,-9.89,STOP_LOSS
long,2023-03-03 11:55:00+05:30,2023-03-03 12:35:00+05:30,17566.6,17552.993432898937,17552.993432898937,-13.61,STOP_LOSS
long,2023-03-06 11:10:00+05:30,2023-03-06 11:20:00+05:30,17779.35,17759.84947202861,17759.84947202861,-19.5,STOP_LOSS
short,2023-03-08 09:50:00+05:30,2023-03-08 10:00:00+05:30,17670.05,17692.086850203148,17692.086850203148,-22.04,STOP_LOSS
long,2023-03-08 14:30:00+05:30,2023-03-08 15:15:00+05:30,17704.95,17757.2,17689.38810346846,52.25,EOD_EXIT
short,2023-03-09 10:30:00+05:30,2023-03-09 11:20:00+05:30,17698.25,17711.238614529077,17711.238614529077,-12.99,STOP_LOSS
short,2023-03-10 10:05:00+05:30,2023-03-10 10:35:00+05:30,17393.35,17412.792034049842,17412.792034049842,-19.44,STOP_LOSS
short,2023-03-10 10:40:00+05:30,2023-03-10 11:05:00+05:30,17406.85,17421.727335090425,17421.727335090425,-14.88,STOP_LOSS
short,2023-03-13 12:20:00+05:30,2023-03-13 12:50:00+05:30,17351.15,17283.99041511173,17283.99041511173,67.16,TRAIL_SL
short,2023-03-13 13:15:00+05:30,2023-03-13 13:45:00+05:30,17284.5,17225.827738962693,17225.827738962693,58.67,TRAIL_SL
short,2023-03-14 10:45:00+05:30,2023-03-14 12:25:00+05:30,17105.15,17126.401622021236,17126.401622021236,-21.25,STOP_LOSS
short,2023-03-14 13:25:00+05:30,2023-03-14 15:15:00+05:30,17044.15,17045.05,17064.602391547305,-0.9,EOD_EXIT
short,2023-03-15 14:05:00+05:30,2023-03-15 15:20:00+05:30,17053.0,16962.167024208935,16962.167024208935,90.83,TRAIL_SL
short,2023-03-16 12:35:00+05:30,2023-03-16 13:00:00+05:30,16934.85,16950.312848966856,16950.312848966856,-15.46,STOP_LOSS
short,2023-03-17 13:05:00+05:30,2023-03-17 13:30:00+05:30,16983.55,16999.618313631676,16999.618313631676,-16.07,STOP_LOSS
short,2023-03-20 10:45:00+05:30,2023-03-20 10:50:00+05:30,16913.95,16931.51051193358,16931.51051193358,-17.56,STOP_LOSS
short,2023-03-20 11:05:00+05:30,2023-03-20 12:40:00+05:30,16932.15,16865.32218289363,16865.32218289363,66.83,TRAIL_SL
long,2023-03-21 10:30:00+05:30,2023-03-21 11:55:00+05:30,17056.6,17031.31201433922,17031.31201433922,-25.29,STOP_LOSS
long,2023-03-21 14:05:00+05:30,2023-03-21 15:15:00+05:30,17092.55,17103.05,17074.533597063648,10.5,EOD_EXIT
long,2023-03-22 09:55:00+05:30,2023-03-22 11:00:00+05:30,17155.8,17127.161564231174,17127.161564231174,-28.64,STOP_LOSS
short,2023-03-24 10:15:00+05:30,2023-03-24 11:55:00+05:30,17059.25,17079.575453785248,17079.575453785248,-20.33,STOP_LOSS
short,2023-03-24 14:55:00+05:30,2023-03-24 15:15:00+05:30,16990.75,16933.25,17005.573157350937,57.5,EOD_EXIT
short,2023-03-27 13:30:00+05:30,2023-03-27 13:50:00+05:30,17009.85,17023.58995191161,17023.58995191161,-13.74,STOP_LOSS
short,2023-03-28 10:20:00+05:30,2023-03-28 14:25:00+05:30,16989.25,16929.639391251254,16929.639391251254,59.61,TRAIL_SL
short,2023-03-28 14:35:00+05:30,2023-03-28 14:55:00+05:30,16935.7,16948.29962280314,16948.29962280314,-12.6,STOP_LOSS
long,2023-03-29 14:20:00+05:30,2023-03-29 14:30:00+05:30,17025.3,17003.83286344869,17003.83286344869,-21.47,STOP_LOSS
long,2023-03-31 10:10:00+05:30,2023-03-31 14:20:00+05:30,17256.9,17363.687040727345,17363.687040727345,106.79,TRAIL_SL
long,2023-03-31 14:30:00+05:30,2023-03-31 15:15:00+05:30,17354.0,17342.0,17337.51651465362,-12.0,EOD_EXIT
long,2023-04-05 11:10:00+05:30,2023-04-05 15:15:00+05:30,17485.95,17562.95,17472.428080987152,77.0,EOD_EXIT
long,2023-04-10 10:05:00+05:30,2023-04-10 14:15:00+05:30,17630.8,17606.345752453264,17606.345752453264,-24.45,STOP_LOSS
long,2023-04-11 10:30:00+05:30,2023-04-11 10:50:00+05:30,17726.95,17709.242114405537,17709.242114405537,-17.71,STOP_LOSS
long,2023-04-11 14:15:00+05:30,2023-04-11 15:15:00+05:30,17703.9,17726.75,17690.972945999987,22.85,EOD_EXIT
long,2023-04-12 10:00:00+05:30,2023-04-12 15:15:00+05:30,17755.85,17820.4,17738.814397222195,64.55,EOD_EXIT
short,2023-04-17 10:15:00+05:30,2023-04-17 10:20:00+05:30,17621.05,17638.358083450283,17638.358083450283,-17.31,STOP_LOSS
short,2023-04-17 10:30:00+05:30,2023-04-17 10:45:00+05:30,17629.2,17645.903610174897,17645.903610174897,-16.7,STOP_LOSS
short,2023-04-17 11:00:00+05:30,2023-04-17 11:45:00+05:30,17646.5,17661.65389262439,17661.65389262439,-15.15,STOP_LOSS
short,2023-04-18 14:10:00+05:30,2023-04-18 14:45:00+05:30,17636.4,17648.00646169061,17648.00646169061,-11.61,STOP_LOSS
short,2023-04-19 14:35:00+05:30,2023-04-19 15:00:00+05:30,17606.25,17615.239377099002,17615.239377099002,-8.99,STOP_LOSS
short,2023-04-20 10:55:00+05:30,2023-04-20 11:30:00+05:30,17614.55,17625.1473335207,17625.1473335207,-10.6,STOP_LOSS
long,2023-04-24 13:55:00+05:30,2023-04-24 15:15:00+05:30,17697.2,17747.15,17685.129869767872,49.95,EOD_EXIT
long,2023-04-25 09:50:00+05:30,2023-04-25 15:15:00+05:30,17742.45,17761.4,17726.039877618794,18.95,EOD_EXIT
short,2023-04-26 09:55:00+05:30,2023-04-26 10:05:00+05:30,17738.25,17749.092263821134,17749.092263821134,-10.84,STOP_LOSS
long,2023-04-27 10:10:00+05:30,2023-04-28 09:20:00+05:30,17832.8,17922.64962253334,17922.64962253334,89.85,TRAIL_SL
long,2023-04-28 09:45:00+05:30,2023-04-28 10:10:00+05:30,17909.3,17891.130638641855,17891.130638641855,-18.17,STOP_LOSS
long,2023-05-02 10:20:00+05:30,2023-05-02 11:10:00+05:30,18156.45,18137.53928221079,18137.53928221079,-18.91,STOP_LOSS
short,2023-05-03 09:45:00+05:30,2023-05-03 10:40:00+05:30,18090.15,18104.12998345576,18104.12998345576,-13.98,STOP_LOSS
long,2023-05-04 09:50:00+05:30,2023-05-04 15:20:00+05:30,18110.7,18255.597354389098,18255.597354389098,144.9,TRAIL_SL
long,2023-05-08 10:10:00+05:30,2023-05-08 15:15:00+05:30,18193.75,18274.1,18173.00597688931,80.35,EOD_EXIT
long,2023-05-09 10:30:00+05:30,2023-05-09 12:50:00+05:30,18323.95,18310.470929503586,18310.470929503586,-13.48,STOP_LOSS
short,2023-05-09 14:50:00+05:30,2023-05-09 15:15:00+05:30,18262.7,18259.55,18275.031275144574,3.15,EOD_EXIT
short,2023-05-10 10:15:00+05:30,2023-05-10 10:25:00+05:30,18236.65,18249.67842518595,18249.67842518595,-13.03,STOP_LOSS
long,2023-05-11 10:55:00+05:30,2023-05-11 11:45:00+05:30,18335.55,18316.172083893754,18316.172083893754,-19.38,STOP_LOSS
short,2023-05-12 09:55:00+05:30,2023-05-12 10:15:00+05:30,18234.2,18250.202367509908,18250.202367509908,-16.0,STOP_LOSS
long,2023-05-12 14:15:00+05:30,2023-05-12 15:15:00+05:30,18323.9,18314.4,18311.44858961792,-9.5,EOD_EXIT
long,2023-05-15 10:30:00+05:30,2023-05-15 15:15:00+05:30,18376.45,18390.8,18362.34051730518,14.35,EOD_EXIT
short,2023-05-17 09:55:00+05:30,2023-05-17 12:20:00+05:30,18266.75,18151.74411576203,18151.74411576203,115.01,TRAIL_SL
short,2023-05-17 12:30:00+05:30,2023-05-17 14:40:00+05:30,18158.7,18168.11736883591,18168.11736883591,-9.42,STOP_LOSS
short,2023-05-18 14:25:00+05:30,2023-05-18 15:15:00+05:30,18180.25,18130.85,18193.805911907704,49.4,EOD_EXIT
short,2023-05-19 10:25:00+05:30,2023-05-19 11:10:00+05:30,18091.25,18105.000338320602,18105.000338320602,-13.75,STOP_LOSS
long,2023-05-23 10:15:00+05:30,2023-05-23 14:50:00+05:30,18385.45,18365.820378940207,18365.820378940207,-19.63,STOP_LOSS
short,2023-05-24 14:05:00+05:30,2023-05-24 14:30:00+05:30,18309.8,18317.79662026346,18317.79662026346,-8.0,STOP_LOSS
short,2023-05-25 10:35:00+05:30,2023-05-25 14:50:00+05:30,18260.5,18272.654597092955,18272.654597092955,-12.15,STOP_LOSS
long,2023-05-26 14:50:00+05:30,2023-05-26 15:15:00+05:30,18484.35,18498.0,18471.09114656108,13.65,EOD_EXIT
long,2023-05-29 10:05:00+05:30,2023-05-29 15:15:00+05:30,18593.15,18593.6,18568.689797816965,0.45,EOD_EXIT
short,2023-05-31 10:10:00+05:30,2023-05-31 11:55:00+05:30,18569.15,18499.977525583636,18499.977525583636,69.17,TRAIL_SL
short,2023-05-31 12:15:00+05:30,2023-05-31 13:55:00+05:30,18509.4,18517.690523615678,18517.690523615678,-8.29,STOP_LOSS
short,2023-06-01 14:25:00+05:30,2023-06-01 15:15:00+05:30,18529.65,18468.4,18539.344265976884,61.25,EOD_EXIT
long,2023-06-05 10:30:00+05:30,2023-06-05 15:00:00+05:30,18615.1,18599.995872704054,18599.995872704054,-15.1,STOP_LOSS
long,2023-06-07 10:00:00+05:30,2023-06-07 15:15:00+05:30,18647.9,18723.2,18629.923304629152,75.3,EOD_EXIT
long,2023-06-08 10:05:00+05:30,2023-06-08 11:40:00+05:30,18748.65,18732.427687091564,18732.427687091564,-16.22,STOP_LOSS
short,2023-06-09 10:35:00+05:30,2023-06-09 14:30:00+05:30,18635.2,18566.485281914134,18566.485281914134,68.71,TRAIL_SL
short,2023-06-09 14:50:00+05:30,2023-06-09 15:15:00+05:30,18575.3,18563.35,18584.477223051927,11.95,EOD_EXIT
long,2023-06-13 10:50:00+05:30,2023-06-13 13:55:00+05:30,18697.05,18688.088599493178,18688.088599493178,-8.96,STOP_LOSS
long,2023-06-16 10:00:00+05:30,2023-06-16 15:00:00+05:30,18754.4,18844.118067450392,18844.118067450392,89.72,TRAIL_SL
long,2023-06-19 09:45:00+05:30,2023-06-19 10:00:00+05:30,18843.9,18824.96285286171,18824.96285286171,-18.94,STOP_LOSS
short,2023-06-19 11:20:00+05:30,2023-06-19 12:15:00+05:30,18784.0,18792.35556057825,18792.35556057825,-8.36,STOP_LOSS
short,2023-06-20 10:05:00+05:30,2023-06-20 11:30:00+05:30,18702.65,18714.426416310373,18714.426416310373,-11.78,STOP_LOSS
long,2023-06-21 10:20:00+05:30,2023-06-21 10:35:00+05:30,18858.5,18840.182946061286,18840.182946061286,-18.32,STOP_LOSS
short,2023-06-22 14:40:00+05:30,2023-06-22 15:15:00+05:30,18801.95,18763.1,18815.57871899942,38.85,EOD_EXIT
short,2023-06-23 09:50:00+05:30,2023-06-23 10:25:00+05:30,18698.5,18716.515851233908,18716.515851233908,-18.02,STOP_LOSS
short,2023-06-23 10:40:00+05:30,2023-06-23 12:00:00+05:30,18709.25,18721.190057452088,18721.190057452088,-11.94,STOP_LOSS
short,2023-06-23 14:40:00+05:30,2023-06-23 14:55:00+05:30,18691.25,18702.465832623377,18702.465832623377,-11.22,STOP_LOSS
long,2023-06-27 14:45:00+05:30,2023-06-27 15:15:00+05:30,18777.15,18817.15,18763.096756566865,40.0,EOD_EXIT
long,2023-06-28 12:15:00+05:30,2023-06-28 15:15:00+05:30,18962.9,18976.3,18949.376383632163,13.4,EOD_EXIT
long,2023-06-30 10:25:00+05:30,2023-06-30 15:25:00+05:30,19086.05,19193.024030718843,19193.024030718843,106.97,TRAIL_SL
long,2023-07-04 09:45:00+05:30,2023-07-04 09:55:00+05:30,19354.6,19328.573685152995,19328.573685152995,-26.03,STOP_LOSS
long,2023-07-04 13:55:00+05:30,2023-07-04 14:05:00+05:30,19415.75,19400.81678444325,19400.81678444325,-14.93,STOP_LOSS
long,2023-07-06 10:40:00+05:30,2023-07-06 15:15:00+05:30,19441.15,19503.85,19423.30595864851,62.7,EOD_EXIT
short,2023-07-07 11:15:00+05:30,2023-07-07 15:25:00+05:30,19433.1,19321.74193653434,19321.74193653434,111.36,TRAIL_SL
long,2023-07-11 11:25:00+05:30,2023-07-11 12:15:00+05:30,19494.5,19482.620025197266,19482.620025197266,-11.88,STOP_LOSS
short,2023-07-11 14:50:00+05:30,2023-07-11 15:15:00+05:30,19451.15,19444.35,19460.56845871732,6.8,EOD_EXIT
long,2023-07-13 10:55:00+05:30,2023-07-13 13:25:00+05:30,19548.95,19530.546820248448,19530.546820248448,-18.4,STOP_LOSS
long,2023-07-17 10:20:00+05:30,2023-07-17 15:25:00+05:30,19610.55,19720.20081114039,19720.20081114039,109.65,TRAIL_SL
long,2023-07-18 10:05:00+05:30,2023-07-18 11:40:00+05:30,19758.5,19733.324084860775,19733.324084860775,-25.18,STOP_LOSS
long,2023-07-19 10:15:00+05:30,2023-07-19 10:35:00+05:30,19820.5,19799.26079836989,19799.26079836989,-21.24,STOP_LOSS
long,2023-07-20 11:10:00+05:30,2023-07-20 14:40:00+05:30,19830.8,19968.280936042123,19968.280936042123,137.48,TRAIL_SL
long,2023-07-20 14:40:00+05:30,2023-07-20 15:15:00+05:30,19949.9,19981.1,19929.125622473013,31.2,EOD_EXIT
short,2023-07-21 09:50:00+05:30,2023-07-21 11:40:00+05:30,19865.2,19784.535227369746,19784.535227369746,80.66,TRAIL_SL
short,2023-07-21 11:50:00+05:30,2023-07-21 13:15:00+05:30,19787.55,19801.682275779083,19801.682275779083,-14.13,STOP_LOSS
short,2023-07-24 09:50:00+05:30,2023-07-24 10:10:00+05:30,19726.7,19743.847192729296,19743.847192729296,-17.15,STOP_LOSS
short,2023-07-24 12:10:00+05:30,2023-07-24 12:40:00+05:30,19709.15,19723.401908361215,19723.401908361215,-14.25,STOP_LOSS
short,2023-07-25 10:00:00+05:30,2023-07-25 12:30:00+05:30,19678.1,19692.515978362608,19692.515978362608,-14.42,STOP_LOSS
short,2023-07-25 13:40:00+05:30,2023-07-25 14:15:00+05:30,19653.55,19667.66321573613,19667.66321573613,-14.11,STOP_LOSS
long,2023-07-26 11:10:00+05:30,2023-07-26 13:00:00+05:30,19804.4,19790.286887034126,19790.286887034126,-14.11,STOP_LOSS
long,2023-07-27 09:45:00+05:30,2023-07-27 10:05:00+05:30,19831.65,19807.78606455466,19807.78606455466,-23.86,STOP_LOSS
short,2023-07-28 09:45:00+05:30,2023-07-28 09:50:00+05:30,19642.25,19662.23874943148,19662.23874943148,-19.99,STOP_LOSS
short,2023-07-28 10:30:00+05:30,2023-07-28 15:00:00+05:30,19626.8,19643.21753538978,19643.21753538978,-16.42,STOP_LOSS
short,2023-08-02 12:10:00+05:30,2023-08-02 12:35:00+05:30,19540.0,19549.50447565971,19549.50447565971,-9.5,STOP_LOSS
short,2023-08-02 14:30:00+05:30,2023-08-02 14:35:00+05:30,19448.95,19460.86633104608,19460.86633104608,-11.92,STOP_LOSS
short,2023-08-03 14:20:00+05:30,2023-08-03 14:25:00+05:30,19322.1,19335.013071014582,19335.013071014582,-12.91,STOP_LOSS
short,2023-08-03 14:50:00+05:30,2023-08-03 14:55:00+05:30,19323.55,19339.126316024434,19339.126316024434,-15.58,STOP_LOSS
long,2023-08-07 09:50:00+05:30,2023-08-07 15:15:00+05:30,19547.25,19602.5,19519.54666897345,55.25,EOD_EXIT
short,2023-08-09 10:40:00+05:30,2023-08-09 12:35:00+05:30,19492.55,19502.347124409822,19502.347124409822,-9.8,STOP_LOSS
short,2023-08-10 10:55:00+05:30,2023-08-10 11:55:00+05:30,19545.95,19565.319761194496,19565.319761194496,-19.37,STOP_LOSS
short,2023-08-11 10:15:00+05:30,2023-08-11 13:20:00+05:30,19471.2,19482.407534093483,19482.407534093483,-11.21,STOP_LOSS
short,2023-08-14 10:00:00+05:30,2023-08-14 11:20:00+05:30,19319.4,19337.959536798116,19337.959536798116,-18.56,STOP_LOSS
short,2023-08-16 09:50:00+05:30,2023-08-16 10:15:00+05:30,19373.95,19389.756928217193,19389.756928217193,-15.81,STOP_LOSS
short,2023-08-17 10:40:00+05:30,2023-08-17 15:15:00+05:30,19401.5,19361.0,19412.03381000964,40.5,EOD_EXIT
short,2023-08-18 10:15:00+05:30,2023-08-18 11:40:00+05:30,19286.3,19298.99404071557,19298.99404071557,-12.69,STOP_LOSS
long,2023-08-24 10:05:00+05:30,2023-08-24 10:35:00+05:30,19552.75,19534.226269081937,19534.226269081937,-18.52,STOP_LOSS
short,2023-08-24 13:30:00+05:30,2023-08-24 15:15:00+05:30,19434.15,19375.15,19445.384157800483,59.0,EOD_EXIT
short,2023-08-25 09:50:00+05:30,2023-08-25 10:35:00+05:30,19321.15,19252.289358285318,19252.289358285318,68.86,TRAIL_SL
short,2023-08-25 11:10:00+05:30,2023-08-25 11:20:00+05:30,19265.45,19278.60414292355,19278.60414292355,-13.15,STOP_LOSS
long,2023-08-30 10:30:00+05:30,2023-08-30 14:10:00+05:30,19432.95,19420.81013040869,19420.81013040869,-12.14,STOP_LOSS
short,2023-08-31 11:15:00+05:30,2023-08-31 11:30:00+05:30,19323.1,19332.39651473975,19332.39651473975,-9.3,STOP_LOSS
short,2023-08-31 14:55:00+05:30,2023-08-31 15:10:00+05:30,19270.9,19280.26331274521,19280.26331274521,-9.36,STOP_LOSS
long,2023-09-01 14:45:00+05:30,2023-09-01 15:15:00+05:30,19435.15,19426.85,19418.074815237313,-8.3,EOD_EXIT
long,2023-09-04 13:40:00+05:30,2023-09-04 14:15:00+05:30,19511.9,19500.36005506037,19500.36005506037,-11.54,STOP_LOSS
long,2023-09-05 10:20:00+05:30,2023-09-05 12:30:00+05:30,19569.95,19552.547115194662,19552.547115194662,-17.4,STOP_LOSS
short,2023-09-06 14:00:00+05:30,2023-09-06 14:15:00+05:30,19506.85,19516.40034127816,19516.40034127816,-9.55,STOP_LOSS
long,2023-09-11 10:55:00+05:30,2023-09-11 15:15:00+05:30,19929.9,20006.85,19915.10723293748,76.95,EOD_EXIT
long,2023-09-13 13:30:00+05:30,2023-09-13 15:15:00+05:30,20069.4,20060.9,20052.86810629435,-8.5,EOD_EXIT
long,2023-09-14 09:55:00+05:30,2023-09-14 10:05:00+05:30,20141.2,20116.935338144325,20116.935338144325,-24.26,STOP_LOSS
long,2023-09-15 09:45:00+05:30,2023-09-15 15:15:00+05:30,20138.8,20182.85,20112.943539814743,44.05,EOD_EXIT
short,2023-09-20 10:55:00+05:30,2023-09-20 15:15:00+05:30,19970.5,19904.65,19981.63792328094,65.85,EOD_EXIT
short,2023-09-21 11:20:00+05:30,2023-09-21 15:15:00+05:30,19768.8,19747.6,19779.287192104348,21.2,EOD_EXIT
short,2023-09-22 10:20:00+05:30,2023-09-22 10:30:00+05:30,19696.45,19714.77792738449,19714.77792738449,-18.33,STOP_LOSS
short,2023-09-25 09:45:00+05:30,2023-09-25 12:30:00+05:30,19672.45,19691.239383243046,19691.239383243046,-18.79,STOP_LOSS
short,2023-09-27 10:40:00+05:30,2023-09-27 10:55:00+05:30,19576.05,19586.541446140218,19586.541446140218,-10.49,STOP_LOSS
short,2023-09-28 13:40:00+05:30,2023-09-28 15:15:00+05:30,19582.8,19508.59384061226,19508.59384061226,74.21,TRAIL_SL
short,2023-10-03 10:20:00+05:30,2023-10-03 10:25:00+05:30,19511.15,19526.40176264681,19526.40176264681,-15.25,STOP_LOSS
short,2023-10-03 10:35:00+05:30,2023-10-03 11:30:00+05:30,19514.05,19527.829577047414,19527.829577047414,-13.78,STOP_LOSS
short,2023-10-04 10:25:00+05:30,2023-10-04 10:30:00+05:30,19405.1,19416.759190045843,19416.759190045843,-11.66,STOP_LOSS
short,2023-10-04 10:40:00+05:30,2023-10-04 14:45:00+05:30,19411.8,19423.665767564657,19423.665767564657,-11.87,STOP_LOSS
long,2023-10-06 10:10:00+05:30,2023-10-06 15:15:00+05:30,19603.45,19648.25,19583.274055318132,44.8,EOD_EXIT
short,2023-10-09 09:45:00+05:30,2023-10-09 10:05:00+05:30,19561.15,19580.943876246787,19580.943876246787,-19.79,STOP_LOSS
short,2023-10-09 10:20:00+05:30,2023-10-09 15:15:00+05:30,19568.85,19506.05,19584.873762857565,62.8,EOD_EXIT
long,2023-10-10 14:05:00+05:30,2023-10-10 15:15:00+05:30,19694.25,19691.5,19680.836235419145,-2.75,EOD_EXIT
long,2023-10-11 10:05:00+05:30,2023-10-11 15:15:00+05:30,19797.1,19804.85,19776.610585923914,7.75,EOD_EXIT
short,2023-10-13 10:30:00+05:30,2023-10-13 12:25:00+05:30,19697.1,19708.11815624216,19708.11815624216,-11.02,STOP_LOSS
long,2023-10-17 10:55:00+05:30,2023-10-17 13:35:00+05:30,19830.6,19817.507544792727,19817.507544792727,-13.09,STOP_LOSS
short,2023-10-17 14:50:00+05:30,2023-10-17 15:00:00+05:30,19795.2,19803.091813601255,19803.091813601255,-7.89,STOP_LOSS
short,2023-10-19 09:50:00+05:30,2023-10-19 11:25:00+05:30,19572.8,19590.65211096044,19590.65211096044,-17.85,STOP_LOSS
short,2023-10-20 10:05:00+05:30,2023-10-20 15:15:00+05:30,19574.3,19531.25,19589.887628422817,43.05,EOD_EXIT
short,2023-10-23 10:55:00+05:30,2023-10-23 15:25:00+05:30,19482.4,19275.67378623197,19275.67378623197,206.73,TRAIL_SL
short,2023-10-25 10:10:00+05:30,2023-10-25 11:45:00+05:30,19315.3,19224.33072456669,19224.33072456669,90.97,TRAIL_SL
short,2023-10-25 13:15:00+05:30,2023-10-25 13:55:00+05:30,19127.55,19150.9937017962,19150.9937017962,-23.44,STOP_LOSS
short,2023-10-26 11:55:00+05:30,2023-10-26 13:10:00+05:30,18875.15,18887.29710511735,18887.29710511735,-12.15,STOP_LOSS
short,2023-10-30 10:00:00+05:30,2023-10-30 10:10:00+05:30,18980.4,18999.779383475914,18999.779383475914,-19.38,STOP_LOSS
long,2023-10-30 12:10:00+05:30,2023-10-30 15:15:00+05:30,19108.8,19135.5,19089.680458579995,26.7,EOD_EXIT
short,2023-10-31 11:10:00+05:30,2023-10-31 11:20:00+05:30,19095.95,19109.400883855633,19109.400883855633,-13.45,STOP_LOSS
short,2023-11-01 10:20:00+05:30,2023-11-01 15:15:00+05:30,19052.9,18979.4,19067.484858334017,73.5,EOD_EXIT
long,2023-11-03 10:30:00+05:30,2023-11-03 14:40:00+05:30,19256.35,19238.73704008532,19238.73704008532,-17.61,STOP_LOSS
long,2023-11-07 14:20:00+05:30,2023-11-07 15:15:00+05:30,19390.45,19411.5,19375.284767053272,21.05,EOD_EXIT
long,2023-11-08 09:45:00+05:30,2023-11-08 15:15:00+05:30,19420.85,19448.4,19401.789997875418,27.55,EOD_EXIT
short,2023-11-10 10:10:00+05:30,2023-11-10 10:20:00+05:30,19349.1,19359.26846242613,19359.26846242613,-10.17,STOP_LOSS
long,2023-11-15 10:45:00+05:30,2023-11-15 15:15:00+05:30,19626.9,19681.85,19613.45407377197,54.95,EOD_EXIT
long,2023-11-16 10:55:00+05:30,2023-11-16 14:50:00+05:30,19713.65,19851.59576478883,19851.59576478883,137.95,TRAIL_SL
short,2023-11-20 10:10:00+05:30,2023-11-20 10:15:00+05:30,19714.8,19725.80934620854,19725.80934620854,-11.01,STOP_LOSS
long,2023-11-21 10:00:00+05:30,2023-11-21 15:15:00+05:30,19765.9,19781.3,19747.843442400692,15.4,EOD_EXIT
long,2023-11-23 09:55:00+05:30,2023-11-23 10:30:00+05:30,19844.2,19818.093370927993,19818.093370927993,-26.11,STOP_LOSS
long,2023-11-28 09:55:00+05:30,2023-11-28 10:15:00+05:30,19820.95,19805.787926839872,19805.787926839872,-15.16,STOP_LOSS
long,2023-11-29 10:35:00+05:30,2023-11-29 15:15:00+05:30,20002.0,20098.9,19989.150221756907,96.9,EOD_EXIT
long,2023-12-01 10:50:00+05:30,2023-12-01 15:15:00+05:30,20257.4,20267.95,20240.96056802803,10.55,EOD_EXIT
long,2023-12-04 10:15:00+05:30,2023-12-04 14:20:00+05:30,20537.25,20639.894227780707,20639.894227780707,102.64,TRAIL_SL
long,2023-12-06 10:00:00+05:30,2023-12-06 13:05:00+05:30,20920.05,20889.73127211414,20889.73127211414,-30.32,STOP_LOSS
short,2023-12-07 10:25:00+05:30,2023-12-07 10:40:00+05:30,20875.85,20888.292014125993,20888.292014125993,-12.44,STOP_LOSS
long,2023-12-08 10:05:00+05:30,2023-12-08 11:00:00+05:30,20974.75,20952.13629194233,20952.13629194233,-22.61,STOP_LOSS
short,2023-12-08 13:55:00+05:30,2023-12-08 14:05:00+05:30,20889.7,20904.417826582183,20904.417826582183,-14.72,STOP_LOSS
long,2023-12-11 10:00:00+05:30,2023-12-11 10:40:00+05:30,20993.85,20967.373247485,20967.373247485,-26.48,STOP_LOSS
long,2023-12-12 10:05:00+05:30,2023-12-12 10:10:00+05:30,21025.4,21010.52548870515,21010.52548870515,-14.87,STOP_LOSS
short,2023-12-12 13:30:00+05:30,2023-12-12 15:00:00+05:30,20969.85,20890.585413877627,20890.585413877627,79.26,TRAIL_SL
long,2023-12-14 10:50:00+05:30,2023-12-14 15:15:00+05:30,21150.8,21187.75,21127.59477424286,36.95,EOD_EXIT
long,2023-12-15 10:40:00+05:30,2023-12-15 10:50:00+05:30,21315.65,21292.526768126758,21292.526768126758,-23.12,STOP_LOSS
long,2023-12-15 11:05:00+05:30,2023-12-15 15:25:00+05:30,21306.55,21475.98056436897,21475.98056436897,169.43,TRAIL_SL
long,2023-12-18 09:45:00+05:30,2023-12-18 15:15:00+05:30,21432.3,21418.25,21392.70810275367,-14.05,EOD_EXIT
long,2023-12-19 14:20:00+05:30,2023-12-19 14:50:00+05:30,21475.65,21462.81084431299,21462.81084431299,-12.84,STOP_LOSS
long,2023-12-20 10:35:00+05:30,2023-12-20 11:30:00+05:30,21556.3,21536.954941226413,21536.954941226413,-19.35,STOP_LOSS
short,2023-12-21 09:50:00+05:30,2023-12-21 10:05:00+05:30,21065.05,21097.762221491797,21097.762221491797,-32.71,STOP_LOSS
short,2023-12-21 10:25:00+05:30,2023-12-21 10:40:00+05:30,21108.35,21135.019192723463,21135.019192723463,-26.67,STOP_LOSS
long,2023-12-26 11:05:00+05:30,2023-12-26 13:00:00+05:30,21441.4,21419.360589837837,21419.360589837837,-22.04,STOP_LOSS
long,2023-12-27 10:40:00+05:30,2023-12-27 12:20:00+05:30,21561.5,21544.1145800497,21544.1145800497,-17.39,STOP_LOSS
long,2023-12-28 10:25:00+05:30,2023-12-28 15:15:00+05:30,21711.7,21777.75,21679.4318307548,66.05,EOD_EXIT
short,2024-01-02 09:45:00+05:30,2024-01-02 10:05:00+05:30,21735.85,21655.78480135133,21655.78480135133,80.07,TRAIL_SL
short,2024-01-02 10:55:00+05:30,2024-01-02 12:15:00+05:30,21615.95,21637.21977186961,21637.21977186961,-21.27,STOP_LOSS
short,2024-01-03 10:30:00+05:30,2024-01-03 15:15:00+05:30,21575.5,21512.75,21592.7991962516,62.75,EOD_EXIT
long,2024-01-05 10:10:00+05:30,2024-01-05 10:40:00+05:30,21728.95,21711.469810709266,21711.469810709266,-17.48,STOP_LOSS
short,2024-01-08 13:45:00+05:30,2024-01-08 14:00:00+05:30,21575.05,21587.97779475862,21587.97779475862,-12.93,STOP_LOSS
short,2024-01-10 09:55:00+05:30,2024-01-10 10:15:00+05:30,21540.15,21567.10159158378,21567.10159158378,-26.95,STOP_LOSS
long,2024-01-11 10:10:00+05:30,2024-01-11 10:50:00+05:30,21672.15,21646.714619937342,21646.714619937342,-25.44,STOP_LOSS
long,2024-01-12 11:10:00+05:30,2024-01-12 15:15:00+05:30,21822.15,21894.05,21803.71878756554,71.9,EOD_EXIT
long,2024-01-15 09:45:00+05:30,2024-01-15 09:55:00+05:30,22021.4,21986.351960229716,21986.351960229716,-35.05,STOP_LOSS
long,2024-01-15 10:10:00+05:30,2024-01-15 15:15:00+05:30,22010.25,22100.5,21974.030544644702,90.25,EOD_EXIT
long,2024-01-16 11:15:00+05:30,2024-01-16 11:40:00+05:30,22109.05,22091.570600988423,22091.570600988423,-17.48,STOP_LOSS
short,2024-01-16 13:45:00+05:30,2024-01-16 13:55:00+05:30,22021.05,22039.047524751528,22039.047524751528,-18.0,STOP_LOSS
short,2024-01-17 13:00:00+05:30,2024-01-17 14:50:00+05:30,21654.4,21575.21490027035,21575.21490027035,79.19,TRAIL_SL
short,2024-01-18 10:10:00+05:30,2024-01-18 10:35:00+05:30,21391.35,21427.982952400565,21427.982952400565,-36.63,STOP_LOSS
long,2024-01-20 10:50:00+05:30,2024-01-20 11:50:00+05:30,21667.0,21641.335699318774,21641.335699318774,-25.66,STOP_LOSS
short,2024-01-20 14:25:00+05:30,2024-01-20 15:15:00+05:30,21615.85,21585.3,21628.194465658966,30.55,EOD_EXIT
short,2024-01-23 12:30:00+05:30,2024-01-23 14:45:00+05:30,21418.05,21237.713356668955,21237.713356668955,180.34,TRAIL_SL
short,2024-01-24 12:15:00+05:30,2024-01-24 13:00:00+05:30,21284.15,21310.258861422255,21310.258861422255,-26.11,STOP_LOSS
short,2024-01-25 11:30:00+05:30,2024-01-25 11:35:00+05:30,21290.6,21311.232441497148,21311.232441497148,-20.63,STOP_LOSS
long,2024-01-29 11:15:00+05:30,2024-01-29 14:10:00+05:30,21617.8,21729.432397539706,21729.432397539706,111.63,TRAIL_SL
short,2024-01-30 14:10:00+05:30,2024-01-30 15:10:00+05:30,21666.6,21523.81838322704,21523.81838322704,142.78,TRAIL_SL
long,2024-02-01 11:05:00+05:30,2024-02-01 11:15:00+05:30,21790.5,21754.72784653568,21754.72784653568,-35.77,STOP_LOSS
short,2024-02-01 13:45:00+05:30,2024-02-01 15:15:00+05:30,21711.3,21700.9,21733.285829970548,10.4,EOD_EXIT
long,2024-02-02 10:30:00+05:30,2024-02-02 11:50:00+05:30,21927.25,22077.397784698882,22077.397784698882,150.15,TRAIL_SL
long,2024-02-02 12:05:00+05:30,2024-02-02 12:20:00+05:30,22066.1,22034.59466513815,22034.59466513815,-31.51,STOP_LOSS
short,2024-02-02 13:50:00+05:30,2024-02-02 14:05:00+05:30,21865.5,21892.860308615847,21892.860308615847,-27.36,STOP_LOSS
long,2024-02-05 10:00:00+05:30,2024-02-05 10:15:00+05:30,21916.85,21875.01384877411,21875.01384877411,-41.84,STOP_LOSS
long,2024-02-06 13:45:00+05:30,2024-02-06 15:15:00+05:30,21908.85,21920.2,21884.76331052396,11.35,EOD_EXIT
long,2024-02-07 09:45:00+05:30,2024-02-07 11:05:00+05:30,21983.45,21944.423103330562,21944.423103330562,-39.03,STOP_LOSS
long,2024-02-07 14:25:00+05:30,2024-02-07 14:55:00+05:30,21949.75,21924.28232809306,21924.28232809306,-25.47,STOP_LOSS
long,2024-02-08 09:55:00+05:30,2024-02-08 10:05:00+05:30,21965.35,21939.177830463625,21939.177830463625,-26.17,STOP_LOSS
short,2024-02-08 11:40:00+05:30,2024-02-08 12:10:00+05:30,21771.3,21800.08751238418,21800.08751238418,-28.79,STOP_LOSS
short,2024-02-09 10:00:00+05:30,2024-02-09 10:05:00+05:30,21708.4,21740.1586174655,21740.1586174655,-31.76,STOP_LOSS
short,2024-02-09 11:10:00+05:30,2024-02-09 11:35:00+05:30,21679.5,21702.0154211454,21702.0154211454,-22.52,STOP_LOSS
short,2024-02-12 10:50:00+05:30,2024-02-12 11:05:00+05:30,21679.3,21701.52085679832,21701.52085679832,-22.22,STOP_LOSS
short,2024-02-12 13:25:00+05:30,2024-02-12 13:30:00+05:30,21618.85,21637.946117220436,21637.946117220436,-19.1,STOP_LOSS
short,2024-02-12 13:40:00+05:30,2024-02-12 14:00:00+05:30,21629.65,21648.056842824684,21648.056842824684,-18.41,STOP_LOSS
short,2024-02-14 09:55:00+05:30,2024-02-14 10:15:00+05:30,21600.1,21626.569355373595,21626.569355373595,-26.47,STOP_LOSS
short,2024-02-14 10:20:00+05:30,2024-02-14 10:55:00+05:30,21610.6,21634.141069319805,21634.141069319805,-23.54,STOP_LOSS
long,2024-02-15 09:50:00+05:30,2024-02-15 15:15:00+05:30,21854.45,21916.05,21806.553067884,61.6,EOD_EXIT
long,2024-02-16 09:45:00+05:30,2024-02-16 15:15:00+05:30,21978.05,22032.05,21943.544308356944,54.0,EOD_EXIT
short,2024-02-22 10:35:00+05:30,2024-02-22 11:55:00+05:30,21932.2,21960.45547243805,21960.45547243805,-28.26,STOP_LOSS
short,2024-02-26 10:35:00+05:30,2024-02-26 13:50:00+05:30,22142.1,22159.56176884534,22159.56176884534,-17.46,STOP_LOSS
long,2024-02-27 13:25:00+05:30,2024-02-27 13:40:00+05:30,22191.4,22169.046823132674,22169.046823132674,-22.35,STOP_LOSS
short,2024-02-28 12:10:00+05:30,2024-02-28 13:15:00+05:30,22038.3,21958.79992522212,21958.79992522212,79.5,TRAIL_SL
short,2024-02-28 13:45:00+05:30,2024-02-28 14:00:00+05:30,22006.1,22026.347706363045,22026.347706363045,-20.25,STOP_LOSS
short,2024-02-28 14:45:00+05:30,2024-02-28 15:15:00+05:30,22004.35,21926.9,22024.420914598122,77.45,EOD_EXIT
short,2024-02-29 10:40:00+05:30,2024-02-29 11:10:00+05:30,21909.0,21938.509561085844,21938.509561085844,-29.51,STOP_LOSS
long,2024-03-01 12:45:00+05:30,2024-03-01 15:15:00+05:30,22292.65,22335.05,22271.852174595224,42.4,EOD_EXIT
long,2024-03-04 10:45:00+05:30,2024-03-04 10:55:00+05:30,22412.25,22391.838549718235,22391.838549718235,-20.41,STOP_LOSS
short,2024-03-05 11:25:00+05:30,2024-03-05 11:40:00+05:30,22294.55,22307.744633029488,22307.744633029488,-13.19,STOP_LOSS
short,2024-03-06 10:10:00+05:30,2024-03-06 13:50:00+05:30,22315.0,22342.390841548095,22342.390841548095,-27.39,STOP_LOSS
long,2024-03-07 09:55:00+05:30,2024-03-07 15:15:00+05:30,22471.85,22489.55,22442.24242939454,17.7,EOD_EXIT
short,2024-03-11 10:50:00+05:30,2024-03-11 14:25:00+05:30,22440.85,22354.708344567156,22354.708344567156,86.14,TRAIL_SL
short,2024-03-12 11:00:00+05:30,2024-03-12 14:00:00+05:30,22359.7,22391.131763795995,22391.131763795995,-31.43,STOP_LOSS
short,2024-03-13 10:15:00+05:30,2024-03-13 12:25:00+05:30,22316.95,22072.35253448241,22072.35253448241,244.6,TRAIL_SL
short,2024-03-13 12:30:00+05:30,2024-03-13 14:45:00+05:30,22100.45,21951.337881684816,21951.337881684816,149.11,TRAIL_SL
short,2024-03-13 14:45:00+05:30,2024-03-13 15:00:00+05:30,21972.1,21999.4219000263,21999.4219000263,-27.32,STOP_LOSS
short,2024-03-15 11:30:00+05:30,2024-03-15 11:45:00+05:30,21959.95,21978.212325258814,21978.212325258814,-18.26,STOP_LOSS
short,2024-03-18 09:50:00+05:30,2024-03-18 09:55:00+05:30,21985.5,22013.439738704277,22013.439738704277,-27.94,STOP_LOSS
short,2024-03-19 11:10:00+05:30,2024-03-19 15:15:00+05:30,21861.8,21806.45,21878.193551694665,55.35,EOD_EXIT
short,2024-03-20 14:40:00+05:30,2024-03-20 15:15:00+05:30,21849.45,21855.1,21866.903171642145,-5.65,EOD_EXIT
long,2024-03-21 11:15:00+05:30,2024-03-21 11:35:00+05:30,22061.75,22042.47109168753,22042.47109168753,-19.28,STOP_LOSS
short,2024-03-22 09:50:00+05:30,2024-03-22 09:55:00+05:30,21964.05,21990.399720812125,21990.399720812125,-26.35,STOP_LOSS
long,2024-03-22 10:40:00+05:30,2024-03-22 14:55:00+05:30,22036.45,22145.74780740854,22145.74780740854,109.3,TRAIL_SL
short,2024-03-26 10:30:00+05:30,2024-03-26 12:50:00+05:30,22037.5,22056.96498747334,22056.96498747334,-19.46,STOP_LOSS
long,2024-03-27 10:45:00+05:30,2024-03-27 15:00:00+05:30,22145.65,22125.893949825917,22125.893949825917,-19.76,STOP_LOSS
long,2024-03-28 10:25:00+05:30,2024-03-28 12:55:00+05:30,22285.35,22410.801448583145,22410.801448583145,125.45,TRAIL_SL
long,2024-03-28 13:35:00+05:30,2024-03-28 15:00:00+05:30,22413.05,22393.059917868122,22393.059917868122,-19.99,STOP_LOSS
long,2024-04-01 10:25:00+05:30,2024-04-01 11:00:00+05:30,22500.05,22471.820388813027,22471.820388813027,-28.23,STOP_LOSS
short,2024-04-03 09:50:00+05:30,2024-04-03 10:00:00+05:30,22389.35,22404.10096715113,22404.10096715113,-14.75,STOP_LOSS
short,2024-04-04 10:15:00+05:30,2024-04-04 10:55:00+05:30,22431.65,22343.3516553272,22343.3516553272,88.3,TRAIL_SL
short,2024-04-04 11:20:00+05:30,2024-04-04 12:40:00+05:30,22403.55,22432.828416491437,22432.828416491437,-29.28,STOP_LOSS
long,2024-04-04 13:55:00+05:30,2024-04-04 15:15:00+05:30,22516.85,22526.65,22483.404291794694,9.8,EOD_EXIT
short,2024-04-05 10:10:00+05:30,2024-04-05 10:35:00+05:30,22474.6,22496.553477793073,22496.553477793073,-21.95,STOP_LOSS
long,2024-04-08 09:55:00+05:30,2024-04-08 15:15:00+05:30,22591.65,22667.3,22564.648602751768,75.65,EOD_EXIT
long,2024-04-09 10:15:00+05:30,2024-04-09 12:20:00+05:30,22736.3,22713.621919175108,22713.621919175108,-22.68,STOP_LOSS
short,2024-04-09 14:25:00+05:30,2024-04-09 15:15:00+05:30,22651.4,22647.3,22666.937299229336,4.1,EOD_EXIT
long,2024-04-10 09:50:00+05:30,2024-04-10 15:15:00+05:30,22698.4,22746.35,22671.574294171514,47.95,EOD_EXIT
short,2024-04-12 10:25:00+05:30,2024-04-12 11:15:00+05:30,22648.1,22665.620797562657,22665.620797562657,-17.52,STOP_LOSS
short,2024-04-12 13:25:00+05:30,2024-04-12 15:15:00+05:30,22583.8,22520.6,22600.13827895808,63.2,EOD_EXIT
short,2024-04-15 13:45:00+05:30,2024-04-15 15:15:00+05:30,22344.45,22271.95,22356.93962096834,72.5,EOD_EXIT
short,2024-04-16 10:25:00+05:30,2024-04-16 13:25:00+05:30,22190.8,22098.16916047589,22098.16916047589,92.63,TRAIL_SL
short,2024-04-16 13:30:00+05:30,2024-04-16 13:45:00+05:30,22110.35,22123.20760066903,22123.20760066903,-12.86,STOP_LOSS
short,2024-04-18 14:15:00+05:30,2024-04-18 15:15:00+05:30,22151.15,21987.19960635026,21987.19960635026,163.95,TRAIL_SL
short,2024-04-19 10:05:00+05:30,2024-04-19 11:40:00+05:30,21888.75,21920.398624812686,21920.398624812686,-31.65,STOP_LOSS
long,2024-04-22 09:50:00+05:30,2024-04-23 09:20:00+05:30,22218.4,22404.438817544524,22404.438817544524,186.04,TRAIL_SL
long,2024-04-23 09:45:00+05:30,2024-04-23 15:15:00+05:30,22382.45,22370.35,22353.902520851712,-12.1,EOD_EXIT
long,2024-04-24 11:00:00+05:30,2024-04-24 14:05:00+05:30,22460.05,22444.002795064138,22444.002795064138,-16.05,STOP_LOSS
long,2024-04-25 14:50:00+05:30,2024-04-25 15:15:00+05:30,22582.55,22552.7,22549.046166788194,-29.85,EOD_EXIT
long,2024-04-26 09:45:00+05:30,2024-04-26 10:00:00+05:30,22589.4,22559.098162935003,22559.098162935003,-30.3,STOP_LOSS
short,2024-04-26 14:10:00+05:30,2024-04-26 15:15:00+05:30,22445.25,22426.5,22459.809799173214,18.75,EOD_EXIT
long,2024-04-29 14:05:00+05:30,2024-04-29 15:15:00+05:30,22607.35,22646.55,22590.29371490157,39.2,EOD_EXIT
long,2024-04-30 10:20:00+05:30,2024-04-30 14:55:00+05:30,22725.15,22698.576281284593,22698.576281284593,-26.57,STOP_LOSS
short,2024-05-02 09:45:00+05:30,2024-05-02 10:10:00+05:30,22640.4,22666.17350265156,22666.17350265156,-25.77,STOP_LOSS
short,2024-05-03 12:25:00+05:30,2024-05-03 12:40:00+05:30,22497.05,22516.418112934512,22516.418112934512,-19.37,STOP_LOSS
short,2024-05-03 12:45:00+05:30,2024-05-03 13:25:00+05:30,22511.8,22424.76493577267,22424.76493577267,87.04,TRAIL_SL
short,2024-05-03 13:25:00+05:30,2024-05-03 15:00:00+05:30,22435.45,22456.70056021044,22456.70056021044,-21.25,STOP_LOSS
short,2024-05-06 13:35:00+05:30,2024-05-06 13:40:00+05:30,22452.0,22468.82376438708,22468.82376438708,-16.82,STOP_LOSS
short,2024-05-07 10:55:00+05:30,2024-05-07 11:40:00+05:30,22344.0,22255.815509976237,22255.815509976237,88.18,TRAIL_SL
short,2024-05-07 11:45:00+05:30,2024-05-07 13:35:00+05:30,22283.9,22304.30867325547,22304.30867325547,-20.41,STOP_LOSS
short,2024-05-08 10:55:00+05:30,2024-05-08 11:15:00+05:30,22221.3,22242.057296353625,22242.057296353625,-20.76,STOP_LOSS
short,2024-05-09 10:55:00+05:30,2024-05-09 12:15:00+05:30,22156.05,22176.35049588453,22176.35049588453,-20.3,STOP_LOSS
short,2024-05-09 14:20:00+05:30,2024-05-09 15:25:00+05:30,22051.45,21957.810742668047,21957.810742668047,93.64,TRAIL_SL
short,2024-05-13 10:10:00+05:30,2024-05-13 11:05:00+05:30,21886.1,21911.833903244587,21911.833903244587,-25.73,STOP_LOSS
long,2024-05-14 09:45:00+05:30,2024-05-14 14:10:00+05:30,22131.0,22260.064155840257,22260.064155840257,129.06,TRAIL_SL
long,2024-05-14 14:10:00+05:30,2024-05-14 15:00:00+05:30,22250.85,22232.02299855114,22232.02299855114,-18.83,STOP_LOSS
long,2024-05-16 09:45:00+05:30,2024-05-16 10:20:00+05:30,22248.8,22210.527048578693,22210.527048578693,-38.27,STOP_LOSS
short,2024-05-16 11:00:00+05:30,2024-05-16 12:05:00+05:30,22184.55,22209.673631649195,22209.673631649195,-25.12,STOP_LOSS
short,2024-05-16 13:50:00+05:30,2024-05-16 13:55:00+05:30,22084.7,22108.215931008002,22108.215931008002,-23.52,STOP_LOSS
long,2024-05-17 10:10:00+05:30,2024-05-17 15:15:00+05:30,22391.8,22474.1,22352.940543642795,82.3,EOD_EXIT
long,2024-05-21 13:30:00+05:30,2024-05-21 13:40:00+05:30,22563.15,22545.040519843704,22545.040519843704,-18.11,STOP_LOSS
long,2024-05-23 10:05:00+05:30,2024-05-23 13:00:00+05:30,22658.9,22829.212385862367,22829.212385862367,170.31,TRAIL_SL
long,2024-05-24 09:45:00+05:30,2024-05-24 10:05:00+05:30,22967.5,22927.800109815886,22927.800109815886,-39.7,STOP_LOSS
long,2024-05-27 13:30:00+05:30,2024-05-27 13:50:00+05:30,23082.2,23064.908490840015,23064.908490840015,-17.29,STOP_LOSS
short,2024-05-28 10:10:00+05:30,2024-05-28 10:20:00+05:30,22957.65,22977.87580361579,22977.87580361579,-20.23,STOP_LOSS
short,2024-05-29 10:40:00+05:30,2024-05-29 12:45:00+05:30,22752.05,22769.070689881242,22769.070689881242,-17.02,STOP_LOSS
short,2024-05-30 10:20:00+05:30,2024-05-30 14:45:00+05:30,22590.45,22477.715042220316,22477.715042220316,112.73,TRAIL_SL
short,2024-05-31 11:15:00+05:30,2024-05-31 11:35:00+05:30,22521.3,22539.169446510252,22539.169446510252,-17.87,STOP_LOSS
short,2024-05-31 14:55:00+05:30,2024-05-31 15:15:00+05:30,22518.05,22544.496644855546,22544.496644855546,-26.45,STOP_LOSS
long,2024-06-03 10:50:00+05:30,2024-06-04 09:15:00+05:30,23159.85,23292.585206944153,23292.585206944153,132.74,TRAIL_SL
short,2024-06-04 09:50:00+05:30,2024-06-04 11:20:00+05:30,22785.45,22182.53505469055,22182.53505469055,602.91,TRAIL_SL
long,2024-06-06 09:45:00+05:30,2024-06-06 11:25:00+05:30,22696.35,22887.07882034043,22887.07882034043,190.73,TRAIL_SL
long,2024-06-06 11:25:00+05:30,2024-06-06 11:30:00+05:30,22880.2,22840.348251170097,22840.348251170097,-39.85,STOP_LOSS
long,2024-06-07 10:20:00+05:30,2024-06-07 11:25:00+05:30,22955.55,23057.348423031883,23057.348423031883,101.8,TRAIL_SL
long,2024-06-07 12:15:00+05:30,2024-06-07 15:10:00+05:30,23168.65,23288.959134875557,23288.959134875557,120.31,TRAIL_SL
long,2024-06-10 10:40:00+05:30,2024-06-10 14:25:00+05:30,23327.85,23284.449490821822,23284.449490821822,-43.4,STOP_LOSS
long,2024-06-11 10:45:00+05:30,2024-06-11 15:00:00+05:30,23316.05,23288.645221144394,23288.645221144394,-27.4,STOP_LOSS
long,2024-06-12 10:15:00+05:30,2024-06-12 14:05:00+05:30,23388.45,23359.513866073146,23359.513866073146,-28.94,STOP_LOSS
short,2024-06-12 14:35:00+05:30,2024-06-12 15:15:00+05:30,23364.25,23323.15,23380.096726407017,41.1,EOD_EXIT
long,2024-06-14 10:50:00+05:30,2024-06-14 15:15:00+05:30,23440.25,23446.8,23419.44340898116,6.55,EOD_EXIT
long,2024-06-18 10:25:00+05:30,2024-06-18 15:15:00+05:30,23535.0,23561.55,23506.67911098759,26.55,EOD_EXIT
long,2024-06-19 09:45:00+05:30,2024-06-19 10:10:00+05:30,23576.85,23541.839404503782,23541.839404503782,-35.01,STOP_LOSS
short,2024-06-19 11:05:00+05:30,2024-06-19 11:40:00+05:30,23490.1,23517.54937175649,23517.54937175649,-27.45,STOP_LOSS
short,2024-06-20 09:55:00+05:30,2024-06-20 10:55:00+05:30,23498.05,23535.012618914632,23535.012618914632,-36.96,STOP_LOSS
short,2024-06-21 13:25:00+05:30,2024-06-21 13:50:00+05:30,23466.7,23486.46225021472,23486.46225021472,-19.76,STOP_LOSS
short,2024-06-21 14:45:00+05:30,2024-06-21 14:50:00+05:30,23472.15,23501.936092751075,23501.936092751075,-29.79,STOP_LOSS
short,2024-06-24 09:50:00+05:30,2024-06-24 10:05:00+05:30,23414.0,23442.478738795893,23442.478738795893,-28.48,STOP_LOSS
long,2024-06-25 09:50:00+05:30,2024-06-25 15:25:00+05:30,23586.65,23734.098287207806,23734.098287207806,147.45,TRAIL_SL
long,2024-06-26 12:50:00+05:30,2024-06-26 13:00:00+05:30,23838.45,23818.166564062572,23818.166564062572,-20.28,STOP_LOSS
long,2024-06-28 10:00:00+05:30,2024-06-28 12:15:00+05:30,24128.05,24091.13852734167,24091.13852734167,-36.91,STOP_LOSS
long,2024-07-03 10:10:00+05:30,2024-07-03 15:15:00+05:30,24267.85,24293.4,24236.242384820456,25.55,EOD_EXIT
long,2024-07-04 10:10:00+05:30,2024-07-04 10:20:00+05:30,24375.05,24350.926352204908,24350.926352204908,-24.12,STOP_LOSS
short,2024-07-05 10:05:00+05:30,2024-07-05 10:25:00+05:30,24207.85,24227.114344775575,24227.114344775575,-19.26,STOP_LOSS
long,2024-07-09 09:45:00+05:30,2024-07-09 15:15:00+05:30,24355.2,24441.75,24330.862471312932,86.55,EOD_EXIT
short,2024-07-10 11:00:00+05:30,2024-07-10 11:50:00+05:30,24224.85,24252.778320058416,24252.778320058416,-27.93,STOP_LOSS
short,2024-07-11 11:10:00+05:30,2024-07-11 11:55:00+05:30,24256.2,24271.679729087402,24271.679729087402,-15.48,STOP_LOSS
long,2024-07-12 09:50:00+05:30,2024-07-12 11:05:00+05:30,24392.9,24559.0370315179,24559.0370315179,166.14,TRAIL_SL
long,2024-07-12 11:25:00+05:30,2024-07-12 15:15:00+05:30,24492.85,24498.45,24444.829938747982,5.6,EOD_EXIT
long,2024-07-15 11:15:00+05:30,2024-07-15 15:15:00+05:30,24579.75,24586.2,24560.925439057883,6.45,EOD_EXIT
long,2024-07-16 10:50:00+05:30,2024-07-16 12:15:00+05:30,24647.95,24630.917398246234,24630.917398246234,-17.03,STOP_LOSS
short,2024-07-18 11:55:00+05:30,2024-07-18 12:10:00+05:30,24553.2,24569.69539190262,24569.69539190262,-16.5,STOP_LOSS
long,2024-07-18 14:30:00+05:30,2024-07-18 15:15:00+05:30,24787.15,24808.5,24755.062212518453,21.35,EOD_EXIT
short,2024-07-19 14:45:00+05:30,2024-07-19 15:15:00+05:30,24570.3,24526.55,24588.57445336868,43.75,EOD_EXIT
short,2024-07-23 10:30:00+05:30,2024-07-23 11:00:00+05:30,24461.5,24483.879622492208,24483.879622492208,-22.38,STOP_LOSS
short,2024-07-23 13:05:00+05:30,2024-07-23 13:55:00+05:30,24353.4,24414.004090868286,24414.004090868286,-60.6,STOP_LOSS
short,2024-07-24 09:50:00+05:30,2024-07-24 10:50:00+05:30,24428.6,24464.95911346637,24464.95911346637,-36.36,STOP_LOSS
short,2024-07-24 12:55:00+05:30,2024-07-24 13:10:00+05:30,24339.4,24359.61277399817,24359.61277399817,-20.21,STOP_LOSS
short,2024-07-25 10:05:00+05:30,2024-07-25 10:55:00+05:30,24294.3,24320.15599245757,24320.15599245757,-25.86,STOP_LOSS
long,2024-07-26 11:30:00+05:30,2024-07-26 13:40:00+05:30,24629.95,24797.270065631757,24797.270065631757,167.32,TRAIL_SL
long,2024-07-26 13:55:00+05:30,2024-07-26 15:15:00+05:30,24790.1,24836.85,24759.60467928923,46.75,EOD_EXIT
long,2024-07-29 09:50:00+05:30,2024-07-29 12:15:00+05:30,24900.85,24863.54362726509,24863.54362726509,-37.31,STOP_LOSS
long,2024-07-31 10:45:00+05:30,2024-07-31 11:25:00+05:30,24937.75,24915.707518530373,24915.707518530373,-22.04,STOP_LOSS
long,2024-08-01 09:50:00+05:30,2024-08-01 11:40:00+05:30,25033.7,25007.751450710024,25007.751450710024,-25.95,STOP_LOSS
short,2024-08-02 10:10:00+05:30,2024-08-02 10:35:00+05:30,24778.9,24803.184406492714,24803.184406492714,-24.28,STOP_LOSS
short,2024-08-05 09:55:00+05:30,2024-08-05 11:25:00+05:30,24332.45,23945.92333416727,23945.92333416727,386.53,TRAIL_SL
short,2024-08-05 12:00:00+05:30,2024-08-05 12:15:00+05:30,24005.5,24045.314106275382,24045.314106275382,-39.81,STOP_LOSS
short,2024-08-05 12:20:00+05:30,2024-08-05 13:05:00+05:30,24022.6,23947.88318146758,23947.88318146758,74.72,TRAIL_SL
short,2024-08-06 14:55:00+05:30,2024-08-06 15:15:00+05:30,24013.7,23994.15,24043.026163128223,19.55,EOD_EXIT
short,2024-08-08 10:35:00+05:30,2024-08-08 12:10:00+05:30,24200.0,24239.534805857773,24239.534805857773,-39.53,STOP_LOSS
short,2024-08-08 13:40:00+05:30,2024-08-08 15:15:00+05:30,24168.55,24090.45,24197.881751982284,78.1,EOD_EXIT
long,2024-08-09 10:05:00+05:30,2024-08-09 15:15:00+05:30,24351.3,24363.5,24307.39308792078,12.2,EOD_EXIT
long,2024-08-12 11:45:00+05:30,2024-08-12 14:50:00+05:30,24420.25,24387.71404767694,24387.71404767694,-32.54,STOP_LOSS
short,2024-08-13 10:00:00+05:30,2024-08-13 13:05:00+05:30,24334.35,24223.506049973417,24223.506049973417,110.84,TRAIL_SL
short,2024-08-13 13:35:00+05:30,2024-08-13 14:10:00+05:30,24242.55,24135.415690148755,24135.415690148755,107.13,TRAIL_SL
short,2024-08-13 14:25:00+05:30,2024-08-13 15:15:00+05:30,24170.9,24131.9,24190.85179027997,39.0,EOD_EXIT
long,2024-08-16 13:25:00+05:30,2024-08-16 15:15:00+05:30,24438.05,24550.75,24410.74300180141,112.7,EOD_EXIT
long,2024-08-19 09:55:00+05:30,2024-08-19 10:50:00+05:30,24585.25,24552.998804253708,24552.998804253708,-32.25,STOP_LOSS
long,2024-08-20 10:45:00+05:30,2024-08-20 11:00:00+05:30,24707.1,24684.335379290278,24684.335379290278,-22.76,STOP_LOSS
long,2024-08-20 11:05:00+05:30,2024-08-20 15:15:00+05:30,24697.3,24702.8,24675.695016452537,5.5,EOD_EXIT
long,2024-08-22 09:55:00+05:30,2024-08-22 15:15:00+05:30,24809.25,24814.05,24781.702821204166,4.8,EOD_EXIT
long,2024-08-26 10:45:00+05:30,2024-08-26 15:15:00+05:30,24996.15,25014.0,24971.482994001315,17.85,EOD_EXIT
long,2024-08-30 10:00:00+05:30,2024-08-30 15:15:00+05:30,25219.15,25243.1,25181.21628689341,23.95,EOD_EXIT
long,2024-09-02 09:55:00+05:30,2024-09-02 12:45:00+05:30,25297.0,25270.34161077684,25270.34161077684,-26.66,STOP_LOSS
short,2024-09-04 10:05:00+05:30,2024-09-04 13:10:00+05:30,25136.75,25152.499263937385,25152.499263937385,-15.75,STOP_LOSS
short,2024-09-06 10:50:00+05:30,2024-09-06 15:00:00+05:30,24930.2,24831.459007709036,24831.459007709036,98.74,TRAIL_SL
long,2024-09-10 14:15:00+05:30,2024-09-10 14:30:00+05:30,25111.7,25093.40375501605,25093.40375501605,-18.3,STOP_LOSS
long,2024-09-13 09:50:00+05:30,2024-09-13 15:15:00+05:30,25331.7,25359.65,25287.86262229299,27.95,EOD_EXIT
long,2024-09-16 10:00:00+05:30,2024-09-16 11:05:00+05:30,25413.15,25388.452611375065,25388.452611375065,-24.7,STOP_LOSS
long,2024-09-18 11:20:00+05:30,2024-09-18 12:55:00+05:30,25455.3,25437.560893543672,25437.560893543672,-17.74,STOP_LOSS
short,2024-09-18 13:55:00+05:30,2024-09-18 15:00:00+05:30,25361.75,25383.46776973755,25383.46776973755,-21.72,STOP_LOSS
long,2024-09-19 09:50:00+05:30,2024-09-19 11:20:00+05:30,25538.1,25488.963369301255,25488.963369301255,-49.14,STOP_LOSS
short,2024-09-19 12:00:00+05:30,2024-09-19 12:40:00+05:30,25432.5,25456.527627473497,25456.527627473497,-24.03,STOP_LOSS
short,2024-09-19 13:30:00+05:30,2024-09-19 15:15:00+05:30,25412.3,25422.55,25430.717127262396,-10.25,EOD_EXIT
long,2024-09-20 12:15:00+05:30,2024-09-20 13:30:00+05:30,25697.9,25666.815279285856,25666.815279285856,-31.08,STOP_LOSS
long,2024-09-23 10:10:00+05:30,2024-09-23 11:35:00+05:30,25897.05,25862.893142321616,25862.893142321616,-34.16,STOP_LOSS
long,2024-09-23 14:55:00+05:30,2024-09-23 15:15:00+05:30,25924.1,25936.75,25907.495056486572,12.65,EOD_EXIT
long,2024-09-24 10:10:00+05:30,2024-09-24 11:20:00+05:30,25956.15,25933.116991170973,25933.116991170973,-23.03,STOP_LOSS
long,2024-09-25 14:15:00+05:30,2024-09-25 15:15:00+05:30,25927.4,26026.3,25911.492728737663,98.9,EOD_EXIT
long,2024-09-26 10:35:00+05:30,2024-09-26 15:05:00+05:30,26062.15,26217.38155141191,26217.38155141191,155.23,TRAIL_SL
long,2024-09-27 10:45:00+05:30,2024-09-27 11:05:00+05:30,26263.2,26247.60132213428,26247.60132213428,-15.6,STOP_LOSS
short,2024-09-30 12:00:00+05:30,2024-09-30 14:50:00+05:30,25907.25,25815.02159160426,25815.02159160426,92.23,TRAIL_SL
short,2024-10-03 12:40:00+05:30,2024-10-03 14:10:00+05:30,25396.95,25263.74959238422,25263.74959238422,133.2,TRAIL_SL
short,2024-10-03 14:10:00+05:30,2024-10-03 15:15:00+05:30,25276.55,25255.5,25299.87955841624,21.05,EOD_EXIT
short,2024-10-04 09:45:00+05:30,2024-10-04 09:50:00+05:30,25205.75,25240.5058168421,25240.5058168421,-34.76,STOP_LOSS
short,2024-10-04 14:25:00+05:30,2024-10-04 15:15:00+05:30,25037.7,25022.4,25063.583720178063,15.3,EOD_EXIT
short,2024-10-07 11:35:00+05:30,2024-10-07 13:50:00+05:30,24936.4,24727.814511874047,24727.814511874047,208.59,TRAIL_SL
long,2024-10-09 10:25:00+05:30,2024-10-09 14:20:00+05:30,25117.6,25068.835816435345,25068.835816435345,-48.76,STOP_LOSS
short,2024-10-09 14:45:00+05:30,2024-10-09 15:15:00+05:30,25064.8,24984.30850006172,24984.30850006172,80.49,TRAIL_SL
long,2024-10-14 10:15:00+05:30,2024-10-14 15:15:00+05:30,25088.55,25128.85,25057.364400919083,40.3,EOD_EXIT
short,2024-10-15 10:45:00+05:30,2024-10-15 15:15:00+05:30,25077.9,25055.6,25098.886167448578,22.3,EOD_EXIT
short,2024-10-16 11:55:00+05:30,2024-10-16 13:10:00+05:30,24956.85,24973.671889694342,24973.671889694342,-16.82,STOP_LOSS
short,2024-10-17 10:25:00+05:30,2024-10-17 14:25:00+05:30,24838.05,24746.848041509376,24746.848041509376,91.2,TRAIL_SL
short,2024-10-18 10:05:00+05:30,2024-10-18 10:25:00+05:30,24660.3,24691.78095498485,24691.78095498485,-31.48,STOP_LOSS
short,2024-10-21 10:10:00+05:30,2024-10-21 13:55:00+05:30,24804.05,24843.4418473637,24843.4418473637,-39.39,STOP_LOSS
short,2024-10-22 11:15:00+05:30,2024-10-22 13:10:00+05:30,24713.05,24616.619893599265,24616.619893599265,96.43,TRAIL_SL
short,2024-10-22 13:10:00+05:30,2024-10-22 15:15:00+05:30,24621.6,24466.969277660857,24466.969277660857,154.63,TRAIL_SL
short,2024-10-25 12:00:00+05:30,2024-10-25 15:15:00+05:30,24154.55,24177.08897895869,24177.08897895869,-22.54,STOP_LOSS
short,2024-10-29 10:10:00+05:30,2024-10-29 12:00:00+05:30,24225.15,24257.41049080779,24257.41049080779,-32.26,STOP_LOSS
short,2024-10-30 14:25:00+05:30,2024-10-30 15:15:00+05:30,24357.4,24342.05,24375.643556992516,15.35,EOD_EXIT
short,2024-10-31 09:50:00+05:30,2024-10-31 14:35:00+05:30,24289.85,24187.64185843598,24187.64185843598,102.21,TRAIL_SL
short,2024-10-31 14:35:00+05:30,2024-10-31 14:40:00+05:30,24194.55,24205.043679972314,24205.043679972314,-10.49,STOP_LOSS
short,2024-11-04 11:35:00+05:30,2024-11-04 12:00:00+05:30,23868.7,23891.91852522609,23891.91852522609,-23.22,STOP_LOSS
short,2024-11-05 12:05:00+05:30,2024-11-05 12:45:00+05:30,23892.15,23916.55887718343,23916.55887718343,-24.41,STOP_LOSS
long,2024-11-06 10:20:00+05:30,2024-11-06 10:25:00+05:30,24366.3,24327.010918606815,24327.010918606815,-39.29,STOP_LOSS
long,2024-11-06 12:15:00+05:30,2024-11-06 15:15:00+05:30,24415.45,24485.8,24391.242459998906,70.35,EOD_EXIT
short,2024-11-07 11:10:00+05:30,2024-11-07 15:15:00+05:30,24233.2,24204.65,24253.418795930036,28.55,EOD_EXIT
short,2024-11-12 13:50:00+05:30,2024-11-12 15:15:00+05:30,23965.1,23872.25,23990.541431478607,92.85,EOD_EXIT
short,2024-11-13 09:55:00+05:30,2024-11-13 10:25:00+05:30,23793.9,23723.694565851973,23723.694565851973,70.21,TRAIL_SL
short,2024-11-13 10:30:00+05:30,2024-11-13 13:10:00+05:30,23742.6,23656.726255148984,23656.726255148984,85.87,TRAIL_SL
short,2024-11-14 11:45:00+05:30,2024-11-14 12:10:00+05:30,23516.35,23534.289059828403,23534.289059828403,-17.94,STOP_LOSS
short,2024-11-18 10:10:00+05:30,2024-11-18 10:55:00+05:30,23450.0,23374.936651858457,23374.936651858457,75.06,TRAIL_SL
long,2024-11-19 10:50:00+05:30,2024-11-19 14:50:00+05:30,23703.75,23672.615757633204,23672.615757633204,-31.13,STOP_LOSS
short,2024-11-21 10:00:00+05:30,2024-11-21 15:15:00+05:30,23345.8,23349.4,23383.2179609116,-3.6,EOD_EXIT
long,2024-11-22 13:30:00+05:30,2024-11-22 14:25:00+05:30,23690.15,23860.278365533584,23860.278365533584,170.13,TRAIL_SL
long,2024-11-27 14:05:00+05:30,2024-11-27 14:10:00+05:30,24314.55,24290.56222976212,24290.56222976212,-23.99,STOP_LOSS
short,2024-11-28 11:50:00+05:30,2024-11-28 13:25:00+05:30,24087.0,23992.50573046887,23992.50573046887,94.49,TRAIL_SL
short,2024-11-28 13:25:00+05:30,2024-11-28 13:55:00+05:30,24002.75,24023.058546940214,24023.058546940214,-20.31,STOP_LOSS
short,2024-11-28 14:25:00+05:30,2024-11-28 15:15:00+05:30,23974.1,23929.2,24012.62902450305,44.9,EOD_EXIT
long,2024-12-02 14:55:00+05:30,2024-12-02 15:15:00+05:30,24262.3,24261.0,24234.766755509932,-1.3,EOD_EXIT
long,2024-12-03 11:40:00+05:30,2024-12-03 11:50:00+05:30,24421.95,24404.266288508923,24404.266288508923,-17.68,STOP_LOSS
long,2024-12-04 10:10:00+05:30,2024-12-04 11:55:00+05:30,24542.85,24515.65646535468,24515.65646535468,-27.19,STOP_LOSS
short,2024-12-05 10:20:00+05:30,2024-12-05 12:05:00+05:30,24425.85,24452.562055159553,24452.562055159553,-26.71,STOP_LOSS
short,2024-12-09 10:25:00+05:30,2024-12-09 11:10:00+05:30,24611.95,24632.23637641634,24632.23637641634,-20.29,STOP_LOSS
short,2024-12-09 14:30:00+05:30,2024-12-09 14:45:00+05:30,24616.8,24628.820994126057,24628.820994126057,-12.02,STOP_LOSS
short,2024-12-10 13:00:00+05:30,2024-12-10 15:00:00+05:30,24572.15,24586.902544371616,24586.902544371616,-14.75,STOP_LOSS
long,2024-12-11 11:00:00+05:30,2024-12-11 14:45:00+05:30,24652.75,24630.03901161299,24630.03901161299,-22.71,STOP_LOSS
short,2024-12-13 10:55:00+05:30,2024-12-13 11:15:00+05:30,24260.0,24290.41087756103,24290.41087756103,-30.41,STOP_LOSS
long,2024-12-13 14:35:00+05:30,2024-12-13 15:15:00+05:30,24732.6,24772.8,24692.387258606366,40.2,EOD_EXIT
short,2024-12-17 10:45:00+05:30,2024-12-17 11:05:00+05:30,24461.9,24486.530136323443,24486.530136323443,-24.63,STOP_LOSS
short,2024-12-17 11:10:00+05:30,2024-12-17 12:25:00+05:30,24467.85,24381.931471865504,24381.931471865504,85.92,TRAIL_SL
short,2024-12-17 13:35:00+05:30,2024-12-17 15:15:00+05:30,24373.9,24332.15,24396.344344485267,41.75,EOD_EXIT
short,2024-12-18 10:20:00+05:30,2024-12-18 10:40:00+05:30,24272.05,24300.908008997078,24300.908008997078,-28.86,STOP_LOSS
short,2024-12-19 10:20:00+05:30,2024-12-19 11:35:00+05:30,23951.65,23980.280325469477,23980.280325469477,-28.63,STOP_LOSS
short,2024-12-20 10:20:00+05:30,2024-12-20 10:35:00+05:30,23881.4,23930.402589949976,23930.402589949976,-49.0,STOP_LOSS
short,2024-12-20 13:30:00+05:30,2024-12-20 15:15:00+05:30,23756.5,23559.718946638113,23559.718946638113,196.78,TRAIL_SL
short,2024-12-23 13:50:00+05:30,2024-12-23 14:15:00+05:30,23686.1,23706.602827887888,23706.602827887888,-20.5,STOP_LOSS
short,2024-12-24 14:50:00+05:30,2024-12-24 15:15:00+05:30,23739.45,23734.8,23754.896743542733,4.65,EOD_EXIT
short,2024-12-26 11:00:00+05:30,2024-12-26 11:10:00+05:30,23739.05,23756.046495665156,23756.046495665156,-17.0,STOP_LOSS
long,2024-12-27 10:40:00+05:30,2024-12-27 11:00:00+05:30,23913.35,23889.035899691007,23889.035899691007,-24.31,STOP_LOSS
short,2024-12-30 10:00:00+05:30,2024-12-30 10:25:00+05:30,23760.65,23785.33135124143,23785.33135124143,-24.68,STOP_LOSS
short,2024-12-30 14:30:00+05:30,2024-12-30 14:55:00+05:30,23658.25,23678.83542287042,23678.83542287042,-20.59,STOP_LOSS
short,2024-12-31 10:15:00+05:30,2024-12-31 10:50:00+05:30,23521.8,23551.642553180114,23551.642553180114,-29.84,STOP_LOSS
short,2025-01-01 10:05:00+05:30,2025-01-01 10:10:00+05:30,23597.2,23619.929124471437,23619.929124471437,-22.73,STOP_LOSS
long,2025-01-01 14:15:00+05:30,2025-01-01 14:50:00+05:30,23782.15,23756.31261760158,23756.31261760158,-25.84,STOP_LOSS
long,2025-01-02 11:55:00+05:30,2025-01-02 13:25:00+05:30,23937.4,24102.07693860599,24102.07693860599,164.68,TRAIL_SL
short,2025-01-03 14:25:00+05:30,2025-01-03 15:15:00+05:30,24043.7,23999.4,24058.911380167105,44.3,EOD_EXIT
short,2025-01-06 12:15:00+05:30,2025-01-06 12:35:00+05:30,23691.05,23726.40676022241,23726.40676022241,-35.36,STOP_LOSS
short,2025-01-06 14:15:00+05:30,2025-01-06 15:15:00+05:30,23651.05,23599.45,23677.83107543953,51.6,EOD_EXIT
short,2025-01-08 10:15:00+05:30,2025-01-08 10:45:00+05:30,23664.55,23574.2754976008,23574.2754976008,90.27,TRAIL_SL
short,2025-01-08 11:35:00+05:30,2025-01-08 13:40:00+05:30,23579.55,23600.868630820903,23600.868630820903,-21.32,STOP_LOSS
short,2025-01-09 09:50:00+05:30,2025-01-09 14:05:00+05:30,23625.0,23535.22590292391,23535.22590292391,89.77,TRAIL_SL
short,2025-01-10 10:15:00+05:30,2025-01-10 10:45:00+05:30,23420.2,23449.842840592646,23449.842840592646,-29.64,STOP_LOSS
short,2025-01-13 10:00:00+05:30,2025-01-13 10:25:00+05:30,23261.45,23296.92166096395,23296.92166096395,-35.47,STOP_LOSS
short,2025-01-13 12:25:00+05:30,2025-01-13 14:40:00+05:30,23224.8,23072.93533721778,23072.93533721778,151.86,TRAIL_SL
short,2025-01-13 14:45:00+05:30,2025-01-13 15:15:00+05:30,23099.15,23098.05,23121.646344387806,1.1,EOD_EXIT
short,2025-01-15 13:55:00+05:30,2025-01-15 14:35:00+05:30,23179.7,23195.925184596977,23195.925184596977,-16.23,STOP_LOSS
long,2025-01-16 09:50:00+05:30,2025-01-16 15:15:00+05:30,23306.9,23315.65,23274.344796288653,8.75,EOD_EXIT
short,2025-01-17 09:55:00+05:30,2025-01-17 10:25:00+05:30,23226.0,23252.713379248027,23252.713379248027,-26.71,STOP_LOSS
short,2025-01-17 10:30:00+05:30,2025-01-17 11:05:00+05:30,23233.7,23126.88780941735,23126.88780941735,106.81,TRAIL_SL
short,2025-01-17 11:20:00+05:30,2025-01-17 11:30:00+05:30,23147.1,23165.971961369538,23165.971961369538,-18.87,STOP_LOSS
long,2025-01-20 12:05:00+05:30,2025-01-20 15:15:00+05:30,23341.5,23343.2,23318.474855897915,1.7,EOD_EXIT
short,2025-01-21 10:45:00+05:30,2025-01-21 11:45:00+05:30,23204.05,23234.45954305217,23234.45954305217,-30.41,STOP_LOSS
short,2025-01-22 13:45:00+05:30,2025-01-22 14:05:00+05:30,23012.8,23032.77715570883,23032.77715570883,-19.98,STOP_LOSS
long,2025-01-23 11:15:00+05:30,2025-01-23 15:10:00+05:30,23223.3,23202.410532140468,23202.410532140468,-20.89,STOP_LOSS
short,2025-01-24 10:30:00+05:30,2025-01-24 10:35:00+05:30,23173.0,23199.84202085163,23199.84202085163,-26.84,STOP_LOSS
long,2025-01-24 12:10:00+05:30,2025-01-24 12:35:00+05:30,23300.8,23272.80198693142,23272.80198693142,-28.0,STOP_LOSS
short,2025-01-24 13:55:00+05:30,2025-01-24 14:00:00+05:30,23175.25,23194.897337072252,23194.897337072252,-19.65,STOP_LOSS
short,2025-01-27 11:05:00+05:30,2025-01-27 11:25:00+05:30,22867.95,22890.80569650146,22890.80569650146,-22.86,STOP_LOSS
short,2025-01-27 13:40:00+05:30,2025-01-27 15:15:00+05:30,22861.45,22830.05,22882.573543789233,31.4,EOD_EXIT
long,2025-01-28 14:10:00+05:30,2025-01-28 14:45:00+05:30,23051.75,23027.923770731843,23027.923770731843,-23.83,STOP_LOSS
long,2025-01-29 10:15:00+05:30,2025-01-29 11:20:00+05:30,23055.4,23019.59322374714,23019.59322374714,-35.81,STOP_LOSS
long,2025-01-30 11:15:00+05:30,2025-01-30 13:25:00+05:30,23269.3,23234.66116649727,23234.66116649727,-34.64,STOP_LOSS
short,2025-01-30 14:40:00+05:30,2025-01-30 14:55:00+05:30,23174.6,23191.89894273465,23191.89894273465,-17.3,STOP_LOSS
long,2025-01-31 13:45:00+05:30,2025-01-31 14:00:00+05:30,23501.9,23479.887992848686,23479.887992848686,-22.01,STOP_LOSS
long,2025-02-01 10:10:00+05:30,2025-02-01 11:50:00+05:30,23555.9,23520.737872018268,23520.737872018268,-35.16,STOP_LOSS
short,2025-02-01 12:55:00+05:30,2025-02-01 13:40:00+05:30,23421.65,23466.632806067868,23466.632806067868,-44.98,STOP_LOSS
long,2025-02-01 14:45:00+05:30,2025-02-01 15:15:00+05:30,23497.25,23476.4,23455.641390939767,-20.85,EOD_EXIT
short,2025-02-03 10:35:00+05:30,2025-02-03 10:40:00+05:30,23272.8,23294.851895524487,23294.851895524487,-22.05,STOP_LOSS
long,2025-02-04 10:15:00+05:30,2025-02-04 10:35:00+05:30,23525.35,23489.11336775267,23489.11336775267,-36.24,STOP_LOSS
long,2025-02-04 11:55:00+05:30,2025-02-04 13:40:00+05:30,23546.25,23671.534199740927,23671.534199740927,125.28,TRAIL_SL
long,2025-02-04 14:00:00+05:30,2025-02-04 15:15:00+05:30,23673.8,23738.55,23641.829676156893,64.75,EOD_EXIT
short,2025-02-06 10:20:00+05:30,2025-02-06 15:15:00+05:30,23647.75,23614.65,23666.057360967283,33.1,EOD_EXIT
short,2025-02-07 10:35:00+05:30,2025-02-07 10:55:00+05:30,23565.35,23598.1303219407,23598.1303219407,-32.78,STOP_LOSS
short,2025-02-07 14:35:00+05:30,2025-02-07 15:00:00+05:30,23486.6,23505.383308295248,23505.383308295248,-18.78,STOP_LOSS
short,2025-02-10 10:35:00+05:30,2025-02-10 15:15:00+05:30,23399.35,23379.15,23420.201730734836,20.2,EOD_EXIT
short,2025-02-11 10:25:00+05:30,2025-02-11 13:15:00+05:30,23289.0,23051.251177613893,23051.251177613893,237.75,TRAIL_SL
short,2025-02-11 14:10:00+05:30,2025-02-11 14:50:00+05:30,23052.65,23080.111618230378,23080.111618230378,-27.46,STOP_LOSS
short,2025-02-11 14:55:00+05:30,2025-02-11 15:15:00+05:30,23055.75,23076.6,23087.64055114052,-20.85,EOD_EXIT
short,2025-02-12 11:00:00+05:30,2025-02-12 11:05:00+05:30,22897.65,22929.4765159266,22929.4765159266,-31.83,STOP_LOSS
short,2025-02-12 14:55:00+05:30,2025-02-12 15:00:00+05:30,22989.75,23011.6650073873,23011.6650073873,-21.92,STOP_LOSS
long,2025-02-13 12:05:00+05:30,2025-02-13 12:20:00+05:30,23213.55,23191.728400964217,23191.728400964217,-21.82,STOP_LOSS
short,2025-02-13 14:00:00+05:30,2025-02-13 15:15:00+05:30,23097.5,23030.5,23119.86166294111,67.0,EOD_EXIT
short,2025-02-14 12:25:00+05:30,2025-02-14 14:30:00+05:30,22847.7,22872.750614063196,22872.750614063196,-25.05,STOP_LOSS
short,2025-02-17 10:15:00+05:30,2025-02-17 10:25:00+05:30,22778.8,22810.365783318604,22810.365783318604,-31.57,STOP_LOSS
short,2025-02-18 11:25:00+05:30,2025-02-18 11:40:00+05:30,22838.8,22857.356606200883,22857.356606200883,-18.56,STOP_LOSS
short,2025-02-19 13:40:00+05:30,2025-02-19 15:15:00+05:30,22938.75,22931.15,22951.94548279225,7.6,EOD_EXIT
short,2025-02-20 10:00:00+05:30,2025-02-20 11:05:00+05:30,22874.7,22900.742613280607,22900.742613280607,-26.04,STOP_LOSS
short,2025-02-21 10:40:00+05:30,2025-02-21 12:30:00+05:30,22789.2,22807.89025125697,22807.89025125697,-18.69,STOP_LOSS
short,2025-02-21 13:50:00+05:30,2025-02-21 14:05:00+05:30,22752.75,22768.389449076254,22768.389449076254,-15.64,STOP_LOSS
short,2025-02-24 10:50:00+05:30,2025-02-24 11:40:00+05:30,22571.05,22586.345000030364,22586.345000030364,-15.3,STOP_LOSS
short,2025-02-24 14:00:00+05:30,2025-02-24 14:35:00+05:30,22548.75,22560.65096836686,22560.65096836686,-11.9,STOP_LOSS
short,2025-02-28 11:30:00+05:30,2025-02-28 13:00:00+05:30,22253.35,22124.80549862045,22124.80549862045,128.54,TRAIL_SL
short,2025-02-28 13:55:00+05:30,2025-02-28 14:40:00+05:30,22130.7,22149.58812093905,22149.58812093905,-18.89,STOP_LOSS
short,2025-03-03 10:35:00+05:30,2025-03-03 12:40:00+05:30,22075.4,22105.136611596372,22105.136611596372,-29.74,STOP_LOSS
short,2025-03-04 09:45:00+05:30,2025-03-04 11:00:00+05:30,22058.5,22090.846307719206,22090.846307719206,-32.35,STOP_LOSS
long,2025-03-05 12:50:00+05:30,2025-03-05 13:05:00+05:30,22368.75,22348.528136685436,22348.528136685436,-20.22,STOP_LOSS
long,2025-03-07 10:30:00+05:30,2025-03-07 12:00:00+05:30,22582.05,22545.782079456207,22545.782079456207,-36.27,STOP_LOSS
long,2025-03-10 10:10:00+05:30,2025-03-10 12:00:00+05:30,22631.75,22599.98619287431,22599.98619287431,-31.76,STOP_LOSS
short,2025-03-11 10:00:00+05:30,2025-03-11 10:20:00+05:30,22398.65,22428.280606386204,22428.280606386204,-29.63,STOP_LOSS
short,2025-03-12 10:30:00+05:30,2025-03-12 12:05:00+05:30,22442.15,22351.80726431246,22351.80726431246,90.34,TRAIL_SL
short,2025-03-12 12:05:00+05:30,2025-03-12 12:30:00+05:30,22360.95,22378.188703005166,22378.188703005166,-17.24,STOP_LOSS
short,2025-03-13 12:10:00+05:30,2025-03-13 15:15:00+05:30,22443.2,22408.55,22460.660117945674,34.65,EOD_EXIT
long,2025-03-17 14:20:00+05:30,2025-03-17 15:15:00+05:30,22510.25,22510.05,22489.35696547643,-0.2,EOD_EXIT
long,2025-03-18 10:55:00+05:30,2025-03-18 12:35:00+05:30,22750.8,22724.95668740048,22724.95668740048,-25.84,STOP_LOSS
long,2025-03-19 11:15:00+05:30,2025-03-19 15:15:00+05:30,22896.95,22899.85,22874.111593910256,2.9,EOD_EXIT
long,2025-03-20 09:45:00+05:30,2025-03-20 14:05:00+05:30,23021.25,23190.076079111754,23190.076079111754,168.83,TRAIL_SL
long,2025-03-20 14:40:00+05:30,2025-03-20 15:15:00+05:30,23195.0,23188.15,23175.370241137258,-6.85,EOD_EXIT
long,2025-03-21 11:45:00+05:30,2025-03-21 13:45:00+05:30,23340.0,23317.645292924204,23317.645292924204,-22.35,STOP_LOSS
long,2025-03-24 11:45:00+05:30,2025-03-24 15:15:00+05:30,23609.8,23661.2,23582.089789513717,51.4,EOD_EXIT
long,2025-03-25 10:15:00+05:30,2025-03-25 10:35:00+05:30,23798.2,23749.653379309268,23749.653379309268,-48.55,STOP_LOSS
long,2025-03-25 14:15:00+05:30,2025-03-25 14:45:00+05:30,23722.65,23695.30493645178,23695.30493645178,-27.35,STOP_LOSS
short,2025-03-26 14:20:00+05:30,2025-03-26 15:15:00+05:30,23545.75,23478.6,23562.52510968268,67.15,EOD_EXIT
short,2025-03-28 09:50:00+05:30,2025-03-28 10:30:00+05:30,23549.55,23571.60574428887,23571.60574428887,-22.06,STOP_LOSS
short,2025-03-28 12:55:00+05:30,2025-03-28 14:25:00+05:30,23527.2,23544.3143032032,23544.3143032032,-17.11,STOP_LOSS
short,2025-04-01 12:10:00+05:30,2025-04-01 12:15:00+05:30,23209.9,23229.65521419377,23229.65521419377,-19.76,STOP_LOSS
short,2025-04-01 12:25:00+05:30,2025-04-01 12:35:00+05:30,23213.9,23235.592734987764,23235.592734987764,-21.69,STOP_LOSS
short,2025-04-01 13:40:00+05:30,2025-04-01 15:15:00+05:30,23171.1,23171.9,23188.26611115808,-0.8,EOD_EXIT
short,2025-04-03 10:00:00+05:30,2025-04-03 10:10:00+05:30,23250.1,23274.716839549757,23274.716839549757,-24.62,STOP_LOSS
short,2025-04-04 10:35:00+05:30,2025-04-04 10:55:00+05:30,22961.6,22989.890559462485,22989.890559462485,-28.29,STOP_LOSS
short,2025-04-04 11:15:00+05:30,2025-04-04 14:10:00+05:30,22991.5,22899.83387821132,22899.83387821132,91.67,TRAIL_SL
short,2025-04-04 14:10:00+05:30,2025-04-04 15:15:00+05:30,22909.6,22903.75,22926.833141209514,5.85,EOD_EXIT
short,2025-04-07 10:25:00+05:30,2025-04-07 12:35:00+05:30,22005.15,21843.026929216743,21843.026929216743,162.12,TRAIL_SL
short,2025-04-07 12:50:00+05:30,2025-04-07 13:30:00+05:30,21889.85,21925.036706305167,21925.036706305167,-35.19,STOP_LOSS
long,2025-04-08 14:30:00+05:30,2025-04-08 15:00:00+05:30,22600.3,22529.976978158094,22529.976978158094,-70.32,STOP_LOSS
short,2025-04-09 10:00:00+05:30,2025-04-09 15:15:00+05:30,22430.3,22396.2,22473.435362161716,34.1,EOD_EXIT
long,2025-04-11 10:25:00+05:30,2025-04-11 10:35:00+05:30,22799.85,22757.355447747625,22757.355447747625,-42.49,STOP_LOSS
long,2025-04-11 10:45:00+05:30,2025-04-11 12:30:00+05:30,22784.2,22893.607080653164,22893.607080653164,109.41,TRAIL_SL
long,2025-04-11 12:30:00+05:30,2025-04-11 13:30:00+05:30,22890.8,22866.198838539658,22866.198838539658,-24.6,STOP_LOSS
long,2025-04-15 10:50:00+05:30,2025-04-15 15:15:00+05:30,23304.3,23328.05,23282.082418557,23.75,EOD_EXIT
long,2025-04-17 10:55:00+05:30,2025-04-17 12:35:00+05:30,23406.65,23687.854785780844,23687.854785780844,281.2,TRAIL_SL
long,2025-04-17 14:15:00+05:30,2025-04-17 15:15:00+05:30,23828.0,23850.15,23792.08003633726,22.15,EOD_EXIT
long,2025-04-21 10:15:00+05:30,2025-04-21 12:40:00+05:30,24021.0,24173.85603049148,24173.85603049148,152.86,TRAIL_SL
long,2025-04-21 13:10:00+05:30,2025-04-21 13:30:00+05:30,24173.75,24154.366353634174,24154.366353634174,-19.38,STOP_LOSS
short,2025-04-23 11:00:00+05:30,2025-04-23 11:15:00+05:30,24174.35,24201.52404337707,24201.52404337707,-27.17,STOP_LOSS
long,2025-04-23 14:45:00+05:30,2025-04-23 15:15:00+05:30,24299.1,24329.8,24280.17230848662,30.7,EOD_EXIT
short,2025-04-25 11:35:00+05:30,2025-04-25 12:35:00+05:30,23922.25,23951.710996244503,23951.710996244503,-29.46,STOP_LOSS
long,2025-04-28 13:00:00+05:30,2025-04-28 14:20:00+05:30,24330.9,24306.777680000403,24306.777680000403,-24.12,STOP_LOSS
short,2025-05-02 12:45:00+05:30,2025-05-02 13:15:00+05:30,24295.85,24318.851920536796,24318.851920536796,-23.0,STOP_LOSS
long,2025-05-05 10:50:00+05:30,2025-05-05 11:35:00+05:30,24493.5,24461.924589140577,24461.924589140577,-31.58,STOP_LOSS
short,2025-05-06 10:45:00+05:30,2025-05-06 13:55:00+05:30,24390.7,24405.086250964632,24405.086250964632,-14.39,STOP_LOSS
short,2025-05-08 14:20:00+05:30,2025-05-08 15:15:00+05:30,24337.55,24266.95,24352.679662312923,70.6,EOD_EXIT
short,2025-05-09 10:15:00+05:30,2025-05-09 11:25:00+05:30,24048.9,24090.535453616398,24090.535453616398,-41.64,STOP_LOSS
short,2025-05-09 14:00:00+05:30,2025-05-09 14:55:00+05:30,23992.75,24014.06116121122,24014.06116121122,-21.31,STOP_LOSS
long,2025-05-12 10:55:00+05:30,2025-05-12 12:45:00+05:30,24678.2,24788.012445816155,24788.012445816155,109.81,TRAIL_SL
long,2025-05-12 14:35:00+05:30,2025-05-12 15:15:00+05:30,24866.15,24941.0,24841.565629944333,74.85,EOD_EXIT
short,2025-05-13 13:40:00+05:30,2025-05-13 15:15:00+05:30,24614.5,24578.15,24637.820024016455,36.35,EOD_EXIT
long,2025-05-14 10:40:00+05:30,2025-05-14 10:55:00+05:30,24733.8,24702.982024747645,24702.982024747645,-30.82,STOP_LOSS
short,2025-05-14 13:00:00+05:30,2025-05-14 13:25:00+05:30,24619.55,24643.63081184901,24643.63081184901,-24.08,STOP_LOSS
short,2025-05-15 10:10:00+05:30,2025-05-15 10:30:00+05:30,24561.7,24591.424907307817,24591.424907307817,-29.72,STOP_LOSS
long,2025-05-15 11:05:00+05:30,2025-05-15 11:10:00+05:30,24693.8,24622.269023592868,24622.269023592868,-71.53,STOP_LOSS
long,2025-05-15 14:30:00+05:30,2025-05-15 15:15:00+05:30,25058.25,25050.1,25005.570475840705,-8.15,EOD_EXIT
short,2025-05-20 10:30:00+05:30,2025-05-20 10:35:00+05:30,24895.3,24911.920111180905,24911.920111180905,-16.62,STOP_LOSS
short,2025-05-21 12:40:00+05:30,2025-05-21 13:15:00+05:30,24780.3,24807.95536968046,24807.95536968046,-27.66,STOP_LOSS
short,2025-05-22 10:15:00+05:30,2025-05-22 14:35:00+05:30,24609.7,24494.104270882686,24494.104270882686,115.6,TRAIL_SL
short,2025-05-22 14:35:00+05:30,2025-05-22 14:40:00+05:30,24500.8,24518.247671529356,24518.247671529356,-17.45,STOP_LOSS
long,2025-05-23 11:20:00+05:30,2025-05-23 11:45:00+05:30,24860.85,24828.10283773475,24828.10283773475,-32.75,STOP_LOSS
long,2025-05-23 13:30:00+05:30,2025-05-23 13:40:00+05:30,24880.85,24859.39340180063,24859.39340180063,-21.46,STOP_LOSS
short,2025-05-27 10:30:00+05:30,2025-05-27 11:00:00+05:30,24775.4,24799.557080469112,24799.557080469112,-24.16,STOP_LOSS
long,2025-05-27 12:05:00+05:30,2025-05-27 12:25:00+05:30,24950.05,24890.374541668472,24890.374541668472,-59.68,STOP_LOSS
short,2025-05-27 13:35:00+05:30,2025-05-27 14:30:00+05:30,24826.3,24743.93037610799,24743.93037610799,82.37,TRAIL_SL
short,2025-05-28 10:20:00+05:30,2025-05-28 10:50:00+05:30,24767.85,24789.680139509048,24789.680139509048,-21.83,STOP_LOSS
short,2025-05-30 10:55:00+05:30,2025-05-30 11:20:00+05:30,24751.25,24767.50888174669,24767.50888174669,-16.26,STOP_LOSS
short,2025-06-02 09:55:00+05:30,2025-06-02 10:35:00+05:30,24598.05,24623.4974931097,24623.4974931097,-25.45,STOP_LOSS
short,2025-06-03 10:05:00+05:30,2025-06-03 10:15:00+05:30,24649.75,24677.001357237885,24677.001357237885,-27.25,STOP_LOSS
long,2025-06-05 12:35:00+05:30,2025-06-05 13:20:00+05:30,24810.15,24775.153243269026,24775.153243269026,-35.0,STOP_LOSS
short,2025-06-06 09:55:00+05:30,2025-06-06 10:05:00+05:30,24712.3,24728.49368816143,24728.49368816143,-16.19,STOP_LOSS
long,2025-06-06 12:10:00+05:30,2025-06-06 12:35:00+05:30,24998.85,24974.705694412834,24974.705694412834,-24.14,STOP_LOSS
long,2025-06-09 10:55:00+05:30,2025-06-09 11:25:00+05:30,25128.95,25111.47485278195,25111.47485278195,-17.48,STOP_LOSS
long,2025-06-10 10:30:00+05:30,2025-06-10 10:50:00+05:30,25140.75,25117.910058229674,25117.910058229674,-22.84,STOP_LOSS
short,2025-06-11 14:15:00+05:30,2025-06-11 15:15:00+05:30,25138.55,25136.0,25152.307156596373,2.55,EOD_EXIT
short,2025-06-12 10:25:00+05:30,2025-06-12 13:50:00+05:30,25103.8,24894.53532612614,24894.53532612614,209.26,TRAIL_SL
short,2025-06-13 10:10:00+05:30,2025-06-13 10:45:00+05:30,24644.15,24674.369426385627,24674.369426385627,-30.22,STOP_LOSS
short,2025-06-13 10:55:00+05:30,2025-06-13 12:00:00+05:30,24671.55,24690.377554790357,24690.377554790357,-18.83,STOP_LOSS
long,2025-06-16 13:45:00+05:30,2025-06-16 15:15:00+05:30,24942.0,24955.2,24924.109923540844,13.2,EOD_EXIT
short,2025-06-17 10:25:00+05:30,2025-06-17 10:30:00+05:30,24872.25,24888.491787045776,24888.491787045776,-16.24,STOP_LOSS
long,2025-06-18 09:55:00+05:30,2025-06-18 10:30:00+05:30,24902.25,24873.65976481516,24873.65976481516,-28.59,STOP_LOSS
short,2025-06-18 12:00:00+05:30,2025-06-18 12:05:00+05:30,24800.3,24813.910331906933,24813.910331906933,-13.61,STOP_LOSS
long,2025-06-20 11:25:00+05:30,2025-06-20 12:30:00+05:30,25004.0,24981.44733864251,24981.44733864251,-22.55,STOP_LOSS
long,2025-06-20 13:35:00+05:30,2025-06-20 15:15:00+05:30,25050.25,25126.35,25026.97938900389,76.1,EOD_EXIT
long,2025-06-24 09:45:00+05:30,2025-06-24 12:15:00+05:30,25138.15,25296.59380346701,25296.59380346701,158.44,TRAIL_SL
long,2025-06-24 12:15:00+05:30,2025-06-24 12:35:00+05:30,25284.8,25259.321259342818,25259.321259342818,-25.48,STOP_LOSS
short,2025-06-24 14:30:00+05:30,2025-06-24 15:15:00+05:30,25054.6,25055.0,25085.17924509743,-0.4,EOD_EXIT
long,2025-06-25 10:10:00+05:30,2025-06-25 15:15:00+05:30,25173.9,25245.55,25146.714187602214,71.65,EOD_EXIT
long,2025-06-26 10:15:00+05:30,2025-06-26 10:40:00+05:30,25380.5,25347.39187932628,25347.39187932628,-33.11,STOP_LOSS
long,2025-06-27 10:00:00+05:30,2025-06-27 15:15:00+05:30,25556.45,25647.6,25520.62013963838,91.15,EOD_EXIT
short,2025-06-30 10:55:00+05:30,2025-06-30 11:50:00+05:30,25559.15,25572.840751380536,25572.840751380536,-13.69,STOP_LOSS
short,2025-06-30 14:35:00+05:30,2025-06-30 14:50:00+05:30,25491.9,25502.801819945154,25502.801819945154,-10.9,STOP_LOSS
long,2025-07-01 09:50:00+05:30,2025-07-01 10:10:00+05:30,25560.7,25534.122275729445,25534.122275729445,-26.58,STOP_LOSS
short,2025-07-02 11:20:00+05:30,2025-07-02 11:45:00+05:30,25486.1,25497.36431113398,25497.36431113398,-11.26,STOP_LOSS
short,2025-07-02 14:05:00+05:30,2025-07-02 14:55:00+05:30,25413.4,25426.04036855298,25426.04036855298,-12.64,STOP_LOSS
short,2025-07-04 10:00:00+05:30,2025-07-04 11:00:00+05:30,25405.8,25424.016303193916,25424.016303193916,-18.22,STOP_LOSS
short,2025-07-10 09:45:00+05:30,2025-07-10 15:15:00+05:30,25453.5,25371.8,25468.05099464131,81.7,EOD_EXIT
short,2025-07-11 11:35:00+05:30,2025-07-11 15:15:00+05:30,25178.0,25138.6,25193.006517147303,39.4,EOD_EXIT
short,2025-07-14 10:05:00+05:30,2025-07-14 15:15:00+05:30,25106.65,25080.5,25124.29067497612,26.15,EOD_EXIT
short,2025-07-16 10:55:00+05:30,2025-07-16 11:30:00+05:30,25138.5,25149.025162959926,25149.025162959926,-10.53,STOP_LOSS
long,2025-07-16 14:30:00+05:30,2025-07-16 15:10:00+05:30,25227.7,25210.822006901573,25210.822006901573,-16.88,STOP_LOSS
short,2025-07-17 10:55:00+05:30,2025-07-17 11:10:00+05:30,25162.8,25172.605655028485,25172.605655028485,-9.81,STOP_LOSS
short,2025-07-18 11:00:00+05:30,2025-07-18 11:25:00+05:30,24953.45,24969.645525086562,24969.645525086562,-16.2,STOP_LOSS
short,2025-07-24 12:35:00+05:30,2025-07-24 13:45:00+05:30,25075.85,25090.696063343396,25090.696063343396,-14.85,STOP_LOSS
short,2025-07-25 11:00:00+05:30,2025-07-25 15:15:00+05:30,24875.65,24833.7,24891.532891172974,41.95,EOD_EXIT
short,2025-07-28 09:45:00+05:30,2025-07-28 10:10:00+05:30,24812.75,24838.10888166041,24838.10888166041,-25.36,STOP_LOSS
short,2025-07-28 14:15:00+05:30,2025-07-28 14:35:00+05:30,24679.15,24695.159564703972,24695.159564703972,-16.01,STOP_LOSS
short,2025-07-29 10:55:00+05:30,2025-07-29 11:15:00+05:30,24645.25,24662.287591725715,24662.287591725715,-17.04,STOP_LOSS
long,2025-07-30 09:55:00+05:30,2025-07-30 10:35:00+05:30,24839.35,24804.693713567547,24804.693713567547,-34.66,STOP_LOSS
short,2025-07-31 10:35:00+05:30,2025-07-31 10:45:00+05:30,24680.75,24698.461347954046,24698.461347954046,-17.71,STOP_LOSS
short,2025-08-01 12:05:00+05:30,2025-08-01 15:25:00+05:30,24670.6,24560.916685632546,24560.916685632546,109.68,TRAIL_SL
short,2025-08-05 10:05:00+05:30,2025-08-05 12:10:00+05:30,24633.65,24651.066461993807,24651.066461993807,-17.42,STOP_LOSS
short,2025-08-07 11:20:00+05:30,2025-08-07 11:35:00+05:30,24426.85,24440.184573876468,24440.184573876468,-13.33,STOP_LOSS
short,2025-08-07 13:40:00+05:30,2025-08-07 14:00:00+05:30,24385.4,24402.16394402039,24402.16394402039,-16.76,STOP_LOSS
short,2025-08-08 11:10:00+05:30,2025-08-08 12:50:00+05:30,24441.05,24456.16448428456,24456.16448428456,-15.11,STOP_LOSS
long,2025-08-12 10:10:00+05:30,2025-08-12 10:25:00+05:30,24662.35,24634.122578468116,24634.122578468116,-28.23,STOP_LOSS
long,2025-08-13 10:10:00+05:30,2025-08-13 15:15:00+05:30,24580.5,24617.45,24551.657465591958,36.95,EOD_EXIT
long,2025-08-18 10:25:00+05:30,2025-08-18 11:30:00+05:30,24975.45,24947.904558483082,24947.904558483082,-27.55,STOP_LOSS
long,2025-08-20 10:50:00+05:30,2025-08-20 15:15:00+05:30,25005.6,25040.75,24985.512062354515,35.15,EOD_EXIT
long,2025-08-21 10:50:00+05:30,2025-08-21 11:50:00+05:30,25127.1,25108.666904522157,25108.666904522157,-18.43,STOP_LOSS
short,2025-08-22 11:05:00+05:30,2025-08-22 11:40:00+05:30,24923.65,24935.658727680744,24935.658727680744,-12.01,STOP_LOSS
short,2025-08-26 10:15:00+05:30,2025-08-26 11:25:00+05:30,24802.9,24820.6046519975,24820.6046519975,-17.7,STOP_LOSS
short,2025-08-28 10:05:00+05:30,2025-08-28 10:45:00+05:30,24589.5,24614.171192872498,24614.171192872498,-24.67,STOP_LOSS
short,2025-08-29 14:05:00+05:30,2025-08-29 14:10:00+05:30,24498.15,24510.011508439828,24510.011508439828,-11.86,STOP_LOSS
long,2025-09-02 10:30:00+05:30,2025-09-02 13:20:00+05:30,24718.45,24694.515645708332,24694.515645708332,-23.93,STOP_LOSS
short,2025-09-02 14:35:00+05:30,2025-09-02 15:15:00+05:30,24574.9,24584.4,24601.562842430496,-9.5,EOD_EXIT
short,2025-09-03 09:45:00+05:30,2025-09-03 10:00:00+05:30,24566.55,24590.182486767735,24590.182486767735,-23.63,STOP_LOSS
long,2025-09-03 14:40:00+05:30,2025-09-03 15:15:00+05:30,24660.75,24728.4,24644.29848358514,67.65,EOD_EXIT
short,2025-09-05 10:25:00+05:30,2025-09-05 13:50:00+05:30,24721.75,24751.139899965365,24751.139899965365,-29.39,STOP_LOSS
long,2025-09-08 10:05:00+05:30,2025-09-08 14:45:00+05:30,24810.95,24782.035400969606,24782.035400969606,-28.91,STOP_LOSS
long,2025-09-10 11:10:00+05:30,2025-09-10 11:15:00+05:30,25013.1,24996.07006834494,24996.07006834494,-17.03,STOP_LOSS
long,2025-09-16 10:40:00+05:30,2025-09-16 15:15:00+05:30,25163.95,25244.35,25150.291845051837,80.4,EOD_EXIT
long,2025-09-17 10:10:00+05:30,2025-09-17 15:15:00+05:30,25314.15,25327.35,25293.297291377905,13.2,EOD_EXIT
long,2025-09-18 10:10:00+05:30,2025-09-18 12:40:00+05:30,25408.0,25386.865765640203,25386.865765640203,-21.13,STOP_LOSS
short,2025-09-18 14:40:00+05:30,2025-09-18 14:45:00+05:30,25352.5,25366.259081018714,25366.259081018714,-13.76,STOP_LOSS
short,2025-09-19 10:20:00+05:30,2025-09-19 13:25:00+05:30,25330.2,25344.179869328356,25344.179869328356,-13.98,STOP_LOSS
short,2025-09-23 10:05:00+05:30,2025-09-23 12:30:00+05:30,25161.4,25180.23018644878,25180.23018644878,-18.83,STOP_LOSS
short,2025-09-24 09:55:00+05:30,2025-09-24 13:00:00+05:30,25091.95,25111.124572185996,25111.124572185996,-19.17,STOP_LOSS
short,2025-09-25 10:20:00+05:30,2025-09-25 15:15:00+05:30,25042.3,24895.10241738677,24895.10241738677,147.2,TRAIL_SL
short,2025-09-26 09:55:00+05:30,2025-09-26 14:10:00+05:30,24817.2,24660.832818746036,24660.832818746036,156.37,TRAIL_SL
short,2025-09-26 14:35:00+05:30,2025-09-26 15:15:00+05:30,24656.6,24652.2,24672.74481465301,4.4,EOD_EXIT
short,2025-09-29 12:25:00+05:30,2025-09-29 13:00:00+05:30,24658.55,24674.160274322843,24674.160274322843,-15.61,STOP_LOSS
short,2025-09-30 10:50:00+05:30,2025-09-30 11:00:00+05:30,24628.0,24644.34872665186,24644.34872665186,-16.35,STOP_LOSS
long,2025-10-01 12:25:00+05:30,2025-10-01 15:15:00+05:30,24777.2,24839.7,24752.8821401246,62.5,EOD_EXIT
long,2025-10-06 13:50:00+05:30,2025-10-06 14:25:00+05:30,25062.8,25041.644474369452,25041.644474369452,-21.16,STOP_LOSS
long,2025-10-07 10:30:00+05:30,2025-10-07 11:15:00+05:30,25172.0,25147.895130485485,25147.895130485485,-24.1,STOP_LOSS
short,2025-10-08 11:55:00+05:30,2025-10-08 12:50:00+05:30,25051.05,25065.427433510587,25065.427433510587,-14.38,STOP_LOSS
long,2025-10-09 11:50:00+05:30,2025-10-09 15:15:00+05:30,25152.85,25188.2,25125.999275810707,35.35,EOD_EXIT
long,2025-10-10 10:05:00+05:30,2025-10-10 15:15:00+05:30,25256.65,25284.35,25229.399838374266,27.7,EOD_EXIT
short,2025-10-13 10:40:00+05:30,2025-10-13 14:20:00+05:30,25206.2,25222.05352070386,25222.05352070386,-15.85,STOP_LOSS
short,2025-10-14 10:25:00+05:30,2025-10-14 12:30:00+05:30,25210.45,25104.272362080865,25104.272362080865,106.18,TRAIL_SL
short,2025-10-14 12:55:00+05:30,2025-10-14 13:30:00+05:30,25098.1,25115.00526944452,25115.00526944452,-16.91,STOP_LOSS
long,2025-10-15 11:10:00+05:30,2025-10-15 15:15:00+05:30,25292.6,25328.9,25270.728305831486,36.3,EOD_EXIT
long,2025-10-16 10:10:00+05:30,2025-10-16 14:10:00+05:30,25423.45,25563.195626803354,25563.195626803354,139.75,TRAIL_SL
long,2025-10-20 09:45:00+05:30,2025-10-20 15:15:00+05:30,25820.2,25841.5,25764.320173241817,21.3,EOD_EXIT
long,2025-10-21 14:20:00+05:30,2025-10-21 14:35:00+05:30,25886.35,25860.31720920152,25860.31720920152,-26.03,STOP_LOSS
long,2025-10-23 10:25:00+05:30,2025-10-23 13:30:00+05:30,26073.4,26045.744331669088,26045.744331669088,-27.66,STOP_LOSS
short,2025-10-23 14:50:00+05:30,2025-10-23 15:15:00+05:30,25967.5,25900.3,25987.4682393143,67.2,EOD_EXIT
short,2025-10-24 09:55:00+05:30,2025-10-24 13:50:00+05:30,25893.1,25739.51294464741,25739.51294464741,153.59,TRAIL_SL
short,2025-10-24 14:10:00+05:30,2025-10-24 14:25:00+05:30,25755.4,25771.961276321603,25771.961276321603,-16.56,STOP_LOSS
short,2025-10-24 14:30:00+05:30,2025-10-24 15:00:00+05:30,25759.4,25776.018150874497,25776.018150874497,-16.62,STOP_LOSS
long,2025-10-27 10:45:00+05:30,2025-10-27 13:30:00+05:30,25956.85,25936.009921552835,25936.009921552835,-20.84,STOP_LOSS
long,2025-10-29 09:45:00+05:30,2025-10-29 15:15:00+05:30,25968.15,26054.3,25931.632773468886,86.15,EOD_EXIT
short,2025-10-30 13:55:00+05:30,2025-10-30 14:40:00+05:30,25889.0,25903.798393737503,25903.798393737503,-14.8,STOP_LOSS
short,2025-10-31 11:30:00+05:30,2025-10-31 11:50:00+05:30,25795.75,25811.571826384836,25811.571826384836,-15.82,STOP_LOSS
short,2025-10-31 13:55:00+05:30,2025-10-31 15:15:00+05:30,25775.35,25713.35,25787.01230047487,62.0,EOD_EXIT
short,2025-11-04 10:00:00+05:30,2025-11-04 14:35:00+05:30,25716.65,25624.293628286687,25624.293628286687,92.36,TRAIL_SL
short,2025-11-06 11:05:00+05:30,2025-11-06 12:45:00+05:30,25559.2,25572.553218861078,25572.553218861078,-13.35,STOP_LOSS
short,2025-11-07 09:45:00+05:30,2025-11-07 11:20:00+05:30,25389.6,25416.84606678175,25416.84606678175,-27.25,STOP_LOSS
long,2025-11-10 10:45:00+05:30,2025-11-10 15:10:00+05:30,25597.85,25575.43280234334,25575.43280234334,-22.42,STOP_LOSS
short,2025-11-11 10:50:00+05:30,2025-11-11 11:40:00+05:30,25476.95,25492.76682632687,25492.76682632687,-15.82,STOP_LOSS
long,2025-11-11 13:55:00+05:30,2025-11-11 15:15:00+05:30,25635.05,25700.85,25606.272908935924,65.8,EOD_EXIT
long,2025-11-12 10:20:00+05:30,2025-11-12 15:15:00+05:30,25835.15,25870.15,25808.613133813822,35.0,EOD_EXIT
short,2025-11-14 09:45:00+05:30,2025-11-14 13:55:00+05:30,25854.7,25757.496953892434,25757.496953892434,97.2,TRAIL_SL
short,2025-11-14 14:05:00+05:30,2025-11-14 14:35:00+05:30,25770.65,25784.403702852476,25784.403702852476,-13.75,STOP_LOSS
long,2025-11-17 10:00:00+05:30,2025-11-17 15:15:00+05:30,25954.1,26016.05,25926.49992300652,61.95,EOD_EXIT
long,2025-11-19 10:45:00+05:30,2025-11-19 11:10:00+05:30,25954.5,25932.952468465246,25932.952468465246,-21.55,STOP_LOSS
long,2025-11-20 09:45:00+05:30,2025-11-20 14:25:00+05:30,26088.65,26230.45128116925,26230.45128116925,141.8,TRAIL_SL
long,2025-11-20 14:35:00+05:30,2025-11-20 14:40:00+05:30,26218.7,26198.852371811357,26198.852371811357,-19.85,STOP_LOSS
short,2025-11-21 11:05:00+05:30,2025-11-21 11:10:00+05:30,26083.35,26096.98082435548,26096.98082435548,-13.63,STOP_LOSS
long,2025-11-26 11:40:00+05:30,2025-11-26 15:15:00+05:30,26121.05,26205.15,26104.840562735688,84.1,EOD_EXIT
long,2025-11-27 10:30:00+05:30,2025-11-27 11:45:00+05:30,26276.35,26252.754213009976,26252.754213009976,-23.6,STOP_LOSS
short,2025-11-27 14:00:00+05:30,2025-11-27 14:20:00+05:30,26177.2,26192.241238341605,26192.241238341605,-15.04,STOP_LOSS
long,2025-11-28 10:10:00+05:30,2025-11-28 12:45:00+05:30,26240.4,26210.856394592654,26210.856394592654,-29.54,STOP_LOSS
long,2025-12-01 09:50:00+05:30,2025-12-01 10:50:00+05:30,26273.55,26244.11071864126,26244.11071864126,-29.44,STOP_LOSS
short,2025-12-02 10:25:00+05:30,2025-12-02 10:55:00+05:30,26078.8,26092.2033622572,26092.2033622572,-13.4,STOP_LOSS
short,2025-12-03 10:30:00+05:30,2025-12-03 12:00:00+05:30,25927.25,25944.347973261978,25944.347973261978,-17.1,STOP_LOSS
short,2025-12-04 14:00:00+05:30,2025-12-04 14:05:00+05:30,25986.7,25998.123161398566,25998.123161398566,-11.42,STOP_LOSS
long,2025-12-05 11:30:00+05:30,2025-12-05 15:15:00+05:30,26131.1,26194.65,26104.593942307067,63.55,EOD_EXIT
short,2025-12-08 10:20:00+05:30,2025-12-08 13:45:00+05:30,26101.65,25931.417473508678,25931.417473508678,170.23,TRAIL_SL
short,2025-12-08 14:20:00+05:30,2025-12-08 14:50:00+05:30,25929.8,25946.814036183223,25946.814036183223,-17.01,STOP_LOSS
short,2025-12-09 10:05:00+05:30,2025-12-09 10:15:00+05:30,25778.1,25800.483384061426,25800.483384061426,-22.38,STOP_LOSS
short,2025-12-09 14:55:00+05:30,2025-12-09 15:15:00+05:30,25831.45,25836.0,25847.14751351036,-4.55,EOD_EXIT
short,2025-12-10 14:55:00+05:30,2025-12-10 15:15:00+05:30,25758.95,25756.2,25775.664420181936,2.75,EOD_EXIT
short,2025-12-11 10:00:00+05:30,2025-12-11 10:05:00+05:30,25739.0,25763.69919092409,25763.69919092409,-24.7,STOP_LOSS
long,2025-12-12 10:00:00+05:30,2025-12-12 10:20:00+05:30,26001.65,25976.732819803972,25976.732819803972,-24.92,STOP_LOSS
long,2025-12-12 10:30:00+05:30,2025-12-12 15:15:00+05:30,25980.95,26045.85,25949.910341591018,64.9,EOD_EXIT
short,2025-12-15 09:55:00+05:30,2025-12-15 10:25:00+05:30,25951.6,25969.99088842257,25969.99088842257,-18.39,STOP_LOSS
short,2025-12-16 10:15:00+05:30,2025-12-16 15:15:00+05:30,25912.45,25840.85,25928.27637972107,71.6,EOD_EXIT
short,2025-12-17 10:45:00+05:30,2025-12-17 11:45:00+05:30,25829.25,25844.12366806333,25844.12366806333,-14.87,STOP_LOSS
long,2025-12-19 10:55:00+05:30,2025-12-19 11:25:00+05:30,25962.4,25942.981899075403,25942.981899075403,-19.42,STOP_LOSS
long,2025-12-22 10:35:00+05:30,2025-12-22 15:15:00+05:30,26122.8,26168.4,26104.63820110218,45.6,EOD_EXIT
short,2025-12-26 10:25:00+05:30,2025-12-26 15:15:00+05:30,26091.75,26039.4,26102.91253154601,52.35,EOD_EXIT
long,2025-12-31 11:20:00+05:30,2025-12-31 15:00:00+05:30,26044.45,26175.142750076902,26175.142750076902,130.69,TRAIL_SL
long,2026-01-02 11:05:00+05:30,2026-01-02 15:15:00+05:30,26252.0,26326.25,26235.583924302824,74.25,EOD_EXIT
long,2026-01-05 10:55:00+05:30,2026-01-05 11:20:00+05:30,26349.6,26327.078563090974,26327.078563090974,-22.52,STOP_LOSS
short,2026-01-07 13:45:00+05:30,2026-01-07 14:00:00+05:30,26082.9,26092.929765022684,26092.929765022684,-10.03,STOP_LOSS
short,2026-01-08 13:00:00+05:30,2026-01-08 15:15:00+05:30,25923.75,25874.1,25937.126297055034,49.65,EOD_EXIT
short,2026-01-09 09:50:00+05:30,2026-01-09 12:00:00+05:30,25877.3,25754.539409558874,25754.539409558874,122.76,TRAIL_SL
short,2026-01-12 09:45:00+05:30,2026-01-12 11:45:00+05:30,25595.45,25488.32271267491,25488.32271267491,107.13,TRAIL_SL
short,2026-01-12 11:55:00+05:30,2026-01-12 12:05:00+05:30,25501.55,25515.947237197048,25515.947237197048,-14.4,STOP_LOSS
short,2026-01-13 13:20:00+05:30,2026-01-13 14:40:00+05:30,25673.2,25691.543230066756,25691.543230066756,-18.34,STOP_LOSS
short,2026-01-14 14:10:00+05:30,2026-01-14 14:45:00+05:30,25663.2,25679.810922820794,25679.810922820794,-16.61,STOP_LOSS
long,2026-01-16 10:55:00+05:30,2026-01-16 11:40:00+05:30,25829.7,25799.952539572343,25799.952539572343,-29.75,STOP_LOSS
short,2026-01-19 10:50:00+05:30,2026-01-19 10:55:00+05:30,25519.65,25537.615427333276,25537.615427333276,-17.97,STOP_LOSS
short,2026-01-19 11:10:00+05:30,2026-01-19 13:05:00+05:30,25538.4,25556.174324840806,25556.174324840806,-17.77,STOP_LOSS
short,2026-01-20 10:05:00+05:30,2026-01-20 14:00:00+05:30,25479.8,25375.129422361817,25375.129422361817,104.67,TRAIL_SL
short,2026-01-21 11:30:00+05:30,2026-01-21 12:00:00+05:30,25043.65,25075.019895549376,25075.019895549376,-31.37,STOP_LOSS
short,2026-01-21 14:30:00+05:30,2026-01-21 15:15:00+05:30,25162.85,25159.9,25191.421242653014,2.95,EOD_EXIT
short,2026-01-22 11:20:00+05:30,2026-01-22 14:25:00+05:30,25253.7,25205.95,25281.014873645094,47.75,END_OF_DATA
