direction,entry_time,exit_time,entry_price,exit_price,stop_loss,take_profit,pnl,exit_reason
short,2015-01-09 10:00:00+05:30,2015-01-09 11:35:00+05:30,8285.5,8254.923992511378,8294.236002139607,8254.923992511378,30.58,TAKE_PROFIT
short,2015-01-09 12:45:00+05:30,2015-01-09 12:50:00+05:30,8217.2,8228.690471219452,8228.690471219452,8176.98335073192,-11.49,STOP_LOSS
short,2015-01-09 14:05:00+05:30,2015-01-09 14:15:00+05:30,8230.05,8241.89272302418,8241.89272302418,8188.600469415367,-11.84,STOP_LOSS
long,2015-01-12 10:05:00+05:30,2015-01-12 12:15:00+05:30,8274.05,8263.63625015248,8263.63625015248,8310.498124466316,-10.41,STOP_LOSS
long,2015-01-12 14:10:00+05:30,2015-01-12 14:20:00+05:30,8283.3,8301.797390493792,8278.015031287487,8301.797390493792,18.5,TAKE_PROFIT
long,2015-01-12 14:45:00+05:30,2015-01-12 15:15:00+05:30,8304.95,8328.55,8297.393829580604,8331.396596467888,23.6,EOD_EXIT
long,2015-01-13 09:30:00+05:30,2015-01-13 14:25:00+05:30,8327.8,8318.610646061526,8318.610646061526,8359.962738784656,-9.19,STOP_LOSS
short,2015-01-14 13:20:00+05:30,2015-01-14 14:05:00+05:30,8256.65,8262.664971336542,8262.664971336542,8235.5976003221,-6.01,STOP_LOSS
long,2015-01-15 10:15:00+05:30,2015-01-15 11:35:00+05:30,8403.55,8443.673637913862,8392.08610345318,8443.673637913862,40.12,TAKE_PROFIT
long,2015-01-15 12:05:00+05:30,2015-01-15 12:45:00+05:30,8454.15,8477.009375880592,8447.618749748402,8477.009375880592,22.86,TAKE_PROFIT
long,2015-01-15 13:10:00+05:30,2015-01-15 14:10:00+05:30,8472.65,8490.84315217541,8467.45195652131,8490.84315217541,18.19,TAKE_PROFIT
long,2015-01-19 10:40:00+05:30,2015-01-19 11:25:00+05:30,8560.0,8554.036337067377,8554.036337067377,8580.872820264181,-5.96,STOP_LOSS
long,2015-01-20 10:35:00+05:30,2015-01-20 12:20:00+05:30,8594.5,8609.435718936084,8590.232651732547,8609.435718936084,14.94,TAKE_PROFIT
long,2015-01-21 10:15:00+05:30,2015-01-21 10:50:00+05:30,8721.55,8713.094046294313,8713.094046294313,8751.145837969902,-8.46,STOP_LOSS
long,2015-01-23 14:20:00+05:30,2015-01-23 15:15:00+05:30,8827.25,8831.1,8821.34732984663,8847.909345536791,3.85,EOD_EXIT
long,2015-01-27 10:25:00+05:30,2015-01-27 10:40:00+05:30,8856.2,8850.582106108981,8850.582106108981,8875.862628618572,-5.62,STOP_LOSS
long,2015-01-27 13:45:00+05:30,2015-01-27 13:50:00+05:30,8852.5,8846.75809466782,8846.75809466782,8872.596668662629,-5.74,STOP_LOSS
long,2015-01-28 09:35:00+05:30,2015-01-28 09:40:00+05:30,8903.95,8894.983977630385,8894.983977630385,8935.331078293653,-8.97,STOP_LOSS
long,2015-01-28 09:45:00+05:30,2015-01-28 11:15:00+05:30,8901.7,8935.216509918344,8892.123854309046,8935.216509918344,33.52,TAKE_PROFIT
short,2015-01-29 09:45:00+05:30,2015-01-29 10:35:00+05:30,8877.45,8886.480250230996,8886.480250230996,8845.844124191517,-9.03,STOP_LOSS
long,2015-01-30 09:35:00+05:30,2015-01-30 09:45:00+05:30,8948.3,8935.017320870615,8935.017320870615,8994.789376952842,-13.28,STOP_LOSS
short,2015-01-30 12:25:00+05:30,2015-01-30 14:10:00+05:30,8846.05,8807.971313367527,8856.929624752134,8807.971313367527,38.08,TAKE_PROFIT
short,2015-02-02 09:45:00+05:30,2015-02-02 13:35:00+05:30,8790.1,8803.687474393484,8803.687474393484,8742.543839622807,-13.59,STOP_LOSS
long,2015-02-03 09:50:00+05:30,2015-02-03 09:55:00+05:30,8815.75,8806.91251320521,8806.91251320521,8846.681203781762,-8.84,STOP_LOSS
short,2015-02-03 12:35:00+05:30,2015-02-03 13:45:00+05:30,8749.05,8759.273332909106,8759.273332909106,8713.268334818124,-10.22,STOP_LOSS
short,2015-02-04 10:35:00+05:30,2015-02-04 11:20:00+05:30,8746.1,8755.94383633385,8755.94383633385,8711.646572831527,-9.84,STOP_LOSS
short,2015-02-05 09:35:00+05:30,2015-02-05 10:00:00+05:30,8732.65,8743.295104561,8743.295104561,8695.392134036492,-10.65,STOP_LOSS
long,2015-02-05 14:20:00+05:30,2015-02-05 14:35:00+05:30,8817.3,8808.442662474215,8808.442662474215,8848.300681340244,-8.86,STOP_LOSS
short,2015-02-06 09:40:00+05:30,2015-02-06 14:35:00+05:30,8713.35,8665.358303716097,8727.061913223974,8665.358303716097,47.99,TAKE_PROFIT
short,2015-02-06 14:55:00+05:30,2015-02-06 15:15:00+05:30,8674.45,8666.45,8684.266824764094,8640.091113325678,8.0,EOD_EXIT
short,2015-02-09 10:20:00+05:30,2015-02-09 12:45:00+05:30,8572.0,8584.194414843041,8584.194414843041,8529.31954804936,-12.19,STOP_LOSS
long,2015-02-10 11:00:00+05:30,2015-02-10 11:15:00+05:30,8593.65,8628.814287637873,8583.603060674894,8628.814287637873,35.16,TAKE_PROFIT
long,2015-02-10 11:45:00+05:30,2015-02-10 12:00:00+05:30,8622.9,8612.340499671049,8612.340499671049,8659.858251151325,-10.56,STOP_LOSS
long,2015-02-11 09:45:00+05:30,2015-02-11 13:05:00+05:30,8596.1,8635.828975627493,8584.74886410643,8635.828975627493,39.73,TAKE_PROFIT
long,2015-02-13 10:00:00+05:30,2015-02-13 10:45:00+05:30,8753.3,8744.624271909903,8744.624271909903,8783.665048315337,-8.68,STOP_LOSS
long,2015-02-13 11:00:00+05:30,2015-02-13 12:00:00+05:30,8746.65,8772.244770620631,8739.337208394105,8772.244770620631,25.59,TAKE_PROFIT
long,2015-02-13 13:45:00+05:30,2015-02-13 14:40:00+05:30,8783.35,8807.690070591652,8776.39569411667,8807.690070591652,24.34,TAKE_PROFIT
long,2015-02-16 09:55:00+05:30,2015-02-16 11:15:00+05:30,8844.55,8835.417756083922,8835.417756083922,8876.512853706268,-9.13,STOP_LOSS
long,2015-02-18 10:40:00+05:30,2015-02-18 12:00:00+05:30,8850.8,8844.777938008934,8844.777938008934,8871.877216968727,-6.02,STOP_LOSS
long,2015-02-18 14:20:00+05:30,2015-02-18 14:45:00+05:30,8864.45,8885.130256112907,8858.541355396314,8885.130256112907,20.68,TAKE_PROFIT
long,2015-02-19 09:35:00+05:30,2015-02-19 10:35:00+05:30,8883.5,8873.92613832279,8873.92613832279,8917.008515870237,-9.57,STOP_LOSS
short,2015-02-19 12:00:00+05:30,2015-02-19 12:40:00+05:30,8833.25,8841.617519769925,8841.617519769925,8803.963680805266,-8.37,STOP_LOSS
short,2015-02-19 14:20:00+05:30,2015-02-19 14:30:00+05:30,8819.6,8828.194716436466,8828.194716436466,8789.51849247237,-8.59,STOP_LOSS
long,2015-02-20 12:00:00+05:30,2015-02-20 12:15:00+05:30,8867.1,8859.699155760187,8859.699155760187,8893.002954839347,-7.4,STOP_LOSS
long,2015-02-20 13:35:00+05:30,2015-02-20 13:50:00+05:30,8874.1,8866.941718087257,8866.941718087257,8899.1539866946,-7.16,STOP_LOSS
short,2015-02-24 14:50:00+05:30,2015-02-24 15:10:00+05:30,8752.65,8763.63385274161,8763.63385274161,8714.206515404365,-10.98,STOP_LOSS
long,2015-02-25 10:10:00+05:30,2015-02-25 13:50:00+05:30,8816.2,8808.787588663708,8808.787588663708,8842.143439677027,-7.41,STOP_LOSS
short,2015-02-26 09:55:00+05:30,2015-02-26 11:15:00+05:30,8747.95,8756.085156178677,8756.085156178677,8719.476953374635,-8.14,STOP_LOSS
long,2015-02-27 12:25:00+05:30,2015-02-27 13:05:00+05:30,8766.3,8789.548532680812,8759.657562091195,8789.548532680812,23.25,TAKE_PROFIT
long,2015-02-27 14:00:00+05:30,2015-02-27 15:00:00+05:30,8810.8,8840.188089910178,8802.403402882806,8840.188089910178,29.39,TAKE_PROFIT
long,2015-02-28 10:25:00+05:30,2015-02-28 11:30:00+05:30,8904.1,8897.08560704844,8897.08560704844,8928.650375330457,-7.01,STOP_LOSS
long,2015-03-02 10:05:00+05:30,2015-03-02 10:45:00+05:30,8952.6,8940.22937415213,8940.22937415213,8995.897190467549,-12.37,STOP_LOSS
long,2015-03-03 10:10:00+05:30,2015-03-03 11:15:00+05:30,8952.3,8942.969736997515,8942.969736997515,8984.955920508693,-9.33,STOP_LOSS
long,2015-03-04 10:25:00+05:30,2015-03-04 11:00:00+05:30,9073.5,9065.53489548571,9065.53489548571,9101.377865800014,-7.97,STOP_LOSS
short,2015-03-05 10:05:00+05:30,2015-03-05 10:15:00+05:30,8918.35,8930.92046644563,8930.92046644563,8874.353367440299,-12.57,STOP_LOSS
short,2015-03-05 10:35:00+05:30,2015-03-05 12:45:00+05:30,8926.15,8892.459362832693,8935.775896333516,8892.459362832693,33.69,TAKE_PROFIT
short,2015-03-05 13:25:00+05:30,2015-03-05 13:55:00+05:30,8875.7,8884.9516390651,8884.9516390651,8843.319263272153,-9.25,STOP_LOSS
short,2015-03-09 10:35:00+05:30,2015-03-09 13:10:00+05:30,8822.1,8789.661458800372,8831.368154628466,8789.661458800372,32.44,TAKE_PROFIT
short,2015-03-09 13:55:00+05:30,2015-03-09 14:35:00+05:30,8780.7,8789.305316537793,8789.305316537793,8750.581392117729,-8.61,STOP_LOSS
short,2015-03-10 09:40:00+05:30,2015-03-10 10:35:00+05:30,8749.9,8760.806061395933,8760.806061395933,8711.728785114232,-10.91,STOP_LOSS
short,2015-03-10 14:55:00+05:30,2015-03-10 15:05:00+05:30,8692.65,8702.545484273747,8702.545484273747,8658.015805041883,-9.9,STOP_LOSS
short,2015-03-11 11:40:00+05:30,2015-03-11 12:25:00+05:30,8704.3,8712.088873216178,8712.088873216178,8677.038943743371,-7.79,STOP_LOSS
long,2015-03-11 14:30:00+05:30,2015-03-11 14:40:00+05:30,8733.85,8723.891150755378,8723.891150755378,8768.70597235618,-9.96,STOP_LOSS
long,2015-03-12 10:10:00+05:30,2015-03-12 12:05:00+05:30,8755.85,8746.852505843139,8746.852505843139,8787.34122954902,-9.0,STOP_LOSS
long,2015-03-13 09:45:00+05:30,2015-03-13 10:05:00+05:30,8794.1,8782.756559607657,8782.756559607657,8833.802041373205,-11.34,STOP_LOSS
short,2015-03-13 11:20:00+05:30,2015-03-13 11:30:00+05:30,8740.15,8711.43257758114,8748.35497783396,8711.43257758114,28.72,TAKE_PROFIT
short,2015-03-13 12:20:00+05:30,2015-03-13 14:00:00+05:30,8693.15,8661.513470874292,8702.189008321631,8661.513470874292,31.64,TAKE_PROFIT
short,2015-03-13 14:35:00+05:30,2015-03-13 15:15:00+05:30,8658.2,8650.4,8668.306591574756,8622.826929488358,7.8,EOD_EXIT
short,2015-03-16 10:10:00+05:30,2015-03-16 11:55:00+05:30,8639.15,8648.112016512365,8648.112016512365,8607.78294220672,-8.96,STOP_LOSS
long,2015-03-17 11:05:00+05:30,2015-03-17 12:00:00+05:30,8719.8,8713.0704430193,8713.0704430193,8743.353449432445,-6.73,STOP_LOSS
short,2015-03-17 13:55:00+05:30,2015-03-17 14:55:00+05:30,8652.0,8661.401765194005,8661.401765194005,8619.093821820981,-9.4,STOP_LOSS
long,2015-03-18 09:35:00+05:30,2015-03-18 09:40:00+05:30,8714.5,8703.673959612022,8703.673959612022,8752.39114135792,-10.83,STOP_LOSS
long,2015-03-18 10:05:00+05:30,2015-03-18 10:30:00+05:30,8703.85,8693.974755502526,8693.974755502526,8738.413355741162,-9.88,STOP_LOSS
short,2015-03-18 14:00:00+05:30,2015-03-18 15:15:00+05:30,8695.5,8685.7,8704.223783774101,8664.966756790644,9.8,EOD_EXIT
long,2015-03-19 10:30:00+05:30,2015-03-19 10:35:00+05:30,8772.55,8765.26700941294,8765.26700941294,8798.040467054703,-7.28,STOP_LOSS
long,2015-03-19 10:45:00+05:30,2015-03-19 10:50:00+05:30,8766.25,8759.583731757106,8759.583731757106,8789.58193885013,-6.67,STOP_LOSS
short,2015-03-20 10:30:00+05:30,2015-03-20 11:30:00+05:30,8603.3,8611.021976352888,8611.021976352888,8576.273082764888,-7.72,STOP_LOSS
short,2015-03-23 14:00:00+05:30,2015-03-23 15:15:00+05:30,8565.8,8549.3,8573.57293406239,8538.594730781633,16.5,EOD_EXIT
long,2015-03-24 11:40:00+05:30,2015-03-24 11:55:00+05:30,8592.15,8586.960725071945,8586.960725071945,8610.31246224819,-5.19,STOP_LOSS
long,2015-03-24 14:35:00+05:30,2015-03-24 14:40:00+05:30,8604.25,8594.255231709703,8594.255231709703,8639.231689016038,-9.99,STOP_LOSS
short,2015-03-25 09:30:00+05:30,2015-03-25 13:25:00+05:30,8558.65,8523.261533417868,8568.760990452038,8523.261533417868,35.39,TAKE_PROFIT
short,2015-03-25 13:35:00+05:30,2015-03-25 14:05:00+05:30,8531.0,8536.157481233076,8536.157481233076,8512.948815684233,-5.16,STOP_LOSS
short,2015-03-26 10:40:00+05:30,2015-03-26 11:00:00+05:30,8470.25,8474.665991954109,8474.665991954109,8454.79402816062,-4.42,STOP_LOSS
short,2015-03-26 11:20:00+05:30,2015-03-26 11:50:00+05:30,8469.5,8455.037934543137,8473.632018701961,8455.037934543137,14.46,TAKE_PROFIT
short,2015-03-26 12:10:00+05:30,2015-03-26 13:30:00+05:30,8452.05,8433.253287883486,8457.420489176146,8433.253287883486,18.8,TAKE_PROFIT
short,2015-03-26 14:45:00+05:30,2015-03-26 15:00:00+05:30,8405.65,8377.770231955059,8413.61564801284,8377.770231955059,27.88,TAKE_PROFIT
short,2015-03-27 09:55:00+05:30,2015-03-27 12:15:00+05:30,8363.95,8317.389519813372,8377.252994339038,8317.389519813372,46.56,TAKE_PROFIT
short,2015-03-27 13:00:00+05:30,2015-03-27 13:20:00+05:30,8297.25,8306.42660643656,8306.42660643656,8265.131877472037,-9.18,STOP_LOSS
long,2015-03-30 10:10:00+05:30,2015-03-30 13:05:00+05:30,8399.75,8429.55117615003,8391.235378242849,8429.55117615003,29.8,TAKE_PROFIT
long,2015-03-30 14:25:00+05:30,2015-03-30 15:05:00+05:30,8462.85,8485.280879750771,8456.441177214067,8485.280879750771,22.43,TAKE_PROFIT
long,2015-03-31 10:10:00+05:30,2015-03-31 13:25:00+05:30,8513.5,8539.902371285518,8505.956465346995,8539.902371285518,26.4,TAKE_PROFIT
long,2015-03-31 13:35:00+05:30,2015-03-31 14:15:00+05:30,8534.15,8529.662095148782,8529.662095148782,8549.857666979258,-4.49,STOP_LOSS
short,2015-04-01 09:30:00+05:30,2015-04-01 10:20:00+05:30,8485.95,8495.127463551195,8495.127463551195,8453.82887757082,-9.18,STOP_LOSS
long,2015-04-01 13:35:00+05:30,2015-04-01 14:10:00+05:30,8518.65,8540.36783351312,8512.444904710535,8540.36783351312,21.72,TAKE_PROFIT
long,2015-04-01 14:20:00+05:30,2015-04-01 14:50:00+05:30,8531.0,8557.050948596483,8523.556871829576,8557.050948596483,26.05,TAKE_PROFIT
long,2015-04-06 09:30:00+05:30,2015-04-06 13:45:00+05:30,8583.75,8618.001729912481,8573.963791453578,8618.001729912481,34.25,TAKE_PROFIT
long,2015-04-06 14:00:00+05:30,2015-04-06 14:35:00+05:30,8616.65,8640.930396402468,8609.71274388501,8640.930396402468,24.28,TAKE_PROFIT
long,2015-04-07 09:45:00+05:30,2015-04-07 10:25:00+05:30,8664.6,8654.005575743484,8654.005575743484,8701.680484897806,-10.59,STOP_LOSS
short,2015-04-07 12:55:00+05:30,2015-04-07 14:15:00+05:30,8610.1,8620.234302293378,8620.234302293378,8574.629941973177,-10.13,STOP_LOSS
long,2015-04-08 09:50:00+05:30,2015-04-08 10:20:00+05:30,8698.65,8688.836724527297,8688.836724527297,8732.996464154463,-9.81,STOP_LOSS
long,2015-04-08 10:30:00+05:30,2015-04-08 11:30:00+05:30,8696.35,8688.160171713826,8688.160171713826,8725.01439900161,-8.19,STOP_LOSS
long,2015-04-08 12:35:00+05:30,2015-04-08 12:40:00+05:30,8720.05,8714.632699487458,8714.632699487458,8739.010551793892,-5.42,STOP_LOSS
long,2015-04-09 09:35:00+05:30,2015-04-09 09:45:00+05:30,8730.7,8721.771656274726,8721.771656274726,8761.949203038459,-8.93,STOP_LOSS
long,2015-04-09 13:40:00+05:30,2015-04-09 13:50:00+05:30,8750.7,8744.95742209152,8744.95742209152,8770.799022679685,-5.74,STOP_LOSS
long,2015-04-10 09:35:00+05:30,2015-04-10 11:20:00+05:30,8767.6,8759.47955784606,8759.47955784606,8796.021547538792,-8.12,STOP_LOSS
long,2015-04-13 09:55:00+05:30,2015-04-13 10:10:00+05:30,8778.15,8771.203243834161,8771.203243834161,8802.463646580436,-6.95,STOP_LOSS
long,2015-04-13 12:45:00+05:30,2015-04-13 13:55:00+05:30,8813.0,8807.147985130581,8807.147985130581,8833.482052042964,-5.85,STOP_LOSS
long,2015-04-15 14:20:00+05:30,2015-04-15 14:55:00+05:30,8824.6,8819.906655121642,8819.906655121642,8841.026707074256,-4.69,STOP_LOSS
short,2015-04-16 10:35:00+05:30,2015-04-16 12:20:00+05:30,8713.4,8684.53669449704,8721.646658715132,8684.53669449704,28.86,TAKE_PROFIT
short,2015-04-16 12:50:00+05:30,2015-04-16 13:05:00+05:30,8676.75,8655.55805348048,8682.80484186272,8655.55805348048,21.19,TAKE_PROFIT
short,2015-04-17 10:30:00+05:30,2015-04-17 11:10:00+05:30,8655.9,8663.979108695203,8663.979108695203,8627.623119566788,-8.08,STOP_LOSS
short,2015-04-17 13:30:00+05:30,2015-04-17 14:55:00+05:30,8644.85,8623.290781960339,8651.009776582761,8623.290781960339,21.56,TAKE_PROFIT
short,2015-04-20 10:25:00+05:30,2015-04-20 11:10:00+05:30,8562.15,8533.189789081996,8570.424345976571,8533.189789081996,28.96,TAKE_PROFIT
short,2015-04-20 13:30:00+05:30,2015-04-20 14:00:00+05:30,8532.55,8509.004706855592,8539.277226612687,8509.004706855592,23.55,TAKE_PROFIT
short,2015-04-21 09:30:00+05:30,2015-04-21 10:20:00+05:30,8450.65,8401.591761332184,8464.666639619376,8401.591761332184,49.06,TAKE_PROFIT
short,2015-04-21 10:55:00+05:30,2015-04-21 11:00:00+05:30,8414.05,8423.772662137158,8423.772662137158,8380.020682519942,-9.72,STOP_LOSS
short,2015-04-22 09:45:00+05:30,2015-04-22 13:30:00+05:30,8397.3,8357.108971381289,8408.783151033917,8357.108971381289,40.19,TAKE_PROFIT
short,2015-04-22 14:20:00+05:30,2015-04-22 14:30:00+05:30,8316.2,8327.377810921771,8327.377810921771,8277.077661773807,-11.18,STOP_LOSS
long,2015-04-23 10:15:00+05:30,2015-04-23 10:30:00+05:30,8484.1,8475.370985100377,8475.370985100377,8514.651552148685,-8.73,STOP_LOSS
short,2015-04-23 13:20:00+05:30,2015-04-23 13:45:00+05:30,8387.35,8396.457654462622,8396.457654462622,8355.473209380825,-9.11,STOP_LOSS
short,2015-04-24 10:10:00+05:30,2015-04-24 14:30:00+05:30,8358.9,8323.102924181601,8369.127735948114,8323.102924181601,35.8,TAKE_PROFIT
short,2015-04-27 11:05:00+05:30,2015-04-27 11:15:00+05:30,8243.5,8252.307541543269,8252.307541543269,8212.673604598558,-8.81,STOP_LOSS
short,2015-04-27 14:30:00+05:30,2015-04-27 15:15:00+05:30,8237.3,8211.75,8247.705727145221,8200.879954991722,25.55,EOD_EXIT
short,2015-04-28 12:15:00+05:30,2015-04-28 13:45:00+05:30,8218.0,8225.79220305093,8225.79220305093,8190.727289321744,-7.79,STOP_LOSS
long,2015-04-29 09:40:00+05:30,2015-04-29 10:10:00+05:30,8275.3,8263.727414675557,8263.727414675557,8315.804048635548,-11.57,STOP_LOSS
short,2015-04-29 11:00:00+05:30,2015-04-29 12:10:00+05:30,8238.4,8246.253255824218,8246.253255824218,8210.913604615233,-7.85,STOP_LOSS
long,2015-04-29 13:55:00+05:30,2015-04-29 14:00:00+05:30,8290.75,8283.016171339561,8283.016171339561,8317.818400311538,-7.73,STOP_LOSS
short,2015-04-30 10:15:00+05:30,2015-04-30 11:15:00+05:30,8168.7,8177.31934566711,8177.31934566711,8138.532290165114,-8.62,STOP_LOSS
short,2015-04-30 13:20:00+05:30,2015-04-30 13:50:00+05:30,8162.55,8168.91612078468,8168.91612078468,8140.268577253621,-6.37,STOP_LOSS
long,2015-05-04 10:30:00+05:30,2015-05-04 14:05:00+05:30,8264.2,8296.041702769247,8255.102370637358,8296.041702769247,31.84,TAKE_PROFIT
long,2015-05-05 09:40:00+05:30,2015-05-05 13:10:00+05:30,8314.85,8304.237028149513,8304.237028149513,8351.995401476705,-10.61,STOP_LOSS
short,2015-05-05 13:40:00+05:30,2015-05-05 13:45:00+05:30,8305.25,8313.134224305088,8313.134224305088,8277.655214932196,-7.88,STOP_LOSS
short,2015-05-06 10:45:00+05:30,2015-05-06 12:30:00+05:30,8167.25,8118.230211796344,8181.255653772473,8118.230211796344,49.02,TAKE_PROFIT
short,2015-05-06 12:45:00+05:30,2015-05-06 13:35:00+05:30,8126.8,8135.998877945464,8135.998877945464,8094.603927190876,-9.2,STOP_LOSS
short,2015-05-07 14:20:00+05:30,2015-05-07 15:05:00+05:30,8045.7,8056.651536253463,8056.651536253463,8007.369623112878,-10.95,STOP_LOSS
long,2015-05-08 10:30:00+05:30,2015-05-08 12:30:00+05:30,8157.05,8187.7699181822645,8148.272880519353,8187.7699181822645,30.72,TAKE_PROFIT
long,2015-05-08 13:10:00+05:30,2015-05-08 13:45:00+05:30,8193.45,8187.1458200816205,8187.1458200816205,8215.514629714333,-6.3,STOP_LOSS
long,2015-05-08 14:45:00+05:30,2015-05-08 15:05:00+05:30,8205.5,8196.615772845185,8196.615772845185,8236.594795041849,-8.88,STOP_LOSS
long,2015-05-11 12:00:00+05:30,2015-05-11 14:25:00+05:30,8304.35,8298.191221694551,8298.191221694551,8325.905724069074,-6.16,STOP_LOSS
short,2015-05-12 11:00:00+05:30,2015-05-12 12:15:00+05:30,8181.6,8146.711801416639,8191.568056738103,8146.711801416639,34.89,TAKE_PROFIT
short,2015-05-12 12:30:00+05:30,2015-05-12 15:00:00+05:30,8159.25,8131.778295291515,8167.099058488138,8131.778295291515,27.47,TAKE_PROFIT
long,2015-05-13 10:20:00+05:30,2015-05-13 10:45:00+05:30,8235.25,8224.92842929966,8224.92842929966,8271.375497451194,-10.32,STOP_LOSS
short,2015-05-13 12:00:00+05:30,2015-05-13 13:00:00+05:30,8133.35,8146.531718046328,8146.531718046328,8087.213986837852,-13.18,STOP_LOSS
long,2015-05-13 14:15:00+05:30,2015-05-13 15:15:00+05:30,8220.05,8230.55,8209.045988696165,8258.564039563416,10.5,EOD_EXIT
short,2015-05-14 09:55:00+05:30,2015-05-14 10:05:00+05:30,8191.6,8203.915658181213,8203.915658181213,8148.495196365753,-12.32,STOP_LOSS
short,2015-05-14 11:05:00+05:30,2015-05-14 13:20:00+05:30,8188.05,8198.014425704805,8198.014425704805,8153.174510033181,-9.96,STOP_LOSS
long,2015-05-14 14:25:00+05:30,2015-05-14 15:15:00+05:30,8198.35,8230.520510926208,8189.158425449656,8230.520510926208,32.17,TAKE_PROFIT
long,2015-05-15 09:40:00+05:30,2015-05-15 15:15:00+05:30,8239.0,8262.6,8223.331231415637,8293.840690045266,23.6,EOD_EXIT
long,2015-05-18 10:30:00+05:30,2015-05-18 10:35:00+05:30,8312.8,8306.66976964353,8306.66976964353,8334.255806247644,-6.13,STOP_LOSS
long,2015-05-18 10:40:00+05:30,2015-05-18 10:50:00+05:30,8309.0,8302.848515865584,8302.848515865584,8330.530194470453,-6.15,STOP_LOSS
long,2015-05-18 14:50:00+05:30,2015-05-18 15:00:00+05:30,8337.5,8356.373867891496,8332.107466316715,8356.373867891496,18.87,TAKE_PROFIT
long,2015-05-19 10:55:00+05:30,2015-05-19 11:05:00+05:30,8363.3,8357.954829364544,8357.954829364544,8382.008097224096,-5.35,STOP_LOSS
long,2015-05-20 10:10:00+05:30,2015-05-20 12:10:00+05:30,8422.65,8414.69810444486,8414.69810444486,8450.481634442987,-7.95,STOP_LOSS
short,2015-05-21 10:40:00+05:30,2015-05-21 10:50:00+05:30,8396.6,8403.69394410735,8403.69394410735,8371.771195624275,-7.09,STOP_LOSS
long,2015-05-21 13:50:00+05:30,2015-05-21 14:00:00+05:30,8424.1,8418.358649032549,8418.358649032549,8444.194728386079,-5.74,STOP_LOSS
long,2015-05-22 10:05:00+05:30,2015-05-22 10:30:00+05:30,8433.85,8453.908889649234,8428.118888671648,8453.908889649234,20.06,TAKE_PROFIT
long,2015-05-22 11:15:00+05:30,2015-05-22 12:10:00+05:30,8462.3,8476.578848180194,8458.220329091371,8476.578848180194,14.28,TAKE_PROFIT
short,2015-05-25 10:00:00+05:30,2015-05-25 10:20:00+05:30,8426.35,8434.06199357475,8434.06199357475,8399.358022488375,-7.71,STOP_LOSS
short,2015-05-25 10:35:00+05:30,2015-05-25 12:40:00+05:30,8429.55,8410.44981774221,8435.007194930797,8410.44981774221,19.1,TAKE_PROFIT
short,2015-05-25 13:55:00+05:30,2015-05-25 14:25:00+05:30,8384.2,8390.849635075147,8390.849635075147,8360.926277236991,-6.65,STOP_LOSS
short,2015-05-26 09:50:00+05:30,2015-05-26 10:05:00+05:30,8354.3,8361.281252352463,8361.281252352463,8329.86561676638,-6.98,STOP_LOSS
short,2015-05-26 10:15:00+05:30,2015-05-26 13:45:00+05:30,8357.4,8334.40478646392,8363.970061010308,8334.40478646392,23.0,TAKE_PROFIT
short,2015-05-26 14:15:00+05:30,2015-05-26 15:15:00+05:30,8331.0,8335.98078454914,8335.98078454914,8313.567254078012,-4.98,STOP_LOSS
long,2015-05-28 09:35:00+05:30,2015-05-28 10:30:00+05:30,8342.75,8335.74226900741,8335.74226900741,8367.277058474061,-7.01,STOP_LOSS
short,2015-05-28 13:30:00+05:30,2015-05-28 14:00:00+05:30,8282.45,8287.916898443307,8287.916898443307,8263.315855448427,-5.47,STOP_LOSS
long,2015-05-29 11:45:00+05:30,2015-05-29 12:40:00+05:30,8410.3,8404.399471236202,8404.399471236202,8430.951850673287,-5.9,STOP_LOSS
long,2015-06-01 09:50:00+05:30,2015-06-01 15:15:00+05:30,8433.45,8433.3,8423.835849673973,8467.099526141095,-0.15,EOD_EXIT
short,2015-06-02 10:10:00+05:30,2015-06-02 11:00:00+05:30,8395.75,8366.409203771245,8404.133084636787,8366.409203771245,29.34,TAKE_PROFIT
short,2015-06-02 11:55:00+05:30,2015-06-02 12:05:00+05:30,8331.75,8342.951744912507,8342.951744912507,8292.543892806227,-11.2,STOP_LOSS
short,2015-06-02 13:30:00+05:30,2015-06-02 14:10:00+05:30,8312.6,8282.843364566095,8321.10189583826,8282.843364566095,29.76,TAKE_PROFIT
short,2015-06-03 10:40:00+05:30,2015-06-03 10:55:00+05:30,8180.35,8189.061453243056,8189.061453243056,8149.859913649305,-8.71,STOP_LOSS
short,2015-06-03 12:25:00+05:30,2015-06-03 13:00:00+05:30,8126.3,8139.200089639863,8139.200089639863,8081.149686260479,-12.9,STOP_LOSS
short,2015-06-03 14:20:00+05:30,2015-06-03 15:00:00+05:30,8124.7,8133.879653713849,8133.879653713849,8092.571212001529,-9.18,STOP_LOSS
short,2015-06-04 13:55:00+05:30,2015-06-04 14:20:00+05:30,8079.8,8087.4984643911575,8087.4984643911575,8052.855374630949,-7.7,STOP_LOSS
long,2015-06-05 12:35:00+05:30,2015-06-05 14:50:00+05:30,8150.25,8140.296949943833,8140.296949943833,8185.085675196583,-9.95,STOP_LOSS
short,2015-06-08 10:10:00+05:30,2015-06-08 13:15:00+05:30,8079.9,8045.345972305558,8089.772579341269,8045.345972305558,34.55,TAKE_PROFIT
short,2015-06-08 13:50:00+05:30,2015-06-08 14:15:00+05:30,8047.95,8054.749380416482,8054.749380416482,8024.152168542311,-6.8,STOP_LOSS
short,2015-06-09 09:30:00+05:30,2015-06-09 15:15:00+05:30,8040.4,8021.4,8050.01675904499,8006.7413433425345,19.0,EOD_EXIT
long,2015-06-10 10:35:00+05:30,2015-06-10 11:15:00+05:30,8098.55,8091.267677722378,8091.267677722378,8124.038127971677,-7.28,STOP_LOSS
long,2015-06-11 09:35:00+05:30,2015-06-11 10:05:00+05:30,8139.45,8131.1672571690415,8131.1672571690415,8168.4395999083545,-8.28,STOP_LOSS
short,2015-06-11 12:00:00+05:30,2015-06-11 12:15:00+05:30,8032.95,8042.661715018328,8042.661715018328,7998.9589974358505,-9.71,STOP_LOSS
short,2015-06-11 12:30:00+05:30,2015-06-11 12:35:00+05:30,8040.3,8047.4200454589545,8047.4200454589545,8015.37984089366,-7.12,STOP_LOSS
short,2015-06-11 14:15:00+05:30,2015-06-11 14:35:00+05:30,8019.85,7995.839627215194,8026.710106509945,7995.839627215194,24.01,TAKE_PROFIT
short,2015-06-12 10:00:00+05:30,2015-06-12 10:10:00+05:30,7963.4,7972.664784855586,7972.664784855586,7930.973253005447,-9.26,STOP_LOSS
long,2015-06-15 11:15:00+05:30,2015-06-15 12:15:00+05:30,8016.25,8008.91633975638,8008.91633975638,8041.917810852669,-7.33,STOP_LOSS
long,2015-06-15 13:30:00+05:30,2015-06-15 13:40:00+05:30,8022.55,8044.503704012855,8016.2775131391845,8044.503704012855,21.95,TAKE_PROFIT
long,2015-06-15 14:20:00+05:30,2015-06-15 14:30:00+05:30,8039.6,8032.185254063408,8032.185254063408,8065.551610778072,-7.41,STOP_LOSS
short,2015-06-16 10:15:00+05:30,2015-06-16 10:30:00+05:30,7982.5,7988.791643777136,7988.791643777136,7960.479246780024,-6.29,STOP_LOSS
short,2015-06-16 13:30:00+05:30,2015-06-16 14:10:00+05:30,7966.7,7972.160850276012,7972.160850276012,7947.587024033957,-5.46,STOP_LOSS
long,2015-06-17 09:50:00+05:30,2015-06-17 13:45:00+05:30,8061.1,8093.26153835534,8051.910989041332,8093.26153835534,32.16,TAKE_PROFIT
long,2015-06-17 14:55:00+05:30,2015-06-17 15:00:00+05:30,8118.95,8111.034229922155,8111.034229922155,8146.655195272457,-7.92,STOP_LOSS
long,2015-06-18 11:00:00+05:30,2015-06-18 11:35:00+05:30,8153.0,8146.884606725836,8146.884606725836,8174.403876459572,-6.12,STOP_LOSS
long,2015-06-18 13:45:00+05:30,2015-06-18 14:30:00+05:30,8173.1,8168.05986245203,8168.05986245203,8190.740481417899,-5.04,STOP_LOSS
long,2015-06-19 10:30:00+05:30,2015-06-19 12:15:00+05:30,8223.6,8217.892207825533,8217.892207825533,8243.577272610639,-5.71,STOP_LOSS
long,2015-06-22 11:15:00+05:30,2015-06-22 12:35:00+05:30,8313.65,8332.332300600981,8308.312199828291,8332.332300600981,18.68,TAKE_PROFIT
long,2015-06-22 12:50:00+05:30,2015-06-22 13:35:00+05:30,8331.15,8344.313820142364,8327.388908530753,8344.313820142364,13.16,TAKE_PROFIT
long,2015-06-22 14:55:00+05:30,2015-06-22 15:10:00+05:30,8358.3,8353.14322385498,8353.14322385498,8376.348716507562,-5.16,STOP_LOSS
long,2015-06-23 10:45:00+05:30,2015-06-23 10:50:00+05:30,8389.75,8384.898748359488,8384.898748359488,8406.729380741794,-4.85,STOP_LOSS
long,2015-06-23 10:55:00+05:30,2015-06-23 11:05:00+05:30,8387.5,8381.501504323349,8381.501504323349,8408.49473486828,-6.0,STOP_LOSS
long,2015-06-24 10:20:00+05:30,2015-06-24 14:55:00+05:30,8402.1,8396.223053683378,8396.223053683378,8422.669312108179,-5.88,STOP_LOSS
short,2015-06-25 09:50:00+05:30,2015-06-25 10:10:00+05:30,8357.05,8365.323365953367,8365.323365953367,8328.09321916321,-8.27,STOP_LOSS
long,2015-06-25 14:15:00+05:30,2015-06-25 14:40:00+05:30,8399.75,8416.058564815525,8395.090410052708,8416.058564815525,16.31,TAKE_PROFIT
long,2015-06-25 14:45:00+05:30,2015-06-25 15:00:00+05:30,8404.4,8397.964800937709,8397.964800937709,8426.923196718017,-6.44,STOP_LOSS
short,2015-06-26 10:05:00+05:30,2015-06-26 10:25:00+05:30,8372.05,8380.337685074672,8380.337685074672,8343.043102238644,-8.29,STOP_LOSS
short,2015-06-26 12:45:00+05:30,2015-06-26 12:50:00+05:30,8356.0,8363.18363173181,8363.18363173181,8330.857288938661,-7.18,STOP_LOSS
long,2015-06-26 13:50:00+05:30,2015-06-26 14:40:00+05:30,8380.1,8373.583065803165,8373.583065803165,8402.909269688924,-6.52,STOP_LOSS
short,2015-06-29 10:20:00+05:30,2015-06-29 10:50:00+05:30,8240.15,8209.1526705756,8249.006379835542,8209.1526705756,31.0,TAKE_PROFIT
short,2015-06-29 11:50:00+05:30,2015-06-29 12:30:00+05:30,8217.15,8223.584444559981,8223.584444559981,8194.629444040065,-6.43,STOP_LOSS
long,2015-06-30 09:40:00+05:30,2015-06-30 15:00:00+05:30,8319.6,8366.26116265518,8306.268239241377,8366.26116265518,46.66,TAKE_PROFIT
long,2015-07-01 11:25:00+05:30,2015-07-01 11:35:00+05:30,8435.25,8430.5954544453,8430.5954544453,8451.54090944145,-4.65,STOP_LOSS
long,2015-07-01 14:15:00+05:30,2015-07-01 14:45:00+05:30,8448.55,8467.775724086096,8443.0569359754,8467.775724086096,19.23,TAKE_PROFIT
long,2015-07-03 10:15:00+05:30,2015-07-03 10:25:00+05:30,8487.0,8480.229773189132,8480.229773189132,8510.695793838035,-6.77,STOP_LOSS
long,2015-07-03 10:30:00+05:30,2015-07-03 12:30:00+05:30,8481.5,8474.919077539711,8474.919077539711,8504.533228611012,-6.58,STOP_LOSS
short,2015-07-06 09:55:00+05:30,2015-07-06 12:35:00+05:30,8431.15,8443.829538594098,8443.829538594098,8386.771614920655,-12.68,STOP_LOSS
long,2015-07-06 13:25:00+05:30,2015-07-06 14:20:00+05:30,8458.8,8483.697685427158,8451.686375592239,8483.697685427158,24.9,TAKE_PROFIT
long,2015-07-07 09:30:00+05:30,2015-07-07 14:05:00+05:30,8534.2,8523.982740473935,8523.982740473935,8569.960408341229,-10.22,STOP_LOSS
short,2015-07-07 14:40:00+05:30,2015-07-07 14:45:00+05:30,8510.65,8519.225828126084,8519.225828126084,8480.634601558706,-8.58,STOP_LOSS
short,2015-07-07 14:50:00+05:30,2015-07-07 15:15:00+05:30,8514.7,8515.2,8523.449399792482,8484.077100726317,-0.5,EOD_EXIT
short,2015-07-08 10:00:00+05:30,2015-07-08 10:55:00+05:30,8452.8,8417.761905079402,8462.810884263026,8417.761905079402,35.04,TAKE_PROFIT
short,2015-07-08 12:45:00+05:30,2015-07-08 13:30:00+05:30,8360.65,8368.82671859491,8368.82671859491,8332.031484917814,-8.18,STOP_LOSS
short,2015-07-09 10:15:00+05:30,2015-07-09 10:35:00+05:30,8357.8,8366.697428786058,8366.697428786058,8326.658999248797,-8.9,STOP_LOSS
short,2015-07-09 14:55:00+05:30,2015-07-09 15:15:00+05:30,8338.95,8328.75,8345.279194299597,8316.797819951411,10.2,EOD_EXIT
short,2015-07-10 11:00:00+05:30,2015-07-10 12:35:00+05:30,8329.45,8336.491811217971,8336.491811217971,8304.803660737105,-7.04,STOP_LOSS
long,2015-07-13 10:05:00+05:30,2015-07-13 10:10:00+05:30,8375.85,8368.770066101211,8368.770066101211,8400.62976864576,-7.08,STOP_LOSS
long,2015-07-13 14:55:00+05:30,2015-07-13 15:15:00+05:30,8461.3,8458.85,8455.043133082127,8483.199034212555,-2.45,EOD_EXIT
long,2015-07-15 11:15:00+05:30,2015-07-15 13:10:00+05:30,8518.2,8514.186464648488,8514.186464648488,8532.247373730293,-4.01,STOP_LOSS
long,2015-07-16 10:35:00+05:30,2015-07-16 13:10:00+05:30,8567.35,8583.633284283564,8562.69763306184,8583.633284283564,16.28,TAKE_PROFIT
long,2015-07-16 13:30:00+05:30,2015-07-16 14:10:00+05:30,8586.7,8603.032173889305,8582.033664603056,8603.032173889305,16.33,TAKE_PROFIT
long,2015-07-16 14:35:00+05:30,2015-07-16 14:40:00+05:30,8602.2,8597.443532006817,8597.443532006817,8618.847637976145,-4.76,STOP_LOSS
long,2015-07-17 09:35:00+05:30,2015-07-17 09:40:00+05:30,8620.65,8613.458705254576,8613.458705254576,8645.819531608982,-7.19,STOP_LOSS
short,2015-07-20 09:45:00+05:30,2015-07-20 12:20:00+05:30,8591.65,8564.798042380757,8599.321987891211,8564.798042380757,26.85,TAKE_PROFIT
long,2015-07-21 09:30:00+05:30,2015-07-21 14:25:00+05:30,8604.5,8593.909206152992,8593.909206152992,8641.56777846453,-10.59,STOP_LOSS
long,2015-07-22 11:40:00+05:30,2015-07-22 12:20:00+05:30,8587.5,8608.288681987191,8581.560376575088,8608.288681987191,20.79,TAKE_PROFIT
long,2015-07-22 12:50:00+05:30,2015-07-22 12:55:00+05:30,8606.15,8601.37275661821,8601.37275661821,8622.870351836267,-4.78,STOP_LOSS
long,2015-07-22 14:10:00+05:30,2015-07-22 15:15:00+05:30,8624.85,8638.65,8618.273647168424,8647.867234910516,13.8,EOD_EXIT
short,2015-07-23 14:25:00+05:30,2015-07-23 14:30:00+05:30,8591.95,8600.308197299926,8600.308197299926,8562.69630945026,-8.36,STOP_LOSS
short,2015-07-24 09:40:00+05:30,2015-07-24 13:25:00+05:30,8577.9,8550.969496211637,8585.594429653818,8550.969496211637,26.93,TAKE_PROFIT
short,2015-07-24 13:50:00+05:30,2015-07-24 15:00:00+05:30,8555.0,8534.799690170712,8560.771517094083,8534.799690170712,20.2,TAKE_PROFIT
short,2015-07-27 10:40:00+05:30,2015-07-27 10:45:00+05:30,8433.1,8439.22297880183,8439.22297880183,8411.669574193595,-6.12,STOP_LOSS
short,2015-07-27 11:20:00+05:30,2015-07-27 12:20:00+05:30,8441.8,8422.877330226522,8447.206477078136,8422.877330226522,18.92,TAKE_PROFIT
short,2015-07-27 13:30:00+05:30,2015-07-27 13:40:00+05:30,8398.75,8404.245581646892,8404.245581646892,8379.515464235878,-5.5,STOP_LOSS
short,2015-07-28 10:00:00+05:30,2015-07-28 10:10:00+05:30,8359.6,8368.512722417418,8368.512722417418,8328.40547153904,-8.91,STOP_LOSS
short,2015-07-28 14:00:00+05:30,2015-07-28 14:05:00+05:30,8341.9,8350.161441398404,8350.161441398404,8312.984955105585,-8.26,STOP_LOSS
long,2015-07-30 10:55:00+05:30,2015-07-30 11:40:00+05:30,8435.95,8449.546096469498,8432.065401008716,8449.546096469498,13.6,TAKE_PROFIT
long,2015-07-30 12:00:00+05:30,2015-07-30 12:40:00+05:30,8448.75,8444.754325053696,8444.754325053696,8462.734862312062,-4.0,STOP_LOSS
long,2015-07-31 09:50:00+05:30,2015-07-31 09:55:00+05:30,8467.15,8459.10483113113,8459.10483113113,8495.308091041044,-8.05,STOP_LOSS
long,2015-07-31 10:00:00+05:30,2015-07-31 11:00:00+05:30,8465.5,8493.23918838194,8457.57451760516,8493.23918838194,27.74,TAKE_PROFIT
long,2015-07-31 12:20:00+05:30,2015-07-31 13:35:00+05:30,8507.3,8524.755990659376,8502.312574097321,8524.755990659376,17.46,TAKE_PROFIT
long,2015-07-31 14:50:00+05:30,2015-07-31 15:15:00+05:30,8537.9,8531.857545638988,8531.857545638988,8559.048590263541,-6.04,STOP_LOSS
short,2015-08-04 10:00:00+05:30,2015-08-04 11:05:00+05:30,8521.15,8528.709654038703,8528.709654038703,8494.691210864536,-7.56,STOP_LOSS
short,2015-08-04 13:30:00+05:30,2015-08-04 13:40:00+05:30,8476.8,8484.861559614657,8484.861559614657,8448.584541348695,-8.06,STOP_LOSS
long,2015-08-04 14:55:00+05:30,2015-08-04 15:05:00+05:30,8516.85,8510.33087120509,8510.33087120509,8539.66695078219,-6.52,STOP_LOSS
long,2015-08-05 10:40:00+05:30,2015-08-05 12:10:00+05:30,8573.8,8567.4869486729,8567.4869486729,8595.895679644847,-6.31,STOP_LOSS
long,2015-08-06 13:55:00+05:30,2015-08-06 14:45:00+05:30,8588.75,8583.217740225135,8583.217740225135,8608.112909212028,-5.53,STOP_LOSS
long,2015-08-10 10:35:00+05:30,2015-08-10 10:55:00+05:30,8614.2,8609.21702485833,8609.21702485833,8631.64041299585,-4.98,STOP_LOSS
short,2015-08-11 09:50:00+05:30,2015-08-11 12:35:00+05:30,8521.3,8480.45503398126,8532.969990291069,8480.45503398126,40.84,TAKE_PROFIT
short,2015-08-11 13:10:00+05:30,2015-08-11 14:10:00+05:30,8476.4,8450.381290558566,8483.833916983267,8450.381290558566,26.02,TAKE_PROFIT
short,2015-08-11 14:35:00+05:30,2015-08-11 15:15:00+05:30,8466.15,8461.3,8474.827795837795,8435.777714567716,4.85,EOD_EXIT
short,2015-08-12 10:00:00+05:30,2015-08-12 10:45:00+05:30,8409.95,8420.40882795195,8420.40882795195,8373.344102168183,-10.46,STOP_LOSS
short,2015-08-12 13:30:00+05:30,2015-08-12 14:05:00+05:30,8400.65,8376.53445702958,8407.540155134406,8376.53445702958,24.12,TAKE_PROFIT
short,2015-08-12 14:40:00+05:30,2015-08-12 15:05:00+05:30,8375.4,8349.960545515327,8382.668415567048,8349.960545515327,25.44,TAKE_PROFIT
long,2015-08-14 09:50:00+05:30,2015-08-14 10:50:00+05:30,8392.0,8422.322905178427,8383.336312806165,8422.322905178427,30.32,TAKE_PROFIT
long,2015-08-14 12:05:00+05:30,2015-08-14 12:45:00+05:30,8473.55,8498.228237441643,8466.499075016673,8498.228237441643,24.68,TAKE_PROFIT
long,2015-08-14 13:50:00+05:30,2015-08-14 14:20:00+05:30,8514.9,8508.71938893657,8508.71938893657,8536.532138722006,-6.18,STOP_LOSS
short,2015-08-17 10:05:00+05:30,2015-08-17 11:50:00+05:30,8461.45,8474.251533604138,8474.251533604138,8416.64463238552,-12.8,STOP_LOSS
long,2015-08-17 12:50:00+05:30,2015-08-17 13:20:00+05:30,8497.65,8489.446685648549,8489.446685648549,8526.361600230077,-8.2,STOP_LOSS
long,2015-08-18 10:00:00+05:30,2015-08-18 10:50:00+05:30,8510.05,8502.664386752494,8502.664386752494,8535.899646366266,-7.39,STOP_LOSS
short,2015-08-18 12:35:00+05:30,2015-08-18 14:00:00+05:30,8456.6,8466.498452181047,8466.498452181047,8421.955417366338,-9.9,STOP_LOSS
short,2015-08-19 09:30:00+05:30,2015-08-19 10:20:00+05:30,8456.5,8465.545878573643,8465.545878573643,8424.83942499225,-9.05,STOP_LOSS
long,2015-08-19 11:35:00+05:30,2015-08-19 14:30:00+05:30,8494.6,8486.656121320524,8486.656121320524,8522.40357537817,-7.94,STOP_LOSS
short,2015-08-20 10:25:00+05:30,2015-08-20 10:40:00+05:30,8469.3,8476.94042701743,8476.94042701743,8442.558505438996,-7.64,STOP_LOSS
short,2015-08-20 13:55:00+05:30,2015-08-20 14:25:00+05:30,8414.85,8386.155010373706,8423.048568464656,8386.155010373706,28.69,TAKE_PROFIT
short,2015-08-21 11:00:00+05:30,2015-08-21 11:25:00+05:30,8247.5,8255.868838989512,8255.868838989512,8218.209063536708,-8.37,STOP_LOSS
short,2015-08-24 11:30:00+05:30,2015-08-24 13:05:00+05:30,7993.7,7938.787624293657,8009.389250201812,7938.787624293657,54.91,TAKE_PROFIT
short,2015-08-24 13:20:00+05:30,2015-08-24 14:10:00+05:30,7953.4,7909.320187003744,7953.4,7909.320187003744,44.08,TAKE_PROFIT
short,2015-08-25 09:45:00+05:30,2015-08-25 11:10:00+05:30,7846.5,7747.767918671168,7846.5,7747.767918671168,98.73,TAKE_PROFIT
long,2015-08-26 10:55:00+05:30,2015-08-26 12:00:00+05:30,7901.0,7887.1276261073845,7887.1276261073845,7949.553308624153,-13.87,STOP_LOSS
short,2015-08-26 13:00:00+05:30,2015-08-26 13:40:00+05:30,7861.4,7873.405147598051,7873.405147598051,7819.38198340682,-12.01,STOP_LOSS
long,2015-08-27 11:10:00+05:30,2015-08-27 11:20:00+05:30,7904.75,7897.79121994363,7897.79121994363,7929.105730197296,-6.96,STOP_LOSS
long,2015-08-27 13:50:00+05:30,2015-08-27 15:15:00+05:30,7940.1,7952.3,7930.751269329294,7972.820557347473,12.2,EOD_EXIT
long,2015-08-28 10:40:00+05:30,2015-08-28 11:25:00+05:30,8067.65,8058.684280529413,8058.684280529413,8099.030018147053,-8.97,STOP_LOSS
long,2015-08-28 11:35:00+05:30,2015-08-28 13:00:00+05:30,8068.6,8062.08328013802,8062.08328013802,8091.40851951693,-6.52,STOP_LOSS
short,2015-08-28 14:25:00+05:30,2015-08-28 15:15:00+05:30,8008.05,7995.45,8024.077005338713,7951.955481314506,12.6,EOD_EXIT
short,2015-08-31 09:55:00+05:30,2015-08-31 10:25:00+05:30,7970.3,7982.39899434733,7982.39899434733,7927.953519784346,-12.1,STOP_LOSS
short,2015-08-31 14:30:00+05:30,2015-08-31 14:45:00+05:30,7977.55,7987.950808073308,7987.950808073308,7941.147171743425,-10.4,STOP_LOSS
short,2015-09-01 10:45:00+05:30,2015-09-01 11:05:00+05:30,7903.65,7912.42874770274,7912.42874770274,7872.924383040407,-8.78,STOP_LOSS
short,2015-09-01 11:20:00+05:30,2015-09-01 11:40:00+05:30,7906.8,7878.872956806368,7914.779155198181,7878.872956806368,27.93,TAKE_PROFIT
short,2015-09-01 12:30:00+05:30,2015-09-01 13:15:00+05:30,7868.6,7839.668064309163,7876.86626734024,7839.668064309163,28.93,TAKE_PROFIT
short,2015-09-01 14:55:00+05:30,2015-09-01 15:05:00+05:30,7766.7,7779.347585494287,7779.347585494287,7722.433450769994,-12.65,STOP_LOSS
short,2015-09-02 11:55:00+05:30,2015-09-02 12:00:00+05:30,7783.6,7794.678894157961,7794.678894157961,7744.8238704471405,-11.08,STOP_LOSS
short,2015-09-02 14:10:00+05:30,2015-09-02 14:20:00+05:30,7757.05,7767.479543645432,7767.479543645432,7720.546597240987,-10.43,STOP_LOSS
long,2015-09-03 10:35:00+05:30,2015-09-03 12:25:00+05:30,7792.9,7783.0886248805655,7783.0886248805655,7827.239812918019,-9.81,STOP_LOSS
long,2015-09-03 13:50:00+05:30,2015-09-03 15:15:00+05:30,7822.2,7825.05,7813.472601436437,7852.745894972469,2.85,EOD_EXIT
short,2015-09-04 10:15:00+05:30,2015-09-04 15:15:00+05:30,7681.8,7651.85,7698.232215264959,7624.287246572642,29.95,EOD_EXIT
short,2015-09-07 10:35:00+05:30,2015-09-07 14:30:00+05:30,7641.7,7595.406967018084,7654.926580851976,7595.406967018084,46.29,TAKE_PROFIT
short,2015-09-08 09:30:00+05:30,2015-09-08 09:45:00+05:30,7573.55,7588.40117120645,7588.40117120645,7521.570900777426,-14.85,STOP_LOSS
long,2015-09-08 13:15:00+05:30,2015-09-08 14:05:00+05:30,7639.05,7672.577234182787,7629.470790233489,7672.577234182787,33.53,TAKE_PROFIT
long,2015-09-09 10:30:00+05:30,2015-09-09 10:35:00+05:30,7795.7,7787.445742122625,7787.445742122625,7824.58990257081,-8.25,STOP_LOSS
long,2015-09-09 12:40:00+05:30,2015-09-09 13:35:00+05:30,7827.0,7820.585314278793,7820.585314278793,7849.451400024225,-6.41,STOP_LOSS
short,2015-09-10 10:25:00+05:30,2015-09-10 10:55:00+05:30,7707.3,7717.428591855017,7717.428591855017,7671.849928507441,-10.13,STOP_LOSS
short,2015-09-10 11:00:00+05:30,2015-09-10 11:50:00+05:30,7714.15,7722.370659984127,7722.370659984127,7685.377690055552,-8.22,STOP_LOSS
long,2015-09-10 13:40:00+05:30,2015-09-10 13:55:00+05:30,7751.1,7742.7173686750475,7742.7173686750475,7780.439209637336,-8.38,STOP_LOSS
long,2015-09-11 10:05:00+05:30,2015-09-11 11:10:00+05:30,7829.7,7819.468882950066,7819.468882950066,7865.508909674769,-10.23,STOP_LOSS
short,2015-09-14 09:40:00+05:30,2015-09-14 10:15:00+05:30,7779.15,7792.737157193305,7792.737157193305,7731.594949823429,-13.59,STOP_LOSS
long,2015-09-14 11:05:00+05:30,2015-09-14 11:40:00+05:30,7819.6,7812.07285686035,7812.07285686035,7845.945000988778,-7.53,STOP_LOSS
long,2015-09-14 13:35:00+05:30,2015-09-14 14:10:00+05:30,7839.65,7834.246854553738,7834.246854553738,7858.5610090619175,-5.4,STOP_LOSS
short,2015-09-15 14:35:00+05:30,2015-09-15 14:40:00+05:30,7815.15,7821.793124387332,7821.793124387332,7791.899064644338,-6.64,STOP_LOSS
long,2015-09-16 10:15:00+05:30,2015-09-16 10:20:00+05:30,7869.5,7862.624826399719,7862.624826399719,7893.563107600985,-6.88,STOP_LOSS
long,2015-09-16 13:10:00+05:30,2015-09-16 13:25:00+05:30,7902.05,7897.440782570818,7897.440782570818,7918.182261002137,-4.61,STOP_LOSS
long,2015-09-18 10:45:00+05:30,2015-09-18 12:05:00+05:30,8024.65,8051.057488570484,8017.105003265576,8051.057488570484,26.41,TAKE_PROFIT
long,2015-09-18 12:25:00+05:30,2015-09-18 12:30:00+05:30,8048.7,8044.354951926242,8044.354951926242,8063.907668258151,-4.35,STOP_LOSS
short,2015-09-21 10:00:00+05:30,2015-09-21 10:05:00+05:30,7933.25,7941.810931437209,7941.810931437209,7903.286739969768,-8.56,STOP_LOSS
short,2015-09-21 10:10:00+05:30,2015-09-21 10:35:00+05:30,7937.5,7946.2352107239485,7946.2352107239485,7906.926762466182,-8.74,STOP_LOSS
long,2015-09-22 09:50:00+05:30,2015-09-22 10:15:00+05:30,7996.6,7989.0029850667015,7989.0029850667015,8023.189552266545,-7.6,STOP_LOSS
short,2015-09-23 10:40:00+05:30,2015-09-23 10:55:00+05:30,7772.2,7781.689505830532,7781.689505830532,7738.986729593137,-9.49,STOP_LOSS
long,2015-09-23 14:35:00+05:30,2015-09-23 15:00:00+05:30,7863.05,7852.957439670911,7852.957439670911,7898.373961151811,-10.09,STOP_LOSS
short,2015-09-24 10:10:00+05:30,2015-09-24 10:15:00+05:30,7825.75,7834.025979694416,7834.025979694416,7796.784071069546,-8.28,STOP_LOSS
long,2015-09-24 14:10:00+05:30,2015-09-24 15:15:00+05:30,7872.85,7867.1,7865.45275678899,7898.740351238536,-5.75,EOD_EXIT
long,2015-09-29 14:35:00+05:30,2015-09-29 14:40:00+05:30,7904.55,7894.97787026506,7894.97787026506,7938.052454072289,-9.57,STOP_LOSS
long,2015-09-30 10:40:00+05:30,2015-09-30 10:45:00+05:30,7899.3,7891.860880774975,7891.860880774975,7925.336917287589,-7.44,STOP_LOSS
long,2015-10-01 10:10:00+05:30,2015-10-01 10:15:00+05:30,7990.45,7982.281544743944,7982.281544743944,8019.039593396194,-8.17,STOP_LOSS
long,2015-10-05 10:45:00+05:30,2015-10-05 13:30:00+05:30,8058.9,8080.071634811311,8052.8509614824825,8080.071634811311,21.17,TAKE_PROFIT
long,2015-10-06 09:45:00+05:30,2015-10-06 10:00:00+05:30,8140.6,8131.516226959705,8131.516226959705,8172.393205641033,-9.08,STOP_LOSS
long,2015-10-06 10:40:00+05:30,2015-10-06 11:20:00+05:30,8137.0,8130.130473068626,8130.130473068626,8161.04334425981,-6.87,STOP_LOSS
long,2015-10-06 14:50:00+05:30,2015-10-06 15:10:00+05:30,8158.75,8151.599863174439,8151.599863174439,8183.7754788894645,-7.15,STOP_LOSS
long,2015-10-07 10:00:00+05:30,2015-10-07 12:10:00+05:30,8160.45,8153.350137520988,8153.350137520988,8185.299518676543,-7.1,STOP_LOSS
short,2015-10-08 10:30:00+05:30,2015-10-08 10:40:00+05:30,8149.4,8155.422295643569,8155.422295643569,8128.321965247506,-6.02,STOP_LOSS
short,2015-10-08 11:55:00+05:30,2015-10-08 13:35:00+05:30,8128.7,8134.538119149221,8134.538119149221,8108.266582977728,-5.84,STOP_LOSS
long,2015-10-09 10:30:00+05:30,2015-10-09 10:50:00+05:30,8217.7,8211.42194500273,8211.42194500273,8239.673192490449,-6.28,STOP_LOSS
short,2015-10-09 13:30:00+05:30,2015-10-09 14:05:00+05:30,8158.55,8165.647154215185,8165.647154215185,8133.7099602468525,-7.1,STOP_LOSS
long,2015-10-12 10:20:00+05:30,2015-10-12 10:55:00+05:30,8203.5,8193.65539850066,8193.65539850066,8237.95610524769,-9.84,STOP_LOSS
short,2015-10-13 10:10:00+05:30,2015-10-13 12:25:00+05:30,8126.75,8134.230935063323,8134.230935063323,8100.56672727837,-7.48,STOP_LOSS
long,2015-10-15 10:35:00+05:30,2015-10-15 13:35:00+05:30,8168.7,8186.887628493522,8163.5035347161365,8186.887628493522,18.19,TAKE_PROFIT
long,2015-10-19 09:30:00+05:30,2015-10-19 12:40:00+05:30,8246.2,8272.48071051067,8238.69122556838,8272.48071051067,26.28,TAKE_PROFIT
long,2015-10-20 11:00:00+05:30,2015-10-20 11:15:00+05:30,8285.9,8281.587878860813,8281.587878860813,8300.992423987154,-4.31,STOP_LOSS
short,2015-10-20 14:45:00+05:30,2015-10-20 14:50:00+05:30,8249.55,8256.377989501836,8256.377989501836,8225.652036743571,-6.83,STOP_LOSS
long,2015-10-21 10:00:00+05:30,2015-10-21 12:00:00+05:30,8277.35,8272.44881286744,8272.44881286744,8294.504154963963,-4.9,STOP_LOSS
short,2015-10-21 13:05:00+05:30,2015-10-21 13:35:00+05:30,8237.15,8243.719008446937,8243.719008446937,8214.15847043572,-6.57,STOP_LOSS
long,2015-10-23 10:05:00+05:30,2015-10-23 13:00:00+05:30,8305.1,8297.84373231055,8297.84373231055,8330.496936913074,-7.26,STOP_LOSS
short,2015-10-27 10:20:00+05:30,2015-10-27 10:35:00+05:30,8233.95,8219.861379014268,8237.97532028164,8219.861379014268,14.09,TAKE_PROFIT
short,2015-10-27 10:50:00+05:30,2015-10-27 11:30:00+05:30,8224.75,8228.918423711455,8228.918423711455,8210.160517009908,-4.17,STOP_LOSS
short,2015-10-28 09:55:00+05:30,2015-10-28 12:55:00+05:30,8206.2,8184.046648033571,8212.529529133266,8184.046648033571,22.15,TAKE_PROFIT
short,2015-10-28 13:50:00+05:30,2015-10-28 14:40:00+05:30,8165.85,8147.202913544732,8171.1777389872195,8147.202913544732,18.65,TAKE_PROFIT
short,2015-10-28 14:55:00+05:30,2015-10-28 15:00:00+05:30,8148.05,8153.501533298774,8153.501533298774,8128.969633454291,-5.45,STOP_LOSS
short,2015-10-29 10:20:00+05:30,2015-10-29 11:00:00+05:30,8145.15,8150.661248432403,8150.661248432403,8125.860630486588,-5.51,STOP_LOSS
short,2015-11-02 10:35:00+05:30,2015-11-02 12:35:00+05:30,8031.65,8008.146007871543,8038.365426322416,8008.146007871543,23.5,TAKE_PROFIT
long,2015-11-03 10:00:00+05:30,2015-11-03 12:15:00+05:30,8082.25,8075.6156742174235,8075.6156742174235,8105.470140239017,-6.63,STOP_LOSS
long,2015-11-04 09:50:00+05:30,2015-11-04 10:50:00+05:30,8088.95,8080.6814335983,8080.6814335983,8117.889982405948,-8.27,STOP_LOSS
short,2015-11-05 10:45:00+05:30,2015-11-05 11:20:00+05:30,7998.1,8004.9170886347565,8004.9170886347565,7974.240189778355,-6.82,STOP_LOSS
short,2015-11-06 09:45:00+05:30,2015-11-06 10:20:00+05:30,7969.75,7933.750672509296,7980.0355221402015,7933.750672509296,36.0,TAKE_PROFIT
short,2015-11-06 13:40:00+05:30,2015-11-06 14:25:00+05:30,7948.3,7954.465865974498,7954.465865974498,7926.719469089256,-6.17,STOP_LOSS
short,2015-11-09 10:00:00+05:30,2015-11-09 10:10:00+05:30,7847.85,7862.154519334658,7862.154519334658,7797.784182328696,-14.3,STOP_LOSS
short,2015-11-09 10:40:00+05:30,2015-11-09 11:05:00+05:30,7857.6,7867.531537736065,7867.531537736065,7822.839617923773,-9.93,STOP_LOSS
short,2015-11-10 10:30:00+05:30,2015-11-10 11:20:00+05:30,7860.5,7866.578948033944,7866.578948033944,7839.223681881199,-6.08,STOP_LOSS
short,2015-11-10 12:45:00+05:30,2015-11-10 14:00:00+05:30,7836.35,7842.365124017426,7842.365124017426,7815.297065939011,-6.02,STOP_LOSS
short,2015-11-13 09:45:00+05:30,2015-11-13 11:30:00+05:30,7766.45,7737.377765498276,7774.756352714778,7737.377765498276,29.07,TAKE_PROFIT
short,2015-11-16 10:10:00+05:30,2015-11-16 10:15:00+05:30,7728.9,7735.1295458641525,7735.1295458641525,7707.096589475463,-6.23,STOP_LOSS
short,2015-11-16 10:20:00+05:30,2015-11-16 10:35:00+05:30,7729.1,7735.675414449075,7735.675414449075,7706.086049428238,-6.58,STOP_LOSS
long,2015-11-16 12:50:00+05:30,2015-11-16 12:55:00+05:30,7795.35,7790.403904729266,7790.403904729266,7812.66133344757,-4.95,STOP_LOSS
long,2015-11-16 13:05:00+05:30,2015-11-16 13:20:00+05:30,7794.9,7789.922408500799,7789.922408500799,7812.3215702472025,-4.98,STOP_LOSS
long,2015-11-16 14:50:00+05:30,2015-11-16 15:00:00+05:30,7826.05,7820.308964564394,7820.308964564394,7846.143624024622,-5.74,STOP_LOSS
long,2015-11-17 10:55:00+05:30,2015-11-17 11:05:00+05:30,7834.85,7830.107584645496,7830.107584645496,7851.448453740767,-4.74,STOP_LOSS
long,2015-11-17 14:25:00+05:30,2015-11-17 14:55:00+05:30,7839.8,7832.723524429261,7832.723524429261,7864.56766449759,-7.08,STOP_LOSS
short,2015-11-18 14:40:00+05:30,2015-11-18 15:15:00+05:30,7746.1,7733.1,7754.409987832959,7717.015042584644,13.0,EOD_EXIT
long,2015-11-19 11:35:00+05:30,2015-11-19 13:00:00+05:30,7808.5,7825.440178037938,7803.659949132018,7825.440178037938,16.94,TAKE_PROFIT
long,2015-11-19 13:50:00+05:30,2015-11-19 13:55:00+05:30,7835.95,7830.639115478309,7830.639115478309,7854.5380958259175,-5.31,STOP_LOSS
long,2015-11-20 12:10:00+05:30,2015-11-20 12:20:00+05:30,7899.55,7894.2999035149705,7894.2999035149705,7917.925337697604,-5.25,STOP_LOSS
short,2015-11-23 09:30:00+05:30,2015-11-23 11:50:00+05:30,7862.35,7871.995112820398,7871.995112820398,7828.592105128606,-9.65,STOP_LOSS
short,2015-11-23 14:15:00+05:30,2015-11-23 14:40:00+05:30,7836.2,7842.219381504363,7842.219381504363,7815.132164734729,-6.02,STOP_LOSS
long,2015-11-24 10:25:00+05:30,2015-11-24 10:30:00+05:30,7857.75,7852.560248651668,7852.560248651668,7875.914129719162,-5.19,STOP_LOSS
short,2015-11-24 14:50:00+05:30,2015-11-24 15:15:00+05:30,7837.5,7830.15,7844.943897419366,7811.446359032218,7.35,EOD_EXIT
long,2015-11-26 10:25:00+05:30,2015-11-26 14:15:00+05:30,7871.35,7890.745136102858,7865.808532542041,7890.745136102858,19.4,TAKE_PROFIT
long,2015-11-26 14:30:00+05:30,2015-11-26 15:00:00+05:30,7887.45,7883.717320802116,7883.717320802116,7900.514377192593,-3.73,STOP_LOSS
long,2015-11-27 11:25:00+05:30,2015-11-27 11:40:00+05:30,7933.55,7929.502609673075,7929.502609673075,7947.715866144237,-4.05,STOP_LOSS
long,2015-11-27 14:55:00+05:30,2015-11-27 15:05:00+05:30,7942.9,7936.209466880494,7936.209466880494,7966.31686591827,-6.69,STOP_LOSS
long,2015-11-30 09:45:00+05:30,2015-11-30 10:00:00+05:30,7950.8,7943.855101702802,7943.855101702802,7975.107144040194,-6.94,STOP_LOSS
long,2015-12-01 09:45:00+05:30,2015-12-01 11:15:00+05:30,7959.35,7952.500267769997,7952.500267769997,7983.324062805014,-6.85,STOP_LOSS
short,2015-12-02 11:25:00+05:30,2015-12-02 13:40:00+05:30,7923.5,7929.043316526696,7929.043316526696,7904.098392156566,-5.54,STOP_LOSS
short,2015-12-03 10:45:00+05:30,2015-12-03 11:15:00+05:30,7888.45,7892.736550386958,7892.736550386958,7873.447073645646,-4.29,STOP_LOSS
short,2015-12-04 10:35:00+05:30,2015-12-04 13:10:00+05:30,7804.5,7809.013635025872,7809.013635025872,7788.702277409449,-4.51,STOP_LOSS
short,2015-12-07 11:15:00+05:30,2015-12-07 12:35:00+05:30,7785.45,7769.0072263108805,7790.147935339748,7769.0072263108805,16.44,TAKE_PROFIT
short,2015-12-07 13:05:00+05:30,2015-12-07 14:05:00+05:30,7769.95,7752.5290795198725,7774.927405851465,7752.5290795198725,17.42,TAKE_PROFIT
short,2015-12-07 14:15:00+05:30,2015-12-07 14:30:00+05:30,7756.25,7761.992135879059,7761.992135879059,7736.152524423294,-5.74,STOP_LOSS
short,2015-12-08 09:35:00+05:30,2015-12-08 09:40:00+05:30,7751.35,7757.048465269999,7757.048465269999,7731.405371555005,-5.7,STOP_LOSS
short,2015-12-09 09:40:00+05:30,2015-12-09 10:30:00+05:30,7695.9,7671.395429359329,7702.901305897334,7671.395429359329,24.5,TAKE_PROFIT
short,2015-12-09 10:50:00+05:30,2015-12-09 10:55:00+05:30,7668.35,7674.344192477953,7674.344192477953,7647.370326327167,-5.99,STOP_LOSS
short,2015-12-09 11:05:00+05:30,2015-12-09 14:00:00+05:30,7671.8,7649.974087241714,7678.035975073796,7649.974087241714,21.83,TAKE_PROFIT
short,2015-12-09 14:55:00+05:30,2015-12-09 15:15:00+05:30,7629.4,7613.85,7637.0420280993185,7602.652901652384,15.55,EOD_EXIT
short,2015-12-10 11:15:00+05:30,2015-12-10 11:20:00+05:30,7619.65,7624.844463272578,7624.844463272578,7601.469378545975,-5.19,STOP_LOSS
long,2015-12-10 14:10:00+05:30,2015-12-10 15:05:00+05:30,7655.3,7684.1830517744265,7647.047699493021,7684.1830517744265,28.88,TAKE_PROFIT
short,2015-12-11 13:05:00+05:30,2015-12-11 14:25:00+05:30,7611.75,7584.616714090003,7619.502367402856,7584.616714090003,27.13,TAKE_PROFIT
short,2015-12-14 09:50:00+05:30,2015-12-14 09:55:00+05:30,7587.35,7596.856584832401,7596.856584832401,7554.076953086599,-9.51,STOP_LOSS
long,2015-12-14 11:00:00+05:30,2015-12-14 11:40:00+05:30,7633.0,7624.690984229394,7624.690984229394,7662.08155519712,-8.31,STOP_LOSS
long,2015-12-14 14:00:00+05:30,2015-12-14 14:05:00+05:30,7652.9,7647.874055684649,7647.874055684649,7670.490805103729,-5.03,STOP_LOSS
long,2015-12-16 10:45:00+05:30,2015-12-16 12:20:00+05:30,7753.7,7771.300181126594,7748.671376820973,7771.300181126594,17.6,TAKE_PROFIT
long,2015-12-18 09:35:00+05:30,2015-12-18 09:45:00+05:30,7831.8,7822.797501798752,7822.797501798752,7863.30874370437,-9.0,STOP_LOSS
short,2015-12-18 13:35:00+05:30,2015-12-18 13:40:00+05:30,7786.95,7791.903065267824,7791.903065267824,7769.614271562615,-4.95,STOP_LOSS
short,2015-12-21 09:35:00+05:30,2015-12-21 10:00:00+05:30,7767.0,7775.788090442189,7775.788090442189,7736.241683452338,-8.79,STOP_LOSS
long,2015-12-21 11:05:00+05:30,2015-12-21 13:45:00+05:30,7802.45,7823.805878422582,7796.34832045069,7823.805878422582,21.36,TAKE_PROFIT
long,2015-12-23 10:45:00+05:30,2015-12-23 12:25:00+05:30,7858.2,7854.173122606978,7854.173122606978,7872.294070875577,-4.03,STOP_LOSS
short,2015-12-24 14:20:00+05:30,2015-12-24 14:30:00+05:30,7848.85,7852.426000138268,7852.426000138268,7836.333999516064,-3.58,STOP_LOSS
long,2015-12-28 10:15:00+05:30,2015-12-28 13:40:00+05:30,7894.9,7910.583202667149,7890.419084952243,7910.583202667149,15.68,TAKE_PROFIT
long,2015-12-29 09:30:00+05:30,2015-12-29 11:45:00+05:30,7928.85,7922.364473088085,7922.364473088085,7951.549344191704,-6.49,STOP_LOSS
short,2015-12-31 09:45:00+05:30,2015-12-31 10:00:00+05:30,7896.75,7901.063634962321,7901.063634962321,7881.652277631876,-4.31,STOP_LOSS
long,2016-01-01 11:15:00+05:30,2016-01-01 11:35:00+05:30,7945.55,7941.949925050295,7941.949925050295,7958.150262323968,-3.6,STOP_LOSS
long,2016-01-01 14:35:00+05:30,2016-01-01 14:50:00+05:30,7965.95,7961.540666556708,7961.540666556708,7981.38266705152,-4.41,STOP_LOSS
long,2016-01-01 14:55:00+05:30,2016-01-01 15:15:00+05:30,7966.25,7963.05,7961.718262272121,7982.111082047575,-3.2,EOD_EXIT
short,2016-01-04 09:40:00+05:30,2016-01-04 10:05:00+05:30,7931.55,7904.868010226884,7939.173425649462,7904.868010226884,26.68,TAKE_PROFIT
short,2016-01-04 12:05:00+05:30,2016-01-04 12:10:00+05:30,7831.0,7837.696971707776,7837.696971707776,7807.560599022783,-6.7,STOP_LOSS
short,2016-01-04 12:15:00+05:30,2016-01-04 13:35:00+05:30,7831.05,7806.983405488224,7837.926169860508,7806.983405488224,24.07,TAKE_PROFIT
short,2016-01-04 14:05:00+05:30,2016-01-04 14:15:00+05:30,7797.95,7803.838467896829,7803.838467896829,7777.340362361099,-5.89,STOP_LOSS
short,2016-01-04 14:20:00+05:30,2016-01-04 14:55:00+05:30,7800.15,7805.862618953876,7805.862618953876,7780.155833661433,-5.71,STOP_LOSS
short,2016-01-05 11:20:00+05:30,2016-01-05 12:10:00+05:30,7780.6,7787.1123809807,7787.1123809807,7757.806666567549,-6.51,STOP_LOSS
short,2016-01-06 10:00:00+05:30,2016-01-06 10:15:00+05:30,7768.4,7774.40499539016,7774.40499539016,7747.382516134438,-6.0,STOP_LOSS
short,2016-01-06 14:35:00+05:30,2016-01-06 15:15:00+05:30,7746.95,7740.85,7755.672779779892,7716.420270770376,6.1,EOD_EXIT
short,2016-01-07 10:40:00+05:30,2016-01-07 11:40:00+05:30,7627.8,7603.027896255139,7634.877743927103,7603.027896255139,24.77,TAKE_PROFIT
short,2016-01-07 12:50:00+05:30,2016-01-07 13:00:00+05:30,7592.6,7598.280862280349,7598.280862280349,7572.716982018782,-5.68,STOP_LOSS
long,2016-01-08 13:30:00+05:30,2016-01-08 13:35:00+05:30,7614.9,7609.942387717146,7609.942387717146,7632.251642989988,-4.96,STOP_LOSS
long,2016-01-08 14:25:00+05:30,2016-01-08 14:30:00+05:30,7623.65,7618.400596749731,7618.400596749731,7642.022911375938,-5.25,STOP_LOSS
short,2016-01-11 10:05:00+05:30,2016-01-11 10:35:00+05:30,7523.65,7532.579413665626,7532.579413665626,7492.397052170309,-8.93,STOP_LOSS
long,2016-01-11 14:30:00+05:30,2016-01-11 15:00:00+05:30,7583.85,7574.611561618778,7574.611561618778,7616.184534334279,-9.24,STOP_LOSS
short,2016-01-12 11:00:00+05:30,2016-01-12 13:10:00+05:30,7528.05,7496.643816892077,7537.023195173692,7496.643816892077,31.41,TAKE_PROFIT
short,2016-01-12 13:20:00+05:30,2016-01-12 13:55:00+05:30,7503.25,7509.615834230412,7509.615834230412,7480.969580193559,-6.37,STOP_LOSS
long,2016-01-13 10:45:00+05:30,2016-01-13 10:55:00+05:30,7574.5,7568.663909252418,7568.663909252418,7594.926317616537,-5.84,STOP_LOSS
short,2016-01-14 10:20:00+05:30,2016-01-14 10:35:00+05:30,7479.0,7490.590477842122,7490.590477842122,7438.433327552575,-11.59,STOP_LOSS
long,2016-01-14 11:50:00+05:30,2016-01-14 12:20:00+05:30,7523.05,7549.901543010985,7515.3781305682905,7549.901543010985,26.85,TAKE_PROFIT
long,2016-01-14 12:45:00+05:30,2016-01-14 12:50:00+05:30,7541.45,7562.361305046397,7535.475341415315,7562.361305046397,20.91,TAKE_PROFIT
long,2016-01-14 13:35:00+05:30,2016-01-14 13:45:00+05:30,7574.65,7564.514334076274,7564.514334076274,7610.124830733037,-10.14,STOP_LOSS
short,2016-01-15 10:10:00+05:30,2016-01-15 14:25:00+05:30,7533.0,7498.436540261203,7542.875274211085,7498.436540261203,34.56,TAKE_PROFIT
short,2016-01-18 10:10:00+05:30,2016-01-18 10:35:00+05:30,7408.4,7421.715162935201,7421.715162935201,7361.796929726794,-13.32,STOP_LOSS
short,2016-01-18 12:15:00+05:30,2016-01-18 13:45:00+05:30,7409.35,7417.817172691876,7417.817172691876,7379.714895578435,-8.47,STOP_LOSS
short,2016-01-19 09:30:00+05:30,2016-01-19 09:45:00+05:30,7371.25,7382.915386749214,7382.915386749214,7330.421146377749,-11.67,STOP_LOSS
long,2016-01-19 11:50:00+05:30,2016-01-19 11:55:00+05:30,7413.4,7407.495890507031,7407.495890507031,7434.064383225393,-5.9,STOP_LOSS
long,2016-01-19 12:30:00+05:30,2016-01-19 13:00:00+05:30,7419.8,7442.631003163662,7413.276856238954,7442.631003163662,22.83,TAKE_PROFIT
long,2016-01-19 13:20:00+05:30,2016-01-19 14:05:00+05:30,7439.2,7431.0941413774035,7431.0941413774035,7467.5705051790865,-8.11,STOP_LOSS
short,2016-01-20 10:40:00+05:30,2016-01-20 13:50:00+05:30,7314.15,7286.706800113244,7321.990914253359,7286.706800113244,27.44,TAKE_PROFIT
long,2016-01-21 09:50:00+05:30,2016-01-21 10:15:00+05:30,7347.0,7331.923741172758,7331.923741172758,7399.766905895348,-15.08,STOP_LOSS
short,2016-01-21 12:20:00+05:30,2016-01-21 13:30:00+05:30,7279.7,7287.450622035015,7287.450622035015,7252.572822877449,-7.75,STOP_LOSS
long,2016-01-22 11:40:00+05:30,2016-01-22 11:45:00+05:30,7404.15,7397.611790509736,7397.611790509736,7427.0337332159215,-6.54,STOP_LOSS
long,2016-01-22 12:45:00+05:30,2016-01-22 12:50:00+05:30,7413.85,7409.182666015407,7409.182666015407,7430.185668946074,-4.67,STOP_LOSS
long,2016-01-22 14:45:00+05:30,2016-01-22 15:15:00+05:30,7422.35,7419.6,7415.584048661787,7446.030829683747,-2.75,EOD_EXIT
long,2016-01-25 10:40:00+05:30,2016-01-25 11:05:00+05:30,7475.65,7470.473288287571,7470.473288287571,7493.7684909935,-5.18,STOP_LOSS
short,2016-01-27 09:50:00+05:30,2016-01-27 10:00:00+05:30,7429.45,7437.44893145212,7437.44893145212,7401.45373991758,-8.0,STOP_LOSS
long,2016-01-27 12:45:00+05:30,2016-01-27 13:20:00+05:30,7464.7,7459.862383584126,7459.862383584126,7481.6316574555585,-4.84,STOP_LOSS
short,2016-01-27 14:00:00+05:30,2016-01-27 14:10:00+05:30,7441.95,7447.874379088322,7447.874379088322,7421.214673190874,-5.92,STOP_LOSS
short,2016-01-27 14:25:00+05:30,2016-01-27 14:40:00+05:30,7442.25,7447.662182136415,7447.662182136415,7423.307362522547,-5.41,STOP_LOSS
short,2016-01-28 10:10:00+05:30,2016-01-28 10:25:00+05:30,7431.0,7436.519155116446,7436.519155116446,7411.6829570924365,-5.52,STOP_LOSS
long,2016-01-28 14:30:00+05:30,2016-01-28 14:35:00+05:30,7457.2,7451.391708505932,7451.391708505932,7477.529020229238,-5.81,STOP_LOSS
long,2016-01-29 12:30:00+05:30,2016-01-29 13:35:00+05:30,7508.25,7531.0859289024675,7501.725448885009,7531.0859289024675,22.84,TAKE_PROFIT
long,2016-01-29 14:15:00+05:30,2016-01-29 15:00:00+05:30,7528.7,7551.454734445553,7522.19864730127,7551.454734445553,22.75,TAKE_PROFIT
long,2016-02-01 09:40:00+05:30,2016-02-01 10:30:00+05:30,7565.7,7597.5617782653435,7556.59663478133,7597.5617782653435,31.86,TAKE_PROFIT
long,2016-02-01 10:40:00+05:30,2016-02-01 11:15:00+05:30,7587.25,7580.298007874218,7580.298007874218,7611.581972440239,-6.95,STOP_LOSS
short,2016-02-02 11:35:00+05:30,2016-02-02 11:50:00+05:30,7535.9,7544.778432900385,7544.778432900385,7504.8254848486495,-8.88,STOP_LOSS
long,2016-02-02 12:35:00+05:30,2016-02-02 12:40:00+05:30,7564.85,7557.6431604346135,7557.6431604346135,7590.073938478856,-7.21,STOP_LOSS
short,2016-02-02 14:30:00+05:30,2016-02-02 14:45:00+05:30,7513.6,7521.447076597887,7521.447076597887,7486.1352319073985,-7.85,STOP_LOSS
short,2016-02-03 09:55:00+05:30,2016-02-03 13:25:00+05:30,7401.55,7414.0093533324625,7414.0093533324625,7357.942263336383,-12.46,STOP_LOSS
long,2016-02-04 13:05:00+05:30,2016-02-04 13:15:00+05:30,7443.25,7437.2787145584125,7437.2787145584125,7464.149499045556,-5.97,STOP_LOSS
long,2016-02-04 13:20:00+05:30,2016-02-04 13:35:00+05:30,7439.2,7433.251981002913,7433.251981002913,7460.0180664898035,-5.95,STOP_LOSS
short,2016-02-04 14:00:00+05:30,2016-02-04 14:40:00+05:30,7421.3,7391.038485167987,7429.946147094861,7391.038485167987,30.26,TAKE_PROFIT
long,2016-02-05 09:55:00+05:30,2016-02-05 10:30:00+05:30,7428.55,7457.740441219415,7420.2098739373105,7457.740441219415,29.19,TAKE_PROFIT
long,2016-02-05 11:00:00+05:30,2016-02-05 13:05:00+05:30,7463.9,7455.79048526177,7455.79048526177,7492.283301583801,-8.11,STOP_LOSS
long,2016-02-08 09:30:00+05:30,2016-02-08 09:45:00+05:30,7486.45,7476.833056700395,7476.833056700395,7520.109301548618,-9.62,STOP_LOSS
long,2016-02-08 11:10:00+05:30,2016-02-08 11:15:00+05:30,7501.85,7495.790244275163,7495.790244275163,7523.059145036932,-6.06,STOP_LOSS
short,2016-02-09 10:15:00+05:30,2016-02-09 11:35:00+05:30,7313.15,7283.913585954677,7321.503261155806,7283.913585954677,29.24,TAKE_PROFIT
short,2016-02-09 11:45:00+05:30,2016-02-09 13:10:00+05:30,7291.65,7297.686341555722,7297.686341555722,7270.522804554972,-6.04,STOP_LOSS
short,2016-02-10 10:55:00+05:30,2016-02-10 11:30:00+05:30,7229.4,7236.914619483911,7236.914619483911,7203.098831806307,-7.51,STOP_LOSS
short,2016-02-11 10:35:00+05:30,2016-02-11 12:05:00+05:30,7160.1,7129.135751621124,7168.946928108251,7129.135751621124,30.96,TAKE_PROFIT
short,2016-02-11 12:15:00+05:30,2016-02-11 13:05:00+05:30,7138.55,7116.899953740623,7144.73572750268,7116.899953740623,21.65,TAKE_PROFIT
short,2016-02-12 10:30:00+05:30,2016-02-12 10:40:00+05:30,6952.4,6966.49538631488,6966.49538631488,6903.066147897916,-14.1,STOP_LOSS
short,2016-02-12 10:50:00+05:30,2016-02-12 12:15:00+05:30,6962.85,6906.409891607159,6978.9757452550975,6906.409891607159,56.44,TAKE_PROFIT
long,2016-02-15 11:50:00+05:30,2016-02-15 11:55:00+05:30,7151.05,7145.421917622957,7145.421917622957,7170.74828831965,-5.63,STOP_LOSS
long,2016-02-15 12:05:00+05:30,2016-02-15 13:25:00+05:30,7148.55,7169.251433907635,7142.6353045978185,7169.251433907635,20.7,TAKE_PROFIT
long,2016-02-15 14:00:00+05:30,2016-02-15 14:15:00+05:30,7167.85,7161.6732103295735,7161.6732103295735,7189.468763846494,-6.18,STOP_LOSS
long,2016-02-18 10:10:00+05:30,2016-02-18 11:25:00+05:30,7188.5,7178.559303136847,7178.559303136847,7223.292439021035,-9.94,STOP_LOSS
long,2016-02-19 11:10:00+05:30,2016-02-19 12:35:00+05:30,7189.25,7182.590251097667,7182.590251097667,7212.559121158166,-6.66,STOP_LOSS
long,2016-02-22 10:10:00+05:30,2016-02-22 11:40:00+05:30,7229.6,7223.063704410994,7223.063704410994,7252.477034561522,-6.54,STOP_LOSS
long,2016-02-22 14:05:00+05:30,2016-02-22 14:25:00+05:30,7245.4,7241.264848183627,7241.264848183627,7259.873031357303,-4.14,STOP_LOSS
short,2016-02-23 11:05:00+05:30,2016-02-23 12:15:00+05:30,7173.4,7152.097727211396,7179.486363653887,7152.097727211396,21.3,TAKE_PROFIT
short,2016-02-23 13:20:00+05:30,2016-02-23 14:50:00+05:30,7130.95,7137.521163457143,7137.521163457143,7107.950927899997,-6.57,STOP_LOSS
short,2016-02-24 10:00:00+05:30,2016-02-24 10:10:00+05:30,7066.55,7073.607344499209,7073.607344499209,7041.849294252771,-7.06,STOP_LOSS
short,2016-02-24 10:25:00+05:30,2016-02-24 11:15:00+05:30,7065.35,7042.689051932174,7071.824556590808,7042.689051932174,22.66,TAKE_PROFIT
short,2016-02-24 11:30:00+05:30,2016-02-24 11:55:00+05:30,7047.8,7054.077430477918,7054.077430477918,7025.828993327287,-6.28,STOP_LOSS
short,2016-02-25 09:40:00+05:30,2016-02-25 10:15:00+05:30,7014.2,7022.581317493561,7022.581317493561,6984.865388772537,-8.38,STOP_LOSS
short,2016-02-25 12:35:00+05:30,2016-02-25 14:40:00+05:30,6994.0,7001.95328332279,7001.95328332279,6966.163508370233,-7.95,STOP_LOSS
long,2016-02-26 14:05:00+05:30,2016-02-26 14:55:00+05:30,7036.85,7030.375957986822,7030.375957986822,7059.509147046126,-6.47,STOP_LOSS
short,2016-02-29 10:10:00+05:30,2016-02-29 11:05:00+05:30,7015.25,7022.846441142205,7022.846441142205,6988.662456002284,-7.6,STOP_LOSS
long,2016-02-29 13:55:00+05:30,2016-02-29 14:45:00+05:30,7035.8,7013.323619697154,7013.323619697154,7114.467331059964,-22.48,STOP_LOSS
long,2016-03-01 11:25:00+05:30,2016-03-01 12:10:00+05:30,7142.55,7164.467894700478,7136.287744371292,7164.467894700478,21.92,TAKE_PROFIT
long,2016-03-01 12:35:00+05:30,2016-03-01 13:05:00+05:30,7162.55,7180.1775568998455,7157.513555171473,7180.1775568998455,17.63,TAKE_PROFIT
long,2016-03-01 13:10:00+05:30,2016-03-01 13:55:00+05:30,7173.0,7191.887421907188,7167.603593740803,7191.887421907188,18.89,TAKE_PROFIT
long,2016-03-01 14:30:00+05:30,2016-03-01 15:15:00+05:30,7202.8,7227.77365837275,7195.664669036358,7227.77365837275,24.97,TAKE_PROFIT
long,2016-03-02 10:30:00+05:30,2016-03-02 15:15:00+05:30,7349.1,7377.1,7339.206615052485,7383.726847316304,28.0,EOD_EXIT
long,2016-03-03 09:45:00+05:30,2016-03-03 12:35:00+05:30,7410.2,7446.316346060101,7399.8810439828285,7446.316346060101,36.12,TAKE_PROFIT
long,2016-03-03 13:30:00+05:30,2016-03-03 13:35:00+05:30,7457.0,7450.613015100827,7450.613015100827,7479.354447147105,-6.39,STOP_LOSS
long,2016-03-03 13:55:00+05:30,2016-03-03 15:15:00+05:30,7457.8,7481.45,7450.320366703976,7483.978716536086,23.65,EOD_EXIT
long,2016-03-04 11:25:00+05:30,2016-03-04 12:20:00+05:30,7476.2,7470.309319632983,7470.309319632983,7496.817381284559,-5.89,STOP_LOSS
long,2016-03-08 10:15:00+05:30,2016-03-08 10:40:00+05:30,7515.3,7507.225202672312,7507.225202672312,7543.561790646909,-8.07,STOP_LOSS
short,2016-03-09 10:00:00+05:30,2016-03-09 10:15:00+05:30,7445.8,7454.228377148726,7454.228377148726,7416.3006799794575,-8.43,STOP_LOSS
short,2016-03-09 11:25:00+05:30,2016-03-09 11:30:00+05:30,7436.8,7441.454938316157,7441.454938316157,7420.507715893453,-4.65,STOP_LOSS
long,2016-03-09 12:50:00+05:30,2016-03-09 13:55:00+05:30,7471.55,7495.434844857358,7464.725758612183,7495.434844857358,23.88,TAKE_PROFIT
long,2016-03-09 14:25:00+05:30,2016-03-09 15:00:00+05:30,7495.8,7520.725731274518,7488.678362492995,7520.725731274518,24.93,TAKE_PROFIT
short,2016-03-10 11:15:00+05:30,2016-03-10 11:50:00+05:30,7472.5,7479.2600765532925,7479.2600765532925,7448.839732063475,-6.76,STOP_LOSS
short,2016-03-10 12:55:00+05:30,2016-03-10 13:00:00+05:30,7457.15,7462.862077630738,7462.862077630738,7437.157728292415,-5.71,STOP_LOSS
long,2016-03-10 14:25:00+05:30,2016-03-10 15:15:00+05:30,7488.5,7487.1,7481.4886891415135,7513.039588004702,-1.4,EOD_EXIT
long,2016-03-11 10:35:00+05:30,2016-03-11 11:10:00+05:30,7534.7,7528.783359728871,7528.783359728871,7555.408240948951,-5.92,STOP_LOSS
short,2016-03-11 12:10:00+05:30,2016-03-11 12:50:00+05:30,7489.65,7498.736845596818,7498.736845596818,7457.846040411136,-9.09,STOP_LOSS
long,2016-03-14 10:10:00+05:30,2016-03-14 10:35:00+05:30,7561.6,7554.644463488953,7554.644463488953,7585.944377788666,-6.96,STOP_LOSS
long,2016-03-14 10:50:00+05:30,2016-03-14 11:05:00+05:30,7560.1,7554.577117151733,7554.577117151733,7579.430089968938,-5.52,STOP_LOSS
short,2016-03-14 14:45:00+05:30,2016-03-14 15:00:00+05:30,7526.85,7533.514458270473,7533.514458270473,7503.524396053346,-6.66,STOP_LOSS
short,2016-03-15 11:05:00+05:30,2016-03-15 13:00:00+05:30,7498.65,7479.241935582331,7504.195161262191,7479.241935582331,19.41,TAKE_PROFIT
short,2016-03-15 13:35:00+05:30,2016-03-15 14:00:00+05:30,7474.6,7458.768302650267,7479.123342099924,7458.768302650267,15.83,TAKE_PROFIT
short,2016-03-16 10:15:00+05:30,2016-03-16 11:35:00+05:30,7441.9,7420.75777814208,7447.9406348165485,7420.75777814208,21.14,TAKE_PROFIT
long,2016-03-17 10:10:00+05:30,2016-03-17 10:15:00+05:30,7569.5,7562.398734626532,7562.398734626532,7594.354428807136,-7.1,STOP_LOSS
long,2016-03-17 10:45:00+05:30,2016-03-17 10:55:00+05:30,7556.65,7550.2384323123415,7550.2384323123415,7579.0904869068045,-6.41,STOP_LOSS
long,2016-03-17 11:05:00+05:30,2016-03-17 14:25:00+05:30,7555.85,7549.996707462179,7549.996707462179,7576.336523882376,-5.85,STOP_LOSS
long,2016-03-18 10:45:00+05:30,2016-03-18 11:15:00+05:30,7551.3,7545.0696444683135,7545.0696444683135,7573.106244360904,-6.23,STOP_LOSS
long,2016-03-21 10:55:00+05:30,2016-03-21 11:25:00+05:30,7653.65,7649.089571449799,7649.089571449799,7669.611499925701,-4.56,STOP_LOSS
long,2016-03-22 11:00:00+05:30,2016-03-22 11:05:00+05:30,7697.8,7691.622235815538,7691.622235815538,7719.422174645617,-6.18,STOP_LOSS
short,2016-03-22 14:05:00+05:30,2016-03-22 14:20:00+05:30,7659.15,7665.914224994423,7665.914224994423,7635.475212519517,-6.76,STOP_LOSS
long,2016-03-28 09:30:00+05:30,2016-03-28 09:40:00+05:30,7715.95,7706.569825844382,7706.569825844382,7748.780609544662,-9.38,STOP_LOSS
short,2016-03-29 11:15:00+05:30,2016-03-29 11:30:00+05:30,7596.05,7602.72707364172,7602.72707364172,7572.68024225398,-6.68,STOP_LOSS
long,2016-03-30 10:35:00+05:30,2016-03-30 11:10:00+05:30,7656.35,7675.658487537663,7650.833289274954,7675.658487537663,19.31,TAKE_PROFIT
long,2016-03-30 11:45:00+05:30,2016-03-30 12:40:00+05:30,7672.05,7687.877040772053,7667.527988350842,7687.877040772053,15.83,TAKE_PROFIT
long,2016-03-30 13:15:00+05:30,2016-03-30 13:50:00+05:30,7696.5,7713.926929368702,7691.520877323228,7713.926929368702,17.43,TAKE_PROFIT
long,2016-03-30 14:10:00+05:30,2016-03-30 14:40:00+05:30,7713.45,7730.358696227331,7708.618943935048,7730.358696227331,16.91,TAKE_PROFIT
long,2016-03-30 14:55:00+05:30,2016-03-30 15:15:00+05:30,7729.35,7737.85,7723.992656857939,7748.100700997213,8.5,EOD_EXIT
long,2016-03-31 09:35:00+05:30,2016-03-31 09:55:00+05:30,7740.15,7760.975783019389,7734.199776280174,7760.975783019389,20.83,TAKE_PROFIT
long,2016-03-31 10:30:00+05:30,2016-03-31 11:35:00+05:30,7765.5,7759.300166516429,7759.300166516429,7787.199417192496,-6.2,STOP_LOSS
short,2016-04-01 09:35:00+05:30,2016-04-01 12:45:00+05:30,7725.85,7684.036254989488,7737.796784288718,7684.036254989488,41.81,TAKE_PROFIT
short,2016-04-01 13:10:00+05:30,2016-04-01 14:00:00+05:30,7689.4,7695.109200736033,7695.109200736033,7669.417797423885,-5.71,STOP_LOSS
long,2016-04-04 10:15:00+05:30,2016-04-04 10:25:00+05:30,7744.8,7738.3628184227955,7738.3628184227955,7767.330135520217,-6.44,STOP_LOSS
short,2016-04-05 10:45:00+05:30,2016-04-05 11:20:00+05:30,7714.8,7696.114566910387,7720.138695168461,7696.114566910387,18.69,TAKE_PROFIT
short,2016-04-05 11:45:00+05:30,2016-04-05 12:40:00+05:30,7686.85,7646.999515184525,7698.2358528044215,7646.999515184525,39.85,TAKE_PROFIT
short,2016-04-05 13:25:00+05:30,2016-04-05 15:05:00+05:30,7640.45,7614.592526834867,7647.837849475752,7614.592526834867,25.86,TAKE_PROFIT
short,2016-04-06 14:20:00+05:30,2016-04-06 14:25:00+05:30,7604.0,7610.190600414297,7610.190600414297,7582.332898549962,-6.19,STOP_LOSS
short,2016-04-08 09:35:00+05:30,2016-04-08 10:00:00+05:30,7543.4,7551.56307283553,7551.56307283553,7514.829245075645,-8.16,STOP_LOSS
long,2016-04-11 14:25:00+05:30,2016-04-11 14:40:00+05:30,7598.6,7624.996700503664,7591.058085570382,7624.996700503664,26.4,TAKE_PROFIT
long,2016-04-12 10:10:00+05:30,2016-04-12 12:50:00+05:30,7686.5,7708.3888685335505,7680.246037561843,7708.3888685335505,21.89,TAKE_PROFIT
long,2016-04-12 14:50:00+05:30,2016-04-12 15:15:00+05:30,7708.25,7711.45,7702.8618948504445,7727.108368023443,3.2,EOD_EXIT
long,2016-04-13 10:55:00+05:30,2016-04-13 12:10:00+05:30,7833.4,7828.508769368091,7828.508769368091,7850.519307211683,-4.89,STOP_LOSS
long,2016-04-18 09:45:00+05:30,2016-04-18 10:35:00+05:30,7859.75,7889.566242435066,7851.231073589981,7889.566242435066,29.82,TAKE_PROFIT
long,2016-04-18 10:50:00+05:30,2016-04-18 11:30:00+05:30,7882.75,7877.272321835335,7877.272321835335,7901.921873576328,-5.48,STOP_LOSS
long,2016-04-18 13:50:00+05:30,2016-04-18 13:55:00+05:30,7902.55,7898.912786032118,7898.912786032118,7915.280248887589,-3.64,STOP_LOSS
long,2016-04-20 09:55:00+05:30,2016-04-20 10:15:00+05:30,7932.35,7925.093625919733,7925.093625919733,7957.747309280936,-7.26,STOP_LOSS
long,2016-04-20 13:50:00+05:30,2016-04-20 14:20:00+05:30,7908.8,7903.386707297765,7903.386707297765,7927.746524457826,-5.41,STOP_LOSS
short,2016-04-22 09:40:00+05:30,2016-04-22 10:00:00+05:30,7893.8,7901.812819054965,7901.812819054965,7865.7551333076235,-8.01,STOP_LOSS
short,2016-04-22 14:50:00+05:30,2016-04-22 15:15:00+05:30,7895.2,7900.3,7900.85570210527,7875.405042631554,-5.1,EOD_EXIT
short,2016-04-25 10:45:00+05:30,2016-04-25 11:30:00+05:30,7866.2,7848.796365226847,7871.172467078043,7848.796365226847,17.4,TAKE_PROFIT
short,2016-04-25 13:40:00+05:30,2016-04-25 14:15:00+05:30,7840.8,7844.926275484649,7844.926275484649,7826.358035803732,-4.13,STOP_LOSS
long,2016-04-26 14:35:00+05:30,2016-04-26 15:15:00+05:30,7957.6,7953.9,7951.728844414064,7978.149044550779,-3.7,EOD_EXIT
long,2016-04-27 13:35:00+05:30,2016-04-27 13:40:00+05:30,7984.35,7980.442890860797,7980.442890860797,7998.024881987211,-3.91,STOP_LOSS
short,2016-04-28 11:50:00+05:30,2016-04-28 12:30:00+05:30,7931.4,7903.994031927809,7939.230276592054,7903.994031927809,27.41,TAKE_PROFIT
short,2016-04-28 12:50:00+05:30,2016-04-28 12:55:00+05:30,7909.8,7916.6602557019705,7916.6602557019705,7885.789105043103,-6.86,STOP_LOSS
short,2016-04-28 13:15:00+05:30,2016-04-28 14:10:00+05:30,7906.5,7884.836133502905,7912.689676142027,7884.836133502905,21.66,TAKE_PROFIT
short,2016-04-29 09:35:00+05:30,2016-04-29 09:40:00+05:30,7841.35,7850.07459437642,7850.07459437642,7810.813919682532,-8.72,STOP_LOSS
short,2016-04-29 13:25:00+05:30,2016-04-29 14:35:00+05:30,7808.0,7816.749012312181,7816.749012312181,7777.378456907368,-8.75,STOP_LOSS
short,2016-05-02 09:55:00+05:30,2016-05-02 12:00:00+05:30,7802.4,7811.26920954136,7811.26920954136,7771.357766605237,-8.87,STOP_LOSS
long,2016-05-03 10:05:00+05:30,2016-05-03 10:30:00+05:30,7871.0,7862.689445514281,7862.689445514281,7900.0869407000155,-8.31,STOP_LOSS
short,2016-05-03 14:20:00+05:30,2016-05-03 15:15:00+05:30,7762.05,7750.25,7769.8481102097885,7734.756614265741,11.8,EOD_EXIT
short,2016-05-04 10:15:00+05:30,2016-05-04 11:35:00+05:30,7726.25,7733.4468424958,7733.4468424958,7701.0610512647,-7.2,STOP_LOSS
short,2016-05-04 14:20:00+05:30,2016-05-04 15:15:00+05:30,7720.4,7703.6,7726.507440412743,7699.0239585554,16.8,EOD_EXIT
short,2016-05-05 13:35:00+05:30,2016-05-05 13:45:00+05:30,7720.6,7727.066078378443,7727.066078378443,7697.9687256754505,-6.47,STOP_LOSS
short,2016-05-06 10:10:00+05:30,2016-05-06 10:45:00+05:30,7695.05,7701.958092652066,7701.958092652066,7670.871675717773,-6.91,STOP_LOSS
long,2016-05-06 13:30:00+05:30,2016-05-06 15:15:00+05:30,7719.6,7735.3,7713.348836516413,7741.479072192557,15.7,EOD_EXIT
long,2016-05-09 11:15:00+05:30,2016-05-09 12:35:00+05:30,7833.8,7828.708366600589,7828.708366600589,7851.620716897939,-5.09,STOP_LOSS
long,2016-05-10 13:30:00+05:30,2016-05-10 14:30:00+05:30,7871.65,7890.9314888036615,7866.1410031989535,7890.9314888036615,19.28,TAKE_PROFIT
long,2016-05-11 11:10:00+05:30,2016-05-11 12:20:00+05:30,7877.05,7870.287465828678,7870.287465828678,7900.7188695996265,-6.76,STOP_LOSS
short,2016-05-11 13:30:00+05:30,2016-05-11 13:55:00+05:30,7834.3,7841.715792009052,7841.715792009052,7808.344727968317,-7.42,STOP_LOSS
long,2016-05-12 10:30:00+05:30,2016-05-12 12:30:00+05:30,7892.45,7886.826349270136,7886.826349270136,7912.132777554524,-5.62,STOP_LOSS
long,2016-05-12 14:50:00+05:30,2016-05-12 15:15:00+05:30,7894.9,7905.2,7890.331658411406,7910.8891955600775,10.3,EOD_EXIT
short,2016-05-13 10:30:00+05:30,2016-05-13 12:15:00+05:30,7837.3,7815.6435229297995,7843.4875648772,7815.6435229297995,21.66,TAKE_PROFIT
short,2016-05-13 13:45:00+05:30,2016-05-13 14:10:00+05:30,7800.5,7806.747333331261,7806.747333331261,7778.634333340587,-6.25,STOP_LOSS
short,2016-05-16 11:25:00+05:30,2016-05-16 12:20:00+05:30,7785.75,7791.764017710873,7791.764017710873,7764.700938011944,-6.01,STOP_LOSS
long,2016-05-17 10:00:00+05:30,2016-05-17 12:10:00+05:30,7899.45,7926.196534395529,7891.808133029848,7926.196534395529,26.75,TAKE_PROFIT
long,2016-05-17 12:50:00+05:30,2016-05-17 13:10:00+05:30,7927.6,7923.516866221278,7923.516866221278,7941.890968225529,-4.08,STOP_LOSS
short,2016-05-18 10:40:00+05:30,2016-05-18 12:20:00+05:30,7823.95,7829.478231116248,7829.478231116248,7804.601191093132,-5.53,STOP_LOSS
short,2016-05-19 09:45:00+05:30,2016-05-19 10:50:00+05:30,7841.95,7848.831913120472,7848.831913120472,7817.863304078347,-6.88,STOP_LOSS
short,2016-05-20 10:40:00+05:30,2016-05-20 11:00:00+05:30,7783.45,7789.585678319755,7789.585678319755,7761.9751258808565,-6.14,STOP_LOSS
short,2016-05-20 14:25:00+05:30,2016-05-20 14:40:00+05:30,7786.45,7765.495974140573,7792.436864531265,7765.495974140573,20.95,TAKE_PROFIT
short,2016-05-23 12:55:00+05:30,2016-05-23 13:15:00+05:30,7749.5,7753.864531332997,7753.864531332997,7734.224140334509,-4.36,STOP_LOSS
short,2016-05-24 09:40:00+05:30,2016-05-24 09:45:00+05:30,7732.55,7739.372305735483,7739.372305735483,7708.671929925811,-6.82,STOP_LOSS
short,2016-05-24 10:25:00+05:30,2016-05-24 10:30:00+05:30,7733.2,7737.479399901062,7737.479399901062,7718.222100346283,-4.28,STOP_LOSS
long,2016-05-25 10:55:00+05:30,2016-05-25 11:50:00+05:30,7864.1,7878.029954250584,7860.120013071262,7878.029954250584,13.93,TAKE_PROFIT
long,2016-05-25 12:35:00+05:30,2016-05-25 13:45:00+05:30,7883.0,7897.591667801253,7878.830952056785,7897.591667801253,14.59,TAKE_PROFIT
long,2016-05-26 10:05:00+05:30,2016-05-26 11:15:00+05:30,7968.8,7962.4592392896275,7962.4592392896275,7990.992662486305,-6.34,STOP_LOSS
long,2016-05-27 10:05:00+05:30,2016-05-27 13:05:00+05:30,8119.15,8146.4088327205245,8111.3617620798495,8146.4088327205245,27.26,TAKE_PROFIT
long,2016-05-27 13:30:00+05:30,2016-05-27 15:15:00+05:30,8141.35,8155.5,8133.49855931928,8168.830042382524,14.15,EOD_EXIT
long,2016-05-30 09:50:00+05:30,2016-05-30 09:55:00+05:30,8182.15,8173.472192829681,8173.472192829681,8212.522325096113,-8.68,STOP_LOSS
short,2016-05-31 11:00:00+05:30,2016-05-31 11:55:00+05:30,8159.05,8164.7635406244735,8164.7635406244735,8139.052607814342,-5.71,STOP_LOSS
short,2016-05-31 14:25:00+05:30,2016-05-31 14:30:00+05:30,8149.6,8156.268964633413,8156.268964633413,8126.258623783056,-6.67,STOP_LOSS
long,2016-06-01 10:35:00+05:30,2016-06-01 11:25:00+05:30,8205.35,8199.859791835132,8199.859791835132,8224.565728577043,-5.49,STOP_LOSS
short,2016-06-02 10:00:00+05:30,2016-06-02 14:05:00+05:30,8168.6,8175.418011911302,8175.418011911302,8144.7369583104455,-6.82,STOP_LOSS
long,2016-06-03 10:10:00+05:30,2016-06-03 10:50:00+05:30,8250.6,8244.65371219714,8244.65371219714,8271.412007310011,-5.95,STOP_LOSS
long,2016-06-07 10:10:00+05:30,2016-06-07 11:35:00+05:30,8229.35,8244.943799921895,8224.894628593744,8244.943799921895,15.59,TAKE_PROFIT
short,2016-06-09 10:30:00+05:30,2016-06-09 10:35:00+05:30,8229.95,8234.73840693192,8234.73840693192,8213.190575738281,-4.79,STOP_LOSS
short,2016-06-09 10:45:00+05:30,2016-06-09 12:45:00+05:30,8231.9,8216.67885774726,8236.248897786496,8216.67885774726,15.22,TAKE_PROFIT
short,2016-06-09 14:25:00+05:30,2016-06-09 15:15:00+05:30,8200.8,8206.262564157094,8206.262564157094,8181.681025450165,-5.46,STOP_LOSS
short,2016-06-10 09:30:00+05:30,2016-06-10 10:00:00+05:30,8194.7,8200.900981237866,8200.900981237866,8172.996565667474,-6.2,STOP_LOSS
long,2016-06-10 11:40:00+05:30,2016-06-10 12:20:00+05:30,8246.95,8240.907246811768,8240.907246811768,8268.099636158813,-6.04,STOP_LOSS
short,2016-06-10 13:55:00+05:30,2016-06-10 15:15:00+05:30,8185.9,8173.4,8194.418026755855,8156.086906354504,12.5,EOD_EXIT
short,2016-06-13 10:15:00+05:30,2016-06-13 11:35:00+05:30,8096.75,8075.082868403043,8102.940609027702,8075.082868403043,21.67,TAKE_PROFIT
short,2016-06-13 12:15:00+05:30,2016-06-13 12:30:00+05:30,8073.4,8078.158999200538,8078.158999200538,8056.743502798115,-4.76,STOP_LOSS
short,2016-06-14 14:35:00+05:30,2016-06-14 14:40:00+05:30,8081.05,8086.1847258964435,8086.1847258964435,8063.0784593624485,-5.13,STOP_LOSS
long,2016-06-15 09:45:00+05:30,2016-06-15 12:40:00+05:30,8127.65,8150.6821417728015,8121.069388064913,8150.6821417728015,23.03,TAKE_PROFIT
short,2016-06-16 12:15:00+05:30,2016-06-16 12:20:00+05:30,8084.2,8089.896783280752,8089.896783280752,8064.261258517368,-5.7,STOP_LOSS
short,2016-06-16 12:25:00+05:30,2016-06-16 12:35:00+05:30,8086.95,8092.457583886431,8092.457583886431,8067.67345639749,-5.51,STOP_LOSS
long,2016-06-16 14:15:00+05:30,2016-06-16 14:25:00+05:30,8124.2,8118.102810998493,8118.102810998493,8145.540161505276,-6.1,STOP_LOSS
long,2016-06-17 09:50:00+05:30,2016-06-17 12:20:00+05:30,8170.0,8160.346726989561,8160.346726989561,8203.786455536536,-9.65,STOP_LOSS
long,2016-06-20 10:50:00+05:30,2016-06-20 12:05:00+05:30,8184.3,8203.829383303531,8178.720176198991,8203.829383303531,19.53,TAKE_PROFIT
long,2016-06-20 12:50:00+05:30,2016-06-20 13:25:00+05:30,8217.15,8212.016290660402,8212.016290660402,8235.117982688593,-5.13,STOP_LOSS
long,2016-06-20 14:45:00+05:30,2016-06-20 15:15:00+05:30,8233.65,8236.45,8229.03724815098,8249.794631471566,2.8,EOD_EXIT
short,2016-06-22 14:15:00+05:30,2016-06-22 14:30:00+05:30,8184.85,8191.998526922035,8191.998526922035,8159.830155772878,-7.15,STOP_LOSS
long,2016-06-23 13:30:00+05:30,2016-06-23 14:20:00+05:30,8215.45,8228.117894911567,8211.83060145384,8228.117894911567,12.67,TAKE_PROFIT
short,2016-06-24 10:50:00+05:30,2016-06-24 12:45:00+05:30,7974.25,7987.525287846359,7987.525287846359,7927.7864925377435,-13.28,STOP_LOSS
long,2016-06-27 09:45:00+05:30,2016-06-27 09:50:00+05:30,8089.65,8080.270504942518,8080.270504942518,8122.478232701185,-9.38,STOP_LOSS
long,2016-06-27 10:20:00+05:30,2016-06-27 11:50:00+05:30,8082.4,8105.260768597452,8075.868351829299,8105.260768597452,22.86,TAKE_PROFIT
long,2016-06-27 13:00:00+05:30,2016-06-27 13:10:00+05:30,8110.1,8104.501611712866,8104.501611712866,8129.694359004969,-5.6,STOP_LOSS
long,2016-06-28 10:45:00+05:30,2016-06-28 11:00:00+05:30,8117.3,8113.164407006686,8113.164407006686,8131.774575476599,-4.14,STOP_LOSS
long,2016-06-28 13:20:00+05:30,2016-06-28 13:45:00+05:30,8135.7,8130.909192224771,8130.909192224771,8152.467827213301,-4.79,STOP_LOSS
long,2016-06-29 10:30:00+05:30,2016-06-29 11:05:00+05:30,8176.0,8171.806216816452,8171.806216816452,8190.678241142416,-4.19,STOP_LOSS
long,2016-06-30 10:30:00+05:30,2016-06-30 10:40:00+05:30,8271.0,8267.088703752,8267.088703752,8284.689536868,-3.91,STOP_LOSS
long,2016-06-30 11:20:00+05:30,2016-06-30 11:30:00+05:30,8263.25,8259.400664518284,8259.400664518284,8276.722674186009,-3.85,STOP_LOSS
long,2016-06-30 14:20:00+05:30,2016-06-30 15:00:00+05:30,8296.4,8290.806988441367,8290.806988441367,8315.975540455212,-5.59,STOP_LOSS
long,2016-07-01 10:30:00+05:30,2016-07-01 13:15:00+05:30,8344.3,8338.702630342024,8338.702630342024,8363.89079380291,-5.6,STOP_LOSS
long,2016-07-04 10:00:00+05:30,2016-07-04 12:20:00+05:30,8375.05,8395.040370238663,8369.338465646095,8395.040370238663,19.99,TAKE_PROFIT
short,2016-07-05 09:45:00+05:30,2016-07-05 11:55:00+05:30,8357.45,8362.47208783386,8362.47208783386,8339.872692581495,-5.02,STOP_LOSS
short,2016-07-05 14:20:00+05:30,2016-07-05 14:30:00+05:30,8329.55,8334.866664365822,8334.866664365822,8310.941674719621,-5.32,STOP_LOSS
long,2016-07-07 14:30:00+05:30,2016-07-07 14:45:00+05:30,8350.75,8346.000424381496,8346.000424381496,8367.373514664761,-4.75,STOP_LOSS
short,2016-07-08 10:10:00+05:30,2016-07-08 10:35:00+05:30,8311.35,8317.26738422276,8317.26738422276,8290.639155220346,-5.92,STOP_LOSS
short,2016-07-08 10:50:00+05:30,2016-07-08 12:30:00+05:30,8308.5,8312.907264583673,8312.907264583673,8293.074573957145,-4.41,STOP_LOSS
long,2016-07-11 10:35:00+05:30,2016-07-11 10:50:00+05:30,8453.4,8448.665382580697,8448.665382580697,8469.971160967561,-4.73,STOP_LOSS
long,2016-07-11 10:55:00+05:30,2016-07-11 12:45:00+05:30,8451.35,8465.312575622607,8447.360692679256,8465.312575622607,13.96,TAKE_PROFIT
long,2016-07-12 09:40:00+05:30,2016-07-12 14:40:00+05:30,8483.95,8504.26903729466,8478.144560772955,8504.26903729466,20.32,TAKE_PROFIT
long,2016-07-13 09:55:00+05:30,2016-07-13 10:00:00+05:30,8528.35,8523.02744538489,8523.02744538489,8546.978941152887,-5.32,STOP_LOSS
long,2016-07-13 10:05:00+05:30,2016-07-13 10:45:00+05:30,8526.25,8519.740170089095,8519.740170089095,8549.03440468817,-6.51,STOP_LOSS
long,2016-07-14 12:50:00+05:30,2016-07-14 15:00:00+05:30,8538.95,8554.299235536137,8534.564504132533,8554.299235536137,15.35,TAKE_PROFIT
long,2016-07-15 09:30:00+05:30,2016-07-15 09:35:00+05:30,8573.95,8566.737696096374,8566.737696096374,8599.193063662695,-7.21,STOP_LOSS
long,2016-07-15 09:45:00+05:30,2016-07-15 10:05:00+05:30,8569.25,8560.66499061444,8560.66499061444,8599.297532849463,-8.59,STOP_LOSS
short,2016-07-15 11:20:00+05:30,2016-07-15 12:50:00+05:30,8528.6,8534.935732406511,8534.935732406511,8506.424936577214,-6.34,STOP_LOSS
long,2016-07-15 13:55:00+05:30,2016-07-15 14:15:00+05:30,8555.0,8549.389022805934,8549.389022805934,8574.638420179235,-5.61,STOP_LOSS
long,2016-07-18 10:00:00+05:30,2016-07-18 13:15:00+05:30,8570.6,8563.84135998616,8563.84135998616,8594.255240048446,-6.76,STOP_LOSS
short,2016-07-18 13:55:00+05:30,2016-07-18 14:45:00+05:30,8552.8,8530.900592366237,8559.056973609646,8530.900592366237,21.9,TAKE_PROFIT
short,2016-07-19 13:55:00+05:30,2016-07-19 14:50:00+05:30,8493.3,8499.272322933712,8499.272322933712,8472.396869732007,-5.97,STOP_LOSS
long,2016-07-20 09:55:00+05:30,2016-07-20 15:15:00+05:30,8549.05,8563.95,8542.12611592167,8573.283594274153,14.9,EOD_EXIT
short,2016-07-21 13:35:00+05:30,2016-07-21 13:50:00+05:30,8537.3,8542.346412678178,8542.346412678178,8519.637555626376,-5.05,STOP_LOSS
short,2016-07-22 09:45:00+05:30,2016-07-22 11:30:00+05:30,8505.85,8514.494703188784,8514.494703188784,8475.593538839259,-8.64,STOP_LOSS
long,2016-07-25 12:00:00+05:30,2016-07-25 13:05:00+05:30,8577.85,8594.661597485965,8573.046686432583,8594.661597485965,16.81,TAKE_PROFIT
long,2016-07-25 14:30:00+05:30,2016-07-25 15:15:00+05:30,8625.1,8637.7,8619.930459098932,8643.193393153739,12.6,EOD_EXIT
long,2016-07-26 09:30:00+05:30,2016-07-26 10:00:00+05:30,8634.1,8627.567467591049,8627.567467591049,8656.96386343133,-6.53,STOP_LOSS
long,2016-07-27 10:25:00+05:30,2016-07-27 10:30:00+05:30,8653.3,8647.276909060303,8647.276909060303,8674.380818288937,-6.02,STOP_LOSS
short,2016-07-27 12:25:00+05:30,2016-07-27 12:35:00+05:30,8587.4,8594.731057229641,8594.731057229641,8561.741299696258,-7.33,STOP_LOSS
long,2016-07-28 10:05:00+05:30,2016-07-28 14:45:00+05:30,8637.35,8631.252080225428,8631.252080225428,8658.692719211005,-6.1,STOP_LOSS
long,2016-08-02 09:45:00+05:30,2016-08-02 12:40:00+05:30,8660.55,8650.048039962998,8650.048039962998,8697.306860129505,-10.5,STOP_LOSS
short,2016-08-03 10:00:00+05:30,2016-08-03 10:10:00+05:30,8582.5,8590.568107655017,8590.568107655017,8554.261623207438,-8.07,STOP_LOSS
short,2016-08-03 11:00:00+05:30,2016-08-03 11:40:00+05:30,8577.2,8551.837937676464,8584.44630352101,8551.837937676464,25.36,TAKE_PROFIT
short,2016-08-03 11:50:00+05:30,2016-08-03 12:40:00+05:30,8562.85,8570.214162517956,8570.214162517956,8537.075431187157,-7.36,STOP_LOSS
short,2016-08-04 09:40:00+05:30,2016-08-04 09:50:00+05:30,8543.9,8556.730900634942,8556.730900634942,8498.991847777701,-12.83,STOP_LOSS
short,2016-08-04 14:35:00+05:30,2016-08-04 14:55:00+05:30,8528.3,8535.304585121019,8535.304585121019,8503.783952076428,-7.0,STOP_LOSS
long,2016-08-05 11:00:00+05:30,2016-08-05 14:10:00+05:30,8638.2,8633.75860731703,8633.75860731703,8653.744874390402,-4.44,STOP_LOSS
long,2016-08-08 10:05:00+05:30,2016-08-08 10:35:00+05:30,8709.35,8702.553853650554,8702.553853650554,8733.136512223064,-6.8,STOP_LOSS
long,2016-08-08 11:00:00+05:30,2016-08-08 11:45:00+05:30,8708.3,8703.684424856398,8703.684424856398,8724.454513002609,-4.62,STOP_LOSS
short,2016-08-09 10:50:00+05:30,2016-08-09 11:30:00+05:30,8691.75,8695.832232524066,8695.832232524066,8677.46218616577,-4.08,STOP_LOSS
short,2016-08-09 12:50:00+05:30,2016-08-09 13:25:00+05:30,8655.0,8660.911854243745,8660.911854243745,8634.308510146895,-5.91,STOP_LOSS
short,2016-08-10 11:15:00+05:30,2016-08-10 13:50:00+05:30,8612.75,8587.302915872146,8620.020595465101,8587.302915872146,25.45,TAKE_PROFIT
short,2016-08-10 14:55:00+05:30,2016-08-10 15:15:00+05:30,8583.4,8573.2,8589.989592883334,8560.336424908328,10.2,EOD_EXIT
short,2016-08-11 13:40:00+05:30,2016-08-11 14:40:00+05:30,8559.15,8565.690253443629,8565.690253443629,8536.259112947298,-6.54,STOP_LOSS
long,2016-08-12 10:45:00+05:30,2016-08-12 11:30:00+05:30,8667.95,8663.099982862073,8663.099982862073,8684.925059982745,-4.85,STOP_LOSS
short,2016-08-16 12:25:00+05:30,2016-08-16 14:30:00+05:30,8624.35,8632.229522371896,8632.229522371896,8596.771671698369,-7.88,STOP_LOSS
short,2016-08-17 13:50:00+05:30,2016-08-17 15:15:00+05:30,8621.75,8623.3,8628.332804471334,8598.710184350326,-1.55,EOD_EXIT
long,2016-08-18 10:00:00+05:30,2016-08-18 10:30:00+05:30,8655.05,8676.36403879942,8648.960274628736,8676.36403879942,21.31,TAKE_PROFIT
long,2016-08-18 11:00:00+05:30,2016-08-18 12:00:00+05:30,8677.05,8671.85334523413,8671.85334523413,8695.23829168054,-5.2,STOP_LOSS
short,2016-08-19 13:35:00+05:30,2016-08-19 14:10:00+05:30,8657.45,8661.899032806628,8661.899032806628,8641.878385176806,-4.45,STOP_LOSS
short,2016-08-22 11:10:00+05:30,2016-08-22 13:25:00+05:30,8629.45,8634.484925845587,8634.484925845587,8611.827759540447,-5.03,STOP_LOSS
short,2016-08-23 13:30:00+05:30,2016-08-23 13:50:00+05:30,8611.9,8595.258074116753,8616.654835966641,8595.258074116753,16.64,TAKE_PROFIT
short,2016-08-23 14:20:00+05:30,2016-08-23 14:25:00+05:30,8598.9,8605.786059425793,8605.786059425793,8574.79879200972,-6.89,STOP_LOSS
long,2016-08-24 09:30:00+05:30,2016-08-24 12:20:00+05:30,8636.5,8629.4513107009,8629.4513107009,8661.170412546846,-7.05,STOP_LOSS
long,2016-08-25 10:00:00+05:30,2016-08-25 10:35:00+05:30,8672.95,8668.080964093111,8668.080964093111,8689.991625674113,-4.87,STOP_LOSS
short,2016-08-25 14:45:00+05:30,2016-08-25 15:10:00+05:30,8615.25,8588.255390178938,8622.96274566316,8588.255390178938,26.99,TAKE_PROFIT
short,2016-08-26 10:40:00+05:30,2016-08-26 14:05:00+05:30,8587.35,8561.172897542758,8594.829172130641,8561.172897542758,26.18,TAKE_PROFIT
short,2016-08-29 10:00:00+05:30,2016-08-29 10:15:00+05:30,8555.7,8563.056813642535,8563.056813642535,8529.951152251127,-7.36,STOP_LOSS
long,2016-08-30 10:50:00+05:30,2016-08-30 11:35:00+05:30,8671.2,8667.245242892901,8667.245242892901,8685.041649874851,-3.95,STOP_LOSS
long,2016-08-30 14:05:00+05:30,2016-08-30 14:20:00+05:30,8709.35,8722.125976629985,8705.699720962863,8722.125976629985,12.78,TAKE_PROFIT
long,2016-08-31 10:15:00+05:30,2016-08-31 10:20:00+05:30,8785.3,8778.618879407104,8778.618879407104,8808.68392207513,-6.68,STOP_LOSS
long,2016-08-31 10:35:00+05:30,2016-08-31 12:10:00+05:30,8780.5,8774.419889180175,8774.419889180175,8801.780387869389,-6.08,STOP_LOSS
long,2016-08-31 14:05:00+05:30,2016-08-31 14:10:00+05:30,8809.45,8804.943344752364,8804.943344752364,8825.22329336673,-4.51,STOP_LOSS
long,2016-08-31 14:25:00+05:30,2016-08-31 15:00:00+05:30,8807.75,8801.971190508093,8801.971190508093,8827.975833221672,-5.78,STOP_LOSS
long,2016-09-01 13:50:00+05:30,2016-09-01 14:00:00+05:30,8800.9,8795.536039921566,8795.536039921566,8819.673860274519,-5.36,STOP_LOSS
long,2016-09-01 14:35:00+05:30,2016-09-01 14:40:00+05:30,8809.0,8803.693748269556,8803.693748269556,8827.571881056554,-5.31,STOP_LOSS
short,2016-09-02 10:00:00+05:30,2016-09-02 10:20:00+05:30,8777.85,8784.681263706829,8784.681263706829,8753.9405770261,-6.83,STOP_LOSS
long,2016-09-06 11:05:00+05:30,2016-09-06 13:00:00+05:30,8894.0,8905.879430411977,8890.60587702515,8905.879430411977,11.88,TAKE_PROFIT
long,2016-09-07 09:35:00+05:30,2016-09-07 14:40:00+05:30,8935.15,8925.5204963641,8925.5204963641,8968.853262725648,-9.63,STOP_LOSS
short,2016-09-08 09:45:00+05:30,2016-09-08 10:25:00+05:30,8911.0,8919.1779998675,8919.1779998675,8882.377000463752,-8.18,STOP_LOSS
short,2016-09-09 10:40:00+05:30,2016-09-09 13:25:00+05:30,8883.25,8891.062904108612,8891.062904108612,8855.904835619855,-7.81,STOP_LOSS
short,2016-09-12 11:00:00+05:30,2016-09-12 11:30:00+05:30,8731.15,8736.315066669673,8736.315066669673,8713.072266656145,-5.17,STOP_LOSS
short,2016-09-12 14:15:00+05:30,2016-09-12 14:35:00+05:30,8724.75,8706.574874025493,8729.942893135574,8706.574874025493,18.18,TAKE_PROFIT
short,2016-09-14 10:55:00+05:30,2016-09-14 11:55:00+05:30,8702.0,8707.4784033384,8707.4784033384,8682.825588315602,-5.48,STOP_LOSS
long,2016-09-15 09:35:00+05:30,2016-09-15 09:55:00+05:30,8735.5,8729.198124335004,8729.198124335004,8757.556564827484,-6.3,STOP_LOSS
long,2016-09-16 10:55:00+05:30,2016-09-16 12:30:00+05:30,8838.5,8833.654079426366,8833.654079426366,8855.460722007718,-4.85,STOP_LOSS
long,2016-09-19 11:05:00+05:30,2016-09-19 12:20:00+05:30,8816.05,8811.381239618417,8811.381239618417,8832.390661335536,-4.67,STOP_LOSS
short,2016-09-20 09:55:00+05:30,2016-09-20 10:25:00+05:30,8782.75,8789.500928930453,8789.500928930453,8759.121748743417,-6.75,STOP_LOSS
short,2016-09-20 10:35:00+05:30,2016-09-20 13:40:00+05:30,8783.7,8767.378866812933,8788.363180910592,8767.378866812933,16.32,TAKE_PROFIT
long,2016-09-21 10:20:00+05:30,2016-09-21 10:45:00+05:30,8799.3,8817.047266419408,8794.229352451597,8817.047266419408,17.75,TAKE_PROFIT
long,2016-09-21 11:15:00+05:30,2016-09-21 12:15:00+05:30,8818.35,8814.412974747675,8814.412974747675,8832.129588383143,-3.94,STOP_LOSS
short,2016-09-21 14:45:00+05:30,2016-09-21 14:50:00+05:30,8777.35,8784.281421434793,8784.281421434793,8753.090024978226,-6.93,STOP_LOSS
long,2016-09-22 10:05:00+05:30,2016-09-22 11:20:00+05:30,8862.3,8853.549686631413,8853.549686631413,8892.92609679005,-8.75,STOP_LOSS
short,2016-09-26 10:00:00+05:30,2016-09-26 12:05:00+05:30,8797.9,8776.52676009693,8804.006639972305,8776.52676009693,21.37,TAKE_PROFIT
short,2016-09-26 14:20:00+05:30,2016-09-26 14:55:00+05:30,8735.0,8739.932086195839,8739.932086195839,8717.737698314566,-4.93,STOP_LOSS
short,2016-09-27 13:50:00+05:30,2016-09-27 14:30:00+05:30,8732.75,8717.590906842164,8737.081169473668,8717.590906842164,15.16,TAKE_PROFIT
long,2016-09-28 14:05:00+05:30,2016-09-28 14:30:00+05:30,8746.15,8761.212243955073,8741.846501727121,8761.212243955073,15.06,TAKE_PROFIT
long,2016-09-28 14:40:00+05:30,2016-09-28 14:45:00+05:30,8753.95,8749.128103577079,8749.128103577079,8770.826637480226,-4.82,STOP_LOSS
long,2016-09-29 09:55:00+05:30,2016-09-29 10:10:00+05:30,8781.45,8774.55739459148,8774.55739459148,8805.57411892982,-6.89,STOP_LOSS
short,2016-09-29 13:50:00+05:30,2016-09-29 14:25:00+05:30,8646.5,8590.085349960247,8662.61847143993,8590.085349960247,56.41,TAKE_PROFIT
short,2016-09-29 14:55:00+05:30,2016-09-29 15:15:00+05:30,8595.8,8592.3,8609.196322319283,8548.912871882507,3.5,EOD_EXIT
short,2016-09-30 09:30:00+05:30,2016-09-30 09:40:00+05:30,8589.0,8605.03938718092,8605.03938718092,8532.862144866784,-16.04,STOP_LOSS
long,2016-10-03 11:35:00+05:30,2016-10-03 12:00:00+05:30,8709.05,8703.168718881041,8703.168718881041,8729.634483916356,-5.88,STOP_LOSS
long,2016-10-03 14:00:00+05:30,2016-10-03 14:05:00+05:30,8725.25,8721.117822393218,8721.117822393218,8739.712621623736,-4.13,STOP_LOSS
long,2016-10-04 09:45:00+05:30,2016-10-04 10:25:00+05:30,8763.55,8756.257690982222,8756.257690982222,8789.073081562221,-7.29,STOP_LOSS
long,2016-10-05 09:30:00+05:30,2016-10-05 09:45:00+05:30,8776.5,8766.609269913857,8766.609269913857,8811.117555301498,-9.89,STOP_LOSS
long,2016-10-06 10:05:00+05:30,2016-10-06 13:25:00+05:30,8765.5,8759.56059458678,8759.56059458678,8786.28791894627,-5.94,STOP_LOSS
short,2016-10-07 09:30:00+05:30,2016-10-07 11:45:00+05:30,8711.45,8680.821234661038,8720.201075811134,8680.821234661038,30.63,TAKE_PROFIT
long,2016-10-10 09:45:00+05:30,2016-10-10 09:55:00+05:30,8722.1,8714.58098551051,8714.58098551051,8748.416550713211,-7.52,STOP_LOSS
short,2016-10-13 10:30:00+05:30,2016-10-13 12:20:00+05:30,8634.95,8609.921290667076,8642.101059809407,8609.921290667076,25.03,TAKE_PROFIT
short,2016-10-13 12:25:00+05:30,2016-10-13 12:45:00+05:30,8614.05,8594.986045445303,8619.496844158484,8594.986045445303,19.06,TAKE_PROFIT
short,2016-10-13 14:30:00+05:30,2016-10-13 15:05:00+05:30,8563.7,8571.362590682178,8571.362590682178,8536.880932612381,-7.66,STOP_LOSS
short,2016-10-17 13:15:00+05:30,2016-10-17 14:55:00+05:30,8534.7,8509.541963580232,8541.88801040565,8509.541963580232,25.16,TAKE_PROFIT
long,2016-10-18 10:30:00+05:30,2016-10-18 10:35:00+05:30,8585.6,8580.527892702316,8580.527892702316,8603.352375541897,-5.07,STOP_LOSS
long,2016-10-18 10:50:00+05:30,2016-10-18 12:35:00+05:30,8578.35,8596.710227858808,8573.104220611769,8596.710227858808,18.36,TAKE_PROFIT
long,2016-10-19 09:30:00+05:30,2016-10-19 10:20:00+05:30,8670.7,8662.751976081976,8662.751976081976,8698.518083713085,-7.95,STOP_LOSS
long,2016-10-20 10:15:00+05:30,2016-10-20 10:25:00+05:30,8715.15,8709.51409482473,8709.51409482473,8734.87566811344,-5.64,STOP_LOSS
long,2016-10-20 10:30:00+05:30,2016-10-20 10:35:00+05:30,8710.9,8705.488790023684,8705.488790023684,8729.839234917104,-5.41,STOP_LOSS
long,2016-10-20 10:50:00+05:30,2016-10-20 11:45:00+05:30,8709.55,8704.458078654152,8704.458078654152,8727.371724710467,-5.09,STOP_LOSS
short,2016-10-21 10:30:00+05:30,2016-10-21 13:40:00+05:30,8668.55,8673.499221292292,8673.499221292292,8651.227725476976,-4.95,STOP_LOSS
long,2016-10-24 09:45:00+05:30,2016-10-24 13:30:00+05:30,8699.3,8727.501957809218,8691.242297768795,8727.501957809218,28.2,TAKE_PROFIT
long,2016-10-24 14:00:00+05:30,2016-10-24 14:30:00+05:30,8731.0,8727.143872805196,8727.143872805196,8744.49644518181,-3.86,STOP_LOSS
short,2016-10-25 10:35:00+05:30,2016-10-25 11:15:00+05:30,8675.7,8681.06569874127,8681.06569874127,8656.92005440556,-5.37,STOP_LOSS
short,2016-10-26 10:35:00+05:30,2016-10-26 10:55:00+05:30,8634.0,8638.700014411497,8638.700014411497,8617.549949559758,-4.7,STOP_LOSS
short,2016-10-26 11:00:00+05:30,2016-10-26 12:50:00+05:30,8636.3,8621.38844444035,8640.560444445613,8621.38844444035,14.91,TAKE_PROFIT
short,2016-10-27 10:20:00+05:30,2016-10-27 12:00:00+05:30,8578.0,8554.851384282554,8584.613890204984,8554.851384282554,23.15,TAKE_PROFIT
long,2016-10-28 10:50:00+05:30,2016-10-28 12:35:00+05:30,8635.5,8629.522598017118,8629.522598017118,8656.420906940084,-5.98,STOP_LOSS
long,2016-11-01 13:35:00+05:30,2016-11-01 14:15:00+05:30,8661.55,8658.004921160662,8658.004921160662,8673.95777593768,-3.55,STOP_LOSS
short,2016-11-02 10:20:00+05:30,2016-11-02 11:55:00+05:30,8545.75,8522.407929787749,8552.419162917786,8522.407929787749,23.34,TAKE_PROFIT
short,2016-11-03 13:45:00+05:30,2016-11-03 15:15:00+05:30,8509.3,8484.082181345762,8516.505091044068,8484.082181345762,25.22,TAKE_PROFIT
short,2016-11-04 09:40:00+05:30,2016-11-04 10:55:00+05:30,8487.25,8451.336326016897,8497.511049709457,8451.336326016897,35.91,TAKE_PROFIT
short,2016-11-04 11:05:00+05:30,2016-11-04 11:50:00+05:30,8454.55,8461.671998320033,8461.671998320033,8429.623005879881,-7.12,STOP_LOSS
short,2016-11-04 14:40:00+05:30,2016-11-04 15:00:00+05:30,8416.4,8424.481308882994,8424.481308882994,8388.11541890952,-8.08,STOP_LOSS
long,2016-11-07 10:50:00+05:30,2016-11-07 11:40:00+05:30,8519.25,8513.321643553021,8513.321643553021,8539.999247564427,-5.93,STOP_LOSS
long,2016-11-07 13:35:00+05:30,2016-11-07 14:00:00+05:30,8524.55,8518.878778330978,8518.878778330978,8544.399275841575,-5.67,STOP_LOSS
long,2016-11-08 14:35:00+05:30,2016-11-08 15:05:00+05:30,8509.0,8528.963344868303,8503.296187180484,8528.963344868303,19.96,TAKE_PROFIT
short,2016-11-09 11:35:00+05:30,2016-11-09 11:40:00+05:30,8231.15,8246.21144724042,8246.21144724042,8178.434934658529,-15.06,STOP_LOSS
long,2016-11-09 14:40:00+05:30,2016-11-09 14:50:00+05:30,8437.1,8418.770358428696,8418.770358428696,8501.253745499567,-18.33,STOP_LOSS
long,2016-11-10 11:30:00+05:30,2016-11-10 13:00:00+05:30,8582.45,8574.550334150545,8574.550334150545,8610.098830473096,-7.9,STOP_LOSS
short,2016-11-11 10:55:00+05:30,2016-11-11 12:30:00+05:30,8393.15,8362.657821152226,8401.862051099364,8362.657821152226,30.49,TAKE_PROFIT
short,2016-11-11 12:35:00+05:30,2016-11-11 13:10:00+05:30,8374.45,8382.375801598972,8382.375801598972,8346.709694403604,-7.93,STOP_LOSS
short,2016-11-15 10:45:00+05:30,2016-11-15 10:50:00+05:30,8174.2,8187.494234515756,8187.494234515756,8127.670179194853,-13.29,STOP_LOSS
short,2016-11-15 11:05:00+05:30,2016-11-15 11:30:00+05:30,8182.75,8143.970224207095,8193.82993594083,8143.970224207095,38.78,TAKE_PROFIT
short,2016-11-15 11:50:00+05:30,2016-11-15 12:10:00+05:30,8153.7,8167.42155138507,8167.42155138507,8105.674570152253,-13.72,STOP_LOSS
short,2016-11-15 12:30:00+05:30,2016-11-15 13:35:00+05:30,8156.6,8167.270733566111,8167.270733566111,8119.252432518614,-10.67,STOP_LOSS
short,2016-11-16 09:50:00+05:30,2016-11-16 10:25:00+05:30,8127.7,8142.878230401942,8142.878230401942,8074.576193593201,-15.18,STOP_LOSS
short,2016-11-17 10:25:00+05:30,2016-11-17 11:05:00+05:30,8108.6,8119.60609896497,8119.60609896497,8070.078653622605,-11.01,STOP_LOSS
short,2016-11-18 09:55:00+05:30,2016-11-18 10:40:00+05:30,8073.5,8083.596636946179,8083.596636946179,8038.161770688372,-10.1,STOP_LOSS
long,2016-11-18 13:00:00+05:30,2016-11-18 13:40:00+05:30,8106.7,8100.718061318898,8100.718061318898,8127.636785383854,-5.98,STOP_LOSS
short,2016-11-18 14:45:00+05:30,2016-11-18 15:15:00+05:30,8078.65,8078.05,8086.990866229194,8049.456968197819,0.6,EOD_EXIT
short,2016-11-21 11:30:00+05:30,2016-11-21 13:10:00+05:30,7966.1,7975.274182362329,7975.274182362329,7933.99036173185,-9.17,STOP_LOSS
short,2016-11-21 14:40:00+05:30,2016-11-21 15:15:00+05:30,7946.85,7931.2,7956.077561880538,7914.553533418118,15.65,EOD_EXIT
long,2016-11-23 09:35:00+05:30,2016-11-23 09:45:00+05:30,8012.85,8002.0350627414855,8002.0350627414855,8050.702280404803,-10.81,STOP_LOSS
long,2016-11-23 11:45:00+05:30,2016-11-23 12:10:00+05:30,8015.5,8009.604552564291,8009.604552564291,8036.134066024981,-5.9,STOP_LOSS
short,2016-11-24 09:50:00+05:30,2016-11-24 11:50:00+05:30,7995.05,8003.09499557165,8003.09499557165,7966.892515499226,-8.04,STOP_LOSS
short,2016-11-24 13:30:00+05:30,2016-11-24 14:05:00+05:30,7977.45,7984.328497768526,7984.328497768526,7953.375257810157,-6.88,STOP_LOSS
long,2016-11-24 14:50:00+05:30,2016-11-24 15:00:00+05:30,8005.85,7998.043079150124,7998.043079150124,8033.174222974568,-7.81,STOP_LOSS
long,2016-11-25 10:20:00+05:30,2016-11-25 10:50:00+05:30,8016.0,8045.983469494697,8007.433294430087,8045.983469494697,29.98,TAKE_PROFIT
long,2016-11-25 12:00:00+05:30,2016-11-25 12:20:00+05:30,8056.65,8076.420895240824,8051.001172788336,8076.420895240824,19.77,TAKE_PROFIT
long,2016-11-25 12:35:00+05:30,2016-11-25 13:40:00+05:30,8063.3,8086.776232948217,8056.592504871938,8086.776232948217,23.48,TAKE_PROFIT
long,2016-11-25 14:20:00+05:30,2016-11-25 15:00:00+05:30,8087.7,8106.795856383189,8082.244041033375,8106.795856383189,19.1,TAKE_PROFIT
long,2016-11-28 11:55:00+05:30,2016-11-28 13:25:00+05:30,8129.1,8123.919373874428,8123.919373874428,8147.232191439504,-5.18,STOP_LOSS
long,2016-11-29 10:05:00+05:30,2016-11-29 10:20:00+05:30,8162.35,8188.6013992007065,8154.84960022837,8188.6013992007065,26.25,TAKE_PROFIT
long,2016-11-29 10:50:00+05:30,2016-11-29 13:55:00+05:30,8184.7,8178.232168983102,8178.232168983102,8207.33740855914,-6.47,STOP_LOSS
short,2016-11-30 09:35:00+05:30,2016-11-30 09:45:00+05:30,8147.65,8156.9079556354845,8156.9079556354845,8115.2471552758025,-9.26,STOP_LOSS
long,2016-11-30 10:55:00+05:30,2016-11-30 11:30:00+05:30,8181.8,8176.895472931127,8176.895472931127,8198.965844741055,-4.9,STOP_LOSS
short,2016-12-02 10:00:00+05:30,2016-12-02 10:30:00+05:30,8144.35,8117.704477793642,8151.963006344674,8117.704477793642,26.65,TAKE_PROFIT
short,2016-12-02 11:05:00+05:30,2016-12-02 13:20:00+05:30,8120.6,8125.840420630317,8125.840420630317,8102.258527793892,-5.24,STOP_LOSS
short,2016-12-05 10:25:00+05:30,2016-12-05 13:35:00+05:30,8082.35,8088.884255521572,8088.884255521572,8059.480105674499,-6.53,STOP_LOSS
long,2016-12-05 14:45:00+05:30,2016-12-05 15:15:00+05:30,8121.6,8132.85,8114.733776525337,8145.631782161323,11.25,EOD_EXIT
long,2016-12-06 10:05:00+05:30,2016-12-06 10:30:00+05:30,8161.45,8154.352816996641,8154.352816996641,8186.290140511754,-7.1,STOP_LOSS
long,2016-12-06 10:35:00+05:30,2016-12-06 13:15:00+05:30,8159.5,8154.029102044861,8154.029102044861,8178.648142842987,-5.47,STOP_LOSS
long,2016-12-07 13:40:00+05:30,2016-12-07 14:30:00+05:30,8181.7,8177.028923928392,8177.028923928392,8198.04876625063,-4.67,STOP_LOSS
long,2016-12-08 10:35:00+05:30,2016-12-08 13:25:00+05:30,8213.0,8233.569273686226,8207.123064661078,8233.569273686226,20.57,TAKE_PROFIT
long,2016-12-08 14:20:00+05:30,2016-12-08 15:15:00+05:30,8240.3,8244.7,8235.677267178824,8256.479564874113,4.4,EOD_EXIT
long,2016-12-09 09:35:00+05:30,2016-12-09 09:40:00+05:30,8254.4,8247.28991692038,8247.28991692038,8279.285290778671,-7.11,STOP_LOSS
short,2016-12-12 10:35:00+05:30,2016-12-12 13:50:00+05:30,8207.8,8188.222195711794,8213.393658368059,8188.222195711794,19.58,TAKE_PROFIT
long,2016-12-13 14:35:00+05:30,2016-12-13 14:55:00+05:30,8203.35,8221.318777306828,8198.216063626622,8221.318777306828,17.97,TAKE_PROFIT
short,2016-12-14 13:30:00+05:30,2016-12-14 13:35:00+05:30,8184.5,8190.124133927587,8190.124133927587,8164.815531253445,-5.62,STOP_LOSS
long,2016-12-14 14:40:00+05:30,2016-12-14 14:45:00+05:30,8208.3,8202.677473000756,8202.677473000756,8227.978844497347,-5.62,STOP_LOSS
long,2016-12-15 10:30:00+05:30,2016-12-15 10:45:00+05:30,8215.0,8207.178224679217,8207.178224679217,8242.376213622743,-7.82,STOP_LOSS
short,2016-12-15 12:15:00+05:30,2016-12-15 12:25:00+05:30,8169.35,8175.972193722529,8175.972193722529,8146.172321971152,-6.62,STOP_LOSS
short,2016-12-16 09:30:00+05:30,2016-12-16 15:15:00+05:30,8154.8,8141.85,8163.023975141574,8126.016087004493,12.95,EOD_EXIT
short,2016-12-19 10:05:00+05:30,2016-12-19 10:40:00+05:30,8116.35,8122.04279801361,8122.04279801361,8096.425206952367,-5.69,STOP_LOSS
short,2016-12-20 13:30:00+05:30,2016-12-20 14:25:00+05:30,8076.25,8079.911367724553,8079.911367724553,8063.435212964066,-3.66,STOP_LOSS
short,2016-12-22 11:00:00+05:30,2016-12-22 11:35:00+05:30,8000.65,7984.522530022466,8005.257848565009,7984.522530022466,16.13,TAKE_PROFIT
short,2016-12-22 11:45:00+05:30,2016-12-22 12:45:00+05:30,7993.45,7977.83777792873,7997.910634877505,7977.83777792873,15.61,TAKE_PROFIT
short,2016-12-22 13:35:00+05:30,2016-12-22 13:45:00+05:30,7974.35,7978.744918100895,7978.744918100895,7958.967786646867,-4.39,STOP_LOSS
short,2016-12-23 10:30:00+05:30,2016-12-23 10:55:00+05:30,7948.35,7953.329853194436,7953.329853194436,7930.920513819477,-4.98,STOP_LOSS
long,2016-12-23 13:40:00+05:30,2016-12-23 14:10:00+05:30,8005.4,7998.524046633968,7998.524046633968,8029.465836781109,-6.88,STOP_LOSS
short,2016-12-26 09:55:00+05:30,2016-12-26 15:15:00+05:30,7923.25,7910.05,7933.661745416188,7886.808891043342,13.2,EOD_EXIT
long,2016-12-27 11:25:00+05:30,2016-12-27 13:35:00+05:30,7944.6,7961.743181802203,7939.701948056514,7961.743181802203,17.14,TAKE_PROFIT
long,2016-12-28 09:30:00+05:30,2016-12-28 09:55:00+05:30,8033.95,8065.795557966184,8024.851269152518,8065.795557966184,31.85,TAKE_PROFIT
long,2016-12-28 10:20:00+05:30,2016-12-28 12:05:00+05:30,8060.55,8084.5200677388675,8053.701409217467,8084.5200677388675,23.97,TAKE_PROFIT
long,2016-12-28 12:25:00+05:30,2016-12-28 12:30:00+05:30,8078.35,8074.174818395913,8074.174818395913,8092.963135614309,-4.18,STOP_LOSS
long,2016-12-28 13:35:00+05:30,2016-12-28 14:05:00+05:30,8088.1,8083.331545397197,8083.331545397197,8104.789591109809,-4.77,STOP_LOSS
long,2016-12-29 14:25:00+05:30,2016-12-29 14:55:00+05:30,8066.3,8083.276294271194,8061.449630208231,8083.276294271194,16.98,TAKE_PROFIT
long,2016-12-30 10:15:00+05:30,2016-12-30 13:10:00+05:30,8158.45,8178.923130507496,8152.600534140715,8178.923130507496,20.47,TAKE_PROFIT
short,2017-01-02 11:05:00+05:30,2017-01-02 11:40:00+05:30,8147.75,8152.801746261889,8152.801746261889,8130.068888083387,-5.05,STOP_LOSS
long,2017-01-02 14:20:00+05:30,2017-01-02 15:00:00+05:30,8184.25,8178.861898191438,8178.861898191438,8203.108356329967,-5.39,STOP_LOSS
short,2017-01-03 09:45:00+05:30,2017-01-03 09:50:00+05:30,8160.55,8167.943434421064,8167.943434421064,8134.672979526275,-7.39,STOP_LOSS
long,2017-01-03 11:40:00+05:30,2017-01-03 11:45:00+05:30,8204.7,8200.041601498777,8200.041601498777,8221.004394754282,-4.66,STOP_LOSS
long,2017-01-05 10:10:00+05:30,2017-01-05 11:50:00+05:30,8242.15,8260.745969915875,8236.836865738322,8260.745969915875,18.6,TAKE_PROFIT
long,2017-01-05 14:05:00+05:30,2017-01-05 14:10:00+05:30,8271.0,8267.16608165474,8267.16608165474,8284.418714208414,-3.83,STOP_LOSS
long,2017-01-06 09:45:00+05:30,2017-01-06 10:30:00+05:30,8292.45,8286.710771052738,8286.710771052738,8312.537301315422,-5.74,STOP_LOSS
short,2017-01-09 09:45:00+05:30,2017-01-09 14:05:00+05:30,8244.85,8252.646760630196,8252.646760630196,8217.56133779432,-7.8,STOP_LOSS
long,2017-01-10 10:15:00+05:30,2017-01-10 11:00:00+05:30,8270.1,8265.00967336189,8265.00967336189,8287.916143233386,-5.09,STOP_LOSS
long,2017-01-10 13:50:00+05:30,2017-01-10 13:55:00+05:30,8282.65,8279.086911752624,8279.086911752624,8295.120808865817,-3.56,STOP_LOSS
long,2017-01-11 10:15:00+05:30,2017-01-11 10:25:00+05:30,8337.85,8333.246798077918,8333.246798077918,8353.961206727286,-4.6,STOP_LOSS
long,2017-01-11 10:35:00+05:30,2017-01-11 12:25:00+05:30,8332.8,8347.247272352355,8328.672207899326,8347.247272352355,14.45,TAKE_PROFIT
long,2017-01-11 14:25:00+05:30,2017-01-11 15:15:00+05:30,8377.0,8379.25,8373.068684794702,8390.759603218545,2.25,EOD_EXIT
long,2017-01-12 10:25:00+05:30,2017-01-12 14:25:00+05:30,8398.35,8392.140553420264,8392.140553420264,8420.08306302908,-6.21,STOP_LOSS
long,2017-01-16 10:45:00+05:30,2017-01-16 15:15:00+05:30,8403.9,8412.8,8397.944317758112,8424.744887846602,8.9,EOD_EXIT
long,2017-01-17 09:55:00+05:30,2017-01-17 10:05:00+05:30,8433.15,8428.055429760612,8428.055429760612,8450.980995837854,-5.09,STOP_LOSS
short,2017-01-17 10:55:00+05:30,2017-01-17 12:05:00+05:30,8409.45,8391.17304255507,8414.67198784141,8391.17304255507,18.28,TAKE_PROFIT
long,2017-01-18 10:35:00+05:30,2017-01-18 10:55:00+05:30,8453.15,8448.8645321836,8448.8645321836,8468.149137357404,-4.29,STOP_LOSS
short,2017-01-18 14:05:00+05:30,2017-01-18 15:00:00+05:30,8411.95,8416.737141821503,8416.737141821503,8395.195003624747,-4.79,STOP_LOSS
short,2017-01-20 10:05:00+05:30,2017-01-20 12:55:00+05:30,8411.6,8393.816584659766,8416.680975811496,8393.816584659766,17.78,TAKE_PROFIT
short,2017-01-20 14:45:00+05:30,2017-01-20 15:15:00+05:30,8352.5,8348.25,8357.509162657889,8334.96793069739,4.25,EOD_EXIT
long,2017-01-23 11:15:00+05:30,2017-01-23 11:45:00+05:30,8391.7,8387.225981904738,8387.225981904738,8407.35906333342,-4.47,STOP_LOSS
short,2017-01-23 13:50:00+05:30,2017-01-23 14:05:00+05:30,8358.0,8363.271373079344,8363.271373079344,8339.550194222298,-5.27,STOP_LOSS
long,2017-01-24 10:30:00+05:30,2017-01-24 13:45:00+05:30,8429.65,8443.559003181044,8425.675999091129,8443.559003181044,13.91,TAKE_PROFIT
long,2017-01-25 10:10:00+05:30,2017-01-25 12:10:00+05:30,8507.55,8527.485225758008,8501.854221211997,8527.485225758008,19.94,TAKE_PROFIT
long,2017-01-25 13:55:00+05:30,2017-01-25 14:35:00+05:30,8550.85,8563.717971614027,8547.173436681707,8563.717971614027,12.87,TAKE_PROFIT
long,2017-01-27 10:55:00+05:30,2017-01-27 12:20:00+05:30,8660.95,8655.791342028479,8655.791342028479,8679.00530290033,-5.16,STOP_LOSS
long,2017-01-30 13:55:00+05:30,2017-01-30 14:05:00+05:30,8649.7,8644.761267245516,8644.761267245516,8666.985564640696,-4.94,STOP_LOSS
short,2017-01-31 09:50:00+05:30,2017-01-31 10:05:00+05:30,8599.05,8607.094225910765,8607.094225910765,8570.895209312317,-8.04,STOP_LOSS
short,2017-01-31 10:10:00+05:30,2017-01-31 11:30:00+05:30,8604.2,8578.811630087292,8611.45381997506,8578.811630087292,25.39,TAKE_PROFIT
short,2017-01-31 12:40:00+05:30,2017-01-31 12:55:00+05:30,8569.15,8575.237421687436,8575.237421687436,8547.84402409397,-6.09,STOP_LOSS
short,2017-02-01 09:40:00+05:30,2017-02-01 11:20:00+05:30,8564.95,8572.454943993744,8572.454943993744,8538.682696021902,-7.5,STOP_LOSS
long,2017-02-02 09:55:00+05:30,2017-02-02 11:15:00+05:30,8713.25,8705.12093293327,8705.12093293327,8741.701734733551,-8.13,STOP_LOSS
long,2017-02-06 10:10:00+05:30,2017-02-06 13:30:00+05:30,8793.85,8787.337025961948,8787.337025961948,8816.645409133182,-6.51,STOP_LOSS
long,2017-02-09 09:55:00+05:30,2017-02-09 10:05:00+05:30,8802.0,8794.858400476049,8794.858400476049,8826.995598333831,-7.14,STOP_LOSS
short,2017-02-09 11:05:00+05:30,2017-02-09 12:20:00+05:30,8747.75,8755.003259194427,8755.003259194427,8722.363592819505,-7.25,STOP_LOSS
long,2017-02-09 14:00:00+05:30,2017-02-09 14:10:00+05:30,8773.35,8767.717921122266,8767.717921122266,8793.062276072067,-5.63,STOP_LOSS
long,2017-02-10 09:55:00+05:30,2017-02-10 13:40:00+05:30,8794.0,8786.979204596086,8786.979204596086,8818.5727839137,-7.02,STOP_LOSS
short,2017-02-13 12:35:00+05:30,2017-02-13 13:25:00+05:30,8768.9,8773.92832241905,8773.92832241905,8751.300871533327,-5.03,STOP_LOSS
short,2017-02-15 10:20:00+05:30,2017-02-15 11:10:00+05:30,8784.35,8765.481864883435,8789.740895747591,8765.481864883435,18.87,TAKE_PROFIT
short,2017-02-15 12:45:00+05:30,2017-02-15 14:10:00+05:30,8734.8,8741.223008928026,8741.223008928026,8712.319468751904,-6.42,STOP_LOSS
long,2017-02-16 12:20:00+05:30,2017-02-16 12:25:00+05:30,8767.95,8763.328997068056,8763.328997068056,8784.123510261805,-4.62,STOP_LOSS
long,2017-02-16 14:00:00+05:30,2017-02-16 15:15:00+05:30,8770.85,8772.9,8765.939484789733,8788.036803235938,2.05,EOD_EXIT
long,2017-02-17 09:50:00+05:30,2017-02-17 15:15:00+05:30,8816.45,8820.8,8804.444021659005,8858.470924193487,4.35,EOD_EXIT
long,2017-02-20 14:35:00+05:30,2017-02-20 15:15:00+05:30,8861.25,8871.3,8857.313549747401,8875.027575884094,10.05,EOD_EXIT
long,2017-02-22 09:50:00+05:30,2017-02-22 12:00:00+05:30,8924.95,8948.741781233184,8918.152348219091,8948.741781233184,23.79,TAKE_PROFIT
long,2017-02-23 10:00:00+05:30,2017-02-23 12:50:00+05:30,8945.2,8967.26574322002,8938.895501937139,8967.26574322002,22.07,TAKE_PROFIT
short,2017-02-27 09:30:00+05:30,2017-02-27 14:30:00+05:30,8943.75,8913.213834120432,8952.474618822735,8913.213834120432,30.54,TAKE_PROFIT
short,2017-02-28 13:45:00+05:30,2017-02-28 13:55:00+05:30,8879.0,8883.246148173666,8883.246148173666,8864.138481392169,-4.25,STOP_LOSS
long,2017-03-01 10:05:00+05:30,2017-03-01 14:40:00+05:30,8928.85,8953.012382217712,8921.946462223512,8953.012382217712,24.16,TAKE_PROFIT
long,2017-03-02 10:20:00+05:30,2017-03-02 11:45:00+05:30,8981.3,8975.888611435446,8975.888611435446,9000.239859975933,-5.41,STOP_LOSS
short,2017-03-03 10:20:00+05:30,2017-03-03 14:10:00+05:30,8875.5,8883.117310237069,8883.117310237069,8848.839414170257,-7.62,STOP_LOSS
long,2017-03-06 11:05:00+05:30,2017-03-06 11:20:00+05:30,8960.4,8956.474646835528,8956.474646835528,8974.138736075654,-3.93,STOP_LOSS
short,2017-03-08 12:00:00+05:30,2017-03-08 12:55:00+05:30,8903.25,8908.339124262588,8908.339124262588,8885.438065080943,-5.09,STOP_LOSS
long,2017-03-10 09:35:00+05:30,2017-03-10 10:30:00+05:30,8947.7,8939.653662087798,8939.653662087798,8975.862182692714,-8.05,STOP_LOSS
short,2017-03-10 14:30:00+05:30,2017-03-10 14:50:00+05:30,8918.1,8923.837618282416,8923.837618282416,8898.018336011546,-5.74,STOP_LOSS
long,2017-03-14 10:50:00+05:30,2017-03-14 12:50:00+05:30,9079.85,9074.376269724626,9074.376269724626,9099.008055963812,-5.47,STOP_LOSS
long,2017-03-15 10:25:00+05:30,2017-03-15 10:50:00+05:30,9098.65,9093.986429173845,9093.986429173845,9114.972497891542,-4.66,STOP_LOSS
long,2017-03-16 10:10:00+05:30,2017-03-16 11:10:00+05:30,9141.55,9135.42764031379,9135.42764031379,9162.978258901729,-6.12,STOP_LOSS
long,2017-03-17 10:10:00+05:30,2017-03-17 10:30:00+05:30,9175.85,9169.887273502405,9169.887273502405,9196.719542741585,-5.96,STOP_LOSS
short,2017-03-20 09:55:00+05:30,2017-03-20 11:20:00+05:30,9136.8,9118.294076901242,9142.087406599645,9118.294076901242,18.51,TAKE_PROFIT
long,2017-03-21 09:35:00+05:30,2017-03-21 10:10:00+05:30,9136.05,9130.441479798212,9130.441479798212,9155.679820706255,-5.61,STOP_LOSS
short,2017-03-22 11:05:00+05:30,2017-03-22 11:30:00+05:30,9042.5,9046.347414600008,9046.347414600008,9029.034048899972,-3.85,STOP_LOSS
long,2017-03-23 11:05:00+05:30,2017-03-23 12:50:00+05:30,9066.15,9062.335369027789,9062.335369027789,9079.501208402735,-3.81,STOP_LOSS
long,2017-03-24 10:30:00+05:30,2017-03-24 10:50:00+05:30,9122.2,9117.803285311624,9117.803285311624,9137.588501409318,-4.4,STOP_LOSS
long,2017-03-24 11:00:00+05:30,2017-03-24 11:20:00+05:30,9120.35,9116.760202624677,9116.760202624677,9132.914290813631,-3.59,STOP_LOSS
short,2017-03-27 10:50:00+05:30,2017-03-27 11:45:00+05:30,9057.55,9040.81402617667,9062.331706806664,9040.81402617667,16.74,TAKE_PROFIT
short,2017-03-27 12:45:00+05:30,2017-03-27 12:55:00+05:30,9033.2,9037.40819748028,9037.40819748028,9018.471308819027,-4.21,STOP_LOSS
long,2017-03-28 10:15:00+05:30,2017-03-28 10:40:00+05:30,9091.15,9106.11291341939,9086.874881880174,9106.11291341939,14.96,TAKE_PROFIT
long,2017-03-28 11:00:00+05:30,2017-03-28 13:15:00+05:30,9102.1,9098.140124399239,9098.140124399239,9115.959564602668,-3.96,STOP_LOSS
long,2017-03-29 09:35:00+05:30,2017-03-29 11:25:00+05:30,9110.3,9130.886878475785,9104.418034721204,9130.886878475785,20.59,TAKE_PROFIT
long,2017-03-30 10:20:00+05:30,2017-03-30 10:45:00+05:30,9165.1,9161.265739723229,9161.265739723229,9178.5199109687,-3.83,STOP_LOSS
long,2017-03-31 14:45:00+05:30,2017-03-31 15:05:00+05:30,9184.15,9178.437263175863,9178.437263175863,9204.144578884478,-5.71,STOP_LOSS
long,2017-04-03 10:15:00+05:30,2017-04-03 13:00:00+05:30,9200.4,9218.894178266797,9195.115949066629,9218.894178266797,18.49,TAKE_PROFIT
long,2017-04-03 13:30:00+05:30,2017-04-03 14:05:00+05:30,9221.2,9230.255550759086,9218.61269978312,9230.255550759086,9.06,TAKE_PROFIT
short,2017-04-06 09:55:00+05:30,2017-04-06 14:35:00+05:30,9240.9,9246.786115718514,9246.786115718514,9220.298594985195,-5.89,STOP_LOSS
long,2017-04-06 14:55:00+05:30,2017-04-06 15:15:00+05:30,9242.3,9266.45,9235.35415899607,9266.610443513755,24.15,EOD_EXIT
short,2017-04-10 09:30:00+05:30,2017-04-10 10:00:00+05:30,9207.4,9215.119808795072,9215.119808795072,9180.380669217242,-7.72,STOP_LOSS
short,2017-04-10 13:20:00+05:30,2017-04-10 14:10:00+05:30,9185.1,9189.462424566245,9189.462424566245,9169.831514018146,-4.36,STOP_LOSS
short,2017-04-12 10:30:00+05:30,2017-04-12 12:20:00+05:30,9189.1,9196.276430361359,9196.276430361359,9163.98249373525,-7.18,STOP_LOSS
long,2017-04-12 13:35:00+05:30,2017-04-12 14:00:00+05:30,9215.85,9210.997174100245,9210.997174100245,9232.834890649145,-4.85,STOP_LOSS
short,2017-04-17 09:55:00+05:30,2017-04-17 10:15:00+05:30,9137.25,9144.288650194718,9144.288650194718,9112.614724318486,-7.04,STOP_LOSS
long,2017-04-18 10:45:00+05:30,2017-04-18 11:05:00+05:30,9213.95,9210.083143940843,9210.083143940843,9227.483996207053,-3.87,STOP_LOSS
long,2017-04-18 11:10:00+05:30,2017-04-18 11:50:00+05:30,9210.45,9206.951634420711,9206.951634420711,9222.694279527514,-3.5,STOP_LOSS
short,2017-04-18 14:05:00+05:30,2017-04-18 14:35:00+05:30,9167.4,9147.87180479291,9172.979484344882,9147.87180479291,19.53,TAKE_PROFIT
short,2017-04-19 09:30:00+05:30,2017-04-19 15:15:00+05:30,9108.25,9103.9,9118.609283196753,9071.992508811367,4.35,EOD_EXIT
long,2017-04-20 09:40:00+05:30,2017-04-20 12:05:00+05:30,9115.0,9139.852258545257,9107.899354701356,9139.852258545257,24.85,TAKE_PROFIT
long,2017-04-21 10:05:00+05:30,2017-04-21 10:25:00+05:30,9158.5,9152.482028045368,9152.482028045368,9179.562901841213,-6.02,STOP_LOSS
short,2017-04-21 13:35:00+05:30,2017-04-21 14:55:00+05:30,9113.4,9119.697316160908,9119.697316160908,9091.359393436824,-6.3,STOP_LOSS
long,2017-04-24 10:25:00+05:30,2017-04-24 11:50:00+05:30,9157.2,9174.834791419655,9152.161488165813,9174.834791419655,17.63,TAKE_PROFIT
long,2017-04-24 13:00:00+05:30,2017-04-24 13:20:00+05:30,9193.25,9206.410379468107,9189.48989158054,9206.410379468107,13.16,TAKE_PROFIT
long,2017-04-24 13:55:00+05:30,2017-04-24 14:25:00+05:30,9211.2,9207.46404666215,9207.46404666215,9224.275836682482,-3.74,STOP_LOSS
long,2017-04-25 10:25:00+05:30,2017-04-25 11:30:00+05:30,9257.9,9275.262456032766,9252.939298276351,9275.262456032766,17.36,TAKE_PROFIT
long,2017-04-25 14:45:00+05:30,2017-04-25 15:15:00+05:30,9296.3,9307.85,9292.3739187117,9310.041284509047,11.55,EOD_EXIT
long,2017-04-26 10:50:00+05:30,2017-04-26 12:55:00+05:30,9348.75,9343.704577799132,9343.704577799132,9366.408977703037,-5.05,STOP_LOSS
long,2017-04-27 13:55:00+05:30,2017-04-27 14:25:00+05:30,9357.2,9352.348802267807,9352.348802267807,9374.179192062682,-4.85,STOP_LOSS
short,2017-04-28 10:25:00+05:30,2017-04-28 13:35:00+05:30,9304.35,9309.970437225638,9309.970437225638,9284.678469710268,-5.62,STOP_LOSS
long,2017-05-02 10:15:00+05:30,2017-05-02 10:30:00+05:30,9340.95,9335.964825362562,9335.964825362562,9358.398111231036,-4.99,STOP_LOSS
short,2017-05-02 11:45:00+05:30,2017-05-02 12:15:00+05:30,9289.5,9296.230285968306,9296.230285968306,9265.943999110932,-6.73,STOP_LOSS
long,2017-05-02 13:40:00+05:30,2017-05-02 13:50:00+05:30,9314.45,9309.905752560051,9309.905752560051,9330.354866039828,-4.54,STOP_LOSS
long,2017-05-03 09:40:00+05:30,2017-05-03 09:45:00+05:30,9326.35,9319.951793592369,9319.951793592369,9348.743722426709,-6.4,STOP_LOSS
long,2017-05-03 10:05:00+05:30,2017-05-03 11:15:00+05:30,9327.4,9321.34655999775,9321.34655999775,9348.587040007875,-6.05,STOP_LOSS
long,2017-05-04 10:05:00+05:30,2017-05-04 11:40:00+05:30,9345.6,9339.603489748366,9339.603489748366,9366.587785880723,-6.0,STOP_LOSS
long,2017-05-04 14:15:00+05:30,2017-05-04 15:15:00+05:30,9354.3,9362.25,9350.226358863103,9368.557743979138,7.95,EOD_EXIT
short,2017-05-05 10:10:00+05:30,2017-05-05 11:50:00+05:30,9324.2,9303.368570255474,9330.151837069865,9303.368570255474,20.83,TAKE_PROFIT
short,2017-05-05 13:40:00+05:30,2017-05-05 14:00:00+05:30,9286.35,9292.851398504072,9292.851398504072,9263.59510523575,-6.5,STOP_LOSS
long,2017-05-08 10:20:00+05:30,2017-05-08 11:05:00+05:30,9313.65,9333.666531831012,9307.930990905425,9333.666531831012,20.02,TAKE_PROFIT
long,2017-05-08 11:20:00+05:30,2017-05-08 11:30:00+05:30,9330.35,9326.27665935425,9326.27665935425,9344.606692260128,-4.07,STOP_LOSS
long,2017-05-10 11:10:00+05:30,2017-05-10 11:30:00+05:30,9388.4,9384.73690883107,9384.73690883107,9401.220819091253,-3.66,STOP_LOSS
long,2017-05-11 09:45:00+05:30,2017-05-11 15:15:00+05:30,9428.9,9423.6,9423.060562973704,9449.338029592036,-5.3,EOD_EXIT
short,2017-05-12 10:00:00+05:30,2017-05-12 15:15:00+05:30,9401.4,9403.05,9409.23341501427,9373.983047450049,-1.65,EOD_EXIT
long,2017-05-15 10:50:00+05:30,2017-05-15 12:50:00+05:30,9441.05,9437.093055256511,9437.093055256511,9454.899306602205,-3.96,STOP_LOSS
long,2017-05-16 10:00:00+05:30,2017-05-16 10:05:00+05:30,9477.65,9472.346395194214,9472.346395194214,9496.212616820249,-5.3,STOP_LOSS
long,2017-05-16 14:45:00+05:30,2017-05-16 15:15:00+05:30,9505.95,9510.95,9501.067844882407,9523.037542911576,5.0,EOD_EXIT
long,2017-05-17 14:00:00+05:30,2017-05-17 14:45:00+05:30,9522.6,9518.08096776262,9518.08096776262,9538.416612830832,-4.52,STOP_LOSS
short,2017-05-18 10:55:00+05:30,2017-05-18 11:00:00+05:30,9455.35,9460.982434688882,9460.982434688882,9435.636478588916,-5.63,STOP_LOSS
short,2017-05-18 11:15:00+05:30,2017-05-18 11:25:00+05:30,9461.2,9466.299889227637,9466.299889227637,9443.35038770327,-5.1,STOP_LOSS
short,2017-05-18 14:25:00+05:30,2017-05-18 14:45:00+05:30,9454.35,9437.427674710703,9459.184950082656,9437.427674710703,16.92,TAKE_PROFIT
long,2017-05-19 10:30:00+05:30,2017-05-19 10:35:00+05:30,9496.75,9491.318928855138,9491.318928855138,9515.758749007016,-5.43,STOP_LOSS
short,2017-05-19 12:45:00+05:30,2017-05-19 12:55:00+05:30,9412.2,9421.189514752841,9421.189514752841,9380.736698365059,-8.99,STOP_LOSS
short,2017-05-19 13:15:00+05:30,2017-05-19 14:00:00+05:30,9410.45,9418.532265509106,9418.532265509106,9382.162070718136,-8.08,STOP_LOSS
long,2017-05-22 09:50:00+05:30,2017-05-22 10:25:00+05:30,9462.6,9452.305634939263,9452.305634939263,9498.630277712584,-10.29,STOP_LOSS
short,2017-05-22 13:30:00+05:30,2017-05-22 13:50:00+05:30,9440.6,9445.30225705059,9445.30225705059,9424.142100322939,-4.7,STOP_LOSS
short,2017-05-23 10:05:00+05:30,2017-05-23 13:00:00+05:30,9394.95,9404.471531879539,9404.471531879539,9361.62463842162,-9.52,STOP_LOSS
long,2017-05-23 14:10:00+05:30,2017-05-23 14:15:00+05:30,9422.95,9416.856450260892,9416.856450260892,9444.277424086882,-6.09,STOP_LOSS
long,2017-05-24 11:10:00+05:30,2017-05-24 11:20:00+05:30,9421.15,9415.475958506337,9415.475958506337,9441.009145227823,-5.67,STOP_LOSS
short,2017-05-24 13:45:00+05:30,2017-05-24 15:15:00+05:30,9375.45,9361.35,9385.550773203082,9340.097293789213,14.1,EOD_EXIT
long,2017-05-25 11:20:00+05:30,2017-05-25 11:25:00+05:30,9417.65,9412.54165945706,9412.54165945706,9435.529191900292,-5.11,STOP_LOSS
long,2017-05-26 10:25:00+05:30,2017-05-26 11:35:00+05:30,9539.75,9565.06026521919,9532.51849565166,9565.06026521919,25.31,TAKE_PROFIT
long,2017-05-26 11:50:00+05:30,2017-05-26 13:20:00+05:30,9558.4,9580.699290459823,9552.028774154336,9580.699290459823,22.3,TAKE_PROFIT
long,2017-05-26 14:00:00+05:30,2017-05-26 15:15:00+05:30,9582.15,9592.4,9576.994413126313,9600.1945540579,10.25,EOD_EXIT
long,2017-05-29 09:35:00+05:30,2017-05-29 10:05:00+05:30,9596.55,9584.963664577139,9584.963664577139,9637.102173980009,-11.59,STOP_LOSS
long,2017-05-29 14:20:00+05:30,2017-05-29 14:55:00+05:30,9620.2,9613.049796212797,9613.049796212797,9645.225713255213,-7.15,STOP_LOSS
short,2017-06-01 09:35:00+05:30,2017-06-01 10:25:00+05:30,9618.85,9626.92683173892,9626.92683173892,9590.581088913785,-8.08,STOP_LOSS
long,2017-06-02 09:45:00+05:30,2017-06-02 15:15:00+05:30,9644.35,9654.45,9636.025135366815,9673.48702621615,10.1,EOD_EXIT
long,2017-06-07 10:35:00+05:30,2017-06-07 12:10:00+05:30,9669.05,9664.47396687565,9664.47396687565,9685.066115935222,-4.58,STOP_LOSS
short,2017-06-07 12:50:00+05:30,2017-06-07 14:45:00+05:30,9644.65,9650.34708858134,9650.34708858134,9624.710189965308,-5.7,STOP_LOSS
short,2017-06-09 10:10:00+05:30,2017-06-09 10:20:00+05:30,9625.3,9632.237428472377,9632.237428472377,9601.019000346678,-6.94,STOP_LOSS
long,2017-06-09 14:45:00+05:30,2017-06-09 15:00:00+05:30,9648.75,9661.259914128488,9645.175738820431,9661.259914128488,12.51,TAKE_PROFIT
short,2017-06-12 10:30:00+05:30,2017-06-12 11:10:00+05:30,9624.1,9629.216710738749,9629.216710738749,9606.191512414383,-5.12,STOP_LOSS
short,2017-06-12 14:10:00+05:30,2017-06-12 14:15:00+05:30,9610.7,9614.924791586973,9614.924791586973,9595.913229445598,-4.22,STOP_LOSS
short,2017-06-12 14:35:00+05:30,2017-06-12 14:45:00+05:30,9606.15,9611.214386624133,9611.214386624133,9588.42464681553,-5.06,STOP_LOSS
long,2017-06-13 09:45:00+05:30,2017-06-13 10:00:00+05:30,9631.65,9625.72806183734,9625.72806183734,9652.376783569307,-5.92,STOP_LOSS
short,2017-06-14 09:30:00+05:30,2017-06-14 14:30:00+05:30,9609.2,9616.52249134479,9616.52249134479,9583.571280293241,-7.32,STOP_LOSS
short,2017-06-15 13:35:00+05:30,2017-06-15 13:45:00+05:30,9581.25,9585.289104324067,9585.289104324067,9567.113134865764,-4.04,STOP_LOSS
long,2017-06-16 10:35:00+05:30,2017-06-16 10:40:00+05:30,9608.3,9603.957477294476,9603.957477294476,9623.498829469332,-4.34,STOP_LOSS
long,2017-06-19 10:00:00+05:30,2017-06-19 13:55:00+05:30,9619.95,9642.667353196373,9613.45932765818,9642.667353196373,22.72,TAKE_PROFIT
long,2017-06-19 14:50:00+05:30,2017-06-19 15:15:00+05:30,9659.45,9656.9,9654.844888648076,9675.567889731738,-2.55,EOD_EXIT
long,2017-06-20 09:35:00+05:30,2017-06-20 12:50:00+05:30,9664.85,9659.036954749663,9659.036954749663,9685.195658376184,-5.81,STOP_LOSS
short,2017-06-21 10:05:00+05:30,2017-06-21 14:10:00+05:30,9622.5,9627.29380260049,9627.29380260049,9605.721690898285,-4.79,STOP_LOSS
long,2017-06-21 14:40:00+05:30,2017-06-21 15:15:00+05:30,9634.3,9633.1,9629.457270994995,9651.249551517514,-1.2,EOD_EXIT
long,2017-06-22 10:20:00+05:30,2017-06-22 10:55:00+05:30,9666.95,9679.37394972047,9663.400300079868,9679.37394972047,12.42,TAKE_PROFIT
long,2017-06-22 11:45:00+05:30,2017-06-22 12:20:00+05:30,9690.1,9686.239980997878,9686.239980997878,9703.610066507432,-3.86,STOP_LOSS
short,2017-06-23 10:10:00+05:30,2017-06-23 11:40:00+05:30,9598.8,9571.257258965743,9606.669354581216,9571.257258965743,27.54,TAKE_PROFIT
short,2017-06-23 12:00:00+05:30,2017-06-23 12:50:00+05:30,9580.8,9586.168952015953,9586.168952015953,9562.008667944161,-5.37,STOP_LOSS
short,2017-06-27 11:15:00+05:30,2017-06-27 12:35:00+05:30,9530.6,9512.263126923146,9535.839106593387,9512.263126923146,18.34,TAKE_PROFIT
short,2017-06-27 14:20:00+05:30,2017-06-27 14:50:00+05:30,9486.85,9493.690597675992,9493.690597675992,9462.907908134031,-6.84,STOP_LOSS
short,2017-06-28 13:45:00+05:30,2017-06-28 14:10:00+05:30,9488.75,9494.3012957106,9494.3012957106,9469.320465012897,-5.55,STOP_LOSS
long,2017-06-29 10:20:00+05:30,2017-06-29 10:25:00+05:30,9553.65,9548.13808065591,9548.13808065591,9572.94171770431,-5.51,STOP_LOSS
long,2017-06-29 10:30:00+05:30,2017-06-29 12:00:00+05:30,9549.7,9568.627056853462,9544.292269470441,9568.627056853462,18.93,TAKE_PROFIT
short,2017-06-29 14:10:00+05:30,2017-06-29 14:15:00+05:30,9521.95,9529.64725961919,9529.64725961919,9495.009591332833,-7.7,STOP_LOSS
short,2017-06-30 10:00:00+05:30,2017-06-30 10:15:00+05:30,9466.15,9473.544610317878,9473.544610317878,9440.268863887426,-7.39,STOP_LOSS
long,2017-07-03 11:50:00+05:30,2017-07-03 13:35:00+05:30,9600.85,9596.383755576882,9596.383755576882,9616.481855480915,-4.47,STOP_LOSS
long,2017-07-04 14:45:00+05:30,2017-07-04 15:00:00+05:30,9634.65,9630.451856602294,9630.451856602294,9649.343501891966,-4.2,STOP_LOSS
long,2017-07-06 10:15:00+05:30,2017-07-06 11:00:00+05:30,9662.25,9677.747100566039,9657.822256981131,9677.747100566039,15.5,TAKE_PROFIT
long,2017-07-06 11:15:00+05:30,2017-07-06 11:35:00+05:30,9677.7,9674.261465610552,9674.261465610552,9689.73487036307,-3.44,STOP_LOSS
long,2017-07-06 14:35:00+05:30,2017-07-06 14:55:00+05:30,9694.9,9691.190158681371,9691.190158681371,9707.884444615196,-3.71,STOP_LOSS
short,2017-07-07 10:20:00+05:30,2017-07-07 11:55:00+05:30,9653.35,9658.569030873594,9658.569030873594,9635.08339194242,-5.22,STOP_LOSS
long,2017-07-07 14:20:00+05:30,2017-07-07 14:35:00+05:30,9676.05,9671.583523180145,9671.583523180145,9691.682668869491,-4.47,STOP_LOSS
long,2017-07-10 10:50:00+05:30,2017-07-10 11:00:00+05:30,9699.0,9705.904817156632,9697.027195098106,9705.904817156632,6.9,TAKE_PROFIT
long,2017-07-10 12:00:00+05:30,2017-07-10 12:15:00+05:30,9724.7,9723.758333507682,9723.758333507682,9727.995832723114,-0.94,STOP_LOSS
long,2017-07-10 14:55:00+05:30,2017-07-10 15:15:00+05:30,9775.3,9770.592618949335,9770.592618949335,9791.775833677326,-4.71,STOP_LOSS
long,2017-07-11 10:10:00+05:30,2017-07-11 10:35:00+05:30,9801.85,9795.925334359947,9795.925334359947,9822.58632974019,-5.92,STOP_LOSS
long,2017-07-11 10:40:00+05:30,2017-07-11 12:00:00+05:30,9799.5,9815.254110617672,9794.998825537808,9815.254110617672,15.75,TAKE_PROFIT
long,2017-07-13 10:40:00+05:30,2017-07-13 11:25:00+05:30,9880.35,9876.438489589733,9876.438489589733,9894.040286435933,-3.91,STOP_LOSS
short,2017-07-14 11:00:00+05:30,2017-07-14 11:05:00+05:30,9856.15,9861.144744617926,9861.144744617926,9838.668393837255,-4.99,STOP_LOSS
short,2017-07-14 11:15:00+05:30,2017-07-14 11:25:00+05:30,9857.95,9862.712749311286,9862.712749311286,9841.280377410505,-4.76,STOP_LOSS
long,2017-07-17 09:40:00+05:30,2017-07-17 14:45:00+05:30,9898.8,9922.121635281846,9892.136675633757,9922.121635281846,23.32,TAKE_PROFIT
short,2017-07-18 09:50:00+05:30,2017-07-18 11:05:00+05:30,9880.35,9848.398541851979,9889.478988042292,9848.398541851979,31.95,TAKE_PROFIT
short,2017-07-18 11:25:00+05:30,2017-07-18 14:00:00+05:30,9859.2,9864.378162423105,9864.378162423105,9841.076431519135,-5.18,STOP_LOSS
long,2017-07-19 10:10:00+05:30,2017-07-19 12:20:00+05:30,9863.9,9884.440150068565,9858.031385694696,9884.440150068565,20.54,TAKE_PROFIT
long,2017-07-20 09:30:00+05:30,2017-07-20 10:10:00+05:30,9906.75,9900.741689667033,9900.741689667033,9927.779086165381,-6.01,STOP_LOSS
short,2017-07-20 13:00:00+05:30,2017-07-20 13:10:00+05:30,9873.55,9878.333048449967,9878.333048449967,9856.80933042511,-4.78,STOP_LOSS
long,2017-07-21 10:25:00+05:30,2017-07-21 11:45:00+05:30,9909.2,9904.413033566663,9904.413033566663,9925.95438251668,-4.79,STOP_LOSS
short,2017-07-21 13:50:00+05:30,2017-07-21 13:55:00+05:30,9859.25,9866.50968986177,9866.50968986177,9833.841085483806,-7.26,STOP_LOSS
long,2017-07-24 11:00:00+05:30,2017-07-24 11:25:00+05:30,9962.25,9957.91423547803,9957.91423547803,9977.425175826891,-4.34,STOP_LOSS
long,2017-07-26 10:05:00+05:30,2017-07-26 11:55:00+05:30,9983.55,9998.765598590771,9979.202686116922,9998.765598590771,15.22,TAKE_PROFIT
long,2017-07-27 10:20:00+05:30,2017-07-27 11:15:00+05:30,10085.75,10106.577192004996,10079.799373712858,10106.577192004996,20.83,TAKE_PROFIT
short,2017-07-28 10:05:00+05:30,2017-07-28 10:20:00+05:30,9983.9,9992.493953641733,9992.493953641733,9953.821162253931,-8.59,STOP_LOSS
short,2017-07-28 10:35:00+05:30,2017-07-28 13:30:00+05:30,9989.35,9964.886662544439,9996.339524987303,9964.886662544439,24.46,TAKE_PROFIT
long,2017-07-31 10:10:00+05:30,2017-07-31 13:50:00+05:30,10031.95,10058.427860595802,10024.38489697263,10058.427860595802,26.48,TAKE_PROFIT
long,2017-08-01 09:35:00+05:30,2017-08-01 11:15:00+05:30,10083.35,10076.137965107686,10076.137965107686,10108.592122123098,-7.21,STOP_LOSS
long,2017-08-02 09:30:00+05:30,2017-08-02 10:15:00+05:30,10114.8,10107.457934344846,10107.457934344846,10140.497229793034,-7.34,STOP_LOSS
short,2017-08-03 10:35:00+05:30,2017-08-03 11:50:00+05:30,10037.85,10044.532350007752,10044.532350007752,10014.461774972871,-6.68,STOP_LOSS
long,2017-08-07 09:35:00+05:30,2017-08-07 09:50:00+05:30,10076.35,10069.048687116981,10069.048687116981,10101.904595090566,-7.3,STOP_LOSS
long,2017-08-07 11:10:00+05:30,2017-08-07 11:35:00+05:30,10079.05,10074.342880814624,10074.342880814624,10095.524917148814,-4.71,STOP_LOSS
short,2017-08-08 10:45:00+05:30,2017-08-08 11:20:00+05:30,9996.25,10007.23287668028,10007.23287668028,9957.809931619018,-10.98,STOP_LOSS
short,2017-08-08 14:10:00+05:30,2017-08-08 14:20:00+05:30,9983.4,9990.298897071345,9990.298897071345,9959.25386025029,-6.9,STOP_LOSS
short,2017-08-09 09:45:00+05:30,2017-08-09 10:20:00+05:30,9954.9,9963.436331366607,9963.436331366607,9925.022840216874,-8.54,STOP_LOSS
short,2017-08-09 11:00:00+05:30,2017-08-09 13:30:00+05:30,9949.6,9929.82903229077,9955.248847916922,9929.82903229077,19.77,TAKE_PROFIT
short,2017-08-10 09:55:00+05:30,2017-08-10 11:05:00+05:30,9868.75,9879.319155866275,9879.319155866275,9831.757954468037,-10.57,STOP_LOSS
short,2017-08-10 14:20:00+05:30,2017-08-10 14:40:00+05:30,9848.4,9821.832419714217,9855.990737224509,9821.832419714217,26.57,TAKE_PROFIT
short,2017-08-11 10:10:00+05:30,2017-08-11 10:25:00+05:30,9731.4,9744.332888645022,9744.332888645022,9686.134889742425,-12.93,STOP_LOSS
short,2017-08-11 10:55:00+05:30,2017-08-11 11:10:00+05:30,9739.7,9748.702860129162,9748.702860129162,9708.189989547938,-9.0,STOP_LOSS
short,2017-08-11 13:50:00+05:30,2017-08-11 14:00:00+05:30,9730.1,9705.297463929026,9737.186438877421,9705.297463929026,24.8,TAKE_PROFIT
short,2017-08-11 14:30:00+05:30,2017-08-11 15:10:00+05:30,9705.8,9716.168654100971,9716.168654100971,9669.509710646595,-10.37,STOP_LOSS
long,2017-08-14 10:15:00+05:30,2017-08-14 14:30:00+05:30,9779.55,9810.399686859057,9770.735803754555,9810.399686859057,30.85,TAKE_PROFIT
long,2017-08-16 13:45:00+05:30,2017-08-16 14:40:00+05:30,9857.5,9883.303094034634,9850.127687418677,9883.303094034634,25.8,TAKE_PROFIT
long,2017-08-17 09:55:00+05:30,2017-08-17 11:05:00+05:30,9923.55,9915.594339357891,9915.594339357891,9951.394812247378,-7.96,STOP_LOSS
short,2017-08-18 10:00:00+05:30,2017-08-18 12:40:00+05:30,9850.0,9810.272859285717,9861.350611632652,9810.272859285717,39.73,TAKE_PROFIT
short,2017-08-18 13:55:00+05:30,2017-08-18 14:00:00+05:30,9804.2,9811.802951134909,9811.802951134909,9777.589671027821,-7.6,STOP_LOSS
long,2017-08-21 10:10:00+05:30,2017-08-21 10:20:00+05:30,9870.9,9863.959854231267,9863.959854231267,9895.190510190565,-6.94,STOP_LOSS
short,2017-08-21 13:40:00+05:30,2017-08-21 14:00:00+05:30,9813.15,9795.964716160457,9818.060081097012,9795.964716160457,17.19,TAKE_PROFIT
short,2017-08-22 10:45:00+05:30,2017-08-22 11:00:00+05:30,9769.05,9778.871837589097,9778.871837589097,9734.673568438158,-9.82,STOP_LOSS
long,2017-08-23 10:05:00+05:30,2017-08-23 14:15:00+05:30,9799.95,9792.149999899077,9792.149999899077,9827.250000353235,-7.8,STOP_LOSS
long,2017-08-24 09:55:00+05:30,2017-08-24 11:00:00+05:30,9860.9,9853.340007477931,9853.340007477931,9887.35997382724,-7.56,STOP_LOSS
long,2017-08-28 10:35:00+05:30,2017-08-28 11:15:00+05:30,9911.2,9906.902674695333,9906.902674695333,9926.240638566336,-4.3,STOP_LOSS
short,2017-08-29 11:20:00+05:30,2017-08-29 11:40:00+05:30,9834.45,9839.495099251782,9839.495099251782,9816.792152618764,-5.05,STOP_LOSS
short,2017-08-29 14:10:00+05:30,2017-08-29 15:15:00+05:30,9797.7,9793.0,9803.29984941938,9778.100527032177,4.7,EOD_EXIT
long,2017-08-30 10:15:00+05:30,2017-08-30 11:50:00+05:30,9872.95,9893.282212095308,9867.1407965442,9893.282212095308,20.33,TAKE_PROFIT
long,2017-08-30 12:35:00+05:30,2017-08-30 12:40:00+05:30,9903.05,9899.267547906511,9899.267547906511,9916.288582327204,-3.78,STOP_LOSS
long,2017-08-31 14:55:00+05:30,2017-08-31 15:00:00+05:30,9895.85,9915.963882153608,9890.10317652754,9915.963882153608,20.11,TAKE_PROFIT
long,2017-09-01 10:45:00+05:30,2017-09-01 13:30:00+05:30,9955.5,9970.897423817783,9951.100736052062,9970.897423817783,15.4,TAKE_PROFIT
long,2017-09-01 13:50:00+05:30,2017-09-01 14:05:00+05:30,9970.95,9967.355415340904,9967.355415340904,9983.531046306842,-3.59,STOP_LOSS
short,2017-09-04 10:50:00+05:30,2017-09-04 11:30:00+05:30,9944.25,9928.557681646933,9948.733519529447,9928.557681646933,15.69,TAKE_PROFIT
short,2017-09-04 12:40:00+05:30,2017-09-04 12:55:00+05:30,9890.3,9898.286964674966,9898.286964674966,9862.345623637615,-7.99,STOP_LOSS
long,2017-09-05 10:05:00+05:30,2017-09-05 11:25:00+05:30,9938.55,9931.730091938458,9931.730091938458,9962.419678215394,-6.82,STOP_LOSS
long,2017-09-05 14:50:00+05:30,2017-09-05 15:15:00+05:30,9950.95,9954.2,9945.79284139161,9969.000055129363,3.25,EOD_EXIT
short,2017-09-06 10:15:00+05:30,2017-09-06 11:30:00+05:30,9901.95,9908.14497226723,9908.14497226723,9880.2675970647,-6.19,STOP_LOSS
long,2017-09-06 13:40:00+05:30,2017-09-06 13:45:00+05:30,9925.85,9922.134492208066,9922.134492208066,9938.85427727177,-3.72,STOP_LOSS
long,2017-09-07 09:55:00+05:30,2017-09-07 10:40:00+05:30,9945.0,9938.271344614417,9938.271344614417,9968.550293849543,-6.73,STOP_LOSS
long,2017-09-08 10:25:00+05:30,2017-09-08 10:35:00+05:30,9957.7,9953.048996606736,9953.048996606736,9973.978511876425,-4.65,STOP_LOSS
short,2017-09-08 13:30:00+05:30,2017-09-08 13:55:00+05:30,9928.8,9934.032419644214,9934.032419644214,9910.486531245244,-5.23,STOP_LOSS
long,2017-09-11 10:25:00+05:30,2017-09-11 10:45:00+05:30,9984.3,9979.724875012887,9979.724875012887,10000.312937454893,-4.58,STOP_LOSS
long,2017-09-11 11:55:00+05:30,2017-09-11 13:55:00+05:30,10005.0,10019.120595480828,10000.965544148336,10019.120595480828,14.12,TAKE_PROFIT
long,2017-09-11 14:25:00+05:30,2017-09-11 15:00:00+05:30,10021.3,10018.109869096888,10018.109869096888,10032.465458160888,-3.19,STOP_LOSS
long,2017-09-12 09:45:00+05:30,2017-09-12 10:55:00+05:30,10032.35,10056.903563399293,10025.33469617163,10056.903563399293,24.55,TAKE_PROFIT
long,2017-09-12 11:20:00+05:30,2017-09-12 14:10:00+05:30,10055.5,10066.30304181817,10052.41341662338,10066.30304181817,10.8,TAKE_PROFIT
long,2017-09-13 10:20:00+05:30,2017-09-13 10:55:00+05:30,10111.75,10107.015729617398,10107.015729617398,10128.319946339105,-4.73,STOP_LOSS
short,2017-09-14 11:45:00+05:30,2017-09-14 14:30:00+05:30,10087.4,10093.118029391186,10093.118029391186,10067.386897130846,-5.72,STOP_LOSS
short,2017-09-15 10:15:00+05:30,2017-09-15 14:30:00+05:30,10065.1,10072.294610164521,10072.294610164521,10039.918864424179,-7.19,STOP_LOSS
long,2017-09-18 10:15:00+05:30,2017-09-18 15:15:00+05:30,10156.05,10152.85,10150.193805440938,10176.546680956715,-3.2,EOD_EXIT
short,2017-09-21 10:50:00+05:30,2017-09-21 11:15:00+05:30,10089.45,10097.962017565917,10097.962017565917,10059.657938519294,-8.51,STOP_LOSS
short,2017-09-21 11:20:00+05:30,2017-09-21 12:35:00+05:30,10095.45,10101.336275372978,10101.336275372978,10074.848036194579,-5.89,STOP_LOSS
short,2017-09-22 10:30:00+05:30,2017-09-22 12:25:00+05:30,10028.85,10001.703340583923,10036.606188404594,10001.703340583923,27.15,TAKE_PROFIT
short,2017-09-22 14:45:00+05:30,2017-09-22 15:15:00+05:30,9977.65,9959.7,9984.413043999553,9953.97934600156,17.95,EOD_EXIT
short,2017-09-25 11:00:00+05:30,2017-09-25 13:40:00+05:30,9873.3,9836.163088738042,9883.910546074843,9836.163088738042,37.14,TAKE_PROFIT
short,2017-09-25 14:05:00+05:30,2017-09-25 14:10:00+05:30,9830.0,9837.889790419284,9837.889790419284,9802.385733532506,-7.89,STOP_LOSS
short,2017-09-26 11:20:00+05:30,2017-09-26 12:00:00+05:30,9827.35,9834.30498131124,9834.30498131124,9803.007565410662,-6.95,STOP_LOSS
long,2017-09-26 14:35:00+05:30,2017-09-26 14:40:00+05:30,9876.2,9869.731075671894,9869.731075671894,9898.841235148373,-6.47,STOP_LOSS
short,2017-09-27 11:25:00+05:30,2017-09-27 12:30:00+05:30,9829.65,9803.253999893888,9837.191714316032,9803.253999893888,26.4,TAKE_PROFIT
short,2017-09-27 12:45:00+05:30,2017-09-27 14:15:00+05:30,9804.1,9779.697841796022,9811.072045201137,9779.697841796022,24.4,TAKE_PROFIT
short,2017-09-28 13:15:00+05:30,2017-09-28 13:25:00+05:30,9719.4,9728.086824745356,9728.086824745356,9688.996113391253,-8.69,STOP_LOSS
short,2017-09-28 13:50:00+05:30,2017-09-28 13:55:00+05:30,9720.6,9727.816802330923,9727.816802330923,9695.341191841771,-7.22,STOP_LOSS
long,2017-09-29 10:10:00+05:30,2017-09-29 13:20:00+05:30,9806.75,9840.173246286628,9797.200501060963,9840.173246286628,33.42,TAKE_PROFIT
long,2017-09-29 13:45:00+05:30,2017-09-29 14:20:00+05:30,9843.4,9838.92953946745,9838.92953946745,9859.046611863925,-4.47,STOP_LOSS
long,2017-10-04 10:45:00+05:30,2017-10-04 14:30:00+05:30,9905.65,9900.034816789073,9900.034816789073,9925.30314123824,-5.62,STOP_LOSS
long,2017-10-06 10:45:00+05:30,2017-10-06 15:05:00+05:30,9954.6,9971.151796707476,9949.870915226436,9971.151796707476,16.55,TAKE_PROFIT
long,2017-10-09 10:10:00+05:30,2017-10-09 11:05:00+05:30,10002.45,9995.577641914248,9995.577641914248,10026.50325330014,-6.87,STOP_LOSS
long,2017-10-10 09:35:00+05:30,2017-10-10 11:15:00+05:30,10007.3,10029.915387990894,10000.83846057403,10029.915387990894,22.62,TAKE_PROFIT
long,2017-10-11 10:20:00+05:30,2017-10-11 11:25:00+05:30,10059.4,10054.36248453195,10054.36248453195,10077.03130413817,-5.04,STOP_LOSS
short,2017-10-11 14:40:00+05:30,2017-10-11 15:15:00+05:30,9990.25,9978.6,10001.928499892132,9949.375250377536,11.65,EOD_EXIT
long,2017-10-13 10:15:00+05:30,2017-10-13 13:05:00+05:30,10144.2,10167.338071500722,10137.589122428366,10167.338071500722,23.14,TAKE_PROFIT
long,2017-10-13 14:50:00+05:30,2017-10-13 14:55:00+05:30,10182.85,10177.781327467597,10177.781327467597,10200.59035386341,-5.07,STOP_LOSS
long,2017-10-16 09:50:00+05:30,2017-10-16 10:40:00+05:30,10222.8,10214.081148449526,10214.081148449526,10253.315980426654,-8.72,STOP_LOSS
long,2017-10-16 14:30:00+05:30,2017-10-16 15:15:00+05:30,10221.9,10231.55,10216.555552631135,10240.605565791026,9.65,EOD_EXIT
long,2017-10-17 11:20:00+05:30,2017-10-17 12:10:00+05:30,10242.2,10237.842782632162,10237.842782632162,10257.450260787435,-4.36,STOP_LOSS
short,2017-10-18 10:30:00+05:30,2017-10-18 12:40:00+05:30,10198.45,10205.157803163067,10205.157803163067,10174.972688929269,-6.71,STOP_LOSS
long,2017-10-18 14:15:00+05:30,2017-10-18 14:20:00+05:30,10223.9,10218.069156491083,10218.069156491083,10244.30795228121,-5.83,STOP_LOSS
long,2017-10-18 14:30:00+05:30,2017-10-18 15:00:00+05:30,10223.75,10217.417403499529,10217.417403499529,10245.914087751651,-6.33,STOP_LOSS
short,2017-10-23 10:35:00+05:30,2017-10-23 10:50:00+05:30,10176.5,10184.123402604377,10184.123402604377,10149.81809088468,-7.62,STOP_LOSS
short,2017-10-23 11:10:00+05:30,2017-10-23 12:00:00+05:30,10176.6,10156.371376577434,10182.379606692162,10156.371376577434,20.23,TAKE_PROFIT
short,2017-10-23 12:55:00+05:30,2017-10-23 13:25:00+05:30,10137.25,10142.870072411091,10142.870072411091,10117.579746561178,-5.62,STOP_LOSS
long,2017-10-24 10:50:00+05:30,2017-10-24 11:10:00+05:30,10221.7,10216.776675334351,10216.776675334351,10238.931636329777,-4.92,STOP_LOSS
long,2017-10-25 09:45:00+05:30,2017-10-25 14:05:00+05:30,10256.05,10306.17522741606,10241.728506452553,10306.17522741606,50.13,TAKE_PROFIT
long,2017-10-25 14:25:00+05:30,2017-10-25 14:35:00+05:30,10300.4,10294.03068019825,10294.03068019825,10322.692619306124,-6.37,STOP_LOSS
long,2017-10-27 09:30:00+05:30,2017-10-27 11:20:00+05:30,10341.85,10331.39133057859,10331.39133057859,10378.455342974936,-10.46,STOP_LOSS
long,2017-10-30 10:10:00+05:30,2017-10-30 11:20:00+05:30,10373.6,10366.736559336065,10366.736559336065,10397.622042323777,-6.86,STOP_LOSS
short,2017-10-31 11:10:00+05:30,2017-10-31 11:45:00+05:30,10337.75,10342.892149105895,10342.892149105895,10319.752478129369,-5.14,STOP_LOSS
long,2017-11-01 10:40:00+05:30,2017-11-01 12:50:00+05:30,10425.85,10445.990129274649,10420.0956773501,10445.990129274649,20.14,TAKE_PROFIT
short,2017-11-06 10:00:00+05:30,2017-11-06 10:20:00+05:30,10430.15,10437.96914403159,10437.96914403159,10402.782995889433,-7.82,STOP_LOSS
long,2017-11-06 13:15:00+05:30,2017-11-06 13:35:00+05:30,10470.55,10483.47666661071,10466.856666682654,10483.47666661071,12.93,TAKE_PROFIT
long,2017-11-06 13:55:00+05:30,2017-11-06 14:10:00+05:30,10481.05,10477.43232308704,10477.43232308704,10493.711869195356,-3.62,STOP_LOSS
short,2017-11-07 11:00:00+05:30,2017-11-07 12:10:00+05:30,10425.0,10433.283749713042,10433.283749713042,10396.006876004354,-8.28,STOP_LOSS
short,2017-11-08 10:15:00+05:30,2017-11-08 10:40:00+05:30,10350.4,10359.432818968879,10359.432818968879,10318.785133608924,-9.03,STOP_LOSS
short,2017-11-09 11:25:00+05:30,2017-11-09 12:20:00+05:30,10321.75,10294.451038200421,10329.549703371307,10294.451038200421,27.3,TAKE_PROFIT
long,2017-11-10 11:20:00+05:30,2017-11-10 11:35:00+05:30,10307.95,10303.21483918907,10303.21483918907,10324.523062838258,-4.74,STOP_LOSS
short,2017-11-13 14:30:00+05:30,2017-11-13 14:45:00+05:30,10259.65,10264.527216340426,10264.527216340426,10242.579742808508,-4.88,STOP_LOSS
short,2017-11-14 09:30:00+05:30,2017-11-14 11:30:00+05:30,10230.75,10196.8527147655,10240.43493863843,10196.8527147655,33.9,TAKE_PROFIT
short,2017-11-15 10:05:00+05:30,2017-11-15 10:15:00+05:30,10160.2,10166.862882957497,10166.862882957497,10136.879909648762,-6.66,STOP_LOSS
short,2017-11-15 10:50:00+05:30,2017-11-15 11:00:00+05:30,10155.1,10161.479939189087,10161.479939189087,10132.770212838199,-6.38,STOP_LOSS
short,2017-11-15 11:10:00+05:30,2017-11-15 13:35:00+05:30,10156.4,10136.689193064134,10162.031659124534,10136.689193064134,19.71,TAKE_PROFIT
long,2017-11-16 10:35:00+05:30,2017-11-16 10:40:00+05:30,10160.05,10154.810623737403,10154.810623737403,10178.387816919088,-5.24,STOP_LOSS
long,2017-11-16 11:05:00+05:30,2017-11-16 11:35:00+05:30,10159.7,10176.35096506407,10154.942581410267,10176.35096506407,16.65,TAKE_PROFIT
long,2017-11-17 10:30:00+05:30,2017-11-17 11:25:00+05:30,10323.75,10317.468841417893,10317.468841417893,10345.734055037372,-6.28,STOP_LOSS
short,2017-11-20 10:25:00+05:30,2017-11-20 11:30:00+05:30,10272.85,10279.551110505981,10279.551110505981,10249.396113229068,-6.7,STOP_LOSS
long,2017-11-21 10:25:00+05:30,2017-11-21 11:00:00+05:30,10335.3,10350.249579755051,10331.028691498555,10350.249579755051,14.95,TAKE_PROFIT
long,2017-11-21 11:20:00+05:30,2017-11-21 11:50:00+05:30,10349.1,10345.184974447655,10345.184974447655,10362.802589433206,-3.92,STOP_LOSS
long,2017-11-22 09:40:00+05:30,2017-11-22 10:00:00+05:30,10349.2,10341.717166968647,10341.717166968647,10375.38991560974,-7.48,STOP_LOSS
short,2017-11-23 13:40:00+05:30,2017-11-23 13:45:00+05:30,10323.1,10329.16672787567,10329.16672787567,10301.866452435157,-6.07,STOP_LOSS
short,2017-11-23 13:55:00+05:30,2017-11-23 14:05:00+05:30,10328.3,10333.90037070899,10333.90037070899,10308.698702518528,-5.6,STOP_LOSS
long,2017-11-24 10:20:00+05:30,2017-11-24 13:30:00+05:30,10382.6,10401.159813249807,10377.29719621434,10401.159813249807,18.56,TAKE_PROFIT
short,2017-11-27 10:10:00+05:30,2017-11-27 14:05:00+05:30,10361.6,10367.806136163405,10367.806136163405,10339.878523428088,-6.21,STOP_LOSS
long,2017-11-28 13:40:00+05:30,2017-11-28 13:50:00+05:30,10400.7,10396.108113848024,10396.108113848024,10416.771601531918,-4.59,STOP_LOSS
short,2017-11-28 14:55:00+05:30,2017-11-28 15:15:00+05:30,10369.5,10369.25,10375.331927785115,10349.088252752095,0.25,EOD_EXIT
short,2017-11-29 14:40:00+05:30,2017-11-29 15:15:00+05:30,10366.7,10363.6,10371.370246772196,10350.35413629732,3.1,EOD_EXIT
short,2017-11-30 10:55:00+05:30,2017-11-30 12:15:00+05:30,10289.9,10272.228054252826,10294.949127356334,10272.228054252826,17.67,TAKE_PROFIT
short,2017-12-01 12:00:00+05:30,2017-12-01 13:00:00+05:30,10216.8,10223.051198134122,10223.051198134122,10194.920806530568,-6.25,STOP_LOSS
short,2017-12-04 09:55:00+05:30,2017-12-04 10:25:00+05:30,10124.6,10138.138162730636,10138.138162730636,10077.216430442775,-13.54,STOP_LOSS
short,2017-12-04 14:15:00+05:30,2017-12-04 15:15:00+05:30,10137.35,10125.55,10144.81548864522,10111.220789741737,11.8,EOD_EXIT
short,2017-12-05 10:05:00+05:30,2017-12-05 10:20:00+05:30,10089.25,10098.968312987887,10098.968312987887,10055.235904542396,-9.72,STOP_LOSS
long,2017-12-05 14:55:00+05:30,2017-12-05 15:00:00+05:30,10128.1,10120.79317934215,10120.79317934215,10153.673872302476,-7.31,STOP_LOSS
short,2017-12-06 09:40:00+05:30,2017-12-06 11:45:00+05:30,10101.2,10071.314113040407,10109.738824845599,10071.314113040407,29.89,TAKE_PROFIT
short,2017-12-06 12:05:00+05:30,2017-12-06 14:30:00+05:30,10067.2,10073.6645377727,10073.6645377727,10044.574117795553,-6.46,STOP_LOSS
short,2017-12-06 14:50:00+05:30,2017-12-06 15:15:00+05:30,10056.0,10049.45,10066.265817737867,10020.069637917464,6.55,EOD_EXIT
long,2017-12-07 10:05:00+05:30,2017-12-07 10:50:00+05:30,10087.45,10115.892388357937,10079.323603326304,10115.892388357937,28.44,TAKE_PROFIT
long,2017-12-07 11:25:00+05:30,2017-12-07 12:00:00+05:30,10119.8,10114.696550684268,10114.696550684268,10137.662072605059,-5.1,STOP_LOSS
long,2017-12-07 14:55:00+05:30,2017-12-07 15:10:00+05:30,10143.15,10165.231962208161,10136.840867940526,10165.231962208161,22.08,TAKE_PROFIT
long,2017-12-08 10:35:00+05:30,2017-12-08 11:35:00+05:30,10238.25,10258.541320448569,10232.452479871838,10258.541320448569,20.29,TAKE_PROFIT
long,2017-12-08 11:45:00+05:30,2017-12-08 12:00:00+05:30,10252.8,10248.719631195974,10248.719631195974,10267.081290814085,-4.08,STOP_LOSS
long,2017-12-11 10:10:00+05:30,2017-12-11 10:40:00+05:30,10311.4,10305.790695549898,10305.790695549898,10331.032565575355,-5.61,STOP_LOSS
short,2017-12-12 10:45:00+05:30,2017-12-12 12:50:00+05:30,10279.35,10262.371343105195,10284.201044827088,10262.371343105195,16.98,TAKE_PROFIT
short,2017-12-13 09:30:00+05:30,2017-12-13 10:55:00+05:30,10238.25,10246.55687296047,10246.55687296047,10209.17594463836,-8.31,STOP_LOSS
long,2017-12-13 12:25:00+05:30,2017-12-13 12:50:00+05:30,10284.45,10279.476434281518,10279.476434281518,10301.857480014689,-4.97,STOP_LOSS
short,2017-12-14 09:30:00+05:30,2017-12-14 11:10:00+05:30,10201.9,10165.54731981008,10212.286480054263,10165.54731981008,36.35,TAKE_PROFIT
short,2017-12-14 12:40:00+05:30,2017-12-14 12:50:00+05:30,10156.65,10163.252765389909,10163.252765389909,10133.540321135319,-6.6,STOP_LOSS
long,2017-12-15 10:15:00+05:30,2017-12-15 10:45:00+05:30,10352.35,10343.079310279447,10343.079310279447,10384.797414021938,-9.27,STOP_LOSS
long,2017-12-15 10:55:00+05:30,2017-12-15 13:15:00+05:30,10344.5,10337.870795977047,10337.870795977047,10367.702214080336,-6.63,STOP_LOSS
long,2017-12-18 11:10:00+05:30,2017-12-18 14:55:00+05:30,10406.2,10392.795115998259,10392.795115998259,10453.117094006098,-13.4,STOP_LOSS
long,2017-12-20 11:25:00+05:30,2017-12-20 15:00:00+05:30,10470.8,10465.640647409471,10465.640647409471,10488.857734066847,-5.16,STOP_LOSS
short,2017-12-21 09:40:00+05:30,2017-12-21 15:15:00+05:30,10454.6,10439.45,10462.566942174759,10426.715702388346,15.15,EOD_EXIT
long,2017-12-22 11:05:00+05:30,2017-12-22 11:20:00+05:30,10482.45,10478.37738713176,10478.37738713176,10496.704145038842,-4.07,STOP_LOSS
long,2017-12-26 09:55:00+05:30,2017-12-26 10:05:00+05:30,10499.2,10492.97618048246,10492.97618048246,10520.983368311397,-6.22,STOP_LOSS
long,2017-12-27 10:10:00+05:30,2017-12-27 14:20:00+05:30,10538.0,10532.34143820628,10532.34143820628,10557.804966278018,-5.66,STOP_LOSS
long,2017-12-28 14:55:00+05:30,2017-12-28 15:00:00+05:30,10521.1,10514.510954593894,10514.510954593894,10544.161658921374,-6.59,STOP_LOSS
short,2018-01-02 14:20:00+05:30,2018-01-02 15:00:00+05:30,10425.65,10433.120028105986,10433.120028105986,10399.504901629049,-7.47,STOP_LOSS
long,2018-01-03 10:40:00+05:30,2018-01-03 11:05:00+05:30,10490.4,10484.967041193144,10484.967041193144,10509.415355823994,-5.43,STOP_LOSS
long,2018-01-04 14:10:00+05:30,2018-01-04 15:15:00+05:30,10485.0,10505.3,10479.017202202089,10505.939792292687,20.3,EOD_EXIT
long,2018-01-05 10:25:00+05:30,2018-01-05 11:20:00+05:30,10549.5,10544.082566244557,10544.082566244557,10568.461018144051,-5.42,STOP_LOSS
long,2018-01-08 10:45:00+05:30,2018-01-08 13:20:00+05:30,10614.35,10610.349371666312,10610.349371666312,10628.352199167908,-4.0,STOP_LOSS
short,2018-01-10 12:05:00+05:30,2018-01-10 13:00:00+05:30,10606.0,10611.990954110735,10611.990954110735,10585.031660612429,-5.99,STOP_LOSS
long,2018-01-11 13:30:00+05:30,2018-01-11 13:45:00+05:30,10655.05,10650.452768267513,10650.452768267513,10671.140311063704,-4.6,STOP_LOSS
long,2018-01-12 10:05:00+05:30,2018-01-12 10:30:00+05:30,10679.9,10674.171745506417,10674.171745506417,10699.948890727539,-5.73,STOP_LOSS
short,2018-01-12 13:10:00+05:30,2018-01-12 13:30:00+05:30,10630.05,10639.811480921158,10639.811480921158,10595.884816775944,-9.76,STOP_LOSS
long,2018-01-12 14:50:00+05:30,2018-01-12 15:15:00+05:30,10666.3,10681.55,10660.258299350617,10687.445952272838,15.25,EOD_EXIT
long,2018-01-15 11:25:00+05:30,2018-01-15 11:30:00+05:30,10773.9,10768.86483641301,10768.86483641301,10791.523072554464,-5.04,STOP_LOSS
short,2018-01-16 11:10:00+05:30,2018-01-16 11:35:00+05:30,10727.65,10735.610428074258,10735.610428074258,10699.788501740093,-7.96,STOP_LOSS
short,2018-01-16 14:15:00+05:30,2018-01-16 14:30:00+05:30,10708.3,10716.8994394123,10716.8994394123,10678.201962056944,-8.6,STOP_LOSS
long,2018-01-17 10:45:00+05:30,2018-01-17 13:25:00+05:30,10730.9,10758.363830161174,10723.053191382522,10758.363830161174,27.46,TAKE_PROFIT
long,2018-01-17 13:50:00+05:30,2018-01-17 13:55:00+05:30,10753.65,10749.126685761845,10749.126685761845,10769.481599833545,-4.52,STOP_LOSS
long,2018-01-18 10:15:00+05:30,2018-01-18 11:25:00+05:30,10864.25,10855.75449364964,10855.75449364964,10893.984272226262,-8.5,STOP_LOSS
long,2018-01-19 10:35:00+05:30,2018-01-19 12:15:00+05:30,10844.9,10835.88998426835,10835.88998426835,10876.435055060776,-9.01,STOP_LOSS
long,2018-01-22 14:05:00+05:30,2018-01-22 14:55:00+05:30,10929.45,10953.10144731105,10922.692443625416,10953.10144731105,23.65,TAKE_PROFIT
long,2018-01-23 10:55:00+05:30,2018-01-23 12:15:00+05:30,11045.65,11065.473797699071,11039.986057800264,11065.473797699071,19.82,TAKE_PROFIT
long,2018-01-23 12:50:00+05:30,2018-01-23 12:55:00+05:30,11073.3,11067.175203751445,11067.175203751445,11094.736786869937,-6.12,STOP_LOSS
short,2018-01-25 11:25:00+05:30,2018-01-25 13:10:00+05:30,11064.15,11042.693328611507,11070.280477539569,11042.693328611507,21.46,TAKE_PROFIT
short,2018-01-25 13:45:00+05:30,2018-01-25 13:50:00+05:30,11030.85,11039.211717641938,11039.211717641938,11001.583988253218,-8.36,STOP_LOSS
long,2018-01-29 10:40:00+05:30,2018-01-29 14:20:00+05:30,11146.15,11138.724348208547,11138.724348208547,11172.139781270087,-7.43,STOP_LOSS
short,2018-01-30 10:25:00+05:30,2018-01-30 13:40:00+05:30,11059.65,11068.742156140092,11068.742156140092,11027.827453509679,-9.09,STOP_LOSS
short,2018-01-31 11:15:00+05:30,2018-01-31 12:55:00+05:30,11023.3,11000.276024353554,11029.878278756127,11000.276024353554,23.02,TAKE_PROFIT
long,2018-02-01 10:40:00+05:30,2018-02-01 10:50:00+05:30,11071.25,11062.668127139757,11062.668127139757,11101.286555010853,-8.58,STOP_LOSS
short,2018-02-02 11:00:00+05:30,2018-02-02 14:05:00+05:30,10872.6,10824.868100623018,10886.237685536282,10824.868100623018,47.73,TAKE_PROFIT
short,2018-02-05 11:00:00+05:30,2018-02-05 11:15:00+05:30,10655.3,10666.141862087068,10666.141862087068,10617.35348269526,-10.84,STOP_LOSS
short,2018-02-05 14:15:00+05:30,2018-02-05 14:50:00+05:30,10647.55,10658.158471576487,10658.158471576487,10610.420349482294,-10.61,STOP_LOSS
short,2018-02-06 10:45:00+05:30,2018-02-06 11:10:00+05:30,10350.25,10368.349686680938,10368.349686680938,10286.901096616717,-18.1,STOP_LOSS
short,2018-02-06 11:40:00+05:30,2018-02-06 12:35:00+05:30,10362.25,10372.451472052495,10372.451472052495,10326.544847816269,-10.2,STOP_LOSS
long,2018-02-06 14:55:00+05:30,2018-02-06 15:00:00+05:30,10533.0,10513.36376635026,10513.36376635026,10601.726817774093,-19.64,STOP_LOSS
long,2018-02-07 09:50:00+05:30,2018-02-07 10:35:00+05:30,10545.05,10527.423561194304,10527.423561194304,10606.742535819936,-17.63,STOP_LOSS
short,2018-02-07 11:40:00+05:30,2018-02-07 12:00:00+05:30,10506.0,10469.854402893205,10516.327313459084,10469.854402893205,36.15,TAKE_PROFIT
long,2018-02-08 11:00:00+05:30,2018-02-08 13:35:00+05:30,10591.05,10625.694501632759,10581.151570962067,10625.694501632759,34.64,TAKE_PROFIT
short,2018-02-09 10:10:00+05:30,2018-02-09 12:50:00+05:30,10442.85,10457.411476925954,10457.411476925954,10391.88483075916,-14.56,STOP_LOSS
long,2018-02-12 10:10:00+05:30,2018-02-12 14:30:00+05:30,10505.55,10538.557095559323,10496.119401268763,10538.557095559323,33.01,TAKE_PROFIT
long,2018-02-12 14:55:00+05:30,2018-02-12 15:15:00+05:30,10541.0,10534.568498977847,10534.568498977847,10563.510253577537,-6.43,STOP_LOSS
long,2018-02-14 14:10:00+05:30,2018-02-14 14:30:00+05:30,10559.75,10554.291789895147,10554.291789895147,10578.853735366984,-5.46,STOP_LOSS
long,2018-02-15 10:45:00+05:30,2018-02-15 11:15:00+05:30,10575.9,10567.811560913842,10567.811560913842,10604.209536801549,-8.09,STOP_LOSS
long,2018-02-15 13:00:00+05:30,2018-02-15 13:10:00+05:30,10593.2,10584.961470949564,10584.961470949564,10622.034851676532,-8.24,STOP_LOSS
long,2018-02-16 09:50:00+05:30,2018-02-16 09:55:00+05:30,10584.05,10573.990169762747,10573.990169762747,10619.259405830386,-10.06,STOP_LOSS
short,2018-02-16 12:05:00+05:30,2018-02-16 13:20:00+05:30,10510.6,10520.339694310658,10520.339694310658,10476.5110699127,-9.74,STOP_LOSS
short,2018-02-16 14:05:00+05:30,2018-02-16 14:40:00+05:30,10479.15,10443.317494947452,10489.387858586442,10443.317494947452,35.83,TAKE_PROFIT
short,2018-02-19 10:15:00+05:30,2018-02-19 10:45:00+05:30,10401.85,10414.65477519217,10414.65477519217,10357.033286827405,-12.8,STOP_LOSS
short,2018-02-19 11:30:00+05:30,2018-02-19 12:30:00+05:30,10393.95,10361.032689509231,10403.354945854506,10361.032689509231,32.92,TAKE_PROFIT
short,2018-02-19 13:20:00+05:30,2018-02-19 14:40:00+05:30,10339.9,10350.009268985454,10350.009268985454,10304.517558550908,-10.11,STOP_LOSS
long,2018-02-20 10:40:00+05:30,2018-02-20 10:45:00+05:30,10408.85,10399.27728707283,10399.27728707283,10442.3544952451,-9.57,STOP_LOSS
short,2018-02-21 09:50:00+05:30,2018-02-21 11:45:00+05:30,10369.8,10382.19292896144,10382.19292896144,10326.424748634956,-12.39,STOP_LOSS
short,2018-02-22 09:50:00+05:30,2018-02-22 13:40:00+05:30,10360.75,10370.227967949606,10370.227967949606,10327.577112176383,-9.48,STOP_LOSS
long,2018-02-23 10:10:00+05:30,2018-02-23 11:35:00+05:30,10415.9,10443.633964163817,10407.976010238908,10443.633964163817,27.73,TAKE_PROFIT
long,2018-02-23 12:10:00+05:30,2018-02-23 13:15:00+05:30,10459.95,10481.652181249383,10453.749376785892,10481.652181249383,21.7,TAKE_PROFIT
long,2018-02-23 13:50:00+05:30,2018-02-23 14:30:00+05:30,10482.35,10476.381672883712,10476.381672883712,10503.23914490701,-5.97,STOP_LOSS
long,2018-02-26 10:40:00+05:30,2018-02-26 14:05:00+05:30,10561.45,10585.595964499167,10554.551153000239,10585.595964499167,24.15,TAKE_PROFIT
long,2018-02-26 14:10:00+05:30,2018-02-26 14:15:00+05:30,10582.6,10577.505491938435,10577.505491938435,10600.430778215481,-5.09,STOP_LOSS
short,2018-02-28 10:05:00+05:30,2018-02-28 10:35:00+05:30,10491.1,10500.339118360786,10500.339118360786,10458.763085737255,-9.24,STOP_LOSS
short,2018-02-28 10:45:00+05:30,2018-02-28 10:55:00+05:30,10498.4,10504.992421374302,10504.992421374302,10475.326525189945,-6.59,STOP_LOSS
short,2018-02-28 13:55:00+05:30,2018-02-28 14:05:00+05:30,10479.2,10485.429261967327,10485.429261967327,10457.397583114356,-6.23,STOP_LOSS
short,2018-03-01 10:35:00+05:30,2018-03-01 13:00:00+05:30,10487.4,10495.179212243875,10495.179212243875,10460.172757146436,-7.78,STOP_LOSS
short,2018-03-05 11:05:00+05:30,2018-03-05 12:55:00+05:30,10355.8,10334.921251319178,10361.765356765949,10334.921251319178,20.88,TAKE_PROFIT
long,2018-03-06 10:00:00+05:30,2018-03-06 10:05:00+05:30,10417.85,10409.847607805608,10409.847607805608,10445.858372680375,-8.0,STOP_LOSS
short,2018-03-07 10:00:00+05:30,2018-03-07 11:35:00+05:30,10227.2,10182.499071794517,10239.971693772995,10182.499071794517,44.7,TAKE_PROFIT
short,2018-03-07 12:05:00+05:30,2018-03-07 13:50:00+05:30,10185.2,10194.053087653825,10194.053087653825,10154.214193211614,-8.85,STOP_LOSS
short,2018-03-08 10:45:00+05:30,2018-03-08 10:50:00+05:30,10165.2,10174.545444912443,10174.545444912443,10132.490942806455,-9.35,STOP_LOSS
long,2018-03-08 12:50:00+05:30,2018-03-08 13:05:00+05:30,10208.65,10200.628231459576,10200.628231459576,10236.726189891482,-8.02,STOP_LOSS
long,2018-03-09 10:35:00+05:30,2018-03-09 10:50:00+05:30,10281.1,10272.778748430883,10272.778748430883,10310.22438049191,-8.32,STOP_LOSS
long,2018-03-12 11:00:00+05:30,2018-03-12 11:15:00+05:30,10328.7,10322.280041522303,10322.280041522303,10351.169854671947,-6.42,STOP_LOSS
long,2018-03-12 14:00:00+05:30,2018-03-12 14:40:00+05:30,10354.35,10379.690207148135,10347.109940814818,10379.690207148135,25.34,TAKE_PROFIT
long,2018-03-13 09:30:00+05:30,2018-03-13 10:20:00+05:30,10419.85,10460.835097541229,10408.139972131077,10460.835097541229,40.99,TAKE_PROFIT
long,2018-03-13 10:45:00+05:30,2018-03-13 11:20:00+05:30,10458.15,10450.37454648752,10450.37454648752,10485.364087293678,-7.78,STOP_LOSS
short,2018-03-14 10:05:00+05:30,2018-03-14 12:20:00+05:30,10387.15,10353.58722044335,10396.739365587613,10353.58722044335,33.56,TAKE_PROFIT
short,2018-03-14 12:40:00+05:30,2018-03-14 12:50:00+05:30,10351.95,10358.78464687251,10358.78464687251,10328.028735946218,-6.83,STOP_LOSS
short,2018-03-16 10:50:00+05:30,2018-03-16 11:50:00+05:30,10305.65,10282.436295914822,10312.282486881479,10282.436295914822,23.21,TAKE_PROFIT
short,2018-03-16 12:30:00+05:30,2018-03-16 14:00:00+05:30,10272.0,10251.530971215892,10277.848293938316,10251.530971215892,20.47,TAKE_PROFIT
short,2018-03-19 10:50:00+05:30,2018-03-19 12:30:00+05:30,10163.2,10136.722286631975,10170.765060962294,10136.722286631975,26.48,TAKE_PROFIT
short,2018-03-19 13:20:00+05:30,2018-03-19 13:30:00+05:30,10120.65,10126.870942839283,10126.870942839283,10098.87670006251,-6.22,STOP_LOSS
long,2018-03-20 12:15:00+05:30,2018-03-20 12:20:00+05:30,10146.35,10141.050440861622,10141.050440861622,10164.898456984327,-5.3,STOP_LOSS
short,2018-03-20 14:05:00+05:30,2018-03-20 14:30:00+05:30,10116.1,10125.216626673227,10125.216626673227,10084.191806643705,-9.12,STOP_LOSS
long,2018-03-21 10:45:00+05:30,2018-03-21 11:35:00+05:30,10215.7,10210.408933193998,10210.408933193998,10234.218733821011,-5.29,STOP_LOSS
long,2018-03-22 10:00:00+05:30,2018-03-22 11:05:00+05:30,10184.55,10175.718709810606,10175.718709810606,10215.459515662875,-8.83,STOP_LOSS
short,2018-03-22 12:15:00+05:30,2018-03-22 13:10:00+05:30,10153.6,10131.356539384684,10159.95527446152,10131.356539384684,22.24,TAKE_PROFIT
short,2018-03-22 13:40:00+05:30,2018-03-22 14:00:00+05:30,10129.35,10137.03695298925,10137.03695298925,10102.445664537623,-7.69,STOP_LOSS
short,2018-03-23 11:05:00+05:30,2018-03-23 11:25:00+05:30,9996.15,9974.00567277781,10002.476950634911,9974.00567277781,22.14,TAKE_PROFIT
short,2018-03-23 12:20:00+05:30,2018-03-23 12:30:00+05:30,9962.75,9969.318261109578,9969.318261109578,9939.76108611648,-6.57,STOP_LOSS
long,2018-03-27 09:50:00+05:30,2018-03-27 10:00:00+05:30,10175.9,10164.859408484737,10164.859408484737,10214.542070303418,-11.04,STOP_LOSS
long,2018-03-27 10:15:00+05:30,2018-03-27 10:35:00+05:30,10170.95,10161.388525635588,10161.388525635588,10204.415160275448,-9.56,STOP_LOSS
long,2018-03-27 10:45:00+05:30,2018-03-27 11:25:00+05:30,10165.2,10157.501944696589,10157.501944696589,10192.143193561938,-7.7,STOP_LOSS
short,2018-03-28 10:20:00+05:30,2018-03-28 11:30:00+05:30,10128.45,10135.67240990038,10135.67240990038,10103.171565348674,-7.22,STOP_LOSS
long,2018-04-02 09:30:00+05:30,2018-04-02 14:45:00+05:30,10141.8,10190.940276038473,10127.759921131865,10190.940276038473,49.14,TAKE_PROFIT
long,2018-04-03 09:35:00+05:30,2018-04-03 10:25:00+05:30,10213.35,10205.094984025805,10205.094984025805,10242.242555909683,-8.26,STOP_LOSS
long,2018-04-04 10:10:00+05:30,2018-04-04 11:20:00+05:30,10263.75,10256.739748651791,10256.739748651791,10288.285879718731,-7.01,STOP_LOSS
short,2018-04-04 14:20:00+05:30,2018-04-04 15:15:00+05:30,10150.7,10130.8,10161.906012853315,10111.478955013401,19.9,EOD_EXIT
long,2018-04-05 10:45:00+05:30,2018-04-05 11:30:00+05:30,10266.4,10258.929317993025,10258.929317993025,10292.547387024413,-7.47,STOP_LOSS
long,2018-04-09 10:15:00+05:30,2018-04-09 11:25:00+05:30,10375.65,10368.773714538595,10368.773714538595,10399.71699911492,-6.88,STOP_LOSS
long,2018-04-10 10:05:00+05:30,2018-04-10 10:20:00+05:30,10416.25,10410.021174017536,10410.021174017536,10438.050890938624,-6.23,STOP_LOSS
short,2018-04-11 10:15:00+05:30,2018-04-11 11:05:00+05:30,10373.1,10380.8119370194,10380.8119370194,10346.108220432103,-7.71,STOP_LOSS
long,2018-04-11 13:50:00+05:30,2018-04-11 15:15:00+05:30,10405.95,10418.25,10400.71532806296,10424.27135177964,12.3,EOD_EXIT
long,2018-04-12 11:10:00+05:30,2018-04-12 12:15:00+05:30,10430.5,10425.642730302234,10425.642730302234,10447.500443942181,-4.86,STOP_LOSS
long,2018-04-12 14:00:00+05:30,2018-04-12 14:25:00+05:30,10457.7,10451.623936639153,10451.623936639153,10478.966221762967,-6.08,STOP_LOSS
long,2018-04-13 10:25:00+05:30,2018-04-13 13:00:00+05:30,10497.6,10492.182941826857,10492.182941826857,10516.559703606003,-5.42,STOP_LOSS
short,2018-04-16 09:40:00+05:30,2018-04-16 12:55:00+05:30,10464.7,10476.991838407404,10476.991838407404,10421.678565574086,-12.29,STOP_LOSS
long,2018-04-16 14:40:00+05:30,2018-04-16 15:15:00+05:30,10516.85,10531.5,10511.614122911875,10535.17556980844,14.65,EOD_EXIT
long,2018-04-17 10:20:00+05:30,2018-04-17 11:05:00+05:30,10543.2,10537.55698883094,10537.55698883094,10562.950539091715,-5.64,STOP_LOSS
long,2018-04-17 14:55:00+05:30,2018-04-17 15:15:00+05:30,10545.95,10546.2,10541.009055789153,10563.24330473797,0.25,EOD_EXIT
long,2018-04-18 09:35:00+05:30,2018-04-18 09:40:00+05:30,10556.95,10549.895481124917,10549.895481124917,10581.640816062794,-7.05,STOP_LOSS
short,2018-04-20 10:10:00+05:30,2018-04-20 10:20:00+05:30,10546.4,10552.577716159562,10552.577716159562,10524.777993441534,-6.18,STOP_LOSS
long,2018-04-23 11:05:00+05:30,2018-04-23 11:25:00+05:30,10603.9,10596.342813012958,10596.342813012958,10630.350154454645,-7.56,STOP_LOSS
long,2018-04-23 13:50:00+05:30,2018-04-23 14:00:00+05:30,10627.4,10621.762629524086,10621.762629524086,10647.130796665699,-5.64,STOP_LOSS
short,2018-04-24 09:40:00+05:30,2018-04-24 10:40:00+05:30,10594.5,10603.913588615373,10603.913588615373,10561.552439846195,-9.41,STOP_LOSS
long,2018-04-24 14:10:00+05:30,2018-04-24 14:35:00+05:30,10608.4,10627.537058581429,10602.932268976734,10627.537058581429,19.14,TAKE_PROFIT
short,2018-04-25 10:20:00+05:30,2018-04-25 13:00:00+05:30,10589.45,10596.371261747483,10596.371261747483,10565.225583883814,-6.92,STOP_LOSS
short,2018-04-25 14:40:00+05:30,2018-04-25 14:55:00+05:30,10556.75,10566.233722884777,10566.233722884777,10523.556969903282,-9.48,STOP_LOSS
long,2018-04-26 10:10:00+05:30,2018-04-26 10:35:00+05:30,10587.65,10581.603799229759,10581.603799229759,10608.811702695844,-6.05,STOP_LOSS
long,2018-04-27 10:20:00+05:30,2018-04-27 11:45:00+05:30,10687.45,10678.868574596527,10678.868574596527,10717.484988912158,-8.58,STOP_LOSS
long,2018-04-27 13:30:00+05:30,2018-04-27 14:10:00+05:30,10699.6,10694.73767753808,10694.73767753808,10716.618128616723,-4.86,STOP_LOSS
long,2018-04-30 10:00:00+05:30,2018-04-30 14:35:00+05:30,10733.75,10725.423770608142,10725.423770608142,10762.8918028715,-8.33,STOP_LOSS
short,2018-05-02 10:25:00+05:30,2018-05-02 10:45:00+05:30,10728.65,10735.33725180987,10735.33725180987,10705.244618665458,-6.69,STOP_LOSS
short,2018-05-02 14:30:00+05:30,2018-05-02 14:45:00+05:30,10736.7,10705.693894679249,10745.558887234502,10705.693894679249,31.01,TAKE_PROFIT
short,2018-05-03 10:50:00+05:30,2018-05-03 12:45:00+05:30,10671.2,10677.976777177375,10677.976777177375,10647.48127987919,-6.78,STOP_LOSS
short,2018-05-04 10:15:00+05:30,2018-05-04 11:50:00+05:30,10645.8,10617.922679617797,10653.76494868063,10617.922679617797,27.88,TAKE_PROFIT
long,2018-05-07 10:05:00+05:30,2018-05-07 12:20:00+05:30,10644.8,10667.959318846199,10638.183051758228,10667.959318846199,23.16,TAKE_PROFIT
long,2018-05-07 13:30:00+05:30,2018-05-07 14:15:00+05:30,10677.85,10692.95413185322,10673.534533756223,10692.95413185322,15.1,TAKE_PROFIT
long,2018-05-08 09:35:00+05:30,2018-05-08 09:45:00+05:30,10728.25,10720.051755762724,10720.051755762724,10756.943854830466,-8.2,STOP_LOSS
long,2018-05-08 10:00:00+05:30,2018-05-08 12:55:00+05:30,10725.95,10717.88764303198,10717.88764303198,10754.168249388074,-8.06,STOP_LOSS
long,2018-05-09 13:45:00+05:30,2018-05-09 14:45:00+05:30,10751.75,10746.020443283596,10746.020443283596,10771.803448507411,-5.73,STOP_LOSS
long,2018-05-10 09:55:00+05:30,2018-05-10 10:00:00+05:30,10768.2,10761.59233303424,10761.59233303424,10791.326834380168,-6.61,STOP_LOSS
long,2018-05-11 10:55:00+05:30,2018-05-11 12:05:00+05:30,10754.4,10748.839622955793,10748.839622955793,10773.861319654725,-5.56,STOP_LOSS
long,2018-05-14 10:05:00+05:30,2018-05-14 11:30:00+05:30,10822.65,10816.933174887228,10816.933174887228,10842.658887894699,-5.72,STOP_LOSS
short,2018-05-14 13:40:00+05:30,2018-05-14 14:05:00+05:30,10783.65,10788.090407965967,10788.090407965967,10768.108572119114,-4.44,STOP_LOSS
long,2018-05-15 10:30:00+05:30,2018-05-15 11:55:00+05:30,10900.05,10888.225400845355,10888.225400845355,10941.436097041258,-11.82,STOP_LOSS
short,2018-05-16 10:45:00+05:30,2018-05-16 11:00:00+05:30,10717.95,10725.611189934425,10725.611189934425,10691.135835229514,-7.66,STOP_LOSS
long,2018-05-16 13:40:00+05:30,2018-05-16 13:55:00+05:30,10779.0,10771.778168676987,10771.778168676987,10804.276409630545,-7.22,STOP_LOSS
short,2018-05-17 10:20:00+05:30,2018-05-17 10:45:00+05:30,10733.15,10708.409497050969,10740.218715128294,10708.409497050969,24.74,TAKE_PROFIT
short,2018-05-17 11:05:00+05:30,2018-05-17 14:25:00+05:30,10714.5,10720.877690291209,10720.877690291209,10692.178083980767,-6.38,STOP_LOSS
short,2018-05-18 09:50:00+05:30,2018-05-18 10:55:00+05:30,10652.5,10661.931382316925,10661.931382316925,10619.490161890766,-9.43,STOP_LOSS
short,2018-05-18 13:30:00+05:30,2018-05-18 14:30:00+05:30,10622.95,10629.324265442572,10629.324265442572,10600.640070951,-6.37,STOP_LOSS
short,2018-05-21 10:20:00+05:30,2018-05-21 11:30:00+05:30,10588.4,10552.184835879663,10598.747189748667,10552.184835879663,36.22,TAKE_PROFIT
short,2018-05-21 12:30:00+05:30,2018-05-21 13:55:00+05:30,10542.85,10522.646799611348,10548.622342968187,10522.646799611348,20.2,TAKE_PROFIT
short,2018-05-21 14:40:00+05:30,2018-05-21 15:15:00+05:30,10520.05,10514.9,10527.444956231819,10494.167653188631,5.15,EOD_EXIT
short,2018-05-22 09:35:00+05:30,2018-05-22 09:40:00+05:30,10508.2,10517.125727892262,10517.125727892262,10476.959952377083,-8.93,STOP_LOSS
short,2018-05-23 10:20:00+05:30,2018-05-23 11:55:00+05:30,10502.7,10510.950057236416,10510.950057236416,10473.82479967255,-8.25,STOP_LOSS
long,2018-05-25 10:05:00+05:30,2018-05-25 13:15:00+05:30,10555.45,10583.2651225413,10547.502822131059,10583.2651225413,27.82,TAKE_PROFIT
long,2018-05-28 10:55:00+05:30,2018-05-28 11:00:00+05:30,10676.05,10670.538727093077,10670.538727093077,10695.339455174224,-5.51,STOP_LOSS
long,2018-05-28 11:20:00+05:30,2018-05-28 12:30:00+05:30,10671.55,10689.092113274079,10666.537967635977,10689.092113274079,17.54,TAKE_PROFIT
short,2018-05-29 13:25:00+05:30,2018-05-29 14:30:00+05:30,10662.2,10638.993468753873,10668.830437498895,10638.993468753873,23.21,TAKE_PROFIT
short,2018-05-30 09:45:00+05:30,2018-05-30 12:30:00+05:30,10590.85,10601.680197734417,10601.680197734417,10552.944307929547,-10.83,STOP_LOSS
long,2018-05-30 13:25:00+05:30,2018-05-30 13:50:00+05:30,10620.1,10612.268866354574,10612.268866354574,10647.50896775899,-7.83,STOP_LOSS
long,2018-05-31 09:40:00+05:30,2018-05-31 10:05:00+05:30,10636.4,10627.01736578938,10627.01736578938,10669.239219737174,-9.38,STOP_LOSS
long,2018-05-31 11:15:00+05:30,2018-05-31 13:05:00+05:30,10646.65,10664.503886357465,10641.548889612151,10664.503886357465,17.85,TAKE_PROFIT
long,2018-05-31 13:35:00+05:30,2018-05-31 14:10:00+05:30,10669.0,10662.924132880358,10662.924132880358,10690.26553491875,-6.08,STOP_LOSS
long,2018-06-01 10:10:00+05:30,2018-06-01 10:25:00+05:30,10753.55,10744.369640447183,10744.369640447183,10785.681258434857,-9.18,STOP_LOSS
short,2018-06-04 10:40:00+05:30,2018-06-04 12:20:00+05:30,10683.85,10694.996775890095,10694.996775890095,10644.836284384666,-11.15,STOP_LOSS
short,2018-06-04 14:25:00+05:30,2018-06-04 15:15:00+05:30,10647.45,10634.7,10656.282249808284,10616.537125671011,12.75,EOD_EXIT
short,2018-06-05 11:15:00+05:30,2018-06-05 11:25:00+05:30,10581.1,10588.035799068903,10588.035799068903,10556.82470325884,-6.94,STOP_LOSS
long,2018-06-06 10:40:00+05:30,2018-06-06 10:55:00+05:30,10632.15,10625.66731039095,10625.66731039095,10654.839413631673,-6.48,STOP_LOSS
long,2018-06-06 12:10:00+05:30,2018-06-06 12:55:00+05:30,10654.2,10649.431220636085,10649.431220636085,10670.890727773705,-4.77,STOP_LOSS
long,2018-06-06 14:10:00+05:30,2018-06-06 14:15:00+05:30,10665.7,10660.737180434022,10660.737180434022,10683.069868480927,-4.96,STOP_LOSS
long,2018-06-07 11:15:00+05:30,2018-06-07 12:25:00+05:30,10777.75,10795.398206370844,10772.707655322616,10795.398206370844,17.65,TAKE_PROFIT
long,2018-06-07 13:30:00+05:30,2018-06-07 13:45:00+05:30,10807.1,10802.759247733411,10802.759247733411,10822.29263293306,-4.34,STOP_LOSS
short,2018-06-08 09:50:00+05:30,2018-06-08 12:15:00+05:30,10743.25,10712.965097921162,10751.902829165381,10712.965097921162,30.28,TAKE_PROFIT
long,2018-06-11 10:20:00+05:30,2018-06-11 10:55:00+05:30,10820.65,10813.334770253849,10813.334770253849,10846.253304111526,-7.32,STOP_LOSS
long,2018-06-11 11:00:00+05:30,2018-06-11 11:10:00+05:30,10817.15,10811.589731091204,10811.589731091204,10836.610941180787,-5.56,STOP_LOSS
long,2018-06-11 13:35:00+05:30,2018-06-11 14:15:00+05:30,10842.85,10838.674514110542,10838.674514110542,10857.464200613105,-4.18,STOP_LOSS
short,2018-06-12 09:30:00+05:30,2018-06-12 09:55:00+05:30,10799.05,10807.151145618958,10807.151145618958,10770.69599033364,-8.1,STOP_LOSS
long,2018-06-12 11:00:00+05:30,2018-06-12 12:20:00+05:30,10827.65,10844.90137605155,10822.721035413842,10844.90137605155,17.25,TAKE_PROFIT
long,2018-06-13 11:20:00+05:30,2018-06-13 12:15:00+05:30,10872.8,10868.31469782324,10868.31469782324,10888.498557618654,-4.49,STOP_LOSS
long,2018-06-13 14:25:00+05:30,2018-06-13 14:30:00+05:30,10888.0,10883.529588665007,10883.529588665007,10903.646439672473,-4.47,STOP_LOSS
short,2018-06-14 10:45:00+05:30,2018-06-14 13:45:00+05:30,10795.7,10801.356180488985,10801.356180488985,10775.903368288558,-5.66,STOP_LOSS
short,2018-06-15 13:40:00+05:30,2018-06-15 14:25:00+05:30,10772.65,10780.007725207066,10780.007725207066,10746.897961775268,-7.36,STOP_LOSS
short,2018-06-19 10:10:00+05:30,2018-06-19 11:05:00+05:30,10760.25,10737.218544311216,10766.830415911081,10737.218544311216,23.03,TAKE_PROFIT
short,2018-06-22 10:20:00+05:30,2018-06-22 10:30:00+05:30,10718.15,10724.351964599897,10724.351964599897,10696.443123900359,-6.2,STOP_LOSS
long,2018-06-22 13:35:00+05:30,2018-06-22 14:35:00+05:30,10760.05,10776.109492144238,10755.461573673074,10776.109492144238,16.06,TAKE_PROFIT
long,2018-06-25 09:30:00+05:30,2018-06-25 10:10:00+05:30,10812.25,10804.257933817193,10804.257933817193,10840.22223163983,-7.99,STOP_LOSS
short,2018-06-25 14:55:00+05:30,2018-06-25 15:15:00+05:30,10782.35,10758.51284568799,10789.160615517718,10758.51284568799,23.84,TAKE_PROFIT
short,2018-06-27 11:00:00+05:30,2018-06-27 11:45:00+05:30,10753.65,10731.396603369978,10760.008113322863,10731.396603369978,22.25,TAKE_PROFIT
short,2018-06-27 14:40:00+05:30,2018-06-27 14:55:00+05:30,10671.9,10680.98657915294,10680.98657915294,10640.096972964711,-9.09,STOP_LOSS
short,2018-06-28 09:35:00+05:30,2018-06-28 10:05:00+05:30,10653.75,10663.975573236014,10663.975573236014,10617.96049367395,-10.23,STOP_LOSS
long,2018-06-29 10:40:00+05:30,2018-06-29 11:30:00+05:30,10645.95,10671.18651319008,10638.739567659977,10671.18651319008,25.24,TAKE_PROFIT
long,2018-06-29 12:00:00+05:30,2018-06-29 13:40:00+05:30,10671.85,10691.035591454869,10666.368402441467,10691.035591454869,19.19,TAKE_PROFIT
long,2018-06-29 13:50:00+05:30,2018-06-29 14:15:00+05:30,10689.7,10705.19661987766,10685.27239432067,10705.19661987766,15.5,TAKE_PROFIT
short,2018-07-02 10:45:00+05:30,2018-07-02 12:15:00+05:30,10647.7,10621.775494676254,10655.107001521072,10621.775494676254,25.92,TAKE_PROFIT
long,2018-07-02 14:50:00+05:30,2018-07-02 14:55:00+05:30,10659.0,10651.5352460129,10651.5352460129,10685.126638954853,-7.46,STOP_LOSS
long,2018-07-03 10:05:00+05:30,2018-07-03 10:30:00+05:30,10671.05,10663.019331023534,10663.019331023534,10699.157341417627,-8.03,STOP_LOSS
long,2018-07-03 11:35:00+05:30,2018-07-03 13:20:00+05:30,10692.5,10685.218229547674,10685.218229547674,10717.986196583142,-7.28,STOP_LOSS
long,2018-07-04 13:45:00+05:30,2018-07-04 14:10:00+05:30,10735.8,10754.781728368474,10730.376649037578,10754.781728368474,18.98,TAKE_PROFIT
long,2018-07-06 10:15:00+05:30,2018-07-06 10:50:00+05:30,10778.6,10801.660834679402,10772.0111900916,10801.660834679402,23.06,TAKE_PROFIT
long,2018-07-06 11:25:00+05:30,2018-07-06 11:35:00+05:30,10803.1,10797.793230672456,10797.793230672456,10821.673692646407,-5.31,STOP_LOSS
long,2018-07-09 10:05:00+05:30,2018-07-09 10:15:00+05:30,10820.9,10813.31392951319,10813.31392951319,10847.451246703835,-7.59,STOP_LOSS
long,2018-07-09 13:50:00+05:30,2018-07-09 15:15:00+05:30,10850.35,10855.35,10846.532489835286,10863.711285576495,5.0,EOD_EXIT
long,2018-07-10 10:25:00+05:30,2018-07-10 12:00:00+05:30,10906.6,10928.241866452141,10900.416609585103,10928.241866452141,21.64,TAKE_PROFIT
long,2018-07-11 09:50:00+05:30,2018-07-11 11:05:00+05:30,10952.65,10944.631753900889,10944.631753900889,10980.713861346887,-8.02,STOP_LOSS
long,2018-07-12 10:45:00+05:30,2018-07-12 11:35:00+05:30,11031.7,11055.23868546847,11024.974661294724,11055.23868546847,23.54,TAKE_PROFIT
long,2018-07-12 12:10:00+05:30,2018-07-12 12:40:00+05:30,11066.3,11059.844936571875,11059.844936571875,11088.89272199843,-6.46,STOP_LOSS
long,2018-07-13 10:00:00+05:30,2018-07-13 10:05:00+05:30,11056.0,11046.561397821833,11046.561397821833,11089.03510762358,-9.44,STOP_LOSS
short,2018-07-13 11:00:00+05:30,2018-07-13 11:20:00+05:30,11017.35,11026.567996159696,11026.567996159696,10985.087013441065,-9.22,STOP_LOSS
short,2018-07-13 14:30:00+05:30,2018-07-13 15:15:00+05:30,11020.45,11020.55,11026.630627516672,10998.817803691652,-0.1,EOD_EXIT
short,2018-07-16 09:50:00+05:30,2018-07-16 14:10:00+05:30,10999.95,10965.8414143016,11009.695310199544,10965.8414143016,34.11,TAKE_PROFIT
long,2018-07-17 14:55:00+05:30,2018-07-17 15:15:00+05:30,11000.25,11010.95,10993.515654801988,11023.820208193047,10.7,EOD_EXIT
long,2018-07-18 10:15:00+05:30,2018-07-18 11:00:00+05:30,11052.05,11044.634436440041,11044.634436440041,11078.004472459852,-7.42,STOP_LOSS
short,2018-07-18 12:50:00+05:30,2018-07-18 13:05:00+05:30,10999.95,11012.3803745713,11012.3803745713,10956.443689000456,-12.43,STOP_LOSS
short,2018-07-18 13:10:00+05:30,2018-07-18 14:05:00+05:30,11004.35,10964.325688425522,11015.785517592709,10964.325688425522,40.02,TAKE_PROFIT
short,2018-07-18 14:30:00+05:30,2018-07-18 14:40:00+05:30,10976.6,10985.8912395026,10985.8912395026,10944.080661740898,-9.29,STOP_LOSS
short,2018-07-19 14:05:00+05:30,2018-07-19 14:15:00+05:30,10953.85,10961.33706943714,10961.33706943714,10927.64525697001,-7.49,STOP_LOSS
long,2018-07-20 10:30:00+05:30,2018-07-20 13:20:00+05:30,10996.4,10988.590458239652,10988.590458239652,11023.733396161217,-7.81,STOP_LOSS
long,2018-07-20 14:50:00+05:30,2018-07-20 15:05:00+05:30,11015.15,11008.211044892287,11008.211044892287,11039.436342876996,-6.94,STOP_LOSS
long,2018-07-23 10:05:00+05:30,2018-07-23 10:10:00+05:30,11045.55,11038.74199276166,11038.74199276166,11069.378025334192,-6.81,STOP_LOSS
long,2018-07-24 10:25:00+05:30,2018-07-24 12:20:00+05:30,11132.2,11125.769415840965,11125.769415840965,11154.707044556624,-6.43,STOP_LOSS
long,2018-07-26 10:40:00+05:30,2018-07-26 13:35:00+05:30,11165.15,11160.08218608507,11160.08218608507,11182.887348702252,-5.07,STOP_LOSS
long,2018-07-27 10:25:00+05:30,2018-07-27 14:10:00+05:30,11239.4,11263.88727126568,11232.403636781233,11263.88727126568,24.49,TAKE_PROFIT
long,2018-07-30 09:55:00+05:30,2018-07-30 10:05:00+05:30,11297.1,11289.453769656624,11289.453769656624,11323.861806201816,-7.65,STOP_LOSS
long,2018-07-30 14:05:00+05:30,2018-07-30 15:15:00+05:30,11310.75,11317.45,11305.409876322372,11329.4404328717,6.7,EOD_EXIT
short,2018-07-31 10:45:00+05:30,2018-07-31 11:10:00+05:30,11281.75,11289.549708565315,11289.549708565315,11254.451020021397,-7.8,STOP_LOSS
long,2018-08-01 09:35:00+05:30,2018-08-01 11:05:00+05:30,11366.0,11357.715170309604,11357.715170309604,11394.996903916384,-8.28,STOP_LOSS
short,2018-08-02 10:40:00+05:30,2018-08-02 12:20:00+05:30,11286.7,11294.24458726923,11294.24458726923,11260.2939445577,-7.54,STOP_LOSS
short,2018-08-02 13:35:00+05:30,2018-08-02 14:10:00+05:30,11275.45,11257.727019289945,11280.513708774302,11257.727019289945,17.72,TAKE_PROFIT
short,2018-08-02 14:45:00+05:30,2018-08-02 15:15:00+05:30,11260.95,11241.95,11266.632913210746,11241.05980376239,19.0,EOD_EXIT
long,2018-08-03 10:50:00+05:30,2018-08-03 11:15:00+05:30,11330.5,11325.394255843981,11325.394255843981,11348.37010454607,-5.11,STOP_LOSS
long,2018-08-03 14:55:00+05:30,2018-08-03 15:15:00+05:30,11350.55,11358.1,11346.399413516823,11365.077052691118,7.55,EOD_EXIT
long,2018-08-06 09:45:00+05:30,2018-08-06 09:55:00+05:30,11405.05,11396.28296562752,11396.28296562752,11435.734620303674,-8.77,STOP_LOSS
long,2018-08-06 10:20:00+05:30,2018-08-06 14:45:00+05:30,11393.5,11385.662502556057,11385.662502556057,11420.931241053799,-7.84,STOP_LOSS
long,2018-08-07 13:40:00+05:30,2018-08-07 13:45:00+05:30,11402.7,11397.283129809608,11397.283129809608,11421.659045666378,-5.42,STOP_LOSS
long,2018-08-09 09:55:00+05:30,2018-08-09 11:00:00+05:30,11469.85,11462.519513827727,11462.519513827727,11495.506701602959,-7.33,STOP_LOSS
short,2018-08-10 10:15:00+05:30,2018-08-10 10:30:00+05:30,11444.8,11451.216308146177,11451.216308146177,11422.342921488376,-6.42,STOP_LOSS
short,2018-08-10 10:45:00+05:30,2018-08-10 14:05:00+05:30,11443.95,11449.713265501827,11449.713265501827,11423.778570743607,-5.76,STOP_LOSS
short,2018-08-13 10:30:00+05:30,2018-08-13 10:50:00+05:30,11359.2,11365.30944846709,11365.30944846709,11337.816930365192,-6.11,STOP_LOSS
long,2018-08-14 10:40:00+05:30,2018-08-14 10:45:00+05:30,11408.5,11402.957794327885,11402.957794327885,11427.897719852399,-5.54,STOP_LOSS
long,2018-08-14 13:40:00+05:30,2018-08-14 14:30:00+05:30,11440.95,11436.138985178763,11436.138985178763,11457.788551874337,-4.81,STOP_LOSS
short,2018-08-16 09:40:00+05:30,2018-08-16 10:00:00+05:30,11407.8,11417.140233203936,11417.140233203936,11375.109183786222,-9.34,STOP_LOSS
long,2018-08-16 11:15:00+05:30,2018-08-16 11:40:00+05:30,11438.75,11433.591954312165,11433.591954312165,11456.803159907418,-5.16,STOP_LOSS
short,2018-08-16 14:00:00+05:30,2018-08-16 14:40:00+05:30,11402.9,11380.963640175414,11409.167531378453,11380.963640175414,21.94,TAKE_PROFIT
long,2018-08-17 11:15:00+05:30,2018-08-17 12:45:00+05:30,11471.15,11466.367492192354,11466.367492192354,11487.888777326762,-4.78,STOP_LOSS
long,2018-08-20 10:25:00+05:30,2018-08-20 12:45:00+05:30,11536.75,11556.603693337116,11531.077516189394,11556.603693337116,19.85,TAKE_PROFIT
short,2018-08-23 10:50:00+05:30,2018-08-23 11:40:00+05:30,11559.35,11566.39822349193,11566.39822349193,11534.681217778247,-7.05,STOP_LOSS
short,2018-08-24 10:55:00+05:30,2018-08-24 12:25:00+05:30,11572.95,11549.972532488571,11579.514990717553,11549.972532488571,22.98,TAKE_PROFIT
long,2018-08-27 10:55:00+05:30,2018-08-27 12:05:00+05:30,11658.45,11672.25494610966,11654.505729682955,11672.25494610966,13.8,TAKE_PROFIT
long,2018-08-28 09:50:00+05:30,2018-08-28 12:40:00+05:30,11717.25,11748.603197877974,11708.291943463437,11748.603197877974,31.35,TAKE_PROFIT
short,2018-08-29 13:40:00+05:30,2018-08-29 13:45:00+05:30,11711.5,11716.590845779549,11716.590845779549,11693.682039771576,-5.09,STOP_LOSS
short,2018-08-30 10:20:00+05:30,2018-08-30 12:15:00+05:30,11670.1,11675.49386779645,11675.49386779645,11651.221462712427,-5.39,STOP_LOSS
short,2018-08-31 11:40:00+05:30,2018-08-31 14:05:00+05:30,11659.85,11666.59513418,11666.59513418,11636.242030370006,-6.75,STOP_LOSS
long,2018-09-03 10:10:00+05:30,2018-09-03 11:20:00+05:30,11709.65,11701.68707802324,11701.68707802324,11737.52022691866,-7.96,STOP_LOSS
short,2018-09-04 10:25:00+05:30,2018-09-04 12:15:00+05:30,11569.35,11579.399291301947,11579.399291301947,11534.177480443186,-10.05,STOP_LOSS
short,2018-09-04 14:00:00+05:30,2018-09-04 14:25:00+05:30,11546.6,11514.865862319986,11555.666896480005,11514.865862319986,31.73,TAKE_PROFIT
short,2018-09-04 14:35:00+05:30,2018-09-04 15:15:00+05:30,11524.65,11520.75,11535.792758774067,11485.650344290767,3.9,EOD_EXIT
short,2018-09-05 10:15:00+05:30,2018-09-05 11:50:00+05:30,11512.45,11473.88101651191,11523.469709568028,11473.88101651191,38.57,TAKE_PROFIT
short,2018-09-05 13:25:00+05:30,2018-09-05 14:00:00+05:30,11435.35,11400.757022336376,11445.233707903893,11400.757022336376,34.59,TAKE_PROFIT
long,2018-09-06 10:05:00+05:30,2018-09-06 11:45:00+05:30,11493.0,11481.294943401654,11481.294943401654,11533.967698094213,-11.71,STOP_LOSS
short,2018-09-06 13:30:00+05:30,2018-09-06 13:35:00+05:30,11461.45,11469.70746734744,11469.70746734744,11432.548864283963,-8.26,STOP_LOSS
long,2018-09-07 13:35:00+05:30,2018-09-07 14:50:00+05:30,11564.6,11590.936892589809,11557.075173545769,11590.936892589809,26.34,TAKE_PROFIT
short,2018-09-10 11:00:00+05:30,2018-09-10 11:50:00+05:30,11510.2,11485.405191022968,11517.284231136297,11485.405191022968,24.79,TAKE_PROFIT
short,2018-09-10 12:35:00+05:30,2018-09-10 13:50:00+05:30,11470.6,11479.12510254938,11479.12510254938,11440.762141077174,-8.53,STOP_LOSS
short,2018-09-10 14:55:00+05:30,2018-09-10 15:15:00+05:30,11455.0,11443.8,11463.582370900876,11424.961701846934,11.2,EOD_EXIT
short,2018-09-11 10:45:00+05:30,2018-09-11 11:00:00+05:30,11428.65,11437.075402122287,11437.075402122287,11399.161092571994,-8.43,STOP_LOSS
short,2018-09-12 12:55:00+05:30,2018-09-12 13:05:00+05:30,11270.45,11279.88375859663,11279.88375859663,11237.4318449118,-9.43,STOP_LOSS
long,2018-09-14 10:50:00+05:30,2018-09-14 11:30:00+05:30,11458.0,11451.852489544151,11451.852489544151,11479.516286595472,-6.15,STOP_LOSS
long,2018-09-14 13:55:00+05:30,2018-09-14 14:00:00+05:30,11486.3,11480.587574210156,11480.587574210156,11506.293490264448,-5.71,STOP_LOSS
long,2018-09-14 14:05:00+05:30,2018-09-14 15:00:00+05:30,11486.25,11508.70133268752,11479.83533351785,11508.70133268752,22.45,TAKE_PROFIT
short,2018-09-17 11:20:00+05:30,2018-09-17 11:30:00+05:30,11389.25,11396.677723141353,11396.677723141353,11363.252969005265,-7.43,STOP_LOSS
short,2018-09-17 13:40:00+05:30,2018-09-17 13:50:00+05:30,11393.75,11401.282677830335,11401.282677830335,11367.385627593827,-7.53,STOP_LOSS
short,2018-09-18 09:55:00+05:30,2018-09-18 11:50:00+05:30,11378.75,11389.349636715233,11389.349636715233,11341.651271496687,-10.6,STOP_LOSS
short,2018-09-18 14:00:00+05:30,2018-09-18 14:35:00+05:30,11361.05,11333.767594416702,11368.844973023799,11333.767594416702,27.28,TAKE_PROFIT
short,2018-09-19 09:35:00+05:30,2018-09-19 10:25:00+05:30,11302.05,11313.28758216134,11313.28758216134,11262.718462435305,-11.24,STOP_LOSS
short,2018-09-19 13:30:00+05:30,2018-09-19 13:40:00+05:30,11275.05,11284.49256571345,11284.49256571345,11242.001020002923,-9.44,STOP_LOSS
short,2018-09-19 14:50:00+05:30,2018-09-19 14:55:00+05:30,11235.7,11247.219740790953,11247.219740790953,11195.380907231669,-11.52,STOP_LOSS
long,2018-09-21 10:10:00+05:30,2018-09-21 10:20:00+05:30,11325.25,11315.921410397796,11315.921410397796,11357.900063607718,-9.33,STOP_LOSS
long,2018-09-21 10:45:00+05:30,2018-09-21 11:30:00+05:30,11318.35,11309.912740187274,11309.912740187274,11347.880409344541,-8.44,STOP_LOSS
short,2018-09-21 13:20:00+05:30,2018-09-21 15:05:00+05:30,11129.35,11129.35,11129.35,10921.703753144871,0.0,BREAKEVEN_SL
short,2018-09-24 10:15:00+05:30,2018-09-24 12:10:00+05:30,11077.0,11005.756680146653,11097.355234243812,11005.756680146653,71.24,TAKE_PROFIT
short,2018-09-24 12:40:00+05:30,2018-09-24 13:10:00+05:30,10997.15,11014.281711410822,11014.281711410822,10937.189010062119,-17.13,STOP_LOSS
short,2018-09-24 13:40:00+05:30,2018-09-24 14:35:00+05:30,10981.75,10997.954668884011,10997.954668884011,10925.033658905963,-16.2,STOP_LOSS
long,2018-09-25 12:55:00+05:30,2018-09-25 13:05:00+05:30,11017.6,11005.298439164615,11005.298439164615,11060.655462923849,-12.3,STOP_LOSS
long,2018-09-26 09:45:00+05:30,2018-09-26 10:30:00+05:30,11079.5,11060.999207454366,11060.999207454366,11144.252773909717,-18.5,STOP_LOSS
short,2018-09-26 13:20:00+05:30,2018-09-26 13:30:00+05:30,11016.6,11027.110818967714,11027.110818967714,10979.812133613,-10.51,STOP_LOSS
long,2018-09-27 09:45:00+05:30,2018-09-27 10:30:00+05:30,11062.85,11049.95224498148,11049.95224498148,11107.992142564823,-12.9,STOP_LOSS
short,2018-09-27 11:25:00+05:30,2018-09-27 12:45:00+05:30,11028.1,11000.080124889193,11036.105678603088,11000.080124889193,28.02,TAKE_PROFIT
short,2018-09-27 13:40:00+05:30,2018-09-27 14:00:00+05:30,10985.4,10994.724963580336,10994.724963580336,10952.76262746882,-9.32,STOP_LOSS
short,2018-09-27 14:30:00+05:30,2018-09-27 15:15:00+05:30,10982.75,10978.2,10993.452983020345,10945.289559428795,4.55,EOD_EXIT
short,2018-09-28 09:55:00+05:30,2018-09-28 10:30:00+05:30,10962.75,10982.500137971725,10982.500137971725,10893.624517098966,-19.75,STOP_LOSS
short,2018-10-01 09:35:00+05:30,2018-10-01 11:45:00+05:30,10903.7,10834.310945511656,10923.525444139528,10834.310945511656,69.39,TAKE_PROFIT
short,2018-10-03 11:10:00+05:30,2018-10-03 11:45:00+05:30,10921.65,10933.525169859628,10933.525169859628,10880.086905491302,-11.88,STOP_LOSS
short,2018-10-04 10:45:00+05:30,2018-10-04 11:40:00+05:30,10675.9,10627.827196580354,10689.635086691327,10627.827196580354,48.07,TAKE_PROFIT
short,2018-10-04 13:25:00+05:30,2018-10-04 14:25:00+05:30,10621.4,10634.367273629721,10634.367273629721,10576.014542295974,-12.97,STOP_LOSS
short,2018-10-05 11:05:00+05:30,2018-10-05 13:05:00+05:30,10473.95,10429.028880840324,10486.784605474195,10429.028880840324,44.92,TAKE_PROFIT
short,2018-10-05 13:30:00+05:30,2018-10-05 14:00:00+05:30,10422.0,10431.708937800577,10431.708937800577,10388.018717697983,-9.71,STOP_LOSS
long,2018-10-09 09:40:00+05:30,2018-10-09 09:50:00+05:30,10357.35,10334.92906621955,10334.92906621955,10435.823268231574,-22.42,STOP_LOSS
short,2018-10-09 11:15:00+05:30,2018-10-09 11:25:00+05:30,10318.2,10331.876153635923,10331.876153635923,10270.333462274273,-13.68,STOP_LOSS
long,2018-10-10 12:40:00+05:30,2018-10-10 12:55:00+05:30,10442.3,10432.472586124113,10432.472586124113,10476.6959485656,-9.83,STOP_LOSS
long,2018-10-10 13:50:00+05:30,2018-10-10 15:15:00+05:30,10457.0,10458.75,10445.966717677034,10495.616488130381,1.75,EOD_EXIT
short,2018-10-11 10:30:00+05:30,2018-10-11 11:45:00+05:30,10198.15,10214.372332555515,10214.372332555515,10141.3718360557,-16.22,STOP_LOSS
long,2018-10-12 11:05:00+05:30,2018-10-12 12:45:00+05:30,10430.45,10461.86477007887,10421.474351406037,10461.86477007887,31.41,TAKE_PROFIT
long,2018-10-12 13:35:00+05:30,2018-10-12 13:50:00+05:30,10471.0,10462.098474598755,10462.098474598755,10502.155338904355,-8.9,STOP_LOSS
short,2018-10-15 11:25:00+05:30,2018-10-15 11:45:00+05:30,10423.2,10431.216753833985,10431.216753833985,10395.141361581056,-8.02,STOP_LOSS
long,2018-10-16 10:40:00+05:30,2018-10-16 11:15:00+05:30,10588.65,10581.001311267994,10581.001311267994,10615.420410562021,-7.65,STOP_LOSS
long,2018-10-16 14:00:00+05:30,2018-10-16 14:45:00+05:30,10584.25,10576.353198383402,10576.353198383402,10611.888805658093,-7.9,STOP_LOSS
long,2018-10-17 10:05:00+05:30,2018-10-17 10:30:00+05:30,10639.0,10624.826771273247,10624.826771273247,10688.606300543634,-14.17,STOP_LOSS
short,2018-10-17 13:50:00+05:30,2018-10-17 14:25:00+05:30,10555.35,10518.28507930027,10565.93997734278,10518.28507930027,37.06,TAKE_PROFIT
short,2018-10-22 14:00:00+05:30,2018-10-22 14:45:00+05:30,10319.9,10287.110551252461,10329.268413927868,10287.110551252461,32.79,TAKE_PROFIT
short,2018-10-23 10:00:00+05:30,2018-10-23 10:15:00+05:30,10187.8,10202.405755804966,10202.405755804966,10136.679854682614,-14.61,STOP_LOSS
short,2018-10-23 10:25:00+05:30,2018-10-23 10:35:00+05:30,10198.55,10211.141074884074,10211.141074884074,10154.48123790574,-12.59,STOP_LOSS
short,2018-10-23 11:10:00+05:30,2018-10-23 12:55:00+05:30,10198.15,10164.929813210929,10207.641481939734,10164.929813210929,33.22,TAKE_PROFIT
short,2018-10-23 14:10:00+05:30,2018-10-23 14:40:00+05:30,10130.5,10140.256281865062,10140.256281865062,10096.353013472279,-9.76,STOP_LOSS
long,2018-10-24 09:45:00+05:30,2018-10-24 10:30:00+05:30,10217.0,10199.995706654849,10199.995706654849,10276.515026708028,-17.0,STOP_LOSS
short,2018-10-24 11:10:00+05:30,2018-10-24 11:55:00+05:30,10181.5,10192.30450106075,10192.30450106075,10143.684246287381,-10.8,STOP_LOSS
short,2018-10-24 14:35:00+05:30,2018-10-24 14:40:00+05:30,10152.25,10168.273106422113,10168.273106422113,10096.169127522602,-16.02,STOP_LOSS
short,2018-10-25 10:55:00+05:30,2018-10-25 11:35:00+05:30,10103.85,10114.291261833032,10114.291261833032,10067.305583584392,-10.44,STOP_LOSS
short,2018-10-26 13:45:00+05:30,2018-10-26 14:05:00+05:30,10078.3,10090.410357295536,10090.410357295536,10035.91374946562,-12.11,STOP_LOSS
short,2018-10-26 14:35:00+05:30,2018-10-26 15:15:00+05:30,10063.1,10021.45,10077.303357575382,10013.388248486166,41.65,EOD_EXIT
long,2018-10-29 11:15:00+05:30,2018-10-29 12:05:00+05:30,10084.2,10117.193819569484,10074.77319440872,10117.193819569484,32.99,TAKE_PROFIT
long,2018-10-29 13:50:00+05:30,2018-10-29 13:55:00+05:30,10180.0,10169.531145436715,10169.531145436715,10216.640990971495,-10.47,STOP_LOSS
long,2018-10-29 14:00:00+05:30,2018-10-29 14:15:00+05:30,10177.0,10165.799393683577,10165.799393683577,10216.20212210748,-11.2,STOP_LOSS
long,2018-10-30 09:40:00+05:30,2018-10-30 12:15:00+05:30,10235.1,10220.175323184721,10220.175323184721,10287.336368853477,-14.92,STOP_LOSS
short,2018-10-30 14:45:00+05:30,2018-10-30 15:15:00+05:30,10208.4,10207.55,10220.356508591281,10166.552219930512,0.85,EOD_EXIT
short,2018-10-31 10:30:00+05:30,2018-10-31 11:10:00+05:30,10143.1,10160.527411960014,10160.527411960014,10082.104058139952,-17.43,STOP_LOSS
long,2018-11-01 10:00:00+05:30,2018-11-01 11:30:00+05:30,10376.4,10361.83161053534,10361.83161053534,10427.389363126309,-14.57,STOP_LOSS
long,2018-11-02 10:45:00+05:30,2018-11-02 13:20:00+05:30,10545.6,10581.339581137658,10535.388691103528,10581.339581137658,35.74,TAKE_PROFIT
short,2018-11-05 11:40:00+05:30,2018-11-05 12:10:00+05:30,10493.1,10502.470019462411,10502.470019462411,10460.304931881563,-9.37,STOP_LOSS
long,2018-11-06 09:50:00+05:30,2018-11-06 10:50:00+05:30,10566.25,10554.549337609495,10554.549337609495,10607.202318366766,-11.7,STOP_LOSS
short,2018-11-06 14:35:00+05:30,2018-11-06 15:00:00+05:30,10516.45,10528.217654985976,10528.217654985976,10475.26320754909,-11.77,STOP_LOSS
long,2018-11-09 11:15:00+05:30,2018-11-09 12:25:00+05:30,10605.85,10598.961896887868,10598.961896887868,10629.958360892468,-6.89,STOP_LOSS
short,2018-11-09 14:10:00+05:30,2018-11-09 14:30:00+05:30,10573.35,10580.323724029442,10580.323724029442,10548.941965896955,-6.97,STOP_LOSS
long,2018-11-12 09:45:00+05:30,2018-11-12 09:55:00+05:30,10620.05,10610.303388686934,10610.303388686934,10654.163139595727,-9.75,STOP_LOSS
short,2018-11-12 14:30:00+05:30,2018-11-12 15:05:00+05:30,10520.7,10495.917368060014,10527.780751982855,10495.917368060014,24.78,TAKE_PROFIT
short,2018-11-13 09:50:00+05:30,2018-11-13 12:10:00+05:30,10485.85,10497.339621416839,10497.339621416839,10445.636325041065,-11.49,STOP_LOSS
long,2018-11-14 11:10:00+05:30,2018-11-14 13:30:00+05:30,10596.4,10585.922603623754,10585.922603623754,10633.070887316859,-10.48,STOP_LOSS
long,2018-11-15 11:55:00+05:30,2018-11-15 13:00:00+05:30,10613.55,10635.997064971445,10607.1365528653,10635.997064971445,22.45,TAKE_PROFIT
long,2018-11-15 13:20:00+05:30,2018-11-15 13:25:00+05:30,10628.4,10620.76000789117,10620.76000789117,10655.139972380908,-7.64,STOP_LOSS
long,2018-11-15 13:45:00+05:30,2018-11-15 14:20:00+05:30,10629.8,10622.019823881395,10622.019823881395,10657.03061641511,-7.78,STOP_LOSS
long,2018-11-19 09:35:00+05:30,2018-11-19 14:35:00+05:30,10699.85,10740.901554157488,10688.120984526433,10740.901554157488,41.05,TAKE_PROFIT
short,2018-11-20 13:50:00+05:30,2018-11-20 14:20:00+05:30,10691.5,10669.498981120028,10697.786005394279,10669.498981120028,22.0,TAKE_PROFIT
short,2018-11-21 10:50:00+05:30,2018-11-21 12:15:00+05:30,10582.7,10590.74726641938,10590.74726641938,10554.534567532175,-8.05,STOP_LOSS
long,2018-11-22 10:05:00+05:30,2018-11-22 10:45:00+05:30,10631.85,10624.480151132018,10624.480151132018,10657.64447103794,-7.37,STOP_LOSS
short,2018-11-22 13:50:00+05:30,2018-11-22 14:50:00+05:30,10573.75,10545.054918711665,10581.94859465381,10545.054918711665,28.7,TAKE_PROFIT
short,2018-11-26 09:40:00+05:30,2018-11-26 11:45:00+05:30,10539.4,10493.621674115693,10552.47952168123,10493.621674115693,45.78,TAKE_PROFIT
long,2018-11-27 09:35:00+05:30,2018-11-27 09:45:00+05:30,10622.55,10613.331792195293,10613.331792195293,10654.813727316472,-9.22,STOP_LOSS
long,2018-11-28 10:20:00+05:30,2018-11-28 10:25:00+05:30,10726.9,10719.829724146733,10719.829724146733,10751.645965486428,-7.07,STOP_LOSS
long,2018-11-28 10:35:00+05:30,2018-11-28 12:15:00+05:30,10725.6,10748.800173681091,10718.97137894826,10748.800173681091,23.2,TAKE_PROFIT
long,2018-11-29 11:00:00+05:30,2018-11-29 11:05:00+05:30,10822.3,10817.379922796252,10817.379922796252,10839.520270213114,-4.92,STOP_LOSS
long,2018-11-29 11:15:00+05:30,2018-11-29 12:55:00+05:30,10820.65,10837.187613676508,10815.924967520998,10837.187613676508,16.54,TAKE_PROFIT
long,2018-11-29 13:30:00+05:30,2018-11-29 13:35:00+05:30,10838.45,10832.703877216562,10832.703877216562,10858.561429742042,-5.75,STOP_LOSS
long,2018-11-29 14:30:00+05:30,2018-11-29 15:05:00+05:30,10864.9,10857.529702429025,10857.529702429025,10890.696041498413,-7.37,STOP_LOSS
long,2018-11-30 09:50:00+05:30,2018-11-30 11:35:00+05:30,10901.05,10890.841747433018,10890.841747433018,10936.77888398443,-10.21,STOP_LOSS
short,2018-11-30 13:40:00+05:30,2018-11-30 14:35:00+05:30,10854.5,10862.349568022024,10862.349568022024,10827.026511922915,-7.85,STOP_LOSS
long,2018-12-03 10:00:00+05:30,2018-12-03 10:45:00+05:30,10912.45,10903.035281771105,10903.035281771105,10945.401513801135,-9.41,STOP_LOSS
short,2018-12-03 12:30:00+05:30,2018-12-03 13:35:00+05:30,10864.65,10871.982022986756,10871.982022986756,10838.98791954635,-7.33,STOP_LOSS
short,2018-12-04 09:55:00+05:30,2018-12-04 13:40:00+05:30,10859.5,10868.158239024615,10868.158239024615,10829.196163413848,-8.66,STOP_LOSS
short,2018-12-05 10:05:00+05:30,2018-12-05 14:45:00+05:30,10799.75,10771.167715089236,10807.916367117361,10771.167715089236,28.58,TAKE_PROFIT
short,2018-12-06 11:20:00+05:30,2018-12-06 12:05:00+05:30,10654.25,10661.091044861701,10661.091044861701,10630.306342984044,-6.84,STOP_LOSS
short,2018-12-10 10:25:00+05:30,2018-12-10 11:20:00+05:30,10515.95,10527.19794378374,10527.19794378374,10476.582196756914,-11.25,STOP_LOSS
short,2018-12-10 14:50:00+05:30,2018-12-10 15:15:00+05:30,10500.55,10486.45,10508.731592339353,10471.914426812262,14.1,EOD_EXIT
short,2018-12-11 09:55:00+05:30,2018-12-11 10:20:00+05:30,10388.05,10408.656048276785,10408.656048276785,10315.928831031246,-20.61,STOP_LOSS
long,2018-12-11 13:55:00+05:30,2018-12-11 15:15:00+05:30,10520.5,10550.65,10506.156900805854,10570.70084717951,30.15,EOD_EXIT
long,2018-12-12 10:45:00+05:30,2018-12-12 12:50:00+05:30,10657.3,10647.267787773684,10647.267787773684,10692.412742792101,-10.03,STOP_LOSS
long,2018-12-13 10:20:00+05:30,2018-12-13 10:55:00+05:30,10800.75,10792.481824892893,10792.481824892893,10829.68861287487,-8.27,STOP_LOSS
long,2018-12-17 10:00:00+05:30,2018-12-17 14:20:00+05:30,10850.35,10879.40141278092,10842.049596348308,10879.40141278092,29.05,TAKE_PROFIT
short,2018-12-18 10:45:00+05:30,2018-12-18 11:55:00+05:30,10832.6,10838.093496266501,10838.093496266501,10813.372763067244,-5.49,STOP_LOSS
long,2018-12-18 13:35:00+05:30,2018-12-18 13:45:00+05:30,10862.65,10857.37404455483,10857.37404455483,10881.115844058093,-5.28,STOP_LOSS
long,2018-12-19 10:15:00+05:30,2018-12-19 10:50:00+05:30,10952.75,10947.152710783552,10947.152710783552,10972.340512257571,-5.6,STOP_LOSS
short,2018-12-20 10:00:00+05:30,2018-12-20 10:30:00+05:30,10928.1,10896.007575056212,10937.269264269655,10896.007575056212,32.09,TAKE_PROFIT
short,2018-12-20 10:50:00+05:30,2018-12-20 11:30:00+05:30,10901.25,10909.719846058804,10909.719846058804,10871.605538794183,-8.47,STOP_LOSS
long,2018-12-21 09:30:00+05:30,2018-12-21 09:50:00+05:30,10949.65,10939.73510012155,10939.73510012155,10984.352149574574,-9.91,STOP_LOSS
short,2018-12-21 11:20:00+05:30,2018-12-21 13:55:00+05:30,10837.65,10800.245924370787,10848.336878751203,10800.245924370787,37.4,TAKE_PROFIT
short,2018-12-24 10:25:00+05:30,2018-12-24 12:35:00+05:30,10730.65,10740.664370905244,10740.664370905244,10695.599701831645,-10.01,STOP_LOSS
short,2018-12-26 10:45:00+05:30,2018-12-26 10:55:00+05:30,10555.15,10564.526325515695,10564.526325515695,10522.332860695065,-9.38,STOP_LOSS
short,2018-12-26 11:15:00+05:30,2018-12-26 11:25:00+05:30,10567.0,10575.160276805364,10575.160276805364,10538.43903118123,-8.16,STOP_LOSS
long,2018-12-27 11:10:00+05:30,2018-12-27 11:15:00+05:30,10816.5,10809.491551636524,10809.491551636524,10841.029569272167,-7.01,STOP_LOSS
long,2018-12-28 10:40:00+05:30,2018-12-28 11:40:00+05:30,10876.05,10869.689761554584,10869.689761554584,10898.310834558952,-6.36,STOP_LOSS
short,2019-01-01 10:15:00+05:30,2019-01-01 11:00:00+05:30,10830.2,10837.581893131764,10837.581893131764,10804.36337403883,-7.38,STOP_LOSS
short,2019-01-01 13:50:00+05:30,2019-01-01 14:00:00+05:30,10816.95,10821.132481279237,10821.132481279237,10802.311315522671,-4.18,STOP_LOSS
short,2019-01-02 14:20:00+05:30,2019-01-02 14:30:00+05:30,10761.35,10772.60020737868,10772.60020737868,10721.97427417462,-11.25,STOP_LOSS
short,2019-01-03 12:00:00+05:30,2019-01-03 13:35:00+05:30,10729.6,10700.945329503578,10737.787048713264,10700.945329503578,28.65,TAKE_PROFIT
short,2019-01-03 13:55:00+05:30,2019-01-03 15:15:00+05:30,10698.6,10672.55,10708.169574986257,10665.106487548102,26.05,EOD_EXIT
long,2019-01-04 12:55:00+05:30,2019-01-04 13:45:00+05:30,10716.55,10707.025346740338,10707.025346740338,10749.886286408811,-9.52,STOP_LOSS
short,2019-01-04 14:30:00+05:30,2019-01-04 14:40:00+05:30,10690.45,10703.46239981001,10703.46239981001,10644.906600664965,-13.01,STOP_LOSS
long,2019-01-07 09:45:00+05:30,2019-01-07 10:15:00+05:30,10783.0,10827.57701398115,10770.2637102911,10827.57701398115,44.58,TAKE_PROFIT
long,2019-01-07 10:45:00+05:30,2019-01-07 11:20:00+05:30,10820.55,10813.155666764338,10813.155666764338,10846.430166324813,-7.39,STOP_LOSS
long,2019-01-08 10:35:00+05:30,2019-01-08 10:45:00+05:30,10786.7,10778.059304113676,10778.059304113676,10816.942435602137,-8.64,STOP_LOSS
long,2019-01-08 14:45:00+05:30,2019-01-08 15:15:00+05:30,10801.35,10804.0,10794.098445568827,10826.730440509109,2.65,EOD_EXIT
long,2019-01-09 10:05:00+05:30,2019-01-09 10:55:00+05:30,10854.5,10845.660235802263,10845.660235802263,10885.43917469208,-8.84,STOP_LOSS
short,2019-01-09 14:35:00+05:30,2019-01-09 14:40:00+05:30,10801.2,10814.473257032803,10814.473257032803,10754.743600385193,-13.27,STOP_LOSS
long,2019-01-11 09:55:00+05:30,2019-01-11 10:05:00+05:30,10834.75,10827.089834575561,10827.089834575561,10861.560578985533,-7.66,STOP_LOSS
short,2019-01-11 10:55:00+05:30,2019-01-11 11:30:00+05:30,10814.25,10792.025760615941,10820.59978268116,10792.025760615941,22.22,TAKE_PROFIT
short,2019-01-11 12:20:00+05:30,2019-01-11 13:55:00+05:30,10778.05,10754.267863159084,10784.84489624026,10754.267863159084,23.78,TAKE_PROFIT
short,2019-01-11 14:10:00+05:30,2019-01-11 14:15:00+05:30,10757.6,10764.97657608374,10764.97657608374,10731.781983706913,-7.38,STOP_LOSS
short,2019-01-14 10:55:00+05:30,2019-01-14 11:50:00+05:30,10727.75,10704.306800915243,10734.44805688136,10704.306800915243,23.44,TAKE_PROFIT
long,2019-01-15 10:20:00+05:30,2019-01-15 11:05:00+05:30,10817.15,10840.949980602882,10810.350005542034,10840.949980602882,23.8,TAKE_PROFIT
long,2019-01-15 11:45:00+05:30,2019-01-15 11:55:00+05:30,10850.3,10845.09014185271,10845.09014185271,10868.53450351551,-5.21,STOP_LOSS
long,2019-01-15 12:05:00+05:30,2019-01-15 12:25:00+05:30,10848.3,10843.180409707758,10843.180409707758,10866.218566022844,-5.12,STOP_LOSS
long,2019-01-16 10:10:00+05:30,2019-01-16 10:15:00+05:30,10912.7,10905.898548223788,10905.898548223788,10936.505081216748,-6.8,STOP_LOSS
long,2019-01-16 10:35:00+05:30,2019-01-16 10:55:00+05:30,10909.35,10902.544118539134,10902.544118539134,10933.170585113034,-6.81,STOP_LOSS
short,2019-01-18 10:40:00+05:30,2019-01-18 10:45:00+05:30,10870.5,10879.194205986887,10879.194205986887,10840.070279045894,-8.69,STOP_LOSS
long,2019-01-21 10:50:00+05:30,2019-01-21 11:05:00+05:30,10977.8,10971.013181768276,10971.013181768276,11001.553863811028,-6.79,STOP_LOSS
short,2019-01-22 10:15:00+05:30,2019-01-22 11:55:00+05:30,10917.75,10892.32772812073,10925.01350625122,10892.32772812073,25.42,TAKE_PROFIT
short,2019-01-22 12:25:00+05:30,2019-01-22 12:35:00+05:30,10882.35,10889.25014126811,10889.25014126811,10858.199505561619,-6.9,STOP_LOSS
long,2019-01-23 09:45:00+05:30,2019-01-23 10:05:00+05:30,10924.6,10916.399513616523,10916.399513616523,10953.30170234217,-8.2,STOP_LOSS
short,2019-01-24 09:55:00+05:30,2019-01-24 10:25:00+05:30,10827.55,10837.533778560348,10837.533778560348,10792.606775038781,-9.98,STOP_LOSS
short,2019-01-24 13:50:00+05:30,2019-01-24 14:00:00+05:30,10813.3,10820.483510855656,10820.483510855656,10788.157712005199,-7.18,STOP_LOSS
long,2019-01-25 10:15:00+05:30,2019-01-25 10:30:00+05:30,10918.7,10912.012432138798,10912.012432138798,10942.106487514211,-6.69,STOP_LOSS
long,2019-01-25 10:50:00+05:30,2019-01-25 11:15:00+05:30,10913.4,10908.267217908573,10908.267217908573,10931.364737319993,-5.13,STOP_LOSS
short,2019-01-28 10:40:00+05:30,2019-01-28 11:30:00+05:30,10717.4,10677.080202608126,10728.919942111965,10677.080202608126,40.32,TAKE_PROFIT
short,2019-01-28 12:10:00+05:30,2019-01-28 13:30:00+05:30,10688.3,10655.529386354227,10697.66303247022,10655.529386354227,32.77,TAKE_PROFIT
short,2019-01-28 14:25:00+05:30,2019-01-28 14:30:00+05:30,10647.6,10658.018605486364,10658.018605486364,10611.134880797725,-10.42,STOP_LOSS
short,2019-01-29 11:00:00+05:30,2019-01-29 11:45:00+05:30,10642.9,10651.380708718949,10651.380708718949,10613.217519483678,-8.48,STOP_LOSS
short,2019-01-29 13:30:00+05:30,2019-01-29 15:00:00+05:30,10604.9,10613.896842397751,10613.896842397751,10573.411051607869,-9.0,STOP_LOSS
long,2019-01-30 09:40:00+05:30,2019-01-30 10:25:00+05:30,10674.5,10661.059997526549,10661.059997526549,10721.540008657077,-13.44,STOP_LOSS
short,2019-01-30 11:15:00+05:30,2019-01-30 11:25:00+05:30,10638.25,10646.381911663144,10646.381911663144,10609.788309178994,-8.13,STOP_LOSS
long,2019-01-31 09:45:00+05:30,2019-01-31 10:40:00+05:30,10684.2,10727.111048984723,10671.93970029008,10727.111048984723,42.91,TAKE_PROFIT
long,2019-01-31 11:50:00+05:30,2019-01-31 13:10:00+05:30,10745.05,10768.399910356406,10738.378597041026,10768.399910356406,23.35,TAKE_PROFIT
long,2019-01-31 14:05:00+05:30,2019-01-31 14:55:00+05:30,10794.15,10822.261796460913,10786.118058154025,10822.261796460913,28.11,TAKE_PROFIT
long,2019-02-01 10:15:00+05:30,2019-02-01 10:35:00+05:30,10869.6,10860.827750843433,10860.827750843433,10900.302872047983,-8.77,STOP_LOSS
long,2019-02-01 10:40:00+05:30,2019-02-01 11:20:00+05:30,10868.15,10859.32596723478,10859.32596723478,10899.03411467827,-8.82,STOP_LOSS
short,2019-02-04 10:40:00+05:30,2019-02-04 12:00:00+05:30,10849.25,10858.89909224077,10858.89909224077,10815.478177157307,-9.65,STOP_LOSS
long,2019-02-05 09:45:00+05:30,2019-02-05 12:05:00+05:30,10907.4,10945.98757836403,10896.374977610278,10945.98757836403,38.59,TAKE_PROFIT
long,2019-02-05 12:35:00+05:30,2019-02-05 12:40:00+05:30,10942.4,10936.834186324602,10936.834186324602,10961.880347863887,-5.57,STOP_LOSS
long,2019-02-06 10:35:00+05:30,2019-02-06 12:15:00+05:30,10990.1,11020.00963146579,10981.554391009775,11020.00963146579,29.91,TAKE_PROFIT
long,2019-02-06 12:50:00+05:30,2019-02-06 13:45:00+05:30,11027.05,11046.30588712465,11021.548317964385,11046.30588712465,19.26,TAKE_PROFIT
long,2019-02-06 14:15:00+05:30,2019-02-06 15:15:00+05:30,11048.4,11061.4,11042.428352698898,11069.300765553851,13.0,EOD_EXIT
long,2019-02-07 09:50:00+05:30,2019-02-07 12:00:00+05:30,11085.95,11078.202282898743,11078.202282898743,11113.067009854405,-7.75,STOP_LOSS
long,2019-02-07 14:10:00+05:30,2019-02-07 15:05:00+05:30,11097.95,11090.440062376854,11090.440062376854,11124.234781681016,-7.51,STOP_LOSS
short,2019-02-08 11:00:00+05:30,2019-02-08 11:25:00+05:30,11002.05,11008.846224615821,11008.846224615821,10978.263213844622,-6.8,STOP_LOSS
short,2019-02-08 13:15:00+05:30,2019-02-08 13:35:00+05:30,10974.0,10982.186441203037,10982.186441203037,10945.347455789368,-8.19,STOP_LOSS
short,2019-02-11 10:20:00+05:30,2019-02-11 11:25:00+05:30,10877.35,10887.01103360889,10887.01103360889,10843.53638236889,-9.66,STOP_LOSS
short,2019-02-14 10:35:00+05:30,2019-02-14 12:15:00+05:30,10748.9,10755.519094358784,10755.519094358784,10725.733169744257,-6.62,STOP_LOSS
short,2019-02-15 11:35:00+05:30,2019-02-15 13:40:00+05:30,10658.55,10667.220179262195,10667.220179262195,10628.204372582317,-8.67,STOP_LOSS
short,2019-02-18 10:10:00+05:30,2019-02-18 15:15:00+05:30,10677.25,10639.65,10689.040220850817,10635.98422702214,37.6,EOD_EXIT
long,2019-02-19 10:10:00+05:30,2019-02-19 10:40:00+05:30,10678.8,10670.71597553204,10670.71597553204,10707.094085637851,-8.08,STOP_LOSS
long,2019-02-19 13:35:00+05:30,2019-02-19 14:05:00+05:30,10706.85,10700.886497130683,10700.886497130683,10727.722260042612,-5.96,STOP_LOSS
long,2019-02-20 10:25:00+05:30,2019-02-20 11:15:00+05:30,10674.95,10667.170321245032,10667.170321245032,10702.178875642394,-7.78,STOP_LOSS
long,2019-02-21 09:55:00+05:30,2019-02-21 11:25:00+05:30,10731.25,10763.424421319838,10722.057308194331,10763.424421319838,32.17,TAKE_PROFIT
long,2019-02-21 11:50:00+05:30,2019-02-21 13:05:00+05:30,10763.05,10783.831806838109,10757.112340903397,10783.831806838109,20.78,TAKE_PROFIT
long,2019-02-21 13:30:00+05:30,2019-02-21 14:20:00+05:30,10780.3,10798.958397863045,10774.969029181986,10798.958397863045,18.66,TAKE_PROFIT
long,2019-02-21 14:30:00+05:30,2019-02-21 14:35:00+05:30,10792.6,10786.342081129296,10786.342081129296,10814.502716047466,-6.26,STOP_LOSS
long,2019-02-25 09:30:00+05:30,2019-02-25 09:35:00+05:30,10802.25,10793.225319598147,10793.225319598147,10833.836381406487,-9.02,STOP_LOSS
long,2019-02-25 13:40:00+05:30,2019-02-25 14:10:00+05:30,10833.5,10849.614350288448,10828.895899917587,10849.614350288448,16.11,TAKE_PROFIT
long,2019-02-25 14:45:00+05:30,2019-02-25 15:05:00+05:30,10854.65,10871.903913352522,10849.720310470708,10871.903913352522,17.25,TAKE_PROFIT
long,2019-02-26 13:10:00+05:30,2019-02-26 13:35:00+05:30,10846.0,10838.384319879886,10838.384319879886,10872.6548804204,-7.62,STOP_LOSS
long,2019-02-26 14:00:00+05:30,2019-02-26 14:30:00+05:30,10847.9,10873.329986168703,10840.634289666084,10873.329986168703,25.43,TAKE_PROFIT
long,2019-02-27 10:20:00+05:30,2019-02-27 10:50:00+05:30,10911.5,10932.16362967769,10905.596105806375,10932.16362967769,20.66,TAKE_PROFIT
long,2019-02-27 11:05:00+05:30,2019-02-27 11:15:00+05:30,10925.15,10919.719635114401,10919.719635114401,10944.156277099592,-5.43,STOP_LOSS
short,2019-02-27 13:15:00+05:30,2019-02-27 13:30:00+05:30,10787.75,10800.483144476997,10800.483144476997,10743.183994330513,-12.73,STOP_LOSS
long,2019-02-28 10:50:00+05:30,2019-02-28 10:55:00+05:30,10834.2,10828.044786638375,10828.044786638375,10855.743246765689,-6.16,STOP_LOSS
long,2019-02-28 14:15:00+05:30,2019-02-28 15:00:00+05:30,10824.65,10816.710930520918,10816.710930520918,10852.436743176784,-7.94,STOP_LOSS
long,2019-03-01 10:10:00+05:30,2019-03-01 10:25:00+05:30,10854.3,10846.706875197193,10846.706875197193,10880.875936809822,-7.59,STOP_LOSS
long,2019-03-05 11:15:00+05:30,2019-03-05 12:25:00+05:30,10886.1,10903.851756739752,10881.028069502929,10903.851756739752,17.75,TAKE_PROFIT
long,2019-03-05 14:10:00+05:30,2019-03-05 14:25:00+05:30,10928.05,10946.661391982952,10922.73245943344,10946.661391982952,18.61,TAKE_PROFIT
long,2019-03-06 10:10:00+05:30,2019-03-06 10:15:00+05:30,11031.85,11023.901519236093,11023.901519236093,11059.669682673675,-7.95,STOP_LOSS
long,2019-03-06 11:15:00+05:30,2019-03-06 13:25:00+05:30,11031.55,11025.797511255334,11025.797511255334,11051.683710606329,-5.75,STOP_LOSS
long,2019-03-07 14:45:00+05:30,2019-03-07 14:50:00+05:30,11078.85,11073.335427491977,11073.335427491977,11098.151003778083,-5.51,STOP_LOSS
short,2019-03-08 10:05:00+05:30,2019-03-08 11:20:00+05:30,11027.7,11037.224224038344,11037.224224038344,10994.365215865797,-9.52,STOP_LOSS
short,2019-03-08 13:30:00+05:30,2019-03-08 13:35:00+05:30,11017.85,11022.606545221242,11022.606545221242,11001.202091725656,-4.76,STOP_LOSS
long,2019-03-11 10:40:00+05:30,2019-03-11 13:10:00+05:30,11133.25,11152.378677358574,11127.784663611836,11152.378677358574,19.13,TAKE_PROFIT
long,2019-03-12 11:30:00+05:30,2019-03-12 11:45:00+05:30,11293.55,11288.321885953163,11288.321885953163,11311.848399163926,-5.23,STOP_LOSS
long,2019-03-13 10:00:00+05:30,2019-03-13 10:10:00+05:30,11316.35,11306.527387940892,11306.527387940892,11350.72914220688,-9.82,STOP_LOSS
long,2019-03-13 14:05:00+05:30,2019-03-13 14:25:00+05:30,11334.25,11327.526220845248,11327.526220845248,11357.783227041635,-6.72,STOP_LOSS
long,2019-03-15 10:25:00+05:30,2019-03-15 11:45:00+05:30,11416.0,11409.408202414437,11409.408202414437,11439.071291549466,-6.59,STOP_LOSS
long,2019-03-15 13:40:00+05:30,2019-03-15 14:10:00+05:30,11440.2,11460.55029451953,11434.385630137278,11460.55029451953,20.35,TAKE_PROFIT
long,2019-03-18 09:55:00+05:30,2019-03-18 10:20:00+05:30,11506.4,11494.217557317672,11494.217557317672,11549.038549388144,-12.18,STOP_LOSS
long,2019-03-19 09:40:00+05:30,2019-03-19 14:00:00+05:30,11467.45,11506.187125642651,11456.382249816386,11506.187125642651,38.74,TAKE_PROFIT
long,2019-03-19 14:50:00+05:30,2019-03-19 15:15:00+05:30,11502.55,11534.410712705554,11493.446939226984,11534.410712705554,31.86,TAKE_PROFIT
long,2019-03-20 10:00:00+05:30,2019-03-20 10:05:00+05:30,11533.6,11525.606311579662,11525.606311579662,11561.577909471187,-7.99,STOP_LOSS
long,2019-03-20 10:40:00+05:30,2019-03-20 12:00:00+05:30,11539.55,11532.403411616922,11532.403411616922,11564.56305934077,-7.15,STOP_LOSS
long,2019-03-22 10:10:00+05:30,2019-03-22 10:25:00+05:30,11557.45,11549.695083636318,11549.695083636318,11584.592207272895,-7.75,STOP_LOSS
short,2019-03-25 10:10:00+05:30,2019-03-25 13:20:00+05:30,11363.5,11326.34585057573,11374.115471264078,11326.34585057573,37.15,TAKE_PROFIT
long,2019-03-26 09:55:00+05:30,2019-03-26 10:45:00+05:30,11385.05,11376.123243887885,11376.123243887885,11416.2936463924,-8.93,STOP_LOSS
long,2019-03-26 13:50:00+05:30,2019-03-26 14:25:00+05:30,11401.2,11422.823897497148,11395.021743572244,11422.823897497148,21.62,TAKE_PROFIT
long,2019-03-27 09:35:00+05:30,2019-03-27 13:40:00+05:30,11507.5,11496.699719498254,11496.699719498254,11545.30098175611,-10.8,STOP_LOSS
short,2019-03-27 14:20:00+05:30,2019-03-27 14:30:00+05:30,11458.65,11474.466757796139,11474.466757796139,11403.291347713508,-15.82,STOP_LOSS
short,2019-03-27 14:50:00+05:30,2019-03-27 15:15:00+05:30,11469.7,11439.6,11484.367955204938,11418.362156782723,30.1,EOD_EXIT
long,2019-03-28 10:20:00+05:30,2019-03-28 10:30:00+05:30,11502.35,11493.333043840294,11493.333043840294,11533.909346558976,-9.02,STOP_LOSS
long,2019-03-28 10:55:00+05:30,2019-03-28 13:40:00+05:30,11498.8,11523.942686455615,11491.616375298394,11523.942686455615,25.14,TAKE_PROFIT
long,2019-03-29 09:40:00+05:30,2019-03-29 10:55:00+05:30,11589.7,11577.239539375372,11577.239539375372,11633.311612186199,-12.46,STOP_LOSS
long,2019-03-29 14:40:00+05:30,2019-03-29 15:15:00+05:30,11608.0,11620.65,11600.06141359871,11635.785052404512,12.65,EOD_EXIT
short,2019-04-02 10:05:00+05:30,2019-04-02 11:20:00+05:30,11672.95,11683.49602164856,11683.49602164856,11636.03892423004,-10.55,STOP_LOSS
short,2019-04-02 14:35:00+05:30,2019-04-02 14:50:00+05:30,11685.7,11695.384177151362,11695.384177151362,11651.80537997024,-9.68,STOP_LOSS
long,2019-04-03 10:20:00+05:30,2019-04-03 10:30:00+05:30,11746.75,11739.804146982648,11739.804146982648,11771.06048556073,-6.95,STOP_LOSS
long,2019-04-03 10:45:00+05:30,2019-04-03 11:05:00+05:30,11746.8,11740.48423666914,11740.48423666914,11768.905171658007,-6.32,STOP_LOSS
short,2019-04-04 09:35:00+05:30,2019-04-04 12:05:00+05:30,11648.65,11610.909893752807,11659.432887499197,11610.909893752807,37.74,TAKE_PROFIT
short,2019-04-04 14:45:00+05:30,2019-04-04 15:05:00+05:30,11588.75,11599.612933191791,11599.612933191791,11550.72973382873,-10.86,STOP_LOSS
long,2019-04-05 10:10:00+05:30,2019-04-05 10:15:00+05:30,11647.95,11640.284746206298,11640.284746206298,11674.778388277959,-7.67,STOP_LOSS
short,2019-04-08 14:05:00+05:30,2019-04-08 14:20:00+05:30,11595.1,11567.847754189534,11602.886355945848,11567.847754189534,27.25,TAKE_PROFIT
long,2019-04-09 14:50:00+05:30,2019-04-09 15:10:00+05:30,11640.45,11671.011440348682,11631.718159900378,11671.011440348682,30.56,TAKE_PROFIT
long,2019-04-10 09:30:00+05:30,2019-04-10 10:45:00+05:30,11668.7,11657.008572068069,11657.008572068069,11709.619997761762,-11.69,STOP_LOSS
short,2019-04-10 14:30:00+05:30,2019-04-10 15:15:00+05:30,11609.8,11583.15,11620.312520891392,11573.006176880128,26.65,EOD_EXIT
short,2019-04-11 09:30:00+05:30,2019-04-11 15:15:00+05:30,11590.0,11598.9113288739,11598.9113288739,11558.810348941348,-8.91,STOP_LOSS
long,2019-04-12 09:55:00+05:30,2019-04-12 10:10:00+05:30,11617.2,11609.871848455039,11609.871848455039,11642.848530407367,-7.33,STOP_LOSS
long,2019-04-12 10:15:00+05:30,2019-04-12 10:40:00+05:30,11613.4,11606.679709900727,11606.679709900727,11636.921015347452,-6.72,STOP_LOSS
long,2019-04-15 09:30:00+05:30,2019-04-15 13:55:00+05:30,11654.95,11689.180615901694,11645.169824028088,11689.180615901694,34.23,TAKE_PROFIT
long,2019-04-16 11:05:00+05:30,2019-04-16 12:15:00+05:30,11779.55,11774.775061690016,11774.775061690016,11796.262284084944,-4.77,STOP_LOSS
long,2019-04-16 14:40:00+05:30,2019-04-16 14:50:00+05:30,11801.3,11795.567956621635,11795.567956621635,11821.362151824273,-5.73,STOP_LOSS
short,2019-04-18 10:55:00+05:30,2019-04-18 11:05:00+05:30,11761.15,11768.617856182229,11768.617856182229,11735.012503362197,-7.47,STOP_LOSS
short,2019-04-18 11:10:00+05:30,2019-04-18 13:40:00+05:30,11764.15,11771.235897787365,11771.235897787365,11739.34935774422,-7.09,STOP_LOSS
short,2019-04-22 10:15:00+05:30,2019-04-22 13:10:00+05:30,11666.5,11632.956086482345,11676.08397529076,11632.956086482345,33.54,TAKE_PROFIT
long,2019-04-25 09:45:00+05:30,2019-04-25 10:40:00+05:30,11734.95,11765.326929302239,11726.270877342218,11765.326929302239,30.38,TAKE_PROFIT
long,2019-04-25 11:35:00+05:30,2019-04-25 12:15:00+05:30,11782.9,11777.26399603242,11777.26399603242,11802.62601388653,-5.64,STOP_LOSS
short,2019-04-26 09:35:00+05:30,2019-04-26 09:55:00+05:30,11672.0,11686.03733317082,11686.03733317082,11622.869333902128,-14.04,STOP_LOSS
long,2019-04-26 14:30:00+05:30,2019-04-26 15:15:00+05:30,11725.8,11754.9,11716.47800612106,11758.426978576286,29.1,EOD_EXIT
short,2019-04-30 10:40:00+05:30,2019-04-30 10:50:00+05:30,11671.1,11679.31565752636,11679.31565752636,11642.345198657738,-8.22,STOP_LOSS
long,2019-05-02 09:50:00+05:30,2019-05-02 10:10:00+05:30,11733.45,11773.15496995629,11722.105722869634,11773.15496995629,39.7,TAKE_PROFIT
long,2019-05-02 10:50:00+05:30,2019-05-02 11:55:00+05:30,11774.0,11765.496879513845,11765.496879513845,11803.760921701547,-8.5,STOP_LOSS
long,2019-05-03 10:40:00+05:30,2019-05-03 11:20:00+05:30,11757.75,11751.461446155057,11751.461446155057,11779.759938457297,-6.29,STOP_LOSS
short,2019-05-06 10:25:00+05:30,2019-05-06 14:30:00+05:30,11623.15,11594.628284711087,11631.299061511118,11594.628284711087,28.52,TAKE_PROFIT
short,2019-05-06 14:55:00+05:30,2019-05-06 15:00:00+05:30,11586.6,11593.599178056289,11593.599178056289,11562.10287680299,-7.0,STOP_LOSS
short,2019-05-08 10:45:00+05:30,2019-05-08 12:45:00+05:30,11420.4,11396.511619536668,11427.22525156095,11396.511619536668,23.89,TAKE_PROFIT
short,2019-05-09 10:15:00+05:30,2019-05-09 10:35:00+05:30,11323.95,11333.364464220323,11333.364464220323,11290.999375228874,-9.41,STOP_LOSS
short,2019-05-09 13:25:00+05:30,2019-05-09 14:20:00+05:30,11289.9,11297.43779370915,11297.43779370915,11263.517722017968,-7.54,STOP_LOSS
short,2019-05-13 09:55:00+05:30,2019-05-13 10:00:00+05:30,11263.9,11275.14919068179,11275.14919068179,11224.527832613732,-11.25,STOP_LOSS
short,2019-05-14 10:40:00+05:30,2019-05-14 10:50:00+05:30,11129.15,11137.427745344892,11137.427745344892,11100.177891292873,-8.28,STOP_LOSS
short,2019-05-14 11:00:00+05:30,2019-05-14 12:55:00+05:30,11131.85,11139.721780440404,11139.721780440404,11104.298768458582,-7.87,STOP_LOSS
long,2019-05-15 09:35:00+05:30,2019-05-15 13:05:00+05:30,11242.55,11228.73917022607,11228.73917022607,11290.887904208748,-13.81,STOP_LOSS
short,2019-05-16 09:45:00+05:30,2019-05-16 12:10:00+05:30,11170.85,11182.393707002497,11182.393707002497,11130.447025491261,-11.54,STOP_LOSS
long,2019-05-17 09:50:00+05:30,2019-05-17 12:05:00+05:30,11293.1,11336.715554170562,11280.638413094126,11336.715554170562,43.62,TAKE_PROFIT
long,2019-05-17 14:05:00+05:30,2019-05-17 14:20:00+05:30,11369.15,11357.905778542536,11357.905778542536,11408.504775101126,-11.24,STOP_LOSS
long,2019-05-17 14:30:00+05:30,2019-05-17 14:35:00+05:30,11363.75,11352.703689886279,11352.703689886279,11402.412085398022,-11.05,STOP_LOSS
long,2019-05-20 11:10:00+05:30,2019-05-20 11:50:00+05:30,11677.5,11709.04054943964,11668.488414445817,11709.04054943964,31.54,TAKE_PROFIT
long,2019-05-20 12:45:00+05:30,2019-05-20 13:30:00+05:30,11727.0,11752.197104063658,11719.800827410383,11752.197104063658,25.2,TAKE_PROFIT
long,2019-05-20 14:35:00+05:30,2019-05-20 15:00:00+05:30,11787.0,11830.984954223382,11774.43287022189,11830.984954223382,43.98,TAKE_PROFIT
long,2019-05-21 09:45:00+05:30,2019-05-21 11:50:00+05:30,11842.75,11825.895370716116,11825.895370716116,11901.741202493591,-16.85,STOP_LOSS
short,2019-05-24 09:55:00+05:30,2019-05-24 11:05:00+05:30,11703.9,11722.909015698868,11722.909015698868,11637.368445053962,-19.01,STOP_LOSS
long,2019-05-24 14:40:00+05:30,2019-05-24 15:15:00+05:30,11815.6,11840.45,11802.159586762375,11862.64144633169,24.85,EOD_EXIT
long,2019-05-27 10:50:00+05:30,2019-05-27 11:25:00+05:30,11887.45,11915.647995207728,11879.39342994065,11915.647995207728,28.2,TAKE_PROFIT
long,2019-05-27 12:20:00+05:30,2019-05-27 12:35:00+05:30,11925.3,11945.114983249789,11919.638576214345,11945.114983249789,19.81,TAKE_PROFIT
short,2019-05-28 14:40:00+05:30,2019-05-28 15:00:00+05:30,11885.55,11895.656308560716,11895.656308560716,11850.177920037491,-10.11,STOP_LOSS
short,2019-05-29 13:40:00+05:30,2019-05-29 14:40:00+05:30,11887.0,11859.833969368869,11894.761723037467,11859.833969368869,27.17,TAKE_PROFIT
long,2019-05-30 10:30:00+05:30,2019-05-30 12:25:00+05:30,11912.25,11940.48659490913,11904.182401454535,11940.48659490913,28.24,TAKE_PROFIT
long,2019-05-30 13:45:00+05:30,2019-05-30 14:00:00+05:30,11956.25,11950.28197657068,11950.28197657068,11977.138082002613,-5.97,STOP_LOSS
long,2019-05-30 14:35:00+05:30,2019-05-30 14:45:00+05:30,11959.8,11952.759959633493,11952.759959633493,11984.440141282772,-7.04,STOP_LOSS
long,2019-05-31 10:25:00+05:30,2019-05-31 10:35:00+05:30,12020.1,12012.200804279883,12012.200804279883,12047.747185020415,-7.9,STOP_LOSS
long,2019-05-31 10:45:00+05:30,2019-05-31 10:50:00+05:30,12016.45,12009.666433995808,12009.666433995808,12040.192481014677,-6.78,STOP_LOSS
short,2019-05-31 13:10:00+05:30,2019-05-31 15:15:00+05:30,11931.05,11925.95,11948.13499932681,11871.252502356163,5.1,EOD_EXIT
long,2019-06-03 11:45:00+05:30,2019-06-03 12:15:00+05:30,11998.3,12018.957909270592,11992.397740208402,12018.957909270592,20.66,TAKE_PROFIT
long,2019-06-03 12:35:00+05:30,2019-06-03 13:15:00+05:30,12012.7,12007.547909720617,12007.547909720617,12030.732315977843,-5.15,STOP_LOSS
long,2019-06-03 14:50:00+05:30,2019-06-03 15:15:00+05:30,12063.6,12089.200670970771,12056.285522579781,12089.200670970771,25.6,TAKE_PROFIT
long,2019-06-04 09:30:00+05:30,2019-06-04 09:45:00+05:30,12079.5,12068.305295774655,12068.305295774655,12118.681464788708,-11.19,STOP_LOSS
short,2019-06-06 10:45:00+05:30,2019-06-06 12:10:00+05:30,11965.4,11942.154727450645,11972.041506442672,11942.154727450645,23.25,TAKE_PROFIT
short,2019-06-06 13:00:00+05:30,2019-06-06 13:30:00+05:30,11923.15,11892.676967986074,11931.856580575408,11892.676967986074,30.47,TAKE_PROFIT
short,2019-06-06 14:40:00+05:30,2019-06-06 14:45:00+05:30,11852.25,11862.606895566272,11862.606895566272,11816.000865518046,-10.36,STOP_LOSS
short,2019-06-06 14:55:00+05:30,2019-06-06 15:15:00+05:30,11855.9,11843.9,11865.199399869363,11823.352100457229,12.0,EOD_EXIT
short,2019-06-07 13:55:00+05:30,2019-06-07 14:15:00+05:30,11827.3,11838.194660757077,11838.194660757077,11789.168687350228,-10.89,STOP_LOSS
long,2019-06-10 10:10:00+05:30,2019-06-10 11:05:00+05:30,11947.8,11936.510384739175,11936.510384739175,11987.313653412883,-11.29,STOP_LOSS
long,2019-06-11 10:30:00+05:30,2019-06-11 10:45:00+05:30,11941.25,11933.18239540353,11933.18239540353,11969.486616087645,-8.07,STOP_LOSS
long,2019-06-11 14:35:00+05:30,2019-06-11 14:40:00+05:30,11988.15,11981.194243102345,11981.194243102345,12012.495149141789,-6.96,STOP_LOSS
short,2019-06-12 10:55:00+05:30,2019-06-12 13:20:00+05:30,11899.35,11877.606139821093,11905.562531479689,11877.606139821093,21.74,TAKE_PROFIT
short,2019-06-13 11:15:00+05:30,2019-06-13 11:55:00+05:30,11842.95,11821.46227053726,11849.08935127507,11821.46227053726,21.49,TAKE_PROFIT
long,2019-06-13 14:30:00+05:30,2019-06-13 15:15:00+05:30,11889.15,11913.1,11879.849629059565,11921.701298291524,23.95,EOD_EXIT
short,2019-06-14 09:55:00+05:30,2019-06-14 10:10:00+05:30,11869.95,11879.571849769289,11879.571849769289,11836.273525807495,-9.62,STOP_LOSS
short,2019-06-14 11:00:00+05:30,2019-06-14 14:45:00+05:30,11863.35,11870.219790548763,11870.219790548763,11839.305733079329,-6.87,STOP_LOSS
short,2019-06-17 10:35:00+05:30,2019-06-17 10:55:00+05:30,11755.0,11762.983971286736,11762.983971286736,11727.056100496422,-7.98,STOP_LOSS
short,2019-06-17 11:00:00+05:30,2019-06-17 12:05:00+05:30,11758.25,11731.18642116427,11765.982451095922,11731.18642116427,27.06,TAKE_PROFIT
short,2019-06-17 14:10:00+05:30,2019-06-17 14:30:00+05:30,11705.75,11712.180376497108,11712.180376497108,11683.243682260123,-6.43,STOP_LOSS
short,2019-06-17 14:55:00+05:30,2019-06-17 15:05:00+05:30,11701.75,11678.677617272731,11708.342109350648,11678.677617272731,23.07,TAKE_PROFIT
short,2019-06-18 13:45:00+05:30,2019-06-18 14:00:00+05:30,11694.15,11702.37198756391,11702.37198756391,11665.37304352631,-8.22,STOP_LOSS
long,2019-06-19 10:20:00+05:30,2019-06-19 11:10:00+05:30,11776.8,11768.61416337524,11768.61416337524,11805.450428186658,-8.19,STOP_LOSS
short,2019-06-19 12:45:00+05:30,2019-06-19 13:00:00+05:30,11710.1,11718.64869353074,11718.64869353074,11680.179572642413,-8.55,STOP_LOSS
short,2019-06-19 13:40:00+05:30,2019-06-19 14:05:00+05:30,11709.65,11680.836185328297,11717.882518477629,11680.836185328297,28.81,TAKE_PROFIT
long,2019-06-20 10:25:00+05:30,2019-06-20 12:35:00+05:30,11708.9,11746.909389088163,11698.040174546239,11746.909389088163,38.01,TAKE_PROFIT
short,2019-06-21 14:35:00+05:30,2019-06-21 14:50:00+05:30,11741.95,11751.988799039014,11751.988799039014,11706.814203363452,-10.04,STOP_LOSS
short,2019-06-24 10:15:00+05:30,2019-06-24 11:45:00+05:30,11706.75,11717.364667764108,11717.364667764108,11669.598662825621,-10.61,STOP_LOSS
short,2019-06-24 14:50:00+05:30,2019-06-24 15:00:00+05:30,11690.1,11698.151511323285,11698.151511323285,11661.9197103685,-8.05,STOP_LOSS
long,2019-06-25 14:25:00+05:30,2019-06-25 15:00:00+05:30,11775.65,11803.908579746017,11767.576120072566,11803.908579746017,28.26,TAKE_PROFIT
long,2019-06-26 09:55:00+05:30,2019-06-26 10:50:00+05:30,11817.65,11808.106266445095,11808.106266445095,11851.05306744217,-9.54,STOP_LOSS
long,2019-06-27 09:40:00+05:30,2019-06-27 11:50:00+05:30,11866.05,11896.40116439503,11857.378238744275,11896.40116439503,30.35,TAKE_PROFIT
short,2019-06-28 10:05:00+05:30,2019-06-28 12:00:00+05:30,11840.25,11805.848505778897,11850.078998348887,11805.848505778897,34.4,TAKE_PROFIT
long,2019-07-01 10:10:00+05:30,2019-07-01 11:15:00+05:30,11842.25,11872.079346933235,11833.727329447647,11872.079346933235,29.83,TAKE_PROFIT
short,2019-07-02 10:25:00+05:30,2019-07-02 13:00:00+05:30,11843.9,11852.539600425385,11852.539600425385,11813.66139851115,-8.64,STOP_LOSS
long,2019-07-02 14:10:00+05:30,2019-07-02 15:10:00+05:30,11884.45,11912.071451604426,11876.55815668445,11912.071451604426,27.62,TAKE_PROFIT
long,2019-07-03 09:45:00+05:30,2019-07-03 09:55:00+05:30,11912.85,11904.431338905717,11904.431338905717,11942.315313829995,-8.42,STOP_LOSS
long,2019-07-04 10:05:00+05:30,2019-07-04 11:30:00+05:30,11950.5,11944.612697637313,11944.612697637313,11971.105558269406,-5.89,STOP_LOSS
long,2019-07-05 09:50:00+05:30,2019-07-05 10:00:00+05:30,11969.8,11962.972741348498,11962.972741348498,11993.69540528025,-6.83,STOP_LOSS
short,2019-07-05 10:50:00+05:30,2019-07-05 11:00:00+05:30,11944.35,11950.638975983522,11950.638975983522,11922.338584057674,-6.29,STOP_LOSS
short,2019-07-05 14:05:00+05:30,2019-07-05 14:40:00+05:30,11854.85,11870.338748439266,11870.338748439266,11800.639380462571,-15.49,STOP_LOSS
short,2019-07-05 14:45:00+05:30,2019-07-05 15:15:00+05:30,11853.95,11804.3,11869.937562937981,11797.993529717067,49.65,EOD_EXIT
short,2019-07-08 11:35:00+05:30,2019-07-08 13:55:00+05:30,11625.2,11586.548179591695,11636.243377259516,11586.548179591695,38.65,TAKE_PROFIT
short,2019-07-09 09:30:00+05:30,2019-07-09 10:10:00+05:30,11533.6,11476.703419145382,11549.856165958463,11476.703419145382,56.9,TAKE_PROFIT
short,2019-07-09 10:45:00+05:30,2019-07-09 11:00:00+05:30,11482.05,11491.79877158516,11491.79877158516,11447.92929945194,-9.75,STOP_LOSS
long,2019-07-10 10:00:00+05:30,2019-07-10 10:10:00+05:30,11574.25,11562.691943796715,11562.691943796715,11614.703196711498,-11.56,STOP_LOSS
short,2019-07-10 11:00:00+05:30,2019-07-10 12:35:00+05:30,11536.75,11499.981501180066,11547.255285377125,11499.981501180066,36.77,TAKE_PROFIT
short,2019-07-10 14:40:00+05:30,2019-07-10 14:45:00+05:30,11497.2,11506.032753809348,11506.032753809348,11466.285361667287,-8.83,STOP_LOSS
long,2019-07-11 10:40:00+05:30,2019-07-11 10:50:00+05:30,11547.9,11541.539292628757,11541.539292628757,11570.16247579935,-6.36,STOP_LOSS
long,2019-07-11 11:00:00+05:30,2019-07-11 12:15:00+05:30,11545.15,11567.272391285042,11538.829316775702,11567.272391285042,22.12,TAKE_PROFIT
long,2019-07-11 13:45:00+05:30,2019-07-11 14:00:00+05:30,11579.35,11573.053716790904,11573.053716790904,11601.38699123184,-6.3,STOP_LOSS
long,2019-07-11 14:35:00+05:30,2019-07-11 14:55:00+05:30,11585.7,11578.703849492324,11578.703849492324,11610.18652677687,-7.0,STOP_LOSS
long,2019-07-12 13:55:00+05:30,2019-07-12 14:00:00+05:30,11623.8,11618.171105822108,11618.171105822108,11643.501129622615,-5.63,STOP_LOSS
long,2019-07-12 14:25:00+05:30,2019-07-12 14:35:00+05:30,11621.75,11615.426535227181,11615.426535227181,11643.882126704864,-6.32,STOP_LOSS
short,2019-07-15 11:10:00+05:30,2019-07-15 11:20:00+05:30,11549.1,11557.631893582988,11557.631893582988,11519.238372459544,-8.53,STOP_LOSS
long,2019-07-16 10:20:00+05:30,2019-07-16 14:05:00+05:30,11616.3,11640.351547663558,11609.428129238982,11640.351547663558,24.05,TAKE_PROFIT
long,2019-07-16 14:55:00+05:30,2019-07-16 15:15:00+05:30,11657.3,11665.45,11650.426442056287,11681.357452802991,8.15,EOD_EXIT
long,2019-07-17 09:35:00+05:30,2019-07-17 10:30:00+05:30,11667.2,11697.730705480677,11658.476941291236,11697.730705480677,30.53,TAKE_PROFIT
long,2019-07-17 10:40:00+05:30,2019-07-17 13:05:00+05:30,11692.65,11687.04860990701,11687.04860990701,11712.254865325467,-5.6,STOP_LOSS
short,2019-07-18 09:50:00+05:30,2019-07-18 10:15:00+05:30,11664.2,11671.708103706376,11671.708103706376,11637.921637027686,-7.51,STOP_LOSS
short,2019-07-18 14:20:00+05:30,2019-07-18 14:30:00+05:30,11634.1,11639.645598843808,11639.645598843808,11614.690404046672,-5.55,STOP_LOSS
short,2019-07-19 10:35:00+05:30,2019-07-19 11:10:00+05:30,11529.75,11489.5261913278,11541.242516763486,11489.5261913278,40.22,TAKE_PROFIT
short,2019-07-19 11:35:00+05:30,2019-07-19 13:05:00+05:30,11492.35,11457.434798042268,11502.325771987924,11457.434798042268,34.92,TAKE_PROFIT
short,2019-07-19 14:00:00+05:30,2019-07-19 15:00:00+05:30,11441.35,11414.461787219569,11449.032346508695,11414.461787219569,26.89,TAKE_PROFIT
short,2019-07-22 09:50:00+05:30,2019-07-22 10:15:00+05:30,11343.55,11358.731749150864,11358.731749150864,11290.413877971972,-15.18,STOP_LOSS
short,2019-07-22 10:25:00+05:30,2019-07-22 13:15:00+05:30,11355.3,11305.791411271755,11369.445311065212,11305.791411271755,49.51,TAKE_PROFIT
long,2019-07-23 13:50:00+05:30,2019-07-23 14:30:00+05:30,11373.85,11366.60832777023,11366.60832777023,11399.1958528042,-7.24,STOP_LOSS
short,2019-07-24 11:25:00+05:30,2019-07-24 12:00:00+05:30,11242.5,11250.300320862922,11250.300320862922,11215.198876979772,-7.8,STOP_LOSS
long,2019-07-25 10:15:00+05:30,2019-07-25 10:20:00+05:30,11339.8,11330.558856518825,11330.558856518825,11372.14400218411,-9.24,STOP_LOSS
short,2019-07-25 12:45:00+05:30,2019-07-25 13:45:00+05:30,11275.05,11283.959176373515,11283.959176373515,11243.867882692695,-8.91,STOP_LOSS
long,2019-07-25 14:45:00+05:30,2019-07-25 14:50:00+05:30,11289.7,11279.352936588522,11279.352936588522,11325.914721940173,-10.35,STOP_LOSS
short,2019-07-26 09:40:00+05:30,2019-07-26 11:05:00+05:30,11251.75,11266.15187253924,11266.15187253924,11201.343446112658,-14.4,STOP_LOSS
long,2019-07-26 12:15:00+05:30,2019-07-26 12:25:00+05:30,11290.5,11282.483430009715,11282.483430009715,11318.557994965995,-8.02,STOP_LOSS
short,2019-07-29 10:25:00+05:30,2019-07-29 11:30:00+05:30,11238.9,11202.928474061855,11249.17757883947,11202.928474061855,35.97,TAKE_PROFIT
short,2019-07-29 12:35:00+05:30,2019-07-29 12:45:00+05:30,11167.7,11176.38501680512,11176.38501680512,11137.302441182088,-8.69,STOP_LOSS
short,2019-07-29 12:55:00+05:30,2019-07-29 13:00:00+05:30,11173.9,11181.83211733276,11181.83211733276,11146.13758933534,-7.93,STOP_LOSS
long,2019-07-30 10:00:00+05:30,2019-07-30 10:15:00+05:30,11241.0,11231.967247858182,11231.967247858182,11272.614632496365,-9.03,STOP_LOSS
short,2019-07-30 11:50:00+05:30,2019-07-30 12:00:00+05:30,11187.65,11197.346545313121,11197.346545313121,11153.712091404073,-9.7,STOP_LOSS
short,2019-07-31 09:55:00+05:30,2019-07-31 11:45:00+05:30,11058.95,11074.208539161891,11074.208539161891,11005.545112933383,-15.26,STOP_LOSS
short,2019-08-01 11:40:00+05:30,2019-08-01 13:40:00+05:30,10993.8,10964.323609417586,11002.221825880688,10964.323609417586,29.48,TAKE_PROFIT
short,2019-08-01 14:05:00+05:30,2019-08-01 14:25:00+05:30,10961.45,10929.264216147165,10970.645938243668,10929.264216147165,32.19,TAKE_PROFIT
short,2019-08-02 10:25:00+05:30,2019-08-02 10:45:00+05:30,10873.1,10886.926502579418,10886.926502579418,10824.707240972039,-13.83,STOP_LOSS
short,2019-08-02 11:00:00+05:30,2019-08-02 11:15:00+05:30,10879.95,10891.518335731242,10891.518335731242,10839.460824940656,-11.57,STOP_LOSS
long,2019-08-06 10:00:00+05:30,2019-08-06 11:05:00+05:30,10907.65,10893.091337091348,10893.091337091348,10958.605320180279,-14.56,STOP_LOSS
long,2019-08-06 13:25:00+05:30,2019-08-06 13:30:00+05:30,10945.6,10937.295719320671,10937.295719320671,10974.66498237765,-8.3,STOP_LOSS
long,2019-08-06 13:35:00+05:30,2019-08-06 14:05:00+05:30,10944.95,10975.253364541435,10936.291895845305,10975.253364541435,30.3,TAKE_PROFIT
short,2019-08-08 09:55:00+05:30,2019-08-08 10:05:00+05:30,10864.2,10877.71878927457,10877.71878927457,10816.884237539007,-13.52,STOP_LOSS
long,2019-08-09 11:20:00+05:30,2019-08-09 11:30:00+05:30,11140.0,11132.796857526451,11132.796857526451,11165.210998657423,-7.2,STOP_LOSS
long,2019-08-09 11:40:00+05:30,2019-08-09 12:05:00+05:30,11139.7,11163.261262126514,11132.968210820996,11163.261262126514,23.56,TAKE_PROFIT
long,2019-08-09 12:20:00+05:30,2019-08-09 13:40:00+05:30,11157.45,11151.026006187942,11151.026006187942,11179.933978342207,-6.42,STOP_LOSS
short,2019-08-13 09:55:00+05:30,2019-08-13 10:25:00+05:30,11068.75,11083.223686734882,11083.223686734882,11018.092096427914,-14.47,STOP_LOSS
short,2019-08-13 14:05:00+05:30,2019-08-13 14:30:00+05:30,11032.1,10993.785773172376,11043.04692195075,10993.785773172376,38.31,TAKE_PROFIT
short,2019-08-14 09:40:00+05:30,2019-08-14 10:15:00+05:30,10956.95,10975.668476984254,10975.668476984254,10891.435330555116,-18.72,STOP_LOSS
long,2019-08-14 11:35:00+05:30,2019-08-14 11:40:00+05:30,11038.6,11027.586085489369,11027.586085489369,11077.14870078721,-11.01,STOP_LOSS
long,2019-08-14 14:20:00+05:30,2019-08-14 14:30:00+05:30,11064.0,11053.886850817207,11053.886850817207,11099.396022139774,-10.11,STOP_LOSS
short,2019-08-16 10:00:00+05:30,2019-08-16 10:45:00+05:30,10973.0,10987.281563234028,10987.281563234028,10923.014528680902,-14.28,STOP_LOSS
long,2019-08-16 11:45:00+05:30,2019-08-16 12:15:00+05:30,11014.2,11045.418490389511,11005.280431317284,11045.418490389511,31.22,TAKE_PROFIT
long,2019-08-16 13:25:00+05:30,2019-08-16 13:45:00+05:30,11042.95,11033.075021042378,11033.075021042378,11077.51242635168,-9.87,STOP_LOSS
long,2019-08-16 14:10:00+05:30,2019-08-16 15:15:00+05:30,11048.65,11043.0,11037.972946541382,11086.019687105161,-5.65,EOD_EXIT
long,2019-08-19 09:40:00+05:30,2019-08-19 10:20:00+05:30,11079.5,11129.279335442778,11065.277332730635,11129.279335442778,49.78,TAKE_PROFIT
long,2019-08-19 10:45:00+05:30,2019-08-19 11:10:00+05:30,11127.15,11118.657560166288,11118.657560166288,11156.873539417991,-8.49,STOP_LOSS
short,2019-08-20 10:30:00+05:30,2019-08-20 13:15:00+05:30,11021.85,11032.383118277816,11032.383118277816,10984.984086027644,-10.53,STOP_LOSS
short,2019-08-21 14:20:00+05:30,2019-08-21 14:55:00+05:30,10938.2,10911.393438417854,10945.8590175949,10911.393438417854,26.81,TAKE_PROFIT
short,2019-08-22 10:50:00+05:30,2019-08-22 11:15:00+05:30,10851.0,10819.973241146201,10859.864788243944,10819.973241146201,31.03,TAKE_PROFIT
short,2019-08-22 14:15:00+05:30,2019-08-22 14:55:00+05:30,10814.65,10767.106258157171,10828.233926240808,10767.106258157171,47.54,TAKE_PROFIT
long,2019-08-23 14:40:00+05:30,2019-08-23 14:50:00+05:30,10836.25,10823.861263436542,10823.861263436542,10879.610577972106,-12.39,STOP_LOSS
long,2019-08-26 14:35:00+05:30,2019-08-26 14:45:00+05:30,11037.8,11027.07823015503,11027.07823015503,11075.32619445739,-10.72,STOP_LOSS
long,2019-08-26 14:50:00+05:30,2019-08-26 15:15:00+05:30,11034.55,11064.85,11023.101436044622,11074.619973843817,30.3,EOD_EXIT
long,2019-08-27 09:55:00+05:30,2019-08-27 15:15:00+05:30,11083.8,11108.7,11066.311671212456,11145.0091507564,24.9,EOD_EXIT
short,2019-08-28 10:30:00+05:30,2019-08-28 11:10:00+05:30,11073.5,11084.51762997266,11084.51762997266,11034.93829509569,-11.02,STOP_LOSS
short,2019-08-28 13:55:00+05:30,2019-08-28 14:10:00+05:30,11027.55,10996.505108801784,11036.419968913775,10996.505108801784,31.04,TAKE_PROFIT
short,2019-08-28 14:45:00+05:30,2019-08-28 14:55:00+05:30,11004.95,11015.005519686532,11015.005519686532,10969.755681097142,-10.06,STOP_LOSS
short,2019-08-29 09:45:00+05:30,2019-08-29 11:55:00+05:30,11002.8,10955.219775478938,11016.39434986316,10955.219775478938,47.58,TAKE_PROFIT
short,2019-08-29 12:35:00+05:30,2019-08-29 12:40:00+05:30,10941.55,10951.08587933565,10951.08587933565,10908.174422325228,-9.54,STOP_LOSS
long,2019-08-29 14:30:00+05:30,2019-08-29 15:00:00+05:30,10995.45,10980.736551399157,10980.736551399157,11046.947070102951,-14.71,STOP_LOSS
long,2019-08-30 14:30:00+05:30,2019-08-30 14:35:00+05:30,10970.75,10957.757232583652,10957.757232583652,11016.224685957219,-12.99,STOP_LOSS
short,2019-09-03 10:50:00+05:30,2019-09-03 13:35:00+05:30,10898.3,10862.774851814396,10908.450042338744,10862.774851814396,35.53,TAKE_PROFIT
short,2019-09-04 10:10:00+05:30,2019-09-04 11:45:00+05:30,10801.15,10816.342155915856,10816.342155915856,10747.9774542945,-15.19,STOP_LOSS
long,2019-09-04 14:10:00+05:30,2019-09-04 14:15:00+05:30,10832.2,10823.616682130436,10823.616682130436,10862.241612543474,-8.58,STOP_LOSS
long,2019-09-05 09:40:00+05:30,2019-09-05 11:40:00+05:30,10874.75,10862.363727009915,10862.363727009915,10918.101955465296,-12.39,STOP_LOSS
long,2019-09-06 10:00:00+05:30,2019-09-06 10:20:00+05:30,10886.15,10875.344998686629,10875.344998686629,10923.967504596796,-10.81,STOP_LOSS
long,2019-09-06 10:30:00+05:30,2019-09-06 12:10:00+05:30,10882.0,10913.322277265985,10873.050777924005,10913.322277265985,31.32,TAKE_PROFIT
long,2019-09-09 11:20:00+05:30,2019-09-09 13:35:00+05:30,11001.6,10993.777019818599,10993.777019818599,11028.980430634907,-7.82,STOP_LOSS
long,2019-09-11 09:50:00+05:30,2019-09-11 15:15:00+05:30,11029.6,11033.9,11021.498523284345,11057.955168504795,4.3,EOD_EXIT
long,2019-09-12 10:00:00+05:30,2019-09-12 10:15:00+05:30,11071.1,11063.183380873099,11063.183380873099,11098.808166944153,-7.92,STOP_LOSS
short,2019-09-12 11:40:00+05:30,2019-09-12 11:55:00+05:30,11034.35,11042.313311195607,11042.313311195607,11006.47841081538,-7.96,STOP_LOSS
short,2019-09-12 14:05:00+05:30,2019-09-12 15:05:00+05:30,11024.35,10990.474576988483,11034.028692289005,10990.474576988483,33.88,TAKE_PROFIT
short,2019-09-13 10:15:00+05:30,2019-09-13 10:45:00+05:30,10968.35,10980.251861271763,10980.251861271763,10926.69348554883,-11.9,STOP_LOSS
long,2019-09-13 14:30:00+05:30,2019-09-13 15:00:00+05:30,11022.7,11052.861944091064,11014.082301688268,11052.861944091064,30.16,TAKE_PROFIT
short,2019-09-16 13:45:00+05:30,2019-09-16 13:50:00+05:30,10990.05,10998.360230739114,10998.360230739114,10960.9641924131,-8.31,STOP_LOSS
short,2019-09-17 11:00:00+05:30,2019-09-17 13:00:00+05:30,10933.4,10906.07173720023,10941.208075085648,10906.07173720023,27.33,TAKE_PROFIT
short,2019-09-17 14:35:00+05:30,2019-09-17 15:15:00+05:30,10835.6,10815.05,10846.630387062887,10796.993645279897,20.55,EOD_EXIT
short,2019-09-19 11:10:00+05:30,2019-09-19 11:20:00+05:30,10747.1,10755.277268145155,10755.277268145155,10718.479561491957,-8.18,STOP_LOSS
short,2019-09-19 13:30:00+05:30,2019-09-19 13:55:00+05:30,10718.4,10690.968866814877,10726.23746662432,10690.968866814877,27.43,TAKE_PROFIT
short,2019-09-19 14:05:00+05:30,2019-09-19 15:15:00+05:30,10708.6,10709.45,10717.47851749085,10677.525188782027,-0.85,EOD_EXIT
long,2019-09-20 12:35:00+05:30,2019-09-20 14:00:00+05:30,11218.9,11310.5249140897,11192.721453117229,11310.5249140897,91.62,TAKE_PROFIT
long,2019-09-23 10:20:00+05:30,2019-09-23 11:10:00+05:30,11499.75,11590.466799700791,11473.830914371203,11590.466799700791,90.72,TAKE_PROFIT
long,2019-09-23 12:10:00+05:30,2019-09-23 13:20:00+05:30,11636.55,11620.681706299329,11620.681706299329,11692.089027952348,-15.87,STOP_LOSS
long,2019-09-24 14:55:00+05:30,2019-09-24 15:15:00+05:30,11596.15,11584.15,11581.653178238248,11646.888876166131,-12.0,EOD_EXIT
short,2019-09-25 09:55:00+05:30,2019-09-25 10:30:00+05:30,11519.25,11474.789046224392,11531.953129650174,11474.789046224392,44.46,TAKE_PROFIT
short,2019-09-25 10:55:00+05:30,2019-09-25 12:35:00+05:30,11487.1,11497.464458728095,11497.464458728095,11450.824394451667,-10.36,STOP_LOSS
short,2019-09-25 14:00:00+05:30,2019-09-25 15:15:00+05:30,11451.8,11446.45,11462.820531897356,11413.22813835925,5.35,EOD_EXIT
long,2019-09-26 10:45:00+05:30,2019-09-26 12:00:00+05:30,11570.7,11556.350475623243,11556.350475623243,11620.923335318654,-14.35,STOP_LOSS
short,2019-09-27 10:30:00+05:30,2019-09-27 13:35:00+05:30,11540.15,11553.88349883616,11553.88349883616,11492.082754073443,-13.73,STOP_LOSS
short,2019-09-30 10:45:00+05:30,2019-09-30 11:40:00+05:30,11427.8,11437.039888544366,11437.039888544366,11395.460390094717,-9.24,STOP_LOSS
long,2019-09-30 14:40:00+05:30,2019-09-30 15:15:00+05:30,11464.55,11482.15,11449.943632078111,11515.672287726607,17.6,EOD_EXIT
short,2019-10-01 14:25:00+05:30,2019-10-01 14:50:00+05:30,11318.55,11342.794884253477,11342.794884253477,11233.69290511283,-24.24,STOP_LOSS
short,2019-10-03 09:40:00+05:30,2019-10-03 11:55:00+05:30,11314.85,11336.986306760573,11336.986306760573,11237.372926337994,-22.14,STOP_LOSS
long,2019-10-04 10:10:00+05:30,2019-10-04 11:30:00+05:30,11360.1,11348.264439073026,11348.264439073026,11401.52446324441,-11.84,STOP_LOSS
short,2019-10-04 13:20:00+05:30,2019-10-04 13:40:00+05:30,11266.3,11210.968362706737,11282.109039226645,11210.968362706737,55.33,TAKE_PROFIT
short,2019-10-04 14:10:00+05:30,2019-10-04 15:05:00+05:30,11222.75,11175.341073425421,11236.295407592737,11175.341073425421,47.41,TAKE_PROFIT
short,2019-10-07 14:15:00+05:30,2019-10-07 15:00:00+05:30,11187.25,11148.210979855778,11198.404005755492,11148.210979855778,39.04,TAKE_PROFIT
short,2019-10-09 09:40:00+05:30,2019-10-09 11:30:00+05:30,11135.35,11150.16843816678,11150.16843816678,11083.485466416272,-14.82,STOP_LOSS
long,2019-10-09 12:30:00+05:30,2019-10-09 13:20:00+05:30,11199.4,11236.097190817067,11188.91508833798,11236.097190817067,36.7,TAKE_PROFIT
long,2019-10-09 13:45:00+05:30,2019-10-09 14:35:00+05:30,11235.8,11268.418083521266,11226.480547565352,11268.418083521266,32.62,TAKE_PROFIT
short,2019-10-10 12:15:00+05:30,2019-10-10 12:20:00+05:30,11238.1,11246.821641712288,11246.821641712288,11207.574254006991,-8.72,STOP_LOSS
short,2019-10-11 12:05:00+05:30,2019-10-11 12:55:00+05:30,11249.85,11264.160802042923,11264.160802042923,11199.76219284977,-14.31,STOP_LOSS
long,2019-10-14 10:00:00+05:30,2019-10-14 13:45:00+05:30,11333.7,11384.169020075595,11319.280279978402,11384.169020075595,50.47,TAKE_PROFIT
long,2019-10-14 14:40:00+05:30,2019-10-14 14:50:00+05:30,11403.2,11394.358294255671,11394.358294255671,11434.145970105152,-8.84,STOP_LOSS
long,2019-10-15 10:25:00+05:30,2019-10-15 12:10:00+05:30,11385.15,11420.055264877787,11375.177067177776,11420.055264877787,34.91,TAKE_PROFIT
long,2019-10-15 14:40:00+05:30,2019-10-15 15:00:00+05:30,11441.85,11431.676421509741,11431.676421509741,11477.457524715906,-10.17,STOP_LOSS
short,2019-10-16 13:45:00+05:30,2019-10-16 14:05:00+05:30,11427.2,11436.287985991585,11436.287985991585,11395.39204902946,-9.09,STOP_LOSS
long,2019-10-17 09:35:00+05:30,2019-10-17 12:35:00+05:30,11459.95,11492.991616783056,11450.509538061984,11492.991616783056,33.04,TAKE_PROFIT
long,2019-10-18 10:10:00+05:30,2019-10-18 12:05:00+05:30,11614.25,11654.456037632119,11602.762560676538,11654.456037632119,40.21,TAKE_PROFIT
long,2019-10-22 09:30:00+05:30,2019-10-22 09:50:00+05:30,11673.4,11658.811768767557,11658.811768767557,11724.458809313554,-14.59,STOP_LOSS
short,2019-10-22 14:25:00+05:30,2019-10-22 15:15:00+05:30,11615.5,11586.35,11627.227387777695,11574.454142778066,29.15,EOD_EXIT
long,2019-10-24 09:35:00+05:30,2019-10-24 09:55:00+05:30,11633.9,11619.662017490024,11619.662017490024,11683.732938784919,-14.24,STOP_LOSS
short,2019-10-24 11:30:00+05:30,2019-10-24 12:00:00+05:30,11580.6,11590.211501935748,11590.211501935748,11546.959743224881,-9.61,STOP_LOSS
short,2019-10-24 14:25:00+05:30,2019-10-24 14:35:00+05:30,11558.0,11569.380508858238,11569.380508858238,11518.16821899617,-11.38,STOP_LOSS
short,2019-10-25 13:40:00+05:30,2019-10-25 13:50:00+05:30,11519.25,11529.316867718811,11529.316867718811,11484.015962984164,-10.07,STOP_LOSS
short,2019-10-25 14:00:00+05:30,2019-10-25 14:10:00+05:30,11523.3,11533.310225855148,11533.310225855148,11488.264209506975,-10.01,STOP_LOSS
long,2019-10-29 11:45:00+05:30,2019-10-29 12:55:00+05:30,11748.2,11776.411299276411,11740.13962877817,11776.411299276411,28.21,TAKE_PROFIT
long,2019-10-29 14:20:00+05:30,2019-10-29 14:50:00+05:30,11799.95,11792.96745795397,11792.96745795397,11824.388897161107,-6.98,STOP_LOSS
long,2019-10-30 10:05:00+05:30,2019-10-30 13:40:00+05:30,11820.85,11863.650277929217,11808.62134916308,11863.650277929217,42.8,TAKE_PROFIT
long,2019-10-31 10:25:00+05:30,2019-10-31 14:15:00+05:30,11903.1,11932.010527944052,11894.839849158843,11932.010527944052,28.91,TAKE_PROFIT
long,2019-10-31 14:25:00+05:30,2019-10-31 14:35:00+05:30,11931.8,11924.262527225937,11924.262527225937,11958.181154709217,-7.54,STOP_LOSS
short,2019-11-01 10:45:00+05:30,2019-11-01 11:05:00+05:30,11869.5,11880.843915863066,11880.843915863066,11829.796294479265,-11.34,STOP_LOSS
long,2019-11-04 09:55:00+05:30,2019-11-04 11:15:00+05:30,11944.65,11981.562549458831,11934.103557297476,11981.562549458831,36.91,TAKE_PROFIT
short,2019-11-05 12:25:00+05:30,2019-11-05 12:45:00+05:30,11908.85,11884.504894749887,11915.805744357176,11884.504894749887,24.35,TAKE_PROFIT
short,2019-11-06 10:25:00+05:30,2019-11-06 11:20:00+05:30,11870.15,11877.906020710197,11877.906020710197,11843.00392751431,-7.76,STOP_LOSS
long,2019-11-06 12:35:00+05:30,2019-11-06 13:40:00+05:30,11952.5,11985.18706449998,11943.160838714291,11985.18706449998,32.69,TAKE_PROFIT
long,2019-11-06 14:35:00+05:30,2019-11-06 14:45:00+05:30,11994.25,11986.716199187644,11986.716199187644,12020.618302843248,-7.53,STOP_LOSS
long,2019-11-06 14:50:00+05:30,2019-11-06 15:00:00+05:30,11991.0,11983.306374700816,11983.306374700816,12017.927688547144,-7.69,STOP_LOSS
long,2019-11-07 10:00:00+05:30,2019-11-07 10:10:00+05:30,11998.0,11986.630656967855,11986.630656967855,12037.792700612506,-11.37,STOP_LOSS
long,2019-11-07 13:45:00+05:30,2019-11-07 15:15:00+05:30,11993.35,12012.3,11985.448772438664,12021.00429646468,18.95,EOD_EXIT
short,2019-11-08 11:00:00+05:30,2019-11-08 12:00:00+05:30,11967.6,11974.890994594809,11974.890994594809,11942.081518918169,-7.29,STOP_LOSS
long,2019-11-08 13:25:00+05:30,2019-11-08 13:30:00+05:30,12014.65,12005.887785010043,12005.887785010043,12045.317752464845,-8.76,STOP_LOSS
short,2019-11-08 14:30:00+05:30,2019-11-08 14:55:00+05:30,11976.65,11941.336980093762,11986.739434258925,11941.336980093762,35.31,TAKE_PROFIT
short,2019-11-11 09:40:00+05:30,2019-11-11 15:15:00+05:30,11904.7,11919.1,11919.444457701677,11853.094398044133,-14.4,EOD_EXIT
long,2019-11-13 09:50:00+05:30,2019-11-13 10:50:00+05:30,11922.8,11912.388882249368,11912.388882249368,11959.238912127208,-10.41,STOP_LOSS
short,2019-11-14 10:00:00+05:30,2019-11-14 10:40:00+05:30,11819.45,11830.435013521903,11830.435013521903,11781.002452673341,-10.99,STOP_LOSS
short,2019-11-18 09:40:00+05:30,2019-11-18 15:15:00+05:30,11910.85,11884.3,11923.563703540189,11866.352037609342,26.55,EOD_EXIT
long,2019-11-20 11:15:00+05:30,2019-11-20 13:25:00+05:30,12019.35,12013.58267949432,12013.58267949432,12039.535621769883,-5.77,STOP_LOSS
short,2019-11-21 11:10:00+05:30,2019-11-21 11:25:00+05:30,11974.15,11980.537297250688,11980.537297250688,11951.794459622586,-6.39,STOP_LOSS
short,2019-11-22 10:35:00+05:30,2019-11-22 10:55:00+05:30,11933.15,11941.002352943542,11941.002352943542,11905.666764697602,-7.85,STOP_LOSS
long,2019-11-25 14:30:00+05:30,2019-11-25 14:35:00+05:30,12057.1,12051.810070397016,12051.810070397016,12075.614753610445,-5.29,STOP_LOSS
short,2019-11-26 14:50:00+05:30,2019-11-26 14:55:00+05:30,12048.65,12060.78731393605,12060.78731393605,12006.16940122382,-12.14,STOP_LOSS
long,2019-11-27 09:50:00+05:30,2019-11-27 12:00:00+05:30,12082.3,12070.795989304317,12070.795989304317,12122.564037434884,-11.5,STOP_LOSS
long,2019-11-28 09:35:00+05:30,2019-11-28 12:00:00+05:30,12107.4,12132.071130304405,12100.351105627313,12132.071130304405,24.67,TAKE_PROFIT
short,2019-11-29 12:05:00+05:30,2019-11-29 12:45:00+05:30,12045.4,12052.699803996018,12052.699803996018,12019.850686013931,-7.3,STOP_LOSS
long,2019-12-02 09:55:00+05:30,2019-12-02 10:10:00+05:30,12086.6,12074.158783217556,12074.158783217556,12130.144258738559,-12.44,STOP_LOSS
short,2019-12-02 10:55:00+05:30,2019-12-02 11:25:00+05:30,12053.65,12062.528334926532,12062.528334926532,12022.575827757135,-8.88,STOP_LOSS
short,2019-12-03 10:10:00+05:30,2019-12-03 11:25:00+05:30,12019.15,11992.35982243296,12026.804336447725,11992.35982243296,26.79,TAKE_PROFIT
short,2019-12-03 12:20:00+05:30,2019-12-03 14:45:00+05:30,11980.25,11986.230644419296,11986.230644419296,11959.317744532462,-5.98,STOP_LOSS
long,2019-12-04 10:35:00+05:30,2019-12-04 11:05:00+05:30,12005.65,11996.578259536489,11996.578259536489,12037.401091622289,-9.07,STOP_LOSS
short,2019-12-04 13:35:00+05:30,2019-12-04 13:45:00+05:30,11949.7,11958.84336467224,11958.84336467224,11917.698223647161,-9.14,STOP_LOSS
long,2019-12-05 09:35:00+05:30,2019-12-05 11:45:00+05:30,12048.15,12038.11734291414,12038.11734291414,12083.26429980051,-10.03,STOP_LOSS
long,2019-12-05 13:50:00+05:30,2019-12-05 14:05:00+05:30,12061.55,12053.563808224828,12053.563808224828,12089.5016712131,-7.99,STOP_LOSS
short,2019-12-06 11:55:00+05:30,2019-12-06 12:25:00+05:30,11977.25,11985.895557213127,11985.895557213127,11946.990549754055,-8.65,STOP_LOSS
long,2019-12-09 13:35:00+05:30,2019-12-09 13:45:00+05:30,11968.5,11961.598532673368,11961.598532673368,11992.65513564321,-6.9,STOP_LOSS
short,2019-12-10 09:40:00+05:30,2019-12-10 11:25:00+05:30,11926.15,11894.322076979734,11935.243692291504,11894.322076979734,31.83,TAKE_PROFIT
short,2019-12-10 14:40:00+05:30,2019-12-10 15:15:00+05:30,11864.75,11857.6,11871.81366082575,11840.027187109872,7.15,EOD_EXIT
long,2019-12-12 10:10:00+05:30,2019-12-12 10:15:00+05:30,11954.3,11946.431640355222,11946.431640355222,11981.839258756723,-7.87,STOP_LOSS
long,2019-12-12 10:20:00+05:30,2019-12-12 11:15:00+05:30,11951.25,11943.686654311256,11943.686654311256,11977.721709910606,-7.56,STOP_LOSS
long,2019-12-13 10:45:00+05:30,2019-12-13 11:15:00+05:30,12054.65,12047.23141437134,12047.23141437134,12080.615049700313,-7.42,STOP_LOSS
long,2019-12-13 13:30:00+05:30,2019-12-13 15:00:00+05:30,12069.55,12091.62632921878,12063.242477366062,12091.62632921878,22.08,TAKE_PROFIT
long,2019-12-17 10:35:00+05:30,2019-12-17 12:30:00+05:30,12125.95,12149.432660410075,12119.240668454266,12149.432660410075,23.48,TAKE_PROFIT
long,2019-12-18 10:10:00+05:30,2019-12-18 10:20:00+05:30,12182.55,12174.457746259397,12174.457746259397,12210.872888092106,-8.09,STOP_LOSS
long,2019-12-20 09:50:00+05:30,2019-12-20 10:20:00+05:30,12277.65,12269.483140031829,12269.483140031829,12306.2340098886,-8.17,STOP_LOSS
short,2019-12-23 13:45:00+05:30,2019-12-23 14:25:00+05:30,12246.45,12228.069105992425,12251.701684002166,12228.069105992425,18.38,TAKE_PROFIT
short,2019-12-26 09:35:00+05:30,2019-12-26 11:45:00+05:30,12211.9,12188.26187672961,12218.653749505826,12188.26187672961,23.64,TAKE_PROFIT
long,2019-12-27 11:25:00+05:30,2019-12-27 13:15:00+05:30,12203.15,12221.58115331208,12197.883956196549,12221.58115331208,18.43,TAKE_PROFIT
long,2019-12-27 13:50:00+05:30,2019-12-27 13:55:00+05:30,12225.2,12220.632458915246,12220.632458915246,12241.186393796645,-4.57,STOP_LOSS
long,2019-12-30 10:05:00+05:30,2019-12-30 11:10:00+05:30,12269.95,12262.855338473173,12262.855338473173,12294.7813153439,-7.09,STOP_LOSS
short,2019-12-31 10:00:00+05:30,2019-12-31 11:50:00+05:30,12221.3,12228.610045878037,12228.610045878037,12195.714839426866,-7.31,STOP_LOSS
short,2020-01-01 11:05:00+05:30,2020-01-01 13:50:00+05:30,12184.9,12191.084057216709,12191.084057216709,12163.255799741519,-6.18,STOP_LOSS
long,2020-01-02 09:45:00+05:30,2020-01-02 10:35:00+05:30,12210.05,12233.81638837443,12203.25960332159,12233.81638837443,23.77,TAKE_PROFIT
long,2020-01-02 10:55:00+05:30,2020-01-02 11:50:00+05:30,12229.3,12244.892153527493,12224.845098992144,12244.892153527493,15.59,TAKE_PROFIT
short,2020-01-03 14:35:00+05:30,2020-01-03 15:00:00+05:30,12214.05,12219.782199691734,12219.782199691734,12193.987301078927,-5.73,STOP_LOSS
short,2020-01-06 10:40:00+05:30,2020-01-06 11:25:00+05:30,12091.05,12059.779200637724,12099.984514103506,12059.779200637724,31.27,TAKE_PROFIT
short,2020-01-06 12:25:00+05:30,2020-01-06 14:00:00+05:30,12030.95,12009.146526884646,12037.179563747246,12009.146526884646,21.8,TAKE_PROFIT
short,2020-01-06 14:45:00+05:30,2020-01-06 14:50:00+05:30,11989.25,11997.060977427442,11997.060977427442,11961.911579003956,-7.81,STOP_LOSS
long,2020-01-07 10:05:00+05:30,2020-01-07 10:50:00+05:30,12119.05,12107.009382761726,12107.009382761726,12161.19216033396,-12.04,STOP_LOSS
short,2020-01-07 14:00:00+05:30,2020-01-07 14:30:00+05:30,12035.85,12046.20373189376,12046.20373189376,11999.61193837184,-10.35,STOP_LOSS
short,2020-01-08 10:05:00+05:30,2020-01-08 14:50:00+05:30,11999.95,12016.649392597321,12016.649392597321,11941.502125909381,-16.7,STOP_LOSS
long,2020-01-09 11:05:00+05:30,2020-01-09 13:00:00+05:30,12176.25,12198.316027679644,12169.945420662958,12198.316027679644,22.07,TAKE_PROFIT
long,2020-01-09 13:35:00+05:30,2020-01-09 13:40:00+05:30,12203.45,12198.206966421541,12198.206966421541,12221.80061752461,-5.24,STOP_LOSS
long,2020-01-10 09:35:00+05:30,2020-01-10 10:00:00+05:30,12233.8,12269.097404860178,12223.715027182805,12269.097404860178,35.3,TAKE_PROFIT
long,2020-01-10 10:50:00+05:30,2020-01-10 11:35:00+05:30,12274.65,12296.791561899065,12268.32383945741,12296.791561899065,22.14,TAKE_PROFIT
long,2020-01-10 11:55:00+05:30,2020-01-10 13:00:00+05:30,12296.15,12290.393559104521,12290.393559104521,12316.297543134171,-5.76,STOP_LOSS
short,2020-01-10 14:55:00+05:30,2020-01-10 15:00:00+05:30,12234.6,12245.090190002287,12245.090190002287,12197.884334991999,-10.49,STOP_LOSS
long,2020-01-13 09:50:00+05:30,2020-01-13 15:15:00+05:30,12306.6,12330.05,12295.805683456414,12344.380107902554,23.45,EOD_EXIT
short,2020-01-15 10:40:00+05:30,2020-01-15 11:05:00+05:30,12298.0,12303.980308533546,12303.980308533546,12277.06892013259,-5.98,STOP_LOSS
long,2020-01-16 10:05:00+05:30,2020-01-16 10:15:00+05:30,12375.45,12369.040638876137,12369.040638876137,12397.882763933525,-6.41,STOP_LOSS
long,2020-01-16 14:20:00+05:30,2020-01-16 14:45:00+05:30,12360.05,12354.684076840998,12354.684076840998,12378.830731056505,-5.37,STOP_LOSS
long,2020-01-17 10:55:00+05:30,2020-01-17 11:10:00+05:30,12375.5,12369.654837923097,12369.654837923097,12395.958067269163,-5.85,STOP_LOSS
short,2020-01-20 10:45:00+05:30,2020-01-20 13:10:00+05:30,12301.0,12262.395894479418,12312.029744434452,12262.395894479418,38.6,TAKE_PROFIT
short,2020-01-20 13:25:00+05:30,2020-01-20 14:45:00+05:30,12264.5,12237.850364011296,12272.114181711058,12237.850364011296,26.65,TAKE_PROFIT
short,2020-01-21 10:00:00+05:30,2020-01-21 10:50:00+05:30,12216.4,12175.678381942482,12228.034748016433,12175.678381942482,40.72,TAKE_PROFIT
short,2020-01-21 11:15:00+05:30,2020-01-21 11:40:00+05:30,12184.85,12192.537345376026,12192.537345376026,12157.944291183912,-7.69,STOP_LOSS
short,2020-01-22 10:50:00+05:30,2020-01-22 14:00:00+05:30,12150.55,12120.487841504144,12159.139188141673,12120.487841504144,30.06,TAKE_PROFIT
long,2020-01-23 10:10:00+05:30,2020-01-23 10:30:00+05:30,12158.5,12149.466708377435,12149.466708377435,12190.116520678981,-9.03,STOP_LOSS
short,2020-01-23 11:20:00+05:30,2020-01-23 11:35:00+05:30,12127.85,12134.995083433227,12134.995083433227,12102.842207983706,-7.15,STOP_LOSS
long,2020-01-23 13:30:00+05:30,2020-01-23 15:15:00+05:30,12168.25,12176.9,12161.902958292292,12190.464645976976,8.65,EOD_EXIT
long,2020-01-24 10:45:00+05:30,2020-01-24 11:20:00+05:30,12232.85,12225.327884230488,12225.327884230488,12259.17740519329,-7.52,STOP_LOSS
long,2020-01-24 14:50:00+05:30,2020-01-24 15:00:00+05:30,12262.45,12256.218367051719,12256.218367051719,12284.26071531899,-6.23,STOP_LOSS
short,2020-01-27 11:15:00+05:30,2020-01-27 12:30:00+05:30,12194.75,12201.313660223806,12201.313660223806,12171.777189216677,-6.56,STOP_LOSS
short,2020-01-27 13:30:00+05:30,2020-01-27 14:25:00+05:30,12183.55,12161.527927232577,12189.842020790691,12161.527927232577,22.02,TAKE_PROFIT
short,2020-01-28 10:35:00+05:30,2020-01-28 12:05:00+05:30,12119.2,12129.415069710572,12129.415069710572,12083.447256012996,-10.22,STOP_LOSS
long,2020-01-29 10:10:00+05:30,2020-01-29 10:20:00+05:30,12137.65,12127.173323210578,12127.173323210578,12174.318368762977,-10.48,STOP_LOSS
long,2020-01-29 11:10:00+05:30,2020-01-29 11:25:00+05:30,12151.35,12144.293376784333,12144.293376784333,12176.048181254837,-7.06,STOP_LOSS
short,2020-01-30 10:45:00+05:30,2020-01-30 13:00:00+05:30,12061.65,12034.689124131864,12069.353107390896,12034.689124131864,26.96,TAKE_PROFIT
short,2020-01-30 14:25:00+05:30,2020-01-30 14:35:00+05:30,12021.6,12028.609596190336,12028.609596190336,11997.066413333825,-7.01,STOP_LOSS
short,2020-01-31 12:15:00+05:30,2020-01-31 12:35:00+05:30,11973.55,11981.773554357087,11981.773554357087,11944.767559750193,-8.22,STOP_LOSS
short,2020-02-01 14:20:00+05:30,2020-02-01 14:55:00+05:30,11818.95,11720.562544231687,11847.06070164809,11720.562544231687,98.39,TAKE_PROFIT
short,2020-02-03 12:00:00+05:30,2020-02-03 12:45:00+05:30,11686.65,11702.866131147797,11702.866131147797,11629.893540982706,-16.22,STOP_LOSS
long,2020-02-04 11:55:00+05:30,2020-02-04 12:45:00+05:30,11930.95,11921.85500484143,11921.85500484143,11962.782483054994,-9.09,STOP_LOSS
long,2020-02-04 14:00:00+05:30,2020-02-04 14:10:00+05:30,11964.05,11956.639262777724,11956.639262777724,11989.987580277964,-7.41,STOP_LOSS
long,2020-02-04 14:25:00+05:30,2020-02-04 15:15:00+05:30,11962.25,11976.25,11955.161158116252,11987.060946593114,14.0,EOD_EXIT
long,2020-02-05 09:50:00+05:30,2020-02-05 11:55:00+05:30,12010.05,11997.692951717021,11997.692951717021,12053.299668990421,-12.36,STOP_LOSS
long,2020-02-06 10:30:00+05:30,2020-02-06 10:50:00+05:30,12117.6,12108.692846463677,12108.692846463677,12148.775037377134,-8.91,STOP_LOSS
long,2020-02-06 13:00:00+05:30,2020-02-06 13:50:00+05:30,12148.8,12140.765645175357,12140.765645175357,12176.920241886242,-8.03,STOP_LOSS
short,2020-02-07 11:15:00+05:30,2020-02-07 12:15:00+05:30,12105.95,12081.760142606343,12112.86138782676,12081.760142606343,24.19,TAKE_PROFIT
short,2020-02-10 10:50:00+05:30,2020-02-10 11:45:00+05:30,12009.35,12017.38440405193,12017.38440405193,11981.229585818246,-8.03,STOP_LOSS
long,2020-02-11 10:25:00+05:30,2020-02-11 11:10:00+05:30,12150.75,12142.669359927182,12142.669359927182,12179.03224025486,-8.08,STOP_LOSS
long,2020-02-11 11:15:00+05:30,2020-02-11 11:25:00+05:30,12143.8,12137.989487976753,12137.989487976753,12164.136792081363,-5.81,STOP_LOSS
long,2020-02-12 10:40:00+05:30,2020-02-12 10:50:00+05:30,12217.05,12210.448037636119,12210.448037636119,12240.156868273581,-6.6,STOP_LOSS
long,2020-02-12 11:10:00+05:30,2020-02-12 11:15:00+05:30,12209.45,12203.794079112811,12203.794079112811,12229.245723105163,-5.66,STOP_LOSS
short,2020-02-13 10:45:00+05:30,2020-02-13 11:05:00+05:30,12162.55,12167.988255635664,12167.988255635664,12143.51610527517,-5.44,STOP_LOSS
long,2020-02-14 09:45:00+05:30,2020-02-14 10:00:00+05:30,12215.55,12205.49473305677,12205.49473305677,12250.743434301303,-10.06,STOP_LOSS
long,2020-02-14 10:20:00+05:30,2020-02-14 10:40:00+05:30,12207.55,12198.9998670127,12198.9998670127,12237.475465455545,-8.55,STOP_LOSS
short,2020-02-14 13:45:00+05:30,2020-02-14 14:00:00+05:30,12135.3,12142.75346253399,12142.75346253399,12109.212881131034,-7.45,STOP_LOSS
short,2020-02-14 14:55:00+05:30,2020-02-14 15:15:00+05:30,12117.0,12106.7,12125.539947576775,12087.110183481283,10.3,EOD_EXIT
short,2020-02-17 10:40:00+05:30,2020-02-17 10:45:00+05:30,12098.55,12109.998847109166,12109.998847109166,12058.479035117916,-11.45,STOP_LOSS
short,2020-02-17 14:25:00+05:30,2020-02-17 14:55:00+05:30,12054.25,12060.951748930345,12060.951748930345,12030.79387874379,-6.7,STOP_LOSS
short,2020-02-18 11:40:00+05:30,2020-02-18 12:20:00+05:30,11936.65,11916.87711865041,11942.29939467131,11916.87711865041,19.77,TAKE_PROFIT
short,2020-02-18 13:45:00+05:30,2020-02-18 13:50:00+05:30,11917.7,11923.487630859432,11923.487630859432,11897.443291991991,-5.79,STOP_LOSS
long,2020-02-19 09:50:00+05:30,2020-02-19 12:55:00+05:30,12062.85,12118.928480986284,12046.827576861062,12118.928480986284,56.08,TAKE_PROFIT
long,2020-02-19 13:15:00+05:30,2020-02-19 13:25:00+05:30,12112.0,12105.983433814348,12105.983433814348,12133.057981649783,-6.02,STOP_LOSS
short,2020-02-24 11:10:00+05:30,2020-02-24 11:40:00+05:30,11953.2,11960.378021859375,11960.378021859375,11928.07692349219,-7.18,STOP_LOSS
short,2020-02-25 10:20:00+05:30,2020-02-25 12:15:00+05:30,11843.6,11857.956821973357,11857.956821973357,11793.351123093253,-14.36,STOP_LOSS
short,2020-02-25 14:40:00+05:30,2020-02-25 15:15:00+05:30,11809.45,11798.0,11820.958047935144,11769.171832226995,11.45,EOD_EXIT
short,2020-02-26 14:55:00+05:30,2020-02-26 15:15:00+05:30,11688.55,11684.25,11702.240497714169,11640.633258000407,4.3,EOD_EXIT
short,2020-02-27 10:50:00+05:30,2020-02-27 11:15:00+05:30,11557.05,11567.425971619074,11567.425971619074,11520.734099333242,-10.38,STOP_LOSS
short,2020-02-28 10:40:00+05:30,2020-02-28 14:50:00+05:30,11306.6,11243.53950568023,11324.617284091362,11243.53950568023,63.06,TAKE_PROFIT
long,2020-03-02 11:10:00+05:30,2020-03-02 12:05:00+05:30,11356.8,11398.717548085566,11344.823557689837,11398.717548085566,41.92,TAKE_PROFIT
long,2020-03-02 12:10:00+05:30,2020-03-02 12:45:00+05:30,11383.45,11372.693290335912,11372.693290335912,11421.098483824308,-10.76,STOP_LOSS
short,2020-03-03 11:15:00+05:30,2020-03-03 12:40:00+05:30,11210.5,11232.62803552676,11232.62803552676,11133.051875656336,-22.13,STOP_LOSS
long,2020-03-03 14:20:00+05:30,2020-03-03 15:15:00+05:30,11264.45,11326.05,11245.95271068124,11329.190512615663,61.6,EOD_EXIT
short,2020-03-04 11:25:00+05:30,2020-03-04 12:20:00+05:30,11256.05,11268.754771301941,11268.754771301941,11211.5833004432,-12.7,STOP_LOSS
long,2020-03-05 10:05:00+05:30,2020-03-05 10:45:00+05:30,11272.7,11336.042843767691,11254.602044637804,11336.042843767691,63.34,TAKE_PROFIT
long,2020-03-05 11:50:00+05:30,2020-03-05 13:30:00+05:30,11360.55,11348.616436820721,11348.616436820721,11402.317471127471,-11.93,STOP_LOSS
short,2020-03-05 14:55:00+05:30,2020-03-05 15:15:00+05:30,11302.2,11264.05,11320.01996930828,11239.830107421025,38.15,EOD_EXIT
short,2020-03-06 11:35:00+05:30,2020-03-06 11:55:00+05:30,10901.75,10916.329721904793,10916.329721904793,10850.720973333224,-14.58,STOP_LOSS
short,2020-03-06 12:20:00+05:30,2020-03-06 12:30:00+05:30,10910.55,10922.042037699062,10922.042037699062,10870.327868053279,-11.49,STOP_LOSS
short,2020-03-09 12:05:00+05:30,2020-03-09 12:45:00+05:30,10546.7,10511.321628787673,10556.808106060666,10511.321628787673,35.38,TAKE_PROFIT
short,2020-03-11 10:50:00+05:30,2020-03-11 11:00:00+05:30,10403.25,10424.731581964395,10424.731581964395,10328.064463124616,-21.48,STOP_LOSS
short,2020-03-12 12:10:00+05:30,2020-03-12 12:15:00+05:30,9716.95,9741.04771875284,9741.04771875284,9632.607984365066,-24.1,STOP_LOSS
short,2020-03-12 13:30:00+05:30,2020-03-12 13:35:00+05:30,9767.75,9788.778277572117,9788.778277572117,9694.151028497592,-21.03,STOP_LOSS
long,2020-03-13 14:05:00+05:30,2020-03-13 14:15:00+05:30,9992.25,9934.47944236099,9934.47944236099,10194.446951736538,-57.77,STOP_LOSS
short,2020-03-16 09:55:00+05:30,2020-03-16 14:10:00+05:30,9522.65,9280.278595844413,9522.65,9280.278595844413,242.37,TAKE_PROFIT
short,2020-03-18 13:45:00+05:30,2020-03-18 15:00:00+05:30,8619.05,8503.826874059188,8619.05,8503.826874059188,115.22,TAKE_PROFIT
short,2020-03-19 10:35:00+05:30,2020-03-19 10:55:00+05:30,7990.85,8032.144468628023,8032.144468628023,7846.319359801922,-41.29,STOP_LOSS
short,2020-03-23 10:45:00+05:30,2020-03-23 12:15:00+05:30,7933.3,7726.050727591549,7933.3,7726.050727591549,207.25,TAKE_PROFIT
short,2020-03-23 13:35:00+05:30,2020-03-23 14:35:00+05:30,7784.35,7784.35,7784.35,7666.537548334272,0.0,BREAKEVEN_SL
long,2020-03-24 13:55:00+05:30,2020-03-24 14:55:00+05:30,7907.6,7870.06549892906,7870.06549892906,8038.970753748292,-37.53,STOP_LOSS
short,2020-03-25 10:10:00+05:30,2020-03-25 10:25:00+05:30,7791.85,7836.71470539897,7836.71470539897,7634.823531103605,-44.86,STOP_LOSS
long,2020-03-26 13:05:00+05:30,2020-03-26 13:20:00+05:30,8697.9,8668.997693331059,8668.997693331059,8799.05807334129,-28.9,STOP_LOSS
short,2020-03-30 14:15:00+05:30,2020-03-30 14:45:00+05:30,8390.3,8316.92354685918,8390.3,8316.92354685918,73.38,TAKE_PROFIT
long,2020-03-31 10:45:00+05:30,2020-03-31 11:05:00+05:30,8469.25,8442.688700758954,8442.688700758954,8562.214547343665,-26.56,STOP_LOSS
long,2020-03-31 13:00:00+05:30,2020-03-31 13:05:00+05:30,8571.25,8553.718914932273,8553.718914932273,8632.608797737046,-17.53,STOP_LOSS
long,2020-03-31 13:15:00+05:30,2020-03-31 14:25:00+05:30,8565.55,8628.39389366764,8547.594601809245,8628.39389366764,62.84,TAKE_PROFIT
short,2020-04-01 11:25:00+05:30,2020-04-01 13:35:00+05:30,8309.35,8241.809692854613,8328.647230612967,8241.809692854613,67.54,TAKE_PROFIT
short,2020-04-01 14:25:00+05:30,2020-04-01 14:55:00+05:30,8230.3,8245.66539994546,8245.66539994546,8176.521100190888,-15.37,STOP_LOSS
short,2020-04-03 10:15:00+05:30,2020-04-03 13:35:00+05:30,8167.0,8194.294522090151,8194.294522090151,8071.4691726844685,-27.29,STOP_LOSS
long,2020-04-08 11:15:00+05:30,2020-04-08 11:35:00+05:30,9000.05,8964.577613778103,8964.577613778103,9124.203351776638,-35.47,STOP_LOSS
short,2020-04-08 14:20:00+05:30,2020-04-08 15:15:00+05:30,8753.3,8754.6,8782.385529647747,8651.50064623288,-1.3,EOD_EXIT
long,2020-04-09 12:05:00+05:30,2020-04-09 13:05:00+05:30,9011.85,9094.164797873598,9011.85,9094.164797873598,82.31,TAKE_PROFIT
short,2020-04-13 10:05:00+05:30,2020-04-13 10:40:00+05:30,8961.9,8987.598836046005,8987.598836046005,8871.954073838979,-25.7,STOP_LOSS
long,2020-04-13 12:20:00+05:30,2020-04-13 12:25:00+05:30,9046.2,9026.620173255209,9026.620173255209,9114.729393606769,-19.58,STOP_LOSS
short,2020-04-13 14:25:00+05:30,2020-04-13 14:30:00+05:30,8969.45,8985.96598880937,8985.96598880937,8911.644039167208,-16.52,STOP_LOSS
long,2020-04-15 11:05:00+05:30,2020-04-15 11:40:00+05:30,9230.7,9214.878213930513,9214.878213930513,9286.076251243208,-15.82,STOP_LOSS
short,2020-04-16 09:45:00+05:30,2020-04-16 10:20:00+05:30,8900.25,8932.769321186577,8932.769321186577,8786.432375846976,-32.52,STOP_LOSS
long,2020-04-16 13:50:00+05:30,2020-04-16 14:55:00+05:30,9018.65,9002.642501348742,9002.642501348742,9074.6762452794,-16.01,STOP_LOSS
long,2020-04-17 10:15:00+05:30,2020-04-17 10:25:00+05:30,9246.05,9218.183228843911,9218.183228843911,9343.58369904631,-27.87,STOP_LOSS
long,2020-04-20 09:50:00+05:30,2020-04-20 11:30:00+05:30,9278.45,9250.089149317128,9250.089149317128,9377.712977390056,-28.36,STOP_LOSS
short,2020-04-21 10:30:00+05:30,2020-04-21 12:30:00+05:30,9023.45,8964.90657718157,9040.176692233837,8964.90657718157,58.54,TAKE_PROFIT
short,2020-04-21 13:30:00+05:30,2020-04-21 13:45:00+05:30,8932.35,8945.976679328895,8945.976679328895,8884.65662234887,-13.63,STOP_LOSS
long,2020-04-22 11:55:00+05:30,2020-04-22 13:00:00+05:30,9093.35,9150.420833261172,9077.044047639665,9150.420833261172,57.07,TAKE_PROFIT
long,2020-04-22 13:15:00+05:30,2020-04-22 13:30:00+05:30,9137.95,9123.767514936864,9123.767514936864,9187.58869772098,-14.18,STOP_LOSS
long,2020-04-23 11:15:00+05:30,2020-04-23 11:55:00+05:30,9270.45,9313.700145971234,9258.092815436792,9313.700145971234,43.25,TAKE_PROFIT
long,2020-04-23 12:20:00+05:30,2020-04-23 12:30:00+05:30,9309.45,9298.80826779631,9298.80826779631,9346.69606271292,-10.64,STOP_LOSS
long,2020-04-23 12:45:00+05:30,2020-04-23 13:05:00+05:30,9310.35,9299.91937158834,9299.91937158834,9346.857199440814,-10.43,STOP_LOSS
long,2020-04-23 14:25:00+05:30,2020-04-23 15:15:00+05:30,9303.1,9309.45,9288.073852318244,9355.691516886143,6.35,EOD_EXIT
short,2020-04-24 11:05:00+05:30,2020-04-24 11:20:00+05:30,9179.25,9192.98510534121,9192.98510534121,9131.177131305765,-13.74,STOP_LOSS
long,2020-04-24 13:15:00+05:30,2020-04-24 13:50:00+05:30,9259.85,9241.74289296324,9241.74289296324,9323.224874628657,-18.11,STOP_LOSS
short,2020-04-24 14:40:00+05:30,2020-04-24 15:15:00+05:30,9192.1,9151.65,9209.619717338002,9130.780989316996,40.45,EOD_EXIT
long,2020-04-27 11:05:00+05:30,2020-04-27 11:55:00+05:30,9350.25,9335.380909326623,9335.380909326623,9402.291817356818,-14.87,STOP_LOSS
long,2020-04-28 13:40:00+05:30,2020-04-28 15:10:00+05:30,9337.3,9380.858388303488,9324.854746199002,9380.858388303488,43.56,TAKE_PROFIT
long,2020-04-29 10:30:00+05:30,2020-04-29 12:40:00+05:30,9462.15,9504.465432211473,9450.059876511008,9504.465432211473,42.32,TAKE_PROFIT
long,2020-04-29 13:10:00+05:30,2020-04-29 13:15:00+05:30,9505.05,9496.971773512703,9496.971773512703,9533.323792705538,-8.08,STOP_LOSS
long,2020-04-30 10:55:00+05:30,2020-04-30 12:20:00+05:30,9828.2,9872.633920596576,9815.504594115264,9872.633920596576,44.43,TAKE_PROFIT
short,2020-05-04 10:50:00+05:30,2020-05-04 13:50:00+05:30,9398.85,9339.512161987732,9415.803668003506,9339.512161987732,59.34,TAKE_PROFIT
short,2020-05-05 12:25:00+05:30,2020-05-05 13:00:00+05:30,9334.95,9349.239138939785,9349.239138939785,9284.938013710756,-14.29,STOP_LOSS
long,2020-05-06 12:15:00+05:30,2020-05-06 13:00:00+05:30,9316.5,9299.780683048099,9299.780683048099,9375.017609331651,-16.72,STOP_LOSS
short,2020-05-06 13:30:00+05:30,2020-05-06 13:35:00+05:30,9289.2,9303.930243817014,9303.930243817014,9237.644146640456,-14.73,STOP_LOSS
short,2020-05-07 09:45:00+05:30,2020-05-07 15:15:00+05:30,9240.95,9195.0,9265.048241801083,9156.606153696213,45.95,EOD_EXIT
long,2020-05-08 09:55:00+05:30,2020-05-08 14:15:00+05:30,9306.1,9287.23134942848,9287.23134942848,9372.140277000319,-18.87,STOP_LOSS
long,2020-05-11 10:05:00+05:30,2020-05-11 10:15:00+05:30,9391.5,9375.143310583606,9375.143310583606,9448.748412957382,-16.36,STOP_LOSS
short,2020-05-12 10:15:00+05:30,2020-05-12 14:10:00+05:30,9099.75,9119.227886891498,9119.227886891498,9031.577395879756,-19.48,STOP_LOSS
long,2020-05-13 10:15:00+05:30,2020-05-13 15:15:00+05:30,9377.1,9392.5,9351.064768496593,9468.223310261925,15.4,EOD_EXIT
short,2020-05-14 10:55:00+05:30,2020-05-14 14:00:00+05:30,9224.25,9180.820607612912,9236.658397824882,9180.820607612912,43.43,TAKE_PROFIT
short,2020-05-14 14:35:00+05:30,2020-05-14 15:15:00+05:30,9151.65,9139.95,9165.174514094024,9104.314200670913,11.7,EOD_EXIT
short,2020-05-15 11:00:00+05:30,2020-05-15 12:30:00+05:30,9073.8,9086.519874104983,9086.519874104983,9029.28044063256,-12.72,STOP_LOSS
long,2020-05-15 14:55:00+05:30,2020-05-15 15:15:00+05:30,9134.75,9134.2,9120.804832893551,9183.55808487257,-0.55,EOD_EXIT
short,2020-05-18 11:35:00+05:30,2020-05-18 11:50:00+05:30,8862.45,8878.091920053872,8878.091920053872,8807.703279811454,-15.64,STOP_LOSS
short,2020-05-18 12:20:00+05:30,2020-05-18 12:30:00+05:30,8869.8,8882.016239953275,8882.016239953275,8827.043160163537,-12.22,STOP_LOSS
short,2020-05-19 14:45:00+05:30,2020-05-19 15:15:00+05:30,8897.4,8889.2,8913.569605551962,8840.806380568129,8.2,EOD_EXIT
long,2020-05-21 09:55:00+05:30,2020-05-21 13:05:00+05:30,9105.1,9157.710824804466,9090.068335770153,9157.710824804466,52.61,TAKE_PROFIT
long,2020-05-21 13:40:00+05:30,2020-05-21 14:00:00+05:30,9156.6,9146.032510704372,9146.032510704372,9193.586212534703,-10.57,STOP_LOSS
short,2020-05-22 11:20:00+05:30,2020-05-22 11:35:00+05:30,9008.75,9027.084962938614,9027.084962938614,8944.577629714851,-18.33,STOP_LOSS
short,2020-05-22 11:45:00+05:30,2020-05-22 14:10:00+05:30,9020.4,9036.683840058426,9036.683840058426,8963.40655979551,-16.28,STOP_LOSS
long,2020-05-26 10:00:00+05:30,2020-05-26 10:45:00+05:30,9125.6,9110.64343019588,9110.64343019588,9177.947994314425,-14.96,STOP_LOSS
short,2020-05-26 14:20:00+05:30,2020-05-26 14:45:00+05:30,9029.0,9042.550199811503,9042.550199811503,8981.574300659739,-13.55,STOP_LOSS
short,2020-05-27 09:50:00+05:30,2020-05-27 10:15:00+05:30,9027.65,9042.264643298508,9042.264643298508,8976.49874845522,-14.61,STOP_LOSS
long,2020-05-27 11:15:00+05:30,2020-05-27 12:30:00+05:30,9089.2,9131.694622431816,9077.058679305195,9131.694622431816,42.49,TAKE_PROFIT
long,2020-05-27 14:40:00+05:30,2020-05-27 15:15:00+05:30,9263.5,9322.45,9244.923082857951,9328.519209997172,58.95,EOD_EXIT
long,2020-05-28 11:50:00+05:30,2020-05-28 11:55:00+05:30,9465.9,9455.993917509917,9455.993917509917,9500.57128871529,-9.91,STOP_LOSS
long,2020-05-29 14:30:00+05:30,2020-05-29 15:00:00+05:30,9524.95,9570.491199020958,9511.938228851155,9570.491199020958,45.54,TAKE_PROFIT
long,2020-06-01 11:10:00+05:30,2020-06-01 12:05:00+05:30,9848.65,9888.756203184103,9837.191084804543,9888.756203184103,40.11,TAKE_PROFIT
long,2020-06-01 12:25:00+05:30,2020-06-01 13:35:00+05:30,9892.9,9879.878231090679,9879.878231090679,9938.476191182624,-13.02,STOP_LOSS
long,2020-06-02 10:00:00+05:30,2020-06-02 10:10:00+05:30,9901.15,9884.556459219786,9884.556459219786,9959.227392730745,-16.59,STOP_LOSS
long,2020-06-02 12:25:00+05:30,2020-06-02 12:40:00+05:30,9911.65,9945.294004482948,9902.037427290586,9945.294004482948,33.64,TAKE_PROFIT
long,2020-06-02 13:15:00+05:30,2020-06-02 15:15:00+05:30,9947.15,9977.85,9935.622642220073,9987.495752229746,30.7,EOD_EXIT
long,2020-06-03 10:05:00+05:30,2020-06-03 14:15:00+05:30,10087.35,10153.465689701801,10068.459802942343,10153.465689701801,66.12,TAKE_PROFIT
short,2020-06-04 10:00:00+05:30,2020-06-04 10:20:00+05:30,10055.5,10074.953223401859,10074.953223401859,9987.413718093494,-19.45,STOP_LOSS
short,2020-06-04 12:40:00+05:30,2020-06-04 13:25:00+05:30,9976.3,9990.89466422757,9990.89466422757,9925.218675203503,-14.59,STOP_LOSS
long,2020-06-05 09:45:00+05:30,2020-06-05 10:15:00+05:30,10099.3,10079.238660400684,10079.238660400684,10169.5146885976,-20.06,STOP_LOSS
long,2020-06-05 12:25:00+05:30,2020-06-05 13:30:00+05:30,10101.35,10141.887557286025,10089.767840775421,10141.887557286025,40.54,TAKE_PROFIT
long,2020-06-05 13:45:00+05:30,2020-06-05 15:15:00+05:30,10132.8,10139.0,10121.230233411201,10173.294183060794,6.2,EOD_EXIT
long,2020-06-08 10:50:00+05:30,2020-06-08 12:25:00+05:30,10285.0,10273.199472743154,10273.199472743154,10326.301845398959,-11.8,STOP_LOSS
short,2020-06-08 13:35:00+05:30,2020-06-08 13:45:00+05:30,10190.5,10208.830675716606,10208.830675716606,10126.34263499188,-18.33,STOP_LOSS
short,2020-06-08 14:35:00+05:30,2020-06-08 15:15:00+05:30,10172.25,10167.95,10191.964379318817,10103.24967238414,4.3,EOD_EXIT
long,2020-06-09 10:50:00+05:30,2020-06-09 12:45:00+05:30,10248.45,10234.363861486918,10234.363861486918,10297.75148479579,-14.09,STOP_LOSS
short,2020-06-11 11:40:00+05:30,2020-06-11 12:30:00+05:30,10033.55,9995.344157690717,10044.465954945508,9995.344157690717,38.21,TAKE_PROFIT
short,2020-06-15 11:35:00+05:30,2020-06-15 13:25:00+05:30,9775.75,9791.204910533146,9791.204910533146,9721.65781313399,-15.45,STOP_LOSS
long,2020-06-16 10:05:00+05:30,2020-06-16 12:05:00+05:30,9974.65,9953.044861164302,9953.044861164302,10050.267985924942,-21.61,STOP_LOSS
long,2020-06-16 14:40:00+05:30,2020-06-16 15:15:00+05:30,9890.45,9916.2,9863.966343852637,9983.142796515776,25.75,EOD_EXIT
short,2020-06-17 11:05:00+05:30,2020-06-17 11:15:00+05:30,9885.8,9904.511433731182,9904.511433731182,9820.30998194086,-18.71,STOP_LOSS
long,2020-06-17 13:40:00+05:30,2020-06-17 14:30:00+05:30,9961.1,9944.744724985974,9944.744724985974,10018.343462549092,-16.36,STOP_LOSS
short,2020-06-18 09:35:00+05:30,2020-06-18 09:55:00+05:30,9881.5,9897.674276582504,9897.674276582504,9824.890031961237,-16.17,STOP_LOSS
long,2020-06-18 12:30:00+05:30,2020-06-18 13:20:00+05:30,9951.7,9993.320851059472,9939.808328268724,9993.320851059472,41.62,TAKE_PROFIT
long,2020-06-18 14:40:00+05:30,2020-06-18 15:15:00+05:30,10058.9,10101.05,10043.46138538005,10112.935151169828,42.15,EOD_EXIT
long,2020-06-19 09:30:00+05:30,2020-06-19 09:35:00+05:30,10121.05,10102.353489235311,10102.353489235311,10186.48778767641,-18.7,STOP_LOSS
long,2020-06-19 09:55:00+05:30,2020-06-19 11:40:00+05:30,10104.9,10174.072642386485,10085.136387889575,10174.072642386485,69.17,TAKE_PROFIT
long,2020-06-19 12:45:00+05:30,2020-06-19 13:00:00+05:30,10194.4,10182.02596386251,10182.02596386251,10237.709126481215,-12.37,STOP_LOSS
long,2020-06-19 13:40:00+05:30,2020-06-19 14:05:00+05:30,10195.75,10179.147196807704,10179.147196807704,10253.859811173039,-16.6,STOP_LOSS
long,2020-06-22 13:10:00+05:30,2020-06-22 14:15:00+05:30,10337.8,10379.115235738129,10325.995646931962,10379.115235738129,41.32,TAKE_PROFIT
long,2020-06-22 14:25:00+05:30,2020-06-22 14:45:00+05:30,10370.65,10357.587756049406,10357.587756049406,10416.367853827076,-13.06,STOP_LOSS
long,2020-06-23 10:45:00+05:30,2020-06-23 12:55:00+05:30,10366.7,10414.050092342031,10353.171402187992,10414.050092342031,47.35,TAKE_PROFIT
long,2020-06-23 13:35:00+05:30,2020-06-23 13:40:00+05:30,10419.8,10410.33328700249,10410.33328700249,10452.933495491281,-9.47,STOP_LOSS
long,2020-06-24 10:30:00+05:30,2020-06-24 10:35:00+05:30,10536.3,10526.478384885535,10526.478384885535,10570.675652900623,-9.82,STOP_LOSS
short,2020-06-24 14:05:00+05:30,2020-06-24 14:45:00+05:30,10415.0,10342.226726683004,10435.792363804856,10342.226726683004,72.77,TAKE_PROFIT
short,2020-06-25 09:35:00+05:30,2020-06-25 10:20:00+05:30,10273.35,10297.491418093907,10297.491418093907,10188.85503667133,-24.14,STOP_LOSS
short,2020-06-25 13:25:00+05:30,2020-06-25 13:30:00+05:30,10239.5,10255.834898404866,10255.834898404866,10182.327855582966,-16.33,STOP_LOSS
long,2020-06-25 14:40:00+05:30,2020-06-25 14:45:00+05:30,10331.95,10313.255198846518,10313.255198846518,10397.381804037188,-18.69,STOP_LOSS
short,2020-06-26 13:45:00+05:30,2020-06-26 14:05:00+05:30,10337.6,10351.663525033431,10351.663525033431,10288.37766238299,-14.06,STOP_LOSS
long,2020-06-26 14:40:00+05:30,2020-06-26 15:15:00+05:30,10356.35,10393.7,10341.487147658572,10408.369983194998,37.35,EOD_EXIT
short,2020-06-29 10:30:00+05:30,2020-06-29 10:40:00+05:30,10258.7,10274.166592339987,10274.166592339987,10204.56692681005,-15.47,STOP_LOSS
short,2020-06-29 11:00:00+05:30,2020-06-29 12:30:00+05:30,10259.9,10274.059591596682,10274.059591596682,10210.341429411608,-14.16,STOP_LOSS
long,2020-06-30 09:55:00+05:30,2020-06-30 11:35:00+05:30,10370.85,10355.95149171283,10355.95149171283,10422.994779005097,-14.9,STOP_LOSS
short,2020-06-30 14:50:00+05:30,2020-06-30 15:15:00+05:30,10312.4,10306.9,10328.196315537021,10257.112895620427,5.5,EOD_EXIT
long,2020-07-01 10:15:00+05:30,2020-07-01 10:40:00+05:30,10343.4,10331.656238278409,10331.656238278409,10384.503166025568,-11.74,STOP_LOSS
long,2020-07-01 13:15:00+05:30,2020-07-01 14:45:00+05:30,10413.35,10402.870716733312,10402.870716733312,10450.02749143341,-10.48,STOP_LOSS
long,2020-07-02 10:55:00+05:30,2020-07-02 11:05:00+05:30,10520.6,10509.698077562713,10509.698077562713,10558.75672853051,-10.9,STOP_LOSS
long,2020-07-02 12:30:00+05:30,2020-07-02 13:45:00+05:30,10547.05,10580.226925752477,10537.570878356435,10580.226925752477,33.18,TAKE_PROFIT
long,2020-07-02 14:20:00+05:30,2020-07-02 14:35:00+05:30,10580.8,10571.885022070619,10571.885022070619,10612.002422752828,-8.91,STOP_LOSS
long,2020-07-03 09:50:00+05:30,2020-07-03 13:40:00+05:30,10586.55,10571.1482548973,10571.1482548973,10640.456107859449,-15.4,STOP_LOSS
long,2020-07-06 11:00:00+05:30,2020-07-06 12:15:00+05:30,10738.6,10767.585544411178,10730.31841588252,10767.585544411178,28.99,TAKE_PROFIT
short,2020-07-07 11:50:00+05:30,2020-07-07 12:10:00+05:30,10716.7,10727.194078125456,10727.194078125456,10679.970726560907,-10.49,STOP_LOSS
long,2020-07-07 13:35:00+05:30,2020-07-07 13:55:00+05:30,10768.45,10757.29178129982,10757.29178129982,10807.503765450632,-11.16,STOP_LOSS
long,2020-07-08 09:40:00+05:30,2020-07-08 09:45:00+05:30,10821.3,10808.499645331318,10808.499645331318,10866.10124134038,-12.8,STOP_LOSS
long,2020-07-08 09:50:00+05:30,2020-07-08 10:00:00+05:30,10817.95,10804.688178048858,10804.688178048858,10864.366376828999,-13.26,STOP_LOSS
long,2020-07-09 10:40:00+05:30,2020-07-09 10:45:00+05:30,10776.3,10765.704168616907,10765.704168616907,10813.385409840821,-10.6,STOP_LOSS
long,2020-07-09 14:00:00+05:30,2020-07-09 15:15:00+05:30,10793.25,10821.3,10783.36029962297,10827.863951319607,28.05,EOD_EXIT
short,2020-07-10 12:10:00+05:30,2020-07-10 12:55:00+05:30,10748.45,10756.996370041683,10756.996370041683,10718.537704854114,-8.55,STOP_LOSS
long,2020-07-13 10:10:00+05:30,2020-07-13 11:10:00+05:30,10857.45,10844.48112076894,10844.48112076894,10902.841077308713,-12.97,STOP_LOSS
short,2020-07-13 13:05:00+05:30,2020-07-13 13:45:00+05:30,10808.0,10767.606267374453,10819.541066464442,10767.606267374453,40.39,TAKE_PROFIT
short,2020-07-13 14:05:00+05:30,2020-07-13 14:40:00+05:30,10774.9,10787.097563651703,10787.097563651703,10732.208527219036,-12.2,STOP_LOSS
short,2020-07-14 10:00:00+05:30,2020-07-14 10:35:00+05:30,10724.35,10675.118125084275,10738.416249975922,10675.118125084275,49.23,TAKE_PROFIT
short,2020-07-14 11:15:00+05:30,2020-07-14 11:40:00+05:30,10650.45,10663.98206773336,10663.98206773336,10603.087762933244,-13.53,STOP_LOSS
short,2020-07-14 11:45:00+05:30,2020-07-14 12:50:00+05:30,10652.75,10608.039447863137,10665.524443467675,10608.039447863137,44.71,TAKE_PROFIT
short,2020-07-14 13:25:00+05:30,2020-07-14 13:35:00+05:30,10592.45,10603.813154738447,10603.813154738447,10552.67895841544,-11.36,STOP_LOSS
long,2020-07-15 11:50:00+05:30,2020-07-15 11:55:00+05:30,10813.25,10804.004091705841,10804.004091705841,10845.610679029556,-9.25,STOP_LOSS
long,2020-07-17 10:05:00+05:30,2020-07-17 14:40:00+05:30,10793.05,10843.813383962666,10778.546176010666,10843.813383962666,50.76,TAKE_PROFIT
long,2020-07-20 11:05:00+05:30,2020-07-20 11:30:00+05:30,10982.55,10971.254164642172,10971.254164642172,11022.085423752396,-11.3,STOP_LOSS
long,2020-07-20 14:50:00+05:30,2020-07-20 15:15:00+05:30,11006.05,11027.55,10993.960127123035,11048.36455506937,21.5,EOD_EXIT
long,2020-07-21 10:25:00+05:30,2020-07-21 13:00:00+05:30,11132.5,11171.18713666532,11121.446532381337,11171.18713666532,38.69,TAKE_PROFIT
long,2020-07-21 14:55:00+05:30,2020-07-21 15:15:00+05:30,11163.95,11158.15,11154.206524093972,11198.0521656711,-5.8,EOD_EXIT
long,2020-07-22 11:20:00+05:30,2020-07-22 13:05:00+05:30,11167.85,11158.133632420586,11158.133632420586,11201.85728652795,-9.72,STOP_LOSS
short,2020-07-22 13:50:00+05:30,2020-07-22 14:40:00+05:30,11117.8,11073.35176501758,11130.499495709262,11073.35176501758,44.45,TAKE_PROFIT
long,2020-07-23 09:45:00+05:30,2020-07-23 11:35:00+05:30,11155.3,11202.65173119867,11141.770933943237,11202.65173119867,47.35,TAKE_PROFIT
long,2020-07-23 12:35:00+05:30,2020-07-23 12:45:00+05:30,11207.65,11199.780968193349,11199.780968193349,11235.19161132328,-7.87,STOP_LOSS
short,2020-07-24 10:10:00+05:30,2020-07-24 10:40:00+05:30,11161.55,11116.572081506967,11174.400833855152,11116.572081506967,44.98,TAKE_PROFIT
short,2020-07-24 11:20:00+05:30,2020-07-24 11:35:00+05:30,11120.45,11132.000385648542,11132.000385648542,11080.023650230105,-11.55,STOP_LOSS
long,2020-07-24 14:55:00+05:30,2020-07-24 15:15:00+05:30,11180.3,11192.0,11164.61898458305,11235.183553959323,11.7,EOD_EXIT
short,2020-07-27 10:15:00+05:30,2020-07-27 10:25:00+05:30,11125.55,11141.938742416016,11141.938742416016,11068.189401543945,-16.39,STOP_LOSS
short,2020-07-27 10:35:00+05:30,2020-07-27 11:55:00+05:30,11133.05,11147.214480931236,11147.214480931236,11083.474316740672,-14.16,STOP_LOSS
long,2020-07-28 09:45:00+05:30,2020-07-28 10:10:00+05:30,11189.3,11173.621804992576,11173.621804992576,11244.173682525981,-15.68,STOP_LOSS
long,2020-07-28 11:25:00+05:30,2020-07-28 12:10:00+05:30,11189.3,11224.489288538314,11179.24591756048,11224.489288538314,35.19,TAKE_PROFIT
long,2020-07-28 13:10:00+05:30,2020-07-28 14:30:00+05:30,11239.75,11275.619017657273,11229.50170924078,11275.619017657273,35.87,TAKE_PROFIT
long,2020-07-30 10:55:00+05:30,2020-07-30 11:55:00+05:30,11283.85,11274.528735199774,11274.528735199774,11316.474426800794,-9.32,STOP_LOSS
short,2020-07-30 13:40:00+05:30,2020-07-30 14:05:00+05:30,11191.75,11146.273135960917,11204.743389725452,11146.273135960917,45.48,TAKE_PROFIT
short,2020-07-30 14:30:00+05:30,2020-07-30 15:15:00+05:30,11131.8,11103.9,11151.29946903788,11063.551858367418,27.9,EOD_EXIT
short,2020-07-31 10:15:00+05:30,2020-07-31 10:50:00+05:30,11101.2,11121.74088571296,11121.74088571296,11029.306900004643,-20.54,STOP_LOSS
short,2020-08-03 10:30:00+05:30,2020-08-03 12:35:00+05:30,10975.35,10929.833677729917,10988.35466350574,10929.833677729917,45.52,TAKE_PROFIT
short,2020-08-03 13:15:00+05:30,2020-08-03 14:45:00+05:30,10929.85,10896.33247892088,10939.426434594036,10896.33247892088,33.52,TAKE_PROFIT
short,2020-08-03 14:55:00+05:30,2020-08-03 15:15:00+05:30,10906.8,10894.25,10918.258973192862,10866.693593824979,12.55,EOD_EXIT
long,2020-08-04 12:00:00+05:30,2020-08-04 14:20:00+05:30,11037.0,11067.797818562438,11028.200623267874,11067.797818562438,30.8,TAKE_PROFIT
long,2020-08-05 10:20:00+05:30,2020-08-05 10:30:00+05:30,11204.6,11192.784675787409,11192.784675787409,11245.95363474407,-11.82,STOP_LOSS
long,2020-08-05 10:40:00+05:30,2020-08-05 10:45:00+05:30,11196.5,11185.750660743985,11185.750660743985,11234.122687396057,-10.75,STOP_LOSS
long,2020-08-05 11:10:00+05:30,2020-08-05 11:15:00+05:30,11190.5,11179.879809938875,11179.879809938875,11227.670665213935,-10.62,STOP_LOSS
long,2020-08-06 10:00:00+05:30,2020-08-06 12:25:00+05:30,11158.45,11206.262053205155,11144.789413369957,11206.262053205155,47.81,TAKE_PROFIT
long,2020-08-06 13:35:00+05:30,2020-08-06 13:40:00+05:30,11232.15,11219.905451439774,11219.905451439774,11275.005919960791,-12.24,STOP_LOSS
long,2020-08-06 13:55:00+05:30,2020-08-06 14:00:00+05:30,11225.35,11213.409860218693,11213.409860218693,11267.140489234573,-11.94,STOP_LOSS
long,2020-08-10 10:35:00+05:30,2020-08-10 13:55:00+05:30,11305.6,11296.163548007335,11296.163548007335,11338.62758197433,-9.44,STOP_LOSS
long,2020-08-11 10:05:00+05:30,2020-08-11 11:00:00+05:30,11346.0,11334.996552345423,11334.996552345423,11384.512066791023,-11.0,STOP_LOSS
long,2020-08-11 13:40:00+05:30,2020-08-11 15:00:00+05:30,11346.3,11337.104819936174,11337.104819936174,11378.48313022339,-9.2,STOP_LOSS
short,2020-08-12 09:50:00+05:30,2020-08-12 11:35:00+05:30,11282.35,11294.55337064909,11294.55337064909,11239.63820272819,-12.2,STOP_LOSS
long,2020-08-13 10:00:00+05:30,2020-08-13 10:15:00+05:30,11345.8,11337.256263112617,11337.256263112617,11375.703079105839,-8.54,STOP_LOSS
long,2020-08-13 10:40:00+05:30,2020-08-13 11:35:00+05:30,11347.15,11340.069769321299,11340.069769321299,11371.930807375451,-7.08,STOP_LOSS
short,2020-08-13 12:40:00+05:30,2020-08-13 13:40:00+05:30,11299.05,11307.923745750493,11307.923745750493,11267.991889873272,-8.87,STOP_LOSS
long,2020-08-14 09:50:00+05:30,2020-08-14 10:25:00+05:30,11340.05,11330.860729877044,11330.860729877044,11372.212445430345,-9.19,STOP_LOSS
short,2020-08-14 14:55:00+05:30,2020-08-14 15:15:00+05:30,11172.8,11189.544398872904,11189.544398872904,11114.19460394483,-16.74,STOP_LOSS
long,2020-08-18 10:50:00+05:30,2020-08-18 11:10:00+05:30,11330.35,11323.21190825991,11323.21190825991,11355.333321090318,-7.14,STOP_LOSS
long,2020-08-19 09:50:00+05:30,2020-08-19 11:10:00+05:30,11432.35,11421.584125312937,11421.584125312937,11470.030561404721,-10.77,STOP_LOSS
short,2020-08-20 10:15:00+05:30,2020-08-20 10:30:00+05:30,11336.0,11345.741421135139,11345.741421135139,11301.905026027016,-9.74,STOP_LOSS
short,2020-08-20 10:45:00+05:30,2020-08-20 12:35:00+05:30,11340.05,11313.259651895522,11347.704385172707,11313.259651895522,26.79,TAKE_PROFIT
short,2020-08-20 14:10:00+05:30,2020-08-20 14:40:00+05:30,11312.2,11323.26263557809,11323.26263557809,11273.480775476686,-11.06,STOP_LOSS
long,2020-08-21 10:05:00+05:30,2020-08-21 10:10:00+05:30,11395.25,11385.645331951464,11385.645331951464,11428.866338169877,-9.6,STOP_LOSS
long,2020-08-21 10:20:00+05:30,2020-08-21 11:40:00+05:30,11392.8,11384.229694606625,11384.229694606625,11422.796068876805,-8.57,STOP_LOSS
long,2020-08-24 10:05:00+05:30,2020-08-24 12:15:00+05:30,11435.15,11465.268443191424,11426.544730516736,11465.268443191424,30.12,TAKE_PROFIT
long,2020-08-24 13:20:00+05:30,2020-08-24 13:25:00+05:30,11476.25,11469.724905083893,11469.724905083893,11499.087832206378,-6.53,STOP_LOSS
long,2020-08-24 13:30:00+05:30,2020-08-24 15:15:00+05:30,11472.1,11464.937595374124,11464.937595374124,11497.168416190569,-7.16,STOP_LOSS
long,2020-08-25 09:45:00+05:30,2020-08-25 09:55:00+05:30,11499.0,11488.416419394503,11488.416419394503,11536.042532119234,-10.58,STOP_LOSS
long,2020-08-25 10:10:00+05:30,2020-08-25 10:20:00+05:30,11498.45,11488.700147563779,11488.700147563779,11532.57448352678,-9.75,STOP_LOSS
short,2020-08-25 14:40:00+05:30,2020-08-25 14:55:00+05:30,11450.3,11459.125869261385,11459.125869261385,11419.409457585149,-8.83,STOP_LOSS
long,2020-08-27 09:55:00+05:30,2020-08-27 13:10:00+05:30,11592.05,11582.647429880095,11582.647429880095,11624.958995419665,-9.4,STOP_LOSS
long,2020-08-28 10:00:00+05:30,2020-08-28 10:10:00+05:30,11615.3,11605.531234787633,11605.531234787633,11649.49067824328,-9.77,STOP_LOSS
long,2020-08-28 10:40:00+05:30,2020-08-28 11:35:00+05:30,11615.15,11651.068974838608,11604.887435760396,11651.068974838608,35.92,TAKE_PROFIT
long,2020-08-28 12:10:00+05:30,2020-08-28 12:20:00+05:30,11661.65,11653.212823402011,11653.212823402011,11691.18011809296,-8.44,STOP_LOSS
long,2020-08-31 10:05:00+05:30,2020-08-31 10:15:00+05:30,11749.95,11733.661120534945,11733.661120534945,11806.961078127695,-16.29,STOP_LOSS
short,2020-08-31 12:40:00+05:30,2020-08-31 13:00:00+05:30,11581.75,11523.219290850397,11598.473059757029,11523.219290850397,58.53,TAKE_PROFIT
long,2020-09-01 13:30:00+05:30,2020-09-01 13:45:00+05:30,11514.15,11497.158148433207,11497.158148433207,11573.621480483776,-16.99,STOP_LOSS
long,2020-09-02 10:00:00+05:30,2020-09-02 10:10:00+05:30,11495.2,11480.689827913124,11480.689827913124,11545.985602304072,-14.51,STOP_LOSS
short,2020-09-02 10:45:00+05:30,2020-09-02 11:15:00+05:30,11458.65,11472.877444993335,11472.877444993335,11408.853942523323,-14.23,STOP_LOSS
long,2020-09-03 09:50:00+05:30,2020-09-03 11:30:00+05:30,11553.5,11542.122395182174,11542.122395182174,11593.321616862393,-11.38,STOP_LOSS
short,2020-09-04 10:10:00+05:30,2020-09-04 12:55:00+05:30,11403.25,11419.085465062562,11419.085465062562,11347.82587228103,-15.84,STOP_LOSS
short,2020-09-07 10:25:00+05:30,2020-09-07 11:15:00+05:30,11307.05,11324.755469623788,11324.755469623788,11245.080856316741,-17.71,STOP_LOSS
long,2020-09-08 11:00:00+05:30,2020-09-08 13:45:00+05:30,11411.8,11401.169015853435,11401.169015853435,11449.008444512974,-10.63,STOP_LOSS
short,2020-09-09 11:00:00+05:30,2020-09-09 12:05:00+05:30,11245.0,11207.519038880913,11255.708846034026,11207.519038880913,37.48,TAKE_PROFIT
short,2020-09-09 12:15:00+05:30,2020-09-09 12:30:00+05:30,11213.0,11223.883015084024,11223.883015084024,11174.909447205917,-10.88,STOP_LOSS
long,2020-09-10 11:55:00+05:30,2020-09-10 12:00:00+05:30,11411.65,11403.622349365662,11403.622349365662,11439.746777220185,-8.03,STOP_LOSS
long,2020-09-10 12:05:00+05:30,2020-09-10 12:40:00+05:30,11410.35,11439.497968223162,11402.022009079097,11439.497968223162,29.15,TAKE_PROFIT
long,2020-09-11 10:15:00+05:30,2020-09-11 12:00:00+05:30,11453.75,11439.85596617899,11439.85596617899,11502.379118373534,-13.89,STOP_LOSS
long,2020-09-14 09:55:00+05:30,2020-09-14 13:35:00+05:30,11525.7,11512.417082953758,11512.417082953758,11572.190209661849,-13.28,STOP_LOSS
short,2020-09-14 14:50:00+05:30,2020-09-14 15:00:00+05:30,11436.3,11452.941305620285,11452.941305620285,11378.055430328997,-16.64,STOP_LOSS
long,2020-09-15 09:55:00+05:30,2020-09-15 10:40:00+05:30,11485.5,11470.646927987513,11470.646927987513,11537.485752043705,-14.85,STOP_LOSS
long,2020-09-15 14:20:00+05:30,2020-09-15 15:15:00+05:30,11507.4,11524.4,11496.018755340463,11547.234356308381,17.0,EOD_EXIT
long,2020-09-16 09:30:00+05:30,2020-09-16 12:50:00+05:30,11531.2,11570.705473748612,11519.912721786111,11570.705473748612,39.51,TAKE_PROFIT
long,2020-09-16 13:55:00+05:30,2020-09-16 14:50:00+05:30,11574.05,11602.563901960095,11565.903170868543,11602.563901960095,28.51,TAKE_PROFIT
short,2020-09-17 12:25:00+05:30,2020-09-17 12:55:00+05:30,11528.9,11538.45080031196,11538.45080031196,11495.472198908137,-9.55,STOP_LOSS
long,2020-09-18 10:10:00+05:30,2020-09-18 10:20:00+05:30,11565.8,11556.226783644568,11556.226783644568,11599.306257244009,-9.57,STOP_LOSS
short,2020-09-21 11:20:00+05:30,2020-09-21 11:45:00+05:30,11494.85,11505.276535581648,11505.276535581648,11458.35712546423,-10.43,STOP_LOSS
short,2020-09-21 14:40:00+05:30,2020-09-21 15:15:00+05:30,11315.3,11247.05,11338.363620508497,11234.57732822026,68.25,EOD_EXIT
short,2020-09-22 10:10:00+05:30,2020-09-22 10:25:00+05:30,11160.15,11188.316171248598,11188.316171248598,11061.568400629903,-28.17,STOP_LOSS
short,2020-09-22 11:25:00+05:30,2020-09-22 11:30:00+05:30,11151.4,11167.43849744964,11167.43849744964,11095.265258926256,-16.04,STOP_LOSS
short,2020-09-22 14:45:00+05:30,2020-09-22 15:15:00+05:30,11151.85,11156.7,11172.214343794603,11080.57479671889,-4.85,EOD_EXIT
short,2020-09-23 13:05:00+05:30,2020-09-23 13:40:00+05:30,11123.0,11065.20041188517,11139.514168032809,11065.20041188517,57.8,TAKE_PROFIT
short,2020-09-24 11:35:00+05:30,2020-09-24 12:20:00+05:30,10944.05,10907.249981612687,10954.564290967803,10907.249981612687,36.8,TAKE_PROFIT
short,2020-09-24 12:35:00+05:30,2020-09-24 12:55:00+05:30,10914.05,10924.546264011937,10924.546264011937,10877.313075958216,-10.5,STOP_LOSS
long,2020-09-25 12:30:00+05:30,2020-09-25 14:20:00+05:30,10967.6,11028.544428931167,10950.187306019667,11028.544428931167,60.94,TAKE_PROFIT
long,2020-09-28 10:15:00+05:30,2020-09-28 11:25:00+05:30,11151.05,11204.288970091086,11135.83886568826,11204.288970091086,53.24,TAKE_PROFIT
long,2020-09-28 12:25:00+05:30,2020-09-28 12:30:00+05:30,11203.35,11194.26615229462,11194.26615229462,11235.143466968833,-9.08,STOP_LOSS
long,2020-09-28 13:40:00+05:30,2020-09-28 15:15:00+05:30,11210.1,11229.05,11200.2717545694,11244.498859007104,18.95,EOD_EXIT
long,2020-09-29 09:30:00+05:30,2020-09-29 10:00:00+05:30,11261.25,11246.938121245561,11246.938121245561,11311.341575640536,-14.31,STOP_LOSS
short,2020-09-30 10:10:00+05:30,2020-09-30 10:20:00+05:30,11212.95,11226.842233047013,11226.842233047013,11164.327184335454,-13.89,STOP_LOSS
long,2020-09-30 11:10:00+05:30,2020-09-30 11:20:00+05:30,11253.3,11239.868593283241,11239.868593283241,11300.309923508652,-13.43,STOP_LOSS
long,2020-09-30 13:40:00+05:30,2020-09-30 15:10:00+05:30,11260.45,11248.958832249726,11248.958832249726,11300.669087125965,-11.49,STOP_LOSS
long,2020-10-01 11:50:00+05:30,2020-10-01 12:30:00+05:30,11410.0,11402.41921052296,11402.41921052296,11436.532763169642,-7.58,STOP_LOSS
long,2020-10-05 10:30:00+05:30,2020-10-05 11:45:00+05:30,11532.65,11522.168997814853,11522.168997814853,11569.33350764801,-10.48,STOP_LOSS
long,2020-10-06 10:30:00+05:30,2020-10-06 11:20:00+05:30,11595.3,11584.05520461905,11584.05520461905,11634.656783833325,-11.24,STOP_LOSS
long,2020-10-07 14:35:00+05:30,2020-10-07 14:45:00+05:30,11746.5,11736.083954276475,11736.083954276475,11782.956160032334,-10.42,STOP_LOSS
long,2020-10-08 11:40:00+05:30,2020-10-08 11:55:00+05:30,11883.0,11876.197427966252,11876.197427966252,11906.809002118116,-6.8,STOP_LOSS
long,2020-10-09 10:35:00+05:30,2020-10-09 11:05:00+05:30,11859.4,11913.569412260687,11843.923025068374,11913.569412260687,54.17,TAKE_PROFIT
long,2020-10-09 11:50:00+05:30,2020-10-09 12:10:00+05:30,11915.15,11903.798143023561,11903.798143023561,11954.88149941753,-11.35,STOP_LOSS
long,2020-10-09 14:50:00+05:30,2020-10-09 15:15:00+05:30,11908.3,11912.3,11896.515880707066,11949.544417525269,4.0,EOD_EXIT
long,2020-10-12 10:15:00+05:30,2020-10-12 10:40:00+05:30,11979.4,11966.100877842178,11966.100877842178,12025.946927552375,-13.3,STOP_LOSS
long,2020-10-13 10:05:00+05:30,2020-10-13 12:15:00+05:30,11952.55,11941.325972633858,11941.325972633858,11991.834095781494,-11.22,STOP_LOSS
short,2020-10-13 13:10:00+05:30,2020-10-13 13:15:00+05:30,11921.95,11932.919489113947,11932.919489113947,11883.556788101187,-10.97,STOP_LOSS
short,2020-10-13 13:30:00+05:30,2020-10-13 14:10:00+05:30,11926.75,11937.03323216955,11937.03323216955,11890.758687406576,-10.28,STOP_LOSS
short,2020-10-14 10:15:00+05:30,2020-10-14 12:20:00+05:30,11857.35,11870.294773156593,11870.294773156593,11812.043293951929,-12.94,STOP_LOSS
long,2020-10-15 09:35:00+05:30,2020-10-15 10:40:00+05:30,11944.5,11924.303944298324,11924.303944298324,12015.186194955866,-20.2,STOP_LOSS
short,2020-10-15 12:05:00+05:30,2020-10-15 13:05:00+05:30,11899.3,11859.157868338349,11910.769180474756,11859.157868338349,40.14,TAKE_PROFIT
short,2020-10-15 14:55:00+05:30,2020-10-15 15:10:00+05:30,11738.85,11674.177376193733,11757.327892516078,11674.177376193733,64.67,TAKE_PROFIT
long,2020-10-20 10:00:00+05:30,2020-10-20 11:50:00+05:30,11894.2,11939.553750672236,11881.24178552222,11939.553750672236,45.35,TAKE_PROFIT
long,2020-10-21 10:15:00+05:30,2020-10-21 10:30:00+05:30,12000.0,11991.211667088071,11991.211667088071,12030.759165191748,-8.79,STOP_LOSS
long,2020-10-21 10:45:00+05:30,2020-10-21 11:15:00+05:30,11995.6,11988.32358128555,11988.32358128555,12021.067465500577,-7.28,STOP_LOSS
long,2020-10-21 11:25:00+05:30,2020-10-21 13:15:00+05:30,11995.9,11988.720386208088,11988.720386208088,12021.028648271691,-7.18,STOP_LOSS
short,2020-10-21 14:40:00+05:30,2020-10-21 14:45:00+05:30,11833.65,11854.780011950543,11854.780011950543,11759.694958173099,-21.13,STOP_LOSS
short,2020-10-22 14:45:00+05:30,2020-10-22 15:00:00+05:30,11865.25,11882.1675999246,11882.1675999246,11806.0384002639,-16.92,STOP_LOSS
long,2020-10-23 10:15:00+05:30,2020-10-23 10:35:00+05:30,11945.0,11933.420795994305,11933.420795994305,11985.527214019934,-11.58,STOP_LOSS
long,2020-10-23 10:40:00+05:30,2020-10-23 10:55:00+05:30,11940.55,11929.866397375621,11929.866397375621,11977.942609185322,-10.68,STOP_LOSS
short,2020-10-26 09:55:00+05:30,2020-10-26 11:15:00+05:30,11907.2,11868.268060040033,11918.323411417136,11868.268060040033,38.93,TAKE_PROFIT
short,2020-10-26 13:45:00+05:30,2020-10-26 14:00:00+05:30,11778.05,11733.433593281912,11790.797544776595,11733.433593281912,44.62,TAKE_PROFIT
short,2020-10-26 14:25:00+05:30,2020-10-26 15:00:00+05:30,11745.65,11760.01886098748,11760.01886098748,11695.358986543817,-14.37,STOP_LOSS
long,2020-10-27 13:30:00+05:30,2020-10-27 14:30:00+05:30,11842.3,11884.335236249608,11830.28993250011,11884.335236249608,42.04,TAKE_PROFIT
long,2020-10-27 14:40:00+05:30,2020-10-27 15:15:00+05:30,11868.3,11883.85,11855.94544868945,11911.540929586923,15.55,EOD_EXIT
long,2020-10-28 09:40:00+05:30,2020-10-28 10:00:00+05:30,11901.05,11885.29137847438,11885.29137847438,11956.205175339668,-15.76,STOP_LOSS
short,2020-10-28 13:15:00+05:30,2020-10-28 13:55:00+05:30,11762.7,11711.690241544135,11777.274216701677,11711.690241544135,51.01,TAKE_PROFIT
short,2020-10-28 14:55:00+05:30,2020-10-28 15:15:00+05:30,11732.0,11733.2,11748.081335132667,11675.715327035663,-1.2,EOD_EXIT
short,2020-10-29 09:45:00+05:30,2020-10-29 09:55:00+05:30,11675.3,11695.01561054318,11695.01561054318,11606.295363098869,-19.72,STOP_LOSS
short,2020-10-29 10:40:00+05:30,2020-10-29 11:50:00+05:30,11679.95,11694.594663063968,11694.594663063968,11628.693679276112,-14.64,STOP_LOSS
short,2020-10-29 13:50:00+05:30,2020-10-29 15:15:00+05:30,11663.75,11670.9,11682.678923076635,11597.498769231779,-7.15,EOD_EXIT
long,2020-10-30 10:15:00+05:30,2020-10-30 10:25:00+05:30,11729.85,11716.427953558,11716.427953558,11776.827162546997,-13.42,STOP_LOSS
long,2020-10-30 10:30:00+05:30,2020-10-30 10:45:00+05:30,11724.3,11711.98823376798,11711.98823376798,11767.391181812072,-12.31,STOP_LOSS
short,2020-10-30 12:30:00+05:30,2020-10-30 13:30:00+05:30,11578.2,11594.62764298006,11594.62764298006,11520.703249569795,-16.43,STOP_LOSS
short,2020-11-02 10:00:00+05:30,2020-11-02 10:35:00+05:30,11592.9,11612.295354928476,11612.295354928476,11525.016257750336,-19.4,STOP_LOSS
long,2020-11-03 10:00:00+05:30,2020-11-03 12:50:00+05:30,11764.6,11827.997919580765,11746.48630869121,11827.997919580765,63.4,TAKE_PROFIT
long,2020-11-04 12:15:00+05:30,2020-11-04 13:00:00+05:30,11889.9,11877.4606682041,11877.4606682041,11933.437661285647,-12.44,STOP_LOSS
short,2020-11-04 13:45:00+05:30,2020-11-04 13:55:00+05:30,11826.5,11848.85639478406,11848.85639478406,11748.25261825579,-22.36,STOP_LOSS
long,2020-11-05 10:30:00+05:30,2020-11-05 15:10:00+05:30,12068.0,12118.124538943386,12053.678703159032,12118.124538943386,50.12,TAKE_PROFIT
long,2020-11-06 10:30:00+05:30,2020-11-06 10:50:00+05:30,12185.15,12175.474030821013,12175.474030821013,12219.015892126454,-9.68,STOP_LOSS
long,2020-11-06 13:20:00+05:30,2020-11-06 13:25:00+05:30,12237.8,12228.782921660486,12228.782921660486,12269.359774188299,-9.02,STOP_LOSS
long,2020-11-06 14:15:00+05:30,2020-11-06 14:25:00+05:30,12252.0,12242.876032167982,12242.876032167982,12283.933887412062,-9.12,STOP_LOSS
long,2020-11-09 10:30:00+05:30,2020-11-09 10:45:00+05:30,12422.7,12410.124102423944,12410.124102423944,12466.715641516197,-12.58,STOP_LOSS
long,2020-11-09 11:10:00+05:30,2020-11-09 11:20:00+05:30,12405.7,12393.33581717964,12393.33581717964,12448.974639871261,-12.36,STOP_LOSS
long,2020-11-09 14:50:00+05:30,2020-11-09 15:15:00+05:30,12439.5,12465.55,12431.305451646758,12468.180919236345,26.05,EOD_EXIT
long,2020-11-10 11:30:00+05:30,2020-11-10 11:45:00+05:30,12572.6,12560.945840603248,12560.945840603248,12613.389557888637,-11.65,STOP_LOSS
long,2020-11-11 10:00:00+05:30,2020-11-11 10:55:00+05:30,12732.3,12715.17885582824,12715.17885582824,12792.224004601156,-17.12,STOP_LOSS
short,2020-11-12 13:45:00+05:30,2020-11-12 13:55:00+05:30,12655.5,12670.67313123144,12670.67313123144,12602.394040689955,-15.17,STOP_LOSS
long,2020-11-13 11:20:00+05:30,2020-11-13 11:25:00+05:30,12698.4,12685.655059461093,12685.655059461093,12743.007291886177,-12.74,STOP_LOSS
long,2020-11-17 10:20:00+05:30,2020-11-17 10:30:00+05:30,12852.05,12837.585757213976,12837.585757213976,12902.67484975108,-14.46,STOP_LOSS
long,2020-11-17 13:50:00+05:30,2020-11-17 14:35:00+05:30,12856.1,12847.430728904812,12847.430728904812,12886.44244883316,-8.67,STOP_LOSS
long,2020-11-19 09:45:00+05:30,2020-11-19 13:25:00+05:30,12922.95,12906.953927711495,12906.953927711495,12978.936253009771,-16.0,STOP_LOSS
short,2020-11-19 14:45:00+05:30,2020-11-19 15:15:00+05:30,12826.3,12763.75,12847.514783422826,12752.048258020104,62.55,EOD_EXIT
short,2020-11-20 11:40:00+05:30,2020-11-20 11:55:00+05:30,12756.55,12771.132522521524,12771.132522521524,12705.511171174665,-14.58,STOP_LOSS
long,2020-11-20 14:25:00+05:30,2020-11-20 15:15:00+05:30,12858.25,12860.25,12842.397053146744,12913.735313986399,2.0,EOD_EXIT
long,2020-11-23 14:05:00+05:30,2020-11-23 15:05:00+05:30,12941.75,12928.145320716478,12928.145320716478,12989.366377492328,-13.6,STOP_LOSS
long,2020-11-24 10:35:00+05:30,2020-11-24 11:05:00+05:30,13030.15,13019.433863203629,13019.433863203629,13067.656478787296,-10.72,STOP_LOSS
long,2020-11-24 14:05:00+05:30,2020-11-24 15:15:00+05:30,13043.45,13061.5,13034.880305819705,13073.44392963104,18.05,EOD_EXIT
short,2020-11-25 11:35:00+05:30,2020-11-25 12:40:00+05:30,12999.2,13015.105208380191,13015.105208380191,12943.53177066933,-15.91,STOP_LOSS
short,2020-11-26 10:20:00+05:30,2020-11-26 10:50:00+05:30,12843.9,12861.101494155291,12861.101494155291,12783.69477045648,-17.2,STOP_LOSS
long,2020-11-26 14:25:00+05:30,2020-11-26 15:00:00+05:30,12913.8,12966.01169983463,12898.88237147582,12966.01169983463,52.21,TAKE_PROFIT
long,2020-11-27 10:25:00+05:30,2020-11-27 11:10:00+05:30,12980.95,12965.936961697184,12965.936961697184,13033.495634059864,-15.01,STOP_LOSS
long,2020-12-01 11:30:00+05:30,2020-12-01 12:25:00+05:30,13070.3,13062.223389175811,13062.223389175811,13098.568137884658,-8.08,STOP_LOSS
long,2020-12-01 14:30:00+05:30,2020-12-01 15:15:00+05:30,13108.6,13101.9,13099.221607969977,13141.424372105079,-6.7,EOD_EXIT
long,2020-12-03 10:05:00+05:30,2020-12-03 11:30:00+05:30,13154.85,13142.426840777305,13142.426840777305,13198.331057279436,-12.42,STOP_LOSS
long,2020-12-07 10:00:00+05:30,2020-12-07 10:25:00+05:30,13298.25,13285.600554514927,13285.600554514927,13342.523059197752,-12.65,STOP_LOSS
long,2020-12-07 10:45:00+05:30,2020-12-07 11:35:00+05:30,13297.85,13287.425998323746,13287.425998323746,13334.33400586689,-10.42,STOP_LOSS
long,2020-12-08 14:05:00+05:30,2020-12-08 15:15:00+05:30,13396.5,13390.8,13386.894284611239,13430.120003860666,-5.7,EOD_EXIT
long,2020-12-09 10:05:00+05:30,2020-12-09 13:25:00+05:30,13464.3,13500.620666653354,13453.922666670469,13500.620666653354,36.32,TAKE_PROFIT
long,2020-12-09 14:25:00+05:30,2020-12-09 14:55:00+05:30,13526.15,13517.38635976531,13517.38635976531,13556.822740821412,-8.76,STOP_LOSS
long,2020-12-11 10:50:00+05:30,2020-12-11 11:05:00+05:30,13561.15,13552.835448534624,13552.835448534624,13590.250930128812,-8.31,STOP_LOSS
short,2020-12-11 14:30:00+05:30,2020-12-11 14:55:00+05:30,13463.2,13481.912005119575,13481.912005119575,13397.707982081494,-18.71,STOP_LOSS
long,2020-12-14 14:50:00+05:30,2020-12-14 15:15:00+05:30,13551.25,13555.5,13542.833308050704,13580.708421822535,4.25,EOD_EXIT
short,2020-12-15 11:10:00+05:30,2020-12-15 11:25:00+05:30,13469.15,13478.420407766258,13478.420407766258,13436.703572818094,-9.27,STOP_LOSS
long,2020-12-15 13:15:00+05:30,2020-12-15 14:00:00+05:30,13525.95,13559.228815611887,13516.441766968033,13559.228815611887,33.28,TAKE_PROFIT
long,2020-12-15 14:35:00+05:30,2020-12-15 15:15:00+05:30,13562.95,13566.35,13553.764959225999,13595.097642709012,3.4,EOD_EXIT
long,2020-12-16 10:15:00+05:30,2020-12-16 12:45:00+05:30,13639.35,13628.930572680205,13628.930572680205,13675.817995619282,-10.42,STOP_LOSS
long,2020-12-16 14:40:00+05:30,2020-12-16 15:15:00+05:30,13675.55,13681.7,13667.83354382938,13702.557596597166,6.15,EOD_EXIT
long,2020-12-17 10:15:00+05:30,2020-12-17 12:25:00+05:30,13708.25,13736.736894289957,13700.110887345727,13736.736894289957,28.49,TAKE_PROFIT
short,2020-12-18 10:15:00+05:30,2020-12-18 10:40:00+05:30,13688.65,13702.98623618159,13702.98623618159,13638.473173364435,-14.34,STOP_LOSS
long,2020-12-18 14:30:00+05:30,2020-12-18 15:15:00+05:30,13741.6,13768.4,13732.559339501668,13773.242311744165,26.8,EOD_EXIT
short,2020-12-21 13:25:00+05:30,2020-12-21 13:35:00+05:30,13678.05,13635.639027349449,13690.1674207573,13635.639027349449,42.41,TAKE_PROFIT
short,2020-12-22 11:00:00+05:30,2020-12-22 13:15:00+05:30,13294.5,13319.179522391187,13319.179522391187,13208.121671630846,-24.68,STOP_LOSS
long,2020-12-22 14:55:00+05:30,2020-12-22 15:15:00+05:30,13424.1,13478.75,13401.36152287832,13503.68466992588,54.65,EOD_EXIT
long,2020-12-23 10:45:00+05:30,2020-12-23 11:25:00+05:30,13523.85,13509.298029508607,13509.298029508607,13574.78189671988,-14.55,STOP_LOSS
long,2020-12-24 14:00:00+05:30,2020-12-24 14:35:00+05:30,13722.75,13758.811136962571,13712.446818010694,13758.811136962571,36.06,TAKE_PROFIT
long,2020-12-24 14:55:00+05:30,2020-12-24 15:15:00+05:30,13749.5,13745.05,13738.998785389053,13786.254251138316,-4.45,EOD_EXIT
long,2020-12-28 10:25:00+05:30,2020-12-28 10:35:00+05:30,13835.65,13823.776331368648,13823.776331368648,13877.207840209729,-11.87,STOP_LOSS
long,2020-12-28 10:45:00+05:30,2020-12-28 12:50:00+05:30,13828.6,13866.40216393541,13817.79938173274,13866.40216393541,37.8,TAKE_PROFIT
long,2020-12-29 13:45:00+05:30,2020-12-29 13:50:00+05:30,13924.45,13915.454105702855,13915.454105702855,13955.935630040014,-9.0,STOP_LOSS
long,2020-12-30 14:35:00+05:30,2020-12-30 15:05:00+05:30,13947.8,13978.547736299852,13939.014932485756,13978.547736299852,30.75,TAKE_PROFIT
long,2020-12-31 09:30:00+05:30,2020-12-31 12:25:00+05:30,13980.45,13966.828981758978,13966.828981758978,14028.123563843581,-13.62,STOP_LOSS
long,2021-01-01 10:05:00+05:30,2021-01-01 11:55:00+05:30,14020.65,14010.964953348826,14010.964953348826,14054.547663279105,-9.69,STOP_LOSS
long,2021-01-04 10:25:00+05:30,2021-01-04 10:45:00+05:30,14089.9,14080.296304087131,14080.296304087131,14123.51293569504,-9.6,STOP_LOSS
long,2021-01-04 14:05:00+05:30,2021-01-04 14:15:00+05:30,14098.55,14088.516457895075,14088.516457895075,14133.667397367235,-10.03,STOP_LOSS
long,2021-01-05 14:15:00+05:30,2021-01-05 15:00:00+05:30,14154.9,14184.94245810335,14146.3164405419,14184.94245810335,30.04,TAKE_PROFIT
long,2021-01-06 09:40:00+05:30,2021-01-06 12:05:00+05:30,14201.05,14188.133737390663,14188.133737390663,14246.256919132677,-12.92,STOP_LOSS
long,2021-01-08 11:05:00+05:30,2021-01-08 12:35:00+05:30,14267.25,14295.313807052778,14259.231769413493,14295.313807052778,28.06,TAKE_PROFIT
long,2021-01-11 10:10:00+05:30,2021-01-11 10:15:00+05:30,14444.4,14429.407803007816,14429.407803007816,14496.872689472644,-14.99,STOP_LOSS
long,2021-01-11 10:35:00+05:30,2021-01-11 11:50:00+05:30,14423.1,14405.755224924684,14405.755224924684,14483.806712763611,-17.34,STOP_LOSS
long,2021-01-11 13:55:00+05:30,2021-01-11 15:15:00+05:30,14455.7,14484.1,14445.430519770616,14491.643180802845,28.4,EOD_EXIT
long,2021-01-12 12:55:00+05:30,2021-01-12 13:30:00+05:30,14527.55,14558.556563210532,14518.690981939848,14558.556563210532,31.01,TAKE_PROFIT
long,2021-01-12 13:50:00+05:30,2021-01-12 15:15:00+05:30,14554.9,14560.15,14543.831002275498,14593.641492035758,5.25,EOD_EXIT
long,2021-01-13 09:55:00+05:30,2021-01-13 10:30:00+05:30,14627.1,14615.18005423841,14615.18005423841,14668.819810165569,-11.92,STOP_LOSS
short,2021-01-14 10:20:00+05:30,2021-01-14 10:25:00+05:30,14513.2,14528.13868498033,14528.13868498033,14460.914602568851,-14.94,STOP_LOSS
long,2021-01-14 14:05:00+05:30,2021-01-14 14:40:00+05:30,14591.4,14581.412250581052,14581.412250581052,14626.35712296632,-9.99,STOP_LOSS
short,2021-01-15 10:10:00+05:30,2021-01-15 11:05:00+05:30,14535.95,14473.414807491727,14553.817197859507,14473.414807491727,62.54,TAKE_PROFIT
short,2021-01-15 14:40:00+05:30,2021-01-15 15:15:00+05:30,14442.95,14441.8,14465.186497196504,14365.122259812237,1.15,EOD_EXIT
short,2021-01-18 10:45:00+05:30,2021-01-18 11:15:00+05:30,14314.8,14335.043057608596,14335.043057608596,14243.94929836991,-20.24,STOP_LOSS
short,2021-01-18 12:05:00+05:30,2021-01-18 12:15:00+05:30,14288.75,14304.932982803304,14304.932982803304,14232.109560188434,-16.18,STOP_LOSS
long,2021-01-19 12:15:00+05:30,2021-01-19 13:40:00+05:30,14461.65,14494.958614834772,14452.13325290435,14494.958614834772,33.31,TAKE_PROFIT
long,2021-01-19 14:10:00+05:30,2021-01-19 14:40:00+05:30,14495.75,14529.706853253863,14486.048041927468,14529.706853253863,33.96,TAKE_PROFIT
long,2021-01-20 11:40:00+05:30,2021-01-20 12:15:00+05:30,14609.6,14602.617102218495,14602.617102218495,14634.040142235268,-6.98,STOP_LOSS
long,2021-01-21 09:55:00+05:30,2021-01-21 13:25:00+05:30,14708.9,14751.112768278754,14696.839209063213,14751.112768278754,42.21,TAKE_PROFIT
short,2021-01-22 09:55:00+05:30,2021-01-22 11:10:00+05:30,14592.0,14501.438367859377,14617.874752040178,14501.438367859377,90.56,TAKE_PROFIT
short,2021-01-22 12:00:00+05:30,2021-01-22 12:55:00+05:30,14512.55,14441.121221443997,14532.958222444571,14441.121221443997,71.43,TAKE_PROFIT
short,2021-01-22 13:20:00+05:30,2021-01-22 15:00:00+05:30,14438.3,14367.538020738231,14458.517708360505,14367.538020738231,70.76,TAKE_PROFIT
short,2021-01-25 10:00:00+05:30,2021-01-25 10:15:00+05:30,14365.6,14403.184437076545,14403.184437076545,14234.054470232099,-37.58,STOP_LOSS
short,2021-01-27 10:05:00+05:30,2021-01-27 12:35:00+05:30,14154.15,14080.245306018574,14175.265626851835,14080.245306018574,73.9,TAKE_PROFIT
short,2021-01-27 13:15:00+05:30,2021-01-27 13:40:00+05:30,14072.2,14029.849256489528,14084.300212431564,14029.849256489528,42.35,TAKE_PROFIT
short,2021-01-27 13:50:00+05:30,2021-01-27 14:10:00+05:30,14046.65,13996.940806639717,14060.852626674367,13996.940806639717,49.71,TAKE_PROFIT
short,2021-01-28 10:00:00+05:30,2021-01-28 12:35:00+05:30,13869.5,13790.696460308724,13892.01529705465,13790.696460308724,78.8,TAKE_PROFIT
short,2021-01-29 12:20:00+05:30,2021-01-29 12:30:00+05:30,13803.05,13818.538380542914,13818.538380542914,13748.840668099796,-15.49,STOP_LOSS
short,2021-01-29 13:30:00+05:30,2021-01-29 14:10:00+05:30,13779.2,13795.644729444082,13795.644729444082,13721.643446945718,-16.44,STOP_LOSS
long,2021-02-01 14:10:00+05:30,2021-02-01 14:40:00+05:30,14145.9,14264.062701321094,14112.139228193973,14264.062701321094,118.16,TAKE_PROFIT
long,2021-02-02 10:55:00+05:30,2021-02-02 11:45:00+05:30,14574.85,14539.336018467977,14539.336018467977,14699.148935362084,-35.51,STOP_LOSS
long,2021-02-03 11:10:00+05:30,2021-02-03 13:05:00+05:30,14791.55,14850.62053247956,14774.67270500584,14850.62053247956,59.07,TAKE_PROFIT
long,2021-02-03 13:50:00+05:30,2021-02-03 14:10:00+05:30,14850.7,14838.856848925552,14838.856848925552,14892.151028760572,-11.84,STOP_LOSS
long,2021-02-04 13:30:00+05:30,2021-02-04 14:10:00+05:30,14836.2,14882.901569987012,14822.856694289427,14882.901569987012,46.7,TAKE_PROFIT
long,2021-02-05 09:55:00+05:30,2021-02-05 10:20:00+05:30,14952.25,14927.089966842666,14927.089966842666,15040.310116050665,-25.16,STOP_LOSS
long,2021-02-05 12:05:00+05:30,2021-02-05 12:40:00+05:30,14972.0,14958.205676116084,14958.205676116084,15020.280133593707,-13.79,STOP_LOSS
long,2021-02-08 10:55:00+05:30,2021-02-08 12:05:00+05:30,15113.85,15101.292733309461,15101.292733309461,15157.800433416885,-12.56,STOP_LOSS
long,2021-02-08 14:20:00+05:30,2021-02-08 14:50:00+05:30,15137.05,15124.318801187635,15124.318801187635,15181.60919584327,-12.73,STOP_LOSS
long,2021-02-09 13:50:00+05:30,2021-02-09 14:30:00+05:30,15238.05,15229.534885072102,15229.534885072102,15267.852902247643,-8.52,STOP_LOSS
short,2021-02-10 09:45:00+05:30,2021-02-10 10:20:00+05:30,15123.9,15035.887889128411,15149.046317391882,15035.887889128411,88.01,TAKE_PROFIT
short,2021-02-10 13:55:00+05:30,2021-02-10 14:30:00+05:30,15030.7,15047.956986887533,15047.956986887533,14970.300545893637,-17.26,STOP_LOSS
long,2021-02-11 11:00:00+05:30,2021-02-11 11:05:00+05:30,15150.8,15140.376033366287,15140.376033366287,15187.283883217995,-10.42,STOP_LOSS
long,2021-02-12 09:35:00+05:30,2021-02-12 13:50:00+05:30,15183.75,15165.159701188233,15165.159701188233,15248.816045841182,-18.59,STOP_LOSS
short,2021-02-12 14:40:00+05:30,2021-02-12 14:50:00+05:30,15145.7,15165.707522049137,15165.707522049137,15075.673672828023,-20.01,STOP_LOSS
long,2021-02-15 11:00:00+05:30,2021-02-15 12:00:00+05:30,15306.5,15296.029261023594,15296.029261023594,15343.147586417424,-10.47,STOP_LOSS
long,2021-02-16 10:05:00+05:30,2021-02-16 11:20:00+05:30,15387.85,15373.184891334724,15373.184891334724,15439.177880328469,-14.67,STOP_LOSS
short,2021-02-16 13:25:00+05:30,2021-02-16 14:30:00+05:30,15293.5,15310.34724329165,15310.34724329165,15234.534648479226,-16.85,STOP_LOSS
short,2021-02-17 14:05:00+05:30,2021-02-17 15:15:00+05:30,15217.6,15207.75,15231.851424125975,15167.72001555909,9.85,EOD_EXIT
short,2021-02-19 11:20:00+05:30,2021-02-19 11:45:00+05:30,15078.75,15093.330782219387,15093.330782219387,15027.717262232145,-14.58,STOP_LOSS
short,2021-02-19 14:30:00+05:30,2021-02-19 15:10:00+05:30,14972.1,14996.79096014387,14996.79096014387,14885.681639496457,-24.69,STOP_LOSS
short,2021-02-22 12:30:00+05:30,2021-02-22 13:30:00+05:30,14799.05,14742.194992601682,14815.29428782809,14742.194992601682,56.86,TAKE_PROFIT
short,2021-02-23 12:20:00+05:30,2021-02-23 13:05:00+05:30,14747.2,14764.537744766667,14764.537744766667,14686.51789331667,-17.34,STOP_LOSS
long,2021-02-25 11:15:00+05:30,2021-02-25 11:30:00+05:30,15136.55,15126.261122072412,15126.261122072412,15172.561072746554,-10.29,STOP_LOSS
long,2021-02-25 13:50:00+05:30,2021-02-25 14:15:00+05:30,15129.25,15117.425248479314,15117.425248479314,15170.6366303224,-11.82,STOP_LOSS
short,2021-02-26 13:25:00+05:30,2021-02-26 13:55:00+05:30,14605.95,14629.64410298907,14629.64410298907,14523.020639538257,-23.69,STOP_LOSS
short,2021-03-01 12:10:00+05:30,2021-03-01 12:25:00+05:30,14708.65,14652.52066515342,14724.686952813308,14652.52066515342,56.13,TAKE_PROFIT
long,2021-03-02 14:25:00+05:30,2021-03-02 15:10:00+05:30,14843.05,14897.9466137279,14827.3652532206,14897.9466137279,54.9,TAKE_PROFIT
long,2021-03-03 11:00:00+05:30,2021-03-03 12:40:00+05:30,15070.15,15110.981003458115,15058.483999011967,15110.981003458115,40.83,TAKE_PROFIT
short,2021-03-04 10:05:00+05:30,2021-03-04 10:30:00+05:30,15051.4,15075.83763635305,15075.83763635305,14965.868272764323,-24.44,STOP_LOSS
long,2021-03-04 12:00:00+05:30,2021-03-04 13:10:00+05:30,15136.45,15192.60953358669,15120.404418975233,15192.60953358669,56.16,TAKE_PROFIT
long,2021-03-04 13:35:00+05:30,2021-03-04 13:50:00+05:30,15171.2,15153.257359229152,15153.257359229152,15233.99924269797,-17.94,STOP_LOSS
short,2021-03-05 10:30:00+05:30,2021-03-05 13:50:00+05:30,15038.05,14950.134606466972,15063.16868386658,14950.134606466972,87.92,TAKE_PROFIT
short,2021-03-05 14:35:00+05:30,2021-03-05 15:05:00+05:30,14923.05,14947.28740576438,14947.28740576438,14838.219079824668,-24.24,STOP_LOSS
long,2021-03-08 10:15:00+05:30,2021-03-08 10:35:00+05:30,15070.85,15052.767880225323,15052.767880225323,15134.137419211374,-18.08,STOP_LOSS
short,2021-03-08 14:00:00+05:30,2021-03-08 14:15:00+05:30,14969.9,14987.408530213372,14987.408530213372,14908.620144253195,-17.51,STOP_LOSS
long,2021-03-09 10:15:00+05:30,2021-03-09 12:15:00+05:30,15065.45,15047.55768745272,15047.55768745272,15128.073093915487,-17.89,STOP_LOSS
short,2021-03-09 13:35:00+05:30,2021-03-09 14:20:00+05:30,14983.5,15001.008255368259,15001.008255368259,14922.221106211095,-17.51,STOP_LOSS
long,2021-03-10 10:20:00+05:30,2021-03-10 10:30:00+05:30,15177.75,15164.165817316572,15164.165817316572,15225.294639391996,-13.58,STOP_LOSS
long,2021-03-10 10:50:00+05:30,2021-03-10 10:55:00+05:30,15161.8,15150.15757942966,15150.15757942966,15202.548471996182,-11.64,STOP_LOSS
long,2021-03-10 14:30:00+05:30,2021-03-10 14:55:00+05:30,15176.55,15165.810746172068,15165.810746172068,15214.137388397754,-10.74,STOP_LOSS
long,2021-03-12 10:35:00+05:30,2021-03-12 11:15:00+05:30,15281.9,15269.10658930971,15269.10658930971,15326.676937416016,-12.79,STOP_LOSS
short,2021-03-15 10:35:00+05:30,2021-03-15 11:15:00+05:30,14879.1,14796.783789849795,14902.618917185773,14796.783789849795,82.32,TAKE_PROFIT
short,2021-03-15 13:25:00+05:30,2021-03-15 13:35:00+05:30,14776.75,14792.655925766816,14792.655925766816,14721.079259816142,-15.91,STOP_LOSS
long,2021-03-16 10:55:00+05:30,2021-03-16 11:25:00+05:30,15021.1,15004.5580897147,15004.5580897147,15078.996685998554,-16.54,STOP_LOSS
short,2021-03-16 13:40:00+05:30,2021-03-16 15:15:00+05:30,14936.2,14903.3,14955.179712291985,14869.771006978055,32.9,EOD_EXIT
short,2021-03-17 10:50:00+05:30,2021-03-17 11:20:00+05:30,14877.55,14891.000501288374,14891.000501288374,14830.47324549069,-13.45,STOP_LOSS
short,2021-03-17 13:20:00+05:30,2021-03-17 14:05:00+05:30,14841.35,14790.008860061173,14856.01889712538,14790.008860061173,51.34,TAKE_PROFIT
long,2021-03-22 09:55:00+05:30,2021-03-22 10:25:00+05:30,14723.15,14698.636731453731,14698.636731453731,14808.94643991194,-24.51,STOP_LOSS
short,2021-03-22 13:10:00+05:30,2021-03-22 13:35:00+05:30,14625.95,14640.440096969243,14640.440096969243,14575.234660607653,-14.49,STOP_LOSS
long,2021-03-23 10:00:00+05:30,2021-03-23 10:10:00+05:30,14799.15,14783.01253513961,14783.01253513961,14855.63112701137,-16.14,STOP_LOSS
long,2021-03-23 11:05:00+05:30,2021-03-23 11:25:00+05:30,14811.6,14788.754850008361,14788.754850008361,14891.558024970736,-22.85,STOP_LOSS
long,2021-03-23 14:55:00+05:30,2021-03-23 15:00:00+05:30,14851.05,14834.551681694105,14834.551681694105,14908.79411407063,-16.5,STOP_LOSS
short,2021-03-25 11:20:00+05:30,2021-03-25 12:00:00+05:30,14385.2,14336.427208436844,14399.13508330376,14336.427208436844,48.77,TAKE_PROFIT
long,2021-03-26 10:45:00+05:30,2021-03-26 10:55:00+05:30,14479.0,14458.301786544105,14458.301786544105,14551.44374709563,-20.7,STOP_LOSS
long,2021-03-26 11:00:00+05:30,2021-03-26 11:50:00+05:30,14472.85,14539.706974035289,14453.74800741849,14539.706974035289,66.86,TAKE_PROFIT
long,2021-03-30 11:25:00+05:30,2021-03-30 12:00:00+05:30,14759.95,14748.919500546988,14748.919500546988,14798.556748085548,-11.03,STOP_LOSS
long,2021-03-30 14:45:00+05:30,2021-03-30 15:15:00+05:30,14849.4,14846.1,14835.696005546068,14897.363980588761,-3.3,EOD_EXIT
long,2021-04-01 10:20:00+05:30,2021-04-01 10:35:00+05:30,14768.65,14755.049066240439,14755.049066240439,14816.253268158463,-13.6,STOP_LOSS
short,2021-04-01 11:10:00+05:30,2021-04-01 12:05:00+05:30,14727.6,14741.18226433735,14741.18226433735,14680.062074819278,-13.58,STOP_LOSS
long,2021-04-01 13:50:00+05:30,2021-04-01 14:15:00+05:30,14805.35,14848.65568587539,14792.976946892746,14848.65568587539,43.31,TAKE_PROFIT
long,2021-04-01 14:50:00+05:30,2021-04-01 15:15:00+05:30,14850.15,14871.5,14838.437782594141,14891.142760920506,21.35,EOD_EXIT
short,2021-04-05 11:55:00+05:30,2021-04-05 12:15:00+05:30,14517.5,14539.496605816747,14539.496605816747,14440.51187964139,-22.0,STOP_LOSS
long,2021-04-05 14:50:00+05:30,2021-04-05 15:10:00+05:30,14649.3,14632.389393397867,14632.389393397867,14708.487123107463,-16.91,STOP_LOSS
long,2021-04-06 10:00:00+05:30,2021-04-06 12:30:00+05:30,14711.2,14686.759555401937,14686.759555401937,14796.741556093222,-24.44,STOP_LOSS
short,2021-04-06 13:45:00+05:30,2021-04-06 15:10:00+05:30,14657.4,14675.634035853918,14675.634035853918,14593.580874511286,-18.23,STOP_LOSS
long,2021-04-07 10:15:00+05:30,2021-04-07 11:05:00+05:30,14772.4,14844.575759850268,14751.778354328495,14844.575759850268,72.18,TAKE_PROFIT
long,2021-04-07 11:45:00+05:30,2021-04-07 11:55:00+05:30,14842.25,14830.283049272572,14830.283049272572,14884.134327546,-11.97,STOP_LOSS
long,2021-04-07 12:25:00+05:30,2021-04-07 13:20:00+05:30,14843.65,14832.432186695401,14832.432186695401,14882.912346566096,-11.22,STOP_LOSS
long,2021-04-08 10:50:00+05:30,2021-04-08 11:40:00+05:30,14942.4,14933.381820646702,14933.381820646702,14973.96362773654,-9.02,STOP_LOSS
long,2021-04-08 13:50:00+05:30,2021-04-08 14:05:00+05:30,14958.15,14946.593793853777,14946.593793853777,14998.596721511776,-11.56,STOP_LOSS
short,2021-04-09 09:50:00+05:30,2021-04-09 10:00:00+05:30,14863.7,14885.222172797334,14885.222172797334,14788.372395209337,-21.52,STOP_LOSS
short,2021-04-09 11:20:00+05:30,2021-04-09 11:50:00+05:30,14858.7,14873.765587541584,14873.765587541584,14805.97044360446,-15.07,STOP_LOSS
short,2021-04-12 11:00:00+05:30,2021-04-12 11:40:00+05:30,14452.95,14376.665438464726,14474.74558901008,14376.665438464726,76.28,TAKE_PROFIT
short,2021-04-12 12:45:00+05:30,2021-04-12 14:45:00+05:30,14343.4,14265.777567999725,14365.577837714363,14265.777567999725,77.62,TAKE_PROFIT
short,2021-04-13 12:20:00+05:30,2021-04-13 12:30:00+05:30,14331.85,14346.065085565808,14346.065085565808,14282.097200519675,-14.22,STOP_LOSS
short,2021-04-15 10:45:00+05:30,2021-04-15 13:35:00+05:30,14421.55,14442.623709814996,14442.623709814996,14347.792015647514,-21.07,STOP_LOSS
long,2021-04-15 14:40:00+05:30,2021-04-15 15:05:00+05:30,14496.9,14565.091248954084,14477.416786013118,14565.091248954084,68.19,TAKE_PROFIT
long,2021-04-16 10:00:00+05:30,2021-04-16 15:15:00+05:30,14633.45,14614.25,14613.31387611536,14703.926433596242,-19.2,EOD_EXIT
short,2021-04-19 10:25:00+05:30,2021-04-19 10:30:00+05:30,14275.65,14300.819743136843,14300.819743136843,14187.555899021047,-25.17,STOP_LOSS
short,2021-04-19 11:10:00+05:30,2021-04-19 13:20:00+05:30,14307.9,14326.079954914367,14326.079954914367,14244.270157799712,-18.18,STOP_LOSS
long,2021-04-20 09:55:00+05:30,2021-04-20 11:00:00+05:30,14458.55,14438.649767927054,14438.649767927054,14528.200812255305,-19.9,STOP_LOSS
short,2021-04-22 10:10:00+05:30,2021-04-22 10:30:00+05:30,14244.7,14265.830654686733,14265.830654686733,14170.742708596437,-21.13,STOP_LOSS
long,2021-04-22 14:55:00+05:30,2021-04-22 15:15:00+05:30,14394.7,14406.4,14378.790701986987,14450.382543045547,11.7,EOD_EXIT
long,2021-04-23 11:40:00+05:30,2021-04-23 11:55:00+05:30,14436.6,14423.835918976663,14423.835918976663,14481.27428358168,-12.76,STOP_LOSS
long,2021-04-26 10:30:00+05:30,2021-04-26 12:15:00+05:30,14521.45,14506.299923596232,14506.299923596232,14574.475267413189,-15.15,STOP_LOSS
long,2021-04-27 10:15:00+05:30,2021-04-27 11:55:00+05:30,14555.75,14603.416505921541,14542.130998308132,14603.416505921541,47.67,TAKE_PROFIT
long,2021-04-27 12:25:00+05:30,2021-04-27 12:55:00+05:30,14609.8,14601.561595883011,14601.561595883011,14638.634414409455,-8.24,STOP_LOSS
long,2021-04-28 10:20:00+05:30,2021-04-28 11:05:00+05:30,14743.9,14780.220815612282,14733.522624110776,14780.220815612282,36.32,TAKE_PROFIT
long,2021-04-28 11:25:00+05:30,2021-04-28 12:15:00+05:30,14774.05,14800.907440439658,14766.376445588669,14800.907440439658,26.86,TAKE_PROFIT
long,2021-04-28 13:35:00+05:30,2021-04-28 13:45:00+05:30,14852.35,14842.622034828993,14842.622034828993,14886.397878098527,-9.73,STOP_LOSS
long,2021-04-28 14:30:00+05:30,2021-04-28 15:15:00+05:30,14872.65,14862.547579561236,14862.547579561236,14908.00847153567,-10.1,STOP_LOSS
short,2021-04-30 09:35:00+05:30,2021-04-30 13:40:00+05:30,14843.95,14753.971596638045,14869.658115246273,14753.971596638045,89.98,TAKE_PROFIT
short,2021-04-30 14:40:00+05:30,2021-04-30 15:05:00+05:30,14709.1,14653.33392326187,14725.033164782324,14653.33392326187,55.77,TAKE_PROFIT
short,2021-05-03 09:45:00+05:30,2021-05-03 13:10:00+05:30,14552.05,14580.40312766962,14580.40312766962,14452.814053156328,-28.35,STOP_LOSS
long,2021-05-04 09:35:00+05:30,2021-05-04 09:40:00+05:30,14663.55,14643.021185620248,14643.021185620248,14735.400850329128,-20.53,STOP_LOSS
long,2021-05-04 10:10:00+05:30,2021-05-04 13:00:00+05:30,14650.15,14630.661508812012,14630.661508812012,14718.359719157957,-19.49,STOP_LOSS
short,2021-05-04 14:25:00+05:30,2021-05-04 14:30:00+05:30,14605.9,14554.108483663427,14620.697576096163,14554.108483663427,51.79,TAKE_PROFIT
long,2021-05-05 13:40:00+05:30,2021-05-05 14:10:00+05:30,14601.4,14587.45882882494,14587.45882882494,14650.19409911271,-13.94,STOP_LOSS
long,2021-05-06 09:55:00+05:30,2021-05-06 10:15:00+05:30,14662.1,14647.343930690007,14647.343930690007,14713.746242584975,-14.76,STOP_LOSS
long,2021-05-07 09:55:00+05:30,2021-05-07 10:40:00+05:30,14828.6,14814.315005997038,14814.315005997038,14878.597479010368,-14.28,STOP_LOSS
long,2021-05-07 10:55:00+05:30,2021-05-07 12:10:00+05:30,14816.9,14804.049831889964,14804.049831889964,14861.87558838512,-12.85,STOP_LOSS
long,2021-05-07 14:25:00+05:30,2021-05-07 15:15:00+05:30,14821.45,14815.7,14809.861030885642,14862.011391900254,-5.75,EOD_EXIT
long,2021-05-10 09:50:00+05:30,2021-05-10 15:15:00+05:30,14901.05,14935.9,14884.133965422156,14960.25612102245,34.85,EOD_EXIT
short,2021-05-11 10:10:00+05:30,2021-05-11 11:30:00+05:30,14846.4,14858.122939665673,14858.122939665673,14805.369711170142,-11.72,STOP_LOSS
short,2021-05-11 13:50:00+05:30,2021-05-11 14:15:00+05:30,14830.45,14840.317695007094,14840.317695007094,14795.913067475176,-9.87,STOP_LOSS
short,2021-05-12 10:45:00+05:30,2021-05-12 11:15:00+05:30,14737.9,14697.469220833851,14749.451651190328,14697.469220833851,40.43,TAKE_PROFIT
short,2021-05-12 11:25:00+05:30,2021-05-12 11:55:00+05:30,14722.45,14733.802168279188,14733.802168279188,14682.717411022844,-11.35,STOP_LOSS
short,2021-05-14 09:40:00+05:30,2021-05-14 09:50:00+05:30,14677.75,14704.062358127028,14704.062358127028,14585.6567465554,-26.31,STOP_LOSS
long,2021-05-17 10:30:00+05:30,2021-05-17 12:25:00+05:30,14792.55,14842.216687162538,14778.35951795356,14842.216687162538,49.67,TAKE_PROFIT
long,2021-05-17 12:55:00+05:30,2021-05-17 13:10:00+05:30,14846.9,14839.039291608131,14839.039291608131,14874.412479371538,-7.86,STOP_LOSS
long,2021-05-17 14:15:00+05:30,2021-05-17 14:35:00+05:30,14866.55,14895.187796269449,14858.367772494443,14895.187796269449,28.64,TAKE_PROFIT
long,2021-05-18 11:40:00+05:30,2021-05-18 12:25:00+05:30,15111.55,15102.26858742054,15102.26858742054,15144.034944028106,-9.28,STOP_LOSS
short,2021-05-20 09:50:00+05:30,2021-05-20 10:15:00+05:30,15009.05,15027.148225697607,15027.148225697607,14945.70621005837,-18.1,STOP_LOSS
short,2021-05-20 10:50:00+05:30,2021-05-20 11:05:00+05:30,15003.75,15014.384340698516,15014.384340698516,14966.529807555195,-10.63,STOP_LOSS
long,2021-05-21 11:45:00+05:30,2021-05-21 12:00:00+05:30,15107.05,15098.904130716284,15098.904130716284,15135.560542493002,-8.15,STOP_LOSS
long,2021-05-24 09:40:00+05:30,2021-05-24 09:55:00+05:30,15206.0,15188.27792012151,15188.27792012151,15268.02727957471,-17.72,STOP_LOSS
long,2021-05-24 10:40:00+05:30,2021-05-24 12:55:00+05:30,15203.2,15189.35744860468,15189.35744860468,15251.64892988362,-13.84,STOP_LOSS
long,2021-05-25 09:45:00+05:30,2021-05-25 11:10:00+05:30,15253.9,15236.732177957076,15236.732177957076,15313.98737715023,-17.17,STOP_LOSS
long,2021-05-26 11:25:00+05:30,2021-05-26 11:45:00+05:30,15288.35,15279.329399203973,15279.329399203973,15319.922102786097,-9.02,STOP_LOSS
short,2021-05-27 14:45:00+05:30,2021-05-27 15:00:00+05:30,15306.55,15320.455734887395,15320.455734887395,15257.879927894113,-13.91,STOP_LOSS
long,2021-05-28 10:20:00+05:30,2021-05-28 11:00:00+05:30,15426.05,15412.352175353773,15412.352175353773,15473.99238626179,-13.7,STOP_LOSS
long,2021-05-31 13:10:00+05:30,2021-05-31 13:20:00+05:30,15557.1,15548.706924033231,15548.706924033231,15586.475765883693,-8.39,STOP_LOSS
long,2021-05-31 14:40:00+05:30,2021-05-31 14:50:00+05:30,15565.1,15556.263613748426,15556.263613748426,15596.027351880513,-8.84,STOP_LOSS
long,2021-06-01 13:55:00+05:30,2021-06-01 14:00:00+05:30,15592.25,15581.352836448554,15581.352836448554,15630.390072430062,-10.9,STOP_LOSS
short,2021-06-02 10:35:00+05:30,2021-06-02 13:10:00+05:30,15505.7,15471.23160457791,15515.548112977742,15471.23160457791,34.47,TAKE_PROFIT
long,2021-06-03 10:25:00+05:30,2021-06-03 10:40:00+05:30,15653.75,15644.420860535853,15644.420860535853,15686.401988124513,-9.33,STOP_LOSS
long,2021-06-03 10:50:00+05:30,2021-06-03 11:25:00+05:30,15648.75,15640.446848883541,15640.446848883541,15677.811028907608,-8.3,STOP_LOSS
long,2021-06-04 09:50:00+05:30,2021-06-04 10:35:00+05:30,15707.4,15697.581686943611,15697.581686943611,15741.764095697357,-9.82,STOP_LOSS
short,2021-06-04 14:00:00+05:30,2021-06-04 14:10:00+05:30,15647.55,15658.293862114173,15658.293862114173,15609.946482600391,-10.74,STOP_LOSS
long,2021-06-07 09:50:00+05:30,2021-06-07 13:15:00+05:30,15697.45,15739.735921474534,15685.368308150135,15739.735921474534,42.29,TAKE_PROFIT
long,2021-06-07 14:05:00+05:30,2021-06-07 15:15:00+05:30,15750.2,15748.8,15743.175048733154,15774.787329433964,-1.4,EOD_EXIT
short,2021-06-08 10:45:00+05:30,2021-06-08 10:55:00+05:30,15713.6,15723.18140870777,15723.18140870777,15680.065069522809,-9.58,STOP_LOSS
long,2021-06-08 13:45:00+05:30,2021-06-08 14:00:00+05:30,15740.0,15732.699450098231,15732.699450098231,15765.551924656193,-7.3,STOP_LOSS
long,2021-06-09 10:15:00+05:30,2021-06-09 13:05:00+05:30,15778.25,15769.41060933267,15769.41060933267,15809.187867335653,-8.84,STOP_LOSS
long,2021-06-11 10:40:00+05:30,2021-06-11 11:15:00+05:30,15816.2,15808.025623981046,15808.025623981046,15844.810316066341,-8.17,STOP_LOSS
short,2021-06-14 10:25:00+05:30,2021-06-14 12:35:00+05:30,15718.15,15734.861885559909,15734.861885559909,15659.658400540318,-16.71,STOP_LOSS
long,2021-06-14 14:20:00+05:30,2021-06-14 15:15:00+05:30,15793.2,15816.65,15781.072610386816,15835.645863646147,23.45,EOD_EXIT
long,2021-06-15 10:40:00+05:30,2021-06-15 11:40:00+05:30,15885.85,15877.523671903793,15877.523671903793,15914.992148336723,-8.33,STOP_LOSS
short,2021-06-16 11:20:00+05:30,2021-06-16 13:45:00+05:30,15791.3,15801.26072506996,15801.26072506996,15756.437462255133,-9.96,STOP_LOSS
short,2021-06-17 09:55:00+05:30,2021-06-17 10:30:00+05:30,15726.4,15740.506676740784,15740.506676740784,15677.026631407252,-14.11,STOP_LOSS
short,2021-06-17 14:45:00+05:30,2021-06-17 15:00:00+05:30,15659.75,15674.434304749408,15674.434304749408,15608.354933377075,-14.68,STOP_LOSS
short,2021-06-18 11:30:00+05:30,2021-06-18 12:30:00+05:30,15548.85,15574.937665414454,15574.937665414454,15457.543171049414,-26.09,STOP_LOSS
long,2021-06-22 10:35:00+05:30,2021-06-22 10:45:00+05:30,15880.45,15871.10471582204,15871.10471582204,15913.15849462286,-9.35,STOP_LOSS
long,2021-06-22 11:00:00+05:30,2021-06-22 11:05:00+05:30,15874.3,15866.681717961103,15866.681717961103,15900.963987136138,-7.62,STOP_LOSS
short,2021-06-23 10:30:00+05:30,2021-06-23 10:50:00+05:30,15766.05,15781.532904671774,15781.532904671774,15711.859833648785,-15.48,STOP_LOSS
long,2021-06-24 13:50:00+05:30,2021-06-24 14:20:00+05:30,15787.05,15777.78419620031,15777.78419620031,15819.480313298915,-9.27,STOP_LOSS
long,2021-06-25 14:15:00+05:30,2021-06-25 14:20:00+05:30,15856.85,15848.425983213154,15848.425983213154,15886.334058753962,-8.42,STOP_LOSS
long,2021-06-25 14:35:00+05:30,2021-06-25 15:15:00+05:30,15858.35,15863.8,15849.309563092364,15889.99152917673,5.45,EOD_EXIT
short,2021-06-29 11:00:00+05:30,2021-06-29 11:10:00+05:30,15763.15,15772.042765662512,15772.042765662512,15732.025320181205,-8.89,STOP_LOSS
long,2021-06-30 11:20:00+05:30,2021-06-30 11:40:00+05:30,15828.2,15821.448627888529,15821.448627888529,15851.82980239015,-6.75,STOP_LOSS
short,2021-06-30 14:15:00+05:30,2021-06-30 14:35:00+05:30,15791.8,15760.458522554178,15800.754707841663,15760.458522554178,31.34,TAKE_PROFIT
short,2021-07-01 09:35:00+05:30,2021-07-01 09:40:00+05:30,15727.3,15740.141879592866,15740.141879592866,15682.353421424965,-12.84,STOP_LOSS
short,2021-07-01 09:55:00+05:30,2021-07-01 10:35:00+05:30,15732.0,15694.966080134685,15742.581119961518,15694.966080134685,37.03,TAKE_PROFIT
short,2021-07-01 11:05:00+05:30,2021-07-01 12:50:00+05:30,15704.0,15713.018126969853,15713.018126969853,15672.436555605513,-9.02,STOP_LOSS
short,2021-07-02 10:00:00+05:30,2021-07-02 10:10:00+05:30,15672.2,15682.953132916447,15682.953132916447,15634.564034792435,-10.75,STOP_LOSS
short,2021-07-02 11:00:00+05:30,2021-07-02 11:20:00+05:30,15660.4,15669.320962450189,15669.320962450189,15629.17663142434,-8.92,STOP_LOSS
long,2021-07-05 11:05:00+05:30,2021-07-05 12:15:00+05:30,15826.15,15820.364011701457,15820.364011701457,15846.400959044902,-5.79,STOP_LOSS
short,2021-07-07 10:05:00+05:30,2021-07-07 11:20:00+05:30,15818.5,15831.50266120352,15831.50266120352,15772.990685787683,-13.0,STOP_LOSS
long,2021-07-08 09:30:00+05:30,2021-07-08 09:50:00+05:30,15873.3,15863.113446831901,15863.113446831901,15908.95293608834,-10.19,STOP_LOSS
short,2021-07-08 10:45:00+05:30,2021-07-08 11:55:00+05:30,15838.55,15809.518417021916,15846.844737993737,15809.518417021916,29.03,TAKE_PROFIT
short,2021-07-08 13:30:00+05:30,2021-07-08 13:55:00+05:30,15763.95,15727.74891807182,15774.293166265195,15727.74891807182,36.2,TAKE_PROFIT
short,2021-07-08 14:50:00+05:30,2021-07-08 15:10:00+05:30,15717.1,15728.806161238508,15728.806161238508,15676.128435665223,-11.71,STOP_LOSS
short,2021-07-09 10:10:00+05:30,2021-07-09 10:15:00+05:30,15674.45,15687.950465160051,15687.950465160051,15627.198371939825,-13.5,STOP_LOSS
long,2021-07-12 10:00:00+05:30,2021-07-12 13:10:00+05:30,15758.0,15746.485241859564,15746.485241859564,15798.30165349153,-11.51,STOP_LOSS
short,2021-07-12 13:40:00+05:30,2021-07-12 14:35:00+05:30,15722.05,15672.692023481472,15736.152279005293,15672.692023481472,49.36,TAKE_PROFIT
short,2021-07-12 14:50:00+05:30,2021-07-12 15:00:00+05:30,15674.75,15687.437346570798,15687.437346570798,15630.34428700221,-12.69,STOP_LOSS
long,2021-07-13 10:05:00+05:30,2021-07-13 10:50:00+05:30,15760.15,15749.155874764829,15749.155874764829,15798.629438323098,-10.99,STOP_LOSS
long,2021-07-15 10:00:00+05:30,2021-07-15 10:50:00+05:30,15887.1,15918.803399773024,15878.041885779137,15918.803399773024,31.7,TAKE_PROFIT
long,2021-07-15 11:40:00+05:30,2021-07-15 12:45:00+05:30,15930.45,15924.459575889834,15924.459575889834,15951.416484385581,-5.99,STOP_LOSS
long,2021-07-16 14:55:00+05:30,2021-07-16 15:15:00+05:30,15923.65,15916.75,15915.825037045177,15951.037370341877,-6.9,EOD_EXIT
short,2021-07-19 10:00:00+05:30,2021-07-19 12:35:00+05:30,15835.95,15786.380671481911,15850.112665290882,15786.380671481911,49.57,TAKE_PROFIT
short,2021-07-19 13:15:00+05:30,2021-07-19 14:35:00+05:30,15763.15,15727.7498146085,15773.264338683286,15727.7498146085,35.4,TAKE_PROFIT
short,2021-07-19 14:50:00+05:30,2021-07-19 14:55:00+05:30,15735.7,15745.469315110853,15745.469315110853,15701.507397112015,-9.77,STOP_LOSS
short,2021-07-20 10:05:00+05:30,2021-07-20 10:40:00+05:30,15669.5,15626.35445223167,15681.82729936238,15626.35445223167,43.15,TAKE_PROFIT
short,2021-07-20 11:45:00+05:30,2021-07-20 12:30:00+05:30,15607.15,15617.235587000709,15617.235587000709,15571.850445497521,-10.09,STOP_LOSS
long,2021-07-22 11:25:00+05:30,2021-07-22 14:15:00+05:30,15802.4,15795.889018483449,15795.889018483449,15825.188435307926,-6.51,STOP_LOSS
long,2021-07-23 10:05:00+05:30,2021-07-23 10:40:00+05:30,15827.7,15810.932744427315,15810.932744427315,15886.385394504405,-16.77,STOP_LOSS
short,2021-07-27 14:55:00+05:30,2021-07-27 15:00:00+05:30,15726.5,15736.286727799681,15736.286727799681,15692.246452701114,-9.79,STOP_LOSS
long,2021-07-28 14:00:00+05:30,2021-07-28 14:05:00+05:30,15690.35,15680.521505966066,15680.521505966066,15724.749729118772,-9.83,STOP_LOSS
long,2021-07-29 10:20:00+05:30,2021-07-29 12:55:00+05:30,15763.5,15802.419826803056,15752.380049484842,15802.419826803056,38.92,TAKE_PROFIT
long,2021-07-30 14:25:00+05:30,2021-07-30 14:30:00+05:30,15846.95,15838.971853721408,15838.971853721408,15874.873511975073,-7.98,STOP_LOSS
long,2021-08-02 10:00:00+05:30,2021-08-02 15:15:00+05:30,15849.05,15886.7,15837.394210028287,15889.845264900989,37.65,EOD_EXIT
long,2021-08-03 11:00:00+05:30,2021-08-03 12:05:00+05:30,15973.05,15997.464114587528,15966.074538689276,15997.464114587528,24.41,TAKE_PROFIT
long,2021-08-03 13:50:00+05:30,2021-08-03 14:30:00+05:30,16033.85,16058.106899396289,16026.919457315347,16058.106899396289,24.26,TAKE_PROFIT
long,2021-08-04 11:00:00+05:30,2021-08-04 11:15:00+05:30,16276.35,16266.820887154267,16266.820887154267,16309.70189496007,-9.53,STOP_LOSS
long,2021-08-04 14:30:00+05:30,2021-08-04 14:35:00+05:30,16269.45,16260.655055156365,16260.655055156365,16300.232306952727,-8.79,STOP_LOSS
long,2021-08-05 13:45:00+05:30,2021-08-05 14:35:00+05:30,16323.1,16312.330064852777,16312.330064852777,16360.794773015286,-10.77,STOP_LOSS
short,2021-08-06 11:10:00+05:30,2021-08-06 15:15:00+05:30,16270.15,16235.35,16284.640956000454,16219.431653998412,34.8,EOD_EXIT
long,2021-08-09 10:20:00+05:30,2021-08-09 10:35:00+05:30,16300.95,16289.961610352417,16289.961610352417,16339.409363766545,-10.99,STOP_LOSS
short,2021-08-09 14:05:00+05:30,2021-08-09 14:10:00+05:30,16214.45,16225.398561135382,16225.398561135382,16176.130036026165,-10.95,STOP_LOSS
long,2021-08-10 10:05:00+05:30,2021-08-10 10:55:00+05:30,16305.7,16345.93667230135,16294.2038079139,16345.93667230135,40.24,TAKE_PROFIT
short,2021-08-11 10:15:00+05:30,2021-08-11 11:15:00+05:30,16241.95,16177.68237199268,16260.312179430664,16177.68237199268,64.27,TAKE_PROFIT
short,2021-08-11 11:35:00+05:30,2021-08-11 12:20:00+05:30,16195.0,16209.142756766192,16209.142756766192,16145.500351318326,-14.14,STOP_LOSS
long,2021-08-11 14:10:00+05:30,2021-08-11 14:25:00+05:30,16252.75,16241.76034423049,16241.76034423049,16291.213795193287,-10.99,STOP_LOSS
long,2021-08-12 10:45:00+05:30,2021-08-12 13:25:00+05:30,16327.05,16358.590836557107,16318.038332412254,16358.590836557107,31.54,TAKE_PROFIT
long,2021-08-13 10:20:00+05:30,2021-08-13 11:10:00+05:30,16436.35,16469.38279171063,16426.912059511247,16469.38279171063,33.03,TAKE_PROFIT
long,2021-08-17 14:30:00+05:30,2021-08-17 14:35:00+05:30,16566.5,16556.415454247413,16556.415454247413,16601.795910134057,-10.08,STOP_LOSS
long,2021-08-18 11:05:00+05:30,2021-08-18 11:15:00+05:30,16681.55,16672.87846534619,16672.87846534619,16711.900371288324,-8.67,STOP_LOSS
short,2021-08-18 13:20:00+05:30,2021-08-18 14:25:00+05:30,16598.85,16560.594647667287,16609.78010066649,16560.594647667287,38.26,TAKE_PROFIT
short,2021-08-20 10:15:00+05:30,2021-08-20 10:50:00+05:30,16479.35,16414.789534638192,16497.79584724623,16414.789534638192,64.56,TAKE_PROFIT
long,2021-08-23 10:00:00+05:30,2021-08-23 10:25:00+05:30,16517.15,16494.938467945172,16494.938467945172,16594.89036219191,-22.21,STOP_LOSS
long,2021-08-23 13:50:00+05:30,2021-08-23 14:50:00+05:30,16510.2,16499.51464613772,16499.51464613772,16547.598738517987,-10.69,STOP_LOSS
long,2021-08-24 14:40:00+05:30,2021-08-24 15:15:00+05:30,16625.35,16626.55,16616.874332466712,16655.014836366496,1.2,EOD_EXIT
long,2021-08-25 11:00:00+05:30,2021-08-25 11:35:00+05:30,16683.85,16674.46406786649,16674.46406786649,16716.700762467273,-9.39,STOP_LOSS
long,2021-08-26 10:25:00+05:30,2021-08-26 11:15:00+05:30,16669.65,16660.390605384255,16660.390605384255,16702.057881155117,-9.26,STOP_LOSS
long,2021-08-27 10:55:00+05:30,2021-08-27 11:40:00+05:30,16652.7,16690.0620852115,16642.025118511003,16690.0620852115,37.36,TAKE_PROFIT
long,2021-08-30 11:00:00+05:30,2021-08-30 11:40:00+05:30,16860.15,16851.960358344164,16851.960358344164,16888.813745795436,-8.19,STOP_LOSS
long,2021-08-30 13:35:00+05:30,2021-08-30 14:20:00+05:30,16883.65,16901.654330062487,16878.505905696435,16901.654330062487,18.0,TAKE_PROFIT
long,2021-08-30 14:45:00+05:30,2021-08-30 15:10:00+05:30,16900.4,16925.003750994863,16893.370356858613,16925.003750994863,24.6,TAKE_PROFIT
long,2021-08-31 10:00:00+05:30,2021-08-31 12:10:00+05:30,16942.55,16994.740156392007,16927.63852674514,16994.740156392007,52.19,TAKE_PROFIT
long,2021-08-31 14:10:00+05:30,2021-08-31 15:00:00+05:30,17038.45,17081.918940157975,17026.030302812007,17081.918940157975,43.47,TAKE_PROFIT
long,2021-09-03 10:20:00+05:30,2021-09-03 10:30:00+05:30,17290.35,17277.72447978275,17277.72447978275,17334.539320760367,-12.63,STOP_LOSS
long,2021-09-03 13:50:00+05:30,2021-09-03 13:55:00+05:30,17298.4,17287.327569424433,17287.327569424433,17337.153507014493,-11.07,STOP_LOSS
long,2021-09-06 09:50:00+05:30,2021-09-06 10:30:00+05:30,17383.4,17365.47631144869,17365.47631144869,17446.132909929594,-17.92,STOP_LOSS
short,2021-09-07 10:30:00+05:30,2021-09-07 11:50:00+05:30,17327.05,17341.91605864823,17341.91605864823,17275.018794731197,-14.87,STOP_LOSS
long,2021-09-07 13:00:00+05:30,2021-09-07 13:55:00+05:30,17412.2,17400.852328302393,17400.852328302393,17451.91685094163,-11.35,STOP_LOSS
short,2021-09-08 09:35:00+05:30,2021-09-08 12:35:00+05:30,17360.05,17301.1285407557,17376.884702641226,17301.1285407557,58.92,TAKE_PROFIT
short,2021-09-08 13:35:00+05:30,2021-09-08 14:05:00+05:30,17296.95,17311.191695043242,17311.191695043242,17247.10406734865,-14.24,STOP_LOSS
long,2021-09-09 11:00:00+05:30,2021-09-09 11:25:00+05:30,17353.6,17343.5673870192,17343.5673870192,17388.714145432787,-10.03,STOP_LOSS
short,2021-09-13 10:15:00+05:30,2021-09-13 11:05:00+05:30,17304.65,17319.693437332633,17319.693437332633,17251.997969335793,-15.04,STOP_LOSS
long,2021-09-13 13:30:00+05:30,2021-09-13 13:40:00+05:30,17358.75,17352.093755569662,17352.093755569662,17382.046855506178,-6.66,STOP_LOSS
long,2021-09-14 10:05:00+05:30,2021-09-14 12:55:00+05:30,17410.15,17399.601131429594,17399.601131429594,17447.071039996423,-10.55,STOP_LOSS
long,2021-09-15 10:45:00+05:30,2021-09-15 10:55:00+05:30,17450.7,17443.42475744857,17443.42475744857,17476.163348930007,-7.28,STOP_LOSS
long,2021-09-15 11:00:00+05:30,2021-09-15 12:25:00+05:30,17448.4,17472.722285955326,17441.450775441335,17472.722285955326,24.32,TAKE_PROFIT
long,2021-09-15 13:55:00+05:30,2021-09-15 14:15:00+05:30,17501.8,17526.78849718884,17494.660429374617,17526.78849718884,24.99,TAKE_PROFIT
long,2021-09-15 14:55:00+05:30,2021-09-15 15:05:00+05:30,17524.35,17517.56659339616,17517.56659339616,17548.091923113425,-6.78,STOP_LOSS
long,2021-09-16 10:30:00+05:30,2021-09-16 11:00:00+05:30,17553.25,17541.469245999317,17541.469245999317,17594.482639002388,-11.78,STOP_LOSS
short,2021-09-17 12:55:00+05:30,2021-09-17 13:10:00+05:30,17628.95,17650.179864784983,17650.179864784983,17554.645473252567,-21.23,STOP_LOSS
short,2021-09-17 13:35:00+05:30,2021-09-17 13:45:00+05:30,17629.5,17648.76308255734,17648.76308255734,17562.079211049306,-19.26,STOP_LOSS
short,2021-09-20 09:40:00+05:30,2021-09-20 10:15:00+05:30,17537.05,17565.49458782179,17565.49458782179,17437.493942623725,-28.44,STOP_LOSS
short,2021-09-20 12:25:00+05:30,2021-09-20 14:00:00+05:30,17538.95,17484.05357036056,17554.6346941827,17484.05357036056,54.9,TAKE_PROFIT
short,2021-09-20 14:30:00+05:30,2021-09-20 14:55:00+05:30,17488.35,17434.196052654668,17503.822556384377,17434.196052654668,54.15,TAKE_PROFIT
long,2021-09-22 09:40:00+05:30,2021-09-22 11:30:00+05:30,17558.05,17537.941283509586,17537.941283509586,17628.430507716446,-20.11,STOP_LOSS
long,2021-09-23 13:35:00+05:30,2021-09-23 14:35:00+05:30,17769.75,17807.213138726853,17759.04624607804,17807.213138726853,37.46,TAKE_PROFIT
long,2021-09-24 10:50:00+05:30,2021-09-24 11:15:00+05:30,17919.6,17904.56258433775,17904.56258433775,17972.230954817875,-15.04,STOP_LOSS
long,2021-09-27 13:35:00+05:30,2021-09-27 14:20:00+05:30,17885.85,17877.640943646995,17877.640943646995,17914.581697235513,-8.21,STOP_LOSS
short,2021-09-29 11:00:00+05:30,2021-09-29 11:05:00+05:30,17636.4,17652.769319063023,17652.769319063023,17579.107383279425,-16.37,STOP_LOSS
short,2021-09-30 09:35:00+05:30,2021-09-30 11:35:00+05:30,17698.15,17716.78674355778,17716.78674355778,17632.92139754778,-18.64,STOP_LOSS
short,2021-09-30 13:45:00+05:30,2021-09-30 13:50:00+05:30,17638.3,17654.07109941999,17654.07109941999,17583.101152030034,-15.77,STOP_LOSS
short,2021-09-30 14:00:00+05:30,2021-09-30 15:15:00+05:30,17651.05,17607.35,17667.800557163177,17592.423049928882,43.7,EOD_EXIT
short,2021-10-01 10:30:00+05:30,2021-10-01 10:45:00+05:30,17510.2,17528.93627521911,17528.93627521911,17444.623036733126,-18.74,STOP_LOSS
long,2021-10-05 13:50:00+05:30,2021-10-05 14:10:00+05:30,17759.55,17791.519906443114,17750.41574101625,17791.519906443114,31.97,TAKE_PROFIT
long,2021-10-06 09:40:00+05:30,2021-10-06 10:10:00+05:30,17846.7,17834.10145963375,17834.10145963375,17890.794891281876,-12.6,STOP_LOSS
short,2021-10-06 13:55:00+05:30,2021-10-06 14:00:00+05:30,17757.95,17776.79720192601,17776.79720192601,17691.98479325897,-18.85,STOP_LOSS
long,2021-10-07 10:45:00+05:30,2021-10-07 15:00:00+05:30,17808.65,17795.71069903563,17795.71069903563,17853.937553375297,-12.94,STOP_LOSS
long,2021-10-08 11:15:00+05:30,2021-10-08 11:50:00+05:30,17913.75,17898.73587605248,17898.73587605248,17966.299433816326,-15.01,STOP_LOSS
short,2021-10-12 10:55:00+05:30,2021-10-12 13:05:00+05:30,17917.35,17934.155939748463,17934.155939748463,17858.529210880366,-16.81,STOP_LOSS
long,2021-10-12 14:55:00+05:30,2021-10-12 15:15:00+05:30,17968.65,18003.845971012553,17958.59400828213,18003.845971012553,35.2,TAKE_PROFIT
long,2021-10-13 10:50:00+05:30,2021-10-13 12:20:00+05:30,18119.4,18156.448363169246,18108.81475338022,18156.448363169246,37.05,TAKE_PROFIT
long,2021-10-13 14:00:00+05:30,2021-10-13 14:10:00+05:30,18177.15,18166.672133187723,18166.672133187723,18213.822533842973,-10.48,STOP_LOSS
long,2021-10-13 14:30:00+05:30,2021-10-13 15:00:00+05:30,18182.2,18171.472573903513,18171.472573903513,18219.74599133771,-10.73,STOP_LOSS
long,2021-10-14 10:15:00+05:30,2021-10-14 11:45:00+05:30,18269.85,18317.49260126838,18256.237828209032,18317.49260126838,47.64,TAKE_PROFIT
long,2021-10-14 14:25:00+05:30,2021-10-14 15:15:00+05:30,18305.55,18342.118621389393,18295.101822460172,18342.118621389393,36.57,TAKE_PROFIT
long,2021-10-18 10:55:00+05:30,2021-10-18 13:15:00+05:30,18499.5,18484.906301443338,18484.906301443338,18550.577944948313,-14.59,STOP_LOSS
short,2021-10-20 09:50:00+05:30,2021-10-20 10:00:00+05:30,18399.25,18427.523839150454,18427.523839150454,18300.291562973413,-28.27,STOP_LOSS
short,2021-10-20 10:35:00+05:30,2021-10-20 11:45:00+05:30,18417.25,18340.690117362363,18439.12425218218,18340.690117362363,76.56,TAKE_PROFIT
short,2021-10-20 12:55:00+05:30,2021-10-20 13:10:00+05:30,18318.55,18338.26184017935,18338.26184017935,18249.558559372264,-19.71,STOP_LOSS
short,2021-10-21 11:25:00+05:30,2021-10-21 11:35:00+05:30,18153.35,18170.763750208982,18170.763750208982,18092.40187426856,-17.41,STOP_LOSS
short,2021-10-21 12:40:00+05:30,2021-10-21 12:55:00+05:30,18141.65,18157.668136315275,18157.668136315275,18085.58652289654,-16.02,STOP_LOSS
long,2021-10-22 09:50:00+05:30,2021-10-22 10:50:00+05:30,18262.2,18239.55895799856,18239.55895799856,18341.44364700504,-22.64,STOP_LOSS
short,2021-10-22 12:45:00+05:30,2021-10-22 13:10:00+05:30,18160.5,18087.718740072494,18181.29464569357,18087.718740072494,72.78,TAKE_PROFIT
short,2021-10-22 13:55:00+05:30,2021-10-22 14:05:00+05:30,18092.4,18113.142853325902,18113.142853325902,18019.800013359345,-20.74,STOP_LOSS
short,2021-10-25 10:25:00+05:30,2021-10-25 10:30:00+05:30,18021.5,18046.899966334367,18046.899966334367,17932.60011782972,-25.4,STOP_LOSS
long,2021-10-25 12:25:00+05:30,2021-10-25 14:10:00+05:30,18148.5,18122.500769888502,18122.500769888502,18239.497305390247,-26.0,STOP_LOSS
long,2021-10-26 10:10:00+05:30,2021-10-26 10:15:00+05:30,18234.65,18217.075943797412,18217.075943797412,18296.15919670906,-17.57,STOP_LOSS
short,2021-10-26 11:50:00+05:30,2021-10-26 12:00:00+05:30,18135.05,18151.071785810076,18151.071785810076,18078.973749664736,-16.02,STOP_LOSS
long,2021-10-26 14:45:00+05:30,2021-10-26 15:15:00+05:30,18236.85,18279.55,18222.25453248789,18287.934136292384,42.7,EOD_EXIT
long,2021-10-27 10:10:00+05:30,2021-10-27 10:35:00+05:30,18298.95,18281.67307810372,18281.67307810372,18359.419226636994,-17.28,STOP_LOSS
short,2021-10-27 14:55:00+05:30,2021-10-27 15:15:00+05:30,18249.15,18214.9,18265.48307919289,18191.98422282489,34.25,EOD_EXIT
short,2021-10-28 10:20:00+05:30,2021-10-28 10:45:00+05:30,18096.9,18033.162828432745,18115.11062044779,18033.162828432745,63.74,TAKE_PROFIT
short,2021-10-28 11:10:00+05:30,2021-10-28 11:45:00+05:30,18038.1,18053.82346321447,18053.82346321447,17983.067878749353,-15.72,STOP_LOSS
short,2021-10-29 12:55:00+05:30,2021-10-29 13:05:00+05:30,17805.7,17736.044098873946,17825.601686036018,17736.044098873946,69.66,TAKE_PROFIT
short,2021-10-29 13:40:00+05:30,2021-10-29 14:10:00+05:30,17742.65,17655.758372995027,17767.47617914428,17655.758372995027,86.89,TAKE_PROFIT
short,2021-10-29 14:20:00+05:30,2021-10-29 14:30:00+05:30,17691.4,17720.843898246414,17720.843898246414,17588.346356137554,-29.44,STOP_LOSS
long,2021-11-01 14:55:00+05:30,2021-11-01 15:15:00+05:30,17923.05,17934.05,17906.131034557617,17982.26637904834,11.0,EOD_EXIT
long,2021-11-02 09:45:00+05:30,2021-11-02 10:25:00+05:30,17953.95,17933.815096383194,17933.815096383194,18024.422162658822,-20.13,STOP_LOSS
short,2021-11-02 14:25:00+05:30,2021-11-02 14:50:00+05:30,17894.7,17911.43851087828,17911.43851087828,17836.11521192602,-16.74,STOP_LOSS
long,2021-11-03 09:55:00+05:30,2021-11-03 11:45:00+05:30,17962.2,17944.298662185884,17944.298662185884,18024.85468234941,-17.9,STOP_LOSS
long,2021-11-08 13:35:00+05:30,2021-11-08 15:15:00+05:30,18020.45,18067.15,18004.49525129131,18076.29162048041,46.7,EOD_EXIT
short,2021-11-10 10:00:00+05:30,2021-11-10 12:20:00+05:30,17954.8,17972.810480114247,17972.810480114247,17891.763319600126,-18.01,STOP_LOSS
long,2021-11-10 14:20:00+05:30,2021-11-10 14:40:00+05:30,18036.35,18025.18417467948,18025.18417467948,18075.430388621804,-11.17,STOP_LOSS
short,2021-11-11 10:45:00+05:30,2021-11-11 11:55:00+05:30,17863.9,17878.823920562205,17878.823920562205,17811.66627803229,-14.92,STOP_LOSS
short,2021-11-11 14:25:00+05:30,2021-11-11 14:30:00+05:30,17834.95,17847.84645762312,17847.84645762312,17789.81239831908,-12.9,STOP_LOSS
short,2021-11-11 14:40:00+05:30,2021-11-11 15:00:00+05:30,17836.3,17849.616849599406,17849.616849599406,17789.69102640208,-13.32,STOP_LOSS
long,2021-11-12 10:05:00+05:30,2021-11-12 10:20:00+05:30,17964.05,17948.15446073317,17948.15446073317,18019.684387433903,-15.9,STOP_LOSS
long,2021-11-15 09:50:00+05:30,2021-11-15 10:15:00+05:30,18171.1,18152.474819939118,18152.474819939118,18236.288130213085,-18.63,STOP_LOSS
short,2021-11-16 10:00:00+05:30,2021-11-16 12:10:00+05:30,18070.1,18084.96684013251,18084.96684013251,18018.066059536202,-14.87,STOP_LOSS
long,2021-11-16 13:30:00+05:30,2021-11-16 13:50:00+05:30,18102.1,18093.56630073075,18093.56630073075,18131.96794744237,-8.53,STOP_LOSS
short,2021-11-17 09:35:00+05:30,2021-11-17 10:20:00+05:30,17973.2,17990.653224806756,17990.653224806756,17912.11371317636,-17.45,STOP_LOSS
short,2021-11-18 10:50:00+05:30,2021-11-18 13:35:00+05:30,17760.95,17781.962575993286,17781.962575993286,17687.405984023502,-21.01,STOP_LOSS
long,2021-11-23 14:35:00+05:30,2021-11-23 15:15:00+05:30,17520.45,17503.609597436298,17503.609597436298,17579.391408972966,-16.84,STOP_LOSS
long,2021-11-24 09:45:00+05:30,2021-11-24 10:05:00+05:30,17538.6,17518.42574733426,17518.42574733426,17609.209884330092,-20.17,STOP_LOSS
long,2021-11-24 11:25:00+05:30,2021-11-24 11:30:00+05:30,17570.8,17559.84502437647,17559.84502437647,17609.14241468235,-10.95,STOP_LOSS
short,2021-11-25 10:05:00+05:30,2021-11-25 10:35:00+05:30,17386.9,17408.63722123458,17408.63722123458,17310.819725678964,-21.74,STOP_LOSS
long,2021-11-25 12:25:00+05:30,2021-11-25 12:50:00+05:30,17509.15,17493.541147524138,17493.541147524138,17563.780983665518,-15.61,STOP_LOSS
short,2021-11-26 11:20:00+05:30,2021-11-26 11:25:00+05:30,17153.45,17176.36408192025,17176.36408192025,17073.250713279136,-22.91,STOP_LOSS
long,2021-11-29 12:25:00+05:30,2021-11-29 12:55:00+05:30,17140.3,17121.553519798697,17121.553519798697,17205.912680704554,-18.75,STOP_LOSS
long,2021-12-01 09:40:00+05:30,2021-12-01 15:15:00+05:30,17123.55,17180.7,17084.907365647927,17258.799220232257,57.15,EOD_EXIT
long,2021-12-02 10:00:00+05:30,2021-12-02 11:25:00+05:30,17249.0,17315.761289374175,17229.925345893094,17315.761289374175,66.76,TAKE_PROFIT
long,2021-12-02 11:45:00+05:30,2021-12-02 11:50:00+05:30,17307.65,17295.35115807002,17295.35115807002,17350.695946754928,-12.3,STOP_LOSS
short,2021-12-03 13:50:00+05:30,2021-12-03 14:15:00+05:30,17285.1,17231.37477917802,17300.450063091994,17231.37477917802,53.73,TAKE_PROFIT
short,2021-12-06 10:25:00+05:30,2021-12-06 11:35:00+05:30,17144.2,17068.18958532902,17165.917261334565,17068.18958532902,76.01,TAKE_PROFIT
long,2021-12-07 11:50:00+05:30,2021-12-07 12:20:00+05:30,17161.35,17196.264847641472,17151.374329245293,17196.264847641472,34.91,TAKE_PROFIT
long,2021-12-07 12:25:00+05:30,2021-12-07 12:45:00+05:30,17186.95,17175.341317764898,17175.341317764898,17227.580387822858,-11.61,STOP_LOSS
long,2021-12-07 14:35:00+05:30,2021-12-07 14:55:00+05:30,17233.4,17222.39914489759,17222.39914489759,17271.902992858442,-11.0,STOP_LOSS
long,2021-12-08 14:10:00+05:30,2021-12-08 14:25:00+05:30,17453.8,17444.019370369984,17444.019370369984,17488.032203705046,-9.78,STOP_LOSS
long,2021-12-13 10:10:00+05:30,2021-12-13 10:15:00+05:30,17616.5,17601.39520445129,17601.39520445129,17669.366784420483,-15.1,STOP_LOSS
long,2021-12-13 10:35:00+05:30,2021-12-13 10:55:00+05:30,17604.5,17587.97678340258,17587.97678340258,17662.331258090973,-16.52,STOP_LOSS
short,2021-12-13 13:45:00+05:30,2021-12-13 15:15:00+05:30,17421.15,17364.15,17439.42457458784,17357.188988942566,57.0,EOD_EXIT
short,2021-12-14 09:50:00+05:30,2021-12-14 10:45:00+05:30,17324.5,17244.72686362079,17347.292324679776,17244.72686362079,79.77,TAKE_PROFIT
short,2021-12-14 14:35:00+05:30,2021-12-14 15:00:00+05:30,17292.25,17306.8561744644,17306.8561744644,17241.128389374604,-14.61,STOP_LOSS
short,2021-12-15 10:10:00+05:30,2021-12-15 13:45:00+05:30,17254.05,17271.178199172427,17271.178199172427,17194.101302896495,-17.13,STOP_LOSS
long,2021-12-16 09:45:00+05:30,2021-12-16 09:50:00+05:30,17290.05,17267.25737953822,17267.25737953822,17369.824171616234,-22.79,STOP_LOSS
short,2021-12-17 11:20:00+05:30,2021-12-17 13:00:00+05:30,17044.25,17060.787768638493,17060.787768638493,16986.367809765274,-16.54,STOP_LOSS
long,2021-12-21 12:15:00+05:30,2021-12-21 12:20:00+05:30,16912.8,16900.20509271952,16900.20509271952,16956.882175481678,-12.59,STOP_LOSS
long,2021-12-21 12:50:00+05:30,2021-12-21 13:05:00+05:30,16919.1,16906.46830002654,16906.46830002654,16963.310949907103,-12.63,STOP_LOSS
long,2021-12-23 10:55:00+05:30,2021-12-23 11:10:00+05:30,17055.9,17043.251153041645,17043.251153041645,17100.17096435425,-12.65,STOP_LOSS
short,2021-12-24 11:15:00+05:30,2021-12-24 11:55:00+05:30,16950.6,16966.950763774443,16966.950763774443,16893.372326789442,-16.35,STOP_LOSS
long,2021-12-24 14:50:00+05:30,2021-12-24 14:55:00+05:30,17040.45,17024.947286293023,17024.947286293023,17094.709497974425,-15.5,STOP_LOSS
long,2021-12-28 10:35:00+05:30,2021-12-28 12:10:00+05:30,17187.9,17236.02712029929,17174.149394200205,17236.02712029929,48.13,TAKE_PROFIT
short,2021-12-30 09:30:00+05:30,2021-12-30 09:45:00+05:30,17209.5,17224.82940820458,17224.82940820458,17155.847071283966,-15.33,STOP_LOSS
long,2021-12-30 10:45:00+05:30,2021-12-30 11:10:00+05:30,17243.45,17233.95694711446,17233.95694711446,17276.675685099388,-9.49,STOP_LOSS
long,2021-12-31 10:35:00+05:30,2021-12-31 12:40:00+05:30,17337.0,17379.177744872777,17324.949215750636,17379.177744872777,42.18,TAKE_PROFIT
long,2022-01-03 11:05:00+05:30,2022-01-03 12:20:00+05:30,17511.1,17541.9825147666,17502.276424352396,17541.9825147666,30.88,TAKE_PROFIT
long,2022-01-03 13:35:00+05:30,2022-01-03 14:05:00+05:30,17572.95,17598.468144192724,17565.65910165922,17598.468144192724,25.52,TAKE_PROFIT
long,2022-01-04 11:05:00+05:30,2022-01-04 11:20:00+05:30,17704.25,17691.815918911037,17691.815918911037,17747.769283811373,-12.43,STOP_LOSS
long,2022-01-05 10:20:00+05:30,2022-01-05 10:45:00+05:30,17832.65,17817.112926241356,17817.112926241356,17887.029758155262,-15.54,STOP_LOSS
long,2022-01-05 13:15:00+05:30,2022-01-05 15:00:00+05:30,17902.75,17939.837160452753,17892.15366844207,17939.837160452753,37.09,TAKE_PROFIT
short,2022-01-06 11:20:00+05:30,2022-01-06 12:50:00+05:30,17691.15,17704.318303052154,17704.318303052154,17645.060939317475,-13.17,STOP_LOSS
short,2022-01-07 12:55:00+05:30,2022-01-07 13:25:00+05:30,17760.1,17777.291342187622,17777.291342187622,17699.93030234332,-17.19,STOP_LOSS
long,2022-01-10 10:45:00+05:30,2022-01-10 11:25:00+05:30,17951.1,17936.031909446094,17936.031909446094,18003.83831693866,-15.07,STOP_LOSS
long,2022-01-11 10:50:00+05:30,2022-01-11 13:25:00+05:30,18020.95,18072.09362410356,18006.33753597041,18072.09362410356,51.14,TAKE_PROFIT
long,2022-01-12 11:45:00+05:30,2022-01-12 12:00:00+05:30,18201.7,18192.35023996624,18192.35023996624,18234.42416011816,-9.35,STOP_LOSS
short,2022-01-14 10:10:00+05:30,2022-01-14 12:45:00+05:30,18202.8,18219.797981948013,18219.797981948013,18143.307063181946,-17.0,STOP_LOSS
long,2022-01-14 13:30:00+05:30,2022-01-14 14:45:00+05:30,18216.1,18248.00927022248,18206.98306565072,18248.00927022248,31.91,TAKE_PROFIT
long,2022-01-17 09:40:00+05:30,2022-01-17 15:15:00+05:30,18263.45,18308.2,18243.932302037836,18331.761942867575,44.75,EOD_EXIT
short,2022-01-18 10:30:00+05:30,2022-01-18 11:30:00+05:30,18237.5,18256.91582456585,18256.91582456585,18169.544614019527,-19.42,STOP_LOSS
long,2022-01-18 13:35:00+05:30,2022-01-18 13:40:00+05:30,18296.85,18285.551728721635,18285.551728721635,18336.393949474274,-11.3,STOP_LOSS
short,2022-01-19 10:00:00+05:30,2022-01-19 12:30:00+05:30,18042.05,17937.2651909076,18071.988516883543,17937.2651909076,104.78,TAKE_PROFIT
short,2022-01-19 13:20:00+05:30,2022-01-19 14:35:00+05:30,17920.45,17936.75256675767,17936.75256675767,17863.39101634816,-16.3,STOP_LOSS
short,2022-01-20 09:35:00+05:30,2022-01-20 10:15:00+05:30,17911.7,17842.118393000706,17931.580459142657,17842.118393000706,69.58,TAKE_PROFIT
short,2022-01-20 14:05:00+05:30,2022-01-20 15:00:00+05:30,17712.35,17730.09372908653,17730.09372908653,17650.246948197146,-17.74,STOP_LOSS
long,2022-01-28 10:30:00+05:30,2022-01-28 10:35:00+05:30,17318.2,17294.933839339334,17294.933839339334,17399.63156231233,-23.27,STOP_LOSS
long,2022-01-28 11:10:00+05:30,2022-01-28 13:40:00+05:30,17321.0,17303.522529594968,17303.522529594968,17382.17114641762,-17.48,STOP_LOSS
long,2022-01-31 11:20:00+05:30,2022-01-31 12:15:00+05:30,17326.95,17388.952969443544,17309.234865873274,17388.952969443544,62.0,TAKE_PROFIT
long,2022-01-31 12:35:00+05:30,2022-01-31 13:30:00+05:30,17373.1,17359.021398964156,17359.021398964156,17422.375103625443,-14.08,STOP_LOSS
long,2022-01-31 14:55:00+05:30,2022-01-31 15:00:00+05:30,17385.05,17367.653405759578,17367.653405759578,17445.938079841468,-17.4,STOP_LOSS
long,2022-02-02 10:30:00+05:30,2022-02-02 10:35:00+05:30,17728.15,17712.451575858482,17712.451575858482,17783.094484495316,-15.7,STOP_LOSS
long,2022-02-02 10:50:00+05:30,2022-02-02 14:10:00+05:30,17712.6,17770.04825968732,17696.186211517906,17770.04825968732,57.45,TAKE_PROFIT
long,2022-02-02 14:50:00+05:30,2022-02-02 15:15:00+05:30,17770.7,17786.7,17757.854985554943,17815.6575505577,16.0,EOD_EXIT
short,2022-02-03 12:30:00+05:30,2022-02-03 12:35:00+05:30,17651.35,17662.034001888547,17662.034001888547,17613.95599339008,-10.68,STOP_LOSS
short,2022-02-03 14:00:00+05:30,2022-02-03 15:10:00+05:30,17623.95,17576.251868873886,17637.578037464606,17576.251868873886,47.7,TAKE_PROFIT
short,2022-02-04 10:50:00+05:30,2022-02-04 11:10:00+05:30,17546.1,17564.991605397812,17564.991605397812,17479.979381107656,-18.89,STOP_LOSS
short,2022-02-07 11:50:00+05:30,2022-02-07 12:05:00+05:30,17330.25,17274.608969841447,17346.14743718816,17274.608969841447,55.64,TAKE_PROFIT
short,2022-02-07 14:50:00+05:30,2022-02-07 15:00:00+05:30,17183.25,17203.584615088956,17203.584615088956,17112.078847188648,-20.33,STOP_LOSS
long,2022-02-09 11:25:00+05:30,2022-02-09 13:05:00+05:30,17397.9,17385.827889633503,17385.827889633503,17440.15238628274,-12.07,STOP_LOSS
long,2022-02-09 14:50:00+05:30,2022-02-09 15:15:00+05:30,17446.2,17466.35,17433.22167403849,17491.624140865282,20.15,EOD_EXIT
long,2022-02-10 14:20:00+05:30,2022-02-10 14:45:00+05:30,17621.35,17610.39915885933,17610.39915885933,17659.67794399233,-10.95,STOP_LOSS
short,2022-02-11 10:45:00+05:30,2022-02-11 12:30:00+05:30,17347.15,17365.520778750102,17365.520778750102,17282.85227437465,-18.37,STOP_LOSS
short,2022-02-11 14:55:00+05:30,2022-02-11 15:00:00+05:30,17370.15,17386.12318141797,17386.12318141797,17314.24386503712,-15.97,STOP_LOSS
short,2022-02-14 11:00:00+05:30,2022-02-14 12:35:00+05:30,17060.2,16988.782559540385,17080.60498298846,16988.782559540385,71.42,TAKE_PROFIT
long,2022-02-16 09:45:00+05:30,2022-02-16 09:50:00+05:30,17368.3,17337.28230811467,17337.28230811467,17476.861921598655,-31.02,STOP_LOSS
long,2022-02-16 14:10:00+05:30,2022-02-16 14:15:00+05:30,17458.7,17443.26672155019,17443.26672155019,17512.716474574336,-15.43,STOP_LOSS
long,2022-02-17 13:50:00+05:30,2022-02-17 13:55:00+05:30,17396.3,17382.226659748416,17382.226659748416,17445.556690880538,-14.07,STOP_LOSS
short,2022-02-18 09:55:00+05:30,2022-02-18 10:00:00+05:30,17274.6,17297.478345902644,17297.478345902644,17194.525789340743,-22.88,STOP_LOSS
short,2022-02-18 10:15:00+05:30,2022-02-18 11:05:00+05:30,17283.45,17305.710500984205,17305.710500984205,17205.53824655528,-22.26,STOP_LOSS
short,2022-02-21 10:25:00+05:30,2022-02-21 10:35:00+05:30,17132.15,17152.955448202603,17152.955448202603,17059.330931290897,-20.81,STOP_LOSS
long,2022-02-21 12:50:00+05:30,2022-02-21 14:05:00+05:30,17294.9,17280.027231598186,17280.027231598186,17346.95468940636,-14.87,STOP_LOSS
short,2022-02-22 10:35:00+05:30,2022-02-22 10:55:00+05:30,16945.45,16969.740574555864,16969.740574555864,16860.43298905448,-24.29,STOP_LOSS
short,2022-02-22 13:45:00+05:30,2022-02-22 13:55:00+05:30,16935.8,16950.01588383466,16950.01588383466,16886.044406578683,-14.22,STOP_LOSS
long,2022-02-23 09:40:00+05:30,2022-02-23 10:30:00+05:30,17162.65,17136.689067471605,17136.689067471605,17253.513263849392,-25.96,STOP_LOSS
short,2022-02-24 14:15:00+05:30,2022-02-24 14:50:00+05:30,16464.0,16364.567810364515,16492.40919703871,16364.567810364515,99.43,TAKE_PROFIT
long,2022-02-28 12:40:00+05:30,2022-02-28 14:05:00+05:30,16685.6,16662.034976706036,16662.034976706036,16768.07758152886,-23.57,STOP_LOSS
short,2022-03-02 10:50:00+05:30,2022-03-02 12:30:00+05:30,16582.65,16509.552705794362,16603.53494120161,16509.552705794362,73.1,TAKE_PROFIT
long,2022-03-03 09:40:00+05:30,2022-03-03 10:05:00+05:30,16658.0,16632.21044171452,16632.21044171452,16748.263453999185,-25.79,STOP_LOSS
short,2022-03-04 10:45:00+05:30,2022-03-04 11:45:00+05:30,16209.55,16235.107196944653,16235.107196944653,16120.099810693711,-25.56,STOP_LOSS
short,2022-03-08 11:35:00+05:30,2022-03-08 11:55:00+05:30,15783.1,15711.798868068592,15803.471751980403,15711.798868068592,71.3,TAKE_PROFIT
long,2022-03-09 10:30:00+05:30,2022-03-09 11:15:00+05:30,16138.65,16115.881828727732,16115.881828727732,16218.338599452938,-22.77,STOP_LOSS
long,2022-03-10 11:45:00+05:30,2022-03-10 12:10:00+05:30,16716.05,16700.69462942268,16700.69462942268,16769.79379702061,-15.36,STOP_LOSS
long,2022-03-14 10:25:00+05:30,2022-03-14 11:20:00+05:30,16663.1,16733.3879392921,16643.017731630825,16733.3879392921,70.29,TAKE_PROFIT
long,2022-03-14 12:05:00+05:30,2022-03-14 12:10:00+05:30,16747.8,16733.386337607757,16733.386337607757,16798.24781837284,-14.41,STOP_LOSS
long,2022-03-14 13:30:00+05:30,2022-03-14 14:15:00+05:30,16768.65,16813.235095456384,16755.911401298177,16813.235095456384,44.59,TAKE_PROFIT
long,2022-03-16 10:15:00+05:30,2022-03-16 15:00:00+05:30,16866.6,16951.745483456743,16842.27271901236,16951.745483456743,85.15,TAKE_PROFIT
long,2022-03-17 10:50:00+05:30,2022-03-17 11:45:00+05:30,17252.85,17296.228809102016,17240.45605454228,17296.228809102016,43.38,TAKE_PROFIT
long,2022-03-17 12:00:00+05:30,2022-03-17 12:05:00+05:30,17288.25,17278.802517288917,17278.802517288917,17321.316189488793,-9.45,STOP_LOSS
long,2022-03-17 12:50:00+05:30,2022-03-17 13:00:00+05:30,17308.7,17298.77330129144,17298.77330129144,17343.44344547997,-9.93,STOP_LOSS
long,2022-03-17 14:10:00+05:30,2022-03-17 14:45:00+05:30,17312.4,17298.275776815535,17298.275776815535,17361.83478114563,-14.12,STOP_LOSS
short,2022-03-21 13:40:00+05:30,2022-03-21 14:05:00+05:30,17152.55,17167.46395075566,17167.46395075566,17100.351172355186,-14.91,STOP_LOSS
short,2022-03-22 10:25:00+05:30,2022-03-22 11:20:00+05:30,17056.45,17076.487301255835,17076.487301255835,16986.31944560458,-20.04,STOP_LOSS
long,2022-03-23 10:10:00+05:30,2022-03-23 10:20:00+05:30,17360.25,17339.616660369757,17339.616660369757,17432.46668870585,-20.63,STOP_LOSS
short,2022-03-23 14:00:00+05:30,2022-03-23 14:20:00+05:30,17246.25,17263.544741761936,17263.544741761936,17185.718403833227,-17.29,STOP_LOSS
short,2022-03-24 09:40:00+05:30,2022-03-24 09:50:00+05:30,17209.6,17233.777921420777,17233.777921420777,17124.977275027282,-24.18,STOP_LOSS
short,2022-03-24 13:05:00+05:30,2022-03-24 13:25:00+05:30,17179.4,17194.880082882715,17194.880082882715,17125.219709910496,-15.48,STOP_LOSS
long,2022-03-24 14:50:00+05:30,2022-03-24 15:15:00+05:30,17226.45,17222.4,17210.617498055537,17281.863756805626,-4.05,EOD_EXIT
short,2022-03-25 11:10:00+05:30,2022-03-25 12:05:00+05:30,17184.45,17141.737252786283,17196.653642061065,17141.737252786283,42.71,TAKE_PROFIT
short,2022-03-25 12:35:00+05:30,2022-03-25 13:45:00+05:30,17149.35,17104.20527545801,17162.24849272628,17104.20527545801,45.14,TAKE_PROFIT
short,2022-03-28 11:05:00+05:30,2022-03-28 11:20:00+05:30,17035.4,17050.223286141678,17050.223286141678,16983.51849850413,-14.82,STOP_LOSS
long,2022-03-28 13:45:00+05:30,2022-03-28 15:15:00+05:30,17165.7,17224.2,17146.79069569261,17231.882565075874,58.5,EOD_EXIT
long,2022-03-29 10:10:00+05:30,2022-03-29 10:35:00+05:30,17283.55,17265.450865554638,17265.450865554638,17346.896970558762,-18.1,STOP_LOSS
long,2022-03-29 10:50:00+05:30,2022-03-29 11:45:00+05:30,17275.6,17261.78754147463,17261.78754147463,17323.943604838787,-13.81,STOP_LOSS
long,2022-03-30 11:20:00+05:30,2022-03-30 12:15:00+05:30,17491.75,17482.461775959262,17482.461775959262,17524.25878414258,-9.29,STOP_LOSS
long,2022-04-01 10:45:00+05:30,2022-04-01 12:00:00+05:30,17531.15,17520.573993838385,17520.573993838385,17568.166021565667,-10.58,STOP_LOSS
long,2022-04-01 14:30:00+05:30,2022-04-01 15:00:00+05:30,17583.35,17615.699368536523,17574.10732327528,17615.699368536523,32.35,TAKE_PROFIT
long,2022-04-04 14:05:00+05:30,2022-04-04 14:40:00+05:30,17992.15,18045.745589771712,17976.836974350943,18045.745589771712,53.6,TAKE_PROFIT
short,2022-04-06 10:55:00+05:30,2022-04-06 11:20:00+05:30,17813.1,17828.959131561405,17828.959131561405,17757.59303953507,-15.86,STOP_LOSS
short,2022-04-06 11:25:00+05:30,2022-04-06 11:55:00+05:30,17820.35,17833.77844320244,17833.77844320244,17773.35044879146,-13.43,STOP_LOSS
short,2022-04-06 13:45:00+05:30,2022-04-06 15:15:00+05:30,17827.15,17802.15,17842.009836362085,17775.14057273271,25.0,EOD_EXIT
short,2022-04-07 10:10:00+05:30,2022-04-07 11:55:00+05:30,17724.9,17739.420100368905,17739.420100368905,17674.07964870884,-14.52,STOP_LOSS
short,2022-04-08 10:25:00+05:30,2022-04-08 10:55:00+05:30,17643.35,17669.126651340885,17669.126651340885,17553.131720306897,-25.78,STOP_LOSS
long,2022-04-08 14:30:00+05:30,2022-04-08 15:00:00+05:30,17806.8,17792.168425026608,17792.168425026608,17858.01051240686,-14.63,STOP_LOSS
short,2022-04-11 11:10:00+05:30,2022-04-11 11:30:00+05:30,17686.35,17699.172187263255,17699.172187263255,17641.4723445786,-12.82,STOP_LOSS
short,2022-04-12 11:15:00+05:30,2022-04-12 11:40:00+05:30,17506.05,17518.69711943734,17518.69711943734,17461.785081969312,-12.65,STOP_LOSS
short,2022-04-13 11:15:00+05:30,2022-04-13 12:10:00+05:30,17549.65,17504.08993422151,17562.667161651,17504.08993422151,45.56,TAKE_PROFIT
short,2022-04-18 11:05:00+05:30,2022-04-18 11:20:00+05:30,17150.6,17166.128367613288,17166.128367613288,17096.250713353482,-15.53,STOP_LOSS
short,2022-04-18 11:30:00+05:30,2022-04-18 11:50:00+05:30,17158.45,17173.418938233735,17173.418938233735,17106.058716181935,-14.97,STOP_LOSS
short,2022-04-18 13:10:00+05:30,2022-04-18 13:20:00+05:30,17098.0,17112.599059344324,17112.599059344324,17046.90329229486,-14.6,STOP_LOSS
long,2022-04-19 12:00:00+05:30,2022-04-19 12:40:00+05:30,17222.65,17211.541996464275,17211.541996464275,17261.52801237504,-11.11,STOP_LOSS
long,2022-04-19 14:10:00+05:30,2022-04-19 14:30:00+05:30,17245.4,17231.38998387104,17231.38998387104,17294.435056451377,-14.01,STOP_LOSS
long,2022-04-21 10:25:00+05:30,2022-04-21 11:00:00+05:30,17248.75,17300.45043595435,17233.978446870187,17300.45043595435,51.7,TAKE_PROFIT
long,2022-04-21 12:15:00+05:30,2022-04-21 13:25:00+05:30,17334.4,17368.46931139446,17324.665911030155,17368.46931139446,34.07,TAKE_PROFIT
long,2022-04-21 14:00:00+05:30,2022-04-21 14:25:00+05:30,17367.05,17402.969753942387,17356.787213159318,17402.969753942387,35.92,TAKE_PROFIT
short,2022-04-25 10:55:00+05:30,2022-04-25 11:00:00+05:30,17003.6,17022.309636634778,17022.309636634778,16938.116271778268,-18.71,STOP_LOSS
short,2022-04-25 11:05:00+05:30,2022-04-25 12:20:00+05:30,17004.9,16939.977277469014,17023.44934929457,16939.977277469014,64.92,TAKE_PROFIT
short,2022-04-25 12:50:00+05:30,2022-04-25 13:05:00+05:30,16951.55,16970.263564640205,16970.263564640205,16886.05252375928,-18.71,STOP_LOSS
long,2022-04-26 10:10:00+05:30,2022-04-26 11:05:00+05:30,17148.55,17131.707372055942,17131.707372055942,17207.499197804198,-16.84,STOP_LOSS
long,2022-04-26 11:45:00+05:30,2022-04-26 12:05:00+05:30,17162.25,17153.28028616044,17153.28028616044,17193.64399843846,-8.97,STOP_LOSS
short,2022-04-27 11:15:00+05:30,2022-04-27 12:45:00+05:30,17055.75,17018.90343375694,17066.27759035516,17018.90343375694,36.85,TAKE_PROFIT
short,2022-04-27 13:15:00+05:30,2022-04-27 13:20:00+05:30,16993.1,17007.041042700428,17007.041042700428,16944.306350548493,-13.94,STOP_LOSS
long,2022-04-28 09:45:00+05:30,2022-04-28 12:00:00+05:30,17094.25,17166.90209667318,17073.492258093378,17166.90209667318,72.65,TAKE_PROFIT
long,2022-04-29 09:40:00+05:30,2022-04-29 09:45:00+05:30,17300.75,17280.723375779675,17280.723375779675,17370.843184771144,-20.03,STOP_LOSS
long,2022-04-29 13:35:00+05:30,2022-04-29 13:50:00+05:30,17363.35,17352.063844130676,17352.063844130676,17402.85154554263,-11.29,STOP_LOSS
short,2022-05-04 11:50:00+05:30,2022-05-04 12:30:00+05:30,16948.2,16894.007155525036,16963.68366984999,16894.007155525036,54.19,TAKE_PROFIT
short,2022-05-04 13:05:00+05:30,2022-05-04 13:15:00+05:30,16873.2,16892.096334777136,16892.096334777136,16807.06282828003,-18.9,STOP_LOSS
long,2022-05-05 10:45:00+05:30,2022-05-05 11:30:00+05:30,16895.65,16876.844708345307,16876.844708345307,16961.46852079143,-18.81,STOP_LOSS
short,2022-05-05 14:55:00+05:30,2022-05-05 15:15:00+05:30,16714.3,16690.25,16737.80674972578,16632.026375959766,24.05,EOD_EXIT
short,2022-05-06 11:45:00+05:30,2022-05-06 12:10:00+05:30,16393.95,16416.809286045314,16416.809286045314,16313.942498841398,-22.86,STOP_LOSS
short,2022-05-09 10:00:00+05:30,2022-05-09 11:35:00+05:30,16248.1,16279.709994835956,16279.709994835956,16137.465018074157,-31.61,STOP_LOSS
short,2022-05-11 10:45:00+05:30,2022-05-11 13:00:00+05:30,16129.15,16027.935825123433,16158.068335679018,16027.935825123433,101.21,TAKE_PROFIT
short,2022-05-12 12:40:00+05:30,2022-05-12 13:15:00+05:30,15850.25,15868.299912037382,15868.299912037382,15787.075307869163,-18.05,STOP_LOSS
long,2022-05-13 11:25:00+05:30,2022-05-13 13:05:00+05:30,15984.05,16047.551068134135,15965.90683767596,16047.551068134135,63.5,TAKE_PROFIT
long,2022-05-17 13:50:00+05:30,2022-05-17 14:10:00+05:30,16157.55,16207.611770328158,16143.246637049097,16207.611770328158,50.06,TAKE_PROFIT
long,2022-05-18 10:50:00+05:30,2022-05-18 11:05:00+05:30,16350.4,16332.009814974177,16332.009814974177,16414.76564759038,-18.39,STOP_LOSS
short,2022-05-19 10:55:00+05:30,2022-05-19 11:20:00+05:30,15946.6,15896.60695154074,15960.883728131217,15896.60695154074,49.99,TAKE_PROFIT
short,2022-05-19 13:15:00+05:30,2022-05-19 13:25:00+05:30,15840.75,15853.914429063458,15853.914429063458,15794.674498277895,-13.16,STOP_LOSS
short,2022-05-19 13:45:00+05:30,2022-05-19 14:40:00+05:30,15842.55,15791.465707766976,15857.145512066578,15791.465707766976,51.08,TAKE_PROFIT
short,2022-05-19 14:55:00+05:30,2022-05-19 15:15:00+05:30,15806.65,15805.05,15821.420787628227,15754.952243301206,1.6,EOD_EXIT
long,2022-05-20 11:15:00+05:30,2022-05-20 12:05:00+05:30,16174.3,16162.375116134353,16162.375116134353,16216.037093529763,-11.92,STOP_LOSS
long,2022-05-20 13:30:00+05:30,2022-05-20 14:55:00+05:30,16196.35,16247.711269196845,16181.675351658045,16247.711269196845,51.36,TAKE_PROFIT
long,2022-05-23 10:20:00+05:30,2022-05-23 12:20:00+05:30,16304.7,16380.106482419054,16283.155290737413,16380.106482419054,75.41,TAKE_PROFIT
short,2022-05-24 10:40:00+05:30,2022-05-24 11:35:00+05:30,16157.95,16177.445367927685,16177.445367927685,16089.716212253106,-19.5,STOP_LOSS
short,2022-05-24 13:35:00+05:30,2022-05-24 14:20:00+05:30,16183.75,16115.086924270428,16203.368021637021,16115.086924270428,68.66,TAKE_PROFIT
short,2022-05-25 14:00:00+05:30,2022-05-25 14:10:00+05:30,16037.35,16052.447014624255,16052.447014624255,15984.51044881511,-15.1,STOP_LOSS
short,2022-05-26 11:45:00+05:30,2022-05-26 12:10:00+05:30,15925.9,15940.543946950771,15940.543946950771,15874.646185672298,-14.64,STOP_LOSS
long,2022-05-27 10:10:00+05:30,2022-05-27 10:15:00+05:30,16280.2,16254.839264196371,16254.839264196371,16368.962575312704,-25.36,STOP_LOSS
long,2022-05-27 14:05:00+05:30,2022-05-27 14:20:00+05:30,16346.6,16328.00757339422,16328.00757339422,16411.673493120237,-18.59,STOP_LOSS
long,2022-05-27 14:25:00+05:30,2022-05-27 14:30:00+05:30,16338.8,16321.698900814068,16321.698900814068,16398.653847150756,-17.1,STOP_LOSS
long,2022-05-30 11:55:00+05:30,2022-05-30 12:15:00+05:30,16674.9,16662.828876555068,16662.828876555068,16717.148932057273,-12.07,STOP_LOSS
long,2022-05-31 11:25:00+05:30,2022-05-31 11:45:00+05:30,16639.9,16628.08724087251,16628.08724087251,16681.244656946208,-11.81,STOP_LOSS
short,2022-06-01 14:00:00+05:30,2022-06-01 14:25:00+05:30,16511.6,16456.704868549226,16527.284323271648,16456.704868549226,54.9,TAKE_PROFIT
long,2022-06-02 14:25:00+05:30,2022-06-02 15:15:00+05:30,16611.3,16633.5,16596.87121305362,16661.800754312328,22.2,EOD_EXIT
long,2022-06-03 10:10:00+05:30,2022-06-03 10:25:00+05:30,16754.6,16738.93926153879,16738.93926153879,16809.41258461422,-15.66,STOP_LOSS
short,2022-06-06 10:00:00+05:30,2022-06-06 12:05:00+05:30,16520.65,16543.537017325736,16543.537017325736,16440.545439359932,-22.89,STOP_LOSS
long,2022-06-06 14:15:00+05:30,2022-06-06 14:20:00+05:30,16590.35,16576.940279702954,16576.940279702954,16637.284021039646,-13.41,STOP_LOSS
short,2022-06-07 10:20:00+05:30,2022-06-07 11:20:00+05:30,16425.7,16372.030945762357,16441.03401549647,16372.030945762357,53.67,TAKE_PROFIT
short,2022-06-07 11:45:00+05:30,2022-06-07 11:50:00+05:30,16376.85,16388.618188570592,16388.618188570592,16335.661340002924,-11.77,STOP_LOSS
short,2022-06-08 10:25:00+05:30,2022-06-08 10:30:00+05:30,16364.2,16383.940581982804,16383.940581982804,16295.107963060185,-19.74,STOP_LOSS
long,2022-06-08 11:05:00+05:30,2022-06-08 13:10:00+05:30,16440.4,16420.172751898233,16420.172751898233,16511.195368356184,-20.23,STOP_LOSS
short,2022-06-09 09:45:00+05:30,2022-06-09 10:20:00+05:30,16318.65,16338.29246527585,16338.29246527585,16249.901371534523,-19.64,STOP_LOSS
short,2022-06-10 10:35:00+05:30,2022-06-10 11:30:00+05:30,16289.3,16239.176326125644,16303.621049678386,16239.176326125644,50.12,TAKE_PROFIT
short,2022-06-10 12:00:00+05:30,2022-06-10 12:55:00+05:30,16249.5,16214.540032238123,16259.488562217679,16214.540032238123,34.96,TAKE_PROFIT
short,2022-06-13 10:30:00+05:30,2022-06-13 11:05:00+05:30,15788.8,15807.144284439417,15807.144284439417,15724.595004462035,-18.34,STOP_LOSS
short,2022-06-13 12:00:00+05:30,2022-06-13 12:20:00+05:30,15789.85,15799.888212199165,15799.888212199165,15754.716257302925,-10.04,STOP_LOSS
short,2022-06-13 13:15:00+05:30,2022-06-13 13:45:00+05:30,15767.25,15726.386485375344,15778.925289892759,15726.386485375344,40.86,TAKE_PROFIT
short,2022-06-14 09:35:00+05:30,2022-06-14 09:45:00+05:30,15729.55,15757.11586778356,15757.11586778356,15633.069462757541,-27.57,STOP_LOSS
short,2022-06-14 14:50:00+05:30,2022-06-14 15:15:00+05:30,15715.95,15731.573458220284,15731.573458220284,15661.267896229012,-15.62,STOP_LOSS
short,2022-06-15 09:50:00+05:30,2022-06-15 10:05:00+05:30,15711.1,15730.459775011368,15730.459775011368,15643.34078746021,-19.36,STOP_LOSS
short,2022-06-15 14:55:00+05:30,2022-06-15 15:05:00+05:30,15730.1,15691.222705803204,15741.207798341942,15691.222705803204,38.88,TAKE_PROFIT
long,2022-06-16 09:45:00+05:30,2022-06-16 10:10:00+05:30,15785.65,15762.182757562046,15762.182757562046,15867.785348532834,-23.47,STOP_LOSS
short,2022-06-16 13:55:00+05:30,2022-06-16 14:35:00+05:30,15455.25,15360.739297038657,15482.253057988955,15360.739297038657,94.51,TAKE_PROFIT
short,2022-06-16 14:55:00+05:30,2022-06-16 15:15:00+05:30,15381.4,15348.9,15405.891530575604,15295.679642985386,32.5,EOD_EXIT
short,2022-06-17 10:40:00+05:30,2022-06-17 14:50:00+05:30,15314.6,15342.700144903125,15342.700144903125,15216.249492839066,-28.1,STOP_LOSS
long,2022-06-20 12:10:00+05:30,2022-06-20 13:15:00+05:30,15330.2,15313.734729582775,15313.734729582775,15387.82844646029,-16.47,STOP_LOSS
short,2022-06-20 14:35:00+05:30,2022-06-20 15:00:00+05:30,15289.5,15307.230157940856,15307.230157940856,15227.444447207004,-17.73,STOP_LOSS
long,2022-06-21 11:25:00+05:30,2022-06-21 12:30:00+05:30,15574.75,15619.972142920893,15561.829387736889,15619.972142920893,45.22,TAKE_PROFIT
long,2022-06-21 13:45:00+05:30,2022-06-21 14:40:00+05:30,15670.95,15657.120646622354,15657.120646622354,15719.352736821767,-13.83,STOP_LOSS
short,2022-06-22 10:20:00+05:30,2022-06-22 10:30:00+05:30,15463.95,15483.051706757562,15483.051706757562,15397.094026348535,-19.1,STOP_LOSS
long,2022-06-23 10:40:00+05:30,2022-06-23 11:45:00+05:30,15577.35,15562.9557047369,15562.9557047369,15627.73003342085,-14.39,STOP_LOSS
long,2022-06-23 14:25:00+05:30,2022-06-23 15:15:00+05:30,15516.8,15556.9,15492.584461881925,15601.554383413262,40.1,EOD_EXIT
long,2022-06-24 10:10:00+05:30,2022-06-24 10:15:00+05:30,15688.45,15665.689014958842,15665.689014958842,15768.113447644058,-22.76,STOP_LOSS
long,2022-06-24 10:35:00+05:30,2022-06-24 11:45:00+05:30,15675.75,15656.099193324922,15656.099193324922,15744.527823362772,-19.65,STOP_LOSS
long,2022-06-24 14:30:00+05:30,2022-06-24 15:15:00+05:30,15695.15,15702.2,15678.87095776433,15752.126647824844,7.05,EOD_EXIT
long,2022-06-27 10:35:00+05:30,2022-06-27 10:45:00+05:30,15880.85,15866.288451457312,15866.288451457312,15931.815419899407,-14.56,STOP_LOSS
long,2022-06-27 11:10:00+05:30,2022-06-27 11:35:00+05:30,15871.2,15858.69894926777,15858.69894926777,15914.953677562808,-12.5,STOP_LOSS
long,2022-06-27 13:45:00+05:30,2022-06-27 14:05:00+05:30,15891.75,15881.24518385929,15881.24518385929,15928.516856492482,-10.5,STOP_LOSS
short,2022-06-28 10:35:00+05:30,2022-06-28 11:15:00+05:30,15737.65,15749.808425832573,15749.808425832573,15695.095509585997,-12.16,STOP_LOSS
short,2022-06-29 09:50:00+05:30,2022-06-29 10:15:00+05:30,15752.75,15773.76060648196,15773.76060648196,15679.212877313146,-21.01,STOP_LOSS
long,2022-06-29 13:45:00+05:30,2022-06-29 14:35:00+05:30,15830.25,15818.199760901873,15818.199760901873,15872.425836843446,-12.05,STOP_LOSS
long,2022-06-30 13:45:00+05:30,2022-06-30 15:05:00+05:30,15813.0,15796.568499774536,15796.568499774536,15870.510250789126,-16.43,STOP_LOSS
short,2022-07-01 10:45:00+05:30,2022-07-01 11:15:00+05:30,15605.6,15629.570053752712,15629.570053752712,15521.704811865513,-23.97,STOP_LOSS
short,2022-07-04 10:25:00+05:30,2022-07-04 10:45:00+05:30,15691.0,15709.708826544782,15709.708826544782,15625.519107093263,-18.71,STOP_LOSS
long,2022-07-04 12:30:00+05:30,2022-07-04 13:45:00+05:30,15763.75,15754.174829918551,15754.174829918551,15797.263095285072,-9.58,STOP_LOSS
long,2022-07-05 11:50:00+05:30,2022-07-05 12:40:00+05:30,16007.55,15999.401036509753,15999.401036509753,16036.07137221586,-8.15,STOP_LOSS
long,2022-07-07 09:50:00+05:30,2022-07-07 15:05:00+05:30,16070.85,16142.176281600443,16050.471062399874,16142.176281600443,71.33,TAKE_PROFIT
long,2022-07-08 09:55:00+05:30,2022-07-08 10:05:00+05:30,16202.7,16186.52505186761,16186.52505186761,16259.312318463373,-16.17,STOP_LOSS
long,2022-07-08 10:15:00+05:30,2022-07-08 11:55:00+05:30,16197.05,16182.842721607718,16182.842721607718,16246.775474372986,-14.21,STOP_LOSS
short,2022-07-11 09:45:00+05:30,2022-07-11 13:35:00+05:30,16157.8,16176.28383874296,16176.28383874296,16093.106564399633,-18.48,STOP_LOSS
long,2022-07-11 14:55:00+05:30,2022-07-11 15:15:00+05:30,16227.0,16214.727332458388,16214.727332458388,16269.954336395644,-12.27,STOP_LOSS
short,2022-07-12 10:00:00+05:30,2022-07-12 12:20:00+05:30,16146.25,16099.61753228686,16159.573562203754,16099.61753228686,46.63,TAKE_PROFIT
short,2022-07-13 11:10:00+05:30,2022-07-13 11:15:00+05:30,16077.5,16086.618034767396,16086.618034767396,16045.586878314114,-9.12,STOP_LOSS
short,2022-07-13 14:35:00+05:30,2022-07-13 15:15:00+05:30,15993.65,15974.05,16005.122728569142,15953.495450008,19.6,EOD_EXIT
long,2022-07-14 10:15:00+05:30,2022-07-14 10:25:00+05:30,16046.05,16033.459830094593,16033.459830094593,16090.115594668923,-12.59,STOP_LOSS
short,2022-07-14 12:30:00+05:30,2022-07-14 12:55:00+05:30,15964.85,15977.682260996702,15977.682260996702,15919.937086511547,-12.83,STOP_LOSS
short,2022-07-14 14:30:00+05:30,2022-07-14 15:00:00+05:30,15892.45,15908.421923455915,15908.421923455915,15836.5482679043,-15.97,STOP_LOSS
long,2022-07-15 09:55:00+05:30,2022-07-15 11:00:00+05:30,15977.05,15962.296880970236,15962.296880970236,16028.685916604172,-14.75,STOP_LOSS
long,2022-07-15 14:45:00+05:30,2022-07-15 15:05:00+05:30,16002.1,16044.303833377986,15990.041761892006,16044.303833377986,42.2,TAKE_PROFIT
long,2022-07-18 10:35:00+05:30,2022-07-18 11:20:00+05:30,16176.5,16215.73190688597,16165.290883746866,16215.73190688597,39.23,TAKE_PROFIT
long,2022-07-18 11:30:00+05:30,2022-07-18 14:20:00+05:30,16208.35,16236.232751471505,16200.38349957957,16236.232751471505,27.88,TAKE_PROFIT
long,2022-07-19 10:25:00+05:30,2022-07-19 11:40:00+05:30,16284.1,16272.279105643947,16272.279105643947,16325.473130246184,-11.82,STOP_LOSS
long,2022-07-20 11:35:00+05:30,2022-07-20 11:45:00+05:30,16555.45,16547.991401915104,16547.991401915104,16581.555093297135,-7.46,STOP_LOSS
long,2022-07-21 10:30:00+05:30,2022-07-21 13:00:00+05:30,16559.8,16550.63016855061,16550.63016855061,16591.89441007286,-9.17,STOP_LOSS
long,2022-07-22 09:40:00+05:30,2022-07-22 09:55:00+05:30,16657.9,16642.123391035722,16642.123391035722,16713.11813137498,-15.78,STOP_LOSS
long,2022-07-22 10:25:00+05:30,2022-07-22 10:35:00+05:30,16643.45,16631.2212905869,16631.2212905869,16686.250482945856,-12.23,STOP_LOSS
long,2022-07-22 14:55:00+05:30,2022-07-22 15:15:00+05:30,16722.3,16716.2,16711.157504996518,16761.298732512183,-6.1,EOD_EXIT
short,2022-07-25 10:15:00+05:30,2022-07-25 11:15:00+05:30,16626.85,16565.85299657379,16644.27771526463,16565.85299657379,61.0,TAKE_PROFIT
short,2022-07-25 11:25:00+05:30,2022-07-25 11:45:00+05:30,16584.95,16595.724912655787,16595.724912655787,16547.23780570475,-10.77,STOP_LOSS
long,2022-07-25 14:50:00+05:30,2022-07-25 15:00:00+05:30,16661.35,16650.261501338817,16650.261501338817,16700.15974531413,-11.09,STOP_LOSS
short,2022-07-26 10:20:00+05:30,2022-07-26 12:20:00+05:30,16532.75,16544.526830398467,16544.526830398467,16491.531093605372,-11.78,STOP_LOSS
long,2022-07-27 11:15:00+05:30,2022-07-27 12:50:00+05:30,16541.5,16572.79103828999,16532.559703345716,16572.79103828999,31.29,TAKE_PROFIT
long,2022-07-27 13:40:00+05:30,2022-07-27 13:45:00+05:30,16599.9,16590.506288542576,16590.506288542576,16632.77799010099,-9.39,STOP_LOSS
long,2022-07-27 14:40:00+05:30,2022-07-27 15:05:00+05:30,16601.9,16636.6398876661,16591.974317809687,16636.6398876661,34.74,TAKE_PROFIT
long,2022-07-28 12:55:00+05:30,2022-07-28 14:40:00+05:30,16900.6,16892.576100896436,16892.576100896436,16928.68364686246,-8.02,STOP_LOSS
long,2022-07-29 10:10:00+05:30,2022-07-29 10:20:00+05:30,17109.3,17092.96395956256,17092.96395956256,17166.476141531035,-16.34,STOP_LOSS
long,2022-08-01 10:50:00+05:30,2022-08-01 11:25:00+05:30,17273.0,17261.834242963843,17261.834242963843,17312.080149626545,-11.17,STOP_LOSS
long,2022-08-01 13:45:00+05:30,2022-08-01 14:40:00+05:30,17295.35,17322.198795138884,17287.6789156746,17322.198795138884,26.85,TAKE_PROFIT
long,2022-08-03 13:35:00+05:30,2022-08-03 14:40:00+05:30,17286.95,17326.194877863625,17275.73717775325,17326.194877863625,39.24,TAKE_PROFIT
short,2022-08-04 12:25:00+05:30,2022-08-04 12:50:00+05:30,17287.35,17314.716725558817,17314.716725558817,17191.56646054413,-27.37,STOP_LOSS
short,2022-08-04 14:15:00+05:30,2022-08-04 14:40:00+05:30,17302.45,17320.572849524484,17320.572849524484,17239.02002666431,-18.12,STOP_LOSS
long,2022-08-05 11:15:00+05:30,2022-08-05 11:50:00+05:30,17449.85,17436.00208948841,17436.00208948841,17498.317686790557,-13.85,STOP_LOSS
short,2022-08-05 14:55:00+05:30,2022-08-05 15:00:00+05:30,17387.8,17404.04622710573,17404.04622710573,17330.93820512994,-16.25,STOP_LOSS
long,2022-08-08 11:10:00+05:30,2022-08-08 12:10:00+05:30,17457.5,17494.236052917564,17447.003984880695,17494.236052917564,36.74,TAKE_PROFIT
long,2022-08-08 13:10:00+05:30,2022-08-08 14:30:00+05:30,17520.3,17511.91975419863,17511.91975419863,17549.6308603048,-8.38,STOP_LOSS
long,2022-08-10 14:35:00+05:30,2022-08-10 15:15:00+05:30,17521.7,17534.0,17512.091492458607,17555.32977639488,12.3,EOD_EXIT
long,2022-08-11 10:10:00+05:30,2022-08-11 11:35:00+05:30,17673.2,17659.25410900711,17659.25410900711,17722.010618475117,-13.95,STOP_LOSS
long,2022-08-12 13:50:00+05:30,2022-08-12 14:15:00+05:30,17707.8,17699.22142383607,17699.22142383607,17737.825016573763,-8.58,STOP_LOSS
long,2022-08-16 10:35:00+05:30,2022-08-16 11:20:00+05:30,17820.35,17811.40540336781,17811.40540336781,17851.65608821265,-8.94,STOP_LOSS
long,2022-08-19 09:30:00+05:30,2022-08-19 09:35:00+05:30,17957.6,17944.428606871188,17944.428606871188,18003.69987595083,-13.17,STOP_LOSS
long,2022-08-19 09:40:00+05:30,2022-08-19 10:50:00+05:30,17956.4,17942.00982027214,17942.00982027214,18006.765629047517,-14.39,STOP_LOSS
short,2022-08-19 12:35:00+05:30,2022-08-19 13:05:00+05:30,17787.75,17806.56830923405,17806.56830923405,17721.885917680822,-18.82,STOP_LOSS
short,2022-08-22 11:00:00+05:30,2022-08-22 12:30:00+05:30,17571.75,17586.77464306436,17586.77464306436,17519.163749274736,-15.02,STOP_LOSS
long,2022-08-24 11:25:00+05:30,2022-08-24 11:55:00+05:30,17597.0,17586.177459918337,17586.177459918337,17634.87889028582,-10.82,STOP_LOSS
short,2022-08-24 13:30:00+05:30,2022-08-24 13:40:00+05:30,17543.15,17555.011860914095,17555.011860914095,17501.633486800667,-11.86,STOP_LOSS
long,2022-08-25 10:10:00+05:30,2022-08-25 10:15:00+05:30,17694.35,17682.854664546525,17682.854664546525,17734.583674087153,-11.5,STOP_LOSS
long,2022-08-25 10:35:00+05:30,2022-08-25 11:10:00+05:30,17688.35,17677.48818052803,17677.48818052803,17726.36636815189,-10.86,STOP_LOSS
long,2022-08-26 10:05:00+05:30,2022-08-26 10:20:00+05:30,17642.15,17622.239836286288,17622.239836286288,17711.835572998007,-19.91,STOP_LOSS
short,2022-08-26 11:25:00+05:30,2022-08-26 12:00:00+05:30,17602.0,17614.33150171976,17614.33150171976,17558.839743980836,-12.33,STOP_LOSS
short,2022-08-26 13:50:00+05:30,2022-08-26 14:00:00+05:30,17585.95,17598.982032354805,17598.982032354805,17540.337886758192,-13.03,STOP_LOSS
short,2022-08-29 10:15:00+05:30,2022-08-29 12:25:00+05:30,17316.15,17340.26413381118,17340.26413381118,17231.750531660884,-24.11,STOP_LOSS
long,2022-08-30 13:50:00+05:30,2022-08-30 14:25:00+05:30,17648.6,17685.22129736197,17638.136772182293,17685.22129736197,36.62,TAKE_PROFIT
short,2022-09-01 14:10:00+05:30,2022-09-01 14:30:00+05:30,17518.5,17539.041081675045,17539.041081675045,17446.60621413734,-20.54,STOP_LOSS
short,2022-09-02 10:20:00+05:30,2022-09-02 10:40:00+05:30,17512.65,17534.122807518816,17534.122807518816,17437.495173684154,-21.47,STOP_LOSS
long,2022-09-02 13:35:00+05:30,2022-09-02 14:05:00+05:30,17582.7,17613.3377096825,17573.946368662146,17613.3377096825,30.64,TAKE_PROFIT
long,2022-09-02 14:20:00+05:30,2022-09-02 14:30:00+05:30,17603.25,17593.301070774414,17593.301070774414,17638.071252289556,-9.95,STOP_LOSS
long,2022-09-05 10:40:00+05:30,2022-09-05 11:15:00+05:30,17640.0,17626.638567064376,17626.638567064376,17686.765015274686,-13.36,STOP_LOSS
long,2022-09-06 09:30:00+05:30,2022-09-06 09:35:00+05:30,17696.85,17677.370920407942,17677.370920407942,17765.026778572203,-19.48,STOP_LOSS
short,2022-09-06 10:45:00+05:30,2022-09-06 11:05:00+05:30,17623.1,17639.22338590348,17639.22338590348,17566.668149337813,-16.12,STOP_LOSS
short,2022-09-07 10:00:00+05:30,2022-09-07 11:50:00+05:30,17583.25,17602.408326264995,17602.408326264995,17516.195858072522,-19.16,STOP_LOSS
long,2022-09-07 13:40:00+05:30,2022-09-07 14:30:00+05:30,17632.65,17623.313238887302,17623.313238887302,17665.328663894445,-9.34,STOP_LOSS
long,2022-09-08 10:25:00+05:30,2022-09-08 10:40:00+05:30,17764.5,17751.5135582093,17751.5135582093,17809.952546267457,-12.99,STOP_LOSS
long,2022-09-08 11:00:00+05:30,2022-09-08 11:15:00+05:30,17752.7,17742.15709685876,17742.15709685876,17789.600160994352,-10.54,STOP_LOSS
long,2022-09-09 10:55:00+05:30,2022-09-09 11:00:00+05:30,17899.5,17890.35428771499,17890.35428771499,17931.509992997544,-9.15,STOP_LOSS
long,2022-09-12 10:35:00+05:30,2022-09-12 15:15:00+05:30,17943.15,17931.65473297058,17931.65473297058,17983.38343460298,-11.5,STOP_LOSS
long,2022-09-13 10:50:00+05:30,2022-09-13 13:50:00+05:30,18045.25,18079.0461888354,18035.59394604703,18079.0461888354,33.8,TAKE_PROFIT
short,2022-09-14 10:35:00+05:30,2022-09-14 10:50:00+05:30,17919.85,17934.805030626838,17934.805030626838,17867.50739280606,-14.96,STOP_LOSS
long,2022-09-14 12:45:00+05:30,2022-09-14 14:10:00+05:30,18018.85,18061.037483600903,18006.796433256884,18061.037483600903,42.19,TAKE_PROFIT
long,2022-09-14 14:50:00+05:30,2022-09-14 15:00:00+05:30,18068.0,18056.054593253597,18056.054593253597,18109.808923612414,-11.95,STOP_LOSS
short,2022-09-15 11:40:00+05:30,2022-09-15 13:05:00+05:30,17920.1,17937.966557068925,17937.966557068925,17857.567050258764,-17.87,STOP_LOSS
short,2022-09-16 10:50:00+05:30,2022-09-16 13:05:00+05:30,17702.85,17637.398986891156,17721.55028945967,17637.398986891156,65.45,TAKE_PROFIT
long,2022-09-20 10:40:00+05:30,2022-09-20 12:25:00+05:30,17851.25,17894.435865963183,17838.911181153377,17894.435865963183,43.19,TAKE_PROFIT
long,2022-09-20 12:55:00+05:30,2022-09-20 13:35:00+05:30,17902.7,17892.601185596766,17892.601185596766,17938.045850411327,-10.1,STOP_LOSS
short,2022-09-22 09:30:00+05:30,2022-09-22 11:20:00+05:30,17686.75,17594.977204743274,17712.97079864478,17594.977204743274,91.77,TAKE_PROFIT
short,2022-09-22 12:15:00+05:30,2022-09-22 13:00:00+05:30,17570.9,17585.428141283646,17585.428141283646,17520.05150550724,-14.53,STOP_LOSS
long,2022-09-22 14:25:00+05:30,2022-09-22 14:45:00+05:30,17692.1,17675.14042485029,17675.14042485029,17751.45851302397,-16.96,STOP_LOSS
short,2022-09-23 10:30:00+05:30,2022-09-23 13:35:00+05:30,17467.15,17385.835685478833,17490.382661291766,17385.835685478833,81.31,TAKE_PROFIT
short,2022-09-26 10:40:00+05:30,2022-09-26 12:15:00+05:30,17041.5,17065.565065764622,17065.565065764622,16957.27226982382,-24.07,STOP_LOSS
short,2022-09-27 11:20:00+05:30,2022-09-27 11:30:00+05:30,16982.6,17005.033495484266,17005.033495484266,16904.082765805066,-22.43,STOP_LOSS
long,2022-09-27 13:55:00+05:30,2022-09-27 14:10:00+05:30,17087.6,17069.067484538267,17069.067484538267,17152.463804116054,-18.53,STOP_LOSS
short,2022-09-28 09:45:00+05:30,2022-09-28 10:00:00+05:30,16920.5,16953.570350449292,16953.570350449292,16804.75377342748,-33.07,STOP_LOSS
short,2022-09-28 10:30:00+05:30,2022-09-28 11:20:00+05:30,16943.05,16966.849619354925,16966.849619354925,16859.75133225775,-23.8,STOP_LOSS
long,2022-09-29 10:00:00+05:30,2022-09-29 10:25:00+05:30,16975.2,16952.77925327089,16952.77925327089,17053.672613551887,-22.42,STOP_LOSS
short,2022-09-29 12:25:00+05:30,2022-09-29 12:45:00+05:30,16899.55,16854.991287339744,16912.281060760073,16854.991287339744,44.56,TAKE_PROFIT
short,2022-09-29 13:30:00+05:30,2022-09-29 13:35:00+05:30,16826.05,16844.10928169759,16844.10928169759,16762.84251405843,-18.06,STOP_LOSS
short,2022-09-29 14:00:00+05:30,2022-09-29 14:30:00+05:30,16829.15,16848.248569640076,16848.248569640076,16762.30500625974,-19.1,STOP_LOSS
long,2022-09-30 11:00:00+05:30,2022-09-30 12:20:00+05:30,16918.05,17005.257882031623,16893.133462276677,17005.257882031623,87.21,TAKE_PROFIT
long,2022-10-04 11:10:00+05:30,2022-10-04 11:25:00+05:30,17218.95,17203.922615607862,17203.922615607862,17271.545845372486,-15.03,STOP_LOSS
long,2022-10-04 13:40:00+05:30,2022-10-04 13:50:00+05:30,17251.1,17242.0280939898,17242.0280939898,17282.85167103569,-9.07,STOP_LOSS
long,2022-10-06 10:40:00+05:30,2022-10-06 11:15:00+05:30,17398.8,17385.908321190134,17385.908321190134,17443.92087583453,-12.89,STOP_LOSS
short,2022-10-07 11:10:00+05:30,2022-10-07 12:05:00+05:30,17267.3,17224.492309204677,17279.530768798664,17224.492309204677,42.81,TAKE_PROFIT
short,2022-10-10 10:45:00+05:30,2022-10-10 11:05:00+05:30,17098.35,17111.214004051842,17111.214004051842,17053.32598581854,-12.86,STOP_LOSS
short,2022-10-10 14:15:00+05:30,2022-10-10 14:25:00+05:30,17180.65,17197.112329015614,17197.112329015614,17123.031848445364,-16.46,STOP_LOSS
short,2022-10-11 10:10:00+05:30,2022-10-11 12:00:00+05:30,17175.25,17192.155940165674,17192.155940165674,17116.07920942014,-16.91,STOP_LOSS
short,2022-10-11 13:35:00+05:30,2022-10-11 14:50:00+05:30,17129.3,17074.257430734142,17145.026448361674,17074.257430734142,55.04,TAKE_PROFIT
short,2022-10-13 12:05:00+05:30,2022-10-13 12:15:00+05:30,16986.8,16999.771960769012,16999.771960769012,16941.39813730845,-12.97,STOP_LOSS
long,2022-10-13 14:50:00+05:30,2022-10-13 15:00:00+05:30,17050.1,17036.59315612127,17036.59315612127,17097.37395357555,-13.51,STOP_LOSS
long,2022-10-14 10:50:00+05:30,2022-10-14 12:00:00+05:30,17275.9,17323.072389105957,17262.422174541156,17323.072389105957,47.17,TAKE_PROFIT
short,2022-10-17 09:45:00+05:30,2022-10-17 10:00:00+05:30,17149.0,17169.969488111576,17169.969488111576,17075.60679160948,-20.97,STOP_LOSS
long,2022-10-17 11:00:00+05:30,2022-10-17 13:15:00+05:30,17246.35,17305.264552532622,17229.517270704964,17305.264552532622,58.91,TAKE_PROFIT
long,2022-10-18 11:00:00+05:30,2022-10-18 11:15:00+05:30,17488.15,17475.48508860594,17475.48508860594,17532.477189879213,-12.66,STOP_LOSS
long,2022-10-19 10:50:00+05:30,2022-10-19 11:00:00+05:30,17588.25,17577.18379855401,17577.18379855401,17626.981705060956,-11.07,STOP_LOSS
long,2022-10-19 11:10:00+05:30,2022-10-19 11:30:00+05:30,17579.35,17568.650536207428,17568.650536207428,17616.79812327399,-10.7,STOP_LOSS
long,2022-10-21 10:15:00+05:30,2022-10-21 13:35:00+05:30,17632.0,17618.59271121227,17618.59271121227,17678.92551075706,-13.41,STOP_LOSS
short,2022-10-21 14:55:00+05:30,2022-10-21 15:05:00+05:30,17550.85,17565.887689757234,17565.887689757234,17498.21808584968,-15.04,STOP_LOSS
long,2022-10-25 14:15:00+05:30,2022-10-25 15:00:00+05:30,17699.15,17691.555923004147,17691.555923004147,17725.729269485495,-7.59,STOP_LOSS
long,2022-10-27 09:55:00+05:30,2022-10-27 10:30:00+05:30,17745.45,17730.869670224933,17730.869670224933,17796.481154212735,-14.58,STOP_LOSS
long,2022-10-28 10:25:00+05:30,2022-10-28 10:40:00+05:30,17815.45,17801.722960524647,17801.722960524647,17863.494638163735,-13.73,STOP_LOSS
long,2022-10-31 10:40:00+05:30,2022-10-31 12:25:00+05:30,17947.1,17986.0330660535,17935.976266841855,17986.0330660535,38.93,TAKE_PROFIT
long,2022-11-01 11:05:00+05:30,2022-11-01 11:25:00+05:30,18159.05,18150.0608130424,18150.0608130424,18190.51215435159,-8.99,STOP_LOSS
short,2022-11-02 14:15:00+05:30,2022-11-02 14:30:00+05:30,18065.15,18074.307758220657,18074.307758220657,18033.097846227705,-9.16,STOP_LOSS
short,2022-11-03 09:35:00+05:30,2022-11-03 10:10:00+05:30,18056.35,18074.923217739903,18074.923217739903,17991.343737910334,-18.57,STOP_LOSS
long,2022-11-03 10:40:00+05:30,2022-11-03 11:00:00+05:30,18085.0,18072.90836037507,18072.90836037507,18127.320738687264,-12.09,STOP_LOSS
long,2022-11-04 09:40:00+05:30,2022-11-04 09:45:00+05:30,18061.3,18043.922906772576,18043.922906772576,18122.119826295988,-17.38,STOP_LOSS
long,2022-11-07 09:45:00+05:30,2022-11-07 10:10:00+05:30,18163.45,18147.172123654524,18147.172123654524,18220.42256720917,-16.28,STOP_LOSS
long,2022-11-09 10:10:00+05:30,2022-11-09 10:35:00+05:30,18222.95,18208.409052962113,18208.409052962113,18273.843314632602,-14.54,STOP_LOSS
short,2022-11-10 10:15:00+05:30,2022-11-10 11:30:00+05:30,18039.35,18053.33582307411,18053.33582307411,17990.39961924061,-13.99,STOP_LOSS
short,2022-11-10 13:05:00+05:30,2022-11-10 13:15:00+05:30,17991.4,17999.84897882523,17999.84897882523,17961.828574111696,-8.45,STOP_LOSS
long,2022-11-11 10:30:00+05:30,2022-11-11 14:10:00+05:30,18292.0,18347.499796642915,18276.14291524488,18347.499796642915,55.5,TAKE_PROFIT
short,2022-11-15 10:05:00+05:30,2022-11-15 12:35:00+05:30,18311.8,18325.16642325485,18325.16642325485,18265.017518608023,-13.37,STOP_LOSS
long,2022-11-15 13:30:00+05:30,2022-11-15 13:55:00+05:30,18330.7,18323.394542193473,18323.394542193473,18356.26910232285,-7.31,STOP_LOSS
long,2022-11-16 09:35:00+05:30,2022-11-16 09:45:00+05:30,18378.3,18363.16973657061,18363.16973657061,18431.255922002867,-15.13,STOP_LOSS
short,2022-11-18 11:25:00+05:30,2022-11-18 11:40:00+05:30,18246.65,18256.898397634024,18256.898397634024,18210.780608280926,-10.25,STOP_LOSS
short,2022-11-21 10:10:00+05:30,2022-11-21 15:15:00+05:30,18179.05,18156.35,18192.254096703837,18132.835661536574,22.7,EOD_EXIT
long,2022-11-22 10:30:00+05:30,2022-11-22 15:00:00+05:30,18202.05,18232.03172623743,18193.48379250359,18232.03172623743,29.98,TAKE_PROFIT
long,2022-11-23 09:40:00+05:30,2022-11-23 10:15:00+05:30,18277.4,18264.894087415723,18264.894087415723,18321.170694044973,-12.51,STOP_LOSS
long,2022-11-24 11:00:00+05:30,2022-11-24 12:15:00+05:30,18364.45,18386.057678539928,18358.27637756002,18386.057678539928,21.61,TAKE_PROFIT
long,2022-11-25 10:05:00+05:30,2022-11-25 11:55:00+05:30,18470.05,18455.321681881345,18455.321681881345,18521.59911341529,-14.73,STOP_LOSS
long,2022-11-28 10:35:00+05:30,2022-11-28 11:30:00+05:30,18541.45,18573.71363253527,18532.23181927564,18573.71363253527,32.26,TAKE_PROFIT
long,2022-11-29 11:20:00+05:30,2022-11-29 11:50:00+05:30,18649.7,18643.426095984072,18643.426095984072,18671.658664055758,-6.27,STOP_LOSS
long,2022-12-01 10:05:00+05:30,2022-12-01 10:15:00+05:30,18838.2,18823.893394814248,18823.893394814248,18888.273118150137,-14.31,STOP_LOSS
long,2022-12-01 10:25:00+05:30,2022-12-01 11:55:00+05:30,18834.0,18821.58017035634,18821.58017035634,18877.46940375281,-12.42,STOP_LOSS
short,2022-12-02 10:55:00+05:30,2022-12-02 11:05:00+05:30,18700.9,18709.295760571487,18709.295760571487,18671.5148379998,-8.4,STOP_LOSS
short,2022-12-02 11:15:00+05:30,2022-12-02 11:30:00+05:30,18704.35,18676.376654086165,18712.342384546806,18676.376654086165,27.97,TAKE_PROFIT
short,2022-12-05 10:40:00+05:30,2022-12-05 11:10:00+05:30,18622.3,18632.110055084162,18632.110055084162,18587.964807205422,-9.81,STOP_LOSS
short,2022-12-06 10:00:00+05:30,2022-12-06 10:35:00+05:30,18621.95,18638.0853767659,18638.0853767659,18565.476181319358,-16.14,STOP_LOSS
long,2022-12-07 10:30:00+05:30,2022-12-07 10:40:00+05:30,18651.5,18641.11465117259,18641.11465117259,18687.84872089594,-10.39,STOP_LOSS
long,2022-12-08 10:20:00+05:30,2022-12-08 10:35:00+05:30,18600.1,18588.395148785952,18588.395148785952,18641.066979249164,-11.7,STOP_LOSS
long,2022-12-09 09:30:00+05:30,2022-12-09 10:15:00+05:30,18620.05,18607.64175684869,18607.64175684869,18663.478851029588,-12.41,STOP_LOSS
short,2022-12-09 13:25:00+05:30,2022-12-09 14:10:00+05:30,18492.3,18452.3223061626,18503.722198239255,18452.3223061626,39.98,TAKE_PROFIT
short,2022-12-09 14:40:00+05:30,2022-12-09 14:45:00+05:30,18447.25,18461.48812367874,18461.48812367874,18397.416567124415,-14.24,STOP_LOSS
short,2022-12-12 13:55:00+05:30,2022-12-12 15:00:00+05:30,18457.75,18467.480962953672,18467.480962953672,18423.691629662146,-9.73,STOP_LOSS
long,2022-12-13 09:35:00+05:30,2022-12-13 11:15:00+05:30,18507.65,18560.512857629496,18492.546326391574,18560.512857629496,52.86,TAKE_PROFIT
long,2022-12-13 12:05:00+05:30,2022-12-13 14:20:00+05:30,18580.35,18572.95096657458,18572.95096657458,18606.246616988967,-7.4,STOP_LOSS
long,2022-12-14 09:55:00+05:30,2022-12-14 13:45:00+05:30,18669.3,18657.339339569397,18657.339339569397,18711.16231150711,-11.96,STOP_LOSS
short,2022-12-15 10:30:00+05:30,2022-12-15 12:00:00+05:30,18583.2,18549.398114997734,18592.85768142922,18549.398114997734,33.8,TAKE_PROFIT
short,2022-12-15 13:30:00+05:30,2022-12-15 14:25:00+05:30,18524.7,18500.317541108256,18531.666416826214,18500.317541108256,24.38,TAKE_PROFIT
short,2022-12-20 10:50:00+05:30,2022-12-20 12:20:00+05:30,18237.85,18250.969283925264,18250.969283925264,18191.932506261575,-13.12,STOP_LOSS
long,2022-12-21 10:10:00+05:30,2022-12-21 10:15:00+05:30,18398.95,18381.464276487208,18381.464276487208,18460.150032294772,-17.49,STOP_LOSS
short,2022-12-21 13:05:00+05:30,2022-12-21 13:50:00+05:30,18295.45,18247.464267965857,18309.160209152615,18247.464267965857,47.99,TAKE_PROFIT
short,2022-12-22 12:25:00+05:30,2022-12-22 13:05:00+05:30,18099.3,18114.2463901132,18114.2463901132,18046.987634603793,-14.95,STOP_LOSS
long,2022-12-26 12:20:00+05:30,2022-12-26 12:25:00+05:30,17991.35,17982.149815427932,17982.149815427932,18023.550646002237,-9.2,STOP_LOSS
long,2022-12-27 11:20:00+05:30,2022-12-27 12:45:00+05:30,18046.75,18032.335524128826,18032.335524128826,18097.20066554911,-14.41,STOP_LOSS
long,2022-12-28 14:15:00+05:30,2022-12-28 14:50:00+05:30,18153.5,18143.807600238688,18143.807600238688,18187.423399164592,-9.69,STOP_LOSS
short,2022-12-29 10:50:00+05:30,2022-12-29 11:40:00+05:30,18016.25,18025.86277227091,18025.86277227091,17982.605297051814,-9.61,STOP_LOSS
long,2022-12-29 14:25:00+05:30,2022-12-29 14:40:00+05:30,18076.0,18112.608682490238,18065.54037643136,18112.608682490238,36.61,TAKE_PROFIT
long,2022-12-30 10:00:00+05:30,2022-12-30 11:15:00+05:30,18234.8,18217.295554374716,18217.295554374716,18296.065559688486,-17.5,STOP_LOSS
long,2023-01-02 11:20:00+05:30,2023-01-02 11:50:00+05:30,18183.7,18174.228115303416,18174.228115303416,18216.85159643805,-9.47,STOP_LOSS
short,2023-01-02 14:30:00+05:30,2023-01-02 14:45:00+05:30,18158.75,18170.797729870796,18170.797729870796,18116.58294545221,-12.05,STOP_LOSS
long,2023-01-03 10:40:00+05:30,2023-01-03 12:00:00+05:30,18223.15,18213.382046693227,18213.382046693227,18257.337836573708,-9.77,STOP_LOSS
long,2023-01-03 14:55:00+05:30,2023-01-03 15:15:00+05:30,18231.65,18233.65,18222.394407805008,18264.04457268248,2.0,EOD_EXIT
short,2023-01-04 10:20:00+05:30,2023-01-04 10:30:00+05:30,18147.65,18161.07879223005,18161.07879223005,18100.649227194826,-13.43,STOP_LOSS
short,2023-01-04 12:40:00+05:30,2023-01-04 12:45:00+05:30,18059.05,18069.16942596616,18069.16942596616,18023.632009118443,-10.12,STOP_LOSS
short,2023-01-04 12:50:00+05:30,2023-01-04 13:00:00+05:30,18062.85,18073.01914661458,18073.01914661458,18027.25798684896,-10.17,STOP_LOSS
short,2023-01-05 13:10:00+05:30,2023-01-05 13:25:00+05:30,17949.15,17906.672915164403,17961.28630995303,17906.672915164403,42.48,TAKE_PROFIT
short,2023-01-05 14:05:00+05:30,2023-01-05 14:25:00+05:30,17923.4,17937.156031057377,17937.156031057377,17875.253891299188,-13.76,STOP_LOSS
short,2023-01-06 11:30:00+05:30,2023-01-06 11:40:00+05:30,17924.1,17935.592281383506,17935.592281383506,17883.877015157726,-11.49,STOP_LOSS
long,2023-01-09 12:15:00+05:30,2023-01-09 12:20:00+05:30,18124.05,18113.300018393726,18113.300018393726,18161.67493562196,-10.75,STOP_LOSS
short,2023-01-10 10:15:00+05:30,2023-01-10 11:25:00+05:30,18004.7,17951.483814368872,18019.90462446604,17951.483814368872,53.22,TAKE_PROFIT
short,2023-01-10 12:00:00+05:30,2023-01-10 12:10:00+05:30,17941.7,17950.73925367093,17950.73925367093,17910.06261215175,-9.04,STOP_LOSS
short,2023-01-10 13:25:00+05:30,2023-01-10 14:40:00+05:30,17905.65,17864.668559192254,17917.35898308793,17864.668559192254,40.98,TAKE_PROFIT
short,2023-01-12 11:00:00+05:30,2023-01-12 11:50:00+05:30,17835.5,17795.938161482874,17846.803382433463,17795.938161482874,39.56,TAKE_PROFIT
short,2023-01-12 12:00:00+05:30,2023-01-12 12:15:00+05:30,17806.15,17817.810794888086,17817.810794888086,17765.33721789171,-11.66,STOP_LOSS
short,2023-01-12 13:50:00+05:30,2023-01-12 13:55:00+05:30,17796.2,17808.96513879095,17808.96513879095,17751.52201423168,-12.77,STOP_LOSS
short,2023-01-13 10:15:00+05:30,2023-01-13 10:35:00+05:30,17798.25,17814.944770609614,17814.944770609614,17739.818302866344,-16.69,STOP_LOSS
long,2023-01-13 13:35:00+05:30,2023-01-13 14:00:00+05:30,17948.15,17989.32580789308,17936.385483459122,17989.32580789308,41.18,TAKE_PROFIT
short,2023-01-16 14:55:00+05:30,2023-01-16 15:00:00+05:30,17876.5,17888.822248382137,17888.822248382137,17833.37213066252,-12.32,STOP_LOSS
long,2023-01-17 14:55:00+05:30,2023-01-17 15:00:00+05:30,17997.75,18036.942876610978,17986.552035254004,18036.942876610978,39.19,TAKE_PROFIT
long,2023-01-18 10:25:00+05:30,2023-01-18 11:15:00+05:30,18107.55,18149.362428077107,18095.603591977968,18149.362428077107,41.81,TAKE_PROFIT
long,2023-01-18 12:15:00+05:30,2023-01-18 12:35:00+05:30,18164.6,18156.81571388826,18156.81571388826,18191.84500139108,-7.78,STOP_LOSS
short,2023-01-19 10:20:00+05:30,2023-01-19 10:25:00+05:30,18086.5,18099.350031971546,18099.350031971546,18041.52488809959,-12.85,STOP_LOSS
short,2023-01-20 14:45:00+05:30,2023-01-20 15:15:00+05:30,18042.05,18025.15,18053.12130480532,18003.300433181375,16.9,EOD_EXIT
long,2023-01-23 10:35:00+05:30,2023-01-23 11:10:00+05:30,18146.3,18136.593005302493,18136.593005302493,18180.274481441265,-9.71,STOP_LOSS
long,2023-01-24 09:50:00+05:30,2023-01-24 10:05:00+05:30,18173.1,18158.238217639206,18158.238217639206,18225.116238262774,-14.86,STOP_LOSS
short,2023-01-24 14:05:00+05:30,2023-01-24 14:30:00+05:30,18105.65,18115.151561297716,18115.151561297716,18072.394535457992,-9.5,STOP_LOSS
short,2023-01-25 11:00:00+05:30,2023-01-25 11:20:00+05:30,17934.9,17891.244993531112,17947.37285899111,17891.244993531112,43.66,TAKE_PROFIT
short,2023-01-25 11:55:00+05:30,2023-01-25 12:05:00+05:30,17894.6,17908.72051014523,17908.72051014523,17845.17821449168,-14.12,STOP_LOSS
short,2023-01-25 12:10:00+05:30,2023-01-25 12:45:00+05:30,17900.65,17913.823751344913,17913.823751344913,17854.54187029281,-13.17,STOP_LOSS
short,2023-01-27 11:55:00+05:30,2023-01-27 12:15:00+05:30,17669.05,17612.26590917131,17685.274025951054,17612.26590917131,56.78,TAKE_PROFIT
short,2023-01-27 13:40:00+05:30,2023-01-27 15:00:00+05:30,17565.65,17588.39305441789,17588.39305441789,17486.049309537386,-22.74,STOP_LOSS
long,2023-01-31 10:55:00+05:30,2023-01-31 11:05:00+05:30,17599.65,17580.913321970624,17580.913321970624,17665.228373102826,-18.74,STOP_LOSS
long,2023-01-31 13:50:00+05:30,2023-01-31 14:05:00+05:30,17656.9,17640.872875895442,17640.872875895442,17712.99493436596,-16.03,STOP_LOSS
short,2023-02-02 10:05:00+05:30,2023-02-02 12:00:00+05:30,17581.3,17626.560283779647,17626.560283779647,17422.889006771227,-45.26,STOP_LOSS
short,2023-02-02 13:45:00+05:30,2023-02-02 14:15:00+05:30,17542.5,17560.70049307901,17560.70049307901,17478.798274223464,-18.2,STOP_LOSS
long,2023-02-03 09:35:00+05:30,2023-02-03 10:35:00+05:30,17654.85,17625.655664390382,17625.655664390382,17757.03017463365,-29.19,STOP_LOSS
long,2023-02-03 12:30:00+05:30,2023-02-03 13:40:00+05:30,17675.15,17730.65861617297,17659.290395379154,17730.65861617297,55.51,TAKE_PROFIT
long,2023-02-07 09:30:00+05:30,2023-02-07 09:40:00+05:30,17776.45,17760.924464277978,17760.924464277978,17830.78937502708,-15.53,STOP_LOSS
long,2023-02-08 10:30:00+05:30,2023-02-08 10:40:00+05:30,17840.1,17823.590408517848,17823.590408517848,17897.88357018753,-16.51,STOP_LOSS
long,2023-02-08 10:55:00+05:30,2023-02-08 11:55:00+05:30,17823.75,17875.2008560173,17809.049755423628,17875.2008560173,51.45,TAKE_PROFIT
long,2023-02-08 14:15:00+05:30,2023-02-08 15:15:00+05:30,17874.35,17873.8,17863.246704067937,17913.211535762213,-0.55,EOD_EXIT
long,2023-02-09 14:15:00+05:30,2023-02-09 15:15:00+05:30,17887.45,17893.3,17875.603572220625,17928.91249722781,5.85,EOD_EXIT
short,2023-02-13 10:55:00+05:30,2023-02-13 12:15:00+05:30,17780.25,17741.038698745437,17791.453228929873,17741.038698745437,39.21,TAKE_PROFIT
long,2023-02-14 09:40:00+05:30,2023-02-14 11:45:00+05:30,17813.55,17871.87016546696,17796.887095580867,17871.87016546696,58.32,TAKE_PROFIT
long,2023-02-14 12:55:00+05:30,2023-02-14 13:55:00+05:30,17904.2,17935.681345811834,17895.205329768047,17935.681345811834,31.48,TAKE_PROFIT
long,2023-02-14 14:45:00+05:30,2023-02-14 15:10:00+05:30,17939.5,17930.939563093325,17930.939563093325,17969.46152917336,-8.56,STOP_LOSS
long,2023-02-15 11:25:00+05:30,2023-02-15 12:00:00+05:30,17934.5,17924.608660295282,17924.608660295282,17969.119688966515,-9.89,STOP_LOSS
long,2023-02-16 10:10:00+05:30,2023-02-16 10:30:00+05:30,18108.65,18095.275560962516,18095.275560962516,18155.4605366312,-13.37,STOP_LOSS
long,2023-02-16 11:05:00+05:30,2023-02-16 11:45:00+05:30,18112.45,18103.402630070417,18103.402630070417,18144.11579475354,-9.05,STOP_LOSS
short,2023-02-17 09:40:00+05:30,2023-02-17 12:40:00+05:30,18003.35,17946.690934751303,18019.538304356767,17946.690934751303,56.66,TAKE_PROFIT
short,2023-02-20 14:40:00+05:30,2023-02-20 15:15:00+05:30,17842.15,17843.4,17854.662813663752,17798.355152176868,-1.25,EOD_EXIT
long,2023-02-21 10:50:00+05:30,2023-02-21 11:40:00+05:30,17904.65,17893.178400983492,17893.178400983492,17944.80059655779,-11.47,STOP_LOSS
short,2023-02-21 12:55:00+05:30,2023-02-21 13:10:00+05:30,17843.1,17852.759999235597,17852.759999235597,17809.2900026754,-9.66,STOP_LOSS
short,2023-02-22 10:55:00+05:30,2023-02-22 12:30:00+05:30,17669.5,17629.381770144253,17680.962351387356,17629.381770144253,40.12,TAKE_PROFIT
short,2023-02-22 13:00:00+05:30,2023-02-22 13:25:00+05:30,17623.65,17593.187928604028,17632.35344897028,17593.187928604028,30.46,TAKE_PROFIT
short,2023-02-24 11:15:00+05:30,2023-02-24 12:15:00+05:30,17525.7,17483.199836159816,17537.842903954337,17483.199836159816,42.5,TAKE_PROFIT
short,2023-02-24 13:35:00+05:30,2023-02-24 13:40:00+05:30,17443.45,17454.065436667184,17454.065436667184,17406.295971664855,-10.62,STOP_LOSS
short,2023-02-27 09:30:00+05:30,2023-02-27 09:55:00+05:30,17433.55,17348.263815547452,17457.917481272154,17348.263815547452,85.29,TAKE_PROFIT
short,2023-02-27 10:55:00+05:30,2023-02-27 11:00:00+05:30,17327.1,17341.926797889264,17341.926797889264,17275.206207387575,-14.83,STOP_LOSS
short,2023-02-28 11:10:00+05:30,2023-02-28 12:15:00+05:30,17375.05,17387.919172787915,17387.919172787915,17330.007895242295,-12.87,STOP_LOSS
short,2023-02-28 14:45:00+05:30,2023-02-28 14:55:00+05:30,17291.1,17305.649751781293,17305.649751781293,17240.17586876547,-14.55,STOP_LOSS
long,2023-03-01 10:50:00+05:30,2023-03-01 14:40:00+05:30,17411.9,17456.542863232637,17399.144896219248,17456.542863232637,44.64,TAKE_PROFIT
long,2023-03-01 14:55:00+05:30,2023-03-01 15:15:00+05:30,17451.1,17450.3,17442.956691530995,17479.601579641516,-0.8,EOD_EXIT
short,2023-03-02 10:45:00+05:30,2023-03-02 12:00:00+05:30,17374.5,17386.89615004652,17386.89615004652,17331.11347483718,-12.4,STOP_LOSS
short,2023-03-02 14:15:00+05:30,2023-03-02 14:30:00+05:30,17328.4,17338.29380663243,17338.29380663243,17293.7716767865,-9.89,STOP_LOSS
short,2023-03-02 14:45:00+05:30,2023-03-02 15:15:00+05:30,17328.0,17320.85,17337.761570855215,17293.834502006754,7.15,EOD_EXIT
long,2023-03-03 11:55:00+05:30,2023-03-03 12:30:00+05:30,17566.6,17558.095895561833,17558.095895561833,17596.364365533573,-8.5,STOP_LOSS
long,2023-03-06 11:10:00+05:30,2023-03-06 11:15:00+05:30,17779.35,17767.16217001788,17767.16217001788,17822.00740493741,-12.19,STOP_LOSS
short,2023-03-08 09:50:00+05:30,2023-03-08 10:00:00+05:30,17670.05,17692.086850203148,17692.086850203148,17592.921024288975,-22.04,STOP_LOSS
long,2023-03-08 14:30:00+05:30,2023-03-08 15:00:00+05:30,17704.95,17738.991648662744,17695.22381466779,17738.991648662744,34.04,TAKE_PROFIT
short,2023-03-09 10:30:00+05:30,2023-03-09 11:20:00+05:30,17698.25,17711.238614529077,17711.238614529077,17652.78984914823,-12.99,STOP_LOSS
short,2023-03-10 10:05:00+05:30,2023-03-10 10:35:00+05:30,17393.35,17412.792034049842,17412.792034049842,17325.30288082555,-19.44,STOP_LOSS
short,2023-03-10 10:50:00+05:30,2023-03-10 11:05:00+05:30,17408.15,17422.00386502348,17422.00386502348,17359.661472417833,-13.85,STOP_LOSS
short,2023-03-13 12:20:00+05:30,2023-03-13 12:40:00+05:30,17351.15,17296.266761007668,17366.83092542638,17296.266761007668,54.88,TAKE_PROFIT
short,2023-03-14 10:45:00+05:30,2023-03-14 12:25:00+05:30,17105.15,17126.401622021236,17126.401622021236,17030.769322925677,-21.25,STOP_LOSS
short,2023-03-14 14:15:00+05:30,2023-03-14 14:20:00+05:30,17020.6,17041.672343356,17041.672343356,16946.846798254,-21.07,STOP_LOSS
long,2023-03-15 10:00:00+05:30,2023-03-15 10:40:00+05:30,17142.9,17119.418273262625,17119.418273262625,17225.08604358082,-23.48,STOP_LOSS
short,2023-03-15 14:05:00+05:30,2023-03-15 15:00:00+05:30,17053.0,17003.81660111963,17067.052399680106,17003.81660111963,49.18,TAKE_PROFIT
long,2023-03-17 10:05:00+05:30,2023-03-17 11:05:00+05:30,17069.0,17047.35447424178,17047.35447424178,17144.759340153778,-21.65,STOP_LOSS
short,2023-03-17 13:05:00+05:30,2023-03-17 13:30:00+05:30,16983.55,16999.618313631676,16999.618313631676,16927.310902289126,-16.07,STOP_LOSS
long,2023-03-17 14:15:00+05:30,2023-03-17 14:20:00+05:30,17045.1,17028.587848029216,17028.587848029216,17102.892531897738,-16.51,STOP_LOSS
short,2023-03-20 10:45:00+05:30,2023-03-20 10:50:00+05:30,16913.95,16931.51051193358,16931.51051193358,16852.488208232477,-17.56,STOP_LOSS
short,2023-03-20 11:05:00+05:30,2023-03-20 12:10:00+05:30,16932.15,16869.358755117588,16950.09035568069,16869.358755117588,62.79,TAKE_PROFIT
long,2023-03-21 10:30:00+05:30,2023-03-21 11:55:00+05:30,17056.6,17040.795008962014,17040.795008962014,17111.91746863295,-15.8,STOP_LOSS
long,2023-03-21 14:05:00+05:30,2023-03-21 15:15:00+05:30,17092.55,17103.05,17081.28974816478,17131.960881423263,10.5,EOD_EXIT
long,2023-03-22 09:55:00+05:30,2023-03-22 10:15:00+05:30,17155.8,17137.900977644484,17137.900977644484,17218.446578244308,-17.9,STOP_LOSS
short,2023-03-24 10:15:00+05:30,2023-03-24 11:55:00+05:30,17059.25,17079.575453785248,17079.575453785248,16988.110911751635,-20.33,STOP_LOSS
short,2023-03-24 14:55:00+05:30,2023-03-24 15:15:00+05:30,16990.75,16938.868949271717,17005.573157350937,16938.868949271717,51.88,TAKE_PROFIT
short,2023-03-27 13:30:00+05:30,2023-03-27 13:50:00+05:30,17009.85,17023.58995191161,17023.58995191161,16961.760168309353,-13.74,STOP_LOSS
short,2023-03-28 10:20:00+05:30,2023-03-28 10:55:00+05:30,16989.25,16934.29113919787,17004.952531657753,16934.29113919787,54.96,TAKE_PROFIT
short,2023-03-28 11:25:00+05:30,2023-03-28 11:35:00+05:30,16954.5,16966.199973969076,16966.199973969076,16913.550091108234,-11.7,STOP_LOSS
short,2023-03-28 14:35:00+05:30,2023-03-28 14:55:00+05:30,16935.7,16948.29962280314,16948.29962280314,16891.601320189016,-12.6,STOP_LOSS
long,2023-03-29 10:40:00+05:30,2023-03-29 10:55:00+05:30,17030.25,17019.926060467616,17019.926060467616,17066.383788363342,-10.32,STOP_LOSS
long,2023-03-29 14:20:00+05:30,2023-03-29 14:30:00+05:30,17025.3,17011.883039655433,17011.883039655433,17072.259361205986,-13.42,STOP_LOSS
long,2023-03-31 10:25:00+05:30,2023-03-31 10:30:00+05:30,17256.25,17242.0176174793,17242.0176174793,17306.06333882244,-14.23,STOP_LOSS
long,2023-03-31 10:55:00+05:30,2023-03-31 12:30:00+05:30,17249.4,17292.787023829747,17237.003707477215,17292.787023829747,43.39,TAKE_PROFIT
long,2023-03-31 14:30:00+05:30,2023-03-31 15:15:00+05:30,17354.0,17343.697821658512,17343.697821658512,17390.057624195208,-10.3,STOP_LOSS
long,2023-04-05 11:10:00+05:30,2023-04-05 12:35:00+05:30,17485.95,17515.52919784061,17477.49880061697,17515.52919784061,29.58,TAKE_PROFIT
long,2023-04-11 10:30:00+05:30,2023-04-11 10:50:00+05:30,17726.95,17715.88257150346,17715.88257150346,17765.685999737892,-11.07,STOP_LOSS
long,2023-04-11 14:15:00+05:30,2023-04-11 15:15:00+05:30,17703.9,17726.75,17695.820591249994,17732.177930625032,22.85,EOD_EXIT
long,2023-04-12 10:00:00+05:30,2023-04-12 10:20:00+05:30,17755.85,17745.20274826387,17745.20274826387,17793.115381076444,-10.65,STOP_LOSS
long,2023-04-12 13:50:00+05:30,2023-04-12 14:30:00+05:30,17801.85,17794.674580217263,17794.674580217263,17826.96396923957,-7.18,STOP_LOSS
short,2023-04-17 10:30:00+05:30,2023-04-17 10:45:00+05:30,17629.2,17645.903610174897,17645.903610174897,17570.737364387864,-16.7,STOP_LOSS
short,2023-04-17 11:00:00+05:30,2023-04-17 11:45:00+05:30,17646.5,17661.65389262439,17661.65389262439,17593.461375814637,-15.15,STOP_LOSS
long,2023-04-18 09:35:00+05:30,2023-04-18 09:45:00+05:30,17720.2,17704.592668340345,17704.592668340345,17774.82566080879,-15.61,STOP_LOSS
short,2023-04-18 14:10:00+05:30,2023-04-18 14:45:00+05:30,17636.4,17648.00646169061,17648.00646169061,17595.777384082874,-11.61,STOP_LOSS
short,2023-04-19 14:35:00+05:30,2023-04-19 15:00:00+05:30,17606.25,17615.239377099002,17615.239377099002,17574.787180153493,-8.99,STOP_LOSS
long,2023-04-20 09:45:00+05:30,2023-04-20 09:55:00+05:30,17658.8,17646.12166698855,17646.12166698855,17703.174165540073,-12.68,STOP_LOSS
short,2023-04-20 11:10:00+05:30,2023-04-20 11:25:00+05:30,17611.25,17621.33464940592,17621.33464940592,17575.953727079283,-10.08,STOP_LOSS
long,2023-04-21 14:40:00+05:30,2023-04-21 15:15:00+05:30,17615.85,17617.8,17607.917469709708,17643.613856016018,1.95,EOD_EXIT
long,2023-04-24 13:55:00+05:30,2023-04-24 14:50:00+05:30,17697.2,17723.60340988278,17689.65616860492,17723.60340988278,26.4,TAKE_PROFIT
long,2023-04-25 09:50:00+05:30,2023-04-25 11:15:00+05:30,17742.45,17778.347142708888,17732.19367351175,17778.347142708888,35.9,TAKE_PROFIT
short,2023-04-26 09:55:00+05:30,2023-04-26 10:05:00+05:30,17738.25,17749.092263821134,17749.092263821134,17700.30207662603,-10.84,STOP_LOSS
long,2023-04-27 10:10:00+05:30,2023-04-27 13:20:00+05:30,17832.8,17865.806663822576,17823.36952462212,17865.806663822576,33.01,TAKE_PROFIT
long,2023-04-28 09:35:00+05:30,2023-04-28 10:10:00+05:30,17908.55,17895.90493230184,17895.90493230184,17952.807736943556,-12.65,STOP_LOSS
long,2023-05-02 10:20:00+05:30,2023-05-02 11:10:00+05:30,18156.45,18144.630801381743,18144.630801381743,18197.8171951639,-11.82,STOP_LOSS
long,2023-05-02 11:20:00+05:30,2023-05-02 15:15:00+05:30,18146.8,18137.778830249146,18137.778830249146,18178.37409412799,-9.02,STOP_LOSS
short,2023-05-03 09:45:00+05:30,2023-05-03 10:40:00+05:30,18090.15,18104.12998345576,18104.12998345576,18041.220057904848,-13.98,STOP_LOSS
long,2023-05-04 11:25:00+05:30,2023-05-04 12:20:00+05:30,18148.1,18168.993153009713,18142.13052771151,18168.993153009713,20.89,TAKE_PROFIT
long,2023-05-08 10:10:00+05:30,2023-05-08 10:35:00+05:30,18193.75,18239.12755055463,18180.78498555582,18239.12755055463,45.38,TAKE_PROFIT
long,2023-05-08 11:00:00+05:30,2023-05-08 12:05:00+05:30,18228.2,18264.85248459199,18217.727861545147,18264.85248459199,36.65,TAKE_PROFIT
long,2023-05-08 13:35:00+05:30,2023-05-08 13:45:00+05:30,18272.7,18265.158168601778,18265.158168601778,18299.09640989378,-7.54,STOP_LOSS
long,2023-05-09 10:30:00+05:30,2023-05-09 12:50:00+05:30,18323.95,18315.525580939742,18315.525580939742,18353.435466710907,-8.42,STOP_LOSS
short,2023-05-09 14:50:00+05:30,2023-05-09 15:15:00+05:30,18262.7,18259.55,18275.031275144574,18219.540536993987,3.15,EOD_EXIT
short,2023-05-10 10:15:00+05:30,2023-05-10 10:25:00+05:30,18236.65,18249.67842518595,18249.67842518595,18191.05051184919,-13.03,STOP_LOSS
long,2023-05-11 11:05:00+05:30,2023-05-11 11:45:00+05:30,18330.0,18318.82681160568,18318.82681160568,18369.106159380124,-11.17,STOP_LOSS
short,2023-05-12 09:55:00+05:30,2023-05-12 10:15:00+05:30,18234.2,18250.202367509908,18250.202367509908,18178.191713715325,-16.0,STOP_LOSS
long,2023-05-12 14:15:00+05:30,2023-05-12 14:30:00+05:30,18323.9,18316.117868511203,18316.117868511203,18351.137460210804,-7.78,STOP_LOSS
long,2023-05-15 10:30:00+05:30,2023-05-15 11:20:00+05:30,18376.45,18407.31449339492,18367.63157331574,18407.31449339492,30.86,TAKE_PROFIT
short,2023-05-17 09:55:00+05:30,2023-05-17 11:00:00+05:30,18266.75,18220.440621154623,18279.981251098678,18220.440621154623,46.31,TAKE_PROFIT
short,2023-05-17 11:05:00+05:30,2023-05-17 11:35:00+05:30,18229.45,18196.657070781966,18238.819408348012,18196.657070781966,32.79,TAKE_PROFIT
short,2023-05-17 12:30:00+05:30,2023-05-17 13:25:00+05:30,18158.7,18125.739209074327,18168.11736883591,18125.739209074327,32.96,TAKE_PROFIT
short,2023-05-17 13:40:00+05:30,2023-05-17 13:45:00+05:30,18132.7,18141.07325192717,18141.07325192717,18103.393618254908,-8.37,STOP_LOSS
short,2023-05-18 14:25:00+05:30,2023-05-18 15:05:00+05:30,18180.25,18132.80430832304,18193.805911907704,18132.80430832304,47.45,TAKE_PROFIT
short,2023-05-19 10:25:00+05:30,2023-05-19 11:10:00+05:30,18091.25,18105.000338320602,18105.000338320602,18043.123815877898,-13.75,STOP_LOSS
long,2023-05-23 10:15:00+05:30,2023-05-23 14:45:00+05:30,18385.45,18373.181486837628,18373.181486837628,18428.389796068303,-12.27,STOP_LOSS
long,2023-05-24 11:05:00+05:30,2023-05-24 11:40:00+05:30,18374.0,18365.65451564395,18365.65451564395,18403.209195246178,-8.35,STOP_LOSS
short,2023-05-24 14:05:00+05:30,2023-05-24 14:30:00+05:30,18309.8,18317.79662026346,18317.79662026346,18281.81182907789,-8.0,STOP_LOSS
short,2023-05-25 10:35:00+05:30,2023-05-25 13:15:00+05:30,18260.5,18217.95891017466,18272.654597092955,18217.95891017466,42.54,TAKE_PROFIT
short,2023-05-25 13:50:00+05:30,2023-05-25 14:05:00+05:30,18217.35,18224.64011096353,18224.64011096353,18191.834611627637,-7.29,STOP_LOSS
long,2023-05-26 10:50:00+05:30,2023-05-26 11:10:00+05:30,18388.8,18413.425099313466,18381.764257339008,18413.425099313466,24.63,TAKE_PROFIT
long,2023-05-26 14:40:00+05:30,2023-05-26 15:15:00+05:30,18483.25,18498.0,18475.192891923976,18511.449878266078,14.75,EOD_EXIT
short,2023-05-31 10:10:00+05:30,2023-05-31 11:30:00+05:30,18569.15,18532.652177281976,18579.577949348008,18532.652177281976,36.5,TAKE_PROFIT
short,2023-05-31 12:15:00+05:30,2023-05-31 13:55:00+05:30,18509.4,18517.690523615678,18517.690523615678,18480.38316734513,-8.29,STOP_LOSS
short,2023-06-01 14:25:00+05:30,2023-06-01 15:05:00+05:30,18529.65,18495.72006908091,18539.344265976884,18495.72006908091,33.93,TAKE_PROFIT
long,2023-06-02 13:55:00+05:30,2023-06-02 14:05:00+05:30,18554.4,18547.141270424203,18547.141270424203,18579.805553515296,-7.26,STOP_LOSS
long,2023-06-05 10:30:00+05:30,2023-06-05 15:00:00+05:30,18615.1,18605.659920440034,18605.659920440034,18648.14027845988,-9.44,STOP_LOSS
long,2023-06-07 10:00:00+05:30,2023-06-07 14:05:00+05:30,18647.9,18687.224021123737,18636.66456539322,18687.224021123737,39.32,TAKE_PROFIT
long,2023-06-08 09:30:00+05:30,2023-06-08 10:20:00+05:30,18734.3,18771.086129381805,18723.789677319484,18771.086129381805,36.79,TAKE_PROFIT
long,2023-06-08 11:00:00+05:30,2023-06-08 11:20:00+05:30,18769.4,18762.242436645007,18762.242436645007,18794.45147174248,-7.16,STOP_LOSS
short,2023-06-09 10:35:00+05:30,2023-06-09 13:25:00+05:30,18635.2,18595.52410588884,18646.535969746048,18595.52410588884,39.68,TAKE_PROFIT
short,2023-06-09 13:40:00+05:30,2023-06-09 14:15:00+05:30,18599.3,18573.97602595116,18606.535421156812,18573.97602595116,25.32,TAKE_PROFIT
short,2023-06-09 14:35:00+05:30,2023-06-09 15:15:00+05:30,18579.65,18563.35,18588.976116431615,18547.008592489357,16.3,EOD_EXIT
long,2023-06-13 10:45:00+05:30,2023-06-13 13:55:00+05:30,18697.45,18691.922066942196,18691.922066942196,18716.79776570232,-5.53,STOP_LOSS
long,2023-06-15 10:40:00+05:30,2023-06-15 11:05:00+05:30,18781.8,18774.459710641146,18774.459710641146,18807.491012755985,-7.34,STOP_LOSS
long,2023-06-16 10:00:00+05:30,2023-06-16 14:15:00+05:30,18754.4,18790.18804531289,18744.174844196317,18790.18804531289,35.79,TAKE_PROFIT
long,2023-06-19 09:30:00+05:30,2023-06-19 10:00:00+05:30,18843.2,18829.452084777044,18829.452084777044,18891.317703280347,-13.75,STOP_LOSS
short,2023-06-19 11:20:00+05:30,2023-06-19 12:15:00+05:30,18784.0,18792.35556057825,18792.35556057825,18754.75553797613,-8.36,STOP_LOSS
short,2023-06-19 14:15:00+05:30,2023-06-19 14:35:00+05:30,18734.8,18743.632091927408,18743.632091927408,18703.887678254072,-8.83,STOP_LOSS
short,2023-06-20 10:05:00+05:30,2023-06-20 11:30:00+05:30,18702.65,18714.426416310373,18714.426416310373,18661.4325429137,-11.78,STOP_LOSS
long,2023-06-20 13:40:00+05:30,2023-06-20 13:55:00+05:30,18748.6,18740.322571262834,18740.322571262834,18777.57100058008,-8.28,STOP_LOSS
long,2023-06-20 14:40:00+05:30,2023-06-20 15:00:00+05:30,18757.6,18789.050504045885,18748.614141701175,18789.050504045885,31.45,TAKE_PROFIT
long,2023-06-21 10:20:00+05:30,2023-06-21 10:35:00+05:30,18858.5,18847.051841288303,18847.051841288303,18898.56855549094,-11.45,STOP_LOSS
long,2023-06-22 14:05:00+05:30,2023-06-22 14:15:00+05:30,18842.35,18831.700781220192,18831.700781220192,18879.62226572932,-10.65,STOP_LOSS
short,2023-06-22 14:50:00+05:30,2023-06-22 15:15:00+05:30,18805.1,18763.1,18818.07034893734,18759.703778719304,42.0,EOD_EXIT
short,2023-06-23 09:50:00+05:30,2023-06-23 10:25:00+05:30,18698.5,18716.515851233908,18716.515851233908,18635.444520681318,-18.02,STOP_LOSS
short,2023-06-23 10:40:00+05:30,2023-06-23 12:00:00+05:30,18709.25,18721.190057452088,18721.190057452088,18667.459798917695,-11.94,STOP_LOSS
short,2023-06-23 14:40:00+05:30,2023-06-23 14:55:00+05:30,18691.25,18702.465832623377,18702.465832623377,18651.994585818178,-11.22,STOP_LOSS
long,2023-06-27 09:45:00+05:30,2023-06-27 14:10:00+05:30,18729.25,18772.53455204068,18716.882985131233,18772.53455204068,43.28,TAKE_PROFIT
long,2023-06-27 14:45:00+05:30,2023-06-27 15:00:00+05:30,18777.15,18807.891470009985,18768.36672285429,18807.891470009985,30.74,TAKE_PROFIT
long,2023-06-28 12:15:00+05:30,2023-06-28 13:10:00+05:30,18962.9,18992.482910804643,18954.447739770105,18992.482910804643,29.58,TAKE_PROFIT
long,2023-06-28 14:00:00+05:30,2023-06-28 14:10:00+05:30,18997.95,18988.96532439481,18988.96532439481,19029.39636461817,-8.98,STOP_LOSS
long,2023-06-30 10:25:00+05:30,2023-06-30 10:35:00+05:30,19086.05,19076.48060263589,19076.48060263589,19119.542890774384,-9.57,STOP_LOSS
long,2023-06-30 11:00:00+05:30,2023-06-30 12:25:00+05:30,19091.75,19120.985381692903,19083.39703380203,19120.985381692903,29.24,TAKE_PROFIT
long,2023-06-30 13:35:00+05:30,2023-06-30 14:45:00+05:30,19143.65,19168.525544410797,19136.542701596918,19168.525544410797,24.88,TAKE_PROFIT
long,2023-07-04 09:35:00+05:30,2023-07-04 09:50:00+05:30,19359.95,19342.979878548165,19342.979878548165,19419.345425081417,-16.97,STOP_LOSS
long,2023-07-04 13:55:00+05:30,2023-07-04 14:00:00+05:30,19415.75,19406.416740277033,19406.416740277033,19448.41640903039,-9.33,STOP_LOSS
long,2023-07-06 10:40:00+05:30,2023-07-06 14:15:00+05:30,19441.15,19480.183840456382,19429.99747415532,19480.183840456382,39.03,TAKE_PROFIT
short,2023-07-07 11:15:00+05:30,2023-07-07 11:35:00+05:30,19433.1,19389.31481123862,19445.61005393182,19389.31481123862,43.79,TAKE_PROFIT
short,2023-07-07 12:15:00+05:30,2023-07-07 14:35:00+05:30,19385.7,19396.121006748097,19396.121006748097,19349.226476381664,-10.42,STOP_LOSS
long,2023-07-10 10:30:00+05:30,2023-07-10 11:10:00+05:30,19407.6,19392.524359993524,19392.524359993524,19460.36474002266,-15.08,STOP_LOSS
long,2023-07-11 11:25:00+05:30,2023-07-11 12:15:00+05:30,19494.5,19487.07501574829,19487.07501574829,19520.48744488098,-7.42,STOP_LOSS
short,2023-07-11 14:50:00+05:30,2023-07-11 15:15:00+05:30,19451.15,19444.35,19460.56845871732,19418.185394489392,6.8,EOD_EXIT
long,2023-07-13 11:00:00+05:30,2023-07-13 12:25:00+05:30,19547.9,19537.06161096791,19537.06161096791,19585.834361612317,-10.84,STOP_LOSS
long,2023-07-17 10:40:00+05:30,2023-07-17 13:45:00+05:30,19615.05,19661.111394658703,19601.889601526083,19661.111394658703,46.06,TAKE_PROFIT
long,2023-07-18 09:40:00+05:30,2023-07-18 11:40:00+05:30,19749.4,19730.069759531474,19730.069759531474,19817.055841639853,-19.33,STOP_LOSS
long,2023-07-19 10:25:00+05:30,2023-07-19 10:35:00+05:30,19817.35,19804.628041456974,19804.628041456974,19861.876854900584,-12.72,STOP_LOSS
long,2023-07-20 09:30:00+05:30,2023-07-20 09:40:00+05:30,19817.05,19802.242401457628,19802.242401457628,19868.876594898302,-14.81,STOP_LOSS
long,2023-07-20 11:10:00+05:30,2023-07-20 11:15:00+05:30,19830.8,19820.44343102128,19820.44343102128,19867.047991425527,-10.36,STOP_LOSS
long,2023-07-20 14:40:00+05:30,2023-07-20 15:15:00+05:30,19949.9,19981.1,19936.916014045633,19995.34395084029,31.2,EOD_EXIT
short,2023-07-21 09:50:00+05:30,2023-07-21 11:55:00+05:30,19865.2,19770.156149051254,19892.355385985356,19770.156149051254,95.04,TAKE_PROFIT
short,2023-07-21 12:05:00+05:30,2023-07-21 13:15:00+05:30,19777.75,19792.250143670117,19792.250143670117,19726.999497154586,-14.5,STOP_LOSS
short,2023-07-24 09:35:00+05:30,2023-07-24 10:15:00+05:30,19737.75,19756.892808585053,19756.892808585053,19670.75016995231,-19.14,STOP_LOSS
short,2023-07-24 12:10:00+05:30,2023-07-24 12:40:00+05:30,19709.15,19723.401908361215,19723.401908361215,19659.26832073576,-14.25,STOP_LOSS
short,2023-07-25 09:40:00+05:30,2023-07-25 13:30:00+05:30,19688.2,19626.937895079835,19705.70345854862,19626.937895079835,61.26,TAKE_PROFIT
short,2023-07-25 13:40:00+05:30,2023-07-25 14:15:00+05:30,19653.55,19667.66321573613,19667.66321573613,19604.153744923544,-14.11,STOP_LOSS
long,2023-07-26 11:10:00+05:30,2023-07-26 11:15:00+05:30,19804.4,19795.57930439633,19795.57930439633,19835.27243461285,-8.82,STOP_LOSS
long,2023-07-27 09:50:00+05:30,2023-07-27 09:55:00+05:30,19832.25,19817.758701633775,19817.758701633775,19882.96954428179,-14.49,STOP_LOSS
short,2023-07-28 09:45:00+05:30,2023-07-28 09:50:00+05:30,19642.25,19662.23874943148,19662.23874943148,19572.28937698983,-19.99,STOP_LOSS
short,2023-07-28 10:30:00+05:30,2023-07-28 13:40:00+05:30,19626.8,19569.33862613577,19643.21753538978,19569.33862613577,57.46,TAKE_PROFIT
long,2023-07-31 10:30:00+05:30,2023-07-31 11:20:00+05:30,19662.9,19698.866411031122,19652.62388256254,19698.866411031122,35.97,TAKE_PROFIT
long,2023-08-01 10:15:00+05:30,2023-08-01 10:20:00+05:30,19778.2,19768.738892616264,19768.738892616264,19811.31387584308,-9.46,STOP_LOSS
short,2023-08-02 12:10:00+05:30,2023-08-02 12:35:00+05:30,19540.0,19549.50447565971,19549.50447565971,19506.73433519102,-9.5,STOP_LOSS
short,2023-08-02 14:30:00+05:30,2023-08-02 14:35:00+05:30,19448.95,19460.86633104608,19460.86633104608,19407.24284133872,-11.92,STOP_LOSS
short,2023-08-03 14:20:00+05:30,2023-08-03 14:25:00+05:30,19322.1,19335.013071014582,19335.013071014582,19276.90425144896,-12.91,STOP_LOSS
short,2023-08-03 14:50:00+05:30,2023-08-03 14:55:00+05:30,19323.55,19339.126316024434,19339.126316024434,19269.03289391448,-15.58,STOP_LOSS
long,2023-08-04 09:40:00+05:30,2023-08-04 11:25:00+05:30,19443.25,19514.640505152354,19422.852712813612,19514.640505152354,71.39,TAKE_PROFIT
long,2023-08-07 09:50:00+05:30,2023-08-07 13:25:00+05:30,19547.25,19607.851036620577,19529.935418108405,19607.851036620577,60.6,TAKE_PROFIT
long,2023-08-07 13:50:00+05:30,2023-08-07 13:55:00+05:30,19600.95,19592.091734469504,19592.091734469504,19631.953929356743,-8.86,STOP_LOSS
long,2023-08-07 14:00:00+05:30,2023-08-07 14:05:00+05:30,19598.65,19589.40412500154,19589.40412500154,19631.010562494623,-9.25,STOP_LOSS
short,2023-08-09 10:40:00+05:30,2023-08-09 12:35:00+05:30,19492.55,19502.347124409822,19502.347124409822,19458.26006456562,-9.8,STOP_LOSS
long,2023-08-10 09:30:00+05:30,2023-08-10 09:45:00+05:30,19600.05,19584.72344761177,19584.72344761177,19653.6929333588,-15.33,STOP_LOSS
short,2023-08-10 10:55:00+05:30,2023-08-10 11:55:00+05:30,19545.95,19565.319761194496,19565.319761194496,19478.15583581927,-19.37,STOP_LOSS
short,2023-08-11 10:15:00+05:30,2023-08-11 13:20:00+05:30,19471.2,19482.407534093483,19482.407534093483,19431.973630672812,-11.21,STOP_LOSS
short,2023-08-14 10:00:00+05:30,2023-08-14 11:20:00+05:30,19319.4,19337.959536798116,19337.959536798116,19254.441621206603,-18.56,STOP_LOSS
long,2023-08-16 13:40:00+05:30,2023-08-16 15:00:00+05:30,19419.95,19448.453550678325,19411.806128377622,19448.453550678325,28.5,TAKE_PROFIT
short,2023-08-17 10:40:00+05:30,2023-08-17 11:30:00+05:30,19401.5,19364.63166496626,19412.03381000964,19364.63166496626,36.87,TAKE_PROFIT
short,2023-08-18 10:15:00+05:30,2023-08-18 11:40:00+05:30,19286.3,19298.99404071557,19298.99404071557,19241.870857495498,-12.69,STOP_LOSS
long,2023-08-18 14:35:00+05:30,2023-08-18 15:00:00+05:30,19344.3,19330.87351797856,19330.87351797856,19391.29268707503,-13.43,STOP_LOSS
long,2023-08-24 10:05:00+05:30,2023-08-24 10:25:00+05:30,19552.75,19541.172668176212,19541.172668176212,19593.270661383263,-11.58,STOP_LOSS
short,2023-08-24 13:30:00+05:30,2023-08-24 15:15:00+05:30,19434.15,19394.83044769832,19445.384157800483,19394.83044769832,39.32,TAKE_PROFIT
short,2023-08-25 11:10:00+05:30,2023-08-25 11:20:00+05:30,19265.45,19278.60414292355,19278.60414292355,19219.41049976758,-13.15,STOP_LOSS
long,2023-08-30 10:30:00+05:30,2023-08-30 14:10:00+05:30,19432.95,19425.36258150543,19425.36258150543,19459.505964730994,-7.59,STOP_LOSS
short,2023-08-31 11:15:00+05:30,2023-08-31 11:30:00+05:30,19323.1,19332.39651473975,19332.39651473975,19290.56219841087,-9.3,STOP_LOSS
short,2023-08-31 13:30:00+05:30,2023-08-31 13:35:00+05:30,19294.95,19303.62683478741,19303.62683478741,19264.581078244068,-8.68,STOP_LOSS
short,2023-08-31 14:55:00+05:30,2023-08-31 15:10:00+05:30,19270.9,19280.26331274521,19280.26331274521,19238.12840539177,-9.36,STOP_LOSS
long,2023-09-01 11:10:00+05:30,2023-09-01 12:45:00+05:30,19328.55,19369.469781196865,19316.858633943753,19369.469781196865,40.92,TAKE_PROFIT
long,2023-09-01 14:45:00+05:30,2023-09-01 15:15:00+05:30,19435.15,19426.85,19424.47800952332,19472.50196666838,-8.3,EOD_EXIT
long,2023-09-04 13:40:00+05:30,2023-09-04 13:55:00+05:30,19511.9,19504.687534412733,19504.687534412733,19537.143629555445,-7.21,STOP_LOSS
short,2023-09-06 14:00:00+05:30,2023-09-06 14:15:00+05:30,19506.85,19516.40034127816,19516.40034127816,19473.423805526432,-9.55,STOP_LOSS
long,2023-09-11 10:55:00+05:30,2023-09-11 11:05:00+05:30,19929.9,19920.654520585926,19920.654520585926,19962.25917794927,-9.25,STOP_LOSS
long,2023-09-11 11:10:00+05:30,2023-09-11 14:40:00+05:30,19929.45,19962.365081912456,19920.045690882158,19962.365081912456,32.92,TAKE_PROFIT
long,2023-09-13 13:30:00+05:30,2023-09-13 15:15:00+05:30,20069.4,20060.9,20059.06756643397,20105.563517481114,-8.5,EOD_EXIT
long,2023-09-14 09:55:00+05:30,2023-09-14 10:00:00+05:30,20141.2,20126.034586340204,20126.034586340204,20194.278947809293,-15.17,STOP_LOSS
long,2023-09-15 09:45:00+05:30,2023-09-15 14:40:00+05:30,20138.8,20195.36100665525,20122.639712384214,20195.36100665525,56.56,TAKE_PROFIT
short,2023-09-20 10:55:00+05:30,2023-09-20 13:30:00+05:30,19970.5,19931.517268516705,19981.63792328094,19931.517268516705,38.98,TAKE_PROFIT
short,2023-09-20 14:10:00+05:30,2023-09-20 15:15:00+05:30,19908.0,19904.65,19918.720918354968,19870.47678575762,3.35,EOD_EXIT
short,2023-09-21 11:00:00+05:30,2023-09-21 11:05:00+05:30,19756.45,19766.312978372,19766.312978372,19721.929575698003,-9.86,STOP_LOSS
short,2023-09-21 11:20:00+05:30,2023-09-21 12:05:00+05:30,19768.8,19732.094827634777,19779.287192104348,19732.094827634777,36.71,TAKE_PROFIT
short,2023-09-25 09:45:00+05:30,2023-09-25 12:30:00+05:30,19672.45,19691.239383243046,19691.239383243046,19606.687158649347,-18.79,STOP_LOSS
long,2023-09-25 13:05:00+05:30,2023-09-25 13:45:00+05:30,19708.1,19696.86481867948,19696.86481867948,19747.423134621815,-11.24,STOP_LOSS
short,2023-09-27 10:40:00+05:30,2023-09-27 10:55:00+05:30,19576.05,19586.541446140218,19586.541446140218,19539.32993850924,-10.49,STOP_LOSS
long,2023-09-27 14:05:00+05:30,2023-09-27 14:15:00+05:30,19696.95,19686.95872023504,19686.95872023504,19731.91947917736,-9.99,STOP_LOSS
long,2023-09-28 09:30:00+05:30,2023-09-28 09:35:00+05:30,19731.9,19718.141115765735,19718.141115765735,19780.056094819935,-13.76,STOP_LOSS
short,2023-09-28 13:40:00+05:30,2023-09-28 14:05:00+05:30,19582.8,19542.267524131352,19594.38070739104,19542.267524131352,40.53,TAKE_PROFIT
long,2023-09-29 12:45:00+05:30,2023-09-29 12:55:00+05:30,19669.2,19660.160464055454,19660.160464055454,19700.838375805906,-9.04,STOP_LOSS
short,2023-10-03 10:20:00+05:30,2023-10-03 10:25:00+05:30,19511.15,19526.40176264681,19526.40176264681,19457.768830736182,-15.25,STOP_LOSS
short,2023-10-03 10:35:00+05:30,2023-10-03 11:30:00+05:30,19514.05,19527.829577047414,19527.829577047414,19465.82148033404,-13.78,STOP_LOSS
short,2023-10-04 10:25:00+05:30,2023-10-04 10:30:00+05:30,19405.1,19416.759190045843,19416.759190045843,19364.292834839544,-11.66,STOP_LOSS
short,2023-10-04 10:40:00+05:30,2023-10-04 11:50:00+05:30,19411.8,19370.269813523697,19423.665767564657,19370.269813523697,41.53,TAKE_PROFIT
short,2023-10-04 13:35:00+05:30,2023-10-04 14:05:00+05:30,19351.95,19361.47219686344,19361.47219686344,19318.622310977957,-9.52,STOP_LOSS
long,2023-10-05 10:10:00+05:30,2023-10-05 10:25:00+05:30,19525.05,19513.246213895825,19513.246213895825,19566.363251364604,-11.8,STOP_LOSS
long,2023-10-06 10:10:00+05:30,2023-10-06 10:50:00+05:30,19603.45,19647.584878991587,19590.840034573834,19647.584878991587,44.13,TAKE_PROFIT
short,2023-10-09 09:45:00+05:30,2023-10-09 10:05:00+05:30,19561.15,19580.943876246787,19580.943876246787,19491.87143313625,-19.79,STOP_LOSS
short,2023-10-09 10:30:00+05:30,2023-10-09 12:40:00+05:30,19571.0,19521.54514119888,19585.12995965746,19521.54514119888,49.45,TAKE_PROFIT
long,2023-10-10 14:05:00+05:30,2023-10-10 15:15:00+05:30,19694.25,19691.5,19685.866397136968,19723.59261002062,-2.75,EOD_EXIT
long,2023-10-11 10:05:00+05:30,2023-10-11 15:15:00+05:30,19797.1,19804.85,19784.294116202447,19841.920593291434,7.75,EOD_EXIT
short,2023-10-13 10:30:00+05:30,2023-10-13 12:25:00+05:30,19697.1,19708.11815624216,19708.11815624216,19658.53645315244,-11.02,STOP_LOSS
long,2023-10-17 10:55:00+05:30,2023-10-17 13:35:00+05:30,19830.6,19822.417215495454,19822.417215495454,19859.23974576591,-8.18,STOP_LOSS
short,2023-10-17 14:50:00+05:30,2023-10-17 15:00:00+05:30,19795.2,19803.091813601255,19803.091813601255,19767.578652395612,-7.89,STOP_LOSS
short,2023-10-19 10:10:00+05:30,2023-10-19 11:25:00+05:30,19575.4,19591.241371676864,19591.241371676864,19519.95519913098,-15.84,STOP_LOSS
short,2023-10-20 10:05:00+05:30,2023-10-20 15:15:00+05:30,19574.3,19531.25,19589.887628422817,19519.74330052013,43.05,EOD_EXIT
short,2023-10-23 10:55:00+05:30,2023-10-23 13:00:00+05:30,19482.4,19446.35479426732,19492.69863020934,19446.35479426732,36.05,TAKE_PROFIT
short,2023-10-23 13:45:00+05:30,2023-10-23 14:45:00+05:30,19431.75,19390.517266085586,19443.530781118403,19390.517266085586,41.23,TAKE_PROFIT
short,2023-10-25 10:15:00+05:30,2023-10-25 11:30:00+05:30,19314.0,19248.084916426804,19332.832881020913,19248.084916426804,65.92,TAKE_PROFIT
short,2023-10-25 13:15:00+05:30,2023-10-25 13:55:00+05:30,19127.55,19150.9937017962,19150.9937017962,19045.497043713298,-23.44,STOP_LOSS
long,2023-10-27 10:15:00+05:30,2023-10-27 12:00:00+05:30,18992.1,19051.338190274717,18975.17480277865,19051.338190274717,59.24,TAKE_PROFIT
long,2023-10-27 14:00:00+05:30,2023-10-27 15:10:00+05:30,19054.35,19042.807489569346,19042.807489569346,19094.74878650728,-11.54,STOP_LOSS
short,2023-10-30 10:00:00+05:30,2023-10-30 10:10:00+05:30,18980.4,18999.779383475914,18999.779383475914,18912.572157834315,-19.38,STOP_LOSS
long,2023-10-30 12:10:00+05:30,2023-10-30 12:15:00+05:30,19108.8,19096.850286612498,19096.850286612498,19150.62399685626,-11.95,STOP_LOSS
short,2023-10-31 11:10:00+05:30,2023-10-31 11:20:00+05:30,19095.95,19109.400883855633,19109.400883855633,19048.871906505283,-13.45,STOP_LOSS
short,2023-11-01 09:35:00+05:30,2023-11-01 10:00:00+05:30,19085.05,19027.507570089867,19101.490694260036,19027.507570089867,57.54,TAKE_PROFIT
short,2023-11-01 10:20:00+05:30,2023-11-01 13:20:00+05:30,19052.9,19001.852995830952,19067.484858334017,19001.852995830952,51.05,TAKE_PROFIT
short,2023-11-01 13:35:00+05:30,2023-11-01 13:40:00+05:30,19017.75,19028.772871302383,19028.772871302383,18979.16995044166,-11.02,STOP_LOSS
long,2023-11-03 10:30:00+05:30,2023-11-03 11:55:00+05:30,19256.35,19245.341900053325,19245.341900053325,19294.878349813353,-11.01,STOP_LOSS
long,2023-11-07 14:20:00+05:30,2023-11-07 15:15:00+05:30,19390.45,19411.5,19380.971729408295,19423.623947070966,21.05,EOD_EXIT
long,2023-11-08 10:05:00+05:30,2023-11-08 11:10:00+05:30,19429.8,19417.754316534814,19417.754316534814,19471.959892128154,-12.05,STOP_LOSS
short,2023-11-10 10:10:00+05:30,2023-11-10 10:20:00+05:30,19349.1,19359.26846242613,19359.26846242613,19313.510381508535,-10.17,STOP_LOSS
long,2023-11-15 10:45:00+05:30,2023-11-15 11:25:00+05:30,19626.9,19618.49629610748,19618.49629610748,19656.312963623823,-8.4,STOP_LOSS
long,2023-11-15 13:45:00+05:30,2023-11-15 14:55:00+05:30,19657.85,19651.170320409637,19651.170320409637,19681.228878566264,-6.68,STOP_LOSS
long,2023-11-16 10:55:00+05:30,2023-11-16 11:00:00+05:30,19713.65,19741.686610929974,19705.639539734297,19741.686610929974,28.04,TAKE_PROFIT
short,2023-11-20 10:10:00+05:30,2023-11-20 10:15:00+05:30,19714.8,19725.80934620854,19725.80934620854,19676.2672882701,-11.01,STOP_LOSS
long,2023-11-21 10:00:00+05:30,2023-11-21 12:15:00+05:30,19765.9,19805.398719748493,19754.614651500433,19805.398719748493,39.5,TAKE_PROFIT
long,2023-11-23 09:55:00+05:30,2023-11-23 10:15:00+05:30,19844.2,19827.883356829996,19827.883356829996,19901.308251095023,-16.32,STOP_LOSS
short,2023-11-24 13:40:00+05:30,2023-11-24 13:55:00+05:30,19781.85,19789.87945136418,19789.87945136418,19753.746920225367,-8.03,STOP_LOSS
long,2023-11-28 09:55:00+05:30,2023-11-28 10:10:00+05:30,19820.95,19811.473704274922,19811.473704274922,19854.11703503778,-9.48,STOP_LOSS
long,2023-11-29 10:35:00+05:30,2023-11-29 12:10:00+05:30,20002.0,20030.108889906765,19993.96888859807,20030.108889906765,28.11,TAKE_PROFIT
long,2023-11-29 14:20:00+05:30,2023-11-29 14:45:00+05:30,20060.5,20083.009903048653,20054.068599128957,20083.009903048653,22.51,TAKE_PROFIT
long,2023-12-01 10:50:00+05:30,2023-12-01 15:15:00+05:30,20257.4,20267.95,20247.125355017517,20293.361257438693,10.55,EOD_EXIT
long,2023-12-04 10:15:00+05:30,2023-12-04 13:15:00+05:30,20537.25,20600.51173716509,20519.17521795283,20600.51173716509,63.26,TAKE_PROFIT
long,2023-12-04 13:50:00+05:30,2023-12-04 14:10:00+05:30,20604.85,20638.573332185046,20595.21476223284,20638.573332185046,33.72,TAKE_PROFIT
long,2023-12-06 10:00:00+05:30,2023-12-06 10:10:00+05:30,20920.05,20901.10079507134,20901.10079507134,20986.372217250315,-18.95,STOP_LOSS
long,2023-12-06 10:30:00+05:30,2023-12-06 13:05:00+05:30,20908.85,20891.917112771025,20891.917112771025,20968.115105301404,-16.93,STOP_LOSS
short,2023-12-07 10:25:00+05:30,2023-12-07 10:40:00+05:30,20875.85,20888.292014125993,20888.292014125993,20832.302950559017,-12.44,STOP_LOSS
long,2023-12-08 10:05:00+05:30,2023-12-08 11:00:00+05:30,20974.75,20960.616432463958,20960.616432463958,21024.217486376154,-14.13,STOP_LOSS
long,2023-12-11 10:00:00+05:30,2023-12-11 10:40:00+05:30,20993.85,20977.302029678125,20977.302029678125,21051.767896126563,-16.55,STOP_LOSS
long,2023-12-12 10:05:00+05:30,2023-12-12 10:10:00+05:30,21025.4,21016.10343044072,21016.10343044072,21057.93799345749,-9.3,STOP_LOSS
short,2023-12-12 13:30:00+05:30,2023-12-12 14:10:00+05:30,20969.85,20942.307006556126,20977.719426698248,20942.307006556126,27.54,TAKE_PROFIT
long,2023-12-13 14:15:00+05:30,2023-12-13 14:40:00+05:30,20874.0,20862.021018846066,20862.021018846066,20915.926434038774,-11.98,STOP_LOSS
long,2023-12-14 10:50:00+05:30,2023-12-14 13:30:00+05:30,21150.8,21201.561431343733,21136.29673390179,21201.561431343733,50.76,TAKE_PROFIT
long,2023-12-14 13:50:00+05:30,2023-12-14 14:05:00+05:30,21195.7,21186.543831339837,21186.543831339837,21227.74659031057,-9.16,STOP_LOSS
long,2023-12-15 10:40:00+05:30,2023-12-15 10:45:00+05:30,21315.65,21301.197980079225,21301.197980079225,21366.232069722722,-14.45,STOP_LOSS
long,2023-12-15 11:05:00+05:30,2023-12-15 13:55:00+05:30,21306.55,21358.696845828552,21291.650901191842,21358.696845828552,52.15,TAKE_PROFIT
long,2023-12-15 14:05:00+05:30,2023-12-15 14:10:00+05:30,21343.55,21333.046646195977,21333.046646195977,21380.31173831407,-10.5,STOP_LOSS
long,2023-12-18 09:45:00+05:30,2023-12-18 15:15:00+05:30,21432.3,21418.25,21407.555064221044,21518.907275226346,-14.05,EOD_EXIT
long,2023-12-19 14:20:00+05:30,2023-12-19 14:45:00+05:30,21475.65,21467.625527695618,21467.625527695618,21503.735653065338,-8.02,STOP_LOSS
long,2023-12-20 10:35:00+05:30,2023-12-20 11:30:00+05:30,21556.3,21544.209338266508,21544.209338266508,21598.61731606722,-12.09,STOP_LOSS
short,2023-12-21 10:25:00+05:30,2023-12-21 10:40:00+05:30,21108.35,21135.019192723463,21135.019192723463,21015.007825467866,-26.67,STOP_LOSS
long,2023-12-22 09:30:00+05:30,2023-12-22 09:55:00+05:30,21262.45,21335.112065261972,21241.68940992515,21335.112065261972,72.66,TAKE_PROFIT
long,2023-12-26 09:35:00+05:30,2023-12-26 10:20:00+05:30,21355.5,21431.926331267594,21333.663905352118,21431.926331267594,76.43,TAKE_PROFIT
long,2023-12-26 11:05:00+05:30,2023-12-26 13:00:00+05:30,21441.4,21427.62536864865,21427.62536864865,21489.611209729737,-13.77,STOP_LOSS
long,2023-12-27 10:40:00+05:30,2023-12-27 12:05:00+05:30,21561.5,21599.530606141285,21550.63411253106,21599.530606141285,38.03,TAKE_PROFIT
long,2023-12-28 10:25:00+05:30,2023-12-28 15:15:00+05:30,21711.7,21777.75,21691.532394221747,21782.286620223884,66.05,EOD_EXIT
short,2024-01-02 11:20:00+05:30,2024-01-02 12:15:00+05:30,21602.65,21620.245215251733,21620.245215251733,21541.06674661894,-17.6,STOP_LOSS
short,2024-01-03 10:30:00+05:30,2024-01-03 15:15:00+05:30,21575.5,21514.952813119406,21592.7991962516,21514.952813119406,60.55,TAKE_PROFIT
long,2024-01-04 10:45:00+05:30,2024-01-04 12:25:00+05:30,21630.4,21664.948871152665,21620.528893956383,21664.948871152665,34.55,TAKE_PROFIT
long,2024-01-05 10:10:00+05:30,2024-01-05 10:40:00+05:30,21728.95,21718.02488169329,21718.02488169329,21767.18791407348,-10.93,STOP_LOSS
short,2024-01-08 13:45:00+05:30,2024-01-08 14:00:00+05:30,21575.05,21587.97779475862,21587.97779475862,21529.802718344832,-12.93,STOP_LOSS
long,2024-01-09 10:55:00+05:30,2024-01-09 14:05:00+05:30,21680.05,21667.025970378738,21667.025970378738,21725.634103674416,-13.02,STOP_LOSS
short,2024-01-10 09:55:00+05:30,2024-01-10 10:15:00+05:30,21540.15,21567.10159158378,21567.10159158378,21445.819429456777,-26.95,STOP_LOSS
long,2024-01-11 09:50:00+05:30,2024-01-11 10:50:00+05:30,21672.25,21653.101697339203,21653.101697339203,21739.26905931279,-19.15,STOP_LOSS
long,2024-01-12 14:15:00+05:30,2024-01-12 14:35:00+05:30,21876.6,21916.3800861859,21865.23426108974,21916.3800861859,39.78,TAKE_PROFIT
long,2024-01-15 10:10:00+05:30,2024-01-15 14:55:00+05:30,22010.25,22089.48005858971,21987.61284040294,22089.48005858971,79.23,TAKE_PROFIT
long,2024-01-16 11:15:00+05:30,2024-01-16 11:40:00+05:30,22109.05,22098.125375617765,22098.125375617765,22147.286185337816,-10.92,STOP_LOSS
short,2024-01-17 13:00:00+05:30,2024-01-17 14:35:00+05:30,21654.4,21600.428513709285,21669.820424654492,21600.428513709285,53.97,TAKE_PROFIT
long,2024-01-19 10:15:00+05:30,2024-01-19 11:05:00+05:30,21629.4,21609.994913507348,21609.994913507348,21697.317802724283,-19.41,STOP_LOSS
long,2024-01-20 10:50:00+05:30,2024-01-20 11:30:00+05:30,21667.0,21650.959812074234,21650.959812074234,21723.14065774018,-16.04,STOP_LOSS
short,2024-01-20 14:25:00+05:30,2024-01-20 15:00:00+05:30,21615.85,21572.644370193615,21628.194465658966,21572.644370193615,43.21,TAKE_PROFIT
short,2024-01-23 12:30:00+05:30,2024-01-23 13:50:00+05:30,21418.05,21335.54549867917,21441.62271466309,21335.54549867917,82.5,TAKE_PROFIT
short,2024-01-25 11:30:00+05:30,2024-01-25 11:35:00+05:30,21290.6,21311.232441497148,21311.232441497148,21218.38645475997,-20.63,STOP_LOSS
long,2024-01-29 11:15:00+05:30,2024-01-29 11:20:00+05:30,21617.8,21601.72759364468,21601.72759364468,21674.05342224362,-16.07,STOP_LOSS
long,2024-01-29 11:30:00+05:30,2024-01-29 12:50:00+05:30,21615.1,21692.37217219829,21593.02223651477,21692.37217219829,77.27,TAKE_PROFIT
long,2024-01-29 13:30:00+05:30,2024-01-29 14:00:00+05:30,21685.45,21734.46051680699,21671.446995198003,21734.46051680699,49.01,TAKE_PROFIT
short,2024-01-30 14:10:00+05:30,2024-01-30 14:30:00+05:30,21666.6,21607.81796088008,21683.394868319974,21607.81796088008,58.78,TAKE_PROFIT
long,2024-02-01 11:05:00+05:30,2024-02-01 11:15:00+05:30,21790.5,21768.1424040848,21768.1424040848,21868.7515857032,-22.36,STOP_LOSS
short,2024-02-01 13:45:00+05:30,2024-02-01 15:15:00+05:30,21711.3,21700.9,21733.285829970548,21634.34959510308,10.4,EOD_EXIT
long,2024-02-02 10:30:00+05:30,2024-02-02 11:10:00+05:30,21927.25,21984.904161228525,21910.777382506134,21984.904161228525,57.65,TAKE_PROFIT
long,2024-02-06 14:10:00+05:30,2024-02-06 15:15:00+05:30,21914.9,21920.2,21900.627444974794,21964.85394258823,5.3,EOD_EXIT
long,2024-02-07 10:20:00+05:30,2024-02-07 10:35:00+05:30,21996.35,21976.3359226077,21976.3359226077,22066.39927087304,-20.01,STOP_LOSS
long,2024-02-07 14:25:00+05:30,2024-02-07 14:35:00+05:30,21949.75,21933.832705058165,21933.832705058165,22005.460532296427,-15.92,STOP_LOSS
short,2024-02-08 11:45:00+05:30,2024-02-08 12:10:00+05:30,21775.7,21802.949177399623,21802.949177399623,21680.327879101318,-27.25,STOP_LOSS
short,2024-02-09 11:10:00+05:30,2024-02-09 11:35:00+05:30,21679.5,21702.0154211454,21702.0154211454,21600.6960259911,-22.52,STOP_LOSS
long,2024-02-09 14:40:00+05:30,2024-02-09 15:15:00+05:30,21765.25,21777.9,21749.06496784702,21821.897612535424,12.65,EOD_EXIT
short,2024-02-12 13:25:00+05:30,2024-02-12 13:30:00+05:30,21618.85,21637.946117220436,21637.946117220436,21552.013589728467,-19.1,STOP_LOSS
short,2024-02-12 13:40:00+05:30,2024-02-12 14:00:00+05:30,21629.65,21648.056842824684,21648.056842824684,21565.226050113615,-18.41,STOP_LOSS
long,2024-02-13 11:20:00+05:30,2024-02-13 11:40:00+05:30,21731.65,21712.638080227494,21712.638080227494,21798.19171920378,-19.01,STOP_LOSS
long,2024-02-13 14:10:00+05:30,2024-02-13 15:15:00+05:30,21728.3,21749.45,21711.374609892227,21787.538865377195,21.15,EOD_EXIT
short,2024-02-14 10:25:00+05:30,2024-02-14 10:55:00+05:30,21609.3,21631.152260077164,21631.152260077164,21532.817089729917,-21.85,STOP_LOSS
long,2024-02-16 09:45:00+05:30,2024-02-16 12:50:00+05:30,21978.05,22053.531200469184,21956.48394272309,22053.531200469184,75.48,TAKE_PROFIT
short,2024-02-22 10:40:00+05:30,2024-02-22 12:00:00+05:30,21939.0,21966.00807611298,21966.00807611298,21844.471733604576,-27.01,STOP_LOSS
short,2024-02-26 10:35:00+05:30,2024-02-26 12:15:00+05:30,22142.1,22080.983809041314,22159.56176884534,22080.983809041314,61.12,TAKE_PROFIT
long,2024-02-26 14:10:00+05:30,2024-02-26 14:35:00+05:30,22153.95,22142.136919779405,22142.136919779405,22195.29578077209,-11.81,STOP_LOSS
long,2024-02-27 13:25:00+05:30,2024-02-27 13:40:00+05:30,22191.4,22177.42926445792,22177.42926445792,22240.29757439728,-13.97,STOP_LOSS
short,2024-02-28 12:15:00+05:30,2024-02-28 12:55:00+05:30,22042.8,21983.392821228957,22059.77347964887,21983.392821228957,59.41,TAKE_PROFIT
short,2024-02-28 13:45:00+05:30,2024-02-28 14:00:00+05:30,22006.1,22026.347706363045,22026.347706363045,21935.233027729337,-20.25,STOP_LOSS
short,2024-02-28 14:45:00+05:30,2024-02-28 15:15:00+05:30,22004.35,21934.10179890657,22024.420914598122,21934.10179890657,70.25,TAKE_PROFIT
short,2024-02-29 10:40:00+05:30,2024-02-29 11:10:00+05:30,21909.0,21938.509561085844,21938.509561085844,21805.71653619955,-29.51,STOP_LOSS
long,2024-03-01 12:45:00+05:30,2024-03-01 14:55:00+05:30,22292.65,22338.14524307295,22279.651359122017,22338.14524307295,45.5,TAKE_PROFIT
long,2024-03-04 10:45:00+05:30,2024-03-04 10:55:00+05:30,22412.25,22399.4928435739,22399.4928435739,22456.90004749136,-12.76,STOP_LOSS
short,2024-03-05 11:25:00+05:30,2024-03-05 11:40:00+05:30,22294.55,22307.744633029488,22307.744633029488,22248.368784396785,-13.19,STOP_LOSS
long,2024-03-07 09:55:00+05:30,2024-03-07 10:40:00+05:30,22471.85,22453.345268371588,22453.345268371588,22536.616560699436,-18.5,STOP_LOSS
short,2024-03-12 11:10:00+05:30,2024-03-12 13:25:00+05:30,22361.05,22388.69074702899,22388.69074702899,22264.30738539853,-27.64,STOP_LOSS
short,2024-03-13 12:30:00+05:30,2024-03-13 14:15:00+05:30,22100.45,22003.763115853642,22128.074824041818,22003.763115853642,96.69,TAKE_PROFIT
short,2024-03-13 14:45:00+05:30,2024-03-13 15:00:00+05:30,21972.1,21999.4219000263,21999.4219000263,21876.47334990794,-27.32,STOP_LOSS
long,2024-03-14 12:35:00+05:30,2024-03-14 12:40:00+05:30,22177.65,22160.400061620978,22160.400061620978,22238.024784326586,-17.25,STOP_LOSS
short,2024-03-15 11:30:00+05:30,2024-03-15 11:45:00+05:30,21959.95,21978.212325258814,21978.212325258814,21896.031861594158,-18.26,STOP_LOSS
short,2024-03-18 09:50:00+05:30,2024-03-18 09:55:00+05:30,21985.5,22013.439738704277,22013.439738704277,21887.710914535022,-27.94,STOP_LOSS
long,2024-03-18 12:45:00+05:30,2024-03-18 14:30:00+05:30,22049.5,22113.512648593987,22031.21067183029,22113.512648593987,64.01,TAKE_PROFIT
short,2024-03-19 11:25:00+05:30,2024-03-19 11:40:00+05:30,21864.7,21813.04725088707,21879.45792831798,21813.04725088707,51.65,TAKE_PROFIT
long,2024-03-20 12:55:00+05:30,2024-03-20 13:20:00+05:30,21865.85,21916.709240544238,21851.31878841593,21916.709240544238,50.86,TAKE_PROFIT
short,2024-03-20 14:40:00+05:30,2024-03-20 15:15:00+05:30,21849.45,21855.1,21866.903171642145,21788.36389925249,-5.65,EOD_EXIT
long,2024-03-21 11:15:00+05:30,2024-03-21 11:35:00+05:30,22061.75,22049.700682304705,22049.700682304705,22103.922611933533,-12.05,STOP_LOSS
long,2024-03-22 10:40:00+05:30,2024-03-22 14:15:00+05:30,22036.45,22119.275195645227,22012.785658387078,22119.275195645227,82.83,TAKE_PROFIT
short,2024-03-26 10:45:00+05:30,2024-03-26 11:25:00+05:30,22031.95,22048.057230364127,22048.057230364127,21975.57469372556,-16.11,STOP_LOSS
long,2024-03-27 10:45:00+05:30,2024-03-27 14:05:00+05:30,22145.65,22188.866359755808,22133.3024686412,22188.866359755808,43.22,TAKE_PROFIT
long,2024-03-28 11:50:00+05:30,2024-03-28 11:55:00+05:30,22359.8,22349.185478133644,22349.185478133644,22396.950826532244,-10.61,STOP_LOSS
long,2024-04-01 10:25:00+05:30,2024-04-01 10:55:00+05:30,22500.05,22482.40649300814,22482.40649300814,22561.802274471505,-17.64,STOP_LOSS
short,2024-04-03 09:50:00+05:30,2024-04-03 10:00:00+05:30,22389.35,22404.10096715113,22404.10096715113,22337.721614971033,-14.75,STOP_LOSS
long,2024-04-08 11:05:00+05:30,2024-04-08 12:15:00+05:30,22621.7,22657.281087650925,22611.53397495688,22657.281087650925,35.58,TAKE_PROFIT
long,2024-04-09 10:15:00+05:30,2024-04-09 12:10:00+05:30,22736.3,22722.126199484443,22722.126199484443,22785.90830180445,-14.17,STOP_LOSS
short,2024-04-09 14:25:00+05:30,2024-04-09 15:15:00+05:30,22651.4,22647.3,22666.937299229336,22597.01945269733,4.1,EOD_EXIT
long,2024-04-10 09:50:00+05:30,2024-04-10 11:20:00+05:30,22698.4,22681.633933857196,22681.633933857196,22757.08123149982,-16.77,STOP_LOSS
short,2024-04-12 10:45:00+05:30,2024-04-12 11:15:00+05:30,22656.9,22672.04022121851,22672.04022121851,22603.909225735217,-15.14,STOP_LOSS
short,2024-04-12 13:25:00+05:30,2024-04-12 14:50:00+05:30,22583.8,22526.61602364672,22600.13827895808,22526.61602364672,57.18,TAKE_PROFIT
short,2024-04-12 14:55:00+05:30,2024-04-12 15:15:00+05:30,22545.8,22520.6,22560.852680314125,22493.115618900556,25.2,EOD_EXIT
short,2024-04-15 13:45:00+05:30,2024-04-15 14:30:00+05:30,22344.45,22300.73632661081,22356.93962096834,22300.73632661081,43.71,TAKE_PROFIT
short,2024-04-15 14:35:00+05:30,2024-04-15 15:00:00+05:30,22323.35,22271.96420527439,22338.03165563589,22271.96420527439,51.39,TAKE_PROFIT
short,2024-04-16 10:25:00+05:30,2024-04-16 12:45:00+05:30,22190.8,22120.057663537704,22211.012096132083,22120.057663537704,70.74,TAKE_PROFIT
short,2024-04-16 13:30:00+05:30,2024-04-16 13:45:00+05:30,22110.35,22123.20760066903,22123.20760066903,22065.348397658396,-12.86,STOP_LOSS
long,2024-04-18 09:35:00+05:30,2024-04-18 09:45:00+05:30,22212.6,22191.824885866154,22191.824885866154,22285.31289946846,-20.78,STOP_LOSS
short,2024-04-19 10:10:00+05:30,2024-04-19 11:35:00+05:30,21884.75,21914.638808170996,21914.638808170996,21780.13917140152,-29.89,STOP_LOSS
long,2024-04-22 09:40:00+05:30,2024-04-22 15:10:00+05:30,22218.3,22332.926333337702,22185.54961904637,22332.926333337702,114.63,TAKE_PROFIT
long,2024-04-23 09:45:00+05:30,2024-04-23 10:45:00+05:30,22382.45,22364.60782553232,22364.60782553232,22444.89761063688,-17.84,STOP_LOSS
long,2024-04-24 11:00:00+05:30,2024-04-24 11:50:00+05:30,22460.05,22450.020496915087,22450.020496915087,22495.153260797193,-10.03,STOP_LOSS
long,2024-04-25 14:50:00+05:30,2024-04-25 15:15:00+05:30,22582.55,22561.61010424262,22561.61010424262,22655.839635150827,-20.94,STOP_LOSS
long,2024-04-26 09:30:00+05:30,2024-04-26 10:00:00+05:30,22582.85,22562.31030379655,22562.31030379655,22654.738936712074,-20.54,STOP_LOSS
long,2024-04-29 14:05:00+05:30,2024-04-29 15:05:00+05:30,22607.35,22644.660623652813,22596.68982181348,22644.660623652813,37.31,TAKE_PROFIT
short,2024-05-02 09:45:00+05:30,2024-05-02 10:10:00+05:30,22640.4,22666.17350265156,22666.17350265156,22550.192740719544,-25.77,STOP_LOSS
short,2024-05-03 12:25:00+05:30,2024-05-03 12:40:00+05:30,22497.05,22516.418112934512,22516.418112934512,22429.261604729203,-19.37,STOP_LOSS
short,2024-05-03 13:25:00+05:30,2024-05-03 15:00:00+05:30,22435.45,22456.70056021044,22456.70056021044,22361.07303926346,-21.25,STOP_LOSS
short,2024-05-07 10:55:00+05:30,2024-05-07 11:25:00+05:30,22344.0,22268.992377212457,22365.430749367868,22268.992377212457,75.01,TAKE_PROFIT
short,2024-05-07 11:45:00+05:30,2024-05-07 13:35:00+05:30,22283.9,22304.30867325547,22304.30867325547,22212.46964360586,-20.41,STOP_LOSS
short,2024-05-08 10:55:00+05:30,2024-05-08 11:15:00+05:30,22221.3,22242.057296353625,22242.057296353625,22148.64946276231,-20.76,STOP_LOSS
long,2024-05-08 12:35:00+05:30,2024-05-08 13:45:00+05:30,22314.0,22294.88355217756,22294.88355217756,22380.90756737853,-19.12,STOP_LOSS
long,2024-05-13 12:50:00+05:30,2024-05-13 13:20:00+05:30,22005.9,21989.036342506777,21989.036342506777,22064.922801226287,-16.86,STOP_LOSS
long,2024-05-14 09:30:00+05:30,2024-05-14 12:50:00+05:30,22123.3,22215.456937412546,22096.969446453557,22215.456937412546,92.16,TAKE_PROFIT
long,2024-05-14 14:10:00+05:30,2024-05-14 14:35:00+05:30,22250.85,22239.08312409446,22239.08312409446,22292.03406566938,-11.77,STOP_LOSS
long,2024-05-16 09:50:00+05:30,2024-05-16 10:00:00+05:30,22250.45,22227.003817980127,22227.003817980127,22332.511637069558,-23.45,STOP_LOSS
short,2024-05-16 11:00:00+05:30,2024-05-16 12:05:00+05:30,22184.55,22209.673631649195,22209.673631649195,22096.61728922781,-25.12,STOP_LOSS
long,2024-05-17 11:25:00+05:30,2024-05-17 15:15:00+05:30,22459.2,22474.1,22442.03666563842,22519.271670265523,14.9,EOD_EXIT
long,2024-05-24 09:45:00+05:30,2024-05-24 10:00:00+05:30,22967.5,22942.687568634927,22942.687568634927,23054.343509777755,-24.81,STOP_LOSS
long,2024-05-27 13:30:00+05:30,2024-05-27 13:45:00+05:30,23082.2,23071.39280677501,23071.39280677501,23120.025176287472,-10.81,STOP_LOSS
short,2024-05-28 09:35:00+05:30,2024-05-28 10:20:00+05:30,22963.85,22987.102916003438,22987.102916003438,22882.464793987965,-23.25,STOP_LOSS
short,2024-05-29 10:40:00+05:30,2024-05-29 12:45:00+05:30,22752.05,22769.070689881242,22769.070689881242,22692.477585415647,-17.02,STOP_LOSS
short,2024-05-30 10:20:00+05:30,2024-05-30 14:25:00+05:30,22590.45,22521.13527315149,22610.254207671005,22521.13527315149,69.31,TAKE_PROFIT
short,2024-05-31 11:20:00+05:30,2024-05-31 11:35:00+05:30,22523.3,22540.196853642217,22540.196853642217,22464.161012252232,-16.9,STOP_LOSS
short,2024-05-31 14:55:00+05:30,2024-05-31 15:15:00+05:30,22518.05,22544.496644855546,22544.496644855546,22425.486743005586,-26.45,STOP_LOSS
long,2024-06-03 11:00:00+05:30,2024-06-03 12:05:00+05:30,23150.95,23239.08246999225,23125.76929428793,23239.08246999225,88.13,TAKE_PROFIT
long,2024-06-06 11:25:00+05:30,2024-06-06 11:30:00+05:30,22880.2,22855.29265698131,22855.29265698131,22967.375700565415,-24.91,STOP_LOSS
long,2024-06-07 12:50:00+05:30,2024-06-07 13:20:00+05:30,23200.55,23175.681080257826,23175.681080257826,23287.591219097605,-24.87,STOP_LOSS
long,2024-06-07 13:30:00+05:30,2024-06-07 14:45:00+05:30,23188.9,23274.504974789634,23164.44143577439,23274.504974789634,85.6,TAKE_PROFIT
long,2024-06-10 10:40:00+05:30,2024-06-10 14:25:00+05:30,23327.85,23300.724681763637,23300.724681763637,23422.788613827262,-27.13,STOP_LOSS
short,2024-06-11 09:40:00+05:30,2024-06-11 10:00:00+05:30,23252.8,23277.39359904734,23277.39359904734,23166.7224033343,-24.59,STOP_LOSS
long,2024-06-11 10:45:00+05:30,2024-06-11 13:35:00+05:30,23316.05,23375.997953746635,23298.922013215248,23375.997953746635,59.95,TAKE_PROFIT
long,2024-06-12 11:10:00+05:30,2024-06-12 11:25:00+05:30,23412.8,23396.783466601442,23396.783466601442,23468.857866894956,-16.02,STOP_LOSS
short,2024-06-12 14:35:00+05:30,2024-06-12 15:15:00+05:30,23364.25,23323.15,23380.096726407017,23308.786457575443,41.1,EOD_EXIT
long,2024-06-14 10:50:00+05:30,2024-06-14 15:15:00+05:30,23440.25,23446.8,23427.245880613224,23485.76441785372,6.55,EOD_EXIT
long,2024-06-19 09:45:00+05:30,2024-06-19 10:10:00+05:30,23576.85,23554.96837781486,23554.96837781486,23653.435677647976,-21.88,STOP_LOSS
short,2024-06-20 09:30:00+05:30,2024-06-20 11:00:00+05:30,23514.15,23550.628038269777,23550.628038269777,23386.476866055793,-36.48,STOP_LOSS
short,2024-06-21 13:25:00+05:30,2024-06-21 13:50:00+05:30,23466.7,23486.46225021472,23486.46225021472,23397.532124248482,-19.76,STOP_LOSS
short,2024-06-24 09:50:00+05:30,2024-06-24 10:05:00+05:30,23414.0,23442.478738795893,23442.478738795893,23314.32441421438,-28.48,STOP_LOSS
long,2024-06-25 10:40:00+05:30,2024-06-25 11:15:00+05:30,23590.15,23577.97730541769,23577.97730541769,23632.754431038087,-12.17,STOP_LOSS
long,2024-06-25 13:35:00+05:30,2024-06-25 15:00:00+05:30,23664.85,23714.884215745962,23650.554509786867,23714.884215745962,50.03,TAKE_PROFIT
long,2024-06-26 12:50:00+05:30,2024-06-26 13:00:00+05:30,23838.45,23825.772852539107,23825.772852539107,23882.820016113128,-12.68,STOP_LOSS
long,2024-06-28 10:00:00+05:30,2024-06-28 12:15:00+05:30,24128.05,24104.980329588543,24104.980329588543,24208.79384644009,-23.07,STOP_LOSS
long,2024-07-03 10:20:00+05:30,2024-07-03 14:45:00+05:30,24267.9,24249.936647318493,24249.936647318493,24330.77173438528,-17.96,STOP_LOSS
long,2024-07-04 10:10:00+05:30,2024-07-04 10:20:00+05:30,24375.05,24359.972720128066,24359.972720128066,24427.820479551763,-15.08,STOP_LOSS
short,2024-07-05 10:05:00+05:30,2024-07-05 10:25:00+05:30,24207.85,24227.114344775575,24227.114344775575,24140.424793285485,-19.26,STOP_LOSS
long,2024-07-09 09:45:00+05:30,2024-07-09 13:05:00+05:30,24355.2,24408.438344002963,24339.989044570582,24408.438344002963,53.24,TAKE_PROFIT
short,2024-07-11 11:10:00+05:30,2024-07-11 11:55:00+05:30,24256.2,24271.679729087402,24271.679729087402,24202.0209481941,-15.48,STOP_LOSS
long,2024-07-12 09:50:00+05:30,2024-07-12 10:10:00+05:30,24392.9,24372.682424682003,24372.682424682003,24463.661513612995,-20.22,STOP_LOSS
long,2024-07-12 11:25:00+05:30,2024-07-12 15:15:00+05:30,24492.85,24498.45,24462.83746171749,24597.89388398878,5.6,EOD_EXIT
long,2024-07-15 11:15:00+05:30,2024-07-15 13:15:00+05:30,24579.75,24620.928727060884,24567.984649411177,24620.928727060884,41.18,TAKE_PROFIT
long,2024-07-16 10:50:00+05:30,2024-07-16 11:50:00+05:30,24647.95,24637.304623903896,24637.304623903896,24685.208816336362,-10.65,STOP_LOSS
long,2024-07-18 14:30:00+05:30,2024-07-18 15:15:00+05:30,24787.15,24808.5,24767.095132824033,24857.34203511589,21.35,EOD_EXIT
short,2024-07-22 09:35:00+05:30,2024-07-22 09:55:00+05:30,24487.8,24519.83366431272,24519.83366431272,24375.682174905483,-32.03,STOP_LOSS
short,2024-07-23 10:30:00+05:30,2024-07-23 11:00:00+05:30,24461.5,24483.879622492208,24483.879622492208,24383.17132127727,-22.38,STOP_LOSS
short,2024-07-25 10:05:00+05:30,2024-07-25 10:55:00+05:30,24294.3,24320.15599245757,24320.15599245757,24203.8040263985,-25.86,STOP_LOSS
long,2024-07-25 14:30:00+05:30,2024-07-25 14:40:00+05:30,24406.75,24394.37675928992,24394.37675928992,24450.05634248528,-12.37,STOP_LOSS
long,2024-07-26 11:30:00+05:30,2024-07-26 12:30:00+05:30,24629.95,24673.015078937115,24617.645691732254,24673.015078937115,43.07,TAKE_PROFIT
long,2024-07-26 14:25:00+05:30,2024-07-26 15:15:00+05:30,24783.6,24836.85,24764.56192439042,24850.233264633534,53.25,EOD_EXIT
long,2024-07-29 09:50:00+05:30,2024-07-29 10:35:00+05:30,24900.85,24877.53351704068,24877.53351704068,24982.45769035761,-23.32,STOP_LOSS
long,2024-08-01 10:05:00+05:30,2024-08-01 10:40:00+05:30,25035.7,25020.478784668507,25020.478784668507,25088.974253660235,-15.22,STOP_LOSS
short,2024-08-05 12:20:00+05:30,2024-08-05 13:30:00+05:30,24022.6,24056.038657073208,24056.038657073208,23905.56470024377,-33.44,STOP_LOSS
long,2024-08-06 10:05:00+05:30,2024-08-06 10:20:00+05:30,24297.55,24263.640665780484,24263.640665780484,24416.23266976831,-33.91,STOP_LOSS
short,2024-08-06 14:55:00+05:30,2024-08-06 15:15:00+05:30,24013.7,23994.15,24043.026163128223,23911.058429051223,19.55,EOD_EXIT
long,2024-08-07 10:10:00+05:30,2024-08-07 10:35:00+05:30,24207.55,24305.030132045238,24179.69853370136,24305.030132045238,97.48,TAKE_PROFIT
long,2024-08-07 14:45:00+05:30,2024-08-07 15:15:00+05:30,24257.2,24309.53820566991,24242.246226951454,24309.53820566991,52.34,TAKE_PROFIT
short,2024-08-08 10:50:00+05:30,2024-08-08 11:15:00+05:30,24193.1,24226.895183250228,24226.895183250228,24074.816858624195,-33.8,STOP_LOSS
short,2024-08-08 14:00:00+05:30,2024-08-08 15:15:00+05:30,24160.65,24090.45,24187.372496659085,24067.121261693213,70.2,EOD_EXIT
long,2024-08-09 10:05:00+05:30,2024-08-09 15:15:00+05:30,24351.3,24363.5,24323.858179950486,24447.346370173287,12.2,EOD_EXIT
long,2024-08-12 11:45:00+05:30,2024-08-12 12:10:00+05:30,24420.25,24399.915029798085,24399.915029798085,24491.422395706697,-20.33,STOP_LOSS
short,2024-08-13 10:10:00+05:30,2024-08-13 12:30:00+05:30,24330.1,24262.97579954156,24349.278342988124,24262.97579954156,67.12,TAKE_PROFIT
short,2024-08-13 14:50:00+05:30,2024-08-13 15:15:00+05:30,24150.85,24131.9,24170.056731843186,24083.626438548847,18.95,EOD_EXIT
long,2024-08-16 13:25:00+05:30,2024-08-16 14:05:00+05:30,24438.05,24497.784058559417,24420.98312612588,24497.784058559417,59.73,TAKE_PROFIT
long,2024-08-16 14:45:00+05:30,2024-08-16 15:05:00+05:30,24490.0,24543.77477444166,24474.635778730953,24543.77477444166,53.77,TAKE_PROFIT
long,2024-08-19 09:55:00+05:30,2024-08-19 10:20:00+05:30,24585.25,24565.093002658567,24565.093002658567,24655.79949069501,-20.16,STOP_LOSS
long,2024-08-20 10:45:00+05:30,2024-08-20 10:55:00+05:30,24707.1,24692.872112056422,24692.872112056422,24756.89760780251,-14.23,STOP_LOSS
long,2024-08-20 11:05:00+05:30,2024-08-20 15:15:00+05:30,24697.3,24702.8,24683.796885282834,24744.560901510074,5.5,EOD_EXIT
long,2024-08-22 09:55:00+05:30,2024-08-22 15:15:00+05:30,24809.25,24814.05,24792.033013252603,24869.50945361589,4.8,EOD_EXIT
long,2024-08-26 10:45:00+05:30,2024-08-26 10:50:00+05:30,24996.15,24980.73312125082,24980.73312125082,25050.10907562213,-15.42,STOP_LOSS
long,2024-08-26 11:15:00+05:30,2024-08-26 13:00:00+05:30,24985.5,25026.999052798426,24973.643127771877,25026.999052798426,41.5,TAKE_PROFIT
long,2024-08-30 10:05:00+05:30,2024-08-30 15:15:00+05:30,25217.8,25243.1,25196.052572067263,25293.91599776458,25.3,EOD_EXIT
long,2024-09-02 09:55:00+05:30,2024-09-02 12:40:00+05:30,25297.0,25280.338506735523,25280.338506735523,25355.315226425668,-16.66,STOP_LOSS
short,2024-09-04 10:05:00+05:30,2024-09-04 13:10:00+05:30,25136.75,25152.499263937385,25152.499263937385,25081.627576219154,-15.75,STOP_LOSS
long,2024-09-05 09:50:00+05:30,2024-09-05 10:25:00+05:30,25210.9,25194.08496172305,25194.08496172305,25269.752633969336,-16.82,STOP_LOSS
short,2024-09-06 11:25:00+05:30,2024-09-06 11:45:00+05:30,24904.2,24925.805667528737,24925.805667528737,24828.580163649418,-21.61,STOP_LOSS
short,2024-09-06 13:25:00+05:30,2024-09-06 13:30:00+05:30,24872.9,24890.782498377008,24890.782498377008,24810.31125568048,-17.88,STOP_LOSS
long,2024-09-10 09:40:00+05:30,2024-09-10 09:45:00+05:30,24967.15,24947.405496226806,24947.405496226806,25036.255763206183,-19.74,STOP_LOSS
long,2024-09-10 14:15:00+05:30,2024-09-10 14:30:00+05:30,25111.7,25100.26484688503,25100.26484688503,25151.723035902392,-11.44,STOP_LOSS
long,2024-09-12 10:25:00+05:30,2024-09-12 10:45:00+05:30,25015.55,24993.03127404556,24993.03127404556,25094.365540840536,-22.52,STOP_LOSS
long,2024-09-13 09:35:00+05:30,2024-09-13 15:15:00+05:30,25333.4,25359.65,25299.839795812142,25450.86071465751,26.25,EOD_EXIT
long,2024-09-16 10:00:00+05:30,2024-09-16 10:55:00+05:30,25413.15,25397.714132109417,25397.714132109417,25467.175537617048,-15.44,STOP_LOSS
long,2024-09-18 11:20:00+05:30,2024-09-18 12:55:00+05:30,25455.3,25444.213058464797,25444.213058464797,25494.104295373214,-11.09,STOP_LOSS
short,2024-09-18 13:55:00+05:30,2024-09-18 15:00:00+05:30,25361.75,25383.46776973755,25383.46776973755,25285.73780591858,-21.72,STOP_LOSS
long,2024-09-19 10:00:00+05:30,2024-09-19 10:40:00+05:30,25530.2,25502.037081699757,25502.037081699757,25628.77021405085,-28.16,STOP_LOSS
short,2024-09-19 12:00:00+05:30,2024-09-19 12:40:00+05:30,25432.5,25456.527627473497,25456.527627473497,25348.403303842766,-24.03,STOP_LOSS
short,2024-09-19 13:50:00+05:30,2024-09-19 15:10:00+05:30,25404.05,25423.69942610847,25423.69942610847,25335.277008620353,-19.65,STOP_LOSS
long,2024-09-20 09:40:00+05:30,2024-09-20 09:55:00+05:30,25459.8,25554.426206921748,25432.7639408795,25554.426206921748,94.63,TAKE_PROFIT
long,2024-09-23 10:20:00+05:30,2024-09-23 10:35:00+05:30,25892.65,25873.342252923205,25873.342252923205,25960.227114768786,-19.31,STOP_LOSS
long,2024-09-23 10:55:00+05:30,2024-09-23 11:25:00+05:30,25884.55,25870.62040901528,25870.62040901528,25933.30356844652,-13.93,STOP_LOSS
long,2024-09-23 14:55:00+05:30,2024-09-23 15:15:00+05:30,25924.1,25936.75,25913.721910304106,25960.423313935622,12.65,EOD_EXIT
long,2024-09-24 10:10:00+05:30,2024-09-24 11:15:00+05:30,25956.15,25941.75436948186,25941.75436948186,26006.534706813498,-14.4,STOP_LOSS
long,2024-09-25 14:15:00+05:30,2024-09-25 15:00:00+05:30,25927.4,25962.197155886366,25917.45795546104,25962.197155886366,34.8,TAKE_PROFIT
long,2024-09-26 10:45:00+05:30,2024-09-26 14:30:00+05:30,26061.8,26113.59628089101,26047.00106260257,26113.59628089101,51.8,TAKE_PROFIT
long,2024-09-27 10:45:00+05:30,2024-09-27 11:00:00+05:30,26263.2,26253.450826333927,26253.450826333927,26297.322107831264,-9.75,STOP_LOSS
short,2024-09-30 12:00:00+05:30,2024-09-30 13:20:00+05:30,25907.25,25863.20196973026,25919.83515150564,25863.20196973026,44.05,TAKE_PROFIT
short,2024-09-30 13:45:00+05:30,2024-09-30 14:20:00+05:30,25864.6,25817.76734733828,25877.980757903348,25817.76734733828,46.83,TAKE_PROFIT
short,2024-10-03 12:40:00+05:30,2024-10-03 13:15:00+05:30,25396.95,25340.4823622106,25413.08361079697,25340.4823622106,56.47,TAKE_PROFIT
short,2024-10-03 14:10:00+05:30,2024-10-03 15:15:00+05:30,25276.55,25255.5,25299.87955841624,25194.896545543153,21.05,EOD_EXIT
long,2024-10-08 11:45:00+05:30,2024-10-08 12:00:00+05:30,24950.3,24930.705421336188,24930.705421336188,25018.881025323342,-19.59,STOP_LOSS
long,2024-10-09 10:25:00+05:30,2024-10-09 11:20:00+05:30,25117.6,25224.27165154768,25087.12238527209,25224.27165154768,106.67,TAKE_PROFIT
short,2024-10-10 09:30:00+05:30,2024-10-10 09:55:00+05:30,25031.35,25057.514220595058,25057.514220595058,24939.775227917296,-26.16,STOP_LOSS
long,2024-10-14 10:15:00+05:30,2024-10-14 15:15:00+05:30,25088.55,25128.85,25069.059000574427,25156.768497989506,40.3,EOD_EXIT
short,2024-10-15 10:55:00+05:30,2024-10-15 15:15:00+05:30,25078.25,25055.6,25098.931943550266,25005.86319757407,22.65,EOD_EXIT
short,2024-10-17 10:25:00+05:30,2024-10-17 13:45:00+05:30,24838.05,24759.694513818136,24860.437281766248,24759.694513818136,78.36,TAKE_PROFIT
long,2024-10-18 13:00:00+05:30,2024-10-18 15:15:00+05:30,24833.9,24845.2,24817.43775563672,24891.517855271482,11.3,EOD_EXIT
short,2024-10-21 10:25:00+05:30,2024-10-21 13:55:00+05:30,24803.45,24838.91081145424,24838.91081145424,24679.337159910163,-35.46,STOP_LOSS
long,2024-10-21 14:40:00+05:30,2024-10-21 14:55:00+05:30,24831.45,24810.280161092003,24810.280161092003,24905.54443617799,-21.17,STOP_LOSS
short,2024-10-22 13:10:00+05:30,2024-10-22 14:50:00+05:30,24621.6,24541.739153436116,24644.417384732536,24541.739153436116,79.86,TAKE_PROFIT
short,2024-10-25 13:45:00+05:30,2024-10-25 14:50:00+05:30,24116.6,24133.948007201605,24133.948007201605,24055.88197479437,-17.35,STOP_LOSS
short,2024-10-29 11:05:00+05:30,2024-10-29 11:35:00+05:30,24187.85,24212.380582219994,24212.380582219994,24101.99296223001,-24.53,STOP_LOSS
short,2024-10-30 14:25:00+05:30,2024-10-30 15:15:00+05:30,24357.4,24342.05,24375.643556992516,24293.547550526197,15.35,EOD_EXIT
short,2024-10-31 09:50:00+05:30,2024-10-31 12:40:00+05:30,24289.85,24211.510971223885,24312.232579650317,24211.510971223885,78.34,TAKE_PROFIT
short,2024-10-31 14:35:00+05:30,2024-10-31 14:40:00+05:30,24194.55,24205.043679972314,24205.043679972314,24157.8221200969,-10.49,STOP_LOSS
short,2024-11-04 11:40:00+05:30,2024-11-04 12:00:00+05:30,23871.9,23894.44272186261,23894.44272186261,23793.000473480864,-22.54,STOP_LOSS
short,2024-11-05 12:15:00+05:30,2024-11-05 12:45:00+05:30,23893.0,23918.15777886222,23918.15777886222,23804.947773982232,-25.16,STOP_LOSS
long,2024-11-06 12:40:00+05:30,2024-11-06 13:35:00+05:30,24422.05,24473.045964184108,24407.479724518827,24473.045964184108,51.0,TAKE_PROFIT
short,2024-11-07 11:30:00+05:30,2024-11-07 15:15:00+05:30,24216.7,24204.65,24236.118071220895,24148.736750726875,12.05,EOD_EXIT
short,2024-11-12 14:15:00+05:30,2024-11-12 15:10:00+05:30,23953.65,23874.264401645498,23976.331599529858,23874.264401645498,79.39,TAKE_PROFIT
short,2024-11-13 09:55:00+05:30,2024-11-13 12:55:00+05:30,23793.9,23663.34850698313,23831.20042657625,23663.34850698313,130.55,TAKE_PROFIT
short,2024-11-18 10:10:00+05:30,2024-11-18 12:15:00+05:30,23450.0,23482.855386918127,23482.855386918127,23335.006145786563,-32.86,STOP_LOSS
long,2024-11-19 10:50:00+05:30,2024-11-19 11:35:00+05:30,23703.75,23771.856155177364,23684.291098520753,23771.856155177364,68.11,TAKE_PROFIT
short,2024-11-21 10:55:00+05:30,2024-11-21 11:50:00+05:30,23323.95,23345.027051660523,23345.027051660523,23250.180319188166,-21.08,STOP_LOSS
long,2024-11-22 09:45:00+05:30,2024-11-22 10:05:00+05:30,23439.1,23572.71115321427,23400.925384795923,23572.71115321427,133.61,TAKE_PROFIT
long,2024-11-22 11:05:00+05:30,2024-11-22 12:05:00+05:30,23528.05,23633.717780023828,23497.85920570748,23633.717780023828,105.67,TAKE_PROFIT
short,2024-11-28 11:50:00+05:30,2024-11-28 13:00:00+05:30,24087.0,23998.20553546384,24112.369847010334,23998.20553546384,88.79,TAKE_PROFIT
short,2024-11-28 13:30:00+05:30,2024-11-28 13:55:00+05:30,24002.1,24021.63574068152,24021.63574068152,23933.72490761468,-19.54,STOP_LOSS
short,2024-11-28 14:25:00+05:30,2024-11-28 15:15:00+05:30,23974.1,23929.2,24012.62902450305,23839.24841423931,44.9,EOD_EXIT
long,2024-11-29 13:45:00+05:30,2024-11-29 14:10:00+05:30,24134.45,24120.586011446012,24120.586011446012,24182.973959938958,-13.86,STOP_LOSS
short,2024-12-02 09:30:00+05:30,2024-12-02 09:40:00+05:30,24087.65,24115.725959830692,24115.725959830692,23989.38414059259,-28.08,STOP_LOSS
long,2024-12-02 14:55:00+05:30,2024-12-02 15:15:00+05:30,24262.3,24261.0,24245.091722193705,24322.528972322023,-1.3,EOD_EXIT
long,2024-12-03 11:40:00+05:30,2024-12-03 11:50:00+05:30,24421.95,24410.897680318078,24410.897680318078,24460.63311888673,-11.05,STOP_LOSS
long,2024-12-04 10:15:00+05:30,2024-12-04 10:20:00+05:30,24542.0,24526.000168733786,24526.000168733786,24597.999409431744,-16.0,STOP_LOSS
long,2024-12-04 10:35:00+05:30,2024-12-04 11:55:00+05:30,24537.05,24521.023558404064,24521.023558404064,24593.14254558578,-16.03,STOP_LOSS
short,2024-12-05 10:40:00+05:30,2024-12-05 10:55:00+05:30,24414.95,24338.237333067813,24436.867904837767,24338.237333067813,76.71,TAKE_PROFIT
short,2024-12-05 11:45:00+05:30,2024-12-05 12:00:00+05:30,24354.1,24373.579180383633,24373.579180383633,24285.92286865728,-19.48,STOP_LOSS
short,2024-12-09 10:25:00+05:30,2024-12-09 11:10:00+05:30,24611.95,24632.23637641634,24632.23637641634,24540.947682542814,-20.29,STOP_LOSS
short,2024-12-09 14:30:00+05:30,2024-12-09 14:45:00+05:30,24616.8,24628.820994126057,24628.820994126057,24574.726520558794,-12.02,STOP_LOSS
short,2024-12-10 13:30:00+05:30,2024-12-10 15:00:00+05:30,24555.8,24571.754091515682,24571.754091515682,24499.960679695112,-15.95,STOP_LOSS
long,2024-12-11 09:40:00+05:30,2024-12-11 10:15:00+05:30,24617.55,24601.684446038682,24601.684446038682,24673.079438864617,-15.87,STOP_LOSS
long,2024-12-11 10:55:00+05:30,2024-12-11 12:35:00+05:30,24654.85,24639.45842183629,24639.45842183629,24708.72052357298,-15.39,STOP_LOSS
short,2024-12-13 10:55:00+05:30,2024-12-13 11:15:00+05:30,24260.0,24290.41087756103,24290.41087756103,24153.561928536397,-30.41,STOP_LOSS
long,2024-12-13 12:40:00+05:30,2024-12-13 13:00:00+05:30,24528.95,24659.801539436743,24491.56384587522,24659.801539436743,130.85,TAKE_PROFIT
long,2024-12-13 13:15:00+05:30,2024-12-13 13:45:00+05:30,24608.35,24732.526452935694,24572.871013446944,24732.526452935694,124.18,TAKE_PROFIT
long,2024-12-13 14:40:00+05:30,2024-12-13 15:15:00+05:30,24738.45,24772.8,24713.423098411782,24826.044155558764,34.35,EOD_EXIT
short,2024-12-17 10:45:00+05:30,2024-12-17 11:05:00+05:30,24461.9,24486.530136323443,24486.530136323443,24375.69452286795,-24.63,STOP_LOSS
short,2024-12-17 14:55:00+05:30,2024-12-17 15:05:00+05:30,24331.3,24350.441084025173,24350.441084025173,24264.306205911897,-19.14,STOP_LOSS
short,2024-12-19 10:30:00+05:30,2024-12-19 11:35:00+05:30,23959.45,23984.12122224152,23984.12122224152,23873.100722154686,-24.67,STOP_LOSS
short,2024-12-20 13:30:00+05:30,2024-12-20 14:45:00+05:30,23756.5,23680.1412776457,23778.316777815515,23680.1412776457,76.36,TAKE_PROFIT
short,2024-12-23 14:05:00+05:30,2024-12-23 14:10:00+05:30,23680.55,23698.90338159102,23698.90338159102,23616.313164431427,-18.35,STOP_LOSS
long,2024-12-24 11:20:00+05:30,2024-12-24 12:00:00+05:30,23835.3,23821.048977037823,23821.048977037823,23885.17858036762,-14.25,STOP_LOSS
short,2024-12-24 14:55:00+05:30,2024-12-24 15:15:00+05:30,23738.95,23734.8,23753.777177737036,23687.05487792038,4.15,EOD_EXIT
long,2024-12-27 10:40:00+05:30,2024-12-27 10:45:00+05:30,23913.35,23898.15368730688,23898.15368730688,23966.537094425912,-15.2,STOP_LOSS
short,2024-12-30 10:00:00+05:30,2024-12-30 10:25:00+05:30,23760.65,23785.33135124143,23785.33135124143,23674.265270654992,-24.68,STOP_LOSS
short,2024-12-31 10:30:00+05:30,2024-12-31 10:50:00+05:30,23519.55,23549.412085729396,23549.412085729396,23415.032699947114,-29.86,STOP_LOSS
long,2024-12-31 14:35:00+05:30,2024-12-31 15:00:00+05:30,23647.5,23630.74181996311,23630.74181996311,23706.153630129113,-16.76,STOP_LOSS
long,2025-01-01 11:40:00+05:30,2025-01-01 11:50:00+05:30,23724.45,23702.632898827615,23702.632898827615,23800.80985410335,-21.82,STOP_LOSS
long,2025-01-01 14:25:00+05:30,2025-01-01 14:45:00+05:30,23779.55,23764.674784374074,23764.674784374074,23831.61325469074,-14.88,STOP_LOSS
short,2025-01-03 14:45:00+05:30,2025-01-03 15:15:00+05:30,24045.8,23999.4,24060.965630201536,23992.720294294628,46.4,EOD_EXIT
short,2025-01-08 09:35:00+05:30,2025-01-08 10:40:00+05:30,23669.8,23582.005199504863,23694.884228712897,23582.005199504863,87.79,TAKE_PROFIT
short,2025-01-08 11:35:00+05:30,2025-01-08 13:40:00+05:30,23579.55,23600.868630820903,23600.868630820903,23504.934792126838,-21.32,STOP_LOSS
long,2025-01-08 14:35:00+05:30,2025-01-08 15:15:00+05:30,23666.35,23688.75,23639.266727985938,23761.14145204921,22.4,EOD_EXIT
short,2025-01-09 09:50:00+05:30,2025-01-09 10:45:00+05:30,23625.0,23556.24097474346,23644.645435787585,23556.24097474346,68.76,TAKE_PROFIT
short,2025-01-09 11:20:00+05:30,2025-01-09 12:15:00+05:30,23573.05,23589.970113660904,23589.970113660904,23513.829602186826,-16.92,STOP_LOSS
short,2025-01-10 10:15:00+05:30,2025-01-10 10:45:00+05:30,23420.2,23449.842840592646,23449.842840592646,23316.450057925747,-29.64,STOP_LOSS
short,2025-01-13 14:45:00+05:30,2025-01-13 15:15:00+05:30,23099.15,23098.05,23121.646344387806,23020.41279464269,1.1,EOD_EXIT
long,2025-01-15 11:10:00+05:30,2025-01-15 11:30:00+05:30,23257.4,23240.331460599133,23240.331460599133,23317.13988790305,-17.07,STOP_LOSS
short,2025-01-15 13:55:00+05:30,2025-01-15 14:35:00+05:30,23179.7,23195.925184596977,23195.925184596977,23122.911853910577,-16.23,STOP_LOSS
long,2025-01-16 09:50:00+05:30,2025-01-16 11:15:00+05:30,23306.9,23286.552997680406,23286.552997680406,23378.11450811858,-20.35,STOP_LOSS
short,2025-01-17 09:55:00+05:30,2025-01-17 10:25:00+05:30,23226.0,23252.713379248027,23252.713379248027,23132.503172631907,-26.71,STOP_LOSS
short,2025-01-17 11:20:00+05:30,2025-01-17 11:30:00+05:30,23147.1,23165.971961369538,23165.971961369538,23081.04813520661,-18.87,STOP_LOSS
short,2025-01-17 11:40:00+05:30,2025-01-17 12:00:00+05:30,23153.15,23169.976326689888,23169.976326689888,23094.257856585402,-16.83,STOP_LOSS
long,2025-01-20 12:05:00+05:30,2025-01-20 15:15:00+05:30,23341.5,23343.2,23327.109284936196,23391.867502723308,1.7,EOD_EXIT
short,2025-01-22 13:45:00+05:30,2025-01-22 14:05:00+05:30,23012.8,23032.77715570883,23032.77715570883,22942.87995501909,-19.98,STOP_LOSS
long,2025-01-23 11:20:00+05:30,2025-01-23 11:45:00+05:30,23219.7,23207.154871576087,23207.154871576087,23263.6079494837,-12.55,STOP_LOSS
long,2025-01-24 12:10:00+05:30,2025-01-24 12:30:00+05:30,23300.8,23283.301241832134,23283.301241832134,23362.04565358752,-17.5,STOP_LOSS
short,2025-01-24 14:30:00+05:30,2025-01-24 14:45:00+05:30,23153.25,23079.34763413917,23174.364961674524,23079.34763413917,73.9,TAKE_PROFIT
short,2025-01-27 11:05:00+05:30,2025-01-27 11:25:00+05:30,22867.95,22890.80569650146,22890.80569650146,22787.9550622449,-22.86,STOP_LOSS
short,2025-01-27 13:40:00+05:30,2025-01-27 15:15:00+05:30,22861.45,22830.05,22882.573543789233,22787.517596737685,31.4,EOD_EXIT
long,2025-01-28 12:20:00+05:30,2025-01-28 14:25:00+05:30,23016.75,23091.291388474692,22995.4524604358,23091.291388474692,74.54,TAKE_PROFIT
long,2025-01-29 10:40:00+05:30,2025-01-29 11:20:00+05:30,23074.1,23052.469283279625,23052.469283279625,23149.807508521306,-21.63,STOP_LOSS
long,2025-01-30 11:15:00+05:30,2025-01-30 11:30:00+05:30,23269.3,23247.650729060795,23247.650729060795,23345.07244828722,-21.65,STOP_LOSS
short,2025-01-30 14:40:00+05:30,2025-01-30 14:55:00+05:30,23174.6,23191.89894273465,23191.89894273465,23114.053700428718,-17.3,STOP_LOSS
long,2025-01-31 13:45:00+05:30,2025-01-31 13:55:00+05:30,23501.9,23488.14249553043,23488.14249553043,23550.051265643502,-13.76,STOP_LOSS
long,2025-02-01 10:30:00+05:30,2025-02-01 11:30:00+05:30,23563.65,23624.553393586444,23546.249030403873,23624.553393586444,60.9,TAKE_PROFIT
short,2025-02-03 10:35:00+05:30,2025-02-03 10:40:00+05:30,23272.8,23294.851895524487,23294.851895524487,23195.61836566429,-22.05,STOP_LOSS
long,2025-02-04 11:55:00+05:30,2025-02-04 13:10:00+05:30,23546.25,23636.24831172863,23520.536196648965,23636.24831172863,90.0,TAKE_PROFIT
long,2025-02-04 14:00:00+05:30,2025-02-04 14:10:00+05:30,23673.8,23653.818547598057,23653.818547598057,23743.73508340679,-19.98,STOP_LOSS
short,2025-02-06 10:20:00+05:30,2025-02-06 12:55:00+05:30,23647.75,23583.67423661451,23666.057360967283,23583.67423661451,64.08,TAKE_PROFIT
short,2025-02-07 10:35:00+05:30,2025-02-07 10:55:00+05:30,23565.35,23598.1303219407,23598.1303219407,23450.61887320755,-32.78,STOP_LOSS
long,2025-02-07 11:50:00+05:30,2025-02-07 12:00:00+05:30,23652.2,23631.976152590418,23631.976152590418,23722.983465933547,-20.22,STOP_LOSS
short,2025-02-07 14:35:00+05:30,2025-02-07 15:00:00+05:30,23486.6,23505.383308295248,23505.383308295248,23420.858420966626,-18.78,STOP_LOSS
short,2025-02-10 10:35:00+05:30,2025-02-10 13:30:00+05:30,23399.35,23326.36894242806,23420.201730734836,23326.36894242806,72.98,TAKE_PROFIT
short,2025-02-11 09:40:00+05:30,2025-02-11 10:15:00+05:30,23339.95,23269.97479766356,23359.94291495327,23269.97479766356,69.98,TAKE_PROFIT
short,2025-02-11 10:55:00+05:30,2025-02-11 11:15:00+05:30,23272.45,23286.598008849764,23286.598008849764,23222.93196902583,-14.15,STOP_LOSS
short,2025-02-12 14:55:00+05:30,2025-02-12 15:00:00+05:30,22989.75,23011.6650073873,23011.6650073873,22913.047474144452,-21.92,STOP_LOSS
long,2025-02-13 10:55:00+05:30,2025-02-13 13:10:00+05:30,23176.55,23156.17604522623,23156.17604522623,23247.85884170819,-20.37,STOP_LOSS
short,2025-02-13 14:55:00+05:30,2025-02-13 15:15:00+05:30,23050.85,23030.5,23070.83875384518,22980.889361541867,20.35,EOD_EXIT
long,2025-02-17 13:55:00+05:30,2025-02-17 15:15:00+05:30,22898.8,22961.75,22873.00963171344,22989.066289002945,62.95,EOD_EXIT
short,2025-02-18 11:25:00+05:30,2025-02-18 11:40:00+05:30,22838.8,22857.356606200883,22857.356606200883,22773.851878296904,-18.56,STOP_LOSS
short,2025-02-19 13:40:00+05:30,2025-02-19 14:15:00+05:30,22938.75,22892.565810227123,22951.94548279225,22892.565810227123,46.18,TAKE_PROFIT
short,2025-02-20 10:00:00+05:30,2025-02-20 11:05:00+05:30,22874.7,22900.742613280607,22900.742613280607,22783.55085351788,-26.04,STOP_LOSS
short,2025-02-21 11:00:00+05:30,2025-02-21 11:35:00+05:30,22780.55,22797.445423528894,22797.445423528894,22721.416017648866,-16.9,STOP_LOSS
short,2025-02-21 13:50:00+05:30,2025-02-21 14:05:00+05:30,22752.75,22768.389449076254,22768.389449076254,22698.011928233107,-15.64,STOP_LOSS
short,2025-02-24 10:50:00+05:30,2025-02-24 11:40:00+05:30,22571.05,22586.345000030364,22586.345000030364,22517.51749989372,-15.3,STOP_LOSS
short,2025-02-24 14:00:00+05:30,2025-02-24 14:35:00+05:30,22548.75,22560.65096836686,22560.65096836686,22507.096610715995,-11.9,STOP_LOSS
short,2025-02-28 11:30:00+05:30,2025-02-28 12:35:00+05:30,22253.35,22199.522475602425,22268.72929268502,22199.522475602425,53.83,TAKE_PROFIT
short,2025-02-28 13:55:00+05:30,2025-02-28 14:40:00+05:30,22130.7,22149.58812093905,22149.58812093905,22064.591576713327,-18.89,STOP_LOSS
short,2025-03-04 09:55:00+05:30,2025-03-04 11:00:00+05:30,22058.6,22087.118671131313,22087.118671131313,21958.784651040398,-28.52,STOP_LOSS
long,2025-03-05 12:50:00+05:30,2025-03-05 12:55:00+05:30,22368.75,22356.1113354284,22356.1113354284,22412.98532600061,-12.64,STOP_LOSS
long,2025-03-07 11:25:00+05:30,2025-03-07 11:45:00+05:30,22601.05,22583.667509942454,22583.667509942454,22661.888715201407,-17.38,STOP_LOSS
long,2025-03-10 10:10:00+05:30,2025-03-10 10:25:00+05:30,22631.75,22611.897620546442,22611.897620546442,22701.233328087448,-19.85,STOP_LOSS
long,2025-03-11 14:35:00+05:30,2025-03-11 14:50:00+05:30,22494.75,22482.757184172544,22482.757184172544,22536.72485539609,-11.99,STOP_LOSS
short,2025-03-12 10:30:00+05:30,2025-03-12 11:35:00+05:30,22442.15,22371.223348212014,22462.414757653714,22371.223348212014,70.93,TAKE_PROFIT
short,2025-03-12 12:05:00+05:30,2025-03-12 12:30:00+05:30,22360.95,22378.188703005166,22378.188703005166,22300.614539481918,-17.24,STOP_LOSS
long,2025-03-13 09:30:00+05:30,2025-03-13 10:15:00+05:30,22475.85,22552.163093040785,22454.046259131203,22552.163093040785,76.31,TAKE_PROFIT
short,2025-03-13 12:10:00+05:30,2025-03-13 15:15:00+05:30,22443.2,22408.55,22460.660117945674,22382.08958719015,34.65,EOD_EXIT
long,2025-03-18 10:55:00+05:30,2025-03-18 12:25:00+05:30,22750.8,22734.6479296253,22734.6479296253,22807.332246311445,-16.15,STOP_LOSS
long,2025-03-19 11:15:00+05:30,2025-03-19 15:15:00+05:30,22896.95,22899.85,22882.67599619391,22946.909013321318,2.9,EOD_EXIT
long,2025-03-20 14:40:00+05:30,2025-03-20 15:15:00+05:30,23195.0,23188.15,23182.731400710785,23237.94009751225,-6.85,EOD_EXIT
long,2025-03-21 11:45:00+05:30,2025-03-21 12:50:00+05:30,23340.0,23388.900921728302,23326.028308077628,23388.900921728302,48.9,TAKE_PROFIT
long,2025-03-24 13:40:00+05:30,2025-03-24 13:45:00+05:30,23650.45,23639.27971424585,23639.27971424585,23689.54600013952,-11.17,STOP_LOSS
long,2025-03-24 14:35:00+05:30,2025-03-24 15:00:00+05:30,23677.35,23664.703519018723,23664.703519018723,23721.612683434465,-12.65,STOP_LOSS
long,2025-03-25 14:15:00+05:30,2025-03-25 14:25:00+05:30,23722.65,23705.559335282363,23705.559335282363,23782.467326511738,-17.09,STOP_LOSS
short,2025-03-26 14:25:00+05:30,2025-03-26 14:55:00+05:30,23542.4,23486.63300062921,23558.333428391656,23486.63300062921,55.77,TAKE_PROFIT
short,2025-03-28 09:50:00+05:30,2025-03-28 10:30:00+05:30,23549.55,23571.60574428887,23571.60574428887,23472.354894988945,-22.06,STOP_LOSS
short,2025-03-28 12:55:00+05:30,2025-03-28 13:45:00+05:30,23527.2,23467.29993878881,23544.3143032032,23467.29993878881,59.9,TAKE_PROFIT
short,2025-03-28 14:05:00+05:30,2025-03-28 14:10:00+05:30,23476.75,23495.308885003407,23495.308885003407,23411.793902488072,-18.56,STOP_LOSS
short,2025-04-01 12:25:00+05:30,2025-04-01 12:35:00+05:30,23213.9,23235.592734987764,23235.592734987764,23137.975427542828,-21.69,STOP_LOSS
short,2025-04-01 14:35:00+05:30,2025-04-01 15:05:00+05:30,23160.75,23176.696221747476,23176.696221747476,23104.938223883837,-15.95,STOP_LOSS
short,2025-04-04 11:15:00+05:30,2025-04-04 13:40:00+05:30,22991.5,22906.37247459644,23015.822150115302,22906.37247459644,85.13,TAKE_PROFIT
short,2025-04-04 14:10:00+05:30,2025-04-04 15:15:00+05:30,22909.6,22903.75,22926.833141209514,22849.284005766687,5.85,EOD_EXIT
short,2025-04-07 10:25:00+05:30,2025-04-07 15:00:00+05:30,22005.15,22067.368330584944,22067.368330584944,21787.385842952703,-62.22,STOP_LOSS
short,2025-04-09 10:05:00+05:30,2025-04-09 15:15:00+05:30,22428.55,22396.2,22470.803980540153,22280.661068109457,32.35,EOD_EXIT
long,2025-04-11 12:30:00+05:30,2025-04-11 12:35:00+05:30,22890.8,22875.424274087287,22875.424274087287,22944.615040694498,-15.38,STOP_LOSS
long,2025-04-15 10:50:00+05:30,2025-04-15 15:15:00+05:30,23304.3,23328.05,23290.414011598124,23352.900959406557,23.75,EOD_EXIT
long,2025-04-17 10:55:00+05:30,2025-04-17 11:00:00+05:30,23406.65,23387.82058633715,23387.82058633715,23472.55294781997,-18.83,STOP_LOSS
long,2025-04-17 14:15:00+05:30,2025-04-17 15:15:00+05:30,23828.0,23850.15,23805.550022710788,23906.574920512245,22.15,EOD_EXIT
long,2025-04-21 11:40:00+05:30,2025-04-21 12:15:00+05:30,24108.0,24157.5783276794,24093.83476352017,24157.5783276794,49.58,TAKE_PROFIT
long,2025-04-21 13:10:00+05:30,2025-04-21 13:15:00+05:30,24173.75,24161.63522102136,24161.63522102136,24216.151726425243,-12.11,STOP_LOSS
long,2025-04-23 14:45:00+05:30,2025-04-23 15:15:00+05:30,24299.1,24329.8,24287.27019280414,24340.50432518551,30.7,EOD_EXIT
long,2025-04-25 09:30:00+05:30,2025-04-25 09:35:00+05:30,24280.05,24252.939376235463,24252.939376235463,24374.93718317588,-27.11,STOP_LOSS
short,2025-04-25 11:35:00+05:30,2025-04-25 12:35:00+05:30,23922.25,23951.710996244503,23951.710996244503,23819.136513144244,-29.46,STOP_LOSS
long,2025-04-28 13:00:00+05:30,2025-04-28 14:20:00+05:30,24330.9,24315.823550000252,24315.823550000252,24383.667574999126,-15.08,STOP_LOSS
long,2025-05-05 11:10:00+05:30,2025-05-05 11:25:00+05:30,24486.2,24468.068066795608,24468.068066795608,24549.661766215384,-18.13,STOP_LOSS
short,2025-05-06 11:00:00+05:30,2025-05-06 15:15:00+05:30,24395.3,24365.2,24408.863538776088,24347.827614283695,30.1,EOD_EXIT
short,2025-05-08 14:20:00+05:30,2025-05-08 14:50:00+05:30,24337.55,24284.59618190477,24352.679662312923,24284.59618190477,52.95,TAKE_PROFIT
short,2025-05-09 10:15:00+05:30,2025-05-09 11:25:00+05:30,24048.9,24090.535453616398,24090.535453616398,23903.175912342613,-41.64,STOP_LOSS
short,2025-05-09 14:00:00+05:30,2025-05-09 14:55:00+05:30,23992.75,24014.06116121122,24014.06116121122,23918.160935760734,-21.31,STOP_LOSS
long,2025-05-12 10:55:00+05:30,2025-05-12 12:30:00+05:30,24678.2,24757.13554576641,24655.646986923883,24757.13554576641,78.94,TAKE_PROFIT
long,2025-05-12 14:35:00+05:30,2025-05-12 14:55:00+05:30,24866.15,24919.92830949678,24850.784768715206,24919.92830949678,53.78,TAKE_PROFIT
short,2025-05-13 13:40:00+05:30,2025-05-13 15:15:00+05:30,24614.5,24578.15,24637.820024016455,24532.879915942412,36.35,EOD_EXIT
long,2025-05-14 10:40:00+05:30,2025-05-14 10:50:00+05:30,24733.8,24714.538765467278,24714.538765467278,24801.21432086452,-19.26,STOP_LOSS
short,2025-05-14 13:00:00+05:30,2025-05-14 13:25:00+05:30,24619.55,24643.63081184901,24643.63081184901,24535.26715852847,-24.08,STOP_LOSS
short,2025-05-15 10:10:00+05:30,2025-05-15 10:30:00+05:30,24561.7,24591.424907307817,24591.424907307817,24457.662824422638,-29.72,STOP_LOSS
long,2025-05-15 11:05:00+05:30,2025-05-15 11:10:00+05:30,24693.8,24649.093139745542,24649.093139745542,24850.2740108906,-44.71,STOP_LOSS
long,2025-05-15 14:50:00+05:30,2025-05-15 15:15:00+05:30,25067.05,25050.1,25039.662089265265,25162.907687571573,-16.95,EOD_EXIT
long,2025-05-21 11:10:00+05:30,2025-05-21 11:20:00+05:30,24896.95,24874.553944574986,24874.553944574986,24975.33619398755,-22.4,STOP_LOSS
short,2025-05-22 10:20:00+05:30,2025-05-22 12:50:00+05:30,24613.55,24521.500948903293,24639.849728884772,24521.500948903293,92.05,TAKE_PROFIT
long,2025-05-23 11:20:00+05:30,2025-05-23 11:45:00+05:30,24860.85,24840.383023584218,24840.383023584218,24932.48441745523,-20.47,STOP_LOSS
short,2025-05-28 10:30:00+05:30,2025-05-28 10:50:00+05:30,24766.65,24786.700860342353,24786.700860342353,24696.47198880177,-20.05,STOP_LOSS
short,2025-05-30 11:05:00+05:30,2025-05-30 11:25:00+05:30,24757.3,24772.505560067515,24772.505560067515,24704.080539763698,-15.21,STOP_LOSS
short,2025-06-02 10:25:00+05:30,2025-06-02 10:35:00+05:30,24588.3,24609.451030243672,24609.451030243672,24514.27139414715,-21.15,STOP_LOSS
long,2025-06-02 13:00:00+05:30,2025-06-02 14:20:00+05:30,24703.55,24685.26650556532,24685.26650556532,24767.54223052138,-18.28,STOP_LOSS
short,2025-06-03 09:35:00+05:30,2025-06-03 10:20:00+05:30,24674.15,24709.674649175635,24709.674649175635,24549.81372788529,-35.52,STOP_LOSS
long,2025-06-05 12:35:00+05:30,2025-06-05 13:10:00+05:30,24810.15,24788.277027043143,24788.277027043143,24886.70540534901,-21.87,STOP_LOSS
long,2025-06-06 12:10:00+05:30,2025-06-06 12:20:00+05:30,24998.85,24983.75980900802,24983.75980900802,25051.665668471916,-15.09,STOP_LOSS
long,2025-06-09 11:05:00+05:30,2025-06-09 11:25:00+05:30,25126.95,25115.821389222638,25115.821389222638,25165.900137720768,-11.13,STOP_LOSS
long,2025-06-10 10:30:00+05:30,2025-06-10 10:50:00+05:30,25140.75,25126.475036393545,25126.475036393545,25190.712372622587,-14.27,STOP_LOSS
short,2025-06-11 14:25:00+05:30,2025-06-11 15:15:00+05:30,25142.6,25136.0,25155.753819843496,25096.561630547752,6.6,EOD_EXIT
short,2025-06-12 10:25:00+05:30,2025-06-12 11:35:00+05:30,25103.8,25042.044647543633,25121.444386416104,25042.044647543633,61.76,TAKE_PROFIT
short,2025-06-13 11:05:00+05:30,2025-06-13 12:00:00+05:30,24673.9,24691.238585598094,24691.238585598094,24613.214950406684,-17.34,STOP_LOSS
long,2025-06-16 12:05:00+05:30,2025-06-16 12:35:00+05:30,24894.55,24940.960096902338,24881.289972313618,24940.960096902338,46.41,TAKE_PROFIT
long,2025-06-16 13:45:00+05:30,2025-06-16 15:15:00+05:30,24942.0,24955.2,24930.818702213026,24981.134542254407,13.2,EOD_EXIT
short,2025-06-17 10:25:00+05:30,2025-06-17 10:30:00+05:30,24872.25,24888.491787045776,24888.491787045776,24815.403745339787,-16.24,STOP_LOSS
short,2025-06-18 12:00:00+05:30,2025-06-18 12:05:00+05:30,24800.3,24813.910331906933,24813.910331906933,24752.663838325727,-13.61,STOP_LOSS
long,2025-06-20 11:25:00+05:30,2025-06-20 12:25:00+05:30,25004.0,24989.904586651566,24989.904586651566,25053.333946719515,-14.1,STOP_LOSS
long,2025-06-20 13:40:00+05:30,2025-06-20 14:30:00+05:30,25047.55,25033.05508571044,25033.05508571044,25098.282200013462,-14.49,STOP_LOSS
long,2025-06-24 09:45:00+05:30,2025-06-24 11:05:00+05:30,25138.15,25261.59282065794,25102.88062266916,25261.59282065794,123.44,TAKE_PROFIT
long,2025-06-24 12:25:00+05:30,2025-06-24 12:35:00+05:30,25286.35,25270.618813413712,25270.618813413712,25341.409153052005,-15.73,STOP_LOSS
short,2025-06-24 14:30:00+05:30,2025-06-24 15:15:00+05:30,25054.6,25055.0,25085.17924509743,24947.572642158982,-0.4,EOD_EXIT
long,2025-06-25 10:45:00+05:30,2025-06-25 12:15:00+05:30,25198.4,25185.771653906024,25185.771653906024,25242.59921132893,-12.63,STOP_LOSS
long,2025-06-26 10:35:00+05:30,2025-06-26 10:40:00+05:30,25370.0,25351.98342870911,25351.98342870911,25433.057999518118,-18.02,STOP_LOSS
long,2025-06-27 10:20:00+05:30,2025-06-27 12:15:00+05:30,25561.3,25620.193381805664,25544.473319484096,25620.193381805664,58.89,TAKE_PROFIT
short,2025-06-30 10:55:00+05:30,2025-06-30 11:50:00+05:30,25559.15,25572.840751380536,25572.840751380536,25511.232370168134,-13.69,STOP_LOSS
short,2025-06-30 14:35:00+05:30,2025-06-30 14:50:00+05:30,25491.9,25502.801819945154,25502.801819945154,25453.74363019197,-10.9,STOP_LOSS
short,2025-07-02 11:20:00+05:30,2025-07-02 11:45:00+05:30,25486.1,25497.36431113398,25497.36431113398,25446.674911031056,-11.26,STOP_LOSS
short,2025-07-02 14:05:00+05:30,2025-07-02 14:55:00+05:30,25413.4,25426.04036855298,25426.04036855298,25369.15871006457,-12.64,STOP_LOSS
short,2025-07-04 10:00:00+05:30,2025-07-04 11:00:00+05:30,25405.8,25424.016303193916,25424.016303193916,25342.042938821298,-18.22,STOP_LOSS
long,2025-07-07 10:00:00+05:30,2025-07-07 10:05:00+05:30,25457.35,25441.376455357153,25441.376455357153,25513.25740624996,-15.97,STOP_LOSS
short,2025-07-10 09:45:00+05:30,2025-07-10 10:50:00+05:30,25453.5,25402.571518755412,25468.05099464131,25402.571518755412,50.93,TAKE_PROFIT
short,2025-07-10 11:10:00+05:30,2025-07-10 14:25:00+05:30,25397.0,25409.011498348034,25409.011498348034,25354.959755781885,-12.01,STOP_LOSS
short,2025-07-11 11:35:00+05:30,2025-07-11 15:15:00+05:30,25178.0,25138.6,25193.006517147303,25125.477189984438,39.4,EOD_EXIT
short,2025-07-16 10:55:00+05:30,2025-07-16 11:30:00+05:30,25138.5,25149.025162959926,25149.025162959926,25101.661929640257,-10.53,STOP_LOSS
long,2025-07-16 14:30:00+05:30,2025-07-16 15:00:00+05:30,25227.7,25217.151254313485,25217.151254313485,25264.620609902813,-10.55,STOP_LOSS
short,2025-07-17 10:55:00+05:30,2025-07-17 11:10:00+05:30,25162.8,25172.605655028485,25172.605655028485,25128.4802074003,-9.81,STOP_LOSS
short,2025-07-18 11:05:00+05:30,2025-07-18 11:25:00+05:30,24954.75,24969.756121741684,24969.756121741684,24902.2285739041,-15.01,STOP_LOSS
long,2025-07-21 11:20:00+05:30,2025-07-21 11:35:00+05:30,25056.2,25043.94310921679,25043.94310921679,25099.099117741232,-12.26,STOP_LOSS
long,2025-07-22 09:35:00+05:30,2025-07-22 10:40:00+05:30,25108.1,25089.20541474251,25089.20541474251,25174.2310484012,-18.89,STOP_LOSS
short,2025-07-24 12:35:00+05:30,2025-07-24 13:45:00+05:30,25075.85,25090.696063343396,25090.696063343396,25023.888778298107,-14.85,STOP_LOSS
short,2025-07-25 11:00:00+05:30,2025-07-25 13:30:00+05:30,24875.65,24820.0598808946,24891.532891172974,24820.0598808946,55.59,TAKE_PROFIT
short,2025-07-28 09:45:00+05:30,2025-07-28 10:10:00+05:30,24812.75,24838.10888166041,24838.10888166041,24723.99391418857,-25.36,STOP_LOSS
short,2025-07-28 14:30:00+05:30,2025-07-28 14:35:00+05:30,24680.05,24695.07010034211,24695.07010034211,24627.479648802615,-15.02,STOP_LOSS
short,2025-07-29 10:55:00+05:30,2025-07-29 11:15:00+05:30,24645.25,24662.287591725715,24662.287591725715,24585.61842896,-17.04,STOP_LOSS
long,2025-07-29 14:50:00+05:30,2025-07-29 15:15:00+05:30,24792.0,24827.55,24776.947193260017,24844.68482358994,35.55,EOD_EXIT
long,2025-07-30 09:55:00+05:30,2025-07-30 10:25:00+05:30,24839.35,24817.689820979715,24817.689820979715,24915.16062657099,-21.66,STOP_LOSS
short,2025-08-01 12:05:00+05:30,2025-08-01 14:55:00+05:30,24670.6,24615.837782696137,24686.2463478011,24615.837782696137,54.76,TAKE_PROFIT
short,2025-08-05 10:15:00+05:30,2025-08-05 12:10:00+05:30,24634.8,24652.854364786457,24652.854364786457,24571.609723247395,-18.05,STOP_LOSS
short,2025-08-07 11:20:00+05:30,2025-08-07 11:35:00+05:30,24426.85,24440.184573876468,24440.184573876468,24380.178991432356,-13.33,STOP_LOSS
short,2025-08-07 13:40:00+05:30,2025-08-07 14:00:00+05:30,24385.4,24402.16394402039,24402.16394402039,24326.726195928637,-16.76,STOP_LOSS
long,2025-08-12 10:20:00+05:30,2025-08-12 10:25:00+05:30,24657.75,24639.591460447533,24639.591460447533,24721.304888433635,-18.16,STOP_LOSS
long,2025-08-13 10:10:00+05:30,2025-08-13 11:55:00+05:30,24580.5,24562.473415994973,24562.473415994973,24643.59304401759,-18.03,STOP_LOSS
long,2025-08-18 10:25:00+05:30,2025-08-18 11:00:00+05:30,24975.45,24958.234099051926,24958.234099051926,25035.70565331826,-17.22,STOP_LOSS
long,2025-08-18 11:25:00+05:30,2025-08-18 11:30:00+05:30,24961.4,24949.241594051993,24949.241594051993,25003.954420818034,-12.16,STOP_LOSS
long,2025-08-21 10:50:00+05:30,2025-08-21 11:45:00+05:30,25127.1,25115.579315326348,25115.579315326348,25167.422396357782,-11.52,STOP_LOSS
short,2025-08-22 11:05:00+05:30,2025-08-22 11:40:00+05:30,24923.65,24935.658727680744,24935.658727680744,24881.619453117397,-12.01,STOP_LOSS
short,2025-08-26 10:15:00+05:30,2025-08-26 11:25:00+05:30,24802.9,24820.6046519975,24820.6046519975,24740.933718008757,-17.7,STOP_LOSS
short,2025-08-28 10:05:00+05:30,2025-08-28 10:45:00+05:30,24589.5,24614.171192872498,24614.171192872498,24503.150824946257,-24.67,STOP_LOSS
short,2025-08-29 14:05:00+05:30,2025-08-29 14:10:00+05:30,24498.15,24510.011508439828,24510.011508439828,24456.634720460606,-11.86,STOP_LOSS
long,2025-09-01 11:20:00+05:30,2025-09-01 11:45:00+05:30,24542.05,24531.185775885544,24531.185775885544,24580.074784400593,-10.86,STOP_LOSS
long,2025-09-02 10:30:00+05:30,2025-09-02 13:20:00+05:30,24718.45,24703.491028567707,24703.491028567707,24770.806400013025,-14.96,STOP_LOSS
short,2025-09-03 09:45:00+05:30,2025-09-03 10:00:00+05:30,24566.55,24590.182486767735,24590.182486767735,24483.83629631292,-23.63,STOP_LOSS
long,2025-09-03 14:40:00+05:30,2025-09-03 15:00:00+05:30,24660.75,24696.737692157512,24650.46780224071,24696.737692157512,35.99,TAKE_PROFIT
short,2025-09-05 10:25:00+05:30,2025-09-05 13:50:00+05:30,24721.75,24751.139899965365,24751.139899965365,24618.885350121225,-29.39,STOP_LOSS
long,2025-09-05 14:30:00+05:30,2025-09-05 14:35:00+05:30,24749.15,24735.179485382476,24735.179485382476,24798.04680116134,-13.97,STOP_LOSS
long,2025-09-05 14:50:00+05:30,2025-09-05 15:15:00+05:30,24739.0,24739.4,24725.238657422396,24787.16469902161,0.4,EOD_EXIT
long,2025-09-08 10:05:00+05:30,2025-09-08 10:25:00+05:30,24810.95,24792.878375606004,24792.878375606004,24874.200685378994,-18.07,STOP_LOSS
long,2025-09-10 11:10:00+05:30,2025-09-10 11:15:00+05:30,25013.1,25002.456292715586,25002.456292715586,25050.352975495443,-10.64,STOP_LOSS
long,2025-09-16 10:40:00+05:30,2025-09-16 10:45:00+05:30,25163.95,25155.4136531574,25155.4136531574,25193.827213949105,-8.54,STOP_LOSS
long,2025-09-17 10:10:00+05:30,2025-09-17 15:15:00+05:30,25314.15,25327.35,25301.11705711119,25359.765300110834,13.2,EOD_EXIT
long,2025-09-18 10:15:00+05:30,2025-09-18 12:35:00+05:30,25408.1,25395.782289721774,25395.782289721774,25451.211985973783,-12.32,STOP_LOSS
short,2025-09-18 14:40:00+05:30,2025-09-18 14:45:00+05:30,25352.5,25366.259081018714,25366.259081018714,25304.343216434496,-13.76,STOP_LOSS
short,2025-09-19 10:20:00+05:30,2025-09-19 13:25:00+05:30,25330.2,25344.179869328356,25344.179869328356,25281.27045735075,-13.98,STOP_LOSS
short,2025-09-23 10:35:00+05:30,2025-09-23 12:25:00+05:30,25137.95,25154.341140205008,25154.341140205008,25080.58100928248,-16.39,STOP_LOSS
short,2025-09-24 09:55:00+05:30,2025-09-24 13:00:00+05:30,25091.95,25111.124572185996,25111.124572185996,25024.838997349023,-19.17,STOP_LOSS
short,2025-09-25 10:25:00+05:30,2025-09-25 11:40:00+05:30,25043.55,24994.079285731113,25057.68448979111,24994.079285731113,49.47,TAKE_PROFIT
short,2025-09-26 09:55:00+05:30,2025-09-26 13:20:00+05:30,24817.2,24743.153975823825,24838.35600690748,24743.153975823825,74.05,TAKE_PROFIT
short,2025-09-26 14:40:00+05:30,2025-09-26 15:15:00+05:30,24661.1,24652.2,24676.962172699274,24605.58239555253,8.9,EOD_EXIT
short,2025-09-29 12:25:00+05:30,2025-09-29 13:00:00+05:30,24658.55,24674.160274322843,24674.160274322843,24603.914039870044,-15.61,STOP_LOSS
short,2025-09-30 10:50:00+05:30,2025-09-30 11:00:00+05:30,24628.0,24644.34872665186,24644.34872665186,24570.779456718486,-16.35,STOP_LOSS
long,2025-10-01 12:25:00+05:30,2025-10-01 12:40:00+05:30,24777.2,24762.001337577873,24762.001337577873,24830.395318477444,-15.2,STOP_LOSS
long,2025-10-01 14:55:00+05:30,2025-10-01 15:15:00+05:30,24835.35,24839.7,24817.81963143219,24896.70628998732,4.35,EOD_EXIT
long,2025-10-06 13:50:00+05:30,2025-10-06 14:25:00+05:30,25062.8,25049.577796480906,25049.577796480906,25109.077712316823,-13.22,STOP_LOSS
long,2025-10-07 10:30:00+05:30,2025-10-07 10:55:00+05:30,25172.0,25156.93445655343,25156.93445655343,25224.729402063,-15.07,STOP_LOSS
short,2025-10-08 11:55:00+05:30,2025-10-08 12:50:00+05:30,25051.05,25065.427433510587,25065.427433510587,25000.72898271294,-14.38,STOP_LOSS
long,2025-10-10 10:35:00+05:30,2025-10-10 13:35:00+05:30,25272.15,25325.25255776971,25256.977840637228,25325.25255776971,53.1,TAKE_PROFIT
short,2025-10-13 10:40:00+05:30,2025-10-13 14:20:00+05:30,25206.2,25222.05352070386,25222.05352070386,25150.7126775365,-15.85,STOP_LOSS
short,2025-10-14 11:50:00+05:30,2025-10-14 12:25:00+05:30,25152.4,25099.179682744918,25167.605804930026,25099.179682744918,53.22,TAKE_PROFIT
short,2025-10-14 12:55:00+05:30,2025-10-14 13:30:00+05:30,25098.1,25115.00526944452,25115.00526944452,25038.931556944182,-16.91,STOP_LOSS
long,2025-10-15 09:55:00+05:30,2025-10-15 10:30:00+05:30,25216.55,25281.212620969814,25198.074965437194,25281.212620969814,64.66,TAKE_PROFIT
long,2025-10-15 11:15:00+05:30,2025-10-15 13:15:00+05:30,25292.4,25336.17508686114,25279.89283232539,25336.17508686114,43.78,TAKE_PROFIT
long,2025-10-15 13:50:00+05:30,2025-10-15 14:00:00+05:30,25342.4,25332.453072788725,25332.453072788725,25377.214245239466,-9.95,STOP_LOSS
long,2025-10-16 11:15:00+05:30,2025-10-16 11:20:00+05:30,25461.2,25452.98901548527,25452.98901548527,25489.93844580156,-8.21,STOP_LOSS
long,2025-10-16 11:25:00+05:30,2025-10-16 11:40:00+05:30,25459.65,25451.414638297825,25451.414638297825,25488.47376595762,-8.24,STOP_LOSS
long,2025-10-20 09:45:00+05:30,2025-10-20 15:15:00+05:30,25820.2,25841.5,25785.275108276135,25942.437121033527,21.3,EOD_EXIT
long,2025-10-21 14:20:00+05:30,2025-10-21 14:30:00+05:30,25886.35,25870.07950575095,25870.07950575095,25943.296729871676,-16.27,STOP_LOSS
long,2025-10-23 10:40:00+05:30,2025-10-23 10:45:00+05:30,26071.4,26055.5055734587,26055.5055734587,26127.030492894548,-15.89,STOP_LOSS
long,2025-10-23 10:55:00+05:30,2025-10-23 11:05:00+05:30,26063.4,26048.853294781857,26048.853294781857,26114.313468263506,-14.55,STOP_LOSS
long,2025-10-23 11:10:00+05:30,2025-10-23 13:30:00+05:30,26058.0,26044.076100336515,26044.076100336515,26106.7336488222,-13.92,STOP_LOSS
short,2025-10-24 10:00:00+05:30,2025-10-24 11:25:00+05:30,25885.9,25804.707877901008,25909.097749171142,25804.707877901008,81.19,TAKE_PROFIT
short,2025-10-24 14:30:00+05:30,2025-10-24 15:00:00+05:30,25759.4,25776.018150874497,25776.018150874497,25701.23647193927,-16.62,STOP_LOSS
long,2025-10-27 10:45:00+05:30,2025-10-27 13:15:00+05:30,25956.85,25943.82495097052,25943.82495097052,26002.43767160317,-13.03,STOP_LOSS
long,2025-10-28 13:35:00+05:30,2025-10-28 13:40:00+05:30,25930.85,25913.57752509782,25913.57752509782,25991.303662157632,-17.27,STOP_LOSS
long,2025-10-29 09:35:00+05:30,2025-10-29 10:30:00+05:30,25965.2,26051.301242208774,25940.59964508321,26051.301242208774,86.1,TAKE_PROFIT
long,2025-10-29 10:50:00+05:30,2025-10-29 13:15:00+05:30,26024.9,26080.710891971223,26008.954030865367,26080.710891971223,55.81,TAKE_PROFIT
short,2025-10-30 13:55:00+05:30,2025-10-30 14:40:00+05:30,25889.0,25903.798393737503,25903.798393737503,25837.205621918733,-14.8,STOP_LOSS
short,2025-10-31 11:30:00+05:30,2025-10-31 11:50:00+05:30,25795.75,25811.571826384836,25811.571826384836,25740.37360765308,-15.82,STOP_LOSS
short,2025-10-31 13:55:00+05:30,2025-10-31 15:00:00+05:30,25775.35,25734.53194833795,25787.01230047487,25734.53194833795,40.82,TAKE_PROFIT
long,2025-11-03 14:30:00+05:30,2025-11-03 14:45:00+05:30,25774.5,25760.970215441193,25760.970215441193,25821.854245955823,-13.53,STOP_LOSS
short,2025-11-04 10:00:00+05:30,2025-11-04 11:30:00+05:30,25716.65,25660.66497033939,25732.645722760175,25660.66497033939,55.99,TAKE_PROFIT
short,2025-11-06 11:05:00+05:30,2025-11-06 12:45:00+05:30,25559.2,25572.553218861078,25572.553218861078,25512.46373398623,-13.35,STOP_LOSS
short,2025-11-07 09:45:00+05:30,2025-11-07 11:20:00+05:30,25389.6,25416.84606678175,25416.84606678175,25294.23876626388,-27.25,STOP_LOSS
long,2025-11-10 10:45:00+05:30,2025-11-10 11:25:00+05:30,25597.85,25646.88761987394,25583.839251464586,25646.88761987394,49.04,TAKE_PROFIT
short,2025-11-11 11:00:00+05:30,2025-11-11 11:40:00+05:30,25481.4,25495.78452732996,25495.78452732996,25431.054154345144,-14.38,STOP_LOSS
long,2025-11-11 12:55:00+05:30,2025-11-11 13:20:00+05:30,25567.35,25610.64370802512,25554.98036913568,25610.64370802512,43.29,TAKE_PROFIT
long,2025-11-11 14:45:00+05:30,2025-11-11 15:15:00+05:30,25667.35,25700.85,25650.673547993756,25725.717582021844,33.5,EOD_EXIT
short,2025-11-14 09:45:00+05:30,2025-11-14 13:35:00+05:30,25854.7,25768.27497470778,25879.392864369205,25768.27497470778,86.43,TAKE_PROFIT
short,2025-11-14 14:05:00+05:30,2025-11-14 14:35:00+05:30,25770.65,25784.403702852476,25784.403702852476,25722.512040016347,-13.75,STOP_LOSS
long,2025-11-17 10:00:00+05:30,2025-11-17 10:35:00+05:30,25954.1,25936.849951879074,25936.849951879074,26014.475168423236,-17.25,STOP_LOSS
long,2025-11-19 10:45:00+05:30,2025-11-19 11:05:00+05:30,25954.5,25941.03279279078,25941.03279279078,26001.635225232276,-13.47,STOP_LOSS
long,2025-11-20 09:50:00+05:30,2025-11-20 11:30:00+05:30,26084.4,26141.821195316992,26067.993944195146,26141.821195316992,57.42,TAKE_PROFIT
short,2025-11-21 11:05:00+05:30,2025-11-21 11:10:00+05:30,26083.35,26096.98082435548,26096.98082435548,26035.642114755814,-13.63,STOP_LOSS
short,2025-11-25 09:35:00+05:30,2025-11-25 10:05:00+05:30,25969.5,25990.91347498232,25990.91347498232,25894.552837561878,-21.41,STOP_LOSS
long,2025-11-26 11:40:00+05:30,2025-11-26 12:05:00+05:30,26121.05,26156.50814401568,26110.919101709806,26156.50814401568,35.46,TAKE_PROFIT
long,2025-11-26 13:30:00+05:30,2025-11-26 15:15:00+05:30,26172.0,26205.15,26159.096263229087,26217.163078698202,33.15,EOD_EXIT
long,2025-11-27 10:30:00+05:30,2025-11-27 11:45:00+05:30,26276.35,26261.60263313123,26261.60263313123,26327.965784040676,-14.75,STOP_LOSS
short,2025-11-27 14:00:00+05:30,2025-11-27 14:20:00+05:30,26177.2,26192.241238341605,26192.241238341605,26124.555665804382,-15.04,STOP_LOSS
long,2025-11-28 10:55:00+05:30,2025-11-28 11:20:00+05:30,26259.4,26245.862534940596,26245.862534940596,26306.781127707916,-13.54,STOP_LOSS
long,2025-12-01 09:50:00+05:30,2025-12-01 10:45:00+05:30,26273.55,26255.150449150788,26255.150449150788,26337.948427972246,-18.4,STOP_LOSS
short,2025-12-02 10:25:00+05:30,2025-12-02 10:55:00+05:30,26078.8,26092.2033622572,26092.2033622572,26031.888232099784,-13.4,STOP_LOSS
short,2025-12-03 10:50:00+05:30,2025-12-03 11:35:00+05:30,25920.2,25935.506727690576,25935.506727690576,25866.62645308299,-15.31,STOP_LOSS
long,2025-12-04 11:05:00+05:30,2025-12-04 11:20:00+05:30,26074.7,26063.611063170632,26063.611063170632,26113.511278902788,-11.09,STOP_LOSS
short,2025-12-04 14:00:00+05:30,2025-12-04 14:05:00+05:30,25986.7,25998.123161398566,25998.123161398566,25946.71893510503,-11.42,STOP_LOSS
short,2025-12-08 10:20:00+05:30,2025-12-08 12:10:00+05:30,26101.65,26042.295145165634,26118.60852995268,26042.295145165634,59.35,TAKE_PROFIT
short,2025-12-09 10:05:00+05:30,2025-12-09 10:15:00+05:30,25778.1,25800.483384061426,25800.483384061426,25699.758155785,-22.38,STOP_LOSS
short,2025-12-09 14:55:00+05:30,2025-12-09 15:15:00+05:30,25831.45,25836.0,25847.14751351036,25776.508702713734,-4.55,EOD_EXIT
short,2025-12-11 10:00:00+05:30,2025-12-11 10:05:00+05:30,25739.0,25763.69919092409,25763.69919092409,25652.55283176569,-24.7,STOP_LOSS
long,2025-12-12 10:30:00+05:30,2025-12-12 10:40:00+05:30,25980.95,25961.550213494385,25961.550213494385,26048.84925276965,-19.4,STOP_LOSS
short,2025-12-15 10:05:00+05:30,2025-12-15 10:15:00+05:30,25949.75,25966.97993397073,25966.97993397073,25889.44523110244,-17.23,STOP_LOSS
short,2025-12-16 10:30:00+05:30,2025-12-16 14:15:00+05:30,25913.25,25865.554767595513,25926.877209258426,25865.554767595513,47.7,TAKE_PROFIT
short,2025-12-17 10:45:00+05:30,2025-12-17 11:45:00+05:30,25829.25,25844.12366806333,25844.12366806333,25777.19216177834,-14.87,STOP_LOSS
long,2025-12-18 11:05:00+05:30,2025-12-18 12:35:00+05:30,25835.95,25887.9265226471,25821.09956495797,25887.9265226471,51.98,TAKE_PROFIT
long,2025-12-19 10:55:00+05:30,2025-12-19 11:05:00+05:30,25962.4,25950.263686922128,25950.263686922128,26004.877095772557,-12.14,STOP_LOSS
long,2025-12-19 11:10:00+05:30,2025-12-19 11:25:00+05:30,25954.75,25943.38759856827,25943.38759856827,25994.518405011055,-11.36,STOP_LOSS
long,2025-12-22 10:35:00+05:30,2025-12-22 14:30:00+05:30,26122.8,26162.52893508898,26111.448875688864,26162.52893508898,39.73,TAKE_PROFIT
short,2025-12-26 10:25:00+05:30,2025-12-26 11:45:00+05:30,26091.75,26052.681139588964,26102.91253154601,26052.681139588964,39.07,TAKE_PROFIT
long,2025-12-31 09:50:00+05:30,2025-12-31 11:00:00+05:30,25984.15,26044.76805950541,25966.830554427026,26044.76805950541,60.62,TAKE_PROFIT
long,2025-12-31 11:20:00+05:30,2025-12-31 12:05:00+05:30,26044.45,26081.4961625009,26033.8653821426,26081.4961625009,37.05,TAKE_PROFIT
long,2025-12-31 13:35:00+05:30,2025-12-31 14:40:00+05:30,26143.05,26176.29162883423,26133.55239176165,26176.29162883423,33.24,TAKE_PROFIT
long,2026-01-02 11:05:00+05:30,2026-01-02 11:45:00+05:30,26252.0,26287.91016558757,26241.739952689266,26287.91016558757,35.91,TAKE_PROFIT
long,2026-01-05 10:55:00+05:30,2026-01-05 11:20:00+05:30,26349.6,26335.524101931856,26335.524101931856,26398.865643238492,-14.08,STOP_LOSS
short,2026-01-07 13:45:00+05:30,2026-01-07 14:00:00+05:30,26082.9,26092.929765022684,26092.929765022684,26047.79582242062,-10.03,STOP_LOSS
short,2026-01-08 13:00:00+05:30,2026-01-08 15:00:00+05:30,25923.75,25876.932960307386,25937.126297055034,25876.932960307386,46.82,TAKE_PROFIT
short,2026-01-12 09:45:00+05:30,2026-01-12 11:30:00+05:30,25595.45,25496.666125459982,25623.67396415429,25496.666125459982,98.78,TAKE_PROFIT
short,2026-01-12 11:55:00+05:30,2026-01-12 12:05:00+05:30,25501.55,25515.947237197048,25515.947237197048,25451.15966981033,-14.4,STOP_LOSS
long,2026-01-12 14:00:00+05:30,2026-01-12 14:55:00+05:30,25730.25,25798.94732140252,25710.622193884992,25798.94732140252,68.7,TAKE_PROFIT
short,2026-01-13 13:50:00+05:30,2026-01-13 14:40:00+05:30,25671.45,25688.42392922472,25688.42392922472,25612.041247713492,-16.97,STOP_LOSS
short,2026-01-14 14:10:00+05:30,2026-01-14 14:45:00+05:30,25663.2,25679.810922820794,25679.810922820794,25605.06177012722,-16.61,STOP_LOSS
long,2026-01-16 11:05:00+05:30,2026-01-16 11:15:00+05:30,25828.8,25811.674886632572,25811.674886632572,25888.737896786,-17.13,STOP_LOSS
short,2026-01-20 10:05:00+05:30,2026-01-20 13:30:00+05:30,25479.8,25401.18784132012,25502.260616765678,25401.18784132012,78.61,TAKE_PROFIT
short,2026-01-21 11:30:00+05:30,2026-01-21 12:00:00+05:30,25043.65,25075.019895549376,25075.019895549376,24933.855365577194,-31.37,STOP_LOSS
long,2026-01-22 10:05:00+05:30,2026-01-22 10:25:00+05:30,25366.15,25337.29082297898,25337.29082297898,25467.157119573578,-28.86,STOP_LOSS
short,2026-01-22 11:25:00+05:30,2026-01-22 14:25:00+05:30,25247.25,25205.95,25274.44789049241,25152.057383276555,41.3,END_OF_DATA
