direction,entry_time,exit_time,entry_price,exit_price,peak_profit,pnl,exit_reason
long,2015-01-09 13:05:00+05:30,2015-01-09 13:55:00+05:30,8269.85,8216.45,0.0,-53.4,STOP_LOSS
long,2015-01-12 10:20:00+05:30,2015-01-12 12:10:00+05:30,8293.15,8268.6,0.2,-24.55,ST_TRAIL
long,2015-01-12 14:30:00+05:30,2015-01-12 15:15:00+05:30,8317.1,8328.55,11.45,11.45,EOD_EXIT
long,2015-01-13 10:45:00+05:30,2015-01-13 11:20:00+05:30,8341.85,8328.95,0.75,-12.9,ST_TRAIL
short,2015-01-13 14:15:00+05:30,2015-01-13 15:10:00+05:30,8338.35,8304.8,62.0,33.55,ST_TRAIL
long,2015-01-14 09:45:00+05:30,2015-01-14 10:15:00+05:30,8321.3,8297.5,0.0,-23.8,ST_TRAIL
long,2015-01-14 14:20:00+05:30,2015-01-14 14:35:00+05:30,8291.45,8269.4,0.0,-22.05,ST_TRAIL
long,2015-01-15 10:55:00+05:30,2015-01-15 15:15:00+05:30,8418.85,8498.1,107.65,79.25,EOD_EXIT
long,2015-01-19 09:45:00+05:30,2015-01-19 11:25:00+05:30,8557.8,8551.2,10.9,-6.6,ST_TRAIL
long,2015-01-19 13:00:00+05:30,2015-01-19 14:50:00+05:30,8549.9,8548.7,16.3,-1.2,ST_TRAIL
long,2015-01-20 09:40:00+05:30,2015-01-20 15:15:00+05:30,8592.6,8690.45,108.45,97.85,EOD_EXIT
long,2015-01-21 10:00:00+05:30,2015-01-21 10:10:00+05:30,8737.15,8715.75,0.0,-21.4,ST_TRAIL
long,2015-01-21 13:35:00+05:30,2015-01-21 14:15:00+05:30,8729.85,8706.3,0.0,-23.55,ST_TRAIL
long,2015-01-22 10:35:00+05:30,2015-01-22 10:55:00+05:30,8770.85,8752.8,0.0,-18.05,ST_TRAIL
long,2015-01-22 13:40:00+05:30,2015-01-22 13:55:00+05:30,8748.45,8743.15,1.3,-5.3,ST_TRAIL
short,2015-01-22 14:00:00+05:30,2015-01-22 15:00:00+05:30,8740.95,8752.3,5.6,-11.35,ST_TRAIL
short,2015-01-23 11:10:00+05:30,2015-01-23 13:25:00+05:30,8806.15,8824.1,3.25,-17.95,ST_TRAIL
short,2015-01-23 13:40:00+05:30,2015-01-23 13:55:00+05:30,8810.05,8834.4,0.0,-24.35,ST_TRAIL
long,2015-01-27 09:50:00+05:30,2015-01-27 11:35:00+05:30,8855.55,8836.85,3.85,-18.7,ST_TRAIL
long,2015-01-27 13:15:00+05:30,2015-01-27 15:15:00+05:30,8849.9,8912.15,67.3,62.25,EOD_EXIT
long,2015-01-28 11:15:00+05:30,2015-01-28 12:35:00+05:30,8944.5,8958.55,39.3,14.05,ST_TRAIL
short,2015-01-28 13:00:00+05:30,2015-01-28 15:00:00+05:30,8919.15,8909.65,41.35,9.5,ST_TRAIL
short,2015-01-29 11:25:00+05:30,2015-01-29 11:50:00+05:30,8867.7,8882.65,0.0,-14.95,ST_TRAIL
short,2015-01-29 14:10:00+05:30,2015-01-29 14:35:00+05:30,8883.2,8895.85,5.0,-12.65,ST_TRAIL
short,2015-01-30 10:45:00+05:30,2015-01-30 15:15:00+05:30,8917.3,8807.5,134.0,109.8,EOD_EXIT
short,2015-02-02 10:20:00+05:30,2015-02-02 13:25:00+05:30,8777.25,8778.9,20.7,-1.65,ST_TRAIL
long,2015-02-02 13:40:00+05:30,2015-02-02 14:30:00+05:30,8810.7,8793.35,22.55,-17.35,ST_TRAIL
long,2015-02-03 11:15:00+05:30,2015-02-03 11:45:00+05:30,8824.0,8759.0,0.0,-65.0,STOP_LOSS
short,2015-02-03 13:10:00+05:30,2015-02-03 13:40:00+05:30,8733.6,8756.35,1.65,-22.75,ST_TRAIL
short,2015-02-04 10:15:00+05:30,2015-02-04 11:20:00+05:30,8735.1,8757.9,13.2,-22.8,ST_TRAIL
long,2015-02-05 10:00:00+05:30,2015-02-05 11:50:00+05:30,8753.4,8743.6,11.4,-9.8,ST_TRAIL
long,2015-02-05 13:25:00+05:30,2015-02-05 14:35:00+05:30,8806.6,8805.15,25.4,-1.45,ST_TRAIL
short,2015-02-06 10:25:00+05:30,2015-02-06 11:50:00+05:30,8687.1,8701.2,17.7,-14.1,ST_TRAIL
short,2015-02-06 13:15:00+05:30,2015-02-06 15:15:00+05:30,8679.55,8666.45,24.85,13.1,EOD_EXIT
short,2015-02-09 10:00:00+05:30,2015-02-09 12:45:00+05:30,8551.95,8588.45,0.0,-36.5,ST_TRAIL
short,2015-02-09 13:45:00+05:30,2015-02-09 15:15:00+05:30,8566.65,8526.25,44.15,40.4,EOD_EXIT
long,2015-02-10 09:50:00+05:30,2015-02-10 12:00:00+05:30,8593.25,8601.1,47.1,7.85,ST_TRAIL
short,2015-02-10 13:30:00+05:30,2015-02-10 14:35:00+05:30,8556.35,8545.6,71.45,10.75,ST_TRAIL
long,2015-02-11 10:10:00+05:30,2015-02-11 11:20:00+05:30,8609.85,8602.45,15.95,-7.4,ST_TRAIL
long,2015-02-11 13:15:00+05:30,2015-02-11 13:30:00+05:30,8644.0,8619.7,0.0,-24.3,ST_TRAIL
long,2015-02-11 14:30:00+05:30,2015-02-11 15:10:00+05:30,8631.95,8624.05,12.8,-7.9,ST_TRAIL
short,2015-02-12 11:25:00+05:30,2015-02-12 13:40:00+05:30,8618.15,8627.75,12.55,-9.6,ST_TRAIL
long,2015-02-12 14:00:00+05:30,2015-02-12 15:15:00+05:30,8640.5,8718.4,81.45,77.9,EOD_EXIT
long,2015-02-13 09:40:00+05:30,2015-02-13 10:55:00+05:30,8760.9,8736.55,3.35,-24.35,ST_TRAIL
long,2015-02-16 10:35:00+05:30,2015-02-16 11:10:00+05:30,8868.5,8846.4,0.0,-22.1,ST_TRAIL
short,2015-02-16 11:25:00+05:30,2015-02-16 13:55:00+05:30,8822.4,8842.3,0.0,-19.9,ST_TRAIL
long,2015-02-18 10:00:00+05:30,2015-02-18 12:10:00+05:30,8848.85,8840.05,11.05,-8.8,ST_TRAIL
long,2015-02-18 13:20:00+05:30,2015-02-18 13:30:00+05:30,8857.9,8837.7,0.0,-20.2,ST_TRAIL
long,2015-02-19 10:15:00+05:30,2015-02-19 10:35:00+05:30,8895.05,8866.5,0.0,-28.55,ST_TRAIL
short,2015-02-19 11:05:00+05:30,2015-02-19 12:45:00+05:30,8812.85,8849.05,0.0,-36.2,ST_TRAIL
short,2015-02-19 13:10:00+05:30,2015-02-19 14:25:00+05:30,8832.4,8826.25,28.1,6.15,ST_TRAIL
short,2015-02-20 09:40:00+05:30,2015-02-20 11:25:00+05:30,8823.95,8863.95,0.0,-40.0,ST_TRAIL
long,2015-02-20 13:25:00+05:30,2015-02-20 13:50:00+05:30,8880.3,8864.5,6.6,-15.8,ST_TRAIL
short,2015-02-23 11:25:00+05:30,2015-02-23 13:30:00+05:30,8841.2,8853.8,8.75,-12.6,ST_TRAIL
short,2015-02-23 14:15:00+05:30,2015-02-23 15:15:00+05:30,8771.4,8741.6,29.8,29.8,EOD_EXIT
short,2015-02-24 11:00:00+05:30,2015-02-24 11:35:00+05:30,8739.2,8766.6,0.0,-27.4,ST_TRAIL
short,2015-02-24 14:20:00+05:30,2015-02-24 15:10:00+05:30,8763.75,8770.1,36.4,-6.35,ST_TRAIL
short,2015-02-25 14:05:00+05:30,2015-02-25 15:15:00+05:30,8785.8,8768.1,31.35,17.7,EOD_EXIT
short,2015-02-26 09:45:00+05:30,2015-02-26 11:15:00+05:30,8742.3,8756.3,5.15,-14.0,ST_TRAIL
long,2015-02-27 13:10:00+05:30,2015-02-27 15:15:00+05:30,8804.55,8840.5,47.0,35.95,EOD_EXIT
long,2015-02-28 09:40:00+05:30,2015-02-28 11:30:00+05:30,8910.65,8886.35,13.0,-24.3,ST_TRAIL
short,2015-02-28 13:20:00+05:30,2015-02-28 14:00:00+05:30,8753.3,8809.05,0.0,-55.75,STOP_LOSS
long,2015-03-02 09:45:00+05:30,2015-03-02 10:50:00+05:30,8960.55,8924.15,10.3,-36.4,ST_TRAIL
long,2015-03-02 14:05:00+05:30,2015-03-02 14:50:00+05:30,8917.45,8920.35,19.55,2.9,ST_TRAIL
long,2015-03-03 10:20:00+05:30,2015-03-03 11:15:00+05:30,8965.55,8942.35,3.75,-23.2,ST_TRAIL
long,2015-03-03 14:30:00+05:30,2015-03-03 15:15:00+05:30,8981.5,8992.5,22.9,11.0,EOD_EXIT
short,2015-03-09 09:40:00+05:30,2015-03-09 13:55:00+05:30,8816.3,8780.7,52.3,35.6,ST_TRAIL
short,2015-03-10 13:20:00+05:30,2015-03-10 15:05:00+05:30,8736.9,8719.2,59.25,17.7,ST_TRAIL
long,2015-03-11 10:05:00+05:30,2015-03-11 10:25:00+05:30,8738.25,8709.95,1.4,-28.3,ST_TRAIL
short,2015-03-11 13:25:00+05:30,2015-03-11 13:40:00+05:30,8696.25,8715.7,0.0,-19.45,ST_TRAIL
long,2015-03-11 14:20:00+05:30,2015-03-11 14:40:00+05:30,8752.3,8722.55,0.0,-29.75,ST_TRAIL
long,2015-03-12 10:50:00+05:30,2015-03-12 12:05:00+05:30,8765.8,8746.0,0.0,-19.8,ST_TRAIL
long,2015-03-12 14:05:00+05:30,2015-03-12 15:15:00+05:30,8766.95,8774.95,13.3,8.0,EOD_EXIT
short,2015-03-13 10:00:00+05:30,2015-03-13 15:15:00+05:30,8791.15,8650.4,152.95,140.75,EOD_EXIT
short,2015-03-16 09:50:00+05:30,2015-03-16 11:40:00+05:30,8624.75,8647.5,0.0,-22.75,ST_TRAIL
long,2015-03-17 10:00:00+05:30,2015-03-17 11:50:00+05:30,8713.3,8714.8,17.5,1.5,ST_TRAIL
short,2015-03-17 13:05:00+05:30,2015-03-17 14:55:00+05:30,8644.6,8674.7,11.75,-30.1,ST_TRAIL
long,2015-03-19 09:40:00+05:30,2015-03-19 10:50:00+05:30,8775.7,8757.8,10.55,-17.9,ST_TRAIL
short,2015-03-19 13:00:00+05:30,2015-03-19 13:20:00+05:30,8737.6,8753.3,1.1,-15.7,ST_TRAIL
short,2015-03-19 14:30:00+05:30,2015-03-19 15:15:00+05:30,8697.65,8632.7,81.25,64.95,EOD_EXIT
short,2015-03-20 10:10:00+05:30,2015-03-20 11:25:00+05:30,8597.9,8607.15,15.8,-9.25,ST_TRAIL
short,2015-03-20 14:20:00+05:30,2015-03-20 15:15:00+05:30,8592.3,8565.0,27.3,27.3,EOD_EXIT
short,2015-03-23 09:45:00+05:30,2015-03-23 11:45:00+05:30,8573.25,8587.6,4.95,-14.35,ST_TRAIL
short,2015-03-23 13:35:00+05:30,2015-03-23 15:15:00+05:30,8564.15,8549.3,17.65,14.85,EOD_EXIT
long,2015-03-24 11:25:00+05:30,2015-03-24 11:55:00+05:30,8592.0,8585.5,9.1,-6.5,ST_TRAIL
short,2015-03-24 13:25:00+05:30,2015-03-24 13:50:00+05:30,8562.5,8573.35,10.55,-10.85,ST_TRAIL
long,2015-03-24 14:05:00+05:30,2015-03-24 14:40:00+05:30,8605.7,8578.85,15.9,-26.85,ST_TRAIL
short,2015-03-25 13:25:00+05:30,2015-03-25 13:45:00+05:30,8522.9,8536.1,0.0,-13.2,ST_TRAIL
short,2015-03-26 09:45:00+05:30,2015-03-26 15:15:00+05:30,8470.35,8341.65,142.8,128.7,EOD_EXIT
short,2015-03-27 10:35:00+05:30,2015-03-27 11:00:00+05:30,8338.85,8367.1,0.0,-28.25,ST_TRAIL
long,2015-03-27 13:35:00+05:30,2015-03-27 15:15:00+05:30,8351.15,8339.65,3.65,-11.5,EOD_EXIT
long,2015-03-30 09:45:00+05:30,2015-03-30 11:30:00+05:30,8404.85,8403.55,24.45,-1.3,ST_TRAIL
long,2015-03-30 13:45:00+05:30,2015-03-30 15:15:00+05:30,8459.85,8486.5,32.65,26.65,EOD_EXIT
long,2015-03-31 10:50:00+05:30,2015-03-31 12:30:00+05:30,8526.85,8517.7,6.0,-9.15,ST_TRAIL
long,2015-03-31 13:20:00+05:30,2015-03-31 14:15:00+05:30,8532.3,8508.65,10.35,-23.65,ST_TRAIL
short,2015-03-31 14:20:00+05:30,2015-03-31 15:05:00+05:30,8487.35,8500.25,13.65,-12.9,ST_TRAIL
long,2015-04-01 13:30:00+05:30,2015-04-01 15:15:00+05:30,8527.1,8589.6,62.5,62.5,EOD_EXIT
long,2015-04-06 13:15:00+05:30,2015-04-06 15:15:00+05:30,8605.7,8662.85,57.15,57.15,EOD_EXIT
short,2015-04-07 11:10:00+05:30,2015-04-07 11:45:00+05:30,8616.8,8650.45,0.0,-33.65,ST_TRAIL
short,2015-04-07 14:00:00+05:30,2015-04-07 14:15:00+05:30,8595.5,8626.2,0.0,-30.7,ST_TRAIL
long,2015-04-08 14:05:00+05:30,2015-04-08 15:15:00+05:30,8715.8,8714.35,1.35,-1.45,EOD_EXIT
short,2015-04-09 09:45:00+05:30,2015-04-09 10:25:00+05:30,8705.15,8724.9,20.45,-19.75,ST_TRAIL
long,2015-04-09 13:25:00+05:30,2015-04-09 13:50:00+05:30,8756.2,8737.65,6.15,-18.55,ST_TRAIL
short,2015-04-09 14:05:00+05:30,2015-04-09 14:40:00+05:30,8720.4,8748.65,9.0,-28.25,ST_TRAIL
long,2015-04-10 14:05:00+05:30,2015-04-10 15:15:00+05:30,8758.6,8777.25,23.95,18.65,EOD_EXIT
short,2015-04-15 10:45:00+05:30,2015-04-15 12:10:00+05:30,8806.85,8812.4,7.8,-5.55,ST_TRAIL
short,2015-04-16 09:50:00+05:30,2015-04-16 13:30:00+05:30,8732.5,8675.9,84.95,56.6,ST_TRAIL
short,2015-04-17 09:40:00+05:30,2015-04-17 11:20:00+05:30,8660.6,8668.45,17.25,-7.85,ST_TRAIL
short,2015-04-20 09:45:00+05:30,2015-04-20 12:00:00+05:30,8564.2,8553.2,32.35,11.0,ST_TRAIL
short,2015-04-20 13:05:00+05:30,2015-04-20 15:15:00+05:30,8539.1,8451.5,113.0,87.6,EOD_EXIT
short,2015-04-21 10:00:00+05:30,2015-04-21 11:00:00+05:30,8404.6,8424.7,12.75,-20.1,ST_TRAIL
short,2015-04-21 13:45:00+05:30,2015-04-21 15:15:00+05:30,8431.9,8381.05,68.25,50.85,EOD_EXIT
short,2015-04-22 10:40:00+05:30,2015-04-22 10:55:00+05:30,8373.75,8397.9,0.0,-24.15,ST_TRAIL
short,2015-04-22 13:15:00+05:30,2015-04-22 14:30:00+05:30,8365.8,8354.15,72.8,11.65,ST_TRAIL
long,2015-04-23 09:50:00+05:30,2015-04-23 10:30:00+05:30,8496.35,8445.7,0.05,-50.65,STOP_LOSS
short,2015-04-23 10:45:00+05:30,2015-04-23 13:50:00+05:30,8434.85,8407.85,64.65,27.0,ST_TRAIL
short,2015-04-24 10:45:00+05:30,2015-04-24 11:55:00+05:30,8337.7,8350.7,11.5,-13.0,ST_TRAIL
short,2015-04-24 13:15:00+05:30,2015-04-24 15:15:00+05:30,8348.1,8326.1,67.65,22.0,EOD_EXIT
short,2015-04-27 09:35:00+05:30,2015-04-27 11:15:00+05:30,8281.85,8261.8,53.95,20.05,ST_TRAIL
short,2015-04-27 13:00:00+05:30,2015-04-27 15:15:00+05:30,8250.5,8211.75,38.75,38.75,EOD_EXIT
short,2015-04-29 10:30:00+05:30,2015-04-29 12:30:00+05:30,8234.3,8251.15,9.35,-16.85,ST_TRAIL
long,2015-04-29 13:00:00+05:30,2015-04-29 14:00:00+05:30,8291.8,8263.9,8.9,-27.9,ST_TRAIL
short,2015-04-30 13:00:00+05:30,2015-04-30 13:50:00+05:30,8150.3,8175.3,0.0,-25.0,ST_TRAIL
long,2015-04-30 14:15:00+05:30,2015-04-30 15:05:00+05:30,8185.0,8175.0,22.75,-10.0,ST_TRAIL
long,2015-05-04 09:40:00+05:30,2015-05-04 12:45:00+05:30,8287.15,8279.3,8.85,-7.85,ST_TRAIL
long,2015-05-04 14:10:00+05:30,2015-05-04 14:20:00+05:30,8293.55,8264.85,0.0,-28.7,ST_TRAIL
long,2015-05-05 10:30:00+05:30,2015-05-05 11:50:00+05:30,8337.3,8329.7,14.3,-7.6,ST_TRAIL
short,2015-05-05 13:05:00+05:30,2015-05-05 13:45:00+05:30,8311.7,8313.45,21.15,-1.75,ST_TRAIL
short,2015-05-06 09:40:00+05:30,2015-05-06 13:35:00+05:30,8217.8,8137.55,108.15,80.25,ST_TRAIL
short,2015-05-06 14:25:00+05:30,2015-05-06 15:15:00+05:30,8126.8,8090.1,36.7,36.7,EOD_EXIT
short,2015-05-07 13:20:00+05:30,2015-05-07 15:05:00+05:30,8048.2,8062.25,38.55,-14.05,ST_TRAIL
long,2015-05-08 10:15:00+05:30,2015-05-08 13:45:00+05:30,8167.85,8178.9,34.0,11.05,ST_TRAIL
long,2015-05-08 14:20:00+05:30,2015-05-08 15:10:00+05:30,8208.1,8183.95,8.7,-24.15,ST_TRAIL
long,2015-05-11 09:40:00+05:30,2015-05-11 13:00:00+05:30,8255.85,8301.8,60.25,45.95,ST_TRAIL
short,2015-05-12 10:15:00+05:30,2015-05-12 15:15:00+05:30,8176.1,8123.35,56.85,52.75,EOD_EXIT
long,2015-05-13 09:50:00+05:30,2015-05-13 10:45:00+05:30,8239.2,8215.95,8.45,-23.25,ST_TRAIL
short,2015-05-13 10:50:00+05:30,2015-05-13 13:05:00+05:30,8196.35,8165.5,87.8,30.85,ST_TRAIL
long,2015-05-13 13:25:00+05:30,2015-05-13 15:15:00+05:30,8214.45,8230.55,28.7,16.1,EOD_EXIT
short,2015-05-14 10:50:00+05:30,2015-05-14 13:20:00+05:30,8179.1,8202.95,14.2,-23.85,ST_TRAIL
long,2015-05-18 09:55:00+05:30,2015-05-18 10:50:00+05:30,8314.95,8289.65,4.5,-25.3,ST_TRAIL
long,2015-05-18 13:05:00+05:30,2015-05-18 15:15:00+05:30,8305.7,8376.65,70.95,70.95,EOD_EXIT
long,2015-05-19 13:20:00+05:30,2015-05-19 14:10:00+05:30,8410.85,8395.45,13.45,-15.4,ST_TRAIL
short,2015-05-19 14:15:00+05:30,2015-05-19 15:15:00+05:30,8370.2,8363.4,33.35,6.8,EOD_EXIT
long,2015-05-20 09:40:00+05:30,2015-05-20 12:05:00+05:30,8425.45,8420.55,13.1,-4.9,ST_TRAIL
long,2015-05-20 13:05:00+05:30,2015-05-20 13:30:00+05:30,8423.7,8406.75,0.0,-16.95,ST_TRAIL
long,2015-05-20 14:10:00+05:30,2015-05-20 15:15:00+05:30,8419.65,8426.75,7.3,7.1,EOD_EXIT
short,2015-05-21 10:10:00+05:30,2015-05-21 11:00:00+05:30,8395.95,8408.2,10.5,-12.25,ST_TRAIL
long,2015-05-21 13:30:00+05:30,2015-05-21 14:00:00+05:30,8424.15,8415.2,9.5,-8.95,ST_TRAIL
long,2015-05-22 09:55:00+05:30,2015-05-22 12:35:00+05:30,8439.15,8463.1,38.95,23.95,ST_TRAIL
long,2015-05-22 13:15:00+05:30,2015-05-22 13:30:00+05:30,8484.7,8467.05,0.0,-17.65,ST_TRAIL
short,2015-05-25 10:55:00+05:30,2015-05-25 14:25:00+05:30,8429.4,8395.9,53.8,33.5,ST_TRAIL
short,2015-05-26 13:50:00+05:30,2015-05-26 15:15:00+05:30,8335.75,8341.75,10.9,-6.0,EOD_EXIT
long,2015-05-27 10:35:00+05:30,2015-05-27 11:10:00+05:30,8331.85,8311.2,0.0,-20.65,ST_TRAIL
long,2015-05-27 13:10:00+05:30,2015-05-27 13:25:00+05:30,8337.55,8321.85,0.0,-15.7,ST_TRAIL
short,2015-05-28 11:05:00+05:30,2015-05-28 14:25:00+05:30,8321.0,8295.2,44.85,25.8,ST_TRAIL
long,2015-05-29 10:45:00+05:30,2015-05-29 13:20:00+05:30,8399.2,8395.85,18.6,-3.35,ST_TRAIL
long,2015-06-01 10:45:00+05:30,2015-06-01 12:05:00+05:30,8443.85,8441.9,21.75,-1.95,ST_TRAIL
short,2015-06-02 10:40:00+05:30,2015-06-02 12:05:00+05:30,8377.6,8348.35,69.4,29.25,ST_TRAIL
short,2015-06-02 14:00:00+05:30,2015-06-02 15:15:00+05:30,8283.5,8227.75,55.75,55.75,EOD_EXIT
short,2015-06-03 10:05:00+05:30,2015-06-03 12:30:00+05:30,8173.8,8133.55,73.85,40.25,ST_TRAIL
short,2015-06-04 09:35:00+05:30,2015-06-04 10:25:00+05:30,8108.15,8146.2,0.0,-38.05,ST_TRAIL
short,2015-06-04 13:00:00+05:30,2015-06-04 14:20:00+05:30,8097.2,8090.1,34.9,7.1,ST_TRAIL
long,2015-06-04 14:25:00+05:30,2015-06-04 15:15:00+05:30,8110.6,8134.2,23.6,23.6,EOD_EXIT
long,2015-06-05 13:00:00+05:30,2015-06-05 14:45:00+05:30,8166.2,8156.55,15.9,-9.65,ST_TRAIL
short,2015-06-08 09:40:00+05:30,2015-06-08 14:15:00+05:30,8066.65,8058.05,25.9,8.6,ST_TRAIL
long,2015-06-08 14:20:00+05:30,2015-06-08 15:00:00+05:30,8059.1,8037.2,19.5,-21.9,ST_TRAIL
short,2015-06-09 10:00:00+05:30,2015-06-09 11:20:00+05:30,8028.45,8033.55,12.55,-5.1,ST_TRAIL
short,2015-06-09 13:25:00+05:30,2015-06-09 13:50:00+05:30,8035.25,8048.45,3.05,-13.2,ST_TRAIL
short,2015-06-09 14:05:00+05:30,2015-06-09 15:15:00+05:30,8034.5,8021.4,21.6,13.1,EOD_EXIT
long,2015-06-10 10:20:00+05:30,2015-06-10 13:40:00+05:30,8109.35,8095.9,4.9,-13.45,ST_TRAIL
long,2015-06-10 14:15:00+05:30,2015-06-10 15:00:00+05:30,8112.2,8127.2,37.4,15.0,ST_TRAIL
short,2015-06-11 10:20:00+05:30,2015-06-11 12:40:00+05:30,8103.25,8052.4,87.3,50.85,ST_TRAIL
short,2015-06-11 13:45:00+05:30,2015-06-11 15:15:00+05:30,8026.4,7964.0,62.4,62.4,EOD_EXIT
short,2015-06-12 11:20:00+05:30,2015-06-12 11:45:00+05:30,7961.95,7976.6,0.0,-14.65,ST_TRAIL
short,2015-06-12 14:30:00+05:30,2015-06-12 14:35:00+05:30,7947.45,7969.8,0.0,-22.35,ST_TRAIL
long,2015-06-15 09:45:00+05:30,2015-06-15 10:10:00+05:30,8020.25,7981.8,6.25,-38.45,ST_TRAIL
long,2015-06-15 10:55:00+05:30,2015-06-15 12:30:00+05:30,8011.55,8002.5,12.25,-9.05,ST_TRAIL
long,2015-06-15 13:05:00+05:30,2015-06-15 14:30:00+05:30,8015.5,8019.05,37.15,3.55,ST_TRAIL
short,2015-06-16 10:05:00+05:30,2015-06-16 14:10:00+05:30,7977.45,7978.3,21.5,-0.85,ST_TRAIL
long,2015-06-16 14:25:00+05:30,2015-06-16 15:15:00+05:30,8004.65,8048.05,45.75,43.4,EOD_EXIT
long,2015-06-17 13:50:00+05:30,2015-06-17 15:00:00+05:30,8102.6,8078.2,31.65,-24.4,ST_TRAIL
long,2015-06-18 09:55:00+05:30,2015-06-18 11:35:00+05:30,8155.25,8142.6,10.8,-12.65,ST_TRAIL
long,2015-06-18 13:00:00+05:30,2015-06-18 14:30:00+05:30,8173.65,8166.15,12.05,-7.5,ST_TRAIL
long,2015-06-19 10:00:00+05:30,2015-06-19 12:15:00+05:30,8217.7,8212.25,15.3,-5.45,ST_TRAIL
long,2015-06-19 14:00:00+05:30,2015-06-19 14:50:00+05:30,8232.85,8227.65,14.55,-5.2,ST_TRAIL
long,2015-06-22 09:45:00+05:30,2015-06-22 14:05:00+05:30,8294.9,8342.65,59.35,47.75,ST_TRAIL
long,2015-06-23 10:05:00+05:30,2015-06-23 10:50:00+05:30,8382.2,8376.65,14.6,-5.55,ST_TRAIL
long,2015-06-24 09:55:00+05:30,2015-06-24 11:40:00+05:30,8405.2,8396.35,6.95,-8.85,ST_TRAIL
long,2015-06-25 13:05:00+05:30,2015-06-25 15:00:00+05:30,8384.9,8391.55,35.8,6.65,ST_TRAIL
long,2015-06-26 13:15:00+05:30,2015-06-26 14:35:00+05:30,8381.45,8380.45,17.95,-1.0,ST_TRAIL
short,2015-06-29 10:40:00+05:30,2015-06-29 12:35:00+05:30,8216.7,8238.05,16.7,-21.35,ST_TRAIL
long,2015-06-29 14:15:00+05:30,2015-06-29 15:15:00+05:30,8309.65,8316.4,13.9,6.75,EOD_EXIT
long,2015-06-30 13:15:00+05:30,2015-06-30 13:45:00+05:30,8334.9,8318.25,1.35,-16.65,ST_TRAIL
long,2015-07-01 09:45:00+05:30,2015-07-01 11:40:00+05:30,8403.9,8420.0,35.5,16.1,ST_TRAIL
long,2015-07-02 09:50:00+05:30,2015-07-02 12:05:00+05:30,8465.75,8450.2,10.8,-15.55,ST_TRAIL
long,2015-07-03 09:40:00+05:30,2015-07-03 10:25:00+05:30,8482.1,8475.75,13.85,-6.35,ST_TRAIL
long,2015-07-03 13:05:00+05:30,2015-07-03 13:25:00+05:30,8481.45,8469.0,0.0,-12.45,ST_TRAIL
short,2015-07-06 11:00:00+05:30,2015-07-06 12:00:00+05:30,8405.35,8432.05,0.0,-26.7,ST_TRAIL
long,2015-07-06 13:00:00+05:30,2015-07-06 15:15:00+05:30,8467.0,8518.9,57.4,51.9,EOD_EXIT
short,2015-07-07 14:15:00+05:30,2015-07-07 14:45:00+05:30,8516.0,8521.55,24.0,-5.55,ST_TRAIL
short,2015-07-08 10:50:00+05:30,2015-07-08 12:40:00+05:30,8419.95,8367.6,74.7,52.35,ST_TRAIL
short,2015-07-09 13:20:00+05:30,2015-07-09 13:45:00+05:30,8342.3,8354.3,4.2,-12.0,ST_TRAIL
short,2015-07-09 14:30:00+05:30,2015-07-09 15:15:00+05:30,8336.65,8328.75,10.15,7.9,EOD_EXIT
short,2015-07-10 10:45:00+05:30,2015-07-10 12:35:00+05:30,8324.1,8340.6,8.35,-16.5,ST_TRAIL
short,2015-07-10 13:45:00+05:30,2015-07-10 14:45:00+05:30,8336.15,8347.5,12.55,-11.35,ST_TRAIL
long,2015-07-13 13:00:00+05:30,2015-07-13 15:15:00+05:30,8453.4,8458.85,13.1,5.45,EOD_EXIT
long,2015-07-14 10:35:00+05:30,2015-07-14 11:00:00+05:30,8462.7,8441.25,0.0,-21.45,ST_TRAIL
long,2015-07-14 14:05:00+05:30,2015-07-14 14:20:00+05:30,8478.2,8442.85,0.0,-35.35,ST_TRAIL
long,2015-07-15 09:40:00+05:30,2015-07-15 12:45:00+05:30,8499.25,8515.75,30.45,16.5,ST_TRAIL
long,2015-07-15 13:45:00+05:30,2015-07-15 14:50:00+05:30,8527.05,8508.9,1.85,-18.15,ST_TRAIL
long,2015-07-16 09:50:00+05:30,2015-07-16 12:40:00+05:30,8568.7,8566.5,5.55,-2.2,ST_TRAIL
long,2015-07-16 13:05:00+05:30,2015-07-16 14:40:00+05:30,8580.75,8597.05,31.05,16.3,ST_TRAIL
long,2015-07-17 13:50:00+05:30,2015-07-17 14:15:00+05:30,8624.95,8615.6,10.45,-9.35,ST_TRAIL
long,2015-07-20 14:10:00+05:30,2015-07-20 15:15:00+05:30,8586.5,8598.9,32.15,12.4,EOD_EXIT
long,2015-07-21 09:55:00+05:30,2015-07-21 11:35:00+05:30,8626.05,8606.85,7.65,-19.2,ST_TRAIL
long,2015-07-22 10:20:00+05:30,2015-07-22 15:15:00+05:30,8571.4,8638.65,68.4,67.25,EOD_EXIT
short,2015-07-23 11:30:00+05:30,2015-07-23 12:10:00+05:30,8604.05,8618.3,9.6,-14.25,ST_TRAIL
short,2015-07-23 13:45:00+05:30,2015-07-23 14:35:00+05:30,8591.3,8616.0,11.6,-24.7,ST_TRAIL
short,2015-07-24 10:30:00+05:30,2015-07-24 15:15:00+05:30,8572.9,8520.7,54.85,52.2,EOD_EXIT
short,2015-07-27 09:50:00+05:30,2015-07-27 11:00:00+05:30,8438.75,8447.2,13.65,-8.45,ST_TRAIL
short,2015-07-28 09:55:00+05:30,2015-07-28 10:15:00+05:30,8346.0,8387.25,0.0,-41.25,ST_TRAIL
long,2015-07-28 13:05:00+05:30,2015-07-28 13:15:00+05:30,8380.4,8368.3,0.05,-12.1,ST_TRAIL
short,2015-07-28 13:30:00+05:30,2015-07-28 14:05:00+05:30,8347.2,8352.1,22.35,-4.9,ST_TRAIL
long,2015-07-28 14:10:00+05:30,2015-07-28 15:05:00+05:30,8368.5,8331.45,0.0,-37.05,ST_TRAIL
long,2015-07-29 09:50:00+05:30,2015-07-29 11:25:00+05:30,8360.6,8347.65,6.15,-12.95,ST_TRAIL
long,2015-07-29 13:00:00+05:30,2015-07-29 13:30:00+05:30,8368.85,8363.35,10.55,-5.5,ST_TRAIL
long,2015-07-30 09:45:00+05:30,2015-07-30 12:40:00+05:30,8421.65,8442.75,33.75,21.1,ST_TRAIL
short,2015-07-30 13:30:00+05:30,2015-07-30 14:50:00+05:30,8413.9,8432.95,2.3,-19.05,ST_TRAIL
long,2015-07-31 13:30:00+05:30,2015-07-31 14:45:00+05:30,8522.0,8525.6,26.55,3.6,ST_TRAIL
short,2015-08-03 13:15:00+05:30,2015-08-03 13:20:00+05:30,8535.3,8549.9,0.0,-14.6,ST_TRAIL
short,2015-08-04 10:35:00+05:30,2015-08-04 11:05:00+05:30,8505.25,8532.4,2.45,-27.15,ST_TRAIL
short,2015-08-06 11:30:00+05:30,2015-08-06 12:55:00+05:30,8557.2,8568.5,3.65,-11.3,ST_TRAIL
long,2015-08-06 14:30:00+05:30,2015-08-06 14:45:00+05:30,8597.25,8581.75,0.0,-15.5,ST_TRAIL
short,2015-08-07 13:45:00+05:30,2015-08-07 14:15:00+05:30,8558.9,8575.3,0.0,-16.4,ST_TRAIL
long,2015-08-10 10:25:00+05:30,2015-08-10 12:30:00+05:30,8620.15,8601.15,0.0,-19.0,ST_TRAIL
long,2015-08-10 13:50:00+05:30,2015-08-10 15:00:00+05:30,8596.1,8571.45,1.15,-24.65,ST_TRAIL
short,2015-08-11 11:00:00+05:30,2015-08-11 14:20:00+05:30,8511.0,8476.55,65.1,34.45,ST_TRAIL
short,2015-08-12 09:40:00+05:30,2015-08-12 10:25:00+05:30,8396.95,8418.15,5.1,-21.2,ST_TRAIL
long,2015-08-14 10:50:00+05:30,2015-08-14 14:25:00+05:30,8423.4,8506.4,98.85,83.0,ST_TRAIL
short,2015-08-17 10:35:00+05:30,2015-08-17 11:50:00+05:30,8447.45,8475.3,6.25,-27.85,ST_TRAIL
long,2015-08-18 09:45:00+05:30,2015-08-18 10:50:00+05:30,8516.05,8502.05,8.35,-14.0,ST_TRAIL
long,2015-08-19 10:50:00+05:30,2015-08-19 11:35:00+05:30,8478.55,8494.6,38.75,16.05,ST_TRAIL
long,2015-08-19 13:50:00+05:30,2015-08-19 14:25:00+05:30,8507.25,8497.05,0.2,-10.2,ST_TRAIL
long,2015-08-20 09:40:00+05:30,2015-08-20 10:00:00+05:30,8488.75,8460.2,0.0,-28.55,ST_TRAIL
short,2015-08-20 10:05:00+05:30,2015-08-20 11:05:00+05:30,8464.75,8485.2,1.95,-20.45,ST_TRAIL
short,2015-08-20 13:10:00+05:30,2015-08-20 15:15:00+05:30,8412.25,8377.75,45.5,34.5,EOD_EXIT
short,2015-08-21 10:40:00+05:30,2015-08-21 11:30:00+05:30,8238.75,8266.05,0.0,-27.3,ST_TRAIL
short,2015-08-21 14:05:00+05:30,2015-08-21 14:15:00+05:30,8252.15,8272.15,0.0,-20.0,ST_TRAIL
short,2015-08-24 10:20:00+05:30,2015-08-24 11:10:00+05:30,8003.65,8001.85,61.85,1.8,ST_TRAIL
short,2015-08-24 13:55:00+05:30,2015-08-24 15:15:00+05:30,7915.4,7789.8,125.6,125.6,EOD_EXIT
short,2015-08-25 10:45:00+05:30,2015-08-25 12:05:00+05:30,7804.25,7758.25,127.9,46.0,ST_TRAIL
long,2015-08-25 13:05:00+05:30,2015-08-25 15:15:00+05:30,7859.75,7889.65,34.9,29.9,EOD_EXIT
long,2015-08-26 10:05:00+05:30,2015-08-26 12:00:00+05:30,7879.6,7882.85,48.5,3.25,ST_TRAIL
long,2015-08-26 13:45:00+05:30,2015-08-26 14:35:00+05:30,7878.05,7816.0,0.0,-62.05,STOP_LOSS
long,2015-08-27 10:05:00+05:30,2015-08-27 11:30:00+05:30,7894.95,7886.1,15.15,-8.85,ST_TRAIL
long,2015-08-27 13:05:00+05:30,2015-08-27 15:15:00+05:30,7924.65,7952.3,37.45,27.65,EOD_EXIT
long,2015-08-28 09:55:00+05:30,2015-08-28 11:20:00+05:30,8057.45,8058.9,29.65,1.45,ST_TRAIL
short,2015-08-28 13:15:00+05:30,2015-08-28 15:05:00+05:30,8050.65,8015.75,73.95,34.9,ST_TRAIL
long,2015-08-31 11:25:00+05:30,2015-08-31 11:55:00+05:30,8035.55,8011.55,0.0,-24.0,ST_TRAIL
short,2015-09-01 14:25:00+05:30,2015-09-01 15:15:00+05:30,7754.25,7801.6,1.15,-47.35,EOD_EXIT
long,2015-09-02 10:35:00+05:30,2015-09-02 10:55:00+05:30,7825.0,7797.95,6.85,-27.05,ST_TRAIL
short,2015-09-02 11:15:00+05:30,2015-09-02 12:30:00+05:30,7774.6,7805.65,10.25,-31.05,ST_TRAIL
short,2015-09-02 13:25:00+05:30,2015-09-02 15:15:00+05:30,7774.5,7729.0,63.9,45.5,EOD_EXIT
long,2015-09-03 10:00:00+05:30,2015-09-03 12:25:00+05:30,7793.1,7773.4,14.55,-19.7,ST_TRAIL
long,2015-09-03 13:10:00+05:30,2015-09-03 15:00:00+05:30,7799.25,7815.2,43.9,15.95,ST_TRAIL
short,2015-09-04 09:40:00+05:30,2015-09-04 11:15:00+05:30,7666.65,7692.65,19.55,-26.0,ST_TRAIL
short,2015-09-07 09:45:00+05:30,2015-09-07 10:25:00+05:30,7640.45,7657.65,25.4,-17.2,ST_TRAIL
short,2015-09-07 14:20:00+05:30,2015-09-07 15:15:00+05:30,7604.8,7560.8,51.65,44.0,EOD_EXIT
short,2015-09-08 10:05:00+05:30,2015-09-08 11:40:00+05:30,7567.25,7589.75,22.85,-22.5,ST_TRAIL
long,2015-09-08 13:00:00+05:30,2015-09-08 15:05:00+05:30,7652.8,7685.9,57.5,33.1,ST_TRAIL
long,2015-09-09 11:20:00+05:30,2015-09-09 13:30:00+05:30,7796.85,7822.9,42.4,26.05,ST_TRAIL
short,2015-09-09 14:10:00+05:30,2015-09-09 14:35:00+05:30,7798.05,7819.45,3.55,-21.4,ST_TRAIL
long,2015-09-14 10:40:00+05:30,2015-09-14 15:15:00+05:30,7825.15,7868.65,48.1,43.5,EOD_EXIT
short,2015-09-15 11:25:00+05:30,2015-09-15 12:35:00+05:30,7828.6,7844.6,5.95,-16.0,ST_TRAIL
short,2015-09-15 13:35:00+05:30,2015-09-15 14:50:00+05:30,7836.0,7829.7,26.3,6.3,ST_TRAIL
long,2015-09-16 09:45:00+05:30,2015-09-16 10:20:00+05:30,7884.1,7859.55,0.0,-24.55,ST_TRAIL
long,2015-09-16 14:00:00+05:30,2015-09-16 14:15:00+05:30,7901.2,7883.85,4.75,-17.35,ST_TRAIL
long,2015-09-18 09:45:00+05:30,2015-09-18 12:30:00+05:30,8006.9,8037.8,46.9,30.9,ST_TRAIL
long,2015-09-18 13:45:00+05:30,2015-09-18 14:10:00+05:30,8043.55,8022.7,0.0,-20.85,ST_TRAIL
short,2015-09-22 13:20:00+05:30,2015-09-22 15:15:00+05:30,7955.7,7807.15,157.8,148.55,EOD_EXIT
long,2015-09-23 13:15:00+05:30,2015-09-23 15:00:00+05:30,7821.95,7852.25,56.95,30.3,ST_TRAIL
short,2015-09-24 09:50:00+05:30,2015-09-24 11:55:00+05:30,7815.95,7846.0,0.0,-30.05,ST_TRAIL
short,2015-09-24 13:10:00+05:30,2015-09-24 13:25:00+05:30,7823.9,7841.35,0.0,-17.45,ST_TRAIL
long,2015-09-24 13:30:00+05:30,2015-09-24 15:15:00+05:30,7854.75,7867.1,29.7,12.35,EOD_EXIT
short,2015-09-28 09:40:00+05:30,2015-09-28 10:15:00+05:30,7846.05,7873.1,3.9,-27.05,ST_TRAIL
short,2015-09-28 14:10:00+05:30,2015-09-28 15:15:00+05:30,7849.55,7795.95,53.65,53.6,EOD_EXIT
short,2015-09-29 10:10:00+05:30,2015-09-29 11:00:00+05:30,7711.75,7778.7,15.25,-66.95,STOP_LOSS
long,2015-09-29 11:05:00+05:30,2015-09-29 11:35:00+05:30,7802.3,7754.4,0.0,-47.9,ST_TRAIL
long,2015-09-29 13:00:00+05:30,2015-09-29 14:40:00+05:30,7860.65,7890.85,63.05,30.2,ST_TRAIL
long,2015-09-30 10:25:00+05:30,2015-09-30 13:25:00+05:30,7908.9,7898.35,10.6,-10.55,ST_TRAIL
long,2015-09-30 14:15:00+05:30,2015-09-30 15:15:00+05:30,7918.75,7947.95,37.3,29.2,EOD_EXIT
short,2015-10-01 11:00:00+05:30,2015-10-01 12:00:00+05:30,7946.05,7968.7,0.0,-22.65,ST_TRAIL
short,2015-10-01 13:40:00+05:30,2015-10-01 14:35:00+05:30,7953.6,7955.75,17.2,-2.15,ST_TRAIL
long,2015-10-05 09:50:00+05:30,2015-10-05 15:15:00+05:30,8055.6,8116.9,69.1,61.3,EOD_EXIT
long,2015-10-06 13:50:00+05:30,2015-10-06 15:15:00+05:30,8140.05,8149.9,28.95,9.85,EOD_EXIT
long,2015-10-07 09:35:00+05:30,2015-10-07 11:50:00+05:30,8164.1,8158.05,17.6,-6.05,ST_TRAIL
short,2015-10-08 11:15:00+05:30,2015-10-08 13:35:00+05:30,8143.45,8134.95,28.95,8.5,ST_TRAIL
short,2015-10-08 14:10:00+05:30,2015-10-08 14:50:00+05:30,8118.3,8135.1,11.3,-16.8,ST_TRAIL
long,2015-10-09 10:00:00+05:30,2015-10-09 10:50:00+05:30,8216.85,8210.2,11.85,-6.65,ST_TRAIL
short,2015-10-09 13:15:00+05:30,2015-10-09 14:05:00+05:30,8147.95,8170.25,0.0,-22.3,ST_TRAIL
long,2015-10-12 10:15:00+05:30,2015-10-12 11:25:00+05:30,8210.8,8183.65,0.0,-27.15,ST_TRAIL
long,2015-10-12 13:00:00+05:30,2015-10-12 13:30:00+05:30,8194.8,8178.6,0.0,-16.2,ST_TRAIL
short,2015-10-12 14:00:00+05:30,2015-10-12 15:15:00+05:30,8155.25,8149.3,23.9,5.95,EOD_EXIT
short,2015-10-13 10:50:00+05:30,2015-10-13 12:15:00+05:30,8119.25,8131.35,9.35,-12.1,ST_TRAIL
short,2015-10-13 13:00:00+05:30,2015-10-13 15:00:00+05:30,8109.3,8132.85,19.5,-23.55,ST_TRAIL
long,2015-10-14 10:15:00+05:30,2015-10-14 11:40:00+05:30,8130.95,8119.8,2.35,-11.15,ST_TRAIL
long,2015-10-15 09:55:00+05:30,2015-10-15 14:10:00+05:30,8176.55,8171.4,12.3,-5.15,ST_TRAIL
short,2015-10-16 11:25:00+05:30,2015-10-16 12:50:00+05:30,8159.75,8164.0,8.35,-4.25,ST_TRAIL
long,2015-10-16 14:00:00+05:30,2015-10-16 15:15:00+05:30,8169.9,8237.0,69.5,67.1,EOD_EXIT
long,2015-10-20 10:55:00+05:30,2015-10-20 11:25:00+05:30,8288.4,8272.05,0.0,-16.35,ST_TRAIL
short,2015-10-20 13:50:00+05:30,2015-10-20 14:50:00+05:30,8267.5,8257.15,30.3,10.35,ST_TRAIL
long,2015-10-21 10:05:00+05:30,2015-10-21 11:35:00+05:30,8282.4,8280.0,8.55,-2.4,ST_TRAIL
long,2015-10-23 13:55:00+05:30,2015-10-23 14:30:00+05:30,8309.7,8287.2,0.35,-22.5,ST_TRAIL
short,2015-10-26 11:05:00+05:30,2015-10-26 13:10:00+05:30,8276.6,8277.7,7.05,-1.1,ST_TRAIL
short,2015-10-26 14:30:00+05:30,2015-10-26 15:15:00+05:30,8276.6,8263.4,18.95,13.2,EOD_EXIT
short,2015-10-27 10:20:00+05:30,2015-10-27 11:30:00+05:30,8233.95,8230.75,15.8,3.2,ST_TRAIL
short,2015-10-28 10:40:00+05:30,2015-10-28 13:55:00+05:30,8192.9,8169.85,37.8,23.05,ST_TRAIL
short,2015-10-28 14:30:00+05:30,2015-10-28 15:00:00+05:30,8158.85,8160.1,21.3,-1.25,ST_TRAIL
long,2015-10-30 10:30:00+05:30,2015-10-30 12:35:00+05:30,8129.65,8126.4,14.15,-3.25,ST_TRAIL
short,2015-11-02 14:15:00+05:30,2015-11-02 14:25:00+05:30,8007.7,8016.45,0.0,-8.75,ST_TRAIL
short,2015-11-05 10:15:00+05:30,2015-11-05 11:20:00+05:30,7987.85,8008.55,4.65,-20.7,ST_TRAIL
short,2015-11-06 09:40:00+05:30,2015-11-06 10:55:00+05:30,7967.85,7970.05,34.6,-2.2,ST_TRAIL
short,2015-11-06 13:35:00+05:30,2015-11-06 14:15:00+05:30,7940.25,7948.7,7.25,-8.45,ST_TRAIL
long,2015-11-09 14:00:00+05:30,2015-11-09 15:15:00+05:30,7880.85,7911.05,56.25,30.2,EOD_EXIT
short,2015-11-10 10:50:00+05:30,2015-11-10 11:20:00+05:30,7853.15,7867.4,0.55,-14.25,ST_TRAIL
short,2015-11-13 11:05:00+05:30,2015-11-13 12:10:00+05:30,7743.2,7755.1,9.1,-11.9,ST_TRAIL
short,2015-11-16 09:45:00+05:30,2015-11-16 10:40:00+05:30,7730.7,7743.7,14.05,-13.0,ST_TRAIL
long,2015-11-16 10:55:00+05:30,2015-11-16 15:00:00+05:30,7764.95,7815.5,70.6,50.55,ST_TRAIL
short,2015-11-17 11:20:00+05:30,2015-11-17 13:10:00+05:30,7811.45,7815.9,14.4,-4.45,ST_TRAIL
long,2015-11-17 14:05:00+05:30,2015-11-17 14:50:00+05:30,7845.2,7833.15,11.35,-12.05,ST_TRAIL
short,2015-11-18 13:25:00+05:30,2015-11-18 15:15:00+05:30,7765.6,7733.1,37.45,32.5,EOD_EXIT
long,2015-11-19 10:15:00+05:30,2015-11-19 14:10:00+05:30,7788.25,7821.8,53.75,33.55,ST_TRAIL
long,2015-11-20 10:50:00+05:30,2015-11-20 12:30:00+05:30,7874.4,7885.55,30.8,11.15,ST_TRAIL
long,2015-11-20 13:05:00+05:30,2015-11-20 14:35:00+05:30,7903.4,7883.95,0.95,-19.45,ST_TRAIL
short,2015-11-23 13:00:00+05:30,2015-11-23 14:40:00+05:30,7850.4,7853.35,21.2,-2.95,ST_TRAIL
long,2015-11-24 10:00:00+05:30,2015-11-24 10:55:00+05:30,7860.15,7845.05,4.3,-15.1,ST_TRAIL
long,2015-11-24 13:00:00+05:30,2015-11-24 13:35:00+05:30,7858.4,7848.95,11.45,-9.45,ST_TRAIL
long,2015-11-26 09:40:00+05:30,2015-11-26 15:00:00+05:30,7861.95,7876.45,34.35,14.5,ST_TRAIL
long,2015-11-27 09:45:00+05:30,2015-11-27 11:40:00+05:30,7910.8,7922.3,27.6,11.5,ST_TRAIL
long,2015-11-27 14:25:00+05:30,2015-11-27 15:00:00+05:30,7940.35,7936.3,11.1,-4.05,ST_TRAIL
long,2015-11-30 09:35:00+05:30,2015-11-30 10:00:00+05:30,7963.1,7939.5,0.0,-23.6,ST_TRAIL
short,2015-12-02 10:30:00+05:30,2015-12-02 13:40:00+05:30,7920.3,7939.9,8.2,-19.6,ST_TRAIL
short,2015-12-03 09:50:00+05:30,2015-12-03 13:35:00+05:30,7898.75,7895.0,17.0,3.75,ST_TRAIL
short,2015-12-04 10:25:00+05:30,2015-12-04 12:35:00+05:30,7802.45,7801.5,12.95,0.95,ST_TRAIL
short,2015-12-07 10:50:00+05:30,2015-12-07 14:30:00+05:30,7779.75,7769.8,30.95,9.95,ST_TRAIL
short,2015-12-09 10:30:00+05:30,2015-12-09 10:55:00+05:30,7666.15,7674.95,8.9,-8.8,ST_TRAIL
short,2015-12-09 14:10:00+05:30,2015-12-09 15:15:00+05:30,7643.15,7613.85,30.5,29.3,EOD_EXIT
short,2015-12-10 10:55:00+05:30,2015-12-10 11:35:00+05:30,7620.4,7632.95,9.7,-12.55,ST_TRAIL
short,2015-12-11 11:30:00+05:30,2015-12-11 13:20:00+05:30,7652.1,7617.35,60.0,34.75,ST_TRAIL
short,2015-12-11 14:05:00+05:30,2015-12-11 14:35:00+05:30,7586.5,7611.95,5.5,-25.45,ST_TRAIL
long,2015-12-14 10:15:00+05:30,2015-12-14 14:05:00+05:30,7638.1,7637.15,18.7,-0.95,ST_TRAIL
short,2015-12-14 14:20:00+05:30,2015-12-14 14:50:00+05:30,7614.4,7625.35,15.25,-10.95,ST_TRAIL
long,2015-12-15 13:20:00+05:30,2015-12-15 15:15:00+05:30,7655.3,7701.3,48.35,46.0,EOD_EXIT
long,2015-12-16 10:00:00+05:30,2015-12-16 12:40:00+05:30,7761.8,7764.4,13.5,2.6,ST_TRAIL
short,2015-12-16 13:45:00+05:30,2015-12-16 14:30:00+05:30,7742.6,7760.55,5.15,-17.95,ST_TRAIL
short,2015-12-17 11:05:00+05:30,2015-12-17 11:35:00+05:30,7739.5,7756.95,0.0,-17.45,ST_TRAIL
long,2015-12-17 13:50:00+05:30,2015-12-17 15:15:00+05:30,7789.85,7850.0,60.15,60.15,EOD_EXIT
short,2015-12-18 10:45:00+05:30,2015-12-18 12:50:00+05:30,7803.2,7805.75,7.2,-2.55,ST_TRAIL
short,2015-12-18 13:20:00+05:30,2015-12-18 13:40:00+05:30,7778.75,7797.65,0.0,-18.9,ST_TRAIL
long,2015-12-21 10:15:00+05:30,2015-12-21 15:15:00+05:30,7800.65,7835.8,35.45,35.15,EOD_EXIT
short,2015-12-22 14:00:00+05:30,2015-12-22 15:15:00+05:30,7816.15,7784.8,33.45,31.35,EOD_EXIT
long,2015-12-23 10:10:00+05:30,2015-12-23 11:40:00+05:30,7854.3,7855.4,8.65,1.1,ST_TRAIL
long,2015-12-23 14:00:00+05:30,2015-12-23 14:20:00+05:30,7865.8,7858.9,3.75,-6.9,ST_TRAIL
short,2015-12-24 14:05:00+05:30,2015-12-24 14:25:00+05:30,7844.1,7850.25,0.0,-6.15,ST_TRAIL
long,2015-12-28 09:40:00+05:30,2015-12-28 12:40:00+05:30,7895.75,7896.9,9.6,1.15,ST_TRAIL
long,2015-12-29 11:15:00+05:30,2015-12-29 11:30:00+05:30,7938.45,7927.85,0.0,-10.6,ST_TRAIL
long,2015-12-29 13:45:00+05:30,2015-12-29 14:55:00+05:30,7925.25,7927.9,11.85,2.65,ST_TRAIL
long,2015-12-30 10:45:00+05:30,2015-12-30 11:15:00+05:30,7936.8,7925.6,0.0,-11.2,ST_TRAIL
long,2015-12-31 14:25:00+05:30,2015-12-31 14:35:00+05:30,7923.4,7914.5,0.0,-8.9,ST_TRAIL
long,2016-01-01 13:45:00+05:30,2016-01-01 15:15:00+05:30,7956.75,7963.05,13.25,6.3,EOD_EXIT
short,2016-01-04 10:10:00+05:30,2016-01-04 14:15:00+05:30,7885.65,7805.95,95.4,79.7,ST_TRAIL
short,2016-01-05 09:45:00+05:30,2016-01-05 10:20:00+05:30,7797.9,7815.3,14.15,-17.4,ST_TRAIL
short,2016-01-05 11:00:00+05:30,2016-01-05 12:05:00+05:30,7771.35,7787.05,6.2,-15.7,ST_TRAIL
short,2016-01-06 14:05:00+05:30,2016-01-06 14:50:00+05:30,7728.75,7750.2,5.1,-21.45,ST_TRAIL
short,2016-01-07 10:20:00+05:30,2016-01-07 12:20:00+05:30,7621.9,7605.1,34.7,16.8,ST_TRAIL
short,2016-01-07 14:30:00+05:30,2016-01-07 15:15:00+05:30,7586.15,7559.35,26.8,26.8,EOD_EXIT
long,2016-01-08 13:15:00+05:30,2016-01-08 13:35:00+05:30,7621.25,7606.1,0.0,-15.15,ST_TRAIL
long,2016-01-08 14:00:00+05:30,2016-01-08 14:35:00+05:30,7621.75,7609.8,6.5,-11.95,ST_TRAIL
short,2016-01-11 09:40:00+05:30,2016-01-11 10:10:00+05:30,7500.7,7526.85,0.0,-26.15,ST_TRAIL
long,2016-01-11 14:00:00+05:30,2016-01-11 15:00:00+05:30,7581.55,7566.55,16.35,-15.0,ST_TRAIL
short,2016-01-12 10:30:00+05:30,2016-01-12 13:55:00+05:30,7536.4,7515.25,42.35,21.15,ST_TRAIL
long,2016-01-13 09:40:00+05:30,2016-01-13 10:55:00+05:30,7578.0,7561.8,6.2,-16.2,ST_TRAIL
short,2016-01-13 11:10:00+05:30,2016-01-13 13:20:00+05:30,7481.65,7465.95,52.4,15.7,ST_TRAIL
long,2016-01-13 13:35:00+05:30,2016-01-13 15:15:00+05:30,7493.5,7562.95,84.05,69.45,EOD_EXIT
long,2016-01-14 13:00:00+05:30,2016-01-14 13:45:00+05:30,7575.75,7546.5,26.05,-29.25,ST_TRAIL
short,2016-01-14 14:30:00+05:30,2016-01-14 15:15:00+05:30,7523.3,7540.0,3.9,-16.7,EOD_EXIT
short,2016-01-15 10:40:00+05:30,2016-01-15 11:35:00+05:30,7517.2,7533.95,11.7,-16.75,ST_TRAIL
short,2016-01-18 10:00:00+05:30,2016-01-18 10:35:00+05:30,7391.25,7427.25,0.0,-36.0,ST_TRAIL
short,2016-01-18 13:20:00+05:30,2016-01-18 13:35:00+05:30,7390.65,7411.65,6.1,-21.0,ST_TRAIL
long,2016-01-19 10:50:00+05:30,2016-01-19 14:05:00+05:30,7409.2,7427.1,51.5,17.9,ST_TRAIL
short,2016-01-20 09:45:00+05:30,2016-01-20 14:50:00+05:30,7304.25,7268.4,58.55,35.85,ST_TRAIL
short,2016-01-21 10:45:00+05:30,2016-01-21 13:20:00+05:30,7316.1,7275.1,63.15,41.0,ST_TRAIL
long,2016-01-21 13:35:00+05:30,2016-01-21 14:15:00+05:30,7299.55,7283.5,26.6,-16.05,ST_TRAIL
long,2016-01-22 09:40:00+05:30,2016-01-22 13:15:00+05:30,7348.55,7403.7,71.05,55.15,ST_TRAIL
long,2016-01-22 13:40:00+05:30,2016-01-22 13:50:00+05:30,7418.85,7404.7,0.0,-14.15,ST_TRAIL
long,2016-01-25 09:40:00+05:30,2016-01-25 11:10:00+05:30,7483.75,7459.55,0.0,-24.2,ST_TRAIL
short,2016-01-25 13:55:00+05:30,2016-01-25 14:25:00+05:30,7421.9,7447.25,0.0,-25.35,ST_TRAIL
short,2016-01-27 09:40:00+05:30,2016-01-27 11:55:00+05:30,7422.8,7445.3,0.0,-22.5,ST_TRAIL
short,2016-01-27 13:30:00+05:30,2016-01-27 14:10:00+05:30,7450.6,7450.1,16.3,0.5,ST_TRAIL
long,2016-01-29 11:15:00+05:30,2016-01-29 15:15:00+05:30,7486.35,7564.45,81.8,78.1,EOD_EXIT
long,2016-02-01 10:05:00+05:30,2016-02-01 12:30:00+05:30,7583.4,7573.55,14.85,-9.85,ST_TRAIL
short,2016-02-02 11:05:00+05:30,2016-02-02 11:50:00+05:30,7536.55,7552.3,18.45,-15.75,ST_TRAIL
short,2016-02-02 14:05:00+05:30,2016-02-02 15:15:00+05:30,7504.25,7442.6,61.65,61.65,EOD_EXIT
short,2016-02-03 10:35:00+05:30,2016-02-03 12:45:00+05:30,7374.5,7399.7,2.6,-25.2,ST_TRAIL
short,2016-02-03 13:50:00+05:30,2016-02-03 14:20:00+05:30,7398.5,7411.35,5.85,-12.85,ST_TRAIL
long,2016-02-04 09:40:00+05:30,2016-02-04 10:20:00+05:30,7424.95,7394.65,0.0,-30.3,ST_TRAIL
long,2016-02-04 11:00:00+05:30,2016-02-04 13:35:00+05:30,7412.0,7421.0,37.35,9.0,ST_TRAIL
short,2016-02-04 13:50:00+05:30,2016-02-04 15:10:00+05:30,7416.5,7407.85,43.15,8.65,ST_TRAIL
long,2016-02-05 09:40:00+05:30,2016-02-05 13:00:00+05:30,7441.25,7456.8,39.0,15.55,ST_TRAIL
long,2016-02-05 13:40:00+05:30,2016-02-05 14:45:00+05:30,7470.6,7454.75,16.75,-15.85,ST_TRAIL
short,2016-02-09 11:00:00+05:30,2016-02-09 13:10:00+05:30,7295.1,7299.95,16.65,-4.85,ST_TRAIL
short,2016-02-09 13:50:00+05:30,2016-02-09 14:35:00+05:30,7292.95,7315.0,3.35,-22.05,ST_TRAIL
short,2016-02-10 11:15:00+05:30,2016-02-10 14:15:00+05:30,7224.1,7215.55,36.7,8.55,ST_TRAIL
long,2016-02-10 14:30:00+05:30,2016-02-10 14:50:00+05:30,7247.5,7219.15,0.0,-28.35,ST_TRAIL
short,2016-02-11 09:50:00+05:30,2016-02-11 15:15:00+05:30,7158.3,6984.3,193.05,174.0,EOD_EXIT
short,2016-02-12 10:10:00+05:30,2016-02-12 10:40:00+05:30,6954.15,6973.7,24.65,-19.55,ST_TRAIL
long,2016-02-12 13:35:00+05:30,2016-02-12 15:05:00+05:30,6986.55,6974.55,42.75,-12.0,BREAKEVEN_SL
long,2016-02-15 09:40:00+05:30,2016-02-15 15:15:00+05:30,7104.6,7157.15,74.8,52.55,EOD_EXIT
short,2016-02-16 09:40:00+05:30,2016-02-16 10:55:00+05:30,7136.1,7158.05,6.4,-21.95,ST_TRAIL
short,2016-02-16 11:30:00+05:30,2016-02-16 13:20:00+05:30,7114.05,7129.55,9.95,-15.5,ST_TRAIL
short,2016-02-16 14:00:00+05:30,2016-02-16 15:15:00+05:30,7106.95,7040.3,66.65,66.65,EOD_EXIT
short,2016-02-17 09:40:00+05:30,2016-02-17 10:20:00+05:30,6988.2,6996.35,18.4,-8.15,ST_TRAIL
long,2016-02-17 11:15:00+05:30,2016-02-17 12:00:00+05:30,7039.15,7022.15,10.85,-17.0,ST_TRAIL
long,2016-02-17 13:40:00+05:30,2016-02-17 15:15:00+05:30,7017.1,7110.7,93.6,93.6,EOD_EXIT
long,2016-02-18 11:00:00+05:30,2016-02-18 11:20:00+05:30,7206.15,7186.8,2.5,-19.35,ST_TRAIL
short,2016-02-18 14:00:00+05:30,2016-02-18 14:35:00+05:30,7151.4,7163.75,19.25,-12.35,ST_TRAIL
long,2016-02-19 09:40:00+05:30,2016-02-19 12:45:00+05:30,7172.95,7168.75,24.45,-4.2,ST_TRAIL
long,2016-02-19 13:40:00+05:30,2016-02-19 15:15:00+05:30,7179.45,7204.65,44.4,25.2,EOD_EXIT
long,2016-02-22 09:40:00+05:30,2016-02-22 11:40:00+05:30,7234.3,7219.35,7.35,-14.95,ST_TRAIL
long,2016-02-22 13:15:00+05:30,2016-02-22 14:25:00+05:30,7232.05,7233.8,19.05,1.75,ST_TRAIL
short,2016-02-23 09:40:00+05:30,2016-02-23 14:25:00+05:30,7179.6,7129.35,67.0,50.25,ST_TRAIL
short,2016-02-24 09:40:00+05:30,2016-02-24 11:55:00+05:30,7055.6,7058.2,19.6,-2.6,ST_TRAIL
long,2016-02-24 13:05:00+05:30,2016-02-24 13:30:00+05:30,7082.3,7065.8,0.0,-16.5,ST_TRAIL
long,2016-02-24 14:20:00+05:30,2016-02-24 14:30:00+05:30,7072.8,7046.65,0.0,-26.15,ST_TRAIL
long,2016-02-26 13:35:00+05:30,2016-02-26 14:55:00+05:30,7038.9,7020.5,7.35,-18.4,ST_TRAIL
short,2016-02-29 09:55:00+05:30,2016-02-29 11:05:00+05:30,7009.15,7042.9,0.9,-33.75,ST_TRAIL
short,2016-02-29 11:30:00+05:30,2016-02-29 12:45:00+05:30,7024.75,6967.35,148.85,57.4,ST_TRAIL
long,2016-02-29 13:00:00+05:30,2016-02-29 13:45:00+05:30,7041.5,7014.55,43.3,-26.95,BREAKEVEN_SL
long,2016-03-01 09:40:00+05:30,2016-03-01 15:15:00+05:30,7113.0,7231.05,118.05,118.05,EOD_EXIT
long,2016-03-02 10:00:00+05:30,2016-03-02 13:40:00+05:30,7344.1,7352.7,31.3,8.6,ST_TRAIL
long,2016-03-02 14:20:00+05:30,2016-03-02 15:00:00+05:30,7374.55,7357.4,3.9,-17.15,ST_TRAIL
long,2016-03-03 10:35:00+05:30,2016-03-03 11:50:00+05:30,7436.0,7425.3,7.5,-10.7,ST_TRAIL
long,2016-03-03 13:05:00+05:30,2016-03-03 13:35:00+05:30,7460.85,7444.7,8.95,-16.15,ST_TRAIL
long,2016-03-04 10:30:00+05:30,2016-03-04 12:20:00+05:30,7471.35,7466.7,13.95,-4.65,ST_TRAIL
long,2016-03-08 09:40:00+05:30,2016-03-08 11:05:00+05:30,7521.15,7498.8,2.9,-22.35,ST_TRAIL
short,2016-03-08 13:20:00+05:30,2016-03-08 14:50:00+05:30,7475.15,7468.9,30.65,6.25,ST_TRAIL
short,2016-03-09 11:00:00+05:30,2016-03-09 12:00:00+05:30,7438.05,7460.75,5.95,-22.7,ST_TRAIL
long,2016-03-09 13:55:00+05:30,2016-03-09 15:15:00+05:30,7497.8,7531.35,37.25,33.55,EOD_EXIT
short,2016-03-10 09:50:00+05:30,2016-03-10 13:15:00+05:30,7508.05,7469.25,56.3,38.8,ST_TRAIL
long,2016-03-10 13:55:00+05:30,2016-03-10 15:10:00+05:30,7486.15,7482.15,13.45,-4.0,ST_TRAIL
long,2016-03-11 09:55:00+05:30,2016-03-11 11:10:00+05:30,7539.05,7520.6,0.95,-18.45,ST_TRAIL
long,2016-03-11 13:00:00+05:30,2016-03-11 13:55:00+05:30,7518.05,7499.8,3.45,-18.25,ST_TRAIL
short,2016-03-14 14:25:00+05:30,2016-03-14 15:00:00+05:30,7529.25,7542.75,13.55,-13.5,ST_TRAIL
short,2016-03-15 10:10:00+05:30,2016-03-15 14:40:00+05:30,7495.5,7474.0,40.65,21.5,ST_TRAIL
short,2016-03-16 09:40:00+05:30,2016-03-16 13:30:00+05:30,7443.8,7429.65,34.8,14.15,ST_TRAIL
long,2016-03-17 09:45:00+05:30,2016-03-17 10:25:00+05:30,7581.9,7552.0,0.0,-29.9,ST_TRAIL
long,2016-03-17 13:30:00+05:30,2016-03-17 14:10:00+05:30,7562.7,7553.4,8.05,-9.3,ST_TRAIL
long,2016-03-18 10:10:00+05:30,2016-03-18 11:15:00+05:30,7555.85,7541.95,4.95,-13.9,ST_TRAIL
long,2016-03-18 14:10:00+05:30,2016-03-18 15:15:00+05:30,7549.7,7597.75,62.55,48.05,EOD_EXIT
long,2016-03-21 10:00:00+05:30,2016-03-21 11:25:00+05:30,7650.1,7645.4,8.4,-4.7,ST_TRAIL
long,2016-03-21 13:45:00+05:30,2016-03-21 15:15:00+05:30,7653.9,7709.15,57.65,55.25,EOD_EXIT
short,2016-03-22 13:25:00+05:30,2016-03-22 14:15:00+05:30,7665.4,7665.8,15.4,-0.4,ST_TRAIL
short,2016-03-23 10:50:00+05:30,2016-03-23 12:00:00+05:30,7679.1,7687.0,7.9,-7.9,ST_TRAIL
long,2016-03-23 14:00:00+05:30,2016-03-23 15:15:00+05:30,7706.3,7722.6,16.3,16.3,EOD_EXIT
short,2016-03-28 10:55:00+05:30,2016-03-28 15:15:00+05:30,7688.85,7627.3,92.5,61.55,EOD_EXIT
short,2016-03-29 10:45:00+05:30,2016-03-29 11:35:00+05:30,7600.35,7606.5,12.6,-6.15,ST_TRAIL
long,2016-03-29 14:05:00+05:30,2016-03-29 14:55:00+05:30,7623.9,7618.9,19.3,-5.0,ST_TRAIL
long,2016-03-30 10:05:00+05:30,2016-03-30 15:15:00+05:30,7653.4,7737.85,84.45,84.45,EOD_EXIT
long,2016-03-31 10:00:00+05:30,2016-03-31 11:35:00+05:30,7765.55,7758.4,8.75,-7.15,ST_TRAIL
long,2016-03-31 13:45:00+05:30,2016-03-31 14:20:00+05:30,7756.75,7743.95,8.2,-12.8,ST_TRAIL
short,2016-04-01 11:20:00+05:30,2016-04-01 12:00:00+05:30,7701.65,7714.1,8.9,-12.45,ST_TRAIL
short,2016-04-05 10:15:00+05:30,2016-04-05 11:05:00+05:30,7710.6,7718.3,13.65,-7.7,ST_TRAIL
short,2016-04-05 13:00:00+05:30,2016-04-05 14:40:00+05:30,7632.15,7637.0,12.55,-4.85,ST_TRAIL
short,2016-04-06 13:55:00+05:30,2016-04-06 14:25:00+05:30,7596.9,7615.9,0.0,-19.0,ST_TRAIL
short,2016-04-07 09:45:00+05:30,2016-04-07 10:45:00+05:30,7564.15,7580.8,17.75,-16.65,ST_TRAIL
long,2016-04-07 13:00:00+05:30,2016-04-07 13:20:00+05:30,7587.85,7572.35,0.0,-15.5,ST_TRAIL
long,2016-04-07 14:00:00+05:30,2016-04-07 14:25:00+05:30,7582.3,7568.55,0.0,-13.75,ST_TRAIL
short,2016-04-08 14:15:00+05:30,2016-04-08 14:30:00+05:30,7543.25,7553.8,0.7,-10.55,ST_TRAIL
long,2016-04-11 13:30:00+05:30,2016-04-11 15:15:00+05:30,7601.0,7673.35,72.35,72.35,EOD_EXIT
long,2016-04-12 09:40:00+05:30,2016-04-12 13:25:00+05:30,7698.0,7695.9,12.4,-2.1,ST_TRAIL
short,2016-04-12 13:40:00+05:30,2016-04-12 14:00:00+05:30,7682.6,7698.2,1.85,-15.6,ST_TRAIL
long,2016-04-12 14:30:00+05:30,2016-04-12 15:15:00+05:30,7707.0,7711.45,7.8,4.45,EOD_EXIT
long,2016-04-13 09:40:00+05:30,2016-04-13 14:05:00+05:30,7816.3,7830.7,30.25,14.4,ST_TRAIL
long,2016-04-18 09:35:00+05:30,2016-04-18 11:30:00+05:30,7862.65,7875.4,29.65,12.75,ST_TRAIL
long,2016-04-18 13:10:00+05:30,2016-04-18 13:55:00+05:30,7898.4,7896.75,8.7,-1.65,ST_TRAIL
long,2016-04-20 09:40:00+05:30,2016-04-20 10:15:00+05:30,7938.1,7919.8,4.8,-18.3,ST_TRAIL
short,2016-04-20 10:45:00+05:30,2016-04-20 11:50:00+05:30,7905.7,7903.95,21.75,1.75,ST_TRAIL
short,2016-04-20 14:25:00+05:30,2016-04-20 14:45:00+05:30,7903.75,7919.55,0.0,-15.8,ST_TRAIL
long,2016-04-22 10:05:00+05:30,2016-04-22 11:25:00+05:30,7906.0,7899.4,12.5,-6.6,ST_TRAIL
short,2016-04-22 14:25:00+05:30,2016-04-22 15:15:00+05:30,7889.35,7900.3,1.9,-10.95,EOD_EXIT
short,2016-04-25 10:20:00+05:30,2016-04-25 12:30:00+05:30,7861.35,7858.6,19.4,2.75,ST_TRAIL
short,2016-04-25 13:30:00+05:30,2016-04-25 14:15:00+05:30,7836.35,7847.8,0.0,-11.45,ST_TRAIL
long,2016-04-26 11:00:00+05:30,2016-04-26 15:15:00+05:30,7851.1,7953.9,119.85,102.8,EOD_EXIT
long,2016-04-27 10:00:00+05:30,2016-04-27 10:35:00+05:30,7981.35,7962.8,2.25,-18.55,ST_TRAIL
long,2016-04-27 13:30:00+05:30,2016-04-27 13:40:00+05:30,7987.85,7978.35,0.0,-9.5,ST_TRAIL
long,2016-04-28 10:05:00+05:30,2016-04-28 10:30:00+05:30,7987.5,7974.1,0.0,-13.4,ST_TRAIL
short,2016-04-28 11:15:00+05:30,2016-04-28 12:55:00+05:30,7938.75,7917.3,42.5,21.45,ST_TRAIL
short,2016-04-28 14:30:00+05:30,2016-04-28 15:15:00+05:30,7873.5,7837.65,35.85,35.85,EOD_EXIT
short,2016-04-29 13:00:00+05:30,2016-04-29 14:35:00+05:30,7796.3,7823.55,3.25,-27.25,ST_TRAIL
short,2016-05-02 11:10:00+05:30,2016-05-02 11:45:00+05:30,7794.85,7804.5,9.9,-9.65,ST_TRAIL
long,2016-05-03 09:45:00+05:30,2016-05-03 10:30:00+05:30,7879.75,7860.15,6.0,-19.6,ST_TRAIL
short,2016-05-04 10:40:00+05:30,2016-05-04 10:55:00+05:30,7714.3,7727.25,0.0,-12.95,ST_TRAIL
short,2016-05-04 13:45:00+05:30,2016-05-04 15:15:00+05:30,7725.4,7703.6,22.3,21.8,EOD_EXIT
long,2016-05-05 10:30:00+05:30,2016-05-05 10:55:00+05:30,7739.15,7720.0,0.0,-19.15,ST_TRAIL
long,2016-05-05 14:10:00+05:30,2016-05-05 15:00:00+05:30,7772.25,7737.5,0.0,-34.75,ST_TRAIL
long,2016-05-06 13:10:00+05:30,2016-05-06 15:15:00+05:30,7724.75,7735.3,11.75,10.55,EOD_EXIT
long,2016-05-09 09:55:00+05:30,2016-05-09 12:35:00+05:30,7822.6,7827.7,17.25,5.1,ST_TRAIL
long,2016-05-09 13:15:00+05:30,2016-05-09 15:15:00+05:30,7830.35,7864.0,40.1,33.65,EOD_EXIT
long,2016-05-10 13:10:00+05:30,2016-05-10 13:25:00+05:30,7886.4,7870.2,0.0,-16.2,ST_TRAIL
long,2016-05-10 14:00:00+05:30,2016-05-10 15:15:00+05:30,7881.9,7887.35,12.8,5.45,EOD_EXIT
long,2016-05-11 10:30:00+05:30,2016-05-11 12:15:00+05:30,7864.25,7873.15,27.25,8.9,ST_TRAIL
short,2016-05-11 13:00:00+05:30,2016-05-11 13:55:00+05:30,7822.45,7849.15,0.0,-26.7,ST_TRAIL
long,2016-05-12 09:40:00+05:30,2016-05-12 10:20:00+05:30,7913.2,7889.45,0.0,-23.75,ST_TRAIL
short,2016-05-12 13:00:00+05:30,2016-05-12 13:15:00+05:30,7857.9,7875.3,0.0,-17.4,ST_TRAIL
long,2016-05-12 14:10:00+05:30,2016-05-12 15:15:00+05:30,7891.25,7905.2,13.95,13.95,EOD_EXIT
short,2016-05-13 10:40:00+05:30,2016-05-13 11:35:00+05:30,7835.95,7842.8,9.0,-6.85,ST_TRAIL
short,2016-05-16 10:25:00+05:30,2016-05-16 13:05:00+05:30,7797.15,7792.4,20.75,4.75,ST_TRAIL
long,2016-05-16 13:30:00+05:30,2016-05-16 15:15:00+05:30,7808.0,7861.25,60.0,53.25,EOD_EXIT
long,2016-05-17 11:00:00+05:30,2016-05-17 11:15:00+05:30,7906.25,7894.95,0.0,-11.3,ST_TRAIL
short,2016-05-18 10:05:00+05:30,2016-05-18 12:10:00+05:30,7822.85,7829.1,8.1,-6.25,ST_TRAIL
short,2016-05-19 10:25:00+05:30,2016-05-19 10:45:00+05:30,7831.55,7847.05,0.0,-15.5,ST_TRAIL
short,2016-05-19 11:05:00+05:30,2016-05-19 13:15:00+05:30,7838.45,7826.05,26.8,12.4,ST_TRAIL
long,2016-05-23 11:00:00+05:30,2016-05-23 12:30:00+05:30,7772.0,7753.5,0.6,-18.5,ST_TRAIL
long,2016-05-23 13:45:00+05:30,2016-05-23 14:30:00+05:30,7782.55,7780.25,13.55,-2.3,ST_TRAIL
long,2016-05-24 13:00:00+05:30,2016-05-24 14:20:00+05:30,7743.65,7732.15,9.7,-11.5,ST_TRAIL
long,2016-05-25 09:40:00+05:30,2016-05-25 15:15:00+05:30,7858.75,7940.75,82.0,82.0,EOD_EXIT
long,2016-05-26 09:45:00+05:30,2016-05-26 11:15:00+05:30,7970.95,7961.25,9.75,-9.7,ST_TRAIL
long,2016-05-26 13:00:00+05:30,2016-05-26 14:25:00+05:30,7995.35,8009.9,31.35,14.55,ST_TRAIL
long,2016-05-27 09:40:00+05:30,2016-05-27 12:50:00+05:30,8131.75,8122.55,7.95,-9.2,ST_TRAIL
long,2016-05-27 14:00:00+05:30,2016-05-27 15:15:00+05:30,8151.9,8155.5,8.3,3.6,EOD_EXIT
long,2016-05-30 13:15:00+05:30,2016-05-30 15:15:00+05:30,8176.15,8178.1,11.85,1.95,EOD_EXIT
short,2016-05-31 09:50:00+05:30,2016-05-31 12:30:00+05:30,8164.75,8171.4,19.1,-6.65,ST_TRAIL
short,2016-05-31 14:20:00+05:30,2016-05-31 14:30:00+05:30,8142.05,8166.2,0.0,-24.15,ST_TRAIL
long,2016-06-01 09:45:00+05:30,2016-06-01 11:25:00+05:30,8190.55,8198.85,21.45,8.3,ST_TRAIL
long,2016-06-02 14:05:00+05:30,2016-06-02 15:15:00+05:30,8183.9,8216.95,44.4,33.05,EOD_EXIT
long,2016-06-03 09:40:00+05:30,2016-06-03 10:55:00+05:30,8254.85,8233.5,2.2,-21.35,ST_TRAIL
short,2016-06-06 13:40:00+05:30,2016-06-06 15:15:00+05:30,8214.05,8203.65,23.9,10.4,EOD_EXIT
long,2016-06-07 10:05:00+05:30,2016-06-07 14:15:00+05:30,8230.45,8275.4,62.75,44.95,ST_TRAIL
short,2016-06-09 11:25:00+05:30,2016-06-09 15:00:00+05:30,8222.6,8206.15,34.95,16.45,ST_TRAIL
long,2016-06-10 10:45:00+05:30,2016-06-10 12:20:00+05:30,8216.4,8239.8,45.05,23.4,ST_TRAIL
short,2016-06-10 13:00:00+05:30,2016-06-10 15:15:00+05:30,8194.1,8173.4,27.45,20.7,EOD_EXIT
short,2016-06-13 09:55:00+05:30,2016-06-13 12:30:00+05:30,8091.4,8086.3,26.45,5.1,ST_TRAIL
long,2016-06-13 13:35:00+05:30,2016-06-13 14:40:00+05:30,8109.8,8097.35,10.5,-12.45,ST_TRAIL
short,2016-06-14 14:15:00+05:30,2016-06-14 14:25:00+05:30,8073.1,8088.5,0.0,-15.4,ST_TRAIL
long,2016-06-15 14:05:00+05:30,2016-06-15 15:15:00+05:30,8167.35,8201.5,43.7,34.15,EOD_EXIT
short,2016-06-16 10:45:00+05:30,2016-06-16 12:35:00+05:30,8101.6,8099.6,23.75,2.0,ST_TRAIL
long,2016-06-16 13:55:00+05:30,2016-06-16 15:15:00+05:30,8123.15,8141.9,26.2,18.75,EOD_EXIT
long,2016-06-20 09:55:00+05:30,2016-06-20 13:00:00+05:30,8192.3,8215.15,36.9,22.85,ST_TRAIL
long,2016-06-20 14:15:00+05:30,2016-06-20 15:15:00+05:30,8227.9,8236.45,13.85,8.55,EOD_EXIT
short,2016-06-21 13:20:00+05:30,2016-06-21 14:00:00+05:30,8219.4,8223.65,5.95,-4.25,ST_TRAIL
short,2016-06-22 13:00:00+05:30,2016-06-22 14:15:00+05:30,8200.55,8184.85,33.4,15.7,ST_TRAIL
long,2016-06-22 14:30:00+05:30,2016-06-22 15:15:00+05:30,8196.1,8202.6,8.1,6.5,EOD_EXIT
long,2016-06-23 14:20:00+05:30,2016-06-23 15:15:00+05:30,8229.75,8266.45,47.6,36.7,EOD_EXIT
short,2016-06-24 09:55:00+05:30,2016-06-24 12:35:00+05:30,7984.25,7965.05,51.3,19.2,ST_TRAIL
long,2016-06-24 13:10:00+05:30,2016-06-24 14:25:00+05:30,8016.1,8044.6,61.95,28.5,ST_TRAIL
short,2016-06-27 13:45:00+05:30,2016-06-27 14:15:00+05:30,8081.75,8087.15,19.55,-5.4,ST_TRAIL
long,2016-06-27 14:30:00+05:30,2016-06-27 15:15:00+05:30,8094.7,8096.8,11.5,2.1,EOD_EXIT
long,2016-06-29 10:00:00+05:30,2016-06-29 11:00:00+05:30,8181.0,8171.85,3.4,-9.15,ST_TRAIL
long,2016-06-29 14:15:00+05:30,2016-06-29 15:15:00+05:30,8197.6,8201.4,13.7,3.8,EOD_EXIT
long,2016-06-30 10:00:00+05:30,2016-06-30 10:45:00+05:30,8271.55,8257.9,4.95,-13.65,ST_TRAIL
long,2016-06-30 13:25:00+05:30,2016-06-30 15:00:00+05:30,8282.3,8277.85,23.35,-4.45,ST_TRAIL
long,2016-07-01 09:40:00+05:30,2016-07-01 13:10:00+05:30,8339.2,8341.8,16.25,2.6,ST_TRAIL
long,2016-07-01 13:55:00+05:30,2016-07-01 14:35:00+05:30,8345.8,8335.15,1.95,-10.65,ST_TRAIL
long,2016-07-04 10:20:00+05:30,2016-07-04 12:45:00+05:30,8386.25,8385.75,11.75,-0.5,ST_TRAIL
short,2016-07-05 10:35:00+05:30,2016-07-05 11:30:00+05:30,8340.4,8352.1,0.0,-11.7,ST_TRAIL
short,2016-07-07 10:30:00+05:30,2016-07-07 10:40:00+05:30,8324.3,8341.5,0.0,-17.2,ST_TRAIL
short,2016-07-07 11:15:00+05:30,2016-07-07 12:30:00+05:30,8328.15,8332.15,9.65,-4.0,ST_TRAIL
long,2016-07-07 14:10:00+05:30,2016-07-07 14:45:00+05:30,8358.5,8345.05,0.0,-13.45,ST_TRAIL
long,2016-07-08 13:50:00+05:30,2016-07-08 14:10:00+05:30,8326.7,8315.75,0.0,-10.95,ST_TRAIL
long,2016-07-11 10:00:00+05:30,2016-07-11 13:05:00+05:30,8458.75,8455.5,7.55,-3.25,ST_TRAIL
short,2016-07-12 13:25:00+05:30,2016-07-12 13:55:00+05:30,8483.45,8497.55,0.0,-14.1,ST_TRAIL
short,2016-07-13 10:50:00+05:30,2016-07-13 12:10:00+05:30,8508.5,8515.55,7.85,-7.05,ST_TRAIL
short,2016-07-14 10:30:00+05:30,2016-07-14 11:45:00+05:30,8507.1,8518.75,0.75,-11.65,ST_TRAIL
short,2016-07-15 10:15:00+05:30,2016-07-15 12:50:00+05:30,8523.7,8541.3,11.45,-17.6,ST_TRAIL
long,2016-07-15 13:15:00+05:30,2016-07-15 14:35:00+05:30,8557.05,8532.8,1.9,-24.25,ST_TRAIL
long,2016-07-18 09:40:00+05:30,2016-07-18 13:00:00+05:30,8581.5,8575.1,2.65,-6.4,ST_TRAIL
short,2016-07-18 13:15:00+05:30,2016-07-18 15:15:00+05:30,8562.8,8509.85,52.95,52.95,EOD_EXIT
short,2016-07-19 09:40:00+05:30,2016-07-19 10:35:00+05:30,8504.9,8522.85,3.15,-17.95,ST_TRAIL
short,2016-07-19 13:25:00+05:30,2016-07-19 14:50:00+05:30,8488.85,8509.85,5.9,-21.0,ST_TRAIL
long,2016-07-20 14:20:00+05:30,2016-07-20 15:15:00+05:30,8557.25,8563.95,10.3,6.7,EOD_EXIT
short,2016-07-21 14:10:00+05:30,2016-07-21 15:15:00+05:30,8534.1,8510.05,25.95,24.05,EOD_EXIT
short,2016-07-22 10:40:00+05:30,2016-07-22 11:30:00+05:30,8498.6,8522.55,0.0,-23.95,ST_TRAIL
long,2016-07-22 13:10:00+05:30,2016-07-22 13:50:00+05:30,8539.85,8518.65,0.0,-21.2,ST_TRAIL
long,2016-07-25 11:10:00+05:30,2016-07-25 15:15:00+05:30,8564.45,8637.7,74.7,73.25,EOD_EXIT
long,2016-07-26 13:50:00+05:30,2016-07-26 14:45:00+05:30,8630.45,8615.15,12.1,-15.3,ST_TRAIL
long,2016-07-27 09:55:00+05:30,2016-07-27 10:40:00+05:30,8659.0,8638.1,1.3,-20.9,ST_TRAIL
short,2016-07-27 11:25:00+05:30,2016-07-27 12:35:00+05:30,8599.05,8608.8,21.05,-9.75,ST_TRAIL
short,2016-07-27 13:15:00+05:30,2016-07-27 15:05:00+05:30,8588.15,8618.3,4.0,-30.15,ST_TRAIL
long,2016-07-28 11:00:00+05:30,2016-07-28 12:35:00+05:30,8643.45,8636.7,6.95,-6.75,ST_TRAIL
long,2016-07-28 13:20:00+05:30,2016-07-28 13:35:00+05:30,8654.45,8640.75,0.0,-13.7,ST_TRAIL
long,2016-07-29 10:35:00+05:30,2016-07-29 12:00:00+05:30,8660.65,8646.45,4.35,-14.2,ST_TRAIL
long,2016-08-01 10:25:00+05:30,2016-08-01 10:50:00+05:30,8710.6,8694.0,0.0,-16.6,ST_TRAIL
short,2016-08-01 13:15:00+05:30,2016-08-01 13:30:00+05:30,8596.1,8628.25,0.0,-32.15,ST_TRAIL
short,2016-08-03 09:40:00+05:30,2016-08-03 10:10:00+05:30,8569.5,8605.8,0.0,-36.3,ST_TRAIL
short,2016-08-03 10:50:00+05:30,2016-08-03 12:35:00+05:30,8573.85,8570.1,25.6,3.75,ST_TRAIL
short,2016-08-03 13:10:00+05:30,2016-08-03 13:45:00+05:30,8547.3,8578.9,0.0,-31.6,ST_TRAIL
short,2016-08-04 13:10:00+05:30,2016-08-04 14:55:00+05:30,8539.9,8539.45,19.35,0.45,ST_TRAIL
long,2016-08-05 10:05:00+05:30,2016-08-05 13:00:00+05:30,8629.0,8634.5,22.75,5.5,ST_TRAIL
long,2016-08-08 11:30:00+05:30,2016-08-08 11:55:00+05:30,8709.5,8700.6,0.0,-8.9,ST_TRAIL
long,2016-08-08 14:10:00+05:30,2016-08-08 15:15:00+05:30,8712.3,8710.0,7.65,-2.3,EOD_EXIT
short,2016-08-09 10:15:00+05:30,2016-08-09 11:30:00+05:30,8693.6,8701.25,5.05,-7.65,ST_TRAIL
short,2016-08-09 13:15:00+05:30,2016-08-09 13:25:00+05:30,8651.9,8662.4,0.0,-10.5,ST_TRAIL
long,2016-08-09 14:20:00+05:30,2016-08-09 15:15:00+05:30,8681.0,8683.0,4.4,2.0,EOD_EXIT
short,2016-08-10 10:15:00+05:30,2016-08-10 15:15:00+05:30,8616.05,8573.2,42.85,42.85,EOD_EXIT
long,2016-08-12 09:40:00+05:30,2016-08-12 11:30:00+05:30,8666.2,8653.6,7.4,-12.6,ST_TRAIL
long,2016-08-16 10:15:00+05:30,2016-08-16 10:55:00+05:30,8678.35,8658.65,0.0,-19.7,ST_TRAIL
short,2016-08-16 13:45:00+05:30,2016-08-16 14:25:00+05:30,8613.05,8627.4,0.0,-14.35,ST_TRAIL
long,2016-08-17 11:15:00+05:30,2016-08-17 12:00:00+05:30,8650.85,8638.2,0.7,-12.65,ST_TRAIL
short,2016-08-17 13:25:00+05:30,2016-08-17 15:00:00+05:30,8619.05,8627.5,8.75,-8.45,ST_TRAIL
long,2016-08-18 10:20:00+05:30,2016-08-18 12:00:00+05:30,8662.25,8670.2,22.8,7.95,ST_TRAIL
short,2016-08-19 13:00:00+05:30,2016-08-19 14:50:00+05:30,8650.05,8666.9,0.0,-16.85,ST_TRAIL
short,2016-08-22 10:35:00+05:30,2016-08-22 12:50:00+05:30,8623.05,8630.1,6.8,-7.05,ST_TRAIL
short,2016-08-23 10:40:00+05:30,2016-08-23 12:30:00+05:30,8615.85,8628.55,0.0,-12.7,ST_TRAIL
short,2016-08-23 14:00:00+05:30,2016-08-23 14:25:00+05:30,8596.85,8607.55,11.3,-10.7,ST_TRAIL
long,2016-08-24 13:10:00+05:30,2016-08-24 13:35:00+05:30,8642.6,8630.45,0.0,-12.15,ST_TRAIL
long,2016-08-24 14:20:00+05:30,2016-08-24 15:15:00+05:30,8633.45,8648.55,24.95,15.1,EOD_EXIT
long,2016-08-25 10:25:00+05:30,2016-08-25 12:30:00+05:30,8675.9,8666.55,0.55,-9.35,ST_TRAIL
short,2016-08-25 14:15:00+05:30,2016-08-25 15:15:00+05:30,8613.85,8591.05,26.75,22.8,EOD_EXIT
short,2016-08-26 10:10:00+05:30,2016-08-26 13:20:00+05:30,8588.9,8580.25,22.1,8.65,ST_TRAIL
short,2016-08-26 14:05:00+05:30,2016-08-26 14:55:00+05:30,8557.2,8569.55,5.85,-12.35,ST_TRAIL
short,2016-08-29 09:55:00+05:30,2016-08-29 10:55:00+05:30,8545.2,8569.0,0.0,-23.8,ST_TRAIL
long,2016-08-29 14:20:00+05:30,2016-08-29 15:15:00+05:30,8591.85,8605.4,17.0,13.55,EOD_EXIT
long,2016-08-30 09:40:00+05:30,2016-08-30 11:35:00+05:30,8667.45,8666.05,11.05,-1.4,ST_TRAIL
long,2016-08-30 13:00:00+05:30,2016-08-30 15:15:00+05:30,8702.1,8744.35,45.35,42.25,EOD_EXIT
long,2016-08-31 13:05:00+05:30,2016-08-31 14:10:00+05:30,8789.95,8795.45,27.95,5.5,ST_TRAIL
short,2016-09-01 09:45:00+05:30,2016-09-01 10:45:00+05:30,8782.35,8801.8,0.65,-19.45,ST_TRAIL
long,2016-09-01 13:45:00+05:30,2016-09-01 14:00:00+05:30,8810.3,8795.35,0.0,-14.95,ST_TRAIL
long,2016-09-02 14:10:00+05:30,2016-09-02 15:15:00+05:30,8798.0,8810.2,22.9,12.2,EOD_EXIT
long,2016-09-06 09:40:00+05:30,2016-09-06 13:20:00+05:30,8884.6,8896.75,21.85,12.15,ST_TRAIL
short,2016-09-07 14:20:00+05:30,2016-09-07 15:15:00+05:30,8942.95,8915.7,27.25,27.25,EOD_EXIT
short,2016-09-09 10:15:00+05:30,2016-09-09 12:40:00+05:30,8875.05,8881.15,11.85,-6.1,ST_TRAIL
short,2016-09-12 10:25:00+05:30,2016-09-12 13:05:00+05:30,8736.5,8740.85,9.85,-4.35,ST_TRAIL
short,2016-09-12 13:45:00+05:30,2016-09-12 15:15:00+05:30,8731.95,8715.5,27.95,16.45,EOD_EXIT
short,2016-09-14 09:50:00+05:30,2016-09-14 11:55:00+05:30,8705.15,8711.1,10.25,-5.95,ST_TRAIL
short,2016-09-14 13:15:00+05:30,2016-09-14 13:45:00+05:30,8708.8,8723.0,0.0,-14.2,ST_TRAIL
long,2016-09-15 10:55:00+05:30,2016-09-15 12:15:00+05:30,8723.8,8718.15,11.25,-5.65,ST_TRAIL
long,2016-09-15 14:20:00+05:30,2016-09-15 15:15:00+05:30,8732.65,8741.8,12.55,9.15,EOD_EXIT
long,2016-09-16 09:40:00+05:30,2016-09-16 12:30:00+05:30,8830.45,8833.1,16.45,2.65,ST_TRAIL
long,2016-09-19 10:00:00+05:30,2016-09-19 13:35:00+05:30,8801.65,8802.9,18.4,1.25,ST_TRAIL
long,2016-09-19 14:10:00+05:30,2016-09-19 15:00:00+05:30,8809.05,8808.7,12.3,-0.35,ST_TRAIL
long,2016-09-21 10:40:00+05:30,2016-09-21 12:15:00+05:30,8812.3,8812.2,12.05,-0.1,ST_TRAIL
short,2016-09-21 13:45:00+05:30,2016-09-21 14:40:00+05:30,8791.1,8779.2,27.7,11.9,ST_TRAIL
long,2016-09-22 14:10:00+05:30,2016-09-22 15:15:00+05:30,8861.8,8863.95,12.65,2.15,EOD_EXIT
short,2016-09-26 11:00:00+05:30,2016-09-26 14:55:00+05:30,8788.0,8743.0,63.8,45.0,ST_TRAIL
short,2016-09-29 14:25:00+05:30,2016-09-29 15:15:00+05:30,8573.25,8592.3,0.0,-19.05,EOD_EXIT
short,2016-09-30 11:25:00+05:30,2016-09-30 13:10:00+05:30,8586.1,8588.75,18.25,-2.65,ST_TRAIL
long,2016-09-30 14:25:00+05:30,2016-09-30 15:00:00+05:30,8621.85,8603.55,12.1,-18.3,ST_TRAIL
long,2016-10-03 09:45:00+05:30,2016-10-03 11:25:00+05:30,8695.65,8705.65,28.6,10.0,ST_TRAIL
long,2016-10-03 13:40:00+05:30,2016-10-03 15:15:00+05:30,8723.6,8735.15,20.7,11.55,EOD_EXIT
long,2016-10-04 13:00:00+05:30,2016-10-04 14:10:00+05:30,8756.8,8743.75,5.85,-13.05,ST_TRAIL
short,2016-10-05 10:15:00+05:30,2016-10-05 13:00:00+05:30,8737.45,8753.8,1.7,-16.35,ST_TRAIL
short,2016-10-05 14:15:00+05:30,2016-10-05 15:15:00+05:30,8752.1,8738.6,13.5,13.5,EOD_EXIT
long,2016-10-06 09:45:00+05:30,2016-10-06 13:25:00+05:30,8769.9,8754.25,6.85,-15.65,ST_TRAIL
short,2016-10-06 13:40:00+05:30,2016-10-06 15:15:00+05:30,8738.6,8715.35,52.4,23.25,EOD_EXIT
short,2016-10-07 09:45:00+05:30,2016-10-07 12:25:00+05:30,8699.05,8685.55,26.1,13.5,ST_TRAIL
long,2016-10-07 14:15:00+05:30,2016-10-07 14:35:00+05:30,8699.0,8679.1,0.0,-19.9,ST_TRAIL
short,2016-10-13 10:05:00+05:30,2016-10-13 14:10:00+05:30,8631.4,8567.5,80.3,63.9,ST_TRAIL
long,2016-10-14 13:50:00+05:30,2016-10-14 13:55:00+05:30,8600.0,8580.75,0.0,-19.25,ST_TRAIL
long,2016-10-18 11:30:00+05:30,2016-10-18 15:15:00+05:30,8593.55,8680.0,86.45,86.45,EOD_EXIT
long,2016-10-19 13:50:00+05:30,2016-10-19 14:40:00+05:30,8671.4,8660.35,12.4,-11.05,ST_TRAIL
short,2016-10-20 14:05:00+05:30,2016-10-20 14:50:00+05:30,8691.65,8703.1,2.1,-11.45,ST_TRAIL
short,2016-10-21 10:45:00+05:30,2016-10-21 11:40:00+05:30,8660.6,8666.35,5.75,-5.75,ST_TRAIL
short,2016-10-21 14:20:00+05:30,2016-10-21 14:30:00+05:30,8657.6,8670.95,0.0,-13.35,ST_TRAIL
long,2016-10-24 13:35:00+05:30,2016-10-24 14:30:00+05:30,8733.3,8721.25,0.05,-12.05,ST_TRAIL
short,2016-10-25 09:50:00+05:30,2016-10-25 11:30:00+05:30,8671.45,8696.7,1.65,-25.25,ST_TRAIL
short,2016-10-26 14:25:00+05:30,2016-10-26 15:15:00+05:30,8625.0,8618.25,23.1,6.75,EOD_EXIT
short,2016-10-27 10:00:00+05:30,2016-10-27 12:15:00+05:30,8567.95,8568.75,14.45,-0.8,ST_TRAIL
long,2016-10-27 13:20:00+05:30,2016-10-27 14:10:00+05:30,8593.85,8584.5,14.5,-9.35,ST_TRAIL
long,2016-10-28 09:55:00+05:30,2016-10-28 12:30:00+05:30,8616.55,8632.3,29.75,15.75,ST_TRAIL
long,2016-10-28 13:50:00+05:30,2016-10-28 15:15:00+05:30,8637.85,8637.5,12.2,-0.35,EOD_EXIT
long,2016-11-01 11:30:00+05:30,2016-11-01 14:15:00+05:30,8641.35,8654.85,27.5,13.5,ST_TRAIL
short,2016-11-02 10:45:00+05:30,2016-11-02 12:30:00+05:30,8530.75,8535.15,11.35,-4.4,ST_TRAIL
short,2016-11-02 13:30:00+05:30,2016-11-02 15:15:00+05:30,8533.1,8517.0,22.75,16.1,EOD_EXIT
short,2016-11-03 13:20:00+05:30,2016-11-03 13:35:00+05:30,8500.65,8517.7,5.7,-17.05,ST_TRAIL
short,2016-11-04 10:10:00+05:30,2016-11-04 11:40:00+05:30,8470.1,8458.9,33.75,11.2,ST_TRAIL
short,2016-11-04 13:35:00+05:30,2016-11-04 15:00:00+05:30,8444.75,8434.75,38.4,10.0,ST_TRAIL
long,2016-11-07 10:00:00+05:30,2016-11-07 11:40:00+05:30,8507.0,8505.55,18.3,-1.45,ST_TRAIL
long,2016-11-08 14:15:00+05:30,2016-11-08 15:15:00+05:30,8509.8,8547.85,43.1,38.05,EOD_EXIT
long,2016-11-09 09:35:00+05:30,2016-11-09 10:05:00+05:30,8289.45,8267.55,53.05,-21.9,BREAKEVEN_SL
long,2016-11-09 13:20:00+05:30,2016-11-09 14:50:00+05:30,8364.8,8410.1,109.05,45.3,ST_TRAIL
long,2016-11-10 10:10:00+05:30,2016-11-10 12:50:00+05:30,8561.5,8578.15,33.2,16.65,ST_TRAIL
long,2016-11-10 13:35:00+05:30,2016-11-10 14:15:00+05:30,8570.4,8563.6,15.6,-6.8,ST_TRAIL
short,2016-11-11 09:40:00+05:30,2016-11-11 13:10:00+05:30,8400.15,8385.85,46.1,14.3,ST_TRAIL
short,2016-11-11 13:55:00+05:30,2016-11-11 15:15:00+05:30,8369.95,8301.75,78.85,68.2,EOD_EXIT
short,2016-11-15 09:50:00+05:30,2016-11-15 10:50:00+05:30,8175.4,8189.45,36.05,-14.05,ST_TRAIL
short,2016-11-15 11:25:00+05:30,2016-11-15 12:10:00+05:30,8150.55,8168.25,24.95,-17.7,ST_TRAIL
long,2016-11-16 14:25:00+05:30,2016-11-16 14:55:00+05:30,8159.6,8136.35,0.0,-23.25,ST_TRAIL
short,2016-11-17 10:05:00+05:30,2016-11-17 11:40:00+05:30,8108.3,8133.25,11.5,-24.95,ST_TRAIL
short,2016-11-17 13:30:00+05:30,2016-11-17 14:15:00+05:30,8107.75,8108.85,31.75,-1.1,ST_TRAIL
short,2016-11-18 09:40:00+05:30,2016-11-18 10:40:00+05:30,8059.05,8087.35,0.0,-28.3,ST_TRAIL
long,2016-11-18 13:20:00+05:30,2016-11-18 13:30:00+05:30,8123.9,8105.85,0.0,-18.05,ST_TRAIL
short,2016-11-21 10:00:00+05:30,2016-11-21 13:05:00+05:30,8010.3,7970.8,59.55,39.5,ST_TRAIL
short,2016-11-21 13:45:00+05:30,2016-11-21 14:25:00+05:30,7954.8,7962.95,24.05,-8.15,ST_TRAIL
long,2016-11-22 14:25:00+05:30,2016-11-22 15:15:00+05:30,7988.25,8004.4,18.7,16.15,EOD_EXIT
long,2016-11-23 11:00:00+05:30,2016-11-23 12:20:00+05:30,8017.75,8003.5,6.45,-14.25,ST_TRAIL
long,2016-11-23 13:30:00+05:30,2016-11-23 15:15:00+05:30,8018.05,8026.35,28.6,8.3,EOD_EXIT
long,2016-11-24 14:15:00+05:30,2016-11-24 15:00:00+05:30,7999.0,7963.25,25.75,-35.75,ST_TRAIL
long,2016-11-25 09:45:00+05:30,2016-11-25 15:15:00+05:30,8018.5,8110.25,98.45,91.75,EOD_EXIT
long,2016-11-29 10:25:00+05:30,2016-11-29 13:55:00+05:30,8185.65,8176.4,8.75,-9.25,ST_TRAIL
long,2016-11-30 10:40:00+05:30,2016-11-30 12:15:00+05:30,8183.65,8171.6,3.2,-12.05,ST_TRAIL
long,2016-11-30 13:15:00+05:30,2016-11-30 15:15:00+05:30,8174.85,8229.8,55.8,54.95,EOD_EXIT
long,2016-12-01 10:30:00+05:30,2016-12-01 11:35:00+05:30,8223.25,8210.25,6.15,-13.0,ST_TRAIL
long,2016-12-01 13:20:00+05:30,2016-12-01 13:30:00+05:30,8235.35,8216.9,0.0,-18.45,ST_TRAIL
short,2016-12-02 09:40:00+05:30,2016-12-02 13:20:00+05:30,8130.15,8130.55,23.8,-0.4,ST_TRAIL
long,2016-12-05 13:35:00+05:30,2016-12-05 14:35:00+05:30,8102.3,8119.15,36.05,16.85,ST_TRAIL
long,2016-12-07 13:00:00+05:30,2016-12-07 14:30:00+05:30,8171.6,8097.3,17.3,-74.3,STOP_LOSS
long,2016-12-08 09:40:00+05:30,2016-12-08 13:05:00+05:30,8197.6,8219.0,32.15,21.4,ST_TRAIL
short,2016-12-12 09:40:00+05:30,2016-12-12 11:50:00+05:30,8216.4,8212.0,18.15,4.4,ST_TRAIL
short,2016-12-12 14:30:00+05:30,2016-12-12 15:15:00+05:30,8173.6,8172.7,13.15,0.9,EOD_EXIT
short,2016-12-13 09:35:00+05:30,2016-12-13 10:00:00+05:30,8158.25,8179.75,0.0,-21.5,ST_TRAIL
short,2016-12-14 10:55:00+05:30,2016-12-14 11:30:00+05:30,8195.75,8210.95,0.0,-15.2,ST_TRAIL
short,2016-12-14 13:05:00+05:30,2016-12-14 13:35:00+05:30,8171.95,8190.4,0.0,-18.45,ST_TRAIL
long,2016-12-14 13:50:00+05:30,2016-12-14 14:50:00+05:30,8210.1,8195.65,3.85,-14.45,ST_TRAIL
short,2016-12-15 11:15:00+05:30,2016-12-15 12:35:00+05:30,8185.75,8188.4,23.35,-2.65,ST_TRAIL
short,2016-12-15 14:15:00+05:30,2016-12-15 15:15:00+05:30,8185.3,8151.15,34.5,34.15,EOD_EXIT
short,2016-12-16 10:05:00+05:30,2016-12-16 12:15:00+05:30,8139.1,8141.9,6.5,-2.8,ST_TRAIL
short,2016-12-19 09:40:00+05:30,2016-12-19 10:45:00+05:30,8116.25,8129.8,2.7,-13.55,ST_TRAIL
short,2016-12-20 11:25:00+05:30,2016-12-20 12:40:00+05:30,8092.25,8089.3,17.8,2.95,ST_TRAIL
short,2016-12-20 13:15:00+05:30,2016-12-20 13:50:00+05:30,8077.6,8077.45,9.9,0.15,ST_TRAIL
long,2016-12-21 14:15:00+05:30,2016-12-21 14:30:00+05:30,8104.15,8096.65,0.0,-7.5,ST_TRAIL
short,2016-12-22 09:40:00+05:30,2016-12-22 11:50:00+05:30,8013.55,7997.4,30.9,16.15,ST_TRAIL
short,2016-12-22 13:10:00+05:30,2016-12-22 13:40:00+05:30,7975.1,7978.25,7.35,-3.15,ST_TRAIL
short,2016-12-22 14:30:00+05:30,2016-12-22 15:15:00+05:30,7976.05,7982.6,5.7,-6.55,EOD_EXIT
short,2016-12-23 10:00:00+05:30,2016-12-23 10:55:00+05:30,7948.85,7963.5,5.5,-14.65,ST_TRAIL
long,2016-12-23 11:30:00+05:30,2016-12-23 13:45:00+05:30,7980.85,8004.25,37.0,23.4,ST_TRAIL
short,2016-12-26 09:40:00+05:30,2016-12-26 12:35:00+05:30,7895.6,7913.75,0.0,-18.15,ST_TRAIL
long,2016-12-27 10:25:00+05:30,2016-12-27 15:15:00+05:30,7941.3,8035.2,98.85,93.9,EOD_EXIT
long,2016-12-28 10:00:00+05:30,2016-12-28 12:30:00+05:30,8068.45,8073.05,18.55,4.6,ST_TRAIL
short,2016-12-28 14:20:00+05:30,2016-12-28 15:15:00+05:30,8053.2,8033.55,23.8,19.65,EOD_EXIT
long,2016-12-30 09:40:00+05:30,2016-12-30 13:00:00+05:30,8155.75,8168.8,22.85,13.05,ST_TRAIL
short,2017-01-02 10:40:00+05:30,2017-01-02 11:40:00+05:30,8147.6,8154.2,9.45,-6.6,ST_TRAIL
long,2017-01-02 13:15:00+05:30,2017-01-02 14:45:00+05:30,8162.8,8182.2,35.2,19.4,ST_TRAIL
long,2017-01-03 10:00:00+05:30,2017-01-03 11:45:00+05:30,8166.9,8195.6,45.4,28.7,ST_TRAIL
long,2017-01-03 13:55:00+05:30,2017-01-03 15:00:00+05:30,8201.4,8195.65,14.35,-5.75,ST_TRAIL
short,2017-01-04 13:55:00+05:30,2017-01-04 15:15:00+05:30,8197.5,8193.85,12.1,3.65,EOD_EXIT
long,2017-01-05 09:40:00+05:30,2017-01-05 12:40:00+05:30,8250.0,8256.9,14.3,6.9,ST_TRAIL
long,2017-01-05 13:55:00+05:30,2017-01-05 14:10:00+05:30,8277.2,8266.05,0.0,-11.15,ST_TRAIL
short,2017-01-06 10:45:00+05:30,2017-01-06 12:55:00+05:30,8267.65,8275.35,7.65,-7.7,ST_TRAIL
short,2017-01-06 13:35:00+05:30,2017-01-06 14:20:00+05:30,8262.35,8273.45,0.0,-11.1,ST_TRAIL
short,2017-01-09 10:55:00+05:30,2017-01-09 11:25:00+05:30,8232.15,8245.65,0.0,-13.5,ST_TRAIL
long,2017-01-10 13:20:00+05:30,2017-01-10 14:45:00+05:30,8279.1,8275.45,7.85,-3.65,ST_TRAIL
long,2017-01-11 09:40:00+05:30,2017-01-11 15:15:00+05:30,8342.45,8379.25,44.05,36.8,EOD_EXIT
long,2017-01-12 09:40:00+05:30,2017-01-12 09:50:00+05:30,8412.55,8395.3,0.0,-17.25,ST_TRAIL
long,2017-01-12 11:05:00+05:30,2017-01-12 11:50:00+05:30,8400.75,8392.8,1.9,-7.95,ST_TRAIL
long,2017-01-12 13:15:00+05:30,2017-01-12 13:30:00+05:30,8410.25,8397.25,0.0,-13.0,ST_TRAIL
short,2017-01-13 09:40:00+05:30,2017-01-13 14:45:00+05:30,8408.8,8389.75,30.6,19.05,ST_TRAIL
long,2017-01-16 10:15:00+05:30,2017-01-16 15:00:00+05:30,8403.95,8408.65,19.3,4.7,ST_TRAIL
short,2017-01-17 10:30:00+05:30,2017-01-17 13:00:00+05:30,8409.45,8396.6,27.6,12.85,ST_TRAIL
long,2017-01-18 09:40:00+05:30,2017-01-18 10:55:00+05:30,8451.1,8444.9,7.55,-6.2,ST_TRAIL
short,2017-01-18 13:50:00+05:30,2017-01-18 14:40:00+05:30,8405.85,8416.5,2.55,-10.65,ST_TRAIL
long,2017-01-19 11:15:00+05:30,2017-01-19 13:00:00+05:30,8430.25,8428.4,8.4,-1.85,ST_TRAIL
short,2017-01-19 14:15:00+05:30,2017-01-19 14:35:00+05:30,8421.9,8429.05,4.5,-7.15,ST_TRAIL
short,2017-01-20 13:00:00+05:30,2017-01-20 15:15:00+05:30,8371.7,8348.25,25.7,23.45,EOD_EXIT
long,2017-01-23 09:45:00+05:30,2017-01-23 11:45:00+05:30,8387.7,8383.55,11.35,-4.15,ST_TRAIL
long,2017-01-24 10:10:00+05:30,2017-01-24 11:35:00+05:30,8431.85,8429.7,9.65,-2.15,ST_TRAIL
long,2017-01-24 14:00:00+05:30,2017-01-24 15:15:00+05:30,8453.15,8477.9,24.75,24.75,EOD_EXIT
long,2017-01-25 10:35:00+05:30,2017-01-25 15:15:00+05:30,8514.4,8609.4,95.0,95.0,EOD_EXIT
long,2017-01-27 10:15:00+05:30,2017-01-27 12:20:00+05:30,8648.9,8645.55,21.95,-3.35,ST_TRAIL
long,2017-01-30 13:30:00+05:30,2017-01-30 14:05:00+05:30,8654.4,8643.1,4.6,-11.3,ST_TRAIL
short,2017-01-31 10:35:00+05:30,2017-01-31 12:55:00+05:30,8588.85,8587.45,27.15,1.4,ST_TRAIL
long,2017-01-31 13:45:00+05:30,2017-01-31 14:40:00+05:30,8591.7,8575.5,3.85,-16.2,ST_TRAIL
short,2017-02-01 09:40:00+05:30,2017-02-01 10:40:00+05:30,8564.95,8566.05,18.55,-1.1,ST_TRAIL
long,2017-02-01 13:55:00+05:30,2017-02-01 15:15:00+05:30,8676.05,8714.25,41.65,38.2,EOD_EXIT
long,2017-02-02 09:45:00+05:30,2017-02-02 11:15:00+05:30,8720.45,8704.0,2.65,-16.45,ST_TRAIL
long,2017-02-02 13:45:00+05:30,2017-02-02 15:10:00+05:30,8731.05,8729.25,22.7,-1.8,ST_TRAIL
long,2017-02-03 09:55:00+05:30,2017-02-03 10:10:00+05:30,8743.9,8722.35,0.0,-21.55,ST_TRAIL
short,2017-02-03 10:15:00+05:30,2017-02-03 12:30:00+05:30,8727.35,8722.8,16.4,4.55,ST_TRAIL
long,2017-02-03 14:05:00+05:30,2017-02-03 14:40:00+05:30,8735.75,8720.3,3.9,-15.45,ST_TRAIL
long,2017-02-06 09:40:00+05:30,2017-02-06 13:15:00+05:30,8802.05,8799.85,10.35,-2.2,ST_TRAIL
short,2017-02-06 13:30:00+05:30,2017-02-06 14:00:00+05:30,8787.0,8793.2,12.2,-6.2,ST_TRAIL
short,2017-02-07 11:00:00+05:30,2017-02-07 12:30:00+05:30,8780.8,8785.3,9.05,-4.5,ST_TRAIL
short,2017-02-07 14:15:00+05:30,2017-02-07 15:15:00+05:30,8777.25,8771.55,32.8,5.7,EOD_EXIT
short,2017-02-09 10:20:00+05:30,2017-02-09 11:50:00+05:30,8755.05,8748.55,26.1,6.5,ST_TRAIL
long,2017-02-09 13:40:00+05:30,2017-02-09 14:10:00+05:30,8775.6,8765.15,7.2,-10.45,ST_TRAIL
long,2017-02-10 10:25:00+05:30,2017-02-10 13:00:00+05:30,8801.1,8790.9,0.0,-10.2,ST_TRAIL
long,2017-02-10 14:25:00+05:30,2017-02-10 14:50:00+05:30,8806.35,8786.75,0.0,-19.6,ST_TRAIL
long,2017-02-13 14:00:00+05:30,2017-02-13 14:30:00+05:30,8799.4,8786.75,0.2,-12.65,ST_TRAIL
long,2017-02-14 10:05:00+05:30,2017-02-14 12:35:00+05:30,8795.7,8784.1,3.35,-11.6,ST_TRAIL
short,2017-02-15 11:15:00+05:30,2017-02-15 14:05:00+05:30,8765.85,8738.95,50.9,26.9,ST_TRAIL
short,2017-02-16 09:40:00+05:30,2017-02-16 11:10:00+05:30,8728.45,8746.35,5.3,-17.9,ST_TRAIL
long,2017-02-16 13:35:00+05:30,2017-02-16 15:15:00+05:30,8763.1,8772.9,20.0,9.8,EOD_EXIT
short,2017-02-17 10:50:00+05:30,2017-02-17 11:10:00+05:30,8817.4,8836.55,0.0,-19.15,ST_TRAIL
short,2017-02-17 13:20:00+05:30,2017-02-17 14:25:00+05:30,8820.85,8835.05,4.35,-14.2,ST_TRAIL
long,2017-02-20 14:00:00+05:30,2017-02-20 15:15:00+05:30,8860.5,8871.3,10.8,10.8,EOD_EXIT
long,2017-02-21 10:05:00+05:30,2017-02-21 10:20:00+05:30,8889.4,8871.15,0.9,-18.25,ST_TRAIL
long,2017-02-22 10:50:00+05:30,2017-02-22 12:40:00+05:30,8939.65,8945.5,16.65,5.85,ST_TRAIL
short,2017-02-22 13:10:00+05:30,2017-02-22 13:35:00+05:30,8922.75,8928.5,7.65,-5.75,ST_TRAIL
long,2017-02-23 10:40:00+05:30,2017-02-23 12:15:00+05:30,8953.6,8951.65,10.45,-1.95,ST_TRAIL
short,2017-02-27 10:40:00+05:30,2017-02-27 13:55:00+05:30,8918.25,8929.4,0.15,-11.15,ST_TRAIL
short,2017-02-27 14:25:00+05:30,2017-02-27 15:15:00+05:30,8916.9,8899.3,27.45,17.6,EOD_EXIT
short,2017-02-28 10:40:00+05:30,2017-02-28 12:30:00+05:30,8893.4,8896.25,11.8,-2.85,ST_TRAIL
long,2017-03-02 11:05:00+05:30,2017-03-02 11:45:00+05:30,8986.85,8970.1,2.85,-16.75,ST_TRAIL
short,2017-03-02 13:45:00+05:30,2017-03-02 14:10:00+05:30,8945.0,8960.05,1.45,-15.05,ST_TRAIL
short,2017-03-03 09:55:00+05:30,2017-03-03 14:00:00+05:30,8868.2,8882.2,6.05,-14.0,ST_TRAIL
long,2017-03-06 10:20:00+05:30,2017-03-06 11:25:00+05:30,8955.9,8952.45,6.5,-3.45,ST_TRAIL
short,2017-03-07 10:30:00+05:30,2017-03-07 13:30:00+05:30,8944.95,8946.55,10.65,-1.6,ST_TRAIL
short,2017-03-08 10:15:00+05:30,2017-03-08 12:55:00+05:30,8941.95,8910.7,47.2,31.25,ST_TRAIL
long,2017-03-09 10:30:00+05:30,2017-03-09 12:25:00+05:30,8921.15,8907.65,3.5,-13.5,ST_TRAIL
short,2017-03-10 11:20:00+05:30,2017-03-10 12:55:00+05:30,8936.45,8942.0,3.2,-5.55,ST_TRAIL
short,2017-03-10 14:00:00+05:30,2017-03-10 14:50:00+05:30,8922.4,8924.05,12.45,-1.65,ST_TRAIL
long,2017-03-14 10:35:00+05:30,2017-03-14 14:25:00+05:30,9085.65,9081.35,12.0,-4.3,ST_TRAIL
short,2017-03-15 13:30:00+05:30,2017-03-15 14:00:00+05:30,9085.3,9095.15,0.0,-9.85,ST_TRAIL
short,2017-03-17 11:15:00+05:30,2017-03-17 13:20:00+05:30,9154.2,9164.05,3.9,-9.85,ST_TRAIL
short,2017-03-20 10:05:00+05:30,2017-03-20 12:00:00+05:30,9131.15,9128.9,13.5,2.25,ST_TRAIL
short,2017-03-21 10:35:00+05:30,2017-03-21 13:45:00+05:30,9111.5,9099.2,23.15,12.3,ST_TRAIL
long,2017-03-21 14:30:00+05:30,2017-03-21 14:50:00+05:30,9111.8,9102.45,2.6,-9.35,ST_TRAIL
short,2017-03-22 09:50:00+05:30,2017-03-22 11:30:00+05:30,9058.15,9051.95,19.1,6.2,ST_TRAIL
long,2017-03-23 09:40:00+05:30,2017-03-23 13:00:00+05:30,9065.65,9061.1,7.15,-4.55,ST_TRAIL
long,2017-03-24 10:00:00+05:30,2017-03-24 12:50:00+05:30,9126.9,9113.3,0.0,-13.6,ST_TRAIL
long,2017-03-24 13:55:00+05:30,2017-03-24 14:50:00+05:30,9123.4,9116.35,6.85,-7.05,ST_TRAIL
short,2017-03-27 09:55:00+05:30,2017-03-27 13:15:00+05:30,9058.3,9039.45,30.9,18.85,ST_TRAIL
long,2017-03-27 14:05:00+05:30,2017-03-27 15:05:00+05:30,9058.3,9050.1,6.55,-8.2,ST_TRAIL
long,2017-03-28 09:45:00+05:30,2017-03-28 13:00:00+05:30,9092.05,9100.8,17.45,8.75,ST_TRAIL
long,2017-03-29 14:00:00+05:30,2017-03-29 14:05:00+05:30,9138.05,9123.2,0.0,-14.85,ST_TRAIL
long,2017-03-30 09:40:00+05:30,2017-03-30 12:10:00+05:30,9166.45,9154.85,0.95,-11.6,ST_TRAIL
long,2017-03-31 14:10:00+05:30,2017-03-31 15:05:00+05:30,9188.05,9168.35,1.15,-19.7,ST_TRAIL
long,2017-04-03 13:10:00+05:30,2017-04-03 14:20:00+05:30,9222.1,9222.7,9.4,0.6,ST_TRAIL
long,2017-04-05 11:15:00+05:30,2017-04-05 12:50:00+05:30,9244.95,9248.15,12.95,3.2,ST_TRAIL
short,2017-04-06 10:30:00+05:30,2017-04-06 11:55:00+05:30,9230.8,9233.95,7.05,-3.15,ST_TRAIL
long,2017-04-07 10:30:00+05:30,2017-04-07 11:55:00+05:30,9246.2,9233.1,0.0,-13.1,ST_TRAIL
long,2017-04-07 14:05:00+05:30,2017-04-07 14:15:00+05:30,9248.5,9238.9,0.55,-9.6,ST_TRAIL
short,2017-04-07 14:30:00+05:30,2017-04-07 15:15:00+05:30,9229.75,9200.15,36.0,29.6,EOD_EXIT
short,2017-04-10 09:40:00+05:30,2017-04-10 10:00:00+05:30,9198.9,9215.5,1.25,-16.6,ST_TRAIL
short,2017-04-10 13:00:00+05:30,2017-04-10 14:10:00+05:30,9182.95,9193.9,6.0,-10.95,ST_TRAIL
long,2017-04-11 09:50:00+05:30,2017-04-11 11:35:00+05:30,9205.4,9217.65,30.1,12.25,ST_TRAIL
short,2017-04-12 09:50:00+05:30,2017-04-12 12:05:00+05:30,9189.4,9193.55,19.25,-4.15,ST_TRAIL
short,2017-04-13 14:30:00+05:30,2017-04-13 15:15:00+05:30,9170.6,9145.6,25.0,25.0,EOD_EXIT
short,2017-04-17 11:30:00+05:30,2017-04-17 12:50:00+05:30,9139.75,9145.3,7.1,-5.55,ST_TRAIL
long,2017-04-18 10:05:00+05:30,2017-04-18 12:25:00+05:30,9214.4,9204.0,1.25,-10.4,ST_TRAIL
short,2017-04-18 13:10:00+05:30,2017-04-18 15:15:00+05:30,9177.65,9106.45,71.2,71.2,EOD_EXIT
short,2017-04-21 13:00:00+05:30,2017-04-21 14:35:00+05:30,9117.45,9115.6,24.25,1.85,ST_TRAIL
long,2017-04-24 11:05:00+05:30,2017-04-24 14:25:00+05:30,9165.7,9203.65,55.5,37.95,ST_TRAIL
long,2017-04-25 11:10:00+05:30,2017-04-25 13:15:00+05:30,9271.25,9275.15,15.45,3.9,ST_TRAIL
long,2017-04-25 14:05:00+05:30,2017-04-25 15:15:00+05:30,9295.55,9307.85,12.3,12.3,EOD_EXIT
long,2017-04-26 09:50:00+05:30,2017-04-26 12:05:00+05:30,9341.25,9350.2,21.2,8.95,ST_TRAIL
long,2017-04-26 13:40:00+05:30,2017-04-26 14:10:00+05:30,9351.9,9341.6,10.55,-10.3,ST_TRAIL
short,2017-04-26 14:25:00+05:30,2017-04-26 15:00:00+05:30,9328.55,9347.6,22.75,-19.05,ST_TRAIL
long,2017-04-27 11:05:00+05:30,2017-04-27 12:00:00+05:30,9348.7,9342.85,6.0,-5.85,ST_TRAIL
long,2017-04-27 13:50:00+05:30,2017-04-27 14:25:00+05:30,9362.5,9351.35,0.0,-11.15,ST_TRAIL
short,2017-05-02 10:35:00+05:30,2017-05-02 12:15:00+05:30,9329.25,9300.3,52.05,28.95,ST_TRAIL
long,2017-05-02 13:25:00+05:30,2017-05-02 14:05:00+05:30,9319.35,9302.1,0.0,-17.25,ST_TRAIL
long,2017-05-04 13:25:00+05:30,2017-05-04 15:15:00+05:30,9343.5,9362.25,19.55,18.75,EOD_EXIT
short,2017-05-05 10:00:00+05:30,2017-05-05 12:40:00+05:30,9316.3,9303.65,29.3,12.65,ST_TRAIL
long,2017-05-08 09:55:00+05:30,2017-05-08 11:30:00+05:30,9316.35,9322.95,20.8,6.6,ST_TRAIL
long,2017-05-09 13:10:00+05:30,2017-05-09 13:50:00+05:30,9335.25,9323.7,0.0,-11.55,ST_TRAIL
long,2017-05-10 09:40:00+05:30,2017-05-10 11:35:00+05:30,9359.35,9376.7,31.15,17.35,ST_TRAIL
long,2017-05-10 14:15:00+05:30,2017-05-10 15:15:00+05:30,9388.6,9411.25,22.65,22.65,EOD_EXIT
long,2017-05-11 10:20:00+05:30,2017-05-11 13:05:00+05:30,9437.35,9437.65,11.7,0.3,ST_TRAIL
short,2017-05-11 13:20:00+05:30,2017-05-11 13:50:00+05:30,9423.8,9440.3,0.0,-16.5,ST_TRAIL
short,2017-05-12 09:45:00+05:30,2017-05-12 13:25:00+05:30,9393.75,9392.45,13.8,1.3,ST_TRAIL
short,2017-05-12 14:00:00+05:30,2017-05-12 15:00:00+05:30,9389.8,9396.3,11.4,-6.5,ST_TRAIL
long,2017-05-15 10:15:00+05:30,2017-05-15 12:50:00+05:30,9441.8,9430.05,4.4,-11.75,ST_TRAIL
long,2017-05-16 13:05:00+05:30,2017-05-16 15:15:00+05:30,9483.0,9510.95,30.25,27.95,EOD_EXIT
long,2017-05-17 10:15:00+05:30,2017-05-17 11:20:00+05:30,9516.7,9497.2,0.0,-19.5,ST_TRAIL
long,2017-05-17 13:10:00+05:30,2017-05-17 14:55:00+05:30,9512.7,9514.9,15.95,2.2,ST_TRAIL
short,2017-05-18 10:25:00+05:30,2017-05-18 11:10:00+05:30,9456.3,9463.9,9.75,-7.6,ST_TRAIL
short,2017-05-19 11:00:00+05:30,2017-05-19 14:00:00+05:30,9477.75,9427.3,80.35,50.45,ST_TRAIL
short,2017-05-22 14:30:00+05:30,2017-05-22 15:15:00+05:30,9445.1,9439.9,15.7,5.2,EOD_EXIT
long,2017-05-23 13:10:00+05:30,2017-05-23 14:20:00+05:30,9420.4,9410.65,14.55,-9.75,ST_TRAIL
long,2017-05-24 10:15:00+05:30,2017-05-24 11:40:00+05:30,9409.35,9408.45,18.4,-0.9,ST_TRAIL
short,2017-05-24 13:05:00+05:30,2017-05-24 13:35:00+05:30,9358.1,9382.85,3.1,-24.75,ST_TRAIL
short,2017-05-24 14:10:00+05:30,2017-05-24 15:15:00+05:30,9356.05,9361.35,10.55,-5.3,EOD_EXIT
long,2017-05-25 09:45:00+05:30,2017-05-25 12:55:00+05:30,9399.5,9408.0,25.8,8.5,ST_TRAIL
long,2017-05-25 13:20:00+05:30,2017-05-25 15:15:00+05:30,9440.1,9507.7,80.0,67.6,EOD_EXIT
long,2017-05-26 10:05:00+05:30,2017-05-26 11:15:00+05:30,9544.4,9539.45,13.55,-4.95,ST_TRAIL
long,2017-05-26 13:00:00+05:30,2017-05-26 15:15:00+05:30,9574.65,9592.4,21.05,17.75,EOD_EXIT
short,2017-05-29 10:10:00+05:30,2017-05-29 11:10:00+05:30,9563.75,9597.2,0.0,-33.45,ST_TRAIL
short,2017-05-29 13:20:00+05:30,2017-05-29 13:40:00+05:30,9595.35,9610.25,0.0,-14.9,ST_TRAIL
long,2017-05-29 13:45:00+05:30,2017-05-29 14:55:00+05:30,9612.15,9612.4,25.1,0.25,ST_TRAIL
long,2017-05-30 09:45:00+05:30,2017-05-30 10:15:00+05:30,9618.0,9597.2,5.4,-20.8,ST_TRAIL
long,2017-05-31 13:35:00+05:30,2017-05-31 13:45:00+05:30,9636.1,9623.95,0.0,-12.15,ST_TRAIL
long,2017-05-31 14:20:00+05:30,2017-05-31 14:50:00+05:30,9645.5,9627.7,0.0,-17.8,ST_TRAIL
long,2017-06-02 11:15:00+05:30,2017-06-02 13:30:00+05:30,9650.3,9647.45,7.1,-2.85,ST_TRAIL
long,2017-06-05 09:35:00+05:30,2017-06-05 12:50:00+05:30,9653.1,9674.85,31.8,21.75,ST_TRAIL
short,2017-06-06 09:45:00+05:30,2017-06-06 10:20:00+05:30,9659.5,9674.7,0.0,-15.2,ST_TRAIL
short,2017-06-06 13:00:00+05:30,2017-06-06 13:55:00+05:30,9636.8,9653.2,0.0,-16.4,ST_TRAIL
long,2017-06-07 10:10:00+05:30,2017-06-07 12:10:00+05:30,9675.75,9663.5,1.15,-12.25,ST_TRAIL
short,2017-06-08 09:40:00+05:30,2017-06-08 13:00:00+05:30,9647.65,9660.55,0.0,-12.9,ST_TRAIL
short,2017-06-08 13:20:00+05:30,2017-06-08 14:10:00+05:30,9656.4,9665.05,2.3,-8.65,ST_TRAIL
short,2017-06-09 13:35:00+05:30,2017-06-09 13:55:00+05:30,9630.35,9641.85,0.0,-11.5,ST_TRAIL
long,2017-06-09 14:20:00+05:30,2017-06-09 15:15:00+05:30,9647.95,9666.9,25.25,18.95,EOD_EXIT
short,2017-06-12 09:55:00+05:30,2017-06-12 11:20:00+05:30,9621.35,9632.75,10.75,-11.4,ST_TRAIL
short,2017-06-12 14:00:00+05:30,2017-06-12 14:45:00+05:30,9607.1,9616.15,6.15,-9.05,ST_TRAIL
short,2017-06-14 11:20:00+05:30,2017-06-14 11:50:00+05:30,9587.65,9596.05,1.85,-8.4,ST_TRAIL
short,2017-06-15 14:30:00+05:30,2017-06-15 14:55:00+05:30,9566.25,9576.45,0.0,-10.2,ST_TRAIL
long,2017-06-16 10:05:00+05:30,2017-06-16 10:45:00+05:30,9602.3,9597.35,8.65,-4.95,ST_TRAIL
short,2017-06-16 14:30:00+05:30,2017-06-16 15:00:00+05:30,9576.9,9594.1,4.5,-17.2,ST_TRAIL
long,2017-06-19 14:25:00+05:30,2017-06-19 15:05:00+05:30,9662.4,9655.15,6.9,-7.25,ST_TRAIL
short,2017-06-20 13:00:00+05:30,2017-06-20 15:00:00+05:30,9657.5,9660.25,9.65,-2.75,ST_TRAIL
short,2017-06-21 11:00:00+05:30,2017-06-21 11:50:00+05:30,9615.4,9624.35,3.2,-8.95,ST_TRAIL
short,2017-06-21 13:45:00+05:30,2017-06-21 14:05:00+05:30,9612.0,9625.65,1.9,-13.65,ST_TRAIL
long,2017-06-21 14:20:00+05:30,2017-06-21 15:10:00+05:30,9637.45,9629.6,5.45,-7.85,ST_TRAIL
long,2017-06-22 10:15:00+05:30,2017-06-22 12:20:00+05:30,9667.55,9682.6,27.85,15.05,ST_TRAIL
short,2017-06-22 14:30:00+05:30,2017-06-22 15:15:00+05:30,9653.3,9631.65,26.3,21.65,EOD_EXIT
short,2017-06-23 09:45:00+05:30,2017-06-23 12:15:00+05:30,9593.75,9585.35,24.4,8.4,ST_TRAIL
short,2017-06-27 09:50:00+05:30,2017-06-27 14:50:00+05:30,9544.55,9499.1,70.35,45.45,ST_TRAIL
short,2017-06-28 13:40:00+05:30,2017-06-28 14:10:00+05:30,9482.55,9495.0,0.0,-12.45,ST_TRAIL
long,2017-06-29 10:00:00+05:30,2017-06-29 12:25:00+05:30,9560.35,9560.15,9.4,-0.2,ST_TRAIL
short,2017-06-29 13:00:00+05:30,2017-06-29 14:00:00+05:30,9533.4,9528.85,30.05,4.55,ST_TRAIL
long,2017-06-29 14:25:00+05:30,2017-06-29 15:00:00+05:30,9540.8,9510.15,2.75,-30.65,ST_TRAIL
long,2017-06-30 14:30:00+05:30,2017-06-30 15:15:00+05:30,9507.55,9524.9,17.35,17.35,EOD_EXIT
long,2017-07-03 10:25:00+05:30,2017-07-03 13:15:00+05:30,9577.05,9602.3,36.5,25.25,ST_TRAIL
long,2017-07-04 09:55:00+05:30,2017-07-04 10:30:00+05:30,9644.35,9619.05,0.0,-25.3,ST_TRAIL
short,2017-07-04 10:45:00+05:30,2017-07-04 12:55:00+05:30,9605.6,9621.3,7.3,-15.7,ST_TRAIL
long,2017-07-05 14:20:00+05:30,2017-07-05 14:55:00+05:30,9627.95,9620.1,3.2,-7.85,ST_TRAIL
long,2017-07-06 09:40:00+05:30,2017-07-06 13:25:00+05:30,9657.4,9675.9,26.9,18.5,ST_TRAIL
long,2017-07-06 14:05:00+05:30,2017-07-06 15:00:00+05:30,9695.05,9679.5,4.45,-15.55,ST_TRAIL
long,2017-07-07 13:55:00+05:30,2017-07-07 14:35:00+05:30,9674.05,9666.75,8.35,-7.3,ST_TRAIL
short,2017-07-10 09:40:00+05:30,2017-07-10 09:55:00+05:30,9668.1,9699.0,0.0,-30.9,ST_TRAIL
long,2017-07-10 10:00:00+05:30,2017-07-10 12:35:00+05:30,9699.0,9721.1,30.85,22.1,ST_TRAIL
long,2017-07-10 13:20:00+05:30,2017-07-10 15:15:00+05:30,9739.45,9769.2,40.15,29.75,EOD_EXIT
long,2017-07-11 09:50:00+05:30,2017-07-11 13:15:00+05:30,9809.2,9816.2,19.75,7.0,ST_TRAIL
long,2017-07-11 14:00:00+05:30,2017-07-11 14:40:00+05:30,9812.1,9807.0,10.55,-5.1,ST_TRAIL
long,2017-07-12 10:50:00+05:30,2017-07-12 11:45:00+05:30,9810.85,9797.1,0.8,-13.75,ST_TRAIL
long,2017-07-13 10:35:00+05:30,2017-07-13 11:25:00+05:30,9881.75,9870.6,2.85,-11.15,ST_TRAIL
long,2017-07-13 13:45:00+05:30,2017-07-13 14:25:00+05:30,9887.25,9881.5,5.55,-5.75,ST_TRAIL
short,2017-07-14 10:35:00+05:30,2017-07-14 11:05:00+05:30,9860.1,9862.3,12.6,-2.2,ST_TRAIL
long,2017-07-17 10:20:00+05:30,2017-07-17 11:35:00+05:30,9917.95,9904.3,1.65,-13.65,ST_TRAIL
long,2017-07-17 14:15:00+05:30,2017-07-17 15:15:00+05:30,9919.65,9918.9,5.2,-0.75,EOD_EXIT
short,2017-07-18 11:00:00+05:30,2017-07-18 13:25:00+05:30,9854.3,9855.0,11.85,-0.7,ST_TRAIL
long,2017-07-19 10:15:00+05:30,2017-07-19 12:55:00+05:30,9866.9,9876.15,21.9,9.25,ST_TRAIL
short,2017-07-19 13:55:00+05:30,2017-07-19 14:10:00+05:30,9863.75,9876.7,0.0,-12.95,ST_TRAIL
long,2017-07-19 14:30:00+05:30,2017-07-19 15:15:00+05:30,9877.35,9900.9,25.5,23.55,EOD_EXIT
long,2017-07-20 11:05:00+05:30,2017-07-20 12:10:00+05:30,9899.85,9893.5,9.15,-6.35,ST_TRAIL
long,2017-07-21 09:40:00+05:30,2017-07-21 11:45:00+05:30,9904.8,9902.95,13.2,-1.85,ST_TRAIL
short,2017-07-21 13:00:00+05:30,2017-07-21 13:40:00+05:30,9848.8,9869.15,1.35,-20.35,ST_TRAIL
long,2017-07-21 14:30:00+05:30,2017-07-21 15:15:00+05:30,9894.7,9919.9,25.2,25.2,EOD_EXIT
long,2017-07-24 10:25:00+05:30,2017-07-24 14:45:00+05:30,9962.25,9959.7,16.9,-2.55,ST_TRAIL
short,2017-07-25 11:25:00+05:30,2017-07-25 13:45:00+05:30,9962.0,9964.3,11.5,-2.3,ST_TRAIL
long,2017-07-25 14:15:00+05:30,2017-07-25 15:10:00+05:30,9976.35,9961.45,2.3,-14.9,ST_TRAIL
long,2017-07-26 10:00:00+05:30,2017-07-26 12:45:00+05:30,9988.25,9999.15,20.8,10.9,ST_TRAIL
long,2017-07-26 14:25:00+05:30,2017-07-26 15:15:00+05:30,10000.6,10022.75,22.95,22.15,EOD_EXIT
long,2017-07-27 09:45:00+05:30,2017-07-27 11:50:00+05:30,10086.75,10096.5,27.05,9.75,ST_TRAIL
short,2017-07-28 13:40:00+05:30,2017-07-28 13:55:00+05:30,9957.75,9972.35,0.0,-14.6,ST_TRAIL
short,2017-08-02 10:45:00+05:30,2017-08-02 13:35:00+05:30,10097.6,10098.05,7.25,-0.45,ST_TRAIL
short,2017-08-03 09:40:00+05:30,2017-08-03 12:05:00+05:30,10052.3,10049.1,25.05,3.2,ST_TRAIL
short,2017-08-03 14:25:00+05:30,2017-08-03 15:15:00+05:30,10029.9,10016.6,22.75,13.3,EOD_EXIT
short,2017-08-04 10:40:00+05:30,2017-08-04 12:45:00+05:30,9995.5,10009.9,3.15,-14.4,ST_TRAIL
long,2017-08-04 14:10:00+05:30,2017-08-04 14:50:00+05:30,10046.9,10039.1,11.65,-7.8,ST_TRAIL
long,2017-08-07 11:00:00+05:30,2017-08-07 12:35:00+05:30,10084.35,10070.35,0.0,-14.0,ST_TRAIL
long,2017-08-07 14:10:00+05:30,2017-08-07 15:10:00+05:30,10072.45,10055.15,6.15,-17.3,ST_TRAIL
short,2017-08-08 09:55:00+05:30,2017-08-08 11:10:00+05:30,10006.05,10002.0,34.45,4.05,ST_TRAIL
long,2017-08-08 11:15:00+05:30,2017-08-08 13:20:00+05:30,10005.5,9994.1,14.35,-11.4,ST_TRAIL
short,2017-08-09 10:55:00+05:30,2017-08-09 12:25:00+05:30,9948.25,9946.9,16.4,1.35,ST_TRAIL
short,2017-08-09 13:15:00+05:30,2017-08-09 14:10:00+05:30,9935.3,9930.15,19.35,5.15,ST_TRAIL
short,2017-08-10 09:40:00+05:30,2017-08-10 10:50:00+05:30,9845.9,9870.85,0.0,-24.95,ST_TRAIL
short,2017-08-10 13:05:00+05:30,2017-08-10 13:50:00+05:30,9851.9,9858.1,11.8,-6.2,ST_TRAIL
short,2017-08-10 14:30:00+05:30,2017-08-10 15:05:00+05:30,9832.45,9817.25,37.5,15.2,ST_TRAIL
short,2017-08-11 10:00:00+05:30,2017-08-11 11:45:00+05:30,9718.1,9758.6,0.0,-40.5,ST_TRAIL
short,2017-08-11 13:10:00+05:30,2017-08-11 15:15:00+05:30,9737.6,9720.8,46.45,16.8,EOD_EXIT
long,2017-08-14 09:40:00+05:30,2017-08-14 15:00:00+05:30,9787.15,9797.4,25.95,10.25,ST_TRAIL
short,2017-08-16 09:35:00+05:30,2017-08-16 11:00:00+05:30,9779.8,9807.8,0.0,-28.0,ST_TRAIL
short,2017-08-16 11:20:00+05:30,2017-08-16 11:50:00+05:30,9795.65,9804.15,8.0,-8.5,ST_TRAIL
long,2017-08-16 13:00:00+05:30,2017-08-16 14:05:00+05:30,9844.6,9853.45,29.2,8.85,ST_TRAIL
long,2017-08-16 14:30:00+05:30,2017-08-16 15:15:00+05:30,9873.0,9899.35,26.35,26.35,EOD_EXIT
long,2017-08-17 10:40:00+05:30,2017-08-17 11:00:00+05:30,9934.8,9916.4,3.7,-18.4,ST_TRAIL
short,2017-08-17 11:15:00+05:30,2017-08-17 12:15:00+05:30,9899.05,9909.75,11.1,-10.7,ST_TRAIL
long,2017-08-17 13:00:00+05:30,2017-08-17 14:10:00+05:30,9935.0,9918.3,3.6,-16.7,ST_TRAIL
short,2017-08-18 11:10:00+05:30,2017-08-18 13:35:00+05:30,9841.9,9809.75,53.05,32.15,ST_TRAIL
short,2017-08-21 10:35:00+05:30,2017-08-21 15:15:00+05:30,9846.3,9748.45,97.85,97.85,EOD_EXIT
short,2017-08-22 09:45:00+05:30,2017-08-22 11:50:00+05:30,9779.85,9794.15,23.05,-14.3,ST_TRAIL
long,2017-08-23 11:10:00+05:30,2017-08-23 12:55:00+05:30,9805.8,9803.75,12.25,-2.05,ST_TRAIL
long,2017-08-24 14:25:00+05:30,2017-08-24 15:15:00+05:30,9861.45,9861.0,8.9,-0.45,EOD_EXIT
long,2017-08-28 09:55:00+05:30,2017-08-28 13:05:00+05:30,9902.6,9909.3,21.4,6.7,ST_TRAIL
short,2017-08-28 13:20:00+05:30,2017-08-28 14:30:00+05:30,9906.25,9908.25,7.55,-2.0,ST_TRAIL
short,2017-08-29 10:15:00+05:30,2017-08-29 11:40:00+05:30,9834.0,9843.3,8.85,-9.3,ST_TRAIL
short,2017-08-29 13:00:00+05:30,2017-08-29 15:15:00+05:30,9819.4,9793.0,32.1,26.4,EOD_EXIT
long,2017-08-30 10:05:00+05:30,2017-08-30 13:10:00+05:30,9881.75,9891.3,24.25,9.55,ST_TRAIL
short,2017-08-31 10:40:00+05:30,2017-08-31 12:05:00+05:30,9865.8,9872.1,7.45,-6.3,ST_TRAIL
long,2017-08-31 14:20:00+05:30,2017-08-31 15:15:00+05:30,9885.7,9921.7,36.0,36.0,EOD_EXIT
long,2017-09-01 09:50:00+05:30,2017-09-01 14:10:00+05:30,9945.15,9963.0,29.6,17.85,ST_TRAIL
short,2017-09-04 10:15:00+05:30,2017-09-04 12:35:00+05:30,9945.0,9894.95,83.05,50.05,ST_TRAIL
short,2017-09-04 13:55:00+05:30,2017-09-04 14:05:00+05:30,9881.75,9899.05,0.0,-17.3,ST_TRAIL
long,2017-09-05 09:40:00+05:30,2017-09-05 11:25:00+05:30,9944.25,9929.6,2.25,-14.65,ST_TRAIL
long,2017-09-05 14:00:00+05:30,2017-09-05 15:15:00+05:30,9940.45,9954.2,21.05,13.75,EOD_EXIT
short,2017-09-06 10:40:00+05:30,2017-09-06 11:30:00+05:30,9894.7,9911.2,0.0,-16.5,ST_TRAIL
long,2017-09-06 13:15:00+05:30,2017-09-06 14:55:00+05:30,9923.9,9918.2,6.8,-5.7,ST_TRAIL
long,2017-09-08 10:25:00+05:30,2017-09-08 10:45:00+05:30,9957.7,9936.8,0.0,-20.9,ST_TRAIL
short,2017-09-08 14:30:00+05:30,2017-09-08 14:40:00+05:30,9922.1,9932.95,0.0,-10.85,ST_TRAIL
long,2017-09-11 11:20:00+05:30,2017-09-11 15:00:00+05:30,9994.95,10012.0,31.35,17.05,ST_TRAIL
long,2017-09-12 10:25:00+05:30,2017-09-12 15:15:00+05:30,10044.85,10094.15,49.3,49.3,EOD_EXIT
long,2017-09-13 09:40:00+05:30,2017-09-13 11:20:00+05:30,10109.5,10102.85,10.4,-6.65,ST_TRAIL
long,2017-09-13 13:35:00+05:30,2017-09-13 14:15:00+05:30,10128.2,10121.0,1.55,-7.2,ST_TRAIL
short,2017-09-13 14:30:00+05:30,2017-09-13 15:15:00+05:30,10109.55,10077.2,39.75,32.35,EOD_EXIT
long,2017-09-14 09:40:00+05:30,2017-09-14 11:05:00+05:30,10120.8,10096.85,0.0,-23.95,ST_TRAIL
short,2017-09-15 11:10:00+05:30,2017-09-15 12:20:00+05:30,10045.15,10060.15,0.0,-15.0,ST_TRAIL
long,2017-09-18 09:45:00+05:30,2017-09-18 13:10:00+05:30,10164.85,10159.25,2.7,-5.6,ST_TRAIL
short,2017-09-19 10:05:00+05:30,2017-09-19 11:00:00+05:30,10141.85,10146.1,9.75,-4.25,ST_TRAIL
long,2017-09-19 13:45:00+05:30,2017-09-19 14:35:00+05:30,10155.65,10152.15,7.6,-3.5,ST_TRAIL
short,2017-09-20 13:20:00+05:30,2017-09-20 13:40:00+05:30,10141.15,10148.35,5.65,-7.2,ST_TRAIL
short,2017-09-21 10:05:00+05:30,2017-09-21 10:25:00+05:30,10081.85,10091.4,15.2,-9.55,ST_TRAIL
short,2017-09-22 11:10:00+05:30,2017-09-22 11:45:00+05:30,10010.75,10017.65,8.25,-6.9,ST_TRAIL
short,2017-09-22 14:05:00+05:30,2017-09-22 15:15:00+05:30,9980.55,9959.7,20.85,20.85,EOD_EXIT
short,2017-09-25 10:15:00+05:30,2017-09-25 10:35:00+05:30,9845.0,9886.55,0.0,-41.55,ST_TRAIL
short,2017-09-25 11:30:00+05:30,2017-09-25 14:25:00+05:30,9864.05,9849.9,42.65,14.15,ST_TRAIL
short,2017-09-26 10:45:00+05:30,2017-09-26 12:00:00+05:30,9824.7,9838.9,6.9,-14.2,ST_TRAIL
short,2017-09-27 10:20:00+05:30,2017-09-27 13:15:00+05:30,9839.65,9808.95,49.25,30.7,ST_TRAIL
short,2017-09-27 14:10:00+05:30,2017-09-27 15:15:00+05:30,9779.75,9732.25,53.15,47.5,EOD_EXIT
short,2017-09-28 13:00:00+05:30,2017-09-28 13:25:00+05:30,9712.0,9737.05,7.75,-25.05,ST_TRAIL
long,2017-09-29 09:40:00+05:30,2017-09-29 14:20:00+05:30,9822.75,9831.05,29.45,8.3,ST_TRAIL
long,2017-10-03 10:55:00+05:30,2017-10-03 13:05:00+05:30,9852.7,9857.9,16.55,5.2,ST_TRAIL
short,2017-10-03 13:30:00+05:30,2017-10-03 14:20:00+05:30,9840.85,9858.85,0.0,-18.0,ST_TRAIL
long,2017-10-04 09:45:00+05:30,2017-10-04 13:50:00+05:30,9877.95,9909.5,45.55,31.55,ST_TRAIL
long,2017-10-05 09:50:00+05:30,2017-10-05 10:25:00+05:30,9931.6,9921.75,13.3,-9.85,ST_TRAIL
short,2017-10-05 14:10:00+05:30,2017-10-05 15:15:00+05:30,9909.0,9887.1,25.8,21.9,EOD_EXIT
long,2017-10-06 09:55:00+05:30,2017-10-06 12:40:00+05:30,9955.0,9954.7,11.75,-0.3,ST_TRAIL
long,2017-10-06 13:40:00+05:30,2017-10-06 13:50:00+05:30,9962.85,9950.75,0.0,-12.1,ST_TRAIL
long,2017-10-09 09:45:00+05:30,2017-10-09 11:05:00+05:30,10003.0,9992.7,11.75,-10.3,ST_TRAIL
long,2017-10-10 11:00:00+05:30,2017-10-10 11:30:00+05:30,10025.1,10018.85,5.9,-6.25,ST_TRAIL
long,2017-10-10 13:30:00+05:30,2017-10-10 13:45:00+05:30,10020.8,10015.5,2.45,-5.3,ST_TRAIL
long,2017-10-11 09:55:00+05:30,2017-10-11 11:30:00+05:30,10062.9,10052.55,3.7,-10.35,ST_TRAIL
short,2017-10-11 13:25:00+05:30,2017-10-11 15:15:00+05:30,10024.65,9978.6,67.95,46.05,EOD_EXIT
long,2017-10-12 09:55:00+05:30,2017-10-12 12:45:00+05:30,10016.3,10020.5,18.5,4.2,ST_TRAIL
long,2017-10-12 14:10:00+05:30,2017-10-12 15:15:00+05:30,10045.35,10096.45,52.5,51.1,EOD_EXIT
long,2017-10-13 10:35:00+05:30,2017-10-13 15:05:00+05:30,10155.45,10167.65,31.9,12.2,ST_TRAIL
long,2017-10-16 09:40:00+05:30,2017-10-16 10:35:00+05:30,10240.2,10216.4,0.0,-23.8,ST_TRAIL
short,2017-10-16 10:50:00+05:30,2017-10-16 11:50:00+05:30,10179.8,10209.35,0.0,-29.55,ST_TRAIL
short,2017-10-16 13:05:00+05:30,2017-10-16 13:40:00+05:30,10191.2,10203.4,1.2,-12.2,ST_TRAIL
long,2017-10-16 14:00:00+05:30,2017-10-16 15:15:00+05:30,10220.4,10231.55,15.85,11.15,EOD_EXIT
long,2017-10-17 10:40:00+05:30,2017-10-17 12:10:00+05:30,10237.1,10235.15,10.35,-1.95,ST_TRAIL
short,2017-10-18 10:20:00+05:30,2017-10-18 12:35:00+05:30,10191.45,10200.9,14.45,-9.45,ST_TRAIL
long,2017-10-18 13:05:00+05:30,2017-10-18 14:10:00+05:30,10212.0,10216.8,21.0,4.8,ST_TRAIL
short,2017-10-23 11:30:00+05:30,2017-10-23 13:25:00+05:30,10161.85,10152.8,32.8,9.05,ST_TRAIL
long,2017-10-24 10:05:00+05:30,2017-10-24 11:30:00+05:30,10217.2,10214.65,13.3,-2.55,ST_TRAIL
short,2017-10-24 13:45:00+05:30,2017-10-24 14:15:00+05:30,10186.7,10211.75,0.0,-25.05,ST_TRAIL
long,2017-10-25 14:05:00+05:30,2017-10-25 14:35:00+05:30,10309.25,10292.2,0.0,-17.05,ST_TRAIL
long,2017-10-26 11:20:00+05:30,2017-10-26 14:15:00+05:30,10288.4,10319.6,48.85,31.2,ST_TRAIL
long,2017-10-30 09:40:00+05:30,2017-10-30 12:15:00+05:30,10370.5,10364.95,12.3,-5.55,ST_TRAIL
long,2017-10-30 13:25:00+05:30,2017-10-30 15:05:00+05:30,10372.55,10365.05,6.6,-7.5,ST_TRAIL
short,2017-10-31 10:25:00+05:30,2017-10-31 11:45:00+05:30,10344.3,10343.75,19.55,0.55,ST_TRAIL
long,2017-10-31 13:15:00+05:30,2017-10-31 13:40:00+05:30,10360.2,10346.15,0.0,-14.05,ST_TRAIL
long,2017-11-01 09:40:00+05:30,2017-11-01 13:35:00+05:30,10412.5,10436.2,37.3,23.7,ST_TRAIL
long,2017-11-02 11:00:00+05:30,2017-11-02 11:35:00+05:30,10446.85,10436.25,1.55,-10.6,ST_TRAIL
long,2017-11-03 13:25:00+05:30,2017-11-03 14:25:00+05:30,10449.05,10444.4,8.35,-4.65,ST_TRAIL
long,2017-11-06 13:00:00+05:30,2017-11-06 14:10:00+05:30,10477.75,10476.05,8.35,-1.7,ST_TRAIL
short,2017-11-07 10:05:00+05:30,2017-11-07 12:05:00+05:30,10444.15,10428.8,38.2,15.35,ST_TRAIL
short,2017-11-07 13:15:00+05:30,2017-11-07 15:15:00+05:30,10393.9,10352.6,49.6,41.3,EOD_EXIT
short,2017-11-08 10:00:00+05:30,2017-11-08 10:40:00+05:30,10335.4,10366.0,0.0,-30.6,ST_TRAIL
short,2017-11-08 11:15:00+05:30,2017-11-08 11:25:00+05:30,10350.8,10361.35,0.0,-10.55,ST_TRAIL
short,2017-11-08 14:15:00+05:30,2017-11-08 15:15:00+05:30,10307.05,10308.0,17.8,-0.95,EOD_EXIT
short,2017-11-09 11:00:00+05:30,2017-11-09 13:05:00+05:30,10318.55,10293.25,46.5,25.3,ST_TRAIL
long,2017-11-10 10:35:00+05:30,2017-11-10 11:50:00+05:30,10297.55,10295.7,14.35,-1.85,ST_TRAIL
long,2017-11-10 13:45:00+05:30,2017-11-10 14:10:00+05:30,10326.5,10309.3,1.0,-17.2,ST_TRAIL
short,2017-11-10 14:15:00+05:30,2017-11-10 15:00:00+05:30,10310.1,10295.15,53.1,14.95,ST_TRAIL
short,2017-11-13 11:20:00+05:30,2017-11-13 11:55:00+05:30,10269.35,10274.9,8.75,-5.55,ST_TRAIL
short,2017-11-13 13:35:00+05:30,2017-11-13 15:15:00+05:30,10270.5,10221.35,49.15,49.15,EOD_EXIT
short,2017-11-14 10:05:00+05:30,2017-11-14 13:15:00+05:30,10198.15,10202.25,14.45,-4.1,ST_TRAIL
short,2017-11-15 09:50:00+05:30,2017-11-15 11:00:00+05:30,10154.75,10164.4,8.05,-9.65,ST_TRAIL
long,2017-11-16 10:15:00+05:30,2017-11-16 13:15:00+05:30,10163.75,10193.45,44.9,29.7,ST_TRAIL
long,2017-11-16 14:20:00+05:30,2017-11-16 15:15:00+05:30,10201.25,10218.0,16.75,16.75,EOD_EXIT
long,2017-11-17 09:50:00+05:30,2017-11-17 11:35:00+05:30,10340.0,10310.0,0.0,-30.0,ST_TRAIL
long,2017-11-17 13:55:00+05:30,2017-11-17 14:25:00+05:30,10316.4,10303.1,0.0,-13.3,ST_TRAIL
short,2017-11-20 09:55:00+05:30,2017-11-20 11:30:00+05:30,10277.75,10285.3,11.15,-7.55,ST_TRAIL
long,2017-11-20 14:30:00+05:30,2017-11-20 15:15:00+05:30,10297.15,10292.55,9.05,-4.6,EOD_EXIT
long,2017-11-21 10:00:00+05:30,2017-11-21 11:50:00+05:30,10337.25,10339.6,16.45,2.35,ST_TRAIL
short,2017-11-21 14:30:00+05:30,2017-11-21 15:15:00+05:30,10324.65,10326.5,0.25,-1.85,EOD_EXIT
short,2017-11-22 10:15:00+05:30,2017-11-22 11:45:00+05:30,10319.25,10339.6,0.0,-20.35,ST_TRAIL
long,2017-11-23 09:35:00+05:30,2017-11-23 10:30:00+05:30,10353.1,10349.25,10.5,-3.85,ST_TRAIL
short,2017-11-23 13:00:00+05:30,2017-11-23 13:45:00+05:30,10337.65,10329.25,27.3,8.4,ST_TRAIL
long,2017-11-24 11:30:00+05:30,2017-11-24 14:20:00+05:30,10390.8,10391.05,12.2,0.25,ST_TRAIL
long,2017-11-27 13:50:00+05:30,2017-11-27 15:15:00+05:30,10364.95,10399.2,35.15,34.25,EOD_EXIT
short,2017-11-28 09:40:00+05:30,2017-11-28 10:15:00+05:30,10377.4,10398.0,0.0,-20.6,ST_TRAIL
short,2017-11-30 09:55:00+05:30,2017-11-30 12:40:00+05:30,10291.2,10276.85,27.9,14.35,ST_TRAIL
long,2017-11-30 14:15:00+05:30,2017-11-30 14:30:00+05:30,10303.25,10284.65,4.65,-18.6,ST_TRAIL
short,2017-12-01 11:30:00+05:30,2017-12-01 13:00:00+05:30,10207.75,10228.45,3.45,-20.7,ST_TRAIL
short,2017-12-01 13:35:00+05:30,2017-12-01 15:15:00+05:30,10219.6,10116.45,103.15,103.15,EOD_EXIT
long,2017-12-04 13:30:00+05:30,2017-12-04 13:35:00+05:30,10159.9,10147.95,0.0,-11.95,ST_TRAIL
short,2017-12-04 13:50:00+05:30,2017-12-04 15:15:00+05:30,10135.9,10125.55,20.8,10.35,EOD_EXIT
short,2017-12-05 09:40:00+05:30,2017-12-05 10:20:00+05:30,10077.7,10103.7,0.0,-26.0,ST_TRAIL
short,2017-12-05 13:05:00+05:30,2017-12-05 13:30:00+05:30,10084.85,10096.55,4.45,-11.7,ST_TRAIL
long,2017-12-05 13:45:00+05:30,2017-12-05 15:00:00+05:30,10104.6,10120.65,34.35,16.05,ST_TRAIL
short,2017-12-06 10:05:00+05:30,2017-12-06 12:10:00+05:30,10084.7,10072.45,32.15,12.25,ST_TRAIL
long,2017-12-07 09:40:00+05:30,2017-12-07 12:00:00+05:30,10087.7,10108.8,39.55,21.1,ST_TRAIL
long,2017-12-07 13:50:00+05:30,2017-12-07 15:15:00+05:30,10128.85,10171.65,44.95,42.8,EOD_EXIT
long,2017-12-08 09:50:00+05:30,2017-12-08 12:00:00+05:30,10231.25,10245.7,27.95,14.45,ST_TRAIL
long,2017-12-08 13:55:00+05:30,2017-12-08 15:15:00+05:30,10257.8,10267.15,10.55,9.35,EOD_EXIT
long,2017-12-11 10:00:00+05:30,2017-12-11 10:40:00+05:30,10318.9,10302.55,0.0,-16.35,ST_TRAIL
long,2017-12-11 14:25:00+05:30,2017-12-11 15:15:00+05:30,10316.45,10326.75,10.3,10.3,EOD_EXIT
short,2017-12-12 11:05:00+05:30,2017-12-12 12:00:00+05:30,10266.25,10279.9,0.0,-13.65,ST_TRAIL
long,2017-12-13 11:10:00+05:30,2017-12-13 12:50:00+05:30,10285.65,10277.05,6.7,-8.6,ST_TRAIL
short,2017-12-13 14:05:00+05:30,2017-12-13 15:15:00+05:30,10220.4,10201.65,43.55,18.75,EOD_EXIT
short,2017-12-14 09:45:00+05:30,2017-12-14 12:50:00+05:30,10190.5,10169.35,44.8,21.15,ST_TRAIL
long,2017-12-15 09:40:00+05:30,2017-12-15 13:00:00+05:30,10364.65,10345.55,6.5,-19.1,ST_TRAIL
long,2017-12-15 14:00:00+05:30,2017-12-15 15:10:00+05:30,10348.35,10336.35,0.0,-12.0,ST_TRAIL
long,2017-12-18 09:40:00+05:30,2017-12-18 13:05:00+05:30,10309.25,10420.55,132.6,111.3,ST_TRAIL
short,2017-12-19 13:05:00+05:30,2017-12-19 13:45:00+05:30,10416.05,10433.6,2.55,-17.55,ST_TRAIL
short,2017-12-21 10:00:00+05:30,2017-12-21 12:45:00+05:30,10446.7,10448.75,11.4,-2.05,ST_TRAIL
short,2017-12-21 13:50:00+05:30,2017-12-21 14:30:00+05:30,10446.15,10453.2,3.55,-7.05,ST_TRAIL
long,2017-12-22 10:10:00+05:30,2017-12-22 11:25:00+05:30,10473.85,10474.8,14.85,0.95,ST_TRAIL
long,2017-12-27 11:00:00+05:30,2017-12-27 11:35:00+05:30,10544.85,10534.1,0.0,-10.75,ST_TRAIL
long,2017-12-27 14:00:00+05:30,2017-12-27 14:20:00+05:30,10550.0,10522.9,0.0,-27.1,ST_TRAIL
long,2017-12-28 14:00:00+05:30,2017-12-28 15:00:00+05:30,10515.1,10495.45,16.4,-19.65,ST_TRAIL
long,2017-12-29 10:20:00+05:30,2017-12-29 11:55:00+05:30,10516.3,10511.1,10.7,-5.2,ST_TRAIL
short,2018-01-01 13:25:00+05:30,2018-01-01 14:05:00+05:30,10512.15,10518.3,0.0,-6.15,ST_TRAIL
long,2018-01-01 14:20:00+05:30,2018-01-01 14:50:00+05:30,10530.05,10488.45,0.0,-41.6,ST_TRAIL
short,2018-01-02 10:00:00+05:30,2018-01-02 12:25:00+05:30,10421.0,10454.3,8.55,-33.3,ST_TRAIL
short,2018-01-02 13:00:00+05:30,2018-01-02 14:45:00+05:30,10432.75,10432.25,19.45,0.5,ST_TRAIL
long,2018-01-03 09:55:00+05:30,2018-01-03 12:35:00+05:30,10486.7,10471.2,11.0,-15.5,ST_TRAIL
long,2018-01-03 14:00:00+05:30,2018-01-03 14:20:00+05:30,10474.6,10455.0,0.0,-19.6,ST_TRAIL
long,2018-01-05 10:00:00+05:30,2018-01-05 11:25:00+05:30,10554.7,10541.85,6.05,-12.85,ST_TRAIL
long,2018-01-05 13:50:00+05:30,2018-01-05 15:15:00+05:30,10546.2,10559.35,13.75,13.15,EOD_EXIT
long,2018-01-08 10:20:00+05:30,2018-01-08 13:20:00+05:30,10615.6,10609.1,5.1,-6.5,ST_TRAIL
long,2018-01-09 14:05:00+05:30,2018-01-09 15:15:00+05:30,10626.15,10637.2,18.45,11.05,EOD_EXIT
long,2018-01-10 14:00:00+05:30,2018-01-10 14:45:00+05:30,10623.4,10616.2,3.9,-7.2,ST_TRAIL
long,2018-01-11 14:15:00+05:30,2018-01-11 14:35:00+05:30,10657.5,10648.1,4.15,-9.4,ST_TRAIL
long,2018-01-12 13:55:00+05:30,2018-01-12 15:15:00+05:30,10659.0,10681.55,28.0,22.55,EOD_EXIT
long,2018-01-15 09:40:00+05:30,2018-01-15 11:35:00+05:30,10741.2,10761.95,36.8,20.75,ST_TRAIL
short,2018-01-15 13:05:00+05:30,2018-01-15 14:35:00+05:30,10744.05,10758.5,2.0,-14.45,ST_TRAIL
short,2018-01-16 10:50:00+05:30,2018-01-16 11:30:00+05:30,10712.7,10732.75,0.0,-20.05,ST_TRAIL
short,2018-01-16 13:05:00+05:30,2018-01-16 13:40:00+05:30,10717.35,10715.85,17.2,1.5,ST_TRAIL
short,2018-01-16 14:10:00+05:30,2018-01-16 15:15:00+05:30,10704.95,10700.85,10.85,4.1,EOD_EXIT
short,2018-01-17 09:35:00+05:30,2018-01-17 09:40:00+05:30,10688.7,10713.65,0.0,-24.95,ST_TRAIL
long,2018-01-17 10:35:00+05:30,2018-01-17 14:20:00+05:30,10738.35,10744.05,20.2,5.7,ST_TRAIL
long,2018-01-18 10:45:00+05:30,2018-01-18 11:25:00+05:30,10871.5,10853.8,5.4,-17.7,ST_TRAIL
long,2018-01-19 10:15:00+05:30,2018-01-19 12:20:00+05:30,10853.5,10833.2,2.5,-20.3,ST_TRAIL
long,2018-01-22 10:00:00+05:30,2018-01-22 10:15:00+05:30,10920.7,10899.3,0.0,-21.4,ST_TRAIL
long,2018-01-22 13:55:00+05:30,2018-01-22 15:15:00+05:30,10940.75,10967.45,26.7,26.7,EOD_EXIT
long,2018-01-23 09:55:00+05:30,2018-01-23 12:55:00+05:30,11041.95,11059.1,44.5,17.15,ST_TRAIL
long,2018-01-23 13:25:00+05:30,2018-01-23 13:40:00+05:30,11071.4,11053.15,0.0,-18.25,ST_TRAIL
long,2018-01-23 14:00:00+05:30,2018-01-23 15:15:00+05:30,11063.8,11089.6,25.8,25.8,EOD_EXIT
long,2018-01-24 10:55:00+05:30,2018-01-24 12:35:00+05:30,11099.6,11070.25,0.0,-29.35,ST_TRAIL
long,2018-01-24 13:05:00+05:30,2018-01-24 14:05:00+05:30,11080.6,11080.3,24.65,-0.3,ST_TRAIL
long,2018-01-29 09:40:00+05:30,2018-01-29 12:30:00+05:30,11140.0,11143.6,19.8,3.6,ST_TRAIL
short,2018-01-29 14:20:00+05:30,2018-01-29 14:50:00+05:30,11128.25,11140.4,10.75,-12.15,ST_TRAIL
short,2018-01-30 10:05:00+05:30,2018-01-30 13:10:00+05:30,11047.25,11056.35,6.4,-9.1,ST_TRAIL
short,2018-01-30 14:20:00+05:30,2018-01-30 15:15:00+05:30,11053.9,11055.45,18.25,-1.55,EOD_EXIT
short,2018-01-31 10:55:00+05:30,2018-01-31 14:40:00+05:30,11021.05,11028.2,35.75,-7.15,ST_TRAIL
long,2018-02-01 09:55:00+05:30,2018-02-01 10:35:00+05:30,11082.8,11065.05,0.0,-17.75,ST_TRAIL
long,2018-02-01 11:15:00+05:30,2018-02-01 11:45:00+05:30,11092.8,11062.25,3.7,-30.55,ST_TRAIL
long,2018-02-01 13:00:00+05:30,2018-02-01 14:20:00+05:30,11007.05,11030.0,88.45,22.95,ST_TRAIL
short,2018-02-02 10:00:00+05:30,2018-02-02 12:40:00+05:30,10906.3,10881.25,64.85,25.05,ST_TRAIL
short,2018-02-02 13:50:00+05:30,2018-02-02 15:15:00+05:30,10853.5,10750.8,102.7,102.7,EOD_EXIT
short,2018-02-05 13:20:00+05:30,2018-02-05 14:50:00+05:30,10664.85,10668.4,29.8,-3.55,ST_TRAIL
short,2018-02-06 10:05:00+05:30,2018-02-06 11:10:00+05:30,10325.35,10371.7,15.3,-46.35,ST_TRAIL
long,2018-02-06 13:45:00+05:30,2018-02-06 14:50:00+05:30,10448.15,10524.35,131.1,76.2,ST_TRAIL
short,2018-02-07 13:45:00+05:30,2018-02-07 15:15:00+05:30,10483.5,10463.55,19.95,19.95,EOD_EXIT
long,2018-02-08 09:55:00+05:30,2018-02-08 13:05:00+05:30,10567.5,10591.05,43.55,23.55,ST_TRAIL
long,2018-02-08 13:25:00+05:30,2018-02-08 14:00:00+05:30,10614.8,10599.85,15.9,-14.95,ST_TRAIL
short,2018-02-08 14:15:00+05:30,2018-02-08 14:45:00+05:30,10586.55,10578.1,44.15,8.45,ST_TRAIL
short,2018-02-09 10:45:00+05:30,2018-02-09 12:05:00+05:30,10423.4,10431.55,17.75,-8.15,ST_TRAIL
long,2018-02-12 11:10:00+05:30,2018-02-12 13:30:00+05:30,10518.65,10498.15,6.0,-20.5,ST_TRAIL
long,2018-02-12 14:05:00+05:30,2018-02-12 15:15:00+05:30,10520.9,10531.95,32.3,11.05,EOD_EXIT
short,2018-02-14 11:30:00+05:30,2018-02-14 13:00:00+05:30,10545.6,10547.75,14.5,-2.15,ST_TRAIL
long,2018-02-15 09:45:00+05:30,2018-02-15 13:00:00+05:30,10560.1,10593.2,56.65,33.1,ST_TRAIL
short,2018-02-15 13:30:00+05:30,2018-02-15 15:15:00+05:30,10551.95,10546.15,25.8,5.8,EOD_EXIT
short,2018-02-16 11:15:00+05:30,2018-02-16 14:10:00+05:30,10534.75,10484.75,75.15,50.0,ST_TRAIL
short,2018-02-19 09:45:00+05:30,2018-02-19 14:35:00+05:30,10404.75,10343.2,99.75,61.55,ST_TRAIL
long,2018-02-20 10:10:00+05:30,2018-02-20 10:50:00+05:30,10416.75,10390.6,4.2,-26.15,ST_TRAIL
short,2018-02-21 09:45:00+05:30,2018-02-21 11:45:00+05:30,10355.2,10385.6,0.0,-30.4,ST_TRAIL
long,2018-02-22 13:55:00+05:30,2018-02-22 14:05:00+05:30,10384.85,10368.65,0.0,-16.2,ST_TRAIL
short,2018-02-22 14:20:00+05:30,2018-02-22 14:55:00+05:30,10352.3,10369.6,1.25,-17.3,ST_TRAIL
long,2018-02-23 10:00:00+05:30,2018-02-23 15:15:00+05:30,10417.35,10494.75,77.4,77.4,EOD_EXIT
long,2018-02-26 09:55:00+05:30,2018-02-26 15:15:00+05:30,10552.0,10580.45,38.4,28.45,EOD_EXIT
short,2018-02-27 10:10:00+05:30,2018-02-27 12:50:00+05:30,10571.55,10555.8,28.3,15.75,ST_TRAIL
short,2018-02-28 13:30:00+05:30,2018-02-28 14:10:00+05:30,10467.75,10494.95,0.0,-27.2,ST_TRAIL
short,2018-03-01 10:10:00+05:30,2018-03-01 12:30:00+05:30,10481.7,10492.65,5.85,-10.95,ST_TRAIL
short,2018-03-01 13:45:00+05:30,2018-03-01 15:15:00+05:30,10498.55,10459.55,39.4,39.0,EOD_EXIT
short,2018-03-05 13:00:00+05:30,2018-03-05 13:30:00+05:30,10330.2,10346.0,4.95,-15.8,ST_TRAIL
short,2018-03-06 14:20:00+05:30,2018-03-06 15:15:00+05:30,10346.45,10243.55,102.9,102.9,EOD_EXIT
short,2018-03-07 11:20:00+05:30,2018-03-07 13:45:00+05:30,10189.0,10193.4,23.85,-4.4,ST_TRAIL
short,2018-03-07 14:10:00+05:30,2018-03-07 15:15:00+05:30,10175.9,10155.5,30.0,20.4,EOD_EXIT
short,2018-03-08 09:45:00+05:30,2018-03-08 11:00:00+05:30,10185.55,10183.55,36.5,2.0,ST_TRAIL
long,2018-03-08 14:15:00+05:30,2018-03-08 15:10:00+05:30,10222.25,10227.7,44.25,5.45,ST_TRAIL
long,2018-03-09 09:40:00+05:30,2018-03-09 11:20:00+05:30,10267.45,10265.2,21.2,-2.25,ST_TRAIL
long,2018-03-09 14:30:00+05:30,2018-03-09 14:45:00+05:30,10264.9,10246.65,0.0,-18.25,ST_TRAIL
long,2018-03-12 09:55:00+05:30,2018-03-12 15:15:00+05:30,10323.15,10423.05,104.2,99.9,EOD_EXIT
long,2018-03-13 10:00:00+05:30,2018-03-13 11:20:00+05:30,10444.85,10449.95,29.9,5.1,ST_TRAIL
short,2018-03-13 13:55:00+05:30,2018-03-13 14:55:00+05:30,10396.3,10429.7,11.05,-33.4,ST_TRAIL
short,2018-03-14 11:05:00+05:30,2018-03-14 12:55:00+05:30,10378.2,10361.7,36.15,16.5,ST_TRAIL
short,2018-03-14 14:15:00+05:30,2018-03-14 14:35:00+05:30,10368.4,10389.65,4.95,-21.25,ST_TRAIL
long,2018-03-15 10:05:00+05:30,2018-03-15 10:40:00+05:30,10411.75,10394.95,4.8,-16.8,ST_TRAIL
short,2018-03-15 13:50:00+05:30,2018-03-15 14:35:00+05:30,10388.0,10385.75,21.7,2.25,ST_TRAIL
short,2018-03-16 10:25:00+05:30,2018-03-16 15:15:00+05:30,10299.65,10202.5,113.85,97.15,EOD_EXIT
short,2018-03-19 10:00:00+05:30,2018-03-19 11:55:00+05:30,10165.75,10164.6,24.55,1.15,ST_TRAIL
long,2018-03-20 09:55:00+05:30,2018-03-20 12:25:00+05:30,10117.0,10133.6,34.55,16.6,ST_TRAIL
short,2018-03-20 13:20:00+05:30,2018-03-20 13:35:00+05:30,10101.5,10132.7,0.0,-31.2,ST_TRAIL
long,2018-03-21 09:55:00+05:30,2018-03-21 11:35:00+05:30,10209.35,10207.45,16.3,-1.9,ST_TRAIL
short,2018-03-21 14:00:00+05:30,2018-03-21 15:05:00+05:30,10162.0,10159.75,24.6,2.25,ST_TRAIL
long,2018-03-22 09:40:00+05:30,2018-03-22 11:15:00+05:30,10194.65,10172.5,0.15,-22.15,ST_TRAIL
short,2018-03-22 13:15:00+05:30,2018-03-22 14:00:00+05:30,10134.5,10143.75,19.0,-9.25,ST_TRAIL
long,2018-03-22 14:15:00+05:30,2018-03-22 14:35:00+05:30,10155.2,10134.7,0.0,-20.5,ST_TRAIL
short,2018-03-23 10:40:00+05:30,2018-03-23 12:30:00+05:30,9982.9,9982.65,28.0,0.25,ST_TRAIL
long,2018-03-23 13:25:00+05:30,2018-03-23 13:50:00+05:30,10007.65,9997.6,9.95,-10.05,ST_TRAIL
short,2018-03-26 10:20:00+05:30,2018-03-26 11:05:00+05:30,9970.3,9987.55,7.6,-17.25,ST_TRAIL
long,2018-03-26 13:40:00+05:30,2018-03-26 15:15:00+05:30,10060.65,10125.8,74.65,65.15,EOD_EXIT
long,2018-03-27 14:30:00+05:30,2018-03-27 14:45:00+05:30,10198.1,10173.2,0.9,-24.9,ST_TRAIL
short,2018-03-28 13:15:00+05:30,2018-03-28 13:50:00+05:30,10131.85,10142.75,7.85,-10.9,ST_TRAIL
long,2018-04-02 11:15:00+05:30,2018-04-02 14:35:00+05:30,10163.9,10176.55,26.65,12.65,ST_TRAIL
short,2018-04-03 10:50:00+05:30,2018-04-03 11:50:00+05:30,10183.1,10199.15,9.6,-16.05,ST_TRAIL
long,2018-04-04 09:55:00+05:30,2018-04-04 11:20:00+05:30,10266.35,10255.85,10.65,-10.5,ST_TRAIL
short,2018-04-04 13:00:00+05:30,2018-04-04 15:15:00+05:30,10219.05,10130.8,96.15,88.25,EOD_EXIT
long,2018-04-05 10:05:00+05:30,2018-04-05 15:15:00+05:30,10256.8,10326.05,69.25,69.25,EOD_EXIT
short,2018-04-06 11:05:00+05:30,2018-04-06 11:45:00+05:30,10297.45,10319.15,0.0,-21.7,ST_TRAIL
short,2018-04-06 13:40:00+05:30,2018-04-06 14:15:00+05:30,10301.6,10318.45,0.0,-16.85,ST_TRAIL
long,2018-04-09 09:55:00+05:30,2018-04-09 11:25:00+05:30,10387.0,10364.65,0.0,-22.35,ST_TRAIL
long,2018-04-10 14:00:00+05:30,2018-04-10 14:55:00+05:30,10409.45,10406.2,12.1,-3.25,ST_TRAIL
long,2018-04-11 13:25:00+05:30,2018-04-11 14:30:00+05:30,10403.95,10402.1,17.0,-1.85,ST_TRAIL
long,2018-04-12 09:45:00+05:30,2018-04-12 10:20:00+05:30,10419.5,10408.05,9.5,-11.45,ST_TRAIL
long,2018-04-12 10:50:00+05:30,2018-04-12 14:25:00+05:30,10432.55,10442.45,35.1,9.9,ST_TRAIL
long,2018-04-13 10:00:00+05:30,2018-04-13 12:40:00+05:30,10499.3,10503.0,16.25,3.7,ST_TRAIL
short,2018-04-13 13:05:00+05:30,2018-04-13 13:40:00+05:30,10477.55,10486.7,10.7,-9.15,ST_TRAIL
short,2018-04-13 14:10:00+05:30,2018-04-13 15:00:00+05:30,10465.45,10485.65,12.15,-20.2,ST_TRAIL
long,2018-04-16 13:05:00+05:30,2018-04-16 15:15:00+05:30,10488.55,10531.5,42.95,42.95,EOD_EXIT
long,2018-04-17 09:50:00+05:30,2018-04-17 11:05:00+05:30,10537.8,10530.0,13.75,-7.8,ST_TRAIL
long,2018-04-17 13:30:00+05:30,2018-04-17 15:15:00+05:30,10531.6,10546.2,24.65,14.6,EOD_EXIT
long,2018-04-18 10:50:00+05:30,2018-04-18 13:50:00+05:30,10561.6,10567.45,29.1,5.85,ST_TRAIL
short,2018-04-18 14:15:00+05:30,2018-04-18 15:15:00+05:30,10554.0,10534.5,40.4,19.5,EOD_EXIT
long,2018-04-19 10:40:00+05:30,2018-04-19 11:55:00+05:30,10562.95,10552.9,2.8,-10.05,ST_TRAIL
long,2018-04-19 13:55:00+05:30,2018-04-19 15:15:00+05:30,10563.55,10568.65,5.1,5.1,EOD_EXIT
short,2018-04-20 11:25:00+05:30,2018-04-20 12:20:00+05:30,10534.0,10547.1,0.2,-13.1,ST_TRAIL
long,2018-04-23 10:10:00+05:30,2018-04-23 14:05:00+05:30,10588.35,10618.6,45.75,30.25,ST_TRAIL
long,2018-04-24 13:30:00+05:30,2018-04-24 15:05:00+05:30,10604.9,10613.15,29.15,8.25,ST_TRAIL
short,2018-04-25 09:55:00+05:30,2018-04-25 12:30:00+05:30,10580.65,10595.05,0.0,-14.4,ST_TRAIL
short,2018-04-25 13:40:00+05:30,2018-04-25 14:55:00+05:30,10591.35,10566.3,52.15,25.05,ST_TRAIL
long,2018-04-26 14:05:00+05:30,2018-04-26 14:35:00+05:30,10583.4,10568.25,0.0,-15.15,ST_TRAIL
long,2018-04-27 13:15:00+05:30,2018-04-27 14:10:00+05:30,10703.1,10691.8,13.25,-11.3,ST_TRAIL
short,2018-05-02 09:50:00+05:30,2018-05-02 11:05:00+05:30,10728.8,10742.45,9.6,-13.65,ST_TRAIL
long,2018-05-02 13:05:00+05:30,2018-05-02 13:50:00+05:30,10761.4,10752.1,4.9,-9.3,ST_TRAIL
short,2018-05-02 14:20:00+05:30,2018-05-02 15:15:00+05:30,10727.15,10725.8,30.8,1.35,EOD_EXIT
short,2018-05-03 09:40:00+05:30,2018-05-03 12:35:00+05:30,10682.65,10676.25,30.8,6.4,ST_TRAIL
short,2018-05-04 10:35:00+05:30,2018-05-04 12:15:00+05:30,10638.1,10633.45,22.55,4.65,ST_TRAIL
short,2018-05-04 13:05:00+05:30,2018-05-04 13:30:00+05:30,10615.8,10630.4,0.55,-14.6,ST_TRAIL
short,2018-05-04 14:30:00+05:30,2018-05-04 15:15:00+05:30,10623.4,10620.2,14.05,3.2,EOD_EXIT
long,2018-05-07 10:30:00+05:30,2018-05-07 15:15:00+05:30,10655.4,10715.65,61.9,60.25,EOD_EXIT
long,2018-05-08 10:35:00+05:30,2018-05-08 12:45:00+05:30,10737.15,10727.1,4.95,-10.05,ST_TRAIL
short,2018-05-08 13:00:00+05:30,2018-05-08 14:00:00+05:30,10701.25,10719.1,0.0,-17.85,ST_TRAIL
short,2018-05-09 10:30:00+05:30,2018-05-09 10:40:00+05:30,10713.75,10720.85,0.0,-7.1,ST_TRAIL
long,2018-05-09 10:45:00+05:30,2018-05-09 13:40:00+05:30,10722.55,10745.7,40.7,23.15,ST_TRAIL
short,2018-05-10 10:50:00+05:30,2018-05-10 11:50:00+05:30,10739.85,10753.0,5.45,-13.15,ST_TRAIL
short,2018-05-10 13:05:00+05:30,2018-05-10 13:35:00+05:30,10715.5,10735.05,1.3,-19.55,ST_TRAIL
short,2018-05-11 09:40:00+05:30,2018-05-11 10:40:00+05:30,10728.15,10757.9,0.0,-29.75,ST_TRAIL
long,2018-05-14 09:40:00+05:30,2018-05-14 11:30:00+05:30,10827.45,10809.85,1.95,-17.6,ST_TRAIL
short,2018-05-14 13:25:00+05:30,2018-05-14 14:30:00+05:30,10779.6,10797.4,1.75,-17.8,ST_TRAIL
long,2018-05-15 09:55:00+05:30,2018-05-15 11:50:00+05:30,10902.65,10888.6,22.4,-14.05,ST_TRAIL
short,2018-05-15 13:10:00+05:30,2018-05-15 15:15:00+05:30,10842.7,10797.65,56.05,45.05,EOD_EXIT
short,2018-05-16 09:40:00+05:30,2018-05-16 11:15:00+05:30,10716.2,10736.95,7.45,-20.75,ST_TRAIL
long,2018-05-16 13:00:00+05:30,2018-05-16 13:55:00+05:30,10781.8,10766.15,5.05,-15.65,ST_TRAIL
short,2018-05-17 09:55:00+05:30,2018-05-17 12:45:00+05:30,10733.55,10714.45,33.6,19.1,ST_TRAIL
short,2018-05-17 14:00:00+05:30,2018-05-17 14:25:00+05:30,10708.5,10723.05,0.05,-14.55,ST_TRAIL
short,2018-05-18 09:40:00+05:30,2018-05-18 10:50:00+05:30,10636.75,10660.95,0.0,-24.2,ST_TRAIL
short,2018-05-18 11:30:00+05:30,2018-05-18 12:35:00+05:30,10645.0,10649.1,12.35,-4.1,ST_TRAIL
short,2018-05-21 10:05:00+05:30,2018-05-21 15:15:00+05:30,10582.4,10514.9,74.35,67.5,EOD_EXIT
long,2018-05-22 09:55:00+05:30,2018-05-22 11:05:00+05:30,10555.0,10525.55,1.85,-29.45,ST_TRAIL
short,2018-05-22 13:30:00+05:30,2018-05-22 15:15:00+05:30,10529.45,10540.6,6.75,-11.15,EOD_EXIT
short,2018-05-23 09:50:00+05:30,2018-05-23 11:50:00+05:30,10508.2,10508.6,18.7,-0.4,ST_TRAIL
short,2018-05-23 13:45:00+05:30,2018-05-23 15:15:00+05:30,10479.4,10433.55,58.0,45.85,EOD_EXIT
long,2018-05-24 10:15:00+05:30,2018-05-24 13:40:00+05:30,10456.4,10495.25,54.75,38.85,ST_TRAIL
long,2018-05-25 10:35:00+05:30,2018-05-25 11:55:00+05:30,10571.4,10558.4,4.75,-13.0,ST_TRAIL
long,2018-05-25 13:20:00+05:30,2018-05-25 14:55:00+05:30,10583.3,10600.7,40.5,17.4,ST_TRAIL
long,2018-05-28 10:40:00+05:30,2018-05-28 15:05:00+05:30,10679.2,10692.15,28.3,12.95,ST_TRAIL
long,2018-05-29 10:40:00+05:30,2018-05-29 11:55:00+05:30,10707.5,10692.4,5.8,-15.1,ST_TRAIL
short,2018-05-30 11:05:00+05:30,2018-05-30 11:35:00+05:30,10565.05,10584.9,0.05,-19.85,ST_TRAIL
long,2018-05-30 13:05:00+05:30,2018-05-30 13:25:00+05:30,10632.7,10620.1,11.85,-12.6,ST_TRAIL
short,2018-05-30 14:00:00+05:30,2018-05-30 14:30:00+05:30,10598.05,10610.95,12.4,-12.9,ST_TRAIL
long,2018-05-31 10:50:00+05:30,2018-05-31 14:00:00+05:30,10649.55,10663.0,28.9,13.45,ST_TRAIL
short,2018-06-01 13:05:00+05:30,2018-06-01 13:50:00+05:30,10692.5,10721.5,0.15,-29.0,ST_TRAIL
short,2018-06-04 09:35:00+05:30,2018-06-04 12:25:00+05:30,10713.3,10704.45,47.85,8.85,ST_TRAIL
short,2018-06-04 13:10:00+05:30,2018-06-04 15:15:00+05:30,10657.45,10634.7,32.25,22.75,EOD_EXIT
short,2018-06-05 10:10:00+05:30,2018-06-05 11:30:00+05:30,10599.55,10591.5,30.5,8.05,ST_TRAIL
short,2018-06-05 13:55:00+05:30,2018-06-05 14:45:00+05:30,10577.55,10579.15,22.7,-1.6,ST_TRAIL
long,2018-06-06 09:45:00+05:30,2018-06-06 12:55:00+05:30,10615.25,10648.55,44.35,33.3,ST_TRAIL
long,2018-06-06 13:30:00+05:30,2018-06-06 14:30:00+05:30,10662.8,10640.8,8.85,-22.0,ST_TRAIL
long,2018-06-07 10:15:00+05:30,2018-06-07 13:45:00+05:30,10763.25,10796.9,49.8,33.65,ST_TRAIL
long,2018-06-11 10:05:00+05:30,2018-06-11 11:10:00+05:30,10830.5,10808.65,0.0,-21.85,ST_TRAIL
long,2018-06-11 13:15:00+05:30,2018-06-11 14:15:00+05:30,10846.3,10833.25,0.8,-13.05,ST_TRAIL
long,2018-06-12 10:00:00+05:30,2018-06-12 12:40:00+05:30,10815.6,10841.85,37.7,26.25,ST_TRAIL
short,2018-06-12 13:00:00+05:30,2018-06-12 13:25:00+05:30,10827.65,10838.8,0.0,-11.15,ST_TRAIL
long,2018-06-13 10:35:00+05:30,2018-06-13 12:15:00+05:30,10864.25,10865.05,15.55,0.8,ST_TRAIL
long,2018-06-13 14:10:00+05:30,2018-06-13 14:30:00+05:30,10890.2,10875.2,0.85,-15.0,ST_TRAIL
short,2018-06-14 10:05:00+05:30,2018-06-14 12:50:00+05:30,10798.5,10789.15,22.55,9.35,ST_TRAIL
long,2018-06-15 11:05:00+05:30,2018-06-15 11:30:00+05:30,10830.3,10814.95,0.0,-15.35,ST_TRAIL
short,2018-06-15 13:10:00+05:30,2018-06-15 14:25:00+05:30,10767.85,10782.4,8.8,-14.55,ST_TRAIL
long,2018-06-18 10:25:00+05:30,2018-06-18 13:05:00+05:30,10812.2,10803.95,14.05,-8.25,ST_TRAIL
long,2018-06-18 13:45:00+05:30,2018-06-18 15:00:00+05:30,10820.85,10801.7,3.9,-19.15,ST_TRAIL
long,2018-06-20 10:55:00+05:30,2018-06-20 13:45:00+05:30,10749.65,10758.9,19.75,9.25,ST_TRAIL
short,2018-06-21 09:35:00+05:30,2018-06-21 12:40:00+05:30,10773.9,10762.55,24.6,11.35,ST_TRAIL
long,2018-06-21 13:00:00+05:30,2018-06-21 14:20:00+05:30,10775.0,10762.5,4.4,-12.5,ST_TRAIL
short,2018-06-22 09:55:00+05:30,2018-06-22 10:40:00+05:30,10717.35,10737.65,3.65,-20.3,ST_TRAIL
long,2018-06-22 13:15:00+05:30,2018-06-22 15:15:00+05:30,10763.6,10826.15,64.6,62.55,EOD_EXIT
short,2018-06-25 11:05:00+05:30,2018-06-25 13:35:00+05:30,10796.25,10810.65,7.45,-14.4,ST_TRAIL
short,2018-06-25 14:00:00+05:30,2018-06-25 15:15:00+05:30,10794.3,10758.1,36.2,36.2,EOD_EXIT
long,2018-06-26 10:50:00+05:30,2018-06-26 12:45:00+05:30,10782.35,10784.2,18.1,1.85,ST_TRAIL
short,2018-06-26 13:25:00+05:30,2018-06-26 13:45:00+05:30,10758.75,10775.15,0.0,-16.4,ST_TRAIL
short,2018-06-27 10:45:00+05:30,2018-06-27 14:55:00+05:30,10746.9,10691.6,87.65,55.3,ST_TRAIL
short,2018-06-28 11:20:00+05:30,2018-06-28 14:55:00+05:30,10645.0,10597.5,80.5,47.5,ST_TRAIL
long,2018-06-29 09:40:00+05:30,2018-06-29 14:30:00+05:30,10658.25,10691.5,47.0,33.25,ST_TRAIL
short,2018-07-02 10:00:00+05:30,2018-07-02 13:25:00+05:30,10651.1,10626.45,39.75,24.65,ST_TRAIL
long,2018-07-02 13:45:00+05:30,2018-07-02 14:55:00+05:30,10644.0,10650.85,27.95,6.85,ST_TRAIL
long,2018-07-03 09:40:00+05:30,2018-07-03 10:30:00+05:30,10670.25,10660.25,12.7,-10.0,ST_TRAIL
long,2018-07-03 10:50:00+05:30,2018-07-03 13:20:00+05:30,10676.25,10684.05,34.35,7.8,ST_TRAIL
long,2018-07-03 14:20:00+05:30,2018-07-03 15:15:00+05:30,10704.5,10698.55,1.85,-5.95,EOD_EXIT
long,2018-07-04 10:45:00+05:30,2018-07-04 15:15:00+05:30,10708.15,10770.45,64.8,62.3,EOD_EXIT
long,2018-07-05 13:10:00+05:30,2018-07-05 13:35:00+05:30,10777.8,10762.55,0.0,-15.25,ST_TRAIL
long,2018-07-05 14:00:00+05:30,2018-07-05 14:45:00+05:30,10766.8,10761.2,8.3,-5.6,ST_TRAIL
long,2018-07-06 09:40:00+05:30,2018-07-06 11:45:00+05:30,10776.45,10790.15,34.95,13.7,ST_TRAIL
long,2018-07-06 14:05:00+05:30,2018-07-06 14:50:00+05:30,10797.35,10795.5,13.7,-1.85,ST_TRAIL
long,2018-07-09 11:20:00+05:30,2018-07-09 15:15:00+05:30,10828.0,10855.35,29.95,27.35,EOD_EXIT
long,2018-07-10 09:50:00+05:30,2018-07-10 13:15:00+05:30,10912.75,10915.9,15.85,3.15,ST_TRAIL
long,2018-07-10 13:45:00+05:30,2018-07-10 14:25:00+05:30,10928.4,10919.2,9.55,-9.2,ST_TRAIL
long,2018-07-11 09:45:00+05:30,2018-07-11 11:05:00+05:30,10959.3,10941.05,15.25,-18.25,ST_TRAIL
long,2018-07-12 10:20:00+05:30,2018-07-12 12:40:00+05:30,11033.15,11056.3,40.6,23.15,ST_TRAIL
short,2018-07-13 10:10:00+05:30,2018-07-13 11:30:00+05:30,11019.15,11032.8,17.85,-13.65,ST_TRAIL
short,2018-07-16 11:15:00+05:30,2018-07-16 12:25:00+05:30,10972.35,10989.55,6.0,-17.2,ST_TRAIL
short,2018-07-16 13:45:00+05:30,2018-07-16 15:15:00+05:30,10974.65,10938.95,41.2,35.7,EOD_EXIT
long,2018-07-17 11:20:00+05:30,2018-07-17 15:15:00+05:30,10957.65,11010.95,58.5,53.3,EOD_EXIT
long,2018-07-18 11:30:00+05:30,2018-07-18 12:10:00+05:30,11049.05,11038.15,1.55,-10.9,ST_TRAIL
short,2018-07-18 14:00:00+05:30,2018-07-18 15:15:00+05:30,10966.2,10985.8,5.2,-19.6,EOD_EXIT
short,2018-07-19 09:40:00+05:30,2018-07-19 10:15:00+05:30,10947.8,10978.45,0.0,-30.65,ST_TRAIL
long,2018-07-20 09:50:00+05:30,2018-07-20 12:30:00+05:30,10993.6,11005.45,25.7,11.85,ST_TRAIL
long,2018-07-20 14:20:00+05:30,2018-07-20 15:05:00+05:30,11006.7,11005.9,14.45,-0.8,ST_TRAIL
long,2018-07-23 14:15:00+05:30,2018-07-23 15:15:00+05:30,11064.8,11085.75,22.0,20.95,EOD_EXIT
long,2018-07-24 09:40:00+05:30,2018-07-24 12:15:00+05:30,11128.7,11129.3,13.05,0.6,ST_TRAIL
long,2018-07-26 10:10:00+05:30,2018-07-26 11:25:00+05:30,11167.0,11162.15,11.2,-4.85,ST_TRAIL
short,2018-07-26 14:25:00+05:30,2018-07-26 14:55:00+05:30,11138.55,11153.3,12.35,-14.75,ST_TRAIL
long,2018-07-27 09:45:00+05:30,2018-07-27 15:15:00+05:30,11234.7,11277.05,45.5,42.35,EOD_EXIT
short,2018-07-30 10:10:00+05:30,2018-07-30 11:20:00+05:30,11269.8,11286.1,7.05,-16.3,ST_TRAIL
long,2018-07-30 13:20:00+05:30,2018-07-30 15:15:00+05:30,11307.15,11317.45,18.5,10.3,EOD_EXIT
long,2018-07-31 14:20:00+05:30,2018-07-31 15:15:00+05:30,11328.65,11361.55,32.9,32.9,EOD_EXIT
long,2018-08-01 10:05:00+05:30,2018-08-01 10:50:00+05:30,11389.7,11364.3,0.0,-25.4,ST_TRAIL
short,2018-08-01 11:30:00+05:30,2018-08-01 12:05:00+05:30,11340.95,11357.35,1.35,-16.4,ST_TRAIL
short,2018-08-02 09:40:00+05:30,2018-08-02 12:15:00+05:30,11275.15,11292.6,8.75,-17.45,ST_TRAIL
short,2018-08-02 13:05:00+05:30,2018-08-02 15:15:00+05:30,11281.8,11241.95,39.85,39.85,EOD_EXIT
long,2018-08-03 10:00:00+05:30,2018-08-03 15:15:00+05:30,11329.25,11358.1,33.5,28.85,EOD_EXIT
short,2018-08-07 09:35:00+05:30,2018-08-07 11:50:00+05:30,11394.0,11381.15,28.25,12.85,ST_TRAIL
long,2018-08-07 14:20:00+05:30,2018-08-07 15:05:00+05:30,11403.2,11387.0,0.0,-16.2,ST_TRAIL
long,2018-08-08 10:20:00+05:30,2018-08-08 13:45:00+05:30,11402.6,11439.6,48.75,37.0,ST_TRAIL
long,2018-08-09 13:45:00+05:30,2018-08-09 15:05:00+05:30,11478.1,11466.5,6.6,-11.6,ST_TRAIL
short,2018-08-10 11:10:00+05:30,2018-08-10 12:45:00+05:30,11431.9,11444.4,3.9,-12.5,ST_TRAIL
long,2018-08-10 14:15:00+05:30,2018-08-10 14:25:00+05:30,11457.85,11439.3,0.0,-18.55,ST_TRAIL
long,2018-08-13 13:30:00+05:30,2018-08-13 14:00:00+05:30,11401.9,11380.7,0.95,-21.2,ST_TRAIL
long,2018-08-14 10:15:00+05:30,2018-08-14 10:50:00+05:30,11414.4,11398.2,0.0,-16.2,ST_TRAIL
long,2018-08-14 13:35:00+05:30,2018-08-14 14:30:00+05:30,11448.5,11433.05,0.55,-15.45,ST_TRAIL
long,2018-08-16 10:00:00+05:30,2018-08-16 11:40:00+05:30,11425.45,11432.2,20.95,6.75,ST_TRAIL
short,2018-08-16 13:35:00+05:30,2018-08-16 14:10:00+05:30,11392.75,11409.15,0.0,-16.4,ST_TRAIL
long,2018-08-17 10:45:00+05:30,2018-08-17 12:35:00+05:30,11472.2,11466.5,6.9,-5.7,ST_TRAIL
long,2018-08-20 09:40:00+05:30,2018-08-20 14:25:00+05:30,11535.5,11551.5,28.3,16.0,ST_TRAIL
long,2018-08-21 10:35:00+05:30,2018-08-21 11:10:00+05:30,11567.45,11551.85,1.5,-15.6,ST_TRAIL
long,2018-08-21 14:25:00+05:30,2018-08-21 15:15:00+05:30,11567.2,11568.4,7.2,1.2,EOD_EXIT
short,2018-08-23 09:50:00+05:30,2018-08-23 11:50:00+05:30,11578.55,11575.05,26.1,3.5,ST_TRAIL
long,2018-08-27 09:40:00+05:30,2018-08-27 14:05:00+05:30,11655.75,11682.2,37.5,26.45,ST_TRAIL
long,2018-08-28 11:10:00+05:30,2018-08-28 11:40:00+05:30,11738.05,11727.3,4.05,-10.75,ST_TRAIL
short,2018-08-30 13:05:00+05:30,2018-08-30 14:50:00+05:30,11663.9,11661.85,13.25,2.05,ST_TRAIL
short,2018-08-31 10:20:00+05:30,2018-08-31 14:05:00+05:30,11681.25,11670.9,36.15,10.35,ST_TRAIL
long,2018-09-03 09:35:00+05:30,2018-09-03 11:30:00+05:30,11708.6,11691.8,10.6,-16.8,ST_TRAIL
short,2018-09-03 14:10:00+05:30,2018-09-03 15:15:00+05:30,11655.05,11574.75,80.3,80.3,EOD_EXIT
short,2018-09-04 09:35:00+05:30,2018-09-04 12:05:00+05:30,11535.7,11576.9,0.0,-41.2,ST_TRAIL
short,2018-09-04 13:10:00+05:30,2018-09-04 15:15:00+05:30,11573.0,11520.75,71.3,52.25,EOD_EXIT
short,2018-09-05 10:05:00+05:30,2018-09-05 13:10:00+05:30,11508.6,11444.1,92.55,64.5,ST_TRAIL
short,2018-09-05 13:45:00+05:30,2018-09-05 14:20:00+05:30,11413.95,11425.4,16.1,-11.45,ST_TRAIL
long,2018-09-06 09:55:00+05:30,2018-09-06 11:35:00+05:30,11508.7,11491.8,11.3,-16.9,ST_TRAIL
long,2018-09-06 13:50:00+05:30,2018-09-06 15:15:00+05:30,11499.05,11529.0,57.25,29.95,EOD_EXIT
long,2018-09-07 10:45:00+05:30,2018-09-07 15:15:00+05:30,11561.35,11586.45,37.65,25.1,EOD_EXIT
short,2018-09-10 09:40:00+05:30,2018-09-10 13:50:00+05:30,11535.55,11486.8,79.4,48.75,ST_TRAIL
short,2018-09-10 14:10:00+05:30,2018-09-10 15:15:00+05:30,11469.6,11443.8,31.85,25.8,EOD_EXIT
short,2018-09-11 13:25:00+05:30,2018-09-11 15:15:00+05:30,11409.9,11287.25,125.8,122.65,EOD_EXIT
short,2018-09-12 09:55:00+05:30,2018-09-12 10:40:00+05:30,11278.6,11322.85,12.1,-44.25,ST_TRAIL
long,2018-09-12 13:50:00+05:30,2018-09-12 15:15:00+05:30,11328.8,11374.15,48.2,45.35,EOD_EXIT
long,2018-09-14 10:05:00+05:30,2018-09-14 11:35:00+05:30,11458.35,11438.3,7.2,-20.05,ST_TRAIL
long,2018-09-14 13:00:00+05:30,2018-09-14 15:15:00+05:30,11472.7,11518.15,45.45,45.45,EOD_EXIT
short,2018-09-17 09:55:00+05:30,2018-09-17 11:30:00+05:30,11412.75,11403.2,31.75,9.55,ST_TRAIL
short,2018-09-17 13:25:00+05:30,2018-09-17 13:50:00+05:30,11384.7,11406.05,5.05,-21.35,ST_TRAIL
short,2018-09-18 09:45:00+05:30,2018-09-18 11:25:00+05:30,11365.3,11376.6,21.75,-11.3,ST_TRAIL
short,2018-09-19 13:05:00+05:30,2018-09-19 13:45:00+05:30,11268.6,11294.1,8.45,-25.5,ST_TRAIL
short,2018-09-19 14:25:00+05:30,2018-09-19 14:55:00+05:30,11233.65,11251.25,18.5,-17.6,ST_TRAIL
long,2018-09-21 09:40:00+05:30,2018-09-21 10:35:00+05:30,11336.55,11306.55,4.2,-30.0,ST_TRAIL
short,2018-09-21 13:00:00+05:30,2018-09-21 13:10:00+05:30,11067.2,11106.9,189.85,-39.7,BREAKEVEN_SL
long,2018-09-21 13:15:00+05:30,2018-09-21 14:10:00+05:30,11159.25,11075.55,10.35,-83.7,STOP_LOSS
short,2018-09-24 13:25:00+05:30,2018-09-24 14:30:00+05:30,10973.1,10996.95,28.7,-23.85,ST_TRAIL
short,2018-09-25 09:40:00+05:30,2018-09-25 09:55:00+05:30,10908.6,10960.0,0.0,-51.4,STOP_LOSS
long,2018-09-25 10:00:00+05:30,2018-09-25 11:25:00+05:30,10942.65,10971.7,97.25,29.05,ST_TRAIL
short,2018-09-26 13:00:00+05:30,2018-09-26 14:05:00+05:30,11007.35,11035.4,6.1,-28.05,ST_TRAIL
short,2018-09-27 13:20:00+05:30,2018-09-27 14:00:00+05:30,10976.05,10994.85,4.2,-18.8,ST_TRAIL
short,2018-09-28 14:00:00+05:30,2018-09-28 15:05:00+05:30,10889.6,10925.2,18.35,-35.6,ST_TRAIL
short,2018-10-01 11:10:00+05:30,2018-10-01 12:40:00+05:30,10863.2,10875.4,31.9,-12.2,ST_TRAIL
long,2018-10-01 14:00:00+05:30,2018-10-01 15:15:00+05:30,10925.15,11009.7,84.55,84.55,EOD_EXIT
short,2018-10-03 10:30:00+05:30,2018-10-03 11:45:00+05:30,10918.45,10944.05,10.35,-25.6,ST_TRAIL
short,2018-10-03 14:30:00+05:30,2018-10-03 15:15:00+05:30,10909.75,10860.15,49.6,49.6,EOD_EXIT
short,2018-10-04 10:05:00+05:30,2018-10-04 12:25:00+05:30,10686.15,10641.45,86.6,44.7,ST_TRAIL
short,2018-10-04 13:05:00+05:30,2018-10-04 14:20:00+05:30,10616.75,10627.95,34.0,-11.2,ST_TRAIL
short,2018-10-05 10:15:00+05:30,2018-10-05 14:00:00+05:30,10470.35,10444.5,58.2,25.85,ST_TRAIL
long,2018-10-08 10:55:00+05:30,2018-10-08 12:30:00+05:30,10353.4,10325.2,34.45,-28.2,ST_TRAIL
short,2018-10-08 14:10:00+05:30,2018-10-08 14:50:00+05:30,10239.95,10261.7,35.25,-21.75,ST_TRAIL
long,2018-10-09 11:30:00+05:30,2018-10-09 12:40:00+05:30,10342.75,10290.65,0.1,-52.1,STOP_LOSS
long,2018-10-09 13:05:00+05:30,2018-10-09 14:55:00+05:30,10335.95,10330.75,49.3,-5.2,BREAKEVEN_SL
long,2018-10-10 09:45:00+05:30,2018-10-10 15:15:00+05:30,10377.75,10458.75,99.7,81.0,EOD_EXIT
short,2018-10-11 11:05:00+05:30,2018-10-11 11:55:00+05:30,10197.15,10247.3,0.0,-50.15,STOP_LOSS
short,2018-10-11 14:15:00+05:30,2018-10-11 14:55:00+05:30,10222.75,10250.4,30.1,-27.65,ST_TRAIL
long,2018-10-12 10:05:00+05:30,2018-10-12 13:50:00+05:30,10431.1,10455.3,52.35,24.2,ST_TRAIL
short,2018-10-15 11:00:00+05:30,2018-10-15 12:05:00+05:30,10415.75,10450.15,0.0,-34.4,ST_TRAIL
long,2018-10-15 13:25:00+05:30,2018-10-15 13:45:00+05:30,10510.85,10486.05,4.7,-24.8,ST_TRAIL
short,2018-10-15 13:50:00+05:30,2018-10-15 14:50:00+05:30,10474.4,10504.15,17.85,-29.75,ST_TRAIL
long,2018-10-16 09:50:00+05:30,2018-10-16 11:15:00+05:30,10580.5,10578.45,20.65,-2.05,ST_TRAIL
long,2018-10-16 13:00:00+05:30,2018-10-16 14:55:00+05:30,10575.7,10565.75,13.4,-9.95,ST_TRAIL
short,2018-10-17 10:40:00+05:30,2018-10-17 12:00:00+05:30,10612.85,10604.15,42.9,8.7,ST_TRAIL
short,2018-10-17 13:05:00+05:30,2018-10-17 15:15:00+05:30,10575.35,10454.0,132.15,121.35,EOD_EXIT
short,2018-10-19 10:35:00+05:30,2018-10-19 11:20:00+05:30,10323.65,10336.5,24.5,-12.85,ST_TRAIL
short,2018-10-19 13:20:00+05:30,2018-10-19 14:25:00+05:30,10286.95,10304.5,36.3,-17.55,ST_TRAIL
short,2018-10-23 09:40:00+05:30,2018-10-23 10:15:00+05:30,10165.5,10216.95,0.0,-51.45,STOP_LOSS
short,2018-10-23 13:00:00+05:30,2018-10-23 14:40:00+05:30,10173.7,10155.45,65.7,18.25,ST_TRAIL
short,2018-10-24 11:00:00+05:30,2018-10-24 12:00:00+05:30,10165.1,10205.65,0.0,-40.55,ST_TRAIL
short,2018-10-24 13:00:00+05:30,2018-10-24 13:15:00+05:30,10181.65,10203.95,0.0,-22.3,ST_TRAIL
short,2018-10-24 13:50:00+05:30,2018-10-24 14:40:00+05:30,10188.65,10180.45,59.2,8.2,ST_TRAIL
short,2018-10-25 09:55:00+05:30,2018-10-25 11:45:00+05:30,10126.85,10128.7,37.15,-1.85,ST_TRAIL
short,2018-10-26 11:25:00+05:30,2018-10-26 12:10:00+05:30,10068.8,10103.5,0.0,-34.7,ST_TRAIL
short,2018-10-26 14:15:00+05:30,2018-10-26 15:15:00+05:30,10054.5,10021.45,33.05,33.05,EOD_EXIT
long,2018-10-29 13:20:00+05:30,2018-10-29 14:15:00+05:30,10183.75,10154.9,8.3,-28.85,ST_TRAIL
long,2018-10-30 10:05:00+05:30,2018-10-30 11:10:00+05:30,10262.2,10243.35,20.4,-18.85,ST_TRAIL
short,2018-10-30 14:25:00+05:30,2018-10-30 14:50:00+05:30,10210.8,10217.2,29.1,-6.4,ST_TRAIL
short,2018-10-31 09:50:00+05:30,2018-10-31 11:10:00+05:30,10129.1,10168.8,11.5,-39.7,ST_TRAIL
long,2018-10-31 13:25:00+05:30,2018-10-31 15:15:00+05:30,10259.95,10388.4,129.25,128.45,EOD_EXIT
long,2018-11-01 10:35:00+05:30,2018-11-01 10:55:00+05:30,10403.2,10373.95,0.0,-29.25,ST_TRAIL
short,2018-11-01 14:10:00+05:30,2018-11-01 14:35:00+05:30,10374.85,10408.15,4.05,-33.3,ST_TRAIL
long,2018-11-02 09:55:00+05:30,2018-11-02 12:20:00+05:30,10528.7,10555.5,52.55,26.8,ST_TRAIL
long,2018-11-02 13:10:00+05:30,2018-11-02 14:05:00+05:30,10575.2,10579.7,23.95,4.5,ST_TRAIL
short,2018-11-02 14:20:00+05:30,2018-11-02 15:15:00+05:30,10548.15,10547.95,13.35,0.2,EOD_EXIT
short,2018-11-05 11:00:00+05:30,2018-11-05 12:25:00+05:30,10502.8,10511.6,20.6,-8.8,ST_TRAIL
short,2018-11-05 13:30:00+05:30,2018-11-05 15:05:00+05:30,10488.65,10521.55,6.65,-32.9,ST_TRAIL
short,2018-11-06 13:50:00+05:30,2018-11-06 15:00:00+05:30,10508.5,10536.5,15.25,-28.0,ST_TRAIL
long,2018-11-09 10:15:00+05:30,2018-11-09 12:25:00+05:30,10589.25,10596.15,29.35,6.9,ST_TRAIL
short,2018-11-12 10:00:00+05:30,2018-11-12 15:15:00+05:30,10602.95,10480.3,122.65,122.65,EOD_EXIT
short,2018-11-13 10:50:00+05:30,2018-11-13 11:35:00+05:30,10470.4,10487.55,3.2,-17.15,ST_TRAIL
long,2018-11-13 13:10:00+05:30,2018-11-13 15:15:00+05:30,10516.2,10588.45,72.7,72.25,EOD_EXIT
short,2018-11-14 09:45:00+05:30,2018-11-14 10:45:00+05:30,10599.15,10600.55,36.9,-1.4,ST_TRAIL
short,2018-11-14 14:05:00+05:30,2018-11-14 14:40:00+05:30,10550.65,10574.2,12.4,-23.55,ST_TRAIL
short,2018-11-15 09:45:00+05:30,2018-11-15 10:50:00+05:30,10571.6,10602.85,2.05,-31.25,ST_TRAIL
long,2018-11-15 10:55:00+05:30,2018-11-15 13:25:00+05:30,10595.7,10620.15,45.25,24.45,ST_TRAIL
long,2018-11-16 09:55:00+05:30,2018-11-16 10:50:00+05:30,10685.65,10667.8,4.2,-17.85,ST_TRAIL
long,2018-11-16 13:15:00+05:30,2018-11-16 13:40:00+05:30,10686.85,10666.45,0.0,-20.4,ST_TRAIL
long,2018-11-19 13:45:00+05:30,2018-11-19 14:25:00+05:30,10725.35,10721.0,14.15,-4.35,ST_TRAIL
short,2018-11-20 10:30:00+05:30,2018-11-20 15:00:00+05:30,10707.2,10664.7,64.15,42.5,ST_TRAIL
short,2018-11-21 09:45:00+05:30,2018-11-21 12:15:00+05:30,10622.4,10594.65,57.4,27.75,ST_TRAIL
short,2018-11-21 13:00:00+05:30,2018-11-21 13:50:00+05:30,10592.35,10607.45,11.1,-15.1,ST_TRAIL
long,2018-11-22 09:55:00+05:30,2018-11-22 10:55:00+05:30,10636.05,10617.7,4.2,-18.35,ST_TRAIL
short,2018-11-22 13:00:00+05:30,2018-11-22 15:15:00+05:30,10594.95,10526.75,70.65,68.2,EOD_EXIT
short,2018-11-26 09:40:00+05:30,2018-11-26 12:05:00+05:30,10539.4,10521.9,45.95,17.5,ST_TRAIL
long,2018-11-26 13:40:00+05:30,2018-11-26 15:15:00+05:30,10588.2,10629.55,47.5,41.35,EOD_EXIT
long,2018-11-27 10:20:00+05:30,2018-11-27 11:20:00+05:30,10625.45,10614.05,11.65,-11.4,ST_TRAIL
long,2018-11-27 13:15:00+05:30,2018-11-27 14:00:00+05:30,10663.45,10644.5,3.95,-18.95,ST_TRAIL
long,2018-11-28 09:55:00+05:30,2018-11-28 12:55:00+05:30,10731.45,10739.15,24.3,7.7,ST_TRAIL
long,2018-11-29 09:45:00+05:30,2018-11-29 11:05:00+05:30,10811.25,10815.75,17.4,4.5,ST_TRAIL
long,2018-11-29 11:25:00+05:30,2018-11-29 15:05:00+05:30,10831.5,10850.55,45.9,19.05,ST_TRAIL
long,2018-12-03 13:45:00+05:30,2018-12-03 14:00:00+05:30,10887.8,10870.85,1.75,-16.95,ST_TRAIL
short,2018-12-04 13:20:00+05:30,2018-12-04 13:40:00+05:30,10849.85,10874.2,0.0,-24.35,ST_TRAIL
short,2018-12-05 13:20:00+05:30,2018-12-05 15:00:00+05:30,10791.6,10781.0,35.15,10.6,ST_TRAIL
short,2018-12-06 09:55:00+05:30,2018-12-06 12:30:00+05:30,10663.8,10668.0,18.6,-4.2,ST_TRAIL
short,2018-12-06 13:30:00+05:30,2018-12-06 15:15:00+05:30,10662.15,10603.0,67.45,59.15,EOD_EXIT
short,2018-12-10 09:40:00+05:30,2018-12-10 11:25:00+05:30,10512.55,10531.35,24.1,-18.8,ST_TRAIL
short,2018-12-10 13:55:00+05:30,2018-12-10 15:15:00+05:30,10502.7,10486.45,16.25,16.25,EOD_EXIT
long,2018-12-11 11:10:00+05:30,2018-12-11 12:05:00+05:30,10454.05,10463.8,63.9,9.75,ST_TRAIL
long,2018-12-11 13:10:00+05:30,2018-12-11 13:30:00+05:30,10544.65,10510.85,0.0,-33.8,ST_TRAIL
long,2018-12-12 09:40:00+05:30,2018-12-12 12:50:00+05:30,10635.8,10642.85,38.7,7.05,ST_TRAIL
long,2018-12-12 14:15:00+05:30,2018-12-12 15:15:00+05:30,10689.45,10746.75,57.3,57.3,EOD_EXIT
long,2018-12-13 10:40:00+05:30,2018-12-13 11:05:00+05:30,10806.9,10786.0,0.0,-20.9,ST_TRAIL
long,2018-12-13 13:00:00+05:30,2018-12-13 14:05:00+05:30,10807.9,10808.0,29.9,0.1,ST_TRAIL
long,2018-12-14 09:55:00+05:30,2018-12-14 11:10:00+05:30,10810.25,10775.7,0.0,-34.55,ST_TRAIL
long,2018-12-17 10:40:00+05:30,2018-12-17 13:40:00+05:30,10873.65,10852.9,0.0,-20.75,ST_TRAIL
short,2018-12-18 10:20:00+05:30,2018-12-18 11:55:00+05:30,10822.55,10841.65,0.0,-19.1,ST_TRAIL
long,2018-12-18 13:15:00+05:30,2018-12-18 13:55:00+05:30,10866.4,10855.2,6.1,-11.2,ST_TRAIL
long,2018-12-19 10:00:00+05:30,2018-12-19 10:50:00+05:30,10959.9,10943.25,2.1,-16.65,ST_TRAIL
long,2018-12-19 13:50:00+05:30,2018-12-19 15:10:00+05:30,10981.45,10966.35,0.75,-15.1,ST_TRAIL
long,2018-12-20 13:00:00+05:30,2018-12-20 13:20:00+05:30,10939.0,10923.9,0.45,-15.1,ST_TRAIL
long,2018-12-20 14:20:00+05:30,2018-12-20 15:15:00+05:30,10939.0,10953.15,19.95,14.15,EOD_EXIT
short,2018-12-21 10:05:00+05:30,2018-12-21 12:25:00+05:30,10897.0,10836.2,82.35,60.8,ST_TRAIL
short,2018-12-21 13:20:00+05:30,2018-12-21 15:15:00+05:30,10823.15,10753.45,75.7,69.7,EOD_EXIT
short,2018-12-24 10:00:00+05:30,2018-12-24 12:30:00+05:30,10716.8,10737.55,2.9,-20.75,ST_TRAIL
short,2018-12-24 14:00:00+05:30,2018-12-24 15:15:00+05:30,10728.2,10667.45,72.7,60.75,EOD_EXIT
short,2018-12-26 09:40:00+05:30,2018-12-26 11:00:00+05:30,10552.05,10577.9,14.7,-25.85,ST_TRAIL
long,2018-12-26 13:30:00+05:30,2018-12-26 15:15:00+05:30,10652.1,10731.1,88.2,79.0,EOD_EXIT
long,2018-12-27 10:50:00+05:30,2018-12-27 11:15:00+05:30,10831.95,10798.7,0.0,-33.25,ST_TRAIL
long,2018-12-28 09:40:00+05:30,2018-12-28 14:10:00+05:30,10875.15,10878.4,11.65,3.25,ST_TRAIL
short,2018-12-31 14:30:00+05:30,2018-12-31 15:15:00+05:30,10873.25,10862.15,11.1,11.1,EOD_EXIT
short,2019-01-01 10:00:00+05:30,2019-01-01 14:00:00+05:30,10822.85,10822.65,13.9,0.2,ST_TRAIL
long,2019-01-01 14:30:00+05:30,2019-01-01 15:15:00+05:30,10864.6,10911.6,47.0,47.0,EOD_EXIT
short,2019-01-02 13:40:00+05:30,2019-01-02 14:30:00+05:30,10763.4,10780.4,23.4,-17.0,ST_TRAIL
long,2019-01-03 09:40:00+05:30,2019-01-03 10:35:00+05:30,10804.55,10776.6,5.25,-27.95,ST_TRAIL
short,2019-01-03 11:20:00+05:30,2019-01-03 13:20:00+05:30,10740.05,10728.1,37.1,11.95,ST_TRAIL
short,2019-01-03 13:50:00+05:30,2019-01-03 15:15:00+05:30,10690.6,10672.55,19.65,18.05,EOD_EXIT
short,2019-01-04 09:40:00+05:30,2019-01-04 11:00:00+05:30,10666.65,10678.75,32.6,-12.1,ST_TRAIL
long,2019-01-07 10:25:00+05:30,2019-01-07 11:30:00+05:30,10823.2,10802.3,1.6,-20.9,ST_TRAIL
long,2019-01-07 13:20:00+05:30,2019-01-07 13:30:00+05:30,10809.6,10794.55,0.0,-15.05,ST_TRAIL
long,2019-01-07 14:15:00+05:30,2019-01-07 14:40:00+05:30,10803.55,10786.3,0.0,-17.25,ST_TRAIL
short,2019-01-08 10:55:00+05:30,2019-01-08 12:20:00+05:30,10763.15,10771.75,13.4,-8.6,ST_TRAIL
short,2019-01-08 13:20:00+05:30,2019-01-08 13:35:00+05:30,10763.75,10781.7,0.0,-17.95,ST_TRAIL
long,2019-01-08 14:00:00+05:30,2019-01-08 15:15:00+05:30,10802.1,10804.0,10.95,1.9,EOD_EXIT
long,2019-01-09 13:20:00+05:30,2019-01-09 13:45:00+05:30,10854.4,10836.9,6.05,-17.5,ST_TRAIL
short,2019-01-09 14:00:00+05:30,2019-01-09 14:40:00+05:30,10773.15,10815.85,5.4,-42.7,ST_TRAIL
long,2019-01-10 14:10:00+05:30,2019-01-10 14:20:00+05:30,10831.35,10808.1,0.0,-23.25,ST_TRAIL
short,2019-01-11 10:35:00+05:30,2019-01-11 14:15:00+05:30,10806.3,10765.35,63.3,40.95,ST_TRAIL
short,2019-01-14 10:05:00+05:30,2019-01-14 13:35:00+05:30,10725.15,10717.7,30.6,7.45,ST_TRAIL
long,2019-01-15 10:40:00+05:30,2019-01-15 12:00:00+05:30,10828.55,10844.15,29.1,15.6,ST_TRAIL
long,2019-01-15 13:45:00+05:30,2019-01-15 15:15:00+05:30,10852.65,10891.15,38.5,38.5,EOD_EXIT
long,2019-01-17 14:30:00+05:30,2019-01-17 15:15:00+05:30,10906.8,10896.85,17.6,-9.95,EOD_EXIT
short,2019-01-18 10:15:00+05:30,2019-01-18 10:45:00+05:30,10864.25,10892.15,1.35,-27.9,ST_TRAIL
long,2019-01-21 09:45:00+05:30,2019-01-21 11:20:00+05:30,10965.35,10958.95,18.45,-6.4,ST_TRAIL
short,2019-01-22 11:10:00+05:30,2019-01-22 12:35:00+05:30,10895.2,10890.3,24.15,4.9,ST_TRAIL
long,2019-01-22 14:00:00+05:30,2019-01-22 14:40:00+05:30,10911.65,10898.75,7.2,-12.9,ST_TRAIL
long,2019-01-23 11:25:00+05:30,2019-01-23 12:55:00+05:30,10923.35,10927.6,19.45,4.25,ST_TRAIL
short,2019-01-23 13:30:00+05:30,2019-01-23 14:00:00+05:30,10915.3,10926.55,4.05,-11.25,ST_TRAIL
long,2019-01-24 10:45:00+05:30,2019-01-24 11:10:00+05:30,10854.3,10835.5,1.55,-18.8,ST_TRAIL
short,2019-01-24 13:45:00+05:30,2019-01-24 14:05:00+05:30,10803.45,10832.45,0.0,-29.0,ST_TRAIL
long,2019-01-25 10:00:00+05:30,2019-01-25 11:15:00+05:30,10927.5,10902.55,0.0,-24.95,ST_TRAIL
long,2019-01-25 13:00:00+05:30,2019-01-25 13:30:00+05:30,10900.4,10882.15,0.0,-18.25,ST_TRAIL
short,2019-01-25 13:45:00+05:30,2019-01-25 15:15:00+05:30,10866.55,10796.1,99.45,70.45,EOD_EXIT
short,2019-01-28 09:45:00+05:30,2019-01-28 14:30:00+05:30,10708.7,10672.0,73.2,36.7,ST_TRAIL
short,2019-01-29 13:15:00+05:30,2019-01-29 15:00:00+05:30,10585.8,10627.45,0.0,-41.65,ST_TRAIL
short,2019-01-30 10:30:00+05:30,2019-01-30 12:40:00+05:30,10647.65,10653.9,21.3,-6.25,ST_TRAIL
short,2019-01-30 13:40:00+05:30,2019-01-30 14:00:00+05:30,10657.1,10672.25,6.15,-15.15,ST_TRAIL
long,2019-01-31 10:10:00+05:30,2019-01-31 15:15:00+05:30,10693.0,10831.65,140.2,138.65,EOD_EXIT
long,2019-02-01 10:00:00+05:30,2019-02-01 12:45:00+05:30,10876.3,10898.75,76.9,22.45,ST_TRAIL
long,2019-02-01 13:00:00+05:30,2019-02-01 13:35:00+05:30,10973.6,10934.95,6.35,-38.65,ST_TRAIL
short,2019-02-01 13:50:00+05:30,2019-02-01 14:45:00+05:30,10924.7,10886.9,82.65,37.8,ST_TRAIL
short,2019-02-04 09:40:00+05:30,2019-02-04 12:00:00+05:30,10839.8,10860.6,6.45,-20.8,ST_TRAIL
long,2019-02-04 14:10:00+05:30,2019-02-04 15:15:00+05:30,10872.35,10910.5,50.75,38.15,EOD_EXIT
long,2019-02-06 13:55:00+05:30,2019-02-06 15:15:00+05:30,11052.45,11061.4,11.85,8.95,EOD_EXIT
long,2019-02-07 10:40:00+05:30,2019-02-07 11:55:00+05:30,11095.15,11085.9,8.85,-9.25,ST_TRAIL
long,2019-02-07 13:45:00+05:30,2019-02-07 15:05:00+05:30,11101.25,11086.05,7.6,-15.2,ST_TRAIL
short,2019-02-08 10:00:00+05:30,2019-02-08 13:20:00+05:30,11015.75,10980.45,62.55,35.3,ST_TRAIL
long,2019-02-08 13:45:00+05:30,2019-02-08 15:00:00+05:30,11003.5,10969.8,14.6,-33.7,ST_TRAIL
short,2019-02-11 09:55:00+05:30,2019-02-11 11:50:00+05:30,10864.3,10893.9,0.0,-29.6,ST_TRAIL
short,2019-02-12 09:40:00+05:30,2019-02-12 11:30:00+05:30,10881.7,10892.7,13.65,-11.0,ST_TRAIL
short,2019-02-12 13:05:00+05:30,2019-02-12 14:20:00+05:30,10867.35,10887.5,1.1,-20.15,ST_TRAIL
long,2019-02-13 11:05:00+05:30,2019-02-13 13:30:00+05:30,10867.7,10844.5,0.0,-23.2,ST_TRAIL
long,2019-02-13 14:05:00+05:30,2019-02-13 14:35:00+05:30,10858.0,10825.2,0.0,-32.8,ST_TRAIL
short,2019-02-14 10:05:00+05:30,2019-02-14 12:10:00+05:30,10750.4,10753.75,13.55,-3.35,ST_TRAIL
short,2019-02-15 09:40:00+05:30,2019-02-15 13:05:00+05:30,10714.15,10656.95,82.65,57.2,ST_TRAIL
long,2019-02-15 13:45:00+05:30,2019-02-15 14:45:00+05:30,10675.35,10678.65,51.05,3.3,ST_TRAIL
short,2019-02-18 09:40:00+05:30,2019-02-18 12:30:00+05:30,10671.25,10673.6,31.05,-2.35,ST_TRAIL
short,2019-02-18 13:55:00+05:30,2019-02-18 15:15:00+05:30,10660.55,10639.65,20.9,20.9,EOD_EXIT
long,2019-02-19 09:40:00+05:30,2019-02-19 14:05:00+05:30,10681.0,10695.75,40.7,14.75,ST_TRAIL
long,2019-02-20 09:40:00+05:30,2019-02-20 11:15:00+05:30,10689.2,10665.55,0.0,-23.65,ST_TRAIL
long,2019-02-21 10:55:00+05:30,2019-02-21 14:35:00+05:30,10743.0,10780.8,60.6,37.8,ST_TRAIL
long,2019-02-25 13:20:00+05:30,2019-02-25 15:15:00+05:30,10839.35,10880.95,46.05,41.6,EOD_EXIT
short,2019-02-26 09:45:00+05:30,2019-02-26 10:25:00+05:30,10780.0,10773.8,45.7,6.2,ST_TRAIL
long,2019-02-26 11:10:00+05:30,2019-02-26 13:35:00+05:30,10803.3,10831.15,56.55,27.85,ST_TRAIL
long,2019-02-26 14:15:00+05:30,2019-02-26 14:50:00+05:30,10855.2,10846.1,25.8,-9.1,ST_TRAIL
long,2019-02-27 09:40:00+05:30,2019-02-27 11:15:00+05:30,10910.6,10892.85,26.5,-17.75,ST_TRAIL
short,2019-02-28 09:40:00+05:30,2019-02-28 13:20:00+05:30,10818.15,10809.95,27.5,8.2,ST_TRAIL
long,2019-02-28 14:00:00+05:30,2019-02-28 15:00:00+05:30,10832.8,10791.25,9.5,-41.55,ST_TRAIL
long,2019-03-01 14:25:00+05:30,2019-03-01 15:15:00+05:30,10854.1,10860.3,19.75,6.2,EOD_EXIT
long,2019-03-05 10:20:00+05:30,2019-03-05 15:15:00+05:30,10866.85,10991.5,124.65,124.65,EOD_EXIT
long,2019-03-06 11:15:00+05:30,2019-03-06 12:55:00+05:30,11031.55,11033.15,16.0,1.6,ST_TRAIL
long,2019-03-06 13:15:00+05:30,2019-03-06 13:25:00+05:30,11039.4,11024.35,0.0,-15.05,ST_TRAIL
long,2019-03-07 10:40:00+05:30,2019-03-07 11:00:00+05:30,11068.95,11050.25,0.0,-18.7,ST_TRAIL
long,2019-03-07 13:45:00+05:30,2019-03-07 15:00:00+05:30,11063.6,11065.1,22.8,1.5,ST_TRAIL
short,2019-03-08 09:50:00+05:30,2019-03-08 11:25:00+05:30,11017.7,11042.7,5.2,-25.0,ST_TRAIL
long,2019-03-11 09:40:00+05:30,2019-03-11 13:45:00+05:30,11125.05,11149.75,43.6,24.7,ST_TRAIL
long,2019-03-12 09:40:00+05:30,2019-03-12 11:50:00+05:30,11266.7,11277.55,35.35,10.85,ST_TRAIL
long,2019-03-13 09:35:00+05:30,2019-03-13 10:10:00+05:30,11320.3,11301.7,15.85,-18.6,ST_TRAIL
long,2019-03-13 13:35:00+05:30,2019-03-13 14:25:00+05:30,11330.45,11322.2,15.4,-8.25,ST_TRAIL
short,2019-03-14 10:15:00+05:30,2019-03-14 13:25:00+05:30,11345.65,11337.25,28.2,8.4,ST_TRAIL
long,2019-03-15 09:40:00+05:30,2019-03-15 11:45:00+05:30,11419.7,11403.8,3.2,-15.9,ST_TRAIL
long,2019-03-15 13:00:00+05:30,2019-03-15 15:00:00+05:30,11446.45,11440.5,34.0,-5.95,ST_TRAIL
short,2019-03-18 10:35:00+05:30,2019-03-18 12:25:00+05:30,11476.45,11448.5,53.4,27.95,ST_TRAIL
short,2019-03-18 14:20:00+05:30,2019-03-18 15:00:00+05:30,11424.15,11446.95,3.2,-22.8,ST_TRAIL
long,2019-03-19 10:55:00+05:30,2019-03-19 12:30:00+05:30,11486.95,11470.25,0.0,-16.7,ST_TRAIL
long,2019-03-19 13:55:00+05:30,2019-03-19 15:15:00+05:30,11501.0,11538.15,37.15,37.15,EOD_EXIT
long,2019-03-20 09:50:00+05:30,2019-03-20 12:00:00+05:30,11542.45,11530.25,8.25,-12.2,ST_TRAIL
long,2019-03-22 09:45:00+05:30,2019-03-22 10:25:00+05:30,11563.4,11543.25,1.35,-20.15,ST_TRAIL
short,2019-03-22 10:30:00+05:30,2019-03-22 12:55:00+05:30,11531.65,11509.1,46.8,22.55,ST_TRAIL
short,2019-03-22 13:50:00+05:30,2019-03-22 15:15:00+05:30,11506.85,11477.5,67.85,29.35,EOD_EXIT
short,2019-03-25 09:45:00+05:30,2019-03-25 13:45:00+05:30,11349.1,11341.65,23.2,7.45,ST_TRAIL
short,2019-03-25 14:05:00+05:30,2019-03-25 14:55:00+05:30,11339.2,11343.55,26.8,-4.35,ST_TRAIL
long,2019-03-26 09:40:00+05:30,2019-03-26 10:45:00+05:30,11394.3,11372.8,7.45,-21.5,ST_TRAIL
long,2019-03-26 13:25:00+05:30,2019-03-26 15:15:00+05:30,11406.75,11484.25,79.25,77.5,EOD_EXIT
long,2019-03-27 10:50:00+05:30,2019-03-27 11:30:00+05:30,11544.8,11512.4,0.0,-32.4,ST_TRAIL
short,2019-03-27 13:50:00+05:30,2019-03-27 14:30:00+05:30,11438.7,11480.6,10.45,-41.9,ST_TRAIL
long,2019-03-28 09:45:00+05:30,2019-03-28 14:35:00+05:30,11493.95,11532.6,67.35,38.65,ST_TRAIL
long,2019-04-01 10:00:00+05:30,2019-04-01 10:50:00+05:30,11698.5,11688.5,16.4,-10.0,ST_TRAIL
long,2019-04-01 13:05:00+05:30,2019-04-01 14:40:00+05:30,11710.45,11714.2,24.45,3.75,ST_TRAIL
long,2019-04-02 13:25:00+05:30,2019-04-02 14:10:00+05:30,11706.7,11676.3,0.0,-30.4,ST_TRAIL
short,2019-04-03 14:10:00+05:30,2019-04-03 15:15:00+05:30,11715.75,11639.2,76.55,76.55,EOD_EXIT
short,2019-04-04 10:10:00+05:30,2019-04-04 12:15:00+05:30,11636.9,11640.55,26.0,-3.65,ST_TRAIL
short,2019-04-04 13:55:00+05:30,2019-04-04 15:00:00+05:30,11622.75,11596.45,55.75,26.3,ST_TRAIL
long,2019-04-05 13:25:00+05:30,2019-04-05 14:05:00+05:30,11644.75,11629.95,9.05,-14.8,ST_TRAIL
short,2019-04-08 11:15:00+05:30,2019-04-08 15:00:00+05:30,11642.75,11605.5,92.75,37.25,ST_TRAIL
long,2019-04-09 14:00:00+05:30,2019-04-09 15:15:00+05:30,11626.4,11681.75,55.35,55.35,EOD_EXIT
short,2019-04-10 14:25:00+05:30,2019-04-10 14:55:00+05:30,11592.9,11614.15,0.0,-21.25,ST_TRAIL
short,2019-04-11 10:10:00+05:30,2019-04-11 10:50:00+05:30,11581.65,11598.2,0.0,-16.55,ST_TRAIL
short,2019-04-11 11:15:00+05:30,2019-04-11 13:05:00+05:30,11578.0,11586.6,6.8,-8.6,ST_TRAIL
long,2019-04-12 13:15:00+05:30,2019-04-12 15:15:00+05:30,11601.1,11642.4,52.35,41.3,EOD_EXIT
long,2019-04-15 10:25:00+05:30,2019-04-15 13:20:00+05:30,11677.95,11677.05,11.15,-0.9,ST_TRAIL
long,2019-04-15 13:40:00+05:30,2019-04-15 14:40:00+05:30,11683.7,11683.8,18.3,0.1,ST_TRAIL
long,2019-04-16 09:40:00+05:30,2019-04-16 15:00:00+05:30,11761.4,11788.65,47.05,27.25,ST_TRAIL
short,2019-04-18 09:40:00+05:30,2019-04-18 12:50:00+05:30,11794.4,11765.3,51.55,29.1,ST_TRAIL
short,2019-04-22 13:15:00+05:30,2019-04-22 13:35:00+05:30,11630.0,11646.5,0.45,-16.5,ST_TRAIL
short,2019-04-22 14:30:00+05:30,2019-04-22 15:15:00+05:30,11625.35,11594.55,31.0,30.8,EOD_EXIT
long,2019-04-23 10:25:00+05:30,2019-04-23 12:20:00+05:30,11611.6,11619.65,30.7,8.05,ST_TRAIL
long,2019-04-23 13:05:00+05:30,2019-04-23 14:35:00+05:30,11626.0,11599.95,8.25,-26.05,ST_TRAIL
short,2019-04-24 10:55:00+05:30,2019-04-24 11:30:00+05:30,11582.8,11603.7,1.6,-20.9,ST_TRAIL
short,2019-04-24 13:20:00+05:30,2019-04-24 13:55:00+05:30,11598.0,11633.25,5.0,-35.25,ST_TRAIL
long,2019-04-25 10:40:00+05:30,2019-04-25 12:15:00+05:30,11769.25,11769.05,23.55,-0.2,ST_TRAIL
long,2019-04-25 13:10:00+05:30,2019-04-25 13:20:00+05:30,11767.1,11742.45,0.0,-24.65,ST_TRAIL
long,2019-04-26 14:20:00+05:30,2019-04-26 15:15:00+05:30,11744.35,11754.9,13.65,10.55,EOD_EXIT
short,2019-04-30 09:40:00+05:30,2019-04-30 10:55:00+05:30,11700.6,11690.5,40.25,10.1,ST_TRAIL
long,2019-04-30 14:05:00+05:30,2019-04-30 15:15:00+05:30,11708.0,11750.7,43.9,42.7,EOD_EXIT
long,2019-05-02 10:15:00+05:30,2019-05-02 11:55:00+05:30,11780.9,11757.15,3.15,-23.75,ST_TRAIL
short,2019-05-03 14:15:00+05:30,2019-05-03 15:15:00+05:30,11746.75,11714.9,40.35,31.85,EOD_EXIT
short,2019-05-06 13:45:00+05:30,2019-05-06 15:00:00+05:30,11601.9,11607.65,24.7,-5.75,ST_TRAIL
short,2019-05-07 10:45:00+05:30,2019-05-07 11:50:00+05:30,11598.4,11614.55,3.05,-16.15,ST_TRAIL
short,2019-05-07 13:05:00+05:30,2019-05-07 15:15:00+05:30,11616.9,11496.2,124.1,120.7,EOD_EXIT
short,2019-05-08 10:20:00+05:30,2019-05-08 12:35:00+05:30,11415.65,11421.05,16.3,-5.4,ST_TRAIL
short,2019-05-08 14:05:00+05:30,2019-05-08 15:15:00+05:30,11413.2,11358.1,56.3,55.1,EOD_EXIT
short,2019-05-09 09:40:00+05:30,2019-05-09 10:00:00+05:30,11297.75,11332.15,0.0,-34.4,ST_TRAIL
short,2019-05-09 13:05:00+05:30,2019-05-09 14:15:00+05:30,11276.75,11292.4,11.35,-15.65,ST_TRAIL
long,2019-05-09 14:30:00+05:30,2019-05-09 14:45:00+05:30,11329.1,11305.25,18.15,-23.85,ST_TRAIL
short,2019-05-10 09:45:00+05:30,2019-05-10 11:00:00+05:30,11300.15,11317.7,19.6,-17.55,ST_TRAIL
long,2019-05-10 14:00:00+05:30,2019-05-10 15:00:00+05:30,11311.25,11286.75,25.1,-24.5,ST_TRAIL
short,2019-05-14 10:10:00+05:30,2019-05-14 12:20:00+05:30,11131.45,11134.85,17.1,-3.4,ST_TRAIL
long,2019-05-14 13:15:00+05:30,2019-05-14 14:45:00+05:30,11169.25,11227.6,118.7,58.35,ST_TRAIL
long,2019-05-15 10:10:00+05:30,2019-05-15 11:45:00+05:30,11273.0,11259.5,12.25,-13.5,ST_TRAIL
short,2019-05-15 13:15:00+05:30,2019-05-15 13:50:00+05:30,11205.3,11257.85,0.0,-52.55,STOP_LOSS
short,2019-05-15 14:30:00+05:30,2019-05-15 15:15:00+05:30,11231.7,11143.55,88.15,88.15,EOD_EXIT
short,2019-05-16 13:00:00+05:30,2019-05-16 13:50:00+05:30,11166.85,11205.5,0.0,-38.65,ST_TRAIL
long,2019-05-16 14:05:00+05:30,2019-05-16 14:45:00+05:30,11225.7,11204.65,31.25,-21.05,ST_TRAIL
long,2019-05-17 10:40:00+05:30,2019-05-17 13:00:00+05:30,11314.95,11319.65,36.5,4.7,ST_TRAIL
long,2019-05-17 13:30:00+05:30,2019-05-17 14:20:00+05:30,11362.95,11349.85,24.35,-13.1,ST_TRAIL
long,2019-05-20 10:00:00+05:30,2019-05-20 14:25:00+05:30,11664.7,11782.35,153.25,117.65,ST_TRAIL
short,2019-05-21 13:00:00+05:30,2019-05-21 15:15:00+05:30,11780.5,11718.45,95.05,62.05,EOD_EXIT
short,2019-05-22 11:20:00+05:30,2019-05-22 13:05:00+05:30,11720.9,11728.25,15.5,-7.35,ST_TRAIL
long,2019-05-22 14:00:00+05:30,2019-05-22 14:25:00+05:30,11773.85,11736.65,5.45,-37.2,ST_TRAIL
short,2019-05-22 14:30:00+05:30,2019-05-22 15:15:00+05:30,11737.55,11731.65,17.35,5.9,EOD_EXIT
long,2019-05-23 10:15:00+05:30,2019-05-23 10:50:00+05:30,11976.45,11970.55,58.3,-5.9,BREAKEVEN_SL
short,2019-05-23 11:20:00+05:30,2019-05-23 13:05:00+05:30,11882.0,11852.55,88.35,29.45,ST_TRAIL
short,2019-05-23 13:55:00+05:30,2019-05-23 15:15:00+05:30,11781.55,11653.5,143.45,128.05,EOD_EXIT
short,2019-05-24 09:40:00+05:30,2019-05-24 11:05:00+05:30,11690.6,11724.2,19.45,-33.6,ST_TRAIL
long,2019-05-24 13:10:00+05:30,2019-05-24 13:25:00+05:30,11821.25,11778.8,0.0,-42.45,ST_TRAIL
long,2019-05-24 14:05:00+05:30,2019-05-24 15:15:00+05:30,11829.65,11840.45,15.75,10.8,EOD_EXIT
long,2019-05-27 09:50:00+05:30,2019-05-27 12:50:00+05:30,11887.85,11932.45,66.6,44.6,ST_TRAIL
long,2019-05-28 10:35:00+05:30,2019-05-28 11:55:00+05:30,11915.6,11901.6,18.0,-14.0,ST_TRAIL
long,2019-05-29 11:15:00+05:30,2019-05-29 11:55:00+05:30,11929.2,11905.7,0.0,-23.5,ST_TRAIL
long,2019-05-30 09:40:00+05:30,2019-05-30 14:00:00+05:30,11899.75,11946.25,64.8,46.5,ST_TRAIL
long,2019-05-31 09:55:00+05:30,2019-05-31 10:35:00+05:30,12026.55,12011.5,7.95,-15.05,ST_TRAIL
short,2019-05-31 13:25:00+05:30,2019-05-31 15:15:00+05:30,11884.9,11925.95,1.85,-41.05,EOD_EXIT
long,2019-06-03 10:10:00+05:30,2019-06-03 13:15:00+05:30,11976.2,12006.15,46.65,29.95,ST_TRAIL
long,2019-06-03 13:55:00+05:30,2019-06-03 15:15:00+05:30,12028.1,12092.4,64.3,64.3,EOD_EXIT
short,2019-06-04 10:25:00+05:30,2019-06-04 11:30:00+05:30,12044.35,12047.5,15.65,-3.15,ST_TRAIL
short,2019-06-06 09:40:00+05:30,2019-06-06 11:55:00+05:30,11977.65,11969.25,30.25,8.4,ST_TRAIL
short,2019-06-06 13:35:00+05:30,2019-06-06 15:15:00+05:30,11871.5,11843.9,38.7,27.6,EOD_EXIT
long,2019-06-07 10:00:00+05:30,2019-06-07 11:15:00+05:30,11832.15,11830.5,46.65,-1.65,BREAKEVEN_SL
long,2019-06-07 14:20:00+05:30,2019-06-07 15:15:00+05:30,11865.9,11858.05,28.4,-7.85,EOD_EXIT
short,2019-06-10 14:05:00+05:30,2019-06-10 14:50:00+05:30,11880.65,11908.1,2.9,-27.45,ST_TRAIL
short,2019-06-11 09:35:00+05:30,2019-06-11 09:55:00+05:30,11910.95,11945.15,0.0,-34.2,ST_TRAIL
long,2019-06-11 10:00:00+05:30,2019-06-11 14:40:00+05:30,11953.45,11978.05,42.0,24.6,ST_TRAIL
short,2019-06-12 09:40:00+05:30,2019-06-12 12:45:00+05:30,11922.4,11897.2,43.85,25.2,ST_TRAIL
short,2019-06-13 09:45:00+05:30,2019-06-13 12:40:00+05:30,11866.15,11840.2,45.55,25.95,ST_TRAIL
long,2019-06-13 14:05:00+05:30,2019-06-13 15:15:00+05:30,11887.55,11913.1,30.5,25.55,EOD_EXIT
short,2019-06-14 10:50:00+05:30,2019-06-14 12:20:00+05:30,11858.85,11862.65,14.25,-3.8,ST_TRAIL
short,2019-06-14 13:10:00+05:30,2019-06-14 14:40:00+05:30,11850.75,11864.6,5.5,-13.85,ST_TRAIL
short,2019-06-17 09:50:00+05:30,2019-06-17 15:15:00+05:30,11756.9,11664.45,92.45,92.45,EOD_EXIT
short,2019-06-18 09:35:00+05:30,2019-06-18 10:00:00+05:30,11671.75,11718.1,1.45,-46.35,ST_TRAIL
long,2019-06-18 10:05:00+05:30,2019-06-18 10:50:00+05:30,11711.4,11682.85,0.0,-28.55,ST_TRAIL
long,2019-06-18 11:25:00+05:30,2019-06-18 13:20:00+05:30,11705.65,11688.7,16.5,-16.95,ST_TRAIL
short,2019-06-18 13:35:00+05:30,2019-06-18 14:00:00+05:30,11677.9,11705.9,0.0,-28.0,ST_TRAIL
short,2019-06-19 14:05:00+05:30,2019-06-19 15:00:00+05:30,11664.8,11667.4,39.05,-2.6,ST_TRAIL
long,2019-06-20 09:45:00+05:30,2019-06-20 13:10:00+05:30,11690.7,11733.3,66.0,42.6,ST_TRAIL
long,2019-06-20 14:00:00+05:30,2019-06-20 15:15:00+05:30,11770.05,11833.2,68.15,63.15,EOD_EXIT
short,2019-06-21 09:45:00+05:30,2019-06-21 11:55:00+05:30,11773.95,11793.4,13.35,-19.45,ST_TRAIL
short,2019-06-21 14:05:00+05:30,2019-06-21 14:50:00+05:30,11727.5,11758.0,0.0,-30.5,ST_TRAIL
short,2019-06-24 13:15:00+05:30,2019-06-24 15:00:00+05:30,11715.5,11700.15,42.95,15.35,ST_TRAIL
long,2019-06-25 13:15:00+05:30,2019-06-25 15:15:00+05:30,11748.75,11787.3,60.4,38.55,EOD_EXIT
long,2019-06-26 09:40:00+05:30,2019-06-26 10:55:00+05:30,11829.05,11797.35,3.5,-31.7,ST_TRAIL
long,2019-06-26 11:25:00+05:30,2019-06-26 13:10:00+05:30,11814.2,11816.5,19.75,2.3,ST_TRAIL
long,2019-06-26 13:40:00+05:30,2019-06-26 15:15:00+05:30,11827.0,11844.2,38.7,17.2,EOD_EXIT
long,2019-06-27 10:15:00+05:30,2019-06-27 12:00:00+05:30,11885.7,11886.35,14.35,0.65,ST_TRAIL
short,2019-06-28 10:40:00+05:30,2019-06-28 12:55:00+05:30,11831.4,11823.15,30.5,8.25,ST_TRAIL
long,2019-07-01 11:05:00+05:30,2019-07-01 11:45:00+05:30,11869.95,11853.1,3.2,-16.85,ST_TRAIL
long,2019-07-01 14:10:00+05:30,2019-07-01 15:00:00+05:30,11882.1,11866.45,0.0,-15.65,ST_TRAIL
long,2019-07-02 09:35:00+05:30,2019-07-02 10:00:00+05:30,11868.95,11848.75,2.15,-20.2,ST_TRAIL
short,2019-07-02 11:00:00+05:30,2019-07-02 11:25:00+05:30,11821.9,11838.6,0.0,-16.7,ST_TRAIL
long,2019-07-02 13:00:00+05:30,2019-07-02 15:15:00+05:30,11860.2,11912.35,52.15,52.15,EOD_EXIT
long,2019-07-03 13:00:00+05:30,2019-07-03 14:45:00+05:30,11929.4,11916.9,11.8,-12.5,ST_TRAIL
long,2019-07-04 09:40:00+05:30,2019-07-04 11:25:00+05:30,11954.25,11946.2,4.45,-8.05,ST_TRAIL
long,2019-07-04 13:45:00+05:30,2019-07-04 14:10:00+05:30,11946.75,11937.3,5.15,-9.45,ST_TRAIL
short,2019-07-05 10:20:00+05:30,2019-07-05 12:15:00+05:30,11939.45,11927.0,45.4,12.45,ST_TRAIL
short,2019-07-05 13:15:00+05:30,2019-07-05 13:50:00+05:30,11828.45,11862.95,24.7,-34.5,ST_TRAIL
short,2019-07-08 10:20:00+05:30,2019-07-08 14:50:00+05:30,11679.25,11567.05,154.7,112.2,ST_TRAIL
short,2019-07-09 10:10:00+05:30,2019-07-09 11:00:00+05:30,11476.35,11499.0,9.7,-22.65,ST_TRAIL
long,2019-07-09 14:10:00+05:30,2019-07-09 15:15:00+05:30,11544.75,11556.45,18.8,11.7,EOD_EXIT
long,2019-07-10 09:50:00+05:30,2019-07-10 10:15:00+05:30,11587.85,11552.9,0.0,-34.95,ST_TRAIL
short,2019-07-10 13:00:00+05:30,2019-07-10 13:15:00+05:30,11484.95,11509.5,0.0,-24.55,ST_TRAIL
short,2019-07-10 14:20:00+05:30,2019-07-10 14:45:00+05:30,11501.15,11507.1,18.55,-5.95,ST_TRAIL
long,2019-07-11 13:30:00+05:30,2019-07-11 14:00:00+05:30,11577.6,11564.8,10.8,-12.8,ST_TRAIL
long,2019-07-11 14:25:00+05:30,2019-07-11 14:55:00+05:30,11588.0,11573.75,9.7,-14.25,ST_TRAIL
long,2019-07-12 10:45:00+05:30,2019-07-12 12:10:00+05:30,11583.7,11577.7,13.55,-6.0,ST_TRAIL
long,2019-07-12 13:05:00+05:30,2019-07-12 14:00:00+05:30,11616.8,11617.75,14.95,0.95,ST_TRAIL
long,2019-07-16 09:45:00+05:30,2019-07-16 12:15:00+05:30,11621.65,11621.85,15.1,0.2,ST_TRAIL
long,2019-07-16 14:15:00+05:30,2019-07-16 15:15:00+05:30,11653.0,11665.45,14.2,12.45,EOD_EXIT
long,2019-07-17 10:10:00+05:30,2019-07-17 13:05:00+05:30,11688.1,11685.75,17.15,-2.35,ST_TRAIL
short,2019-07-17 13:20:00+05:30,2019-07-17 13:55:00+05:30,11670.1,11684.65,0.0,-14.55,ST_TRAIL
short,2019-07-18 09:40:00+05:30,2019-07-18 10:15:00+05:30,11652.35,11673.6,0.0,-21.25,ST_TRAIL
short,2019-07-19 09:35:00+05:30,2019-07-19 15:15:00+05:30,11579.6,11425.15,168.65,154.45,EOD_EXIT
long,2019-07-23 09:55:00+05:30,2019-07-23 14:25:00+05:30,11359.9,11367.0,34.95,7.1,ST_TRAIL
short,2019-07-24 10:00:00+05:30,2019-07-24 12:00:00+05:30,11260.8,11255.6,27.7,5.2,ST_TRAIL
long,2019-07-24 13:20:00+05:30,2019-07-24 14:25:00+05:30,11271.35,11267.85,23.15,-3.5,ST_TRAIL
long,2019-07-25 09:40:00+05:30,2019-07-25 10:20:00+05:30,11359.75,11323.9,0.0,-35.85,ST_TRAIL
long,2019-07-25 14:30:00+05:30,2019-07-25 15:00:00+05:30,11300.05,11244.65,3.55,-55.4,STOP_LOSS
long,2019-07-26 11:30:00+05:30,2019-07-26 12:30:00+05:30,11289.15,11271.15,14.25,-18.0,ST_TRAIL
short,2019-07-29 10:20:00+05:30,2019-07-29 13:00:00+05:30,11227.45,11187.95,71.15,39.5,ST_TRAIL
short,2019-07-29 14:05:00+05:30,2019-07-29 15:15:00+05:30,11203.25,11185.7,30.05,17.55,EOD_EXIT
long,2019-07-30 09:40:00+05:30,2019-07-30 10:05:00+05:30,11257.9,11234.15,2.8,-23.75,ST_TRAIL
short,2019-07-30 11:20:00+05:30,2019-07-30 11:55:00+05:30,11191.7,11195.4,21.05,-3.7,ST_TRAIL
short,2019-07-30 13:20:00+05:30,2019-07-30 15:15:00+05:30,11183.05,11075.8,109.15,107.25,EOD_EXIT
short,2019-07-31 10:40:00+05:30,2019-07-31 11:15:00+05:30,11017.8,11040.85,9.6,-23.05,ST_TRAIL
long,2019-07-31 11:30:00+05:30,2019-07-31 13:40:00+05:30,11060.5,11072.85,40.95,12.35,ST_TRAIL
short,2019-08-01 09:50:00+05:30,2019-08-01 14:55:00+05:30,11043.3,10931.15,146.8,112.15,ST_TRAIL
short,2019-08-02 10:10:00+05:30,2019-08-02 11:20:00+05:30,10867.75,10907.2,14.0,-39.45,ST_TRAIL
long,2019-08-02 13:50:00+05:30,2019-08-02 14:35:00+05:30,11018.35,11016.55,47.65,-1.8,BREAKEVEN_SL
short,2019-08-05 09:40:00+05:30,2019-08-05 11:35:00+05:30,10813.95,10849.7,20.6,-35.75,ST_TRAIL
short,2019-08-05 13:40:00+05:30,2019-08-05 14:05:00+05:30,10844.55,10869.25,11.4,-24.7,ST_TRAIL
long,2019-08-06 14:00:00+05:30,2019-08-06 15:00:00+05:30,10971.15,10961.3,40.95,-9.85,BREAKEVEN_SL
short,2019-08-07 13:40:00+05:30,2019-08-07 15:15:00+05:30,10889.6,10853.8,35.8,35.8,EOD_EXIT
short,2019-08-08 09:40:00+05:30,2019-08-08 10:15:00+05:30,10846.15,10895.6,0.0,-49.45,ST_TRAIL
short,2019-08-08 11:25:00+05:30,2019-08-08 11:40:00+05:30,10861.3,10881.75,0.0,-20.45,ST_TRAIL
short,2019-08-08 13:05:00+05:30,2019-08-08 13:25:00+05:30,10868.25,10892.5,0.0,-24.25,ST_TRAIL
long,2019-08-08 14:30:00+05:30,2019-08-08 15:15:00+05:30,10978.65,11041.65,63.0,63.0,EOD_EXIT
long,2019-08-09 10:20:00+05:30,2019-08-09 13:40:00+05:30,11122.3,11145.15,54.6,22.85,ST_TRAIL
short,2019-08-09 14:15:00+05:30,2019-08-09 15:15:00+05:30,11109.7,11113.35,6.6,-3.65,EOD_EXIT
short,2019-08-13 11:20:00+05:30,2019-08-13 15:15:00+05:30,11068.85,10914.65,154.2,154.2,EOD_EXIT
long,2019-08-14 10:25:00+05:30,2019-08-14 12:00:00+05:30,11019.65,11011.55,32.9,-8.1,ST_TRAIL
long,2019-08-14 13:10:00+05:30,2019-08-14 14:30:00+05:30,11048.4,11024.85,26.9,-23.55,ST_TRAIL
long,2019-08-16 11:15:00+05:30,2019-08-16 13:45:00+05:30,11016.05,11027.0,39.1,10.95,ST_TRAIL
long,2019-08-16 14:10:00+05:30,2019-08-16 15:15:00+05:30,11048.65,11043.0,5.55,-5.65,EOD_EXIT
long,2019-08-19 10:15:00+05:30,2019-08-19 13:30:00+05:30,11122.95,11113.6,22.35,-9.35,ST_TRAIL
short,2019-08-19 14:30:00+05:30,2019-08-19 15:15:00+05:30,11067.4,11051.85,15.55,15.55,EOD_EXIT
short,2019-08-20 09:55:00+05:30,2019-08-20 13:15:00+05:30,11021.4,11035.5,31.55,-14.1,ST_TRAIL
short,2019-08-21 11:10:00+05:30,2019-08-21 12:55:00+05:30,10993.1,10978.75,42.85,14.35,ST_TRAIL
short,2019-08-21 13:25:00+05:30,2019-08-21 15:15:00+05:30,10953.15,10918.35,43.7,34.8,EOD_EXIT
short,2019-08-22 10:00:00+05:30,2019-08-22 11:40:00+05:30,10863.15,10842.4,44.15,20.75,ST_TRAIL
short,2019-08-22 13:40:00+05:30,2019-08-22 15:15:00+05:30,10834.85,10730.7,104.15,104.15,EOD_EXIT
short,2019-08-23 09:40:00+05:30,2019-08-23 09:50:00+05:30,10648.35,10698.6,0.0,-50.25,STOP_LOSS
long,2019-08-23 10:05:00+05:30,2019-08-23 11:15:00+05:30,10729.3,10728.75,58.2,-0.55,BREAKEVEN_SL
long,2019-08-23 13:15:00+05:30,2019-08-23 14:50:00+05:30,10796.2,10803.75,64.45,7.55,ST_TRAIL
short,2019-08-26 09:50:00+05:30,2019-08-26 10:15:00+05:30,10818.85,10820.45,49.8,-1.6,BREAKEVEN_SL
long,2019-08-26 13:55:00+05:30,2019-08-26 14:40:00+05:30,11030.55,11028.05,24.65,-2.5,ST_TRAIL
long,2019-08-27 09:55:00+05:30,2019-08-27 12:45:00+05:30,11083.8,11113.2,54.8,29.4,ST_TRAIL
short,2019-08-28 09:50:00+05:30,2019-08-28 11:10:00+05:30,11092.15,11089.05,34.1,3.1,ST_TRAIL
short,2019-08-28 13:25:00+05:30,2019-08-28 13:40:00+05:30,11020.9,11039.45,1.65,-18.55,ST_TRAIL
short,2019-08-28 14:10:00+05:30,2019-08-28 15:00:00+05:30,10992.9,11055.45,0.0,-62.55,STOP_LOSS
short,2019-08-29 13:40:00+05:30,2019-08-29 13:55:00+05:30,10961.4,11005.1,0.0,-43.7,ST_TRAIL
long,2019-08-29 14:00:00+05:30,2019-08-29 14:25:00+05:30,11000.05,10975.8,19.25,-24.25,ST_TRAIL
long,2019-08-30 09:40:00+05:30,2019-08-30 10:10:00+05:30,11019.0,10973.05,0.0,-45.95,ST_TRAIL
short,2019-08-30 11:05:00+05:30,2019-08-30 12:25:00+05:30,10918.6,10915.65,40.85,2.95,ST_TRAIL
long,2019-08-30 13:50:00+05:30,2019-08-30 14:35:00+05:30,10974.35,10949.55,15.6,-24.8,ST_TRAIL
short,2019-09-03 09:40:00+05:30,2019-09-03 14:20:00+05:30,10898.1,10868.35,57.5,29.75,ST_TRAIL
short,2019-09-04 10:50:00+05:30,2019-09-04 11:30:00+05:30,10761.1,10797.85,5.75,-36.75,ST_TRAIL
long,2019-09-04 13:05:00+05:30,2019-09-04 14:15:00+05:30,10819.55,10809.55,24.0,-10.0,ST_TRAIL
long,2019-09-05 10:10:00+05:30,2019-09-05 11:15:00+05:30,10906.65,10885.4,11.4,-21.25,ST_TRAIL
long,2019-09-06 11:00:00+05:30,2019-09-06 14:00:00+05:30,10897.45,10923.8,47.55,26.35,ST_TRAIL
long,2019-09-09 09:55:00+05:30,2019-09-09 13:35:00+05:30,10929.35,10992.9,98.95,63.55,ST_TRAIL
long,2019-09-11 10:45:00+05:30,2019-09-11 12:05:00+05:30,11040.05,11038.25,13.45,-1.8,ST_TRAIL
long,2019-09-11 13:10:00+05:30,2019-09-11 13:30:00+05:30,11039.2,11027.1,0.0,-12.1,ST_TRAIL
long,2019-09-11 13:55:00+05:30,2019-09-11 14:55:00+05:30,11039.05,11031.3,7.45,-7.75,ST_TRAIL
long,2019-09-12 09:45:00+05:30,2019-09-12 10:20:00+05:30,11078.9,11051.6,0.0,-27.3,ST_TRAIL
short,2019-09-12 11:10:00+05:30,2019-09-12 11:55:00+05:30,11033.5,11043.65,11.4,-10.15,ST_TRAIL
short,2019-09-12 13:35:00+05:30,2019-09-12 15:15:00+05:30,11037.55,10979.65,61.5,57.9,EOD_EXIT
short,2019-09-13 09:50:00+05:30,2019-09-13 10:45:00+05:30,10976.3,10989.35,28.45,-13.05,ST_TRAIL
long,2019-09-13 14:15:00+05:30,2019-09-13 15:15:00+05:30,11035.0,11080.0,45.25,45.0,EOD_EXIT
short,2019-09-17 09:55:00+05:30,2019-09-17 15:15:00+05:30,10950.95,10815.05,144.55,135.9,EOD_EXIT
short,2019-09-18 09:45:00+05:30,2019-09-18 12:15:00+05:30,10832.9,10853.55,22.8,-20.65,ST_TRAIL
short,2019-09-18 13:40:00+05:30,2019-09-18 14:15:00+05:30,10840.85,10862.35,8.55,-21.5,ST_TRAIL
short,2019-09-19 13:15:00+05:30,2019-09-19 15:05:00+05:30,10711.6,10704.15,31.4,7.45,ST_TRAIL
long,2019-09-20 10:50:00+05:30,2019-09-20 14:25:00+05:30,10928.6,11312.3,440.25,383.7,ST_TRAIL
long,2019-09-23 10:55:00+05:30,2019-09-23 12:55:00+05:30,11583.9,11644.65,101.7,60.75,ST_TRAIL
short,2019-09-24 13:25:00+05:30,2019-09-24 14:25:00+05:30,11562.35,11607.95,6.05,-45.6,ST_TRAIL
short,2019-09-25 09:40:00+05:30,2019-09-25 12:15:00+05:30,11496.1,11496.2,29.05,-0.1,ST_TRAIL
short,2019-09-25 13:20:00+05:30,2019-09-25 15:00:00+05:30,11465.8,11456.7,41.45,9.1,ST_TRAIL
long,2019-09-26 09:40:00+05:30,2019-09-26 12:05:00+05:30,11558.35,11514.55,25.8,-43.8,ST_TRAIL
short,2019-09-27 11:05:00+05:30,2019-09-27 11:55:00+05:30,11522.35,11542.65,9.3,-20.3,ST_TRAIL
short,2019-09-27 14:05:00+05:30,2019-09-27 15:15:00+05:30,11545.85,11510.45,40.4,35.4,EOD_EXIT
short,2019-09-30 09:40:00+05:30,2019-09-30 13:00:00+05:30,11423.35,11430.8,23.3,-7.45,ST_TRAIL
long,2019-09-30 14:25:00+05:30,2019-09-30 14:55:00+05:30,11501.6,11458.95,0.0,-42.65,ST_TRAIL
short,2019-10-01 09:50:00+05:30,2019-10-01 10:40:00+05:30,11479.9,11486.7,61.4,-6.8,BREAKEVEN_SL
short,2019-10-01 13:25:00+05:30,2019-10-01 14:50:00+05:30,11433.75,11350.55,170.25,83.2,ST_TRAIL
short,2019-10-03 13:25:00+05:30,2019-10-03 13:45:00+05:30,11295.65,11312.1,14.6,-16.45,ST_TRAIL
short,2019-10-04 13:00:00+05:30,2019-10-04 15:15:00+05:30,11246.45,11169.45,77.0,77.0,EOD_EXIT
short,2019-10-07 11:00:00+05:30,2019-10-07 12:10:00+05:30,11184.75,11217.15,7.15,-32.4,ST_TRAIL
short,2019-10-07 13:35:00+05:30,2019-10-07 15:15:00+05:30,11198.25,11122.4,80.35,75.85,EOD_EXIT
long,2019-10-09 11:30:00+05:30,2019-10-09 15:15:00+05:30,11166.45,11312.8,146.35,146.35,EOD_EXIT
short,2019-10-11 10:35:00+05:30,2019-10-11 13:50:00+05:30,11293.6,11279.1,100.75,14.5,ST_TRAIL
long,2019-10-11 14:05:00+05:30,2019-10-11 14:45:00+05:30,11309.8,11286.05,4.9,-23.75,ST_TRAIL
long,2019-10-14 10:35:00+05:30,2019-10-14 13:05:00+05:30,11372.45,11351.25,5.1,-21.2,ST_TRAIL
long,2019-10-14 14:00:00+05:30,2019-10-14 14:50:00+05:30,11397.55,11372.4,20.7,-25.15,ST_TRAIL
long,2019-10-15 10:05:00+05:30,2019-10-15 12:35:00+05:30,11392.15,11403.55,32.7,11.4,ST_TRAIL
long,2019-10-15 14:20:00+05:30,2019-10-15 15:00:00+05:30,11450.7,11425.65,6.75,-25.05,ST_TRAIL
long,2019-10-16 09:40:00+05:30,2019-10-16 09:50:00+05:30,11471.75,11443.3,0.0,-28.45,ST_TRAIL
long,2019-10-17 10:40:00+05:30,2019-10-17 11:15:00+05:30,11478.75,11452.8,0.0,-25.95,ST_TRAIL
long,2019-10-17 13:05:00+05:30,2019-10-17 15:15:00+05:30,11511.95,11583.9,84.2,71.95,EOD_EXIT
long,2019-10-18 10:40:00+05:30,2019-10-18 14:20:00+05:30,11640.35,11648.1,39.6,7.75,ST_TRAIL
short,2019-10-22 13:45:00+05:30,2019-10-22 15:15:00+05:30,11600.7,11586.35,19.8,14.35,EOD_EXIT
long,2019-10-23 13:40:00+05:30,2019-10-23 14:10:00+05:30,11639.1,11615.15,0.0,-23.95,ST_TRAIL
short,2019-10-24 10:55:00+05:30,2019-10-24 12:00:00+05:30,11584.15,11603.75,15.45,-19.6,ST_TRAIL
long,2019-10-25 14:25:00+05:30,2019-10-25 15:15:00+05:30,11573.85,11582.6,39.85,8.75,EOD_EXIT
long,2019-10-29 09:45:00+05:30,2019-10-29 15:00:00+05:30,11663.85,11783.05,142.05,119.2,ST_TRAIL
long,2019-10-30 10:20:00+05:30,2019-10-30 13:55:00+05:30,11840.3,11845.7,35.75,5.4,ST_TRAIL
long,2019-10-31 10:50:00+05:30,2019-10-31 12:00:00+05:30,11918.2,11895.5,6.5,-22.7,ST_TRAIL
long,2019-10-31 13:15:00+05:30,2019-10-31 14:35:00+05:30,11922.2,11910.25,19.5,-11.95,ST_TRAIL
short,2019-11-01 10:20:00+05:30,2019-11-01 11:05:00+05:30,11872.55,11881.75,20.75,-9.2,ST_TRAIL
short,2019-11-01 14:30:00+05:30,2019-11-01 14:40:00+05:30,11885.0,11906.3,0.0,-21.3,ST_TRAIL
long,2019-11-04 11:15:00+05:30,2019-11-04 11:40:00+05:30,11982.35,11942.95,0.0,-39.4,ST_TRAIL
short,2019-11-05 09:35:00+05:30,2019-11-05 13:35:00+05:30,11948.05,11893.3,73.85,54.75,ST_TRAIL
short,2019-11-06 09:45:00+05:30,2019-11-06 11:20:00+05:30,11868.1,11883.3,13.65,-15.2,ST_TRAIL
long,2019-11-06 13:30:00+05:30,2019-11-06 15:00:00+05:30,11984.55,11972.9,14.9,-11.65,ST_TRAIL
short,2019-11-08 10:35:00+05:30,2019-11-08 12:00:00+05:30,11957.15,11978.9,0.25,-21.75,ST_TRAIL
short,2019-11-08 14:25:00+05:30,2019-11-08 15:15:00+05:30,11964.6,11895.25,69.35,69.35,EOD_EXIT
long,2019-11-14 11:00:00+05:30,2019-11-14 11:55:00+05:30,11870.05,11850.7,14.95,-19.35,ST_TRAIL
long,2019-11-15 10:20:00+05:30,2019-11-15 10:35:00+05:30,11956.35,11930.75,0.0,-25.6,ST_TRAIL
long,2019-11-15 13:40:00+05:30,2019-11-15 14:50:00+05:30,11942.7,11939.85,13.15,-2.85,ST_TRAIL
short,2019-11-18 09:40:00+05:30,2019-11-18 12:45:00+05:30,11910.85,11890.75,40.95,20.1,ST_TRAIL
long,2019-11-20 10:00:00+05:30,2019-11-20 11:20:00+05:30,12009.1,12014.3,25.25,5.2,ST_TRAIL
long,2019-11-20 13:10:00+05:30,2019-11-20 13:20:00+05:30,12024.95,12014.1,0.0,-10.85,ST_TRAIL
short,2019-11-21 09:35:00+05:30,2019-11-21 11:55:00+05:30,11984.8,11987.65,17.25,-2.85,ST_TRAIL
long,2019-11-21 13:15:00+05:30,2019-11-21 13:40:00+05:30,12006.4,11988.6,0.0,-17.8,ST_TRAIL
short,2019-11-22 09:55:00+05:30,2019-11-22 13:30:00+05:30,11941.95,11906.1,55.4,35.85,ST_TRAIL
long,2019-11-25 09:55:00+05:30,2019-11-25 14:35:00+05:30,11984.3,12045.3,79.2,61.0,ST_TRAIL
short,2019-11-26 10:40:00+05:30,2019-11-26 12:35:00+05:30,12070.45,12093.2,0.0,-22.75,ST_TRAIL
short,2019-11-26 13:20:00+05:30,2019-11-26 14:55:00+05:30,12082.0,12066.1,59.75,15.9,ST_TRAIL
long,2019-11-27 14:30:00+05:30,2019-11-27 15:15:00+05:30,12083.75,12106.4,22.65,22.65,EOD_EXIT
long,2019-11-28 13:15:00+05:30,2019-11-28 13:45:00+05:30,12133.7,12116.25,0.0,-17.45,ST_TRAIL
short,2019-11-28 13:50:00+05:30,2019-11-28 14:40:00+05:30,12116.45,12128.1,7.8,-11.65,ST_TRAIL
short,2019-11-29 09:55:00+05:30,2019-11-29 12:05:00+05:30,12092.3,12045.4,62.8,46.9,ST_TRAIL
short,2019-11-29 13:20:00+05:30,2019-11-29 14:30:00+05:30,12049.05,12055.4,22.1,-6.35,ST_TRAIL
short,2019-12-02 10:40:00+05:30,2019-12-02 11:30:00+05:30,12044.25,12064.25,2.8,-20.0,ST_TRAIL
short,2019-12-03 10:00:00+05:30,2019-12-03 13:25:00+05:30,12010.1,11980.2,44.7,29.9,ST_TRAIL
short,2019-12-03 14:30:00+05:30,2019-12-03 14:40:00+05:30,11971.4,11985.55,0.0,-14.15,ST_TRAIL
long,2019-12-04 10:10:00+05:30,2019-12-04 11:05:00+05:30,12023.55,11992.95,0.0,-30.6,ST_TRAIL
short,2019-12-04 13:00:00+05:30,2019-12-04 13:45:00+05:30,11943.0,11962.95,2.4,-19.95,ST_TRAIL
long,2019-12-05 11:00:00+05:30,2019-12-05 11:45:00+05:30,12076.7,12011.3,0.0,-65.4,STOP_LOSS
long,2019-12-05 13:40:00+05:30,2019-12-05 14:05:00+05:30,12073.9,12046.3,0.0,-27.6,ST_TRAIL
short,2019-12-06 10:25:00+05:30,2019-12-06 12:25:00+05:30,12019.35,11988.9,56.55,30.45,ST_TRAIL
short,2019-12-06 13:05:00+05:30,2019-12-06 15:00:00+05:30,11965.25,11929.4,72.35,35.85,ST_TRAIL
long,2019-12-09 11:00:00+05:30,2019-12-09 13:45:00+05:30,11943.75,11952.6,32.75,8.85,ST_TRAIL
short,2019-12-10 09:35:00+05:30,2019-12-10 13:00:00+05:30,11917.6,11906.95,36.15,10.65,ST_TRAIL
short,2019-12-10 13:40:00+05:30,2019-12-10 15:15:00+05:30,11878.05,11857.6,30.95,20.45,EOD_EXIT
long,2019-12-11 09:50:00+05:30,2019-12-11 10:50:00+05:30,11897.7,11883.4,7.1,-14.3,ST_TRAIL
short,2019-12-11 11:30:00+05:30,2019-12-11 13:20:00+05:30,11875.6,11869.2,21.25,6.4,ST_TRAIL
long,2019-12-12 09:40:00+05:30,2019-12-12 10:15:00+05:30,11968.35,11945.75,0.0,-22.6,ST_TRAIL
long,2019-12-12 14:10:00+05:30,2019-12-12 15:10:00+05:30,11973.9,11972.95,25.7,-0.95,ST_TRAIL
long,2019-12-13 10:15:00+05:30,2019-12-13 11:25:00+05:30,12064.2,12040.4,0.0,-23.8,ST_TRAIL
long,2019-12-13 13:05:00+05:30,2019-12-13 15:15:00+05:30,12070.4,12079.85,25.45,9.45,EOD_EXIT
short,2019-12-16 09:35:00+05:30,2019-12-16 13:15:00+05:30,12094.1,12087.6,26.05,6.5,ST_TRAIL
long,2019-12-16 13:45:00+05:30,2019-12-16 14:25:00+05:30,12097.5,12080.5,0.8,-17.0,ST_TRAIL
long,2019-12-17 09:40:00+05:30,2019-12-17 11:35:00+05:30,12109.8,12126.1,32.65,16.3,ST_TRAIL
long,2019-12-18 13:00:00+05:30,2019-12-18 13:25:00+05:30,12219.8,12195.5,0.0,-24.3,ST_TRAIL
long,2019-12-18 14:20:00+05:30,2019-12-18 15:15:00+05:30,12204.9,12218.2,29.95,13.3,EOD_EXIT
long,2019-12-19 11:05:00+05:30,2019-12-19 12:55:00+05:30,12227.9,12239.05,29.85,11.15,ST_TRAIL
long,2019-12-20 10:55:00+05:30,2019-12-20 13:10:00+05:30,12283.1,12269.9,5.55,-13.2,ST_TRAIL
long,2019-12-20 14:30:00+05:30,2019-12-20 15:15:00+05:30,12272.05,12274.5,3.05,2.45,EOD_EXIT
short,2019-12-23 13:15:00+05:30,2019-12-23 15:00:00+05:30,12249.1,12258.6,32.95,-9.5,ST_TRAIL
short,2019-12-26 10:55:00+05:30,2019-12-26 12:35:00+05:30,12196.05,12196.15,11.55,-0.1,ST_TRAIL
short,2019-12-26 13:55:00+05:30,2019-12-26 14:30:00+05:30,12170.0,12176.1,8.45,-6.1,ST_TRAIL
long,2019-12-27 10:00:00+05:30,2019-12-27 14:05:00+05:30,12188.3,12212.55,40.55,24.25,ST_TRAIL
long,2019-12-30 09:40:00+05:30,2019-12-30 10:00:00+05:30,12282.05,12264.45,0.0,-17.6,ST_TRAIL
short,2019-12-30 11:15:00+05:30,2019-12-30 13:05:00+05:30,12254.1,12234.35,37.55,19.75,ST_TRAIL
short,2019-12-31 09:40:00+05:30,2019-12-31 11:45:00+05:30,12214.2,12221.0,12.6,-6.8,ST_TRAIL
long,2020-01-02 10:20:00+05:30,2020-01-02 12:45:00+05:30,12224.0,12253.5,42.5,29.5,ST_TRAIL
short,2020-01-03 10:45:00+05:30,2020-01-03 13:05:00+05:30,12242.9,12235.05,26.7,7.85,ST_TRAIL
short,2020-01-03 13:50:00+05:30,2020-01-03 15:00:00+05:30,12220.55,12220.1,24.55,0.45,ST_TRAIL
short,2020-01-06 11:05:00+05:30,2020-01-06 14:50:00+05:30,12072.1,12008.1,95.5,64.0,ST_TRAIL
long,2020-01-07 09:40:00+05:30,2020-01-07 10:50:00+05:30,12148.75,12105.9,0.0,-42.85,ST_TRAIL
short,2020-01-07 11:05:00+05:30,2020-01-07 13:45:00+05:30,12074.85,12043.5,63.85,31.35,ST_TRAIL
short,2020-01-08 11:00:00+05:30,2020-01-08 12:30:00+05:30,11981.5,11989.1,27.25,-7.6,ST_TRAIL
short,2020-01-08 14:30:00+05:30,2020-01-08 14:50:00+05:30,11994.2,12021.25,0.0,-27.05,ST_TRAIL
long,2020-01-09 10:20:00+05:30,2020-01-09 13:40:00+05:30,12169.35,12194.15,43.65,24.8,ST_TRAIL
long,2020-01-10 09:50:00+05:30,2020-01-10 12:55:00+05:30,12261.65,12290.65,47.2,29.0,ST_TRAIL
short,2020-01-10 13:40:00+05:30,2020-01-10 15:00:00+05:30,12259.5,12257.2,40.3,2.3,ST_TRAIL
long,2020-01-13 10:25:00+05:30,2020-01-13 13:00:00+05:30,12326.95,12315.15,7.95,-11.8,ST_TRAIL
short,2020-01-13 14:15:00+05:30,2020-01-13 14:20:00+05:30,12300.7,12319.0,0.0,-18.3,ST_TRAIL
long,2020-01-14 14:30:00+05:30,2020-01-14 15:15:00+05:30,12337.4,12357.3,30.0,19.9,EOD_EXIT
long,2020-01-15 14:30:00+05:30,2020-01-15 15:15:00+05:30,12308.3,12351.9,43.6,43.6,EOD_EXIT
long,2020-01-16 09:45:00+05:30,2020-01-16 10:20:00+05:30,12384.7,12362.15,0.0,-22.55,ST_TRAIL
short,2020-01-16 10:55:00+05:30,2020-01-16 12:35:00+05:30,12338.6,12341.0,17.2,-2.4,ST_TRAIL
long,2020-01-16 14:05:00+05:30,2020-01-16 14:55:00+05:30,12362.65,12351.9,3.6,-10.75,ST_TRAIL
long,2020-01-17 10:00:00+05:30,2020-01-17 11:20:00+05:30,12371.6,12358.4,7.8,-13.2,ST_TRAIL
short,2020-01-17 14:20:00+05:30,2020-01-17 15:15:00+05:30,12349.75,12350.8,0.0,-1.05,EOD_EXIT
short,2020-01-20 09:35:00+05:30,2020-01-20 14:00:00+05:30,12350.65,12271.0,103.9,79.65,ST_TRAIL
short,2020-01-21 10:35:00+05:30,2020-01-21 11:55:00+05:30,12185.1,12197.55,12.35,-12.45,ST_TRAIL
short,2020-01-22 09:55:00+05:30,2020-01-22 13:00:00+05:30,12187.45,12141.45,66.5,46.0,ST_TRAIL
short,2020-01-22 13:50:00+05:30,2020-01-22 14:45:00+05:30,12124.75,12122.7,28.6,2.05,ST_TRAIL
long,2020-01-23 09:40:00+05:30,2020-01-23 10:45:00+05:30,12164.15,12136.4,3.95,-27.75,ST_TRAIL
short,2020-01-23 11:00:00+05:30,2020-01-23 11:35:00+05:30,12128.1,12136.6,12.3,-8.5,ST_TRAIL
long,2020-01-23 13:10:00+05:30,2020-01-23 13:55:00+05:30,12180.3,12162.85,0.0,-17.45,ST_TRAIL
long,2020-01-24 09:40:00+05:30,2020-01-24 15:00:00+05:30,12216.65,12250.55,50.6,33.9,ST_TRAIL
short,2020-01-27 13:05:00+05:30,2020-01-27 15:15:00+05:30,12185.15,12114.85,70.3,70.3,EOD_EXIT
long,2020-01-28 09:40:00+05:30,2020-01-28 10:10:00+05:30,12150.6,12122.55,11.6,-28.05,ST_TRAIL
short,2020-01-28 10:15:00+05:30,2020-01-28 12:05:00+05:30,12111.75,12131.7,8.55,-19.95,ST_TRAIL
short,2020-01-28 13:35:00+05:30,2020-01-28 15:10:00+05:30,12120.2,12066.6,83.9,53.6,ST_TRAIL
long,2020-01-29 09:45:00+05:30,2020-01-29 12:30:00+05:30,12151.75,12140.45,7.65,-11.3,ST_TRAIL
long,2020-01-29 13:50:00+05:30,2020-01-29 14:35:00+05:30,12166.5,12135.2,0.0,-31.3,ST_TRAIL
short,2020-01-30 09:40:00+05:30,2020-01-30 11:45:00+05:30,12072.5,12067.05,28.65,5.45,ST_TRAIL
short,2020-01-30 13:00:00+05:30,2020-01-30 14:45:00+05:30,12027.0,12037.15,14.35,-10.15,ST_TRAIL
short,2020-01-31 11:15:00+05:30,2020-01-31 12:35:00+05:30,11998.7,11989.95,33.5,8.75,ST_TRAIL
long,2020-01-31 13:50:00+05:30,2020-01-31 14:45:00+05:30,12020.7,12008.45,19.45,-12.25,ST_TRAIL
short,2020-02-01 13:30:00+05:30,2020-02-01 13:55:00+05:30,11800.2,11815.95,57.65,-15.75,BREAKEVEN_SL
short,2020-02-03 11:20:00+05:30,2020-02-03 12:45:00+05:30,11687.4,11715.55,20.3,-28.15,ST_TRAIL
short,2020-02-03 13:45:00+05:30,2020-02-03 14:25:00+05:30,11679.9,11710.1,9.0,-30.2,ST_TRAIL
long,2020-02-04 10:00:00+05:30,2020-02-04 12:45:00+05:30,11848.15,11918.85,101.75,70.7,ST_TRAIL
long,2020-02-04 13:20:00+05:30,2020-02-04 15:15:00+05:30,11949.95,11976.25,32.8,26.3,EOD_EXIT
long,2020-02-05 10:35:00+05:30,2020-02-05 11:40:00+05:30,12044.2,12015.85,2.0,-28.35,ST_TRAIL
long,2020-02-05 14:05:00+05:30,2020-02-05 15:15:00+05:30,12061.7,12086.65,30.4,24.95,EOD_EXIT
short,2020-02-06 11:20:00+05:30,2020-02-06 11:45:00+05:30,12087.25,12125.1,0.0,-37.85,ST_TRAIL
short,2020-02-07 10:30:00+05:30,2020-02-07 12:30:00+05:30,12099.75,12102.8,18.4,-3.05,ST_TRAIL
short,2020-02-07 13:25:00+05:30,2020-02-07 14:30:00+05:30,12092.35,12103.9,16.2,-11.55,ST_TRAIL
short,2020-02-10 09:55:00+05:30,2020-02-10 11:45:00+05:30,12030.6,12021.35,35.3,9.25,ST_TRAIL
long,2020-02-11 10:00:00+05:30,2020-02-11 11:10:00+05:30,12163.3,12139.3,0.0,-24.0,ST_TRAIL
long,2020-02-11 13:10:00+05:30,2020-02-11 14:10:00+05:30,12139.5,12131.7,8.05,-7.8,ST_TRAIL
long,2020-02-12 10:05:00+05:30,2020-02-12 10:50:00+05:30,12214.55,12207.4,16.5,-7.15,ST_TRAIL
short,2020-02-13 09:45:00+05:30,2020-02-13 12:50:00+05:30,12174.3,12156.25,32.45,18.05,ST_TRAIL
short,2020-02-14 10:50:00+05:30,2020-02-14 11:30:00+05:30,12147.05,12154.0,43.1,-6.95,BREAKEVEN_SL
short,2020-02-14 13:30:00+05:30,2020-02-14 14:05:00+05:30,12129.85,12149.1,5.15,-19.25,ST_TRAIL
short,2020-02-14 14:30:00+05:30,2020-02-14 15:00:00+05:30,12127.85,12119.3,30.8,8.55,ST_TRAIL
short,2020-02-17 13:00:00+05:30,2020-02-17 13:45:00+05:30,12057.15,12068.9,5.3,-11.75,ST_TRAIL
short,2020-02-18 09:40:00+05:30,2020-02-18 12:45:00+05:30,11962.35,11929.75,51.0,32.6,ST_TRAIL
short,2020-02-18 13:30:00+05:30,2020-02-18 14:00:00+05:30,11908.8,11928.25,0.0,-19.45,ST_TRAIL
long,2020-02-18 14:15:00+05:30,2020-02-18 15:15:00+05:30,11934.3,12000.15,66.6,65.85,EOD_EXIT
long,2020-02-20 10:30:00+05:30,2020-02-20 13:15:00+05:30,12125.85,12119.85,24.85,-6.0,ST_TRAIL
short,2020-02-24 10:30:00+05:30,2020-02-24 11:50:00+05:30,11943.25,11975.3,1.85,-32.05,ST_TRAIL
short,2020-02-24 13:00:00+05:30,2020-02-24 15:15:00+05:30,11954.15,11822.55,131.6,131.6,EOD_EXIT
short,2020-02-25 09:50:00+05:30,2020-02-25 12:05:00+05:30,11811.5,11857.55,0.0,-46.05,ST_TRAIL
short,2020-02-25 14:10:00+05:30,2020-02-25 14:30:00+05:30,11793.15,11822.65,10.6,-29.5,ST_TRAIL
short,2020-02-26 10:55:00+05:30,2020-02-26 12:05:00+05:30,11698.9,11717.85,6.5,-18.95,ST_TRAIL
long,2020-02-26 13:25:00+05:30,2020-02-26 14:00:00+05:30,11762.7,11747.65,8.75,-15.05,ST_TRAIL
short,2020-02-26 14:05:00+05:30,2020-02-26 15:15:00+05:30,11747.55,11684.25,97.0,63.3,EOD_EXIT
short,2020-02-27 09:40:00+05:30,2020-02-27 11:20:00+05:30,11593.9,11575.9,48.6,18.0,ST_TRAIL
short,2020-02-27 13:40:00+05:30,2020-02-27 14:35:00+05:30,11588.05,11609.5,8.35,-21.45,ST_TRAIL
short,2020-02-28 09:40:00+05:30,2020-02-28 12:35:00+05:30,11299.7,11279.55,49.5,20.15,ST_TRAIL
short,2020-02-28 14:10:00+05:30,2020-02-28 15:15:00+05:30,11271.25,11221.9,90.75,49.35,EOD_EXIT
long,2020-03-02 13:25:00+05:30,2020-03-02 14:20:00+05:30,11401.85,11359.75,16.7,-42.1,ST_TRAIL
long,2020-03-03 13:45:00+05:30,2020-03-03 15:05:00+05:30,11279.05,11275.95,47.35,-3.1,BREAKEVEN_SL
short,2020-03-04 13:15:00+05:30,2020-03-04 14:20:00+05:30,11164.9,11154.15,68.6,10.75,ST_TRAIL
long,2020-03-05 10:50:00+05:30,2020-03-05 13:30:00+05:30,11340.45,11345.75,46.4,5.3,ST_TRAIL
short,2020-03-06 10:25:00+05:30,2020-03-06 12:30:00+05:30,10912.55,10947.55,22.75,-35.0,ST_TRAIL
short,2020-03-09 09:40:00+05:30,2020-03-09 14:00:00+05:30,10607.9,10398.5,301.25,209.4,ST_TRAIL
long,2020-03-11 14:30:00+05:30,2020-03-11 15:05:00+05:30,10515.85,10460.85,1.75,-55.0,STOP_LOSS
short,2020-03-12 09:50:00+05:30,2020-03-12 12:15:00+05:30,9945.45,9781.95,263.15,163.5,ST_TRAIL
short,2020-03-12 14:10:00+05:30,2020-03-12 15:15:00+05:30,9711.0,9593.75,184.35,117.25,EOD_EXIT
short,2020-03-13 09:40:00+05:30,2020-03-13 10:20:00+05:30,8624.05,9115.45,81.25,-491.4,BREAKEVEN_SL
long,2020-03-13 10:25:00+05:30,2020-03-13 14:15:00+05:30,9101.6,9887.65,1004.85,786.05,ST_TRAIL
short,2020-03-16 14:10:00+05:30,2020-03-16 15:15:00+05:30,9261.25,9193.35,86.6,67.9,EOD_EXIT
long,2020-03-17 10:20:00+05:30,2020-03-17 10:55:00+05:30,9344.9,9333.05,45.5,-11.85,BREAKEVEN_SL
short,2020-03-18 09:55:00+05:30,2020-03-18 10:20:00+05:30,8839.85,8918.55,6.35,-78.7,STOP_LOSS
short,2020-03-18 11:10:00+05:30,2020-03-18 13:40:00+05:30,8792.9,8646.5,231.6,146.4,ST_TRAIL
short,2020-03-18 14:15:00+05:30,2020-03-18 15:15:00+05:30,8584.3,8468.45,167.25,115.85,EOD_EXIT
long,2020-03-19 11:05:00+05:30,2020-03-19 12:00:00+05:30,8141.75,8128.5,218.8,-13.25,BREAKEVEN_SL
long,2020-03-19 13:05:00+05:30,2020-03-19 13:10:00+05:30,8385.95,8304.8,0.0,-81.15,STOP_LOSS
long,2020-03-19 14:00:00+05:30,2020-03-19 14:20:00+05:30,8506.65,8498.95,46.25,-7.7,BREAKEVEN_SL
short,2020-03-20 09:35:00+05:30,2020-03-20 09:55:00+05:30,8252.85,8332.35,10.8,-79.5,STOP_LOSS
long,2020-03-20 13:35:00+05:30,2020-03-20 13:50:00+05:30,8826.2,8697.2,44.75,-129.0,BREAKEVEN_SL
short,2020-03-20 14:05:00+05:30,2020-03-20 14:25:00+05:30,8530.55,8673.35,26.65,-142.8,STOP_LOSS
short,2020-03-23 09:40:00+05:30,2020-03-23 10:40:00+05:30,7955.4,7958.25,52.4,-2.85,BREAKEVEN_SL
short,2020-03-23 11:25:00+05:30,2020-03-23 11:35:00+05:30,7746.45,7797.05,14.95,-50.6,STOP_LOSS
short,2020-03-23 14:00:00+05:30,2020-03-23 14:25:00+05:30,7731.2,7762.15,43.65,-30.95,BREAKEVEN_SL
short,2020-03-24 09:35:00+05:30,2020-03-24 10:35:00+05:30,7714.65,7684.05,170.2,30.6,ST_TRAIL
long,2020-03-24 13:00:00+05:30,2020-03-24 14:55:00+05:30,7859.7,7836.2,107.15,-23.5,BREAKEVEN_SL
short,2020-03-25 09:45:00+05:30,2020-03-25 10:05:00+05:30,7742.2,7800.8,1.15,-58.6,STOP_LOSS
long,2020-03-25 13:00:00+05:30,2020-03-25 15:15:00+05:30,8160.0,8294.9,212.2,134.9,EOD_EXIT
long,2020-03-26 09:55:00+05:30,2020-03-26 11:00:00+05:30,8605.65,8607.05,105.9,1.4,ST_TRAIL
short,2020-03-26 14:00:00+05:30,2020-03-26 14:10:00+05:30,8479.05,8544.0,0.0,-64.95,STOP_LOSS
short,2020-03-27 10:45:00+05:30,2020-03-27 13:40:00+05:30,8763.7,8673.8,221.7,89.9,ST_TRAIL
long,2020-03-27 14:10:00+05:30,2020-03-27 14:30:00+05:30,8759.0,8707.25,78.75,-51.75,BREAKEVEN_SL
short,2020-03-30 13:10:00+05:30,2020-03-30 15:15:00+05:30,8391.95,8273.05,138.45,118.9,EOD_EXIT
long,2020-03-31 10:35:00+05:30,2020-03-31 11:05:00+05:30,8506.0,8442.45,0.0,-63.55,STOP_LOSS
long,2020-03-31 14:00:00+05:30,2020-03-31 15:05:00+05:30,8622.05,8598.5,41.25,-23.55,BREAKEVEN_SL
short,2020-04-01 09:40:00+05:30,2020-04-01 14:55:00+05:30,8413.85,8251.7,213.0,162.15,ST_TRAIL
short,2020-04-03 10:45:00+05:30,2020-04-03 13:35:00+05:30,8115.75,8205.1,17.2,-89.35,STOP_LOSS
short,2020-04-03 14:05:00+05:30,2020-04-03 15:15:00+05:30,8107.9,8089.65,44.6,18.25,EOD_EXIT
long,2020-04-07 10:00:00+05:30,2020-04-07 10:15:00+05:30,8450.1,8395.15,0.0,-54.95,STOP_LOSS
long,2020-04-07 10:55:00+05:30,2020-04-07 15:15:00+05:30,8433.8,8786.75,377.95,352.95,EOD_EXIT
long,2020-04-08 09:50:00+05:30,2020-04-08 10:45:00+05:30,8972.25,8990.4,130.05,18.15,ST_TRAIL
short,2020-04-13 09:40:00+05:30,2020-04-13 10:40:00+05:30,8932.45,9007.1,15.05,-74.65,STOP_LOSS
long,2020-04-15 09:55:00+05:30,2020-04-15 11:45:00+05:30,9217.5,9192.65,36.6,-24.85,ST_TRAIL
short,2020-04-15 13:25:00+05:30,2020-04-15 15:15:00+05:30,9122.9,8932.35,234.9,190.55,EOD_EXIT
long,2020-04-16 11:20:00+05:30,2020-04-16 12:45:00+05:30,8976.1,8971.7,49.55,-4.4,BREAKEVEN_SL
short,2020-04-17 13:20:00+05:30,2020-04-17 14:05:00+05:30,9118.2,9165.8,0.0,-47.6,ST_TRAIL
long,2020-04-20 13:25:00+05:30,2020-04-20 14:45:00+05:30,9291.6,9276.6,39.0,-15.0,ST_TRAIL
short,2020-04-21 10:15:00+05:30,2020-04-21 13:55:00+05:30,9015.75,8951.9,100.4,63.85,ST_TRAIL
short,2020-04-22 09:45:00+05:30,2020-04-22 10:30:00+05:30,8962.25,9022.2,0.0,-59.95,STOP_LOSS
long,2020-04-22 10:35:00+05:30,2020-04-22 11:30:00+05:30,9036.85,9069.85,73.2,33.0,ST_TRAIL
long,2020-04-22 14:20:00+05:30,2020-04-22 15:15:00+05:30,9161.9,9184.45,44.95,22.55,EOD_EXIT
long,2020-04-23 09:55:00+05:30,2020-04-23 13:15:00+05:30,9272.2,9273.2,51.0,1.0,ST_TRAIL
long,2020-04-23 13:55:00+05:30,2020-04-23 15:15:00+05:30,9305.2,9309.45,34.65,4.25,EOD_EXIT
short,2020-04-24 10:40:00+05:30,2020-04-24 12:05:00+05:30,9166.7,9216.8,0.0,-50.1,STOP_LOSS
short,2020-04-24 14:05:00+05:30,2020-04-24 15:15:00+05:30,9181.9,9151.65,36.35,30.25,EOD_EXIT
long,2020-04-27 10:10:00+05:30,2020-04-27 13:30:00+05:30,9340.4,9336.5,34.7,-3.9,ST_TRAIL
long,2020-04-28 13:20:00+05:30,2020-04-28 15:15:00+05:30,9359.7,9380.85,24.55,21.15,EOD_EXIT
long,2020-04-29 10:20:00+05:30,2020-04-29 15:10:00+05:30,9466.4,9551.35,130.75,84.95,ST_TRAIL
long,2020-04-30 10:05:00+05:30,2020-04-30 12:30:00+05:30,9833.25,9845.05,48.15,11.8,ST_TRAIL
short,2020-05-04 09:40:00+05:30,2020-05-04 15:15:00+05:30,9415.75,9286.0,141.05,129.75,EOD_EXIT
short,2020-05-05 14:05:00+05:30,2020-05-05 15:15:00+05:30,9334.45,9207.3,135.9,127.15,EOD_EXIT
long,2020-05-06 10:00:00+05:30,2020-05-06 13:10:00+05:30,9242.35,9267.4,86.9,25.05,ST_TRAIL
long,2020-05-06 13:40:00+05:30,2020-05-06 14:15:00+05:30,9313.3,9259.4,4.0,-53.9,STOP_LOSS
short,2020-05-07 10:40:00+05:30,2020-05-07 13:05:00+05:30,9196.8,9238.1,2.75,-41.3,ST_TRAIL
short,2020-05-07 13:40:00+05:30,2020-05-07 15:15:00+05:30,9193.7,9195.0,1.5,-1.3,EOD_EXIT
long,2020-05-08 13:10:00+05:30,2020-05-08 13:50:00+05:30,9340.3,9304.65,0.0,-35.65,ST_TRAIL
long,2020-05-11 09:40:00+05:30,2020-05-11 10:15:00+05:30,9422.3,9370.9,0.0,-51.4,STOP_LOSS
short,2020-05-11 14:10:00+05:30,2020-05-11 15:15:00+05:30,9292.85,9247.25,61.5,45.6,EOD_EXIT
short,2020-05-12 09:45:00+05:30,2020-05-12 12:10:00+05:30,9086.5,9082.2,31.85,4.3,ST_TRAIL
short,2020-05-12 13:35:00+05:30,2020-05-12 14:00:00+05:30,9075.3,9117.65,0.0,-42.35,ST_TRAIL
long,2020-05-13 13:30:00+05:30,2020-05-13 14:20:00+05:30,9397.5,9381.35,22.55,-16.15,ST_TRAIL
short,2020-05-14 10:25:00+05:30,2020-05-14 13:00:00+05:30,9211.45,9225.45,15.5,-14.0,ST_TRAIL
short,2020-05-14 13:25:00+05:30,2020-05-14 14:45:00+05:30,9195.7,9163.1,68.0,32.6,ST_TRAIL
short,2020-05-15 09:55:00+05:30,2020-05-15 12:30:00+05:30,9078.45,9106.8,23.4,-28.35,ST_TRAIL
long,2020-05-15 14:20:00+05:30,2020-05-15 15:15:00+05:30,9150.3,9134.2,4.45,-16.1,EOD_EXIT
short,2020-05-18 09:40:00+05:30,2020-05-18 11:50:00+05:30,8937.55,8883.8,104.2,53.75,ST_TRAIL
short,2020-05-18 13:30:00+05:30,2020-05-18 13:45:00+05:30,8861.8,8899.95,0.0,-38.15,ST_TRAIL
long,2020-05-19 09:55:00+05:30,2020-05-19 11:10:00+05:30,8955.5,8969.65,72.15,14.15,ST_TRAIL
short,2020-05-19 13:45:00+05:30,2020-05-19 15:15:00+05:30,8907.4,8889.2,37.3,18.2,EOD_EXIT
long,2020-05-20 09:55:00+05:30,2020-05-20 10:15:00+05:30,8984.6,8940.55,0.0,-44.05,ST_TRAIL
long,2020-05-20 13:00:00+05:30,2020-05-20 13:25:00+05:30,8965.15,8933.05,0.0,-32.1,ST_TRAIL
long,2020-05-20 14:15:00+05:30,2020-05-20 15:15:00+05:30,9001.35,9076.3,74.95,74.95,EOD_EXIT
long,2020-05-21 09:40:00+05:30,2020-05-21 11:50:00+05:30,9118.5,9121.05,26.75,2.55,ST_TRAIL
short,2020-05-21 14:25:00+05:30,2020-05-21 15:15:00+05:30,9106.65,9109.1,16.85,-2.45,EOD_EXIT
short,2020-05-22 10:15:00+05:30,2020-05-22 11:35:00+05:30,9077.2,9034.25,99.4,42.95,ST_TRAIL
short,2020-05-22 13:30:00+05:30,2020-05-22 13:45:00+05:30,9001.8,9020.2,0.0,-18.4,ST_TRAIL
long,2020-05-26 09:45:00+05:30,2020-05-26 11:15:00+05:30,9137.8,9093.6,4.7,-44.2,ST_TRAIL
short,2020-05-26 13:10:00+05:30,2020-05-26 14:45:00+05:30,9067.35,9043.45,59.95,23.9,ST_TRAIL
short,2020-05-27 09:40:00+05:30,2020-05-27 10:25:00+05:30,9005.65,9059.55,0.0,-53.9,STOP_LOSS
long,2020-05-27 10:30:00+05:30,2020-05-27 14:30:00+05:30,9065.45,9256.1,241.95,190.65,ST_TRAIL
long,2020-05-28 09:40:00+05:30,2020-05-28 11:55:00+05:30,9411.2,9443.75,66.6,32.55,ST_TRAIL
long,2020-05-28 13:30:00+05:30,2020-05-28 14:10:00+05:30,9484.65,9446.65,0.0,-38.0,ST_TRAIL
long,2020-05-29 13:40:00+05:30,2020-05-29 15:15:00+05:30,9505.5,9579.7,85.05,74.2,EOD_EXIT
long,2020-06-01 10:00:00+05:30,2020-06-01 13:35:00+05:30,9838.4,9856.65,76.8,18.25,ST_TRAIL
short,2020-06-01 13:50:00+05:30,2020-06-01 14:30:00+05:30,9819.15,9874.3,0.0,-55.15,STOP_LOSS
long,2020-06-02 09:40:00+05:30,2020-06-02 10:10:00+05:30,9930.3,9871.75,0.0,-58.55,STOP_LOSS
long,2020-06-02 10:50:00+05:30,2020-06-02 13:20:00+05:30,9892.35,9938.15,70.5,45.8,ST_TRAIL
long,2020-06-02 14:00:00+05:30,2020-06-02 15:15:00+05:30,9971.25,9977.85,6.6,6.6,EOD_EXIT
long,2020-06-03 13:30:00+05:30,2020-06-03 14:40:00+05:30,10124.6,10129.65,43.15,5.05,ST_TRAIL
short,2020-06-04 09:35:00+05:30,2020-06-04 10:15:00+05:30,10023.25,10073.4,0.0,-50.15,STOP_LOSS
short,2020-06-04 11:30:00+05:30,2020-06-04 13:25:00+05:30,10031.05,9993.2,78.55,37.85,ST_TRAIL
short,2020-06-05 10:15:00+05:30,2020-06-05 11:45:00+05:30,10075.1,10098.95,28.85,-23.85,ST_TRAIL
long,2020-06-05 14:15:00+05:30,2020-06-05 15:00:00+05:30,10167.85,10125.0,0.0,-42.85,ST_TRAIL
short,2020-06-09 09:35:00+05:30,2020-06-09 10:00:00+05:30,10148.75,10240.6,0.0,-91.85,STOP_LOSS
long,2020-06-09 10:15:00+05:30,2020-06-09 12:35:00+05:30,10251.1,10237.5,33.6,-13.6,ST_TRAIL
short,2020-06-09 13:00:00+05:30,2020-06-09 15:15:00+05:30,10208.0,10044.35,175.65,163.65,EOD_EXIT
short,2020-06-10 09:50:00+05:30,2020-06-10 10:30:00+05:30,10069.3,10123.7,16.6,-54.4,STOP_LOSS
long,2020-06-10 10:35:00+05:30,2020-06-10 11:55:00+05:30,10130.15,10070.85,0.0,-59.3,STOP_LOSS
short,2020-06-11 10:45:00+05:30,2020-06-11 13:00:00+05:30,10042.65,10026.75,58.1,15.9,ST_TRAIL
short,2020-06-11 13:35:00+05:30,2020-06-11 15:15:00+05:30,9991.35,9905.45,97.55,85.9,EOD_EXIT
long,2020-06-12 13:45:00+05:30,2020-06-12 15:15:00+05:30,9846.45,9964.6,137.2,118.15,EOD_EXIT
short,2020-06-15 10:25:00+05:30,2020-06-15 12:50:00+05:30,9823.45,9777.65,88.7,45.8,ST_TRAIL
long,2020-06-15 14:05:00+05:30,2020-06-15 14:35:00+05:30,9808.2,9790.55,60.15,-17.65,BREAKEVEN_SL
long,2020-06-16 14:30:00+05:30,2020-06-16 15:15:00+05:30,9934.25,9916.2,0.0,-18.05,EOD_EXIT
long,2020-06-17 09:35:00+05:30,2020-06-17 10:35:00+05:30,9933.95,9883.4,15.4,-50.55,STOP_LOSS
long,2020-06-17 13:10:00+05:30,2020-06-17 13:30:00+05:30,9973.2,9944.0,27.95,-29.2,ST_TRAIL
long,2020-06-18 13:00:00+05:30,2020-06-18 15:15:00+05:30,9977.65,10101.05,123.4,123.4,EOD_EXIT
long,2020-06-19 11:20:00+05:30,2020-06-19 13:00:00+05:30,10154.85,10168.65,51.75,13.8,ST_TRAIL
long,2020-06-19 13:30:00+05:30,2020-06-19 14:05:00+05:30,10216.7,10160.95,0.0,-55.75,STOP_LOSS
long,2020-06-22 09:40:00+05:30,2020-06-22 10:35:00+05:30,10367.55,10304.95,12.4,-62.6,STOP_LOSS
long,2020-06-23 10:20:00+05:30,2020-06-23 13:50:00+05:30,10370.55,10392.5,59.65,21.95,ST_TRAIL
long,2020-06-23 14:30:00+05:30,2020-06-23 15:15:00+05:30,10428.45,10470.7,43.4,42.25,EOD_EXIT
long,2020-06-24 10:15:00+05:30,2020-06-24 10:40:00+05:30,10548.15,10513.85,0.0,-34.3,ST_TRAIL
short,2020-06-24 10:45:00+05:30,2020-06-24 12:15:00+05:30,10496.55,10509.25,52.1,-12.7,BREAKEVEN_SL
short,2020-06-24 13:40:00+05:30,2020-06-24 15:15:00+05:30,10392.45,10302.35,90.1,90.1,EOD_EXIT
long,2020-06-25 13:40:00+05:30,2020-06-25 15:05:00+05:30,10313.9,10295.65,36.3,-18.25,ST_TRAIL
long,2020-06-26 14:25:00+05:30,2020-06-26 15:15:00+05:30,10372.7,10393.7,21.0,21.0,EOD_EXIT
short,2020-06-29 09:50:00+05:30,2020-06-29 12:20:00+05:30,10255.55,10265.4,21.3,-9.85,ST_TRAIL
long,2020-06-29 14:30:00+05:30,2020-06-29 15:15:00+05:30,10298.75,10332.7,33.95,33.95,EOD_EXIT
long,2020-06-30 13:20:00+05:30,2020-06-30 14:15:00+05:30,10381.6,10320.15,0.0,-61.45,STOP_LOSS
short,2020-06-30 14:30:00+05:30,2020-06-30 15:15:00+05:30,10272.45,10306.9,0.0,-34.45,EOD_EXIT
long,2020-07-01 13:00:00+05:30,2020-07-01 13:45:00+05:30,10420.7,10408.9,19.65,-11.8,ST_TRAIL
long,2020-07-02 09:45:00+05:30,2020-07-02 14:40:00+05:30,10535.95,10565.1,57.4,29.15,ST_TRAIL
short,2020-07-03 13:40:00+05:30,2020-07-03 14:00:00+05:30,10571.1,10599.85,0.0,-28.75,ST_TRAIL
long,2020-07-06 09:55:00+05:30,2020-07-06 13:45:00+05:30,10734.2,10780.25,71.35,46.05,ST_TRAIL
short,2020-07-07 10:55:00+05:30,2020-07-07 12:10:00+05:30,10758.45,10728.4,64.55,30.05,ST_TRAIL
long,2020-07-07 13:20:00+05:30,2020-07-07 13:55:00+05:30,10780.1,10742.6,5.3,-37.5,ST_TRAIL
long,2020-07-07 14:30:00+05:30,2020-07-07 15:15:00+05:30,10774.75,10799.55,30.65,24.8,EOD_EXIT
long,2020-07-08 13:55:00+05:30,2020-07-08 14:30:00+05:30,10819.55,10777.7,3.8,-41.85,ST_TRAIL
long,2020-07-09 09:50:00+05:30,2020-07-09 13:00:00+05:30,10766.45,10761.7,32.7,-4.75,ST_TRAIL
long,2020-07-09 13:30:00+05:30,2020-07-09 15:15:00+05:30,10791.25,10821.3,30.05,30.05,EOD_EXIT
long,2020-07-10 10:05:00+05:30,2020-07-10 10:30:00+05:30,10805.55,10776.75,3.05,-28.8,ST_TRAIL
short,2020-07-10 10:35:00+05:30,2020-07-10 12:45:00+05:30,10774.3,10754.3,54.65,20.0,ST_TRAIL
long,2020-07-10 13:35:00+05:30,2020-07-10 14:00:00+05:30,10788.15,10754.55,0.0,-33.6,ST_TRAIL
short,2020-07-13 13:55:00+05:30,2020-07-13 14:40:00+05:30,10765.9,10804.8,0.0,-38.9,ST_TRAIL
short,2020-07-14 10:25:00+05:30,2020-07-14 11:40:00+05:30,10694.0,10664.95,69.1,29.05,ST_TRAIL
short,2020-07-14 13:00:00+05:30,2020-07-14 13:30:00+05:30,10592.7,10603.5,23.3,-10.8,ST_TRAIL
short,2020-07-14 14:25:00+05:30,2020-07-14 15:15:00+05:30,10605.85,10611.9,11.1,-6.05,EOD_EXIT
long,2020-07-15 09:40:00+05:30,2020-07-15 12:00:00+05:30,10727.6,10787.0,95.25,59.4,ST_TRAIL
long,2020-07-15 13:30:00+05:30,2020-07-15 14:15:00+05:30,10804.15,10768.2,7.0,-35.95,ST_TRAIL
short,2020-07-15 14:30:00+05:30,2020-07-15 15:15:00+05:30,10723.45,10600.15,123.3,123.3,EOD_EXIT
short,2020-07-16 11:05:00+05:30,2020-07-16 13:30:00+05:30,10638.45,10680.0,0.0,-41.55,ST_TRAIL
long,2020-07-17 10:30:00+05:30,2020-07-17 13:00:00+05:30,10812.45,10798.8,16.95,-13.65,ST_TRAIL
long,2020-07-20 10:25:00+05:30,2020-07-20 10:35:00+05:30,11009.2,10972.75,0.0,-36.45,ST_TRAIL
long,2020-07-20 13:15:00+05:30,2020-07-20 13:30:00+05:30,10999.5,10961.25,7.25,-38.25,ST_TRAIL
long,2020-07-20 14:05:00+05:30,2020-07-20 15:15:00+05:30,11004.2,11027.55,27.3,23.35,EOD_EXIT
long,2020-07-21 13:05:00+05:30,2020-07-21 13:20:00+05:30,11168.15,11148.7,0.0,-19.45,ST_TRAIL
long,2020-07-21 14:20:00+05:30,2020-07-21 15:15:00+05:30,11162.25,11158.15,13.15,-4.1,EOD_EXIT
short,2020-07-22 13:20:00+05:30,2020-07-22 15:00:00+05:30,11122.9,11112.6,62.4,10.3,ST_TRAIL
long,2020-07-23 10:30:00+05:30,2020-07-23 13:00:00+05:30,11170.55,11192.2,46.05,21.65,ST_TRAIL
long,2020-07-23 14:00:00+05:30,2020-07-23 14:20:00+05:30,11220.4,11187.9,5.3,-32.5,ST_TRAIL
long,2020-07-24 14:20:00+05:30,2020-07-24 14:35:00+05:30,11191.2,11164.45,15.15,-26.75,ST_TRAIL
short,2020-07-27 13:30:00+05:30,2020-07-27 13:40:00+05:30,11159.0,11176.9,0.15,-17.9,ST_TRAIL
short,2020-07-27 14:25:00+05:30,2020-07-27 14:55:00+05:30,11146.75,11175.75,0.0,-29.0,ST_TRAIL
long,2020-07-28 14:10:00+05:30,2020-07-28 15:15:00+05:30,11254.2,11301.9,52.1,47.7,EOD_EXIT
long,2020-07-29 13:20:00+05:30,2020-07-29 13:30:00+05:30,11269.4,11256.45,0.0,-12.95,ST_TRAIL
short,2020-07-29 14:15:00+05:30,2020-07-29 15:00:00+05:30,11221.95,11211.1,60.2,10.85,ST_TRAIL
long,2020-07-30 09:50:00+05:30,2020-07-30 11:55:00+05:30,11276.3,11264.55,18.8,-11.75,ST_TRAIL
short,2020-07-30 13:00:00+05:30,2020-07-30 15:15:00+05:30,11183.8,11103.9,92.5,79.9,EOD_EXIT
short,2020-07-31 11:30:00+05:30,2020-07-31 13:55:00+05:30,11079.15,11078.25,43.75,0.9,ST_TRAIL
short,2020-08-03 09:50:00+05:30,2020-08-03 15:15:00+05:30,10977.35,10894.25,87.3,83.1,EOD_EXIT
long,2020-08-04 09:50:00+05:30,2020-08-04 15:15:00+05:30,10966.4,11098.2,137.2,131.8,EOD_EXIT
short,2020-08-05 13:40:00+05:30,2020-08-05 14:20:00+05:30,11106.35,11125.75,32.1,-19.4,ST_TRAIL
long,2020-08-06 13:00:00+05:30,2020-08-06 13:50:00+05:30,11242.35,11212.1,10.3,-30.25,ST_TRAIL
short,2020-08-06 14:15:00+05:30,2020-08-06 15:00:00+05:30,11181.55,11191.7,26.95,-10.15,ST_TRAIL
long,2020-08-10 09:40:00+05:30,2020-08-10 12:10:00+05:30,11320.55,11314.2,14.5,-6.35,ST_TRAIL
short,2020-08-10 14:00:00+05:30,2020-08-10 14:50:00+05:30,11283.1,11288.0,28.05,-4.9,ST_TRAIL
long,2020-08-11 13:00:00+05:30,2020-08-11 15:00:00+05:30,11346.35,11328.0,15.7,-18.35,ST_TRAIL
long,2020-08-12 14:20:00+05:30,2020-08-12 15:15:00+05:30,11301.75,11303.45,13.95,1.7,EOD_EXIT
short,2020-08-13 14:30:00+05:30,2020-08-13 15:15:00+05:30,11295.6,11308.55,4.2,-12.95,EOD_EXIT
short,2020-08-14 13:15:00+05:30,2020-08-14 15:00:00+05:30,11313.5,11177.85,176.45,135.65,ST_TRAIL
long,2020-08-17 10:25:00+05:30,2020-08-17 12:45:00+05:30,11217.3,11196.3,11.8,-21.0,ST_TRAIL
long,2020-08-17 13:55:00+05:30,2020-08-17 14:10:00+05:30,11226.3,11199.45,0.0,-26.85,ST_TRAIL
long,2020-08-18 09:40:00+05:30,2020-08-18 11:20:00+05:30,11320.35,11312.4,18.25,-7.95,ST_TRAIL
long,2020-08-18 14:00:00+05:30,2020-08-18 15:15:00+05:30,11369.3,11385.2,26.3,15.9,EOD_EXIT
short,2020-08-20 11:10:00+05:30,2020-08-20 13:10:00+05:30,11333.05,11331.15,29.0,1.9,ST_TRAIL
short,2020-08-20 13:50:00+05:30,2020-08-20 15:15:00+05:30,11303.7,11312.45,11.3,-8.75,EOD_EXIT
long,2020-08-24 09:50:00+05:30,2020-08-24 14:55:00+05:30,11444.05,11466.3,47.3,22.25,ST_TRAIL
short,2020-08-25 10:40:00+05:30,2020-08-25 11:45:00+05:30,11460.2,11474.7,21.0,-14.5,ST_TRAIL
short,2020-08-25 13:55:00+05:30,2020-08-25 14:55:00+05:30,11464.8,11461.6,32.0,3.2,ST_TRAIL
long,2020-08-26 14:00:00+05:30,2020-08-26 15:15:00+05:30,11514.4,11553.1,39.2,38.7,EOD_EXIT
long,2020-08-27 11:30:00+05:30,2020-08-27 13:10:00+05:30,11604.35,11581.4,4.5,-22.95,ST_TRAIL
long,2020-08-28 09:40:00+05:30,2020-08-28 10:15:00+05:30,11625.85,11600.55,1.35,-25.3,ST_TRAIL
long,2020-08-28 10:35:00+05:30,2020-08-28 12:20:00+05:30,11617.7,11650.8,59.6,33.1,ST_TRAIL
long,2020-08-28 14:15:00+05:30,2020-08-28 15:10:00+05:30,11653.9,11643.6,20.85,-10.3,ST_TRAIL
short,2020-08-31 11:15:00+05:30,2020-08-31 14:50:00+05:30,11638.85,11402.9,305.2,235.95,ST_TRAIL
long,2020-09-01 13:00:00+05:30,2020-09-01 13:45:00+05:30,11525.95,11467.9,11.9,-58.05,STOP_LOSS
long,2020-09-02 13:50:00+05:30,2020-09-02 15:15:00+05:30,11482.2,11540.5,60.75,58.3,EOD_EXIT
long,2020-09-03 10:25:00+05:30,2020-09-03 11:30:00+05:30,11564.35,11527.6,0.0,-36.75,ST_TRAIL
long,2020-09-03 13:05:00+05:30,2020-09-03 14:55:00+05:30,11564.5,11528.35,0.0,-36.15,ST_TRAIL
short,2020-09-04 13:55:00+05:30,2020-09-04 15:15:00+05:30,11415.7,11343.05,105.1,72.65,EOD_EXIT
short,2020-09-07 09:35:00+05:30,2020-09-07 11:15:00+05:30,11302.2,11336.4,39.25,-34.2,ST_TRAIL
long,2020-09-08 10:15:00+05:30,2020-09-08 13:35:00+05:30,11386.6,11405.4,44.5,18.8,ST_TRAIL
long,2020-09-08 14:15:00+05:30,2020-09-08 14:30:00+05:30,11399.25,11363.85,0.0,-35.4,ST_TRAIL
short,2020-09-09 10:25:00+05:30,2020-09-09 12:20:00+05:30,11236.0,11219.55,40.25,16.45,ST_TRAIL
long,2020-09-10 10:00:00+05:30,2020-09-10 12:55:00+05:30,11355.9,11397.6,84.1,41.7,ST_TRAIL
long,2020-09-11 14:15:00+05:30,2020-09-11 15:15:00+05:30,11455.15,11468.1,15.0,12.95,EOD_EXIT
long,2020-09-14 10:35:00+05:30,2020-09-14 12:20:00+05:30,11547.3,11542.15,15.05,-5.15,ST_TRAIL
short,2020-09-14 14:10:00+05:30,2020-09-14 14:55:00+05:30,11442.85,11445.9,34.0,-3.05,ST_TRAIL
long,2020-09-15 09:40:00+05:30,2020-09-15 13:10:00+05:30,11499.4,11478.5,9.05,-20.9,ST_TRAIL
long,2020-09-15 14:05:00+05:30,2020-09-15 15:15:00+05:30,11511.9,11524.4,13.95,12.5,EOD_EXIT
long,2020-09-16 09:50:00+05:30,2020-09-16 11:45:00+05:30,11545.0,11533.25,15.0,-11.75,ST_TRAIL
short,2020-09-17 11:30:00+05:30,2020-09-17 12:55:00+05:30,11554.25,11543.7,39.95,10.55,ST_TRAIL
long,2020-09-18 13:50:00+05:30,2020-09-18 14:20:00+05:30,11567.9,11490.4,4.9,-77.5,STOP_LOSS
short,2020-09-18 14:25:00+05:30,2020-09-18 14:55:00+05:30,11504.1,11509.0,33.4,-4.9,ST_TRAIL
short,2020-09-21 11:05:00+05:30,2020-09-21 15:15:00+05:30,11492.55,11247.05,245.5,245.5,EOD_EXIT
short,2020-09-22 09:40:00+05:30,2020-09-22 10:00:00+05:30,11157.8,11159.95,61.1,-2.15,BREAKEVEN_SL
short,2020-09-23 13:50:00+05:30,2020-09-23 14:25:00+05:30,11033.65,11096.75,0.0,-63.1,STOP_LOSS
short,2020-09-24 10:10:00+05:30,2020-09-24 13:00:00+05:30,10975.45,10934.65,75.5,40.8,ST_TRAIL
short,2020-09-24 13:35:00+05:30,2020-09-24 15:15:00+05:30,10910.75,10803.15,111.7,107.6,EOD_EXIT
long,2020-09-25 11:25:00+05:30,2020-09-25 15:15:00+05:30,10934.5,11050.1,124.3,115.6,EOD_EXIT
long,2020-09-28 09:40:00+05:30,2020-09-28 15:15:00+05:30,11157.35,11229.05,80.4,71.7,EOD_EXIT
short,2020-09-29 10:50:00+05:30,2020-09-29 11:35:00+05:30,11220.25,11245.05,22.1,-24.8,ST_TRAIL
long,2020-09-29 14:25:00+05:30,2020-09-29 14:50:00+05:30,11268.85,11242.15,9.4,-26.7,ST_TRAIL
short,2020-09-30 09:55:00+05:30,2020-09-30 10:25:00+05:30,11195.85,11253.85,0.0,-58.0,STOP_LOSS
long,2020-09-30 14:15:00+05:30,2020-09-30 14:50:00+05:30,11280.8,11256.6,4.75,-24.2,ST_TRAIL
long,2020-10-01 10:10:00+05:30,2020-10-01 13:20:00+05:30,11388.2,11396.6,33.0,8.4,ST_TRAIL
long,2020-10-01 14:20:00+05:30,2020-10-01 14:30:00+05:30,11424.3,11396.45,0.0,-27.85,ST_TRAIL
long,2020-10-05 09:40:00+05:30,2020-10-05 11:35:00+05:30,11548.25,11533.6,17.95,-14.65,ST_TRAIL
short,2020-10-05 13:00:00+05:30,2020-10-05 13:40:00+05:30,11494.7,11499.3,30.55,-4.6,ST_TRAIL
long,2020-10-06 10:05:00+05:30,2020-10-06 12:40:00+05:30,11601.5,11586.2,6.3,-15.3,ST_TRAIL
long,2020-10-06 14:05:00+05:30,2020-10-06 15:15:00+05:30,11602.3,11667.1,64.8,64.8,EOD_EXIT
long,2020-10-07 09:40:00+05:30,2020-10-07 11:00:00+05:30,11684.6,11708.3,55.65,23.7,ST_TRAIL
long,2020-10-08 09:40:00+05:30,2020-10-08 13:55:00+05:30,11876.05,11860.15,21.65,-15.9,ST_TRAIL
long,2020-10-09 10:10:00+05:30,2020-10-09 12:15:00+05:30,11850.25,11896.1,77.25,45.85,ST_TRAIL
long,2020-10-09 14:15:00+05:30,2020-10-09 15:15:00+05:30,11909.75,11912.3,7.25,2.55,EOD_EXIT
short,2020-10-12 13:10:00+05:30,2020-10-12 13:50:00+05:30,11920.6,11923.1,44.75,-2.5,BREAKEVEN_SL
long,2020-10-13 09:45:00+05:30,2020-10-13 12:00:00+05:30,11958.8,11945.6,23.7,-13.2,ST_TRAIL
short,2020-10-14 09:40:00+05:30,2020-10-14 12:00:00+05:30,11843.3,11858.2,13.95,-14.9,ST_TRAIL
short,2020-10-14 13:05:00+05:30,2020-10-14 13:55:00+05:30,11836.7,11861.45,7.2,-24.75,ST_TRAIL
long,2020-10-14 14:20:00+05:30,2020-10-14 15:15:00+05:30,11912.5,11989.4,76.9,76.9,EOD_EXIT
long,2020-10-15 09:50:00+05:30,2020-10-15 10:40:00+05:30,11969.2,11918.9,2.1,-50.3,STOP_LOSS
short,2020-10-15 10:45:00+05:30,2020-10-15 15:15:00+05:30,11929.5,11682.3,264.35,247.2,EOD_EXIT
short,2020-10-16 09:55:00+05:30,2020-10-16 10:10:00+05:30,11681.4,11732.55,0.0,-51.15,STOP_LOSS
long,2020-10-16 10:50:00+05:30,2020-10-16 11:35:00+05:30,11758.9,11715.7,8.4,-43.2,ST_TRAIL
long,2020-10-19 10:00:00+05:30,2020-10-19 11:05:00+05:30,11882.9,11853.3,7.45,-29.6,ST_TRAIL
long,2020-10-19 14:05:00+05:30,2020-10-19 15:15:00+05:30,11872.95,11869.65,10.5,-3.3,EOD_EXIT
short,2020-10-20 14:00:00+05:30,2020-10-20 15:15:00+05:30,11888.35,11892.7,2.05,-4.35,EOD_EXIT
long,2020-10-21 09:40:00+05:30,2020-10-21 12:40:00+05:30,12012.45,11994.25,0.05,-18.2,ST_TRAIL
short,2020-10-21 13:25:00+05:30,2020-10-21 14:35:00+05:30,11909.75,11843.8,119.25,65.95,ST_TRAIL
short,2020-10-26 11:20:00+05:30,2020-10-26 13:15:00+05:30,11853.85,11797.7,96.05,56.15,ST_TRAIL
long,2020-10-27 09:45:00+05:30,2020-10-27 13:00:00+05:30,11795.0,11811.15,46.7,16.15,ST_TRAIL
long,2020-10-27 13:15:00+05:30,2020-10-27 15:15:00+05:30,11854.65,11883.85,37.7,29.2,EOD_EXIT
short,2020-10-28 10:35:00+05:30,2020-10-28 14:25:00+05:30,11843.25,11743.5,152.1,99.75,ST_TRAIL
short,2020-10-29 13:10:00+05:30,2020-10-29 13:30:00+05:30,11650.7,11691.7,3.55,-41.0,ST_TRAIL
short,2020-10-29 13:50:00+05:30,2020-10-29 15:05:00+05:30,11663.75,11675.45,44.25,-11.7,BREAKEVEN_SL
long,2020-10-30 09:40:00+05:30,2020-10-30 10:45:00+05:30,11735.55,11701.25,8.65,-34.3,ST_TRAIL
short,2020-10-30 11:00:00+05:30,2020-10-30 13:30:00+05:30,11655.55,11605.9,110.2,49.65,ST_TRAIL
short,2020-11-02 09:45:00+05:30,2020-11-02 10:35:00+05:30,11574.0,11622.55,3.95,-48.55,ST_TRAIL
long,2020-11-02 14:15:00+05:30,2020-11-02 15:10:00+05:30,11673.3,11656.65,48.35,-16.65,BREAKEVEN_SL
long,2020-11-03 09:40:00+05:30,2020-11-03 14:25:00+05:30,11783.05,11795.95,49.5,12.9,ST_TRAIL
long,2020-11-04 09:40:00+05:30,2020-11-04 10:10:00+05:30,11903.45,11861.75,7.8,-41.7,ST_TRAIL
short,2020-11-04 13:15:00+05:30,2020-11-04 13:25:00+05:30,11760.7,11824.0,0.0,-63.3,STOP_LOSS
long,2020-11-04 14:25:00+05:30,2020-11-04 15:15:00+05:30,11901.15,11907.6,21.65,6.45,EOD_EXIT
long,2020-11-05 09:45:00+05:30,2020-11-05 14:00:00+05:30,12053.8,12081.65,54.35,27.85,ST_TRAIL
long,2020-11-05 14:25:00+05:30,2020-11-05 15:15:00+05:30,12107.1,12121.2,15.05,14.1,EOD_EXIT
long,2020-11-06 09:50:00+05:30,2020-11-06 10:45:00+05:30,12189.35,12175.75,18.95,-13.6,ST_TRAIL
long,2020-11-06 11:25:00+05:30,2020-11-06 13:25:00+05:30,12188.45,12228.25,61.8,39.8,ST_TRAIL
long,2020-11-06 14:00:00+05:30,2020-11-06 14:25:00+05:30,12254.15,12222.0,6.75,-32.15,ST_TRAIL
long,2020-11-09 13:15:00+05:30,2020-11-09 15:15:00+05:30,12403.65,12465.55,62.15,61.9,EOD_EXIT
long,2020-11-10 10:00:00+05:30,2020-11-10 11:45:00+05:30,12537.85,12554.8,53.9,16.95,ST_TRAIL
long,2020-11-10 13:00:00+05:30,2020-11-10 14:05:00+05:30,12604.55,12581.6,19.55,-22.95,ST_TRAIL
short,2020-11-11 11:00:00+05:30,2020-11-11 12:10:00+05:30,12696.6,12663.25,98.75,33.35,ST_TRAIL
short,2020-11-11 13:20:00+05:30,2020-11-11 13:30:00+05:30,12588.3,12634.0,15.55,-45.7,ST_TRAIL
long,2020-11-11 14:05:00+05:30,2020-11-11 15:15:00+05:30,12716.7,12752.75,37.5,36.05,EOD_EXIT
short,2020-11-12 10:30:00+05:30,2020-11-12 12:25:00+05:30,12665.55,12696.3,1.1,-30.75,ST_TRAIL
short,2020-11-12 13:20:00+05:30,2020-11-12 13:55:00+05:30,12644.45,12685.35,15.25,-40.9,ST_TRAIL
long,2020-11-13 13:15:00+05:30,2020-11-13 15:15:00+05:30,12673.3,12714.65,55.85,41.35,EOD_EXIT
long,2020-11-17 13:35:00+05:30,2020-11-17 14:35:00+05:30,12864.05,12840.65,2.85,-23.4,ST_TRAIL
long,2020-11-18 13:05:00+05:30,2020-11-18 15:15:00+05:30,12862.05,12941.3,81.75,79.25,EOD_EXIT
long,2020-11-19 09:35:00+05:30,2020-11-19 10:50:00+05:30,12921.35,12913.8,32.05,-7.55,ST_TRAIL
short,2020-11-19 13:35:00+05:30,2020-11-19 14:40:00+05:30,12894.15,12830.1,132.4,64.05,ST_TRAIL
short,2020-11-20 10:55:00+05:30,2020-11-20 11:55:00+05:30,12774.45,12785.3,38.3,-10.85,ST_TRAIL
long,2020-11-20 13:55:00+05:30,2020-11-20 15:15:00+05:30,12861.7,12860.25,21.75,-1.45,EOD_EXIT
long,2020-11-23 11:25:00+05:30,2020-11-23 12:05:00+05:30,12899.3,12866.6,6.5,-32.7,ST_TRAIL
long,2020-11-24 10:25:00+05:30,2020-11-24 11:15:00+05:30,13036.85,13009.35,0.0,-27.5,ST_TRAIL
long,2020-11-24 14:30:00+05:30,2020-11-24 15:15:00+05:30,13061.8,13061.5,0.0,-0.3,EOD_EXIT
short,2020-11-25 10:20:00+05:30,2020-11-25 12:40:00+05:30,13074.45,13021.5,107.05,52.95,ST_TRAIL
short,2020-11-25 14:05:00+05:30,2020-11-25 15:15:00+05:30,12875.85,12861.3,20.8,14.55,EOD_EXIT
short,2020-11-26 09:45:00+05:30,2020-11-26 12:40:00+05:30,12823.85,12844.15,29.65,-20.3,ST_TRAIL
long,2020-11-26 13:00:00+05:30,2020-11-26 13:50:00+05:30,12914.1,12870.0,2.45,-44.1,ST_TRAIL
long,2020-11-26 14:10:00+05:30,2020-11-26 15:15:00+05:30,12932.7,12999.3,66.6,66.6,EOD_EXIT
long,2020-11-27 13:50:00+05:30,2020-11-27 14:05:00+05:30,12985.0,12959.8,0.0,-25.2,ST_TRAIL
long,2020-12-01 10:40:00+05:30,2020-12-01 12:25:00+05:30,13069.0,13057.75,20.85,-11.25,ST_TRAIL
long,2020-12-01 13:00:00+05:30,2020-12-01 15:15:00+05:30,13082.95,13101.9,40.8,18.95,EOD_EXIT
short,2020-12-02 13:40:00+05:30,2020-12-02 14:30:00+05:30,13007.95,13042.1,10.4,-34.15,ST_TRAIL
long,2020-12-03 13:50:00+05:30,2020-12-03 14:15:00+05:30,13150.1,13114.3,0.0,-35.8,ST_TRAIL
long,2020-12-04 09:40:00+05:30,2020-12-04 11:30:00+05:30,13209.65,13215.55,36.95,5.9,ST_TRAIL
long,2020-12-07 09:45:00+05:30,2020-12-07 13:35:00+05:30,13310.55,13322.35,41.1,11.8,ST_TRAIL
long,2020-12-08 09:40:00+05:30,2020-12-08 10:50:00+05:30,13417.45,13403.4,16.45,-14.05,ST_TRAIL
short,2020-12-08 11:05:00+05:30,2020-12-08 11:50:00+05:30,13361.85,13371.9,31.95,-10.05,ST_TRAIL
long,2020-12-08 14:30:00+05:30,2020-12-08 15:05:00+05:30,13416.65,13394.5,0.0,-22.15,ST_TRAIL
long,2020-12-09 13:10:00+05:30,2020-12-09 14:50:00+05:30,13492.05,13517.75,51.15,25.7,ST_TRAIL
short,2020-12-10 09:40:00+05:30,2020-12-10 10:40:00+05:30,13427.5,13441.05,17.6,-13.55,ST_TRAIL
short,2020-12-10 11:30:00+05:30,2020-12-10 13:00:00+05:30,13426.3,13441.7,10.35,-15.4,ST_TRAIL
short,2020-12-10 13:35:00+05:30,2020-12-10 14:00:00+05:30,13417.65,13440.35,0.15,-22.7,ST_TRAIL
long,2020-12-11 09:40:00+05:30,2020-12-11 11:20:00+05:30,13548.35,13549.45,24.8,1.1,ST_TRAIL
short,2020-12-11 14:00:00+05:30,2020-12-11 14:30:00+05:30,13460.8,13463.2,41.1,-2.4,BREAKEVEN_SL
short,2020-12-15 10:50:00+05:30,2020-12-15 11:25:00+05:30,13456.3,13488.25,1.15,-31.95,ST_TRAIL
long,2020-12-15 14:00:00+05:30,2020-12-15 15:15:00+05:30,13565.55,13566.35,12.15,0.8,EOD_EXIT
long,2020-12-16 09:45:00+05:30,2020-12-16 12:30:00+05:30,13657.35,13635.3,0.0,-22.05,ST_TRAIL
long,2020-12-16 13:05:00+05:30,2020-12-16 15:15:00+05:30,13643.25,13681.7,42.85,38.45,EOD_EXIT
long,2020-12-17 09:45:00+05:30,2020-12-17 14:20:00+05:30,13706.55,13742.05,63.65,35.5,ST_TRAIL
short,2020-12-18 10:00:00+05:30,2020-12-18 10:50:00+05:30,13670.7,13712.1,0.0,-41.4,ST_TRAIL
short,2020-12-21 11:15:00+05:30,2020-12-21 15:15:00+05:30,13737.5,13337.35,530.3,400.15,EOD_EXIT
short,2020-12-22 09:40:00+05:30,2020-12-22 10:00:00+05:30,13220.2,13284.0,0.0,-63.8,STOP_LOSS
short,2020-12-22 11:15:00+05:30,2020-12-22 12:35:00+05:30,13232.35,13268.45,15.7,-36.1,ST_TRAIL
long,2020-12-22 14:05:00+05:30,2020-12-22 14:50:00+05:30,13402.15,13396.3,64.3,-5.85,BREAKEVEN_SL
long,2020-12-23 09:55:00+05:30,2020-12-23 13:05:00+05:30,13509.9,13528.0,54.9,18.1,ST_TRAIL
long,2020-12-23 13:50:00+05:30,2020-12-23 15:15:00+05:30,13545.2,13605.1,60.05,59.9,EOD_EXIT
long,2020-12-24 09:40:00+05:30,2020-12-24 10:50:00+05:30,13704.35,13694.45,28.25,-9.9,ST_TRAIL
short,2020-12-24 11:05:00+05:30,2020-12-24 12:15:00+05:30,13687.95,13687.9,49.7,0.05,ST_TRAIL
short,2020-12-29 10:45:00+05:30,2020-12-29 13:00:00+05:30,13893.55,13920.15,11.95,-26.6,ST_TRAIL
short,2020-12-29 14:25:00+05:30,2020-12-29 15:00:00+05:30,13919.3,13936.45,0.0,-17.15,ST_TRAIL
short,2020-12-30 10:30:00+05:30,2020-12-30 10:55:00+05:30,13902.65,13943.0,2.8,-40.35,ST_TRAIL
long,2020-12-30 11:00:00+05:30,2020-12-30 12:20:00+05:30,13931.9,13915.6,12.55,-16.3,ST_TRAIL
long,2020-12-30 14:00:00+05:30,2020-12-30 15:15:00+05:30,13956.75,13981.3,31.2,24.55,EOD_EXIT
long,2020-12-31 10:20:00+05:30,2020-12-31 10:50:00+05:30,13992.2,13980.25,16.4,-11.95,ST_TRAIL
long,2020-12-31 13:55:00+05:30,2020-12-31 14:10:00+05:30,14006.55,13992.75,11.65,-13.8,ST_TRAIL
short,2020-12-31 14:15:00+05:30,2020-12-31 15:15:00+05:30,13976.1,13979.4,13.7,-3.3,EOD_EXIT
long,2021-01-01 14:10:00+05:30,2021-01-01 15:00:00+05:30,14043.45,14027.9,4.65,-15.55,ST_TRAIL
short,2021-01-04 10:50:00+05:30,2021-01-04 11:30:00+05:30,14066.15,14048.2,77.6,17.95,ST_TRAIL
long,2021-01-04 13:50:00+05:30,2021-01-04 14:15:00+05:30,14108.7,14070.85,6.15,-37.85,ST_TRAIL
short,2021-01-05 10:10:00+05:30,2021-01-05 10:45:00+05:30,14071.6,14099.55,17.4,-27.95,ST_TRAIL
long,2021-01-05 11:30:00+05:30,2021-01-05 13:15:00+05:30,14123.9,14115.8,27.95,-8.1,ST_TRAIL
long,2021-01-05 13:35:00+05:30,2021-01-05 15:15:00+05:30,14147.0,14207.6,60.6,60.6,EOD_EXIT
long,2021-01-07 14:00:00+05:30,2021-01-07 15:00:00+05:30,14188.7,14160.85,5.7,-27.85,ST_TRAIL
long,2021-01-08 10:10:00+05:30,2021-01-08 13:35:00+05:30,14253.35,14269.15,45.6,15.8,ST_TRAIL
long,2021-01-08 13:50:00+05:30,2021-01-08 15:15:00+05:30,14286.6,14352.55,70.65,65.95,EOD_EXIT
long,2021-01-11 09:40:00+05:30,2021-01-11 10:15:00+05:30,14460.9,14420.25,10.4,-40.65,ST_TRAIL
long,2021-01-11 11:10:00+05:30,2021-01-11 11:40:00+05:30,14443.0,14411.6,0.0,-31.4,ST_TRAIL
long,2021-01-11 13:30:00+05:30,2021-01-11 15:15:00+05:30,14455.5,14484.1,31.3,28.6,EOD_EXIT
long,2021-01-12 11:15:00+05:30,2021-01-12 13:45:00+05:30,14500.2,14549.25,77.1,49.05,ST_TRAIL
short,2021-01-13 11:25:00+05:30,2021-01-13 12:45:00+05:30,14574.2,14577.4,39.9,-3.2,ST_TRAIL
short,2021-01-13 13:15:00+05:30,2021-01-13 14:25:00+05:30,14553.3,14536.6,103.05,16.7,ST_TRAIL
long,2021-01-14 11:00:00+05:30,2021-01-14 13:00:00+05:30,14552.85,14559.35,37.4,6.5,ST_TRAIL
long,2021-01-14 13:40:00+05:30,2021-01-14 14:40:00+05:30,14583.5,14580.45,25.15,-3.05,ST_TRAIL
short,2021-01-15 09:40:00+05:30,2021-01-15 09:55:00+05:30,14509.7,14541.0,6.3,-31.3,ST_TRAIL
short,2021-01-15 11:10:00+05:30,2021-01-15 11:40:00+05:30,14483.35,14500.3,34.5,-16.95,ST_TRAIL
short,2021-01-15 14:05:00+05:30,2021-01-15 14:25:00+05:30,14419.9,14433.05,55.95,-13.15,BREAKEVEN_SL
short,2021-01-18 10:25:00+05:30,2021-01-18 11:15:00+05:30,14300.9,14338.05,16.25,-37.15,ST_TRAIL
long,2021-01-18 14:00:00+05:30,2021-01-18 14:30:00+05:30,14365.75,14343.75,36.3,-22.0,ST_TRAIL
long,2021-01-19 10:10:00+05:30,2021-01-19 15:15:00+05:30,14413.45,14518.75,126.95,105.3,EOD_EXIT
long,2021-01-20 10:30:00+05:30,2021-01-20 12:25:00+05:30,14585.25,14575.9,30.7,-9.35,ST_TRAIL
long,2021-01-20 13:40:00+05:30,2021-01-20 15:15:00+05:30,14625.45,14633.9,38.85,8.45,EOD_EXIT
long,2021-01-21 10:30:00+05:30,2021-01-21 13:45:00+05:30,14728.85,14726.95,23.05,-1.9,ST_TRAIL
short,2021-01-22 11:05:00+05:30,2021-01-22 11:30:00+05:30,14503.15,14504.75,47.05,-1.6,BREAKEVEN_SL
short,2021-01-25 13:45:00+05:30,2021-01-25 15:15:00+05:30,14343.55,14231.55,112.0,112.0,EOD_EXIT
short,2021-01-27 09:45:00+05:30,2021-01-27 14:50:00+05:30,14130.4,13989.4,195.4,141.0,ST_TRAIL
long,2021-01-28 13:25:00+05:30,2021-01-28 14:25:00+05:30,13823.85,13769.95,10.5,-53.9,STOP_LOSS
short,2021-01-29 13:05:00+05:30,2021-01-29 14:10:00+05:30,13771.55,13804.1,39.5,-32.55,ST_TRAIL
long,2021-01-29 14:15:00+05:30,2021-01-29 14:40:00+05:30,13824.6,13794.55,26.6,-30.05,ST_TRAIL
long,2021-02-01 10:50:00+05:30,2021-02-01 12:10:00+05:30,13767.4,13807.45,132.3,40.05,ST_TRAIL
long,2021-02-01 13:50:00+05:30,2021-02-01 15:15:00+05:30,14182.95,14281.2,100.3,98.25,EOD_EXIT
long,2021-02-02 10:00:00+05:30,2021-02-02 10:15:00+05:30,14688.25,14629.65,0.0,-58.6,STOP_LOSS
long,2021-02-02 13:10:00+05:30,2021-02-02 14:45:00+05:30,14609.4,14624.9,68.45,15.5,ST_TRAIL
long,2021-02-03 09:40:00+05:30,2021-02-03 14:10:00+05:30,14713.55,14820.4,152.75,106.85,ST_TRAIL
short,2021-02-04 10:50:00+05:30,2021-02-04 11:00:00+05:30,14732.9,14769.0,0.0,-36.1,ST_TRAIL
long,2021-02-05 11:30:00+05:30,2021-02-05 13:10:00+05:30,14972.8,14914.55,13.3,-58.25,STOP_LOSS
long,2021-02-08 09:55:00+05:30,2021-02-08 12:15:00+05:30,15092.8,15075.3,33.7,-17.5,ST_TRAIL
long,2021-02-08 13:15:00+05:30,2021-02-08 14:55:00+05:30,15114.05,15111.6,43.25,-2.45,BREAKEVEN_SL
long,2021-02-09 10:35:00+05:30,2021-02-09 14:30:00+05:30,15197.65,15221.8,56.05,24.15,ST_TRAIL
short,2021-02-10 10:15:00+05:30,2021-02-10 10:55:00+05:30,15049.8,15058.5,42.7,-8.7,BREAKEVEN_SL
short,2021-02-10 13:30:00+05:30,2021-02-10 14:10:00+05:30,15040.85,15042.25,42.9,-1.4,BREAKEVEN_SL
long,2021-02-11 10:50:00+05:30,2021-02-11 11:10:00+05:30,15157.9,15126.85,1.35,-31.05,ST_TRAIL
long,2021-02-11 14:15:00+05:30,2021-02-11 15:15:00+05:30,15151.95,15175.65,23.7,23.7,EOD_EXIT
long,2021-02-12 10:45:00+05:30,2021-02-12 11:55:00+05:30,15217.35,15202.0,20.65,-15.35,ST_TRAIL
long,2021-02-12 13:10:00+05:30,2021-02-12 13:35:00+05:30,15221.75,15197.15,3.1,-24.6,ST_TRAIL
short,2021-02-12 14:00:00+05:30,2021-02-12 14:20:00+05:30,15090.25,15147.35,0.0,-57.1,STOP_LOSS
long,2021-02-15 10:25:00+05:30,2021-02-15 14:10:00+05:30,15295.45,15297.15,25.35,1.7,ST_TRAIL
short,2021-02-16 11:25:00+05:30,2021-02-16 14:30:00+05:30,15348.35,15318.85,102.15,29.5,ST_TRAIL
short,2021-02-17 13:00:00+05:30,2021-02-17 13:55:00+05:30,15222.5,15226.15,47.0,-3.65,BREAKEVEN_SL
short,2021-02-18 11:20:00+05:30,2021-02-18 14:10:00+05:30,15190.7,15130.8,104.55,59.9,ST_TRAIL
short,2021-02-19 11:00:00+05:30,2021-02-19 15:05:00+05:30,15060.95,14987.1,157.6,73.85,ST_TRAIL
short,2021-02-22 10:00:00+05:30,2021-02-22 14:40:00+05:30,14927.0,14738.55,244.5,188.45,ST_TRAIL
long,2021-02-23 10:25:00+05:30,2021-02-23 11:25:00+05:30,14797.8,14790.0,48.7,-7.8,BREAKEVEN_SL
long,2021-02-23 13:10:00+05:30,2021-02-23 13:35:00+05:30,14779.1,14720.85,0.0,-58.25,STOP_LOSS
long,2021-02-24 10:00:00+05:30,2021-02-25 11:35:00+05:30,14814.8,15093.75,346.9,278.95,ST_TRAIL
short,2021-02-26 10:25:00+05:30,2021-02-26 12:55:00+05:30,14810.6,14652.25,245.1,158.35,ST_TRAIL
long,2021-03-01 10:25:00+05:30,2021-03-01 11:25:00+05:30,14785.0,14741.15,14.95,-43.85,ST_TRAIL
long,2021-03-02 10:05:00+05:30,2021-03-02 10:35:00+05:30,14917.0,14870.55,3.55,-46.45,ST_TRAIL
short,2021-03-02 11:15:00+05:30,2021-03-02 11:35:00+05:30,14766.6,14825.15,0.0,-58.55,STOP_LOSS
long,2021-03-03 10:15:00+05:30,2021-03-03 14:00:00+05:30,15048.45,15134.5,114.5,86.05,ST_TRAIL
long,2021-03-03 14:25:00+05:30,2021-03-03 15:15:00+05:30,15172.9,15258.0,85.1,85.1,EOD_EXIT
short,2021-03-04 09:45:00+05:30,2021-03-04 10:05:00+05:30,14988.1,15051.4,0.0,-63.3,STOP_LOSS
long,2021-03-04 11:15:00+05:30,2021-03-04 13:25:00+05:30,15145.7,15151.3,49.15,5.6,ST_TRAIL
short,2021-03-05 10:55:00+05:30,2021-03-05 11:15:00+05:30,14963.55,15016.25,0.0,-52.7,STOP_LOSS
short,2021-03-05 13:40:00+05:30,2021-03-05 15:05:00+05:30,14964.85,14954.05,72.85,10.8,ST_TRAIL
long,2021-03-08 09:50:00+05:30,2021-03-08 10:35:00+05:30,15077.6,15045.1,26.35,-32.5,ST_TRAIL
short,2021-03-08 10:40:00+05:30,2021-03-08 11:15:00+05:30,14984.45,15041.55,0.0,-57.1,STOP_LOSS
short,2021-03-09 13:10:00+05:30,2021-03-09 13:30:00+05:30,14973.55,14988.65,33.3,-15.1,ST_TRAIL
long,2021-03-10 14:20:00+05:30,2021-03-10 14:55:00+05:30,15192.1,15159.7,0.0,-32.4,ST_TRAIL
short,2021-03-12 13:40:00+05:30,2021-03-12 13:50:00+05:30,15066.0,15116.15,0.0,-50.15,STOP_LOSS
short,2021-03-12 14:15:00+05:30,2021-03-12 15:00:00+05:30,14992.6,15057.1,33.05,-64.5,STOP_LOSS
short,2021-03-15 09:40:00+05:30,2021-03-15 09:50:00+05:30,14822.65,14885.05,0.0,-62.4,STOP_LOSS
short,2021-03-15 11:05:00+05:30,2021-03-15 13:35:00+05:30,14823.35,14808.55,71.5,14.8,ST_TRAIL
long,2021-03-16 10:30:00+05:30,2021-03-16 11:25:00+05:30,15034.85,14990.9,11.45,-43.95,ST_TRAIL
short,2021-03-16 13:10:00+05:30,2021-03-16 13:50:00+05:30,14938.1,14941.8,44.0,-3.7,BREAKEVEN_SL
short,2021-03-17 14:00:00+05:30,2021-03-17 15:15:00+05:30,14791.55,14713.75,92.0,77.8,EOD_EXIT
short,2021-03-18 13:05:00+05:30,2021-03-18 15:10:00+05:30,14744.7,14586.1,244.55,158.6,ST_TRAIL
long,2021-03-19 10:50:00+05:30,2021-03-19 11:35:00+05:30,14590.45,14548.7,32.75,-41.75,ST_TRAIL
long,2021-03-19 14:00:00+05:30,2021-03-19 15:15:00+05:30,14648.7,14729.0,124.55,80.3,EOD_EXIT
long,2021-03-22 09:50:00+05:30,2021-03-22 10:25:00+05:30,14746.75,14694.25,0.0,-52.5,STOP_LOSS
long,2021-03-23 10:55:00+05:30,2021-03-23 11:25:00+05:30,14834.8,14781.4,10.2,-53.4,STOP_LOSS
long,2021-03-23 14:20:00+05:30,2021-03-23 15:10:00+05:30,14861.2,14817.2,16.65,-44.0,ST_TRAIL
short,2021-03-24 10:05:00+05:30,2021-03-24 11:50:00+05:30,14673.05,14638.4,88.15,34.65,ST_TRAIL
short,2021-03-24 13:05:00+05:30,2021-03-24 14:00:00+05:30,14624.75,14658.95,8.2,-34.2,ST_TRAIL
short,2021-03-25 09:55:00+05:30,2021-03-25 13:25:00+05:30,14411.1,14347.05,137.5,64.05,ST_TRAIL
long,2021-03-25 13:30:00+05:30,2021-03-25 15:00:00+05:30,14327.15,14338.15,146.8,11.0,ST_TRAIL
long,2021-03-30 09:40:00+05:30,2021-03-30 12:00:00+05:30,14688.15,14744.35,86.55,56.2,ST_TRAIL
long,2021-03-30 13:25:00+05:30,2021-03-30 15:15:00+05:30,14789.95,14846.1,79.35,56.15,EOD_EXIT
short,2021-03-31 13:20:00+05:30,2021-03-31 15:15:00+05:30,14711.15,14686.7,28.55,24.45,EOD_EXIT
long,2021-04-01 13:05:00+05:30,2021-04-01 15:15:00+05:30,14772.3,14871.5,103.05,99.2,EOD_EXIT
short,2021-04-05 10:05:00+05:30,2021-04-05 12:25:00+05:30,14610.8,14559.25,136.85,51.55,ST_TRAIL
long,2021-04-05 13:45:00+05:30,2021-04-05 15:15:00+05:30,14627.05,14637.3,37.95,10.25,EOD_EXIT
long,2021-04-06 09:40:00+05:30,2021-04-06 11:45:00+05:30,14729.8,14717.55,41.25,-12.25,BREAKEVEN_SL
short,2021-04-06 13:45:00+05:30,2021-04-06 15:15:00+05:30,14657.4,14693.15,19.3,-35.75,EOD_EXIT
long,2021-04-07 10:05:00+05:30,2021-04-07 13:15:00+05:30,14798.7,14836.9,73.4,38.2,ST_TRAIL
short,2021-04-07 13:30:00+05:30,2021-04-07 14:30:00+05:30,14813.25,14853.45,34.7,-40.2,ST_TRAIL
long,2021-04-08 09:40:00+05:30,2021-04-08 11:40:00+05:30,14937.4,14914.75,14.55,-22.65,ST_TRAIL
short,2021-04-08 14:30:00+05:30,2021-04-08 15:15:00+05:30,14882.45,14879.95,40.55,2.5,EOD_EXIT
short,2021-04-09 11:10:00+05:30,2021-04-09 14:15:00+05:30,14846.35,14844.55,52.5,1.8,ST_TRAIL
short,2021-04-12 10:25:00+05:30,2021-04-12 15:15:00+05:30,14436.65,14331.4,176.5,105.25,EOD_EXIT
long,2021-04-13 09:55:00+05:30,2021-04-13 10:30:00+05:30,14417.15,14379.35,25.0,-37.8,ST_TRAIL
short,2021-04-13 13:15:00+05:30,2021-04-13 13:45:00+05:30,14339.5,14398.5,16.35,-59.0,STOP_LOSS
long,2021-04-13 13:50:00+05:30,2021-04-13 15:15:00+05:30,14392.8,14508.9,116.1,116.1,EOD_EXIT
short,2021-04-15 10:25:00+05:30,2021-04-15 11:45:00+05:30,14396.75,14425.4,29.4,-28.65,ST_TRAIL
long,2021-04-15 14:00:00+05:30,2021-04-15 15:15:00+05:30,14498.45,14590.2,91.75,91.75,EOD_EXIT
long,2021-04-16 09:55:00+05:30,2021-04-16 11:45:00+05:30,14660.75,14640.3,26.4,-20.45,ST_TRAIL
short,2021-04-19 09:45:00+05:30,2021-04-19 10:10:00+05:30,14220.5,14287.95,0.0,-67.45,STOP_LOSS
short,2021-04-20 11:15:00+05:30,2021-04-20 13:20:00+05:30,14414.7,14392.65,62.45,22.05,ST_TRAIL
long,2021-04-22 13:00:00+05:30,2021-04-22 15:15:00+05:30,14360.8,14406.4,54.3,45.6,EOD_EXIT
long,2021-04-23 10:15:00+05:30,2021-04-23 12:15:00+05:30,14386.0,14403.3,65.15,17.3,ST_TRAIL
short,2021-04-23 14:30:00+05:30,2021-04-23 15:05:00+05:30,14320.75,14351.9,38.6,-31.15,ST_TRAIL
long,2021-04-26 10:00:00+05:30,2021-04-26 12:20:00+05:30,14548.8,14497.45,0.0,-51.35,STOP_LOSS
long,2021-04-26 13:05:00+05:30,2021-04-26 13:15:00+05:30,14503.4,14484.2,0.0,-19.2,ST_TRAIL
long,2021-04-26 13:55:00+05:30,2021-04-26 14:25:00+05:30,14495.85,14465.15,5.9,-30.7,ST_TRAIL
long,2021-04-27 09:45:00+05:30,2021-04-27 12:55:00+05:30,14549.8,14594.2,75.6,44.4,ST_TRAIL
long,2021-04-27 13:50:00+05:30,2021-04-27 15:15:00+05:30,14618.4,14659.95,41.55,41.55,EOD_EXIT
long,2021-04-28 11:05:00+05:30,2021-04-28 13:45:00+05:30,14782.15,14841.2,84.7,59.05,ST_TRAIL
long,2021-04-28 14:00:00+05:30,2021-04-28 15:15:00+05:30,14864.25,14859.45,17.9,-4.8,EOD_EXIT
short,2021-04-29 09:50:00+05:30,2021-04-29 11:20:00+05:30,14948.25,14898.8,127.45,49.45,ST_TRAIL
long,2021-04-29 13:00:00+05:30,2021-04-29 13:55:00+05:30,14939.2,14889.1,8.25,-50.1,STOP_LOSS
long,2021-05-03 14:25:00+05:30,2021-05-03 15:15:00+05:30,14609.55,14626.55,53.4,17.0,EOD_EXIT
long,2021-05-04 10:05:00+05:30,2021-05-04 12:15:00+05:30,14660.7,14661.85,32.8,1.15,ST_TRAIL
short,2021-05-04 13:10:00+05:30,2021-05-04 13:50:00+05:30,14578.8,14625.05,6.2,-46.25,ST_TRAIL
long,2021-05-06 09:45:00+05:30,2021-05-06 10:15:00+05:30,14686.95,14619.8,0.0,-67.15,STOP_LOSS
long,2021-05-06 13:00:00+05:30,2021-05-06 13:30:00+05:30,14717.15,14681.15,0.0,-36.0,ST_TRAIL
long,2021-05-10 11:20:00+05:30,2021-05-10 13:10:00+05:30,14938.4,14933.8,19.0,-4.6,ST_TRAIL
long,2021-05-10 13:45:00+05:30,2021-05-10 14:55:00+05:30,14948.65,14934.4,10.95,-14.25,ST_TRAIL
short,2021-05-11 13:25:00+05:30,2021-05-11 14:00:00+05:30,14818.45,14839.6,4.25,-21.15,ST_TRAIL
short,2021-05-12 10:25:00+05:30,2021-05-12 12:05:00+05:30,14718.85,14755.25,21.7,-36.4,ST_TRAIL
long,2021-05-12 13:15:00+05:30,2021-05-12 13:35:00+05:30,14772.35,14746.8,0.0,-25.55,ST_TRAIL
short,2021-05-14 14:00:00+05:30,2021-05-14 14:35:00+05:30,14648.4,14683.1,0.0,-34.7,ST_TRAIL
long,2021-05-17 09:45:00+05:30,2021-05-17 15:15:00+05:30,14763.8,14926.6,162.8,162.8,EOD_EXIT
long,2021-05-18 10:45:00+05:30,2021-05-18 14:20:00+05:30,15097.15,15106.1,35.1,8.95,ST_TRAIL
short,2021-05-19 13:35:00+05:30,2021-05-19 14:50:00+05:30,15037.95,15070.4,2.9,-32.45,ST_TRAIL
short,2021-05-20 14:20:00+05:30,2021-05-20 15:15:00+05:30,14956.75,14906.75,59.45,50.0,EOD_EXIT
long,2021-05-21 09:40:00+05:30,2021-05-21 12:05:00+05:30,15040.7,15088.95,76.1,48.25,ST_TRAIL
long,2021-05-21 13:30:00+05:30,2021-05-21 15:15:00+05:30,15106.85,15177.45,76.1,70.6,EOD_EXIT
long,2021-05-24 10:25:00+05:30,2021-05-24 12:40:00+05:30,15207.55,15192.5,18.8,-15.05,ST_TRAIL
long,2021-05-24 13:05:00+05:30,2021-05-24 15:00:00+05:30,15222.35,15216.5,29.6,-5.85,ST_TRAIL
short,2021-05-25 13:30:00+05:30,2021-05-25 14:30:00+05:30,15215.5,15210.5,48.3,5.0,ST_TRAIL
long,2021-05-26 10:05:00+05:30,2021-05-26 13:40:00+05:30,15245.1,15289.45,67.6,44.35,ST_TRAIL
long,2021-05-27 10:20:00+05:30,2021-05-27 12:25:00+05:30,15317.15,15335.45,40.1,18.3,ST_TRAIL
long,2021-05-27 13:35:00+05:30,2021-05-27 14:05:00+05:30,15351.6,15326.95,0.0,-24.65,ST_TRAIL
long,2021-05-31 10:00:00+05:30,2021-05-31 13:20:00+05:30,15460.5,15543.35,110.85,82.85,ST_TRAIL
long,2021-05-31 14:05:00+05:30,2021-05-31 15:15:00+05:30,15570.55,15596.2,25.65,25.65,EOD_EXIT
long,2021-06-01 09:40:00+05:30,2021-06-01 09:50:00+05:30,15651.0,15608.35,0.0,-42.65,ST_TRAIL
short,2021-06-01 10:05:00+05:30,2021-06-01 12:15:00+05:30,15596.6,15574.35,61.95,22.25,ST_TRAIL
short,2021-06-02 10:10:00+05:30,2021-06-02 13:30:00+05:30,15509.15,15485.9,41.65,23.25,ST_TRAIL
long,2021-06-03 13:40:00+05:30,2021-06-03 15:15:00+05:30,15645.95,15693.05,49.4,47.1,EOD_EXIT
long,2021-06-04 09:40:00+05:30,2021-06-04 10:35:00+05:30,15714.85,15684.85,15.55,-30.0,ST_TRAIL
short,2021-06-04 11:20:00+05:30,2021-06-04 12:25:00+05:30,15648.3,15680.75,0.0,-32.45,ST_TRAIL
short,2021-06-04 13:05:00+05:30,2021-06-04 14:10:00+05:30,15664.6,15662.7,36.1,1.9,ST_TRAIL
long,2021-06-07 10:20:00+05:30,2021-06-07 12:40:00+05:30,15720.5,15715.85,17.2,-4.65,ST_TRAIL
long,2021-06-07 13:25:00+05:30,2021-06-07 15:15:00+05:30,15742.0,15748.8,29.55,6.8,EOD_EXIT
short,2021-06-08 09:45:00+05:30,2021-06-08 10:55:00+05:30,15711.05,15723.95,21.15,-12.9,ST_TRAIL
long,2021-06-09 09:35:00+05:30,2021-06-09 12:50:00+05:30,15771.3,15775.5,25.0,4.2,ST_TRAIL
short,2021-06-09 13:05:00+05:30,2021-06-09 13:40:00+05:30,15741.2,15694.75,81.55,46.45,ST_TRAIL
short,2021-06-09 14:30:00+05:30,2021-06-09 15:15:00+05:30,15607.6,15645.5,28.05,-37.9,EOD_EXIT
long,2021-06-10 09:40:00+05:30,2021-06-10 12:40:00+05:30,15699.9,15696.85,35.8,-3.05,ST_TRAIL
long,2021-06-10 13:20:00+05:30,2021-06-10 15:15:00+05:30,15734.95,15734.6,11.4,-0.35,EOD_EXIT
short,2021-06-11 13:30:00+05:30,2021-06-11 13:50:00+05:30,15778.4,15793.15,3.45,-14.75,ST_TRAIL
long,2021-06-14 10:05:00+05:30,2021-06-14 13:10:00+05:30,15714.15,15722.65,30.4,8.5,ST_TRAIL
long,2021-06-14 13:50:00+05:30,2021-06-14 15:15:00+05:30,15803.6,15816.65,13.05,13.05,EOD_EXIT
long,2021-06-15 09:40:00+05:30,2021-06-15 13:35:00+05:30,15887.3,15863.25,13.5,-24.05,ST_TRAIL
long,2021-06-15 14:05:00+05:30,2021-06-15 14:40:00+05:30,15888.45,15871.05,4.15,-17.4,ST_TRAIL
short,2021-06-16 09:50:00+05:30,2021-06-16 13:10:00+05:30,15839.75,15788.7,75.5,51.05,ST_TRAIL
long,2021-06-16 14:00:00+05:30,2021-06-16 15:00:00+05:30,15807.35,15780.7,17.9,-26.65,ST_TRAIL
long,2021-06-17 10:40:00+05:30,2021-06-17 11:20:00+05:30,15753.45,15730.35,0.0,-23.1,ST_TRAIL
long,2021-06-17 13:00:00+05:30,2021-06-17 13:25:00+05:30,15733.4,15707.75,0.0,-25.65,ST_TRAIL
short,2021-06-17 14:05:00+05:30,2021-06-17 15:00:00+05:30,15684.3,15694.35,58.3,-10.05,BREAKEVEN_SL
short,2021-06-18 09:45:00+05:30,2021-06-18 11:20:00+05:30,15648.85,15566.85,190.4,82.0,ST_TRAIL
long,2021-06-21 13:30:00+05:30,2021-06-21 13:45:00+05:30,15686.3,15665.35,6.4,-20.95,ST_TRAIL
long,2021-06-21 14:10:00+05:30,2021-06-21 15:15:00+05:30,15715.1,15749.95,34.85,34.85,EOD_EXIT
long,2021-06-22 09:40:00+05:30,2021-06-22 11:15:00+05:30,15876.55,15861.4,14.75,-15.15,ST_TRAIL
short,2021-06-23 09:35:00+05:30,2021-06-23 10:50:00+05:30,15808.0,15786.2,71.95,21.8,ST_TRAIL
short,2021-06-23 13:15:00+05:30,2021-06-23 13:35:00+05:30,15729.3,15752.65,5.85,-23.35,ST_TRAIL
short,2021-06-23 14:20:00+05:30,2021-06-23 15:15:00+05:30,15733.75,15689.05,50.1,44.7,EOD_EXIT
long,2021-06-24 09:40:00+05:30,2021-06-24 14:20:00+05:30,15756.35,15765.55,55.55,9.2,ST_TRAIL
long,2021-06-25 14:00:00+05:30,2021-06-25 15:15:00+05:30,15868.15,15863.8,0.1,-4.35,EOD_EXIT
short,2021-06-28 10:30:00+05:30,2021-06-28 13:15:00+05:30,15849.75,15850.1,33.75,-0.35,ST_TRAIL
short,2021-06-28 13:40:00+05:30,2021-06-28 15:15:00+05:30,15829.8,15811.7,21.8,18.1,EOD_EXIT
short,2021-06-29 09:55:00+05:30,2021-06-29 12:50:00+05:30,15784.45,15775.05,40.35,9.4,ST_TRAIL
long,2021-06-30 10:40:00+05:30,2021-06-30 12:40:00+05:30,15824.5,15818.15,13.25,-6.35,ST_TRAIL
short,2021-06-30 13:40:00+05:30,2021-06-30 15:15:00+05:30,15782.7,15716.1,68.75,66.6,EOD_EXIT
short,2021-07-01 10:35:00+05:30,2021-07-01 12:50:00+05:30,15694.8,15715.85,7.7,-21.05,ST_TRAIL
short,2021-07-01 13:55:00+05:30,2021-07-01 15:15:00+05:30,15705.8,15680.15,33.7,25.65,EOD_EXIT
short,2021-07-02 10:50:00+05:30,2021-07-02 11:20:00+05:30,15644.05,15671.25,0.0,-27.2,ST_TRAIL
long,2021-07-02 14:25:00+05:30,2021-07-02 15:15:00+05:30,15706.4,15725.0,18.6,18.6,EOD_EXIT
long,2021-07-05 09:40:00+05:30,2021-07-05 12:15:00+05:30,15814.1,15810.4,16.3,-3.7,ST_TRAIL
long,2021-07-05 13:10:00+05:30,2021-07-05 14:25:00+05:30,15820.7,15811.7,12.1,-9.0,ST_TRAIL
long,2021-07-06 09:55:00+05:30,2021-07-06 10:20:00+05:30,15870.5,15849.6,0.0,-20.9,ST_TRAIL
long,2021-07-06 13:30:00+05:30,2021-07-06 14:15:00+05:30,15899.05,15873.55,12.55,-25.5,ST_TRAIL
short,2021-07-07 11:00:00+05:30,2021-07-07 11:10:00+05:30,15814.9,15827.0,0.0,-12.1,ST_TRAIL
short,2021-07-07 13:00:00+05:30,2021-07-07 13:50:00+05:30,15814.45,15841.6,0.0,-27.15,ST_TRAIL
short,2021-07-08 10:25:00+05:30,2021-07-08 13:40:00+05:30,15831.9,15773.35,82.8,58.55,ST_TRAIL
short,2021-07-08 13:55:00+05:30,2021-07-08 14:45:00+05:30,15717.2,15726.1,19.95,-8.9,ST_TRAIL
long,2021-07-09 14:05:00+05:30,2021-07-09 14:30:00+05:30,15694.15,15659.7,5.8,-34.45,ST_TRAIL
long,2021-07-13 09:55:00+05:30,2021-07-13 13:20:00+05:30,15770.4,15789.7,35.1,19.3,ST_TRAIL
long,2021-07-13 14:00:00+05:30,2021-07-13 15:15:00+05:30,15804.25,15817.1,12.85,12.85,EOD_EXIT
long,2021-07-14 10:30:00+05:30,2021-07-14 13:35:00+05:30,15801.95,15852.8,73.15,50.85,ST_TRAIL
long,2021-07-15 09:40:00+05:30,2021-07-15 12:45:00+05:30,15892.35,15923.35,51.65,31.0,ST_TRAIL
long,2021-07-15 13:10:00+05:30,2021-07-15 14:45:00+05:30,15932.3,15924.95,18.7,-7.35,ST_TRAIL
long,2021-07-16 09:40:00+05:30,2021-07-16 10:00:00+05:30,15953.7,15930.55,2.15,-23.15,ST_TRAIL
long,2021-07-16 10:45:00+05:30,2021-07-16 11:35:00+05:30,15938.1,15916.5,2.85,-21.6,ST_TRAIL
short,2021-07-16 13:40:00+05:30,2021-07-16 14:20:00+05:30,15897.7,15922.05,11.45,-24.35,ST_TRAIL
short,2021-07-19 14:20:00+05:30,2021-07-19 14:55:00+05:30,15746.05,15746.6,35.1,-0.55,ST_TRAIL
short,2021-07-20 10:35:00+05:30,2021-07-20 12:25:00+05:30,15634.45,15615.85,52.55,18.6,ST_TRAIL
long,2021-07-22 09:40:00+05:30,2021-07-22 12:55:00+05:30,15765.65,15805.1,55.6,39.45,ST_TRAIL
long,2021-07-22 13:25:00+05:30,2021-07-22 14:15:00+05:30,15816.35,15787.55,0.0,-28.8,ST_TRAIL
long,2021-07-23 13:10:00+05:30,2021-07-23 15:00:00+05:30,15874.65,15870.5,20.35,-4.15,ST_TRAIL
long,2021-07-27 10:10:00+05:30,2021-07-27 10:50:00+05:30,15868.75,15852.5,7.45,-16.25,ST_TRAIL
short,2021-07-27 13:05:00+05:30,2021-07-27 13:25:00+05:30,15717.5,15753.95,2.1,-36.45,ST_TRAIL
short,2021-07-27 14:15:00+05:30,2021-07-27 15:00:00+05:30,15723.75,15751.2,10.8,-27.45,ST_TRAIL
short,2021-07-28 09:50:00+05:30,2021-07-28 11:10:00+05:30,15644.45,15587.9,96.3,56.55,ST_TRAIL
long,2021-07-28 13:15:00+05:30,2021-07-28 14:05:00+05:30,15674.4,15680.15,33.15,5.75,ST_TRAIL
long,2021-07-29 10:15:00+05:30,2021-07-29 12:20:00+05:30,15767.2,15769.4,32.15,2.2,ST_TRAIL
long,2021-07-29 13:05:00+05:30,2021-07-29 14:15:00+05:30,15800.45,15786.8,14.6,-13.65,ST_TRAIL
long,2021-07-30 09:35:00+05:30,2021-07-30 14:35:00+05:30,15812.65,15826.3,43.75,13.65,ST_TRAIL
long,2021-08-02 10:50:00+05:30,2021-08-02 14:20:00+05:30,15866.4,15868.7,19.0,2.3,ST_TRAIL
long,2021-08-03 09:55:00+05:30,2021-08-03 15:15:00+05:30,15958.55,16144.75,186.2,186.2,EOD_EXIT
long,2021-08-04 10:00:00+05:30,2021-08-04 11:15:00+05:30,16262.35,16253.6,23.6,-8.75,ST_TRAIL
short,2021-08-04 13:05:00+05:30,2021-08-04 13:40:00+05:30,16222.6,16265.3,0.0,-42.7,ST_TRAIL
long,2021-08-04 14:25:00+05:30,2021-08-04 14:50:00+05:30,16278.15,16252.65,0.0,-25.5,ST_TRAIL
long,2021-08-05 09:55:00+05:30,2021-08-05 14:30:00+05:30,16262.95,16313.75,80.75,50.8,ST_TRAIL
long,2021-08-09 09:40:00+05:30,2021-08-09 10:15:00+05:30,16303.15,16285.2,13.25,-17.95,ST_TRAIL
short,2021-08-09 13:40:00+05:30,2021-08-09 14:10:00+05:30,16196.6,16230.75,12.0,-34.15,ST_TRAIL
long,2021-08-10 09:40:00+05:30,2021-08-10 11:10:00+05:30,16312.2,16318.7,36.1,6.5,ST_TRAIL
short,2021-08-10 14:00:00+05:30,2021-08-10 14:35:00+05:30,16270.45,16264.45,62.1,6.0,ST_TRAIL
short,2021-08-11 10:00:00+05:30,2021-08-11 12:20:00+05:30,16228.0,16216.75,55.3,11.25,ST_TRAIL
long,2021-08-11 13:20:00+05:30,2021-08-11 14:25:00+05:30,16256.1,16236.9,13.85,-19.2,ST_TRAIL
long,2021-08-12 10:05:00+05:30,2021-08-12 14:10:00+05:30,16331.05,16349.25,35.45,18.2,ST_TRAIL
long,2021-08-13 09:40:00+05:30,2021-08-13 13:05:00+05:30,16442.05,16470.05,63.3,28.0,ST_TRAIL
long,2021-08-13 14:00:00+05:30,2021-08-13 15:15:00+05:30,16504.5,16531.15,32.55,26.65,EOD_EXIT
long,2021-08-16 10:15:00+05:30,2021-08-16 12:30:00+05:30,16539.9,16537.25,34.2,-2.65,ST_TRAIL
long,2021-08-16 13:35:00+05:30,2021-08-16 15:15:00+05:30,16566.1,16558.8,17.35,-7.3,EOD_EXIT
short,2021-08-17 09:55:00+05:30,2021-08-17 10:35:00+05:30,16538.45,16577.35,0.0,-38.9,ST_TRAIL
short,2021-08-17 13:00:00+05:30,2021-08-17 13:30:00+05:30,16509.15,16557.15,0.0,-48.0,ST_TRAIL
long,2021-08-18 10:35:00+05:30,2021-08-18 11:15:00+05:30,16694.3,16667.45,0.0,-26.85,ST_TRAIL
short,2021-08-18 13:00:00+05:30,2021-08-18 15:00:00+05:30,16581.05,16583.95,41.35,-2.9,BREAKEVEN_SL
short,2021-08-20 10:35:00+05:30,2021-08-20 11:20:00+05:30,16425.6,16453.1,15.4,-27.5,ST_TRAIL
short,2021-08-20 13:00:00+05:30,2021-08-20 14:10:00+05:30,16445.05,16466.1,14.45,-21.05,ST_TRAIL
short,2021-08-23 10:30:00+05:30,2021-08-23 11:05:00+05:30,16425.85,16478.2,4.0,-52.35,STOP_LOSS
long,2021-08-23 13:45:00+05:30,2021-08-23 14:50:00+05:30,16513.95,16492.35,12.8,-21.6,ST_TRAIL
long,2021-08-24 11:30:00+05:30,2021-08-24 15:15:00+05:30,16549.75,16626.55,88.7,76.8,EOD_EXIT
long,2021-08-25 13:30:00+05:30,2021-08-25 14:10:00+05:30,16678.55,16649.8,0.5,-28.75,ST_TRAIL
short,2021-08-25 14:15:00+05:30,2021-08-25 15:15:00+05:30,16657.9,16637.9,38.75,20.0,EOD_EXIT
long,2021-08-27 10:15:00+05:30,2021-08-27 15:15:00+05:30,16646.6,16707.85,70.5,61.25,EOD_EXIT
long,2021-08-30 09:40:00+05:30,2021-08-30 11:30:00+05:30,16832.35,16854.9,45.55,22.55,ST_TRAIL
long,2021-08-30 13:00:00+05:30,2021-08-30 15:15:00+05:30,16877.05,16947.6,70.55,70.55,EOD_EXIT
long,2021-08-31 10:35:00+05:30,2021-08-31 13:15:00+05:30,16987.55,16991.45,57.25,3.9,ST_TRAIL
long,2021-08-31 13:40:00+05:30,2021-08-31 15:15:00+05:30,17035.85,17142.9,107.05,107.05,EOD_EXIT
long,2021-09-01 10:00:00+05:30,2021-09-01 10:20:00+05:30,17222.3,17158.45,0.0,-63.85,STOP_LOSS
short,2021-09-01 11:00:00+05:30,2021-09-01 12:50:00+05:30,17116.25,17119.0,37.0,-2.75,ST_TRAIL
long,2021-09-02 10:45:00+05:30,2021-09-02 15:15:00+05:30,17136.3,17236.45,103.5,100.15,EOD_EXIT
short,2021-09-03 10:45:00+05:30,2021-09-03 11:50:00+05:30,17257.2,17260.15,41.15,-2.95,BREAKEVEN_SL
long,2021-09-03 13:20:00+05:30,2021-09-03 13:55:00+05:30,17299.05,17283.2,14.05,-15.85,ST_TRAIL
long,2021-09-03 14:30:00+05:30,2021-09-03 15:15:00+05:30,17286.55,17326.65,40.1,40.1,EOD_EXIT
long,2021-09-06 13:05:00+05:30,2021-09-06 13:45:00+05:30,17388.6,17367.55,1.45,-21.05,ST_TRAIL
short,2021-09-07 10:10:00+05:30,2021-09-07 11:50:00+05:30,17310.75,17342.7,11.45,-31.95,ST_TRAIL
short,2021-09-08 13:10:00+05:30,2021-09-08 13:20:00+05:30,17263.8,17310.85,0.0,-47.05,ST_TRAIL
long,2021-09-09 10:35:00+05:30,2021-09-09 12:25:00+05:30,17357.35,17330.95,9.95,-26.4,ST_TRAIL
long,2021-09-09 13:30:00+05:30,2021-09-09 14:40:00+05:30,17334.3,17325.5,14.85,-8.8,ST_TRAIL
short,2021-09-13 10:00:00+05:30,2021-09-13 11:00:00+05:30,17286.3,17318.6,12.65,-32.3,ST_TRAIL
long,2021-09-14 13:25:00+05:30,2021-09-14 13:45:00+05:30,17401.95,17379.95,0.0,-22.0,ST_TRAIL
short,2021-09-14 13:50:00+05:30,2021-09-14 15:15:00+05:30,17377.3,17378.4,6.55,-1.1,EOD_EXIT
long,2021-09-15 10:00:00+05:30,2021-09-15 15:15:00+05:30,17447.1,17529.6,82.5,82.5,EOD_EXIT
short,2021-09-16 10:00:00+05:30,2021-09-16 10:10:00+05:30,17532.05,17559.4,0.0,-27.35,ST_TRAIL
long,2021-09-16 13:50:00+05:30,2021-09-16 15:15:00+05:30,17599.1,17622.7,41.7,23.6,EOD_EXIT
long,2021-09-17 10:25:00+05:30,2021-09-17 11:15:00+05:30,17770.6,17738.25,17.5,-32.35,ST_TRAIL
short,2021-09-17 11:20:00+05:30,2021-09-17 14:45:00+05:30,17738.25,17612.25,182.1,126.0,ST_TRAIL
short,2021-09-21 10:10:00+05:30,2021-09-21 11:40:00+05:30,17372.55,17380.9,44.8,-8.35,BREAKEVEN_SL
long,2021-09-21 13:00:00+05:30,2021-09-21 13:50:00+05:30,17433.8,17453.1,64.4,19.3,ST_TRAIL
long,2021-09-21 14:20:00+05:30,2021-09-21 15:15:00+05:30,17505.3,17570.35,65.05,65.05,EOD_EXIT
long,2021-09-22 10:05:00+05:30,2021-09-22 11:15:00+05:30,17600.7,17553.25,8.35,-47.45,ST_TRAIL
long,2021-09-23 09:55:00+05:30,2021-09-23 13:15:00+05:30,17703.05,17747.1,75.05,44.05,ST_TRAIL
long,2021-09-23 13:30:00+05:30,2021-09-23 14:55:00+05:30,17777.85,17793.7,42.8,15.85,ST_TRAIL
long,2021-09-24 10:30:00+05:30,2021-09-24 11:50:00+05:30,17925.55,17882.2,11.55,-43.35,ST_TRAIL
long,2021-09-24 13:00:00+05:30,2021-09-24 13:15:00+05:30,17883.85,17852.35,0.0,-31.5,ST_TRAIL
short,2021-09-24 13:20:00+05:30,2021-09-24 14:40:00+05:30,17864.55,17874.3,34.0,-9.75,ST_TRAIL
short,2021-09-27 10:45:00+05:30,2021-09-27 11:55:00+05:30,17841.2,17848.15,38.15,-6.95,ST_TRAIL
short,2021-09-28 10:45:00+05:30,2021-09-28 13:30:00+05:30,17826.35,17678.0,206.85,148.35,ST_TRAIL
short,2021-09-28 14:00:00+05:30,2021-09-28 14:40:00+05:30,17638.6,17635.55,55.8,3.05,ST_TRAIL
short,2021-09-29 10:50:00+05:30,2021-09-29 11:45:00+05:30,17614.05,17675.4,0.0,-61.35,STOP_LOSS
long,2021-09-29 14:20:00+05:30,2021-09-29 14:55:00+05:30,17751.65,17725.0,18.65,-26.65,ST_TRAIL
short,2021-09-30 14:25:00+05:30,2021-09-30 15:15:00+05:30,17600.1,17607.35,0.0,-7.25,EOD_EXIT
long,2021-10-04 09:45:00+05:30,2021-10-04 11:30:00+05:30,17671.4,17704.85,75.2,33.45,ST_TRAIL
long,2021-10-06 10:45:00+05:30,2021-10-06 12:35:00+05:30,17832.55,17832.45,40.75,-0.1,BREAKEVEN_SL
short,2021-10-06 13:15:00+05:30,2021-10-06 13:25:00+05:30,17724.2,17782.4,0.0,-58.2,STOP_LOSS
long,2021-10-07 09:40:00+05:30,2021-10-07 13:30:00+05:30,17817.9,17824.95,34.7,7.05,ST_TRAIL
long,2021-10-08 10:35:00+05:30,2021-10-08 12:10:00+05:30,17939.3,17864.75,0.0,-74.55,STOP_LOSS
long,2021-10-08 14:15:00+05:30,2021-10-08 15:05:00+05:30,17924.0,17894.2,10.95,-29.8,ST_TRAIL
long,2021-10-11 09:35:00+05:30,2021-10-11 11:55:00+05:30,17931.35,17991.95,95.5,60.6,ST_TRAIL
short,2021-10-12 09:35:00+05:30,2021-10-12 12:40:00+05:30,17939.2,17927.05,66.9,12.15,ST_TRAIL
long,2021-10-12 14:10:00+05:30,2021-10-12 15:15:00+05:30,17963.85,18004.4,40.55,40.55,EOD_EXIT
long,2021-10-13 09:40:00+05:30,2021-10-13 11:45:00+05:30,18089.35,18116.15,52.95,26.8,ST_TRAIL
long,2021-10-13 13:15:00+05:30,2021-10-13 14:10:00+05:30,18173.1,18163.4,17.45,-9.7,ST_TRAIL
long,2021-10-14 10:50:00+05:30,2021-10-14 12:30:00+05:30,18286.05,18293.1,33.95,7.05,ST_TRAIL
long,2021-10-18 10:25:00+05:30,2021-10-18 12:55:00+05:30,18499.05,18507.75,41.7,8.7,ST_TRAIL
long,2021-10-18 13:55:00+05:30,2021-10-18 14:40:00+05:30,18514.1,18486.25,15.45,-27.85,ST_TRAIL
short,2021-10-19 10:05:00+05:30,2021-10-19 10:10:00+05:30,18407.65,18459.6,0.0,-51.95,STOP_LOSS
short,2021-10-19 14:15:00+05:30,2021-10-19 15:15:00+05:30,18508.95,18384.65,124.3,124.3,EOD_EXIT
short,2021-10-20 10:55:00+05:30,2021-10-20 15:15:00+05:30,18389.05,18266.55,168.45,122.5,EOD_EXIT
short,2021-10-21 10:15:00+05:30,2021-10-21 11:35:00+05:30,18229.5,18180.85,104.65,48.65,ST_TRAIL
short,2021-10-21 13:30:00+05:30,2021-10-21 14:25:00+05:30,18092.95,18102.2,41.3,-9.25,BREAKEVEN_SL
long,2021-10-22 09:40:00+05:30,2021-10-22 10:15:00+05:30,18308.1,18246.55,0.0,-61.55,STOP_LOSS
short,2021-10-22 14:25:00+05:30,2021-10-22 14:50:00+05:30,18064.8,18127.65,0.0,-62.85,STOP_LOSS
short,2021-10-25 09:35:00+05:30,2021-10-25 10:35:00+05:30,18079.95,18075.65,94.75,4.3,ST_TRAIL
long,2021-10-25 11:20:00+05:30,2021-10-25 12:20:00+05:30,18173.8,18122.85,22.9,-50.95,STOP_LOSS
short,2021-10-26 10:45:00+05:30,2021-10-26 12:00:00+05:30,18132.55,18177.35,23.95,-44.8,ST_TRAIL
long,2021-10-26 13:30:00+05:30,2021-10-26 15:15:00+05:30,18189.95,18279.55,89.6,89.6,EOD_EXIT
long,2021-10-27 11:15:00+05:30,2021-10-27 12:10:00+05:30,18311.2,18294.15,26.5,-17.05,ST_TRAIL
short,2021-10-28 09:40:00+05:30,2021-10-28 11:45:00+05:30,18070.45,18073.45,63.2,-3.0,BREAKEVEN_SL
short,2021-10-28 14:00:00+05:30,2021-10-28 15:15:00+05:30,17929.95,17835.95,94.0,94.0,EOD_EXIT
long,2021-10-29 10:45:00+05:30,2021-10-29 11:10:00+05:30,17902.95,17832.3,0.0,-70.65,STOP_LOSS
short,2021-10-29 13:15:00+05:30,2021-10-29 14:25:00+05:30,17722.35,17704.7,87.2,17.65,ST_TRAIL
long,2021-11-01 10:00:00+05:30,2021-11-01 10:15:00+05:30,17807.9,17743.45,0.0,-64.45,STOP_LOSS
long,2021-11-01 13:15:00+05:30,2021-11-01 15:15:00+05:30,17815.9,17934.05,122.9,118.15,EOD_EXIT
long,2021-11-03 09:40:00+05:30,2021-11-03 11:45:00+05:30,17970.65,17929.25,11.65,-41.4,ST_TRAIL
short,2021-11-03 13:10:00+05:30,2021-11-03 13:50:00+05:30,17808.85,17867.0,5.85,-58.15,STOP_LOSS
short,2021-11-03 14:20:00+05:30,2021-11-03 15:00:00+05:30,17807.3,17836.45,23.95,-29.15,ST_TRAIL
short,2021-11-08 09:55:00+05:30,2021-11-08 11:05:00+05:30,17864.8,17917.25,9.75,-52.45,STOP_LOSS
long,2021-11-08 13:00:00+05:30,2021-11-08 15:15:00+05:30,18029.7,18067.15,45.8,37.45,EOD_EXIT
long,2021-11-09 09:40:00+05:30,2021-11-09 09:45:00+05:30,18099.45,18056.3,0.0,-43.15,ST_TRAIL
long,2021-11-09 13:05:00+05:30,2021-11-09 13:30:00+05:30,18037.8,18020.15,20.45,-17.65,ST_TRAIL
long,2021-11-09 14:30:00+05:30,2021-11-09 14:50:00+05:30,18037.85,18004.65,0.0,-33.2,ST_TRAIL
long,2021-11-10 13:40:00+05:30,2021-11-10 14:40:00+05:30,18015.35,18008.5,41.0,-6.85,BREAKEVEN_SL
short,2021-11-11 10:10:00+05:30,2021-11-11 11:55:00+05:30,17877.65,17880.75,40.85,-3.1,BREAKEVEN_SL
short,2021-11-11 13:55:00+05:30,2021-11-11 14:30:00+05:30,17851.55,17850.1,46.5,1.45,ST_TRAIL
long,2021-11-12 11:25:00+05:30,2021-11-12 15:05:00+05:30,17954.9,18090.1,163.95,135.2,ST_TRAIL
short,2021-11-15 11:30:00+05:30,2021-11-15 14:05:00+05:30,18122.7,18135.1,38.75,-12.4,ST_TRAIL
short,2021-11-16 11:10:00+05:30,2021-11-16 11:35:00+05:30,18037.5,18061.6,8.95,-24.1,ST_TRAIL
long,2021-11-16 13:15:00+05:30,2021-11-16 13:40:00+05:30,18123.5,18094.8,0.0,-28.7,ST_TRAIL
short,2021-11-16 14:20:00+05:30,2021-11-16 15:15:00+05:30,18023.2,17986.25,36.95,36.95,EOD_EXIT
long,2021-11-17 10:30:00+05:30,2021-11-17 10:55:00+05:30,18011.45,17979.15,6.5,-32.3,ST_TRAIL
short,2021-11-17 14:10:00+05:30,2021-11-17 15:15:00+05:30,17969.3,17887.65,81.65,81.65,EOD_EXIT
short,2021-11-18 10:10:00+05:30,2021-11-18 12:45:00+05:30,17795.05,17741.85,104.75,53.2,ST_TRAIL
long,2021-11-18 13:45:00+05:30,2021-11-18 14:30:00+05:30,17802.75,17763.3,3.4,-39.45,ST_TRAIL
short,2021-11-22 10:25:00+05:30,2021-11-22 13:00:00+05:30,17602.3,17509.35,176.8,92.95,ST_TRAIL
short,2021-11-22 13:30:00+05:30,2021-11-22 14:40:00+05:30,17418.5,17363.15,116.05,55.35,ST_TRAIL
long,2021-11-23 09:40:00+05:30,2021-11-23 10:10:00+05:30,17399.2,17339.6,16.1,-59.6,STOP_LOSS
long,2021-11-23 13:25:00+05:30,2021-11-23 15:15:00+05:30,17497.9,17494.6,45.7,-3.3,BREAKEVEN_SL
long,2021-11-24 11:05:00+05:30,2021-11-24 11:35:00+05:30,17582.25,17540.4,8.3,-41.85,ST_TRAIL
short,2021-11-24 14:25:00+05:30,2021-11-24 15:15:00+05:30,17510.65,17409.85,100.8,100.8,EOD_EXIT
short,2021-11-25 09:55:00+05:30,2021-11-25 10:35:00+05:30,17368.35,17422.0,9.15,-53.65,STOP_LOSS
long,2021-11-25 11:20:00+05:30,2021-11-25 12:50:00+05:30,17475.4,17470.9,59.6,-4.5,BREAKEVEN_SL
long,2021-11-25 13:10:00+05:30,2021-11-25 15:05:00+05:30,17516.15,17512.55,46.6,-3.6,BREAKEVEN_SL
short,2021-11-26 10:25:00+05:30,2021-11-26 11:10:00+05:30,17158.6,17165.8,58.75,-7.2,BREAKEVEN_SL
short,2021-11-26 13:40:00+05:30,2021-11-26 14:15:00+05:30,17115.05,17139.25,39.3,-24.2,ST_TRAIL
long,2021-11-29 10:00:00+05:30,2021-11-29 10:20:00+05:30,17075.65,17003.15,9.45,-72.5,STOP_LOSS
long,2021-11-29 11:15:00+05:30,2021-11-29 12:55:00+05:30,17122.5,17086.85,32.0,-35.65,ST_TRAIL
long,2021-11-29 14:05:00+05:30,2021-11-29 14:15:00+05:30,17121.5,17086.4,6.85,-35.1,ST_TRAIL
long,2021-11-30 09:40:00+05:30,2021-11-30 10:50:00+05:30,17245.9,17251.3,73.6,5.4,ST_TRAIL
short,2021-11-30 11:05:00+05:30,2021-11-30 12:50:00+05:30,17164.65,17127.1,147.0,37.55,ST_TRAIL
long,2021-12-01 11:05:00+05:30,2021-12-01 12:15:00+05:30,17190.9,17150.4,20.55,-40.5,ST_TRAIL
long,2021-12-01 14:30:00+05:30,2021-12-01 15:15:00+05:30,17147.9,17180.7,36.3,32.8,EOD_EXIT
long,2021-12-02 09:40:00+05:30,2021-12-02 12:00:00+05:30,17262.85,17280.8,58.1,17.95,ST_TRAIL
long,2021-12-02 13:10:00+05:30,2021-12-02 14:00:00+05:30,17319.85,17283.45,15.8,-36.4,ST_TRAIL
long,2021-12-02 14:30:00+05:30,2021-12-02 15:15:00+05:30,17337.05,17411.0,73.95,73.95,EOD_EXIT
short,2021-12-03 13:35:00+05:30,2021-12-03 14:55:00+05:30,17276.8,17246.3,69.7,30.5,ST_TRAIL
short,2021-12-06 11:05:00+05:30,2021-12-06 12:55:00+05:30,17113.0,17078.35,74.5,34.65,ST_TRAIL
short,2021-12-06 13:40:00+05:30,2021-12-06 15:15:00+05:30,17049.8,16896.75,153.05,153.05,EOD_EXIT
long,2021-12-07 09:50:00+05:30,2021-12-07 12:50:00+05:30,17084.2,17153.35,120.5,69.15,ST_TRAIL
long,2021-12-07 13:15:00+05:30,2021-12-07 14:55:00+05:30,17197.25,17210.75,51.55,13.5,ST_TRAIL
long,2021-12-08 09:40:00+05:30,2021-12-08 15:15:00+05:30,17402.8,17467.6,70.2,64.8,EOD_EXIT
long,2021-12-09 13:00:00+05:30,2021-12-09 13:35:00+05:30,17521.0,17484.65,10.0,-36.35,ST_TRAIL
short,2021-12-10 10:10:00+05:30,2021-12-10 13:35:00+05:30,17443.3,17443.6,31.8,-0.3,ST_TRAIL
short,2021-12-13 13:00:00+05:30,2021-12-13 15:15:00+05:30,17379.95,17364.15,17.1,15.8,EOD_EXIT
short,2021-12-14 10:20:00+05:30,2021-12-14 11:25:00+05:30,17259.65,17294.55,30.6,-34.9,ST_TRAIL
long,2021-12-14 13:10:00+05:30,2021-12-14 13:50:00+05:30,17347.45,17313.95,17.95,-33.5,ST_TRAIL
short,2021-12-14 14:25:00+05:30,2021-12-14 15:00:00+05:30,17264.35,17326.85,0.0,-62.5,STOP_LOSS
short,2021-12-15 10:40:00+05:30,2021-12-15 11:25:00+05:30,17208.35,17266.65,1.0,-58.3,STOP_LOSS
short,2021-12-16 11:30:00+05:30,2021-12-16 12:50:00+05:30,17232.9,17265.75,24.9,-32.85,ST_TRAIL
short,2021-12-16 14:15:00+05:30,2021-12-16 15:10:00+05:30,17234.7,17236.85,42.7,-2.15,BREAKEVEN_SL
short,2021-12-17 09:50:00+05:30,2021-12-17 12:55:00+05:30,17105.25,17059.0,110.25,46.25,ST_TRAIL
short,2021-12-17 14:20:00+05:30,2021-12-17 15:15:00+05:30,17029.0,16977.75,51.25,51.25,EOD_EXIT
short,2021-12-20 09:40:00+05:30,2021-12-20 13:20:00+05:30,16655.8,16502.0,233.55,153.8,ST_TRAIL
long,2021-12-20 14:30:00+05:30,2021-12-20 15:15:00+05:30,16574.0,16619.45,45.45,45.45,EOD_EXIT
long,2021-12-21 10:25:00+05:30,2021-12-21 13:05:00+05:30,16859.0,16886.95,73.45,27.95,ST_TRAIL
short,2021-12-21 14:05:00+05:30,2021-12-21 14:45:00+05:30,16790.7,16773.4,95.15,17.3,ST_TRAIL
long,2021-12-22 09:45:00+05:30,2021-12-22 10:20:00+05:30,16898.7,16833.1,3.3,-65.6,STOP_LOSS
long,2021-12-22 14:30:00+05:30,2021-12-22 15:15:00+05:30,16890.1,16960.7,70.6,70.6,EOD_EXIT
long,2021-12-23 09:50:00+05:30,2021-12-23 10:10:00+05:30,17105.35,17057.75,0.0,-47.6,ST_TRAIL
long,2021-12-23 13:25:00+05:30,2021-12-23 13:35:00+05:30,17104.0,17085.4,0.0,-18.6,ST_TRAIL
short,2021-12-23 14:15:00+05:30,2021-12-23 15:00:00+05:30,17046.2,17083.9,0.0,-37.7,ST_TRAIL
short,2021-12-24 09:35:00+05:30,2021-12-24 12:10:00+05:30,17006.6,16988.65,84.4,17.95,ST_TRAIL
long,2021-12-24 14:05:00+05:30,2021-12-24 14:55:00+05:30,17033.75,17007.9,25.25,-25.85,ST_TRAIL
long,2021-12-27 10:30:00+05:30,2021-12-27 14:15:00+05:30,16994.4,17049.25,94.55,54.85,ST_TRAIL
long,2021-12-28 10:20:00+05:30,2021-12-28 13:00:00+05:30,17201.4,17218.85,40.35,17.45,ST_TRAIL
long,2021-12-28 13:55:00+05:30,2021-12-28 14:35:00+05:30,17234.7,17210.9,9.8,-23.8,ST_TRAIL
long,2021-12-29 09:40:00+05:30,2021-12-29 10:15:00+05:30,17263.5,17213.1,19.35,-50.4,STOP_LOSS
long,2021-12-30 10:00:00+05:30,2021-12-30 11:10:00+05:30,17238.25,17231.1,22.7,-7.15,ST_TRAIL
long,2021-12-31 09:40:00+05:30,2021-12-31 14:10:00+05:30,17339.75,17353.95,57.15,14.2,ST_TRAIL
long,2022-01-03 09:40:00+05:30,2022-01-03 14:55:00+05:30,17463.35,17612.2,174.55,148.85,ST_TRAIL
long,2022-01-04 10:00:00+05:30,2022-01-04 11:20:00+05:30,17697.65,17671.2,33.85,-26.45,ST_TRAIL
long,2022-01-04 14:05:00+05:30,2022-01-04 15:15:00+05:30,17727.4,17816.25,88.85,88.85,EOD_EXIT
long,2022-01-05 09:55:00+05:30,2022-01-05 10:50:00+05:30,17842.8,17804.1,5.15,-38.7,ST_TRAIL
long,2022-01-05 11:25:00+05:30,2022-01-05 14:55:00+05:30,17848.9,17892.7,83.4,43.8,ST_TRAIL
long,2022-01-06 13:40:00+05:30,2022-01-06 13:55:00+05:30,17737.2,17709.2,2.8,-28.0,ST_TRAIL
long,2022-01-06 14:25:00+05:30,2022-01-06 15:10:00+05:30,17773.9,17739.25,7.0,-34.65,ST_TRAIL
long,2022-01-07 09:40:00+05:30,2022-01-07 10:50:00+05:30,17887.45,17850.25,13.5,-37.2,ST_TRAIL
short,2022-01-07 14:15:00+05:30,2022-01-07 15:00:00+05:30,17756.7,17804.4,0.0,-47.7,ST_TRAIL
long,2022-01-10 10:05:00+05:30,2022-01-10 11:45:00+05:30,17958.1,17918.9,15.3,-39.2,ST_TRAIL
long,2022-01-11 10:35:00+05:30,2022-01-11 13:45:00+05:30,18035.05,18045.2,40.95,10.15,ST_TRAIL
long,2022-01-11 14:20:00+05:30,2022-01-11 14:30:00+05:30,18063.7,18038.05,0.0,-25.65,ST_TRAIL
long,2022-01-12 10:35:00+05:30,2022-01-12 12:25:00+05:30,18183.0,18183.7,29.15,0.7,ST_TRAIL
long,2022-01-13 09:40:00+05:30,2022-01-13 10:00:00+05:30,18264.2,18209.35,0.0,-54.85,STOP_LOSS
short,2022-01-13 10:05:00+05:30,2022-01-13 11:20:00+05:30,18197.7,18230.25,26.05,-32.55,ST_TRAIL
long,2022-01-13 13:40:00+05:30,2022-01-13 14:35:00+05:30,18228.6,18205.95,10.75,-22.65,ST_TRAIL
short,2022-01-14 10:40:00+05:30,2022-01-14 12:00:00+05:30,18166.15,18185.55,17.15,-19.4,ST_TRAIL
long,2022-01-14 13:50:00+05:30,2022-01-14 15:15:00+05:30,18247.1,18247.85,36.35,0.75,EOD_EXIT
long,2022-01-17 11:00:00+05:30,2022-01-17 13:40:00+05:30,18305.55,18267.15,6.6,-38.4,ST_TRAIL
long,2022-01-17 14:00:00+05:30,2022-01-17 15:15:00+05:30,18305.25,18308.2,11.5,2.95,EOD_EXIT
long,2022-01-18 13:15:00+05:30,2022-01-18 13:40:00+05:30,18311.25,18277.5,1.6,-33.75,ST_TRAIL
short,2022-01-19 09:40:00+05:30,2022-01-19 09:45:00+05:30,17964.6,18022.2,0.0,-57.6,STOP_LOSS
short,2022-01-19 11:00:00+05:30,2022-01-19 14:35:00+05:30,17972.3,17941.25,83.05,31.05,ST_TRAIL
short,2022-01-20 10:45:00+05:30,2022-01-20 12:20:00+05:30,17825.6,17813.4,49.65,12.2,ST_TRAIL
short,2022-01-20 13:05:00+05:30,2022-01-20 14:55:00+05:30,17785.0,17716.2,121.1,68.8,ST_TRAIL
short,2022-01-21 10:40:00+05:30,2022-01-21 11:55:00+05:30,17579.65,17629.7,12.7,-50.05,STOP_LOSS
long,2022-01-21 13:00:00+05:30,2022-01-21 13:20:00+05:30,17671.3,17648.05,28.65,-23.25,ST_TRAIL
short,2022-01-24 10:25:00+05:30,2022-01-24 14:15:00+05:30,17389.45,17115.6,387.0,273.85,ST_TRAIL
long,2022-01-25 09:50:00+05:30,2022-01-25 10:05:00+05:30,17120.05,17102.05,50.7,-18.0,BREAKEVEN_SL
long,2022-01-25 13:15:00+05:30,2022-01-25 15:15:00+05:30,17151.05,17290.45,139.4,139.4,EOD_EXIT
short,2022-01-27 09:40:00+05:30,2022-01-27 09:50:00+05:30,16960.05,17016.0,0.0,-55.95,STOP_LOSS
short,2022-01-27 11:00:00+05:30,2022-01-27 12:30:00+05:30,16969.6,16936.1,97.25,33.5,ST_TRAIL
long,2022-01-27 13:10:00+05:30,2022-01-27 14:50:00+05:30,17008.1,17096.05,163.75,87.95,ST_TRAIL
long,2022-01-28 09:40:00+05:30,2022-01-28 10:35:00+05:30,17338.6,17287.0,11.95,-51.6,STOP_LOSS
short,2022-01-28 13:50:00+05:30,2022-01-28 15:15:00+05:30,17259.95,17097.3,171.65,162.65,EOD_EXIT
long,2022-01-31 09:40:00+05:30,2022-01-31 10:40:00+05:30,17344.0,17290.3,12.05,-53.7,STOP_LOSS
long,2022-01-31 14:25:00+05:30,2022-01-31 15:00:00+05:30,17387.9,17336.6,13.55,-51.3,STOP_LOSS
long,2022-02-01 09:55:00+05:30,2022-02-01 11:30:00+05:30,17548.55,17522.9,35.0,-25.65,ST_TRAIL
short,2022-02-01 13:10:00+05:30,2022-02-01 13:15:00+05:30,17278.0,17393.8,0.0,-115.8,STOP_LOSS
short,2022-02-01 13:15:00+05:30,2022-02-01 13:30:00+05:30,17393.8,17480.35,20.15,-86.55,STOP_LOSS
long,2022-02-01 14:10:00+05:30,2022-02-01 15:15:00+05:30,17542.0,17584.55,64.1,42.55,EOD_EXIT
long,2022-02-02 09:50:00+05:30,2022-02-02 10:35:00+05:30,17739.35,17687.15,6.15,-52.2,STOP_LOSS
short,2022-02-03 11:15:00+05:30,2022-02-03 12:35:00+05:30,17694.1,17672.65,61.7,21.45,ST_TRAIL
short,2022-02-03 13:30:00+05:30,2022-02-03 14:05:00+05:30,17650.0,17630.0,50.85,20.0,ST_TRAIL
short,2022-02-04 10:20:00+05:30,2022-02-04 12:30:00+05:30,17539.25,17522.25,48.35,17.0,ST_TRAIL
short,2022-02-07 11:05:00+05:30,2022-02-07 12:40:00+05:30,17348.45,17326.7,77.65,21.75,ST_TRAIL
short,2022-02-07 13:00:00+05:30,2022-02-07 14:25:00+05:30,17269.95,17209.6,144.35,60.35,ST_TRAIL
short,2022-02-08 10:10:00+05:30,2022-02-08 11:35:00+05:30,17194.4,17150.15,145.55,44.25,ST_TRAIL
short,2022-02-08 13:00:00+05:30,2022-02-08 13:30:00+05:30,17175.85,17207.3,38.8,-31.45,ST_TRAIL
long,2022-02-09 13:25:00+05:30,2022-02-09 15:15:00+05:30,17411.65,17466.35,58.95,54.7,EOD_EXIT
short,2022-02-10 09:45:00+05:30,2022-02-10 10:05:00+05:30,17460.45,17512.4,26.9,-51.95,STOP_LOSS
long,2022-02-10 10:35:00+05:30,2022-02-10 12:20:00+05:30,17571.55,17577.65,45.45,6.1,ST_TRAIL
long,2022-02-10 13:00:00+05:30,2022-02-10 14:50:00+05:30,17609.1,17595.95,27.35,-13.15,ST_TRAIL
short,2022-02-11 09:55:00+05:30,2022-02-11 12:10:00+05:30,17353.65,17355.5,42.95,-1.85,BREAKEVEN_SL
long,2022-02-11 13:25:00+05:30,2022-02-11 14:00:00+05:30,17413.9,17395.9,30.4,-18.0,ST_TRAIL
short,2022-02-14 13:45:00+05:30,2022-02-14 15:15:00+05:30,16994.05,16837.5,157.0,156.55,EOD_EXIT
long,2022-02-15 11:05:00+05:30,2022-02-15 15:15:00+05:30,16953.55,17366.45,412.9,412.9,EOD_EXIT
long,2022-02-16 13:35:00+05:30,2022-02-16 14:15:00+05:30,17434.5,17430.5,42.3,-4.0,BREAKEVEN_SL
short,2022-02-17 09:35:00+05:30,2022-02-17 09:50:00+05:30,17287.75,17341.25,0.0,-53.5,STOP_LOSS
short,2022-02-17 10:20:00+05:30,2022-02-17 10:50:00+05:30,17278.45,17332.6,28.35,-54.15,STOP_LOSS
short,2022-02-17 14:00:00+05:30,2022-02-17 15:15:00+05:30,17365.75,17282.3,83.45,83.45,EOD_EXIT
short,2022-02-18 14:20:00+05:30,2022-02-18 15:15:00+05:30,17263.25,17266.75,2.55,-3.5,EOD_EXIT
long,2022-02-21 10:45:00+05:30,2022-02-21 13:30:00+05:30,17183.65,17293.3,162.7,109.65,ST_TRAIL
short,2022-02-22 13:00:00+05:30,2022-02-22 13:55:00+05:30,16916.9,16991.6,0.0,-74.7,STOP_LOSS
long,2022-02-22 14:10:00+05:30,2022-02-22 15:00:00+05:30,17077.55,17074.8,54.15,-2.75,BREAKEVEN_SL
long,2022-02-23 11:20:00+05:30,2022-02-23 12:30:00+05:30,17176.2,17157.35,20.85,-18.85,ST_TRAIL
long,2022-02-23 13:25:00+05:30,2022-02-23 13:55:00+05:30,17160.9,17133.15,0.0,-27.75,ST_TRAIL
short,2022-02-24 09:45:00+05:30,2022-02-24 10:00:00+05:30,16480.6,16546.0,0.0,-65.4,STOP_LOSS
short,2022-02-24 13:30:00+05:30,2022-02-24 13:45:00+05:30,16425.1,16476.15,6.25,-51.05,STOP_LOSS
short,2022-02-24 14:25:00+05:30,2022-02-24 15:15:00+05:30,16396.05,16226.4,169.65,169.65,EOD_EXIT
long,2022-02-25 09:45:00+05:30,2022-02-25 12:10:00+05:30,16658.4,16654.2,78.35,-4.2,BREAKEVEN_SL
long,2022-02-25 14:25:00+05:30,2022-02-25 14:30:00+05:30,16701.85,16642.6,0.0,-59.25,STOP_LOSS
long,2022-02-28 10:45:00+05:30,2022-02-28 14:05:00+05:30,16559.45,16650.65,172.55,91.2,ST_TRAIL
short,2022-03-02 09:55:00+05:30,2022-03-02 13:00:00+05:30,16589.15,16570.45,103.2,18.7,ST_TRAIL
short,2022-03-02 14:20:00+05:30,2022-03-02 15:00:00+05:30,16502.5,16577.85,2.45,-75.35,STOP_LOSS
short,2022-03-03 14:15:00+05:30,2022-03-03 14:30:00+05:30,16501.1,16553.65,0.0,-52.55,STOP_LOSS
short,2022-03-04 10:00:00+05:30,2022-03-04 11:25:00+05:30,16260.1,16220.3,115.15,39.8,ST_TRAIL
long,2022-03-04 13:30:00+05:30,2022-03-04 14:05:00+05:30,16414.8,16348.35,27.35,-66.45,STOP_LOSS
short,2022-03-07 09:40:00+05:30,2022-03-07 10:45:00+05:30,15796.75,15808.15,44.25,-11.4,BREAKEVEN_SL
short,2022-03-07 13:10:00+05:30,2022-03-07 14:35:00+05:30,15851.0,15811.9,113.65,39.1,ST_TRAIL
short,2022-03-08 10:50:00+05:30,2022-03-08 13:35:00+05:30,15821.8,15758.7,137.8,63.1,ST_TRAIL
long,2022-03-08 13:50:00+05:30,2022-03-08 15:15:00+05:30,15818.7,16026.9,208.2,208.2,EOD_EXIT
long,2022-03-09 10:25:00+05:30,2022-03-09 13:30:00+05:30,16151.95,16259.6,167.4,107.65,ST_TRAIL
long,2022-03-09 13:55:00+05:30,2022-03-09 15:00:00+05:30,16340.65,16346.65,72.55,6.0,ST_TRAIL
long,2022-03-10 10:00:00+05:30,2022-03-10 11:35:00+05:30,16705.05,16697.7,43.8,-7.35,BREAKEVEN_SL
short,2022-03-10 13:55:00+05:30,2022-03-10 14:30:00+05:30,16535.0,16578.05,69.2,-43.05,BREAKEVEN_SL
long,2022-03-11 09:40:00+05:30,2022-03-11 10:20:00+05:30,16643.25,16592.95,37.65,-50.3,STOP_LOSS
long,2022-03-11 14:25:00+05:30,2022-03-11 15:15:00+05:30,16608.2,16633.0,44.6,24.8,EOD_EXIT
long,2022-03-14 10:50:00+05:30,2022-03-14 15:15:00+05:30,16689.35,16865.8,192.3,176.45,EOD_EXIT
long,2022-03-15 10:25:00+05:30,2022-03-15 11:15:00+05:30,16887.85,16837.75,0.05,-50.1,STOP_LOSS
short,2022-03-15 13:25:00+05:30,2022-03-15 14:50:00+05:30,16715.45,16663.15,134.6,52.3,ST_TRAIL
long,2022-03-16 11:30:00+05:30,2022-03-16 13:00:00+05:30,16906.2,16892.75,17.8,-13.45,ST_TRAIL
long,2022-03-16 13:25:00+05:30,2022-03-16 15:15:00+05:30,16905.4,16977.45,74.4,72.05,EOD_EXIT
long,2022-03-17 09:50:00+05:30,2022-03-17 13:00:00+05:30,17219.4,17294.9,109.1,75.5,ST_TRAIL
long,2022-03-17 14:05:00+05:30,2022-03-17 14:45:00+05:30,17337.4,17292.7,0.0,-44.7,ST_TRAIL
short,2022-03-21 09:50:00+05:30,2022-03-21 11:05:00+05:30,17255.25,17273.95,32.2,-18.7,ST_TRAIL
short,2022-03-22 10:45:00+05:30,2022-03-22 11:20:00+05:30,17027.25,17078.1,6.7,-50.85,STOP_LOSS
long,2022-03-22 13:05:00+05:30,2022-03-22 14:20:00+05:30,17193.4,17251.6,117.5,58.2,ST_TRAIL
long,2022-03-23 11:00:00+05:30,2022-03-23 11:10:00+05:30,17369.35,17324.75,0.0,-44.6,ST_TRAIL
short,2022-03-23 13:55:00+05:30,2022-03-23 14:20:00+05:30,17233.2,17272.25,0.0,-39.05,ST_TRAIL
long,2022-03-24 09:45:00+05:30,2022-03-24 11:50:00+05:30,17208.8,17239.25,75.3,30.45,ST_TRAIL
short,2022-03-25 13:50:00+05:30,2022-03-25 14:25:00+05:30,17090.2,17140.9,2.7,-50.7,STOP_LOSS
short,2022-03-28 10:20:00+05:30,2022-03-28 12:10:00+05:30,17029.9,17050.4,22.05,-20.5,ST_TRAIL
long,2022-03-28 13:00:00+05:30,2022-03-28 13:30:00+05:30,17183.7,17143.95,37.0,-39.75,ST_TRAIL
long,2022-03-29 14:20:00+05:30,2022-03-29 15:15:00+05:30,17289.3,17322.2,36.2,32.9,EOD_EXIT
long,2022-03-30 09:50:00+05:30,2022-03-30 12:45:00+05:30,17453.2,17476.45,54.9,23.25,ST_TRAIL
long,2022-03-30 13:20:00+05:30,2022-03-30 13:40:00+05:30,17500.8,17462.75,0.0,-38.05,ST_TRAIL
long,2022-03-30 14:30:00+05:30,2022-03-30 15:15:00+05:30,17478.85,17497.85,32.4,19.0,EOD_EXIT
long,2022-03-31 09:45:00+05:30,2022-03-31 10:45:00+05:30,17552.7,17504.45,0.0,-48.25,ST_TRAIL
short,2022-03-31 13:25:00+05:30,2022-03-31 15:15:00+05:30,17481.8,17462.0,43.05,19.8,EOD_EXIT
long,2022-04-01 09:55:00+05:30,2022-04-01 12:00:00+05:30,17527.45,17519.7,24.4,-7.75,ST_TRAIL
long,2022-04-01 13:30:00+05:30,2022-04-01 15:15:00+05:30,17580.3,17691.35,111.05,111.05,EOD_EXIT
long,2022-04-04 09:40:00+05:30,2022-04-04 10:55:00+05:30,17975.75,17995.7,110.55,19.95,ST_TRAIL
long,2022-04-04 14:00:00+05:30,2022-04-04 15:15:00+05:30,18013.6,18064.45,52.6,50.85,EOD_EXIT
long,2022-04-05 13:15:00+05:30,2022-04-05 13:55:00+05:30,18066.25,18031.3,18.9,-34.95,ST_TRAIL
short,2022-04-06 09:55:00+05:30,2022-04-06 11:55:00+05:30,17822.15,17865.35,32.5,-43.2,ST_TRAIL
short,2022-04-07 10:35:00+05:30,2022-04-07 11:30:00+05:30,17679.8,17718.15,0.5,-38.35,ST_TRAIL
short,2022-04-07 13:30:00+05:30,2022-04-07 15:15:00+05:30,17715.75,17632.8,84.5,82.95,EOD_EXIT
short,2022-04-08 09:35:00+05:30,2022-04-08 10:45:00+05:30,17651.45,17658.45,40.45,-7.0,BREAKEVEN_SL
long,2022-04-08 14:00:00+05:30,2022-04-08 15:00:00+05:30,17817.7,17786.55,15.0,-31.15,ST_TRAIL
short,2022-04-11 13:50:00+05:30,2022-04-11 15:15:00+05:30,17739.2,17673.4,65.8,65.8,EOD_EXIT
short,2022-04-12 10:05:00+05:30,2022-04-12 11:55:00+05:30,17507.5,17526.7,35.5,-19.2,ST_TRAIL
short,2022-04-12 13:15:00+05:30,2022-04-12 13:55:00+05:30,17468.05,17494.6,18.3,-26.55,ST_TRAIL
long,2022-04-12 14:00:00+05:30,2022-04-12 15:05:00+05:30,17523.15,17538.6,65.65,15.45,ST_TRAIL
short,2022-04-13 10:05:00+05:30,2022-04-13 14:15:00+05:30,17568.2,17517.75,94.7,50.45,ST_TRAIL
short,2022-04-18 10:10:00+05:30,2022-04-18 13:20:00+05:30,17153.25,17126.35,80.45,26.9,ST_TRAIL
long,2022-04-19 11:25:00+05:30,2022-04-19 12:40:00+05:30,17204.2,17210.3,42.95,6.1,ST_TRAIL
long,2022-04-19 13:25:00+05:30,2022-04-19 14:30:00+05:30,17232.65,17215.6,31.4,-17.05,ST_TRAIL
long,2022-04-20 09:40:00+05:30,2022-04-20 11:35:00+05:30,17103.05,17067.1,17.9,-35.95,ST_TRAIL
long,2022-04-20 13:00:00+05:30,2022-04-20 13:15:00+05:30,17170.6,17130.15,0.0,-40.45,ST_TRAIL
long,2022-04-21 09:45:00+05:30,2022-04-21 15:15:00+05:30,17264.0,17389.6,141.25,125.6,EOD_EXIT
short,2022-04-22 10:15:00+05:30,2022-04-22 11:05:00+05:30,17227.6,17282.95,9.95,-55.35,STOP_LOSS
long,2022-04-22 13:40:00+05:30,2022-04-22 14:00:00+05:30,17281.3,17200.15,0.0,-81.15,STOP_LOSS
short,2022-04-25 14:25:00+05:30,2022-04-25 14:50:00+05:30,16937.25,16943.3,46.1,-6.05,BREAKEVEN_SL
short,2022-04-26 13:00:00+05:30,2022-04-26 13:25:00+05:30,17087.65,17125.35,3.5,-37.7,ST_TRAIL
short,2022-04-27 09:45:00+05:30,2022-04-27 13:20:00+05:30,17053.5,17022.1,82.8,31.4,ST_TRAIL
long,2022-04-27 13:50:00+05:30,2022-04-27 15:05:00+05:30,17068.95,17042.2,12.55,-26.75,ST_TRAIL
long,2022-04-28 13:00:00+05:30,2022-04-28 15:00:00+05:30,17234.85,17261.65,78.55,26.8,ST_TRAIL
long,2022-04-29 10:40:00+05:30,2022-04-29 13:55:00+05:30,17312.55,17340.55,60.35,28.0,ST_TRAIL
short,2022-04-29 14:00:00+05:30,2022-04-29 14:50:00+05:30,17325.35,17276.9,99.55,48.45,ST_TRAIL
short,2022-05-04 09:40:00+05:30,2022-05-04 13:15:00+05:30,17059.15,16898.75,216.15,160.4,ST_TRAIL
long,2022-05-05 10:00:00+05:30,2022-05-05 11:35:00+05:30,16868.0,16857.4,68.2,-10.6,BREAKEVEN_SL
short,2022-05-05 14:05:00+05:30,2022-05-05 15:15:00+05:30,16697.1,16690.25,20.2,6.85,EOD_EXIT
short,2022-05-06 10:10:00+05:30,2022-05-06 11:30:00+05:30,16400.9,16405.35,48.0,-4.45,BREAKEVEN_SL
short,2022-05-11 09:45:00+05:30,2022-05-11 13:35:00+05:30,16228.65,16090.5,212.9,138.15,ST_TRAIL
long,2022-05-11 14:00:00+05:30,2022-05-11 15:00:00+05:30,16160.3,16145.05,55.05,-15.25,BREAKEVEN_SL
short,2022-05-12 09:40:00+05:30,2022-05-12 11:35:00+05:30,15875.3,15885.05,44.6,-9.75,BREAKEVEN_SL
short,2022-05-12 14:05:00+05:30,2022-05-12 14:45:00+05:30,15792.65,15801.0,51.25,-8.35,BREAKEVEN_SL
long,2022-05-13 10:50:00+05:30,2022-05-13 13:55:00+05:30,15996.2,16023.0,80.15,26.8,ST_TRAIL
short,2022-05-13 14:00:00+05:30,2022-05-13 15:15:00+05:30,16008.65,15777.0,255.6,231.65,EOD_EXIT
long,2022-05-16 09:40:00+05:30,2022-05-16 10:15:00+05:30,15926.8,15921.3,45.65,-5.5,BREAKEVEN_SL
long,2022-05-17 10:20:00+05:30,2022-05-17 12:10:00+05:30,16024.95,16104.8,118.65,79.85,ST_TRAIL
long,2022-05-17 14:10:00+05:30,2022-05-17 15:15:00+05:30,16216.6,16270.85,54.25,54.25,EOD_EXIT
long,2022-05-18 09:50:00+05:30,2022-05-18 10:05:00+05:30,16393.0,16308.9,0.0,-84.1,STOP_LOSS
long,2022-05-18 13:35:00+05:30,2022-05-18 14:05:00+05:30,16340.85,16264.45,5.95,-76.4,STOP_LOSS
short,2022-05-19 10:45:00+05:30,2022-05-19 13:25:00+05:30,15937.3,15855.45,124.5,81.85,ST_TRAIL
short,2022-05-19 14:20:00+05:30,2022-05-19 15:15:00+05:30,15831.3,15805.05,47.4,26.25,EOD_EXIT
long,2022-05-20 09:40:00+05:30,2022-05-20 12:00:00+05:30,16116.05,16162.8,78.1,46.75,ST_TRAIL
long,2022-05-20 13:15:00+05:30,2022-05-20 15:15:00+05:30,16211.65,16263.75,67.8,52.1,EOD_EXIT
long,2022-05-23 09:50:00+05:30,2022-05-23 12:40:00+05:30,16322.15,16354.4,69.05,32.25,ST_TRAIL
long,2022-05-23 13:35:00+05:30,2022-05-23 13:55:00+05:30,16400.65,16336.05,0.0,-64.6,STOP_LOSS
short,2022-05-24 09:40:00+05:30,2022-05-24 10:35:00+05:30,16166.45,16172.25,45.75,-5.8,BREAKEVEN_SL
long,2022-05-24 13:00:00+05:30,2022-05-24 13:05:00+05:30,16246.75,16162.8,0.0,-83.95,STOP_LOSS
short,2022-05-24 14:30:00+05:30,2022-05-24 15:00:00+05:30,16092.65,16139.35,0.0,-46.7,ST_TRAIL
short,2022-05-25 13:40:00+05:30,2022-05-25 14:10:00+05:30,16027.1,16083.35,5.2,-56.25,STOP_LOSS
short,2022-05-26 09:40:00+05:30,2022-05-26 12:15:00+05:30,16037.25,15962.1,126.4,75.15,ST_TRAIL
long,2022-05-26 13:00:00+05:30,2022-05-26 14:00:00+05:30,16068.3,16084.7,83.85,16.4,ST_TRAIL
long,2022-05-27 13:10:00+05:30,2022-05-27 14:30:00+05:30,16316.9,16306.55,44.8,-10.35,BREAKEVEN_SL
long,2022-05-30 10:05:00+05:30,2022-05-30 12:15:00+05:30,16621.1,16645.65,72.55,24.55,ST_TRAIL
long,2022-05-31 10:35:00+05:30,2022-05-31 11:45:00+05:30,16628.45,16621.65,28.15,-6.8,ST_TRAIL
long,2022-05-31 13:40:00+05:30,2022-05-31 14:35:00+05:30,16655.6,16640.55,33.4,-15.05,ST_TRAIL
short,2022-06-01 09:45:00+05:30,2022-06-01 10:15:00+05:30,16591.95,16596.75,40.05,-4.8,BREAKEVEN_SL
short,2022-06-01 11:20:00+05:30,2022-06-01 15:00:00+05:30,16585.8,16502.45,138.0,83.35,ST_TRAIL
long,2022-06-02 10:10:00+05:30,2022-06-02 10:50:00+05:30,16536.0,16525.85,37.6,-10.15,ST_TRAIL
long,2022-06-03 10:00:00+05:30,2022-06-03 10:40:00+05:30,16763.65,16720.8,0.0,-42.85,ST_TRAIL
short,2022-06-03 13:35:00+05:30,2022-06-03 14:05:00+05:30,16679.3,16705.95,7.95,-26.65,ST_TRAIL
short,2022-06-03 14:25:00+05:30,2022-06-03 15:15:00+05:30,16644.9,16592.65,67.75,52.25,EOD_EXIT
short,2022-06-07 09:50:00+05:30,2022-06-07 12:00:00+05:30,16404.2,16393.0,50.6,11.2,ST_TRAIL
short,2022-06-07 14:00:00+05:30,2022-06-07 15:00:00+05:30,16384.95,16421.65,6.55,-36.7,ST_TRAIL
short,2022-06-08 09:40:00+05:30,2022-06-08 10:30:00+05:30,16364.95,16409.25,31.2,-44.3,ST_TRAIL
long,2022-06-08 10:45:00+05:30,2022-06-08 12:50:00+05:30,16475.05,16438.4,4.5,-36.65,ST_TRAIL
short,2022-06-08 13:15:00+05:30,2022-06-08 15:00:00+05:30,16402.55,16376.35,77.2,26.2,ST_TRAIL
long,2022-06-09 10:30:00+05:30,2022-06-09 12:50:00+05:30,16369.8,16370.0,38.65,0.2,ST_TRAIL
long,2022-06-09 14:10:00+05:30,2022-06-09 15:15:00+05:30,16389.6,16480.7,91.1,91.1,EOD_EXIT
short,2022-06-10 10:05:00+05:30,2022-06-10 15:00:00+05:30,16258.4,16227.15,84.05,31.25,ST_TRAIL
short,2022-06-13 09:40:00+05:30,2022-06-13 11:20:00+05:30,15779.85,15814.3,26.85,-34.45,ST_TRAIL
short,2022-06-13 13:00:00+05:30,2022-06-13 14:30:00+05:30,15747.9,15743.05,54.25,4.85,ST_TRAIL
long,2022-06-14 10:35:00+05:30,2022-06-14 12:20:00+05:30,15804.65,15781.8,48.3,-22.85,BREAKEVEN_SL
short,2022-06-14 13:00:00+05:30,2022-06-14 13:10:00+05:30,15745.9,15776.4,6.4,-30.5,ST_TRAIL
short,2022-06-14 14:10:00+05:30,2022-06-14 15:15:00+05:30,15703.7,15745.95,18.5,-42.25,EOD_EXIT
short,2022-06-15 10:55:00+05:30,2022-06-15 11:55:00+05:30,15704.0,15746.65,0.0,-42.65,ST_TRAIL
short,2022-06-15 13:00:00+05:30,2022-06-15 15:15:00+05:30,15748.75,15690.25,64.6,58.5,EOD_EXIT
short,2022-06-16 10:20:00+05:30,2022-06-16 15:15:00+05:30,15736.15,15348.9,387.25,387.25,EOD_EXIT
short,2022-06-17 11:30:00+05:30,2022-06-17 12:25:00+05:30,15233.75,15292.65,3.45,-58.9,STOP_LOSS
short,2022-06-17 14:20:00+05:30,2022-06-17 14:35:00+05:30,15266.1,15324.85,0.0,-58.75,STOP_LOSS
short,2022-06-20 09:45:00+05:30,2022-06-20 10:00:00+05:30,15216.55,15304.05,0.0,-87.5,STOP_LOSS
short,2022-06-20 13:10:00+05:30,2022-06-20 13:35:00+05:30,15319.0,15320.65,41.3,-1.65,BREAKEVEN_SL
long,2022-06-21 09:55:00+05:30,2022-06-21 14:40:00+05:30,15541.7,15646.05,163.75,104.35,ST_TRAIL
short,2022-06-22 09:40:00+05:30,2022-06-22 10:30:00+05:30,15455.85,15509.95,26.1,-54.1,STOP_LOSS
short,2022-06-22 11:25:00+05:30,2022-06-22 14:05:00+05:30,15482.75,15448.95,88.4,33.8,ST_TRAIL
long,2022-06-23 09:40:00+05:30,2022-06-23 11:40:00+05:30,15546.85,15582.55,73.75,35.7,ST_TRAIL
long,2022-06-23 13:45:00+05:30,2022-06-23 15:15:00+05:30,15534.3,15556.9,50.95,22.6,EOD_EXIT
long,2022-06-24 13:05:00+05:30,2022-06-24 13:40:00+05:30,15684.35,15637.45,0.0,-46.9,ST_TRAIL
long,2022-06-24 14:10:00+05:30,2022-06-24 15:15:00+05:30,15707.45,15702.2,9.1,-5.25,EOD_EXIT
long,2022-06-27 13:05:00+05:30,2022-06-27 14:05:00+05:30,15905.1,15873.6,0.0,-31.5,ST_TRAIL
short,2022-06-28 10:00:00+05:30,2022-06-28 11:25:00+05:30,15730.95,15764.8,12.6,-33.85,ST_TRAIL
long,2022-06-28 13:40:00+05:30,2022-06-28 15:15:00+05:30,15799.55,15857.7,58.15,58.15,EOD_EXIT
long,2022-06-30 09:45:00+05:30,2022-06-30 10:15:00+05:30,15874.9,15798.15,2.8,-76.75,STOP_LOSS
short,2022-07-01 09:50:00+05:30,2022-07-01 10:25:00+05:30,15618.2,15604.95,95.0,13.25,ST_TRAIL
long,2022-07-01 13:05:00+05:30,2022-07-01 14:10:00+05:30,15691.75,15648.5,0.0,-43.25,ST_TRAIL
short,2022-07-04 10:00:00+05:30,2022-07-04 10:50:00+05:30,15674.3,15731.65,1.2,-57.35,STOP_LOSS
long,2022-07-04 13:05:00+05:30,2022-07-04 13:20:00+05:30,15785.4,15760.8,0.0,-24.6,ST_TRAIL
long,2022-07-04 14:15:00+05:30,2022-07-04 15:15:00+05:30,15790.7,15839.9,51.7,49.2,EOD_EXIT
long,2022-07-05 09:50:00+05:30,2022-07-05 12:40:00+05:30,15963.95,15992.3,61.05,28.35,ST_TRAIL
short,2022-07-05 13:45:00+05:30,2022-07-05 15:15:00+05:30,15919.25,15819.8,126.4,99.45,EOD_EXIT
long,2022-07-06 10:50:00+05:30,2022-07-06 11:30:00+05:30,15916.8,15864.95,0.0,-51.85,STOP_LOSS
long,2022-07-06 13:00:00+05:30,2022-07-06 14:00:00+05:30,15970.75,15932.15,29.25,-38.6,ST_TRAIL
long,2022-07-07 10:35:00+05:30,2022-07-07 14:00:00+05:30,16116.35,16089.1,24.95,-27.25,ST_TRAIL
short,2022-07-07 14:05:00+05:30,2022-07-07 14:25:00+05:30,16091.55,16097.6,31.45,-6.05,ST_TRAIL
long,2022-07-11 13:50:00+05:30,2022-07-11 15:15:00+05:30,16203.45,16208.4,39.35,4.95,EOD_EXIT
short,2022-07-12 11:25:00+05:30,2022-07-12 13:30:00+05:30,16129.5,16103.05,58.75,26.45,ST_TRAIL
long,2022-07-12 14:15:00+05:30,2022-07-12 14:50:00+05:30,16132.95,16104.2,6.9,-28.75,ST_TRAIL
short,2022-07-13 13:00:00+05:30,2022-07-13 15:15:00+05:30,16016.9,15974.05,60.3,42.85,EOD_EXIT
long,2022-07-14 09:55:00+05:30,2022-07-14 10:25:00+05:30,16066.3,16022.3,0.0,-44.0,ST_TRAIL
short,2022-07-14 11:20:00+05:30,2022-07-14 12:55:00+05:30,15975.3,15983.0,31.55,-7.7,ST_TRAIL
short,2022-07-14 13:25:00+05:30,2022-07-14 15:00:00+05:30,15934.25,15925.4,67.15,8.85,ST_TRAIL
long,2022-07-15 13:10:00+05:30,2022-07-15 15:15:00+05:30,15979.5,16052.95,73.75,73.45,EOD_EXIT
long,2022-07-18 10:10:00+05:30,2022-07-18 13:25:00+05:30,16184.8,16205.05,42.05,20.25,ST_TRAIL
long,2022-07-18 14:00:00+05:30,2022-07-18 15:15:00+05:30,16228.4,16285.0,56.6,56.6,EOD_EXIT
long,2022-07-19 10:45:00+05:30,2022-07-19 11:25:00+05:30,16310.0,16288.65,13.2,-21.35,ST_TRAIL
long,2022-07-19 14:05:00+05:30,2022-07-19 15:15:00+05:30,16310.8,16328.8,44.25,18.0,EOD_EXIT
long,2022-07-20 09:40:00+05:30,2022-07-20 11:50:00+05:30,16538.8,16539.25,25.15,0.45,ST_TRAIL
long,2022-07-20 14:00:00+05:30,2022-07-20 14:15:00+05:30,16560.45,16530.7,0.0,-29.75,ST_TRAIL
short,2022-07-20 14:20:00+05:30,2022-07-20 15:15:00+05:30,16524.55,16511.7,12.85,12.85,EOD_EXIT
long,2022-07-21 10:00:00+05:30,2022-07-21 12:20:00+05:30,16565.8,16563.25,20.3,-2.55,ST_TRAIL
long,2022-07-22 13:45:00+05:30,2022-07-22 14:45:00+05:30,16712.3,16713.5,29.7,1.2,ST_TRAIL
short,2022-07-25 09:40:00+05:30,2022-07-25 11:45:00+05:30,16641.4,16606.7,76.3,34.7,ST_TRAIL
long,2022-07-25 14:15:00+05:30,2022-07-25 15:00:00+05:30,16653.9,16643.8,25.25,-10.1,ST_TRAIL
short,2022-07-26 09:45:00+05:30,2022-07-26 11:55:00+05:30,16534.5,16533.1,31.15,1.4,ST_TRAIL
long,2022-07-26 13:25:00+05:30,2022-07-26 13:40:00+05:30,16567.05,16541.0,0.0,-26.05,ST_TRAIL
short,2022-07-26 13:45:00+05:30,2022-07-26 14:15:00+05:30,16519.0,16543.8,8.65,-24.8,ST_TRAIL
long,2022-07-27 10:05:00+05:30,2022-07-27 12:25:00+05:30,16516.6,16544.6,51.9,28.0,ST_TRAIL
long,2022-07-28 10:00:00+05:30,2022-07-28 13:00:00+05:30,16807.45,16892.6,105.25,85.15,ST_TRAIL
long,2022-07-28 13:25:00+05:30,2022-07-28 14:35:00+05:30,16917.15,16899.45,10.85,-17.7,ST_TRAIL
long,2022-07-29 09:40:00+05:30,2022-07-29 10:20:00+05:30,17120.4,17085.15,16.55,-35.25,ST_TRAIL
short,2022-07-29 10:35:00+05:30,2022-07-29 11:05:00+05:30,17035.4,17095.95,0.45,-60.55,STOP_LOSS
short,2022-07-29 13:40:00+05:30,2022-07-29 14:55:00+05:30,17092.65,17111.85,27.6,-19.2,ST_TRAIL
long,2022-08-01 09:55:00+05:30,2022-08-01 15:15:00+05:30,17252.45,17344.1,98.35,91.65,EOD_EXIT
short,2022-08-02 10:00:00+05:30,2022-08-02 10:35:00+05:30,17242.45,17266.5,16.15,-24.05,ST_TRAIL
long,2022-08-02 14:00:00+05:30,2022-08-02 15:15:00+05:30,17330.6,17341.45,52.95,10.85,EOD_EXIT
short,2022-08-03 09:40:00+05:30,2022-08-03 11:45:00+05:30,17273.4,17271.7,40.65,1.7,ST_TRAIL
short,2022-08-04 11:20:00+05:30,2022-08-04 12:05:00+05:30,17352.0,17295.6,151.65,56.4,ST_TRAIL
long,2022-08-04 13:00:00+05:30,2022-08-04 14:05:00+05:30,17335.3,17268.1,0.0,-67.2,STOP_LOSS
long,2022-08-05 11:05:00+05:30,2022-08-05 12:45:00+05:30,17469.8,17419.75,0.0,-50.05,STOP_LOSS
long,2022-08-05 13:50:00+05:30,2022-08-05 14:10:00+05:30,17428.95,17380.45,0.0,-48.5,ST_TRAIL
short,2022-08-05 14:15:00+05:30,2022-08-05 15:00:00+05:30,17389.25,17413.65,23.7,-24.4,ST_TRAIL
long,2022-08-08 09:40:00+05:30,2022-08-08 14:05:00+05:30,17435.65,17518.3,106.45,82.65,ST_TRAIL
short,2022-08-10 09:55:00+05:30,2022-08-10 10:10:00+05:30,17451.4,17502.95,0.0,-51.55,STOP_LOSS
short,2022-08-10 13:50:00+05:30,2022-08-10 14:10:00+05:30,17494.05,17531.25,0.0,-37.2,ST_TRAIL
long,2022-08-11 10:30:00+05:30,2022-08-11 11:35:00+05:30,17691.35,17658.65,2.05,-32.7,ST_TRAIL
long,2022-08-11 14:30:00+05:30,2022-08-11 15:15:00+05:30,17668.05,17655.75,3.75,-12.3,EOD_EXIT
long,2022-08-12 10:00:00+05:30,2022-08-12 14:25:00+05:30,17664.5,17689.35,56.4,24.85,ST_TRAIL
long,2022-08-16 09:40:00+05:30,2022-08-16 11:20:00+05:30,17816.5,17803.4,17.4,-13.1,ST_TRAIL
short,2022-08-16 13:20:00+05:30,2022-08-16 14:05:00+05:30,17774.45,17799.3,0.0,-24.85,ST_TRAIL
long,2022-08-17 09:50:00+05:30,2022-08-17 11:50:00+05:30,17889.7,17910.45,45.7,20.75,ST_TRAIL
short,2022-08-18 10:30:00+05:30,2022-08-18 12:35:00+05:30,17892.65,17890.8,31.9,1.85,ST_TRAIL
long,2022-08-18 14:25:00+05:30,2022-08-18 15:15:00+05:30,17915.4,17954.15,48.2,38.75,EOD_EXIT
short,2022-08-19 11:00:00+05:30,2022-08-19 13:00:00+05:30,17902.65,17796.95,157.95,105.7,ST_TRAIL
short,2022-08-19 13:40:00+05:30,2022-08-19 14:15:00+05:30,17775.0,17776.65,50.6,-1.65,BREAKEVEN_SL
short,2022-08-22 09:45:00+05:30,2022-08-22 15:15:00+05:30,17597.2,17500.15,128.05,97.05,EOD_EXIT
long,2022-08-23 09:40:00+05:30,2022-08-23 10:10:00+05:30,17525.75,17517.0,59.05,-8.75,BREAKEVEN_SL
short,2022-08-23 10:40:00+05:30,2022-08-23 11:30:00+05:30,17447.4,17506.35,34.75,-58.95,STOP_LOSS
long,2022-08-23 13:00:00+05:30,2022-08-23 15:00:00+05:30,17520.55,17532.75,68.25,12.2,ST_TRAIL
long,2022-08-24 10:25:00+05:30,2022-08-24 11:55:00+05:30,17580.9,17569.15,35.55,-11.75,ST_TRAIL
short,2022-08-25 14:30:00+05:30,2022-08-25 15:15:00+05:30,17643.8,17497.05,146.75,146.75,EOD_EXIT
long,2022-08-29 13:50:00+05:30,2022-08-29 14:20:00+05:30,17357.05,17328.3,4.75,-28.75,ST_TRAIL
long,2022-08-30 09:40:00+05:30,2022-08-30 15:15:00+05:30,17463.6,17769.25,309.5,305.65,EOD_EXIT
long,2022-09-01 10:10:00+05:30,2022-09-01 11:45:00+05:30,17660.75,17611.85,26.9,-48.9,ST_TRAIL
short,2022-09-01 14:00:00+05:30,2022-09-01 14:25:00+05:30,17486.55,17530.3,0.0,-43.75,ST_TRAIL
short,2022-09-02 09:40:00+05:30,2022-09-02 12:00:00+05:30,17542.1,17548.8,50.25,-6.7,BREAKEVEN_SL
long,2022-09-05 09:40:00+05:30,2022-09-05 13:10:00+05:30,17637.8,17650.45,39.85,12.65,ST_TRAIL
long,2022-09-05 14:15:00+05:30,2022-09-05 15:15:00+05:30,17665.8,17666.25,11.3,0.45,EOD_EXIT
short,2022-09-06 10:15:00+05:30,2022-09-06 10:55:00+05:30,17633.05,17633.75,42.35,-0.7,BREAKEVEN_SL
short,2022-09-07 11:00:00+05:30,2022-09-07 11:45:00+05:30,17550.9,17582.05,12.35,-31.15,ST_TRAIL
long,2022-09-07 13:30:00+05:30,2022-09-07 14:30:00+05:30,17647.7,17602.25,0.0,-45.45,ST_TRAIL
long,2022-09-08 14:30:00+05:30,2022-09-08 15:15:00+05:30,17777.0,17797.05,27.5,20.05,EOD_EXIT
short,2022-09-09 13:20:00+05:30,2022-09-09 13:45:00+05:30,17799.95,17837.25,0.0,-37.3,ST_TRAIL
long,2022-09-12 09:45:00+05:30,2022-09-12 13:50:00+05:30,17936.35,17945.5,32.0,9.15,ST_TRAIL
long,2022-09-12 14:05:00+05:30,2022-09-12 14:25:00+05:30,17975.5,17951.8,2.0,-23.7,ST_TRAIL
long,2022-09-13 09:40:00+05:30,2022-09-13 10:25:00+05:30,18055.9,18033.85,4.9,-22.05,ST_TRAIL
long,2022-09-14 10:55:00+05:30,2022-09-14 13:45:00+05:30,17944.5,18028.9,115.15,84.4,ST_TRAIL
long,2022-09-14 14:10:00+05:30,2022-09-14 15:00:00+05:30,18072.85,18026.45,13.35,-46.4,ST_TRAIL
short,2022-09-15 10:00:00+05:30,2022-09-15 11:35:00+05:30,17970.9,17937.55,84.35,33.35,ST_TRAIL
short,2022-09-15 13:35:00+05:30,2022-09-15 13:55:00+05:30,17884.9,17906.3,6.45,-21.4,ST_TRAIL
short,2022-09-16 09:50:00+05:30,2022-09-16 10:30:00+05:30,17685.15,17725.2,23.0,-40.05,ST_TRAIL
short,2022-09-16 13:15:00+05:30,2022-09-16 14:30:00+05:30,17591.9,17585.65,81.5,6.25,ST_TRAIL
long,2022-09-19 09:55:00+05:30,2022-09-19 11:35:00+05:30,17610.85,17610.4,46.45,-0.45,BREAKEVEN_SL
long,2022-09-19 13:50:00+05:30,2022-09-19 14:25:00+05:30,17647.9,17614.5,10.25,-33.4,ST_TRAIL
long,2022-09-20 10:15:00+05:30,2022-09-20 13:35:00+05:30,17862.75,17872.55,55.15,9.8,ST_TRAIL
long,2022-09-20 14:00:00+05:30,2022-09-20 14:35:00+05:30,17894.6,17861.8,1.5,-32.8,ST_TRAIL
short,2022-09-21 09:50:00+05:30,2022-09-21 10:30:00+05:30,17769.8,17810.45,21.95,-40.65,ST_TRAIL
long,2022-09-21 13:45:00+05:30,2022-09-21 14:30:00+05:30,17775.35,17747.15,10.25,-28.2,ST_TRAIL
short,2022-09-22 10:30:00+05:30,2022-09-22 13:00:00+05:30,17615.65,17592.4,67.05,23.25,ST_TRAIL
long,2022-09-22 13:15:00+05:30,2022-09-22 14:45:00+05:30,17635.4,17662.6,84.6,27.2,ST_TRAIL
short,2022-09-23 09:40:00+05:30,2022-09-23 11:45:00+05:30,17467.15,17471.0,42.75,-3.85,BREAKEVEN_SL
short,2022-09-23 13:10:00+05:30,2022-09-23 14:50:00+05:30,17391.65,17355.6,83.1,36.05,ST_TRAIL
short,2022-09-26 09:45:00+05:30,2022-09-26 11:30:00+05:30,17073.75,17049.9,83.7,23.85,ST_TRAIL
long,2022-09-26 13:10:00+05:30,2022-09-26 13:20:00+05:30,17161.25,17102.8,0.0,-58.45,STOP_LOSS
long,2022-09-26 14:25:00+05:30,2022-09-26 14:50:00+05:30,17128.6,17077.0,0.0,-51.6,STOP_LOSS
short,2022-09-27 11:10:00+05:30,2022-09-27 11:25:00+05:30,16946.3,16996.8,0.0,-50.5,STOP_LOSS
long,2022-09-27 13:20:00+05:30,2022-09-27 14:10:00+05:30,17106.5,17043.4,0.0,-63.1,STOP_LOSS
long,2022-09-28 11:30:00+05:30,2022-09-28 12:25:00+05:30,16988.8,16987.65,36.75,-1.15,ST_TRAIL
short,2022-09-28 14:30:00+05:30,2022-09-28 15:15:00+05:30,16903.95,16849.85,54.1,54.1,EOD_EXIT
short,2022-09-29 13:00:00+05:30,2022-09-29 14:30:00+05:30,16832.25,16850.55,36.3,-18.3,ST_TRAIL
long,2022-09-30 10:40:00+05:30,2022-09-30 14:30:00+05:30,16945.15,17139.95,231.95,194.8,ST_TRAIL
short,2022-10-03 09:40:00+05:30,2022-10-03 11:15:00+05:30,16991.3,17011.25,33.2,-19.95,ST_TRAIL
long,2022-10-03 11:30:00+05:30,2022-10-03 12:30:00+05:30,17044.7,16997.6,11.55,-47.1,ST_TRAIL
short,2022-10-03 14:00:00+05:30,2022-10-03 15:15:00+05:30,16975.3,16895.45,108.1,79.85,EOD_EXIT
long,2022-10-04 10:05:00+05:30,2022-10-04 14:40:00+05:30,17244.3,17237.9,23.0,-6.4,ST_TRAIL
long,2022-10-06 10:05:00+05:30,2022-10-06 11:20:00+05:30,17412.4,17371.0,1.7,-41.4,ST_TRAIL
long,2022-10-06 13:00:00+05:30,2022-10-06 13:55:00+05:30,17406.0,17373.2,2.75,-32.8,ST_TRAIL
short,2022-10-06 14:30:00+05:30,2022-10-06 15:15:00+05:30,17338.4,17328.6,11.35,9.8,EOD_EXIT
long,2022-10-07 09:55:00+05:30,2022-10-07 10:25:00+05:30,17325.8,17275.1,0.0,-50.7,STOP_LOSS
short,2022-10-10 10:00:00+05:30,2022-10-10 11:30:00+05:30,17083.0,17141.15,3.85,-58.15,STOP_LOSS
short,2022-10-10 14:05:00+05:30,2022-10-10 14:25:00+05:30,17153.0,17197.5,0.0,-44.5,ST_TRAIL
short,2022-10-11 10:00:00+05:30,2022-10-11 10:45:00+05:30,17163.15,17170.25,36.15,-7.1,ST_TRAIL
short,2022-10-11 14:25:00+05:30,2022-10-11 15:15:00+05:30,17088.1,16972.2,115.9,115.9,EOD_EXIT
long,2022-10-12 09:40:00+05:30,2022-10-12 10:05:00+05:30,17063.8,16995.2,0.0,-68.6,STOP_LOSS
long,2022-10-12 11:25:00+05:30,2022-10-12 12:55:00+05:30,17017.95,17058.8,86.2,40.85,ST_TRAIL
long,2022-10-12 14:15:00+05:30,2022-10-12 15:15:00+05:30,17102.35,17122.3,30.4,19.95,EOD_EXIT
short,2022-10-13 10:05:00+05:30,2022-10-13 12:15:00+05:30,17043.85,17004.65,77.1,39.2,ST_TRAIL
short,2022-10-13 13:40:00+05:30,2022-10-13 14:20:00+05:30,16992.95,17038.7,0.0,-45.75,ST_TRAIL
long,2022-10-13 14:25:00+05:30,2022-10-13 15:00:00+05:30,17053.95,17007.0,20.95,-46.95,ST_TRAIL
long,2022-10-14 10:05:00+05:30,2022-10-14 12:45:00+05:30,17305.6,17299.25,38.8,-6.35,ST_TRAIL
short,2022-10-14 13:55:00+05:30,2022-10-14 15:15:00+05:30,17244.1,17185.55,63.6,58.55,EOD_EXIT
long,2022-10-17 10:05:00+05:30,2022-10-17 13:55:00+05:30,17205.25,17284.0,116.1,78.75,ST_TRAIL
long,2022-10-18 09:50:00+05:30,2022-10-18 10:45:00+05:30,17503.15,17480.6,16.2,-22.55,ST_TRAIL
long,2022-10-19 09:50:00+05:30,2022-10-19 11:05:00+05:30,17572.85,17566.2,29.3,-6.65,ST_TRAIL
short,2022-10-19 13:05:00+05:30,2022-10-19 13:20:00+05:30,17500.55,17547.15,0.0,-46.6,ST_TRAIL
long,2022-10-20 14:20:00+05:30,2022-10-20 15:15:00+05:30,17507.2,17580.15,72.95,72.95,EOD_EXIT
short,2022-10-21 13:45:00+05:30,2022-10-21 15:05:00+05:30,17612.55,17577.6,81.55,34.95,ST_TRAIL
long,2022-10-25 10:05:00+05:30,2022-10-25 10:25:00+05:30,17763.8,17714.25,0.0,-49.55,ST_TRAIL
short,2022-10-25 11:30:00+05:30,2022-10-25 13:30:00+05:30,17680.9,17687.35,19.8,-6.45,ST_TRAIL
long,2022-10-27 09:40:00+05:30,2022-10-27 10:05:00+05:30,17775.65,17731.6,0.0,-44.05,ST_TRAIL
short,2022-10-27 14:30:00+05:30,2022-10-27 15:00:00+05:30,17677.45,17716.15,19.7,-38.7,ST_TRAIL
long,2022-10-28 09:45:00+05:30,2022-10-28 09:50:00+05:30,17814.9,17779.95,0.0,-34.95,ST_TRAIL
long,2022-10-28 10:15:00+05:30,2022-10-28 10:45:00+05:30,17836.0,17787.95,0.0,-48.05,ST_TRAIL
long,2022-10-31 11:10:00+05:30,2022-10-31 12:45:00+05:30,17966.35,17964.1,21.2,-2.25,ST_TRAIL
long,2022-11-01 09:50:00+05:30,2022-11-01 11:25:00+05:30,18140.3,18138.35,28.1,-1.95,ST_TRAIL
short,2022-11-01 13:10:00+05:30,2022-11-01 13:25:00+05:30,18068.5,18106.9,0.0,-38.4,ST_TRAIL
short,2022-11-02 13:00:00+05:30,2022-11-02 13:15:00+05:30,18070.5,18094.45,0.0,-23.95,ST_TRAIL
short,2022-11-02 13:40:00+05:30,2022-11-02 15:00:00+05:30,18061.0,18084.4,9.75,-23.4,ST_TRAIL
long,2022-11-03 09:55:00+05:30,2022-11-03 11:35:00+05:30,18063.9,18052.15,34.45,-11.75,ST_TRAIL
short,2022-11-03 14:00:00+05:30,2022-11-03 15:00:00+05:30,18020.75,18057.5,9.85,-36.75,ST_TRAIL
short,2022-11-04 10:55:00+05:30,2022-11-04 11:20:00+05:30,18021.0,18048.75,0.85,-27.75,ST_TRAIL
short,2022-11-07 09:45:00+05:30,2022-11-07 11:30:00+05:30,18163.45,18155.7,45.55,7.75,ST_TRAIL
long,2022-11-07 14:10:00+05:30,2022-11-07 15:15:00+05:30,18126.55,18204.45,79.65,77.9,EOD_EXIT
short,2022-11-09 10:50:00+05:30,2022-11-09 13:35:00+05:30,18194.6,18194.45,20.8,0.15,ST_TRAIL
short,2022-11-10 09:40:00+05:30,2022-11-10 11:35:00+05:30,18027.15,18058.35,13.2,-31.2,ST_TRAIL
short,2022-11-10 13:00:00+05:30,2022-11-10 13:15:00+05:30,17980.35,18001.75,0.0,-21.4,ST_TRAIL
short,2022-11-10 14:20:00+05:30,2022-11-10 14:55:00+05:30,17979.05,18003.4,0.0,-24.35,ST_TRAIL
long,2022-11-11 11:05:00+05:30,2022-11-11 13:00:00+05:30,18311.2,18312.05,33.1,0.85,ST_TRAIL
long,2022-11-11 14:00:00+05:30,2022-11-11 15:15:00+05:30,18326.95,18346.85,32.7,19.9,EOD_EXIT
long,2022-11-14 13:35:00+05:30,2022-11-14 14:20:00+05:30,18361.0,18346.75,12.1,-14.25,ST_TRAIL
long,2022-11-15 14:25:00+05:30,2022-11-15 15:15:00+05:30,18339.0,18418.0,79.0,79.0,EOD_EXIT
long,2022-11-16 10:45:00+05:30,2022-11-16 11:45:00+05:30,18419.15,18410.05,20.15,-9.1,ST_TRAIL
short,2022-11-16 14:05:00+05:30,2022-11-16 14:55:00+05:30,18397.4,18399.75,37.55,-2.35,ST_TRAIL
long,2022-11-17 10:00:00+05:30,2022-11-17 11:00:00+05:30,18389.8,18362.65,0.0,-27.15,ST_TRAIL
short,2022-11-18 10:00:00+05:30,2022-11-18 13:20:00+05:30,18295.4,18261.05,68.75,34.35,ST_TRAIL
short,2022-11-18 13:55:00+05:30,2022-11-18 14:20:00+05:30,18217.15,18241.25,0.0,-24.1,ST_TRAIL
short,2022-11-21 09:40:00+05:30,2022-11-21 13:35:00+05:30,18152.85,18161.05,13.95,-8.2,ST_TRAIL
short,2022-11-21 14:25:00+05:30,2022-11-21 14:45:00+05:30,18140.8,18165.0,6.2,-24.2,ST_TRAIL
long,2022-11-22 09:50:00+05:30,2022-11-22 12:45:00+05:30,18194.5,18204.8,29.3,10.3,ST_TRAIL
short,2022-11-23 10:20:00+05:30,2022-11-23 13:50:00+05:30,18257.2,18281.9,0.0,-24.7,ST_TRAIL
long,2022-11-24 09:40:00+05:30,2022-11-24 13:20:00+05:30,18342.85,18373.75,50.75,30.9,ST_TRAIL
long,2022-11-24 14:05:00+05:30,2022-11-24 15:15:00+05:30,18389.75,18510.45,120.7,120.7,EOD_EXIT
short,2022-11-25 11:15:00+05:30,2022-11-25 12:30:00+05:30,18471.3,18478.05,18.6,-6.75,ST_TRAIL
short,2022-11-25 14:20:00+05:30,2022-11-25 14:35:00+05:30,18481.85,18507.0,0.0,-25.15,ST_TRAIL
long,2022-11-28 10:15:00+05:30,2022-11-28 14:05:00+05:30,18547.0,18576.85,64.5,29.85,ST_TRAIL
long,2022-11-29 10:10:00+05:30,2022-11-29 11:50:00+05:30,18630.5,18638.5,27.1,8.0,ST_TRAIL
long,2022-11-29 13:35:00+05:30,2022-11-29 14:20:00+05:30,18669.7,18638.8,1.3,-30.9,ST_TRAIL
long,2022-11-30 13:10:00+05:30,2022-11-30 15:15:00+05:30,18669.7,18782.2,112.5,112.5,EOD_EXIT
short,2022-12-02 09:45:00+05:30,2022-12-02 12:55:00+05:30,18713.5,18671.65,66.7,41.85,ST_TRAIL
short,2022-12-05 09:55:00+05:30,2022-12-05 11:10:00+05:30,18602.4,18638.4,5.6,-36.0,ST_TRAIL
short,2022-12-05 13:30:00+05:30,2022-12-05 14:20:00+05:30,18653.2,18667.15,13.95,-13.95,ST_TRAIL
short,2022-12-06 14:00:00+05:30,2022-12-06 15:00:00+05:30,18606.5,18644.8,1.7,-38.3,ST_TRAIL
long,2022-12-07 10:05:00+05:30,2022-12-07 10:40:00+05:30,18654.05,18627.15,7.65,-26.9,ST_TRAIL
short,2022-12-07 10:45:00+05:30,2022-12-07 13:15:00+05:30,18614.05,18602.35,41.65,11.7,ST_TRAIL
short,2022-12-07 13:40:00+05:30,2022-12-07 14:25:00+05:30,18592.15,18593.65,21.6,-1.5,ST_TRAIL
long,2022-12-08 09:50:00+05:30,2022-12-08 10:35:00+05:30,18592.75,18579.0,30.75,-13.75,ST_TRAIL
long,2022-12-08 13:15:00+05:30,2022-12-08 15:15:00+05:30,18586.25,18612.35,27.95,26.1,EOD_EXIT
short,2022-12-09 10:20:00+05:30,2022-12-09 14:45:00+05:30,18587.3,18461.65,171.05,125.65,ST_TRAIL
long,2022-12-12 09:35:00+05:30,2022-12-12 13:15:00+05:30,18429.75,18469.9,86.6,40.15,ST_TRAIL
long,2022-12-13 10:25:00+05:30,2022-12-13 14:00:00+05:30,18534.9,18579.9,67.55,45.0,ST_TRAIL
long,2022-12-14 09:40:00+05:30,2022-12-14 12:30:00+05:30,18691.35,18672.15,0.0,-19.2,ST_TRAIL
short,2022-12-14 13:45:00+05:30,2022-12-14 14:50:00+05:30,18642.85,18661.75,8.45,-18.9,ST_TRAIL
short,2022-12-15 10:00:00+05:30,2022-12-15 15:15:00+05:30,18576.0,18413.2,169.2,162.8,EOD_EXIT
short,2022-12-16 10:10:00+05:30,2022-12-16 11:20:00+05:30,18331.5,18324.95,51.9,6.55,ST_TRAIL
short,2022-12-16 13:50:00+05:30,2022-12-16 15:15:00+05:30,18319.25,18273.95,58.9,45.3,EOD_EXIT
long,2022-12-19 13:40:00+05:30,2022-12-19 15:15:00+05:30,18366.1,18421.5,55.4,55.4,EOD_EXIT
short,2022-12-20 11:05:00+05:30,2022-12-20 12:05:00+05:30,18217.9,18244.6,12.15,-26.7,ST_TRAIL
long,2022-12-20 14:10:00+05:30,2022-12-20 15:15:00+05:30,18298.85,18386.15,100.75,87.3,EOD_EXIT
short,2022-12-21 09:45:00+05:30,2022-12-21 14:25:00+05:30,18409.6,18249.35,227.6,160.25,ST_TRAIL
short,2022-12-22 09:40:00+05:30,2022-12-22 09:45:00+05:30,18191.8,18247.75,0.0,-55.95,STOP_LOSS
short,2022-12-22 10:20:00+05:30,2022-12-22 13:05:00+05:30,18145.05,18123.55,73.0,21.5,ST_TRAIL
short,2022-12-23 10:05:00+05:30,2022-12-23 12:15:00+05:30,17960.4,17925.4,92.75,35.0,ST_TRAIL
short,2022-12-23 13:40:00+05:30,2022-12-23 15:15:00+05:30,17854.1,17803.9,65.2,50.2,EOD_EXIT
long,2022-12-26 09:40:00+05:30,2022-12-26 12:30:00+05:30,17943.7,17970.3,60.9,26.6,ST_TRAIL
long,2022-12-26 13:35:00+05:30,2022-12-26 15:05:00+05:30,18011.4,18025.3,69.6,13.9,ST_TRAIL
short,2022-12-27 09:35:00+05:30,2022-12-27 10:25:00+05:30,18017.6,18033.85,46.0,-16.25,BREAKEVEN_SL
long,2022-12-27 13:45:00+05:30,2022-12-27 15:15:00+05:30,18092.65,18146.4,53.75,53.75,EOD_EXIT
long,2022-12-28 10:05:00+05:30,2022-12-28 10:30:00+05:30,18135.25,18097.55,7.25,-37.7,ST_TRAIL
long,2022-12-28 13:50:00+05:30,2022-12-28 14:50:00+05:30,18158.25,18115.1,12.9,-43.15,ST_TRAIL
short,2022-12-29 10:10:00+05:30,2022-12-29 11:45:00+05:30,18003.55,18036.65,0.8,-33.1,ST_TRAIL
long,2022-12-29 13:50:00+05:30,2022-12-29 15:15:00+05:30,18073.8,18196.85,123.05,123.05,EOD_EXIT
long,2023-01-02 13:15:00+05:30,2023-01-02 13:55:00+05:30,18186.1,18163.1,0.45,-23.0,ST_TRAIL
long,2023-01-03 09:55:00+05:30,2023-01-03 12:05:00+05:30,18209.4,18206.6,27.25,-2.8,ST_TRAIL
long,2023-01-03 14:30:00+05:30,2023-01-03 15:15:00+05:30,18234.9,18233.65,7.35,-1.25,EOD_EXIT
short,2023-01-04 09:45:00+05:30,2023-01-04 10:30:00+05:30,18159.55,18163.35,34.3,-3.8,ST_TRAIL
short,2023-01-04 11:05:00+05:30,2023-01-04 13:00:00+05:30,18097.45,18083.25,57.2,14.2,ST_TRAIL
long,2023-01-04 13:45:00+05:30,2023-01-04 14:20:00+05:30,18098.1,18090.6,30.95,-7.5,ST_TRAIL
short,2023-01-05 09:45:00+05:30,2023-01-05 14:00:00+05:30,18042.5,17939.3,144.4,103.2,ST_TRAIL
short,2023-01-06 10:35:00+05:30,2023-01-06 13:45:00+05:30,17930.05,17849.8,128.75,80.25,ST_TRAIL
long,2023-01-09 09:40:00+05:30,2023-01-09 12:25:00+05:30,18027.65,18095.1,107.7,67.45,ST_TRAIL
short,2023-01-09 13:25:00+05:30,2023-01-09 14:00:00+05:30,18056.35,18038.7,50.7,17.65,ST_TRAIL
short,2023-01-10 09:40:00+05:30,2023-01-10 12:25:00+05:30,18018.3,17966.1,84.9,52.2,ST_TRAIL
long,2023-01-11 10:00:00+05:30,2023-01-11 10:50:00+05:30,17908.7,17899.65,59.25,-9.05,BREAKEVEN_SL
long,2023-01-11 13:20:00+05:30,2023-01-11 13:55:00+05:30,17921.0,17894.1,1.45,-26.9,ST_TRAIL
long,2023-01-12 09:35:00+05:30,2023-01-12 09:45:00+05:30,17930.85,17885.6,0.0,-45.25,ST_TRAIL
short,2023-01-12 10:10:00+05:30,2023-01-12 12:15:00+05:30,17853.85,17829.1,68.15,24.75,ST_TRAIL
short,2023-01-12 13:25:00+05:30,2023-01-12 13:55:00+05:30,17788.05,17810.4,14.6,-22.35,ST_TRAIL
long,2023-01-13 13:00:00+05:30,2023-01-13 14:35:00+05:30,17940.3,17940.05,54.8,-0.25,BREAKEVEN_SL
short,2023-01-16 13:45:00+05:30,2023-01-16 15:15:00+05:30,17903.15,17896.75,35.6,6.4,EOD_EXIT
long,2023-01-17 10:00:00+05:30,2023-01-17 10:55:00+05:30,18009.8,17988.15,18.85,-21.65,ST_TRAIL
short,2023-01-17 13:05:00+05:30,2023-01-17 13:30:00+05:30,17950.45,17967.1,12.65,-16.65,ST_TRAIL
long,2023-01-18 09:50:00+05:30,2023-01-18 12:55:00+05:30,18101.3,18150.35,72.65,49.05,ST_TRAIL
long,2023-01-18 13:45:00+05:30,2023-01-18 14:00:00+05:30,18165.3,18150.05,0.0,-15.25,ST_TRAIL
short,2023-01-19 10:10:00+05:30,2023-01-19 10:35:00+05:30,18076.75,18113.9,0.6,-37.15,ST_TRAIL
long,2023-01-20 10:30:00+05:30,2023-01-20 11:10:00+05:30,18124.1,18104.3,16.65,-19.8,ST_TRAIL
long,2023-01-20 13:20:00+05:30,2023-01-20 13:30:00+05:30,18094.95,18079.05,0.0,-15.9,ST_TRAIL
short,2023-01-20 13:35:00+05:30,2023-01-20 14:55:00+05:30,18084.4,18049.4,60.9,35.0,ST_TRAIL
long,2023-01-23 09:55:00+05:30,2023-01-23 11:55:00+05:30,18154.9,18124.45,0.0,-30.45,ST_TRAIL
short,2023-01-23 13:10:00+05:30,2023-01-23 13:25:00+05:30,18087.45,18104.05,0.0,-16.6,ST_TRAIL
long,2023-01-24 09:40:00+05:30,2023-01-24 10:05:00+05:30,18191.1,18139.7,0.0,-51.4,STOP_LOSS
short,2023-01-24 13:30:00+05:30,2023-01-24 14:15:00+05:30,18110.8,18109.4,27.6,1.4,ST_TRAIL
short,2023-01-25 09:40:00+05:30,2023-01-25 11:45:00+05:30,18017.2,17897.95,160.8,119.25,ST_TRAIL
short,2023-01-27 10:00:00+05:30,2023-01-27 10:35:00+05:30,17731.5,17766.4,46.85,-34.9,BREAKEVEN_SL
short,2023-01-27 11:30:00+05:30,2023-01-27 15:00:00+05:30,17675.2,17588.5,180.05,86.7,ST_TRAIL
short,2023-01-30 13:00:00+05:30,2023-01-30 14:00:00+05:30,17485.3,17517.9,63.3,-32.6,BREAKEVEN_SL
long,2023-01-30 14:30:00+05:30,2023-01-30 15:15:00+05:30,17553.15,17658.05,114.6,104.9,EOD_EXIT
long,2023-01-31 10:45:00+05:30,2023-01-31 12:15:00+05:30,17609.3,17600.35,34.5,-8.95,ST_TRAIL
long,2023-02-01 10:15:00+05:30,2023-02-01 11:15:00+05:30,17791.0,17761.25,35.4,-29.75,ST_TRAIL
long,2023-02-01 13:00:00+05:30,2023-02-01 13:15:00+05:30,17955.25,17893.85,0.0,-61.4,STOP_LOSS
short,2023-02-01 13:35:00+05:30,2023-02-01 15:00:00+05:30,17752.95,17601.95,332.6,151.0,ST_TRAIL
long,2023-02-02 09:50:00+05:30,2023-02-02 10:25:00+05:30,17583.35,17525.15,15.75,-58.2,STOP_LOSS
long,2023-02-02 11:10:00+05:30,2023-02-02 12:25:00+05:30,17596.75,17569.5,36.5,-27.25,ST_TRAIL
long,2023-02-02 14:20:00+05:30,2023-02-02 15:15:00+05:30,17599.95,17616.05,20.95,16.1,EOD_EXIT
long,2023-02-03 14:05:00+05:30,2023-02-03 15:15:00+05:30,17749.1,17858.9,111.85,109.8,EOD_EXIT
short,2023-02-06 10:30:00+05:30,2023-02-06 13:35:00+05:30,17721.95,17755.95,9.0,-34.0,ST_TRAIL
short,2023-02-07 09:45:00+05:30,2023-02-07 13:25:00+05:30,17736.75,17696.6,82.1,40.15,ST_TRAIL
long,2023-02-07 14:15:00+05:30,2023-02-07 15:00:00+05:30,17735.75,17728.85,31.35,-6.9,ST_TRAIL
long,2023-02-08 09:40:00+05:30,2023-02-08 10:40:00+05:30,17839.4,17812.35,22.3,-27.05,ST_TRAIL
long,2023-02-08 13:25:00+05:30,2023-02-08 13:35:00+05:30,17881.45,17855.6,0.0,-25.85,ST_TRAIL
long,2023-02-09 11:30:00+05:30,2023-02-09 12:00:00+05:30,17874.5,17850.75,0.0,-23.75,ST_TRAIL
long,2023-02-09 13:35:00+05:30,2023-02-09 15:15:00+05:30,17856.8,17893.3,52.15,36.5,EOD_EXIT
short,2023-02-13 10:00:00+05:30,2023-02-13 11:10:00+05:30,17767.35,17790.15,21.1,-22.8,ST_TRAIL
long,2023-02-14 10:40:00+05:30,2023-02-14 15:15:00+05:30,17848.65,17930.4,97.75,81.75,EOD_EXIT
short,2023-02-15 09:40:00+05:30,2023-02-15 09:55:00+05:30,17861.4,17891.4,0.0,-30.0,ST_TRAIL
long,2023-02-15 10:00:00+05:30,2023-02-15 12:05:00+05:30,17913.2,17908.6,38.95,-4.6,ST_TRAIL
long,2023-02-16 11:00:00+05:30,2023-02-16 11:50:00+05:30,18117.65,18085.2,0.0,-32.45,ST_TRAIL
short,2023-02-16 14:05:00+05:30,2023-02-16 15:15:00+05:30,18069.7,18024.55,45.15,45.15,EOD_EXIT
short,2023-02-17 13:35:00+05:30,2023-02-17 14:25:00+05:30,17900.35,17933.4,10.65,-33.05,ST_TRAIL
long,2023-02-20 09:45:00+05:30,2023-02-20 11:20:00+05:30,17972.55,17948.2,23.45,-24.35,ST_TRAIL
short,2023-02-20 13:35:00+05:30,2023-02-20 15:15:00+05:30,17865.3,17843.4,40.45,21.9,EOD_EXIT
long,2023-02-21 10:15:00+05:30,2023-02-21 11:40:00+05:30,17908.25,17870.8,11.35,-37.45,ST_TRAIL
short,2023-02-22 09:50:00+05:30,2023-02-22 14:25:00+05:30,17680.4,17575.35,142.95,105.05,ST_TRAIL
long,2023-02-23 09:55:00+05:30,2023-02-23 10:55:00+05:30,17560.75,17557.15,49.15,-3.6,BREAKEVEN_SL
long,2023-02-23 13:10:00+05:30,2023-02-23 14:35:00+05:30,17576.05,17541.0,6.5,-35.05,ST_TRAIL
short,2023-02-24 09:50:00+05:30,2023-02-24 13:45:00+05:30,17541.25,17471.9,109.95,69.35,ST_TRAIL
short,2023-02-24 14:15:00+05:30,2023-02-24 15:05:00+05:30,17430.6,17476.25,0.0,-45.65,ST_TRAIL
short,2023-02-27 10:00:00+05:30,2023-02-27 11:10:00+05:30,17334.7,17376.65,28.3,-41.95,ST_TRAIL
long,2023-02-28 09:40:00+05:30,2023-02-28 10:10:00+05:30,17421.6,17380.45,4.15,-41.15,ST_TRAIL
short,2023-02-28 13:50:00+05:30,2023-02-28 14:25:00+05:30,17319.4,17303.05,60.8,16.35,ST_TRAIL
long,2023-03-01 09:45:00+05:30,2023-03-01 15:15:00+05:30,17418.4,17450.3,47.15,31.9,EOD_EXIT
short,2023-03-02 13:15:00+05:30,2023-03-02 15:15:00+05:30,17358.55,17320.85,45.3,37.7,EOD_EXIT
long,2023-03-03 10:15:00+05:30,2023-03-03 12:35:00+05:30,17523.3,17548.0,53.85,24.7,ST_TRAIL
long,2023-03-03 13:20:00+05:30,2023-03-03 15:00:00+05:30,17577.1,17600.25,61.35,23.15,ST_TRAIL
long,2023-03-06 09:50:00+05:30,2023-03-06 11:20:00+05:30,17771.5,17751.8,23.2,-19.7,ST_TRAIL
long,2023-03-08 14:00:00+05:30,2023-03-08 15:15:00+05:30,17713.45,17757.2,47.95,43.75,EOD_EXIT
short,2023-03-09 10:00:00+05:30,2023-03-09 11:20:00+05:30,17686.2,17714.85,10.9,-28.65,ST_TRAIL
short,2023-03-09 13:45:00+05:30,2023-03-09 15:15:00+05:30,17625.55,17579.75,45.8,45.8,EOD_EXIT
short,2023-03-10 09:40:00+05:30,2023-03-10 10:05:00+05:30,17332.4,17393.35,0.0,-60.95,STOP_LOSS
short,2023-03-10 13:35:00+05:30,2023-03-10 15:00:00+05:30,17392.1,17414.3,20.15,-22.2,ST_TRAIL
short,2023-03-13 11:05:00+05:30,2023-03-13 15:15:00+05:30,17405.5,17158.0,280.95,247.5,EOD_EXIT
short,2023-03-14 10:15:00+05:30,2023-03-14 12:20:00+05:30,17096.8,17098.7,55.65,-1.9,BREAKEVEN_SL
short,2023-03-14 13:00:00+05:30,2023-03-14 15:15:00+05:30,17038.65,17045.05,29.95,-6.4,EOD_EXIT
short,2023-03-15 13:00:00+05:30,2023-03-15 15:15:00+05:30,17055.2,16948.65,106.55,106.55,EOD_EXIT
short,2023-03-16 09:40:00+05:30,2023-03-16 10:15:00+05:30,16865.05,16917.65,0.3,-52.6,STOP_LOSS
long,2023-03-16 11:05:00+05:30,2023-03-16 11:35:00+05:30,17039.0,16983.75,0.0,-55.25,STOP_LOSS
long,2023-03-16 14:15:00+05:30,2023-03-16 14:50:00+05:30,17029.2,16983.15,25.75,-46.05,ST_TRAIL
short,2023-03-20 09:55:00+05:30,2023-03-20 10:55:00+05:30,16910.15,16953.35,22.4,-43.2,ST_TRAIL
long,2023-03-21 10:30:00+05:30,2023-03-21 11:55:00+05:30,17056.6,17030.95,18.95,-25.65,ST_TRAIL
long,2023-03-21 13:00:00+05:30,2023-03-21 13:35:00+05:30,17090.3,17067.8,8.1,-22.5,ST_TRAIL
long,2023-03-21 13:55:00+05:30,2023-03-21 15:15:00+05:30,17103.1,17103.05,20.4,-0.05,EOD_EXIT
long,2023-03-23 10:00:00+05:30,2023-03-23 13:45:00+05:30,17132.35,17161.5,68.65,29.15,ST_TRAIL
short,2023-03-23 14:00:00+05:30,2023-03-23 15:15:00+05:30,17140.05,17072.45,69.95,67.6,EOD_EXIT
short,2023-03-24 10:45:00+05:30,2023-03-24 11:40:00+05:30,17027.15,17073.6,2.55,-46.45,ST_TRAIL
short,2023-03-24 14:15:00+05:30,2023-03-24 15:15:00+05:30,17001.15,16933.25,67.9,67.9,EOD_EXIT
long,2023-03-27 10:15:00+05:30,2023-03-27 10:40:00+05:30,17031.05,16986.1,1.05,-44.95,ST_TRAIL
long,2023-03-27 13:55:00+05:30,2023-03-27 15:00:00+05:30,17042.7,16993.4,40.95,-49.3,BREAKEVEN_SL
short,2023-03-28 10:00:00+05:30,2023-03-28 11:35:00+05:30,16980.0,16977.8,47.95,2.2,ST_TRAIL
short,2023-03-28 13:35:00+05:30,2023-03-28 15:15:00+05:30,16956.0,16947.25,36.75,8.75,EOD_EXIT
long,2023-03-29 09:40:00+05:30,2023-03-29 11:05:00+05:30,17015.2,16983.95,32.5,-31.25,ST_TRAIL
long,2023-03-29 13:20:00+05:30,2023-03-29 14:30:00+05:30,17011.85,16999.85,35.3,-12.0,ST_TRAIL
long,2023-03-31 13:45:00+05:30,2023-03-31 15:15:00+05:30,17344.35,17342.0,31.85,-2.35,EOD_EXIT
short,2023-04-03 11:15:00+05:30,2023-04-03 11:50:00+05:30,17326.0,17346.85,8.1,-20.85,ST_TRAIL
long,2023-04-03 14:30:00+05:30,2023-04-03 15:15:00+05:30,17376.55,17399.8,27.55,23.25,EOD_EXIT
long,2023-04-05 09:55:00+05:30,2023-04-05 15:15:00+05:30,17473.2,17562.95,89.75,89.75,EOD_EXIT
long,2023-04-06 11:00:00+05:30,2023-04-06 11:15:00+05:30,17604.25,17583.15,14.0,-21.1,ST_TRAIL
short,2023-04-06 13:50:00+05:30,2023-04-06 14:30:00+05:30,17555.15,17600.95,0.0,-45.8,ST_TRAIL
long,2023-04-10 13:00:00+05:30,2023-04-10 13:15:00+05:30,17683.1,17662.75,0.0,-20.35,ST_TRAIL
short,2023-04-10 14:00:00+05:30,2023-04-10 14:45:00+05:30,17638.3,17634.0,33.4,4.3,ST_TRAIL
long,2023-04-11 09:40:00+05:30,2023-04-11 10:50:00+05:30,17704.0,17708.3,37.55,4.3,ST_TRAIL
long,2023-04-12 13:20:00+05:30,2023-04-12 14:30:00+05:30,17805.3,17790.35,13.25,-14.95,ST_TRAIL
long,2023-04-13 09:40:00+05:30,2023-04-13 10:45:00+05:30,17798.8,17773.4,12.05,-25.4,ST_TRAIL
short,2023-04-13 10:50:00+05:30,2023-04-13 12:50:00+05:30,17764.45,17758.05,32.8,6.4,ST_TRAIL
short,2023-04-17 10:00:00+05:30,2023-04-17 10:20:00+05:30,17581.4,17644.95,0.0,-63.55,STOP_LOSS
long,2023-04-17 14:25:00+05:30,2023-04-17 15:15:00+05:30,17694.3,17709.45,21.3,15.15,EOD_EXIT
short,2023-04-18 09:50:00+05:30,2023-04-18 12:15:00+05:30,17671.0,17689.15,12.5,-18.15,ST_TRAIL
short,2023-04-18 13:35:00+05:30,2023-04-18 14:30:00+05:30,17640.75,17646.5,24.9,-5.75,ST_TRAIL
short,2023-04-19 13:10:00+05:30,2023-04-19 15:05:00+05:30,17633.65,17630.05,46.0,3.6,ST_TRAIL
short,2023-04-20 10:35:00+05:30,2023-04-20 11:30:00+05:30,17596.25,17627.0,2.95,-30.75,ST_TRAIL
short,2023-04-20 13:05:00+05:30,2023-04-20 14:20:00+05:30,17590.1,17609.6,0.0,-19.5,ST_TRAIL
short,2023-04-21 09:45:00+05:30,2023-04-21 13:25:00+05:30,17636.2,17586.5,75.15,49.7,ST_TRAIL
long,2023-04-21 13:45:00+05:30,2023-04-21 15:15:00+05:30,17603.95,17617.8,29.1,13.85,EOD_EXIT
short,2023-04-24 10:30:00+05:30,2023-04-24 12:20:00+05:30,17631.6,17640.8,11.15,-9.2,ST_TRAIL
long,2023-04-24 13:00:00+05:30,2023-04-24 15:15:00+05:30,17675.25,17747.15,72.75,71.9,EOD_EXIT
long,2023-04-25 10:25:00+05:30,2023-04-25 12:30:00+05:30,17758.9,17759.35,31.95,0.45,ST_TRAIL
long,2023-04-25 13:15:00+05:30,2023-04-25 13:50:00+05:30,17778.4,17755.5,9.05,-22.9,ST_TRAIL
long,2023-04-25 14:15:00+05:30,2023-04-25 15:05:00+05:30,17798.2,17770.25,0.9,-27.95,ST_TRAIL
long,2023-04-27 09:50:00+05:30,2023-04-27 15:15:00+05:30,17843.05,17925.9,82.85,82.85,EOD_EXIT
long,2023-04-28 10:55:00+05:30,2023-04-28 15:15:00+05:30,17931.7,18083.9,152.2,152.2,EOD_EXIT
long,2023-05-02 09:40:00+05:30,2023-05-02 14:45:00+05:30,18161.35,18152.2,13.35,-9.15,ST_TRAIL
short,2023-05-03 11:10:00+05:30,2023-05-03 12:45:00+05:30,18078.9,18089.4,13.75,-10.5,ST_TRAIL
long,2023-05-04 10:10:00+05:30,2023-05-04 15:15:00+05:30,18127.1,18262.05,136.1,134.95,EOD_EXIT
short,2023-05-05 11:15:00+05:30,2023-05-05 12:10:00+05:30,18129.65,18137.1,33.6,-7.45,ST_TRAIL
short,2023-05-05 13:50:00+05:30,2023-05-05 15:15:00+05:30,18111.7,18067.55,47.4,44.15,EOD_EXIT
long,2023-05-08 09:55:00+05:30,2023-05-08 15:05:00+05:30,18211.7,18248.65,71.4,36.95,ST_TRAIL
long,2023-05-09 10:10:00+05:30,2023-05-09 12:50:00+05:30,18331.2,18303.5,7.6,-27.7,ST_TRAIL
short,2023-05-09 13:35:00+05:30,2023-05-09 14:30:00+05:30,18284.05,18278.45,43.35,5.6,ST_TRAIL
short,2023-05-10 09:35:00+05:30,2023-05-10 10:30:00+05:30,18262.9,18258.7,43.2,4.2,ST_TRAIL
long,2023-05-10 14:00:00+05:30,2023-05-10 15:15:00+05:30,18281.6,18321.15,39.55,39.55,EOD_EXIT
long,2023-05-11 10:40:00+05:30,2023-05-11 11:55:00+05:30,18332.85,18304.6,11.8,-28.25,ST_TRAIL
long,2023-05-11 14:20:00+05:30,2023-05-11 14:50:00+05:30,18338.45,18289.45,0.0,-49.0,ST_TRAIL
short,2023-05-12 09:40:00+05:30,2023-05-12 10:05:00+05:30,18204.0,18249.4,0.0,-45.4,ST_TRAIL
long,2023-05-12 10:45:00+05:30,2023-05-12 14:30:00+05:30,18276.1,18314.4,63.85,38.3,ST_TRAIL
long,2023-05-15 09:50:00+05:30,2023-05-15 14:25:00+05:30,18371.65,18430.95,80.25,59.3,ST_TRAIL
short,2023-05-16 11:30:00+05:30,2023-05-16 15:15:00+05:30,18359.85,18282.6,77.25,77.25,EOD_EXIT
short,2023-05-17 09:45:00+05:30,2023-05-17 12:35:00+05:30,18260.05,18167.85,116.35,92.2,ST_TRAIL
short,2023-05-17 13:05:00+05:30,2023-05-17 13:45:00+05:30,18144.9,18149.05,26.3,-4.15,ST_TRAIL
short,2023-05-19 10:00:00+05:30,2023-05-19 11:10:00+05:30,18072.7,18114.8,3.25,-42.1,ST_TRAIL
long,2023-05-19 14:00:00+05:30,2023-05-19 15:15:00+05:30,18157.2,18215.05,57.85,57.85,EOD_EXIT
long,2023-05-22 09:40:00+05:30,2023-05-22 10:00:00+05:30,18284.1,18236.35,4.45,-47.75,ST_TRAIL
long,2023-05-22 10:40:00+05:30,2023-05-22 12:40:00+05:30,18278.65,18286.45,38.3,7.8,ST_TRAIL
long,2023-05-22 14:00:00+05:30,2023-05-22 15:15:00+05:30,18299.85,18313.9,25.0,14.05,EOD_EXIT
long,2023-05-23 09:40:00+05:30,2023-05-23 14:40:00+05:30,18404.65,18379.45,10.75,-25.2,ST_TRAIL
long,2023-05-24 09:50:00+05:30,2023-05-24 11:40:00+05:30,18344.1,18361.85,43.2,17.75,ST_TRAIL
short,2023-05-24 13:15:00+05:30,2023-05-24 13:35:00+05:30,18297.3,18317.15,0.45,-19.85,ST_TRAIL
short,2023-05-25 10:10:00+05:30,2023-05-25 12:15:00+05:30,18261.85,18251.05,42.5,10.8,ST_TRAIL
short,2023-05-25 13:05:00+05:30,2023-05-25 14:05:00+05:30,18226.45,18229.8,16.15,-3.35,ST_TRAIL
long,2023-05-26 10:05:00+05:30,2023-05-26 15:15:00+05:30,18384.3,18498.0,120.7,113.7,EOD_EXIT
long,2023-05-29 10:45:00+05:30,2023-05-29 12:30:00+05:30,18623.4,18605.6,9.4,-17.8,ST_TRAIL
long,2023-05-29 13:55:00+05:30,2023-05-29 14:20:00+05:30,18615.45,18604.1,7.35,-11.35,ST_TRAIL
long,2023-05-30 10:15:00+05:30,2023-05-30 10:35:00+05:30,18652.2,18627.85,0.0,-24.35,ST_TRAIL
short,2023-05-30 10:50:00+05:30,2023-05-30 12:15:00+05:30,18607.2,18626.95,11.95,-19.75,ST_TRAIL
short,2023-05-31 10:30:00+05:30,2023-05-31 13:40:00+05:30,18536.55,18515.1,47.3,21.45,ST_TRAIL
long,2023-06-01 09:55:00+05:30,2023-06-01 12:00:00+05:30,18571.4,18540.65,4.35,-30.75,ST_TRAIL
long,2023-06-01 13:25:00+05:30,2023-06-01 13:45:00+05:30,18559.75,18539.05,0.0,-20.7,ST_TRAIL
short,2023-06-02 10:05:00+05:30,2023-06-02 11:30:00+05:30,18502.35,18525.05,22.6,-22.7,ST_TRAIL
short,2023-06-02 14:15:00+05:30,2023-06-02 15:00:00+05:30,18522.25,18547.7,16.5,-25.45,ST_TRAIL
long,2023-06-05 10:05:00+05:30,2023-06-05 11:55:00+05:30,18615.45,18619.0,23.0,3.55,ST_TRAIL
long,2023-06-05 13:55:00+05:30,2023-06-05 15:00:00+05:30,18624.15,18596.25,0.0,-27.9,ST_TRAIL
long,2023-06-06 09:40:00+05:30,2023-06-06 09:55:00+05:30,18610.15,18584.85,0.0,-25.3,ST_TRAIL
short,2023-06-06 10:00:00+05:30,2023-06-06 12:55:00+05:30,18578.4,18555.65,44.3,22.75,ST_TRAIL
long,2023-06-07 10:25:00+05:30,2023-06-07 13:35:00+05:30,18662.75,18667.75,21.65,5.0,ST_TRAIL
short,2023-06-08 14:15:00+05:30,2023-06-08 15:15:00+05:30,18687.7,18621.5,66.2,66.2,EOD_EXIT
short,2023-06-09 09:40:00+05:30,2023-06-09 09:55:00+05:30,18623.75,18658.05,0.0,-34.3,ST_TRAIL
short,2023-06-09 10:30:00+05:30,2023-06-09 12:10:00+05:30,18628.2,18634.75,19.5,-6.55,ST_TRAIL
short,2023-06-09 13:00:00+05:30,2023-06-09 14:30:00+05:30,18605.85,18587.4,45.9,18.45,ST_TRAIL
long,2023-06-12 14:00:00+05:30,2023-06-12 14:20:00+05:30,18616.2,18596.95,4.45,-19.25,ST_TRAIL
long,2023-06-13 09:40:00+05:30,2023-06-13 13:55:00+05:30,18697.35,18685.6,16.4,-11.75,ST_TRAIL
long,2023-06-14 10:50:00+05:30,2023-06-14 15:15:00+05:30,18739.4,18757.0,26.65,17.6,EOD_EXIT
long,2023-06-15 09:50:00+05:30,2023-06-15 11:05:00+05:30,18767.65,18761.7,24.6,-5.95,ST_TRAIL
short,2023-06-15 11:20:00+05:30,2023-06-15 12:20:00+05:30,18738.75,18742.15,22.2,-3.4,ST_TRAIL
short,2023-06-15 14:05:00+05:30,2023-06-15 15:15:00+05:30,18720.15,18683.35,42.75,36.8,EOD_EXIT
long,2023-06-16 09:40:00+05:30,2023-06-16 11:20:00+05:30,18768.6,18751.4,13.95,-17.2,ST_TRAIL
long,2023-06-16 13:45:00+05:30,2023-06-16 15:05:00+05:30,18765.65,18825.25,86.25,59.6,ST_TRAIL
short,2023-06-19 10:25:00+05:30,2023-06-19 12:15:00+05:30,18804.25,18792.7,36.85,11.55,ST_TRAIL
short,2023-06-19 13:25:00+05:30,2023-06-19 14:35:00+05:30,18735.9,18763.1,12.5,-27.2,ST_TRAIL
short,2023-06-20 10:35:00+05:30,2023-06-20 11:00:00+05:30,18665.55,18691.95,0.0,-26.4,ST_TRAIL
long,2023-06-20 11:30:00+05:30,2023-06-20 15:15:00+05:30,18720.45,18829.15,108.7,108.7,EOD_EXIT
short,2023-06-21 11:00:00+05:30,2023-06-21 11:30:00+05:30,18822.2,18827.25,21.3,-5.05,ST_TRAIL
short,2023-06-22 13:05:00+05:30,2023-06-22 13:15:00+05:30,18792.8,18811.5,0.0,-18.7,ST_TRAIL
long,2023-06-22 13:40:00+05:30,2023-06-22 14:15:00+05:30,18856.15,18816.95,0.1,-39.2,ST_TRAIL
short,2023-06-22 14:30:00+05:30,2023-06-22 15:15:00+05:30,18772.15,18763.1,9.05,9.05,EOD_EXIT
short,2023-06-23 13:05:00+05:30,2023-06-23 15:15:00+05:30,18716.25,18663.65,52.6,52.6,EOD_EXIT
short,2023-06-26 10:00:00+05:30,2023-06-26 11:30:00+05:30,18662.25,18684.5,4.1,-22.25,ST_TRAIL
short,2023-06-26 13:05:00+05:30,2023-06-26 15:00:00+05:30,18649.7,18705.55,0.0,-55.85,STOP_LOSS
long,2023-06-27 13:25:00+05:30,2023-06-27 15:15:00+05:30,18744.55,18817.15,80.25,72.6,EOD_EXIT
long,2023-06-28 10:00:00+05:30,2023-06-28 12:10:00+05:30,18885.7,18956.6,93.25,70.9,ST_TRAIL
long,2023-06-28 13:05:00+05:30,2023-06-28 14:10:00+05:30,18981.0,18979.55,27.15,-1.45,ST_TRAIL
long,2023-06-30 09:40:00+05:30,2023-06-30 15:15:00+05:30,19102.95,19199.3,96.35,96.35,EOD_EXIT
short,2023-07-04 09:45:00+05:30,2023-07-04 12:00:00+05:30,19354.6,19359.5,46.2,-4.9,BREAKEVEN_SL
long,2023-07-04 13:25:00+05:30,2023-07-04 14:05:00+05:30,19432.5,19388.05,0.0,-44.45,ST_TRAIL
short,2023-07-04 14:10:00+05:30,2023-07-04 15:05:00+05:30,19373.35,19398.6,9.25,-25.25,ST_TRAIL
long,2023-07-06 10:10:00+05:30,2023-07-06 12:40:00+05:30,19449.85,19438.2,16.3,-11.65,ST_TRAIL
long,2023-07-06 14:20:00+05:30,2023-07-06 15:15:00+05:30,19456.9,19503.85,48.55,46.95,EOD_EXIT
long,2023-07-07 09:40:00+05:30,2023-07-07 10:25:00+05:30,19491.3,19471.15,30.4,-20.15,ST_TRAIL
short,2023-07-07 10:30:00+05:30,2023-07-07 13:25:00+05:30,19470.1,19380.3,114.2,89.8,ST_TRAIL
long,2023-07-10 10:20:00+05:30,2023-07-10 11:10:00+05:30,19427.1,19389.8,4.15,-37.3,ST_TRAIL
short,2023-07-10 11:30:00+05:30,2023-07-10 12:15:00+05:30,19365.85,19369.7,30.3,-3.85,ST_TRAIL
short,2023-07-10 14:20:00+05:30,2023-07-10 15:15:00+05:30,19389.05,19355.75,48.35,33.3,EOD_EXIT
long,2023-07-11 09:50:00+05:30,2023-07-11 12:15:00+05:30,19483.85,19479.3,27.25,-4.55,ST_TRAIL
short,2023-07-11 14:20:00+05:30,2023-07-11 15:15:00+05:30,19437.6,19444.35,16.7,-6.75,EOD_EXIT
short,2023-07-12 11:25:00+05:30,2023-07-12 12:55:00+05:30,19456.65,19439.3,54.2,17.35,ST_TRAIL
long,2023-07-13 09:40:00+05:30,2023-07-13 12:25:00+05:30,19524.0,19532.3,39.3,8.3,ST_TRAIL
short,2023-07-13 13:50:00+05:30,2023-07-13 15:15:00+05:30,19498.15,19425.65,109.75,72.5,EOD_EXIT
long,2023-07-14 11:20:00+05:30,2023-07-14 11:45:00+05:30,19486.05,19462.3,6.8,-23.75,ST_TRAIL
long,2023-07-17 10:10:00+05:30,2023-07-17 15:15:00+05:30,19632.4,19722.2,97.75,89.8,EOD_EXIT
long,2023-07-18 11:00:00+05:30,2023-07-18 11:15:00+05:30,19797.85,19777.7,12.4,-20.15,ST_TRAIL
short,2023-07-18 13:05:00+05:30,2023-07-18 13:55:00+05:30,19712.7,19769.35,0.0,-56.65,STOP_LOSS
short,2023-07-18 14:25:00+05:30,2023-07-18 15:15:00+05:30,19745.95,19758.6,16.6,-12.65,EOD_EXIT
short,2023-07-19 11:05:00+05:30,2023-07-19 12:30:00+05:30,19756.8,19769.6,24.2,-12.8,ST_TRAIL
short,2023-07-20 09:50:00+05:30,2023-07-20 10:15:00+05:30,19765.8,19816.2,5.7,-50.4,STOP_LOSS
long,2023-07-20 13:25:00+05:30,2023-07-20 13:35:00+05:30,19912.4,19889.85,8.3,-22.55,ST_TRAIL
long,2023-07-20 14:00:00+05:30,2023-07-20 14:45:00+05:30,19943.6,19937.45,34.1,-6.15,ST_TRAIL
short,2023-07-21 10:50:00+05:30,2023-07-21 13:10:00+05:30,19813.3,19791.35,67.65,21.95,ST_TRAIL
short,2023-07-21 14:05:00+05:30,2023-07-21 15:15:00+05:30,19790.25,19767.9,82.2,22.35,EOD_EXIT
long,2023-07-24 13:00:00+05:30,2023-07-24 14:05:00+05:30,19752.95,19737.2,16.8,-15.75,ST_TRAIL
short,2023-07-25 10:30:00+05:30,2023-07-25 12:15:00+05:30,19668.2,19684.6,10.25,-16.4,ST_TRAIL
short,2023-07-25 13:15:00+05:30,2023-07-25 13:45:00+05:30,19652.95,19664.95,31.5,-12.0,ST_TRAIL
long,2023-07-26 09:55:00+05:30,2023-07-26 12:55:00+05:30,19796.15,19793.7,23.35,-2.45,ST_TRAIL
long,2023-07-26 14:25:00+05:30,2023-07-26 14:35:00+05:30,19822.85,19791.5,0.0,-31.35,ST_TRAIL
short,2023-07-27 11:10:00+05:30,2023-07-27 15:10:00+05:30,19780.6,19664.7,174.3,115.9,ST_TRAIL
short,2023-07-28 11:20:00+05:30,2023-07-28 12:40:00+05:30,19601.2,19604.85,26.5,-3.65,ST_TRAIL
short,2023-07-28 13:45:00+05:30,2023-07-28 14:10:00+05:30,19570.75,19597.25,0.0,-26.5,ST_TRAIL
long,2023-07-31 09:55:00+05:30,2023-07-31 12:30:00+05:30,19657.05,19684.65,58.25,27.6,ST_TRAIL
long,2023-07-31 13:25:00+05:30,2023-07-31 15:15:00+05:30,19708.8,19755.65,52.8,46.85,EOD_EXIT
short,2023-08-01 14:00:00+05:30,2023-08-01 15:15:00+05:30,19736.1,19732.9,10.7,3.2,EOD_EXIT
short,2023-08-02 09:40:00+05:30,2023-08-02 12:45:00+05:30,19620.8,19555.6,99.25,65.2,ST_TRAIL
short,2023-08-02 13:25:00+05:30,2023-08-02 14:35:00+05:30,19478.45,19465.85,49.65,12.6,ST_TRAIL
short,2023-08-03 13:00:00+05:30,2023-08-03 14:35:00+05:30,19348.7,19345.25,42.8,3.45,ST_TRAIL
long,2023-08-04 10:20:00+05:30,2023-08-04 12:35:00+05:30,19479.4,19496.5,52.5,17.1,ST_TRAIL
long,2023-08-07 10:15:00+05:30,2023-08-07 10:55:00+05:30,19574.15,19542.05,8.4,-32.1,ST_TRAIL
long,2023-08-07 13:30:00+05:30,2023-08-07 14:05:00+05:30,19598.2,19588.15,16.85,-10.05,ST_TRAIL
short,2023-08-08 11:10:00+05:30,2023-08-08 11:50:00+05:30,19560.85,19565.35,24.8,-4.5,ST_TRAIL
short,2023-08-09 09:40:00+05:30,2023-08-09 12:35:00+05:30,19505.25,19503.45,27.55,1.8,ST_TRAIL
long,2023-08-09 14:00:00+05:30,2023-08-09 15:15:00+05:30,19526.55,19641.05,114.5,114.5,EOD_EXIT
short,2023-08-10 10:25:00+05:30,2023-08-10 10:50:00+05:30,19539.6,19550.55,33.7,-10.95,ST_TRAIL
short,2023-08-10 13:30:00+05:30,2023-08-10 14:30:00+05:30,19553.7,19555.95,39.9,-2.25,ST_TRAIL
short,2023-08-11 09:45:00+05:30,2023-08-11 13:00:00+05:30,19470.4,19477.85,32.55,-7.45,ST_TRAIL
long,2023-08-14 13:45:00+05:30,2023-08-14 15:15:00+05:30,19401.8,19427.8,56.65,26.0,EOD_EXIT
long,2023-08-16 13:15:00+05:30,2023-08-16 15:15:00+05:30,19436.0,19471.5,40.05,35.5,EOD_EXIT
short,2023-08-17 09:40:00+05:30,2023-08-17 13:40:00+05:30,19405.35,19360.4,75.4,44.95,ST_TRAIL
short,2023-08-18 09:50:00+05:30,2023-08-18 11:30:00+05:30,19274.55,19297.1,13.1,-22.55,ST_TRAIL
long,2023-08-18 14:10:00+05:30,2023-08-18 15:00:00+05:30,19353.8,19325.1,15.75,-28.7,ST_TRAIL
long,2023-08-21 10:35:00+05:30,2023-08-21 14:10:00+05:30,19350.5,19389.4,61.75,38.9,ST_TRAIL
long,2023-08-22 09:40:00+05:30,2023-08-22 09:50:00+05:30,19439.9,19389.25,0.0,-50.65,STOP_LOSS
short,2023-08-23 09:55:00+05:30,2023-08-23 11:05:00+05:30,19383.3,19411.05,9.95,-27.75,ST_TRAIL
long,2023-08-23 11:30:00+05:30,2023-08-23 15:05:00+05:30,19422.65,19443.55,42.45,20.9,ST_TRAIL
long,2023-08-24 09:40:00+05:30,2023-08-24 10:25:00+05:30,19567.45,19540.95,14.35,-26.5,ST_TRAIL
short,2023-08-24 10:45:00+05:30,2023-08-24 15:15:00+05:30,19525.95,19375.15,150.8,150.8,EOD_EXIT
short,2023-08-25 10:30:00+05:30,2023-08-25 11:20:00+05:30,19237.75,19308.05,0.0,-70.3,STOP_LOSS
short,2023-08-25 14:20:00+05:30,2023-08-25 15:00:00+05:30,19265.45,19291.85,4.7,-26.4,ST_TRAIL
long,2023-08-28 11:15:00+05:30,2023-08-28 14:10:00+05:30,19324.25,19335.85,39.0,11.6,ST_TRAIL
short,2023-08-29 14:25:00+05:30,2023-08-29 15:05:00+05:30,19319.8,19343.15,5.8,-23.35,ST_TRAIL
long,2023-08-30 10:00:00+05:30,2023-08-30 12:45:00+05:30,19429.95,19433.0,19.15,3.05,ST_TRAIL
short,2023-08-30 14:15:00+05:30,2023-08-30 15:15:00+05:30,19410.75,19335.55,75.2,75.2,EOD_EXIT
long,2023-08-31 09:50:00+05:30,2023-08-31 10:05:00+05:30,19386.9,19345.0,0.0,-41.9,ST_TRAIL
short,2023-08-31 10:35:00+05:30,2023-08-31 11:30:00+05:30,19320.6,19338.7,10.8,-18.1,ST_TRAIL
short,2023-08-31 13:20:00+05:30,2023-08-31 13:35:00+05:30,19281.05,19308.55,0.0,-27.5,ST_TRAIL
short,2023-08-31 14:15:00+05:30,2023-08-31 15:10:00+05:30,19278.3,19280.55,30.8,-2.25,ST_TRAIL
long,2023-09-01 09:40:00+05:30,2023-09-01 15:15:00+05:30,19317.6,19426.85,135.7,109.25,EOD_EXIT
short,2023-09-04 10:40:00+05:30,2023-09-04 11:10:00+05:30,19443.95,19473.05,2.25,-29.1,ST_TRAIL
long,2023-09-05 09:45:00+05:30,2023-09-05 12:15:00+05:30,19577.2,19563.5,5.1,-13.7,ST_TRAIL
long,2023-09-06 14:30:00+05:30,2023-09-06 15:15:00+05:30,19540.0,19623.45,83.45,83.45,EOD_EXIT
long,2023-09-07 10:45:00+05:30,2023-09-07 11:30:00+05:30,19612.0,19614.5,26.7,2.5,ST_TRAIL
long,2023-09-07 13:25:00+05:30,2023-09-07 15:15:00+05:30,19635.95,19721.7,95.3,85.75,EOD_EXIT
long,2023-09-08 11:30:00+05:30,2023-09-08 13:10:00+05:30,19793.65,19810.4,40.75,16.75,ST_TRAIL
long,2023-09-11 10:00:00+05:30,2023-09-11 15:15:00+05:30,19928.65,20006.85,78.2,78.2,EOD_EXIT
short,2023-09-12 09:50:00+05:30,2023-09-12 10:05:00+05:30,19942.25,20013.8,0.0,-71.55,STOP_LOSS
long,2023-09-12 11:30:00+05:30,2023-09-12 12:15:00+05:30,20019.15,19972.55,17.8,-46.6,ST_TRAIL
short,2023-09-13 09:35:00+05:30,2023-09-13 11:20:00+05:30,19957.75,20022.2,2.4,-64.45,STOP_LOSS
long,2023-09-13 13:00:00+05:30,2023-09-13 13:25:00+05:30,20071.65,20057.65,14.65,-14.0,ST_TRAIL
long,2023-09-14 09:40:00+05:30,2023-09-14 10:05:00+05:30,20156.25,20114.9,5.05,-41.35,ST_TRAIL
short,2023-09-14 10:20:00+05:30,2023-09-14 13:05:00+05:30,20082.25,20091.7,23.05,-9.45,ST_TRAIL
short,2023-09-14 14:00:00+05:30,2023-09-14 14:30:00+05:30,20057.1,20084.75,3.45,-27.65,ST_TRAIL
long,2023-09-15 11:05:00+05:30,2023-09-15 12:20:00+05:30,20184.75,20170.05,7.85,-14.7,ST_TRAIL
long,2023-09-15 13:30:00+05:30,2023-09-15 15:15:00+05:30,20171.2,20182.85,44.2,11.65,EOD_EXIT
short,2023-09-18 13:50:00+05:30,2023-09-18 15:15:00+05:30,20155.45,20128.3,28.2,27.15,EOD_EXIT
short,2023-09-20 10:10:00+05:30,2023-09-20 15:15:00+05:30,19969.35,19904.65,76.55,64.7,EOD_EXIT
short,2023-09-21 09:50:00+05:30,2023-09-21 11:05:00+05:30,19787.75,19783.6,45.35,4.15,ST_TRAIL
short,2023-09-22 09:35:00+05:30,2023-09-22 10:35:00+05:30,19759.25,19731.5,85.5,27.75,ST_TRAIL
long,2023-09-22 10:40:00+05:30,2023-09-22 12:55:00+05:30,19749.25,19765.65,40.95,16.4,ST_TRAIL
short,2023-09-22 13:30:00+05:30,2023-09-22 15:15:00+05:30,19711.7,19663.9,47.8,47.8,EOD_EXIT
short,2023-09-25 10:15:00+05:30,2023-09-25 11:50:00+05:30,19632.65,19640.4,24.6,-7.75,ST_TRAIL
long,2023-09-25 13:00:00+05:30,2023-09-25 13:45:00+05:30,19729.2,19680.05,0.0,-49.15,ST_TRAIL
short,2023-09-25 14:10:00+05:30,2023-09-25 14:30:00+05:30,19637.6,19673.8,0.0,-36.2,ST_TRAIL
long,2023-09-26 13:15:00+05:30,2023-09-26 15:15:00+05:30,19656.2,19667.1,23.95,10.9,EOD_EXIT
short,2023-09-27 10:10:00+05:30,2023-09-27 11:00:00+05:30,19562.25,19591.6,2.05,-29.35,ST_TRAIL
long,2023-09-27 11:05:00+05:30,2023-09-27 15:15:00+05:30,19607.1,19714.2,118.6,107.1,EOD_EXIT
short,2023-09-28 09:40:00+05:30,2023-09-28 10:05:00+05:30,19686.95,19727.3,6.15,-40.35,ST_TRAIL
short,2023-09-28 10:45:00+05:30,2023-09-28 15:15:00+05:30,19702.2,19535.7,202.95,166.5,EOD_EXIT
long,2023-09-29 11:20:00+05:30,2023-09-29 14:45:00+05:30,19616.05,19690.75,107.1,74.7,ST_TRAIL
short,2023-10-03 10:00:00+05:30,2023-10-03 10:25:00+05:30,19485.95,19527.8,0.0,-41.85,ST_TRAIL
short,2023-10-03 14:10:00+05:30,2023-10-03 15:15:00+05:30,19518.85,19530.25,0.0,-11.4,EOD_EXIT
short,2023-10-04 10:15:00+05:30,2023-10-04 10:30:00+05:30,19392.6,19425.6,0.0,-33.0,ST_TRAIL
short,2023-10-04 13:05:00+05:30,2023-10-04 13:15:00+05:30,19342.3,19367.2,0.0,-24.9,ST_TRAIL
long,2023-10-04 14:30:00+05:30,2023-10-04 15:15:00+05:30,19384.5,19444.95,60.45,60.45,EOD_EXIT
long,2023-10-05 09:45:00+05:30,2023-10-05 10:25:00+05:30,19537.55,19497.8,0.0,-39.75,ST_TRAIL
long,2023-10-05 10:55:00+05:30,2023-10-05 12:15:00+05:30,19561.35,19533.65,12.3,-27.7,ST_TRAIL
long,2023-10-05 13:35:00+05:30,2023-10-05 15:15:00+05:30,19555.9,19548.7,7.1,-7.2,EOD_EXIT
long,2023-10-06 10:45:00+05:30,2023-10-06 11:20:00+05:30,19636.8,19609.8,14.65,-27.0,ST_TRAIL
long,2023-10-06 13:20:00+05:30,2023-10-06 15:15:00+05:30,19651.85,19648.25,21.75,-3.6,EOD_EXIT
long,2023-10-10 09:50:00+05:30,2023-10-10 15:00:00+05:30,19595.7,19692.6,118.9,96.9,ST_TRAIL
long,2023-10-11 10:35:00+05:30,2023-10-11 12:15:00+05:30,19835.95,19796.5,0.2,-39.45,ST_TRAIL
long,2023-10-11 13:15:00+05:30,2023-10-11 15:15:00+05:30,19805.15,19804.85,20.55,-0.3,EOD_EXIT
short,2023-10-12 09:50:00+05:30,2023-10-12 10:40:00+05:30,19793.3,19813.5,13.4,-20.2,ST_TRAIL
short,2023-10-13 10:50:00+05:30,2023-10-13 12:20:00+05:30,19675.35,19704.0,0.0,-28.65,ST_TRAIL
long,2023-10-13 13:10:00+05:30,2023-10-13 14:45:00+05:30,19743.95,19768.15,54.9,24.2,ST_TRAIL
long,2023-10-16 10:40:00+05:30,2023-10-16 13:15:00+05:30,19764.95,19745.7,8.6,-19.25,ST_TRAIL
short,2023-10-17 14:05:00+05:30,2023-10-17 15:05:00+05:30,19798.5,19818.9,16.2,-20.4,ST_TRAIL
long,2023-10-18 10:10:00+05:30,2023-10-18 10:40:00+05:30,19832.7,19787.5,0.0,-45.2,ST_TRAIL
short,2023-10-18 11:10:00+05:30,2023-10-18 13:55:00+05:30,19724.9,19716.1,47.6,8.8,ST_TRAIL
long,2023-10-19 11:25:00+05:30,2023-10-19 13:15:00+05:30,19640.85,19626.35,20.75,-14.5,ST_TRAIL
long,2023-10-19 14:00:00+05:30,2023-10-19 14:25:00+05:30,19675.35,19641.35,0.0,-34.0,ST_TRAIL
short,2023-10-23 10:15:00+05:30,2023-10-23 11:55:00+05:30,19484.45,19480.25,25.9,4.2,ST_TRAIL
short,2023-10-23 13:10:00+05:30,2023-10-23 15:15:00+05:30,19433.75,19281.7,161.05,152.05,EOD_EXIT
short,2023-10-25 10:50:00+05:30,2023-10-25 13:55:00+05:30,19294.45,19154.85,213.65,139.6,ST_TRAIL
short,2023-10-26 09:50:00+05:30,2023-10-26 13:10:00+05:30,18935.35,18891.65,82.05,43.7,ST_TRAIL
short,2023-10-26 13:30:00+05:30,2023-10-26 14:45:00+05:30,18858.95,18890.9,4.9,-31.95,ST_TRAIL
long,2023-10-27 11:30:00+05:30,2023-10-27 12:25:00+05:30,19032.9,19023.4,20.2,-9.5,ST_TRAIL
long,2023-10-27 13:35:00+05:30,2023-10-27 15:10:00+05:30,19038.5,19036.85,34.65,-1.65,ST_TRAIL
short,2023-10-30 09:40:00+05:30,2023-10-30 10:10:00+05:30,18946.5,19010.9,0.0,-64.4,STOP_LOSS
long,2023-10-30 10:15:00+05:30,2023-10-30 14:00:00+05:30,19035.4,19106.65,100.55,71.25,ST_TRAIL
short,2023-11-01 10:00:00+05:30,2023-11-01 13:40:00+05:30,19026.15,19033.45,24.5,-7.3,ST_TRAIL
long,2023-11-02 09:40:00+05:30,2023-11-02 10:35:00+05:30,19165.05,19120.55,0.0,-44.5,ST_TRAIL
long,2023-11-03 10:55:00+05:30,2023-11-03 11:50:00+05:30,19270.45,19246.5,2.0,-23.95,ST_TRAIL
long,2023-11-03 14:30:00+05:30,2023-11-03 14:35:00+05:30,19250.25,19242.5,0.0,-7.75,ST_TRAIL
long,2023-11-06 10:05:00+05:30,2023-11-06 10:50:00+05:30,19352.4,19334.15,14.8,-18.25,ST_TRAIL
long,2023-11-06 13:35:00+05:30,2023-11-06 15:15:00+05:30,19361.35,19415.9,55.15,54.55,EOD_EXIT
short,2023-11-07 09:40:00+05:30,2023-11-07 10:35:00+05:30,19366.25,19385.3,15.5,-19.05,ST_TRAIL
long,2023-11-07 14:00:00+05:30,2023-11-07 15:15:00+05:30,19405.25,19411.5,6.25,6.25,EOD_EXIT
long,2023-11-08 13:10:00+05:30,2023-11-08 14:10:00+05:30,19448.05,19441.4,14.8,-6.65,ST_TRAIL
long,2023-11-09 11:30:00+05:30,2023-11-09 13:05:00+05:30,19450.6,19426.2,8.45,-24.4,ST_TRAIL
short,2023-11-09 13:45:00+05:30,2023-11-09 15:15:00+05:30,19416.15,19398.45,23.05,17.7,EOD_EXIT
short,2023-11-10 10:00:00+05:30,2023-11-10 10:35:00+05:30,19342.85,19373.9,0.0,-31.05,ST_TRAIL
long,2023-11-13 10:10:00+05:30,2023-11-13 10:15:00+05:30,19469.45,19441.45,0.0,-28.0,ST_TRAIL
short,2023-11-13 10:30:00+05:30,2023-11-13 11:30:00+05:30,19426.1,19449.1,4.95,-23.0,ST_TRAIL
long,2023-11-15 09:55:00+05:30,2023-11-15 14:55:00+05:30,19633.3,19646.25,41.8,12.95,ST_TRAIL
long,2023-11-16 10:15:00+05:30,2023-11-16 15:00:00+05:30,19721.3,19808.85,137.5,87.55,ST_TRAIL
long,2023-11-17 14:10:00+05:30,2023-11-17 14:30:00+05:30,19757.0,19736.6,2.15,-20.4,ST_TRAIL
short,2023-11-20 09:35:00+05:30,2023-11-20 10:20:00+05:30,19720.1,19749.7,16.1,-29.6,ST_TRAIL
long,2023-11-21 13:35:00+05:30,2023-11-21 15:15:00+05:30,19803.35,19781.3,0.0,-22.05,EOD_EXIT
long,2023-11-22 09:50:00+05:30,2023-11-22 10:20:00+05:30,19818.9,19796.3,3.8,-22.6,ST_TRAIL
short,2023-11-23 10:40:00+05:30,2023-11-23 12:25:00+05:30,19803.05,19829.2,4.15,-26.15,ST_TRAIL
short,2023-11-24 10:00:00+05:30,2023-11-24 10:40:00+05:30,19793.1,19818.9,0.0,-25.8,ST_TRAIL
long,2023-11-28 14:30:00+05:30,2023-11-28 15:15:00+05:30,19880.2,19897.55,17.35,17.35,EOD_EXIT
long,2023-11-29 09:45:00+05:30,2023-11-29 15:15:00+05:30,19999.15,20098.9,102.75,99.75,EOD_EXIT
short,2023-11-30 09:50:00+05:30,2023-11-30 10:40:00+05:30,20047.8,20098.6,15.05,-50.8,STOP_LOSS
long,2023-11-30 10:45:00+05:30,2023-11-30 12:15:00+05:30,20091.6,20049.6,0.0,-42.0,ST_TRAIL
long,2023-11-30 13:30:00+05:30,2023-11-30 14:00:00+05:30,20069.95,20073.45,42.85,3.5,ST_TRAIL
long,2023-12-01 10:00:00+05:30,2023-12-01 14:35:00+05:30,20249.15,20255.8,36.9,6.65,ST_TRAIL
long,2023-12-04 10:55:00+05:30,2023-12-04 15:15:00+05:30,20555.05,20684.75,129.7,129.7,EOD_EXIT
long,2023-12-05 09:50:00+05:30,2023-12-05 11:15:00+05:30,20783.15,20788.3,59.6,5.15,ST_TRAIL
short,2023-12-05 14:05:00+05:30,2023-12-05 14:55:00+05:30,20812.65,20836.8,9.9,-24.15,ST_TRAIL
long,2023-12-06 14:00:00+05:30,2023-12-06 15:15:00+05:30,20926.85,20928.95,26.95,2.1,EOD_EXIT
long,2023-12-08 09:50:00+05:30,2023-12-08 11:00:00+05:30,20987.55,20950.25,9.5,-37.3,ST_TRAIL
long,2023-12-11 10:20:00+05:30,2023-12-11 10:40:00+05:30,21025.35,20967.1,0.0,-58.25,STOP_LOSS
long,2023-12-11 11:15:00+05:30,2023-12-11 12:20:00+05:30,21004.65,20970.0,0.0,-34.65,ST_TRAIL
long,2023-12-11 14:25:00+05:30,2023-12-11 15:15:00+05:30,20984.3,20989.15,24.25,4.85,EOD_EXIT
short,2023-12-12 13:00:00+05:30,2023-12-12 15:05:00+05:30,20966.4,20912.25,85.95,54.15,ST_TRAIL
short,2023-12-13 09:55:00+05:30,2023-12-13 12:45:00+05:30,20832.5,20807.7,61.55,24.8,ST_TRAIL
long,2023-12-13 14:00:00+05:30,2023-12-13 14:20:00+05:30,20889.95,20863.25,3.3,-26.7,ST_TRAIL
long,2023-12-14 09:40:00+05:30,2023-12-14 14:45:00+05:30,21137.3,21183.3,71.55,46.0,ST_TRAIL
long,2023-12-15 10:10:00+05:30,2023-12-15 10:45:00+05:30,21326.7,21297.75,23.2,-28.95,ST_TRAIL
long,2023-12-15 13:45:00+05:30,2023-12-15 14:10:00+05:30,21342.1,21330.65,19.7,-11.45,ST_TRAIL
long,2023-12-18 10:15:00+05:30,2023-12-18 12:25:00+05:30,21450.5,21428.55,28.35,-21.95,ST_TRAIL
long,2023-12-18 14:30:00+05:30,2023-12-18 15:10:00+05:30,21451.45,21419.75,0.0,-31.7,ST_TRAIL
short,2023-12-19 09:40:00+05:30,2023-12-19 10:40:00+05:30,21373.7,21395.25,32.4,-21.55,ST_TRAIL
long,2023-12-19 13:50:00+05:30,2023-12-19 14:45:00+05:30,21473.95,21466.1,25.05,-7.85,ST_TRAIL
short,2023-12-20 13:15:00+05:30,2023-12-20 15:15:00+05:30,21450.2,21135.4,314.8,314.8,EOD_EXIT
long,2023-12-22 10:55:00+05:30,2023-12-22 12:15:00+05:30,21378.05,21342.1,6.9,-35.95,ST_TRAIL
long,2023-12-22 13:00:00+05:30,2023-12-22 13:35:00+05:30,21358.5,21307.05,0.0,-51.45,STOP_LOSS
short,2023-12-22 13:40:00+05:30,2023-12-22 14:05:00+05:30,21275.35,21308.45,26.1,-33.1,ST_TRAIL
long,2023-12-26 10:05:00+05:30,2023-12-26 12:40:00+05:30,21422.9,21439.35,44.0,16.45,ST_TRAIL
long,2023-12-26 14:25:00+05:30,2023-12-26 15:15:00+05:30,21456.9,21449.9,0.0,-7.0,EOD_EXIT
long,2023-12-27 09:50:00+05:30,2023-12-27 12:15:00+05:30,21563.8,21571.65,36.0,7.85,ST_TRAIL
short,2023-12-27 13:05:00+05:30,2023-12-27 14:00:00+05:30,21524.05,21562.15,5.15,-38.1,ST_TRAIL
short,2023-12-29 14:20:00+05:30,2023-12-29 14:50:00+05:30,21676.9,21720.2,0.0,-43.3,ST_TRAIL
long,2024-01-01 11:20:00+05:30,2024-01-01 15:05:00+05:30,21737.55,21755.55,88.95,18.0,ST_TRAIL
short,2024-01-02 10:00:00+05:30,2024-01-02 12:15:00+05:30,21651.05,21639.2,82.45,11.85,ST_TRAIL
short,2024-01-02 13:05:00+05:30,2024-01-02 14:10:00+05:30,21618.3,21662.35,4.4,-44.05,ST_TRAIL
short,2024-01-03 09:45:00+05:30,2024-01-03 13:00:00+05:30,21574.55,21571.75,46.1,2.8,ST_TRAIL
long,2024-01-04 10:10:00+05:30,2024-01-04 14:25:00+05:30,21631.5,21649.0,38.35,17.5,ST_TRAIL
long,2024-01-05 10:05:00+05:30,2024-01-05 10:40:00+05:30,21740.15,21705.4,0.0,-34.75,ST_TRAIL
short,2024-01-05 13:50:00+05:30,2024-01-05 14:35:00+05:30,21673.6,21668.9,34.9,4.7,ST_TRAIL
short,2024-01-08 09:40:00+05:30,2024-01-08 10:30:00+05:30,21670.35,21724.5,22.9,-54.15,STOP_LOSS
short,2024-01-08 10:55:00+05:30,2024-01-08 15:15:00+05:30,21634.85,21502.9,131.95,131.95,EOD_EXIT
long,2024-01-09 10:25:00+05:30,2024-01-09 13:50:00+05:30,21686.35,21691.65,33.8,5.3,ST_TRAIL
short,2024-01-09 14:15:00+05:30,2024-01-09 15:15:00+05:30,21609.25,21533.05,76.2,76.2,EOD_EXIT
short,2024-01-10 13:00:00+05:30,2024-01-10 13:55:00+05:30,21500.6,21525.6,11.55,-25.0,ST_TRAIL
short,2024-01-11 14:15:00+05:30,2024-01-11 14:25:00+05:30,21609.2,21652.8,0.0,-43.6,ST_TRAIL
long,2024-01-12 10:00:00+05:30,2024-01-12 15:05:00+05:30,21780.25,21857.2,146.75,76.95,ST_TRAIL
long,2024-01-15 11:25:00+05:30,2024-01-15 13:45:00+05:30,22057.2,22031.4,11.0,-25.8,ST_TRAIL
long,2024-01-15 14:05:00+05:30,2024-01-15 15:15:00+05:30,22082.9,22100.5,17.6,17.6,EOD_EXIT
long,2024-01-16 10:40:00+05:30,2024-01-16 11:50:00+05:30,22101.1,22085.15,17.65,-15.95,ST_TRAIL
short,2024-01-16 13:10:00+05:30,2024-01-16 13:50:00+05:30,22019.0,22035.35,29.2,-16.35,ST_TRAIL
short,2024-01-17 11:00:00+05:30,2024-01-17 15:15:00+05:30,21735.65,21565.35,173.05,170.3,EOD_EXIT
short,2024-01-18 09:40:00+05:30,2024-01-18 10:05:00+05:30,21384.45,21424.35,89.55,-39.9,BREAKEVEN_SL
long,2024-01-18 10:50:00+05:30,2024-01-18 12:30:00+05:30,21457.0,21469.3,72.95,12.3,ST_TRAIL
long,2024-01-19 13:10:00+05:30,2024-01-19 13:25:00+05:30,21627.65,21590.6,10.65,-37.05,ST_TRAIL
long,2024-01-20 10:45:00+05:30,2024-01-20 11:50:00+05:30,21688.65,21641.2,0.0,-47.45,ST_TRAIL
short,2024-01-20 13:50:00+05:30,2024-01-20 15:15:00+05:30,21612.4,21585.3,54.1,27.1,EOD_EXIT
short,2024-01-23 10:45:00+05:30,2024-01-23 15:15:00+05:30,21530.8,21243.95,334.65,286.85,EOD_EXIT
long,2024-01-24 09:50:00+05:30,2024-01-24 11:25:00+05:30,21314.6,21297.15,86.2,-17.45,BREAKEVEN_SL
long,2024-01-24 14:30:00+05:30,2024-01-24 15:15:00+05:30,21385.45,21477.4,91.95,91.95,EOD_EXIT
short,2024-01-25 10:20:00+05:30,2024-01-25 11:35:00+05:30,21295.35,21348.3,39.55,-52.95,STOP_LOSS
long,2024-01-29 10:25:00+05:30,2024-01-29 14:55:00+05:30,21583.7,21702.1,156.65,118.4,ST_TRAIL
short,2024-01-30 14:05:00+05:30,2024-01-30 15:15:00+05:30,21641.2,21519.4,135.35,121.8,EOD_EXIT
long,2024-01-31 09:35:00+05:30,2024-01-31 12:25:00+05:30,21549.25,21677.45,180.35,128.2,ST_TRAIL
short,2024-02-01 13:30:00+05:30,2024-02-01 15:15:00+05:30,21695.55,21700.9,14.1,-5.35,EOD_EXIT
long,2024-02-02 11:00:00+05:30,2024-02-02 12:20:00+05:30,21949.4,22018.55,143.7,69.15,ST_TRAIL
short,2024-02-02 13:20:00+05:30,2024-02-02 14:05:00+05:30,21824.5,21898.4,0.0,-73.9,STOP_LOSS
short,2024-02-05 10:20:00+05:30,2024-02-05 11:35:00+05:30,21877.45,21938.05,6.95,-60.6,STOP_LOSS
short,2024-02-05 13:30:00+05:30,2024-02-05 15:15:00+05:30,21927.45,21758.65,191.35,168.8,EOD_EXIT
short,2024-02-06 10:35:00+05:30,2024-02-06 11:20:00+05:30,21807.75,21855.6,0.0,-47.85,ST_TRAIL
short,2024-02-08 11:05:00+05:30,2024-02-08 11:35:00+05:30,21716.45,21768.85,0.0,-52.4,STOP_LOSS
short,2024-02-08 14:00:00+05:30,2024-02-08 15:15:00+05:30,21738.1,21717.45,66.8,20.65,EOD_EXIT
short,2024-02-09 09:55:00+05:30,2024-02-09 10:05:00+05:30,21680.15,21741.05,0.0,-60.9,STOP_LOSS
short,2024-02-09 10:55:00+05:30,2024-02-09 11:35:00+05:30,21673.5,21703.1,33.35,-29.6,ST_TRAIL
short,2024-02-12 13:05:00+05:30,2024-02-12 14:00:00+05:30,21609.55,21656.55,10.8,-47.0,ST_TRAIL
long,2024-02-13 10:00:00+05:30,2024-02-13 12:00:00+05:30,21672.55,21690.8,91.8,18.25,ST_TRAIL
long,2024-02-14 13:05:00+05:30,2024-02-14 13:30:00+05:30,21690.05,21643.75,0.0,-46.3,ST_TRAIL
long,2024-02-14 13:50:00+05:30,2024-02-14 15:15:00+05:30,21664.15,21833.9,187.4,169.75,EOD_EXIT
long,2024-02-15 13:50:00+05:30,2024-02-15 14:20:00+05:30,21939.05,21881.65,12.25,-57.4,STOP_LOSS
long,2024-02-16 10:05:00+05:30,2024-02-16 14:20:00+05:30,22028.25,22033.5,32.3,5.25,ST_TRAIL
long,2024-02-19 10:25:00+05:30,2024-02-19 14:45:00+05:30,22092.55,22145.25,89.6,52.7,ST_TRAIL
long,2024-02-20 14:25:00+05:30,2024-02-20 15:15:00+05:30,22148.5,22205.1,56.6,56.6,EOD_EXIT
long,2024-02-21 09:50:00+05:30,2024-02-21 10:20:00+05:30,22233.5,22202.75,13.8,-30.75,ST_TRAIL
short,2024-02-21 13:55:00+05:30,2024-02-21 15:05:00+05:30,22151.6,22079.6,128.95,72.0,ST_TRAIL
long,2024-02-22 13:45:00+05:30,2024-02-22 15:15:00+05:30,22039.45,22239.55,200.1,200.1,EOD_EXIT
long,2024-02-23 10:15:00+05:30,2024-02-23 10:30:00+05:30,22275.95,22221.15,0.0,-54.8,STOP_LOSS
short,2024-02-26 10:00:00+05:30,2024-02-26 12:55:00+05:30,22127.85,22123.7,47.2,4.15,ST_TRAIL
short,2024-02-28 10:50:00+05:30,2024-02-28 13:30:00+05:30,22116.55,22021.45,174.05,95.1,ST_TRAIL
short,2024-02-29 10:15:00+05:30,2024-02-29 11:05:00+05:30,21874.05,21926.0,0.0,-51.95,STOP_LOSS
long,2024-03-01 09:40:00+05:30,2024-03-01 15:15:00+05:30,22161.85,22335.05,186.75,173.2,EOD_EXIT
long,2024-03-04 10:35:00+05:30,2024-03-04 10:55:00+05:30,22431.95,22376.65,0.0,-55.3,STOP_LOSS
long,2024-03-04 14:10:00+05:30,2024-03-04 15:15:00+05:30,22428.2,22388.25,0.0,-39.95,EOD_EXIT
short,2024-03-05 09:55:00+05:30,2024-03-05 11:40:00+05:30,22347.15,22324.7,67.25,22.45,ST_TRAIL
long,2024-03-05 13:00:00+05:30,2024-03-05 13:50:00+05:30,22388.35,22356.55,12.7,-31.8,ST_TRAIL
short,2024-03-06 10:00:00+05:30,2024-03-06 10:15:00+05:30,22275.65,22332.6,0.0,-56.95,STOP_LOSS
long,2024-03-06 13:45:00+05:30,2024-03-06 15:15:00+05:30,22339.15,22471.4,134.6,132.25,EOD_EXIT
long,2024-03-07 11:05:00+05:30,2024-03-07 14:40:00+05:30,22496.25,22487.45,19.75,-8.8,ST_TRAIL
short,2024-03-11 10:10:00+05:30,2024-03-11 12:35:00+05:30,22431.7,22418.0,58.15,13.7,ST_TRAIL
short,2024-03-11 14:15:00+05:30,2024-03-11 14:45:00+05:30,22375.65,22398.85,31.4,-23.2,ST_TRAIL
long,2024-03-12 09:45:00+05:30,2024-03-12 10:40:00+05:30,22426.55,22348.6,19.0,-77.95,STOP_LOSS
short,2024-03-12 10:45:00+05:30,2024-03-12 11:00:00+05:30,22298.75,22359.7,0.0,-60.95,STOP_LOSS
short,2024-03-12 14:25:00+05:30,2024-03-12 15:15:00+05:30,22350.1,22333.2,30.55,16.9,EOD_EXIT
short,2024-03-13 09:55:00+05:30,2024-03-13 15:00:00+05:30,22297.1,22009.1,366.5,288.0,ST_TRAIL
long,2024-03-14 10:35:00+05:30,2024-03-14 12:40:00+05:30,22062.85,22143.1,138.35,80.25,ST_TRAIL
short,2024-03-15 10:30:00+05:30,2024-03-15 13:05:00+05:30,21965.25,21988.0,27.6,-22.75,ST_TRAIL
short,2024-03-15 14:20:00+05:30,2024-03-15 14:50:00+05:30,21986.35,22032.85,0.85,-46.5,ST_TRAIL
long,2024-03-18 10:30:00+05:30,2024-03-18 11:10:00+05:30,22020.15,21949.7,0.0,-70.45,STOP_LOSS
short,2024-03-18 11:15:00+05:30,2024-03-18 12:00:00+05:30,21964.5,22029.05,0.7,-64.55,STOP_LOSS
long,2024-03-18 14:30:00+05:30,2024-03-18 15:00:00+05:30,22114.9,22068.9,0.0,-46.0,ST_TRAIL
short,2024-03-19 10:05:00+05:30,2024-03-19 13:05:00+05:30,21872.45,21866.2,61.6,6.25,ST_TRAIL
short,2024-03-19 14:05:00+05:30,2024-03-19 14:30:00+05:30,21826.6,21846.3,18.65,-19.7,ST_TRAIL
short,2024-03-20 10:00:00+05:30,2024-03-20 10:55:00+05:30,21807.75,21785.35,87.15,22.4,ST_TRAIL
long,2024-03-20 13:15:00+05:30,2024-03-20 13:45:00+05:30,21906.1,21870.2,13.3,-35.9,ST_TRAIL
long,2024-03-21 10:05:00+05:30,2024-03-21 11:40:00+05:30,22062.1,22029.05,12.1,-33.05,ST_TRAIL
long,2024-03-22 10:00:00+05:30,2024-03-22 15:00:00+05:30,22007.4,22125.35,150.2,117.95,ST_TRAIL
long,2024-03-27 10:05:00+05:30,2024-03-27 14:30:00+05:30,22159.25,22162.2,30.95,2.95,ST_TRAIL
long,2024-03-28 09:45:00+05:30,2024-03-28 11:55:00+05:30,22298.45,22330.75,70.75,32.3,ST_TRAIL
long,2024-03-28 13:35:00+05:30,2024-03-28 14:50:00+05:30,22413.05,22461.15,90.15,48.1,ST_TRAIL
long,2024-04-01 13:40:00+05:30,2024-04-01 14:40:00+05:30,22459.85,22436.25,11.25,-23.6,ST_TRAIL
long,2024-04-02 09:35:00+05:30,2024-04-02 09:55:00+05:30,22479.0,22429.9,1.5,-49.1,ST_TRAIL
short,2024-04-02 11:00:00+05:30,2024-04-02 14:45:00+05:30,22410.1,22424.7,12.9,-14.6,ST_TRAIL
long,2024-04-03 10:05:00+05:30,2024-04-03 13:10:00+05:30,22431.55,22485.3,75.9,53.75,ST_TRAIL
long,2024-04-03 14:15:00+05:30,2024-04-03 14:30:00+05:30,22489.9,22454.75,0.0,-35.15,ST_TRAIL
short,2024-04-04 09:35:00+05:30,2024-04-04 11:15:00+05:30,22485.7,22423.1,168.2,62.6,ST_TRAIL
long,2024-04-04 13:25:00+05:30,2024-04-04 15:00:00+05:30,22544.8,22502.75,18.85,-42.05,ST_TRAIL
long,2024-04-05 14:05:00+05:30,2024-04-05 14:40:00+05:30,22517.15,22494.15,0.0,-23.0,ST_TRAIL
long,2024-04-08 10:15:00+05:30,2024-04-08 13:25:00+05:30,22618.45,22639.8,76.8,21.35,ST_TRAIL
short,2024-04-08 13:30:00+05:30,2024-04-08 14:30:00+05:30,22657.05,22686.45,4.05,-29.4,ST_TRAIL
long,2024-04-09 09:55:00+05:30,2024-04-09 12:10:00+05:30,22740.3,22720.5,20.75,-19.8,ST_TRAIL
short,2024-04-09 13:45:00+05:30,2024-04-09 14:20:00+05:30,22654.55,22664.85,37.05,-10.3,ST_TRAIL
long,2024-04-10 13:15:00+05:30,2024-04-10 15:15:00+05:30,22711.55,22746.35,61.7,34.8,EOD_EXIT
short,2024-04-12 10:15:00+05:30,2024-04-12 11:15:00+05:30,22633.0,22686.5,1.85,-53.5,STOP_LOSS
short,2024-04-15 09:40:00+05:30,2024-04-15 09:55:00+05:30,22280.7,22343.85,0.0,-63.15,STOP_LOSS
long,2024-04-15 10:45:00+05:30,2024-04-15 11:10:00+05:30,22387.85,22361.9,36.7,-25.95,ST_TRAIL
short,2024-04-15 14:30:00+05:30,2024-04-15 15:15:00+05:30,22296.45,22271.95,26.6,24.5,EOD_EXIT
short,2024-04-16 13:15:00+05:30,2024-04-16 13:45:00+05:30,22093.55,22129.3,5.35,-35.75,ST_TRAIL
short,2024-04-18 13:30:00+05:30,2024-04-18 15:15:00+05:30,22218.25,22012.15,252.6,206.1,EOD_EXIT
short,2024-04-19 10:50:00+05:30,2024-04-19 11:35:00+05:30,21862.55,21919.5,4.35,-56.95,STOP_LOSS
long,2024-04-19 13:00:00+05:30,2024-04-19 15:15:00+05:30,22048.5,22147.65,127.9,99.15,EOD_EXIT
long,2024-04-22 11:00:00+05:30,2024-04-22 13:05:00+05:30,22295.35,22264.0,12.05,-31.35,ST_TRAIL
long,2024-04-22 13:50:00+05:30,2024-04-22 15:15:00+05:30,22287.75,22344.0,59.65,56.25,EOD_EXIT
long,2024-04-23 11:25:00+05:30,2024-04-23 13:05:00+05:30,22399.75,22381.5,21.05,-18.25,ST_TRAIL
long,2024-04-23 14:05:00+05:30,2024-04-23 15:05:00+05:30,22387.3,22368.75,24.15,-18.55,ST_TRAIL
long,2024-04-24 09:45:00+05:30,2024-04-24 14:20:00+05:30,22427.9,22439.1,45.05,11.2,ST_TRAIL
long,2024-04-25 10:05:00+05:30,2024-04-25 10:45:00+05:30,22405.95,22408.05,58.4,2.1,ST_TRAIL
short,2024-04-25 10:50:00+05:30,2024-04-25 11:05:00+05:30,22348.5,22432.1,0.0,-83.6,STOP_LOSS
long,2024-04-25 13:50:00+05:30,2024-04-25 15:15:00+05:30,22509.1,22552.7,108.8,43.6,EOD_EXIT
short,2024-04-26 13:25:00+05:30,2024-04-26 15:15:00+05:30,22453.6,22426.5,51.1,27.1,EOD_EXIT
long,2024-04-29 10:20:00+05:30,2024-04-29 15:15:00+05:30,22517.65,22646.55,135.4,128.9,EOD_EXIT
long,2024-04-30 09:40:00+05:30,2024-04-30 13:10:00+05:30,22706.1,22714.7,59.8,8.6,ST_TRAIL
long,2024-05-02 10:15:00+05:30,2024-05-02 11:15:00+05:30,22674.35,22635.75,12.6,-38.6,ST_TRAIL
short,2024-05-03 10:10:00+05:30,2024-05-03 12:40:00+05:30,22681.4,22541.85,207.85,139.55,ST_TRAIL
short,2024-05-07 09:55:00+05:30,2024-05-07 13:35:00+05:30,22411.5,22312.5,171.8,99.0,ST_TRAIL
short,2024-05-07 14:30:00+05:30,2024-05-07 15:15:00+05:30,22288.0,22308.5,0.0,-20.5,EOD_EXIT
short,2024-05-08 10:30:00+05:30,2024-05-08 11:15:00+05:30,22202.95,22286.6,0.45,-83.65,STOP_LOSS
long,2024-05-08 13:25:00+05:30,2024-05-08 13:35:00+05:30,22354.55,22313.75,0.0,-40.8,ST_TRAIL
short,2024-05-09 10:20:00+05:30,2024-05-09 15:15:00+05:30,22151.6,21947.2,208.6,204.4,EOD_EXIT
long,2024-05-10 09:55:00+05:30,2024-05-10 10:45:00+05:30,22108.75,22055.75,13.2,-53.0,STOP_LOSS
long,2024-05-10 11:25:00+05:30,2024-05-10 12:15:00+05:30,22075.35,22023.7,0.0,-51.65,STOP_LOSS
short,2024-05-10 13:00:00+05:30,2024-05-10 13:40:00+05:30,22004.7,22035.05,16.5,-30.35,ST_TRAIL
short,2024-05-13 09:40:00+05:30,2024-05-13 11:05:00+05:30,21857.4,21914.15,24.55,-56.75,STOP_LOSS
long,2024-05-13 13:50:00+05:30,2024-05-13 15:15:00+05:30,22083.6,22116.2,40.75,32.6,EOD_EXIT
long,2024-05-14 11:05:00+05:30,2024-05-14 15:00:00+05:30,22171.5,22200.5,97.4,29.0,ST_TRAIL
long,2024-05-15 09:50:00+05:30,2024-05-15 09:55:00+05:30,22296.0,22249.4,0.0,-46.6,ST_TRAIL
short,2024-05-15 10:00:00+05:30,2024-05-15 11:00:00+05:30,22214.85,22241.6,54.9,-26.75,BREAKEVEN_SL
short,2024-05-15 11:30:00+05:30,2024-05-15 14:45:00+05:30,22178.95,22220.85,0.0,-41.9,ST_TRAIL
short,2024-05-16 11:20:00+05:30,2024-05-16 12:05:00+05:30,22144.85,22229.25,5.15,-84.4,STOP_LOSS
long,2024-05-17 10:35:00+05:30,2024-05-17 15:15:00+05:30,22447.1,22474.1,53.1,27.0,EOD_EXIT
long,2024-05-21 11:05:00+05:30,2024-05-21 13:20:00+05:30,22501.85,22547.5,80.3,45.65,ST_TRAIL
short,2024-05-22 09:45:00+05:30,2024-05-22 09:55:00+05:30,22506.15,22554.3,0.0,-48.15,ST_TRAIL
long,2024-05-22 14:00:00+05:30,2024-05-22 14:50:00+05:30,22596.85,22559.05,0.0,-37.8,ST_TRAIL
long,2024-05-23 09:45:00+05:30,2024-05-23 15:15:00+05:30,22676.0,22991.85,315.85,315.85,EOD_EXIT
long,2024-05-24 11:05:00+05:30,2024-05-24 14:30:00+05:30,22970.3,22972.3,46.15,2.0,ST_TRAIL
long,2024-05-27 11:00:00+05:30,2024-05-27 12:55:00+05:30,22989.9,23065.75,115.55,75.85,ST_TRAIL
short,2024-05-27 14:30:00+05:30,2024-05-27 15:15:00+05:30,23048.35,22934.75,123.05,113.6,EOD_EXIT
short,2024-05-28 14:05:00+05:30,2024-05-28 15:15:00+05:30,22920.75,22886.55,34.2,34.2,EOD_EXIT
short,2024-05-29 10:15:00+05:30,2024-05-29 12:45:00+05:30,22749.45,22797.1,35.1,-47.65,ST_TRAIL
short,2024-05-29 14:05:00+05:30,2024-05-29 15:15:00+05:30,22730.65,22700.3,30.35,30.35,EOD_EXIT
short,2024-05-30 09:40:00+05:30,2024-05-30 12:55:00+05:30,22608.3,22595.45,61.7,12.85,ST_TRAIL
short,2024-05-30 13:20:00+05:30,2024-05-30 15:00:00+05:30,22546.15,22494.05,125.6,52.1,ST_TRAIL
short,2024-05-31 10:35:00+05:30,2024-05-31 12:55:00+05:30,22523.6,22548.95,16.0,-25.35,ST_TRAIL
long,2024-05-31 13:50:00+05:30,2024-05-31 14:15:00+05:30,22600.55,22543.15,22.35,-57.4,STOP_LOSS
short,2024-05-31 14:20:00+05:30,2024-05-31 15:15:00+05:30,22532.0,22561.4,52.8,-29.4,BREAKEVEN_SL
long,2024-06-03 10:05:00+05:30,2024-06-03 15:15:00+05:30,23178.6,23281.5,102.9,102.9,EOD_EXIT
short,2024-06-04 10:45:00+05:30,2024-06-04 12:40:00+05:30,22575.85,21794.35,1281.75,781.5,ST_TRAIL
long,2024-06-05 10:10:00+05:30,2024-06-05 10:15:00+05:30,22063.3,22013.3,0.0,-50.0,STOP_LOSS
long,2024-06-05 10:45:00+05:30,2024-06-05 11:45:00+05:30,22118.05,22237.85,308.25,119.8,ST_TRAIL
long,2024-06-05 13:20:00+05:30,2024-06-05 15:15:00+05:30,22390.05,22623.7,267.8,233.65,EOD_EXIT
long,2024-06-06 10:40:00+05:30,2024-06-06 11:30:00+05:30,22862.85,22829.6,46.25,-33.25,BREAKEVEN_SL
short,2024-06-06 13:10:00+05:30,2024-06-06 13:25:00+05:30,22699.3,22763.45,0.0,-64.15,STOP_LOSS
short,2024-06-06 14:30:00+05:30,2024-06-06 14:55:00+05:30,22718.1,22773.65,26.55,-55.55,STOP_LOSS
long,2024-06-07 09:40:00+05:30,2024-06-07 15:15:00+05:30,22942.5,23296.6,366.6,354.1,EOD_EXIT
long,2024-06-10 11:30:00+05:30,2024-06-10 14:20:00+05:30,23352.1,23332.85,24.5,-19.25,ST_TRAIL
short,2024-06-11 09:40:00+05:30,2024-06-11 10:00:00+05:30,23252.8,23294.5,0.0,-41.7,ST_TRAIL
long,2024-06-11 13:30:00+05:30,2024-06-11 14:00:00+05:30,23371.6,23340.2,11.05,-31.4,ST_TRAIL
long,2024-06-12 09:40:00+05:30,2024-06-12 11:25:00+05:30,23372.9,23379.65,63.25,6.75,ST_TRAIL
long,2024-06-14 10:00:00+05:30,2024-06-14 13:50:00+05:30,23420.5,23433.25,39.5,12.75,ST_TRAIL
long,2024-06-18 09:50:00+05:30,2024-06-18 10:15:00+05:30,23559.45,23521.4,12.1,-38.05,ST_TRAIL
long,2024-06-18 14:05:00+05:30,2024-06-18 15:15:00+05:30,23545.25,23561.55,16.3,16.3,EOD_EXIT
short,2024-06-19 10:20:00+05:30,2024-06-19 11:00:00+05:30,23467.35,23518.1,35.05,-50.75,STOP_LOSS
long,2024-06-19 14:25:00+05:30,2024-06-19 14:50:00+05:30,23584.35,23582.3,57.6,-2.05,BREAKEVEN_SL
long,2024-06-20 14:20:00+05:30,2024-06-20 15:15:00+05:30,23588.7,23574.75,0.0,-13.95,EOD_EXIT
long,2024-06-21 14:05:00+05:30,2024-06-21 14:20:00+05:30,23578.95,23489.3,0.0,-89.65,STOP_LOSS
short,2024-06-21 14:25:00+05:30,2024-06-21 14:50:00+05:30,23447.6,23524.45,20.9,-76.85,STOP_LOSS
long,2024-06-25 10:50:00+05:30,2024-06-25 11:15:00+05:30,23603.5,23564.45,0.3,-39.05,ST_TRAIL
long,2024-06-25 13:20:00+05:30,2024-06-25 15:15:00+05:30,23687.6,23727.95,44.05,40.35,EOD_EXIT
long,2024-06-26 10:55:00+05:30,2024-06-26 13:00:00+05:30,23764.3,23804.35,82.0,40.05,ST_TRAIL
long,2024-06-26 14:05:00+05:30,2024-06-26 15:15:00+05:30,23863.3,23877.2,17.75,13.9,EOD_EXIT
long,2024-06-27 09:50:00+05:30,2024-06-27 10:30:00+05:30,23865.7,23899.45,105.1,33.75,ST_TRAIL
short,2024-06-27 10:35:00+05:30,2024-06-27 11:10:00+05:30,23912.05,23922.0,61.1,-9.95,BREAKEVEN_SL
long,2024-06-28 09:40:00+05:30,2024-06-28 12:15:00+05:30,24155.45,24083.2,4.45,-72.25,STOP_LOSS
long,2024-07-01 11:25:00+05:30,2024-07-01 15:15:00+05:30,24115.1,24145.0,48.25,29.9,EOD_EXIT
short,2024-07-02 09:40:00+05:30,2024-07-02 10:05:00+05:30,24091.55,24141.8,0.0,-50.25,STOP_LOSS
long,2024-07-02 11:00:00+05:30,2024-07-02 11:40:00+05:30,24164.05,24130.5,18.4,-33.55,ST_TRAIL
long,2024-07-03 09:45:00+05:30,2024-07-03 14:05:00+05:30,24298.25,24260.8,1.4,-37.45,ST_TRAIL
long,2024-07-09 13:00:00+05:30,2024-07-09 15:15:00+05:30,24406.8,24441.75,34.95,34.95,EOD_EXIT
short,2024-07-10 09:55:00+05:30,2024-07-10 11:50:00+05:30,24369.15,24274.95,195.65,94.2,ST_TRAIL
short,2024-07-10 14:05:00+05:30,2024-07-10 14:30:00+05:30,24224.0,24279.15,0.0,-55.15,STOP_LOSS
short,2024-07-11 10:20:00+05:30,2024-07-11 12:10:00+05:30,24255.6,24264.2,47.5,-8.6,BREAKEVEN_SL
long,2024-07-12 11:05:00+05:30,2024-07-12 11:20:00+05:30,24547.75,24484.55,0.0,-63.2,STOP_LOSS
long,2024-07-12 13:20:00+05:30,2024-07-12 14:55:00+05:30,24542.6,24524.7,32.05,-17.9,ST_TRAIL
long,2024-07-15 13:20:00+05:30,2024-07-15 14:10:00+05:30,24620.85,24594.45,5.9,-26.4,ST_TRAIL
long,2024-07-16 10:25:00+05:30,2024-07-16 12:15:00+05:30,24642.1,24626.4,15.1,-15.7,ST_TRAIL
long,2024-07-18 09:45:00+05:30,2024-07-18 10:55:00+05:30,24649.4,24593.6,6.1,-55.8,STOP_LOSS
short,2024-07-18 11:00:00+05:30,2024-07-18 12:10:00+05:30,24588.25,24607.8,58.95,-19.55,BREAKEVEN_SL
long,2024-07-18 13:20:00+05:30,2024-07-18 15:15:00+05:30,24713.45,24808.5,107.45,95.05,EOD_EXIT
short,2024-07-19 10:10:00+05:30,2024-07-19 15:15:00+05:30,24685.85,24526.55,159.3,159.3,EOD_EXIT
long,2024-07-22 09:50:00+05:30,2024-07-22 11:15:00+05:30,24510.5,24511.85,82.6,1.35,ST_TRAIL
long,2024-07-22 13:35:00+05:30,2024-07-22 14:05:00+05:30,24518.25,24492.3,21.3,-25.95,ST_TRAIL
short,2024-07-23 10:10:00+05:30,2024-07-23 11:00:00+05:30,24449.15,24508.65,8.2,-59.5,STOP_LOSS
long,2024-07-23 11:05:00+05:30,2024-07-23 11:15:00+05:30,24539.2,24472.1,3.35,-67.1,STOP_LOSS
long,2024-07-23 14:00:00+05:30,2024-07-23 15:15:00+05:30,24433.1,24459.75,100.3,26.65,EOD_EXIT
long,2024-07-24 10:55:00+05:30,2024-07-24 11:40:00+05:30,24455.5,24388.55,13.7,-66.95,STOP_LOSS
long,2024-07-24 14:30:00+05:30,2024-07-24 15:15:00+05:30,24422.4,24420.3,15.75,-2.1,EOD_EXIT
long,2024-07-25 14:10:00+05:30,2024-07-25 14:40:00+05:30,24421.35,24382.25,0.0,-39.1,ST_TRAIL
long,2024-07-26 09:45:00+05:30,2024-07-26 14:20:00+05:30,24516.2,24761.95,294.55,245.75,ST_TRAIL
long,2024-07-29 11:00:00+05:30,2024-07-29 12:10:00+05:30,24934.75,24906.55,54.15,-28.2,BREAKEVEN_SL
short,2024-07-29 14:20:00+05:30,2024-07-29 14:30:00+05:30,24786.25,24839.9,0.0,-53.65,STOP_LOSS
long,2024-07-30 10:40:00+05:30,2024-07-30 13:15:00+05:30,24898.2,24898.25,61.6,0.05,ST_TRAIL
long,2024-07-30 14:10:00+05:30,2024-07-30 14:55:00+05:30,24929.15,24913.7,34.95,-15.45,ST_TRAIL
long,2024-07-31 10:10:00+05:30,2024-07-31 11:25:00+05:30,24940.1,24901.75,6.6,-38.35,ST_TRAIL
long,2024-07-31 13:40:00+05:30,2024-07-31 15:15:00+05:30,24934.5,24953.6,26.65,19.1,EOD_EXIT
short,2024-08-02 14:15:00+05:30,2024-08-02 15:15:00+05:30,24774.7,24723.1,58.1,51.6,EOD_EXIT
short,2024-08-05 10:45:00+05:30,2024-08-05 12:15:00+05:30,24145.85,24049.65,231.6,96.2,ST_TRAIL
short,2024-08-05 13:00:00+05:30,2024-08-05 13:10:00+05:30,23943.25,24021.6,0.0,-78.35,STOP_LOSS
short,2024-08-05 14:30:00+05:30,2024-08-05 14:45:00+05:30,24041.15,24098.95,0.0,-57.8,STOP_LOSS
long,2024-08-06 11:00:00+05:30,2024-08-06 12:30:00+05:30,24234.45,24185.45,12.1,-49.0,ST_TRAIL
short,2024-08-06 13:45:00+05:30,2024-08-06 15:15:00+05:30,24063.05,23994.15,89.5,68.9,EOD_EXIT
long,2024-08-07 10:35:00+05:30,2024-08-07 11:00:00+05:30,24327.7,24250.6,0.0,-77.1,STOP_LOSS
long,2024-08-07 14:15:00+05:30,2024-08-07 15:15:00+05:30,24264.25,24315.8,51.55,51.55,EOD_EXIT
short,2024-08-08 13:00:00+05:30,2024-08-08 15:15:00+05:30,24190.3,24090.45,99.85,99.85,EOD_EXIT
long,2024-08-09 09:40:00+05:30,2024-08-09 10:05:00+05:30,24404.2,24351.3,10.8,-52.9,STOP_LOSS
long,2024-08-09 14:10:00+05:30,2024-08-09 15:15:00+05:30,24386.45,24363.5,0.0,-22.95,EOD_EXIT
short,2024-08-12 09:50:00+05:30,2024-08-12 10:15:00+05:30,24229.45,24297.75,6.05,-68.3,STOP_LOSS
long,2024-08-12 10:30:00+05:30,2024-08-12 12:10:00+05:30,24298.7,24388.1,161.9,89.4,ST_TRAIL
short,2024-08-13 10:30:00+05:30,2024-08-13 15:15:00+05:30,24293.95,24131.9,173.65,162.05,EOD_EXIT
short,2024-08-14 13:25:00+05:30,2024-08-14 15:15:00+05:30,24159.65,24149.85,24.1,9.8,EOD_EXIT
short,2024-08-16 10:20:00+05:30,2024-08-16 11:25:00+05:30,24280.35,24313.9,53.5,-33.55,BREAKEVEN_SL
long,2024-08-16 13:45:00+05:30,2024-08-16 15:15:00+05:30,24481.9,24550.75,74.65,68.85,EOD_EXIT
long,2024-08-19 11:30:00+05:30,2024-08-19 13:25:00+05:30,24585.2,24562.85,14.75,-22.35,ST_TRAIL
long,2024-08-20 09:45:00+05:30,2024-08-20 10:55:00+05:30,24688.1,24685.5,39.25,-2.6,ST_TRAIL
long,2024-08-21 10:20:00+05:30,2024-08-21 11:05:00+05:30,24743.9,24692.05,0.0,-51.85,STOP_LOSS
long,2024-08-21 11:30:00+05:30,2024-08-21 15:15:00+05:30,24721.0,24774.3,53.3,53.3,EOD_EXIT
long,2024-08-22 13:50:00+05:30,2024-08-22 14:30:00+05:30,24822.35,24806.15,9.65,-16.2,ST_TRAIL
short,2024-08-23 09:40:00+05:30,2024-08-23 10:45:00+05:30,24784.5,24841.8,0.0,-57.3,STOP_LOSS
long,2024-08-26 09:40:00+05:30,2024-08-26 10:50:00+05:30,24982.9,24973.85,51.3,-9.05,BREAKEVEN_SL
long,2024-08-27 09:55:00+05:30,2024-08-27 14:45:00+05:30,25028.1,25024.1,40.8,-4.0,BREAKEVEN_SL
short,2024-08-28 09:35:00+05:30,2024-08-28 09:55:00+05:30,24980.8,25023.1,0.0,-42.3,ST_TRAIL
long,2024-08-28 11:20:00+05:30,2024-08-28 14:35:00+05:30,25061.45,25098.55,63.05,37.1,ST_TRAIL
long,2024-08-29 10:00:00+05:30,2024-08-29 12:00:00+05:30,25102.35,25072.95,8.8,-29.4,ST_TRAIL
long,2024-08-30 11:10:00+05:30,2024-08-30 14:30:00+05:30,25239.1,25229.85,16.3,-9.25,ST_TRAIL
long,2024-09-02 10:45:00+05:30,2024-09-02 11:55:00+05:30,25311.25,25287.75,9.0,-23.5,ST_TRAIL
short,2024-09-03 10:00:00+05:30,2024-09-03 13:00:00+05:30,25254.65,25276.15,10.8,-21.5,ST_TRAIL
short,2024-09-03 13:45:00+05:30,2024-09-03 14:45:00+05:30,25276.3,25291.5,14.05,-15.2,ST_TRAIL
short,2024-09-04 09:40:00+05:30,2024-09-04 10:10:00+05:30,25095.3,25152.45,0.0,-57.15,STOP_LOSS
short,2024-09-04 14:20:00+05:30,2024-09-04 14:50:00+05:30,25157.0,25182.1,1.0,-25.1,ST_TRAIL
short,2024-09-05 10:35:00+05:30,2024-09-05 15:15:00+05:30,25160.9,25148.25,21.2,12.65,EOD_EXIT
short,2024-09-06 09:40:00+05:30,2024-09-06 12:15:00+05:30,25064.3,24938.3,197.3,126.0,ST_TRAIL
short,2024-09-06 13:00:00+05:30,2024-09-06 15:15:00+05:30,24860.0,24865.8,41.7,-5.8,BREAKEVEN_SL
long,2024-09-09 10:40:00+05:30,2024-09-09 12:05:00+05:30,24888.85,24849.65,14.05,-39.2,ST_TRAIL
long,2024-09-09 13:15:00+05:30,2024-09-09 14:00:00+05:30,24890.1,24884.4,32.7,-5.7,ST_TRAIL
long,2024-09-10 11:00:00+05:30,2024-09-10 14:30:00+05:30,24968.65,25092.25,155.95,123.6,ST_TRAIL
short,2024-09-11 13:40:00+05:30,2024-09-11 15:15:00+05:30,25021.25,24917.3,132.75,103.95,EOD_EXIT
long,2024-09-12 14:05:00+05:30,2024-09-12 15:15:00+05:30,25204.95,25365.45,210.0,160.5,EOD_EXIT
long,2024-09-16 09:40:00+05:30,2024-09-16 11:05:00+05:30,25434.85,25378.85,0.0,-56.0,STOP_LOSS
long,2024-09-16 13:30:00+05:30,2024-09-16 14:20:00+05:30,25400.95,25389.65,17.15,-11.3,ST_TRAIL
long,2024-09-18 09:45:00+05:30,2024-09-18 12:55:00+05:30,25435.1,25427.05,42.45,-8.05,BREAKEVEN_SL
short,2024-09-18 13:10:00+05:30,2024-09-18 13:50:00+05:30,25374.4,25367.4,66.75,7.0,ST_TRAIL
long,2024-09-19 09:40:00+05:30,2024-09-19 09:50:00+05:30,25604.95,25538.1,0.0,-66.85,STOP_LOSS
short,2024-09-19 11:30:00+05:30,2024-09-19 12:05:00+05:30,25433.35,25447.7,40.5,-14.35,BREAKEVEN_SL
long,2024-09-20 09:55:00+05:30,2024-09-20 13:30:00+05:30,25585.15,25629.3,218.3,44.15,ST_TRAIL
short,2024-09-20 13:35:00+05:30,2024-09-20 13:45:00+05:30,25572.6,25679.15,20.75,-106.55,STOP_LOSS
long,2024-09-23 09:40:00+05:30,2024-09-23 15:15:00+05:30,25891.8,25936.75,59.3,44.95,EOD_EXIT
long,2024-09-24 09:55:00+05:30,2024-09-24 11:15:00+05:30,25963.65,25937.9,9.8,-25.75,ST_TRAIL
long,2024-09-24 13:50:00+05:30,2024-09-24 14:55:00+05:30,25979.2,25950.5,10.85,-28.7,ST_TRAIL
long,2024-09-25 14:10:00+05:30,2024-09-25 15:15:00+05:30,25945.45,26026.3,80.85,80.85,EOD_EXIT
long,2024-09-26 10:10:00+05:30,2024-09-26 13:50:00+05:30,26063.55,26078.7,42.7,15.15,ST_TRAIL
long,2024-09-26 14:25:00+05:30,2024-09-26 15:15:00+05:30,26110.2,26215.2,123.3,105.0,EOD_EXIT
long,2024-09-27 09:45:00+05:30,2024-09-27 11:05:00+05:30,26260.85,26223.7,9.5,-37.15,ST_TRAIL
short,2024-09-27 13:20:00+05:30,2024-09-27 13:50:00+05:30,26170.3,26221.45,0.0,-51.15,STOP_LOSS
short,2024-09-27 14:15:00+05:30,2024-09-27 15:15:00+05:30,26201.85,26183.6,26.6,18.25,EOD_EXIT
short,2024-09-30 09:40:00+05:30,2024-09-30 15:15:00+05:30,26021.7,25814.35,218.35,207.35,EOD_EXIT
short,2024-10-01 10:20:00+05:30,2024-10-01 11:45:00+05:30,25814.15,25809.9,68.4,4.25,ST_TRAIL
short,2024-10-01 14:30:00+05:30,2024-10-01 15:00:00+05:30,25776.6,25817.05,19.0,-40.45,ST_TRAIL
short,2024-10-03 10:45:00+05:30,2024-10-03 15:15:00+05:30,25509.55,25255.5,264.75,254.05,EOD_EXIT
long,2024-10-04 09:55:00+05:30,2024-10-04 10:10:00+05:30,25279.3,25213.7,0.0,-65.6,STOP_LOSS
long,2024-10-04 10:50:00+05:30,2024-10-04 11:30:00+05:30,25336.8,25281.1,2.65,-55.7,STOP_LOSS
short,2024-10-04 13:00:00+05:30,2024-10-04 13:05:00+05:30,25096.0,25153.25,0.0,-57.25,STOP_LOSS
short,2024-10-04 13:40:00+05:30,2024-10-04 15:15:00+05:30,25061.4,25022.4,76.25,39.0,EOD_EXIT
short,2024-10-07 09:50:00+05:30,2024-10-07 11:20:00+05:30,25071.1,24956.15,235.45,114.95,ST_TRAIL
short,2024-10-07 13:00:00+05:30,2024-10-07 14:05:00+05:30,24793.9,24819.3,90.25,-25.4,BREAKEVEN_SL
long,2024-10-08 10:30:00+05:30,2024-10-08 12:05:00+05:30,24918.6,24905.4,58.85,-13.2,BREAKEVEN_SL
long,2024-10-08 13:10:00+05:30,2024-10-08 14:40:00+05:30,24975.15,24969.2,61.1,-5.95,BREAKEVEN_SL
long,2024-10-09 10:45:00+05:30,2024-10-09 11:40:00+05:30,25205.35,25164.7,24.85,-40.65,ST_TRAIL
short,2024-10-09 13:15:00+05:30,2024-10-09 14:00:00+05:30,25093.1,25133.2,18.25,-40.1,ST_TRAIL
short,2024-10-09 14:20:00+05:30,2024-10-09 15:15:00+05:30,25055.15,25001.45,92.75,53.7,EOD_EXIT
long,2024-10-10 10:00:00+05:30,2024-10-10 10:35:00+05:30,25068.55,25055.7,48.4,-12.85,BREAKEVEN_SL
short,2024-10-11 11:00:00+05:30,2024-10-11 12:30:00+05:30,24952.45,24968.05,23.75,-15.6,ST_TRAIL
long,2024-10-14 10:05:00+05:30,2024-10-14 12:25:00+05:30,25111.65,25120.75,42.95,9.1,ST_TRAIL
long,2024-10-14 14:15:00+05:30,2024-10-14 15:15:00+05:30,25135.75,25128.85,7.35,-6.9,EOD_EXIT
short,2024-10-15 09:50:00+05:30,2024-10-15 10:40:00+05:30,25095.15,25089.25,61.95,5.9,ST_TRAIL
short,2024-10-15 13:05:00+05:30,2024-10-15 13:35:00+05:30,25019.45,25060.15,0.0,-40.7,ST_TRAIL
short,2024-10-16 10:40:00+05:30,2024-10-16 13:05:00+05:30,25023.6,24970.0,105.05,53.6,ST_TRAIL
long,2024-10-16 14:10:00+05:30,2024-10-16 14:45:00+05:30,25014.1,24995.6,36.25,-18.5,ST_TRAIL
short,2024-10-17 09:40:00+05:30,2024-10-17 15:15:00+05:30,24850.2,24749.85,115.4,100.35,EOD_EXIT
long,2024-10-18 10:35:00+05:30,2024-10-18 15:10:00+05:30,24720.6,24842.85,158.75,122.25,ST_TRAIL
short,2024-10-21 09:40:00+05:30,2024-10-21 10:00:00+05:30,24772.25,24808.35,59.7,-36.1,BREAKEVEN_SL
short,2024-10-22 10:15:00+05:30,2024-10-22 11:00:00+05:30,24719.75,24723.8,81.2,-4.05,BREAKEVEN_SL
short,2024-10-22 13:25:00+05:30,2024-10-22 15:15:00+05:30,24586.05,24468.8,136.7,117.25,EOD_EXIT
short,2024-10-23 14:20:00+05:30,2024-10-23 15:15:00+05:30,24445.0,24430.35,17.8,14.65,EOD_EXIT
short,2024-10-24 09:40:00+05:30,2024-10-24 10:00:00+05:30,24362.2,24416.65,7.6,-54.45,STOP_LOSS
short,2024-10-24 14:05:00+05:30,2024-10-24 14:45:00+05:30,24389.8,24406.3,20.7,-16.5,ST_TRAIL
short,2024-10-25 09:35:00+05:30,2024-10-25 14:50:00+05:30,24327.8,24135.4,244.0,192.4,ST_TRAIL
short,2024-10-28 09:40:00+05:30,2024-10-28 09:50:00+05:30,24148.85,24257.1,0.0,-108.25,STOP_LOSS
long,2024-10-28 09:55:00+05:30,2024-10-28 12:45:00+05:30,24287.95,24425.65,200.75,137.7,ST_TRAIL
short,2024-10-29 09:40:00+05:30,2024-10-29 10:10:00+05:30,24218.2,24225.15,44.3,-6.95,BREAKEVEN_SL
short,2024-10-29 10:45:00+05:30,2024-10-29 11:35:00+05:30,24156.2,24226.5,0.0,-70.3,STOP_LOSS
long,2024-10-29 13:00:00+05:30,2024-10-29 13:20:00+05:30,24344.9,24292.5,0.0,-52.4,STOP_LOSS
long,2024-10-29 14:15:00+05:30,2024-10-29 15:15:00+05:30,24425.35,24464.5,51.25,39.15,EOD_EXIT
long,2024-10-30 10:55:00+05:30,2024-10-30 13:10:00+05:30,24443.9,24429.1,22.35,-14.8,ST_TRAIL
short,2024-10-30 13:50:00+05:30,2024-10-30 15:15:00+05:30,24373.55,24342.05,49.45,31.5,EOD_EXIT
short,2024-10-31 10:50:00+05:30,2024-10-31 13:40:00+05:30,24238.85,24226.5,44.55,12.35,ST_TRAIL
short,2024-10-31 14:05:00+05:30,2024-10-31 14:40:00+05:30,24191.6,24218.7,11.6,-27.1,ST_TRAIL
short,2024-11-04 10:30:00+05:30,2024-11-04 12:00:00+05:30,23936.4,23946.45,100.35,-10.05,BREAKEVEN_SL
long,2024-11-05 10:30:00+05:30,2024-11-05 11:25:00+05:30,23974.9,23931.5,13.6,-43.4,ST_TRAIL
short,2024-11-05 11:30:00+05:30,2024-11-05 12:45:00+05:30,23934.3,23930.5,78.7,3.8,ST_TRAIL
long,2024-11-05 13:55:00+05:30,2024-11-05 15:15:00+05:30,24124.9,24206.7,99.3,81.8,EOD_EXIT
long,2024-11-06 09:50:00+05:30,2024-11-06 10:25:00+05:30,24359.75,24324.8,45.15,-34.95,BREAKEVEN_SL
long,2024-11-06 13:35:00+05:30,2024-11-06 14:35:00+05:30,24479.6,24483.15,48.85,3.55,ST_TRAIL
short,2024-11-07 09:40:00+05:30,2024-11-07 15:15:00+05:30,24363.15,24204.65,183.7,158.5,EOD_EXIT
short,2024-11-08 14:10:00+05:30,2024-11-08 14:40:00+05:30,24136.75,24169.45,7.0,-32.7,ST_TRAIL
long,2024-11-11 09:35:00+05:30,2024-11-11 10:10:00+05:30,24124.15,24123.15,47.75,-1.0,BREAKEVEN_SL
long,2024-11-11 10:35:00+05:30,2024-11-11 12:05:00+05:30,24251.35,24257.45,80.35,6.1,ST_TRAIL
short,2024-11-11 13:15:00+05:30,2024-11-11 14:30:00+05:30,24189.3,24174.0,96.95,15.3,ST_TRAIL
short,2024-11-12 09:40:00+05:30,2024-11-12 09:55:00+05:30,24153.9,24229.05,22.25,-75.15,STOP_LOSS
long,2024-11-12 10:00:00+05:30,2024-11-12 12:25:00+05:30,24157.15,24102.15,36.3,-55.0,STOP_LOSS
short,2024-11-12 13:35:00+05:30,2024-11-12 15:15:00+05:30,23925.5,23872.25,54.7,53.25,EOD_EXIT
short,2024-11-13 09:45:00+05:30,2024-11-13 09:55:00+05:30,23722.65,23793.9,0.0,-71.25,STOP_LOSS
short,2024-11-13 10:15:00+05:30,2024-11-13 13:45:00+05:30,23708.85,23707.6,68.55,1.25,ST_TRAIL
short,2024-11-13 14:20:00+05:30,2024-11-13 15:15:00+05:30,23612.85,23585.1,94.9,27.75,EOD_EXIT
short,2024-11-14 10:55:00+05:30,2024-11-14 12:10:00+05:30,23554.1,23562.9,63.2,-8.8,BREAKEVEN_SL
short,2024-11-14 13:45:00+05:30,2024-11-14 15:15:00+05:30,23521.9,23543.1,9.8,-21.2,EOD_EXIT
short,2024-11-18 09:40:00+05:30,2024-11-18 09:45:00+05:30,23368.35,23425.65,0.0,-57.3,STOP_LOSS
short,2024-11-18 10:40:00+05:30,2024-11-18 11:25:00+05:30,23370.35,23426.35,17.0,-56.0,STOP_LOSS
long,2024-11-19 09:40:00+05:30,2024-11-19 10:45:00+05:30,23702.6,23694.85,40.9,-7.75,BREAKEVEN_SL
long,2024-11-19 11:15:00+05:30,2024-11-19 12:40:00+05:30,23730.9,23732.75,45.85,1.85,ST_TRAIL
short,2024-11-21 09:40:00+05:30,2024-11-21 15:15:00+05:30,23321.6,23349.4,24.65,-27.8,EOD_EXIT
long,2024-11-22 10:05:00+05:30,2024-11-22 10:20:00+05:30,23590.45,23534.9,0.0,-55.55,STOP_LOSS
long,2024-11-22 13:10:00+05:30,2024-11-22 15:15:00+05:30,23701.2,23888.45,235.15,187.25,EOD_EXIT
long,2024-11-25 10:10:00+05:30,2024-11-25 11:45:00+05:30,24261.75,24290.3,83.25,28.55,ST_TRAIL
short,2024-11-25 13:00:00+05:30,2024-11-25 13:25:00+05:30,24145.0,24217.6,0.0,-72.6,STOP_LOSS
long,2024-11-27 09:55:00+05:30,2024-11-27 11:50:00+05:30,24201.25,24169.9,8.5,-31.35,ST_TRAIL
long,2024-11-27 13:10:00+05:30,2024-11-27 14:10:00+05:30,24321.45,24287.85,16.35,-33.6,ST_TRAIL
long,2024-11-28 10:00:00+05:30,2024-11-28 10:30:00+05:30,24330.25,24225.8,4.0,-104.45,STOP_LOSS
short,2024-11-28 10:35:00+05:30,2024-11-28 13:55:00+05:30,24136.0,24046.1,160.65,89.9,ST_TRAIL
short,2024-11-28 14:15:00+05:30,2024-11-28 14:25:00+05:30,23922.8,23974.1,6.15,-51.3,STOP_LOSS
long,2024-11-29 10:35:00+05:30,2024-11-29 14:10:00+05:30,24112.75,24107.5,40.1,-5.25,BREAKEVEN_SL
long,2024-12-02 14:05:00+05:30,2024-12-02 15:15:00+05:30,24242.15,24261.0,51.6,18.85,EOD_EXIT
long,2024-12-03 10:20:00+05:30,2024-12-03 12:20:00+05:30,24373.55,24392.1,65.55,18.55,ST_TRAIL
long,2024-12-03 13:40:00+05:30,2024-12-03 15:15:00+05:30,24447.5,24449.95,28.65,2.45,EOD_EXIT
long,2024-12-04 09:40:00+05:30,2024-12-04 11:55:00+05:30,24562.2,24414.0,0.3,-148.2,STOP_LOSS
short,2024-12-04 14:20:00+05:30,2024-12-04 15:15:00+05:30,24463.4,24476.7,25.3,-13.3,EOD_EXIT
short,2024-12-05 09:50:00+05:30,2024-12-05 12:00:00+05:30,24406.55,24402.25,73.0,4.3,ST_TRAIL
long,2024-12-05 14:20:00+05:30,2024-12-05 14:50:00+05:30,24761.0,24624.8,84.8,-136.2,BREAKEVEN_SL
short,2024-12-06 13:30:00+05:30,2024-12-06 15:15:00+05:30,24696.7,24674.7,34.45,22.0,EOD_EXIT
short,2024-12-09 09:35:00+05:30,2024-12-09 11:15:00+05:30,24640.0,24648.0,55.1,-8.0,BREAKEVEN_SL
short,2024-12-09 14:25:00+05:30,2024-12-09 14:45:00+05:30,24600.3,24637.3,0.0,-37.0,ST_TRAIL
long,2024-12-10 09:55:00+05:30,2024-12-10 10:35:00+05:30,24668.95,24616.05,0.0,-52.9,STOP_LOSS
short,2024-12-12 11:05:00+05:30,2024-12-12 15:15:00+05:30,24598.55,24554.0,63.95,44.55,EOD_EXIT
short,2024-12-13 10:15:00+05:30,2024-12-13 11:15:00+05:30,24302.5,24317.25,92.25,-14.75,BREAKEVEN_SL
long,2024-12-13 11:30:00+05:30,2024-12-13 15:15:00+05:30,24355.15,24772.8,432.35,417.65,EOD_EXIT
long,2024-12-16 09:50:00+05:30,2024-12-16 10:15:00+05:30,24757.65,24694.0,0.0,-63.65,STOP_LOSS
short,2024-12-17 09:45:00+05:30,2024-12-17 10:55:00+05:30,24521.0,24485.65,109.0,35.35,ST_TRAIL
short,2024-12-17 11:30:00+05:30,2024-12-17 12:25:00+05:30,24423.15,24427.8,58.9,-4.65,BREAKEVEN_SL
short,2024-12-17 13:15:00+05:30,2024-12-17 15:15:00+05:30,24355.9,24332.15,42.65,23.75,EOD_EXIT
short,2024-12-18 10:00:00+05:30,2024-12-18 13:00:00+05:30,24261.1,24218.35,101.2,42.75,ST_TRAIL
short,2024-12-18 13:55:00+05:30,2024-12-18 14:00:00+05:30,24208.35,24221.4,0.0,-13.05,ST_TRAIL
short,2024-12-19 11:10:00+05:30,2024-12-19 11:35:00+05:30,23942.25,23988.1,0.0,-45.85,ST_TRAIL
short,2024-12-19 13:20:00+05:30,2024-12-19 15:15:00+05:30,23949.85,23934.65,15.2,15.2,EOD_EXIT
short,2024-12-20 13:00:00+05:30,2024-12-20 15:15:00+05:30,23734.6,23574.1,195.3,160.5,EOD_EXIT
long,2024-12-23 11:00:00+05:30,2024-12-23 12:00:00+05:30,23835.2,23779.35,27.55,-55.85,STOP_LOSS
short,2024-12-23 13:30:00+05:30,2024-12-23 13:40:00+05:30,23648.8,23704.9,0.0,-56.1,STOP_LOSS
short,2024-12-24 09:35:00+05:30,2024-12-24 09:45:00+05:30,23719.2,23770.3,0.0,-51.1,STOP_LOSS
long,2024-12-24 10:00:00+05:30,2024-12-24 12:00:00+05:30,23806.75,23799.45,57.7,-7.3,BREAKEVEN_SL
short,2024-12-26 13:35:00+05:30,2024-12-26 13:40:00+05:30,23713.35,23755.1,0.0,-41.75,ST_TRAIL
long,2024-12-27 09:50:00+05:30,2024-12-27 11:00:00+05:30,23904.0,23887.75,24.5,-16.25,ST_TRAIL
short,2024-12-30 09:40:00+05:30,2024-12-30 09:50:00+05:30,23725.05,23777.65,0.0,-52.6,STOP_LOSS
short,2024-12-30 11:05:00+05:30,2024-12-30 11:25:00+05:30,23784.5,23839.35,0.0,-54.85,STOP_LOSS
long,2024-12-30 11:30:00+05:30,2024-12-30 12:25:00+05:30,23865.95,23794.45,31.25,-71.5,STOP_LOSS
short,2024-12-30 13:30:00+05:30,2024-12-30 14:55:00+05:30,23695.25,23700.75,64.9,-5.5,BREAKEVEN_SL
long,2024-12-31 13:35:00+05:30,2024-12-31 14:25:00+05:30,23647.2,23639.65,39.9,-7.55,ST_TRAIL
long,2025-01-01 10:20:00+05:30,2025-01-01 11:35:00+05:30,23630.9,23699.15,138.9,68.25,ST_TRAIL
long,2025-01-01 13:55:00+05:30,2025-01-01 14:40:00+05:30,23785.95,23767.5,28.3,-18.45,ST_TRAIL
long,2025-01-02 10:30:00+05:30,2025-01-02 15:15:00+05:30,23869.55,24190.6,341.8,321.05,EOD_EXIT
short,2025-01-03 09:55:00+05:30,2025-01-03 11:15:00+05:30,24058.15,24076.15,51.8,-18.0,BREAKEVEN_SL
short,2025-01-06 09:45:00+05:30,2025-01-06 10:05:00+05:30,23962.1,24021.5,33.2,-59.4,STOP_LOSS
short,2025-01-06 10:35:00+05:30,2025-01-06 12:10:00+05:30,23924.1,23719.8,315.95,204.3,ST_TRAIL
short,2025-01-06 13:25:00+05:30,2025-01-06 14:55:00+05:30,23669.7,23643.05,104.5,26.65,ST_TRAIL
long,2025-01-07 09:40:00+05:30,2025-01-07 09:45:00+05:30,23783.5,23675.65,0.0,-107.85,STOP_LOSS
long,2025-01-07 10:15:00+05:30,2025-01-07 13:50:00+05:30,23737.6,23699.15,22.75,-38.45,ST_TRAIL
short,2025-01-08 10:45:00+05:30,2025-01-08 13:20:00+05:30,23579.75,23564.1,69.6,15.65,ST_TRAIL
long,2025-01-08 13:50:00+05:30,2025-01-08 14:25:00+05:30,23671.35,23660.4,50.85,-10.95,BREAKEVEN_SL
short,2025-01-09 10:55:00+05:30,2025-01-09 12:15:00+05:30,23544.15,23606.55,2.15,-62.4,STOP_LOSS
short,2025-01-09 13:35:00+05:30,2025-01-09 15:15:00+05:30,23533.15,23526.1,24.8,7.05,EOD_EXIT
short,2025-01-10 10:00:00+05:30,2025-01-10 10:15:00+05:30,23358.8,23420.2,0.0,-61.4,STOP_LOSS
long,2025-01-10 11:00:00+05:30,2025-01-10 11:40:00+05:30,23512.3,23509.35,79.2,-2.95,BREAKEVEN_SL
short,2025-01-10 14:15:00+05:30,2025-01-10 15:15:00+05:30,23437.9,23443.6,39.05,-5.7,EOD_EXIT
short,2025-01-13 11:30:00+05:30,2025-01-13 15:15:00+05:30,23240.2,23098.05,183.05,142.15,EOD_EXIT
long,2025-01-14 10:50:00+05:30,2025-01-14 11:40:00+05:30,23204.0,23198.55,56.05,-5.45,BREAKEVEN_SL
long,2025-01-14 14:15:00+05:30,2025-01-14 15:00:00+05:30,23190.25,23158.75,0.9,-31.5,ST_TRAIL
long,2025-01-15 10:25:00+05:30,2025-01-15 11:00:00+05:30,23233.7,23241.8,57.35,8.1,ST_TRAIL
long,2025-01-16 13:55:00+05:30,2025-01-16 14:20:00+05:30,23332.5,23299.2,2.2,-33.3,ST_TRAIL
short,2025-01-17 10:50:00+05:30,2025-01-17 11:30:00+05:30,23132.4,23172.95,24.75,-40.55,ST_TRAIL
long,2025-01-20 10:20:00+05:30,2025-01-20 15:15:00+05:30,23247.7,23343.2,124.4,95.5,EOD_EXIT
short,2025-01-21 10:05:00+05:30,2025-01-21 11:45:00+05:30,23263.5,23370.95,122.0,-107.45,BREAKEVEN_SL
short,2025-01-22 11:20:00+05:30,2025-01-22 14:10:00+05:30,23064.1,23065.55,77.85,-1.45,BREAKEVEN_SL
long,2025-01-22 14:15:00+05:30,2025-01-22 15:15:00+05:30,23090.95,23154.9,73.3,63.95,EOD_EXIT
long,2025-01-23 09:40:00+05:30,2025-01-23 11:45:00+05:30,23197.95,23202.75,43.8,4.8,ST_TRAIL
short,2025-01-24 10:00:00+05:30,2025-01-24 10:35:00+05:30,23135.15,23217.0,0.0,-81.85,STOP_LOSS
long,2025-01-24 11:05:00+05:30,2025-01-24 12:30:00+05:30,23243.85,23273.25,91.35,29.4,ST_TRAIL
short,2025-01-27 10:25:00+05:30,2025-01-27 11:55:00+05:30,22853.9,22906.5,15.5,-52.6,STOP_LOSS
long,2025-01-28 11:05:00+05:30,2025-01-28 14:45:00+05:30,22947.3,23026.75,185.6,79.45,ST_TRAIL
long,2025-01-29 11:00:00+05:30,2025-01-29 11:20:00+05:30,23110.5,22995.65,0.0,-114.85,STOP_LOSS
long,2025-01-30 10:05:00+05:30,2025-01-30 10:55:00+05:30,23281.05,23246.85,19.45,-34.2,ST_TRAIL
short,2025-01-30 13:55:00+05:30,2025-01-30 14:55:00+05:30,23191.7,23192.15,40.95,-0.45,BREAKEVEN_SL
long,2025-01-31 09:50:00+05:30,2025-01-31 10:05:00+05:30,23350.6,23338.15,42.45,-12.45,BREAKEVEN_SL
long,2025-01-31 10:40:00+05:30,2025-01-31 13:55:00+05:30,23413.65,23481.8,110.35,68.15,ST_TRAIL
long,2025-02-01 09:50:00+05:30,2025-02-01 11:45:00+05:30,23578.25,23539.7,49.0,-38.55,BREAKEVEN_SL
short,2025-02-01 13:05:00+05:30,2025-02-01 13:25:00+05:30,23359.8,23442.1,5.05,-82.3,STOP_LOSS
long,2025-02-04 09:45:00+05:30,2025-02-04 10:10:00+05:30,23569.45,23512.65,0.0,-56.8,STOP_LOSS
short,2025-02-04 10:30:00+05:30,2025-02-04 11:05:00+05:30,23489.15,23499.1,61.9,-9.95,BREAKEVEN_SL
long,2025-02-04 13:20:00+05:30,2025-02-04 14:20:00+05:30,23644.1,23642.8,60.0,-1.3,BREAKEVEN_SL
long,2025-02-05 13:15:00+05:30,2025-02-05 14:20:00+05:30,23758.4,23734.85,12.3,-23.55,ST_TRAIL
short,2025-02-06 09:40:00+05:30,2025-02-06 15:00:00+05:30,23660.2,23603.75,94.15,56.45,ST_TRAIL
long,2025-02-07 10:10:00+05:30,2025-02-07 10:15:00+05:30,23612.0,23549.5,0.0,-62.5,STOP_LOSS
short,2025-02-07 10:20:00+05:30,2025-02-07 10:40:00+05:30,23521.75,23573.9,0.0,-52.15,STOP_LOSS
long,2025-02-07 11:15:00+05:30,2025-02-07 12:05:00+05:30,23646.65,23611.05,36.95,-35.6,ST_TRAIL
short,2025-02-10 09:40:00+05:30,2025-02-10 14:35:00+05:30,23408.25,23368.7,88.2,39.55,ST_TRAIL
short,2025-02-11 10:15:00+05:30,2025-02-11 14:50:00+05:30,23264.9,23112.55,262.95,152.35,ST_TRAIL
short,2025-02-12 09:40:00+05:30,2025-02-12 10:35:00+05:30,22911.8,22914.65,92.2,-2.85,BREAKEVEN_SL
long,2025-02-12 13:20:00+05:30,2025-02-12 13:45:00+05:30,23115.5,23042.05,11.6,-73.45,STOP_LOSS
long,2025-02-13 09:35:00+05:30,2025-02-13 13:10:00+05:30,23101.4,23153.1,122.25,51.7,ST_TRAIL
short,2025-02-13 13:35:00+05:30,2025-02-13 15:15:00+05:30,23080.4,23030.5,58.2,49.9,EOD_EXIT
short,2025-02-14 10:45:00+05:30,2025-02-14 11:40:00+05:30,22898.65,22901.15,53.75,-2.5,BREAKEVEN_SL
short,2025-02-14 13:05:00+05:30,2025-02-14 13:25:00+05:30,22788.15,22838.75,0.0,-50.6,STOP_LOSS
short,2025-02-14 14:00:00+05:30,2025-02-14 14:15:00+05:30,22777.25,22855.6,0.0,-78.35,STOP_LOSS
short,2025-02-17 10:00:00+05:30,2025-02-17 10:20:00+05:30,22749.85,22805.5,0.0,-55.65,STOP_LOSS
long,2025-02-17 10:40:00+05:30,2025-02-17 11:00:00+05:30,22916.15,22856.3,0.0,-59.85,STOP_LOSS
long,2025-02-17 13:00:00+05:30,2025-02-17 15:15:00+05:30,22869.7,22961.75,101.05,92.05,EOD_EXIT
short,2025-02-18 10:30:00+05:30,2025-02-18 10:55:00+05:30,22818.3,22869.65,0.0,-51.35,STOP_LOSS
long,2025-02-18 14:30:00+05:30,2025-02-18 15:15:00+05:30,22930.5,22939.5,26.2,9.0,EOD_EXIT
long,2025-02-19 09:50:00+05:30,2025-02-19 10:50:00+05:30,22967.45,22964.7,69.0,-2.75,BREAKEVEN_SL
short,2025-02-19 10:55:00+05:30,2025-02-19 11:30:00+05:30,22927.95,22986.65,0.0,-58.7,STOP_LOSS
short,2025-02-19 14:25:00+05:30,2025-02-19 14:50:00+05:30,22863.3,22920.35,0.0,-57.05,STOP_LOSS
short,2025-02-20 13:05:00+05:30,2025-02-20 13:45:00+05:30,22885.1,22910.7,6.85,-25.6,ST_TRAIL
short,2025-02-21 09:35:00+05:30,2025-02-21 11:35:00+05:30,22878.1,22807.7,133.85,70.4,ST_TRAIL
short,2025-02-21 13:05:00+05:30,2025-02-21 14:05:00+05:30,22770.2,22770.5,43.25,-0.3,BREAKEVEN_SL
short,2025-02-24 10:25:00+05:30,2025-02-24 11:40:00+05:30,22567.35,22610.1,12.8,-42.75,ST_TRAIL
short,2025-02-24 13:45:00+05:30,2025-02-24 14:35:00+05:30,22530.8,22566.15,0.0,-35.35,ST_TRAIL
long,2025-02-25 09:50:00+05:30,2025-02-25 10:55:00+05:30,22609.75,22563.5,0.0,-46.25,ST_TRAIL
long,2025-02-25 13:10:00+05:30,2025-02-25 14:50:00+05:30,22592.75,22572.9,0.0,-19.85,ST_TRAIL
short,2025-02-27 09:40:00+05:30,2025-02-27 13:20:00+05:30,22560.2,22536.3,38.55,23.9,ST_TRAIL
short,2025-02-28 13:00:00+05:30,2025-02-28 14:40:00+05:30,22135.45,22173.3,16.75,-37.85,ST_TRAIL
short,2025-03-03 09:45:00+05:30,2025-03-03 10:25:00+05:30,22086.2,22100.2,67.4,-14.0,BREAKEVEN_SL
long,2025-03-03 13:15:00+05:30,2025-03-03 13:55:00+05:30,22150.4,22100.2,0.0,-50.2,STOP_LOSS
short,2025-03-04 13:05:00+05:30,2025-03-04 14:05:00+05:30,22052.95,22088.1,8.6,-35.15,ST_TRAIL
long,2025-03-05 09:40:00+05:30,2025-03-05 13:05:00+05:30,22237.6,22344.25,151.15,106.65,ST_TRAIL
short,2025-03-05 13:40:00+05:30,2025-03-05 14:35:00+05:30,22313.8,22337.5,17.9,-23.7,ST_TRAIL
long,2025-03-06 11:00:00+05:30,2025-03-06 11:20:00+05:30,22387.1,22363.6,49.15,-23.5,BREAKEVEN_SL
long,2025-03-06 13:45:00+05:30,2025-03-06 15:15:00+05:30,22505.4,22545.6,45.2,40.2,EOD_EXIT
long,2025-03-07 10:05:00+05:30,2025-03-07 11:45:00+05:30,22584.9,22548.8,34.85,-36.1,ST_TRAIL
long,2025-03-07 14:30:00+05:30,2025-03-07 15:10:00+05:30,22591.2,22556.85,9.9,-34.35,ST_TRAIL
long,2025-03-10 09:40:00+05:30,2025-03-10 10:25:00+05:30,22653.85,22607.95,13.7,-45.9,ST_TRAIL
short,2025-03-10 13:50:00+05:30,2025-03-10 15:15:00+05:30,22547.7,22451.9,110.95,95.8,EOD_EXIT
long,2025-03-11 11:00:00+05:30,2025-03-11 11:20:00+05:30,22479.55,22427.95,0.0,-51.6,STOP_LOSS
long,2025-03-11 13:50:00+05:30,2025-03-11 15:15:00+05:30,22493.1,22502.0,17.3,8.9,EOD_EXIT
short,2025-03-12 10:10:00+05:30,2025-03-12 13:05:00+05:30,22425.2,22389.75,87.65,35.45,ST_TRAIL
long,2025-03-12 14:20:00+05:30,2025-03-12 15:15:00+05:30,22450.95,22460.35,39.8,9.4,EOD_EXIT
long,2025-03-13 10:05:00+05:30,2025-03-13 10:55:00+05:30,22534.8,22492.8,20.8,-42.0,ST_TRAIL
short,2025-03-13 14:20:00+05:30,2025-03-13 15:15:00+05:30,22410.7,22408.55,23.8,2.15,EOD_EXIT
long,2025-03-18 09:40:00+05:30,2025-03-18 12:25:00+05:30,22681.35,22730.8,95.05,49.45,ST_TRAIL
long,2025-03-18 13:05:00+05:30,2025-03-18 15:15:00+05:30,22754.15,22849.7,95.55,95.55,EOD_EXIT
long,2025-03-19 10:20:00+05:30,2025-03-19 13:05:00+05:30,22909.1,22893.55,24.9,-15.55,ST_TRAIL
long,2025-03-20 10:30:00+05:30,2025-03-20 15:15:00+05:30,23049.65,23188.15,163.95,138.5,EOD_EXIT
long,2025-03-21 09:35:00+05:30,2025-03-21 13:30:00+05:30,23247.5,23346.65,151.95,99.15,ST_TRAIL
long,2025-03-21 14:20:00+05:30,2025-03-21 15:15:00+05:30,23367.3,23345.5,11.5,-21.8,EOD_EXIT
long,2025-03-24 10:00:00+05:30,2025-03-24 15:00:00+05:30,23550.2,23635.1,147.65,84.9,ST_TRAIL
long,2025-03-25 09:35:00+05:30,2025-03-25 10:10:00+05:30,23786.2,23770.4,77.4,-15.8,BREAKEVEN_SL
short,2025-03-25 11:00:00+05:30,2025-03-25 11:55:00+05:30,23698.95,23710.05,56.4,-11.1,BREAKEVEN_SL
short,2025-03-26 09:45:00+05:30,2025-03-26 12:45:00+05:30,23653.15,23633.15,70.85,20.0,ST_TRAIL
short,2025-03-26 13:10:00+05:30,2025-03-26 15:15:00+05:30,23566.1,23478.6,87.5,87.5,EOD_EXIT
long,2025-03-27 10:05:00+05:30,2025-03-27 15:15:00+05:30,23611.9,23587.25,5.9,-24.65,EOD_EXIT
short,2025-03-28 09:40:00+05:30,2025-03-28 10:30:00+05:30,23520.9,23626.75,0.0,-105.85,STOP_LOSS
long,2025-03-28 14:20:00+05:30,2025-03-28 15:00:00+05:30,23530.15,23529.6,65.15,-0.55,BREAKEVEN_SL
long,2025-04-01 09:35:00+05:30,2025-04-01 10:00:00+05:30,23535.55,23479.6,9.55,-55.95,STOP_LOSS
short,2025-04-01 10:15:00+05:30,2025-04-01 12:15:00+05:30,23480.15,23244.55,299.4,235.6,ST_TRAIL
short,2025-04-01 13:05:00+05:30,2025-04-01 15:15:00+05:30,23184.35,23171.9,42.05,12.45,EOD_EXIT
long,2025-04-02 10:30:00+05:30,2025-04-02 12:55:00+05:30,23268.9,23247.9,24.8,-21.0,ST_TRAIL
long,2025-04-02 13:20:00+05:30,2025-04-02 13:45:00+05:30,23288.8,23265.0,10.95,-23.8,ST_TRAIL
long,2025-04-02 14:30:00+05:30,2025-04-02 15:15:00+05:30,23303.9,23327.15,35.5,23.25,EOD_EXIT
short,2025-04-04 10:00:00+05:30,2025-04-04 10:50:00+05:30,22966.05,22974.05,42.9,-8.0,BREAKEVEN_SL
short,2025-04-04 13:15:00+05:30,2025-04-04 15:05:00+05:30,22954.3,22921.25,89.35,33.05,ST_TRAIL
short,2025-04-07 10:15:00+05:30,2025-04-07 10:25:00+05:30,21922.0,22005.15,0.0,-83.15,STOP_LOSS
short,2025-04-07 13:20:00+05:30,2025-04-07 13:30:00+05:30,21875.0,21935.55,0.0,-60.55,STOP_LOSS
long,2025-04-08 11:10:00+05:30,2025-04-08 11:15:00+05:30,22436.55,22385.95,0.0,-50.6,STOP_LOSS
long,2025-04-08 14:25:00+05:30,2025-04-08 14:30:00+05:30,22654.05,22600.3,0.0,-53.75,STOP_LOSS
short,2025-04-09 13:40:00+05:30,2025-04-09 15:15:00+05:30,22402.7,22396.2,7.8,6.5,EOD_EXIT
long,2025-04-11 09:45:00+05:30,2025-04-11 10:05:00+05:30,22870.1,22817.25,0.0,-52.85,STOP_LOSS
long,2025-04-11 11:25:00+05:30,2025-04-11 13:30:00+05:30,22857.1,22849.1,50.75,-8.0,BREAKEVEN_SL
short,2025-04-11 14:00:00+05:30,2025-04-11 14:55:00+05:30,22788.05,22827.0,18.25,-38.95,ST_TRAIL
long,2025-04-15 09:50:00+05:30,2025-04-15 14:00:00+05:30,23329.65,23323.35,16.1,-6.3,ST_TRAIL
long,2025-04-16 09:40:00+05:30,2025-04-16 10:15:00+05:30,23357.7,23313.05,9.35,-44.65,ST_TRAIL
short,2025-04-16 10:30:00+05:30,2025-04-16 11:15:00+05:30,23286.1,23335.05,1.6,-48.95,ST_TRAIL
long,2025-04-16 14:00:00+05:30,2025-04-16 15:15:00+05:30,23402.75,23438.8,36.05,36.05,EOD_EXIT
short,2025-04-17 10:10:00+05:30,2025-04-17 10:30:00+05:30,23353.4,23408.25,0.0,-54.85,STOP_LOSS
long,2025-04-17 11:20:00+05:30,2025-04-17 15:15:00+05:30,23480.2,23850.15,384.05,369.95,EOD_EXIT
long,2025-04-21 10:05:00+05:30,2025-04-21 13:40:00+05:30,24057.55,24113.2,130.9,55.65,ST_TRAIL
long,2025-04-21 13:55:00+05:30,2025-04-21 15:15:00+05:30,24150.05,24132.65,3.9,-17.4,EOD_EXIT
long,2025-04-22 09:35:00+05:30,2025-04-22 11:25:00+05:30,24186.15,24190.15,47.2,4.0,ST_TRAIL
short,2025-04-23 10:10:00+05:30,2025-04-23 11:05:00+05:30,24189.55,24189.9,60.85,-0.35,BREAKEVEN_SL
long,2025-04-23 13:40:00+05:30,2025-04-23 15:15:00+05:30,24274.65,24329.8,60.2,55.15,EOD_EXIT
short,2025-04-24 09:45:00+05:30,2025-04-24 10:20:00+05:30,24248.65,24301.95,0.0,-53.3,STOP_LOSS
short,2025-04-24 11:30:00+05:30,2025-04-24 15:10:00+05:30,24264.1,24250.15,42.85,13.95,ST_TRAIL
short,2025-04-25 09:40:00+05:30,2025-04-25 12:10:00+05:30,24208.15,23938.15,343.8,270.0,ST_TRAIL
long,2025-04-25 13:00:00+05:30,2025-04-25 14:05:00+05:30,24026.95,24064.05,120.8,37.1,ST_TRAIL
long,2025-04-28 10:05:00+05:30,2025-04-28 14:20:00+05:30,24265.25,24304.7,85.35,39.45,ST_TRAIL
long,2025-04-30 09:40:00+05:30,2025-04-30 10:30:00+05:30,24348.5,24311.35,37.65,-37.15,ST_TRAIL
long,2025-04-30 11:05:00+05:30,2025-04-30 14:30:00+05:30,24332.95,24326.4,26.9,-6.55,ST_TRAIL
long,2025-05-02 09:40:00+05:30,2025-05-02 10:25:00+05:30,24529.85,24520.7,52.1,-9.15,BREAKEVEN_SL
short,2025-05-02 10:55:00+05:30,2025-05-02 13:15:00+05:30,24432.0,24344.3,189.25,87.7,ST_TRAIL
long,2025-05-02 13:30:00+05:30,2025-05-02 14:20:00+05:30,24394.5,24342.4,4.95,-52.1,STOP_LOSS
long,2025-05-05 09:55:00+05:30,2025-05-05 11:35:00+05:30,24503.65,24453.05,19.0,-50.6,STOP_LOSS
long,2025-05-05 13:55:00+05:30,2025-05-05 15:10:00+05:30,24482.6,24448.3,5.1,-34.3,ST_TRAIL
short,2025-05-06 10:00:00+05:30,2025-05-06 12:10:00+05:30,24400.2,24392.2,39.05,8.0,ST_TRAIL
short,2025-05-06 14:25:00+05:30,2025-05-06 15:05:00+05:30,24373.75,24399.85,5.45,-26.1,ST_TRAIL
short,2025-05-07 10:15:00+05:30,2025-05-07 10:20:00+05:30,24291.3,24348.35,0.0,-57.05,STOP_LOSS
short,2025-05-07 13:35:00+05:30,2025-05-07 14:00:00+05:30,24356.05,24389.75,0.15,-33.7,ST_TRAIL
short,2025-05-07 14:25:00+05:30,2025-05-07 15:00:00+05:30,24392.8,24419.1,0.0,-26.3,ST_TRAIL
short,2025-05-08 09:50:00+05:30,2025-05-08 15:15:00+05:30,24384.0,24266.95,121.8,117.05,EOD_EXIT
short,2025-05-09 10:05:00+05:30,2025-05-09 10:10:00+05:30,23985.8,24060.65,0.0,-74.85,STOP_LOSS
long,2025-05-12 10:00:00+05:30,2025-05-12 15:15:00+05:30,24698.8,24941.0,242.2,242.2,EOD_EXIT
short,2025-05-13 10:05:00+05:30,2025-05-13 11:00:00+05:30,24776.2,24805.5,118.0,-29.3,BREAKEVEN_SL
short,2025-05-13 13:25:00+05:30,2025-05-13 15:15:00+05:30,24592.1,24578.15,32.1,13.95,EOD_EXIT
long,2025-05-14 10:20:00+05:30,2025-05-14 10:50:00+05:30,24766.75,24712.45,0.0,-54.3,STOP_LOSS
short,2025-05-15 09:45:00+05:30,2025-05-15 10:30:00+05:30,24547.65,24622.15,18.95,-74.5,STOP_LOSS
long,2025-05-15 10:35:00+05:30,2025-05-15 11:00:00+05:30,24738.95,24712.3,41.35,-26.65,BREAKEVEN_SL
long,2025-05-15 13:05:00+05:30,2025-05-15 15:15:00+05:30,24814.95,25050.1,290.5,235.15,EOD_EXIT
long,2025-05-16 13:20:00+05:30,2025-05-16 15:15:00+05:30,25008.5,25017.0,24.4,8.5,EOD_EXIT
short,2025-05-19 14:10:00+05:30,2025-05-19 15:15:00+05:30,24940.35,24945.4,18.2,-5.05,EOD_EXIT
short,2025-05-20 09:55:00+05:30,2025-05-20 10:45:00+05:30,24894.05,24947.4,4.95,-53.35,STOP_LOSS
short,2025-05-20 11:25:00+05:30,2025-05-20 15:15:00+05:30,24890.55,24676.65,214.6,213.9,EOD_EXIT
long,2025-05-21 09:40:00+05:30,2025-05-21 11:30:00+05:30,24796.65,24851.55,136.7,54.9,ST_TRAIL
short,2025-05-21 14:05:00+05:30,2025-05-21 15:05:00+05:30,24770.45,24828.4,0.0,-57.95,STOP_LOSS
short,2025-05-22 14:25:00+05:30,2025-05-22 14:40:00+05:30,24492.35,24557.55,8.95,-65.2,STOP_LOSS
long,2025-05-23 09:40:00+05:30,2025-05-23 11:45:00+05:30,24781.4,24804.3,108.7,22.9,ST_TRAIL
long,2025-05-26 13:50:00+05:30,2025-05-26 15:15:00+05:30,25000.9,25001.3,7.05,0.4,EOD_EXIT
short,2025-05-27 10:00:00+05:30,2025-05-27 11:00:00+05:30,24763.2,24872.8,7.5,-109.6,STOP_LOSS
long,2025-05-27 11:05:00+05:30,2025-05-27 12:20:00+05:30,24868.15,24894.95,153.4,26.8,ST_TRAIL
short,2025-05-27 13:00:00+05:30,2025-05-27 14:55:00+05:30,24814.85,24817.7,92.4,-2.85,BREAKEVEN_SL
short,2025-05-28 13:25:00+05:30,2025-05-28 15:15:00+05:30,24789.45,24747.7,41.75,41.75,EOD_EXIT
short,2025-05-29 10:30:00+05:30,2025-05-29 12:55:00+05:30,24757.95,24768.6,71.4,-10.65,BREAKEVEN_SL
short,2025-05-30 10:15:00+05:30,2025-05-30 13:25:00+05:30,24767.3,24769.7,39.05,-2.4,ST_TRAIL
short,2025-05-30 14:15:00+05:30,2025-05-30 15:15:00+05:30,24765.4,24746.65,25.9,18.75,EOD_EXIT
short,2025-06-03 10:40:00+05:30,2025-06-03 11:30:00+05:30,24642.85,24653.75,52.65,-10.9,BREAKEVEN_SL
long,2025-06-05 09:40:00+05:30,2025-06-05 10:45:00+05:30,24747.15,24706.05,6.45,-41.1,ST_TRAIL
long,2025-06-05 11:30:00+05:30,2025-06-05 12:30:00+05:30,24736.9,24815.1,132.65,78.2,ST_TRAIL
short,2025-06-05 14:05:00+05:30,2025-06-05 15:15:00+05:30,24710.7,24767.45,0.25,-56.75,STOP_LOSS
short,2025-06-06 09:35:00+05:30,2025-06-06 10:05:00+05:30,24694.35,24794.6,7.0,-100.25,STOP_LOSS
long,2025-06-06 10:30:00+05:30,2025-06-06 13:05:00+05:30,24860.55,24968.35,165.25,107.8,ST_TRAIL
long,2025-06-06 14:20:00+05:30,2025-06-06 15:15:00+05:30,25016.6,25000.45,0.4,-16.15,EOD_EXIT
long,2025-06-09 10:30:00+05:30,2025-06-09 13:15:00+05:30,25128.65,25104.5,10.5,-24.15,ST_TRAIL
long,2025-06-10 10:05:00+05:30,2025-06-10 10:50:00+05:30,25150.0,25113.45,8.8,-36.55,ST_TRAIL
long,2025-06-11 10:05:00+05:30,2025-06-11 12:35:00+05:30,25157.45,25187.5,57.45,30.05,ST_TRAIL
short,2025-06-11 13:50:00+05:30,2025-06-11 15:15:00+05:30,25108.85,25136.0,0.0,-27.15,EOD_EXIT
short,2025-06-12 13:05:00+05:30,2025-06-12 14:30:00+05:30,25035.25,24909.7,204.05,125.55,ST_TRAIL
short,2025-06-13 13:05:00+05:30,2025-06-13 13:30:00+05:30,24681.0,24711.05,0.0,-30.05,ST_TRAIL
long,2025-06-13 13:35:00+05:30,2025-06-13 13:55:00+05:30,24726.85,24712.6,16.65,-14.25,ST_TRAIL
long,2025-06-16 10:20:00+05:30,2025-06-16 14:35:00+05:30,24795.75,24931.5,165.75,135.75,ST_TRAIL
short,2025-06-17 09:55:00+05:30,2025-06-17 10:40:00+05:30,24874.4,24900.45,22.7,-26.05,ST_TRAIL
long,2025-06-18 09:40:00+05:30,2025-06-18 10:20:00+05:30,24937.8,24878.7,0.0,-59.1,STOP_LOSS
short,2025-06-18 10:55:00+05:30,2025-06-18 12:05:00+05:30,24847.0,24820.25,73.9,26.75,ST_TRAIL
short,2025-06-18 14:25:00+05:30,2025-06-18 14:30:00+05:30,24766.2,24792.25,0.0,-26.05,ST_TRAIL
long,2025-06-19 09:35:00+05:30,2025-06-19 12:35:00+05:30,24831.25,24795.05,11.1,-36.2,ST_TRAIL
long,2025-06-19 14:00:00+05:30,2025-06-19 14:40:00+05:30,24827.3,24804.7,9.75,-22.6,ST_TRAIL
long,2025-06-20 10:15:00+05:30,2025-06-20 12:25:00+05:30,24958.6,24981.95,81.5,23.35,ST_TRAIL
long,2025-06-20 13:15:00+05:30,2025-06-20 15:15:00+05:30,25075.4,25126.35,50.95,50.95,EOD_EXIT
short,2025-06-23 10:05:00+05:30,2025-06-23 10:30:00+05:30,24853.4,24903.75,0.0,-50.35,STOP_LOSS
long,2025-06-23 11:30:00+05:30,2025-06-23 14:15:00+05:30,24953.25,25002.1,95.85,48.85,ST_TRAIL
long,2025-06-24 10:20:00+05:30,2025-06-24 12:35:00+05:30,25224.6,25248.8,84.15,24.2,ST_TRAIL
short,2025-06-24 13:15:00+05:30,2025-06-24 15:15:00+05:30,25180.9,25055.0,153.55,125.9,EOD_EXIT
long,2025-06-25 09:40:00+05:30,2025-06-25 12:15:00+05:30,25188.25,25182.65,26.4,-5.6,ST_TRAIL
long,2025-06-25 13:10:00+05:30,2025-06-25 14:00:00+05:30,25240.4,25226.6,18.3,-13.8,ST_TRAIL
long,2025-06-25 14:30:00+05:30,2025-06-25 14:45:00+05:30,25233.75,25228.0,12.1,-5.75,ST_TRAIL
long,2025-06-26 10:00:00+05:30,2025-06-26 10:25:00+05:30,25418.35,25362.3,0.0,-56.05,STOP_LOSS
short,2025-06-26 10:30:00+05:30,2025-06-26 11:30:00+05:30,25360.6,25362.15,53.8,-1.55,BREAKEVEN_SL
long,2025-06-26 13:50:00+05:30,2025-06-26 15:15:00+05:30,25482.5,25541.5,77.75,59.0,EOD_EXIT
long,2025-06-27 10:55:00+05:30,2025-06-27 13:10:00+05:30,25604.75,25616.65,39.95,11.9,ST_TRAIL
short,2025-06-30 09:45:00+05:30,2025-06-30 12:10:00+05:30,25569.4,25585.95,28.3,-16.55,ST_TRAIL
short,2025-06-30 13:05:00+05:30,2025-06-30 15:00:00+05:30,25507.95,25514.1,27.5,-6.15,ST_TRAIL
short,2025-07-01 11:00:00+05:30,2025-07-01 12:15:00+05:30,25519.8,25535.65,5.05,-15.85,ST_TRAIL
short,2025-07-02 11:10:00+05:30,2025-07-02 14:55:00+05:30,25477.2,25430.2,85.85,47.0,ST_TRAIL
long,2025-07-03 09:50:00+05:30,2025-07-03 11:40:00+05:30,25531.7,25512.9,35.5,-18.8,ST_TRAIL
short,2025-07-03 14:15:00+05:30,2025-07-03 15:15:00+05:30,25484.5,25414.85,86.65,69.65,EOD_EXIT
long,2025-07-07 13:20:00+05:30,2025-07-07 14:35:00+05:30,25456.05,25429.85,7.1,-26.2,ST_TRAIL
long,2025-07-09 10:15:00+05:30,2025-07-09 11:50:00+05:30,25531.65,25517.0,13.15,-14.65,ST_TRAIL
short,2025-07-10 10:50:00+05:30,2025-07-10 12:20:00+05:30,25389.05,25396.35,25.35,-7.3,ST_TRAIL
short,2025-07-10 13:45:00+05:30,2025-07-10 14:05:00+05:30,25377.8,25407.05,3.45,-29.25,ST_TRAIL
short,2025-07-11 10:10:00+05:30,2025-07-11 15:15:00+05:30,25256.75,25138.6,118.15,118.15,EOD_EXIT
short,2025-07-14 11:00:00+05:30,2025-07-14 13:25:00+05:30,25079.8,25057.35,59.0,22.45,ST_TRAIL
long,2025-07-15 10:35:00+05:30,2025-07-15 13:25:00+05:30,25156.9,25186.95,74.85,30.05,ST_TRAIL
short,2025-07-16 10:45:00+05:30,2025-07-16 11:45:00+05:30,25126.6,25166.45,0.0,-39.85,ST_TRAIL
long,2025-07-16 14:10:00+05:30,2025-07-16 15:00:00+05:30,25243.75,25213.65,5.3,-30.1,ST_TRAIL
short,2025-07-17 10:10:00+05:30,2025-07-17 11:25:00+05:30,25160.1,25182.65,11.2,-22.55,ST_TRAIL
short,2025-07-17 13:20:00+05:30,2025-07-17 15:15:00+05:30,25157.55,25113.15,50.35,44.4,EOD_EXIT
short,2025-07-18 10:10:00+05:30,2025-07-18 13:40:00+05:30,25013.3,24968.55,91.4,44.75,ST_TRAIL
long,2025-07-21 10:40:00+05:30,2025-07-21 11:40:00+05:30,25051.4,25019.1,23.55,-32.3,ST_TRAIL
short,2025-07-22 11:05:00+05:30,2025-07-22 12:20:00+05:30,25056.05,25100.15,7.3,-44.1,ST_TRAIL
short,2025-07-22 13:20:00+05:30,2025-07-22 14:05:00+05:30,25093.05,25105.35,14.6,-12.3,ST_TRAIL
short,2025-07-22 14:25:00+05:30,2025-07-22 15:15:00+05:30,25069.5,25064.65,15.5,4.85,EOD_EXIT
long,2025-07-23 11:05:00+05:30,2025-07-23 15:15:00+05:30,25132.85,25218.65,98.2,85.8,EOD_EXIT
short,2025-07-24 10:00:00+05:30,2025-07-24 12:25:00+05:30,25166.55,25078.05,129.0,88.5,ST_TRAIL
short,2025-07-24 13:00:00+05:30,2025-07-24 13:45:00+05:30,25052.25,25099.5,0.0,-47.25,ST_TRAIL
short,2025-07-25 10:15:00+05:30,2025-07-25 12:35:00+05:30,24863.7,24871.0,39.15,-7.3,ST_TRAIL
short,2025-07-25 13:35:00+05:30,2025-07-25 13:50:00+05:30,24851.5,24874.7,0.0,-23.2,ST_TRAIL
long,2025-07-28 10:20:00+05:30,2025-07-28 10:40:00+05:30,24876.25,24819.7,0.0,-56.55,STOP_LOSS
short,2025-07-28 13:10:00+05:30,2025-07-28 15:15:00+05:30,24707.6,24681.35,39.2,26.25,EOD_EXIT
short,2025-07-29 10:20:00+05:30,2025-07-29 11:15:00+05:30,24653.8,24687.6,32.4,-33.8,ST_TRAIL
long,2025-07-29 13:15:00+05:30,2025-07-29 14:45:00+05:30,24733.65,24773.8,86.65,40.15,ST_TRAIL
long,2025-07-30 11:15:00+05:30,2025-07-30 13:20:00+05:30,24878.55,24835.9,20.15,-42.65,ST_TRAIL
long,2025-07-30 14:30:00+05:30,2025-07-30 15:15:00+05:30,24887.45,24854.55,0.0,-32.9,EOD_EXIT
long,2025-07-31 11:30:00+05:30,2025-07-31 14:25:00+05:30,24807.4,24867.15,137.5,59.75,ST_TRAIL
short,2025-08-01 11:10:00+05:30,2025-08-01 13:25:00+05:30,24710.25,24683.75,74.8,26.5,ST_TRAIL
short,2025-08-01 13:40:00+05:30,2025-08-01 15:15:00+05:30,24668.6,24551.9,122.95,116.7,EOD_EXIT
long,2025-08-04 10:25:00+05:30,2025-08-04 13:25:00+05:30,24618.5,24668.8,98.8,50.3,ST_TRAIL
long,2025-08-04 13:50:00+05:30,2025-08-04 15:15:00+05:30,24719.2,24723.15,10.85,3.95,EOD_EXIT
short,2025-08-05 09:40:00+05:30,2025-08-05 12:10:00+05:30,24631.9,24658.1,26.8,-26.2,ST_TRAIL
short,2025-08-05 13:05:00+05:30,2025-08-05 15:05:00+05:30,24626.4,24658.25,24.7,-31.85,ST_TRAIL
short,2025-08-06 10:45:00+05:30,2025-08-06 12:00:00+05:30,24564.35,24594.35,14.35,-30.0,ST_TRAIL
short,2025-08-06 14:05:00+05:30,2025-08-06 15:15:00+05:30,24595.45,24573.95,35.1,21.5,EOD_EXIT
short,2025-08-07 10:05:00+05:30,2025-08-07 11:35:00+05:30,24471.4,24441.6,62.85,29.8,ST_TRAIL
short,2025-08-07 13:10:00+05:30,2025-08-07 14:00:00+05:30,24403.15,24404.9,46.3,-1.75,BREAKEVEN_SL
long,2025-08-07 14:15:00+05:30,2025-08-07 15:15:00+05:30,24467.3,24604.7,137.4,137.4,EOD_EXIT
short,2025-08-08 09:50:00+05:30,2025-08-08 12:50:00+05:30,24487.65,24469.8,83.25,17.85,ST_TRAIL
short,2025-08-08 13:30:00+05:30,2025-08-08 15:15:00+05:30,24451.15,24345.2,105.95,105.95,EOD_EXIT
short,2025-08-11 09:50:00+05:30,2025-08-11 10:20:00+05:30,24395.5,24433.7,0.0,-38.2,ST_TRAIL
long,2025-08-11 10:25:00+05:30,2025-08-11 11:40:00+05:30,24441.35,24417.4,28.8,-23.95,ST_TRAIL
long,2025-08-11 13:00:00+05:30,2025-08-11 15:15:00+05:30,24482.45,24574.3,115.1,91.85,EOD_EXIT
long,2025-08-12 09:40:00+05:30,2025-08-12 10:25:00+05:30,24644.85,24613.65,48.05,-31.2,BREAKEVEN_SL
short,2025-08-12 11:10:00+05:30,2025-08-12 12:15:00+05:30,24544.15,24599.35,0.0,-55.2,STOP_LOSS
long,2025-08-13 09:50:00+05:30,2025-08-13 11:55:00+05:30,24583.45,24552.35,17.35,-31.1,ST_TRAIL
long,2025-08-13 14:00:00+05:30,2025-08-13 15:05:00+05:30,24658.5,24619.4,0.0,-39.1,ST_TRAIL
long,2025-08-14 09:40:00+05:30,2025-08-14 11:40:00+05:30,24657.55,24618.6,8.25,-38.95,ST_TRAIL
long,2025-08-14 13:00:00+05:30,2025-08-14 14:15:00+05:30,24655.85,24625.75,0.0,-30.1,ST_TRAIL
long,2025-08-18 09:40:00+05:30,2025-08-18 11:30:00+05:30,25001.6,24941.0,15.3,-60.6,STOP_LOSS
short,2025-08-19 09:45:00+05:30,2025-08-19 11:05:00+05:30,24894.35,24939.15,0.0,-44.8,ST_TRAIL
long,2025-08-19 14:30:00+05:30,2025-08-19 15:15:00+05:30,24979.55,24984.65,7.95,5.1,EOD_EXIT
long,2025-08-20 09:50:00+05:30,2025-08-20 13:25:00+05:30,24972.15,25034.4,88.15,62.25,ST_TRAIL
long,2025-08-20 14:05:00+05:30,2025-08-20 15:10:00+05:30,25072.65,25048.75,5.5,-23.9,ST_TRAIL
long,2025-08-21 10:05:00+05:30,2025-08-21 12:15:00+05:30,25119.15,25101.6,23.1,-17.55,ST_TRAIL
long,2025-08-21 13:55:00+05:30,2025-08-21 14:35:00+05:30,25118.05,25104.95,20.35,-13.1,ST_TRAIL
short,2025-08-22 10:25:00+05:30,2025-08-22 11:40:00+05:30,24932.2,24936.65,23.65,-4.45,ST_TRAIL
short,2025-08-22 14:15:00+05:30,2025-08-22 15:15:00+05:30,24908.0,24870.75,37.95,37.25,EOD_EXIT
long,2025-08-25 09:40:00+05:30,2025-08-25 09:55:00+05:30,24968.1,24925.95,0.0,-42.15,ST_TRAIL
long,2025-08-25 10:40:00+05:30,2025-08-25 14:20:00+05:30,24936.6,24984.5,72.0,47.9,ST_TRAIL
short,2025-08-26 09:40:00+05:30,2025-08-26 11:15:00+05:30,24760.45,24808.0,0.0,-47.55,ST_TRAIL
long,2025-08-28 10:55:00+05:30,2025-08-28 12:15:00+05:30,24661.95,24607.05,5.15,-54.9,STOP_LOSS
short,2025-08-28 13:00:00+05:30,2025-08-28 14:10:00+05:30,24564.45,24573.45,28.8,-9.0,ST_TRAIL
short,2025-08-29 10:05:00+05:30,2025-08-29 10:30:00+05:30,24475.0,24525.6,4.15,-50.6,STOP_LOSS
short,2025-08-29 14:30:00+05:30,2025-08-29 15:15:00+05:30,24475.6,24411.2,68.85,64.4,EOD_EXIT
long,2025-09-01 09:55:00+05:30,2025-09-01 15:15:00+05:30,24547.5,24628.55,84.75,81.05,EOD_EXIT
long,2025-09-02 09:45:00+05:30,2025-09-02 13:15:00+05:30,24697.9,24707.3,54.65,9.4,ST_TRAIL
short,2025-09-02 13:50:00+05:30,2025-09-02 15:15:00+05:30,24627.7,24584.4,87.0,43.3,EOD_EXIT
long,2025-09-03 13:50:00+05:30,2025-09-03 15:15:00+05:30,24644.35,24728.4,84.05,84.05,EOD_EXIT
short,2025-09-04 13:45:00+05:30,2025-09-04 14:40:00+05:30,24773.25,24771.3,56.05,1.95,ST_TRAIL
short,2025-09-05 10:15:00+05:30,2025-09-05 10:25:00+05:30,24650.45,24721.75,0.0,-71.3,STOP_LOSS
long,2025-09-05 13:45:00+05:30,2025-09-05 14:35:00+05:30,24742.85,24724.25,30.85,-18.6,ST_TRAIL
long,2025-09-08 13:05:00+05:30,2025-09-08 13:50:00+05:30,24864.1,24838.15,3.7,-25.95,ST_TRAIL
long,2025-09-09 13:35:00+05:30,2025-09-09 14:40:00+05:30,24864.7,24839.95,11.1,-24.75,ST_TRAIL
long,2025-09-10 09:40:00+05:30,2025-09-10 11:15:00+05:30,25012.25,24981.2,16.85,-31.05,ST_TRAIL
short,2025-09-11 10:10:00+05:30,2025-09-11 12:10:00+05:30,24964.5,24986.95,2.0,-22.45,ST_TRAIL
long,2025-09-12 10:10:00+05:30,2025-09-12 12:50:00+05:30,25074.7,25104.35,58.15,29.65,ST_TRAIL
long,2025-09-12 14:05:00+05:30,2025-09-12 14:55:00+05:30,25116.7,25101.85,2.3,-14.85,ST_TRAIL
short,2025-09-15 13:45:00+05:30,2025-09-15 15:15:00+05:30,25077.25,25065.1,12.15,12.15,EOD_EXIT
long,2025-09-16 09:40:00+05:30,2025-09-16 13:15:00+05:30,25135.45,25178.8,62.9,43.35,ST_TRAIL
long,2025-09-16 14:25:00+05:30,2025-09-16 15:15:00+05:30,25199.8,25244.35,44.55,44.55,EOD_EXIT
long,2025-09-18 10:40:00+05:30,2025-09-18 12:30:00+05:30,25424.65,25398.55,7.3,-26.1,ST_TRAIL
short,2025-09-22 11:25:00+05:30,2025-09-22 12:35:00+05:30,25281.2,25299.95,9.85,-18.75,ST_TRAIL
short,2025-09-22 13:25:00+05:30,2025-09-22 15:00:00+05:30,25285.3,25211.45,106.35,73.85,ST_TRAIL
short,2025-09-23 09:40:00+05:30,2025-09-23 12:05:00+05:30,25144.95,25130.55,58.1,14.4,ST_TRAIL
short,2025-09-24 09:40:00+05:30,2025-09-24 12:10:00+05:30,25060.5,25092.55,28.6,-32.05,ST_TRAIL
long,2025-09-24 13:05:00+05:30,2025-09-24 14:05:00+05:30,25115.6,25106.4,19.35,-9.2,ST_TRAIL
short,2025-09-24 14:30:00+05:30,2025-09-24 15:15:00+05:30,25075.15,25058.4,34.05,16.75,EOD_EXIT
short,2025-09-25 10:40:00+05:30,2025-09-25 15:15:00+05:30,25008.15,24900.45,126.7,107.7,EOD_EXIT
short,2025-09-26 13:25:00+05:30,2025-09-26 15:15:00+05:30,24735.45,24652.2,105.1,83.25,EOD_EXIT
long,2025-09-29 09:40:00+05:30,2025-09-29 10:50:00+05:30,24750.8,24735.5,35.9,-15.3,ST_TRAIL
short,2025-09-29 11:30:00+05:30,2025-09-29 13:00:00+05:30,24706.75,24681.35,93.25,25.4,ST_TRAIL
long,2025-09-29 13:30:00+05:30,2025-09-29 14:40:00+05:30,24715.65,24688.75,17.85,-26.9,ST_TRAIL
short,2025-09-30 09:45:00+05:30,2025-09-30 11:00:00+05:30,24665.65,24657.9,67.5,7.75,ST_TRAIL
short,2025-09-30 13:40:00+05:30,2025-09-30 15:15:00+05:30,24637.8,24607.4,36.4,30.4,EOD_EXIT
long,2025-10-01 09:40:00+05:30,2025-10-01 12:40:00+05:30,24682.45,24760.95,123.5,78.5,ST_TRAIL
long,2025-10-01 14:10:00+05:30,2025-10-01 15:15:00+05:30,24795.2,24839.7,69.4,44.5,EOD_EXIT
long,2025-10-03 10:00:00+05:30,2025-10-03 12:30:00+05:30,24813.3,24803.05,29.0,-10.25,ST_TRAIL
long,2025-10-06 09:50:00+05:30,2025-10-06 14:25:00+05:30,24941.7,25035.0,138.8,93.3,ST_TRAIL
long,2025-10-07 09:40:00+05:30,2025-10-07 11:15:00+05:30,25146.05,25140.9,53.85,-5.15,BREAKEVEN_SL
long,2025-10-07 13:10:00+05:30,2025-10-07 14:25:00+05:30,25188.1,25153.25,24.45,-34.85,ST_TRAIL
short,2025-10-07 14:30:00+05:30,2025-10-07 15:15:00+05:30,25158.3,25101.5,67.3,56.8,EOD_EXIT
short,2025-10-08 10:25:00+05:30,2025-10-08 12:45:00+05:30,25132.15,25063.2,117.35,68.95,ST_TRAIL
long,2025-10-09 10:35:00+05:30,2025-10-09 14:10:00+05:30,25099.9,25140.25,74.8,40.35,ST_TRAIL
long,2025-10-10 09:40:00+05:30,2025-10-10 15:00:00+05:30,25268.1,25279.95,60.1,11.85,ST_TRAIL
short,2025-10-13 11:25:00+05:30,2025-10-13 13:10:00+05:30,25181.8,25210.0,10.65,-28.2,ST_TRAIL
short,2025-10-14 10:00:00+05:30,2025-10-14 13:30:00+05:30,25194.7,25129.45,128.4,65.25,ST_TRAIL
long,2025-10-15 10:25:00+05:30,2025-10-15 14:00:00+05:30,25273.65,25323.8,86.8,50.15,ST_TRAIL
long,2025-10-16 09:55:00+05:30,2025-10-16 15:15:00+05:30,25434.55,25573.6,186.45,139.05,EOD_EXIT
long,2025-10-17 09:40:00+05:30,2025-10-17 12:50:00+05:30,25618.9,25698.45,157.85,79.55,ST_TRAIL
long,2025-10-20 13:00:00+05:30,2025-10-20 13:45:00+05:30,25904.05,25854.2,0.0,-49.85,ST_TRAIL
long,2025-10-23 10:15:00+05:30,2025-10-23 12:55:00+05:30,26089.3,26057.4,4.4,-31.9,ST_TRAIL
short,2025-10-23 14:05:00+05:30,2025-10-23 15:15:00+05:30,25976.25,25900.3,110.9,75.95,EOD_EXIT
short,2025-10-24 10:25:00+05:30,2025-10-24 12:05:00+05:30,25826.95,25852.0,25.1,-25.05,ST_TRAIL
short,2025-10-24 13:00:00+05:30,2025-10-24 14:25:00+05:30,25822.9,25775.6,98.5,47.3,ST_TRAIL
long,2025-10-27 09:40:00+05:30,2025-10-27 12:45:00+05:30,25937.2,25964.7,59.9,27.5,ST_TRAIL
long,2025-10-27 14:20:00+05:30,2025-10-27 14:45:00+05:30,25976.8,25929.85,1.95,-46.95,ST_TRAIL
short,2025-10-28 10:05:00+05:30,2025-10-28 12:35:00+05:30,25907.2,25899.7,71.1,7.5,ST_TRAIL
short,2025-10-28 14:30:00+05:30,2025-10-28 15:00:00+05:30,25830.95,25920.15,13.2,-89.2,STOP_LOSS
long,2025-10-29 10:35:00+05:30,2025-10-29 14:00:00+05:30,26043.75,26046.0,50.9,2.25,ST_TRAIL
long,2025-10-29 14:20:00+05:30,2025-10-29 14:45:00+05:30,26050.35,26022.1,9.5,-28.25,ST_TRAIL
short,2025-10-30 09:40:00+05:30,2025-10-30 10:10:00+05:30,25921.55,25959.45,19.9,-37.9,ST_TRAIL
short,2025-10-31 10:05:00+05:30,2025-10-31 12:00:00+05:30,25873.95,25825.85,96.75,48.1,ST_TRAIL
short,2025-10-31 13:30:00+05:30,2025-10-31 15:15:00+05:30,25781.75,25713.35,68.4,68.4,EOD_EXIT
short,2025-11-04 11:15:00+05:30,2025-11-04 15:15:00+05:30,25685.3,25593.05,92.25,92.25,EOD_EXIT
short,2025-11-06 09:45:00+05:30,2025-11-06 11:00:00+05:30,25601.65,25572.7,77.25,28.95,ST_TRAIL
short,2025-11-06 13:50:00+05:30,2025-11-06 15:15:00+05:30,25518.95,25514.7,18.35,4.25,EOD_EXIT
long,2025-11-07 11:30:00+05:30,2025-11-07 13:55:00+05:30,25461.25,25493.9,78.7,32.65,ST_TRAIL
long,2025-11-07 14:25:00+05:30,2025-11-07 15:00:00+05:30,25533.2,25481.65,0.0,-51.55,STOP_LOSS
long,2025-11-10 10:25:00+05:30,2025-11-10 13:40:00+05:30,25615.6,25607.55,34.2,-8.05,ST_TRAIL
long,2025-11-10 14:25:00+05:30,2025-11-10 14:40:00+05:30,25636.8,25602.75,0.0,-34.05,ST_TRAIL
short,2025-11-11 10:35:00+05:30,2025-11-11 11:45:00+05:30,25457.45,25504.15,0.8,-46.7,ST_TRAIL
long,2025-11-11 13:20:00+05:30,2025-11-11 15:15:00+05:30,25615.25,25700.85,85.6,85.6,EOD_EXIT
long,2025-11-12 09:55:00+05:30,2025-11-12 14:05:00+05:30,25856.85,25884.65,71.3,27.8,ST_TRAIL
long,2025-11-13 10:30:00+05:30,2025-11-13 12:35:00+05:30,25925.1,25949.85,60.5,24.75,ST_TRAIL
long,2025-11-13 13:05:00+05:30,2025-11-13 13:55:00+05:30,25980.05,25929.15,18.55,-50.9,STOP_LOSS
short,2025-11-13 14:00:00+05:30,2025-11-13 15:15:00+05:30,25907.65,25872.75,34.9,34.9,EOD_EXIT
short,2025-11-14 09:55:00+05:30,2025-11-14 10:50:00+05:30,25810.7,25837.4,41.85,-26.7,BREAKEVEN_SL
short,2025-11-14 13:05:00+05:30,2025-11-14 14:35:00+05:30,25788.5,25794.25,43.25,-5.75,BREAKEVEN_SL
short,2025-11-18 09:50:00+05:30,2025-11-18 10:55:00+05:30,25916.45,25921.9,32.45,-5.45,ST_TRAIL
long,2025-11-18 13:20:00+05:30,2025-11-18 14:40:00+05:30,25971.8,25955.05,16.9,-16.75,ST_TRAIL
long,2025-11-19 10:10:00+05:30,2025-11-19 11:10:00+05:30,25952.1,25927.0,24.95,-25.1,ST_TRAIL
long,2025-11-19 14:15:00+05:30,2025-11-19 15:15:00+05:30,26044.65,26053.15,16.85,8.5,EOD_EXIT
long,2025-11-20 10:35:00+05:30,2025-11-20 14:25:00+05:30,26119.6,26200.55,118.35,80.95,ST_TRAIL
short,2025-11-21 09:55:00+05:30,2025-11-21 11:10:00+05:30,26119.4,26106.7,52.1,12.7,ST_TRAIL
long,2025-11-21 14:10:00+05:30,2025-11-21 14:45:00+05:30,26147.15,26106.6,3.45,-40.55,ST_TRAIL
long,2025-11-24 11:30:00+05:30,2025-11-24 11:50:00+05:30,26122.2,26069.85,0.0,-52.35,STOP_LOSS
long,2025-11-25 10:05:00+05:30,2025-11-25 10:50:00+05:30,26005.15,25975.25,13.45,-29.9,ST_TRAIL
long,2025-11-25 14:05:00+05:30,2025-11-25 14:25:00+05:30,26013.6,25973.65,6.65,-39.95,ST_TRAIL
long,2025-11-26 09:40:00+05:30,2025-11-26 13:25:00+05:30,26024.1,26154.3,164.15,130.2,ST_TRAIL
long,2025-11-26 14:05:00+05:30,2025-11-26 15:15:00+05:30,26201.95,26205.15,13.2,3.2,EOD_EXIT
short,2025-11-27 13:10:00+05:30,2025-11-27 14:15:00+05:30,26177.25,26188.05,29.2,-10.8,ST_TRAIL
long,2025-11-28 10:00:00+05:30,2025-11-28 12:15:00+05:30,26257.15,26227.85,17.35,-29.3,ST_TRAIL
short,2025-12-02 09:45:00+05:30,2025-12-02 10:55:00+05:30,26070.85,26098.2,12.15,-27.35,ST_TRAIL
short,2025-12-02 13:00:00+05:30,2025-12-02 13:55:00+05:30,26043.3,26059.45,8.3,-16.15,ST_TRAIL
long,2025-12-04 09:40:00+05:30,2025-12-04 11:35:00+05:30,26028.15,26034.75,64.55,6.6,ST_TRAIL
long,2025-12-05 11:10:00+05:30,2025-12-05 13:55:00+05:30,26143.5,26163.55,51.25,20.05,ST_TRAIL
short,2025-12-08 09:55:00+05:30,2025-12-08 14:50:00+05:30,26085.8,25950.5,173.3,135.3,ST_TRAIL
short,2025-12-09 09:40:00+05:30,2025-12-09 10:15:00+05:30,25760.1,25831.7,28.55,-71.6,STOP_LOSS
long,2025-12-09 11:10:00+05:30,2025-12-09 12:55:00+05:30,25865.0,25863.85,56.55,-1.15,BREAKEVEN_SL
long,2025-12-10 10:15:00+05:30,2025-12-10 10:45:00+05:30,25928.7,25890.95,4.65,-37.75,ST_TRAIL
short,2025-12-10 10:50:00+05:30,2025-12-10 13:15:00+05:30,25859.4,25826.95,87.85,32.45,ST_TRAIL
short,2025-12-10 14:00:00+05:30,2025-12-10 14:30:00+05:30,25764.1,25786.85,25.05,-22.75,ST_TRAIL
short,2025-12-11 09:40:00+05:30,2025-12-11 10:05:00+05:30,25712.25,25771.55,0.0,-59.3,STOP_LOSS
long,2025-12-11 10:35:00+05:30,2025-12-11 11:00:00+05:30,25830.15,25765.3,2.65,-64.85,STOP_LOSS
long,2025-12-11 13:50:00+05:30,2025-12-11 14:45:00+05:30,25890.9,25855.3,25.6,-35.6,ST_TRAIL
long,2025-12-12 09:40:00+05:30,2025-12-12 10:05:00+05:30,26024.85,25980.1,0.0,-44.75,ST_TRAIL
long,2025-12-12 11:25:00+05:30,2025-12-12 14:35:00+05:30,26013.0,26022.95,40.85,9.95,ST_TRAIL
short,2025-12-16 10:10:00+05:30,2025-12-16 12:25:00+05:30,25892.85,25906.15,17.75,-13.3,ST_TRAIL
short,2025-12-16 14:10:00+05:30,2025-12-16 15:15:00+05:30,25883.25,25840.85,42.4,42.4,EOD_EXIT
short,2025-12-17 09:50:00+05:30,2025-12-17 14:15:00+05:30,25865.25,25827.65,82.05,37.6,ST_TRAIL
short,2025-12-18 09:40:00+05:30,2025-12-18 10:10:00+05:30,25745.1,25791.15,4.35,-46.05,ST_TRAIL
long,2025-12-18 10:15:00+05:30,2025-12-18 13:30:00+05:30,25823.4,25848.5,70.45,25.1,ST_TRAIL
short,2025-12-18 14:10:00+05:30,2025-12-18 15:00:00+05:30,25805.25,25823.65,23.95,-18.4,ST_TRAIL
long,2025-12-19 09:40:00+05:30,2025-12-19 11:25:00+05:30,25956.4,25931.55,18.45,-24.85,ST_TRAIL
long,2025-12-19 13:40:00+05:30,2025-12-19 15:15:00+05:30,25977.65,25970.35,11.4,-7.3,EOD_EXIT
long,2025-12-22 10:05:00+05:30,2025-12-22 12:40:00+05:30,26127.95,26121.85,21.2,-6.1,ST_TRAIL
long,2025-12-22 13:15:00+05:30,2025-12-22 14:05:00+05:30,26143.7,26131.0,12.5,-12.7,ST_TRAIL
long,2025-12-23 10:00:00+05:30,2025-12-23 11:45:00+05:30,26181.65,26161.65,13.65,-20.0,ST_TRAIL
long,2025-12-23 13:10:00+05:30,2025-12-23 14:40:00+05:30,26186.65,26167.2,35.35,-19.45,ST_TRAIL
short,2025-12-24 13:15:00+05:30,2025-12-24 15:15:00+05:30,26176.7,26139.65,40.15,37.05,EOD_EXIT
short,2025-12-26 09:45:00+05:30,2025-12-26 15:05:00+05:30,26091.85,26046.0,80.75,45.85,ST_TRAIL
short,2025-12-29 10:40:00+05:30,2025-12-29 15:15:00+05:30,26003.4,25941.15,76.1,62.25,EOD_EXIT
short,2025-12-30 10:55:00+05:30,2025-12-30 13:35:00+05:30,25927.45,25918.3,42.65,9.15,ST_TRAIL
long,2025-12-31 10:30:00+05:30,2025-12-31 15:00:00+05:30,26030.95,26134.25,153.05,103.3,ST_TRAIL
short,2026-01-01 10:20:00+05:30,2026-01-01 10:45:00+05:30,26136.35,26182.25,0.0,-45.9,ST_TRAIL
long,2026-01-02 09:50:00+05:30,2026-01-02 14:30:00+05:30,26268.0,26285.65,45.65,17.65,ST_TRAIL
long,2026-01-05 10:20:00+05:30,2026-01-05 13:10:00+05:30,26367.7,26308.75,0.0,-58.95,STOP_LOSS
short,2026-01-05 14:00:00+05:30,2026-01-05 14:40:00+05:30,26223.95,26257.15,5.0,-33.2,ST_TRAIL
short,2026-01-06 10:40:00+05:30,2026-01-06 11:40:00+05:30,26212.1,26193.6,57.25,18.5,ST_TRAIL
short,2026-01-08 10:20:00+05:30,2026-01-08 14:15:00+05:30,26034.8,25935.7,141.3,99.1,ST_TRAIL
short,2026-01-09 09:35:00+05:30,2026-01-09 09:45:00+05:30,25830.1,25887.7,0.0,-57.6,STOP_LOSS
short,2026-01-09 11:05:00+05:30,2026-01-09 15:05:00+05:30,25817.1,25688.75,165.2,128.35,ST_TRAIL
short,2026-01-12 11:05:00+05:30,2026-01-12 12:10:00+05:30,25541.4,25578.3,66.4,-36.9,BREAKEVEN_SL
long,2026-01-12 13:40:00+05:30,2026-01-12 15:15:00+05:30,25730.45,25785.7,80.0,55.25,EOD_EXIT
short,2026-01-13 13:00:00+05:30,2026-01-13 14:35:00+05:30,25641.65,25662.2,29.05,-20.55,ST_TRAIL
long,2026-01-14 11:20:00+05:30,2026-01-14 13:20:00+05:30,25737.5,25717.15,49.45,-20.35,BREAKEVEN_SL
short,2026-01-14 13:35:00+05:30,2026-01-14 14:40:00+05:30,25671.2,25676.65,60.75,-5.45,BREAKEVEN_SL
long,2026-01-16 09:55:00+05:30,2026-01-16 11:15:00+05:30,25739.25,25806.6,126.35,67.35,ST_TRAIL
short,2026-01-16 13:10:00+05:30,2026-01-16 15:15:00+05:30,25717.05,25694.05,44.55,23.0,EOD_EXIT
short,2026-01-19 10:05:00+05:30,2026-01-19 13:05:00+05:30,25532.05,25556.25,28.25,-24.2,ST_TRAIL
long,2026-01-19 14:00:00+05:30,2026-01-19 15:15:00+05:30,25617.6,25571.7,11.35,-45.9,EOD_EXIT
short,2026-01-20 09:40:00+05:30,2026-01-20 15:15:00+05:30,25467.5,25200.05,267.45,267.45,EOD_EXIT
short,2026-01-21 10:10:00+05:30,2026-01-21 11:10:00+05:30,25153.25,25054.75,183.8,98.5,ST_TRAIL
short,2026-01-22 10:55:00+05:30,2026-01-22 12:30:00+05:30,25221.7,25264.55,33.5,-42.85,ST_TRAIL
short,2026-01-22 13:15:00+05:30,2026-01-22 14:25:00+05:30,25201.1,25205.95,22.75,-4.85,END_OF_DATA
