direction,entry_tier,entry_time,exit_time,entry_price,exit_price,sl_at_entry,sl_at_exit,be_triggered,pnl,mfe_pts,mae_pts,peak_profit_pts,exit_reason,holding_mins,holding_time,opt_dS,opt_delta_entry,opt_delta_exit,opt_gamma,opt_theta_daily,opt_vega,opt_vix_entry,opt_vix_exit,opt_vix_chg,opt_delta_effect,opt_gamma_effect,opt_gamma_pnl,opt_theta_effect,opt_vega_effect,opt_change,opt_pnl_per_lot,opt_gross_pnl,opt_slippage,opt_pnl_total,opt_breakeven_dS
long,A,2024-12-06 09:45:00+05:30,2024-12-06 10:05:00+05:30,24722.95,24643.3,24672.208504338436,24672.208504338436,False,-79.65,28.1,97.7,4.0,STOP_LOSS,20,0H:20M,-79.65,0.2,0.13628,0.0008,-10.0,6.0,,,0.0,-13.6461,0.0,190.3237,-0.5333,0.0,-14.1794,-14.1794,-1063.46,50.0,-1113.46,2.6526
long,C,2024-12-06 11:05:00+05:30,2024-12-06 11:15:00+05:30,24738.0,24696.75,24698.238069216957,24698.238069216957,False,-41.25,2.05,47.45,0.0,STOP_LOSS,10,0H:10M,-41.25,0.2,0.167,0.0008,-10.0,6.0,,,0.0,-7.6374,0.0,51.0469,-0.2667,0.0,-7.9041,-7.9041,-592.81,50.0,-642.81,1.3298
long,C,2024-12-10 09:55:00+05:30,2024-12-10 10:35:00+05:30,24668.95,24616.05,24640.54674563171,24640.54674563171,False,-52.9,8.85,52.9,0.0,STOP_LOSS,40,0H:40M,-52.9,0.2,0.15768,0.0008,-10.0,6.0,,,0.0,-9.5726,0.0,83.9523,-1.0667,0.0,-10.6392,-10.6392,-797.94,50.0,-847.94,5.2776
short,C,2024-12-10 12:30:00+05:30,2024-12-10 15:05:00+05:30,24576.6,24620.3,24590.38627705859,24590.38627705859,False,-43.7,65.95,43.7,61.4,STOP_LOSS,155,2H:35M,43.7,-0.2,-0.16504,0.0008,-10.0,6.0,,,0.0,-8.0525,0.0,57.2907,-4.1333,0.0,-12.1858,-12.1858,-913.94,50.0,-963.94,-19.8765
long,A,2024-12-11 09:45:00+05:30,2024-12-11 10:55:00+05:30,24607.75,24654.85,24582.389765173637,24658.054117932144,True,47.1,69.25,23.9,64.0,TRAIL_SL,70,1H:10M,47.1,0.2,0.23768,0.0008,-10.0,6.0,,,0.0,10.2186,0.0,66.5523,-1.8667,0.0,8.352,8.352,626.4,50.0,576.4,9.1653
long,A,2024-12-11 10:55:00+05:30,2024-12-11 14:45:00+05:30,24654.85,24628.95,24630.223474938062,24630.223474938062,False,-25.9,36.9,30.1,31.95,STOP_LOSS,230,3H:50M,-25.9,0.2,0.17928,0.0008,-10.0,6.0,,,0.0,-4.9385,0.0,20.1243,-6.1333,0.0,-11.0718,-11.0718,-830.39,50.0,-880.39,28.9863
short,C,2024-12-12 12:15:00+05:30,2024-12-12 12:30:00+05:30,24559.5,24580.8,24571.37760253708,24571.37760253708,False,-21.3,6.05,24.15,2.3,STOP_LOSS,15,0H:15M,21.3,-0.2,-0.18296,0.0008,-10.0,6.0,,,0.0,-4.0967,0.0,13.6107,-0.4,0.0,-4.4967,-4.4967,-337.25,50.0,-387.25,-1.9921
short,C,2024-12-13 09:30:00+05:30,2024-12-13 10:55:00+05:30,24391.85,24260.0,24414.10787990644,24233.61829867066,True,131.85,211.05,17.05,181.6,TRAIL_SL,85,1H:25M,-131.85,-0.2,-0.30548,0.0008,-10.0,6.0,,,0.0,32.6284,0.0,521.5327,-2.2667,0.0,30.3617,30.3617,2277.13,50.0,2227.13,-11.0875
short,B,2024-12-13 10:55:00+05:30,2024-12-13 11:15:00+05:30,24260.0,24317.25,24290.41087756103,24290.41087756103,False,-57.25,23.4,83.0,7.65,STOP_LOSS,20,0H:20M,57.25,-0.2,-0.1542,0.0008,-10.0,6.0,,,0.0,-10.2701,0.0,98.3269,-0.5333,0.0,-10.8034,-10.8034,-810.26,50.0,-860.26,-2.6526
short,B,2024-12-13 11:25:00+05:30,2024-12-13 11:30:00+05:30,24299.2,24355.15,24332.945175983274,24332.945175983274,False,-55.95,5.7,60.65,0.0,STOP_LOSS,5,0H:05M,55.95,-0.2,-0.15524,0.0008,-10.0,6.0,,,0.0,-10.0631,0.0,93.9121,-0.1333,0.0,-10.1964,-10.1964,-764.73,50.0,-814.73,-0.6658
long,C,2024-12-13 11:55:00+05:30,2024-12-13 13:15:00+05:30,24545.3,24608.35,24477.90794790907,24637.339857217456,True,63.05,142.9,47.4,122.65,TRAIL_SL,80,1H:20M,63.05,0.2,0.25044,0.0008,-10.0,6.0,,,0.0,14.0411,0.0,119.2591,-2.1333,0.0,11.9078,11.9078,893.08,50.0,843.08,10.4483
short,C,2024-12-17 09:30:00+05:30,2024-12-17 10:40:00+05:30,24589.7,24449.15,24609.3233486534,24428.707482474674,True,140.55,205.95,0.0,177.7,TRAIL_SL,70,1H:10M,-140.55,-0.2,-0.31244,0.0008,-10.0,6.0,,,0.0,35.2215,0.0,592.6291,-1.8667,0.0,33.3549,33.3549,2501.62,50.0,2451.62,-9.1653
short,B,2024-12-17 10:40:00+05:30,2024-12-17 10:55:00+05:30,24449.15,24485.65,24473.934772680896,24473.934772680896,False,-36.5,15.4,44.0,2.9,STOP_LOSS,15,0H:15M,36.5,-0.2,-0.1708,0.0008,-10.0,6.0,,,0.0,-6.8204,0.0,39.9675,-0.4,0.0,-7.2204,-7.2204,-541.53,50.0,-591.53,-1.9921
short,B,2024-12-17 11:10:00+05:30,2024-12-17 12:00:00+05:30,24467.85,24402.65,24491.707461637452,24401.538771513297,True,65.2,101.45,20.25,84.05,TRAIL_SL,50,0H:50M,-65.2,-0.2,-0.25216,0.0008,-10.0,6.0,,,0.0,14.5704,0.0,127.5312,-1.3333,0.0,13.237,13.237,992.78,50.0,942.78,-6.5801
short,B,2024-12-17 12:00:00+05:30,2024-12-17 12:25:00+05:30,24402.65,24427.8,24425.732002472738,24425.732002472738,False,-25.15,43.4,29.05,38.4,STOP_LOSS,25,0H:25M,25.15,-0.2,-0.17988,0.0008,-10.0,6.0,,,0.0,-4.8023,0.0,18.9757,-0.6667,0.0,-5.469,-5.469,-410.17,50.0,-460.17,-3.3114
short,B,2024-12-18 09:30:00+05:30,2024-12-18 09:35:00+05:30,24313.0,24348.9,24336.835893310385,24336.835893310385,False,-35.9,11.9,40.8,0.0,STOP_LOSS,5,0H:05M,35.9,-0.2,-0.17128,0.0008,-10.0,6.0,,,0.0,-6.716,0.0,38.6643,-0.1333,0.0,-6.8494,-6.8494,-513.7,50.0,-563.7,-0.6658
short,B,2024-12-18 10:20:00+05:30,2024-12-18 10:40:00+05:30,24272.05,24301.1,24300.908008997078,24300.908008997078,False,-29.05,17.1,33.85,14.6,STOP_LOSS,20,0H:20M,29.05,-0.2,-0.17676,0.0008,-10.0,6.0,,,0.0,-5.5062,0.0,25.3171,-0.5333,0.0,-6.0395,-6.0395,-452.96,50.0,-502.96,-2.6526
short,B,2024-12-18 11:15:00+05:30,2024-12-18 11:25:00+05:30,24224.65,24246.4,24246.3151395119,24246.3151395119,False,-21.75,15.85,31.65,4.05,STOP_LOSS,10,0H:10M,21.75,-0.2,-0.1826,0.0008,-10.0,6.0,,,0.0,-4.1797,0.0,14.1919,-0.2667,0.0,-4.4464,-4.4464,-333.48,50.0,-383.48,-1.3298
short,C,2024-12-19 09:30:00+05:30,2024-12-19 09:40:00+05:30,23906.7,23985.1,23947.690793799993,23947.690793799993,False,-78.4,4.85,92.9,0.0,STOP_LOSS,10,0H:10M,78.4,-0.2,-0.13728,0.0008,-10.0,6.0,,,0.0,-13.4672,0.0,184.3968,-0.2667,0.0,-13.7339,-13.7339,-1030.04,50.0,-1080.04,-1.3298
short,B,2024-12-19 10:00:00+05:30,2024-12-19 15:10:00+05:30,23965.7,23945.55,24001.329358282004,24001.329358282004,False,20.15,48.3,39.2,41.7,SOFT_EOD_EXIT,310,5H:10M,-20.15,-0.2,-0.21612,0.0008,-10.0,6.0,,,0.0,4.1762,0.0,12.1807,-8.2667,0.0,-4.0905,-4.0905,-306.79,50.0,-356.79,-38.3863
long,C,2024-12-20 09:40:00+05:30,2024-12-20 09:45:00+05:30,24045.95,23862.65,23997.22006385611,23997.22006385611,False,-183.3,5.9,191.45,0.0,STOP_LOSS,5,0H:05M,-183.3,0.2,0.05336,0.0008,-10.0,6.0,,,0.0,-24.5644,0.0,1007.9667,-0.1333,0.0,-24.6977,-24.6977,-1852.33,50.0,-1902.33,0.6658
short,C,2024-12-20 09:50:00+05:30,2024-12-20 10:15:00+05:30,23873.55,23944.9,23920.324664467546,23920.324664467546,False,-71.35,66.25,87.25,58.2,STOP_LOSS,25,0H:25M,71.35,-0.2,-0.14292,0.0008,-10.0,6.0,,,0.0,-12.4373,0.0,152.7247,-0.6667,0.0,-13.104,-13.104,-982.8,50.0,-1032.8,-3.3114
short,B,2024-12-20 10:20:00+05:30,2024-12-20 10:35:00+05:30,23881.4,23944.6,23930.402589949976,23930.402589949976,False,-63.2,13.3,69.4,0.0,STOP_LOSS,15,0H:15M,63.2,-0.2,-0.14944,0.0008,-10.0,6.0,,,0.0,-11.2021,0.0,119.8272,-0.4,0.0,-11.6021,-11.6021,-870.16,50.0,-920.16,-1.9921
long,C,2024-12-23 10:00:00+05:30,2024-12-23 11:35:00+05:30,23782.5,23843.8,23720.49775513312,23846.918473919577,True,61.3,87.05,54.75,80.25,TRAIL_SL,95,1H:35M,61.3,0.2,0.24904,0.0008,-10.0,6.0,,,0.0,13.6128,0.0,112.7307,-2.5333,0.0,11.0794,11.0794,830.96,50.0,780.96,12.3611
long,A,2024-12-23 11:35:00+05:30,2024-12-23 11:55:00+05:30,23843.8,23808.0,23814.167396376964,23814.167396376964,False,-35.8,17.1,38.35,13.35,STOP_LOSS,20,0H:20M,-35.8,0.2,0.17136,0.0008,-10.0,6.0,,,0.0,-6.6986,0.0,38.4492,-0.5333,0.0,-7.2319,-7.2319,-542.4,50.0,-592.4,2.6526
short,C,2024-12-23 13:15:00+05:30,2024-12-23 13:40:00+05:30,23682.35,23704.9,23704.64191726965,23704.64191726965,False,-22.55,35.15,24.8,33.55,STOP_LOSS,25,0H:25M,22.55,-0.2,-0.18196,0.0008,-10.0,6.0,,,0.0,-4.3269,0.0,15.2551,-0.6667,0.0,-4.9936,-4.9936,-374.52,50.0,-424.52,-3.3114
long,C,2024-12-24 10:15:00+05:30,2024-12-24 12:00:00+05:30,23835.3,23799.45,23803.307683683266,23803.307683683266,False,-35.85,32.35,38.25,29.15,STOP_LOSS,105,1H:45M,-35.85,0.2,0.17132,0.0008,-10.0,6.0,,,0.0,-6.7073,0.0,38.5567,-2.8,0.0,-9.5073,-9.5073,-713.05,50.0,-763.05,13.6285
long,C,2024-12-26 09:30:00+05:30,2024-12-26 10:00:00+05:30,23816.25,23775.15,23776.377852763402,23776.377852763402,False,-41.1,22.85,51.9,7.15,STOP_LOSS,30,0H:30M,-41.1,0.2,0.16712,0.0008,-10.0,6.0,,,0.0,-7.6119,0.0,50.6763,-0.8,0.0,-8.4119,-8.4119,-630.89,50.0,-680.89,3.9685
long,C,2024-12-27 09:30:00+05:30,2024-12-27 10:40:00+05:30,23840.2,23913.35,23806.3286617242,23915.9357113602,True,73.15,98.65,15.1,88.3,TRAIL_SL,70,1H:10M,73.15,0.2,0.25852,0.0008,-10.0,6.0,,,0.0,16.5563,0.0,160.5277,-1.8667,0.0,14.6897,14.6897,1101.72,50.0,1051.72,9.1653
long,A,2024-12-27 10:40:00+05:30,2024-12-27 11:00:00+05:30,23913.35,23887.75,23889.035899691007,23889.035899691007,False,-25.6,1.35,28.85,0.0,STOP_LOSS,20,0H:20M,-25.6,0.2,0.17952,0.0008,-10.0,6.0,,,0.0,-4.8841,0.0,19.6608,-0.5333,0.0,-5.4174,-5.4174,-406.31,50.0,-456.31,2.6526
long,A,2024-12-27 11:10:00+05:30,2024-12-27 11:20:00+05:30,23903.55,23863.75,23882.468872209527,23882.468872209527,False,-39.8,3.55,40.7,0.0,STOP_LOSS,10,0H:10M,-39.8,0.2,0.16816,0.0008,-10.0,6.0,,,0.0,-7.3897,0.0,47.5212,-0.2667,0.0,-7.6564,-7.6564,-574.23,50.0,-624.23,1.3298
short,C,2024-12-30 09:30:00+05:30,2024-12-30 09:50:00+05:30,23752.1,23777.65,23770.762286069203,23770.762286069203,False,-25.55,43.0,26.3,27.05,STOP_LOSS,20,0H:20M,25.55,-0.2,-0.17956,0.0008,-10.0,6.0,,,0.0,-4.875,0.0,19.5841,-0.5333,0.0,-5.4083,-5.4083,-405.62,50.0,-455.62,-2.6526
short,B,2024-12-30 10:00:00+05:30,2024-12-30 10:25:00+05:30,23760.65,23789.95,23785.33135124143,23785.33135124143,False,-29.3,14.1,35.65,0.0,STOP_LOSS,25,0H:25M,29.3,-0.2,-0.17656,0.0008,-10.0,6.0,,,0.0,-5.5509,0.0,25.7547,-0.6667,0.0,-6.2176,-6.2176,-466.32,50.0,-516.32,-3.3114
long,C,2024-12-30 11:35:00+05:30,2024-12-30 12:25:00+05:30,23853.8,23794.45,23822.671477060747,23822.671477060747,False,-59.35,61.55,63.1,43.4,STOP_LOSS,50,0H:50M,-59.35,0.2,0.15252,0.0008,-10.0,6.0,,,0.0,-10.6019,0.0,105.6727,-1.3333,0.0,-11.9353,-11.9353,-895.14,50.0,-945.14,6.5801
short,C,2024-12-31 09:30:00+05:30,2024-12-31 09:35:00+05:30,23547.05,23580.7,23576.48547490591,23576.48547490591,False,-33.65,4.45,37.05,0.0,STOP_LOSS,5,0H:05M,33.65,-0.2,-0.17308,0.0008,-10.0,6.0,,,0.0,-6.3224,0.0,33.9697,-0.1333,0.0,-6.4557,-6.4557,-484.18,50.0,-534.18,-0.6658
short,B,2024-12-31 10:15:00+05:30,2024-12-31 10:50:00+05:30,23521.8,23586.0,23551.642553180114,23551.642553180114,False,-64.2,23.1,70.25,14.25,STOP_LOSS,35,0H:35M,64.2,-0.2,-0.14864,0.0008,-10.0,6.0,,,0.0,-11.3562,0.0,123.6492,-0.9333,0.0,-12.2895,-12.2895,-921.72,50.0,-971.72,-4.6239
short,C,2025-01-01 09:45:00+05:30,2025-01-01 10:05:00+05:30,23570.65,23597.2,23594.776668406797,23594.776668406797,False,-26.55,7.85,36.0,1.95,STOP_LOSS,20,0H:20M,26.55,-0.2,-0.17876,0.0008,-10.0,6.0,,,0.0,-5.0562,0.0,21.1471,-0.5333,0.0,-5.5896,-5.5896,-419.22,50.0,-469.22,-2.6526
long,C,2025-01-01 10:45:00+05:30,2025-01-01 11:25:00+05:30,23710.85,23742.9,23672.9622703229,23753.051552918518,True,32.05,68.0,0.0,58.95,TRAIL_SL,40,0H:40M,32.05,0.2,0.22564,0.0008,-10.0,6.0,,,0.0,6.7798,0.0,30.8161,-1.0667,0.0,5.7131,5.7131,428.48,50.0,378.48,5.2776
long,A,2025-01-01 11:25:00+05:30,2025-01-01 11:35:00+05:30,23742.9,23699.15,23707.958777273154,23707.958777273154,False,-43.75,6.2,49.15,0.0,STOP_LOSS,10,0H:10M,-43.75,0.2,0.165,0.0008,-10.0,6.0,,,0.0,-8.0609,0.0,57.4219,-0.2667,0.0,-8.3276,-8.3276,-624.57,50.0,-674.57,1.3298
long,A,2025-01-01 11:40:00+05:30,2025-01-01 11:50:00+05:30,23724.45,23688.25,23689.542638124185,23689.542638124185,False,-36.2,11.5,36.2,0.0,STOP_LOSS,10,0H:10M,-36.2,0.2,0.17104,0.0008,-10.0,6.0,,,0.0,-6.7682,0.0,39.3132,-0.2667,0.0,-7.0349,-7.0349,-527.62,50.0,-577.62,1.3298
long,C,2025-01-02 09:35:00+05:30,2025-01-02 11:45:00+05:30,23815.05,23936.5,23779.61208318619,23951.415647646343,True,121.45,159.1,23.25,152.15,TRAIL_SL,130,2H:10M,121.45,0.2,0.29716,0.0008,-10.0,6.0,,,0.0,29.6,0.0,442.5031,-3.4667,0.0,26.1334,26.1334,1960.0,50.0,1910.0,16.7708
long,A,2025-01-02 11:45:00+05:30,2025-01-02 13:25:00+05:30,23936.5,24099.85,23910.2216763428,24102.07693860599,True,163.35,193.25,20.25,181.2,TRAIL_SL,100,1H:40M,163.35,0.2,0.33068,0.0008,-10.0,6.0,,,0.0,42.276,0.0,800.4967,-2.6667,0.0,39.6093,39.6093,2970.7,50.0,2920.7,12.9956
long,C,2025-01-02 13:25:00+05:30,2025-01-02 15:00:00+05:30,24099.85,24186.25,24067.15402691705,24198.763710202908,True,86.4,126.85,15.75,111.5,TRAIL_SL,95,1H:35M,86.4,0.2,0.26912,0.0008,-10.0,6.0,,,0.0,19.9674,0.0,223.9488,-2.5333,0.0,17.4341,17.4341,1307.55,50.0,1257.55,12.3611
short,C,2025-01-03 09:45:00+05:30,2025-01-03 10:00:00+05:30,24076.25,24101.75,24098.618102120563,24098.618102120563,False,-25.5,24.75,33.05,18.1,STOP_LOSS,15,0H:15M,25.5,-0.2,-0.1796,0.0008,-10.0,6.0,,,0.0,-4.8659,0.0,19.5075,-0.4,0.0,-5.2659,-5.2659,-394.94,50.0,-444.94,-1.9921
short,B,2025-01-03 10:20:00+05:30,2025-01-03 11:20:00+05:30,24066.95,24132.55,24091.76381958406,24091.76381958406,False,-65.6,66.7,69.95,60.6,STOP_LOSS,60,1H:00M,65.6,-0.2,-0.14752,0.0008,-10.0,6.0,,,0.0,-11.5708,0.0,129.1008,-1.6,0.0,-13.1708,-13.1708,-987.81,50.0,-1037.81,-7.8759
short,C,2025-01-06 09:40:00+05:30,2025-01-06 10:00:00+05:30,23947.75,23997.35,23981.914358238046,23981.914358238046,False,-49.6,36.3,70.15,18.85,STOP_LOSS,20,0H:20M,49.6,-0.2,-0.16032,0.0008,-10.0,6.0,,,0.0,-9.0343,0.0,73.8048,-0.5333,0.0,-9.5677,-9.5677,-717.58,50.0,-767.58,-2.6526
short,B,2025-01-06 10:20:00+05:30,2025-01-06 11:25:00+05:30,23975.55,23782.35,24009.178547375835,23768.96532853227,True,193.2,258.75,10.95,230.45,TRAIL_SL,65,1H:05M,-193.2,-0.2,-0.35456,0.0008,-10.0,6.0,,,0.0,52.0774,0.0,1119.7872,-1.7333,0.0,50.3441,50.3441,3775.81,50.0,3725.81,-8.5214
short,C,2025-01-06 11:25:00+05:30,2025-01-06 12:00:00+05:30,23782.35,23666.6,23813.67957288348,23634.024684675172,True,115.75,180.85,18.0,174.2,TRAIL_SL,35,0H:35M,-115.75,-0.2,-0.2926,0.0008,-10.0,6.0,,,0.0,27.9733,0.0,401.9419,-0.9333,0.0,27.04,27.04,2028.0,50.0,1978.0,-4.6239
short,B,2025-01-06 12:05:00+05:30,2025-01-06 12:10:00+05:30,23683.45,23719.8,23719.302787278357,23719.302787278357,False,-36.35,0.3,44.15,0.0,STOP_LOSS,5,0H:05M,36.35,-0.2,-0.17092,0.0008,-10.0,6.0,,,0.0,-6.7943,0.0,39.6397,-0.1333,0.0,-6.9277,-6.9277,-519.57,50.0,-569.57,-0.6658
long,C,2025-01-07 09:30:00+05:30,2025-01-07 09:45:00+05:30,23775.95,23675.65,23719.70882582625,23719.70882582625,False,-100.3,19.25,106.25,7.55,STOP_LOSS,15,0H:15M,-100.3,0.2,0.11976,0.0008,-10.0,6.0,,,0.0,-16.4384,0.0,301.8027,-0.4,0.0,-16.8384,-16.8384,-1262.88,50.0,-1312.88,1.9921
short,C,2025-01-08 10:40:00+05:30,2025-01-08 10:45:00+05:30,23553.65,23579.75,23579.431872001,23579.431872001,False,-26.1,2.2,28.05,0.0,STOP_LOSS,5,0H:05M,26.1,-0.2,-0.17912,0.0008,-10.0,6.0,,,0.0,-4.9748,0.0,20.4363,-0.1333,0.0,-5.1081,-5.1081,-383.11,50.0,-433.11,-0.6658
short,B,2025-01-08 11:10:00+05:30,2025-01-08 11:30:00+05:30,23573.0,23594.0,23592.03938063638,23592.03938063638,False,-21.0,37.65,26.1,26.2,STOP_LOSS,20,0H:20M,21.0,-0.2,-0.1832,0.0008,-10.0,6.0,,,0.0,-4.0412,0.0,13.23,-0.5333,0.0,-4.5746,-4.5746,-343.09,50.0,-393.09,-2.6526
short,B,2025-01-08 11:40:00+05:30,2025-01-08 13:40:00+05:30,23572.0,23629.5,23592.28614671145,23592.28614671145,False,-57.5,75.85,64.75,61.85,STOP_LOSS,120,2H:00M,57.5,-0.2,-0.154,0.0008,-10.0,6.0,,,0.0,-10.3098,0.0,99.1875,-3.2,0.0,-13.5098,-13.5098,-1013.23,50.0,-1063.23,-15.5184
short,C,2025-01-09 10:45:00+05:30,2025-01-09 12:15:00+05:30,23554.4,23606.55,23576.30198920568,23576.30198920568,False,-52.15,17.15,62.3,12.4,STOP_LOSS,90,1H:30M,52.15,-0.2,-0.15828,0.0008,-10.0,6.0,,,0.0,-9.4509,0.0,81.5887,-2.4,0.0,-11.8509,-11.8509,-888.82,50.0,-938.82,-11.725
short,C,2025-01-10 09:35:00+05:30,2025-01-10 09:40:00+05:30,23439.6,23475.1,23464.016098072858,23464.016098072858,False,-35.5,7.3,52.0,0.0,STOP_LOSS,5,0H:05M,35.5,-0.2,-0.1716,0.0008,-10.0,6.0,,,0.0,-6.6463,0.0,37.8075,-0.1333,0.0,-6.7796,-6.7796,-508.47,50.0,-558.47,-0.6658
short,B,2025-01-10 10:15:00+05:30,2025-01-10 10:45:00+05:30,23420.2,23454.3,23449.842840592646,23449.842840592646,False,-34.1,30.15,46.85,26.35,STOP_LOSS,30,0H:30M,34.1,-0.2,-0.17272,0.0008,-10.0,6.0,,,0.0,-6.4014,0.0,34.8843,-0.8,0.0,-7.2014,-7.2014,-540.1,50.0,-590.1,-3.9685
long,C,2025-01-10 11:05:00+05:30,2025-01-10 11:20:00+05:30,23531.1,23542.95,23487.767504774798,23558.84210734876,True,11.85,59.45,9.25,49.15,TRAIL_SL,15,0H:15M,11.85,0.2,0.20948,0.0008,-10.0,6.0,,,0.0,2.4206,0.0,4.2127,-0.4,0.0,2.0206,2.0206,151.54,50.0,101.54,1.9921
long,A,2025-01-10 11:45:00+05:30,2025-01-10 14:10:00+05:30,23529.05,23441.25,23482.27129208537,23482.27129208537,False,-87.8,36.95,87.8,25.0,STOP_LOSS,145,2H:25M,-87.8,0.2,0.12976,0.0008,-10.0,6.0,,,0.0,-14.7848,0.0,231.2652,-3.8667,0.0,-18.6515,-18.6515,-1398.86,50.0,-1448.86,18.6385
short,C,2025-01-13 09:30:00+05:30,2025-01-13 10:20:00+05:30,23243.65,23288.15,23284.169151253453,23284.169151253453,False,-44.5,47.2,54.4,37.65,STOP_LOSS,50,0H:50M,44.5,-0.2,-0.1644,0.0008,-10.0,6.0,,,0.0,-8.1871,0.0,59.4075,-1.3333,0.0,-9.5204,-9.5204,-714.03,50.0,-764.03,-6.5801
short,C,2025-01-13 11:00:00+05:30,2025-01-13 12:20:00+05:30,23275.1,23215.0,23301.343358946084,23207.98890255932,True,60.1,84.65,23.5,82.5,TRAIL_SL,80,1H:20M,-60.1,-0.2,-0.24808,0.0008,-10.0,6.0,,,0.0,13.3203,0.0,108.3603,-2.1333,0.0,11.187,11.187,839.02,50.0,789.02,-10.4483
short,B,2025-01-13 12:20:00+05:30,2025-01-13 14:40:00+05:30,23215.0,23082.5,23234.78131110593,23072.93533721778,True,132.5,167.75,19.7,157.85,TRAIL_SL,140,2H:20M,-132.5,-0.2,-0.306,0.0008,-10.0,6.0,,,0.0,32.8203,0.0,526.6875,-3.7333,0.0,29.0869,29.0869,2181.52,50.0,2131.52,-18.0174
long,C,2025-01-14 11:00:00+05:30,2025-01-14 11:40:00+05:30,23236.65,23198.55,23209.620022778752,23209.620022778752,False,-38.1,28.3,43.85,23.4,STOP_LOSS,40,0H:40M,-38.1,0.2,0.16952,0.0008,-10.0,6.0,,,0.0,-7.0974,0.0,43.5483,-1.0667,0.0,-8.1641,-8.1641,-612.31,50.0,-662.31,5.2776
long,C,2025-01-15 09:50:00+05:30,2025-01-15 11:00:00+05:30,23218.75,23241.8,23181.157330397808,23277.42969176357,True,23.05,74.9,26.65,72.3,TRAIL_SL,70,1H:10M,23.05,0.2,0.21844,0.0008,-10.0,6.0,,,0.0,4.8013,0.0,15.9391,-1.8667,0.0,2.9346,2.9346,220.1,50.0,170.1,9.1653
long,C,2025-01-15 11:00:00+05:30,2025-01-15 12:15:00+05:30,23241.8,23211.3,23212.158140921223,23212.158140921223,False,-30.5,25.95,37.1,16.3,STOP_LOSS,75,1H:15M,-30.5,0.2,0.1756,0.0008,-10.0,6.0,,,0.0,-5.7651,0.0,27.9075,-2.0,0.0,-7.7651,-7.7651,-582.38,50.0,-632.38,9.8076
long,C,2025-01-16 09:30:00+05:30,2025-01-16 09:50:00+05:30,23348.25,23306.9,23307.630075351455,23307.630075351455,False,-41.35,3.6,43.35,0.0,STOP_LOSS,20,0H:20M,-41.35,0.2,0.16692,0.0008,-10.0,6.0,,,0.0,-7.6545,0.0,51.2947,-0.5333,0.0,-8.1878,-8.1878,-614.08,50.0,-664.08,2.6526
long,A,2025-01-16 09:50:00+05:30,2025-01-16 15:10:00+05:30,23306.9,23309.65,23274.344796288653,23274.344796288653,False,2.75,34.0,34.85,27.8,SOFT_EOD_EXIT,320,5H:20M,2.75,0.2,0.2022,0.0008,-10.0,6.0,,,0.0,0.5527,0.0,0.2269,-8.5333,0.0,-7.9806,-7.9806,-598.55,50.0,-648.55,39.5399
short,B,2025-01-17 09:30:00+05:30,2025-01-17 11:05:00+05:30,23239.95,23127.65,23269.36032787171,23126.88780941735,True,112.3,139.6,29.3,132.3,TRAIL_SL,95,1H:35M,-112.3,-0.2,-0.28984,0.0008,-10.0,6.0,,,0.0,27.0001,0.0,378.3387,-2.5333,0.0,24.4667,24.4667,1835.0,50.0,1785.0,-12.3611
short,C,2025-01-17 11:05:00+05:30,2025-01-17 11:25:00+05:30,23127.65,23151.6,23149.923165508513,23149.923165508513,False,-23.95,4.45,28.0,0.0,STOP_LOSS,20,0H:20M,23.95,-0.2,-0.18084,0.0008,-10.0,6.0,,,0.0,-4.5835,0.0,17.2081,-0.5333,0.0,-5.1168,-5.1168,-383.76,50.0,-433.76,-2.6526
short,B,2025-01-17 11:35:00+05:30,2025-01-17 12:00:00+05:30,23156.1,23192.25,23174.764992334483,23174.764992334483,False,-36.15,20.45,62.1,17.8,STOP_LOSS,25,0H:25M,36.15,-0.2,-0.17108,0.0008,-10.0,6.0,,,0.0,-6.7595,0.0,39.2047,-0.6667,0.0,-7.4262,-7.4262,-556.97,50.0,-606.97,-3.3114
long,C,2025-01-20 11:00:00+05:30,2025-01-20 11:45:00+05:30,23268.5,23355.8,23246.593985048956,23358.16060894964,True,87.3,108.0,10.9,103.6,TRAIL_SL,45,0H:45M,87.3,0.2,0.26984,0.0008,-10.0,6.0,,,0.0,20.2037,0.0,228.6387,-1.2,0.0,19.0037,19.0037,1425.27,50.0,1375.27,5.9297
long,A,2025-01-20 12:00:00+05:30,2025-01-20 15:10:00+05:30,23346.65,23351.7,23322.787141420675,23322.787141420675,False,5.05,44.45,20.35,25.35,SOFT_EOD_EXIT,190,3H:10M,5.05,0.2,0.20404,0.0008,-10.0,6.0,,,0.0,1.0192,0.0,0.7651,-5.0667,0.0,-4.0475,-4.0475,-303.56,50.0,-353.56,24.1654
long,A,2025-01-21 09:30:00+05:30,2025-01-21 09:55:00+05:30,23359.25,23299.15,23321.168155289794,23321.168155289794,False,-60.1,11.1,77.65,0.0,STOP_LOSS,25,0H:25M,-60.1,0.2,0.15192,0.0008,-10.0,6.0,,,0.0,-10.7197,0.0,108.3603,-0.6667,0.0,-11.3863,-11.3863,-853.98,50.0,-903.98,3.3114
short,C,2025-01-21 10:00:00+05:30,2025-01-21 10:35:00+05:30,23287.6,23193.8,23314.1936485522,23168.54694070981,True,93.8,159.9,9.35,146.1,TRAIL_SL,35,0H:35M,-93.8,-0.2,-0.27504,0.0008,-10.0,6.0,,,0.0,21.9274,0.0,263.9532,-0.9333,0.0,20.9941,20.9941,1574.56,50.0,1524.56,-4.6239
short,B,2025-01-21 10:45:00+05:30,2025-01-21 11:45:00+05:30,23204.05,23370.95,23234.45954305217,23234.45954305217,False,-166.9,65.1,209.2,59.7,STOP_LOSS,60,1H:00M,166.9,-0.2,-0.06648,0.0008,-10.0,6.0,,,0.0,-23.352,0.0,835.6683,-1.6,0.0,-24.952,-24.952,-1871.4,50.0,-1921.4,-7.8759
long,C,2025-01-21 11:50:00+05:30,2025-01-21 12:10:00+05:30,23381.5,23281.15,23309.207033921357,23309.207033921357,False,-100.35,16.65,105.95,0.3,STOP_LOSS,20,0H:20M,-100.35,0.2,0.11972,0.0008,-10.0,6.0,,,0.0,-16.4448,0.0,302.1037,-0.5333,0.0,-16.9781,-16.9781,-1273.36,50.0,-1323.36,2.6526
short,B,2025-01-22 09:45:00+05:30,2025-01-22 09:55:00+05:30,23060.55,23103.25,23089.276278827067,23089.276278827067,False,-42.7,10.0,64.1,0.0,STOP_LOSS,10,0H:10M,42.7,-0.2,-0.16584,0.0008,-10.0,6.0,,,0.0,-7.8836,0.0,54.6987,-0.2667,0.0,-8.1503,-8.1503,-611.27,50.0,-661.27,-1.3298
short,C,2025-01-22 11:55:00+05:30,2025-01-22 14:10:00+05:30,23035.3,23065.55,23053.281181926814,23053.281181926814,False,-30.25,54.0,49.55,49.05,STOP_LOSS,135,2H:15M,30.25,-0.2,-0.1758,0.0008,-10.0,6.0,,,0.0,-5.7206,0.0,27.4519,-3.6,0.0,-9.3206,-9.3206,-699.04,50.0,-749.04,-17.3948
long,A,2025-01-23 09:30:00+05:30,2025-01-23 10:35:00+05:30,23114.45,23226.15,23082.25896275531,23229.078696035045,True,111.7,131.75,0.9,127.3,TRAIL_SL,65,1H:05M,111.7,0.2,0.28936,0.0008,-10.0,6.0,,,0.0,26.8317,0.0,374.3067,-1.7333,0.0,25.0983,25.0983,1882.38,50.0,1832.38,8.5214
long,A,2025-01-23 10:35:00+05:30,2025-01-23 15:10:00+05:30,23226.15,23201.25,23201.042406460743,23201.042406460743,False,-24.9,44.65,26.05,38.4,SOFT_EOD_EXIT,275,4H:35M,-24.9,0.2,0.18008,0.0008,-10.0,6.0,,,0.0,-4.7568,0.0,18.6003,-7.3333,0.0,-12.0901,-12.0901,-906.76,50.0,-956.76,34.312
short,C,2025-01-24 09:50:00+05:30,2025-01-24 10:35:00+05:30,23158.25,23217.0,23184.48895940554,23184.48895940554,False,-58.75,55.35,68.85,23.1,STOP_LOSS,45,0H:45M,58.75,-0.2,-0.153,0.0008,-10.0,6.0,,,0.0,-10.5074,0.0,103.5469,-1.2,0.0,-11.7074,-11.7074,-878.06,50.0,-928.06,-5.9297
long,C,2025-01-24 11:00:00+05:30,2025-01-24 12:00:00+05:30,23244.5,23313.45,23208.513869718325,23320.268447680457,True,68.95,102.8,10.85,90.7,TRAIL_SL,60,1H:00M,68.95,0.2,0.25516,0.0008,-10.0,6.0,,,0.0,15.5015,0.0,142.6231,-1.6,0.0,13.9015,13.9015,1042.61,50.0,992.61,7.8759
long,A,2025-01-24 12:00:00+05:30,2025-01-24 12:30:00+05:30,23313.45,23273.25,23283.63229029331,23283.63229029331,False,-40.2,5.95,40.2,0.7,STOP_LOSS,30,0H:30M,-40.2,0.2,0.16784,0.0008,-10.0,6.0,,,0.0,-7.4582,0.0,48.4812,-0.8,0.0,-8.2582,-8.2582,-619.37,50.0,-669.37,3.9685
short,C,2025-01-27 09:30:00+05:30,2025-01-27 10:40:00+05:30,22982.05,22861.25,23016.746598336125,22859.636459401965,True,120.8,155.2,25.4,143.65,TRAIL_SL,70,1H:10M,-120.8,-0.2,-0.29664,0.0008,-10.0,6.0,,,0.0,29.4134,0.0,437.7792,-1.8667,0.0,27.5467,27.5467,2066.0,50.0,2016.0,-9.1653
short,C,2025-01-27 10:40:00+05:30,2025-01-27 11:25:00+05:30,22861.25,22894.5,22887.881164352126,22887.881164352126,False,-33.25,22.95,42.25,19.25,STOP_LOSS,45,0H:45M,33.25,-0.2,-0.1734,0.0008,-10.0,6.0,,,0.0,-6.252,0.0,33.1669,-1.2,0.0,-7.452,-7.452,-558.9,50.0,-608.9,-5.9297
short,B,2025-01-27 11:30:00+05:30,2025-01-27 12:00:00+05:30,22893.0,22939.5,22913.278072357025,22913.278072357025,False,-46.5,36.75,46.95,26.1,STOP_LOSS,30,0H:30M,46.5,-0.2,-0.1628,0.0008,-10.0,6.0,,,0.0,-8.5216,0.0,64.8675,-0.8,0.0,-9.3216,-9.3216,-699.12,50.0,-749.12,-3.9685
long,C,2025-01-28 11:00:00+05:30,2025-01-28 12:20:00+05:30,22972.7,23016.75,22929.258895477058,23029.518425017664,True,44.05,76.55,32.7,72.25,TRAIL_SL,80,1H:20M,44.05,0.2,0.23524,0.0008,-10.0,6.0,,,0.0,9.5085,0.0,58.2121,-2.1333,0.0,7.3752,7.3752,553.14,50.0,503.14,10.4483
long,A,2025-01-28 12:20:00+05:30,2025-01-28 13:20:00+05:30,23016.75,23035.5,22982.673936697283,23056.795839473216,True,18.75,57.05,17.65,52.3,TRAIL_SL,60,1H:00M,18.75,0.2,0.215,0.0008,-10.0,6.0,,,0.0,3.8766,0.0,10.5469,-1.6,0.0,2.2766,2.2766,170.74,50.0,120.74,7.8759
long,A,2025-01-28 13:20:00+05:30,2025-01-28 14:45:00+05:30,23035.5,23026.75,23007.69945508691,23118.1860781408,True,-8.75,102.45,15.4,97.4,TRAIL_SL,85,1H:25M,-8.75,0.2,0.193,0.0008,-10.0,6.0,,,0.0,-1.7224,0.0,2.2969,-2.2667,0.0,-3.9891,-3.9891,-299.18,50.0,-349.18,11.0875
long,C,2025-01-30 09:30:00+05:30,2025-01-30 10:50:00+05:30,23189.0,23262.4,23156.411068322286,23284.3968251477,True,73.4,122.15,9.8,111.5,TRAIL_SL,80,1H:20M,73.4,0.2,0.25872,0.0008,-10.0,6.0,,,0.0,16.6195,0.0,161.6268,-2.1333,0.0,14.4862,14.4862,1086.46,50.0,1036.46,10.4483
long,C,2025-01-30 10:50:00+05:30,2025-01-30 11:00:00+05:30,23262.4,23226.25,23232.494665638365,23232.494665638365,False,-36.15,4.45,38.4,0.0,STOP_LOSS,10,0H:10M,-36.15,0.2,0.17108,0.0008,-10.0,6.0,,,0.0,-6.7595,0.0,39.2047,-0.2667,0.0,-7.0262,-7.0262,-526.97,50.0,-576.97,1.3298
long,A,2025-01-30 11:05:00+05:30,2025-01-30 13:25:00+05:30,23269.15,23223.6,23234.507766046663,23234.507766046663,False,-45.55,31.85,49.55,19.15,STOP_LOSS,140,2H:20M,-45.55,0.2,0.16356,0.0008,-10.0,6.0,,,0.0,-8.3631,0.0,62.2441,-3.7333,0.0,-12.0964,-12.0964,-907.23,50.0,-957.23,18.0174
long,C,2025-01-31 09:30:00+05:30,2025-01-31 09:50:00+05:30,23318.55,23350.6,23286.195398292093,23359.514136303365,True,32.05,66.0,22.9,59.25,TRAIL_SL,20,0H:20M,32.05,0.2,0.22564,0.0008,-10.0,6.0,,,0.0,6.7798,0.0,30.8161,-0.5333,0.0,6.2465,6.2465,468.48,50.0,418.48,2.6526
long,A,2025-01-31 10:05:00+05:30,2025-01-31 11:05:00+05:30,23338.15,23420.05,23296.62947168239,23426.480875863013,True,81.9,106.4,23.35,101.95,TRAIL_SL,60,1H:00M,81.9,0.2,0.26552,0.0008,-10.0,6.0,,,0.0,18.7947,0.0,201.2283,-1.6,0.0,17.1947,17.1947,1289.61,50.0,1239.61,7.8759
long,A,2025-01-31 11:05:00+05:30,2025-01-31 13:00:00+05:30,23420.05,23466.75,23392.275518162558,23470.494313030496,True,46.7,74.9,31.6,60.8,TRAIL_SL,115,1H:55M,46.7,0.2,0.23736,0.0008,-10.0,6.0,,,0.0,10.1251,0.0,65.4267,-3.0667,0.0,7.0585,7.0585,529.38,50.0,479.38,14.8899
long,A,2025-01-31 13:00:00+05:30,2025-01-31 13:35:00+05:30,23466.75,23508.55,23443.880142586197,23513.292042754736,True,41.8,63.95,3.15,57.25,TRAIL_SL,35,0H:35M,41.8,0.2,0.23344,0.0008,-10.0,6.0,,,0.0,8.989,0.0,52.4172,-0.9333,0.0,8.0557,8.0557,604.18,50.0,554.18,4.6239
long,C,2025-02-01 09:30:00+05:30,2025-02-01 11:35:00+05:30,23562.65,23586.2,23520.053455754718,23609.014537449166,True,23.55,69.8,31.85,62.0,TRAIL_SL,125,2H:05M,23.55,0.2,0.21884,0.0008,-10.0,6.0,,,0.0,4.9097,0.0,16.6381,-3.3333,0.0,1.5763,1.5763,118.22,50.0,68.22,16.1453
long,A,2025-02-01 11:35:00+05:30,2025-02-01 11:45:00+05:30,23586.2,23539.7,23548.266531578553,23548.266531578553,False,-46.5,43.1,55.15,41.05,STOP_LOSS,10,0H:10M,-46.5,0.2,0.1628,0.0008,-10.0,6.0,,,0.0,-8.5216,0.0,64.8675,-0.2667,0.0,-8.7883,-8.7883,-659.12,50.0,-709.12,1.3298
short,C,2025-02-01 11:55:00+05:30,2025-02-01 12:15:00+05:30,23425.8,23493.1,23475.730734217097,23475.730734217097,False,-67.3,36.1,141.55,0.0,STOP_LOSS,20,0H:20M,67.3,-0.2,-0.14616,0.0008,-10.0,6.0,,,0.0,-11.8295,0.0,135.8787,-0.5333,0.0,-12.3628,-12.3628,-927.21,50.0,-977.21,-2.6526
short,B,2025-02-01 12:25:00+05:30,2025-02-01 13:20:00+05:30,23449.45,23398.75,23513.28624573021,23387.490079788317,True,50.7,131.15,22.2,94.7,TRAIL_SL,55,0H:55M,-50.7,-0.2,-0.24056,0.0008,-10.0,6.0,,,0.0,11.0654,0.0,77.1147,-1.4667,0.0,9.5987,9.5987,719.9,50.0,669.9,-7.2288
short,C,2025-02-03 09:30:00+05:30,2025-02-03 10:05:00+05:30,23317.35,23261.85,23356.214941709713,23255.30923897748,True,55.5,95.35,0.6,92.05,TRAIL_SL,35,0H:35M,-55.5,-0.2,-0.2444,0.0008,-10.0,6.0,,,0.0,12.2089,0.0,92.4075,-0.9333,0.0,11.2756,11.2756,845.67,50.0,795.67,-4.6239
short,B,2025-02-03 10:05:00+05:30,2025-02-03 10:40:00+05:30,23261.85,23309.7,23290.853303566317,23290.853303566317,False,-47.85,22.15,53.8,16.35,STOP_LOSS,35,0H:35M,47.85,-0.2,-0.16172,0.0008,-10.0,6.0,,,0.0,-8.7457,0.0,68.6887,-0.9333,0.0,-9.6791,-9.6791,-725.93,50.0,-775.93,-4.6239
short,B,2025-02-03 10:50:00+05:30,2025-02-03 11:10:00+05:30,23300.4,23322.65,23321.93272280513,23321.93272280513,False,-22.25,2.1,27.95,0.0,STOP_LOSS,20,0H:20M,22.25,-0.2,-0.1822,0.0008,-10.0,6.0,,,0.0,-4.2718,0.0,14.8519,-0.5333,0.0,-4.8051,-4.8051,-360.38,50.0,-410.38,-2.6526
long,C,2025-02-04 09:30:00+05:30,2025-02-04 10:00:00+05:30,23510.6,23550.2,23469.16346778668,23551.582546791,True,39.6,71.4,3.2,61.8,TRAIL_SL,30,0H:30M,39.6,0.2,0.23168,0.0008,-10.0,6.0,,,0.0,8.4845,0.0,47.0448,-0.8,0.0,7.6845,7.6845,576.34,50.0,526.34,3.9685
long,A,2025-02-04 10:05:00+05:30,2025-02-04 10:25:00+05:30,23540.9,23500.95,23506.708033990242,23506.708033990242,False,-39.95,14.45,56.5,0.0,STOP_LOSS,20,0H:20M,-39.95,0.2,0.16804,0.0008,-10.0,6.0,,,0.0,-7.4154,0.0,47.8801,-0.5333,0.0,-7.9488,-7.9488,-596.16,50.0,-646.16,2.6526
long,C,2025-02-04 11:35:00+05:30,2025-02-04 13:00:00+05:30,23557.05,23601.65,23524.492164089705,23603.523041077773,True,44.6,74.4,29.8,62.0,TRAIL_SL,85,1H:25M,44.6,0.2,0.23568,0.0008,-10.0,6.0,,,0.0,9.6361,0.0,59.6748,-2.2667,0.0,7.3694,7.3694,552.71,50.0,502.71,11.0875
long,A,2025-02-04 13:00:00+05:30,2025-02-04 13:40:00+05:30,23601.65,23670.55,23569.69660453481,23671.534199740927,True,68.9,95.45,20.85,86.7,TRAIL_SL,40,0H:40M,68.9,0.2,0.25512,0.0008,-10.0,6.0,,,0.0,15.489,0.0,142.4163,-1.0667,0.0,14.4223,14.4223,1081.67,50.0,1031.67,5.2776
long,A,2025-02-05 09:30:00+05:30,2025-02-05 11:15:00+05:30,23763.75,23715.5,23725.832677349514,23725.832677349514,False,-48.25,36.2,49.25,33.8,STOP_LOSS,105,1H:45M,-48.25,0.2,0.1614,0.0008,-10.0,6.0,,,0.0,-8.8119,0.0,69.8419,-2.8,0.0,-11.6119,-11.6119,-870.89,50.0,-920.89,13.6285
short,C,2025-02-06 09:45:00+05:30,2025-02-06 13:20:00+05:30,23661.5,23596.5,23681.035982416037,23590.373320795312,True,65.0,86.4,0.6,80.05,TRAIL_SL,215,3H:35M,-65.0,-0.2,-0.252,0.0008,-10.0,6.0,,,0.0,14.521,0.0,126.75,-5.7333,0.0,8.7877,8.7877,659.08,50.0,609.08,-27.1883
short,C,2025-02-07 10:20:00+05:30,2025-02-07 10:35:00+05:30,23521.75,23565.35,23557.507265156968,23557.507265156968,False,-43.6,28.15,43.6,0.0,STOP_LOSS,15,0H:15M,43.6,-0.2,-0.16512,0.0008,-10.0,6.0,,,0.0,-8.0357,0.0,57.0288,-0.4,0.0,-8.4357,-8.4357,-632.67,50.0,-682.67,-1.9921
long,C,2025-02-07 11:20:00+05:30,2025-02-07 12:00:00+05:30,23668.2,23626.9,23633.25349092544,23633.25349092544,False,-41.3,26.3,43.2,15.4,STOP_LOSS,40,0H:40M,-41.3,0.2,0.16696,0.0008,-10.0,6.0,,,0.0,-7.646,0.0,51.1707,-1.0667,0.0,-8.7126,-8.7126,-653.45,50.0,-703.45,5.2776
short,C,2025-02-10 09:30:00+05:30,2025-02-10 10:35:00+05:30,23443.2,23399.35,23473.344997922948,23387.3439052937,True,43.85,85.6,18.2,71.55,TRAIL_SL,65,1H:05M,-43.85,-0.2,-0.23508,0.0008,-10.0,6.0,,,0.0,9.4622,0.0,57.6847,-1.7333,0.0,7.7289,7.7289,579.67,50.0,529.67,-8.5214
short,B,2025-02-10 10:35:00+05:30,2025-02-10 13:25:00+05:30,23399.35,23351.95,23420.201730734836,23338.702848366283,True,47.4,74.8,6.8,71.5,TRAIL_SL,170,2H:50M,-47.4,-0.2,-0.23792,0.0008,-10.0,6.0,,,0.0,10.2888,0.0,67.4028,-4.5333,0.0,5.7555,5.7555,431.66,50.0,381.66,-21.7229
short,C,2025-02-11 09:30:00+05:30,2025-02-11 09:35:00+05:30,23310.5,23333.05,23329.036869020623,23329.036869020623,False,-22.55,3.2,36.2,0.0,STOP_LOSS,5,0H:05M,22.55,-0.2,-0.18196,0.0008,-10.0,6.0,,,0.0,-4.3269,0.0,15.2551,-0.1333,0.0,-4.4603,-4.4603,-334.52,50.0,-384.52,-0.6658
short,B,2025-02-11 10:25:00+05:30,2025-02-11 13:15:00+05:30,23289.0,23089.0,23306.62185303051,23051.251177613893,True,200.0,266.55,12.75,257.8,TRAIL_SL,170,2H:50M,-200.0,-0.2,-0.36,0.0008,-10.0,6.0,,,0.0,54.4,0.0,1200.0,-4.5333,0.0,49.8667,49.8667,3740.0,50.0,3690.0,-21.7229
short,C,2025-02-11 13:15:00+05:30,2025-02-11 14:10:00+05:30,23089.0,23052.65,23118.617109081715,23022.462262981888,True,36.35,102.35,4.6,87.05,TRAIL_SL,55,0H:55M,-36.35,-0.2,-0.22908,0.0008,-10.0,6.0,,,0.0,7.7457,0.0,39.6397,-1.4667,0.0,6.279,6.279,470.93,50.0,420.93,-7.2288
short,C,2025-02-12 09:30:00+05:30,2025-02-12 10:05:00+05:30,22935.3,22844.45,22964.850666980165,22843.04700863286,True,90.85,120.8,10.65,115.7,TRAIL_SL,35,0H:35M,-90.85,-0.2,-0.27268,0.0008,-10.0,6.0,,,0.0,21.1413,0.0,247.6117,-0.9333,0.0,20.208,20.208,1515.6,50.0,1465.6,-4.6239
short,B,2025-02-12 10:15:00+05:30,2025-02-12 10:30:00+05:30,22856.15,22889.85,22888.574006654224,22888.574006654224,False,-33.7,18.7,34.6,0.0,STOP_LOSS,15,0H:15M,33.7,-0.2,-0.17304,0.0008,-10.0,6.0,,,0.0,-6.3312,0.0,34.0707,-0.4,0.0,-6.7312,-6.7312,-504.84,50.0,-554.84,-1.9921
short,B,2025-02-12 11:00:00+05:30,2025-02-12 11:05:00+05:30,22897.65,22936.95,22929.4765159266,22929.4765159266,False,-39.3,25.45,43.55,0.0,STOP_LOSS,5,0H:05M,39.3,-0.2,-0.16856,0.0008,-10.0,6.0,,,0.0,-7.304,0.0,46.3347,-0.1333,0.0,-7.4373,-7.4373,-557.8,50.0,-607.8,-0.6658
long,C,2025-02-12 11:45:00+05:30,2025-02-12 12:15:00+05:30,23004.6,23016.1,22948.071158629242,23030.349388964212,True,11.5,72.8,31.2,53.4,TRAIL_SL,30,0H:30M,11.5,0.2,0.2092,0.0008,-10.0,6.0,,,0.0,2.3476,0.0,3.9675,-0.8,0.0,1.5476,1.5476,116.07,50.0,66.07,3.9685
long,C,2025-02-13 09:30:00+05:30,2025-02-13 10:20:00+05:30,23103.2,23158.4,23047.66381407334,23164.21582482803,True,55.2,89.3,15.45,83.45,TRAIL_SL,50,0H:50M,55.2,0.2,0.24416,0.0008,-10.0,6.0,,,0.0,12.1369,0.0,91.4112,-1.3333,0.0,10.8036,10.8036,810.27,50.0,760.27,6.5801
long,A,2025-02-13 10:20:00+05:30,2025-02-13 12:10:00+05:30,23158.4,23195.8,23118.743717250898,23210.462850080617,True,37.4,77.1,26.65,65.25,TRAIL_SL,110,1H:50M,37.4,0.2,0.22992,0.0008,-10.0,6.0,,,0.0,7.9836,0.0,41.9628,-2.9333,0.0,5.0502,5.0502,378.77,50.0,328.77,14.26
long,C,2025-02-13 12:10:00+05:30,2025-02-13 13:10:00+05:30,23195.8,23153.1,23171.895947502322,23171.895947502322,False,-42.7,14.2,42.7,10.0,STOP_LOSS,60,1H:00M,-42.7,0.2,0.16584,0.0008,-10.0,6.0,,,0.0,-7.8836,0.0,54.6987,-1.6,0.0,-9.4836,-9.4836,-711.27,50.0,-761.27,7.8759
short,C,2025-02-14 10:35:00+05:30,2025-02-14 11:10:00+05:30,22951.75,22893.95,22983.07072057937,22866.81861871699,True,57.8,108.45,2.5,106.85,TRAIL_SL,35,0H:35M,-57.8,-0.2,-0.24624,0.0008,-10.0,6.0,,,0.0,12.7627,0.0,100.2252,-0.9333,0.0,11.8294,11.8294,887.2,50.0,837.2,-4.6239
short,B,2025-02-14 11:30:00+05:30,2025-02-14 11:40:00+05:30,22871.85,22901.15,22898.05459295356,22898.05459295356,False,-29.3,25.8,30.15,23.25,STOP_LOSS,10,0H:10M,29.3,-0.2,-0.17656,0.0008,-10.0,6.0,,,0.0,-5.5509,0.0,25.7547,-0.2667,0.0,-5.8176,-5.8176,-436.32,50.0,-486.32,-1.3298
short,B,2025-02-14 12:25:00+05:30,2025-02-14 14:10:00+05:30,22847.7,22802.05,22872.750614063196,22792.27379895831,True,45.65,72.85,19.25,70.45,TRAIL_SL,105,1H:45M,-45.65,-0.2,-0.23652,0.0008,-10.0,6.0,,,0.0,9.8802,0.0,62.5177,-2.8,0.0,7.0802,7.0802,531.02,50.0,481.02,-13.6285
short,C,2025-02-17 10:00:00+05:30,2025-02-17 10:20:00+05:30,22749.85,22805.5,22784.752659854475,22784.752659854475,False,-55.65,3.25,75.9,0.0,STOP_LOSS,20,0H:20M,55.65,-0.2,-0.15548,0.0008,-10.0,6.0,,,0.0,-10.0151,0.0,92.9077,-0.5333,0.0,-10.5484,-10.5484,-791.13,50.0,-841.13,-2.6526
short,B,2025-02-18 11:00:00+05:30,2025-02-18 11:45:00+05:30,22848.45,22875.1,22868.599643095335,22868.599643095335,False,-26.65,46.95,52.25,34.75,STOP_LOSS,45,0H:45M,26.65,-0.2,-0.17868,0.0008,-10.0,6.0,,,0.0,-5.0743,0.0,21.3067,-1.2,0.0,-6.2743,-6.2743,-470.57,50.0,-520.57,-5.9297
short,B,2025-02-19 09:30:00+05:30,2025-02-19 09:45:00+05:30,22890.65,22955.05,22915.157426706206,22915.157426706206,False,-64.4,8.55,74.25,0.0,STOP_LOSS,15,0H:15M,64.4,-0.2,-0.14848,0.0008,-10.0,6.0,,,0.0,-11.387,0.0,124.4208,-0.4,0.0,-11.787,-11.787,-884.02,50.0,-934.02,-1.9921
long,C,2025-02-19 09:55:00+05:30,2025-02-19 10:45:00+05:30,22989.1,22994.55,22950.105445195793,23017.558511923016,True,5.45,60.85,34.85,47.35,TRAIL_SL,50,0H:50M,5.45,0.2,0.20436,0.0008,-10.0,6.0,,,0.0,1.1007,0.0,0.8911,-1.3333,0.0,-0.2326,-0.2326,-17.45,50.0,-67.45,6.5801
long,A,2025-02-19 10:45:00+05:30,2025-02-19 10:55:00+05:30,22994.55,22927.95,22961.719575762785,22961.719575762785,False,-66.6,0.45,68.3,0.0,STOP_LOSS,10,0H:10M,-66.6,0.2,0.14672,0.0008,-10.0,6.0,,,0.0,-11.7232,0.0,133.0668,-0.2667,0.0,-11.9899,-11.9899,-899.24,50.0,-949.24,1.3298
short,C,2025-02-20 09:30:00+05:30,2025-02-20 09:35:00+05:30,22866.9,22891.15,22889.759901624326,22889.759901624326,False,-24.25,0.0,29.0,0.0,STOP_LOSS,5,0H:05M,24.25,-0.2,-0.1806,0.0008,-10.0,6.0,,,0.0,-4.6383,0.0,17.6419,-0.1333,0.0,-4.7716,-4.7716,-357.87,50.0,-407.87,-0.6658
short,B,2025-02-20 10:00:00+05:30,2025-02-20 11:05:00+05:30,22874.7,22910.0,22900.742613280607,22900.742613280607,False,-35.3,15.85,36.75,0.95,STOP_LOSS,65,1H:05M,35.3,-0.2,-0.17176,0.0008,-10.0,6.0,,,0.0,-6.6114,0.0,37.3827,-1.7333,0.0,-8.3447,-8.3447,-625.86,50.0,-675.86,-8.5214
short,C,2025-02-21 09:40:00+05:30,2025-02-21 10:30:00+05:30,22843.5,22790.35,22860.460971061755,22777.391779208403,True,53.15,110.2,9.45,82.85,TRAIL_SL,50,0H:50M,-53.15,-0.2,-0.24252,0.0008,-10.0,6.0,,,0.0,11.647,0.0,84.7477,-1.3333,0.0,10.3136,10.3136,773.52,50.0,723.52,-6.5801
short,B,2025-02-21 10:30:00+05:30,2025-02-21 12:30:00+05:30,22790.35,22822.35,22810.24219841904,22810.24219841904,False,-32.0,49.65,32.6,46.1,STOP_LOSS,120,2H:00M,32.0,-0.2,-0.1744,0.0008,-10.0,6.0,,,0.0,-6.0314,0.0,30.72,-3.2,0.0,-9.2314,-9.2314,-692.35,50.0,-742.35,-15.5184
short,C,2025-02-24 09:30:00+05:30,2025-02-24 10:30:00+05:30,22627.4,22574.1,22653.215162209588,22568.29425843797,True,53.3,79.05,1.3,74.7,TRAIL_SL,60,1H:00M,-53.3,-0.2,-0.24264,0.0008,-10.0,6.0,,,0.0,11.6827,0.0,85.2267,-1.6,0.0,10.0827,10.0827,756.2,50.0,706.2,-7.8759
short,B,2025-02-24 10:30:00+05:30,2025-02-24 11:40:00+05:30,22574.1,22610.1,22591.859609311203,22591.859609311203,False,-36.0,24.0,37.75,19.55,STOP_LOSS,70,1H:10M,36.0,-0.2,-0.1712,0.0008,-10.0,6.0,,,0.0,-6.7334,0.0,38.88,-1.8667,0.0,-8.6001,-8.6001,-645.01,50.0,-695.01,-9.1653
short,C,2025-02-28 09:30:00+05:30,2025-02-28 13:00:00+05:30,22279.65,22135.45,22310.17363817679,22124.80549862045,True,144.2,174.5,20.85,169.35,TRAIL_SL,210,3H:30M,-144.2,-0.2,-0.31536,0.0008,-10.0,6.0,,,0.0,36.3257,0.0,623.8092,-5.6,0.0,30.7257,30.7257,2304.43,50.0,2254.43,-26.5863
short,C,2025-02-28 13:00:00+05:30,2025-02-28 14:40:00+05:30,22135.45,22173.3,22154.514290172156,22154.514290172156,False,-37.85,23.9,37.85,16.75,STOP_LOSS,100,1H:40M,37.85,-0.2,-0.16972,0.0008,-10.0,6.0,,,0.0,-7.0543,0.0,42.9787,-2.6667,0.0,-9.7209,-9.7209,-729.07,50.0,-779.07,-12.9956
short,C,2025-03-03 09:50:00+05:30,2025-03-03 10:25:00+05:30,22053.65,22100.2,22085.927573923764,22085.927573923764,False,-46.55,41.4,50.55,34.85,STOP_LOSS,35,0H:35M,46.55,-0.2,-0.16276,0.0008,-10.0,6.0,,,0.0,-8.5299,0.0,65.0071,-0.9333,0.0,-9.4632,-9.4632,-709.74,50.0,-759.74,-4.6239
short,B,2025-03-03 10:30:00+05:30,2025-03-03 12:30:00+05:30,22059.35,22103.7,22089.657628765042,22089.657628765042,False,-44.35,54.65,44.55,47.4,STOP_LOSS,120,2H:00M,44.35,-0.2,-0.16452,0.0008,-10.0,6.0,,,0.0,-8.1619,0.0,59.0077,-3.2,0.0,-11.3619,-11.3619,-852.14,50.0,-902.14,-15.5184
short,C,2025-03-04 09:30:00+05:30,2025-03-04 09:45:00+05:30,22023.6,22058.5,22057.610804985125,22057.610804985125,False,-34.9,11.05,45.75,0.0,STOP_LOSS,15,0H:15M,34.9,-0.2,-0.17208,0.0008,-10.0,6.0,,,0.0,-6.5415,0.0,36.5403,-0.4,0.0,-6.9415,-6.9415,-520.61,50.0,-570.61,-1.9921
short,B,2025-03-04 10:05:00+05:30,2025-03-04 10:20:00+05:30,22039.45,22074.35,22067.955690760857,22067.955690760857,False,-34.9,7.35,37.4,0.0,STOP_LOSS,15,0H:15M,34.9,-0.2,-0.17208,0.0008,-10.0,6.0,,,0.0,-6.5415,0.0,36.5403,-0.4,0.0,-6.9415,-6.9415,-520.61,50.0,-570.61,-1.9921
long,C,2025-03-05 09:30:00+05:30,2025-03-05 10:00:00+05:30,22208.95,22234.9,22172.429181985568,22239.23891438154,True,25.95,56.2,8.35,48.8,TRAIL_SL,30,0H:30M,25.95,0.2,0.22076,0.0008,-10.0,6.0,,,0.0,5.4324,0.0,20.2021,-0.8,0.0,4.6324,4.6324,347.43,50.0,297.43,3.9685
long,A,2025-03-05 10:10:00+05:30,2025-03-05 11:05:00+05:30,22239.0,22274.45,22205.945365864445,22274.968520212642,True,35.45,57.35,27.9,47.95,TRAIL_SL,55,0H:55M,35.45,0.2,0.22836,0.0008,-10.0,6.0,,,0.0,7.5424,0.0,37.7011,-1.4667,0.0,6.0757,6.0757,455.68,50.0,405.68,7.2288
long,A,2025-03-05 11:05:00+05:30,2025-03-05 12:40:00+05:30,22274.45,22372.3,22250.98610170191,22378.35978864664,True,97.85,120.45,0.35,114.3,TRAIL_SL,95,1H:35M,97.85,0.2,0.27828,0.0008,-10.0,6.0,,,0.0,23.0169,0.0,287.2387,-2.5333,0.0,20.4835,20.4835,1536.26,50.0,1486.26,12.3611
long,A,2025-03-05 12:40:00+05:30,2025-03-05 13:05:00+05:30,22372.3,22344.25,22350.890300320847,22350.890300320847,False,-28.05,5.35,39.2,0.0,STOP_LOSS,25,0H:25M,-28.05,0.2,0.17756,0.0008,-10.0,6.0,,,0.0,-5.3268,0.0,23.6041,-0.6667,0.0,-5.9934,-5.9934,-449.51,50.0,-499.51,3.3114
long,C,2025-03-06 11:10:00+05:30,2025-03-06 11:20:00+05:30,22436.25,22363.6,22396.274519257957,22396.274519257957,False,-72.65,2.55,74.15,0.0,STOP_LOSS,10,0H:10M,-72.65,0.2,0.14188,0.0008,-10.0,6.0,,,0.0,-12.6299,0.0,158.3407,-0.2667,0.0,-12.8966,-12.8966,-967.24,50.0,-1017.24,1.3298
long,A,2025-03-06 12:05:00+05:30,2025-03-06 12:55:00+05:30,22404.2,22452.8,22368.905841039163,22453.72943641663,True,48.6,81.7,5.8,64.6,TRAIL_SL,50,0H:50M,48.6,0.2,0.23888,0.0008,-10.0,6.0,,,0.0,10.5703,0.0,70.8588,-1.3333,0.0,9.237,9.237,692.77,50.0,642.77,6.5801
long,A,2025-03-06 12:55:00+05:30,2025-03-06 14:25:00+05:30,22452.8,22494.85,22422.765689788826,22503.655761008296,True,42.05,76.15,6.35,63.1,TRAIL_SL,90,1H:30M,42.05,0.2,0.23364,0.0008,-10.0,6.0,,,0.0,9.0466,0.0,53.0461,-2.4,0.0,6.6466,6.6466,498.49,50.0,448.49,11.725
long,C,2025-03-07 09:30:00+05:30,2025-03-07 09:35:00+05:30,22562.6,22485.1,22518.65512737163,22518.65512737163,False,-77.5,1.15,77.5,0.0,STOP_LOSS,5,0H:05M,-77.5,0.2,0.138,0.0008,-10.0,6.0,,,0.0,-13.3377,0.0,180.1875,-0.1333,0.0,-13.4711,-13.4711,-1010.33,50.0,-1060.33,0.6658
long,A,2025-03-07 10:30:00+05:30,2025-03-07 12:00:00+05:30,22582.05,22532.45,22545.782079456207,22545.782079456207,False,-49.6,51.75,55.85,37.7,STOP_LOSS,90,1H:30M,-49.6,0.2,0.16032,0.0008,-10.0,6.0,,,0.0,-9.0343,0.0,73.8048,-2.4,0.0,-11.4343,-11.4343,-857.58,50.0,-907.58,11.725
long,C,2025-03-10 09:35:00+05:30,2025-03-10 12:10:00+05:30,22623.1,22587.5,22590.57808457758,22590.57808457758,False,-35.6,53.65,40.75,44.45,STOP_LOSS,155,2H:35M,-35.6,0.2,0.17152,0.0008,-10.0,6.0,,,0.0,-6.6638,0.0,38.0208,-4.1333,0.0,-10.7971,-10.7971,-809.78,50.0,-859.78,19.8765
short,C,2025-03-11 09:30:00+05:30,2025-03-11 09:45:00+05:30,22360.1,22399.75,22390.413767525883,22390.413767525883,False,-39.65,11.05,48.7,0.0,STOP_LOSS,15,0H:15M,39.65,-0.2,-0.16828,0.0008,-10.0,6.0,,,0.0,-7.364,0.0,47.1637,-0.4,0.0,-7.764,-7.764,-582.3,50.0,-632.3,-1.9921
short,B,2025-03-11 10:00:00+05:30,2025-03-11 10:20:00+05:30,22398.65,22428.8,22428.280606386204,22428.280606386204,False,-30.15,19.6,34.9,0.0,STOP_LOSS,20,0H:20M,30.15,-0.2,-0.17588,0.0008,-10.0,6.0,,,0.0,-5.7028,0.0,27.2707,-0.5333,0.0,-6.2361,-6.2361,-467.71,50.0,-517.71,-2.6526
short,B,2025-03-11 10:30:00+05:30,2025-03-11 10:40:00+05:30,22405.4,22441.0,22429.227771402395,22429.227771402395,False,-35.6,3.6,43.95,0.0,STOP_LOSS,10,0H:10M,35.6,-0.2,-0.17152,0.0008,-10.0,6.0,,,0.0,-6.6638,0.0,38.0208,-0.2667,0.0,-6.9304,-6.9304,-519.78,50.0,-569.78,-1.3298
short,C,2025-03-12 10:45:00+05:30,2025-03-12 12:05:00+05:30,22421.25,22360.95,22441.775717797096,22351.80726431246,True,60.3,91.7,5.4,82.3,TRAIL_SL,80,1H:20M,-60.3,-0.2,-0.24824,0.0008,-10.0,6.0,,,0.0,13.369,0.0,109.0827,-2.1333,0.0,11.2357,11.2357,842.67,50.0,792.67,-10.4483
short,B,2025-03-12 12:05:00+05:30,2025-03-12 12:30:00+05:30,22360.95,22384.2,22378.188703005166,22378.188703005166,False,-23.25,14.6,23.85,5.1,STOP_LOSS,25,0H:25M,23.25,-0.2,-0.1814,0.0008,-10.0,6.0,,,0.0,-4.4554,0.0,16.2169,-0.6667,0.0,-5.1221,-5.1221,-384.15,50.0,-434.15,-3.3114
long,A,2025-03-13 09:30:00+05:30,2025-03-13 10:20:00+05:30,22475.85,22532.65,22440.964014609926,22541.445976880757,True,56.8,82.2,10.7,79.75,TRAIL_SL,50,0H:50M,56.8,0.2,0.24544,0.0008,-10.0,6.0,,,0.0,12.5214,0.0,96.7872,-1.3333,0.0,11.1881,11.1881,839.11,50.0,789.11,6.5801
long,A,2025-03-13 10:20:00+05:30,2025-03-13 10:55:00+05:30,22532.65,22492.8,22504.004359926646,22504.004359926646,False,-39.85,14.55,46.8,5.85,STOP_LOSS,35,0H:35M,-39.85,0.2,0.16812,0.0008,-10.0,6.0,,,0.0,-7.3983,0.0,47.6407,-0.9333,0.0,-8.3316,-8.3316,-624.87,50.0,-674.87,4.6239
long,C,2025-03-17 09:30:00+05:30,2025-03-17 10:10:00+05:30,22566.1,22513.4,22525.114522007952,22525.114522007952,False,-52.7,1.6,53.35,0.0,STOP_LOSS,40,0H:40M,-52.7,0.2,0.15784,0.0008,-10.0,6.0,,,0.0,-9.5402,0.0,83.3187,-1.0667,0.0,-10.6068,-10.6068,-795.51,50.0,-845.51,5.2776
long,A,2025-03-17 10:10:00+05:30,2025-03-17 10:30:00+05:30,22513.4,22471.1,22480.181434047325,22480.181434047325,False,-42.3,0.05,42.35,0.0,STOP_LOSS,20,0H:20M,-42.3,0.2,0.16616,0.0008,-10.0,6.0,,,0.0,-7.8159,0.0,53.6787,-0.5333,0.0,-8.3492,-8.3492,-626.19,50.0,-676.19,2.6526
long,C,2025-03-18 09:30:00+05:30,2025-03-18 10:45:00+05:30,22678.7,22759.15,22636.50325944472,22759.158994077523,True,80.45,95.95,13.15,94.7,TRAIL_SL,75,1H:15M,80.45,0.2,0.26436,0.0008,-10.0,6.0,,,0.0,18.42,0.0,194.1661,-2.0,0.0,16.42,16.42,1231.5,50.0,1181.5,9.8076
long,C,2025-03-18 10:45:00+05:30,2025-03-18 12:25:00+05:30,22759.15,22730.8,22731.90558973437,22731.90558973437,False,-28.35,22.25,30.0,17.25,STOP_LOSS,100,1H:40M,-28.35,0.2,0.17732,0.0008,-10.0,6.0,,,0.0,-5.3807,0.0,24.1117,-2.6667,0.0,-8.0473,-8.0473,-603.55,50.0,-653.55,12.9956
long,A,2025-03-19 09:30:00+05:30,2025-03-19 10:45:00+05:30,22843.3,22882.25,22809.30959399111,22895.378121684935,True,38.95,68.55,31.15,65.8,TRAIL_SL,75,1H:15M,38.95,0.2,0.23116,0.0008,-10.0,6.0,,,0.0,8.3362,0.0,45.5131,-2.0,0.0,6.3362,6.3362,475.21,50.0,425.21,9.8076
long,A,2025-03-19 10:45:00+05:30,2025-03-19 13:00:00+05:30,22882.25,22917.35,22855.48141092055,22925.416563584506,True,35.1,58.45,16.95,51.75,TRAIL_SL,135,2H:15M,35.1,0.2,0.22808,0.0008,-10.0,6.0,,,0.0,7.4635,0.0,36.9603,-3.6,0.0,3.8635,3.8635,289.76,50.0,239.76,17.3948
long,C,2025-03-20 09:30:00+05:30,2025-03-20 09:45:00+05:30,23065.65,23021.25,23030.77139441151,23030.77139441151,False,-44.4,5.45,47.05,0.0,STOP_LOSS,15,0H:15M,-44.4,0.2,0.16448,0.0008,-10.0,6.0,,,0.0,-8.1703,0.0,59.1408,-0.4,0.0,-8.5703,-8.5703,-642.77,50.0,-692.77,1.9921
long,A,2025-03-20 09:45:00+05:30,2025-03-20 13:00:00+05:30,23021.25,23100.6,22986.053408450985,23107.325837538465,True,79.35,94.0,47.3,93.5,TRAIL_SL,195,3H:15M,79.35,0.2,0.26348,0.0008,-10.0,6.0,,,0.0,18.1367,0.0,188.8927,-5.2,0.0,12.9367,12.9367,970.25,50.0,920.25,24.7726
long,A,2025-03-20 13:00:00+05:30,2025-03-20 14:05:00+05:30,23100.6,23186.65,23084.683451733337,23190.076079111754,True,86.05,105.95,2.45,99.55,TRAIL_SL,65,1H:05M,86.05,0.2,0.26884,0.0008,-10.0,6.0,,,0.0,19.8757,0.0,222.1381,-1.7333,0.0,18.1423,18.1423,1360.67,50.0,1310.67,8.5214
long,C,2025-03-21 09:30:00+05:30,2025-03-21 09:45:00+05:30,23225.9,23255.1,23190.918221073818,23255.697998581054,True,29.2,50.8,5.55,47.95,TRAIL_SL,15,0H:15M,29.2,0.2,0.22336,0.0008,-10.0,6.0,,,0.0,6.147,0.0,25.5792,-0.4,0.0,5.747,5.747,431.02,50.0,381.02,1.9921
long,A,2025-03-21 10:00:00+05:30,2025-03-21 11:10:00+05:30,23251.6,23331.15,23221.04982469031,23334.33904418654,True,79.55,106.1,3.7,94.8,TRAIL_SL,70,1H:10M,79.55,0.2,0.26364,0.0008,-10.0,6.0,,,0.0,18.1882,0.0,189.8461,-1.8667,0.0,16.3215,16.3215,1224.11,50.0,1174.11,9.1653
long,A,2025-03-21 11:10:00+05:30,2025-03-21 13:00:00+05:30,23331.15,23387.6,23307.586430822448,23389.222692766565,True,56.45,71.55,4.65,68.3,TRAIL_SL,110,1H:50M,56.45,0.2,0.24516,0.0008,-10.0,6.0,,,0.0,12.4372,0.0,95.5981,-2.9333,0.0,9.5038,9.5038,712.79,50.0,662.79,14.26
long,A,2025-03-21 13:00:00+05:30,2025-03-21 13:15:00+05:30,23387.6,23362.75,23366.808667462046,23366.808667462046,False,-24.85,7.65,37.65,0.0,STOP_LOSS,15,0H:15M,-24.85,0.2,0.18012,0.0008,-10.0,6.0,,,0.0,-4.7477,0.0,18.5257,-0.4,0.0,-5.1477,-5.1477,-386.08,50.0,-436.08,1.9921
long,C,2025-03-24 09:30:00+05:30,2025-03-24 11:05:00+05:30,23454.9,23611.75,23409.763559439165,23615.86299125517,True,156.85,184.0,21.4,175.3,TRAIL_SL,95,1H:35M,156.85,0.2,0.32548,0.0008,-10.0,6.0,,,0.0,40.2267,0.0,738.0577,-2.5333,0.0,37.6934,37.6934,2827.0,50.0,2777.0,12.3611
long,C,2025-03-24 11:05:00+05:30,2025-03-24 13:40:00+05:30,23611.75,23650.45,23583.507184842292,23651.163590561584,True,38.7,55.1,32.25,48.85,TRAIL_SL,155,2H:35M,38.7,0.2,0.23096,0.0008,-10.0,6.0,,,0.0,8.2792,0.0,44.9307,-4.1333,0.0,4.1458,4.1458,310.94,50.0,260.94,19.8765
long,C,2025-03-25 09:30:00+05:30,2025-03-25 10:00:00+05:30,23760.0,23833.0,23718.57372439988,23843.120337655047,True,73.0,109.6,4.95,103.6,TRAIL_SL,30,0H:30M,73.0,0.2,0.2584,0.0008,-10.0,6.0,,,0.0,16.5184,0.0,159.87,-0.8,0.0,15.7184,15.7184,1178.88,50.0,1128.88,3.9685
long,A,2025-03-25 10:05:00+05:30,2025-03-25 10:10:00+05:30,23813.75,23770.4,23771.928996121806,23771.928996121806,False,-43.35,4.35,43.35,0.0,STOP_LOSS,5,0H:05M,-43.35,0.2,0.16532,0.0008,-10.0,6.0,,,0.0,-7.9935,0.0,56.3767,-0.1333,0.0,-8.1268,-8.1268,-609.51,50.0,-659.51,0.6658
long,A,2025-03-25 10:15:00+05:30,2025-03-25 10:35:00+05:30,23798.2,23737.2,23749.653379309268,23749.653379309268,False,-61.0,28.15,92.3,15.6,STOP_LOSS,20,0H:20M,-61.0,0.2,0.1512,0.0008,-10.0,6.0,,,0.0,-10.8604,0.0,111.63,-0.5333,0.0,-11.3938,-11.3938,-854.53,50.0,-904.53,2.6526
short,B,2025-03-25 11:15:00+05:30,2025-03-25 15:10:00+05:30,23712.05,23670.3,23741.470172529615,23741.470172529615,False,41.75,84.5,32.55,69.5,SOFT_EOD_EXIT,235,3H:55M,-41.75,-0.2,-0.2334,0.0008,-10.0,6.0,,,0.0,8.9775,0.0,52.2919,-6.2667,0.0,2.7108,2.7108,203.31,50.0,153.31,-29.583
short,C,2025-03-26 11:55:00+05:30,2025-03-26 12:30:00+05:30,23589.15,23618.05,23607.129497860922,23607.129497860922,False,-28.9,17.15,30.6,6.85,STOP_LOSS,35,0H:35M,28.9,-0.2,-0.17688,0.0008,-10.0,6.0,,,0.0,-5.4793,0.0,25.0563,-0.9333,0.0,-6.4127,-6.4127,-480.95,50.0,-530.95,-4.6239
short,B,2025-03-26 12:30:00+05:30,2025-03-26 13:25:00+05:30,23618.05,23559.7,23633.834378444128,23558.935098049962,True,58.35,84.25,20.0,73.05,TRAIL_SL,55,0H:55M,-58.35,-0.2,-0.24668,0.0008,-10.0,6.0,,,0.0,12.8957,0.0,102.1417,-1.4667,0.0,11.429,11.429,857.18,50.0,807.18,-7.2288
long,C,2025-03-27 10:15:00+05:30,2025-03-27 15:10:00+05:30,23592.5,23589.25,23552.25795220897,23552.25795220897,False,-3.25,34.25,32.7,25.3,SOFT_EOD_EXIT,295,4H:55M,-3.25,0.2,0.1974,0.0008,-10.0,6.0,,,0.0,-0.6462,0.0,0.3169,-7.8667,0.0,-8.5129,-8.5129,-638.46,50.0,-688.46,36.6473
short,C,2025-03-28 09:30:00+05:30,2025-03-28 10:30:00+05:30,23543.25,23626.75,23566.570694465325,23566.570694465325,False,-83.5,38.3,83.8,30.65,STOP_LOSS,60,1H:00M,83.5,-0.2,-0.1332,0.0008,-10.0,6.0,,,0.0,-14.19,0.0,209.1675,-1.6,0.0,-15.79,-15.79,-1184.25,50.0,-1234.25,-7.8759
short,C,2025-03-28 12:30:00+05:30,2025-03-28 12:45:00+05:30,23491.3,23515.85,23508.571298933533,23508.571298933533,False,-24.55,7.45,33.5,0.0,STOP_LOSS,15,0H:15M,24.55,-0.2,-0.18036,0.0008,-10.0,6.0,,,0.0,-4.693,0.0,18.0811,-0.4,0.0,-5.093,-5.093,-381.98,50.0,-431.98,-1.9921
short,B,2025-03-28 13:10:00+05:30,2025-03-28 14:20:00+05:30,23499.55,23530.15,23519.049533077756,23519.049533077756,False,-30.6,48.25,34.6,43.75,STOP_LOSS,70,1H:10M,30.6,-0.2,-0.17552,0.0008,-10.0,6.0,,,0.0,-5.7829,0.0,28.0908,-1.8667,0.0,-7.6496,-7.6496,-573.72,50.0,-623.72,-9.1653
short,C,2025-04-01 10:05:00+05:30,2025-04-01 12:10:00+05:30,23462.65,23209.9,23495.86363575969,23197.746914525906,True,252.75,289.55,21.05,281.9,TRAIL_SL,125,2H:05M,-252.75,-0.2,-0.4022,0.0008,-10.0,6.0,,,0.0,73.5477,0.0,1916.4769,-3.3333,0.0,70.2144,70.2144,5266.08,50.0,5216.08,-16.1453
short,B,2025-04-01 12:10:00+05:30,2025-04-01 12:15:00+05:30,23209.9,23244.55,23229.65521419377,23229.65521419377,False,-34.65,0.65,36.75,0.0,STOP_LOSS,5,0H:05M,34.65,-0.2,-0.17228,0.0008,-10.0,6.0,,,0.0,-6.4978,0.0,36.0187,-0.1333,0.0,-6.6311,-6.6311,-497.33,50.0,-547.33,-0.6658
short,B,2025-04-01 12:40:00+05:30,2025-04-01 13:40:00+05:30,23228.05,23171.1,23249.090678153516,23169.116590863363,True,56.95,91.65,5.15,73.5,TRAIL_SL,60,1H:00M,-56.95,-0.2,-0.24556,0.0008,-10.0,6.0,,,0.0,12.5576,0.0,97.2991,-1.6,0.0,10.9576,10.9576,821.82,50.0,771.82,-7.8759
long,C,2025-04-02 10:45:00+05:30,2025-04-02 12:55:00+05:30,23281.7,23247.9,23250.0074766317,23250.0074766317,False,-33.8,30.2,42.75,12.0,STOP_LOSS,130,2H:10M,-33.8,0.2,0.17296,0.0008,-10.0,6.0,,,0.0,-6.3487,0.0,34.2732,-3.4667,0.0,-9.8154,-9.8154,-736.15,50.0,-786.15,16.7708
short,C,2025-04-03 09:45:00+05:30,2025-04-03 10:05:00+05:30,23229.95,23265.1,23258.053007956507,23258.053007956507,False,-35.15,6.2,42.5,0.0,STOP_LOSS,20,0H:20M,35.15,-0.2,-0.17188,0.0008,-10.0,6.0,,,0.0,-6.5852,0.0,37.0657,-0.5333,0.0,-7.1185,-7.1185,-533.89,50.0,-583.89,-2.6526
short,B,2025-04-03 10:15:00+05:30,2025-04-03 10:20:00+05:30,23268.6,23302.7,23291.09111747876,23291.09111747876,False,-34.1,3.7,35.4,0.0,STOP_LOSS,5,0H:05M,34.1,-0.2,-0.17272,0.0008,-10.0,6.0,,,0.0,-6.4014,0.0,34.8843,-0.1333,0.0,-6.5347,-6.5347,-490.1,50.0,-540.1,-0.6658
short,C,2025-04-04 09:30:00+05:30,2025-04-04 10:15:00+05:30,23118.8,22970.95,23150.923256790586,22966.278826488677,True,147.85,182.65,18.15,176.85,TRAIL_SL,45,0H:45M,-147.85,-0.2,-0.31828,0.0008,-10.0,6.0,,,0.0,37.4395,0.0,655.7887,-1.2,0.0,36.2395,36.2395,2717.96,50.0,2667.96,-5.9297
short,C,2025-04-04 10:30:00+05:30,2025-04-04 10:35:00+05:30,22928.45,22961.6,22956.604491687485,22956.604491687485,False,-33.15,1.4,37.5,0.0,STOP_LOSS,5,0H:05M,33.15,-0.2,-0.17348,0.0008,-10.0,6.0,,,0.0,-6.2344,0.0,32.9677,-0.1333,0.0,-6.3677,-6.3677,-477.58,50.0,-527.58,-0.6658
short,B,2025-04-04 11:15:00+05:30,2025-04-04 14:10:00+05:30,22991.5,22909.6,23015.822150115302,22899.83387821132,True,81.9,117.1,34.7,105.8,TRAIL_SL,175,2H:55M,-81.9,-0.2,-0.26552,0.0008,-10.0,6.0,,,0.0,18.7947,0.0,201.2283,-4.6667,0.0,14.1281,14.1281,1059.61,50.0,1009.61,-22.3356
short,C,2025-04-07 09:30:00+05:30,2025-04-07 10:25:00+05:30,22141.75,22005.15,22262.802000769792,21975.90697932124,True,136.6,243.45,6.4,223.6,TRAIL_SL,55,0H:55M,-136.6,-0.2,-0.30928,0.0008,-10.0,6.0,,,0.0,34.0374,0.0,559.7868,-1.4667,0.0,32.5708,32.5708,2442.81,50.0,2392.81,-7.2288
short,B,2025-04-07 10:25:00+05:30,2025-04-07 12:35:00+05:30,22005.15,21866.25,22067.368330584944,21843.026929216743,True,138.9,208.25,77.55,188.25,TRAIL_SL,130,2H:10M,-138.9,-0.2,-0.31112,0.0008,-10.0,6.0,,,0.0,34.7256,0.0,578.7963,-3.4667,0.0,31.2589,31.2589,2344.42,50.0,2294.42,-16.7708
short,B,2025-04-07 12:35:00+05:30,2025-04-07 12:45:00+05:30,21866.25,21927.75,21900.524173318136,21900.524173318136,False,-61.5,9.25,77.0,0.0,STOP_LOSS,10,0H:10M,61.5,-0.2,-0.1508,0.0008,-10.0,6.0,,,0.0,-10.9384,0.0,113.4675,-0.2667,0.0,-11.2051,-11.2051,-840.38,50.0,-890.38,-1.3298
short,B,2025-04-07 13:05:00+05:30,2025-04-07 13:30:00+05:30,21879.85,21935.55,21912.088042593317,21912.088042593317,False,-55.7,65.5,73.8,54.1,STOP_LOSS,25,0H:25M,55.7,-0.2,-0.15544,0.0008,-10.0,6.0,,,0.0,-10.0231,0.0,93.0747,-0.6667,0.0,-10.6898,-10.6898,-801.73,50.0,-851.73,-3.3114
long,C,2025-04-08 09:30:00+05:30,2025-04-08 09:55:00+05:30,22518.9,22412.75,22428.635561118223,22428.635561118223,False,-106.15,2.6,125.2,0.0,STOP_LOSS,25,0H:25M,-106.15,0.2,0.11508,0.0008,-10.0,6.0,,,0.0,-17.1736,0.0,338.0347,-0.6667,0.0,-17.8403,-17.8403,-1338.02,50.0,-1388.02,3.3114
long,A,2025-04-08 09:55:00+05:30,2025-04-08 10:35:00+05:30,22412.75,22297.5,22338.842357286278,22338.842357286278,False,-115.25,19.85,126.85,11.6,STOP_LOSS,40,0H:40M,-115.25,0.2,0.1078,0.0008,-10.0,6.0,,,0.0,-18.2683,0.0,398.4769,-1.0667,0.0,-19.3349,-19.3349,-1450.12,50.0,-1500.12,5.2776
long,C,2025-04-08 11:05:00+05:30,2025-04-08 11:15:00+05:30,22481.15,22385.95,22406.717913545504,22406.717913545504,False,-95.2,6.6,96.8,0.0,STOP_LOSS,10,0H:10M,-95.2,0.2,0.12384,0.0008,-10.0,6.0,,,0.0,-15.7773,0.0,271.8912,-0.2667,0.0,-16.044,-16.044,-1203.3,50.0,-1253.3,1.3298
long,C,2025-04-11 09:30:00+05:30,2025-04-11 09:55:00+05:30,22794.2,22827.6,22728.26513159574,22840.52944801716,True,33.4,80.25,3.9,75.9,TRAIL_SL,25,0H:25M,33.4,0.2,0.22672,0.0008,-10.0,6.0,,,0.0,7.0816,0.0,33.4668,-0.6667,0.0,6.4149,6.4149,481.12,50.0,431.12,3.3114
long,A,2025-04-11 10:15:00+05:30,2025-04-11 10:35:00+05:30,22820.25,22743.55,22772.88743043323,22772.88743043323,False,-76.7,15.95,84.2,0.0,STOP_LOSS,20,0H:20M,-76.7,0.2,0.13864,0.0008,-10.0,6.0,,,0.0,-13.2222,0.0,176.4867,-0.5333,0.0,-13.7555,-13.7555,-1031.66,50.0,-1081.66,2.6526
long,A,2025-04-11 10:40:00+05:30,2025-04-11 11:50:00+05:30,22784.35,22862.0,22734.326162578232,22871.493106277627,True,77.65,111.75,23.6,103.65,TRAIL_SL,70,1H:10M,77.65,0.2,0.26212,0.0008,-10.0,6.0,,,0.0,17.7006,0.0,180.8857,-1.8667,0.0,15.834,15.834,1187.55,50.0,1137.55,9.1653
long,A,2025-04-11 11:50:00+05:30,2025-04-11 12:30:00+05:30,22862.0,22890.8,22831.51770932856,22893.607080653164,True,28.8,61.9,0.35,45.85,TRAIL_SL,40,0H:40M,28.8,0.2,0.22304,0.0008,-10.0,6.0,,,0.0,6.0586,0.0,24.8832,-1.0667,0.0,4.9919,4.9919,374.39,50.0,324.39,5.2776
long,C,2025-04-15 09:30:00+05:30,2025-04-15 11:10:00+05:30,23267.4,23295.15,23184.26553672105,23304.562997191406,True,27.75,63.25,1.75,62.25,TRAIL_SL,100,1H:40M,27.75,0.2,0.2222,0.0008,-10.0,6.0,,,0.0,5.8272,0.0,23.1019,-2.6667,0.0,3.1606,3.1606,237.04,50.0,187.04,12.9956
long,C,2025-04-15 11:10:00+05:30,2025-04-15 12:50:00+05:30,23295.15,23335.45,23276.16054689198,23339.209612618382,True,40.3,55.2,3.5,50.6,TRAIL_SL,100,1H:40M,40.3,0.2,0.23224,0.0008,-10.0,6.0,,,0.0,8.6447,0.0,48.7227,-2.6667,0.0,5.978,5.978,448.35,50.0,398.35,12.9956
long,A,2025-04-15 12:50:00+05:30,2025-04-15 14:00:00+05:30,23335.45,23323.35,23323.41128616271,23323.41128616271,False,-12.1,15.2,13.3,10.05,STOP_LOSS,70,1H:10M,-12.1,0.2,0.19032,0.0008,-10.0,6.0,,,0.0,-2.3673,0.0,4.3923,-1.8667,0.0,-4.234,-4.234,-317.55,50.0,-367.55,9.1653
long,C,2025-04-16 10:00:00+05:30,2025-04-16 10:15:00+05:30,23367.05,23313.05,23340.71910853342,23340.71910853342,False,-54.0,3.3,58.3,0.0,STOP_LOSS,15,0H:15M,-54.0,0.2,0.1568,0.0008,-10.0,6.0,,,0.0,-9.7502,0.0,87.48,-0.4,0.0,-10.1502,-10.1502,-761.27,50.0,-811.27,1.9921
short,C,2025-04-17 09:30:00+05:30,2025-04-17 09:35:00+05:30,23319.85,23344.65,23342.54688809473,23342.54688809473,False,-24.8,3.55,27.65,0.0,STOP_LOSS,5,0H:05M,24.8,-0.2,-0.18016,0.0008,-10.0,6.0,,,0.0,-4.7386,0.0,18.4512,-0.1333,0.0,-4.8719,-4.8719,-365.39,50.0,-415.39,-0.6658
long,C,2025-04-17 11:15:00+05:30,2025-04-17 12:35:00+05:30,23482.35,23685.05,23444.98520051754,23687.854785780844,True,202.7,233.55,11.1,226.45,TRAIL_SL,80,1H:20M,202.7,0.2,0.36216,0.0008,-10.0,6.0,,,0.0,55.3314,0.0,1232.6187,-2.1333,0.0,53.1981,53.1981,3989.86,50.0,3939.86,10.4483
long,C,2025-04-17 12:35:00+05:30,2025-04-17 14:10:00+05:30,23685.05,23831.15,23642.88096202013,23840.204935431608,True,146.1,186.55,1.2,168.7,TRAIL_SL,95,1H:35M,146.1,0.2,0.31688,0.0008,-10.0,6.0,,,0.0,36.9043,0.0,640.3563,-2.5333,0.0,34.3709,34.3709,2577.82,50.0,2527.82,12.3611
long,C,2025-04-21 09:30:00+05:30,2025-04-21 10:10:00+05:30,23983.15,24033.45,23928.63037361938,24035.1164904445,True,50.3,78.3,0.95,74.4,TRAIL_SL,40,0H:40M,50.3,0.2,0.24024,0.0008,-10.0,6.0,,,0.0,10.9708,0.0,75.9027,-1.0667,0.0,9.9042,9.9042,742.81,50.0,692.81,5.2776
long,A,2025-04-21 10:10:00+05:30,2025-04-21 11:30:00+05:30,24033.45,24109.75,23990.621250103803,24113.401866865934,True,76.3,99.3,24.15,91.65,TRAIL_SL,80,1H:20M,76.3,0.2,0.26104,0.0008,-10.0,6.0,,,0.0,17.3558,0.0,174.6507,-2.1333,0.0,15.2225,15.2225,1141.69,50.0,1091.69,10.4483
long,A,2025-04-21 11:30:00+05:30,2025-04-21 12:40:00+05:30,24109.75,24172.6,24086.825235900957,24173.85603049148,True,62.85,75.8,10.7,74.4,TRAIL_SL,70,1H:10M,62.85,0.2,0.25028,0.0008,-10.0,6.0,,,0.0,13.992,0.0,118.5037,-1.8667,0.0,12.1254,12.1254,909.4,50.0,859.4,9.1653
long,C,2025-04-21 12:40:00+05:30,2025-04-21 13:30:00+05:30,24172.6,24151.1,24152.74911951856,24152.74911951856,False,-21.5,16.95,27.5,15.85,STOP_LOSS,50,0H:50M,-21.5,0.2,0.1828,0.0008,-10.0,6.0,,,0.0,-4.1336,0.0,13.8675,-1.3333,0.0,-5.4669,-5.4669,-410.02,50.0,-460.02,6.5801
long,C,2025-04-22 09:40:00+05:30,2025-04-22 11:20:00+05:30,24180.9,24202.3,24140.183596273044,24222.35328520994,True,21.4,61.7,41.7,52.45,TRAIL_SL,100,1H:40M,21.4,0.2,0.21712,0.0008,-10.0,6.0,,,0.0,4.4449,0.0,13.7388,-2.6667,0.0,1.7782,1.7782,133.36,50.0,83.36,12.9956
long,C,2025-04-23 09:30:00+05:30,2025-04-23 09:55:00+05:30,24285.85,24305.9,24231.289671350856,24315.792174512273,True,20.05,59.85,21.3,54.6,TRAIL_SL,25,0H:25M,20.05,0.2,0.21604,0.0008,-10.0,6.0,,,0.0,4.1547,0.0,12.0601,-0.6667,0.0,3.4881,3.4881,261.6,50.0,211.6,3.3114
long,A,2025-04-23 09:55:00+05:30,2025-04-23 10:05:00+05:30,24305.9,24237.05,24260.92406660066,24260.92406660066,False,-68.85,12.35,77.55,0.0,STOP_LOSS,10,0H:10M,-68.85,0.2,0.14492,0.0008,-10.0,6.0,,,0.0,-12.0635,0.0,142.2097,-0.2667,0.0,-12.3302,-12.3302,-924.76,50.0,-974.76,1.3298
short,C,2025-04-23 10:35:00+05:30,2025-04-23 11:40:00+05:30,24186.4,24239.2,24215.405454222044,24215.405454222044,False,-52.8,66.45,55.75,57.7,STOP_LOSS,65,1H:05M,52.8,-0.2,-0.15776,0.0008,-10.0,6.0,,,0.0,-9.5564,0.0,83.6352,-1.7333,0.0,-11.2897,-11.2897,-846.73,50.0,-896.73,-8.5214
short,C,2025-04-25 09:45:00+05:30,2025-04-25 10:10:00+05:30,24168.8,24033.65,24199.64403419576,23993.8607746674,True,135.15,218.65,2.65,207.8,TRAIL_SL,25,0H:25M,-135.15,-0.2,-0.30812,0.0008,-10.0,6.0,,,0.0,33.6056,0.0,547.9657,-0.6667,0.0,32.9389,32.9389,2470.42,50.0,2420.42,-3.3114
short,B,2025-04-25 10:45:00+05:30,2025-04-25 11:35:00+05:30,23976.35,23922.25,24016.842868378866,23914.47015037954,True,54.1,97.15,0.15,85.65,TRAIL_SL,50,0H:50M,-54.1,-0.2,-0.24328,0.0008,-10.0,6.0,,,0.0,11.8737,0.0,87.8043,-1.3333,0.0,10.5403,10.5403,790.52,50.0,740.52,-6.5801
short,B,2025-04-25 11:35:00+05:30,2025-04-25 12:35:00+05:30,23922.25,23984.25,23951.710996244503,23951.710996244503,False,-62.0,74.4,62.55,57.9,STOP_LOSS,60,1H:00M,62.0,-0.2,-0.1504,0.0008,-10.0,6.0,,,0.0,-11.0162,0.0,115.32,-1.6,0.0,-12.6162,-12.6162,-946.21,50.0,-996.21,-7.8759
long,C,2025-04-28 09:30:00+05:30,2025-04-28 10:20:00+05:30,24184.3,24245.55,24120.87342803314,24252.528724785618,True,61.25,98.7,10.85,91.55,TRAIL_SL,50,0H:50M,61.25,0.2,0.249,0.0008,-10.0,6.0,,,0.0,13.6006,0.0,112.5469,-1.3333,0.0,12.2672,12.2672,920.04,50.0,870.04,6.5801
long,A,2025-04-28 10:20:00+05:30,2025-04-28 13:00:00+05:30,24245.55,24330.9,24199.0677896284,24337.214815384847,True,85.35,109.55,34.8,103.2,TRAIL_SL,160,2H:40M,85.35,0.2,0.26828,0.0008,-10.0,6.0,,,0.0,19.6925,0.0,218.5387,-4.2667,0.0,15.4258,15.4258,1156.93,50.0,1106.93,20.4934
long,A,2025-04-28 13:00:00+05:30,2025-04-28 14:20:00+05:30,24330.9,24304.7,24306.777680000403,24306.777680000403,False,-26.2,22.8,26.2,19.7,STOP_LOSS,80,1H:20M,-26.2,0.2,0.17904,0.0008,-10.0,6.0,,,0.0,-4.9929,0.0,20.5932,-2.1333,0.0,-7.1262,-7.1262,-534.47,50.0,-584.47,10.4483
long,C,2025-04-29 09:30:00+05:30,2025-04-29 09:35:00+05:30,24440.2,24369.45,24394.401784216137,24394.401784216137,False,-70.75,2.3,81.0,0.0,STOP_LOSS,5,0H:05M,-70.75,0.2,0.1434,0.0008,-10.0,6.0,,,0.0,-12.348,0.0,150.1669,-0.1333,0.0,-12.4813,-12.4813,-936.1,50.0,-986.1,0.6658
long,A,2025-04-29 09:35:00+05:30,2025-04-29 09:45:00+05:30,24369.45,24315.55,24316.43021298732,24316.43021298732,False,-53.9,16.4,65.55,0.0,STOP_LOSS,10,0H:10M,-53.9,0.2,0.15688,0.0008,-10.0,6.0,,,0.0,-9.7341,0.0,87.1563,-0.2667,0.0,-10.0008,-10.0008,-750.06,50.0,-800.06,1.3298
long,A,2025-04-30 09:55:00+05:30,2025-04-30 10:30:00+05:30,24366.1,24311.35,24328.405192822156,24328.405192822156,False,-54.75,5.85,64.5,0.0,STOP_LOSS,35,0H:35M,-54.75,0.2,0.1562,0.0008,-10.0,6.0,,,0.0,-9.8709,0.0,89.9269,-0.9333,0.0,-10.8042,-10.8042,-810.32,50.0,-860.32,4.6239
long,C,2025-05-02 09:30:00+05:30,2025-05-02 10:15:00+05:30,24525.0,24556.3,24456.721124802927,24560.033874490207,True,31.3,64.15,20.35,56.95,TRAIL_SL,45,0H:45M,31.3,0.2,0.22504,0.0008,-10.0,6.0,,,0.0,6.6127,0.0,29.3907,-1.2,0.0,5.4127,5.4127,405.95,50.0,355.95,5.9297
long,A,2025-05-02 10:15:00+05:30,2025-05-02 10:30:00+05:30,24556.3,24492.3,24513.36004911636,24513.36004911636,False,-64.0,8.35,71.55,0.0,STOP_LOSS,15,0H:15M,-64.0,0.2,0.1488,0.0008,-10.0,6.0,,,0.0,-11.3254,0.0,122.88,-0.4,0.0,-11.7254,-11.7254,-879.41,50.0,-929.41,1.9921
long,A,2025-05-02 10:35:00+05:30,2025-05-02 10:50:00+05:30,24520.7,24427.4,24475.14837417901,24475.14837417901,False,-93.3,10.45,94.75,0.0,STOP_LOSS,15,0H:15M,-93.3,0.2,0.12536,0.0008,-10.0,6.0,,,0.0,-15.5262,0.0,261.1467,-0.4,0.0,-15.9262,-15.9262,-1194.47,50.0,-1244.47,1.9921
short,C,2025-05-02 11:15:00+05:30,2025-05-02 11:50:00+05:30,24408.75,24349.55,24434.48893027971,24347.468303365815,True,59.2,89.0,1.45,84.25,TRAIL_SL,35,0H:35M,-59.2,-0.2,-0.24736,0.0008,-10.0,6.0,,,0.0,13.1017,0.0,105.1392,-0.9333,0.0,12.1683,12.1683,912.63,50.0,862.63,-4.6239
long,A,2025-05-05 09:30:00+05:30,2025-05-05 10:00:00+05:30,24414.05,24480.25,24361.07373799135,24480.673558814833,True,66.2,97.25,0.0,89.6,TRAIL_SL,30,0H:30M,66.2,0.2,0.25296,0.0008,-10.0,6.0,,,0.0,14.8177,0.0,131.4732,-0.8,0.0,14.0177,14.0177,1051.33,50.0,1001.33,3.9685
long,A,2025-05-05 10:10:00+05:30,2025-05-05 11:45:00+05:30,24479.1,24434.6,24436.874766646626,24436.874766646626,False,-44.5,47.3,49.9,43.55,STOP_LOSS,95,1H:35M,-44.5,0.2,0.1644,0.0008,-10.0,6.0,,,0.0,-8.1871,0.0,59.4075,-2.5333,0.0,-10.7204,-10.7204,-804.03,50.0,-854.03,12.3611
short,C,2025-05-06 11:40:00+05:30,2025-05-06 11:50:00+05:30,24361.15,24384.3,24371.186764000046,24371.186764000046,False,-23.15,3.8,25.85,0.0,STOP_LOSS,10,0H:10M,23.15,-0.2,-0.18148,0.0008,-10.0,6.0,,,0.0,-4.4371,0.0,16.0777,-0.2667,0.0,-4.7037,-4.7037,-352.78,50.0,-402.78,-1.3298
short,C,2025-05-07 10:15:00+05:30,2025-05-07 10:20:00+05:30,24291.3,24348.35,24320.44125250765,24320.44125250765,False,-57.05,6.3,62.15,0.0,STOP_LOSS,5,0H:05M,57.05,-0.2,-0.15436,0.0008,-10.0,6.0,,,0.0,-10.2383,0.0,97.6411,-0.1333,0.0,-10.3716,-10.3716,-777.87,50.0,-827.87,-0.6658
short,C,2025-05-09 09:30:00+05:30,2025-05-09 13:50:00+05:30,24047.0,24013.5,24100.04756969058,23982.937521259642,True,33.5,97.8,75.7,80.1,TRAIL_SL,260,4H:20M,-33.5,-0.2,-0.2268,0.0008,-10.0,6.0,,,0.0,7.104,0.0,33.6675,-6.9333,0.0,0.1707,0.1707,12.8,50.0,-37.2,-32.5479
long,C,2025-05-12 09:30:00+05:30,2025-05-12 10:05:00+05:30,24618.65,24682.0,24535.983662015416,24690.11585681033,True,63.35,119.15,35.25,106.35,TRAIL_SL,35,0H:35M,63.35,0.2,0.25068,0.0008,-10.0,6.0,,,0.0,14.1148,0.0,120.3967,-0.9333,0.0,13.1814,13.1814,988.61,50.0,938.61,4.6239
long,C,2025-05-12 10:30:00+05:30,2025-05-12 12:45:00+05:30,24687.75,24776.5,24642.038365771823,24788.012445816155,True,88.75,118.55,18.65,115.5,TRAIL_SL,135,2H:15M,88.75,0.2,0.271,0.0008,-10.0,6.0,,,0.0,20.5856,0.0,236.2969,-3.6,0.0,16.9856,16.9856,1273.92,50.0,1223.92,17.3948
long,C,2025-05-12 12:45:00+05:30,2025-05-12 14:30:00+05:30,24776.5,24878.55,24747.009807492712,24887.19797851324,True,102.05,130.7,4.15,121.5,TRAIL_SL,105,1H:45M,102.05,0.2,0.28164,0.0008,-10.0,6.0,,,0.0,24.1591,0.0,312.4261,-2.8,0.0,21.3591,21.3591,1601.93,50.0,1551.93,13.6285
short,C,2025-05-13 09:30:00+05:30,2025-05-13 09:35:00+05:30,24743.25,24834.7,24783.360750427943,24783.360750427943,False,-91.45,0.0,103.35,0.0,STOP_LOSS,5,0H:05M,91.45,-0.2,-0.12684,0.0008,-10.0,6.0,,,0.0,-15.2793,0.0,250.8931,-0.1333,0.0,-15.4126,-15.4126,-1155.95,50.0,-1205.95,-0.6658
short,B,2025-05-13 10:05:00+05:30,2025-05-13 10:40:00+05:30,24776.2,24700.8,24826.252393186416,24696.423056225933,True,75.4,141.3,21.4,118.0,TRAIL_SL,35,0H:35M,-75.4,-0.2,-0.26032,0.0008,-10.0,6.0,,,0.0,17.1267,0.0,170.5548,-0.9333,0.0,16.1933,16.1933,1214.5,50.0,1164.5,-4.6239
short,B,2025-05-13 10:40:00+05:30,2025-05-13 10:55:00+05:30,24700.8,24759.5,24741.95662019569,24741.95662019569,False,-58.7,17.7,60.85,0.0,STOP_LOSS,15,0H:15M,58.7,-0.2,-0.15304,0.0008,-10.0,6.0,,,0.0,-10.4996,0.0,103.3707,-0.4,0.0,-10.8996,-10.8996,-817.47,50.0,-867.47,-1.9921
short,B,2025-05-13 11:10:00+05:30,2025-05-13 11:15:00+05:30,24724.55,24788.6,24767.668936241,24767.668936241,False,-64.05,1.3,67.25,0.0,STOP_LOSS,5,0H:05M,64.05,-0.2,-0.14876,0.0008,-10.0,6.0,,,0.0,-11.3331,0.0,123.0721,-0.1333,0.0,-11.4665,-11.4665,-859.99,50.0,-909.99,-0.6658
long,C,2025-05-14 10:00:00+05:30,2025-05-14 11:45:00+05:30,24726.05,24640.8,24681.91705108038,24681.91705108038,False,-85.25,41.5,93.0,40.7,STOP_LOSS,105,1H:45M,-85.25,0.2,0.1318,0.0008,-10.0,6.0,,,0.0,-14.4337,0.0,218.0269,-2.8,0.0,-17.2337,-17.2337,-1292.53,50.0,-1342.53,13.6285
short,C,2025-05-15 09:35:00+05:30,2025-05-15 10:30:00+05:30,24564.05,24622.15,24588.545499190786,24588.545499190786,False,-58.1,69.6,63.2,35.35,STOP_LOSS,55,0H:55M,58.1,-0.2,-0.15352,0.0008,-10.0,6.0,,,0.0,-10.4048,0.0,101.2683,-1.4667,0.0,-11.8714,-11.8714,-890.36,50.0,-940.36,-7.2288
long,C,2025-05-15 10:40:00+05:30,2025-05-15 11:10:00+05:30,24745.9,24617.25,24679.958874449116,24679.958874449116,False,-128.65,44.25,145.3,34.4,STOP_LOSS,30,0H:30M,-128.65,0.2,0.09708,0.0008,-10.0,6.0,,,0.0,-19.7717,0.0,496.5247,-0.8,0.0,-20.5717,-20.5717,-1542.88,50.0,-1592.88,3.9685
long,A,2025-05-15 11:15:00+05:30,2025-05-15 14:30:00+05:30,24654.6,25058.25,24575.817355498642,25080.94719760041,True,403.65,461.65,53.45,450.85,TRAIL_SL,195,3H:15M,403.65,0.2,0.52292,0.0008,-10.0,6.0,,,0.0,139.386,0.0,4887.9997,-5.2,0.0,134.186,134.186,10063.95,50.0,10013.95,24.7726
short,C,2025-05-20 09:45:00+05:30,2025-05-20 10:35:00+05:30,24898.05,24929.0,24921.54740745926,24921.54740745926,False,-30.95,34.65,33.95,24.35,STOP_LOSS,50,0H:50M,30.95,-0.2,-0.17524,0.0008,-10.0,6.0,,,0.0,-5.8452,0.0,28.7371,-1.3333,0.0,-7.1785,-7.1785,-538.39,50.0,-588.39,-6.5801
short,C,2025-05-20 11:50:00+05:30,2025-05-20 12:05:00+05:30,24858.3,24885.1,24874.58321669602,24874.58321669602,False,-26.8,13.75,29.6,0.0,STOP_LOSS,15,0H:15M,26.8,-0.2,-0.17856,0.0008,-10.0,6.0,,,0.0,-5.1014,0.0,21.5472,-0.4,0.0,-5.5014,-5.5014,-412.61,50.0,-462.61,-1.9921
short,C,2025-05-20 12:50:00+05:30,2025-05-20 14:45:00+05:30,24809.9,24699.15,24827.088435305777,24693.51369598548,True,110.75,133.3,6.0,128.0,TRAIL_SL,115,1H:55M,-110.75,-0.2,-0.2886,0.0008,-10.0,6.0,,,0.0,26.5656,0.0,367.9669,-3.0667,0.0,23.4989,23.4989,1762.42,50.0,1712.42,-14.8899
long,C,2025-05-21 09:45:00+05:30,2025-05-21 10:55:00+05:30,24829.25,24914.8,24785.602142766664,24915.232356785793,True,85.55,116.95,22.0,104.1,TRAIL_SL,70,1H:10M,85.55,0.2,0.26844,0.0008,-10.0,6.0,,,0.0,19.7448,0.0,219.5641,-1.8667,0.0,17.8781,17.8781,1340.86,50.0,1290.86,9.1653
long,A,2025-05-21 10:55:00+05:30,2025-05-21 11:00:00+05:30,24914.8,24878.8,24882.80497983838,24882.80497983838,False,-36.0,6.65,36.0,0.0,STOP_LOSS,5,0H:05M,-36.0,0.2,0.1712,0.0008,-10.0,6.0,,,0.0,-6.7334,0.0,38.88,-0.1333,0.0,-6.8668,-6.8668,-515.01,50.0,-565.01,0.6658
long,A,2025-05-21 11:05:00+05:30,2025-05-21 11:30:00+05:30,24902.6,24851.55,24865.39805152305,24865.39805152305,False,-51.05,14.4,56.8,6.8,STOP_LOSS,25,0H:25M,-51.05,0.2,0.15916,0.0008,-10.0,6.0,,,0.0,-9.2718,0.0,78.1831,-0.6667,0.0,-9.9385,-9.9385,-745.39,50.0,-795.39,3.3114
short,C,2025-05-21 12:05:00+05:30,2025-05-21 13:10:00+05:30,24778.55,24800.05,24799.405689371873,24799.405689371873,False,-21.5,93.2,29.95,65.3,STOP_LOSS,65,1H:05M,21.5,-0.2,-0.1828,0.0008,-10.0,6.0,,,0.0,-4.1336,0.0,13.8675,-1.7333,0.0,-5.8669,-5.8669,-440.02,50.0,-490.02,-8.5214
short,C,2025-05-22 09:30:00+05:30,2025-05-22 09:40:00+05:30,24548.95,24589.95,24581.966336902366,24581.966336902366,False,-41.0,7.35,67.1,0.0,STOP_LOSS,10,0H:10M,41.0,-0.2,-0.1672,0.0008,-10.0,6.0,,,0.0,-7.5948,0.0,50.43,-0.2667,0.0,-7.8615,-7.8615,-589.61,50.0,-639.61,-1.3298
short,B,2025-05-22 10:00:00+05:30,2025-05-22 13:10:00+05:30,24609.05,24539.65,24642.313168299137,24524.55757265524,True,69.4,99.95,19.55,95.1,TRAIL_SL,190,3H:10M,-69.4,-0.2,-0.25552,0.0008,-10.0,6.0,,,0.0,15.6139,0.0,144.4908,-5.0667,0.0,10.5472,10.5472,791.04,50.0,741.04,-24.1654
short,B,2025-05-22 13:10:00+05:30,2025-05-22 14:40:00+05:30,24539.65,24557.55,24554.16653704318,24554.16653704318,False,-17.9,77.25,37.9,57.9,STOP_LOSS,90,1H:30M,17.9,-0.2,-0.18568,0.0008,-10.0,6.0,,,0.0,-3.4647,0.0,9.6123,-2.4,0.0,-5.8647,-5.8647,-439.85,50.0,-489.85,-11.725
long,C,2025-05-23 09:30:00+05:30,2025-05-23 10:15:00+05:30,24746.9,24793.1,24696.281879063285,24798.244967659677,True,46.2,79.75,4.85,71.2,TRAIL_SL,45,0H:45M,46.2,0.2,0.23696,0.0008,-10.0,6.0,,,0.0,10.0084,0.0,64.0332,-1.2,0.0,8.8084,8.8084,660.63,50.0,610.63,5.9297
long,A,2025-05-23 10:15:00+05:30,2025-05-23 10:30:00+05:30,24793.1,24753.25,24754.036610610106,24754.036610610106,False,-39.85,2.9,39.85,0.0,STOP_LOSS,15,0H:15M,-39.85,0.2,0.16812,0.0008,-10.0,6.0,,,0.0,-7.3983,0.0,47.6407,-0.4,0.0,-7.7983,-7.7983,-584.87,50.0,-634.87,1.9921
long,A,2025-05-23 10:35:00+05:30,2025-05-23 11:15:00+05:30,24786.95,24867.5,24749.02768366687,24872.97623813704,True,80.55,122.1,1.6,103.15,TRAIL_SL,40,0H:40M,80.55,0.2,0.26444,0.0008,-10.0,6.0,,,0.0,18.4458,0.0,194.6491,-1.0667,0.0,17.3791,17.3791,1303.43,50.0,1253.43,5.2776
long,A,2025-05-23 11:15:00+05:30,2025-05-23 11:45:00+05:30,24867.5,24804.3,24833.07481277087,24833.07481277087,False,-63.2,35.9,63.2,18.55,STOP_LOSS,30,0H:30M,-63.2,0.2,0.14944,0.0008,-10.0,6.0,,,0.0,-11.2021,0.0,119.8272,-0.8,0.0,-12.0021,-12.0021,-900.16,50.0,-950.16,3.9685
long,C,2025-05-26 09:30:00+05:30,2025-05-26 10:25:00+05:30,25044.9,24975.2,25002.002899228544,25002.002899228544,False,-69.7,34.3,106.25,19.55,STOP_LOSS,55,0H:55M,-69.7,0.2,0.14424,0.0008,-10.0,6.0,,,0.0,-12.1911,0.0,145.7427,-1.4667,0.0,-13.6578,-13.6578,-1024.33,50.0,-1074.33,7.2288
short,C,2025-05-27 09:30:00+05:30,2025-05-27 11:00:00+05:30,24810.55,24872.8,24843.011256337104,24843.011256337104,False,-62.25,72.85,62.45,54.85,STOP_LOSS,90,1H:30M,62.25,-0.2,-0.1502,0.0008,-10.0,6.0,,,0.0,-11.055,0.0,116.2519,-2.4,0.0,-13.455,-13.455,-1009.12,50.0,-1059.12,-11.725
long,C,2025-05-27 11:15:00+05:30,2025-05-27 11:35:00+05:30,24913.85,24976.6,24852.976483963343,24988.368940039625,True,62.75,149.05,25.25,107.7,TRAIL_SL,20,0H:20M,62.75,0.2,0.2502,0.0008,-10.0,6.0,,,0.0,13.9675,0.0,118.1269,-0.5333,0.0,13.4342,13.4342,1007.56,50.0,957.56,2.6526
long,A,2025-05-27 11:45:00+05:30,2025-05-27 12:25:00+05:30,24930.3,24856.3,24859.384344454553,24859.384344454553,False,-74.0,46.75,95.15,27.15,STOP_LOSS,40,0H:40M,-74.0,0.2,0.1408,0.0008,-10.0,6.0,,,0.0,-12.8286,0.0,164.28,-1.0667,0.0,-13.8953,-13.8953,-1042.15,50.0,-1092.15,5.2776
short,C,2025-05-28 10:15:00+05:30,2025-05-28 10:45:00+05:30,24753.85,24782.45,24776.280930202745,24776.280930202745,False,-28.6,10.0,45.2,4.15,STOP_LOSS,30,0H:30M,28.6,-0.2,-0.17712,0.0008,-10.0,6.0,,,0.0,-5.4255,0.0,24.5388,-0.8,0.0,-6.2255,-6.2255,-466.92,50.0,-516.92,-3.9685
short,C,2025-05-29 10:40:00+05:30,2025-05-29 12:55:00+05:30,24743.2,24768.6,24761.057528341982,24761.057528341982,False,-25.4,65.9,29.1,56.65,STOP_LOSS,135,2H:15M,25.4,-0.2,-0.17968,0.0008,-10.0,6.0,,,0.0,-4.8477,0.0,19.3548,-3.6,0.0,-8.4477,-8.4477,-633.58,50.0,-683.58,-17.3948
long,A,2025-05-30 09:30:00+05:30,2025-05-30 10:15:00+05:30,24826.75,24767.3,24782.590225632102,24782.590225632102,False,-59.45,6.8,63.0,0.0,STOP_LOSS,45,0H:45M,-59.45,0.2,0.15244,0.0008,-10.0,6.0,,,0.0,-10.6177,0.0,106.0291,-1.2,0.0,-11.8177,-11.8177,-886.32,50.0,-936.32,5.9297
short,C,2025-05-30 10:30:00+05:30,2025-05-30 11:15:00+05:30,24744.5,24764.45,24763.321434288806,24763.321434288806,False,-19.95,27.1,27.8,16.25,STOP_LOSS,45,0H:45M,19.95,-0.2,-0.18404,0.0008,-10.0,6.0,,,0.0,-3.8467,0.0,11.9401,-1.2,0.0,-5.0467,-5.0467,-378.5,50.0,-428.5,-5.9297
short,B,2025-05-30 11:15:00+05:30,2025-05-30 13:55:00+05:30,24764.45,24788.95,24779.06906511738,24779.06906511738,False,-24.5,35.75,37.25,32.3,STOP_LOSS,160,2H:40M,24.5,-0.2,-0.1804,0.0008,-10.0,6.0,,,0.0,-4.6839,0.0,18.0075,-4.2667,0.0,-8.9506,-8.9506,-671.29,50.0,-721.29,-20.4934
short,C,2025-06-02 09:30:00+05:30,2025-06-02 09:40:00+05:30,24540.5,24571.6,24570.810182201596,24570.810182201596,False,-31.1,0.1,50.7,0.0,STOP_LOSS,10,0H:10M,31.1,-0.2,-0.17512,0.0008,-10.0,6.0,,,0.0,-5.8718,0.0,29.0163,-0.2667,0.0,-6.1385,-6.1385,-460.39,50.0,-510.39,-1.3298
short,B,2025-06-02 10:00:00+05:30,2025-06-02 10:35:00+05:30,24580.9,24626.6,24606.359494028406,24606.359494028406,False,-45.7,26.7,47.55,15.05,STOP_LOSS,35,0H:35M,45.7,-0.2,-0.16344,0.0008,-10.0,6.0,,,0.0,-8.3881,0.0,62.6547,-0.9333,0.0,-9.3215,-9.3215,-699.11,50.0,-749.11,-4.6239
short,B,2025-06-02 10:50:00+05:30,2025-06-02 11:15:00+05:30,24618.0,24642.55,24637.03250185648,24637.03250185648,False,-24.55,8.4,25.6,1.3,STOP_LOSS,25,0H:25M,24.55,-0.2,-0.18036,0.0008,-10.0,6.0,,,0.0,-4.693,0.0,18.0811,-0.6667,0.0,-5.3597,-5.3597,-401.98,50.0,-451.98,-3.3114
short,C,2025-06-03 11:00:00+05:30,2025-06-03 13:30:00+05:30,24639.2,24561.8,24665.914716439154,24542.20183959552,True,77.4,137.05,23.4,116.95,TRAIL_SL,150,2H:30M,-77.4,-0.2,-0.26192,0.0008,-10.0,6.0,,,0.0,17.6367,0.0,179.7228,-4.0,0.0,13.6367,13.6367,1022.75,50.0,972.75,-19.2582
long,C,2025-06-05 09:30:00+05:30,2025-06-05 10:50:00+05:30,24737.5,24693.95,24702.017265507602,24702.017265507602,False,-43.55,24.0,46.6,16.1,STOP_LOSS,80,1H:20M,-43.55,0.2,0.16516,0.0008,-10.0,6.0,,,0.0,-8.0272,0.0,56.8981,-2.1333,0.0,-10.1606,-10.1606,-762.04,50.0,-812.04,10.4483
long,C,2025-06-05 11:25:00+05:30,2025-06-05 11:45:00+05:30,24736.95,24716.3,24717.155027919904,24717.155027919904,False,-20.65,2.95,23.15,0.0,STOP_LOSS,20,0H:20M,-20.65,0.2,0.18348,0.0008,-10.0,6.0,,,0.0,-3.9765,0.0,12.7927,-0.5333,0.0,-4.5098,-4.5098,-338.24,50.0,-388.24,2.6526
long,A,2025-06-05 12:25:00+05:30,2025-06-05 13:10:00+05:30,24822.1,24776.95,24784.74029429308,24784.74029429308,False,-45.15,15.35,51.7,3.6,STOP_LOSS,45,0H:45M,-45.15,0.2,0.16388,0.0008,-10.0,6.0,,,0.0,-8.2961,0.0,61.1557,-1.2,0.0,-9.4961,-9.4961,-712.21,50.0,-762.21,5.9297
short,C,2025-06-06 09:35:00+05:30,2025-06-06 10:05:00+05:30,24694.35,24794.6,24713.10802626562,24713.10802626562,False,-100.25,22.9,122.75,7.0,STOP_LOSS,30,0H:30M,100.25,-0.2,-0.1198,0.0008,-10.0,6.0,,,0.0,-16.432,0.0,301.5019,-0.8,0.0,-17.232,-17.232,-1292.4,50.0,-1342.4,-3.9685
long,C,2025-06-06 10:25:00+05:30,2025-06-06 12:00:00+05:30,24834.6,25011.85,24782.318955792394,25012.677789859656,True,177.25,194.9,5.55,191.2,TRAIL_SL,95,1H:35M,177.25,0.2,0.3418,0.0008,-10.0,6.0,,,0.0,46.7603,0.0,942.5269,-2.5333,0.0,44.227,44.227,3317.02,50.0,3267.02,12.3611
long,C,2025-06-06 12:00:00+05:30,2025-06-06 12:15:00+05:30,25011.85,24984.35,24985.840835756735,24985.840835756735,False,-27.5,7.45,29.7,1.85,STOP_LOSS,15,0H:15M,-27.5,0.2,0.178,0.0008,-10.0,6.0,,,0.0,-5.2277,0.0,22.6875,-0.4,0.0,-5.6277,-5.6277,-422.08,50.0,-472.08,1.9921
long,A,2025-06-06 12:25:00+05:30,2025-06-06 15:10:00+05:30,24984.1,25002.1,24961.796391296295,24961.796391296295,False,18.0,37.65,21.75,32.9,SOFT_EOD_EXIT,165,2H:45M,18.0,0.2,0.2144,0.0008,-10.0,6.0,,,0.0,3.7166,0.0,9.72,-4.4,0.0,-0.6834,-0.6834,-51.25,50.0,-101.25,21.1088
long,C,2025-06-09 09:30:00+05:30,2025-06-09 15:10:00+05:30,25091.45,25103.2,25052.40799171107,25052.40799171107,False,11.75,51.25,14.3,47.7,SOFT_EOD_EXIT,340,5H:40M,11.75,0.2,0.2094,0.0008,-10.0,6.0,,,0.0,2.3997,0.0,4.1419,-9.0667,0.0,-6.667,-6.667,-500.02,50.0,-550.02,41.8333
long,C,2025-06-11 10:00:00+05:30,2025-06-11 12:10:00+05:30,25152.5,25205.95,25132.428087938566,25207.022521243805,True,53.45,63.45,20.1,62.4,TRAIL_SL,130,2H:10M,53.45,0.2,0.24276,0.0008,-10.0,6.0,,,0.0,11.7185,0.0,85.7071,-3.4667,0.0,8.2518,8.2518,618.89,50.0,568.89,16.7708
long,A,2025-06-11 12:10:00+05:30,2025-06-11 12:35:00+05:30,25205.95,25187.5,25192.925482834344,25192.925482834344,False,-18.45,14.45,19.65,8.85,STOP_LOSS,25,0H:25M,-18.45,0.2,0.18524,0.0008,-10.0,6.0,,,0.0,-3.5675,0.0,10.2121,-0.6667,0.0,-4.2341,-4.2341,-317.56,50.0,-367.56,3.3114
short,C,2025-06-12 09:50:00+05:30,2025-06-12 12:10:00+05:30,25118.45,25039.15,25138.23828364763,25034.99409858206,True,79.3,109.1,0.55,95.55,TRAIL_SL,140,2H:20M,-79.3,-0.2,-0.26344,0.0008,-10.0,6.0,,,0.0,18.1239,0.0,188.6547,-3.7333,0.0,14.3905,14.3905,1079.29,50.0,1029.29,-18.0174
short,B,2025-06-12 12:10:00+05:30,2025-06-12 12:30:00+05:30,25039.15,25059.15,25052.557348113158,25052.557348113158,False,-20.0,6.0,23.65,3.9,STOP_LOSS,20,0H:20M,20.0,-0.2,-0.184,0.0008,-10.0,6.0,,,0.0,-3.856,0.0,12.0,-0.5333,0.0,-4.3893,-4.3893,-329.2,50.0,-379.2,-2.6526
short,C,2025-06-13 09:30:00+05:30,2025-06-13 09:35:00+05:30,24586.8,24636.45,24634.408003542227,24634.408003542227,False,-49.65,3.75,51.7,0.0,STOP_LOSS,5,0H:05M,49.65,-0.2,-0.16028,0.0008,-10.0,6.0,,,0.0,-9.0426,0.0,73.9537,-0.1333,0.0,-9.1759,-9.1759,-688.19,50.0,-738.19,-0.6658
short,B,2025-06-13 10:10:00+05:30,2025-06-13 10:45:00+05:30,24644.15,24675.6,24674.369426385627,24674.369426385627,False,-31.45,18.95,43.9,13.6,STOP_LOSS,35,0H:35M,31.45,-0.2,-0.17484,0.0008,-10.0,6.0,,,0.0,-5.9339,0.0,29.6731,-0.9333,0.0,-6.8673,-6.8673,-515.04,50.0,-565.04,-4.6239
short,B,2025-06-13 10:45:00+05:30,2025-06-13 12:15:00+05:30,24675.6,24723.95,24696.675738626214,24696.675738626214,False,-48.35,35.85,49.0,21.85,STOP_LOSS,90,1H:30M,48.35,-0.2,-0.16132,0.0008,-10.0,6.0,,,0.0,-8.8284,0.0,70.1317,-2.4,0.0,-11.2284,-11.2284,-842.13,50.0,-892.13,-11.725
long,A,2025-06-16 09:30:00+05:30,2025-06-16 09:45:00+05:30,24760.0,24713.25,24722.271069474285,24722.271069474285,False,-46.75,15.2,53.5,5.0,STOP_LOSS,15,0H:15M,-46.75,0.2,0.1626,0.0008,-10.0,6.0,,,0.0,-8.5632,0.0,65.5669,-0.4,0.0,-8.9632,-8.9632,-672.24,50.0,-722.24,1.9921
long,A,2025-06-16 09:55:00+05:30,2025-06-16 11:10:00+05:30,24737.25,24906.75,24699.119696893256,24910.358777930935,True,169.5,193.4,11.2,188.3,TRAIL_SL,75,1H:15M,169.5,0.2,0.3356,0.0008,-10.0,6.0,,,0.0,44.2429,0.0,861.9075,-2.0,0.0,42.2429,42.2429,3168.22,50.0,3118.22,9.8076
long,C,2025-06-16 11:10:00+05:30,2025-06-16 11:20:00+05:30,24906.75,24875.2,24876.722548413618,24876.722548413618,False,-31.55,5.55,32.25,0.0,STOP_LOSS,10,0H:10M,-31.55,0.2,0.17476,0.0008,-10.0,6.0,,,0.0,-5.9517,0.0,29.8621,-0.2667,0.0,-6.2183,-6.2183,-466.37,50.0,-516.37,1.3298
long,A,2025-06-16 11:20:00+05:30,2025-06-16 12:45:00+05:30,24875.2,24934.2,24845.864714141786,24936.155069229168,True,59.0,77.85,0.95,74.4,TRAIL_SL,85,1H:25M,59.0,0.2,0.2472,0.0008,-10.0,6.0,,,0.0,13.0532,0.0,104.43,-2.2667,0.0,10.7865,10.7865,808.99,50.0,758.99,11.0875
short,C,2025-06-17 10:00:00+05:30,2025-06-17 10:15:00+05:30,24859.9,24880.85,24880.23376763873,24880.23376763873,False,-20.95,13.45,21.4,8.2,STOP_LOSS,15,0H:15M,20.95,-0.2,-0.18324,0.0008,-10.0,6.0,,,0.0,-4.032,0.0,13.1671,-0.4,0.0,-4.432,-4.432,-332.4,50.0,-382.4,-1.9921
short,C,2025-06-17 13:00:00+05:30,2025-06-17 13:10:00+05:30,24826.5,24839.45,24836.880737615884,24836.880737615884,False,-12.95,2.95,14.9,0.0,STOP_LOSS,10,0H:10M,12.95,-0.2,-0.18964,0.0008,-10.0,6.0,,,0.0,-2.5296,0.0,5.0311,-0.2667,0.0,-2.7963,-2.7963,-209.72,50.0,-259.72,-1.3298
long,C,2025-06-18 09:30:00+05:30,2025-06-18 10:20:00+05:30,24914.4,24878.7,24880.72858167676,24880.72858167676,False,-35.7,33.15,36.3,23.4,STOP_LOSS,50,0H:50M,-35.7,0.2,0.17144,0.0008,-10.0,6.0,,,0.0,-6.6812,0.0,38.2347,-1.3333,0.0,-8.0145,-8.0145,-601.09,50.0,-651.09,6.5801
short,C,2025-06-18 11:15:00+05:30,2025-06-18 15:10:00+05:30,24823.55,24813.05,24838.06152778766,24838.06152778766,False,10.5,73.1,6.1,70.1,SOFT_EOD_EXIT,235,3H:55M,-10.5,-0.2,-0.2084,0.0008,-10.0,6.0,,,0.0,2.1397,0.0,3.3075,-6.2667,0.0,-4.127,-4.127,-309.52,50.0,-359.52,-29.583
long,C,2025-06-20 09:40:00+05:30,2025-06-20 10:35:00+05:30,24874.35,25004.85,24831.584216868298,25005.08298047118,True,130.5,166.1,21.35,150.3,TRAIL_SL,55,0H:55M,130.5,0.2,0.3044,0.0008,-10.0,6.0,,,0.0,32.2309,0.0,510.9075,-1.4667,0.0,30.7642,30.7642,2307.32,50.0,2257.32,7.2288
long,C,2025-06-20 10:40:00+05:30,2025-06-20 13:20:00+05:30,25001.6,25055.05,24965.07425510781,25063.002576911207,True,53.45,76.75,37.55,73.8,TRAIL_SL,160,2H:40M,53.45,0.2,0.24276,0.0008,-10.0,6.0,,,0.0,11.7185,0.0,85.7071,-4.2667,0.0,7.4518,7.4518,558.89,50.0,508.89,20.4934
long,C,2025-06-20 13:20:00+05:30,2025-06-20 15:25:00+05:30,25055.05,25079.75,25029.745133312754,25113.489990782222,True,24.7,81.15,23.65,71.3,TRAIL_SL,125,2H:05M,24.7,0.2,0.21976,0.0008,-10.0,6.0,,,0.0,5.1596,0.0,18.3027,-3.3333,0.0,1.8263,1.8263,136.97,50.0,86.97,16.1453
short,C,2025-06-23 09:30:00+05:30,2025-06-23 09:35:00+05:30,24863.0,24895.6,24895.532412246084,24895.532412246084,False,-32.6,0.0,32.6,0.0,STOP_LOSS,5,0H:05M,32.6,-0.2,-0.17392,0.0008,-10.0,6.0,,,0.0,-6.1374,0.0,31.8828,-0.1333,0.0,-6.2707,-6.2707,-470.31,50.0,-520.31,-0.6658
short,B,2025-06-23 10:10:00+05:30,2025-06-23 10:25:00+05:30,24863.1,24893.75,24887.090224089025,24887.090224089025,False,-30.65,6.35,31.2,0.0,STOP_LOSS,15,0H:15M,30.65,-0.2,-0.17548,0.0008,-10.0,6.0,,,0.0,-5.7918,0.0,28.1827,-0.4,0.0,-6.1918,-6.1918,-464.39,50.0,-514.39,-1.9921
short,B,2025-06-23 10:50:00+05:30,2025-06-23 11:20:00+05:30,24915.35,24943.5,24933.510477349777,24933.510477349777,False,-28.15,12.75,28.85,3.2,STOP_LOSS,30,0H:30M,28.15,-0.2,-0.17748,0.0008,-10.0,6.0,,,0.0,-5.3447,0.0,23.7727,-0.8,0.0,-6.1447,-6.1447,-460.85,50.0,-510.85,-3.9685
long,C,2025-06-24 09:30:00+05:30,2025-06-24 09:45:00+05:30,25207.6,25138.15,25157.312135827702,25157.312135827702,False,-69.45,0.9,89.1,0.0,STOP_LOSS,15,0H:15M,-69.45,0.2,0.14444,0.0008,-10.0,6.0,,,0.0,-12.1536,0.0,144.6991,-0.4,0.0,-12.5536,-12.5536,-941.52,50.0,-991.52,1.9921
long,A,2025-06-24 09:45:00+05:30,2025-06-24 10:45:00+05:30,25138.15,25196.4,25081.718996270658,25213.26838301674,True,58.25,119.8,0.8,98.65,TRAIL_SL,60,1H:00M,58.25,0.2,0.2466,0.0008,-10.0,6.0,,,0.0,12.8715,0.0,101.7919,-1.6,0.0,11.2715,11.2715,845.36,50.0,795.36,7.8759
long,A,2025-06-24 10:45:00+05:30,2025-06-24 12:15:00+05:30,25196.4,25284.8,25159.12499108006,25296.59380346701,True,88.4,121.3,29.3,112.35,TRAIL_SL,90,1H:30M,88.4,0.2,0.27072,0.0008,-10.0,6.0,,,0.0,20.4932,0.0,234.4368,-2.4,0.0,18.0932,18.0932,1356.99,50.0,1306.99,11.725
long,A,2025-06-24 12:15:00+05:30,2025-06-24 12:35:00+05:30,25284.8,25248.8,25259.321259342818,25259.321259342818,False,-36.0,11.0,53.55,9.1,STOP_LOSS,20,0H:20M,-36.0,0.2,0.1712,0.0008,-10.0,6.0,,,0.0,-6.7334,0.0,38.88,-0.5333,0.0,-7.2668,-7.2668,-545.01,50.0,-595.01,2.6526
long,C,2025-06-26 09:30:00+05:30,2025-06-26 10:40:00+05:30,25370.75,25306.8,25337.286634889744,25337.286634889744,False,-63.95,67.15,66.7,47.6,STOP_LOSS,70,1H:10M,-63.95,0.2,0.14884,0.0008,-10.0,6.0,,,0.0,-11.3177,0.0,122.6881,-1.8667,0.0,-13.1844,-13.1844,-988.83,50.0,-1038.83,9.1653
long,A,2025-06-27 09:30:00+05:30,2025-06-27 12:20:00+05:30,25563.8,25617.05,25520.73119588084,25621.14325045918,True,53.25,68.7,35.35,64.6,TRAIL_SL,170,2H:50M,53.25,0.2,0.2426,0.0008,-10.0,6.0,,,0.0,11.6708,0.0,85.0669,-4.5333,0.0,7.1375,7.1375,535.31,50.0,485.31,21.7229
short,C,2025-06-30 09:45:00+05:30,2025-06-30 10:15:00+05:30,25569.4,25600.0,25588.454265706554,25588.454265706554,False,-30.6,25.7,30.6,11.35,STOP_LOSS,30,0H:30M,30.6,-0.2,-0.17552,0.0008,-10.0,6.0,,,0.0,-5.7829,0.0,28.0908,-0.8,0.0,-6.5829,-6.5829,-493.72,50.0,-543.72,-3.9685
short,C,2025-06-30 10:45:00+05:30,2025-06-30 10:50:00+05:30,25541.1,25556.65,25555.85913645337,25555.85913645337,False,-15.55,4.4,15.85,0.0,STOP_LOSS,5,0H:05M,15.55,-0.2,-0.18756,0.0008,-10.0,6.0,,,0.0,-3.023,0.0,7.2541,-0.1333,0.0,-3.1563,-3.1563,-236.72,50.0,-286.72,-0.6658
short,B,2025-06-30 11:20:00+05:30,2025-06-30 11:45:00+05:30,25556.9,25569.15,25568.825300217064,25568.825300217064,False,-12.25,4.05,13.6,1.5,STOP_LOSS,25,0H:25M,12.25,-0.2,-0.1902,0.0008,-10.0,6.0,,,0.0,-2.396,0.0,4.5019,-0.6667,0.0,-3.0626,-3.0626,-229.7,50.0,-279.7,-3.3114
long,C,2025-07-01 09:30:00+05:30,2025-07-01 10:00:00+05:30,25580.65,25550.65,25554.200424312985,25554.200424312985,False,-30.0,12.75,42.35,9.35,STOP_LOSS,30,0H:30M,-30.0,0.2,0.176,0.0008,-10.0,6.0,,,0.0,-5.676,0.0,27.0,-0.8,0.0,-6.476,-6.476,-485.7,50.0,-535.7,3.9685
long,A,2025-07-01 10:00:00+05:30,2025-07-01 10:55:00+05:30,25550.65,25520.95,25522.27277599234,25522.27277599234,False,-29.7,6.9,31.0,2.75,STOP_LOSS,55,0H:55M,-29.7,0.2,0.17624,0.0008,-10.0,6.0,,,0.0,-5.6224,0.0,26.4627,-1.4667,0.0,-7.0891,-7.0891,-531.68,50.0,-581.68,7.2288
long,A,2025-07-02 09:30:00+05:30,2025-07-02 10:15:00+05:30,25546.65,25507.7,25518.20391639054,25518.20391639054,False,-38.95,13.9,49.8,9.35,STOP_LOSS,45,0H:45M,-38.95,0.2,0.16884,0.0008,-10.0,6.0,,,0.0,-7.2438,0.0,45.5131,-1.2,0.0,-8.4438,-8.4438,-633.29,50.0,-683.29,5.9297
short,C,2025-07-02 10:35:00+05:30,2025-07-02 13:35:00+05:30,25494.65,25415.6,25508.835447312886,25415.42480864431,True,79.05,105.1,9.3,89.3,TRAIL_SL,180,3H:00M,-79.05,-0.2,-0.26324,0.0008,-10.0,6.0,,,0.0,18.0596,0.0,187.4671,-4.8,0.0,13.2596,13.2596,994.47,50.0,944.47,-22.9469
long,A,2025-07-03 09:30:00+05:30,2025-07-03 10:50:00+05:30,25462.55,25535.9,25421.455979834005,25542.69832618574,True,73.35,104.95,8.7,94.55,TRAIL_SL,80,1H:20M,73.35,0.2,0.25868,0.0008,-10.0,6.0,,,0.0,16.6069,0.0,161.4067,-2.1333,0.0,14.4735,14.4735,1085.52,50.0,1035.52,10.4483
long,A,2025-07-03 10:50:00+05:30,2025-07-03 11:45:00+05:30,25535.9,25507.05,25511.985063671742,25511.985063671742,False,-28.85,40.8,51.05,31.3,STOP_LOSS,55,0H:55M,-28.85,0.2,0.17692,0.0008,-10.0,6.0,,,0.0,-5.4704,0.0,24.9697,-1.4667,0.0,-6.937,-6.937,-520.28,50.0,-570.28,7.2288
short,B,2025-07-04 09:30:00+05:30,2025-07-04 14:35:00+05:30,25406.75,25433.45,25428.663481244686,25428.663481244686,False,-26.7,75.1,43.85,67.15,STOP_LOSS,305,5H:05M,26.7,-0.2,-0.17864,0.0008,-10.0,6.0,,,0.0,-5.0834,0.0,21.3867,-8.1333,0.0,-13.2167,-13.2167,-991.25,50.0,-1041.25,-37.8078
long,C,2025-07-07 09:30:00+05:30,2025-07-07 09:45:00+05:30,25478.0,25446.65,25448.587624081276,25448.587624081276,False,-31.35,11.8,37.05,1.65,STOP_LOSS,15,0H:15M,-31.35,0.2,0.17492,0.0008,-10.0,6.0,,,0.0,-5.9162,0.0,29.4847,-0.4,0.0,-6.3162,-6.3162,-473.71,50.0,-523.71,1.9921
long,A,2025-07-07 09:45:00+05:30,2025-07-07 15:10:00+05:30,25446.65,25459.95,25418.5227259575,25418.5227259575,False,13.3,32.1,30.8,26.9,SOFT_EOD_EXIT,325,5H:25M,13.3,0.2,0.21064,0.0008,-10.0,6.0,,,0.0,2.7237,0.0,5.3067,-8.6667,0.0,-5.943,-5.943,-445.72,50.0,-495.72,40.1149
long,C,2025-07-09 10:10:00+05:30,2025-07-09 13:00:00+05:30,25527.65,25490.5,25507.07549090106,25507.07549090106,False,-37.15,21.05,37.15,17.15,STOP_LOSS,170,2H:50M,-37.15,0.2,0.17028,0.0008,-10.0,6.0,,,0.0,-6.9332,0.0,41.4037,-4.5333,0.0,-11.4665,-11.4665,-859.99,50.0,-909.99,21.7229
short,C,2025-07-10 09:30:00+05:30,2025-07-10 11:25:00+05:30,25444.65,25377.35,25460.202062773977,25376.95517589624,True,67.3,80.95,12.5,77.85,TRAIL_SL,115,1H:55M,-67.3,-0.2,-0.25384,0.0008,-10.0,6.0,,,0.0,15.0905,0.0,135.8787,-3.0667,0.0,12.0239,12.0239,901.79,50.0,851.79,-14.8899
short,C,2025-07-10 11:25:00+05:30,2025-07-10 12:20:00+05:30,25377.35,25396.35,25389.87144055426,25389.87144055426,False,-19.0,20.15,21.1,13.65,STOP_LOSS,55,0H:55M,19.0,-0.2,-0.1848,0.0008,-10.0,6.0,,,0.0,-3.67,0.0,10.83,-1.4667,0.0,-5.1367,-5.1367,-385.25,50.0,-435.25,-7.2288
short,C,2025-07-11 09:30:00+05:30,2025-07-11 09:40:00+05:30,25286.85,25315.25,25308.353903100684,25308.353903100684,False,-28.4,1.2,35.6,0.0,STOP_LOSS,10,0H:10M,28.4,-0.2,-0.17728,0.0008,-10.0,6.0,,,0.0,-5.3896,0.0,24.1968,-0.2667,0.0,-5.6563,-5.6563,-424.22,50.0,-474.22,-1.3298
short,C,2025-07-11 10:30:00+05:30,2025-07-11 13:10:00+05:30,25219.9,25155.7,25235.290931055984,25150.179122362028,True,64.2,83.15,10.55,79.35,TRAIL_SL,160,2H:40M,-64.2,-0.2,-0.25136,0.0008,-10.0,6.0,,,0.0,14.3238,0.0,123.6492,-4.2667,0.0,10.0571,10.0571,754.28,50.0,704.28,-20.4934
short,C,2025-07-14 09:30:00+05:30,2025-07-14 09:35:00+05:30,25055.35,25073.8,25073.685003904517,25073.685003904517,False,-18.45,13.45,20.35,0.0,STOP_LOSS,5,0H:05M,18.45,-0.2,-0.18524,0.0008,-10.0,6.0,,,0.0,-3.5675,0.0,10.2121,-0.1333,0.0,-3.7008,-3.7008,-277.56,50.0,-327.56,-0.6658
short,B,2025-07-14 10:00:00+05:30,2025-07-14 12:05:00+05:30,25109.7,25051.7,25127.32000958783,25042.332793198864,True,58.0,89.95,17.35,76.35,TRAIL_SL,125,2H:05M,-58.0,-0.2,-0.2464,0.0008,-10.0,6.0,,,0.0,12.811,0.0,100.92,-3.3333,0.0,9.4777,9.4777,710.83,50.0,660.83,-16.1453
short,C,2025-07-14 12:05:00+05:30,2025-07-14 14:50:00+05:30,25051.7,25083.55,25062.833025965436,25062.833025965436,False,-31.85,49.75,34.7,30.9,STOP_LOSS,165,2H:45M,31.85,-0.2,-0.17452,0.0008,-10.0,6.0,,,0.0,-6.0048,0.0,30.4327,-4.4,0.0,-10.4048,-10.4048,-780.36,50.0,-830.36,-21.1088
long,C,2025-07-15 09:30:00+05:30,2025-07-15 09:40:00+05:30,25139.95,25101.65,25113.619107709856,25113.619107709856,False,-38.3,0.2,42.6,0.0,STOP_LOSS,10,0H:10M,-38.3,0.2,0.16936,0.0008,-10.0,6.0,,,0.0,-7.1319,0.0,44.0067,-0.2667,0.0,-7.3986,-7.3986,-554.89,50.0,-604.89,1.3298
long,A,2025-07-15 09:45:00+05:30,2025-07-15 11:15:00+05:30,25106.35,25205.85,25079.122915448457,25219.743457641656,True,99.5,138.85,10.15,125.4,TRAIL_SL,90,1H:30M,99.5,0.2,0.2796,0.0008,-10.0,6.0,,,0.0,23.4641,0.0,297.0075,-2.4,0.0,21.0641,21.0641,1579.81,50.0,1529.81,11.725
long,C,2025-07-15 11:15:00+05:30,2025-07-15 13:30:00+05:30,25205.85,25177.3,25180.16817192391,25180.16817192391,False,-28.55,22.45,32.75,18.35,STOP_LOSS,135,2H:15M,-28.55,0.2,0.17716,0.0008,-10.0,6.0,,,0.0,-5.4166,0.0,24.4531,-3.6,0.0,-9.0166,-9.0166,-676.24,50.0,-726.24,17.3948
short,C,2025-07-16 10:30:00+05:30,2025-07-16 11:40:00+05:30,25139.0,25153.7,25151.509902954524,25151.509902954524,False,-14.7,17.95,17.2,12.4,STOP_LOSS,70,1H:10M,14.7,-0.2,-0.18824,0.0008,-10.0,6.0,,,0.0,-2.8622,0.0,6.4827,-1.8667,0.0,-4.7289,-4.7289,-354.67,50.0,-404.67,-9.1653
short,C,2025-07-17 10:15:00+05:30,2025-07-17 11:10:00+05:30,25158.0,25178.9,25170.335324637927,25170.335324637927,False,-20.9,14.0,42.1,9.1,STOP_LOSS,55,0H:55M,20.9,-0.2,-0.18328,0.0008,-10.0,6.0,,,0.0,-4.0227,0.0,13.1043,-1.4667,0.0,-5.4894,-5.4894,-411.71,50.0,-461.71,-7.2288
short,C,2025-07-18 09:30:00+05:30,2025-07-18 11:00:00+05:30,25077.75,24953.45,25092.67127236827,24942.11586931067,True,124.3,152.5,8.4,147.75,TRAIL_SL,90,1H:30M,-124.3,-0.2,-0.29944,0.0008,-10.0,6.0,,,0.0,30.4222,0.0,463.5147,-2.4,0.0,28.0222,28.0222,2101.66,50.0,2051.66,-11.725
short,B,2025-07-18 11:00:00+05:30,2025-07-18 11:25:00+05:30,24953.45,24971.3,24969.645525086562,24969.645525086562,False,-17.85,5.05,23.1,0.0,STOP_LOSS,25,0H:25M,17.85,-0.2,-0.18572,0.0008,-10.0,6.0,,,0.0,-3.4553,0.0,9.5587,-0.6667,0.0,-4.122,-4.122,-309.15,50.0,-359.15,-3.3114
short,B,2025-07-18 11:30:00+05:30,2025-07-18 14:20:00+05:30,24958.3,24973.95,24970.397472408014,24970.397472408014,False,-15.65,39.65,35.95,36.4,STOP_LOSS,170,2H:50M,15.65,-0.2,-0.18748,0.0008,-10.0,6.0,,,0.0,-3.0418,0.0,7.3477,-4.5333,0.0,-7.5752,-7.5752,-568.14,50.0,-618.14,-21.7229
short,C,2025-07-21 09:30:00+05:30,2025-07-21 09:40:00+05:30,24891.15,24938.7,24912.354216586195,24912.354216586195,False,-47.55,0.25,53.35,0.0,STOP_LOSS,10,0H:10M,47.55,-0.2,-0.16196,0.0008,-10.0,6.0,,,0.0,-8.696,0.0,67.8301,-0.2667,0.0,-8.9627,-8.9627,-672.2,50.0,-722.2,-1.3298
long,C,2025-07-21 09:55:00+05:30,2025-07-22 09:25:00+05:30,25035.25,25124.0,24996.556513511376,25124.25720063941,True,88.75,146.75,47.15,104.3,TRAIL_SL,1410,23H:30M,88.75,0.2,0.271,0.0008,-10.0,6.0,,,0.0,20.5856,0.0,236.2969,-37.6,0.0,-17.0144,-17.0144,-1276.08,50.0,-1326.08,145.6008
long,A,2025-07-22 09:30:00+05:30,2025-07-22 10:40:00+05:30,25119.05,25087.85,25088.02615029387,25088.02615029387,False,-31.2,12.55,33.45,0.9,STOP_LOSS,70,1H:10M,-31.2,0.2,0.17504,0.0008,-10.0,6.0,,,0.0,-5.8896,0.0,29.2032,-1.8667,0.0,-7.7562,-7.7562,-581.72,50.0,-631.72,9.1653
long,C,2025-07-23 09:30:00+05:30,2025-07-23 12:40:00+05:30,25114.3,25172.45,25086.681575893228,25177.267461634074,True,58.15,74.25,28.8,71.5,TRAIL_SL,190,3H:10M,58.15,0.2,0.24652,0.0008,-10.0,6.0,,,0.0,12.8473,0.0,101.4427,-5.0667,0.0,7.7806,7.7806,583.55,50.0,533.55,24.1654
long,A,2025-07-23 12:40:00+05:30,2025-07-23 15:15:00+05:30,25172.45,25218.65,25155.188266832392,25223.860142918187,True,46.2,61.05,32.5,58.6,TRAIL_SL,155,2H:35M,46.2,0.2,0.23696,0.0008,-10.0,6.0,,,0.0,10.0084,0.0,64.0332,-4.1333,0.0,5.8751,5.8751,440.63,50.0,390.63,19.8765
short,C,2025-07-24 11:15:00+05:30,2025-07-24 12:15:00+05:30,25142.35,25068.3,25150.878173987454,25049.62476151461,True,74.05,123.65,2.7,104.8,TRAIL_SL,60,1H:00M,-74.05,-0.2,-0.25924,0.0008,-10.0,6.0,,,0.0,16.784,0.0,164.5021,-1.6,0.0,15.184,15.184,1138.8,50.0,1088.8,-7.8759
short,B,2025-07-24 12:15:00+05:30,2025-07-24 13:45:00+05:30,25068.3,25099.5,25084.653344832444,25084.653344832444,False,-31.2,37.65,32.2,27.5,STOP_LOSS,90,1H:30M,31.2,-0.2,-0.17504,0.0008,-10.0,6.0,,,0.0,-5.8896,0.0,29.2032,-2.4,0.0,-8.2896,-8.2896,-621.72,50.0,-671.72,-11.725
short,C,2025-07-25 09:30:00+05:30,2025-07-25 10:40:00+05:30,24950.0,24873.5,24976.547575788267,24867.316737610407,True,76.5,105.55,28.75,97.95,TRAIL_SL,70,1H:10M,-76.5,-0.2,-0.2612,0.0008,-10.0,6.0,,,0.0,17.4068,0.0,175.5675,-1.8667,0.0,15.5401,15.5401,1165.51,50.0,1115.51,-9.1653
short,B,2025-07-25 10:40:00+05:30,2025-07-25 15:10:00+05:30,24873.5,24844.4,24892.878965744607,24892.878965744607,False,29.1,67.15,43.35,61.8,SOFT_EOD_EXIT,270,4H:30M,-29.1,-0.2,-0.22328,0.0008,-10.0,6.0,,,0.0,6.1249,0.0,25.4043,-7.2,0.0,-1.0751,-1.0751,-80.64,50.0,-130.64,-33.7252
short,B,2025-07-28 09:35:00+05:30,2025-07-28 10:15:00+05:30,24826.0,24866.3,24850.316706352616,24850.316706352616,False,-40.3,44.85,51.45,40.95,STOP_LOSS,40,0H:40M,40.3,-0.2,-0.16776,0.0008,-10.0,6.0,,,0.0,-7.4753,0.0,48.7227,-1.0667,0.0,-8.542,-8.542,-640.65,50.0,-690.65,-5.2776
short,C,2025-07-28 12:50:00+05:30,2025-07-28 13:45:00+05:30,24746.65,24682.8,24761.220646239584,24680.68601174963,True,63.85,85.55,0.0,78.25,TRAIL_SL,55,0H:55M,-63.85,-0.2,-0.25108,0.0008,-10.0,6.0,,,0.0,14.2377,0.0,122.3047,-1.4667,0.0,12.771,12.771,957.82,50.0,907.82,-7.2288
short,C,2025-07-29 10:25:00+05:30,2025-07-29 11:10:00+05:30,24632.9,24658.6,24652.20377914285,24652.20377914285,False,-25.7,18.6,27.35,11.5,STOP_LOSS,45,0H:45M,25.7,-0.2,-0.17944,0.0008,-10.0,6.0,,,0.0,-4.9022,0.0,19.8147,-1.2,0.0,-6.1022,-6.1022,-457.67,50.0,-507.67,-5.9297
short,B,2025-07-29 11:10:00+05:30,2025-07-29 11:15:00+05:30,24658.6,24687.6,24673.75130785819,24673.75130785819,False,-29.0,0.0,35.1,0.0,STOP_LOSS,5,0H:05M,29.0,-0.2,-0.1768,0.0008,-10.0,6.0,,,0.0,-5.4972,0.0,25.23,-0.1333,0.0,-5.6306,-5.6306,-422.29,50.0,-472.29,-0.6658
long,C,2025-07-30 09:30:00+05:30,2025-07-30 09:45:00+05:30,24867.45,24832.45,24833.6409883848,24833.6409883848,False,-35.0,12.5,35.0,9.75,STOP_LOSS,15,0H:15M,-35.0,0.2,0.172,0.0008,-10.0,6.0,,,0.0,-6.559,0.0,36.75,-0.4,0.0,-6.959,-6.959,-521.93,50.0,-571.93,1.9921
long,A,2025-07-30 09:55:00+05:30,2025-07-30 10:35:00+05:30,24839.35,24804.1,24804.693713567547,24804.693713567547,False,-35.25,19.4,36.75,15.35,STOP_LOSS,40,0H:40M,-35.25,0.2,0.1718,0.0008,-10.0,6.0,,,0.0,-6.6027,0.0,37.2769,-1.0667,0.0,-7.6693,-7.6693,-575.2,50.0,-625.2,5.2776
long,C,2025-07-30 11:20:00+05:30,2025-07-30 12:10:00+05:30,24879.15,24851.85,24853.348452525854,24853.348452525854,False,-27.3,23.15,38.25,19.55,STOP_LOSS,50,0H:50M,-27.3,0.2,0.17816,0.0008,-10.0,6.0,,,0.0,-5.1917,0.0,22.3587,-1.3333,0.0,-6.525,-6.525,-489.38,50.0,-539.38,6.5801
short,C,2025-07-31 09:30:00+05:30,2025-07-31 11:00:00+05:30,24711.55,24758.85,24740.132848792735,24740.132848792735,False,-47.3,57.95,54.35,49.65,STOP_LOSS,90,1H:30M,47.3,-0.2,-0.16216,0.0008,-10.0,6.0,,,0.0,-8.6546,0.0,67.1187,-2.4,0.0,-11.0546,-11.0546,-829.09,50.0,-879.09,-11.725
long,C,2025-07-31 11:30:00+05:30,2025-07-31 12:05:00+05:30,24807.4,24760.55,24775.869988424856,24775.869988424856,False,-46.85,15.0,51.8,6.5,STOP_LOSS,35,0H:35M,-46.85,0.2,0.16252,0.0008,-10.0,6.0,,,0.0,-8.5798,0.0,65.8477,-0.9333,0.0,-9.5132,-9.5132,-713.49,50.0,-763.49,4.6239
long,C,2025-07-31 12:30:00+05:30,2025-07-31 13:40:00+05:30,24857.0,24921.65,24824.527232800974,24930.31303014748,True,64.65,99.5,12.65,87.9,TRAIL_SL,70,1H:10M,64.65,0.2,0.25172,0.0008,-10.0,6.0,,,0.0,14.4347,0.0,125.3887,-1.8667,0.0,12.568,12.568,942.6,50.0,892.6,9.1653
short,C,2025-08-01 09:30:00+05:30,2025-08-01 10:10:00+05:30,24713.95,24745.65,24740.996943416587,24740.996943416587,False,-31.7,29.3,33.4,17.05,STOP_LOSS,40,0H:40M,31.7,-0.2,-0.17464,0.0008,-10.0,6.0,,,0.0,-5.9782,0.0,30.1467,-1.0667,0.0,-7.0449,-7.0449,-528.37,50.0,-578.37,-5.2776
short,C,2025-08-01 11:10:00+05:30,2025-08-01 12:50:00+05:30,24710.25,24649.9,24728.961254878974,24649.669175746654,True,60.35,99.2,7.75,74.8,TRAIL_SL,100,1H:40M,-60.35,-0.2,-0.24828,0.0008,-10.0,6.0,,,0.0,13.3812,0.0,109.2637,-2.6667,0.0,10.7145,10.7145,803.59,50.0,753.59,-12.9956
short,B,2025-08-01 12:50:00+05:30,2025-08-01 13:25:00+05:30,24649.9,24683.75,24666.10022611769,24666.10022611769,False,-33.85,15.4,34.85,10.5,STOP_LOSS,35,0H:35M,33.85,-0.2,-0.17292,0.0008,-10.0,6.0,,,0.0,-6.3575,0.0,34.3747,-0.9333,0.0,-7.2908,-7.2908,-546.81,50.0,-596.81,-4.6239
short,C,2025-08-05 09:45:00+05:30,2025-08-05 10:05:00+05:30,24615.4,24633.65,24633.333977747156,24633.333977747156,False,-18.25,22.25,19.15,10.3,STOP_LOSS,20,0H:20M,18.25,-0.2,-0.1854,0.0008,-10.0,6.0,,,0.0,-3.5301,0.0,9.9919,-0.5333,0.0,-4.0634,-4.0634,-304.76,50.0,-354.76,-2.6526
short,B,2025-08-05 10:15:00+05:30,2025-08-05 12:10:00+05:30,24634.8,24658.1,24652.854364786457,24652.854364786457,False,-23.3,37.95,33.9,27.35,STOP_LOSS,115,1H:55M,23.3,-0.2,-0.18136,0.0008,-10.0,6.0,,,0.0,-4.4646,0.0,16.2867,-3.0667,0.0,-7.5312,-7.5312,-564.84,50.0,-614.84,-14.8899
short,C,2025-08-06 10:05:00+05:30,2025-08-06 10:15:00+05:30,24603.1,24631.0,24623.086030196504,24623.086030196504,False,-27.9,17.3,29.15,0.0,STOP_LOSS,10,0H:10M,27.9,-0.2,-0.17768,0.0008,-10.0,6.0,,,0.0,-5.2998,0.0,23.3523,-0.2667,0.0,-5.5664,-5.5664,-417.48,50.0,-467.48,-1.3298
short,C,2025-08-06 11:05:00+05:30,2025-08-06 11:25:00+05:30,24550.0,24569.4,24565.011820922824,24565.011820922824,False,-19.4,1.8,20.6,0.0,STOP_LOSS,20,0H:20M,19.4,-0.2,-0.18448,0.0008,-10.0,6.0,,,0.0,-3.7445,0.0,11.2908,-0.5333,0.0,-4.2778,-4.2778,-320.84,50.0,-370.84,-2.6526
short,B,2025-08-06 11:35:00+05:30,2025-08-06 11:45:00+05:30,24561.4,24580.2,24575.100775041905,24575.100775041905,False,-18.8,6.6,19.7,0.0,STOP_LOSS,10,0H:10M,18.8,-0.2,-0.18496,0.0008,-10.0,6.0,,,0.0,-3.6328,0.0,10.6032,-0.2667,0.0,-3.8994,-3.8994,-292.46,50.0,-342.46,-1.3298
short,C,2025-08-07 09:30:00+05:30,2025-08-07 11:15:00+05:30,24518.95,24421.55,24540.505530169143,24420.116614684255,True,97.4,131.4,3.05,110.4,TRAIL_SL,105,1H:45M,-97.4,-0.2,-0.27792,0.0008,-10.0,6.0,,,0.0,22.8952,0.0,284.6028,-2.8,0.0,20.0952,20.0952,1507.14,50.0,1457.14,-13.6285
short,B,2025-08-07 11:15:00+05:30,2025-08-07 11:35:00+05:30,24421.55,24441.6,24435.349508319003,24435.349508319003,False,-20.05,9.05,20.05,1.7,STOP_LOSS,20,0H:20M,20.05,-0.2,-0.18396,0.0008,-10.0,6.0,,,0.0,-3.8653,0.0,12.0601,-0.5333,0.0,-4.3986,-4.3986,-329.9,50.0,-379.9,-2.6526
short,B,2025-08-07 11:45:00+05:30,2025-08-07 12:10:00+05:30,24422.2,24442.3,24435.353663589554,24435.353663589554,False,-20.1,5.3,27.5,0.0,STOP_LOSS,25,0H:25M,20.1,-0.2,-0.18392,0.0008,-10.0,6.0,,,0.0,-3.8746,0.0,12.1203,-0.6667,0.0,-4.5412,-4.5412,-340.59,50.0,-390.59,-3.3114
short,C,2025-08-07 13:25:00+05:30,2025-08-07 13:40:00+05:30,24358.0,24385.4,24373.055865302147,24373.055865302147,False,-27.4,13.85,36.8,1.15,STOP_LOSS,15,0H:15M,27.4,-0.2,-0.17808,0.0008,-10.0,6.0,,,0.0,-5.2097,0.0,22.5228,-0.4,0.0,-5.6097,-5.6097,-420.73,50.0,-470.73,-1.9921
short,C,2025-08-08 10:00:00+05:30,2025-08-11 09:15:00+05:30,24452.55,24401.5,24472.757534728808,24359.067977844075,True,51.05,115.05,28.8,107.35,TRAIL_SL,4275,71H:15M,-51.05,-0.2,-0.24084,0.0008,-10.0,6.0,,,0.0,11.1482,0.0,78.1831,-114.0,0.0,-102.8518,-102.8518,-7713.89,50.0,-7763.89,-339.4913
long,C,2025-08-12 09:30:00+05:30,2025-08-12 10:10:00+05:30,24633.2,24662.35,24601.311978620277,24679.10766318144,True,29.15,69.4,10.5,59.7,TRAIL_SL,40,0H:40M,29.15,0.2,0.22332,0.0008,-10.0,6.0,,,0.0,6.1359,0.0,25.4917,-1.0667,0.0,5.0692,5.0692,380.19,50.0,330.19,5.2776
long,A,2025-08-12 10:10:00+05:30,2025-08-12 10:25:00+05:30,24662.35,24613.65,24634.122578468116,24634.122578468116,False,-48.7,19.65,50.85,0.0,STOP_LOSS,15,0H:15M,-48.7,0.2,0.16104,0.0008,-10.0,6.0,,,0.0,-8.8862,0.0,71.1507,-0.4,0.0,-9.2862,-9.2862,-696.46,50.0,-746.46,1.9921
short,C,2025-08-12 11:00:00+05:30,2025-08-12 11:15:00+05:30,24556.65,24580.2,24577.317603293017,24577.317603293017,False,-23.55,23.95,36.6,16.4,STOP_LOSS,15,0H:15M,23.55,-0.2,-0.18116,0.0008,-10.0,6.0,,,0.0,-4.5103,0.0,16.6381,-0.4,0.0,-4.9103,-4.9103,-368.28,50.0,-418.28,-1.9921
short,B,2025-08-12 11:30:00+05:30,2025-08-12 12:15:00+05:30,24559.3,24599.35,24578.171410274517,24578.171410274517,False,-40.05,27.85,40.05,13.35,STOP_LOSS,45,0H:45M,40.05,-0.2,-0.16796,0.0008,-10.0,6.0,,,0.0,-7.4326,0.0,48.1201,-1.2,0.0,-8.6326,-8.6326,-647.44,50.0,-697.44,-5.9297
long,C,2025-08-13 12:55:00+05:30,2025-08-13 15:10:00+05:30,24625.45,24614.75,24606.657487827608,24606.657487827608,False,-10.7,39.1,30.8,33.05,SOFT_EOD_EXIT,135,2H:15M,-10.7,0.2,0.19144,0.0008,-10.0,6.0,,,0.0,-2.0988,0.0,3.4347,-3.6,0.0,-5.6988,-5.6988,-427.41,50.0,-477.41,17.3948
long,C,2025-08-18 09:30:00+05:30,2025-08-18 11:55:00+05:30,24988.55,24916.8,24930.972783412002,24930.972783412002,False,-71.75,33.45,73.0,28.35,STOP_LOSS,145,2H:25M,-71.75,0.2,0.1426,0.0008,-10.0,6.0,,,0.0,-12.4967,0.0,154.4419,-3.8667,0.0,-16.3634,-16.3634,-1227.25,50.0,-1277.25,18.6385
long,C,2025-08-19 12:15:00+05:30,2025-08-19 13:30:00+05:30,24987.95,24970.7,24973.18655497331,24973.18655497331,False,-17.25,24.7,18.05,16.05,STOP_LOSS,75,1H:15M,-17.25,0.2,0.1862,0.0008,-10.0,6.0,,,0.0,-3.3429,0.0,8.9269,-2.0,0.0,-5.3429,-5.3429,-400.72,50.0,-450.72,9.8076
long,C,2025-08-21 09:55:00+05:30,2025-08-21 15:10:00+05:30,25104.35,25081.5,25077.87173939091,25077.87173939091,False,-22.85,49.3,29.1,37.9,SOFT_EOD_EXIT,315,5H:15M,-22.85,0.2,0.18172,0.0008,-10.0,6.0,,,0.0,-4.382,0.0,15.6637,-8.4,0.0,-12.782,-12.782,-958.65,50.0,-1008.65,38.9637
short,C,2025-08-22 09:30:00+05:30,2025-08-22 14:40:00+05:30,24964.5,24888.2,24981.27461123681,24887.91187203099,True,76.3,90.3,21.15,86.05,TRAIL_SL,310,5H:10M,-76.3,-0.2,-0.26104,0.0008,-10.0,6.0,,,0.0,17.3558,0.0,174.6507,-8.2667,0.0,9.0891,9.0891,681.69,50.0,631.69,-38.3863
long,C,2025-08-25 09:30:00+05:30,2025-08-25 09:55:00+05:30,24957.3,24925.95,24931.42557592693,24931.42557592693,False,-31.35,16.65,32.8,10.8,STOP_LOSS,25,0H:25M,-31.35,0.2,0.17492,0.0008,-10.0,6.0,,,0.0,-5.9162,0.0,29.4847,-0.6667,0.0,-6.5829,-6.5829,-493.71,50.0,-543.71,3.3114
short,C,2025-08-26 09:30:00+05:30,2025-08-26 11:25:00+05:30,24792.7,24824.5,24814.991494079863,24814.991494079863,False,-31.8,37.1,40.75,32.25,STOP_LOSS,115,1H:55M,31.8,-0.2,-0.17456,0.0008,-10.0,6.0,,,0.0,-5.996,0.0,30.3372,-3.0667,0.0,-9.0626,-9.0626,-679.7,50.0,-729.7,-14.8899
short,C,2025-08-28 09:30:00+05:30,2025-08-28 09:40:00+05:30,24512.55,24565.7,24539.5920971929,24539.5920971929,False,-53.15,5.35,65.4,0.0,STOP_LOSS,10,0H:10M,53.15,-0.2,-0.15748,0.0008,-10.0,6.0,,,0.0,-9.613,0.0,84.7477,-0.2667,0.0,-9.8797,-9.8797,-740.98,50.0,-790.98,-1.3298
short,B,2025-08-28 10:00:00+05:30,2025-08-28 10:45:00+05:30,24606.45,24641.65,24631.82445331442,24631.82445331442,False,-35.2,51.65,39.45,45.0,STOP_LOSS,45,0H:45M,35.2,-0.2,-0.17184,0.0008,-10.0,6.0,,,0.0,-6.5939,0.0,37.1712,-1.2,0.0,-7.7939,-7.7939,-584.55,50.0,-634.55,-5.9297
short,C,2025-08-28 12:55:00+05:30,2025-08-28 14:50:00+05:30,24577.75,24527.7,24589.632988207642,24516.15163907223,True,50.05,83.95,14.35,77.15,TRAIL_SL,115,1H:55M,-50.05,-0.2,-0.24004,0.0008,-10.0,6.0,,,0.0,10.9118,0.0,75.1501,-3.0667,0.0,7.8451,7.8451,588.39,50.0,538.39,-14.8899
short,B,2025-08-29 09:30:00+05:30,2025-08-29 10:35:00+05:30,24502.05,24538.05,24528.991584221407,24528.991584221407,False,-36.0,37.9,36.2,31.2,STOP_LOSS,65,1H:05M,36.0,-0.2,-0.1712,0.0008,-10.0,6.0,,,0.0,-6.7334,0.0,38.88,-1.7333,0.0,-8.4668,-8.4668,-635.01,50.0,-685.01,-8.5214
long,C,2025-09-02 09:30:00+05:30,2025-09-02 10:10:00+05:30,24676.6,24728.75,24651.795717759192,24733.75946550262,True,52.15,70.95,1.4,69.5,TRAIL_SL,40,0H:40M,52.15,0.2,0.24172,0.0008,-10.0,6.0,,,0.0,11.4091,0.0,81.5887,-1.0667,0.0,10.3424,10.3424,775.68,50.0,725.68,5.2776
long,A,2025-09-02 10:20:00+05:30,2025-09-02 13:20:00+05:30,24720.25,24686.15,24697.699291623518,24697.699291623518,False,-34.1,35.85,41.35,32.3,STOP_LOSS,180,3H:00M,-34.1,0.2,0.17272,0.0008,-10.0,6.0,,,0.0,-6.4014,0.0,34.8843,-4.8,0.0,-11.2014,-11.2014,-840.1,50.0,-890.1,22.9469
short,B,2025-09-03 09:30:00+05:30,2025-09-03 10:05:00+05:30,24577.25,24608.85,24603.461831061042,24603.461831061042,False,-31.6,28.85,36.7,25.3,STOP_LOSS,35,0H:35M,31.6,-0.2,-0.17472,0.0008,-10.0,6.0,,,0.0,-5.9605,0.0,29.9568,-0.9333,0.0,-6.8939,-6.8939,-517.04,50.0,-567.04,-4.6239
long,C,2025-09-04 09:30:00+05:30,2025-09-04 10:05:00+05:30,24930.25,24868.2,24875.962769654187,24875.962769654187,False,-62.05,1.45,62.25,0.0,STOP_LOSS,35,0H:35M,-62.05,0.2,0.15036,0.0008,-10.0,6.0,,,0.0,-11.0239,0.0,115.5061,-0.9333,0.0,-11.9573,-11.9573,-896.79,50.0,-946.79,4.6239
long,A,2025-09-04 10:05:00+05:30,2025-09-04 10:35:00+05:30,24868.2,24828.95,24829.393302005246,24829.393302005246,False,-39.25,8.8,39.25,5.55,STOP_LOSS,30,0H:30M,-39.25,0.2,0.1686,0.0008,-10.0,6.0,,,0.0,-7.2954,0.0,46.2169,-0.8,0.0,-8.0954,-8.0954,-607.15,50.0,-657.15,3.9685
long,A,2025-09-04 10:45:00+05:30,2025-09-04 12:15:00+05:30,24833.85,24784.65,24801.4107426973,24801.4107426973,False,-49.2,15.0,53.0,5.7,STOP_LOSS,90,1H:30M,-49.2,0.2,0.16064,0.0008,-10.0,6.0,,,0.0,-8.9686,0.0,72.6192,-2.4,0.0,-11.3686,-11.3686,-852.64,50.0,-902.64,11.725
short,C,2025-09-05 10:10:00+05:30,2025-09-05 10:25:00+05:30,24679.35,24721.75,24704.164093028267,24704.164093028267,False,-42.4,47.4,58.4,28.9,STOP_LOSS,15,0H:15M,42.4,-0.2,-0.16608,0.0008,-10.0,6.0,,,0.0,-7.8328,0.0,53.9328,-0.4,0.0,-8.2328,-8.2328,-617.46,50.0,-667.46,-1.9921
short,B,2025-09-05 10:40:00+05:30,2025-09-05 13:45:00+05:30,24702.15,24742.85,24728.83502525153,24728.83502525153,False,-40.7,80.55,58.55,73.9,STOP_LOSS,185,3H:05M,40.7,-0.2,-0.16744,0.0008,-10.0,6.0,,,0.0,-7.5437,0.0,49.6947,-4.9333,0.0,-12.477,-12.477,-935.77,50.0,-985.77,-23.5568
long,C,2025-09-08 09:30:00+05:30,2025-09-08 10:30:00+05:30,24823.6,24783.05,24785.637259794534,24785.637259794534,False,-40.55,22.1,55.05,11.65,STOP_LOSS,60,1H:00M,-40.55,0.2,0.16756,0.0008,-10.0,6.0,,,0.0,-7.5181,0.0,49.3291,-1.6,0.0,-9.1181,-9.1181,-683.85,50.0,-733.85,7.8759
long,A,2025-09-08 10:35:00+05:30,2025-09-08 13:15:00+05:30,24792.55,24853.1,24764.66774710946,24861.027761777907,True,60.55,78.35,13.65,75.25,TRAIL_SL,160,2H:40M,60.55,0.2,0.24844,0.0008,-10.0,6.0,,,0.0,13.4299,0.0,109.9891,-4.2667,0.0,9.1632,9.1632,687.24,50.0,637.24,20.4934
long,C,2025-09-10 09:30:00+05:30,2025-09-10 13:15:00+05:30,24990.45,24951.0,24956.983522832175,24956.983522832175,False,-39.45,45.25,43.9,38.65,STOP_LOSS,225,3H:45M,-39.45,0.2,0.16844,0.0008,-10.0,6.0,,,0.0,-7.3297,0.0,46.6891,-6.0,0.0,-13.3297,-13.3297,-999.73,50.0,-1049.73,28.3882
long,C,2025-09-12 09:30:00+05:30,2025-09-12 11:45:00+05:30,25051.95,25124.7,25022.71324505476,25125.249052318624,True,72.75,87.5,12.0,80.9,TRAIL_SL,135,2H:15M,72.75,0.2,0.2582,0.0008,-10.0,6.0,,,0.0,16.4553,0.0,158.7769,-3.6,0.0,12.8553,12.8553,964.15,50.0,914.15,17.3948
long,C,2025-09-12 11:45:00+05:30,2025-09-12 12:50:00+05:30,25124.7,25104.35,25111.083464820636,25111.083464820636,False,-20.35,3.85,22.8,0.7,STOP_LOSS,65,1H:05M,-20.35,0.2,0.18372,0.0008,-10.0,6.0,,,0.0,-3.9209,0.0,12.4237,-1.7333,0.0,-5.6542,-5.6542,-424.07,50.0,-474.07,8.5214
long,C,2025-09-16 09:45:00+05:30,2025-09-16 13:10:00+05:30,25134.85,25187.25,25117.549944626913,25192.152134467666,True,52.4,68.15,3.4,63.5,TRAIL_SL,205,3H:25M,52.4,0.2,0.24192,0.0008,-10.0,6.0,,,0.0,11.4685,0.0,82.3728,-5.4667,0.0,6.0018,6.0018,450.14,50.0,400.14,25.9831
long,C,2025-09-17 09:30:00+05:30,2025-09-17 15:10:00+05:30,25316.8,25328.3,25283.864229509843,25283.864229509843,False,11.5,29.7,36.95,24.85,SOFT_EOD_EXIT,340,5H:40M,11.5,0.2,0.2092,0.0008,-10.0,6.0,,,0.0,2.3476,0.0,3.9675,-9.0667,0.0,-6.7191,-6.7191,-503.93,50.0,-553.93,41.8333
long,C,2025-09-18 09:30:00+05:30,2025-09-18 12:35:00+05:30,25418.8,25389.7,25390.12094232062,25390.12094232062,False,-29.1,23.6,35.4,13.15,STOP_LOSS,185,3H:05M,-29.1,0.2,0.17672,0.0008,-10.0,6.0,,,0.0,-5.5151,0.0,25.4043,-4.9333,0.0,-10.4485,-10.4485,-783.64,50.0,-833.64,23.5568
short,C,2025-09-19 09:35:00+05:30,2025-09-19 14:10:00+05:30,25331.9,25353.85,25350.838898102902,25350.838898102902,False,-21.95,45.6,27.65,42.6,STOP_LOSS,275,4H:35M,21.95,-0.2,-0.18244,0.0008,-10.0,6.0,,,0.0,-4.2166,0.0,14.4541,-7.3333,0.0,-11.5499,-11.5499,-866.24,50.0,-916.24,-34.312
short,B,2025-09-22 09:30:00+05:30,2025-09-22 14:50:00+05:30,25303.15,25198.45,25326.042282639493,25190.5362260871,True,104.7,152.1,28.55,124.2,TRAIL_SL,320,5H:20M,-104.7,-0.2,-0.28376,0.0008,-10.0,6.0,,,0.0,24.8864,0.0,328.8627,-8.5333,0.0,16.353,16.353,1226.48,50.0,1176.48,-39.5399
short,C,2025-09-23 09:30:00+05:30,2025-09-23 11:20:00+05:30,25168.85,25099.15,25188.420720914757,25097.920412080723,True,69.7,84.2,9.9,82.0,TRAIL_SL,110,1H:50M,-69.7,-0.2,-0.25576,0.0008,-10.0,6.0,,,0.0,15.6889,0.0,145.7427,-2.9333,0.0,12.7556,12.7556,956.67,50.0,906.67,-14.26
short,C,2025-09-23 11:20:00+05:30,2025-09-23 11:50:00+05:30,25099.15,25113.3,25112.807946420784,25112.807946420784,False,-14.15,14.35,18.6,11.25,STOP_LOSS,30,0H:30M,14.15,-0.2,-0.18868,0.0008,-10.0,6.0,,,0.0,-2.7579,0.0,6.0067,-0.8,0.0,-3.5579,-3.5579,-266.84,50.0,-316.84,-3.9685
long,C,2025-09-23 13:00:00+05:30,2025-09-23 15:00:00+05:30,25202.85,25175.9,25176.08547343434,25176.08547343434,False,-26.95,59.05,34.6,48.9,STOP_LOSS,120,2H:00M,-26.95,0.2,0.17844,0.0008,-10.0,6.0,,,0.0,-5.1285,0.0,21.7891,-3.2,0.0,-8.3285,-8.3285,-624.64,50.0,-674.64,15.5184
short,C,2025-09-24 09:30:00+05:30,2025-09-24 10:00:00+05:30,25069.1,25098.1,25092.968446223706,25092.968446223706,False,-29.0,19.65,34.8,8.6,STOP_LOSS,30,0H:30M,29.0,-0.2,-0.1768,0.0008,-10.0,6.0,,,0.0,-5.4972,0.0,25.23,-0.8,0.0,-6.2972,-6.2972,-472.29,50.0,-522.29,-3.9685
short,B,2025-09-24 10:00:00+05:30,2025-09-24 13:00:00+05:30,25098.1,25120.95,25116.657962561192,25116.657962561192,False,-22.85,70.65,27.35,66.2,STOP_LOSS,180,3H:00M,22.85,-0.2,-0.18172,0.0008,-10.0,6.0,,,0.0,-4.382,0.0,15.6637,-4.8,0.0,-9.182,-9.182,-688.65,50.0,-738.65,-22.9469
short,B,2025-09-25 09:30:00+05:30,2025-09-25 12:10:00+05:30,25062.75,24981.5,25081.980180651764,24979.912868977695,True,81.25,97.65,19.85,93.05,TRAIL_SL,160,2H:40M,-81.25,-0.2,-0.265,0.0008,-10.0,6.0,,,0.0,18.6266,0.0,198.0469,-4.2667,0.0,14.3599,14.3599,1076.99,50.0,1026.99,-20.4934
short,B,2025-09-25 12:10:00+05:30,2025-09-25 13:05:00+05:30,24981.5,25003.05,24994.7139413925,24994.7139413925,False,-21.55,21.95,28.9,19.15,STOP_LOSS,55,0H:55M,21.55,-0.2,-0.18276,0.0008,-10.0,6.0,,,0.0,-4.1428,0.0,13.9321,-1.4667,0.0,-5.6095,-5.6095,-420.71,50.0,-470.71,-7.2288
short,C,2025-09-26 09:30:00+05:30,2025-09-26 09:45:00+05:30,24776.75,24813.9,24800.139016613204,24800.139016613204,False,-37.15,17.75,39.7,0.0,STOP_LOSS,15,0H:15M,37.15,-0.2,-0.17028,0.0008,-10.0,6.0,,,0.0,-6.9332,0.0,41.4037,-0.4,0.0,-7.3332,-7.3332,-549.99,50.0,-599.99,-1.9921
short,B,2025-09-26 10:00:00+05:30,2025-09-26 14:10:00+05:30,24799.1,24663.55,24819.82520598648,24660.832818746036,True,135.55,160.7,9.15,151.8,TRAIL_SL,250,4H:10M,-135.55,-0.2,-0.30844,0.0008,-10.0,6.0,,,0.0,33.7246,0.0,551.2141,-6.6667,0.0,27.0579,27.0579,2029.34,50.0,1979.34,-31.3657
long,C,2025-09-29 09:35:00+05:30,2025-09-29 10:25:00+05:30,24736.05,24771.5,24704.91240159374,24773.736519522838,True,35.45,55.25,6.4,50.65,TRAIL_SL,50,0H:50M,35.45,0.2,0.22836,0.0008,-10.0,6.0,,,0.0,7.5424,0.0,37.7011,-1.3333,0.0,6.2091,6.2091,465.68,50.0,415.68,6.5801
long,A,2025-09-29 10:30:00+05:30,2025-09-29 10:50:00+05:30,24771.05,24735.5,24747.146908676546,24747.146908676546,False,-35.55,3.85,35.55,0.0,STOP_LOSS,20,0H:20M,-35.55,0.2,0.17156,0.0008,-10.0,6.0,,,0.0,-6.655,0.0,37.9141,-0.5333,0.0,-7.1884,-7.1884,-539.13,50.0,-589.13,2.6526
long,A,2025-09-29 10:55:00+05:30,2025-09-29 11:30:00+05:30,24744.3,24706.75,24719.527796376286,24719.527796376286,False,-37.55,20.1,39.05,12.85,STOP_LOSS,35,0H:35M,-37.55,0.2,0.16996,0.0008,-10.0,6.0,,,0.0,-7.0024,0.0,42.3001,-0.9333,0.0,-7.9357,-7.9357,-595.18,50.0,-645.18,4.6239
short,C,2025-09-29 12:00:00+05:30,2025-09-29 13:00:00+05:30,24659.25,24681.35,24676.08317181824,24676.08317181824,False,-22.1,53.05,23.15,45.75,STOP_LOSS,60,1H:00M,22.1,-0.2,-0.18232,0.0008,-10.0,6.0,,,0.0,-4.2442,0.0,14.6523,-1.6,0.0,-5.8442,-5.8442,-438.31,50.0,-488.31,-7.8759
short,C,2025-09-30 10:35:00+05:30,2025-09-30 10:40:00+05:30,24598.15,24620.95,24614.855224146577,24614.855224146577,False,-22.8,2.6,24.35,0.0,STOP_LOSS,5,0H:05M,22.8,-0.2,-0.18176,0.0008,-10.0,6.0,,,0.0,-4.3729,0.0,15.5952,-0.1333,0.0,-4.5062,-4.5062,-337.96,50.0,-387.96,-0.6658
long,C,2025-10-01 11:20:00+05:30,2025-10-01 12:15:00+05:30,24713.75,24786.9,24689.928478022455,24793.650387668386,True,73.15,98.25,0.2,92.2,TRAIL_SL,55,0H:55M,73.15,0.2,0.25852,0.0008,-10.0,6.0,,,0.0,16.5563,0.0,160.5277,-1.4667,0.0,15.0897,15.0897,1131.72,50.0,1081.72,7.2288
long,A,2025-10-01 12:15:00+05:30,2025-10-01 12:40:00+05:30,24786.9,24760.95,24763.261429159968,24763.261429159968,False,-25.95,3.9,29.4,0.0,STOP_LOSS,25,0H:25M,-25.95,0.2,0.17924,0.0008,-10.0,6.0,,,0.0,-4.9476,0.0,20.2021,-0.6667,0.0,-5.6142,-5.6142,-421.07,50.0,-471.07,3.3114
long,A,2025-10-01 12:45:00+05:30,2025-10-01 14:50:00+05:30,24773.05,24849.7,24748.199026846392,24851.953453596416,True,76.65,94.9,25.6,91.55,TRAIL_SL,125,2H:05M,76.65,0.2,0.26132,0.0008,-10.0,6.0,,,0.0,17.4451,0.0,176.2567,-3.3333,0.0,14.1117,14.1117,1058.38,50.0,1008.38,16.1453
long,A,2025-10-06 09:30:00+05:30,2025-10-06 10:40:00+05:30,24910.8,24976.6,24884.06109833962,24977.492406021935,True,65.8,79.15,4.5,77.25,TRAIL_SL,70,1H:10M,65.8,0.2,0.25264,0.0008,-10.0,6.0,,,0.0,14.7187,0.0,129.8892,-1.8667,0.0,12.852,12.852,963.9,50.0,913.9,9.1653
long,A,2025-10-06 10:40:00+05:30,2025-10-06 13:15:00+05:30,24976.6,25051.95,24956.172170438018,25052.431889493993,True,75.35,87.0,12.4,83.75,TRAIL_SL,155,2H:35M,75.35,0.2,0.26028,0.0008,-10.0,6.0,,,0.0,17.1139,0.0,170.3287,-4.1333,0.0,12.9806,12.9806,973.55,50.0,923.55,19.8765
long,C,2025-10-06 13:15:00+05:30,2025-10-06 14:25:00+05:30,25051.95,25035.0,25036.033371773203,25036.033371773203,False,-16.95,36.45,25.8,28.55,STOP_LOSS,70,1H:10M,-16.95,0.2,0.18644,0.0008,-10.0,6.0,,,0.0,-3.2866,0.0,8.6191,-1.8667,0.0,-5.1532,-5.1532,-386.49,50.0,-436.49,9.1653
long,C,2025-10-07 09:30:00+05:30,2025-10-07 10:05:00+05:30,25118.55,25185.75,25088.822317699236,25186.020608779658,True,67.2,83.65,4.4,81.35,TRAIL_SL,35,0H:35M,67.2,0.2,0.25376,0.0008,-10.0,6.0,,,0.0,15.0657,0.0,135.4752,-0.9333,0.0,14.1324,14.1324,1059.93,50.0,1009.93,4.6239
long,A,2025-10-07 10:20:00+05:30,2025-10-07 11:15:00+05:30,25173.2,25140.9,25148.539907451093,25148.539907451093,False,-32.3,22.75,32.95,10.25,STOP_LOSS,55,0H:55M,-32.3,0.2,0.17416,0.0008,-10.0,6.0,,,0.0,-6.0844,0.0,31.2987,-1.4667,0.0,-7.5511,-7.5511,-566.33,50.0,-616.33,7.2288
short,C,2025-10-08 10:55:00+05:30,2025-10-08 13:30:00+05:30,25089.55,25118.1,25105.421737557168,25105.421737557168,False,-28.55,81.05,34.05,74.75,STOP_LOSS,155,2H:35M,28.55,-0.2,-0.17716,0.0008,-10.0,6.0,,,0.0,-5.4166,0.0,24.4531,-4.1333,0.0,-9.5499,-9.5499,-716.24,50.0,-766.24,-19.8765
long,C,2025-10-09 11:00:00+05:30,2025-10-09 11:50:00+05:30,25119.0,25152.85,25093.23289828651,25161.604582198488,True,33.85,62.25,4.55,55.7,TRAIL_SL,50,0H:50M,33.85,0.2,0.22708,0.0008,-10.0,6.0,,,0.0,7.1825,0.0,34.3747,-1.3333,0.0,5.8492,5.8492,438.69,50.0,388.69,6.5801
long,A,2025-10-09 11:50:00+05:30,2025-10-09 15:10:00+05:30,25152.85,25177.7,25125.999275810707,25125.999275810707,False,24.85,46.4,33.1,43.85,SOFT_EOD_EXIT,200,3H:20M,24.85,0.2,0.21988,0.0008,-10.0,6.0,,,0.0,5.1923,0.0,18.5257,-5.3333,0.0,-0.141,-0.141,-10.58,50.0,-60.58,25.3785
long,C,2025-10-10 09:30:00+05:30,2025-10-10 11:05:00+05:30,25250.4,25289.35,25217.70838606971,25292.073273596015,True,38.95,58.9,14.9,53.45,TRAIL_SL,95,1H:35M,38.95,0.2,0.23116,0.0008,-10.0,6.0,,,0.0,8.3362,0.0,45.5131,-2.5333,0.0,5.8028,5.8028,435.21,50.0,385.21,12.3611
long,A,2025-10-10 11:05:00+05:30,2025-10-10 15:10:00+05:30,25289.35,25284.2,25265.737007566426,25265.737007566426,False,-5.15,41.4,23.1,38.85,SOFT_EOD_EXIT,245,4H:05M,-5.15,0.2,0.19588,0.0008,-10.0,6.0,,,0.0,-1.0205,0.0,0.7957,-6.5333,0.0,-7.5538,-7.5538,-566.53,50.0,-616.53,30.7727
short,C,2025-10-13 09:30:00+05:30,2025-10-13 09:35:00+05:30,25163.35,25201.9,25185.572860399854,25185.572860399854,False,-38.55,9.85,40.45,0.0,STOP_LOSS,5,0H:05M,38.55,-0.2,-0.16916,0.0008,-10.0,6.0,,,0.0,-7.175,0.0,44.5831,-0.1333,0.0,-7.3083,-7.3083,-548.13,50.0,-598.13,-0.6658
short,B,2025-10-13 10:05:00+05:30,2025-10-13 14:05:00+05:30,25198.85,25218.75,25218.470702680283,25218.470702680283,False,-19.9,36.75,30.55,33.95,STOP_LOSS,240,4H:00M,19.9,-0.2,-0.18408,0.0008,-10.0,6.0,,,0.0,-3.8374,0.0,11.8803,-6.4,0.0,-10.2374,-10.2374,-767.81,50.0,-817.81,-30.1785
long,C,2025-10-14 09:30:00+05:30,2025-10-14 09:35:00+05:30,25283.5,25248.35,25256.27122327746,25256.27122327746,False,-35.15,10.0,35.35,0.0,STOP_LOSS,5,0H:05M,-35.15,0.2,0.17188,0.0008,-10.0,6.0,,,0.0,-6.5852,0.0,37.0657,-0.1333,0.0,-6.7185,-6.7185,-503.89,50.0,-553.89,0.6658
short,C,2025-10-14 11:15:00+05:30,2025-10-14 14:30:00+05:30,25140.8,25168.9,25158.814871253704,25158.814871253704,False,-28.1,80.25,31.45,74.5,STOP_LOSS,195,3H:15M,28.1,-0.2,-0.17752,0.0008,-10.0,6.0,,,0.0,-5.3357,0.0,23.6883,-5.2,0.0,-10.5357,-10.5357,-790.18,50.0,-840.18,-24.7726
long,C,2025-10-15 09:30:00+05:30,2025-10-15 10:00:00+05:30,25253.5,25216.1,25216.113812935317,25216.113812935317,False,-37.4,1.6,44.4,0.0,STOP_LOSS,30,0H:30M,-37.4,0.2,0.17008,0.0008,-10.0,6.0,,,0.0,-6.9764,0.0,41.9628,-0.8,0.0,-7.7764,-7.7764,-583.23,50.0,-633.23,3.9685
long,A,2025-10-15 10:00:00+05:30,2025-10-15 11:00:00+05:30,25216.1,25301.7,25188.241285406242,25304.394786568337,True,85.6,110.35,2.45,99.85,TRAIL_SL,60,1H:00M,85.6,0.2,0.26848,0.0008,-10.0,6.0,,,0.0,19.7578,0.0,219.8208,-1.6,0.0,18.1578,18.1578,1361.84,50.0,1311.84,7.8759
long,C,2025-10-15 11:00:00+05:30,2025-10-15 13:40:00+05:30,25301.7,25350.25,25277.174963385114,25351.332077936466,True,48.55,63.45,19.0,58.75,TRAIL_SL,160,2H:40M,48.55,0.2,0.23884,0.0008,-10.0,6.0,,,0.0,10.5586,0.0,70.7131,-4.2667,0.0,6.2919,6.2919,471.89,50.0,421.89,20.4934
long,C,2025-10-16 09:30:00+05:30,2025-10-16 12:45:00+05:30,25433.35,25497.7,25404.251097228927,25502.599270043305,True,64.35,83.35,21.35,77.3,TRAIL_SL,195,3H:15M,64.35,0.2,0.25148,0.0008,-10.0,6.0,,,0.0,14.3607,0.0,124.2277,-5.2,0.0,9.1607,9.1607,687.05,50.0,637.05,24.7726
long,A,2025-10-16 12:45:00+05:30,2025-10-16 14:10:00+05:30,25497.7,25551.85,25481.68228122061,25563.195626803354,True,54.15,79.35,0.3,76.2,TRAIL_SL,85,1H:25M,54.15,0.2,0.24332,0.0008,-10.0,6.0,,,0.0,11.8856,0.0,87.9667,-2.2667,0.0,9.6189,9.6189,721.42,50.0,671.42,11.0875
long,C,2025-10-17 09:30:00+05:30,2025-10-17 11:40:00+05:30,25606.9,25743.35,25573.76603837238,25758.219516720026,True,136.45,169.85,44.35,162.3,TRAIL_SL,130,2H:10M,136.45,0.2,0.30916,0.0008,-10.0,6.0,,,0.0,33.9927,0.0,558.5581,-3.4667,0.0,30.526,30.526,2289.45,50.0,2239.45,16.7708
long,A,2025-10-17 11:40:00+05:30,2025-10-17 12:50:00+05:30,25743.35,25698.45,25719.018074006082,25719.018074006082,False,-44.9,38.15,57.5,33.4,STOP_LOSS,70,1H:10M,-44.9,0.2,0.16408,0.0008,-10.0,6.0,,,0.0,-8.2542,0.0,60.4803,-1.8667,0.0,-10.1209,-10.1209,-759.07,50.0,-809.07,9.1653
long,C,2025-10-20 09:30:00+05:30,2025-10-20 09:50:00+05:30,25872.7,25809.35,25816.55572357357,25816.55572357357,False,-63.35,9.6,84.2,0.0,STOP_LOSS,20,0H:20M,-63.35,0.2,0.14932,0.0008,-10.0,6.0,,,0.0,-11.2252,0.0,120.3967,-0.5333,0.0,-11.7586,-11.7586,-881.89,50.0,-931.89,2.6526
long,A,2025-10-20 09:50:00+05:30,2025-10-20 11:15:00+05:30,25809.35,25846.2,25757.25681680957,25866.07834409888,True,36.85,83.6,17.8,74.5,TRAIL_SL,85,1H:25M,36.85,0.2,0.22948,0.0008,-10.0,6.0,,,0.0,7.8589,0.0,40.7377,-2.2667,0.0,5.5922,5.5922,419.41,50.0,369.41,11.0875
long,C,2025-10-20 11:15:00+05:30,2025-10-20 13:15:00+05:30,25846.2,25886.4,25816.067786312266,25893.49513172193,True,40.2,64.05,23.85,57.85,TRAIL_SL,120,2H:00M,40.2,0.2,0.23216,0.0008,-10.0,6.0,,,0.0,8.6218,0.0,48.4812,-3.2,0.0,5.4218,5.4218,406.63,50.0,356.63,15.5184
long,C,2025-10-23 09:30:00+05:30,2025-10-23 13:30:00+05:30,26078.3,26021.55,26024.400359675874,26024.400359675874,False,-56.75,25.9,58.0,17.6,STOP_LOSS,240,4H:00M,-56.75,0.2,0.1546,0.0008,-10.0,6.0,,,0.0,-10.1906,0.0,96.6169,-6.4,0.0,-16.5906,-16.5906,-1244.29,50.0,-1294.29,30.1785
short,B,2025-10-24 09:30:00+05:30,2025-10-24 09:35:00+05:30,25875.4,25914.3,25903.176500370646,25903.176500370646,False,-38.9,12.85,39.3,0.0,STOP_LOSS,5,0H:05M,38.9,-0.2,-0.16888,0.0008,-10.0,6.0,,,0.0,-7.2352,0.0,45.3963,-0.1333,0.0,-7.3686,-7.3686,-552.64,50.0,-602.64,-0.6658
short,B,2025-10-24 10:00:00+05:30,2025-10-24 11:40:00+05:30,25885.9,25837.1,25909.097749171142,25815.734914079167,True,48.8,102.15,17.1,84.05,TRAIL_SL,100,1H:40M,-48.8,-0.2,-0.23904,0.0008,-10.0,6.0,,,0.0,10.6173,0.0,71.4432,-2.6667,0.0,7.9507,7.9507,596.3,50.0,546.3,-12.9956
long,C,2025-10-27 09:30:00+05:30,2025-10-27 10:35:00+05:30,25896.55,25957.3,25866.012009692957,25962.350402928663,True,60.75,82.3,0.6,78.75,TRAIL_SL,65,1H:05M,60.75,0.2,0.2486,0.0008,-10.0,6.0,,,0.0,13.4786,0.0,110.7169,-1.7333,0.0,11.7453,11.7453,880.9,50.0,830.9,8.5214
long,A,2025-10-27 10:35:00+05:30,2025-10-27 13:30:00+05:30,25957.3,25925.45,25933.759303842533,25933.759303842533,False,-31.85,48.65,38.9,39.8,STOP_LOSS,175,2H:55M,-31.85,0.2,0.17452,0.0008,-10.0,6.0,,,0.0,-6.0048,0.0,30.4327,-4.6667,0.0,-10.6715,-10.6715,-800.36,50.0,-850.36,22.3356
long,C,2025-10-28 09:30:00+05:30,2025-10-28 09:50:00+05:30,26028.8,25971.45,25990.444237271182,25990.444237271182,False,-57.35,12.9,68.95,0.0,STOP_LOSS,20,0H:20M,-57.35,0.2,0.15412,0.0008,-10.0,6.0,,,0.0,-10.286,0.0,98.6707,-0.5333,0.0,-10.8193,-10.8193,-811.45,50.0,-861.45,2.6526
short,C,2025-10-28 10:30:00+05:30,2025-10-28 12:40:00+05:30,25880.8,25929.0,25902.243203407103,25902.243203407103,False,-48.2,54.65,50.9,44.7,STOP_LOSS,130,2H:10M,48.2,-0.2,-0.16144,0.0008,-10.0,6.0,,,0.0,-8.8036,0.0,69.6972,-3.4667,0.0,-12.2703,-12.2703,-920.27,50.0,-970.27,-16.7708
long,C,2025-10-29 09:30:00+05:30,2025-10-29 10:35:00+05:30,25996.35,26043.75,25957.15549861515,26045.99653373647,True,47.4,68.2,36.05,64.9,TRAIL_SL,65,1H:05M,47.4,0.2,0.23792,0.0008,-10.0,6.0,,,0.0,10.2888,0.0,67.4028,-1.7333,0.0,8.5555,8.5555,641.66,50.0,591.66,8.5214
long,C,2025-10-29 10:35:00+05:30,2025-10-29 15:10:00+05:30,26043.75,26043.55,26014.270658476547,26014.270658476547,False,-0.2,54.1,35.85,50.9,SOFT_EOD_EXIT,275,4H:35M,-0.2,0.2,0.19984,0.0008,-10.0,6.0,,,0.0,-0.04,0.0,0.0012,-7.3333,0.0,-7.3733,-7.3733,-553.0,50.0,-603.0,34.312
short,C,2025-10-30 09:30:00+05:30,2025-10-30 10:10:00+05:30,25932.9,25959.45,25954.801676539137,25954.801676539137,False,-26.55,40.65,26.95,31.25,STOP_LOSS,40,0H:40M,26.55,-0.2,-0.17876,0.0008,-10.0,6.0,,,0.0,-5.0562,0.0,21.1471,-1.0667,0.0,-6.1229,-6.1229,-459.22,50.0,-509.22,-5.2776
short,B,2025-10-30 10:15:00+05:30,2025-10-30 10:20:00+05:30,25929.65,25953.7,25950.88062468974,25950.88062468974,False,-24.05,1.3,29.75,0.0,STOP_LOSS,5,0H:05M,24.05,-0.2,-0.18076,0.0008,-10.0,6.0,,,0.0,-4.6018,0.0,17.3521,-0.1333,0.0,-4.7351,-4.7351,-355.13,50.0,-405.13,-0.6658
short,B,2025-10-30 10:45:00+05:30,2025-10-30 11:05:00+05:30,25919.5,25940.3,25936.736665519064,25936.736665519064,False,-20.8,7.55,26.85,3.15,STOP_LOSS,20,0H:20M,20.8,-0.2,-0.18336,0.0008,-10.0,6.0,,,0.0,-4.0042,0.0,12.9792,-0.5333,0.0,-4.5376,-4.5376,-340.32,50.0,-390.32,-2.6526
short,C,2025-10-31 10:20:00+05:30,2025-10-31 14:55:00+05:30,25831.2,25754.8,25851.60897731321,25753.672641968027,True,76.4,90.8,8.65,88.8,TRAIL_SL,275,4H:35M,-76.4,-0.2,-0.26112,0.0008,-10.0,6.0,,,0.0,17.3813,0.0,175.1088,-7.3333,0.0,10.048,10.048,753.6,50.0,703.6,-34.312
short,C,2025-11-03 09:30:00+05:30,2025-11-03 09:35:00+05:30,25666.95,25709.7,25687.759657450944,25687.759657450944,False,-42.75,4.8,42.75,0.0,STOP_LOSS,5,0H:05M,42.75,-0.2,-0.1658,0.0008,-10.0,6.0,,,0.0,-7.8921,0.0,54.8269,-0.1333,0.0,-8.0254,-8.0254,-601.91,50.0,-651.91,-0.6658
short,C,2025-11-04 09:35:00+05:30,2025-11-04 14:35:00+05:30,25717.45,25624.85,25734.91326235886,25624.293628286687,True,92.6,124.8,4.8,104.4,TRAIL_SL,300,5H:00M,-92.6,-0.2,-0.27408,0.0008,-10.0,6.0,,,0.0,21.6069,0.0,257.2428,-8.0,0.0,13.6069,13.6069,1020.52,50.0,970.52,-37.2281
short,C,2025-11-06 10:10:00+05:30,2025-11-06 11:00:00+05:30,25542.75,25572.7,25564.421324011746,25564.421324011746,False,-29.95,22.0,30.65,18.35,STOP_LOSS,50,0H:50M,29.95,-0.2,-0.17604,0.0008,-10.0,6.0,,,0.0,-5.6671,0.0,26.9101,-1.3333,0.0,-7.0004,-7.0004,-525.03,50.0,-575.03,-6.5801
short,B,2025-11-06 11:05:00+05:30,2025-11-06 12:45:00+05:30,25559.2,25598.0,25572.553218861078,25572.553218861078,False,-38.8,34.2,40.05,28.85,STOP_LOSS,100,1H:40M,38.8,-0.2,-0.16896,0.0008,-10.0,6.0,,,0.0,-7.218,0.0,45.1632,-2.6667,0.0,-9.8847,-9.8847,-741.35,50.0,-791.35,-12.9956
short,C,2025-11-07 09:30:00+05:30,2025-11-07 09:40:00+05:30,25320.2,25354.25,25350.433910053893,25350.433910053893,False,-34.05,1.75,36.3,0.0,STOP_LOSS,10,0H:10M,34.05,-0.2,-0.17276,0.0008,-10.0,6.0,,,0.0,-6.3926,0.0,34.7821,-0.2667,0.0,-6.6593,-6.6593,-499.45,50.0,-549.45,-1.3298
short,B,2025-11-07 10:10:00+05:30,2025-11-07 10:35:00+05:30,25343.95,25368.5,25365.291091520787,25365.291091520787,False,-24.55,5.75,28.0,0.0,STOP_LOSS,25,0H:25M,24.55,-0.2,-0.18036,0.0008,-10.0,6.0,,,0.0,-4.693,0.0,18.0811,-0.6667,0.0,-5.3597,-5.3597,-401.98,50.0,-451.98,-3.3114
short,B,2025-11-07 10:50:00+05:30,2025-11-07 11:10:00+05:30,25371.4,25410.55,25386.14457155666,25386.14457155666,False,-39.15,17.2,42.4,13.65,STOP_LOSS,20,0H:20M,39.15,-0.2,-0.16868,0.0008,-10.0,6.0,,,0.0,-7.2782,0.0,45.9817,-0.5333,0.0,-7.8116,-7.8116,-585.87,50.0,-635.87,-2.6526
long,C,2025-11-10 09:30:00+05:30,2025-11-10 10:35:00+05:30,25559.35,25602.1,25525.399370738454,25606.03810148129,True,42.75,65.9,15.8,59.7,TRAIL_SL,65,1H:05M,42.75,0.2,0.2342,0.0008,-10.0,6.0,,,0.0,9.2079,0.0,54.8269,-1.7333,0.0,7.4746,7.4746,560.59,50.0,510.59,8.5214
long,A,2025-11-10 10:35:00+05:30,2025-11-10 15:10:00+05:30,25602.1,25565.45,25577.263375900897,25577.263375900897,False,-36.65,51.35,40.0,47.7,STOP_LOSS,275,4H:35M,-36.65,0.2,0.17068,0.0008,-10.0,6.0,,,0.0,-6.8464,0.0,40.2967,-7.3333,0.0,-14.1798,-14.1798,-1063.48,50.0,-1113.48,34.312
short,C,2025-11-11 09:30:00+05:30,2025-11-11 09:40:00+05:30,25506.55,25529.65,25526.024657668404,25526.024657668404,False,-23.1,17.65,26.05,0.0,STOP_LOSS,10,0H:10M,23.1,-0.2,-0.18152,0.0008,-10.0,6.0,,,0.0,-4.4279,0.0,16.0083,-0.2667,0.0,-4.6946,-4.6946,-352.09,50.0,-402.09,-1.3298
short,B,2025-11-11 10:00:00+05:30,2025-11-11 10:05:00+05:30,25518.3,25537.3,25536.295291062237,25536.295291062237,False,-19.0,10.35,19.1,0.0,STOP_LOSS,5,0H:05M,19.0,-0.2,-0.1848,0.0008,-10.0,6.0,,,0.0,-3.67,0.0,10.83,-0.1333,0.0,-3.8034,-3.8034,-285.25,50.0,-335.25,-0.6658
short,B,2025-11-11 10:50:00+05:30,2025-11-11 11:40:00+05:30,25476.95,25496.6,25492.76682632687,25492.76682632687,False,-19.65,13.75,22.4,10.0,STOP_LOSS,50,0H:50M,19.65,-0.2,-0.18428,0.0008,-10.0,6.0,,,0.0,-3.791,0.0,11.5837,-1.3333,0.0,-5.1243,-5.1243,-384.32,50.0,-434.32,-6.5801
long,C,2025-11-12 09:30:00+05:30,2025-11-12 10:15:00+05:30,25788.05,25836.95,25746.177795607015,25839.630557941935,True,48.9,76.4,6.9,68.8,TRAIL_SL,45,0H:45M,48.9,0.2,0.23912,0.0008,-10.0,6.0,,,0.0,10.6408,0.0,71.7363,-1.2,0.0,9.4408,9.4408,708.06,50.0,658.06,5.9297
long,A,2025-11-12 10:15:00+05:30,2025-11-12 12:10:00+05:30,25836.95,25888.75,25808.87823132364,25892.886569309943,True,51.8,70.9,7.0,62.5,TRAIL_SL,115,1H:55M,51.8,0.2,0.24144,0.0008,-10.0,6.0,,,0.0,11.326,0.0,80.4972,-3.0667,0.0,8.2593,8.2593,619.45,50.0,569.45,14.8899
long,C,2025-11-13 10:25:00+05:30,2025-11-13 11:30:00+05:30,25912.45,25960.75,25889.556293684913,25961.607958769604,True,48.3,66.05,0.95,56.9,TRAIL_SL,65,1H:05M,48.3,0.2,0.23864,0.0008,-10.0,6.0,,,0.0,10.4998,0.0,69.9867,-1.7333,0.0,8.7665,8.7665,657.49,50.0,607.49,8.5214
long,A,2025-11-13 11:30:00+05:30,2025-11-13 12:50:00+05:30,25960.75,25942.7,25945.634461867317,25945.634461867317,False,-18.05,26.85,23.9,24.85,STOP_LOSS,80,1H:20M,-18.05,0.2,0.18556,0.0008,-10.0,6.0,,,0.0,-3.4927,0.0,9.7741,-2.1333,0.0,-5.626,-5.626,-421.95,50.0,-471.95,10.4483
short,C,2025-11-14 09:30:00+05:30,2025-11-14 10:15:00+05:30,25877.3,25798.65,25904.90740429953,25797.20936545639,True,78.65,112.4,1.85,102.65,TRAIL_SL,45,0H:45M,-78.65,-0.2,-0.26292,0.0008,-10.0,6.0,,,0.0,17.9569,0.0,185.5747,-1.2,0.0,16.7569,16.7569,1256.77,50.0,1206.77,-5.9297
short,B,2025-11-14 10:15:00+05:30,2025-11-14 10:50:00+05:30,25798.65,25837.4,25823.453305891737,25823.453305891737,False,-38.75,46.95,39.15,29.8,STOP_LOSS,35,0H:35M,38.75,-0.2,-0.169,0.0008,-10.0,6.0,,,0.0,-7.2094,0.0,45.0469,-0.9333,0.0,-8.1428,-8.1428,-610.71,50.0,-660.71,-4.6239
long,C,2025-11-17 09:30:00+05:30,2025-11-17 14:15:00+05:30,25960.65,25983.0,25923.203495370573,26010.136200974797,True,22.35,62.6,45.55,57.6,TRAIL_SL,285,4H:45M,22.35,0.2,0.21788,0.0008,-10.0,6.0,,,0.0,4.6498,0.0,14.9857,-7.6,0.0,-2.9502,-2.9502,-221.26,50.0,-271.26,35.482
short,C,2025-11-18 09:45:00+05:30,2025-11-18 11:15:00+05:30,25927.2,25945.2,25944.210268706123,25944.210268706123,False,-18.0,50.1,18.9,43.2,STOP_LOSS,90,1H:30M,18.0,-0.2,-0.1856,0.0008,-10.0,6.0,,,0.0,-3.4834,0.0,9.72,-2.4,0.0,-5.8834,-5.8834,-441.25,50.0,-491.25,-11.725
short,B,2025-11-19 09:30:00+05:30,2025-11-19 09:35:00+05:30,25886.0,25909.75,25908.00056740148,25908.00056740148,False,-23.75,1.4,26.35,0.0,STOP_LOSS,5,0H:05M,23.75,-0.2,-0.181,0.0008,-10.0,6.0,,,0.0,-4.5469,0.0,16.9219,-0.1333,0.0,-4.6803,-4.6803,-351.02,50.0,-401.02,-0.6658
long,C,2025-11-19 12:20:00+05:30,2025-11-19 15:00:00+05:30,26004.7,26052.15,25989.952365465117,26054.105088161286,True,47.45,69.95,17.4,56.8,TRAIL_SL,160,2H:40M,47.45,0.2,0.23796,0.0008,-10.0,6.0,,,0.0,10.3005,0.0,67.5451,-4.2667,0.0,6.0339,6.0339,452.54,50.0,402.54,20.4934
long,C,2025-11-20 09:30:00+05:30,2025-11-20 09:40:00+05:30,26104.5,26077.95,26079.4636133121,26079.4636133121,False,-26.55,7.4,41.3,0.1,STOP_LOSS,10,0H:10M,-26.55,0.2,0.17876,0.0008,-10.0,6.0,,,0.0,-5.0562,0.0,21.1471,-0.2667,0.0,-5.3229,-5.3229,-399.22,50.0,-449.22,1.3298
long,A,2025-11-20 09:40:00+05:30,2025-11-20 10:55:00+05:30,26077.95,26130.55,26050.23769177664,26131.35888457343,True,52.6,67.1,9.75,62.45,TRAIL_SL,75,1H:15M,52.6,0.2,0.24208,0.0008,-10.0,6.0,,,0.0,11.516,0.0,83.0028,-2.0,0.0,9.516,9.516,713.7,50.0,663.7,9.8076
long,C,2025-11-20 10:55:00+05:30,2025-11-20 13:40:00+05:30,26130.55,26206.1,26114.39330215919,26206.29562647988,True,75.55,84.8,4.7,82.85,TRAIL_SL,165,2H:45M,75.55,0.2,0.26044,0.0008,-10.0,6.0,,,0.0,17.1648,0.0,171.2341,-4.4,0.0,12.7648,12.7648,957.36,50.0,907.36,21.1088
short,C,2025-11-21 09:30:00+05:30,2025-11-21 10:55:00+05:30,26151.35,26093.95,26173.677821854002,26079.583225197908,True,57.4,95.4,7.9,84.05,TRAIL_SL,85,1H:25M,-57.4,-0.2,-0.24592,0.0008,-10.0,6.0,,,0.0,12.6661,0.0,98.8428,-2.2667,0.0,10.3994,10.3994,779.96,50.0,729.96,-11.0875
short,C,2025-11-21 10:55:00+05:30,2025-11-21 12:10:00+05:30,26093.95,26123.9,26108.0834939644,26108.0834939644,False,-29.95,29.15,32.4,10.6,STOP_LOSS,75,1H:15M,29.95,-0.2,-0.17604,0.0008,-10.0,6.0,,,0.0,-5.6671,0.0,26.9101,-2.0,0.0,-7.6671,-7.6671,-575.03,50.0,-625.03,-9.8076
short,B,2025-11-25 09:30:00+05:30,2025-11-25 10:05:00+05:30,25977.55,26005.15,25999.984778825754,25999.984778825754,False,-27.6,25.45,28.3,16.4,STOP_LOSS,35,0H:35M,27.6,-0.2,-0.17792,0.0008,-10.0,6.0,,,0.0,-5.2458,0.0,22.8528,-0.9333,0.0,-6.1791,-6.1791,-463.43,50.0,-513.43,-4.6239
short,C,2025-11-25 11:00:00+05:30,2025-11-25 11:20:00+05:30,25934.9,25950.25,25949.481406776835,25949.481406776835,False,-15.35,3.85,18.9,0.0,STOP_LOSS,20,0H:20M,15.35,-0.2,-0.18772,0.0008,-10.0,6.0,,,0.0,-2.9852,0.0,7.0687,-0.5333,0.0,-3.5185,-3.5185,-263.89,50.0,-313.89,-2.6526
long,C,2025-11-26 09:40:00+05:30,2025-11-26 10:20:00+05:30,26024.1,26077.4,25989.505582876773,26078.54467904729,True,53.3,74.25,0.0,68.85,TRAIL_SL,40,0H:40M,53.3,0.2,0.24264,0.0008,-10.0,6.0,,,0.0,11.6827,0.0,85.2267,-1.0667,0.0,10.6161,10.6161,796.2,50.0,746.2,5.2776
long,A,2025-11-26 10:25:00+05:30,2025-11-26 10:50:00+05:30,26067.3,26106.55,26042.376383141513,26110.033693618814,True,39.25,63.6,1.1,55.65,TRAIL_SL,25,0H:25M,39.25,0.2,0.2314,0.0008,-10.0,6.0,,,0.0,8.4046,0.0,46.2169,-0.6667,0.0,7.7379,7.7379,580.35,50.0,530.35,3.3114
long,C,2025-11-26 11:25:00+05:30,2025-11-26 13:20:00+05:30,26131.45,26173.15,26113.277432513863,26181.232465362045,True,41.7,63.95,14.75,56.8,TRAIL_SL,115,1H:55M,41.7,0.2,0.23336,0.0008,-10.0,6.0,,,0.0,8.966,0.0,52.1667,-3.0667,0.0,5.8993,5.8993,442.45,50.0,392.45,14.8899
long,A,2025-11-26 13:20:00+05:30,2025-11-26 13:25:00+05:30,26173.15,26154.3,26156.338489718764,26156.338489718764,False,-18.85,7.5,21.25,0.0,STOP_LOSS,5,0H:05M,-18.85,0.2,0.18492,0.0008,-10.0,6.0,,,0.0,-3.6421,0.0,10.6597,-0.1333,0.0,-3.7754,-3.7754,-283.16,50.0,-333.16,0.6658
long,C,2025-11-27 09:30:00+05:30,2025-11-27 09:35:00+05:30,26279.95,26249.55,26250.520728087547,26250.520728087547,False,-30.4,1.55,30.4,0.0,STOP_LOSS,5,0H:05M,-30.4,0.2,0.17568,0.0008,-10.0,6.0,,,0.0,-5.7473,0.0,27.7248,-0.1333,0.0,-5.8806,-5.8806,-441.05,50.0,-491.05,0.6658
long,A,2025-11-27 09:35:00+05:30,2025-11-27 13:05:00+05:30,26249.55,26218.7,26218.932631009207,26218.932631009207,False,-30.85,60.9,34.6,52.05,STOP_LOSS,210,3H:30M,-30.85,0.2,0.17532,0.0008,-10.0,6.0,,,0.0,-5.8274,0.0,28.5517,-5.6,0.0,-11.4274,-11.4274,-857.05,50.0,-907.05,26.5863
short,C,2025-11-27 13:15:00+05:30,2025-11-27 14:20:00+05:30,26183.95,26199.2,26198.291225046556,26198.291225046556,False,-15.25,42.05,22.85,35.9,STOP_LOSS,65,1H:05M,15.25,-0.2,-0.1878,0.0008,-10.0,6.0,,,0.0,-2.9663,0.0,6.9769,-1.7333,0.0,-4.6996,-4.6996,-352.47,50.0,-402.47,-8.5214
long,C,2025-11-28 10:35:00+05:30,2025-11-28 12:05:00+05:30,26267.65,26235.2,26241.619785728384,26241.619785728384,False,-32.45,13.1,35.05,6.85,STOP_LOSS,90,1H:30M,-32.45,0.2,0.17404,0.0008,-10.0,6.0,,,0.0,-6.1109,0.0,31.5901,-2.4,0.0,-8.5109,-8.5109,-638.32,50.0,-688.32,11.725
long,C,2025-12-01 09:30:00+05:30,2025-12-01 09:55:00+05:30,26300.15,26264.3,26270.935364000343,26270.935364000343,False,-35.85,14.55,36.6,10.85,STOP_LOSS,25,0H:25M,-35.85,0.2,0.17132,0.0008,-10.0,6.0,,,0.0,-6.7073,0.0,38.5567,-0.6667,0.0,-7.374,-7.374,-553.05,50.0,-603.05,3.3114
long,A,2025-12-01 09:55:00+05:30,2025-12-01 10:50:00+05:30,26264.3,26229.65,26236.521956155757,26236.521956155757,False,-34.65,26.55,35.35,21.1,STOP_LOSS,55,0H:55M,-34.65,0.2,0.17228,0.0008,-10.0,6.0,,,0.0,-6.4978,0.0,36.0187,-1.4667,0.0,-7.9644,-7.9644,-597.33,50.0,-647.33,7.2288
short,C,2025-12-01 12:05:00+05:30,2025-12-01 13:15:00+05:30,26173.95,26195.15,26190.119938696458,26190.119938696458,False,-21.2,25.0,21.7,16.6,STOP_LOSS,70,1H:10M,21.2,-0.2,-0.18304,0.0008,-10.0,6.0,,,0.0,-4.0782,0.0,13.4832,-1.8667,0.0,-5.9449,-5.9449,-445.87,50.0,-495.87,-9.1653
short,C,2025-12-02 09:30:00+05:30,2025-12-02 13:20:00+05:30,26114.9,26045.75,26133.82151314143,26042.352760162994,True,69.15,84.95,6.55,79.9,TRAIL_SL,230,3H:50M,-69.15,-0.2,-0.25532,0.0008,-10.0,6.0,,,0.0,15.5514,0.0,143.4517,-6.1333,0.0,9.4181,9.4181,706.36,50.0,656.36,-28.9863
short,C,2025-12-03 09:30:00+05:30,2025-12-03 12:15:00+05:30,25933.55,25963.7,25955.02854629126,25955.02854629126,False,-30.15,42.55,32.7,40.05,STOP_LOSS,165,2H:45M,30.15,-0.2,-0.17588,0.0008,-10.0,6.0,,,0.0,-5.7028,0.0,27.2707,-4.4,0.0,-10.1028,-10.1028,-757.71,50.0,-807.71,-21.1088
long,C,2025-12-04 09:30:00+05:30,2025-12-04 10:50:00+05:30,26000.8,26078.05,25971.809202593064,26082.526039424818,True,77.25,97.45,1.65,91.9,TRAIL_SL,80,1H:20M,77.25,0.2,0.2618,0.0008,-10.0,6.0,,,0.0,17.5983,0.0,179.0269,-2.1333,0.0,15.465,15.465,1159.87,50.0,1109.87,10.4483
long,A,2025-12-04 10:50:00+05:30,2025-12-04 11:35:00+05:30,26078.05,26034.75,26058.95098366928,26058.95098366928,False,-43.3,9.2,44.9,4.95,STOP_LOSS,45,0H:45M,-43.3,0.2,0.16536,0.0008,-10.0,6.0,,,0.0,-7.985,0.0,56.2467,-1.2,0.0,-9.185,-9.185,-688.88,50.0,-738.88,5.9297
long,C,2025-12-05 10:10:00+05:30,2025-12-05 10:25:00+05:30,26078.55,26040.75,26042.00687773344,26042.00687773344,False,-37.8,35.3,42.05,27.0,STOP_LOSS,15,0H:15M,-37.8,0.2,0.16976,0.0008,-10.0,6.0,,,0.0,-7.0456,0.0,42.8652,-0.4,0.0,-7.4456,-7.4456,-558.42,50.0,-608.42,1.9921
long,A,2025-12-05 10:30:00+05:30,2025-12-05 11:45:00+05:30,26047.05,26124.15,26002.43643999891,26130.088436110873,True,77.1,109.6,1.25,96.45,TRAIL_SL,75,1H:15M,77.1,0.2,0.26168,0.0008,-10.0,6.0,,,0.0,17.56,0.0,178.3323,-2.0,0.0,15.56,15.56,1167.0,50.0,1117.0,9.8076
long,A,2025-12-05 11:45:00+05:30,2025-12-05 12:55:00+05:30,26124.15,26181.55,26099.972622592188,26184.909683274545,True,57.4,78.45,0.85,70.6,TRAIL_SL,70,1H:10M,57.4,0.2,0.24592,0.0008,-10.0,6.0,,,0.0,12.6661,0.0,98.8428,-1.8667,0.0,10.7994,10.7994,809.96,50.0,759.96,9.1653
long,A,2025-12-05 12:55:00+05:30,2025-12-05 14:05:00+05:30,26181.55,26155.85,26161.41345100921,26161.41345100921,False,-25.7,18.9,33.25,12.85,STOP_LOSS,70,1H:10M,-25.7,0.2,0.17944,0.0008,-10.0,6.0,,,0.0,-4.9022,0.0,19.8147,-1.8667,0.0,-6.7689,-6.7689,-507.67,50.0,-557.67,9.1653
short,C,2025-12-08 09:45:00+05:30,2025-12-08 13:00:00+05:30,26101.15,26023.7,26119.518831278645,26021.452209573887,True,77.45,96.65,8.0,88.5,TRAIL_SL,195,3H:15M,-77.45,-0.2,-0.26196,0.0008,-10.0,6.0,,,0.0,17.6495,0.0,179.9551,-5.2,0.0,12.4495,12.4495,933.71,50.0,883.71,-24.7726
short,B,2025-12-08 13:00:00+05:30,2025-12-08 13:45:00+05:30,26023.7,25936.6,26035.280727038375,25931.417473508678,True,87.1,120.75,17.1,107.1,TRAIL_SL,45,0H:45M,-87.1,-0.2,-0.26968,0.0008,-10.0,6.0,,,0.0,20.1511,0.0,227.5923,-1.2,0.0,18.9511,18.9511,1421.33,50.0,1371.33,-5.9297
short,C,2025-12-09 09:30:00+05:30,2025-12-09 10:15:00+05:30,25772.55,25831.7,25799.564838231086,25799.564838231086,False,-59.15,44.55,76.3,41.0,STOP_LOSS,45,0H:45M,59.15,-0.2,-0.15268,0.0008,-10.0,6.0,,,0.0,-10.5705,0.0,104.9617,-1.2,0.0,-11.7705,-11.7705,-882.78,50.0,-932.78,-5.9297
long,C,2025-12-09 12:20:00+05:30,2025-12-09 12:35:00+05:30,25921.55,25872.9,25893.961942406466,25893.961942406466,False,-48.65,2.1,51.6,0.0,STOP_LOSS,15,0H:15M,-48.65,0.2,0.16108,0.0008,-10.0,6.0,,,0.0,-8.8779,0.0,71.0047,-0.4,0.0,-9.2779,-9.2779,-695.85,50.0,-745.85,1.9921
long,C,2025-12-10 09:30:00+05:30,2025-12-10 10:50:00+05:30,25901.95,25859.4,25869.50094564091,25869.50094564091,False,-42.55,45.7,45.3,31.4,STOP_LOSS,80,1H:20M,-42.55,0.2,0.16596,0.0008,-10.0,6.0,,,0.0,-7.8582,0.0,54.3151,-2.1333,0.0,-9.9916,-9.9916,-749.37,50.0,-799.37,10.4483
short,C,2025-12-10 12:30:00+05:30,2025-12-10 13:15:00+05:30,25791.7,25826.95,25805.17113963673,25805.17113963673,False,-35.25,23.7,36.6,20.15,STOP_LOSS,45,0H:45M,35.25,-0.2,-0.1718,0.0008,-10.0,6.0,,,0.0,-6.6027,0.0,37.2769,-1.2,0.0,-7.8027,-7.8027,-585.2,50.0,-635.2,-5.9297
short,C,2025-12-11 09:40:00+05:30,2025-12-11 10:00:00+05:30,25712.25,25739.0,25738.109937170688,25738.109937170688,False,-26.75,16.8,29.45,0.0,STOP_LOSS,20,0H:20M,26.75,-0.2,-0.1786,0.0008,-10.0,6.0,,,0.0,-5.0924,0.0,21.4669,-0.5333,0.0,-5.6257,-5.6257,-421.93,50.0,-471.93,-2.6526
long,C,2025-12-11 12:00:00+05:30,2025-12-11 13:05:00+05:30,25881.7,25850.4,25854.95506717359,25854.95506717359,False,-31.3,37.5,32.75,25.6,STOP_LOSS,65,1H:05M,-31.3,0.2,0.17496,0.0008,-10.0,6.0,,,0.0,-5.9073,0.0,29.3907,-1.7333,0.0,-7.6406,-7.6406,-573.05,50.0,-623.05,8.5214
long,C,2025-12-12 09:30:00+05:30,2025-12-12 10:05:00+05:30,26030.35,25980.1,25997.01188484558,25997.01188484558,False,-50.25,8.05,61.75,3.05,STOP_LOSS,35,0H:35M,-50.25,0.2,0.1598,0.0008,-10.0,6.0,,,0.0,-9.141,0.0,75.7519,-0.9333,0.0,-10.0743,-10.0743,-755.57,50.0,-805.57,4.6239
long,A,2025-12-12 10:10:00+05:30,2025-12-12 10:20:00+05:30,25989.15,25957.6,25962.652029097208,25962.652029097208,False,-31.55,19.1,31.55,14.25,STOP_LOSS,10,0H:10M,-31.55,0.2,0.17476,0.0008,-10.0,6.0,,,0.0,-5.9517,0.0,29.8621,-0.2667,0.0,-6.2183,-6.2183,-466.37,50.0,-516.37,1.3298
long,A,2025-12-12 10:30:00+05:30,2025-12-12 12:35:00+05:30,25980.95,26022.15,25949.910341591018,26024.41848314053,True,41.2,56.9,31.8,52.05,TRAIL_SL,125,2H:05M,41.2,0.2,0.23296,0.0008,-10.0,6.0,,,0.0,8.8511,0.0,50.9232,-3.3333,0.0,5.5177,5.5177,413.83,50.0,363.83,16.1453
short,C,2025-12-15 09:30:00+05:30,2025-12-15 09:45:00+05:30,25914.75,25937.7,25934.02541940163,25934.02541940163,False,-22.95,10.0,24.9,0.0,STOP_LOSS,15,0H:15M,22.95,-0.2,-0.18164,0.0008,-10.0,6.0,,,0.0,-4.4004,0.0,15.8011,-0.4,0.0,-4.8004,-4.8004,-360.03,50.0,-410.03,-1.9921
short,B,2025-12-15 10:00:00+05:30,2025-12-15 10:25:00+05:30,25954.55,25976.05,25972.20376996623,25972.20376996623,False,-21.5,17.05,23.55,4.8,STOP_LOSS,25,0H:25M,21.5,-0.2,-0.1828,0.0008,-10.0,6.0,,,0.0,-4.1336,0.0,13.8675,-0.6667,0.0,-4.8003,-4.8003,-360.02,50.0,-410.02,-3.3114
short,C,2025-12-16 09:30:00+05:30,2025-12-16 09:45:00+05:30,25916.7,25936.4,25932.489754047634,25932.489754047634,False,-19.7,15.05,26.25,0.0,STOP_LOSS,15,0H:15M,19.7,-0.2,-0.18424,0.0008,-10.0,6.0,,,0.0,-3.8003,0.0,11.6427,-0.4,0.0,-4.2003,-4.2003,-315.02,50.0,-365.02,-1.9921
short,B,2025-12-16 10:15:00+05:30,2025-12-16 15:10:00+05:30,25912.45,25856.05,25928.27637972107,25928.27637972107,False,56.4,64.3,16.7,61.8,SOFT_EOD_EXIT,295,4H:55M,-56.4,-0.2,-0.24512,0.0008,-10.0,6.0,,,0.0,12.4251,0.0,95.4288,-7.8667,0.0,4.5585,4.5585,341.89,50.0,291.89,-36.6473
short,C,2025-12-17 10:10:00+05:30,2025-12-17 15:10:00+05:30,25840.15,25816.25,25857.701852025973,25857.701852025973,False,23.9,69.8,11.6,64.0,SOFT_EOD_EXIT,300,5H:00M,-23.9,-0.2,-0.21912,0.0008,-10.0,6.0,9.84,9.84,0.0,4.9856,0.0,17.1363,-8.0,0.0,-3.0144,-3.0144,-226.08,50.0,-276.08,-37.2281
short,C,2025-12-18 09:40:00+05:30,2025-12-18 10:05:00+05:30,25745.1,25774.55,25763.091087976347,25763.091087976347,False,-29.45,18.8,30.25,4.35,STOP_LOSS,25,0H:25M,29.45,-0.2,-0.17644,0.0008,-10.0,6.0,9.71,9.71,0.0,-5.5778,0.0,26.0191,-0.6667,0.0,-6.2444,-6.2444,-468.33,50.0,-518.33,-3.3114
long,C,2025-12-18 10:30:00+05:30,2025-12-18 11:15:00+05:30,25855.4,25824.9,25825.56651816306,25825.56651816306,False,-30.5,8.55,33.7,0.0,STOP_LOSS,45,0H:45M,-30.5,0.2,0.1756,0.0008,-10.0,6.0,9.71,9.71,0.0,-5.7651,0.0,27.9075,-1.2,0.0,-6.9651,-6.9651,-522.38,50.0,-572.38,5.9297
long,A,2025-12-18 11:15:00+05:30,2025-12-18 12:15:00+05:30,25824.9,25868.7,25804.44027717616,25869.316597119734,True,43.8,59.9,1.0,53.9,TRAIL_SL,60,1H:00M,43.8,0.2,0.23504,0.0008,-10.0,6.0,9.71,9.71,0.0,9.4506,0.0,57.5532,-1.6,0.0,7.8506,7.8506,588.8,50.0,538.8,7.8759
long,C,2025-12-18 12:40:00+05:30,2025-12-18 13:15:00+05:30,25893.85,25867.9,25876.307659671336,25876.307659671336,False,-25.95,8.5,28.05,0.0,STOP_LOSS,35,0H:35M,-25.95,0.2,0.17924,0.0008,-10.0,6.0,9.71,9.71,0.0,-4.9476,0.0,20.2021,-0.9333,0.0,-5.8809,-5.8809,-441.07,50.0,-491.07,4.6239
long,C,2025-12-19 09:30:00+05:30,2025-12-19 11:30:00+05:30,25963.5,25929.75,25929.90084843072,25929.90084843072,False,-33.75,15.75,37.2,11.35,STOP_LOSS,120,2H:00M,-33.75,0.2,0.173,0.0008,-10.0,6.0,9.52,9.52,0.0,-6.3399,0.0,34.1719,-3.2,0.0,-9.5399,-9.5399,-715.5,50.0,-765.5,15.5184
long,C,2025-12-22 09:30:00+05:30,2025-12-22 15:10:00+05:30,26125.25,26174.8,26092.619468211946,26092.619468211946,False,49.55,55.45,14.05,51.45,SOFT_EOD_EXIT,340,5H:40M,49.55,0.2,0.23964,0.0008,-10.0,6.0,9.68,9.68,0.0,10.7939,0.0,73.6561,-9.0667,0.0,1.7272,1.7272,129.54,50.0,79.54,41.8333
long,C,2025-12-23 11:15:00+05:30,2025-12-23 11:35:00+05:30,26195.3,26171.35,26180.596623683963,26180.596623683963,False,-23.95,0.95,26.95,0.0,STOP_LOSS,20,0H:20M,-23.95,0.2,0.18084,0.0008,-10.0,6.0,9.38,9.38,0.0,-4.5835,0.0,17.2081,-0.5333,0.0,-5.1168,-5.1168,-383.76,50.0,-433.76,2.6526
long,C,2025-12-24 10:25:00+05:30,2025-12-24 10:45:00+05:30,26230.95,26207.85,26211.87766868471,26211.87766868471,False,-23.1,4.4,25.55,0.0,STOP_LOSS,20,0H:20M,-23.1,0.2,0.18152,0.0008,-10.0,6.0,9.19,9.19,0.0,-4.4279,0.0,16.0083,-0.5333,0.0,-4.9612,-4.9612,-372.09,50.0,-422.09,2.6526
short,C,2025-12-26 09:30:00+05:30,2025-12-26 14:50:00+05:30,26109.35,26018.85,26125.31996962922,26018.212237401705,True,90.5,100.75,3.0,98.25,TRAIL_SL,320,5H:20M,-90.5,-0.2,-0.2724,0.0008,-10.0,6.0,9.15,9.15,0.0,21.0485,0.0,245.7075,-8.5333,0.0,12.5152,12.5152,938.64,50.0,888.64,-39.5399
long,C,2025-12-29 09:35:00+05:30,2025-12-29 09:55:00+05:30,26075.3,26037.25,26053.39074435309,26053.39074435309,False,-38.05,11.85,39.7,5.1,STOP_LOSS,20,0H:20M,-38.05,0.2,0.16956,0.0008,-10.0,6.0,9.72,9.72,0.0,-7.0888,0.0,43.4341,-0.5333,0.0,-7.6221,-7.6221,-571.66,50.0,-621.66,2.6526
short,C,2025-12-29 10:40:00+05:30,2025-12-29 15:10:00+05:30,26003.4,25944.05,26014.36591582036,26014.36591582036,False,59.35,83.1,8.4,76.1,SOFT_EOD_EXIT,270,4H:30M,-59.35,-0.2,-0.24748,0.0008,-10.0,6.0,9.72,9.72,0.0,13.1381,0.0,105.6727,-7.2,0.0,5.9381,5.9381,445.36,50.0,395.36,-33.7252
short,C,2025-12-30 09:30:00+05:30,2025-12-30 09:35:00+05:30,25905.35,25924.15,25920.943906963355,25920.943906963355,False,-18.8,1.75,19.75,0.0,STOP_LOSS,5,0H:05M,18.8,-0.2,-0.18496,0.0008,-10.0,6.0,9.68,9.68,0.0,-3.6328,0.0,10.6032,-0.1333,0.0,-3.7661,-3.7661,-282.46,50.0,-332.46,-0.6658
long,C,2025-12-31 09:30:00+05:30,2025-12-31 09:40:00+05:30,26004.8,25973.25,25974.449622512835,25974.449622512835,False,-31.55,8.6,32.75,2.1,STOP_LOSS,10,0H:10M,-31.55,0.2,0.17476,0.0008,-10.0,6.0,9.48,9.48,0.0,-5.9517,0.0,29.8621,-0.2667,0.0,-6.2183,-6.2183,-466.37,50.0,-516.37,1.3298
long,A,2025-12-31 09:40:00+05:30,2025-12-31 11:20:00+05:30,25973.25,26044.45,25941.80976090964,26051.484968131634,True,71.2,90.75,4.25,86.45,TRAIL_SL,100,1H:40M,71.2,0.2,0.25696,0.0008,-10.0,6.0,9.48,9.48,0.0,16.065,0.0,152.0832,-2.6667,0.0,13.3983,13.3983,1004.87,50.0,954.87,12.9956
long,A,2025-12-31 11:20:00+05:30,2025-12-31 13:15:00+05:30,26044.45,26147.25,26027.514611428163,26148.296918350738,True,102.8,112.6,4.1,110.9,TRAIL_SL,115,1H:55M,102.8,0.2,0.28224,0.0008,-10.0,6.0,9.48,9.48,0.0,24.3644,0.0,317.0352,-3.0667,0.0,21.2978,21.2978,1597.33,50.0,1547.33,14.8899
long,C,2025-12-31 13:15:00+05:30,2025-12-31 15:05:00+05:30,26147.25,26130.45,26132.816658474614,26132.816658474614,False,-16.8,40.7,20.75,36.75,STOP_LOSS,110,1H:50M,-16.8,0.2,0.18656,0.0008,-10.0,6.0,9.48,9.48,0.0,-3.2584,0.0,8.4672,-2.9333,0.0,-6.1917,-6.1917,-464.38,50.0,-514.38,14.26
long,C,2026-01-01 09:45:00+05:30,2026-01-01 09:55:00+05:30,26188.55,26157.2,26159.546403641216,26159.546403641216,False,-31.35,9.0,35.05,0.55,STOP_LOSS,10,0H:10M,-31.35,0.2,0.17492,0.0008,-10.0,6.0,9.48,9.48,0.0,-5.9162,0.0,29.4847,-0.2667,0.0,-6.1829,-6.1829,-463.71,50.0,-513.71,1.3298
long,C,2026-01-02 09:30:00+05:30,2026-01-02 09:55:00+05:30,26197.65,26254.6,26170.408806010164,26254.616402750184,True,56.95,75.2,1.75,70.35,TRAIL_SL,25,0H:25M,56.95,0.2,0.24556,0.0008,-10.0,6.0,9.45,9.45,0.0,12.5576,0.0,97.2991,-0.6667,0.0,11.8909,11.8909,891.82,50.0,841.82,3.3114
long,A,2026-01-02 10:05:00+05:30,2026-01-02 11:55:00+05:30,26239.7,26280.0,26215.982178869428,26287.265278896484,True,40.3,59.0,4.65,54.9,TRAIL_SL,110,1H:50M,40.3,0.2,0.23224,0.0008,-10.0,6.0,9.45,9.45,0.0,8.6447,0.0,48.7227,-2.9333,0.0,5.7113,5.7113,428.35,50.0,378.35,14.26
long,C,2026-01-05 10:15:00+05:30,2026-01-05 11:20:00+05:30,26357.3,26320.75,26326.073220898917,26326.073220898917,False,-36.55,15.9,36.9,10.4,STOP_LOSS,65,1H:05M,-36.55,0.2,0.17076,0.0008,-10.0,6.0,10.02,10.02,0.0,-6.8291,0.0,40.0771,-1.7333,0.0,-8.5624,-8.5624,-642.18,50.0,-692.18,8.5214
short,B,2026-01-06 09:30:00+05:30,2026-01-06 09:55:00+05:30,26215.05,26256.8,26237.1488137646,26237.1488137646,False,-41.75,24.4,44.3,15.7,STOP_LOSS,25,0H:25M,41.75,-0.2,-0.1666,0.0008,-10.0,6.0,10.02,10.02,0.0,-7.7225,0.0,52.2919,-0.6667,0.0,-8.3892,-8.3892,-629.19,50.0,-679.19,-3.3114
short,C,2026-01-06 10:55:00+05:30,2026-01-06 11:05:00+05:30,26201.35,26219.0,26215.193211859863,26215.193211859863,False,-17.65,3.25,20.8,0.0,STOP_LOSS,10,0H:10M,17.65,-0.2,-0.18588,0.0008,-10.0,6.0,10.02,10.02,0.0,-3.4179,0.0,9.3457,-0.2667,0.0,-3.6845,-3.6845,-276.34,50.0,-326.34,-1.3298
short,B,2026-01-06 11:35:00+05:30,2026-01-06 11:40:00+05:30,26177.3,26193.6,26192.054577259165,26192.054577259165,False,-16.3,2.0,19.3,0.0,STOP_LOSS,5,0H:05M,16.3,-0.2,-0.18696,0.0008,-10.0,6.0,10.02,10.02,0.0,-3.1644,0.0,7.9707,-0.1333,0.0,-3.2977,-3.2977,-247.33,50.0,-297.33,-0.6658
short,C,2026-01-07 09:40:00+05:30,2026-01-07 09:55:00+05:30,26108.2,26138.8,26128.632302617752,26128.632302617752,False,-30.6,11.55,30.85,0.15,STOP_LOSS,15,0H:15M,30.6,-0.2,-0.17552,0.0008,-10.0,6.0,9.95,9.95,0.0,-5.7829,0.0,28.0908,-0.4,0.0,-6.1829,-6.1829,-463.72,50.0,-513.72,-1.9921
short,C,2026-01-07 12:45:00+05:30,2026-01-07 12:55:00+05:30,26081.2,26098.0,26092.627096549233,26092.627096549233,False,-16.8,0.5,18.25,0.0,STOP_LOSS,10,0H:10M,16.8,-0.2,-0.18656,0.0008,-10.0,6.0,9.95,9.95,0.0,-3.2584,0.0,8.4672,-0.2667,0.0,-3.5251,-3.5251,-264.38,50.0,-314.38,-1.3298
short,C,2026-01-08 10:00:00+05:30,2026-01-08 11:35:00+05:30,26066.05,25982.4,26084.453891874848,25977.992927090185,True,83.65,104.25,6.0,97.6,TRAIL_SL,95,1H:35M,-83.65,-0.2,-0.26692,0.0008,-10.0,6.0,10.6,10.6,0.0,19.249,0.0,209.9197,-2.5333,0.0,16.7157,16.7157,1253.68,50.0,1203.68,-12.3611
short,C,2026-01-08 11:35:00+05:30,2026-01-08 13:35:00+05:30,25982.4,25905.35,25994.423171014365,25903.27788479995,True,77.05,98.25,6.2,88.9,TRAIL_SL,120,2H:00M,-77.05,-0.2,-0.26164,0.0008,-10.0,6.0,10.6,10.6,0.0,17.5472,0.0,178.1011,-3.2,0.0,14.3472,14.3472,1076.04,50.0,1026.04,-15.5184
short,C,2026-01-09 11:10:00+05:30,2026-01-09 12:50:00+05:30,25798.8,25692.9,25817.610426982286,25686.445115898176,True,105.9,133.65,22.85,125.35,TRAIL_SL,100,1H:40M,-105.9,-0.2,-0.28472,0.0008,-10.0,6.0,10.93,10.93,0.0,25.2173,0.0,336.4443,-2.6667,0.0,22.5507,22.5507,1691.3,50.0,1641.3,-12.9956
short,C,2026-01-09 12:50:00+05:30,2026-01-09 13:35:00+05:30,25692.9,25716.1,25709.573042223023,25709.573042223023,False,-23.2,12.25,37.5,4.55,STOP_LOSS,45,0H:45M,23.2,-0.2,-0.18144,0.0008,-10.0,6.0,10.93,10.93,0.0,-4.4462,0.0,16.1472,-1.2,0.0,-5.6462,-5.6462,-423.47,50.0,-473.47,-5.9297
short,C,2026-01-12 09:30:00+05:30,2026-01-12 09:45:00+05:30,25568.2,25595.45,25594.84116022792,25594.84116022792,False,-27.25,22.9,28.9,10.6,STOP_LOSS,15,0H:15M,27.25,-0.2,-0.1782,0.0008,-10.0,6.0,11.37,11.37,0.0,-5.1827,0.0,22.2769,-0.4,0.0,-5.5827,-5.5827,-418.7,50.0,-468.7,-1.9921
short,B,2026-01-12 10:00:00+05:30,2026-01-12 11:45:00+05:30,25589.7,25490.85,25617.709333110215,25488.32271267491,True,98.85,116.3,8.5,114.7,TRAIL_SL,105,1H:45M,-98.85,-0.2,-0.27908,0.0008,-10.0,6.0,11.37,11.37,0.0,23.2877,0.0,293.1397,-2.8,0.0,20.4877,20.4877,1536.58,50.0,1486.58,-13.6285
short,C,2026-01-12 11:45:00+05:30,2026-01-12 12:05:00+05:30,25490.85,25520.0,25506.973540646955,25506.973540646955,False,-29.15,6.95,39.6,0.0,STOP_LOSS,20,0H:20M,29.15,-0.2,-0.17668,0.0008,-10.0,6.0,11.37,11.37,0.0,-5.5241,0.0,25.4917,-0.5333,0.0,-6.0574,-6.0574,-454.31,50.0,-504.31,-2.6526
long,C,2026-01-12 12:25:00+05:30,2026-01-12 13:00:00+05:30,25660.8,25699.4,25617.753558112523,25705.489337160343,True,38.6,77.6,4.35,65.7,TRAIL_SL,35,0H:35M,38.6,0.2,0.23088,0.0008,-10.0,6.0,11.37,11.37,0.0,8.2564,0.0,44.6988,-0.9333,0.0,7.3231,7.3231,549.23,50.0,499.23,4.6239
short,C,2026-01-13 12:45:00+05:30,2026-01-13 14:50:00+05:30,25685.0,25713.9,25704.13605214506,25704.13605214506,False,-28.9,81.7,37.75,72.4,STOP_LOSS,125,2H:05M,28.9,-0.2,-0.17688,0.0008,-10.0,6.0,11.2,11.2,0.0,-5.4793,0.0,25.0563,-3.3333,0.0,-8.8127,-8.8127,-660.95,50.0,-710.95,-16.1453
long,C,2026-01-14 11:15:00+05:30,2026-01-14 13:30:00+05:30,25747.0,25700.35,25714.203792672295,25714.203792672295,False,-46.65,44.75,47.25,39.95,STOP_LOSS,135,2H:15M,-46.65,0.2,0.16268,0.0008,-10.0,6.0,11.32,11.32,0.0,-8.5466,0.0,65.2867,-3.6,0.0,-12.1466,-12.1466,-910.99,50.0,-960.99,17.3948
long,C,2026-01-16 10:00:00+05:30,2026-01-16 10:40:00+05:30,25761.35,25844.55,25727.04578805756,25849.507002833405,True,83.2,112.15,12.2,104.25,TRAIL_SL,40,0H:40M,83.2,0.2,0.26656,0.0008,-10.0,6.0,11.37,11.37,0.0,19.132,0.0,207.6672,-1.0667,0.0,18.0653,18.0653,1354.9,50.0,1304.9,5.2776
long,A,2026-01-16 10:50:00+05:30,2026-01-16 11:15:00+05:30,25838.05,25806.6,25807.076776429625,25807.076776429625,False,-31.45,7.1,36.8,0.0,STOP_LOSS,25,0H:25M,-31.45,0.2,0.17484,0.0008,-10.0,6.0,11.37,11.37,0.0,-5.9339,0.0,29.6731,-0.6667,0.0,-6.6006,-6.6006,-495.04,50.0,-545.04,3.3114
long,A,2026-01-16 11:25:00+05:30,2026-01-16 11:55:00+05:30,25813.15,25775.65,25787.389740432212,25787.389740432212,False,-37.5,17.5,42.9,0.0,STOP_LOSS,30,0H:30M,-37.5,0.2,0.17,0.0008,-10.0,6.0,11.37,11.37,0.0,-6.9937,0.0,42.1875,-0.8,0.0,-7.7937,-7.7937,-584.53,50.0,-634.53,3.9685
short,C,2026-01-16 13:15:00+05:30,2026-01-16 15:10:00+05:30,25713.85,25682.45,25730.58365429916,25730.58365429916,False,31.4,51.45,6.6,41.35,SOFT_EOD_EXIT,115,1H:55M,-31.4,-0.2,-0.22512,0.0008,-10.0,6.0,11.37,11.37,0.0,6.6349,0.0,29.5788,-3.0667,0.0,3.5683,3.5683,267.62,50.0,217.62,-14.8899
short,C,2026-01-19 09:30:00+05:30,2026-01-19 10:55:00+05:30,25588.0,25548.1,25617.217847590837,25520.604812835612,True,39.9,93.65,8.3,84.2,TRAIL_SL,85,1H:25M,-39.9,-0.2,-0.23192,0.0008,-10.0,6.0,11.83,11.83,0.0,8.5531,0.0,47.7603,-2.2667,0.0,6.2865,6.2865,471.48,50.0,421.48,-11.0875
short,C,2026-01-19 10:55:00+05:30,2026-01-19 13:45:00+05:30,25548.1,25576.05,25566.69503702217,25566.69503702217,False,-27.95,39.4,27.95,32.75,STOP_LOSS,170,2H:50M,27.95,-0.2,-0.17764,0.0008,-10.0,6.0,11.83,11.83,0.0,-5.3088,0.0,23.4361,-4.5333,0.0,-9.8421,-9.8421,-738.16,50.0,-788.16,-21.7229
short,C,2026-01-20 09:30:00+05:30,2026-01-20 12:45:00+05:30,25495.55,25423.05,25517.885523108038,25419.5099923256,True,72.5,90.45,8.45,85.8,TRAIL_SL,195,3H:15M,-72.5,-0.2,-0.258,0.0008,-10.0,6.0,12.73,12.73,0.0,16.3923,0.0,157.6875,-5.2,0.0,11.1923,11.1923,839.42,50.0,789.42,-24.7726
short,B,2026-01-20 12:45:00+05:30,2026-01-20 15:25:00+05:30,25423.05,25225.35,25435.7733250194,25198.763248318224,True,197.7,251.7,13.85,242.5,TRAIL_SL,160,2H:40M,-197.7,-0.2,-0.35816,0.0008,-10.0,6.0,12.73,12.73,0.0,53.6107,0.0,1172.5587,-4.2667,0.0,49.344,49.344,3700.8,50.0,3650.8,-20.4934
short,B,2026-01-21 09:30:00+05:30,2026-01-21 10:55:00+05:30,25242.85,24993.6,25280.861767091057,24992.282343136743,True,249.25,323.05,8.45,273.4,TRAIL_SL,85,1H:25M,-249.25,-0.2,-0.3994,0.0008,-10.0,6.0,13.78,13.78,0.0,72.2152,0.0,1863.7669,-2.2667,0.0,69.9485,69.9485,5246.14,50.0,5196.14,-11.0875
short,C,2026-01-21 10:55:00+05:30,2026-01-21 11:10:00+05:30,24993.6,25054.75,25027.015038398134,25027.015038398134,False,-61.15,18.6,76.5,0.0,STOP_LOSS,15,0H:15M,61.15,-0.2,-0.15108,0.0008,-10.0,6.0,13.78,13.78,0.0,-10.8838,0.0,112.1797,-0.4,0.0,-11.2838,-11.2838,-846.29,50.0,-896.29,-1.9921
short,B,2026-01-21 11:25:00+05:30,2026-01-21 11:55:00+05:30,25029.15,25069.85,25059.95180255697,25059.95180255697,False,-40.7,4.7,51.1,0.0,STOP_LOSS,30,0H:30M,40.7,-0.2,-0.16744,0.0008,-10.0,6.0,13.78,13.78,0.0,-7.5437,0.0,49.6947,-0.8,0.0,-8.3437,-8.3437,-625.77,50.0,-675.77,-3.9685
long,C,2026-01-21 12:30:00+05:30,2026-01-21 13:05:00+05:30,25185.45,25260.0,25133.901427607136,25263.652270986753,True,74.55,115.5,1.85,101.7,TRAIL_SL,35,0H:35M,74.55,0.2,0.25964,0.0008,-10.0,6.0,13.78,13.78,0.0,16.9108,0.0,166.7311,-0.9333,0.0,15.9774,15.9774,1198.31,50.0,1148.31,4.6239
long,C,2026-01-22 09:30:00+05:30,2026-01-22 10:15:00+05:30,25406.65,25341.3,25350.588293091427,25350.588293091427,False,-65.35,29.1,65.35,12.85,STOP_LOSS,45,0H:45M,-65.35,0.2,0.14772,0.0008,-10.0,6.0,13.35,13.35,0.0,-11.5326,0.0,128.1187,-1.2,0.0,-12.7326,-12.7326,-954.94,50.0,-1004.94,5.9297
long,A,2026-01-22 10:20:00+05:30,2026-01-22 10:25:00+05:30,25347.8,25291.9,25302.823840277244,25302.823840277244,False,-55.9,1.0,57.6,0.0,STOP_LOSS,5,0H:05M,-55.9,0.2,0.15528,0.0008,-10.0,6.0,13.35,13.35,0.0,-10.0551,0.0,93.7443,-0.1333,0.0,-10.1884,-10.1884,-764.13,50.0,-814.13,0.6658
short,C,2026-01-22 11:45:00+05:30,2026-01-22 12:15:00+05:30,25211.8,25239.65,25237.544867167482,25237.544867167482,False,-27.85,28.5,35.4,23.6,STOP_LOSS,30,0H:30M,27.85,-0.2,-0.17772,0.0008,-10.0,6.0,13.35,13.35,0.0,-5.2908,0.0,23.2687,-0.8,0.0,-6.0908,-6.0908,-456.81,50.0,-506.81,-3.9685
