direction,entry_time,exit_time,entry_price,exit_price,sl_at_entry,sl_at_exit,be_triggered,pnl,mfe_pts,mae_pts,exit_reason,holding_mins,opt_dS,opt_delta_entry,opt_delta_exit,opt_gamma,opt_theta_daily,opt_delta_effect,opt_gamma_pnl,opt_theta_effect,opt_vega_effect,opt_change,opt_pnl_per_lot,opt_gross_pnl,opt_slippage,opt_total_pnl,opt_breakeven_dS,opt_lot_size
short,2015-01-09 10:00:00+05:30,2015-01-09 11:50:00+05:30,8285.5,8257.289764750169,8294.236002139607,8257.289764750169,True,28.21,35.3,5.95,TRAIL_SL,110,-28.2102,-0.2,-0.216926,0.0006,-10.53,5.8569,15.5184,-3.0888,0.0,2.7681,2.7681,179.93,50.0,129.93,-15.1019,65
long,2015-01-12 14:45:00+05:30,2015-01-13 09:25:00+05:30,8304.95,8334.060284190315,8292.860127328966,8334.060284190315,True,29.11,50.95,3.7,TRAIL_SL,1120,29.1103,0.2,0.217466,0.0006,-10.53,6.0509,16.5245,-31.4496,0.0,-25.3987,-25.3987,-1650.92,50.0,-1700.92,131.3635,65
long,2015-01-13 09:30:00+05:30,2015-01-13 13:20:00+05:30,8327.8,8350.981468729175,8313.097033698441,8350.981468729175,True,23.18,28.45,6.5,TRAIL_SL,230,23.1815,0.2,0.213909,0.0006,-10.53,4.7814,10.4789,-6.4584,0.0,-1.677,-1.677,-109.01,50.0,-159.01,30.8632,65
long,2015-01-15 10:10:00+05:30,2015-01-15 12:05:00+05:30,8407.8,8458.025295590014,8387.780498682798,8458.025295590014,True,50.23,60.75,8.7,TRAIL_SL,115,50.2253,0.2,0.230135,0.0006,-10.53,10.7262,49.1903,-3.2292,0.0,7.497,7.497,487.3,50.0,437.3,15.7728,65
long,2015-01-21 10:15:00+05:30,2015-01-21 10:55:00+05:30,8721.55,8708.020474070901,8708.020474070901,8708.020474070901,False,-13.53,11.6,18.35,STOP_LOSS,40,-13.5295,0.2,0.191882,0.0006,-10.53,-2.6565,3.5694,-1.1232,0.0,-3.7797,-3.7797,-245.68,50.0,-295.68,5.5695,65
long,2015-01-27 10:10:00+05:30,2015-01-27 11:25:00+05:30,8854.3,8843.789091027988,8843.789091027988,8843.789091027988,False,-10.51,6.85,14.25,STOP_LOSS,75,-10.5109,0.2,0.193693,0.0006,-10.53,-2.0724,2.1543,-2.106,0.0,-4.1784,-4.1784,-271.59,50.0,-321.59,10.3687,65
long,2015-01-28 09:35:00+05:30,2015-01-28 12:35:00+05:30,8903.95,8978.643827624595,8889.604364208617,8978.643827624595,True,74.69,81.1,14.6,TRAIL_SL,180,74.6938,0.2,0.244816,0.0006,-10.53,16.4451,108.7938,-5.0544,0.0,11.3907,11.3907,740.4,50.0,690.4,24.3804,65
short,2015-01-29 09:45:00+05:30,2015-01-29 10:35:00+05:30,8877.45,8886.480250230996,8886.480250230996,8886.480250230996,False,-9.03,8.65,13.45,STOP_LOSS,50,9.0303,-0.2,-0.194582,0.0006,-10.53,-1.784,1.5901,-1.404,0.0,-3.188,-3.188,-207.22,50.0,-257.22,-6.9476,65
long,2015-01-30 09:30:00+05:30,2015-01-30 09:45:00+05:30,8949.75,8927.517361607292,8927.517361607292,8927.517361607292,False,-22.23,0.85,26.25,STOP_LOSS,15,-22.2326,0.2,0.18666,0.0006,-10.53,-4.3131,9.6387,-0.4212,0.0,-4.7343,-4.7343,-307.73,50.0,-357.73,2.0994,65
short,2015-01-30 14:40:00+05:30,2015-01-30 15:15:00+05:30,8808.2,8807.5,8819.670272685482,8819.670272685482,False,0.7,23.75,15.55,SOFT_EOD_EXIT,35,-0.7,-0.2,-0.20042,0.0006,-10.53,0.1401,0.0096,-0.9828,0.0,-0.8427,-0.8427,-54.77,50.0,-104.77,-4.8783,65
short,2015-02-02 09:40:00+05:30,2015-02-02 12:10:00+05:30,8787.1,8763.262118967019,8801.179778146326,8763.262118967019,True,23.84,35.65,18.15,TRAIL_SL,150,-23.8379,-0.2,-0.214303,0.0006,-10.53,4.921,11.0808,-4.212,0.0,0.709,0.709,46.09,50.0,-3.91,-20.4337,65
long,2015-02-05 14:30:00+05:30,2015-02-05 14:35:00+05:30,8820.35,8805.967848591235,8805.967848591235,8805.967848591235,False,-14.38,0.0,17.2,STOP_LOSS,5,-14.3822,0.2,0.191371,0.0006,-10.53,-2.8206,4.0335,-0.1404,0.0,-2.961,-2.961,-192.46,50.0,-242.46,0.7013,65
short,2015-02-06 09:40:00+05:30,2015-02-06 11:00:00+05:30,8713.35,8678.245036933235,8727.061913223974,8678.245036933235,True,35.1,50.25,12.45,TRAIL_SL,80,-35.105,-0.2,-0.221063,0.0006,-10.53,7.3537,24.031,-2.2464,0.0,5.1073,5.1073,331.98,50.0,281.98,-11.0489,65
short,2015-02-06 14:50:00+05:30,2015-02-06 15:15:00+05:30,8671.1,8666.45,8681.250182420106,8681.250182420106,False,4.65,24.45,7.1,SOFT_EOD_EXIT,25,-4.65,-0.2,-0.20279,0.0006,-10.53,0.9358,0.4216,-0.702,0.0,0.2338,0.2338,15.2,50.0,-34.8,-3.4917,65
short,2015-02-09 10:20:00+05:30,2015-02-09 12:45:00+05:30,8572.0,8584.194414843041,8584.194414843041,8584.194414843041,False,-12.19,17.85,16.85,STOP_LOSS,145,12.1944,-0.2,-0.192683,0.0006,-10.53,-2.3987,2.8997,-4.0716,0.0,-6.4703,-6.4703,-420.57,50.0,-470.57,-19.7716,65
long,2015-02-13 10:00:00+05:30,2015-02-13 10:55:00+05:30,8753.3,8739.418835055845,8739.418835055845,8739.418835055845,False,-13.88,6.7,17.6,STOP_LOSS,55,-13.8812,0.2,0.191671,0.0006,-10.53,-2.7242,3.7574,-1.5444,0.0,-4.2686,-4.2686,-277.46,50.0,-327.46,7.6346,65
long,2015-02-16 09:55:00+05:30,2015-02-16 10:40:00+05:30,8844.55,8862.913310413944,8829.938409734275,8862.913310413944,True,18.36,24.8,2.65,TRAIL_SL,45,18.3633,0.2,0.211018,0.0006,-10.53,3.7637,6.5756,-1.2636,0.0,2.5001,2.5001,162.51,50.0,112.51,6.2592,65
long,2015-02-19 09:35:00+05:30,2015-02-19 10:35:00+05:30,8883.5,8868.181821316464,8868.181821316464,8868.181821316464,False,-15.32,15.1,17.55,STOP_LOSS,60,-15.3182,0.2,0.190809,0.0006,-10.53,-3.0003,4.5756,-1.6848,0.0,-4.6851,-4.6851,-304.53,50.0,-354.53,8.3202,65
short,2015-02-20 10:10:00+05:30,2015-02-20 10:20:00+05:30,8835.8,8846.375636950834,8846.375636950834,8846.375636950834,False,-10.58,0.0,16.25,STOP_LOSS,10,10.5756,-0.2,-0.193655,0.0006,-10.53,-2.0849,2.181,-0.2808,0.0,-2.3657,-2.3657,-153.77,50.0,-203.77,-1.4011,65
short,2015-02-24 14:50:00+05:30,2015-02-24 15:10:00+05:30,8752.65,8763.63385274161,8763.63385274161,8763.63385274161,False,-10.98,4.9,19.65,STOP_LOSS,20,10.9839,-0.2,-0.19341,0.0006,-10.53,-2.1642,2.3526,-0.5616,0.0,-2.7258,-2.7258,-177.18,50.0,-227.18,-2.7963,65
short,2015-02-26 09:50:00+05:30,2015-02-26 11:15:00+05:30,8746.1,8754.54056482155,8754.54056482155,8754.54056482155,False,-8.44,14.4,10.35,STOP_LOSS,85,8.4406,-0.2,-0.194936,0.0006,-10.53,-1.6689,1.3892,-2.3868,0.0,-4.0557,-4.0557,-263.62,50.0,-313.62,-11.7277,65
long,2015-02-27 14:35:00+05:30,2015-02-27 15:15:00+05:30,8814.5,8844.950627532478,8802.001762221005,8844.950627532478,True,30.45,42.45,12.05,TRAIL_SL,40,30.4506,0.2,0.21827,0.0006,-10.53,6.3405,18.0812,-1.1232,0.0,5.2173,5.2173,339.12,50.0,289.12,5.5695,65
long,2015-02-28 10:05:00+05:30,2015-02-28 11:20:00+05:30,8898.85,8917.26902062396,8885.30408252245,8917.26902062396,True,18.42,30.75,10.9,TRAIL_SL,75,18.419,0.2,0.211051,0.0006,-10.53,3.7754,6.6156,-2.106,0.0,1.6694,1.6694,108.51,50.0,58.51,10.3687,65
long,2015-03-02 10:05:00+05:30,2015-03-02 10:20:00+05:30,8952.6,8961.178495046079,8932.806998643406,8961.178495046079,True,8.58,19.1,3.55,TRAIL_SL,15,8.5785,0.2,0.205147,0.0006,-10.53,1.7356,1.435,-0.4212,0.0,1.3144,1.3144,85.43,50.0,35.43,2.0994,65
long,2015-03-02 10:20:00+05:30,2015-03-02 10:40:00+05:30,8961.1,8942.46405807987,8942.46405807987,8942.46405807987,False,-18.64,0.0,21.35,STOP_LOSS,20,-18.6359,0.2,0.188818,0.0006,-10.53,-3.6334,6.7723,-0.5616,0.0,-4.195,-4.195,-272.68,50.0,-322.68,2.7963,65
long,2015-03-03 14:30:00+05:30,2015-03-03 15:10:00+05:30,8981.5,8998.745569036551,8970.934332846806,8998.745569036551,True,17.25,26.75,3.25,TRAIL_SL,40,17.2456,0.2,0.210347,0.0006,-10.53,3.5294,5.7995,-1.1232,0.0,2.4062,2.4062,156.4,50.0,106.4,5.5695,65
long,2015-03-04 10:25:00+05:30,2015-03-04 11:00:00+05:30,9073.5,9060.755832777137,9060.755832777137,9060.755832777137,False,-12.74,9.05,15.1,STOP_LOSS,35,-12.7442,0.2,0.192353,0.0006,-10.53,-2.505,3.1671,-0.9828,0.0,-3.4878,-3.4878,-226.71,50.0,-276.71,4.8783,65
short,2015-03-05 09:30:00+05:30,2015-03-05 10:00:00+05:30,8939.0,8912.204047101854,8953.86969107945,8912.204047101854,True,26.8,46.35,7.1,TRAIL_SL,30,-26.796,-0.2,-0.216078,0.0006,-10.53,5.5531,14.0015,-0.8424,0.0,4.7107,4.7107,306.19,50.0,256.19,-4.1857,65
short,2015-03-05 10:05:00+05:30,2015-03-05 10:15:00+05:30,8918.35,8930.92046644563,8930.92046644563,8930.92046644563,False,-12.57,1.95,15.0,STOP_LOSS,10,12.5705,-0.2,-0.192458,0.0006,-10.53,-2.4714,3.0813,-0.2808,0.0,-2.7522,-2.7522,-178.89,50.0,-228.89,-1.4011,65
short,2015-03-10 09:30:00+05:30,2015-03-10 10:35:00+05:30,8756.1,8766.878336178019,8766.878336178019,8766.878336178019,False,-10.78,30.7,13.8,STOP_LOSS,65,10.7783,-0.2,-0.193533,0.0006,-10.53,-2.1243,2.2654,-1.8252,0.0,-3.9495,-3.9495,-256.72,50.0,-306.72,-9.0044,65
short,2015-03-10 14:55:00+05:30,2015-03-10 15:05:00+05:30,8692.65,8702.545484273747,8702.545484273747,8702.545484273747,False,-9.9,10.05,27.15,STOP_LOSS,10,9.8955,-0.2,-0.194063,0.0006,-10.53,-1.9527,1.9095,-0.2808,0.0,-2.2335,-2.2335,-145.17,50.0,-195.17,-1.4011,65
long,2015-03-13 09:45:00+05:30,2015-03-13 10:05:00+05:30,8794.1,8775.95049537225,8775.95049537225,8775.95049537225,False,-18.15,8.5,63.5,STOP_LOSS,20,-18.1495,0.2,0.18911,0.0006,-10.53,-3.541,6.4234,-0.5616,0.0,-4.1026,-4.1026,-266.67,50.0,-316.67,2.7963,65
short,2015-03-13 14:30:00+05:30,2015-03-13 15:15:00+05:30,8656.7,8650.4,8666.844144124718,8666.844144124718,False,6.3,24.3,6.5,SOFT_EOD_EXIT,45,-6.3,-0.2,-0.20378,0.0006,-10.53,1.2707,0.774,-1.2636,0.0,0.0071,0.0071,0.46,50.0,-49.54,-6.2592,65
short,2015-03-16 10:10:00+05:30,2015-03-16 11:55:00+05:30,8639.15,8648.112016512365,8648.112016512365,8648.112016512365,False,-8.96,12.45,9.15,STOP_LOSS,105,8.962,-0.2,-0.194623,0.0006,-10.53,-1.7707,1.5662,-2.9484,0.0,-4.7191,-4.7191,-306.74,50.0,-356.74,-14.4297,65
short,2015-03-17 14:35:00+05:30,2015-03-17 14:55:00+05:30,8650.0,8659.151278232594,8659.151278232594,8659.151278232594,False,-9.15,3.25,27.65,STOP_LOSS,20,9.1513,-0.2,-0.194509,0.0006,-10.53,-1.8076,1.633,-0.5616,0.0,-2.3692,-2.3692,-154.0,50.0,-204.0,-2.7963,65
long,2015-03-18 09:30:00+05:30,2015-03-18 09:45:00+05:30,8716.15,8697.400386976042,8697.400386976042,8697.400386976042,False,-18.75,4.8,31.45,STOP_LOSS,15,-18.7496,0.2,0.18875,0.0006,-10.53,-3.655,6.8552,-0.4212,0.0,-4.0762,-4.0762,-264.95,50.0,-314.95,2.0994,65
long,2015-03-18 10:00:00+05:30,2015-03-18 10:30:00+05:30,8705.6,8689.150317850816,8689.150317850816,8689.150317850816,False,-16.45,9.25,19.4,STOP_LOSS,30,-16.4497,0.2,0.19013,0.0006,-10.53,-3.2169,5.2765,-0.8424,0.0,-4.0593,-4.0593,-263.85,50.0,-313.85,4.1857,65
long,2015-03-19 10:20:00+05:30,2015-03-19 10:55:00+05:30,8768.05,8754.637712358928,8754.637712358928,8754.637712358928,False,-13.41,6.0,25.35,STOP_LOSS,35,-13.4123,0.2,0.191953,0.0006,-10.53,-2.6339,3.5078,-0.9828,0.0,-3.6167,-3.6167,-235.08,50.0,-285.08,4.8783,65
short,2015-03-20 09:30:00+05:30,2015-03-20 10:50:00+05:30,8619.85,8588.683918707507,8633.869646962743,8588.683918707507,True,31.17,44.55,3.1,TRAIL_SL,80,-31.1661,-0.2,-0.2187,0.0006,-10.53,6.4955,18.9408,-2.2464,0.0,4.2491,4.2491,276.19,50.0,226.19,-11.0489,65
short,2015-03-23 14:30:00+05:30,2015-03-23 15:15:00+05:30,8559.15,8549.3,8566.973016310672,8566.973016310672,False,9.85,18.4,6.55,SOFT_EOD_EXIT,45,-9.85,-0.2,-0.20591,0.0006,-10.53,1.9962,1.8919,-1.2636,0.0,0.7326,0.7326,47.62,50.0,-2.38,-6.2592,65
short,2015-03-25 09:30:00+05:30,2015-03-25 13:35:00+05:30,8558.65,8526.768914922803,8568.760990452038,8526.768914922803,True,31.88,40.4,3.7,TRAIL_SL,245,-31.8811,-0.2,-0.219129,0.0006,-10.53,6.6506,19.8199,-6.8796,0.0,-0.229,-0.229,-14.88,50.0,-64.88,-32.7857,65
short,2015-03-26 14:40:00+05:30,2015-03-26 15:10:00+05:30,8402.7,8338.254060132553,8410.68536309174,8338.254060132553,True,64.45,76.35,8.8,TRAIL_SL,30,-64.4459,-0.2,-0.238668,0.0006,-10.53,14.0106,80.9889,-0.8424,0.0,13.1682,13.1682,855.93,50.0,805.93,-4.1857,65
short,2015-03-27 09:30:00+05:30,2015-03-27 10:40:00+05:30,8369.55,8346.139311382,8385.817450103303,8346.139311382,True,23.41,33.4,4.95,TRAIL_SL,70,-23.4107,-0.2,-0.214046,0.0006,-10.53,4.8301,10.6872,-1.9656,0.0,2.8645,2.8645,186.19,50.0,136.19,-9.6872,65
long,2015-03-30 14:30:00+05:30,2015-03-30 15:15:00+05:30,8460.0,8487.588037879497,8449.91309907017,8487.588037879497,True,27.59,35.75,4.5,TRAIL_SL,45,27.588,0.2,0.216553,0.0006,-10.53,5.7231,14.8414,-1.2636,0.0,4.4595,4.4595,289.87,50.0,239.87,6.2592,65
long,2015-03-31 09:55:00+05:30,2015-03-31 12:25:00+05:30,8510.7,8529.397491195585,8497.19341505406,8529.397491195585,True,18.7,24.35,3.45,TRAIL_SL,150,18.6975,0.2,0.211218,0.0006,-10.53,3.8339,6.8171,-4.212,0.0,-0.3781,-0.3781,-24.58,50.0,-74.58,20.4337,65
short,2015-04-01 09:30:00+05:30,2015-04-01 10:20:00+05:30,8485.95,8495.127463551195,8495.127463551195,8495.127463551195,False,-9.18,20.95,11.15,STOP_LOSS,50,9.1775,-0.2,-0.194494,0.0006,-10.53,-1.8128,1.6424,-1.404,0.0,-3.2168,-3.2168,-209.09,50.0,-259.09,-6.9476,65
long,2015-04-06 09:30:00+05:30,2015-04-06 13:25:00+05:30,8583.75,8605.093872457555,8568.092066325724,8605.093872457555,True,21.34,27.75,9.9,TRAIL_SL,235,21.3439,0.2,0.212806,0.0006,-10.53,4.3918,8.8834,-6.5988,0.0,-2.207,-2.207,-143.46,50.0,-193.46,31.5051,65
long,2015-04-07 09:45:00+05:30,2015-04-07 11:00:00+05:30,8664.6,8647.648921189575,8647.648921189575,8647.648921189575,False,-16.95,9.05,31.45,STOP_LOSS,75,-16.9511,0.2,0.189829,0.0006,-10.53,-3.3126,5.6031,-2.106,0.0,-5.4186,-5.4186,-352.21,50.0,-402.21,10.3687,65
long,2015-04-08 09:50:00+05:30,2015-04-08 10:20:00+05:30,8698.65,8682.948759243674,8682.948759243674,8682.948759243674,False,-15.7,13.45,18.8,STOP_LOSS,30,-15.7012,0.2,0.190579,0.0006,-10.53,-3.0737,4.8073,-0.8424,0.0,-3.9161,-3.9161,-254.55,50.0,-304.55,4.1857,65
long,2015-04-09 09:35:00+05:30,2015-04-09 09:45:00+05:30,8730.7,8716.414650039564,8716.414650039564,8716.414650039564,False,-14.29,0.0,25.9,STOP_LOSS,10,-14.2853,0.2,0.191429,0.0006,-10.53,-2.802,3.9794,-0.2808,0.0,-3.0828,-3.0828,-200.38,50.0,-250.38,1.4011,65
short,2015-04-09 10:10:00+05:30,2015-04-09 10:20:00+05:30,8706.8,8717.2269450102,8717.2269450102,8717.2269450102,False,-10.43,0.25,14.9,STOP_LOSS,10,10.4269,-0.2,-0.193744,0.0006,-10.53,-2.056,2.1201,-0.2808,0.0,-2.3368,-2.3368,-151.89,50.0,-201.89,-1.4011,65
long,2015-04-10 09:30:00+05:30,2015-04-10 11:20:00+05:30,8770.15,8756.266106792724,8756.266106792724,8756.266106792724,False,-13.88,11.05,20.75,STOP_LOSS,110,-13.8839,0.2,0.19167,0.0006,-10.53,-2.7247,3.7589,-3.0888,0.0,-5.8135,-5.8135,-377.88,50.0,-427.88,15.1019,65
long,2015-04-13 09:40:00+05:30,2015-04-13 12:45:00+05:30,8778.55,8817.747655116716,8765.54417237345,8817.747655116716,True,39.2,47.75,16.05,TRAIL_SL,185,39.1977,0.2,0.223519,0.0006,-10.53,8.2544,29.9609,-5.1948,0.0,3.0596,3.0596,198.87,50.0,148.87,25.034,65
short,2015-04-15 10:25:00+05:30,2015-04-15 13:55:00+05:30,8813.3,8818.961316724182,8818.961316724182,8818.961316724182,False,-5.66,18.2,18.7,STOP_LOSS,210,5.6613,-0.2,-0.196603,0.0006,-10.53,-1.1236,0.625,-5.8968,0.0,-7.0204,-7.0204,-456.33,50.0,-506.33,-28.284,65
short,2015-04-20 10:25:00+05:30,2015-04-20 11:20:00+05:30,8562.15,8537.889346627744,8570.424345976571,8537.889346627744,True,24.26,32.9,2.7,TRAIL_SL,55,-24.2607,-0.2,-0.214556,0.0006,-10.53,5.011,11.4773,-1.5444,0.0,3.4666,3.4666,225.33,50.0,175.33,-7.6346,65
short,2015-04-21 09:30:00+05:30,2015-04-21 10:10:00+05:30,8450.65,8411.395959344645,8464.666639619376,8411.395959344645,True,39.25,53.05,1.8,TRAIL_SL,40,-39.254,-0.2,-0.223552,0.0006,-10.53,8.2668,30.0472,-1.1232,0.0,7.1436,7.1436,464.34,50.0,414.34,-5.5695,65
short,2015-04-22 09:30:00+05:30,2015-04-22 13:00:00+05:30,8396.1,8369.973170099178,8408.19393934432,8369.973170099178,True,26.13,33.55,12.4,TRAIL_SL,210,-26.1268,-0.2,-0.215676,0.0006,-10.53,5.4097,13.3109,-5.8968,0.0,-0.4871,-0.4871,-31.66,50.0,-81.66,-28.284,65
short,2015-04-24 10:00:00+05:30,2015-04-24 11:30:00+05:30,8357.3,8331.959969826667,8368.424056735654,8331.959969826667,True,25.34,37.5,3.85,TRAIL_SL,90,-25.34,-0.2,-0.215204,0.0006,-10.53,5.2414,12.5213,-2.5272,0.0,2.7142,2.7142,176.42,50.0,126.42,-12.4052,65
short,2015-04-27 09:45:00+05:30,2015-04-27 10:25:00+05:30,8293.3,8255.922154952466,8304.151463048736,8255.922154952466,True,37.38,51.1,1.45,TRAIL_SL,40,-37.3778,-0.2,-0.222427,0.0006,-10.53,7.8528,27.2435,-1.1232,0.0,6.7296,6.7296,437.42,50.0,387.42,-5.5695,65
short,2015-04-27 10:25:00+05:30,2015-04-27 10:45:00+05:30,8262.0,8236.039620804959,8271.989189927595,8236.039620804959,True,25.96,40.95,0.0,TRAIL_SL,20,-25.9604,-0.2,-0.215576,0.0006,-10.53,5.374,13.1419,-0.5616,0.0,4.8124,4.8124,312.81,50.0,262.81,-2.7963,65
short,2015-04-27 14:30:00+05:30,2015-04-28 09:20:00+05:30,8237.3,8209.654277185058,8247.705727145221,8209.654277185058,True,27.65,51.55,3.35,TRAIL_SL,1130,-27.6457,-0.2,-0.216587,0.0006,-10.53,5.7355,14.9036,-31.7304,0.0,-25.9949,-25.9949,-1689.67,50.0,-1739.67,-132.3695,65
short,2015-04-28 09:35:00+05:30,2015-04-28 09:45:00+05:30,8213.85,8224.282567158638,8224.282567158638,8224.282567158638,False,-10.43,0.75,17.15,STOP_LOSS,10,10.4326,-0.2,-0.19374,0.0006,-10.53,-2.0571,2.1223,-0.2808,0.0,-2.3379,-2.3379,-151.97,50.0,-201.97,-1.4011,65
short,2015-04-30 10:10:00+05:30,2015-04-30 10:25:00+05:30,8164.0,8173.068475769743,8173.068475769743,8173.068475769743,False,-9.07,2.9,12.7,STOP_LOSS,15,9.0685,-0.2,-0.194559,0.0006,-10.53,-1.7915,1.6036,-0.4212,0.0,-2.2127,-2.2127,-143.82,50.0,-193.82,-2.0994,65
long,2015-05-05 09:40:00+05:30,2015-05-05 11:15:00+05:30,8314.85,8345.658880576368,8297.869245039221,8345.658880576368,True,30.81,40.7,5.5,TRAIL_SL,95,30.8089,0.2,0.218485,0.0006,-10.53,6.4181,18.5091,-2.6676,0.0,3.7505,3.7505,243.78,50.0,193.78,13.0813,65
long,2015-05-08 14:45:00+05:30,2015-05-08 15:10:00+05:30,8205.5,8191.285236552298,8191.285236552298,8191.285236552298,False,-14.21,8.55,21.55,STOP_LOSS,25,-14.2148,0.2,0.191471,0.0006,-10.53,-2.7884,3.9402,-0.702,0.0,-3.4904,-3.4904,-226.88,50.0,-276.88,3.4917,65
long,2015-05-11 10:05:00+05:30,2015-05-11 12:00:00+05:30,8254.75,8310.863435410354,8240.655547411692,8310.863435410354,True,56.11,61.0,3.05,TRAIL_SL,115,56.1134,0.2,0.233668,0.0006,-10.53,12.0728,61.4,-3.2292,0.0,8.8436,8.8436,574.84,50.0,524.84,15.7728,65
short,2015-05-12 14:50:00+05:30,2015-05-12 15:15:00+05:30,8142.35,8123.35,8150.610189247826,8150.610189247826,False,19.0,26.9,5.1,SOFT_EOD_EXIT,25,-19.0,-0.2,-0.2114,0.0006,-10.53,3.8975,7.0395,-0.702,0.0,3.1955,3.1955,207.71,50.0,157.71,-3.4917,65
long,2015-05-13 14:45:00+05:30,2015-05-13 15:15:00+05:30,8224.0,8233.585157179206,8207.001270350318,8233.585157179206,True,9.59,20.7,23.2,TRAIL_SL,30,9.5852,0.2,0.205751,0.0006,-10.53,1.9418,1.7916,-0.8424,0.0,1.0994,1.0994,71.46,50.0,21.46,4.1857,65
short,2015-05-14 09:35:00+05:30,2015-05-14 10:05:00+05:30,8190.75,8206.698867176357,8206.698867176357,8206.698867176357,False,-15.95,18.0,28.5,STOP_LOSS,30,15.9489,-0.2,-0.190431,0.0006,-10.53,-3.1211,4.9601,-0.8424,0.0,-3.9635,-3.9635,-257.63,50.0,-307.63,-4.1857,65
long,2015-05-15 09:40:00+05:30,2015-05-15 10:10:00+05:30,8239.0,8251.915211055086,8213.92997026502,8251.915211055086,True,12.92,25.05,2.45,TRAIL_SL,30,12.9152,0.2,0.207749,0.0006,-10.53,2.6281,3.2527,-0.8424,0.0,1.7857,1.7857,116.07,50.0,66.07,4.1857,65
long,2015-05-15 10:10:00+05:30,2015-05-15 12:25:00+05:30,8248.5,8261.564854707029,8229.441753005207,8261.564854707029,True,13.06,23.9,20.2,TRAIL_SL,135,13.0649,0.2,0.207839,0.0006,-10.53,2.6591,3.3285,-3.7908,0.0,-1.1317,-1.1317,-73.56,50.0,-123.56,18.4437,65
short,2015-05-19 14:50:00+05:30,2015-05-19 15:15:00+05:30,8371.25,8363.4,8382.994599012447,8382.994599012447,False,7.85,10.3,13.0,SOFT_EOD_EXIT,25,-7.85,-0.2,-0.20471,0.0006,-10.53,1.5866,1.2016,-0.702,0.0,0.8846,0.8846,57.5,50.0,7.5,-3.4917,65
long,2015-05-20 10:10:00+05:30,2015-05-20 12:10:00+05:30,8422.65,8409.926967111776,8409.926967111776,8409.926967111776,False,-12.72,17.45,16.0,STOP_LOSS,120,-12.723,0.2,0.192366,0.0006,-10.53,-2.5009,3.1566,-3.3696,0.0,-5.8705,-5.8705,-381.58,50.0,-431.58,16.4425,65
long,2015-05-22 10:05:00+05:30,2015-05-22 11:05:00+05:30,8433.85,8465.638360988783,8424.680221874636,8465.638360988783,True,31.79,36.0,1.25,TRAIL_SL,60,31.7884,0.2,0.219073,0.0006,-10.53,6.6305,19.7047,-1.6848,0.0,4.9457,4.9457,321.47,50.0,271.47,8.3202,65
short,2015-05-22 14:30:00+05:30,2015-05-22 15:15:00+05:30,8459.6,8459.05,8466.366670738938,8466.366670738938,False,0.55,15.45,10.85,SOFT_EOD_EXIT,45,-0.55,-0.2,-0.20033,0.0006,-10.53,0.1101,0.0059,-1.2636,0.0,-1.1535,-1.1535,-74.98,50.0,-124.98,-6.2592,65
short,2015-05-25 10:00:00+05:30,2015-05-25 10:20:00+05:30,8426.35,8434.06199357475,8434.06199357475,8434.06199357475,False,-7.71,4.2,12.3,STOP_LOSS,20,7.712,-0.2,-0.195373,0.0006,-10.53,-1.5263,1.1598,-0.5616,0.0,-2.0879,-2.0879,-135.72,50.0,-185.72,-2.7963,65
short,2015-05-26 09:50:00+05:30,2015-05-26 10:05:00+05:30,8354.3,8361.281252352463,8361.281252352463,8361.281252352463,False,-6.98,1.5,9.7,STOP_LOSS,15,6.9813,-0.2,-0.195811,0.0006,-10.53,-1.3831,0.9504,-0.4212,0.0,-1.8043,-1.8043,-117.28,50.0,-167.28,-2.0994,65
short,2015-05-26 10:15:00+05:30,2015-05-26 14:05:00+05:30,8357.4,8328.779748876957,8363.970061010308,8328.779748876957,True,28.62,35.3,5.6,TRAIL_SL,230,-28.6203,-0.2,-0.217172,0.0006,-10.53,5.9452,15.9728,-6.4584,0.0,-0.5132,-0.5132,-33.36,50.0,-83.36,-30.8632,65
long,2015-06-01 09:30:00+05:30,2015-06-01 11:15:00+05:30,8436.35,8456.895982946513,8418.213939763727,8456.895982946513,True,20.55,25.35,12.45,TRAIL_SL,105,20.546,0.2,0.212328,0.0006,-10.53,4.2232,8.2317,-2.9484,0.0,1.2748,1.2748,82.86,50.0,32.86,14.4297,65
short,2015-06-02 10:00:00+05:30,2015-06-02 11:50:00+05:30,8395.0,8319.0512688266,8403.682361202822,8319.0512688266,True,75.95,98.3,5.05,TRAIL_SL,110,-75.9487,-0.2,-0.245569,0.0006,-10.53,16.7472,112.4801,-3.0888,0.0,13.6584,13.6584,887.79,50.0,837.79,-15.1019,65
short,2015-06-03 14:40:00+05:30,2015-06-03 15:00:00+05:30,8119.25,8128.597255599432,8128.597255599432,8128.597255599432,False,-9.35,7.75,19.1,STOP_LOSS,20,9.3473,-0.2,-0.194392,0.0006,-10.53,-1.8459,1.7037,-0.5616,0.0,-2.4075,-2.4075,-156.48,50.0,-206.48,-2.7963,65
long,2015-06-05 14:35:00+05:30,2015-06-05 14:45:00+05:30,8176.1,8165.074163245434,8165.074163245434,8165.074163245434,False,-11.03,12.2,24.25,STOP_LOSS,10,-11.0258,0.2,0.193384,0.0006,-10.53,-2.1723,2.3706,-0.2808,0.0,-2.4531,-2.4531,-159.45,50.0,-209.45,1.4011,65
short,2015-06-08 10:05:00+05:30,2015-06-08 12:40:00+05:30,8075.35,8055.902089721892,8085.985668470696,8055.902089721892,True,19.45,27.9,6.75,TRAIL_SL,155,-19.4479,-0.2,-0.211669,0.0006,-10.53,3.9917,7.3753,-4.3524,0.0,-0.3607,-0.3607,-23.45,50.0,-73.45,-21.0945,65
short,2015-06-09 09:30:00+05:30,2015-06-09 10:35:00+05:30,8040.4,8022.440935245275,8050.01675904499,8022.440935245275,True,17.96,25.55,16.65,TRAIL_SL,65,-17.9591,-0.2,-0.210775,0.0006,-10.53,3.6789,6.2893,-1.8252,0.0,1.8537,1.8537,120.49,50.0,70.49,-9.0044,65
long,2015-06-11 09:35:00+05:30,2015-06-11 10:10:00+05:30,8139.45,8126.197611470467,8126.197611470467,8126.197611470467,False,-13.25,5.7,16.45,STOP_LOSS,35,-13.2524,0.2,0.192049,0.0006,-10.53,-2.6031,3.4247,-0.9828,0.0,-3.5859,-3.5859,-233.08,50.0,-283.08,4.8783,65
short,2015-06-12 09:30:00+05:30,2015-06-12 10:10:00+05:30,7963.35,7972.933744259544,7972.933744259544,7972.933744259544,False,-9.58,16.5,17.6,STOP_LOSS,40,9.5837,-0.2,-0.19425,0.0006,-10.53,-1.8919,1.791,-1.1232,0.0,-3.0151,-3.0151,-195.98,50.0,-245.98,-5.5695,65
short,2015-06-16 10:15:00+05:30,2015-06-16 10:30:00+05:30,7982.5,7988.791643777136,7988.791643777136,7988.791643777136,False,-6.29,1.0,12.65,STOP_LOSS,15,6.2916,-0.2,-0.196225,0.0006,-10.53,-1.2476,0.7719,-0.4212,0.0,-1.6688,-1.6688,-108.47,50.0,-158.47,-2.0994,65
long,2015-06-17 09:50:00+05:30,2015-06-17 11:55:00+05:30,8061.1,8081.46455436945,8046.397582466131,8081.46455436945,True,20.36,24.85,10.8,TRAIL_SL,125,20.3646,0.2,0.212219,0.0006,-10.53,4.1849,8.0869,-3.51,0.0,0.6749,0.6749,43.87,50.0,-6.13,17.1108,65
long,2015-06-17 14:55:00+05:30,2015-06-17 15:00:00+05:30,8118.95,8106.284767875448,8106.284767875448,8106.284767875448,False,-12.67,2.05,42.85,STOP_LOSS,5,-12.6652,0.2,0.192401,0.0006,-10.53,-2.4897,3.128,-0.1404,0.0,-2.6301,-2.6301,-170.96,50.0,-220.96,0.7013,65
long,2015-06-18 10:15:00+05:30,2015-06-18 10:50:00+05:30,8146.5,8160.847240855603,8133.763815485902,8160.847240855603,True,14.35,19.85,1.0,TRAIL_SL,35,14.3472,0.2,0.208608,0.0006,-10.53,2.925,4.0139,-0.9828,0.0,1.9422,1.9422,126.24,50.0,76.24,4.8783,65
long,2015-06-22 14:55:00+05:30,2015-06-22 15:15:00+05:30,8358.3,8350.9,8350.04915816797,8350.04915816797,False,-7.4,4.25,8.95,SOFT_EOD_EXIT,20,-7.4,0.2,0.19556,0.0006,-10.53,-1.4652,1.0678,-0.5616,0.0,-2.0268,-2.0268,-131.74,50.0,-181.74,2.7963,65
long,2015-06-24 10:20:00+05:30,2015-06-24 14:25:00+05:30,8402.1,8417.359762221333,8392.696885893405,8417.359762221333,True,15.26,19.05,9.95,TRAIL_SL,245,15.2598,0.2,0.209156,0.0006,-10.53,3.1148,4.5408,-6.8796,0.0,-3.7648,-3.7648,-244.71,50.0,-294.71,32.7857,65
short,2015-06-25 09:30:00+05:30,2015-06-25 12:20:00+05:30,8360.2,8370.839291389982,8370.839291389982,8370.839291389982,False,-10.64,7.15,12.65,STOP_LOSS,170,10.6393,-0.2,-0.193616,0.0006,-10.53,-2.0973,2.2073,-4.7736,0.0,-6.8709,-6.8709,-446.61,50.0,-496.61,-23.0697,65
long,2015-06-25 14:45:00+05:30,2015-06-25 15:00:00+05:30,8404.4,8394.103681500335,8394.103681500335,8394.103681500335,False,-10.3,6.55,19.2,STOP_LOSS,15,-10.2963,0.2,0.193822,0.0006,-10.53,-2.0306,2.0673,-0.4212,0.0,-2.4518,-2.4518,-159.37,50.0,-209.37,2.0994,65
short,2015-06-26 09:45:00+05:30,2015-06-26 10:50:00+05:30,8378.55,8387.547606242964,8387.547606242964,8387.547606242964,False,-9.0,24.05,11.55,STOP_LOSS,65,8.9976,-0.2,-0.194601,0.0006,-10.53,-1.7777,1.5787,-1.8252,0.0,-3.6029,-3.6029,-234.19,50.0,-284.19,-9.0044,65
long,2015-06-26 14:30:00+05:30,2015-06-26 14:35:00+05:30,8391.05,8381.053770065111,8381.053770065111,8381.053770065111,False,-10.0,0.0,16.85,STOP_LOSS,5,-9.9962,0.2,0.194002,0.0006,-10.53,-1.9723,1.9485,-0.1404,0.0,-2.1127,-2.1127,-137.32,50.0,-187.32,0.7013,65
short,2015-06-29 10:20:00+05:30,2015-06-29 11:05:00+05:30,8240.15,8207.108841397034,8249.006379835542,8207.108841397034,True,33.04,44.05,1.45,TRAIL_SL,45,-33.0412,-0.2,-0.219825,0.0006,-10.53,6.903,21.2885,-1.2636,0.0,5.6394,5.6394,366.56,50.0,316.56,-6.2592,65
long,2015-07-03 10:15:00+05:30,2015-07-03 10:25:00+05:30,8487.0,8476.167637102613,8476.167637102613,8476.167637102613,False,-10.83,1.3,11.75,STOP_LOSS,10,-10.8324,0.2,0.193501,0.0006,-10.53,-2.1348,2.2881,-0.2808,0.0,-2.4156,-2.4156,-157.01,50.0,-207.01,1.4011,65
short,2015-07-06 09:45:00+05:30,2015-07-06 12:35:00+05:30,8429.35,8444.58991824658,8444.58991824658,8444.58991824658,False,-15.24,26.7,26.8,STOP_LOSS,170,15.2399,-0.2,-0.190856,0.0006,-10.53,-2.9853,4.529,-4.7736,0.0,-7.7589,-7.7589,-504.33,50.0,-554.33,-23.0697,65
long,2015-07-07 09:30:00+05:30,2015-07-07 14:05:00+05:30,8534.2,8517.852384758296,8517.852384758296,8517.852384758296,False,-16.35,18.95,25.3,STOP_LOSS,275,-16.3476,0.2,0.190191,0.0006,-10.53,-3.1974,5.2113,-7.722,0.0,-10.9194,-10.9194,-709.76,50.0,-759.76,36.6006,65
short,2015-07-07 14:40:00+05:30,2015-07-07 14:45:00+05:30,8510.65,8519.225828126084,8519.225828126084,8519.225828126084,False,-8.58,0.0,13.65,STOP_LOSS,5,8.5758,-0.2,-0.194855,0.0006,-10.53,-1.6953,1.4341,-0.1404,0.0,-1.8357,-1.8357,-119.32,50.0,-169.32,-0.7013,65
short,2015-07-08 10:00:00+05:30,2015-07-08 11:10:00+05:30,8452.8,8388.30192036373,8462.810884263026,8388.30192036373,True,64.5,78.2,4.7,TRAIL_SL,70,-64.4981,-0.2,-0.238699,0.0006,-10.53,14.0228,81.12,-1.9656,0.0,12.0572,12.0572,783.72,50.0,733.72,-9.6872,65
long,2015-07-13 14:55:00+05:30,2015-07-13 15:15:00+05:30,8461.3,8458.85,8451.289012931402,8451.289012931402,False,-2.45,4.25,8.1,SOFT_EOD_EXIT,20,-2.45,0.2,0.19853,0.0006,-10.53,-0.4884,0.117,-0.5616,0.0,-1.05,-1.05,-68.25,50.0,-118.25,2.7963,65
long,2015-07-16 14:35:00+05:30,2015-07-16 15:15:00+05:30,8602.2,8611.1,8594.589651210907,8594.589651210907,False,8.9,9.0,10.45,SOFT_EOD_EXIT,40,8.9,0.2,0.20534,0.0006,-10.53,1.8014,1.5446,-1.1232,0.0,0.6782,0.6782,44.08,50.0,-5.92,5.5695,65
long,2015-07-17 09:35:00+05:30,2015-07-17 09:40:00+05:30,8620.65,8609.143928407322,8609.143928407322,8609.143928407322,False,-11.51,0.15,16.2,STOP_LOSS,5,-11.5061,0.2,0.193096,0.0006,-10.53,-2.2655,2.5816,-0.1404,0.0,-2.4059,-2.4059,-156.38,50.0,-206.38,0.7013,65
short,2015-07-20 09:45:00+05:30,2015-07-20 12:00:00+05:30,8591.65,8569.094010855788,8599.321987891211,8569.094010855788,True,22.56,32.55,0.7,TRAIL_SL,135,-22.556,-0.2,-0.213534,0.0006,-10.53,4.6486,9.9211,-3.7908,0.0,0.8578,0.8578,55.75,50.0,5.75,-18.4437,65
long,2015-07-21 09:30:00+05:30,2015-07-21 10:35:00+05:30,8604.5,8626.967936835237,8587.554729844785,8626.967936835237,True,22.47,42.2,0.7,TRAIL_SL,65,22.4679,0.2,0.213481,0.0006,-10.53,4.6299,9.8438,-1.8252,0.0,2.8047,2.8047,182.3,50.0,132.3,9.0044,65
long,2015-07-22 14:30:00+05:30,2015-07-22 15:15:00+05:30,8628.85,8638.65,8618.556624372222,8618.556624372222,False,9.8,15.0,2.05,SOFT_EOD_EXIT,45,9.8,0.2,0.20588,0.0006,-10.53,1.9859,1.8728,-1.2636,0.0,0.7223,0.7223,46.95,50.0,-3.05,6.2592,65
short,2015-07-24 09:40:00+05:30,2015-07-24 13:30:00+05:30,8577.9,8551.12060234008,8585.594429653818,8551.12060234008,True,26.78,33.3,6.95,TRAIL_SL,230,-26.7794,-0.2,-0.216068,0.0006,-10.53,5.5495,13.9842,-6.4584,0.0,-0.9089,-0.9089,-59.08,50.0,-109.08,-30.8632,65
short,2015-07-28 10:00:00+05:30,2015-07-28 10:10:00+05:30,8359.6,8368.512722417418,8368.512722417418,8368.512722417418,False,-8.91,4.35,13.8,STOP_LOSS,10,8.9127,-0.2,-0.194652,0.0006,-10.53,-1.7611,1.549,-0.2808,0.0,-2.0419,-2.0419,-132.72,50.0,-182.72,-1.4011,65
short,2015-07-30 14:35:00+05:30,2015-07-30 14:45:00+05:30,8420.5,8426.581639103924,8426.581639103924,8426.581639103924,False,-6.08,4.7,6.55,STOP_LOSS,10,6.0816,-0.2,-0.196351,0.0006,-10.53,-1.2063,0.7212,-0.2808,0.0,-1.4871,-1.4871,-96.66,50.0,-146.66,-1.4011,65
long,2015-07-31 09:50:00+05:30,2015-07-31 11:15:00+05:30,8467.15,8494.583486230027,8454.277729809808,8494.583486230027,True,27.43,36.2,12.55,TRAIL_SL,85,27.4335,0.2,0.21646,0.0006,-10.53,5.6899,14.6756,-2.3868,0.0,3.3031,3.3031,214.7,50.0,164.7,11.7277,65
long,2015-07-31 14:50:00+05:30,2015-07-31 15:15:00+05:30,8537.9,8528.35,8528.232073022382,8528.232073022382,False,-9.55,5.85,10.35,SOFT_EOD_EXIT,25,-9.55,0.2,0.19427,0.0006,-10.53,-1.8854,1.7784,-0.702,0.0,-2.5874,-2.5874,-168.18,50.0,-218.18,3.4917,65
long,2015-08-06 14:35:00+05:30,2015-08-06 14:45:00+05:30,8594.1,8585.185261549632,8585.185261549632,8585.185261549632,False,-8.91,1.0,12.4,STOP_LOSS,10,-8.9147,0.2,0.194651,0.0006,-10.53,-1.7615,1.5497,-0.2808,0.0,-2.0423,-2.0423,-132.75,50.0,-182.75,1.4011,65
short,2015-08-11 09:40:00+05:30,2015-08-11 11:40:00+05:30,8523.85,8490.122186139399,8536.58622967746,8490.122186139399,True,33.73,51.95,6.3,TRAIL_SL,120,-33.7278,-0.2,-0.220237,0.0006,-10.53,7.0527,22.1825,-3.3696,0.0,3.6831,3.6831,239.4,50.0,189.4,-16.4425,65
short,2015-08-11 14:35:00+05:30,2015-08-11 15:15:00+05:30,8466.15,8461.3,8474.827795837795,8474.827795837795,False,4.85,10.85,7.85,SOFT_EOD_EXIT,40,-4.85,-0.2,-0.20291,0.0006,-10.53,0.9764,0.4587,-1.1232,0.0,-0.1468,-0.1468,-9.55,50.0,-59.55,-5.5695,65
short,2015-08-12 10:00:00+05:30,2015-08-12 10:45:00+05:30,8409.95,8420.40882795195,8420.40882795195,8420.40882795195,False,-10.46,9.85,23.7,STOP_LOSS,45,10.4588,-0.2,-0.193725,0.0006,-10.53,-2.0622,2.133,-1.2636,0.0,-3.3258,-3.3258,-216.18,50.0,-266.18,-6.2592,65
short,2015-08-12 14:40:00+05:30,2015-08-12 15:20:00+05:30,8375.4,8350.69672061486,8382.668415567048,8350.69672061486,True,24.7,37.4,4.95,TRAIL_SL,40,-24.7033,-0.2,-0.214822,0.0006,-10.53,5.1054,11.8999,-1.1232,0.0,3.9822,3.9822,258.84,50.0,208.84,-5.5695,65
short,2015-08-17 09:50:00+05:30,2015-08-17 10:45:00+05:30,8471.5,8450.307747681905,8484.342069146092,8450.307747681905,True,21.19,30.85,0.65,TRAIL_SL,55,-21.1923,-0.2,-0.212715,0.0006,-10.53,4.3597,8.7577,-1.5444,0.0,2.8153,2.8153,183.0,50.0,133.0,-7.6346,65
long,2015-08-18 10:00:00+05:30,2015-08-18 11:10:00+05:30,8510.05,8498.233018803992,8498.233018803992,8498.233018803992,False,-11.82,15.55,16.85,STOP_LOSS,70,-11.817,0.2,0.19291,0.0006,-10.53,-2.3257,2.723,-1.9656,0.0,-4.2913,-4.2913,-278.93,50.0,-328.93,9.6872,65
short,2015-08-19 09:30:00+05:30,2015-08-19 10:20:00+05:30,8456.5,8465.545878573643,8465.545878573643,8465.545878573643,False,-9.05,15.8,15.65,STOP_LOSS,50,9.0459,-0.2,-0.194572,0.0006,-10.53,-1.7871,1.5956,-1.404,0.0,-3.1911,-3.1911,-207.42,50.0,-257.42,-6.9476,65
short,2015-08-20 10:25:00+05:30,2015-08-20 10:40:00+05:30,8469.3,8476.94042701743,8476.94042701743,8476.94042701743,False,-7.64,1.25,14.1,STOP_LOSS,15,7.6404,-0.2,-0.195416,0.0006,-10.53,-1.5123,1.1383,-0.4212,0.0,-1.9335,-1.9335,-125.68,50.0,-175.68,-2.0994,65
short,2015-08-20 14:55:00+05:30,2015-08-20 15:15:00+05:30,8379.15,8377.75,8387.649962878886,8387.649962878886,False,1.4,19.4,0.15,SOFT_EOD_EXIT,20,-1.4,-0.2,-0.20084,0.0006,-10.53,0.2805,0.0382,-0.5616,0.0,-0.2811,-0.2811,-18.27,50.0,-68.27,-2.7963,65
short,2015-08-21 10:10:00+05:30,2015-08-21 10:55:00+05:30,8266.05,8246.272573406926,8277.431545963718,8246.272573406926,True,19.78,34.05,1.75,TRAIL_SL,45,-19.7774,-0.2,-0.211866,0.0006,-10.53,4.0611,7.6274,-1.2636,0.0,2.7975,2.7975,181.84,50.0,131.84,-6.2592,65
short,2015-08-24 14:45:00+05:30,2015-08-24 15:25:00+05:30,7870.6,7788.35608351349,7888.065498343028,7788.35608351349,True,82.24,100.9,5.5,TRAIL_SL,40,-82.2439,-0.2,-0.249346,0.0006,-10.53,18.2751,131.8992,-1.1232,0.0,17.1519,17.1519,1114.87,50.0,1064.87,-5.5695,65
short,2015-08-25 09:30:00+05:30,2015-08-25 09:40:00+05:30,7852.85,7838.581833709535,7880.787260157983,7838.581833709535,True,14.27,54.9,15.5,TRAIL_SL,10,-14.2682,-0.2,-0.208561,0.0006,-10.53,2.9086,3.9698,-0.2808,0.0,2.6278,2.6278,170.81,50.0,120.81,-1.4011,65
short,2015-08-25 09:45:00+05:30,2015-08-25 11:30:00+05:30,7846.5,7711.23963944485,7874.709166093952,7711.23963944485,True,135.26,158.9,25.0,TRAIL_SL,105,-135.2604,-0.2,-0.281156,0.0006,-10.53,31.9918,356.7596,-2.9484,0.0,29.0434,29.0434,1887.82,50.0,1837.82,-14.4297,65
short,2015-08-26 09:50:00+05:30,2015-08-26 10:00:00+05:30,7847.25,7865.341806047886,7865.341806047886,7865.341806047886,False,-18.09,1.05,25.95,STOP_LOSS,10,18.0918,-0.2,-0.189145,0.0006,-10.53,-3.53,6.3826,-0.2808,0.0,-3.8108,-3.8108,-247.7,50.0,-297.7,-1.4011,65
long,2015-08-27 14:45:00+05:30,2015-08-27 15:15:00+05:30,7954.2,7952.3,7940.867808661402,7940.867808661402,False,-1.9,8.3,13.15,SOFT_EOD_EXIT,30,-1.9,0.2,0.19886,0.0006,-10.53,-0.379,0.0704,-0.8424,0.0,-1.2214,-1.2214,-79.39,50.0,-129.39,4.1857,65
short,2015-08-31 09:40:00+05:30,2015-08-31 10:25:00+05:30,7973.5,7986.946839290959,7986.946839290959,7986.946839290959,False,-13.45,17.05,31.2,STOP_LOSS,45,13.4468,-0.2,-0.191932,0.0006,-10.53,-2.6405,3.5259,-1.2636,0.0,-3.9041,-3.9041,-253.77,50.0,-303.77,-6.2592,65
short,2015-08-31 14:30:00+05:30,2015-08-31 14:45:00+05:30,7977.55,7987.950808073308,7987.950808073308,7987.950808073308,False,-10.4,10.05,13.7,STOP_LOSS,15,10.4008,-0.2,-0.19376,0.0006,-10.53,-2.051,2.1094,-0.4212,0.0,-2.4722,-2.4722,-160.69,50.0,-210.69,-2.0994,65
short,2015-09-01 14:55:00+05:30,2015-09-01 15:05:00+05:30,7766.7,7779.347585494287,7779.347585494287,7779.347585494287,False,-12.65,8.2,20.1,STOP_LOSS,10,12.6476,-0.2,-0.192411,0.0006,-10.53,-2.4863,3.1192,-0.2808,0.0,-2.7671,-2.7671,-179.86,50.0,-229.86,-1.4011,65
short,2015-09-04 10:15:00+05:30,2015-09-04 10:55:00+05:30,7681.8,7658.236938888608,7698.232215264959,7658.236938888608,True,23.56,40.45,2.35,TRAIL_SL,40,-23.5631,-0.2,-0.214138,0.0006,-10.53,4.8625,10.8267,-1.1232,0.0,3.7393,3.7393,243.06,50.0,193.06,-5.5695,65
short,2015-09-07 10:10:00+05:30,2015-09-07 10:25:00+05:30,7641.95,7656.171144579804,7656.171144579804,7656.171144579804,False,-14.22,2.6,17.8,STOP_LOSS,15,14.2211,-0.2,-0.191467,0.0006,-10.53,-2.7896,3.9437,-0.4212,0.0,-3.2108,-3.2108,-208.7,50.0,-258.7,-2.0994,65
short,2015-09-08 09:30:00+05:30,2015-09-08 09:45:00+05:30,7573.55,7588.40117120645,7588.40117120645,7588.40117120645,False,-14.85,14.0,20.8,STOP_LOSS,15,14.8512,-0.2,-0.191089,0.0006,-10.53,-2.9107,4.3009,-0.4212,0.0,-3.3319,-3.3319,-216.57,50.0,-266.57,-2.0994,65
long,2015-09-09 09:55:00+05:30,2015-09-09 11:40:00+05:30,7788.2,7811.844915726591,7767.199742335469,7811.844915726591,True,23.64,34.3,23.55,TRAIL_SL,105,23.6449,0.2,0.214187,0.0006,-10.53,4.8799,10.9021,-2.9484,0.0,1.9315,1.9315,125.55,50.0,75.55,14.4297,65
short,2015-09-10 10:25:00+05:30,2015-09-10 10:55:00+05:30,7707.3,7717.428591855017,7717.428591855017,7717.428591855017,False,-10.13,3.3,15.3,STOP_LOSS,30,10.1286,-0.2,-0.193923,0.0006,-10.53,-1.998,2.0005,-0.8424,0.0,-2.8404,-2.8404,-184.63,50.0,-234.63,-4.1857,65
long,2015-09-11 10:05:00+05:30,2015-09-11 11:10:00+05:30,7829.7,7813.330212720105,7813.330212720105,7813.330212720105,False,-16.37,14.8,28.95,STOP_LOSS,65,-16.3698,0.2,0.190178,0.0006,-10.53,-3.2016,5.2254,-1.8252,0.0,-5.0268,-5.0268,-326.74,50.0,-376.74,9.0044,65
short,2015-09-15 14:35:00+05:30,2015-09-15 14:40:00+05:30,7815.15,7821.793124387332,7821.793124387332,7821.793124387332,False,-6.64,0.0,13.2,STOP_LOSS,5,6.6431,-0.2,-0.196014,0.0006,-10.53,-1.3167,0.8606,-0.1404,0.0,-1.4571,-1.4571,-94.71,50.0,-144.71,-0.7013,65
long,2015-09-16 09:55:00+05:30,2015-09-16 10:50:00+05:30,7872.55,7859.046984642597,7859.046984642597,7859.046984642597,False,-13.5,4.85,18.5,STOP_LOSS,55,-13.503,0.2,0.191898,0.0006,-10.53,-2.6514,3.5555,-1.5444,0.0,-4.1958,-4.1958,-272.73,50.0,-322.73,7.6346,65
short,2015-09-21 10:00:00+05:30,2015-09-21 10:05:00+05:30,7933.25,7941.810931437209,7941.810931437209,7941.810931437209,False,-8.56,2.15,12.85,STOP_LOSS,5,8.5609,-0.2,-0.194863,0.0006,-10.53,-1.6924,1.4291,-0.1404,0.0,-1.8328,-1.8328,-119.13,50.0,-169.13,-0.7013,65
short,2015-09-21 10:10:00+05:30,2015-09-21 10:35:00+05:30,7937.5,7946.2352107239485,7946.2352107239485,7946.2352107239485,False,-8.74,5.75,12.0,STOP_LOSS,25,8.7352,-0.2,-0.194759,0.0006,-10.53,-1.7264,1.4879,-0.702,0.0,-2.4284,-2.4284,-157.85,50.0,-207.85,-3.4917,65
long,2015-09-22 09:50:00+05:30,2015-09-22 10:15:00+05:30,7996.6,7984.444776106722,7984.444776106722,7984.444776106722,False,-12.16,3.85,15.15,STOP_LOSS,25,-12.1552,0.2,0.192707,0.0006,-10.53,-2.3912,2.8811,-0.702,0.0,-3.0932,-3.0932,-201.05,50.0,-251.05,3.4917,65
short,2015-09-23 09:40:00+05:30,2015-09-23 10:55:00+05:30,7766.4,7779.892281533247,7779.892281533247,7779.892281533247,False,-13.49,27.15,18.1,STOP_LOSS,75,13.4923,-0.2,-0.191905,0.0006,-10.53,-2.6493,3.5498,-2.106,0.0,-4.7553,-4.7553,-309.09,50.0,-359.09,-10.3687,65
short,2015-09-24 10:00:00+05:30,2015-09-24 10:15:00+05:30,7824.9,7834.032665273629,7834.032665273629,7834.032665273629,False,-9.13,6.05,11.7,STOP_LOSS,15,9.1327,-0.2,-0.19452,0.0006,-10.53,-1.804,1.6264,-0.4212,0.0,-2.2252,-2.2252,-144.64,50.0,-194.64,-2.0994,65
short,2015-09-29 10:15:00+05:30,2015-09-29 11:00:00+05:30,7718.55,7727.350514696473,7727.350514696473,7727.350514696473,False,-8.8,27.25,99.05,STOP_LOSS,45,8.8005,-0.2,-0.19472,0.0006,-10.53,-1.7392,1.5103,-1.2636,0.0,-3.0028,-3.0028,-195.18,50.0,-245.18,-6.2592,65
long,2015-09-29 14:35:00+05:30,2015-09-29 14:45:00+05:30,7904.55,7889.234592424097,7889.234592424097,7889.234592424097,False,-15.32,0.55,15.7,STOP_LOSS,10,-15.3154,0.2,0.190811,0.0006,-10.53,-2.9997,4.574,-0.2808,0.0,-3.2805,-3.2805,-213.24,50.0,-263.24,1.4011,65
long,2015-09-30 09:45:00+05:30,2015-09-30 13:00:00+05:30,7893.95,7914.018051935141,7872.369340226577,7914.018051935141,True,20.07,31.7,19.35,TRAIL_SL,195,20.0681,0.2,0.212041,0.0006,-10.53,4.1223,7.8532,-5.4756,0.0,-1.3533,-1.3533,-87.96,50.0,-137.96,26.3375,65
long,2015-10-01 10:10:00+05:30,2015-10-01 10:20:00+05:30,7990.45,7977.380471590311,7977.380471590311,7977.380471590311,False,-13.07,0.25,24.4,STOP_LOSS,10,-13.0695,0.2,0.192158,0.0006,-10.53,-2.5678,3.3308,-0.2808,0.0,-2.8486,-2.8486,-185.16,50.0,-235.16,1.4011,65
long,2015-10-06 09:45:00+05:30,2015-10-06 10:00:00+05:30,8140.6,8126.065963135528,8126.065963135528,8126.065963135528,False,-14.53,8.5,16.1,STOP_LOSS,15,-14.534,0.2,0.19128,0.0006,-10.53,-2.8498,4.1191,-0.4212,0.0,-3.271,-3.271,-212.61,50.0,-262.61,2.0994,65
long,2015-10-06 14:50:00+05:30,2015-10-06 15:15:00+05:30,8158.75,8149.9,8147.309781079101,8147.309781079101,False,-8.85,4.2,13.5,SOFT_EOD_EXIT,25,-8.85,0.2,0.19469,0.0006,-10.53,-1.7489,1.5273,-0.702,0.0,-2.4509,-2.4509,-159.31,50.0,-209.31,3.4917,65
long,2015-10-12 10:20:00+05:30,2015-10-12 11:25:00+05:30,8203.5,8187.7486376010565,8187.7486376010565,8187.7486376010565,False,-15.75,5.05,20.35,STOP_LOSS,65,-15.7514,0.2,0.190549,0.0006,-10.53,-3.0833,4.8381,-1.8252,0.0,-4.9085,-4.9085,-319.05,50.0,-369.05,9.0044,65
short,2015-10-13 09:45:00+05:30,2015-10-13 12:25:00+05:30,8129.55,8138.792711992175,8138.792711992175,8138.792711992175,False,-9.24,19.9,11.1,STOP_LOSS,160,9.2427,-0.2,-0.194454,0.0006,-10.53,-1.8255,1.6658,-4.4928,0.0,-6.3183,-6.3183,-410.69,50.0,-460.69,-21.7541,65
long,2015-10-19 09:30:00+05:30,2015-10-19 13:20:00+05:30,8246.2,8274.38300821858,8234.185960909408,8274.38300821858,True,28.18,33.55,6.1,TRAIL_SL,230,28.183,0.2,0.21691,0.0006,-10.53,5.8511,15.4885,-6.4584,0.0,-0.6073,-0.6073,-39.48,50.0,-89.48,30.8632,65
short,2015-10-20 14:45:00+05:30,2015-10-20 14:50:00+05:30,8249.55,8256.377989501836,8256.377989501836,8256.377989501836,False,-6.83,0.25,10.0,STOP_LOSS,5,6.828,-0.2,-0.195903,0.0006,-10.53,-1.353,0.9091,-0.1404,0.0,-1.4934,-1.4934,-97.07,50.0,-147.07,-0.7013,65
long,2015-10-23 10:05:00+05:30,2015-10-23 13:05:00+05:30,8305.1,8293.489971696881,8293.489971696881,8293.489971696881,False,-11.61,9.05,15.55,STOP_LOSS,180,-11.61,0.2,0.193034,0.0006,-10.53,-2.2856,2.6285,-5.0544,0.0,-7.34,-7.34,-477.1,50.0,-527.1,24.3804,65
short,2015-10-28 09:45:00+05:30,2015-10-28 13:30:00+05:30,8205.4,8159.256701458783,8212.614018076833,8159.256701458783,True,46.14,53.05,3.65,TRAIL_SL,225,-46.1433,-0.2,-0.227686,0.0006,-10.53,9.8035,41.5195,-6.318,0.0,3.4855,3.4855,226.56,50.0,176.56,-30.2201,65
short,2015-10-28 14:55:00+05:30,2015-10-28 15:00:00+05:30,8148.05,8153.501533298774,8153.501533298774,8153.501533298774,False,-5.45,0.2,12.05,STOP_LOSS,5,5.4515,-0.2,-0.196729,0.0006,-10.53,-1.0823,0.5795,-0.1404,0.0,-1.2227,-1.2227,-79.47,50.0,-129.47,-0.7013,65
long,2015-11-04 09:50:00+05:30,2015-11-04 13:50:00+05:30,8088.95,8075.72029375728,8075.72029375728,8075.72029375728,False,-13.23,5.45,25.1,STOP_LOSS,240,-13.2297,0.2,0.192062,0.0006,-10.53,-2.5987,3.413,-6.7392,0.0,-9.3379,-9.3379,-606.96,50.0,-656.96,32.146,65
short,2015-11-06 09:40:00+05:30,2015-11-06 10:30:00+05:30,7967.85,7940.976157843158,7978.696756315617,7940.976157843158,True,26.87,40.55,4.5,TRAIL_SL,50,-26.8738,-0.2,-0.216124,0.0006,-10.53,5.5698,14.083,-1.404,0.0,4.1658,4.1658,270.77,50.0,220.77,-6.9476,65
short,2015-11-09 10:00:00+05:30,2015-11-09 10:10:00+05:30,7847.85,7862.154519334658,7862.154519334658,7862.154519334658,False,-14.3,1.8,20.55,STOP_LOSS,10,14.3045,-0.2,-0.191417,0.0006,-10.53,-2.8057,3.9901,-0.2808,0.0,-3.0865,-3.0865,-200.62,50.0,-250.62,-1.4011,65
short,2015-11-09 10:20:00+05:30,2015-11-09 11:05:00+05:30,7856.7,7868.664378799352,7868.664378799352,7868.664378799352,False,-11.96,3.35,15.95,STOP_LOSS,45,11.9644,-0.2,-0.192821,0.0006,-10.53,-2.3542,2.7914,-1.2636,0.0,-3.6178,-3.6178,-235.16,50.0,-285.16,-6.2592,65
short,2015-11-13 09:40:00+05:30,2015-11-13 11:35:00+05:30,7763.85,7738.74645666151,7772.424637747821,7738.74645666151,True,25.1,32.15,10.9,TRAIL_SL,115,-25.1035,-0.2,-0.215062,0.0006,-10.53,5.1909,12.2887,-3.2292,0.0,1.9617,1.9617,127.51,50.0,77.51,-15.7728,65
short,2015-11-16 10:10:00+05:30,2015-11-16 10:15:00+05:30,7728.9,7735.1295458641525,7735.1295458641525,7735.1295458641525,False,-6.23,1.05,8.6,STOP_LOSS,5,6.2295,-0.2,-0.196262,0.0006,-10.53,-1.2354,0.7567,-0.1404,0.0,-1.3758,-1.3758,-89.43,50.0,-139.43,-0.7013,65
short,2015-11-16 10:20:00+05:30,2015-11-16 10:35:00+05:30,7729.1,7735.675414449075,7735.675414449075,7735.675414449075,False,-6.58,0.15,7.9,STOP_LOSS,15,6.5754,-0.2,-0.196055,0.0006,-10.53,-1.3034,0.8431,-0.4212,0.0,-1.7246,-1.7246,-112.1,50.0,-162.1,-2.0994,65
long,2015-11-17 09:30:00+05:30,2015-11-17 11:15:00+05:30,7826.7,7812.361892144413,7812.361892144413,7812.361892144413,False,-14.34,16.15,18.65,STOP_LOSS,105,-14.3381,0.2,0.191397,0.0006,-10.53,-2.8121,4.0088,-2.9484,0.0,-5.7605,-5.7605,-374.43,50.0,-424.43,14.4297,65
long,2015-11-17 14:40:00+05:30,2015-11-17 14:50:00+05:30,7844.6,7833.411571281107,7833.411571281107,7833.411571281107,False,-11.19,1.1,13.9,STOP_LOSS,10,-11.1884,0.2,0.193287,0.0006,-10.53,-2.2039,2.441,-0.2808,0.0,-2.4847,-2.4847,-161.5,50.0,-211.5,1.4011,65
short,2015-11-18 10:25:00+05:30,2015-11-18 11:30:00+05:30,7822.85,7828.38349243078,7828.38349243078,7828.38349243078,False,-5.53,7.9,7.15,STOP_LOSS,65,5.5335,-0.2,-0.19668,0.0006,-10.53,-1.0984,0.5971,-1.8252,0.0,-2.9236,-2.9236,-190.04,50.0,-240.04,-9.0044,65
short,2015-11-18 14:40:00+05:30,2015-11-18 15:15:00+05:30,7746.1,7733.1,7754.409987832959,7754.409987832959,False,13.0,20.75,0.0,SOFT_EOD_EXIT,35,-13.0,-0.2,-0.2078,0.0006,-10.53,2.6456,3.2955,-0.9828,0.0,1.6628,1.6628,108.08,50.0,58.08,-4.8783,65
short,2015-11-23 09:30:00+05:30,2015-11-23 11:50:00+05:30,7862.35,7871.995112820398,7871.995112820398,7871.995112820398,False,-9.65,15.4,14.35,STOP_LOSS,140,9.6451,-0.2,-0.194213,0.0006,-10.53,-1.9039,1.814,-3.9312,0.0,-5.8351,-5.8351,-379.28,50.0,-429.28,-19.1083,65
short,2015-11-24 14:50:00+05:30,2015-11-24 15:15:00+05:30,7837.5,7830.15,7844.943897419366,7844.943897419366,False,7.35,10.05,5.15,SOFT_EOD_EXIT,25,-7.35,-0.2,-0.20441,0.0006,-10.53,1.4846,1.0534,-0.702,0.0,0.7826,0.7826,50.87,50.0,0.87,-3.4917,65
long,2015-11-26 10:25:00+05:30,2015-11-26 14:25:00+05:30,7871.35,7889.477280912934,7862.483652067265,7889.477280912934,True,18.13,23.45,4.95,TRAIL_SL,240,18.1273,0.2,0.210876,0.0006,-10.53,3.7142,6.4077,-6.7392,0.0,-3.025,-3.025,-196.63,50.0,-246.63,32.146,65
long,2015-11-27 14:55:00+05:30,2015-11-27 15:15:00+05:30,7942.9,7946.0,7932.19514700879,7932.19514700879,False,3.1,6.6,8.0,SOFT_EOD_EXIT,20,3.1,0.2,0.20186,0.0006,-10.53,0.6226,0.1874,-0.5616,0.0,0.061,0.061,3.96,50.0,-46.04,2.7963,65
long,2015-11-30 09:45:00+05:30,2015-11-30 10:00:00+05:30,7950.8,7939.688162724483,7939.688162724483,7939.688162724483,False,-11.11,0.8,11.6,STOP_LOSS,15,-11.1118,0.2,0.193333,0.0006,-10.53,-2.189,2.4077,-0.4212,0.0,-2.6102,-2.6102,-169.66,50.0,-219.66,2.0994,65
short,2015-12-08 09:35:00+05:30,2015-12-08 09:40:00+05:30,7751.35,7757.048465269999,7757.048465269999,7757.048465269999,False,-5.7,1.05,10.5,STOP_LOSS,5,5.6985,-0.2,-0.196581,0.0006,-10.53,-1.1309,0.6332,-0.1404,0.0,-1.2713,-1.2713,-82.64,50.0,-132.64,-0.7013,65
short,2015-12-09 09:40:00+05:30,2015-12-09 10:45:00+05:30,7695.9,7661.7306783788845,7702.901305897334,7661.7306783788845,True,34.17,42.6,5.95,TRAIL_SL,65,-34.1693,-0.2,-0.220502,0.0006,-10.53,7.1491,22.7671,-1.8252,0.0,5.3239,5.3239,346.05,50.0,296.05,-9.0044,65
short,2015-12-09 14:55:00+05:30,2015-12-09 15:15:00+05:30,7629.4,7613.85,7637.0420280993185,7637.0420280993185,False,15.55,22.35,0.4,SOFT_EOD_EXIT,20,-15.55,-0.2,-0.20933,0.0006,-10.53,3.1753,4.7151,-0.5616,0.0,2.6137,2.6137,169.89,50.0,119.89,-2.7963,65
short,2015-12-10 09:30:00+05:30,2015-12-10 09:50:00+05:30,7624.25,7633.910332595032,7633.910332595032,7633.910332595032,False,-9.66,8.05,13.15,STOP_LOSS,20,9.6603,-0.2,-0.194204,0.0006,-10.53,-1.9069,1.8198,-0.5616,0.0,-2.4685,-2.4685,-160.45,50.0,-210.45,-2.7963,65
short,2015-12-14 09:30:00+05:30,2015-12-14 10:00:00+05:30,7590.05,7601.235479574954,7601.235479574954,7601.235479574954,False,-11.19,16.8,19.2,STOP_LOSS,30,11.1855,-0.2,-0.193289,0.0006,-10.53,-2.2033,2.4397,-0.8424,0.0,-3.0457,-3.0457,-197.97,50.0,-247.97,-4.1857,65
long,2015-12-18 09:35:00+05:30,2015-12-18 09:50:00+05:30,7831.8,7817.396002878003,7817.396002878003,7817.396002878003,False,-14.4,3.5,16.85,STOP_LOSS,15,-14.404,0.2,0.191358,0.0006,-10.53,-2.8248,4.0458,-0.4212,0.0,-3.246,-3.246,-210.99,50.0,-260.99,2.0994,65
short,2015-12-21 09:30:00+05:30,2015-12-21 10:00:00+05:30,7767.15,7776.7074120486795,7776.7074120486795,7776.7074120486795,False,-9.56,12.0,18.1,STOP_LOSS,30,9.5574,-0.2,-0.194266,0.0006,-10.53,-1.8868,1.7812,-0.8424,0.0,-2.7292,-2.7292,-177.4,50.0,-227.4,-4.1857,65
short,2015-12-22 09:50:00+05:30,2015-12-22 09:55:00+05:30,7814.6,7819.8338993945545,7819.8338993945545,7819.8338993945545,False,-5.23,0.7,6.5,STOP_LOSS,5,5.2339,-0.2,-0.19686,0.0006,-10.53,-1.0394,0.5342,-0.1404,0.0,-1.1798,-1.1798,-76.69,50.0,-126.69,-0.7013,65
short,2015-12-22 14:50:00+05:30,2015-12-22 15:15:00+05:30,7795.75,7784.8,7802.985061868341,7802.985061868341,False,10.95,17.15,2.4,SOFT_EOD_EXIT,25,-10.95,-0.2,-0.20657,0.0006,-10.53,2.2224,2.3381,-0.702,0.0,1.5204,1.5204,98.82,50.0,48.82,-3.4917,65
long,2015-12-28 10:15:00+05:30,2015-12-28 13:50:00+05:30,7894.9,7909.8594045123145,7887.730535923589,7909.8594045123145,True,14.96,20.75,1.6,TRAIL_SL,215,14.9594,0.2,0.208976,0.0006,-10.53,3.0523,4.3638,-6.0372,0.0,-2.9849,-2.9849,-194.02,50.0,-244.02,28.9305,65
long,2015-12-29 09:30:00+05:30,2015-12-29 12:05:00+05:30,7928.85,7918.473156940936,7918.473156940936,7918.473156940936,False,-10.38,12.95,12.5,STOP_LOSS,155,-10.3768,0.2,0.193774,0.0006,-10.53,-2.0463,2.0997,-4.3524,0.0,-6.3987,-6.3987,-415.92,50.0,-465.92,21.0945,65
short,2015-12-31 09:45:00+05:30,2015-12-31 10:00:00+05:30,7896.75,7901.063634962321,7901.063634962321,7901.063634962321,False,-4.31,0.1,7.85,STOP_LOSS,15,4.3136,-0.2,-0.197412,0.0006,-10.53,-0.8577,0.3628,-0.4212,0.0,-1.2789,-1.2789,-83.13,50.0,-133.13,-2.0994,65
long,2016-01-01 14:35:00+05:30,2016-01-01 15:15:00+05:30,7965.95,7963.05,7958.895066490733,7958.895066490733,False,-2.9,5.1,7.3,SOFT_EOD_EXIT,40,-2.9,0.2,0.19826,0.0006,-10.53,-0.5777,0.164,-1.1232,0.0,-1.7009,-1.7009,-110.56,50.0,-160.56,5.5695,65
short,2016-01-04 09:40:00+05:30,2016-01-04 10:50:00+05:30,7931.55,7876.344028760117,7939.173425649462,7876.344028760117,True,55.21,66.8,5.9,TRAIL_SL,70,-55.206,-0.2,-0.233124,0.0006,-10.53,11.8641,59.4301,-1.9656,0.0,9.8985,9.8985,643.4,50.0,593.4,-9.6872,65
short,2016-01-06 10:00:00+05:30,2016-01-06 10:15:00+05:30,7768.4,7774.40499539016,7774.40499539016,7774.40499539016,False,-6.0,2.4,11.05,STOP_LOSS,15,6.005,-0.2,-0.196397,0.0006,-10.53,-1.1913,0.7032,-0.4212,0.0,-1.6125,-1.6125,-104.81,50.0,-154.81,-2.0994,65
short,2016-01-06 14:35:00+05:30,2016-01-06 15:15:00+05:30,7746.95,7740.85,7755.672779779892,7755.672779779892,False,6.1,12.6,10.75,SOFT_EOD_EXIT,40,-6.1,-0.2,-0.20366,0.0006,-10.53,1.23,0.7256,-1.1232,0.0,0.1068,0.1068,6.95,50.0,-43.05,-5.5695,65
short,2016-01-11 10:05:00+05:30,2016-01-11 10:35:00+05:30,7523.65,7532.579413665626,7532.579413665626,7532.579413665626,False,-8.93,4.4,10.45,STOP_LOSS,30,8.9294,-0.2,-0.194642,0.0006,-10.53,-1.7644,1.5548,-0.8424,0.0,-2.6068,-2.6068,-169.44,50.0,-219.44,-4.1857,65
short,2016-01-14 10:20:00+05:30,2016-01-14 10:35:00+05:30,7479.0,7490.590477842122,7490.590477842122,7490.590477842122,False,-11.59,2.8,24.1,STOP_LOSS,15,11.5905,-0.2,-0.193046,0.0006,-10.53,-2.2818,2.6196,-0.4212,0.0,-2.703,-2.703,-175.7,50.0,-225.7,-2.0994,65
short,2016-01-14 14:55:00+05:30,2016-01-14 15:15:00+05:30,7535.85,7540.0,7547.698567588128,7547.698567588128,False,-4.15,9.65,11.55,SOFT_EOD_EXIT,20,4.15,-0.2,-0.19751,0.0006,-10.53,-0.8253,0.3358,-0.5616,0.0,-1.3869,-1.3869,-90.15,50.0,-140.15,-2.7963,65
short,2016-01-18 09:40:00+05:30,2016-01-18 10:10:00+05:30,7427.45,7401.6639965555705,7441.509485279774,7401.6639965555705,True,25.79,43.95,0.0,TRAIL_SL,30,-25.786,-0.2,-0.215472,0.0006,-10.53,5.3367,12.9659,-0.8424,0.0,4.4943,4.4943,292.13,50.0,242.13,-4.1857,65
short,2016-01-18 10:10:00+05:30,2016-01-18 10:35:00+05:30,7408.4,7421.715162935201,7421.715162935201,7421.715162935201,False,-13.32,9.85,20.1,STOP_LOSS,25,13.3152,-0.2,-0.192011,0.0006,-10.53,-2.6152,3.4572,-0.702,0.0,-3.3172,-3.3172,-215.62,50.0,-265.62,-3.4917,65
short,2016-01-19 09:30:00+05:30,2016-01-19 09:45:00+05:30,7371.25,7382.915386749214,7382.915386749214,7382.915386749214,False,-11.67,5.0,20.35,STOP_LOSS,15,11.6654,-0.2,-0.193001,0.0006,-10.53,-2.2963,2.6536,-0.4212,0.0,-2.7175,-2.7175,-176.64,50.0,-226.64,-2.0994,65
short,2016-01-20 10:05:00+05:30,2016-01-20 12:05:00+05:30,7322.25,7298.211298090335,7333.366042377663,7298.211298090335,True,24.04,35.05,1.45,TRAIL_SL,120,-24.0387,-0.2,-0.214423,0.0006,-10.53,4.9638,11.2683,-3.3696,0.0,1.5942,1.5942,103.62,50.0,53.62,-16.4425,65
long,2016-01-22 14:45:00+05:30,2016-01-22 15:15:00+05:30,7422.35,7419.6,7411.524477858859,7411.524477858859,False,-2.75,8.65,7.0,SOFT_EOD_EXIT,30,-2.75,0.2,0.19835,0.0006,-10.53,-0.548,0.1475,-0.8424,0.0,-1.3904,-1.3904,-90.37,50.0,-140.37,4.1857,65
short,2016-01-25 14:35:00+05:30,2016-01-25 15:15:00+05:30,7438.2,7441.0,7446.00760843301,7446.00760843301,False,-2.8,9.55,9.25,SOFT_EOD_EXIT,40,2.8,-0.2,-0.19832,0.0006,-10.53,-0.5579,0.1529,-1.1232,0.0,-1.6811,-1.6811,-109.27,50.0,-159.27,-5.5695,65
short,2016-01-27 09:50:00+05:30,2016-01-27 10:00:00+05:30,7429.45,7437.44893145212,7437.44893145212,7437.44893145212,False,-8.0,3.15,14.7,STOP_LOSS,10,7.9989,-0.2,-0.195201,0.0006,-10.53,-1.5825,1.2477,-0.2808,0.0,-1.8633,-1.8633,-121.12,50.0,-171.12,-1.4011,65
long,2016-01-28 14:30:00+05:30,2016-01-28 15:00:00+05:30,7457.2,7447.90673360949,7447.90673360949,7447.90673360949,False,-9.29,8.0,27.85,STOP_LOSS,30,-9.2933,0.2,0.194424,0.0006,-10.53,-1.8353,1.6841,-0.8424,0.0,-2.6777,-2.6777,-174.05,50.0,-224.05,4.1857,65
long,2016-01-29 09:35:00+05:30,2016-01-29 11:50:00+05:30,7459.25,7496.497636161033,7439.6089533246495,7496.497636161033,True,37.25,46.85,14.4,TRAIL_SL,135,37.2476,0.2,0.222349,0.0006,-10.53,7.8241,27.054,-3.7908,0.0,4.0333,4.0333,262.17,50.0,212.17,18.4437,65
long,2016-01-29 14:50:00+05:30,2016-01-29 15:25:00+05:30,7537.95,7562.052089840141,7526.878733458712,7562.052089840141,True,24.1,37.35,3.4,TRAIL_SL,35,24.1021,0.2,0.214461,0.0006,-10.53,4.9773,11.3278,-0.9828,0.0,3.9945,3.9945,259.64,50.0,209.64,4.8783,65
long,2016-02-01 09:40:00+05:30,2016-02-01 10:40:00+05:30,7565.7,7592.416872292066,7551.134615650129,7592.416872292066,True,26.72,34.6,5.75,TRAIL_SL,60,26.7169,0.2,0.21603,0.0006,-10.53,5.5361,13.9189,-1.6848,0.0,3.8513,3.8513,250.33,50.0,200.33,8.3202,65
short,2016-02-02 14:30:00+05:30,2016-02-02 14:45:00+05:30,7513.6,7521.447076597887,7521.447076597887,7521.447076597887,False,-7.85,4.25,14.85,STOP_LOSS,15,7.8471,-0.2,-0.195292,0.0006,-10.53,-1.5528,1.2007,-0.4212,0.0,-1.974,-1.974,-128.31,50.0,-178.31,-2.0994,65
short,2016-02-03 09:55:00+05:30,2016-02-03 10:50:00+05:30,7401.55,7378.823123606318,7414.0093533324625,7378.823123606318,True,22.73,38.85,4.5,TRAIL_SL,55,-22.7269,-0.2,-0.213636,0.0006,-10.53,4.6848,10.072,-1.5444,0.0,3.1404,3.1404,204.13,50.0,154.13,-7.6346,65
short,2016-02-09 10:10:00+05:30,2016-02-09 11:45:00+05:30,7311.15,7285.688161436051,7320.234532102853,7285.688161436051,True,25.46,35.6,4.1,TRAIL_SL,95,-25.4618,-0.2,-0.215277,0.0006,-10.53,5.2674,12.642,-2.6676,0.0,2.5998,2.5998,168.99,50.0,118.99,-13.0813,65
short,2016-02-10 10:10:00+05:30,2016-02-10 11:15:00+05:30,7240.45,7224.005426727385,7250.494487351301,7224.005426727385,True,16.44,26.9,2.25,TRAIL_SL,65,-16.4446,-0.2,-0.209867,0.0006,-10.53,3.3619,5.2733,-1.8252,0.0,1.5367,1.5367,99.89,50.0,49.89,-9.0044,65
short,2016-02-11 10:15:00+05:30,2016-02-11 12:10:00+05:30,7160.15,7133.137283730664,7169.608330782541,7133.137283730664,True,27.01,33.55,6.7,TRAIL_SL,115,-27.0127,-0.2,-0.216208,0.0006,-10.53,5.5996,14.2289,-3.2292,0.0,2.3704,2.3704,154.07,50.0,104.07,-15.7728,65
short,2016-02-12 09:30:00+05:30,2016-02-12 10:25:00+05:30,6992.6,6941.380056430051,7014.691304683582,6941.380056430051,True,51.22,72.2,8.75,TRAIL_SL,55,-51.2199,-0.2,-0.230732,0.0006,-10.53,10.9523,51.1579,-1.5444,0.0,9.4079,9.4079,611.52,50.0,561.52,-7.6346,65
short,2016-02-16 09:50:00+05:30,2016-02-16 11:35:00+05:30,7150.8,7120.786151975166,7162.178166309094,7120.786151975166,True,30.01,39.7,16.8,TRAIL_SL,105,-30.0138,-0.2,-0.218008,0.0006,-10.53,6.246,17.5662,-2.9484,0.0,3.2976,3.2976,214.34,50.0,164.34,-14.4297,65
long,2016-02-18 10:05:00+05:30,2016-02-18 11:10:00+05:30,7190.1,7203.60515025801,7173.372559637257,7203.60515025801,True,13.51,24.9,10.3,TRAIL_SL,65,13.5052,0.2,0.208103,0.0006,-10.53,2.7503,3.5566,-1.8252,0.0,0.9251,0.9251,60.13,50.0,10.13,9.0044,65
long,2016-02-19 14:45:00+05:30,2016-02-19 15:10:00+05:30,7202.6,7215.634639211908,7187.955938524759,7215.634639211908,True,13.03,21.2,1.1,TRAIL_SL,25,13.0346,0.2,0.207821,0.0006,-10.53,2.6528,3.3131,-0.702,0.0,1.9508,1.9508,126.8,50.0,76.8,3.4917,65
long,2016-02-22 10:10:00+05:30,2016-02-22 11:45:00+05:30,7229.6,7219.141927057591,7219.141927057591,7219.141927057591,False,-10.46,10.2,16.35,STOP_LOSS,95,-10.4581,0.2,0.193725,0.0006,-10.53,-2.0621,2.1327,-2.6676,0.0,-4.7297,-4.7297,-307.43,50.0,-357.43,13.0813,65
short,2016-02-23 14:30:00+05:30,2016-02-23 14:45:00+05:30,7121.95,7129.759770337948,7129.759770337948,7129.759770337948,False,-7.81,1.85,15.45,STOP_LOSS,15,7.8098,-0.2,-0.195314,0.0006,-10.53,-1.5455,1.1894,-0.4212,0.0,-1.9667,-1.9667,-127.83,50.0,-177.83,-2.0994,65
short,2016-02-24 10:00:00+05:30,2016-02-24 10:10:00+05:30,7066.55,7073.607344499209,7073.607344499209,7073.607344499209,False,-7.06,6.35,10.55,STOP_LOSS,10,7.0573,-0.2,-0.195766,0.0006,-10.53,-1.398,0.9712,-0.2808,0.0,-1.6788,-1.6788,-109.12,50.0,-159.12,-1.4011,65
short,2016-02-24 10:25:00+05:30,2016-02-24 11:30:00+05:30,7065.35,7040.795133053403,7071.824556590808,7040.795133053403,True,24.55,34.0,5.3,TRAIL_SL,65,-24.5549,-0.2,-0.214733,0.0006,-10.53,5.0738,11.7574,-1.8252,0.0,3.2486,3.2486,211.16,50.0,161.16,-9.0044,65
short,2016-02-25 09:40:00+05:30,2016-02-25 10:15:00+05:30,7014.2,7022.581317493561,7022.581317493561,7022.581317493561,False,-8.38,13.7,12.85,STOP_LOSS,35,8.3813,-0.2,-0.194971,0.0006,-10.53,-1.6573,1.3698,-0.9828,0.0,-2.6401,-2.6401,-171.61,50.0,-221.61,-4.8783,65
short,2016-02-29 09:30:00+05:30,2016-02-29 11:05:00+05:30,7024.05,7034.004707703041,7034.004707703041,7034.004707703041,False,-9.95,24.5,44.0,STOP_LOSS,95,9.9547,-0.2,-0.194027,0.0006,-10.53,-1.9642,1.9324,-2.6676,0.0,-4.6318,-4.6318,-301.07,50.0,-351.07,-13.0813,65
long,2016-03-01 14:30:00+05:30,2016-03-02 10:30:00+05:30,7202.8,7362.087644663832,7191.383470458171,7362.087644663832,True,159.29,169.45,9.05,TRAIL_SL,1200,159.2876,0.2,0.295573,0.0006,-10.53,38.7081,494.7648,-33.696,0.0,5.0121,5.0121,325.79,50.0,275.79,139.3517,65
long,2016-03-03 09:45:00+05:30,2016-03-03 10:45:00+05:30,7410.2,7435.957801793823,7393.689670372525,7435.957801793823,True,25.76,34.9,3.95,TRAIL_SL,60,25.7578,0.2,0.215455,0.0006,-10.53,5.3307,12.9376,-1.6848,0.0,3.6459,3.6459,236.98,50.0,186.98,8.3202,65
long,2016-03-03 14:40:00+05:30,2016-03-03 15:20:00+05:30,7463.0,7476.413717379481,7454.792322284036,7476.413717379481,True,13.41,20.65,9.5,TRAIL_SL,40,13.4137,0.2,0.208048,0.0006,-10.53,2.7313,3.5086,-1.1232,0.0,1.6081,1.6081,104.53,50.0,54.53,5.5695,65
long,2016-03-08 10:10:00+05:30,2016-03-08 11:45:00+05:30,7511.4,7498.338835702729,7498.338835702729,7498.338835702729,False,-13.06,7.75,13.8,STOP_LOSS,95,-13.0612,0.2,0.192163,0.0006,-10.53,-2.5662,3.3266,-2.6676,0.0,-5.2338,-5.2338,-340.2,50.0,-390.2,13.0813,65
short,2016-03-09 09:40:00+05:30,2016-03-09 10:15:00+05:30,7446.95,7457.340451775297,7457.340451775297,7457.340451775297,False,-10.39,9.6,14.5,STOP_LOSS,35,10.3905,-0.2,-0.193766,0.0006,-10.53,-2.0489,2.1052,-0.9828,0.0,-3.0317,-3.0317,-197.06,50.0,-247.06,-4.8783,65
long,2016-03-14 10:10:00+05:30,2016-03-14 11:35:00+05:30,7561.6,7550.471141582324,7550.471141582324,7550.471141582324,False,-11.13,5.15,14.25,STOP_LOSS,85,-11.1289,0.2,0.193323,0.0006,-10.53,-2.1923,2.4151,-2.3868,0.0,-4.5791,-4.5791,-297.64,50.0,-347.64,11.7277,65
short,2016-03-14 14:50:00+05:30,2016-03-14 15:00:00+05:30,7526.45,7532.79586383441,7532.79586383441,7532.79586383441,False,-6.35,0.15,20.7,STOP_LOSS,10,6.3459,-0.2,-0.196192,0.0006,-10.53,-1.2583,0.7853,-0.2808,0.0,-1.5391,-1.5391,-100.04,50.0,-150.04,-1.4011,65
short,2016-03-16 10:15:00+05:30,2016-03-16 11:55:00+05:30,7441.9,7414.2014967389905,7447.9406348165485,7414.2014967389905,True,27.7,32.8,1.05,TRAIL_SL,100,-27.6985,-0.2,-0.216619,0.0006,-10.53,5.7468,14.9605,-2.808,0.0,2.9388,2.9388,191.03,50.0,141.03,-13.7562,65
long,2016-03-17 10:10:00+05:30,2016-03-17 10:20:00+05:30,7569.5,7558.137975402452,7558.137975402452,7558.137975402452,False,-11.36,0.2,13.35,STOP_LOSS,10,-11.362,0.2,0.193183,0.0006,-10.53,-2.2375,2.5174,-0.2808,0.0,-2.5183,-2.5183,-163.69,50.0,-213.69,1.4011,65
long,2016-03-23 09:50:00+05:30,2016-03-23 10:40:00+05:30,7701.1,7689.41750666284,7689.41750666284,7689.41750666284,False,-11.68,10.15,13.35,STOP_LOSS,50,-11.6825,0.2,0.192991,0.0006,-10.53,-2.2996,2.6614,-1.404,0.0,-3.7036,-3.7036,-240.74,50.0,-290.74,6.9476,65
long,2016-03-28 09:30:00+05:30,2016-03-28 09:45:00+05:30,7715.95,7700.941721351011,7700.941721351011,7700.941721351011,False,-15.01,0.75,18.4,STOP_LOSS,15,-15.0083,0.2,0.190995,0.0006,-10.53,-2.9408,4.3923,-0.4212,0.0,-3.362,-3.362,-218.53,50.0,-268.53,2.0994,65
long,2016-03-30 14:55:00+05:30,2016-03-30 15:15:00+05:30,7729.35,7737.85,7720.778250972703,7720.778250972703,False,8.5,8.8,0.8,SOFT_EOD_EXIT,20,8.5,0.2,0.2051,0.0006,-10.53,1.7195,1.4089,-0.5616,0.0,1.1579,1.1579,75.26,50.0,25.26,2.7963,65
long,2016-03-31 09:35:00+05:30,2016-03-31 10:25:00+05:30,7740.15,7769.099130448048,7730.629642048279,7769.099130448048,True,28.95,37.0,4.8,TRAIL_SL,50,28.9491,0.2,0.217369,0.0006,-10.53,6.0161,16.342,-1.404,0.0,4.6121,4.6121,299.79,50.0,249.79,6.9476,65
short,2016-04-01 09:35:00+05:30,2016-04-01 11:40:00+05:30,7725.85,7697.543652473335,7737.796784288718,7697.543652473335,True,28.31,33.65,14.1,TRAIL_SL,125,-28.3063,-0.2,-0.216984,0.0006,-10.53,5.8776,15.6244,-3.51,0.0,2.3676,2.3676,153.89,50.0,103.89,-17.1108,65
long,2016-04-04 10:15:00+05:30,2016-04-04 10:40:00+05:30,7744.8,7734.500509476473,7734.500509476473,7734.500509476473,False,-10.3,2.45,21.95,STOP_LOSS,25,-10.2995,0.2,0.19382,0.0006,-10.53,-2.0313,2.0686,-0.702,0.0,-2.7333,-2.7333,-177.66,50.0,-227.66,3.4917,65
short,2016-04-05 14:30:00+05:30,2016-04-05 14:35:00+05:30,7626.7,7632.78070462832,7632.78070462832,7632.78070462832,False,-6.08,1.5,9.25,STOP_LOSS,5,6.0807,-0.2,-0.196352,0.0006,-10.53,-1.2062,0.721,-0.1404,0.0,-1.3466,-1.3466,-87.53,50.0,-137.53,-0.7013,65
short,2016-04-08 09:35:00+05:30,2016-04-08 10:00:00+05:30,7543.4,7551.56307283553,7551.56307283553,7551.56307283553,False,-8.16,7.15,12.45,STOP_LOSS,25,8.1631,-0.2,-0.195102,0.0006,-10.53,-1.6146,1.2994,-0.702,0.0,-2.3166,-2.3166,-150.58,50.0,-200.58,-3.4917,65
long,2016-04-12 10:10:00+05:30,2016-04-12 11:10:00+05:30,7686.5,7701.540528063667,7676.493660098949,7701.540528063667,True,15.04,22.35,7.4,TRAIL_SL,60,15.0405,0.2,0.209024,0.0006,-10.53,3.0692,4.4112,-1.6848,0.0,1.3844,1.3844,89.98,50.0,39.98,8.3202,65
long,2016-04-12 14:50:00+05:30,2016-04-12 15:15:00+05:30,7708.25,7711.45,7699.629031760712,7699.629031760712,False,3.2,8.0,3.3,SOFT_EOD_EXIT,25,3.2,0.2,0.20192,0.0006,-10.53,0.6428,0.1997,-0.702,0.0,-0.0592,-0.0592,-3.85,50.0,-53.85,3.4917,65
long,2016-04-18 09:45:00+05:30,2016-04-18 10:45:00+05:30,7859.75,7888.181999587931,7846.11971774397,7888.181999587931,True,28.43,36.35,0.3,TRAIL_SL,60,28.432,0.2,0.217059,0.0006,-10.53,5.9047,15.7634,-1.6848,0.0,4.2199,4.2199,274.29,50.0,224.29,8.3202,65
long,2016-04-20 09:55:00+05:30,2016-04-20 10:15:00+05:30,7932.35,7920.739801471573,7920.739801471573,7920.739801471573,False,-11.61,2.85,12.7,STOP_LOSS,20,-11.6102,0.2,0.193034,0.0006,-10.53,-2.2856,2.6285,-0.5616,0.0,-2.8472,-2.8472,-185.07,50.0,-235.07,2.7963,65
short,2016-04-22 09:40:00+05:30,2016-04-22 10:00:00+05:30,7893.8,7901.812819054965,7901.812819054965,7901.812819054965,False,-8.01,12.45,14.15,STOP_LOSS,20,8.0128,-0.2,-0.195192,0.0006,-10.53,-1.5852,1.252,-0.5616,0.0,-2.1468,-2.1468,-139.54,50.0,-189.54,-2.7963,65
short,2016-04-22 14:50:00+05:30,2016-04-22 15:15:00+05:30,7895.2,7900.3,7900.85570210527,7900.85570210527,False,-5.1,4.45,8.55,SOFT_EOD_EXIT,25,5.1,-0.2,-0.19694,0.0006,-10.53,-1.013,0.5072,-0.702,0.0,-1.715,-1.715,-111.47,50.0,-161.47,-3.4917,65
short,2016-04-25 09:55:00+05:30,2016-04-25 11:00:00+05:30,7883.15,7860.26357717411,7890.102855501726,7860.26357717411,True,22.89,28.4,1.35,TRAIL_SL,65,-22.8864,-0.2,-0.213732,0.0006,-10.53,4.7187,10.2139,-1.8252,0.0,2.8935,2.8935,188.08,50.0,138.08,-9.0044,65
long,2016-04-26 14:35:00+05:30,2016-04-26 15:15:00+05:30,7957.6,7953.9,7948.206151062502,7948.206151062502,False,-3.7,16.8,3.7,SOFT_EOD_EXIT,40,-3.7,0.2,0.19778,0.0006,-10.53,-0.7363,0.267,-1.1232,0.0,-1.8595,-1.8595,-120.87,50.0,-170.87,5.5695,65
short,2016-04-29 09:35:00+05:30,2016-04-29 09:40:00+05:30,7841.35,7850.07459437642,7850.07459437642,7850.07459437642,False,-8.72,2.7,27.2,STOP_LOSS,5,8.7246,-0.2,-0.194765,0.0006,-10.53,-1.7244,1.4843,-0.1404,0.0,-1.8648,-1.8648,-121.21,50.0,-171.21,-0.7013,65
short,2016-05-02 09:55:00+05:30,2016-05-02 12:00:00+05:30,7802.4,7811.26920954136,7811.26920954136,7811.26920954136,False,-8.87,24.65,26.85,STOP_LOSS,125,8.8692,-0.2,-0.194678,0.0006,-10.53,-1.7526,1.5339,-3.51,0.0,-5.2626,-5.2626,-342.07,50.0,-392.07,-17.1108,65
short,2016-05-04 10:15:00+05:30,2016-05-04 11:35:00+05:30,7726.25,7733.4468424958,7733.4468424958,7733.4468424958,False,-7.2,22.3,13.45,STOP_LOSS,80,7.1968,-0.2,-0.195682,0.0006,-10.53,-1.4254,1.01,-2.2464,0.0,-3.6718,-3.6718,-238.67,50.0,-288.67,-11.0489,65
short,2016-05-04 14:35:00+05:30,2016-05-04 15:15:00+05:30,7716.15,7703.6,7722.034584173865,7722.034584173865,False,12.55,18.55,8.25,SOFT_EOD_EXIT,40,-12.55,-0.2,-0.20753,0.0006,-10.53,2.5525,3.0713,-1.1232,0.0,1.4293,1.4293,92.91,50.0,42.91,-5.5695,65
short,2016-05-06 10:05:00+05:30,2016-05-06 10:30:00+05:30,7694.55,7701.920876136998,7701.920876136998,7701.920876136998,False,-7.37,3.65,12.5,STOP_LOSS,25,7.3709,-0.2,-0.195577,0.0006,-10.53,-1.4595,1.0594,-0.702,0.0,-2.1615,-2.1615,-140.5,50.0,-190.5,-3.4917,65
short,2016-05-11 09:40:00+05:30,2016-05-11 10:25:00+05:30,7856.8,7869.996546070485,7869.996546070485,7869.996546070485,False,-13.2,6.85,16.75,STOP_LOSS,45,13.1965,-0.2,-0.192082,0.0006,-10.53,-2.5923,3.3959,-1.2636,0.0,-3.8559,-3.8559,-250.63,50.0,-300.63,-6.2592,65
long,2016-05-12 10:10:00+05:30,2016-05-12 12:30:00+05:30,7895.95,7886.074403588145,7886.074403588145,7886.074403588145,False,-9.88,5.3,15.2,STOP_LOSS,140,-9.8756,0.2,0.194075,0.0006,-10.53,-1.9488,1.9018,-3.9312,0.0,-5.88,-5.88,-382.2,50.0,-432.2,19.1083,65
long,2016-05-17 10:00:00+05:30,2016-05-17 12:50:00+05:30,7899.45,7929.597876511949,7887.223012847758,7929.597876511949,True,30.15,34.1,9.9,TRAIL_SL,170,30.1479,0.2,0.218089,0.0006,-10.53,6.275,17.7234,-4.7736,0.0,1.5014,1.5014,97.59,50.0,47.59,23.0697,65
short,2016-05-19 09:45:00+05:30,2016-05-19 10:50:00+05:30,7841.95,7848.831913120472,7848.831913120472,7848.831913120472,False,-6.88,15.7,13.15,STOP_LOSS,65,6.8819,-0.2,-0.195871,0.0006,-10.53,-1.3636,0.9235,-1.8252,0.0,-3.1888,-3.1888,-207.27,50.0,-257.27,-9.0044,65
short,2016-05-24 09:40:00+05:30,2016-05-24 09:45:00+05:30,7732.55,7739.372305735483,7739.372305735483,7739.372305735483,False,-6.82,0.4,12.2,STOP_LOSS,5,6.8223,-0.2,-0.195907,0.0006,-10.53,-1.3519,0.9076,-0.1404,0.0,-1.4923,-1.4923,-97.0,50.0,-147.0,-0.7013,65
long,2016-05-26 10:05:00+05:30,2016-05-26 13:50:00+05:30,7968.8,8020.040211374851,7958.654782863404,8020.040211374851,True,51.24,60.05,9.9,TRAIL_SL,225,51.2402,0.2,0.230744,0.0006,-10.53,10.9569,51.1984,-6.318,0.0,4.6389,4.6389,301.53,50.0,251.53,30.2201,65
long,2016-05-27 10:05:00+05:30,2016-05-27 10:55:00+05:30,8119.15,8134.7682794029615,8106.688819327759,8134.7682794029615,True,15.62,21.75,4.75,TRAIL_SL,50,15.6183,0.2,0.209371,0.0006,-10.53,3.1895,4.7566,-1.404,0.0,1.7855,1.7855,116.06,50.0,66.06,6.9476,65
long,2016-05-30 09:50:00+05:30,2016-05-30 10:15:00+05:30,8182.15,8168.265508527491,8168.265508527491,8168.265508527491,False,-13.88,0.45,20.95,STOP_LOSS,25,-13.8845,0.2,0.191669,0.0006,-10.53,-2.7248,3.7592,-0.702,0.0,-3.4268,-3.4268,-222.75,50.0,-272.75,3.4917,65
short,2016-05-31 10:25:00+05:30,2016-05-31 12:30:00+05:30,8162.45,8170.835776715403,8170.835776715403,8170.835776715403,False,-8.39,12.5,11.85,STOP_LOSS,125,8.3858,-0.2,-0.194969,0.0006,-10.53,-1.6582,1.3713,-3.51,0.0,-5.1682,-5.1682,-335.93,50.0,-385.93,-17.1108,65
short,2016-06-02 10:00:00+05:30,2016-06-02 14:05:00+05:30,8168.6,8175.418011911302,8175.418011911302,8175.418011911302,False,-6.82,11.75,20.8,STOP_LOSS,245,6.818,-0.2,-0.195909,0.0006,-10.53,-1.3511,0.9065,-6.8796,0.0,-8.2307,-8.2307,-534.99,50.0,-584.99,-32.7857,65
long,2016-06-03 10:05:00+05:30,2016-06-03 10:55:00+05:30,8246.45,8236.496853287028,8236.496853287028,8236.496853287028,False,-9.95,4.7,13.95,STOP_LOSS,50,-9.9531,0.2,0.194028,0.0006,-10.53,-1.9639,1.9318,-1.404,0.0,-3.3679,-3.3679,-218.91,50.0,-268.91,6.9476,65
short,2016-06-09 14:40:00+05:30,2016-06-09 15:15:00+05:30,8201.35,8206.303371393524,8206.303371393524,8206.303371393524,False,-4.95,5.6,12.4,STOP_LOSS,35,4.9534,-0.2,-0.197028,0.0006,-10.53,-0.984,0.4784,-0.9828,0.0,-1.9668,-1.9668,-127.85,50.0,-177.85,-4.8783,65
short,2016-06-10 09:30:00+05:30,2016-06-10 10:00:00+05:30,8194.7,8200.900981237866,8200.900981237866,8200.900981237866,False,-6.2,9.15,8.95,STOP_LOSS,30,6.201,-0.2,-0.196279,0.0006,-10.53,-1.2298,0.7498,-0.8424,0.0,-2.0722,-2.0722,-134.69,50.0,-184.69,-4.1857,65
short,2016-06-13 10:15:00+05:30,2016-06-13 12:15:00+05:30,8096.75,8068.587604843629,8102.940609027702,8068.587604843629,True,28.16,32.75,2.2,TRAIL_SL,120,-28.1624,-0.2,-0.216897,0.0006,-10.53,5.8466,15.4658,-3.3696,0.0,2.477,2.477,161.01,50.0,111.01,-16.4425,65
short,2016-06-14 14:35:00+05:30,2016-06-14 14:40:00+05:30,8081.05,8086.1847258964435,8086.1847258964435,8086.1847258964435,False,-5.13,1.4,11.9,STOP_LOSS,5,5.1347,-0.2,-0.196919,0.0006,-10.53,-1.0198,0.5141,-0.1404,0.0,-1.1602,-1.1602,-75.41,50.0,-125.41,-0.7013,65
long,2016-06-17 09:35:00+05:30,2016-06-17 12:20:00+05:30,8169.25,8151.969929787725,8151.969929787725,8151.969929787725,False,-17.28,12.1,20.55,STOP_LOSS,165,-17.2801,0.2,0.189632,0.0006,-10.53,-3.3754,5.8227,-4.6332,0.0,-8.0086,-8.0086,-520.56,50.0,-570.56,22.4125,65
long,2016-06-20 14:45:00+05:30,2016-06-20 15:15:00+05:30,8233.65,8236.45,8226.26959704157,8226.26959704157,False,2.8,10.05,4.6,SOFT_EOD_EXIT,30,2.8,0.2,0.20168,0.0006,-10.53,0.5621,0.1529,-0.8424,0.0,-0.2803,-0.2803,-18.22,50.0,-68.22,4.1857,65
long,2016-06-30 14:50:00+05:30,2016-06-30 15:00:00+05:30,8297.95,8290.176481384007,8290.176481384007,8290.176481384007,False,-7.77,7.2,27.15,STOP_LOSS,10,-7.7735,0.2,0.195336,0.0006,-10.53,-1.5384,1.1783,-0.2808,0.0,-1.8192,-1.8192,-118.25,50.0,-168.25,1.4011,65
long,2016-07-04 10:00:00+05:30,2016-07-04 11:15:00+05:30,8375.05,8389.523521113591,8365.911545033754,8389.523521113591,True,14.47,19.35,0.0,TRAIL_SL,75,14.4735,0.2,0.208684,0.0006,-10.53,2.9513,4.0849,-2.106,0.0,0.8453,0.8453,54.94,50.0,4.94,10.3687,65
short,2016-07-05 09:45:00+05:30,2016-07-05 11:55:00+05:30,8357.45,8362.47208783386,8362.47208783386,8362.47208783386,False,-5.02,21.15,6.05,STOP_LOSS,130,5.0221,-0.2,-0.196987,0.0006,-10.53,-0.9976,0.4918,-3.6504,0.0,-4.648,-4.648,-302.12,50.0,-352.12,-17.7779,65
short,2016-07-08 10:10:00+05:30,2016-07-08 10:35:00+05:30,8311.35,8317.26738422276,8317.26738422276,8317.26738422276,False,-5.92,7.25,6.45,STOP_LOSS,25,5.9174,-0.2,-0.19645,0.0006,-10.53,-1.174,0.6828,-0.702,0.0,-1.876,-1.876,-121.94,50.0,-171.94,-3.4917,65
long,2016-07-12 09:40:00+05:30,2016-07-12 12:45:00+05:30,8483.95,8500.671148724574,8474.661297236727,8500.671148724574,True,16.72,21.25,4.7,TRAIL_SL,185,16.7211,0.2,0.210033,0.0006,-10.53,3.4197,5.4521,-5.1948,0.0,-1.7751,-1.7751,-115.38,50.0,-165.38,25.034,65
long,2016-07-13 09:55:00+05:30,2016-07-13 10:00:00+05:30,8528.35,8519.833912615824,8519.833912615824,8519.833912615824,False,-8.52,0.0,11.85,STOP_LOSS,5,-8.5161,0.2,0.19489,0.0006,-10.53,-1.6836,1.4142,-0.1404,0.0,-1.824,-1.824,-118.56,50.0,-168.56,0.7013,65
long,2016-07-13 10:05:00+05:30,2016-07-13 10:45:00+05:30,8526.25,8515.834272142552,8515.834272142552,8515.834272142552,False,-10.42,3.95,13.75,STOP_LOSS,40,-10.4157,0.2,0.193751,0.0006,-10.53,-2.0539,2.1155,-1.1232,0.0,-3.1771,-3.1771,-206.51,50.0,-256.51,5.5695,65
long,2016-07-15 09:30:00+05:30,2016-07-15 09:35:00+05:30,8573.95,8562.410313754197,8562.410313754197,8562.410313754197,False,-11.54,0.1,23.0,STOP_LOSS,5,-11.5397,0.2,0.193076,0.0006,-10.53,-2.272,2.5967,-0.1404,0.0,-2.4124,-2.4124,-156.8,50.0,-206.8,0.7013,65
long,2016-07-15 09:45:00+05:30,2016-07-15 10:05:00+05:30,8569.25,8555.513984983103,8555.513984983103,8555.513984983103,False,-13.74,5.55,29.8,STOP_LOSS,20,-13.736,0.2,0.191758,0.0006,-10.53,-2.6963,3.6792,-0.5616,0.0,-3.2579,-3.2579,-211.76,50.0,-261.76,2.7963,65
long,2016-07-18 10:00:00+05:30,2016-07-18 13:25:00+05:30,8570.6,8559.786175977853,8559.786175977853,8559.786175977853,False,-10.81,16.5,19.1,STOP_LOSS,205,-10.8138,0.2,0.193512,0.0006,-10.53,-2.1312,2.2803,-5.7564,0.0,-7.8876,-7.8876,-512.69,50.0,-562.69,27.6363,65
short,2016-07-19 09:45:00+05:30,2016-07-19 10:20:00+05:30,8505.35,8514.4194931642,8514.4194931642,8514.4194931642,False,-9.07,8.55,13.65,STOP_LOSS,35,9.0695,-0.2,-0.194558,0.0006,-10.53,-1.7917,1.604,-0.9828,0.0,-2.7745,-2.7745,-180.34,50.0,-230.34,-4.8783,65
short,2016-07-22 09:45:00+05:30,2016-07-22 11:30:00+05:30,8505.85,8514.494703188784,8514.494703188784,8514.494703188784,False,-8.64,12.0,18.7,STOP_LOSS,105,8.6447,-0.2,-0.194813,0.0006,-10.53,-1.7088,1.4573,-2.9484,0.0,-4.6572,-4.6572,-302.72,50.0,-352.72,-14.4297,65
long,2016-07-25 14:30:00+05:30,2016-07-25 15:15:00+05:30,8625.1,8637.7,8616.82873455829,8616.82873455829,False,12.6,15.8,6.25,SOFT_EOD_EXIT,45,12.6,0.2,0.20756,0.0006,-10.53,2.5629,3.0958,-1.2636,0.0,1.2993,1.2993,84.45,50.0,34.45,6.2592,65
long,2016-07-26 09:30:00+05:30,2016-07-26 14:45:00+05:30,8634.1,8623.647948145677,8623.647948145677,8623.647948145677,False,-10.45,10.75,18.95,STOP_LOSS,315,-10.4521,0.2,0.193729,0.0006,-10.53,-2.0609,2.1303,-8.8452,0.0,-10.9061,-10.9061,-708.9,50.0,-758.9,41.6268,65
long,2016-07-27 10:25:00+05:30,2016-07-27 10:40:00+05:30,8653.3,8643.663054496485,8643.663054496485,8643.663054496485,False,-9.64,2.65,16.85,STOP_LOSS,15,-9.6369,0.2,0.194218,0.0006,-10.53,-1.9023,1.811,-0.4212,0.0,-2.3235,-2.3235,-151.03,50.0,-201.03,2.0994,65
long,2016-07-28 10:00:00+05:30,2016-07-28 15:00:00+05:30,8637.4,8658.95,8626.788455800788,8652.608507534382,True,21.55,23.85,12.1,EMA_CROSS_EXIT,300,21.55,0.2,0.21293,0.0006,-10.53,4.4354,9.0558,-8.424,0.0,-3.9886,-3.9886,-259.26,50.0,-309.26,39.7499,65
short,2016-08-03 10:00:00+05:30,2016-08-03 10:10:00+05:30,8582.5,8590.568107655017,8590.568107655017,8590.568107655017,False,-8.07,5.6,24.3,STOP_LOSS,10,8.0681,-0.2,-0.195159,0.0006,-10.53,-1.596,1.2693,-0.2808,0.0,-1.8768,-1.8768,-121.99,50.0,-171.99,-1.4011,65
short,2016-08-04 14:35:00+05:30,2016-08-04 14:55:00+05:30,8528.3,8535.304585121019,8535.304585121019,8535.304585121019,False,-7.0,8.3,11.95,STOP_LOSS,20,7.0046,-0.2,-0.195797,0.0006,-10.53,-1.3877,0.9568,-0.5616,0.0,-1.9493,-1.9493,-126.7,50.0,-176.7,-2.7963,65
long,2016-08-08 10:05:00+05:30,2016-08-08 15:15:00+05:30,8709.35,8710.0,8698.476165840886,8698.476165840886,False,0.65,11.9,11.6,SOFT_EOD_EXIT,310,0.65,0.2,0.20039,0.0006,-10.53,0.1301,0.0082,-8.7048,0.0,-8.5747,-8.5747,-557.35,50.0,-607.35,41.0022,65
short,2016-08-10 14:55:00+05:30,2016-08-10 15:15:00+05:30,8583.4,8573.2,8589.989592883334,8589.989592883334,False,10.2,18.6,7.75,SOFT_EOD_EXIT,20,-10.2,-0.2,-0.20612,0.0006,-10.53,2.0681,2.0288,-0.5616,0.0,1.5065,1.5065,97.92,50.0,47.92,-2.7963,65
long,2016-08-18 10:00:00+05:30,2016-08-18 11:00:00+05:30,8655.05,8681.05154944689,8645.306439405978,8681.05154944689,True,26.0,34.9,0.15,TRAIL_SL,60,26.0015,0.2,0.215601,0.0006,-10.53,5.3829,13.1836,-1.6848,0.0,3.6981,3.6981,240.37,50.0,190.37,8.3202,65
long,2016-08-25 10:00:00+05:30,2016-08-25 12:35:00+05:30,8672.95,8665.159542548978,8665.159542548978,8665.159542548978,False,-7.79,5.55,11.15,STOP_LOSS,155,-7.7905,0.2,0.195326,0.0006,-10.53,-1.5417,1.1835,-4.3524,0.0,-5.8941,-5.8941,-383.12,50.0,-433.12,21.0945,65
short,2016-08-25 14:45:00+05:30,2016-08-26 09:15:00+05:30,8615.25,8593.041349194149,8622.96274566316,8593.041349194149,True,22.21,31.15,3.9,TRAIL_SL,1110,-22.2087,-0.2,-0.213325,0.0006,-10.53,4.5749,9.6179,-31.1688,0.0,-26.5939,-26.5939,-1728.6,50.0,-1778.6,-130.3553,65
short,2016-08-29 10:00:00+05:30,2016-08-29 10:15:00+05:30,8555.7,8563.056813642535,8563.056813642535,8563.056813642535,False,-7.36,3.35,9.5,STOP_LOSS,15,7.3568,-0.2,-0.195586,0.0006,-10.53,-1.4567,1.0554,-0.4212,0.0,-1.8779,-1.8779,-122.07,50.0,-172.07,-2.0994,65
long,2016-08-31 10:15:00+05:30,2016-08-31 10:20:00+05:30,8785.3,8774.610207051368,8774.610207051368,8774.610207051368,False,-10.69,1.55,11.7,STOP_LOSS,5,-10.6898,0.2,0.193586,0.0006,-10.53,-2.1071,2.2283,-0.1404,0.0,-2.2475,-2.2475,-146.09,50.0,-196.09,0.7013,65
long,2016-08-31 10:25:00+05:30,2016-08-31 14:05:00+05:30,8780.15,8814.62154900218,8769.115444407473,8814.62154900218,True,34.47,38.55,12.05,TRAIL_SL,220,34.4715,0.2,0.220683,0.0006,-10.53,7.2151,23.1716,-6.1776,0.0,1.0375,1.0375,67.44,50.0,17.44,29.5759,65
long,2016-08-31 14:45:00+05:30,2016-08-31 15:00:00+05:30,8810.7,8802.131126031856,8802.131126031856,8802.131126031856,False,-8.57,2.55,11.2,STOP_LOSS,15,-8.5689,0.2,0.194859,0.0006,-10.53,-1.6939,1.4318,-0.4212,0.0,-2.1151,-2.1151,-137.48,50.0,-187.48,2.0994,65
short,2016-09-01 09:55:00+05:30,2016-09-01 10:15:00+05:30,8786.15,8793.38313898647,8793.38313898647,8793.38313898647,False,-7.23,0.7,11.25,STOP_LOSS,20,7.2331,-0.2,-0.19566,0.0006,-10.53,-1.4325,1.0202,-0.5616,0.0,-1.9941,-1.9941,-129.62,50.0,-179.62,-2.7963,65
short,2016-09-02 10:00:00+05:30,2016-09-02 10:20:00+05:30,8777.85,8784.681263706829,8784.681263706829,8784.681263706829,False,-6.83,1.5,6.95,STOP_LOSS,20,6.8313,-0.2,-0.195901,0.0006,-10.53,-1.3537,0.91,-0.5616,0.0,-1.9153,-1.9153,-124.49,50.0,-174.49,-2.7963,65
long,2016-09-07 09:35:00+05:30,2016-09-07 14:10:00+05:30,8935.15,8950.94301825474,8919.74279418256,8950.94301825474,True,15.79,21.5,11.05,TRAIL_SL,275,15.793,0.2,0.209476,0.0006,-10.53,3.2259,4.8637,-7.722,0.0,-4.4961,-4.4961,-292.24,50.0,-342.24,36.6006,65
short,2016-09-08 09:45:00+05:30,2016-09-08 10:25:00+05:30,8911.0,8919.1779998675,8919.1779998675,8919.1779998675,False,-8.18,7.9,14.0,STOP_LOSS,40,8.178,-0.2,-0.195093,0.0006,-10.53,-1.6175,1.3042,-1.1232,0.0,-2.7407,-2.7407,-178.15,50.0,-228.15,-5.5695,65
short,2016-09-20 09:55:00+05:30,2016-09-20 10:25:00+05:30,8782.75,8789.500928930453,8789.500928930453,8789.500928930453,False,-6.75,5.0,7.9,STOP_LOSS,30,6.7509,-0.2,-0.195949,0.0006,-10.53,-1.3379,0.8887,-0.8424,0.0,-2.1803,-2.1803,-141.72,50.0,-191.72,-4.1857,65
short,2016-09-21 14:45:00+05:30,2016-09-21 14:50:00+05:30,8777.35,8784.281421434793,8784.281421434793,8784.281421434793,False,-6.93,0.3,7.55,STOP_LOSS,5,6.9314,-0.2,-0.195841,0.0006,-10.53,-1.3733,0.9369,-0.1404,0.0,-1.5137,-1.5137,-98.39,50.0,-148.39,-0.7013,65
long,2016-09-22 10:05:00+05:30,2016-09-22 11:25:00+05:30,8862.3,8848.299498610262,8848.299498610262,8848.299498610262,False,-14.0,11.25,17.65,STOP_LOSS,80,-14.0005,0.2,0.1916,0.0006,-10.53,-2.7472,3.8223,-2.2464,0.0,-4.9936,-4.9936,-324.58,50.0,-374.58,11.0489,65
short,2016-09-26 10:00:00+05:30,2016-09-26 12:25:00+05:30,8797.9,8773.587520328425,8804.006639972305,8773.587520328425,True,24.31,29.4,0.45,TRAIL_SL,145,-24.3125,-0.2,-0.214587,0.0006,-10.53,5.0221,11.5264,-4.0716,0.0,0.9505,0.9505,61.78,50.0,11.78,-19.7716,65
short,2016-09-26 14:30:00+05:30,2016-09-26 14:55:00+05:30,8733.3,8738.181211409317,8738.181211409317,8738.181211409317,False,-4.88,12.45,10.1,STOP_LOSS,25,4.8812,-0.2,-0.197071,0.0006,-10.53,-0.9698,0.4646,-0.702,0.0,-1.6718,-1.6718,-108.67,50.0,-158.67,-3.4917,65
long,2016-09-29 09:55:00+05:30,2016-09-29 11:00:00+05:30,8781.45,8770.42183134637,8770.42183134637,8770.42183134637,False,-11.03,3.85,15.95,STOP_LOSS,65,-11.0282,0.2,0.193383,0.0006,-10.53,-2.1728,2.3716,-1.8252,0.0,-3.998,-3.998,-259.87,50.0,-309.87,9.0044,65
short,2016-09-29 14:40:00+05:30,2016-09-29 15:15:00+05:30,8595.0,8592.3,8610.103590272,8610.103590272,False,2.7,17.3,6.75,SOFT_EOD_EXIT,35,-2.7,-0.2,-0.20162,0.0006,-10.53,0.542,0.1422,-0.9828,0.0,-0.4408,-0.4408,-28.65,50.0,-78.65,-4.8783,65
short,2016-09-30 09:30:00+05:30,2016-09-30 09:40:00+05:30,8589.0,8605.03938718092,8605.03938718092,8605.03938718092,False,-16.04,0.25,21.75,STOP_LOSS,10,16.0394,-0.2,-0.190376,0.0006,-10.53,-3.1384,5.0166,-0.2808,0.0,-3.4192,-3.4192,-222.25,50.0,-272.25,-1.4011,65
long,2016-10-04 09:45:00+05:30,2016-10-04 10:30:00+05:30,8763.55,8751.882305571555,8751.882305571555,8751.882305571555,False,-11.67,6.45,14.95,STOP_LOSS,45,-11.6677,0.2,0.192999,0.0006,-10.53,-2.2968,2.6546,-1.2636,0.0,-3.5604,-3.5604,-231.42,50.0,-281.42,6.2592,65
long,2016-10-05 09:30:00+05:30,2016-10-05 10:10:00+05:30,8776.5,8760.674831862172,8760.674831862172,8760.674831862172,False,-15.83,1.15,24.45,STOP_LOSS,40,-15.8252,0.2,0.190505,0.0006,-10.53,-3.0974,4.8835,-1.1232,0.0,-4.2206,-4.2206,-274.34,50.0,-324.34,5.5695,65
long,2016-10-06 10:05:00+05:30,2016-10-06 13:25:00+05:30,8765.5,8755.996951338848,8755.996951338848,8755.996951338848,False,-9.5,15.4,14.45,STOP_LOSS,200,-9.503,0.2,0.194298,0.0006,-10.53,-1.8762,1.761,-5.616,0.0,-7.4922,-7.4922,-486.99,50.0,-536.99,26.9875,65
short,2016-10-07 09:30:00+05:30,2016-10-07 11:50:00+05:30,8711.45,8682.179726733577,8720.201075811134,8682.179726733577,True,29.27,36.1,0.0,TRAIL_SL,140,-29.2703,-0.2,-0.217562,0.0006,-10.53,6.0854,16.7066,-3.9312,0.0,2.1542,2.1542,140.02,50.0,90.02,-19.1083,65
short,2016-10-13 14:30:00+05:30,2016-10-13 15:05:00+05:30,8563.7,8571.362590682178,8571.362590682178,8571.362590682178,False,-7.66,11.3,9.9,STOP_LOSS,35,7.6626,-0.2,-0.195402,0.0006,-10.53,-1.5167,1.1449,-0.9828,0.0,-2.4995,-2.4995,-162.47,50.0,-212.47,-4.8783,65
long,2016-10-19 09:30:00+05:30,2016-10-19 11:30:00+05:30,8670.7,8657.983161731163,8657.983161731163,8657.983161731163,False,-12.72,11.15,13.85,STOP_LOSS,120,-12.7168,0.2,0.19237,0.0006,-10.53,-2.4997,3.1535,-3.3696,0.0,-5.8693,-5.8693,-381.5,50.0,-431.5,16.4425,65
long,2016-10-20 10:15:00+05:30,2016-10-20 10:35:00+05:30,8715.15,8706.13255171957,8706.13255171957,8706.13255171957,False,-9.02,2.95,12.8,STOP_LOSS,20,-9.0174,0.2,0.19459,0.0006,-10.53,-1.7815,1.5856,-0.5616,0.0,-2.3431,-2.3431,-152.3,50.0,-202.3,2.7963,65
long,2016-10-24 09:45:00+05:30,2016-10-24 12:50:00+05:30,8699.3,8721.663893824802,8686.40767643007,8721.663893824802,True,22.36,25.3,8.25,TRAIL_SL,185,22.3639,0.2,0.213418,0.0006,-10.53,4.6078,9.7528,-5.1948,0.0,-0.587,-0.587,-38.15,50.0,-88.15,25.034,65
short,2016-10-26 14:55:00+05:30,2016-10-26 15:15:00+05:30,8615.05,8618.25,8622.188654496471,8622.188654496471,False,-3.2,1.55,8.85,SOFT_EOD_EXIT,20,3.2,-0.2,-0.19808,0.0006,-10.53,-0.6372,0.1997,-0.5616,0.0,-1.1988,-1.1988,-77.92,50.0,-127.92,-2.7963,65
short,2016-10-27 10:15:00+05:30,2016-10-27 12:30:00+05:30,8575.9,8583.01795023652,8583.01795023652,8583.01795023652,False,-7.12,25.5,17.2,STOP_LOSS,135,7.118,-0.2,-0.195729,0.0006,-10.53,-1.4099,0.988,-3.7908,0.0,-5.2007,-5.2007,-338.05,50.0,-388.05,-18.4437,65
short,2016-11-01 14:50:00+05:30,2016-11-01 15:15:00+05:30,8645.35,8623.45,8652.35976041295,8652.35976041295,False,21.9,25.15,2.9,SOFT_EOD_EXIT,25,-21.9,-0.2,-0.21314,0.0006,-10.53,4.5095,9.3524,-0.702,0.0,3.8075,3.8075,247.49,50.0,197.49,-3.4917,65
short,2016-11-02 10:20:00+05:30,2016-11-02 12:00:00+05:30,8545.75,8522.836501359574,8552.419162917786,8522.836501359574,True,22.91,29.9,3.7,TRAIL_SL,100,-22.9135,-0.2,-0.213748,0.0006,-10.53,4.7245,10.2381,-2.808,0.0,1.9165,1.9165,124.57,50.0,74.57,-13.7562,65
short,2016-11-04 09:30:00+05:30,2016-11-04 09:35:00+05:30,8482.85,8493.232018843953,8493.232018843953,8493.232018843953,False,-10.38,1.15,12.5,STOP_LOSS,5,10.382,-0.2,-0.193771,0.0006,-10.53,-2.0473,2.1018,-0.1404,0.0,-2.1877,-2.1877,-142.2,50.0,-192.2,-0.7013,65
short,2016-11-04 09:40:00+05:30,2016-11-04 10:35:00+05:30,8487.25,8463.08513509012,8497.511049709457,8463.08513509012,True,24.16,35.1,0.0,TRAIL_SL,55,-24.1649,-0.2,-0.214499,0.0006,-10.53,4.9906,11.3868,-1.5444,0.0,3.4462,3.4462,224.01,50.0,174.01,-7.6346,65
short,2016-11-04 14:40:00+05:30,2016-11-04 15:00:00+05:30,8416.4,8424.481308882994,8424.481308882994,8424.481308882994,False,-8.08,9.6,19.0,STOP_LOSS,20,8.0813,-0.2,-0.195151,0.0006,-10.53,-1.5986,1.2735,-0.5616,0.0,-2.1602,-2.1602,-140.41,50.0,-190.41,-2.7963,65
long,2016-11-08 14:35:00+05:30,2016-11-08 15:25:00+05:30,8509.0,8545.970305644649,8499.873899488775,8545.970305644649,True,36.97,50.4,5.1,TRAIL_SL,50,36.9703,0.2,0.222182,0.0006,-10.53,7.7631,26.6527,-1.404,0.0,6.3591,6.3591,413.34,50.0,363.34,6.9476,65
short,2016-11-09 09:55:00+05:30,2016-11-09 10:40:00+05:30,8342.5,8207.916574159808,8387.042825887143,8207.916574159808,True,134.58,166.6,1.55,TRAIL_SL,45,-134.5834,-0.2,-0.28075,0.0006,-10.53,31.8071,353.1976,-1.2636,0.0,30.5435,30.5435,1985.33,50.0,1935.33,-6.2592,65
short,2016-11-15 10:20:00+05:30,2016-11-15 11:40:00+05:30,8180.3,8135.167195602954,8196.572360401091,8135.167195602954,True,45.13,61.15,16.8,TRAIL_SL,80,-45.1328,-0.2,-0.22708,0.0006,-10.53,9.5765,39.7209,-2.2464,0.0,7.3301,7.3301,476.46,50.0,426.46,-11.0489,65
short,2016-11-16 09:45:00+05:30,2016-11-16 10:25:00+05:30,8126.85,8143.226804309934,8143.226804309934,8143.226804309934,False,-16.38,26.1,24.85,STOP_LOSS,40,16.3768,-0.2,-0.190174,0.0006,-10.53,-3.2029,5.2299,-1.1232,0.0,-4.3261,-4.3261,-281.2,50.0,-331.2,-5.5695,65
short,2016-11-17 10:25:00+05:30,2016-11-17 11:05:00+05:30,8108.6,8119.60609896497,8119.60609896497,8119.60609896497,False,-11.01,8.65,11.95,STOP_LOSS,40,11.0061,-0.2,-0.193396,0.0006,-10.53,-2.1685,2.3621,-1.1232,0.0,-3.2917,-3.2917,-213.96,50.0,-263.96,-5.5695,65
short,2016-11-18 09:55:00+05:30,2016-11-18 10:40:00+05:30,8073.5,8083.596636946179,8083.596636946179,8083.596636946179,False,-10.1,11.8,16.6,STOP_LOSS,45,10.0966,-0.2,-0.193942,0.0006,-10.53,-1.9918,1.9879,-1.2636,0.0,-3.2554,-3.2554,-211.6,50.0,-261.6,-6.2592,65
short,2016-11-18 14:45:00+05:30,2016-11-18 15:15:00+05:30,8078.65,8078.05,8086.990866229194,8086.990866229194,False,0.6,12.2,6.05,SOFT_EOD_EXIT,30,-0.6,-0.2,-0.20036,0.0006,-10.53,0.1201,0.007,-0.8424,0.0,-0.7223,-0.7223,-46.95,50.0,-96.95,-4.1857,65
short,2016-11-21 14:30:00+05:30,2016-11-21 15:10:00+05:30,7945.2,7924.395015820169,7955.533884160479,7924.395015820169,True,20.8,28.75,7.95,TRAIL_SL,40,-20.805,-0.2,-0.212483,0.0006,-10.53,4.2779,8.4405,-1.1232,0.0,3.1547,3.1547,205.05,50.0,155.05,-5.5695,65
short,2016-11-24 09:50:00+05:30,2016-11-24 11:50:00+05:30,7995.05,8003.09499557165,8003.09499557165,8003.09499557165,False,-8.04,11.35,10.3,STOP_LOSS,120,8.045,-0.2,-0.195173,0.0006,-10.53,-1.5915,1.2621,-3.3696,0.0,-4.9611,-4.9611,-322.47,50.0,-372.47,-16.4425,65
long,2016-11-25 10:20:00+05:30,2016-11-25 11:00:00+05:30,8016.0,8048.728852852703,8002.293271088139,8048.728852852703,True,32.73,40.95,2.05,TRAIL_SL,40,32.7289,0.2,0.219637,0.0006,-10.53,6.835,20.888,-1.1232,0.0,5.7118,5.7118,371.27,50.0,321.27,5.5695,65
long,2016-11-25 14:45:00+05:30,2016-11-25 15:15:00+05:30,8090.85,8111.546859004293,8082.07797416803,8111.546859004293,True,20.7,30.6,5.15,TRAIL_SL,30,20.6969,0.2,0.212418,0.0006,-10.53,4.255,8.353,-0.8424,0.0,3.4126,3.4126,221.82,50.0,171.82,4.1857,65
long,2016-11-29 10:05:00+05:30,2016-11-29 10:40:00+05:30,8162.35,8188.420995108956,8150.3493603653915,8188.420995108956,True,26.07,33.95,2.0,TRAIL_SL,35,26.071,0.2,0.215643,0.0006,-10.53,5.3977,13.2541,-0.9828,0.0,4.4149,4.4149,286.97,50.0,236.97,4.8783,65
short,2016-11-29 14:45:00+05:30,2016-11-29 15:15:00+05:30,8165.75,8141.123700597861,8173.999931408507,8141.123700597861,True,24.63,35.6,6.35,TRAIL_SL,30,-24.6263,-0.2,-0.214776,0.0006,-10.53,5.089,11.8259,-0.8424,0.0,4.2466,4.2466,276.03,50.0,226.03,-4.1857,65
short,2016-11-30 09:35:00+05:30,2016-11-30 09:45:00+05:30,8147.65,8156.9079556354845,8156.9079556354845,8156.9079556354845,False,-9.26,0.65,15.15,STOP_LOSS,10,9.258,-0.2,-0.194445,0.0006,-10.53,-1.8284,1.6713,-0.2808,0.0,-2.1092,-2.1092,-137.1,50.0,-187.1,-1.4011,65
short,2016-12-02 10:00:00+05:30,2016-12-02 10:55:00+05:30,8144.35,8118.639861893064,8151.963006344674,8118.639861893064,True,25.71,35.7,4.7,TRAIL_SL,55,-25.7101,-0.2,-0.215426,0.0006,-10.53,5.3205,12.8897,-1.5444,0.0,3.7761,3.7761,245.45,50.0,195.45,-7.6346,65
short,2016-12-05 10:25:00+05:30,2016-12-05 13:35:00+05:30,8082.35,8088.884255521572,8088.884255521572,8088.884255521572,False,-6.53,25.45,23.8,STOP_LOSS,190,6.5343,-0.2,-0.196079,0.0006,-10.53,-1.2953,0.8326,-5.3352,0.0,-6.6305,-6.6305,-430.98,50.0,-480.98,-25.6863,65
long,2016-12-06 10:05:00+05:30,2016-12-06 15:05:00+05:30,8161.45,8150.094507194626,8150.094507194626,8150.094507194626,False,-11.36,17.15,18.2,STOP_LOSS,300,-11.3555,0.2,0.193187,0.0006,-10.53,-2.2363,2.5145,-8.424,0.0,-10.6603,-10.6603,-692.92,50.0,-742.92,39.7499,65
long,2016-12-08 14:30:00+05:30,2016-12-08 15:15:00+05:30,8243.55,8244.7,8236.525169089573,8236.525169089573,False,1.15,12.5,9.6,SOFT_EOD_EXIT,45,1.15,0.2,0.20069,0.0006,-10.53,0.2304,0.0258,-1.2636,0.0,-1.0332,-1.0332,-67.16,50.0,-117.16,6.2592,65
long,2016-12-09 09:35:00+05:30,2016-12-09 11:55:00+05:30,8254.4,8269.609507595724,8243.023867072607,8269.609507595724,True,15.21,20.4,12.25,TRAIL_SL,140,15.2095,0.2,0.209126,0.0006,-10.53,3.1044,4.5109,-3.9312,0.0,-0.8268,-0.8268,-53.74,50.0,-103.74,19.1083,65
long,2016-12-14 14:40:00+05:30,2016-12-14 14:50:00+05:30,8208.3,8199.303956801212,8199.303956801212,8199.303956801212,False,-9.0,2.1,17.05,STOP_LOSS,10,-8.996,0.2,0.194602,0.0006,-10.53,-1.7774,1.5781,-0.2808,0.0,-2.0582,-2.0582,-133.78,50.0,-183.78,1.4011,65
short,2016-12-16 09:30:00+05:30,2016-12-16 12:25:00+05:30,8154.8,8132.330785412596,8163.023975141574,8132.330785412596,True,22.47,27.1,4.15,TRAIL_SL,175,-22.4692,-0.2,-0.213482,0.0006,-10.53,4.6302,9.8449,-4.914,0.0,-0.2838,-0.2838,-18.45,50.0,-68.45,-23.7256,65
short,2016-12-19 10:15:00+05:30,2016-12-19 10:40:00+05:30,8117.05,8122.400590508,8122.400590508,8122.400590508,False,-5.35,4.1,8.4,STOP_LOSS,25,5.3506,-0.2,-0.19679,0.0006,-10.53,-1.0624,0.5583,-0.702,0.0,-1.7644,-1.7644,-114.69,50.0,-164.69,-3.4917,65
short,2016-12-26 09:55:00+05:30,2016-12-26 15:15:00+05:30,7923.25,7910.05,7933.661745416188,7933.661745416188,False,13.2,27.15,15.7,SOFT_EOD_EXIT,320,-13.2,-0.2,-0.20792,0.0006,-10.53,2.687,3.3977,-8.9856,0.0,-6.2986,-6.2986,-409.41,50.0,-459.41,-42.2504,65
long,2016-12-28 09:30:00+05:30,2016-12-28 10:10:00+05:30,8033.95,8068.068645704635,8019.3920306440305,8068.068645704635,True,34.12,41.6,0.25,TRAIL_SL,40,34.1186,0.2,0.220471,0.0006,-10.53,7.138,22.6996,-1.1232,0.0,6.0148,6.0148,390.96,50.0,340.96,5.5695,65
long,2016-12-28 10:20:00+05:30,2016-12-28 12:25:00+05:30,8060.55,8083.945132019315,8049.592254747947,8083.945132019315,True,23.4,28.55,6.8,TRAIL_SL,125,23.3951,0.2,0.214037,0.0006,-10.53,4.8268,10.673,-3.51,0.0,1.3168,1.3168,85.59,50.0,35.59,17.1108,65
short,2016-12-29 09:50:00+05:30,2016-12-29 10:35:00+05:30,8044.0,8050.8458512029365,8050.8458512029365,8050.8458512029365,False,-6.85,1.05,9.25,STOP_LOSS,45,6.8459,-0.2,-0.195892,0.0006,-10.53,-1.3565,0.9139,-1.2636,0.0,-2.6201,-2.6201,-170.31,50.0,-220.31,-6.2592,65
long,2016-12-29 14:40:00+05:30,2016-12-29 15:20:00+05:30,8069.3,8104.293143602612,8060.382115587547,8104.293143602612,True,34.99,41.65,2.55,TRAIL_SL,40,34.9931,0.2,0.220996,0.0006,-10.53,7.3292,23.8781,-1.1232,0.0,6.206,6.206,403.39,50.0,353.39,5.5695,65
long,2016-12-30 10:15:00+05:30,2016-12-30 12:20:00+05:30,8158.45,8175.291462980241,8149.090854625144,8175.291462980241,True,16.84,23.55,8.1,TRAIL_SL,125,16.8415,0.2,0.210105,0.0006,-10.53,3.4449,5.5309,-3.51,0.0,-0.0651,-0.0651,-4.23,50.0,-54.23,17.1108,65
long,2017-01-02 14:40:00+05:30,2017-01-02 15:15:00+05:30,8186.25,8179.05,8176.265196420603,8176.265196420603,False,-7.2,2.35,14.6,SOFT_EOD_EXIT,35,-7.2,0.2,0.19568,0.0006,-10.53,-1.426,1.0109,-0.9828,0.0,-2.4088,-2.4088,-156.57,50.0,-206.57,4.8783,65
long,2017-01-05 10:10:00+05:30,2017-01-05 11:30:00+05:30,8242.15,8256.676833131483,8233.648985181313,8256.676833131483,True,14.53,19.75,2.7,TRAIL_SL,80,14.5268,0.2,0.208716,0.0006,-10.53,2.9623,4.1151,-2.2464,0.0,0.7159,0.7159,46.54,50.0,-3.46,11.0489,65
long,2017-01-06 09:45:00+05:30,2017-01-06 10:35:00+05:30,8292.45,8283.267233684379,8283.267233684379,8283.267233684379,False,-9.18,14.05,15.4,STOP_LOSS,50,-9.1828,0.2,0.19449,0.0006,-10.53,-1.8138,1.6443,-1.404,0.0,-3.2178,-3.2178,-209.16,50.0,-259.16,6.9476,65
short,2017-01-09 09:45:00+05:30,2017-01-09 14:05:00+05:30,8244.85,8252.646760630196,8252.646760630196,8252.646760630196,False,-7.8,16.85,9.65,STOP_LOSS,260,7.7968,-0.2,-0.195322,0.0006,-10.53,-1.5429,1.1854,-7.3008,0.0,-8.8437,-8.8437,-574.84,50.0,-624.84,-34.6981,65
long,2017-01-10 10:15:00+05:30,2017-01-10 13:50:00+05:30,8270.1,8284.219457002422,8261.955477379024,8284.219457002422,True,14.12,19.4,6.3,TRAIL_SL,215,14.1195,0.2,0.208472,0.0006,-10.53,2.8777,3.8875,-6.0372,0.0,-3.1595,-3.1595,-205.37,50.0,-255.37,28.9305,65
long,2017-01-11 10:15:00+05:30,2017-01-11 13:15:00+05:30,8337.85,8364.10827481467,8330.48487692467,8364.10827481467,True,26.26,29.85,6.9,TRAIL_SL,180,26.2583,0.2,0.215755,0.0006,-10.53,5.4378,13.4452,-5.0544,0.0,0.3834,0.3834,24.92,50.0,-25.08,24.3804,65
long,2017-01-11 14:50:00+05:30,2017-01-11 15:15:00+05:30,8378.35,8379.25,8372.473113525684,8372.473113525684,False,0.9,10.45,1.05,SOFT_EOD_EXIT,25,0.9,0.2,0.20054,0.0006,-10.53,0.1802,0.0158,-0.702,0.0,-0.5218,-0.5218,-33.92,50.0,-83.92,3.4917,65
long,2017-01-12 10:25:00+05:30,2017-01-12 15:15:00+05:30,8398.35,8408.7,8388.41488547242,8388.41488547242,False,10.35,15.95,10.45,SOFT_EOD_EXIT,290,10.35,0.2,0.20621,0.0006,-10.53,2.0989,2.0889,-8.1432,0.0,-6.0443,-6.0443,-392.88,50.0,-442.88,38.4934,65
short,2017-01-20 10:05:00+05:30,2017-01-20 13:05:00+05:30,8411.6,8375.624481714369,8416.680975811496,8375.624481714369,True,35.98,42.85,6.3,TRAIL_SL,180,-35.9755,-0.2,-0.221585,0.0006,-10.53,7.5445,25.2376,-5.0544,0.0,2.4901,2.4901,161.86,50.0,111.86,-24.3804,65
short,2017-01-20 14:45:00+05:30,2017-01-20 15:15:00+05:30,8352.5,8348.25,8357.509162657889,8357.509162657889,False,4.25,9.4,6.65,SOFT_EOD_EXIT,30,-4.25,-0.2,-0.20255,0.0006,-10.53,0.8549,0.3522,-0.8424,0.0,0.0125,0.0125,0.81,50.0,-49.19,-4.1857,65
long,2017-01-25 10:10:00+05:30,2017-01-25 12:20:00+05:30,8507.55,8526.961993187126,8498.436753939195,8526.961993187126,True,19.41,23.4,0.7,TRAIL_SL,130,19.412,0.2,0.211647,0.0006,-10.53,3.9841,7.3481,-3.6504,0.0,0.3337,0.3337,21.69,50.0,-28.31,17.7779,65
short,2017-01-30 10:00:00+05:30,2017-01-30 11:45:00+05:30,8633.15,8640.350366728524,8640.350366728524,8640.350366728524,False,-7.2,8.65,8.0,STOP_LOSS,105,7.2004,-0.2,-0.19568,0.0006,-10.53,-1.4261,1.011,-2.9484,0.0,-4.3745,-4.3745,-284.34,50.0,-334.34,-14.4297,65
short,2017-01-31 09:50:00+05:30,2017-01-31 10:05:00+05:30,8599.05,8607.094225910765,8607.094225910765,8607.094225910765,False,-8.04,1.0,10.65,STOP_LOSS,15,8.0442,-0.2,-0.195173,0.0006,-10.53,-1.5914,1.2618,-0.4212,0.0,-2.0126,-2.0126,-130.82,50.0,-180.82,-2.0994,65
short,2017-01-31 10:10:00+05:30,2017-01-31 11:50:00+05:30,8604.2,8580.501272579686,8611.45381997506,8580.501272579686,True,23.7,31.3,0.1,TRAIL_SL,100,-23.6987,-0.2,-0.214219,0.0006,-10.53,4.8914,10.9518,-2.808,0.0,2.0834,2.0834,135.42,50.0,85.42,-13.7562,65
short,2017-02-01 09:40:00+05:30,2017-02-01 11:20:00+05:30,8564.95,8572.454943993744,8572.454943993744,8572.454943993744,False,-7.5,27.15,8.5,STOP_LOSS,100,7.5049,-0.2,-0.195497,0.0006,-10.53,-1.4858,1.0983,-2.808,0.0,-4.2938,-4.2938,-279.1,50.0,-329.1,-13.7562,65
long,2017-02-02 09:35:00+05:30,2017-02-02 11:40:00+05:30,8706.0,8691.711566387556,8691.711566387556,8691.711566387556,False,-14.29,20.95,19.65,STOP_LOSS,125,-14.2884,0.2,0.191427,0.0006,-10.53,-2.8026,3.9811,-3.51,0.0,-6.3126,-6.3126,-410.32,50.0,-460.32,17.1108,65
long,2017-02-06 10:10:00+05:30,2017-02-06 13:10:00+05:30,8793.85,8810.165145072864,8783.429241539117,8810.165145072864,True,16.32,20.15,0.7,TRAIL_SL,180,16.3151,0.2,0.209789,0.0006,-10.53,3.3349,5.1906,-5.0544,0.0,-1.7195,-1.7195,-111.77,50.0,-161.77,24.3804,65
short,2017-02-08 14:50:00+05:30,2017-02-08 15:00:00+05:30,8746.65,8754.98930722116,8754.98930722116,8754.98930722116,False,-8.34,8.8,10.7,STOP_LOSS,10,8.3393,-0.2,-0.194996,0.0006,-10.53,-1.6491,1.3561,-0.2808,0.0,-1.9299,-1.9299,-125.44,50.0,-175.44,-1.4011,65
long,2017-02-09 09:50:00+05:30,2017-02-09 10:05:00+05:30,8805.6,8793.66166241732,8793.66166241732,8793.66166241732,False,-11.94,0.85,16.55,STOP_LOSS,15,-11.9383,0.2,0.192837,0.0006,-10.53,-2.3492,2.7792,-0.4212,0.0,-2.7704,-2.7704,-180.08,50.0,-230.08,2.0994,65
long,2017-02-10 09:55:00+05:30,2017-02-10 13:40:00+05:30,8794.0,8782.766727353737,8782.766727353737,8782.766727353737,False,-11.23,11.95,22.8,STOP_LOSS,225,-11.2333,0.2,0.19326,0.0006,-10.53,-2.2126,2.4606,-6.318,0.0,-8.5306,-8.5306,-554.49,50.0,-604.49,30.2201,65
long,2017-02-17 09:40:00+05:30,2017-02-17 11:25:00+05:30,8815.3,8831.63342359699,8795.27282720261,8831.63342359699,True,16.33,22.35,10.55,TRAIL_SL,105,16.3334,0.2,0.2098,0.0006,-10.53,3.3387,5.2022,-2.9484,0.0,0.3903,0.3903,25.37,50.0,-24.63,14.4297,65
long,2017-02-20 14:35:00+05:30,2017-02-20 15:15:00+05:30,8861.25,8871.3,8854.951679595843,8854.951679595843,False,10.05,10.05,3.6,SOFT_EOD_EXIT,40,10.05,0.2,0.20603,0.0006,-10.53,2.0373,1.9695,-1.1232,0.0,0.9141,0.9141,59.41,50.0,9.41,5.5695,65
long,2017-02-22 09:45:00+05:30,2017-02-22 11:15:00+05:30,8925.7,8941.534061783606,8914.719719789091,8941.534061783606,True,15.83,20.8,4.9,TRAIL_SL,90,15.8341,0.2,0.2095,0.0006,-10.53,3.2345,4.889,-2.5272,0.0,0.7073,0.7073,45.97,50.0,-4.03,12.4052,65
long,2017-02-23 09:45:00+05:30,2017-02-23 11:40:00+05:30,8945.9,8960.988240093171,8934.583873673437,8960.988240093171,True,15.09,19.15,6.6,TRAIL_SL,115,15.0882,0.2,0.209053,0.0006,-10.53,3.0791,4.4393,-3.2292,0.0,-0.1501,-0.1501,-9.76,50.0,-59.76,15.7728,65
short,2017-02-27 09:30:00+05:30,2017-02-27 15:10:00+05:30,8943.75,8893.875068078383,8952.474618822735,8893.875068078383,True,49.87,54.45,7.8,TRAIL_SL,340,-49.8749,-0.2,-0.229925,0.0006,-10.53,10.6466,48.5064,-9.5472,0.0,1.0994,1.0994,71.46,50.0,21.46,-44.7343,65
short,2017-02-28 09:35:00+05:30,2017-02-28 09:55:00+05:30,8899.95,8906.679475600456,8906.679475600456,8906.679475600456,False,-6.73,5.95,10.25,STOP_LOSS,20,6.7295,-0.2,-0.195962,0.0006,-10.53,-1.3337,0.8831,-0.5616,0.0,-1.8953,-1.8953,-123.19,50.0,-173.19,-2.7963,65
long,2017-03-02 10:20:00+05:30,2017-03-02 11:45:00+05:30,8981.3,8972.641778296715,8972.641778296715,8972.641778296715,False,-8.66,11.05,12.05,STOP_LOSS,85,-8.6582,0.2,0.194805,0.0006,-10.53,-1.7114,1.4618,-2.3868,0.0,-4.0982,-4.0982,-266.38,50.0,-316.38,11.7277,65
short,2017-03-03 10:20:00+05:30,2017-03-03 14:10:00+05:30,8875.5,8883.117310237069,8883.117310237069,8883.117310237069,False,-7.62,15.2,10.0,STOP_LOSS,230,7.6173,-0.2,-0.19543,0.0006,-10.53,-1.5078,1.1315,-6.4584,0.0,-7.9662,-7.9662,-517.8,50.0,-567.8,-30.8632,65
long,2017-03-10 09:35:00+05:30,2017-03-10 11:25:00+05:30,8947.7,8934.825859340475,8934.825859340475,8934.825859340475,False,-12.87,8.0,13.2,STOP_LOSS,110,-12.8741,0.2,0.192276,0.0006,-10.53,-2.5301,3.232,-3.0888,0.0,-5.6189,-5.6189,-365.23,50.0,-415.23,15.1019,65
short,2017-03-10 14:30:00+05:30,2017-03-10 14:50:00+05:30,8918.1,8923.837618282416,8923.837618282416,8923.837618282416,False,-5.74,0.5,8.95,STOP_LOSS,20,5.7376,-0.2,-0.196557,0.0006,-10.53,-1.1386,0.6419,-0.5616,0.0,-1.7002,-1.7002,-110.52,50.0,-160.52,-2.7963,65
long,2017-03-16 10:10:00+05:30,2017-03-16 11:40:00+05:30,9141.55,9131.754224502065,9131.754224502065,9131.754224502065,False,-9.8,4.2,11.6,STOP_LOSS,90,-9.7958,0.2,0.194123,0.0006,-10.53,-1.9332,1.8712,-2.5272,0.0,-4.4604,-4.4604,-289.93,50.0,-339.93,12.4052,65
long,2017-03-17 10:10:00+05:30,2017-03-17 10:40:00+05:30,9175.85,9166.309637603848,9166.309637603848,9166.309637603848,False,-9.54,1.5,12.7,STOP_LOSS,30,-9.5404,0.2,0.194276,0.0006,-10.53,-1.8835,1.7749,-0.8424,0.0,-2.7259,-2.7259,-177.18,50.0,-227.18,4.1857,65
short,2017-03-20 09:55:00+05:30,2017-03-20 15:15:00+05:30,9136.8,9126.2,9142.087406599645,9142.087406599645,False,10.6,20.45,0.05,SOFT_EOD_EXIT,320,-10.6,-0.2,-0.20636,0.0006,-10.53,2.1503,2.191,-8.9856,0.0,-6.8353,-6.8353,-444.29,50.0,-494.29,-42.2504,65
long,2017-03-29 09:35:00+05:30,2017-03-29 12:00:00+05:30,9110.3,9133.31758080007,9100.888855553925,9133.31758080007,True,23.02,25.7,0.4,TRAIL_SL,145,23.0176,0.2,0.213811,0.0006,-10.53,4.7466,10.3313,-4.0716,0.0,0.675,0.675,43.87,50.0,-6.13,19.7716,65
long,2017-03-30 10:20:00+05:30,2017-03-30 10:55:00+05:30,9165.1,9158.965183557166,9158.965183557166,9158.965183557166,False,-6.13,0.3,7.45,STOP_LOSS,35,-6.1348,0.2,0.196319,0.0006,-10.53,-1.2168,0.7339,-0.9828,0.0,-2.1996,-2.1996,-142.97,50.0,-192.97,4.8783,65
long,2017-03-31 14:45:00+05:30,2017-03-31 15:05:00+05:30,9184.15,9175.00962108138,9175.00962108138,9175.00962108138,False,-9.14,6.1,16.85,STOP_LOSS,20,-9.1404,0.2,0.194516,0.0006,-10.53,-1.8055,1.6292,-0.5616,0.0,-2.3671,-2.3671,-153.86,50.0,-203.86,2.7963,65
long,2017-04-03 10:15:00+05:30,2017-04-03 13:45:00+05:30,9200.4,9221.47985338079,9191.945518506607,9221.47985338079,True,21.08,24.1,2.05,TRAIL_SL,210,21.0799,0.2,0.212648,0.0006,-10.53,4.3359,8.665,-5.8968,0.0,-1.5609,-1.5609,-101.46,50.0,-151.46,28.284,65
short,2017-04-06 09:45:00+05:30,2017-04-06 14:40:00+05:30,9244.5,9251.012284240627,9251.012284240627,9251.012284240627,False,-6.51,25.45,11.4,STOP_LOSS,295,6.5123,-0.2,-0.196093,0.0006,-10.53,-1.291,0.827,-8.2836,0.0,-9.5746,-9.5746,-622.35,50.0,-672.35,-39.1222,65
short,2017-04-10 09:30:00+05:30,2017-04-10 10:00:00+05:30,9207.4,9215.119808795072,9215.119808795072,9215.119808795072,False,-7.72,16.2,8.45,STOP_LOSS,30,7.7198,-0.2,-0.195368,0.0006,-10.53,-1.5279,1.1621,-0.8424,0.0,-2.3703,-2.3703,-154.07,50.0,-204.07,-4.1857,65
short,2017-04-17 09:55:00+05:30,2017-04-17 10:15:00+05:30,9137.25,9144.288650194718,9144.288650194718,9144.288650194718,False,-7.04,4.7,9.85,STOP_LOSS,20,7.0387,-0.2,-0.195777,0.0006,-10.53,-1.3944,0.9661,-0.5616,0.0,-1.956,-1.956,-127.14,50.0,-177.14,-2.7963,65
short,2017-04-19 09:30:00+05:30,2017-04-19 14:45:00+05:30,9108.25,9083.783173826,9118.609283196753,9083.783173826,True,24.47,32.95,6.9,TRAIL_SL,315,-24.4668,-0.2,-0.21468,0.0006,-10.53,5.055,11.6732,-8.8452,0.0,-3.7902,-3.7902,-246.36,50.0,-296.36,-41.6268,65
long,2017-04-21 10:05:00+05:30,2017-04-21 12:10:00+05:30,9158.5,9148.87124487259,9148.87124487259,9148.87124487259,False,-9.63,2.45,15.1,STOP_LOSS,125,-9.6288,0.2,0.194223,0.0006,-10.53,-1.9007,1.8079,-3.51,0.0,-5.4107,-5.4107,-351.7,50.0,-401.7,17.1108,65
long,2017-04-24 10:25:00+05:30,2017-04-24 12:10:00+05:30,9157.2,9176.204471159679,9149.138381065302,9176.204471159679,True,19.0,24.55,3.4,TRAIL_SL,105,19.0045,0.2,0.211403,0.0006,-10.53,3.8984,7.0428,-2.9484,0.0,0.95,0.95,61.75,50.0,11.75,14.4297,65
long,2017-04-25 10:25:00+05:30,2017-04-25 11:40:00+05:30,9257.9,9273.6900506633,9249.962877242164,9273.6900506633,True,15.79,19.05,1.15,TRAIL_SL,75,15.7901,0.2,0.209474,0.0006,-10.53,3.2253,4.8619,-2.106,0.0,1.1193,1.1193,72.76,50.0,22.76,10.3687,65
short,2017-04-26 14:50:00+05:30,2017-04-26 15:00:00+05:30,9324.85,9334.072013497083,9334.072013497083,9334.072013497083,False,-9.22,0.3,23.65,STOP_LOSS,10,9.222,-0.2,-0.194467,0.0006,-10.53,-1.8214,1.6584,-0.2808,0.0,-2.1022,-2.1022,-136.65,50.0,-186.65,-1.4011,65
short,2017-04-28 10:25:00+05:30,2017-04-28 13:35:00+05:30,9304.35,9309.970437225638,9309.970437225638,9309.970437225638,False,-5.62,21.85,13.75,STOP_LOSS,190,5.6204,-0.2,-0.196628,0.0006,-10.53,-1.1156,0.616,-5.3352,0.0,-6.4508,-6.4508,-419.3,50.0,-469.3,-25.6863,65
long,2017-05-02 10:15:00+05:30,2017-05-02 10:30:00+05:30,9340.95,9332.9737205801,9332.9737205801,9332.9737205801,False,-7.98,0.0,9.3,STOP_LOSS,15,-7.9763,0.2,0.195214,0.0006,-10.53,-1.5781,1.2406,-0.4212,0.0,-1.9993,-1.9993,-129.95,50.0,-179.95,2.0994,65
long,2017-05-03 09:40:00+05:30,2017-05-03 11:15:00+05:30,9326.35,9316.11286974779,9316.11286974779,9316.11286974779,False,-10.24,6.85,13.15,STOP_LOSS,95,-10.2371,0.2,0.193858,0.0006,-10.53,-2.0191,2.0436,-2.6676,0.0,-4.6867,-4.6867,-304.64,50.0,-354.64,13.0813,65
long,2017-05-04 10:05:00+05:30,2017-05-04 11:55:00+05:30,9345.6,9336.005583597384,9336.005583597384,9336.005583597384,False,-9.59,6.25,11.4,STOP_LOSS,110,-9.5944,0.2,0.194243,0.0006,-10.53,-1.894,1.795,-3.0888,0.0,-4.9828,-4.9828,-323.88,50.0,-373.88,15.1019,65
long,2017-05-04 14:30:00+05:30,2017-05-04 15:15:00+05:30,9356.45,9362.25,9348.153519014988,9348.153519014988,False,5.8,6.0,9.6,SOFT_EOD_EXIT,45,5.8,0.2,0.20348,0.0006,-10.53,1.1691,0.656,-1.2636,0.0,-0.0945,-0.0945,-6.14,50.0,-56.14,6.2592,65
short,2017-05-05 10:05:00+05:30,2017-05-05 12:05:00+05:30,9324.25,9295.86025731101,9330.655965849845,9295.86025731101,True,28.39,41.55,3.75,TRAIL_SL,120,-28.3897,-0.2,-0.217034,0.0006,-10.53,5.8956,15.7166,-3.3696,0.0,2.526,2.526,164.19,50.0,114.19,-16.4425,65
long,2017-05-11 09:45:00+05:30,2017-05-11 11:40:00+05:30,9428.9,9446.031376590921,9419.556900757927,9446.031376590921,True,17.13,21.4,0.1,TRAIL_SL,115,17.1314,0.2,0.210279,0.0006,-10.53,3.5055,5.7229,-3.2292,0.0,0.2763,0.2763,17.96,50.0,-32.04,15.7728,65
short,2017-05-12 10:00:00+05:30,2017-05-12 15:15:00+05:30,9401.4,9403.05,9409.23341501427,9409.23341501427,False,-1.65,28.8,7.5,SOFT_EOD_EXIT,315,1.65,-0.2,-0.19901,0.0006,-10.53,-0.3293,0.0531,-8.8452,0.0,-9.1745,-9.1745,-596.34,50.0,-646.34,-41.6268,65
long,2017-05-16 10:00:00+05:30,2017-05-16 10:35:00+05:30,9477.65,9469.164232310743,9469.164232310743,9469.164232310743,False,-8.49,1.1,11.45,STOP_LOSS,35,-8.4858,0.2,0.194909,0.0006,-10.53,-1.6777,1.4042,-0.9828,0.0,-2.6605,-2.6605,-172.93,50.0,-222.93,4.8783,65
long,2017-05-16 14:45:00+05:30,2017-05-16 15:15:00+05:30,9505.95,9510.95,9498.138551811851,9498.138551811851,False,5.0,9.5,4.15,SOFT_EOD_EXIT,30,5.0,0.2,0.203,0.0006,-10.53,1.0067,0.4875,-0.8424,0.0,0.1643,0.1643,10.68,50.0,-39.32,4.1857,65
short,2017-05-23 10:05:00+05:30,2017-05-23 13:00:00+05:30,9394.95,9404.471531879539,9404.471531879539,9404.471531879539,False,-9.52,15.3,17.3,STOP_LOSS,175,9.5215,-0.2,-0.194287,0.0006,-10.53,-1.8798,1.7679,-4.914,0.0,-6.7938,-6.7938,-441.6,50.0,-491.6,-23.7256,65
short,2017-05-24 14:30:00+05:30,2017-05-24 15:15:00+05:30,9363.3,9361.35,9371.828648287974,9371.828648287974,False,1.95,21.4,3.25,SOFT_EOD_EXIT,45,-1.95,-0.2,-0.20117,0.0006,-10.53,0.391,0.0741,-1.2636,0.0,-0.8726,-0.8726,-56.72,50.0,-106.72,-6.2592,65
long,2017-05-26 10:25:00+05:30,2017-05-26 11:50:00+05:30,9539.75,9560.752244067688,9528.179593042656,9560.752244067688,True,21.0,29.2,1.75,TRAIL_SL,85,21.0022,0.2,0.212601,0.0006,-10.53,4.3195,8.6013,-2.3868,0.0,1.9327,1.9327,125.63,50.0,75.63,11.7277,65
long,2017-05-29 09:35:00+05:30,2017-05-29 10:10:00+05:30,9596.55,9578.011863323423,9578.011863323423,9578.011863323423,False,-18.54,25.6,32.85,STOP_LOSS,35,-18.5381,0.2,0.188877,0.0006,-10.53,-3.6148,6.7014,-0.9828,0.0,-4.5976,-4.5976,-298.85,50.0,-348.85,4.8783,65
long,2017-05-29 14:30:00+05:30,2017-05-29 15:00:00+05:30,9621.95,9610.61197731529,9610.61197731529,9610.61197731529,False,-11.34,3.05,25.65,STOP_LOSS,30,-11.338,0.2,0.193197,0.0006,-10.53,-2.2329,2.5067,-0.8424,0.0,-3.0753,-3.0753,-199.89,50.0,-249.89,4.1857,65
short,2017-06-01 09:35:00+05:30,2017-06-01 10:25:00+05:30,9618.85,9626.92683173892,9626.92683173892,9626.92683173892,False,-8.08,8.8,15.75,STOP_LOSS,50,8.0768,-0.2,-0.195154,0.0006,-10.53,-1.5978,1.2721,-1.404,0.0,-3.0018,-3.0018,-195.11,50.0,-245.11,-6.9476,65
long,2017-06-02 09:45:00+05:30,2017-06-02 15:15:00+05:30,9644.35,9654.45,9631.030216586903,9631.030216586903,False,10.1,17.85,6.7,SOFT_EOD_EXIT,330,10.1,0.2,0.20606,0.0006,-10.53,2.0475,1.9892,-9.2664,0.0,-7.2189,-7.2189,-469.23,50.0,-519.23,43.4944,65
short,2017-06-09 09:30:00+05:30,2017-06-09 14:15:00+05:30,9637.5,9645.118832494405,9645.118832494405,9645.118832494405,False,-7.62,29.2,10.5,STOP_LOSS,285,7.6188,-0.2,-0.195429,0.0006,-10.53,-1.5081,1.1319,-8.0028,0.0,-9.5109,-9.5109,-618.21,50.0,-668.21,-37.8635,65
short,2017-06-14 09:30:00+05:30,2017-06-14 14:30:00+05:30,9609.2,9616.52249134479,9616.52249134479,9616.52249134479,False,-7.32,28.55,13.25,STOP_LOSS,300,7.3225,-0.2,-0.195607,0.0006,-10.53,-1.45,1.0456,-8.424,0.0,-9.874,-9.874,-641.81,50.0,-691.81,-39.7499,65
long,2017-06-19 10:00:00+05:30,2017-06-19 14:05:00+05:30,9619.95,9651.09457468334,9609.564924253087,9651.09457468334,True,31.14,37.4,2.35,TRAIL_SL,245,31.1446,0.2,0.218687,0.0006,-10.53,6.4908,18.9147,-6.8796,0.0,-0.3888,-0.3888,-25.27,50.0,-75.27,32.7857,65
long,2017-06-19 14:50:00+05:30,2017-06-19 15:15:00+05:30,9659.45,9656.9,9652.08182183692,9652.08182183692,False,-2.55,3.8,5.3,SOFT_EOD_EXIT,25,-2.55,0.2,0.19847,0.0006,-10.53,-0.5082,0.1268,-0.702,0.0,-1.2102,-1.2102,-78.67,50.0,-128.67,3.4917,65
long,2017-06-20 09:35:00+05:30,2017-06-20 12:50:00+05:30,9664.85,9655.54912759946,9655.54912759946,9655.54912759946,False,-9.3,11.6,14.05,STOP_LOSS,195,-9.3009,0.2,0.194419,0.0006,-10.53,-1.8368,1.6869,-5.4756,0.0,-7.3124,-7.3124,-475.31,50.0,-525.31,26.3375,65
short,2017-06-21 10:05:00+05:30,2017-06-21 14:10:00+05:30,9622.5,9627.29380260049,9627.29380260049,9627.29380260049,False,-4.79,13.8,13.3,STOP_LOSS,245,4.7938,-0.2,-0.197124,0.0006,-10.53,-0.9526,0.4481,-6.8796,0.0,-7.8322,-7.8322,-509.09,50.0,-559.09,-32.7857,65
long,2017-06-22 10:25:00+05:30,2017-06-22 11:45:00+05:30,9665.85,9692.310236092066,9660.471749444081,9692.310236092066,True,26.46,32.75,0.3,TRAIL_SL,80,26.4602,0.2,0.215876,0.0006,-10.53,5.4811,13.6528,-2.2464,0.0,3.2347,3.2347,210.25,50.0,160.25,11.0489,65
short,2017-06-23 10:10:00+05:30,2017-06-23 11:55:00+05:30,9598.8,9573.691960727052,9606.669354581216,9573.691960727052,True,25.11,33.45,8.55,TRAIL_SL,105,-25.108,-0.2,-0.215065,0.0006,-10.53,5.1918,12.2931,-2.9484,0.0,2.2434,2.2434,145.82,50.0,95.82,-14.4297,65
short,2017-06-27 14:35:00+05:30,2017-06-27 14:50:00+05:30,9486.0,9492.922909064933,9492.922909064933,9492.922909064933,False,-6.92,2.55,13.9,STOP_LOSS,15,6.9229,-0.2,-0.195846,0.0006,-10.53,-1.3716,0.9346,-0.4212,0.0,-1.7928,-1.7928,-116.53,50.0,-166.53,-2.0994,65
short,2017-06-30 10:00:00+05:30,2017-06-30 10:15:00+05:30,9466.15,9473.544610317878,9473.544610317878,9473.544610317878,False,-7.39,0.0,16.75,STOP_LOSS,15,7.3946,-0.2,-0.195563,0.0006,-10.53,-1.4642,1.0663,-0.4212,0.0,-1.8854,-1.8854,-122.55,50.0,-172.55,-2.0994,65
long,2017-07-04 14:45:00+05:30,2017-07-04 15:00:00+05:30,9634.65,9627.932970563672,9627.932970563672,9627.932970563672,False,-6.72,5.0,12.65,STOP_LOSS,15,-6.717,0.2,0.19597,0.0006,-10.53,-1.3312,0.8798,-0.4212,0.0,-1.7524,-1.7524,-113.91,50.0,-163.91,2.0994,65
long,2017-07-06 14:35:00+05:30,2017-07-06 15:00:00+05:30,9694.9,9688.964253890195,9688.964253890195,9688.964253890195,False,-5.94,5.7,16.55,STOP_LOSS,25,-5.9357,0.2,0.196439,0.0006,-10.53,-1.1776,0.687,-0.702,0.0,-1.8796,-1.8796,-122.18,50.0,-172.18,3.4917,65
short,2017-07-07 10:20:00+05:30,2017-07-07 11:55:00+05:30,9653.35,9658.569030873594,9658.569030873594,9658.569030873594,False,-5.22,4.1,9.05,STOP_LOSS,95,5.219,-0.2,-0.196869,0.0006,-10.53,-1.0365,0.5311,-2.6676,0.0,-3.7041,-3.7041,-240.76,50.0,-290.76,-13.0813,65
long,2017-07-10 14:55:00+05:30,2017-07-10 15:15:00+05:30,9775.3,9769.2,9767.768190318935,9767.768190318935,False,-6.1,2.85,9.5,SOFT_EOD_EXIT,20,-6.1,0.2,0.19634,0.0006,-10.53,-1.21,0.7256,-0.5616,0.0,-1.7716,-1.7716,-115.15,50.0,-165.15,2.7963,65
long,2017-07-11 10:10:00+05:30,2017-07-11 12:55:00+05:30,9801.85,9826.445158006643,9792.370534975913,9826.445158006643,True,24.6,28.0,8.4,TRAIL_SL,165,24.5952,0.2,0.214757,0.0006,-10.53,5.0824,11.796,-4.6332,0.0,0.4492,0.4492,29.2,50.0,-20.8,22.4125,65
long,2017-07-17 09:40:00+05:30,2017-07-17 11:00:00+05:30,9898.8,9915.790338093573,9888.138681014012,9915.790338093573,True,16.99,21.5,0.35,TRAIL_SL,80,16.9903,0.2,0.210194,0.0006,-10.53,3.476,5.6291,-2.2464,0.0,1.2296,1.2296,79.92,50.0,29.92,11.0489,65
short,2017-07-18 09:50:00+05:30,2017-07-18 11:10:00+05:30,9880.35,9846.605610032413,9889.478988042292,9846.605610032413,True,33.74,37.95,3.6,TRAIL_SL,80,-33.7444,-0.2,-0.220247,0.0006,-10.53,7.0563,22.2043,-2.2464,0.0,4.8099,4.8099,312.64,50.0,262.64,-11.0489,65
long,2017-07-20 09:30:00+05:30,2017-07-20 10:10:00+05:30,9906.75,9897.136703467255,9897.136703467255,9897.136703467255,False,-9.61,3.7,12.8,STOP_LOSS,40,-9.6133,0.2,0.194232,0.0006,-10.53,-1.8977,1.8021,-1.1232,0.0,-3.0209,-3.0209,-196.36,50.0,-246.36,5.5695,65
long,2017-07-21 10:25:00+05:30,2017-07-21 11:50:00+05:30,9909.2,9901.540853706661,9901.540853706661,9901.540853706661,False,-7.66,6.45,17.5,STOP_LOSS,85,-7.6591,0.2,0.195405,0.0006,-10.53,-1.516,1.1439,-2.3868,0.0,-3.9028,-3.9028,-253.68,50.0,-303.68,11.7277,65
long,2017-07-26 10:05:00+05:30,2017-07-26 12:40:00+05:30,9983.55,10006.389401346001,9976.594297787075,10006.389401346001,True,22.84,27.2,2.85,TRAIL_SL,155,22.8394,0.2,0.213704,0.0006,-10.53,4.7087,10.1719,-4.3524,0.0,0.3563,0.3563,23.16,50.0,-26.84,21.0945,65
short,2017-07-28 10:00:00+05:30,2017-07-28 13:40:00+05:30,9985.95,9956.108570310318,9995.046869586617,9956.108570310318,True,29.84,41.2,13.25,TRAIL_SL,220,-29.8414,-0.2,-0.217905,0.0006,-10.53,6.2087,17.365,-6.1776,0.0,0.0311,0.0311,2.02,50.0,-47.98,-29.5759,65
long,2017-08-01 09:35:00+05:30,2017-08-01 11:15:00+05:30,10083.35,10071.810744172299,10071.810744172299,10071.810744172299,False,-11.54,18.2,16.35,STOP_LOSS,100,-11.5393,0.2,0.193076,0.0006,-10.53,-2.2719,2.5965,-2.808,0.0,-5.0799,-5.0799,-330.19,50.0,-380.19,13.7562,65
long,2017-08-02 09:30:00+05:30,2017-08-02 10:35:00+05:30,10114.8,10103.052694951753,10103.052694951753,10103.052694951753,False,-11.75,1.7,16.7,STOP_LOSS,65,-11.7473,0.2,0.192952,0.0006,-10.53,-2.3122,2.691,-1.8252,0.0,-4.1374,-4.1374,-268.93,50.0,-318.93,9.0044,65
long,2017-08-07 09:35:00+05:30,2017-08-07 09:50:00+05:30,10076.35,10064.66789938717,10064.66789938717,10064.66789938717,False,-11.68,0.35,18.4,STOP_LOSS,15,-11.6821,0.2,0.192991,0.0006,-10.53,-2.2996,2.6612,-0.4212,0.0,-2.7208,-2.7208,-176.85,50.0,-226.85,2.0994,65
short,2017-08-09 09:35:00+05:30,2017-08-09 10:20:00+05:30,9952.9,9962.91316306205,9962.91316306205,9962.91316306205,False,-10.01,9.25,16.3,STOP_LOSS,45,10.0132,-0.2,-0.193992,0.0006,-10.53,-1.9756,1.9551,-1.2636,0.0,-3.2392,-3.2392,-210.55,50.0,-260.55,-6.2592,65
short,2017-08-10 09:55:00+05:30,2017-08-10 11:05:00+05:30,9868.75,9879.319155866275,9879.319155866275,9879.319155866275,False,-10.57,20.2,22.95,STOP_LOSS,70,10.5692,-0.2,-0.193659,0.0006,-10.53,-2.0837,2.1783,-1.9656,0.0,-4.0493,-4.0493,-263.2,50.0,-313.2,-9.6872,65
short,2017-08-11 10:10:00+05:30,2017-08-11 10:25:00+05:30,9731.4,9744.332888645022,9744.332888645022,9744.332888645022,False,-12.93,2.4,18.85,STOP_LOSS,15,12.9329,-0.2,-0.19224,0.0006,-10.53,-2.5414,3.2616,-0.4212,0.0,-2.9626,-2.9626,-192.57,50.0,-242.57,-2.0994,65
short,2017-08-11 14:30:00+05:30,2017-08-11 15:10:00+05:30,9705.8,9716.168654100971,9716.168654100971,9716.168654100971,False,-10.37,20.1,15.45,STOP_LOSS,40,10.3687,-0.2,-0.193779,0.0006,-10.53,-2.0447,2.0964,-1.1232,0.0,-3.1679,-3.1679,-205.91,50.0,-255.91,-5.5695,65
short,2017-08-16 10:00:00+05:30,2017-08-16 10:30:00+05:30,9787.95,9797.020851592368,9797.020851592368,9797.020851592368,False,-9.07,8.6,13.75,STOP_LOSS,30,9.0709,-0.2,-0.194557,0.0006,-10.53,-1.792,1.6045,-0.8424,0.0,-2.6344,-2.6344,-171.23,50.0,-221.23,-4.1857,65
long,2017-08-17 09:55:00+05:30,2017-08-17 11:05:00+05:30,9923.55,9910.820942972627,9910.820942972627,9910.820942972627,False,-12.73,16.35,23.25,STOP_LOSS,70,-12.7291,0.2,0.192363,0.0006,-10.53,-2.5021,3.1596,-1.9656,0.0,-4.4677,-4.4677,-290.4,50.0,-340.4,9.6872,65
short,2017-08-18 10:00:00+05:30,2017-08-18 13:05:00+05:30,9850.0,9813.388847809589,9861.350611632652,9813.388847809589,True,36.61,49.25,4.95,TRAIL_SL,185,-36.6112,-0.2,-0.221967,0.0006,-10.53,7.6841,26.1373,-5.1948,0.0,2.4893,2.4893,161.81,50.0,111.81,-25.034,65
long,2017-08-24 09:55:00+05:30,2017-08-24 15:15:00+05:30,9860.9,9861.0,9848.804011964688,9848.804011964688,False,0.1,18.45,11.2,SOFT_EOD_EXIT,320,0.1,0.2,0.20006,0.0006,-10.53,0.02,0.0002,-8.9856,0.0,-8.9656,-8.9656,-582.76,50.0,-632.76,42.2504,65
short,2017-08-29 14:40:00+05:30,2017-08-29 15:15:00+05:30,9795.3,9793.0,9801.02619143823,9801.02619143823,False,2.3,7.75,6.3,SOFT_EOD_EXIT,35,-2.3,-0.2,-0.20138,0.0006,-10.53,0.4614,0.1032,-0.9828,0.0,-0.5214,-0.5214,-33.89,50.0,-83.89,-4.8783,65
long,2017-08-31 14:55:00+05:30,2017-08-31 15:25:00+05:30,9895.85,9916.859011552444,9886.655082444066,9916.859011552444,True,21.01,28.95,0.0,TRAIL_SL,30,21.009,0.2,0.212605,0.0006,-10.53,4.321,8.6069,-0.8424,0.0,3.4786,3.4786,226.11,50.0,176.11,4.1857,65
long,2017-09-05 14:50:00+05:30,2017-09-05 15:15:00+05:30,9950.95,9954.2,9942.698546226578,9942.698546226578,False,3.25,12.1,1.05,SOFT_EOD_EXIT,25,3.25,0.2,0.20195,0.0006,-10.53,0.6529,0.206,-0.702,0.0,-0.0491,-0.0491,-3.19,50.0,-53.19,3.4917,65
short,2017-09-06 10:15:00+05:30,2017-09-06 11:30:00+05:30,9901.95,9908.14497226723,9908.14497226723,9908.14497226723,False,-6.19,9.75,9.85,STOP_LOSS,75,6.195,-0.2,-0.196283,0.0006,-10.53,-1.2286,0.7484,-2.106,0.0,-3.3346,-3.3346,-216.75,50.0,-266.75,-10.3687,65
long,2017-09-07 09:35:00+05:30,2017-09-07 12:00:00+05:30,9941.25,9928.732671957136,9928.732671957136,9928.732671957136,False,-12.52,10.75,14.55,STOP_LOSS,145,-12.5173,0.2,0.19249,0.0006,-10.53,-2.4612,3.0553,-4.0716,0.0,-6.5328,-6.5328,-424.63,50.0,-474.63,19.7716,65
long,2017-09-12 09:45:00+05:30,2017-09-12 11:20:00+05:30,10032.35,10055.97186385922,10021.12551387461,10055.97186385922,True,23.62,27.85,4.15,TRAIL_SL,95,23.6219,0.2,0.214173,0.0006,-10.53,4.875,10.8809,-2.6676,0.0,2.2074,2.2074,143.48,50.0,93.48,13.0813,65
long,2017-09-13 10:20:00+05:30,2017-09-13 11:20:00+05:30,10111.75,10104.175167387837,10104.175167387837,10104.175167387837,False,-7.57,3.7,9.95,STOP_LOSS,60,-7.5748,0.2,0.195455,0.0006,-10.53,-1.4995,1.1189,-1.6848,0.0,-3.1843,-3.1843,-206.98,50.0,-256.98,8.3202,65
short,2017-09-15 10:15:00+05:30,2017-09-15 14:30:00+05:30,10065.1,10072.294610164521,10072.294610164521,10072.294610164521,False,-7.19,21.4,30.2,STOP_LOSS,255,7.1946,-0.2,-0.195683,0.0006,-10.53,-1.4249,1.0094,-7.1604,0.0,-8.5853,-8.5853,-558.05,50.0,-608.05,-34.0617,65
long,2017-09-18 10:15:00+05:30,2017-09-18 15:15:00+05:30,10156.05,10152.85,10146.680088705501,10146.680088705501,False,-3.2,15.45,10.1,SOFT_EOD_EXIT,300,-3.2,0.2,0.19808,0.0006,-10.53,-0.6372,0.1997,-8.424,0.0,-9.0612,-9.0612,-588.98,50.0,-638.98,39.7499,65
short,2017-09-22 14:45:00+05:30,2017-09-22 15:15:00+05:30,9977.65,9959.7,9984.413043999553,9984.413043999553,False,17.95,20.7,6.65,SOFT_EOD_EXIT,30,-17.95,-0.2,-0.21077,0.0006,-10.53,3.677,6.2829,-0.8424,0.0,2.8346,2.8346,184.25,50.0,134.25,-4.1857,65
short,2017-09-28 09:40:00+05:30,2017-09-28 09:45:00+05:30,9713.05,9725.204147390126,9725.204147390126,9725.204147390126,False,-12.15,1.1,17.6,STOP_LOSS,5,12.1541,-0.2,-0.192708,0.0006,-10.53,-2.3909,2.8806,-0.1404,0.0,-2.5313,-2.5313,-164.54,50.0,-214.54,-0.7013,65
short,2017-09-28 09:55:00+05:30,2017-09-28 10:05:00+05:30,9726.25,9738.659810908477,9738.659810908477,9738.659810908477,False,-12.41,2.85,22.45,STOP_LOSS,10,12.4098,-0.2,-0.192554,0.0006,-10.53,-2.4404,3.0031,-0.2808,0.0,-2.7212,-2.7212,-176.88,50.0,-226.88,-1.4011,65
long,2017-10-03 10:00:00+05:30,2017-10-03 11:25:00+05:30,9847.3,9864.313693505885,9829.372140592899,9864.313693505885,True,17.01,22.5,16.15,TRAIL_SL,85,17.0137,0.2,0.210208,0.0006,-10.53,3.4809,5.6446,-2.3868,0.0,1.0941,1.0941,71.12,50.0,21.12,11.7277,65
long,2017-10-09 10:10:00+05:30,2017-10-09 11:10:00+05:30,10002.45,9991.454227062795,9991.454227062795,9991.454227062795,False,-11.0,9.05,14.45,STOP_LOSS,60,-10.9958,0.2,0.193403,0.0006,-10.53,-2.1665,2.3577,-1.6848,0.0,-3.8513,-3.8513,-250.34,50.0,-300.34,8.3202,65
long,2017-10-10 09:35:00+05:30,2017-10-10 11:20:00+05:30,10007.3,10028.162233756993,9996.961536918447,10028.162233756993,True,20.86,26.6,4.65,TRAIL_SL,105,20.8622,0.2,0.212517,0.0006,-10.53,4.29,8.487,-2.9484,0.0,1.3416,1.3416,87.2,50.0,37.2,14.4297,65
long,2017-10-11 10:20:00+05:30,2017-10-11 13:15:00+05:30,10059.4,10051.339975251121,10051.339975251121,10051.339975251121,False,-8.06,7.2,17.65,STOP_LOSS,175,-8.06,0.2,0.195164,0.0006,-10.53,-1.5945,1.2668,-4.914,0.0,-6.5085,-6.5085,-423.05,50.0,-473.05,23.7256,65
short,2017-10-11 14:40:00+05:30,2017-10-11 15:15:00+05:30,9990.25,9978.6,10001.928499892132,10001.928499892132,False,11.65,13.25,10.65,SOFT_EOD_EXIT,35,-11.65,-0.2,-0.20699,0.0006,-10.53,2.3666,2.6466,-0.9828,0.0,1.3838,1.3838,89.95,50.0,39.95,-4.8783,65
long,2017-10-13 10:15:00+05:30,2017-10-13 11:10:00+05:30,10144.2,10162.063408667424,10133.622595885385,10162.063408667424,True,17.86,24.1,0.95,TRAIL_SL,55,17.8634,0.2,0.210718,0.0006,-10.53,3.6588,6.2225,-1.5444,0.0,2.1144,2.1144,137.44,50.0,87.44,7.6346,65
long,2017-10-16 09:50:00+05:30,2017-10-16 10:45:00+05:30,10222.8,10208.849837519243,10208.849837519243,10208.849837519243,False,-13.95,10.75,27.7,STOP_LOSS,55,-13.9502,0.2,0.19163,0.0006,-10.53,-2.7375,3.7948,-1.5444,0.0,-4.2819,-4.2819,-278.32,50.0,-328.32,7.6346,65
long,2017-10-16 14:30:00+05:30,2017-10-16 15:15:00+05:30,10221.9,10231.55,10213.348884209816,10213.348884209816,False,9.65,17.55,2.0,SOFT_EOD_EXIT,45,9.65,0.2,0.20579,0.0006,-10.53,1.9551,1.8159,-1.2636,0.0,0.6915,0.6915,44.95,50.0,-5.05,6.2592,65
long,2017-10-18 14:30:00+05:30,2017-10-18 15:05:00+05:30,10223.75,10213.617845599245,10213.617845599245,10213.617845599245,False,-10.13,3.9,19.9,STOP_LOSS,35,-10.1322,0.2,0.193921,0.0006,-10.53,-1.9987,2.0019,-0.9828,0.0,-2.9815,-2.9815,-193.8,50.0,-243.8,4.8783,65
short,2017-10-23 10:25:00+05:30,2017-10-23 10:50:00+05:30,10173.6,10182.148317076833,10182.148317076833,10182.148317076833,False,-8.55,4.25,13.25,STOP_LOSS,25,8.5483,-0.2,-0.194871,0.0006,-10.53,-1.6899,1.4249,-0.702,0.0,-2.3919,-2.3919,-155.48,50.0,-205.48,-3.4917,65
long,2017-10-25 09:45:00+05:30,2017-10-25 13:00:00+05:30,10256.05,10276.501019705624,10233.135610324085,10276.501019705624,True,20.45,26.6,14.8,TRAIL_SL,195,20.451,0.2,0.212271,0.0006,-10.53,4.2031,8.1558,-5.4756,0.0,-1.2725,-1.2725,-82.71,50.0,-132.71,26.3375,65
long,2017-10-25 14:30:00+05:30,2017-10-25 15:15:00+05:30,10301.1,10297.95,10290.859876541574,10290.859876541574,False,-3.15,2.55,12.45,SOFT_EOD_EXIT,45,-3.15,0.2,0.19811,0.0006,-10.53,-0.6273,0.1935,-1.2636,0.0,-1.8909,-1.8909,-122.91,50.0,-172.91,6.2592,65
long,2017-10-27 09:30:00+05:30,2017-10-27 15:05:00+05:30,10341.85,10325.116128925745,10325.116128925745,10325.116128925745,False,-16.73,18.05,22.0,STOP_LOSS,335,-16.7339,0.2,0.18996,0.0006,-10.53,-3.2712,5.4604,-9.4068,0.0,-12.678,-12.678,-824.07,50.0,-874.07,44.1148,65
long,2017-10-30 10:10:00+05:30,2017-10-30 12:30:00+05:30,10373.6,10362.618494937702,10362.618494937702,10362.618494937702,False,-10.98,5.15,16.95,STOP_LOSS,140,-10.9815,0.2,0.193411,0.0006,-10.53,-2.1637,2.3516,-3.9312,0.0,-6.0949,-6.0949,-396.17,50.0,-446.17,19.1083,65
short,2017-11-06 10:00:00+05:30,2017-11-06 10:20:00+05:30,10430.15,10437.96914403159,10437.96914403159,10437.96914403159,False,-7.82,6.95,9.5,STOP_LOSS,20,7.8191,-0.2,-0.195309,0.0006,-10.53,-1.5473,1.1922,-0.5616,0.0,-2.1089,-2.1089,-137.08,50.0,-187.08,-2.7963,65
short,2017-11-07 14:40:00+05:30,2017-11-07 14:50:00+05:30,10354.85,10363.097477112779,10363.097477112779,10363.097477112779,False,-8.25,0.0,17.25,STOP_LOSS,10,8.2475,-0.2,-0.195052,0.0006,-10.53,-1.6311,1.3264,-0.2808,0.0,-1.9119,-1.9119,-124.28,50.0,-174.28,-1.4011,65
short,2017-11-08 10:15:00+05:30,2017-11-08 10:40:00+05:30,10350.4,10359.432818968879,10359.432818968879,10359.432818968879,False,-9.03,0.0,18.1,STOP_LOSS,25,9.0328,-0.2,-0.19458,0.0006,-10.53,-1.7845,1.591,-0.702,0.0,-2.4865,-2.4865,-161.62,50.0,-211.62,-3.4917,65
short,2017-11-13 10:15:00+05:30,2017-11-13 14:10:00+05:30,10290.65,10260.624601317042,10300.10757682271,10260.624601317042,True,30.03,38.1,0.1,TRAIL_SL,235,-30.0254,-0.2,-0.218015,0.0006,-10.53,6.2485,17.5797,-6.5988,0.0,-0.3503,-0.3503,-22.77,50.0,-72.77,-31.5051,65
short,2017-11-13 14:35:00+05:30,2017-11-13 14:45:00+05:30,10261.2,10266.07692082837,10266.07692082837,10266.07692082837,False,-4.88,4.3,9.5,STOP_LOSS,10,4.8769,-0.2,-0.197074,0.0006,-10.53,-0.969,0.4638,-0.2808,0.0,-1.2498,-1.2498,-81.23,50.0,-131.23,-1.4011,65
short,2017-11-14 09:30:00+05:30,2017-11-14 10:10:00+05:30,10230.75,10205.091428499301,10240.43493863843,10205.091428499301,True,25.66,32.85,3.1,TRAIL_SL,40,-25.6586,-0.2,-0.215395,0.0006,-10.53,5.3095,12.8381,-1.1232,0.0,4.1863,4.1863,272.11,50.0,222.11,-5.5695,65
short,2017-11-15 10:05:00+05:30,2017-11-15 10:15:00+05:30,10160.2,10166.862882957497,10166.862882957497,10166.862882957497,False,-6.66,1.25,12.7,STOP_LOSS,10,6.6629,-0.2,-0.196002,0.0006,-10.53,-1.3206,0.8657,-0.2808,0.0,-1.6014,-1.6014,-104.09,50.0,-154.09,-1.4011,65
long,2017-11-17 10:10:00+05:30,2017-11-17 13:00:00+05:30,10322.05,10309.217167635914,10309.217167635914,10309.217167635914,False,-12.83,11.55,14.1,STOP_LOSS,170,-12.8328,0.2,0.1923,0.0006,-10.53,-2.5221,3.2113,-4.7736,0.0,-7.2957,-7.2957,-474.22,50.0,-524.22,23.0697,65
short,2017-11-20 10:05:00+05:30,2017-11-20 11:35:00+05:30,10277.6,10286.048340196956,10286.048340196956,10286.048340196956,False,-8.45,13.1,10.95,STOP_LOSS,90,8.4483,-0.2,-0.194931,0.0006,-10.53,-1.6704,1.3918,-2.5272,0.0,-4.1976,-4.1976,-272.84,50.0,-322.84,-12.4052,65
short,2017-11-21 14:50:00+05:30,2017-11-21 15:15:00+05:30,10330.85,10326.5,10336.799997921125,10336.799997921125,False,4.35,9.1,3.4,SOFT_EOD_EXIT,25,-4.35,-0.2,-0.20261,0.0006,-10.53,0.8751,0.369,-0.702,0.0,0.1731,0.1731,11.25,50.0,-38.75,-3.4917,65
long,2017-11-22 09:40:00+05:30,2017-11-22 10:00:00+05:30,10349.2,10337.227467149834,10337.227467149834,10337.227467149834,False,-11.97,7.15,15.15,STOP_LOSS,20,-11.9725,0.2,0.192816,0.0006,-10.53,-2.3558,2.7952,-0.5616,0.0,-2.9174,-2.9174,-189.63,50.0,-239.63,2.7963,65
long,2017-11-24 10:20:00+05:30,2017-11-24 15:15:00+05:30,10382.6,10389.1,10374.115513942945,10374.115513942945,False,6.5,21.85,6.2,SOFT_EOD_EXIT,295,6.5,0.2,0.2039,0.0006,-10.53,1.3114,0.8239,-8.2836,0.0,-6.9722,-6.9722,-453.19,50.0,-503.19,39.1222,65
short,2017-11-27 10:10:00+05:30,2017-11-27 14:05:00+05:30,10361.6,10367.806136163405,10367.806136163405,10367.806136163405,False,-6.21,21.2,11.45,STOP_LOSS,235,6.2061,-0.2,-0.196276,0.0006,-10.53,-1.2308,0.7511,-6.5988,0.0,-7.8296,-7.8296,-508.93,50.0,-558.93,-31.5051,65
short,2017-11-28 14:55:00+05:30,2017-11-28 15:15:00+05:30,10369.5,10369.25,10375.331927785115,10375.331927785115,False,0.25,4.8,6.65,SOFT_EOD_EXIT,20,-0.25,-0.2,-0.20015,0.0006,-10.53,0.05,0.0012,-0.5616,0.0,-0.5116,-0.5116,-33.25,50.0,-83.25,-2.7963,65
short,2017-12-01 10:00:00+05:30,2017-12-01 10:20:00+05:30,10244.8,10253.945992603105,10253.945992603105,10253.945992603105,False,-9.15,0.4,11.45,STOP_LOSS,20,9.146,-0.2,-0.194512,0.0006,-10.53,-1.8066,1.6312,-0.5616,0.0,-2.3682,-2.3682,-153.93,50.0,-203.93,-2.7963,65
short,2017-12-04 09:35:00+05:30,2017-12-04 09:45:00+05:30,10120.8,10135.937749491908,10135.937749491908,10135.937749491908,False,-15.14,1.95,18.3,STOP_LOSS,10,15.1377,-0.2,-0.190917,0.0006,-10.53,-2.9657,4.4685,-0.2808,0.0,-3.2465,-3.2465,-211.02,50.0,-261.02,-1.4011,65
short,2017-12-04 09:55:00+05:30,2017-12-04 10:25:00+05:30,10124.6,10138.138162730636,10138.138162730636,10138.138162730636,False,-13.54,3.25,23.85,STOP_LOSS,30,13.5382,-0.2,-0.191877,0.0006,-10.53,-2.6581,3.574,-0.8424,0.0,-3.5005,-3.5005,-227.54,50.0,-277.54,-4.1857,65
short,2017-12-05 10:05:00+05:30,2017-12-05 10:20:00+05:30,10089.25,10098.968312987887,10098.968312987887,10098.968312987887,False,-9.72,1.75,15.2,STOP_LOSS,15,9.7183,-0.2,-0.194169,0.0006,-10.53,-1.9182,1.8417,-0.4212,0.0,-2.3394,-2.3394,-152.06,50.0,-202.06,-2.0994,65
short,2017-12-06 09:40:00+05:30,2017-12-06 11:55:00+05:30,10101.2,10057.405444691072,10109.738824845599,10057.405444691072,True,43.79,49.35,1.5,TRAIL_SL,135,-43.7946,-0.2,-0.226277,0.0006,-10.53,9.2768,37.4003,-3.7908,0.0,5.486,5.486,356.59,50.0,306.59,-18.4437,65
short,2017-12-06 14:50:00+05:30,2017-12-06 15:15:00+05:30,10056.0,10049.45,10066.265817737867,10066.265817737867,False,6.55,21.95,2.6,SOFT_EOD_EXIT,25,-6.55,-0.2,-0.20393,0.0006,-10.53,1.3216,0.8366,-0.702,0.0,0.6196,0.6196,40.27,50.0,-9.73,-3.4917,65
long,2017-12-07 14:55:00+05:30,2017-12-08 10:35:00+05:30,10143.15,10242.010750650927,10133.05538870484,10242.010750650927,True,98.86,104.65,0.75,TRAIL_SL,1180,98.8608,0.2,0.259316,0.0006,-10.53,22.411,190.5822,-33.1344,0.0,-10.7234,-10.7234,-697.02,50.0,-747.02,137.3673,65
long,2017-12-11 10:10:00+05:30,2017-12-11 10:45:00+05:30,10311.4,10302.425112879837,10302.425112879837,10302.425112879837,False,-8.97,3.25,25.6,STOP_LOSS,35,-8.9749,0.2,0.194615,0.0006,-10.53,-1.7732,1.5707,-0.9828,0.0,-2.756,-2.756,-179.14,50.0,-229.14,4.8783,65
short,2017-12-13 09:30:00+05:30,2017-12-13 10:55:00+05:30,10238.25,10246.55687296047,10246.55687296047,10246.55687296047,False,-8.31,19.75,12.6,STOP_LOSS,85,8.3069,-0.2,-0.195016,0.0006,-10.53,-1.6427,1.3456,-2.3868,0.0,-4.0295,-4.0295,-261.92,50.0,-311.92,-11.7277,65
short,2017-12-14 09:30:00+05:30,2017-12-14 11:40:00+05:30,10201.9,10160.303631064833,10212.286480054263,10160.303631064833,True,41.6,51.25,11.45,TRAIL_SL,130,-41.5964,-0.2,-0.224958,0.0006,-10.53,8.7864,33.74,-3.6504,0.0,5.136,5.136,333.84,50.0,283.84,-17.7779,65
long,2017-12-15 10:15:00+05:30,2017-12-15 10:45:00+05:30,10352.35,10337.516896447114,10337.516896447114,10337.516896447114,False,-14.83,5.2,16.15,STOP_LOSS,30,-14.8331,0.2,0.1911,0.0006,-10.53,-2.9072,4.2904,-0.8424,0.0,-3.7496,-3.7496,-243.72,50.0,-293.72,4.1857,65
long,2017-12-20 09:35:00+05:30,2017-12-20 09:45:00+05:30,10468.15,10454.815697621347,10454.815697621347,10454.815697621347,False,-13.33,0.15,17.35,STOP_LOSS,10,-13.3343,0.2,0.191999,0.0006,-10.53,-2.6189,3.4672,-0.2808,0.0,-2.8997,-2.8997,-188.48,50.0,-238.48,1.4011,65
short,2017-12-21 09:40:00+05:30,2017-12-21 15:15:00+05:30,10454.6,10439.45,10462.566942174759,10462.566942174759,False,15.15,26.05,4.55,SOFT_EOD_EXIT,335,-15.15,-0.2,-0.20909,0.0006,-10.53,3.092,4.4757,-9.4068,0.0,-6.3148,-6.3148,-410.46,50.0,-460.46,-44.1148,65
long,2017-12-26 09:55:00+05:30,2017-12-26 10:30:00+05:30,10499.2,10489.241888771934,10489.241888771934,10489.241888771934,False,-9.96,0.7,14.4,STOP_LOSS,35,-9.9581,0.2,0.194025,0.0006,-10.53,-1.9648,1.9337,-0.9828,0.0,-2.9476,-2.9476,-191.6,50.0,-241.6,4.8783,65
long,2017-12-27 10:10:00+05:30,2017-12-27 14:20:00+05:30,10538.0,10528.946301130049,10528.946301130049,10528.946301130049,False,-9.05,14.25,16.45,STOP_LOSS,250,-9.0537,0.2,0.194568,0.0006,-10.53,-1.7886,1.5984,-7.02,0.0,-8.8086,-8.8086,-572.56,50.0,-622.56,33.4242,65
long,2017-12-28 14:55:00+05:30,2017-12-28 15:00:00+05:30,10521.1,10510.55752735023,10510.55752735023,10510.55752735023,False,-10.54,0.0,25.8,STOP_LOSS,5,-10.5425,0.2,0.193675,0.0006,-10.53,-2.0785,2.1673,-0.1404,0.0,-2.2189,-2.2189,-144.23,50.0,-194.23,0.7013,65
short,2018-01-02 09:30:00+05:30,2018-01-02 10:10:00+05:30,10457.4,10422.639403166791,10471.152176274556,10422.639403166791,True,34.76,47.6,3.7,TRAIL_SL,40,-34.7606,-0.2,-0.220856,0.0006,-10.53,7.2784,23.5618,-1.1232,0.0,6.1552,6.1552,400.09,50.0,350.09,-5.5695,65
long,2018-01-05 10:25:00+05:30,2018-01-05 11:30:00+05:30,10549.5,10540.83210599129,10540.83210599129,10540.83210599129,False,-8.67,3.25,13.85,STOP_LOSS,65,-8.6679,0.2,0.194799,0.0006,-10.53,-1.7133,1.4651,-1.8252,0.0,-3.5385,-3.5385,-230.0,50.0,-280.0,9.0044,65
long,2018-01-12 10:05:00+05:30,2018-01-12 12:10:00+05:30,10679.9,10670.734792810266,10670.734792810266,10670.734792810266,False,-9.17,5.3,17.35,STOP_LOSS,125,-9.1652,0.2,0.194501,0.0006,-10.53,-1.8104,1.638,-3.51,0.0,-5.3204,-5.3204,-345.82,50.0,-395.82,17.1108,65
long,2018-01-12 14:50:00+05:30,2018-01-12 15:15:00+05:30,10666.3,10681.55,10656.633278960988,10656.633278960988,False,15.25,23.7,0.25,SOFT_EOD_EXIT,25,15.25,0.2,0.20915,0.0006,-10.53,3.1128,4.535,-0.702,0.0,2.4108,2.4108,156.7,50.0,106.7,3.4917,65
long,2018-01-18 10:00:00+05:30,2018-01-18 14:20:00+05:30,10864.5,10848.095241560333,10848.095241560333,10848.095241560333,False,-16.4,20.7,27.4,STOP_LOSS,260,-16.4048,0.2,0.190157,0.0006,-10.53,-3.2083,5.2478,-7.3008,0.0,-10.5091,-10.5091,-683.09,50.0,-733.09,34.6981,65
short,2018-01-19 09:35:00+05:30,2018-01-19 10:00:00+05:30,10818.8,10829.530325207812,10829.530325207812,10829.530325207812,False,-10.73,24.75,25.05,STOP_LOSS,25,10.7303,-0.2,-0.193562,0.0006,-10.53,-2.115,2.2452,-0.702,0.0,-2.817,-2.817,-183.1,50.0,-233.1,-3.4917,65
long,2018-01-24 09:35:00+05:30,2018-01-24 09:40:00+05:30,11093.3,11076.649760409606,11076.649760409606,11076.649760409606,False,-16.65,0.55,27.05,STOP_LOSS,5,-16.6502,0.2,0.19001,0.0006,-10.53,-3.2552,5.406,-0.1404,0.0,-3.3956,-3.3956,-220.71,50.0,-270.71,0.7013,65
short,2018-01-29 14:35:00+05:30,2018-01-29 15:15:00+05:30,11138.75,11125.4,11147.987915759011,11147.987915759011,False,13.35,20.15,2.05,SOFT_EOD_EXIT,40,-13.35,-0.2,-0.20801,0.0006,-10.53,2.7181,3.4753,-1.1232,0.0,1.5949,1.5949,103.67,50.0,53.67,-5.5695,65
short,2018-01-30 10:25:00+05:30,2018-01-30 13:40:00+05:30,11059.65,11068.742156140092,11068.742156140092,11068.742156140092,False,-9.09,23.55,10.55,STOP_LOSS,195,9.0922,-0.2,-0.194545,0.0006,-10.53,-1.7961,1.612,-5.4756,0.0,-7.2717,-7.2717,-472.66,50.0,-522.66,-26.3375,65
short,2018-02-05 09:50:00+05:30,2018-02-05 10:05:00+05:30,10654.6,10673.737873440474,10673.737873440474,10673.737873440474,False,-19.14,3.3,31.45,STOP_LOSS,15,19.1379,-0.2,-0.188517,0.0006,-10.53,-3.7287,7.142,-0.4212,0.0,-4.1499,-4.1499,-269.74,50.0,-319.74,-2.0994,65
short,2018-02-05 10:10:00+05:30,2018-02-05 11:20:00+05:30,10673.55,10690.099987226336,10690.099987226336,10690.099987226336,False,-16.55,32.6,21.85,STOP_LOSS,70,16.55,-0.2,-0.19007,0.0006,-10.53,-3.236,5.3411,-1.9656,0.0,-5.2016,-5.2016,-338.11,50.0,-388.11,-9.6872,65
short,2018-02-09 10:05:00+05:30,2018-02-09 11:25:00+05:30,10440.15,10412.491394004795,10456.149781068409,10412.491394004795,True,27.66,39.7,10.2,TRAIL_SL,80,-27.6586,-0.2,-0.216595,0.0006,-10.53,5.7383,14.9175,-2.2464,0.0,3.4919,3.4919,226.97,50.0,176.97,-11.0489,65
long,2018-02-12 14:55:00+05:30,2018-02-12 15:15:00+05:30,10541.0,10531.95,10530.709598364554,10530.709598364554,False,-9.05,13.15,12.75,SOFT_EOD_EXIT,20,-9.05,0.2,0.19457,0.0006,-10.53,-1.7879,1.5971,-0.5616,0.0,-2.3495,-2.3495,-152.72,50.0,-202.72,2.7963,65
short,2018-02-15 14:30:00+05:30,2018-02-15 15:00:00+05:30,10558.6,10535.08135042956,10567.447694412702,10535.08135042956,True,23.52,46.8,4.85,TRAIL_SL,30,-23.5186,-0.2,-0.214111,0.0006,-10.53,4.8531,10.786,-0.8424,0.0,4.0107,4.0107,260.69,50.0,210.69,-4.1857,65
long,2018-02-16 09:50:00+05:30,2018-02-16 10:05:00+05:30,10584.05,10567.954271620394,10567.954271620394,10567.954271620394,False,-16.1,1.4,30.0,STOP_LOSS,15,-16.0957,0.2,0.190343,0.0006,-10.53,-3.1492,5.0519,-0.4212,0.0,-3.5704,-3.5704,-232.08,50.0,-282.08,2.0994,65
short,2018-02-19 10:15:00+05:30,2018-02-19 10:45:00+05:30,10401.85,10414.65477519217,10414.65477519217,10414.65477519217,False,-12.8,9.2,19.15,STOP_LOSS,30,12.8048,-0.2,-0.192317,0.0006,-10.53,-2.5167,3.1973,-0.8424,0.0,-3.3591,-3.3591,-218.34,50.0,-268.34,-4.1857,65
short,2018-02-19 14:30:00+05:30,2018-02-19 14:35:00+05:30,10322.45,10332.816834447602,10332.816834447602,10332.816834447602,False,-10.37,1.6,27.35,STOP_LOSS,5,10.3668,-0.2,-0.19378,0.0006,-10.53,-2.0443,2.0957,-0.1404,0.0,-2.1847,-2.1847,-142.01,50.0,-192.01,-0.7013,65
short,2018-02-21 09:30:00+05:30,2018-02-21 14:00:00+05:30,10374.35,10388.252110523894,10388.252110523894,10388.252110523894,False,-13.9,24.55,17.9,STOP_LOSS,270,13.9021,-0.2,-0.191659,0.0006,-10.53,-2.7282,3.7687,-7.5816,0.0,-10.3098,-10.3098,-670.14,50.0,-720.14,-35.9675,65
short,2018-02-22 09:50:00+05:30,2018-02-22 13:40:00+05:30,10360.75,10370.227967949606,10370.227967949606,10370.227967949606,False,-9.48,11.35,12.25,STOP_LOSS,230,9.478,-0.2,-0.194313,0.0006,-10.53,-1.8713,1.7517,-6.4584,0.0,-8.3297,-8.3297,-541.43,50.0,-591.43,-30.8632,65
long,2018-02-23 10:05:00+05:30,2018-02-23 10:55:00+05:30,10416.2,10433.622147226892,10402.77109582568,10433.622147226892,True,17.42,26.2,5.7,TRAIL_SL,50,17.4221,0.2,0.210453,0.0006,-10.53,3.5664,5.9189,-1.404,0.0,2.1624,2.1624,140.55,50.0,90.55,6.9476,65
long,2018-02-27 09:30:00+05:30,2018-02-27 09:35:00+05:30,10598.05,10580.87602539548,10580.87602539548,10580.87602539548,False,-17.17,0.2,25.4,STOP_LOSS,5,-17.174,0.2,0.189696,0.0006,-10.53,-3.3552,5.7514,-0.1404,0.0,-3.4956,-3.4956,-227.21,50.0,-277.21,0.7013,65
short,2018-02-28 10:05:00+05:30,2018-02-28 10:35:00+05:30,10491.1,10500.339118360786,10500.339118360786,10500.339118360786,False,-9.24,1.5,13.05,STOP_LOSS,30,9.2391,-0.2,-0.194457,0.0006,-10.53,-1.8248,1.6645,-0.8424,0.0,-2.6672,-2.6672,-173.37,50.0,-223.37,-4.1857,65
short,2018-03-07 09:50:00+05:30,2018-03-07 11:25:00+05:30,10229.65,10195.428841561903,10243.2751840173,10195.428841561903,True,34.22,42.35,13.55,TRAIL_SL,95,-34.2212,-0.2,-0.220533,0.0006,-10.53,7.1604,22.8362,-2.6676,0.0,4.4928,4.4928,292.03,50.0,242.03,-13.0813,65
long,2018-03-09 10:15:00+05:30,2018-03-09 14:35:00+05:30,10276.95,10261.6342765625,10261.6342765625,10261.6342765625,False,-15.32,19.75,26.35,STOP_LOSS,260,-15.3157,0.2,0.190811,0.0006,-10.53,-2.9998,4.5741,-7.3008,0.0,-10.3006,-10.3006,-669.54,50.0,-719.54,34.6981,65
long,2018-03-13 09:30:00+05:30,2018-03-13 10:40:00+05:30,10419.85,10467.671436284163,10401.113955409724,10467.671436284163,True,47.82,58.75,10.35,TRAIL_SL,70,47.8214,0.2,0.228693,0.0006,-10.53,10.1817,44.5944,-1.9656,0.0,8.2161,8.2161,534.05,50.0,484.05,9.6872,65
short,2018-03-14 10:05:00+05:30,2018-03-14 11:45:00+05:30,10387.15,10360.251296265158,10396.739365587613,10360.251296265158,True,26.9,34.2,12.15,TRAIL_SL,100,-26.8987,-0.2,-0.216139,0.0006,-10.53,5.5751,14.109,-2.808,0.0,2.7671,2.7671,179.86,50.0,129.86,-13.7562,65
short,2018-03-19 09:30:00+05:30,2018-03-19 10:10:00+05:30,10194.65,10169.068513461945,10207.560304610803,10169.068513461945,True,25.58,37.05,13.25,TRAIL_SL,40,-25.5815,-0.2,-0.215349,0.0006,-10.53,5.293,12.761,-1.1232,0.0,4.1698,4.1698,271.04,50.0,221.04,-5.5695,65
short,2018-03-19 10:25:00+05:30,2018-03-19 13:20:00+05:30,10171.1,10120.092059929933,10180.54513637004,10120.092059929933,True,51.01,60.55,1.65,TRAIL_SL,175,-51.0079,-0.2,-0.230605,0.0006,-10.53,10.9041,50.7353,-4.914,0.0,5.9901,5.9901,389.35,50.0,339.35,-23.7256,65
short,2018-03-19 14:30:00+05:30,2018-03-19 14:35:00+05:30,10108.95,10117.187668214065,10117.187668214065,10117.187668214065,False,-8.24,0.0,10.25,STOP_LOSS,5,8.2377,-0.2,-0.195057,0.0006,-10.53,-1.6292,1.3233,-0.1404,0.0,-1.7696,-1.7696,-115.02,50.0,-165.02,-0.7013,65
short,2018-03-20 09:30:00+05:30,2018-03-20 09:50:00+05:30,10093.2,10107.35510577873,10107.35510577873,10107.35510577873,False,-14.16,4.25,22.6,STOP_LOSS,20,14.1551,-0.2,-0.191507,0.0006,-10.53,-2.7769,3.9072,-0.5616,0.0,-3.3385,-3.3385,-217.0,50.0,-267.0,-2.7963,65
short,2018-03-20 14:55:00+05:30,2018-03-20 15:00:00+05:30,10105.4,10115.645733888248,10115.645733888248,10115.645733888248,False,-10.25,0.25,13.1,STOP_LOSS,5,10.2457,-0.2,-0.193853,0.0006,-10.53,-2.0208,2.047,-0.1404,0.0,-2.1612,-2.1612,-140.48,50.0,-190.48,-0.7013,65
long,2018-03-22 09:50:00+05:30,2018-03-22 11:20:00+05:30,10185.45,10170.500506105436,10170.500506105436,10170.500506105436,False,-14.95,12.55,19.7,STOP_LOSS,90,-14.9495,0.2,0.19103,0.0006,-10.53,-2.9296,4.358,-2.5272,0.0,-5.4568,-5.4568,-354.69,50.0,-404.69,12.4052,65
short,2018-03-23 10:25:00+05:30,2018-03-23 10:55:00+05:30,9988.7,9998.030564356179,9998.030564356179,9998.030564356179,False,-9.33,7.9,10.7,STOP_LOSS,30,9.3306,-0.2,-0.194402,0.0006,-10.53,-1.8426,1.6977,-0.8424,0.0,-2.685,-2.685,-174.53,50.0,-224.53,-4.1857,65
long,2018-03-27 09:50:00+05:30,2018-03-27 11:25:00+05:30,10175.9,10158.23505357558,10158.23505357558,10158.23505357558,False,-17.66,5.4,29.65,STOP_LOSS,95,-17.6649,0.2,0.189401,0.0006,-10.53,-3.4487,6.085,-2.6676,0.0,-6.1163,-6.1163,-397.56,50.0,-447.56,13.0813,65
short,2018-03-28 10:20:00+05:30,2018-03-28 11:30:00+05:30,10128.45,10135.67240990038,10135.67240990038,10135.67240990038,False,-7.22,15.85,8.1,STOP_LOSS,70,7.2224,-0.2,-0.195667,0.0006,-10.53,-1.4304,1.0172,-1.9656,0.0,-3.396,-3.396,-220.74,50.0,-270.74,-9.6872,65
long,2018-04-03 09:35:00+05:30,2018-04-03 10:35:00+05:30,10213.35,10200.141974441289,10200.141974441289,10200.141974441289,False,-13.21,12.35,20.3,STOP_LOSS,60,-13.208,0.2,0.192075,0.0006,-10.53,-2.5945,3.4018,-1.6848,0.0,-4.2793,-4.2793,-278.15,50.0,-328.15,8.3202,65
long,2018-04-04 09:30:00+05:30,2018-04-04 10:10:00+05:30,10242.2,10267.608998755499,10227.896880263814,10267.608998755499,True,25.41,31.1,0.3,TRAIL_SL,40,25.409,0.2,0.215245,0.0006,-10.53,5.2561,12.5895,-1.1232,0.0,4.1329,4.1329,268.64,50.0,218.64,5.5695,65
long,2018-04-04 10:10:00+05:30,2018-04-04 11:55:00+05:30,10263.75,10252.533597842867,10252.533597842867,10252.533597842867,False,-11.22,16.05,17.15,STOP_LOSS,105,-11.2164,0.2,0.19327,0.0006,-10.53,-2.2093,2.4532,-2.9484,0.0,-5.1577,-5.1577,-335.25,50.0,-385.25,14.4297,65
short,2018-04-04 14:40:00+05:30,2018-04-04 15:15:00+05:30,10138.15,10130.8,10147.974798678588,10147.974798678588,False,7.35,26.6,0.0,SOFT_EOD_EXIT,35,-7.35,-0.2,-0.20441,0.0006,-10.53,1.4846,1.0534,-0.9828,0.0,0.5018,0.5018,32.62,50.0,-17.38,-4.8783,65
long,2018-04-09 10:15:00+05:30,2018-04-09 15:15:00+05:30,10375.65,10373.55,10364.64794326175,10364.64794326175,False,-2.1,21.8,14.1,SOFT_EOD_EXIT,300,-2.1,0.2,0.19874,0.0006,-10.53,-0.4188,0.086,-8.424,0.0,-8.8428,-8.8428,-574.78,50.0,-624.78,39.7499,65
long,2018-04-10 10:05:00+05:30,2018-04-10 10:20:00+05:30,10416.25,10406.283878428058,10406.283878428058,10406.283878428058,False,-9.97,2.4,10.7,STOP_LOSS,15,-9.9661,0.2,0.19402,0.0006,-10.53,-1.9664,1.9368,-0.4212,0.0,-2.3876,-2.3876,-155.19,50.0,-205.19,2.0994,65
short,2018-04-11 10:15:00+05:30,2018-04-11 11:05:00+05:30,10373.1,10380.8119370194,10380.8119370194,10380.8119370194,False,-7.71,9.55,13.25,STOP_LOSS,50,7.7119,-0.2,-0.195373,0.0006,-10.53,-1.5263,1.1597,-1.404,0.0,-2.9303,-2.9303,-190.47,50.0,-240.47,-6.9476,65
short,2018-04-16 09:40:00+05:30,2018-04-16 12:55:00+05:30,10464.7,10476.991838407404,10476.991838407404,10476.991838407404,False,-12.29,12.0,17.15,STOP_LOSS,195,12.2918,-0.2,-0.192625,0.0006,-10.53,-2.4176,2.9462,-5.4756,0.0,-7.8932,-7.8932,-513.06,50.0,-563.06,-26.3375,65
long,2018-04-16 14:40:00+05:30,2018-04-16 15:15:00+05:30,10516.85,10531.5,10508.472596659,10508.472596659,False,14.65,16.95,6.0,SOFT_EOD_EXIT,35,14.65,0.2,0.20879,0.0006,-10.53,2.9879,4.1851,-0.9828,0.0,2.0051,2.0051,130.33,50.0,80.33,4.8783,65
long,2018-04-17 10:20:00+05:30,2018-04-17 11:05:00+05:30,10543.2,10534.171182129503,10534.171182129503,10534.171182129503,False,-9.03,11.25,13.2,STOP_LOSS,45,-9.0288,0.2,0.194583,0.0006,-10.53,-1.7838,1.5896,-1.2636,0.0,-3.0474,-3.0474,-198.08,50.0,-248.08,6.2592,65
long,2018-04-17 14:55:00+05:30,2018-04-17 15:15:00+05:30,10545.95,10546.2,10538.044489262644,10538.044489262644,False,0.25,14.3,3.5,SOFT_EOD_EXIT,20,0.25,0.2,0.20015,0.0006,-10.53,0.05,0.0012,-0.5616,0.0,-0.5116,-0.5116,-33.25,50.0,-83.25,2.7963,65
long,2018-04-18 09:35:00+05:30,2018-04-18 09:40:00+05:30,10556.95,10545.662769799867,10545.662769799867,10545.662769799867,False,-11.29,0.6,13.9,STOP_LOSS,5,-11.2872,0.2,0.193228,0.0006,-10.53,-2.223,2.4843,-0.1404,0.0,-2.3634,-2.3634,-153.62,50.0,-203.62,0.7013,65
short,2018-04-18 14:30:00+05:30,2018-04-18 15:10:00+05:30,10560.5,10519.98367699071,10566.701272300785,10519.98367699071,True,40.52,50.75,1.6,TRAIL_SL,40,-40.5163,-0.2,-0.22431,0.0006,-10.53,8.5465,32.0107,-1.1232,0.0,7.4233,7.4233,482.51,50.0,432.51,-5.5695,65
short,2018-04-20 10:10:00+05:30,2018-04-20 10:20:00+05:30,10546.4,10552.577716159562,10552.577716159562,10552.577716159562,False,-6.18,5.5,11.1,STOP_LOSS,10,6.1777,-0.2,-0.196293,0.0006,-10.53,-1.2252,0.7442,-0.2808,0.0,-1.506,-1.506,-97.89,50.0,-147.89,-1.4011,65
short,2018-04-24 09:40:00+05:30,2018-04-24 10:40:00+05:30,10594.5,10603.913588615373,10603.913588615373,10603.913588615373,False,-9.41,6.7,11.75,STOP_LOSS,60,9.4136,-0.2,-0.194352,0.0006,-10.53,-1.8588,1.728,-1.6848,0.0,-3.5436,-3.5436,-230.33,50.0,-280.33,-8.3202,65
short,2018-04-25 10:15:00+05:30,2018-04-25 13:05:00+05:30,10589.05,10596.511071247094,10596.511071247094,10596.511071247094,False,-7.46,8.15,14.1,STOP_LOSS,170,7.4611,-0.2,-0.195523,0.0006,-10.53,-1.4772,1.0855,-4.7736,0.0,-6.2508,-6.2508,-406.3,50.0,-456.3,-23.0697,65
short,2018-04-25 14:40:00+05:30,2018-04-25 14:55:00+05:30,10556.75,10566.233722884777,10566.233722884777,10566.233722884777,False,-9.48,15.45,9.55,STOP_LOSS,15,9.4837,-0.2,-0.19431,0.0006,-10.53,-1.8725,1.7538,-0.4212,0.0,-2.2937,-2.2937,-149.09,50.0,-199.09,-2.0994,65
long,2018-04-27 10:20:00+05:30,2018-04-27 14:05:00+05:30,10687.45,10711.984697460755,10673.719719354443,10711.984697460755,True,24.53,32.05,10.6,TRAIL_SL,225,24.5347,0.2,0.214721,0.0006,-10.53,5.0695,11.7381,-6.318,0.0,-1.2485,-1.2485,-81.15,50.0,-131.15,30.2201,65
long,2018-04-30 10:00:00+05:30,2018-04-30 12:20:00+05:30,10733.75,10754.109777824868,10720.428032973028,10754.109777824868,True,20.36,25.15,5.45,TRAIL_SL,140,20.3598,0.2,0.212216,0.0006,-10.53,4.1839,8.0832,-3.9312,0.0,0.2527,0.2527,16.42,50.0,-33.58,19.1083,65
short,2018-05-02 14:30:00+05:30,2018-05-02 14:50:00+05:30,10736.7,10704.833739319514,10745.558887234502,10704.833739319514,True,31.87,46.65,3.35,TRAIL_SL,20,-31.8663,-0.2,-0.21912,0.0006,-10.53,6.6474,19.8014,-0.5616,0.0,6.0858,6.0858,395.58,50.0,345.58,-2.7963,65
short,2018-05-03 09:45:00+05:30,2018-05-03 10:50:00+05:30,10694.45,10666.198707527175,10704.659643970284,10666.198707527175,True,28.25,37.2,2.65,TRAIL_SL,65,-28.2513,-0.2,-0.216951,0.0006,-10.53,5.8658,15.5636,-1.8252,0.0,4.0406,4.0406,262.64,50.0,212.64,-9.0044,65
long,2018-05-08 09:35:00+05:30,2018-05-08 12:55:00+05:30,10728.25,10715.132809220358,10715.132809220358,10715.132809220358,False,-13.12,14.75,20.85,STOP_LOSS,200,-13.1172,0.2,0.19213,0.0006,-10.53,-2.577,3.3552,-5.616,0.0,-8.193,-8.193,-532.54,50.0,-582.54,26.9875,65
long,2018-05-10 09:55:00+05:30,2018-05-10 10:00:00+05:30,10768.2,10757.627732854782,10757.627732854782,10757.627732854782,False,-10.57,0.8,12.6,STOP_LOSS,5,-10.5723,0.2,0.193657,0.0006,-10.53,-2.0843,2.1796,-0.1404,0.0,-2.2247,-2.2247,-144.6,50.0,-194.6,0.7013,65
long,2018-05-14 10:05:00+05:30,2018-05-14 11:30:00+05:30,10822.65,10813.503079819566,10813.503079819566,10813.503079819566,False,-9.15,11.9,13.85,STOP_LOSS,85,-9.1469,0.2,0.194512,0.0006,-10.53,-1.8068,1.6315,-2.3868,0.0,-4.1936,-4.1936,-272.58,50.0,-322.58,11.7277,65
short,2018-05-15 14:35:00+05:30,2018-05-15 15:15:00+05:30,10807.9,10797.65,10820.380478232773,10820.380478232773,False,10.25,14.95,14.6,SOFT_EOD_EXIT,40,-10.25,-0.2,-0.20615,0.0006,-10.53,2.0784,2.0487,-1.1232,0.0,0.9552,0.9552,62.09,50.0,12.09,-5.5695,65
short,2018-05-16 10:15:00+05:30,2018-05-16 10:25:00+05:30,10718.7,10728.220270824226,10728.220270824226,10728.220270824226,False,-9.52,0.6,12.9,STOP_LOSS,10,9.5203,-0.2,-0.194288,0.0006,-10.53,-1.8796,1.7674,-0.2808,0.0,-2.1604,-2.1604,-140.42,50.0,-190.42,-1.4011,65
short,2018-05-17 10:20:00+05:30,2018-05-17 12:25:00+05:30,10733.15,10703.834709662611,10740.218715128294,10703.834709662611,True,29.32,36.3,5.3,TRAIL_SL,125,-29.3153,-0.2,-0.217589,0.0006,-10.53,6.0951,16.758,-3.51,0.0,2.5851,2.5851,168.03,50.0,118.03,-17.1108,65
short,2018-05-18 09:50:00+05:30,2018-05-18 10:55:00+05:30,10652.5,10661.931382316925,10661.931382316925,10661.931382316925,False,-9.43,16.0,12.35,STOP_LOSS,65,9.4314,-0.2,-0.194341,0.0006,-10.53,-1.8623,1.7345,-1.8252,0.0,-3.6875,-3.6875,-239.68,50.0,-289.68,-9.0044,65
short,2018-05-21 10:20:00+05:30,2018-05-21 11:05:00+05:30,10588.4,10562.473216680191,10598.747189748667,10562.473216680191,True,25.93,37.5,1.65,TRAIL_SL,45,-25.9268,-0.2,-0.215556,0.0006,-10.53,5.3669,13.1079,-1.2636,0.0,4.1033,4.1033,266.71,50.0,216.71,-6.2592,65
short,2018-05-21 14:40:00+05:30,2018-05-21 15:15:00+05:30,10520.05,10514.9,10527.444956231819,10527.444956231819,False,5.15,7.1,7.5,SOFT_EOD_EXIT,35,-5.15,-0.2,-0.20309,0.0006,-10.53,1.0372,0.5172,-0.9828,0.0,0.0544,0.0544,3.53,50.0,-46.47,-4.8783,65
short,2018-05-23 10:20:00+05:30,2018-05-23 11:55:00+05:30,10502.7,10510.950057236416,10510.950057236416,10510.950057236416,False,-8.25,11.7,11.5,STOP_LOSS,95,8.2501,-0.2,-0.19505,0.0006,-10.53,-1.6316,1.3272,-2.6676,0.0,-4.2992,-4.2992,-279.45,50.0,-329.45,-13.0813,65
long,2018-05-25 10:05:00+05:30,2018-05-25 14:15:00+05:30,10555.45,10612.608616610369,10542.734515409693,10612.608616610369,True,57.16,65.15,1.7,TRAIL_SL,250,57.1586,0.2,0.234295,0.0006,-10.53,12.3138,63.7086,-7.02,0.0,5.2938,5.2938,344.1,50.0,294.1,33.4242,65
short,2018-05-29 09:35:00+05:30,2018-05-29 09:40:00+05:30,10681.35,10689.082668300247,10689.082668300247,10689.082668300247,False,-7.73,0.4,11.45,STOP_LOSS,5,7.7327,-0.2,-0.19536,0.0006,-10.53,-1.5304,1.166,-0.1404,0.0,-1.6708,-1.6708,-108.6,50.0,-158.6,-0.7013,65
short,2018-05-29 14:50:00+05:30,2018-05-29 14:55:00+05:30,10631.85,10639.784387573496,10639.784387573496,10639.784387573496,False,-7.93,0.55,14.05,STOP_LOSS,5,7.9344,-0.2,-0.195239,0.0006,-10.53,-1.5699,1.2276,-0.1404,0.0,-1.7103,-1.7103,-111.17,50.0,-161.17,-0.7013,65
short,2018-05-30 09:45:00+05:30,2018-05-30 12:30:00+05:30,10590.85,10601.680197734417,10601.680197734417,10601.680197734417,False,-10.83,27.75,11.85,STOP_LOSS,165,10.8302,-0.2,-0.193502,0.0006,-10.53,-2.1344,2.2872,-4.6332,0.0,-6.7676,-6.7676,-439.89,50.0,-489.89,-22.4125,65
long,2018-06-01 10:10:00+05:30,2018-06-01 10:30:00+05:30,10753.55,10738.861424715493,10738.861424715493,10738.861424715493,False,-14.69,2.9,25.45,STOP_LOSS,20,-14.6886,0.2,0.191187,0.0006,-10.53,-2.8795,4.2072,-0.5616,0.0,-3.4411,-3.4411,-223.67,50.0,-273.67,2.7963,65
short,2018-06-04 10:10:00+05:30,2018-06-04 10:25:00+05:30,10678.8,10692.20464707079,10692.20464707079,10692.20464707079,False,-13.4,2.0,22.95,STOP_LOSS,15,13.4046,-0.2,-0.191957,0.0006,-10.53,-2.6324,3.5038,-0.4212,0.0,-3.0536,-3.0536,-198.48,50.0,-248.48,-2.0994,65
short,2018-06-04 14:45:00+05:30,2018-06-04 15:15:00+05:30,10642.7,10634.7,10652.265519244926,10652.265519244926,False,8.0,19.8,7.3,SOFT_EOD_EXIT,30,-8.0,-0.2,-0.2048,0.0006,-10.53,1.6173,1.248,-0.8424,0.0,0.7749,0.7749,50.37,50.0,0.37,-4.1857,65
short,2018-06-05 09:40:00+05:30,2018-06-05 11:05:00+05:30,10610.1,10574.861015800936,10621.38138713002,10574.861015800936,True,35.24,44.9,1.3,TRAIL_SL,85,-35.239,-0.2,-0.221143,0.0006,-10.53,7.3831,24.2148,-2.3868,0.0,4.9963,4.9963,324.76,50.0,274.76,-11.7277,65
short,2018-06-08 09:50:00+05:30,2018-06-08 14:35:00+05:30,10743.25,10751.902829165381,10751.902829165381,10751.902829165381,False,-8.65,34.2,14.2,STOP_LOSS,285,8.6528,-0.2,-0.194808,0.0006,-10.53,-1.7104,1.46,-8.0028,0.0,-9.7132,-9.7132,-631.35,50.0,-681.35,-37.8635,65
long,2018-06-11 10:20:00+05:30,2018-06-11 11:10:00+05:30,10820.65,10808.94563240616,10808.94563240616,10808.94563240616,False,-11.7,4.35,13.1,STOP_LOSS,50,-11.7044,0.2,0.192977,0.0006,-10.53,-2.3039,2.6713,-1.404,0.0,-3.7079,-3.7079,-241.01,50.0,-291.01,6.9476,65
short,2018-06-12 09:30:00+05:30,2018-06-12 09:55:00+05:30,10799.05,10807.151145618958,10807.151145618958,10807.151145618958,False,-8.1,9.65,14.15,STOP_LOSS,25,8.1011,-0.2,-0.195139,0.0006,-10.53,-1.6025,1.2798,-0.702,0.0,-2.3045,-2.3045,-149.79,50.0,-199.79,-3.4917,65
short,2018-06-19 10:05:00+05:30,2018-06-19 13:05:00+05:30,10758.25,10715.043974840415,10765.052402974325,10715.043974840415,True,43.21,48.85,3.65,TRAIL_SL,180,-43.206,-0.2,-0.225924,0.0006,-10.53,9.1452,36.4018,-5.0544,0.0,4.0908,4.0908,265.9,50.0,215.9,-24.3804,65
short,2018-06-22 10:20:00+05:30,2018-06-22 10:30:00+05:30,10718.15,10724.351964599897,10724.351964599897,10724.351964599897,False,-6.2,1.0,9.4,STOP_LOSS,10,6.202,-0.2,-0.196279,0.0006,-10.53,-1.23,0.7501,-0.2808,0.0,-1.5108,-1.5108,-98.2,50.0,-148.2,-1.4011,65
long,2018-06-25 09:30:00+05:30,2018-06-25 11:05:00+05:30,10812.25,10799.462694107508,10799.462694107508,10799.462694107508,False,-12.79,18.45,16.25,STOP_LOSS,95,-12.7873,0.2,0.192328,0.0006,-10.53,-2.5133,3.1885,-2.6676,0.0,-5.1809,-5.1809,-336.76,50.0,-386.76,13.0813,65
short,2018-06-25 14:55:00+05:30,2018-06-25 15:15:00+05:30,10782.35,10758.1,10789.160615517718,10789.160615517718,False,24.25,25.95,0.65,SOFT_EOD_EXIT,20,-24.25,-0.2,-0.21455,0.0006,-10.53,5.0088,11.4672,-0.5616,0.0,4.4472,4.4472,289.07,50.0,239.07,-2.7963,65
short,2018-06-27 14:40:00+05:30,2018-06-27 14:55:00+05:30,10671.9,10680.98657915294,10680.98657915294,10680.98657915294,False,-9.09,3.55,19.7,STOP_LOSS,15,9.0866,-0.2,-0.194548,0.0006,-10.53,-1.795,1.61,-0.4212,0.0,-2.2162,-2.2162,-144.05,50.0,-194.05,-2.0994,65
short,2018-06-28 09:35:00+05:30,2018-06-28 10:05:00+05:30,10653.75,10663.975573236014,10663.975573236014,10663.975573236014,False,-10.23,13.1,15.55,STOP_LOSS,30,10.2256,-0.2,-0.193865,0.0006,-10.53,-2.0169,2.039,-0.8424,0.0,-2.8593,-2.8593,-185.85,50.0,-235.85,-4.1857,65
short,2018-06-28 14:50:00+05:30,2018-06-28 14:55:00+05:30,10584.5,10594.40454750293,10594.40454750293,10594.40454750293,False,-9.9,1.7,13.0,STOP_LOSS,5,9.9045,-0.2,-0.194057,0.0006,-10.53,-1.9544,1.913,-0.1404,0.0,-2.0948,-2.0948,-136.16,50.0,-186.16,-0.7013,65
long,2018-07-09 10:05:00+05:30,2018-07-09 14:10:00+05:30,10820.9,10852.922100558804,10808.762287221103,10852.922100558804,True,32.02,38.6,13.55,TRAIL_SL,245,32.0221,0.2,0.219213,0.0006,-10.53,6.6813,19.9956,-6.8796,0.0,-0.1983,-0.1983,-12.89,50.0,-62.89,32.7857,65
long,2018-07-10 10:25:00+05:30,2018-07-10 12:30:00+05:30,10906.6,10925.570231861493,10896.706575336166,10925.570231861493,True,18.97,22.7,0.55,TRAIL_SL,125,18.9702,0.2,0.211382,0.0006,-10.53,3.8912,7.0175,-3.51,0.0,0.3812,0.3812,24.78,50.0,-25.22,17.1108,65
long,2018-07-11 09:50:00+05:30,2018-07-11 11:10:00+05:30,10952.65,10939.820806241423,10939.820806241423,10939.820806241423,False,-12.83,23.95,19.55,STOP_LOSS,80,-12.8292,0.2,0.192302,0.0006,-10.53,-2.5214,3.2095,-2.2464,0.0,-4.7678,-4.7678,-309.91,50.0,-359.91,11.0489,65
short,2018-07-12 14:30:00+05:30,2018-07-12 15:15:00+05:30,11038.7,11019.75,11047.5094786174,11047.5094786174,False,18.95,23.05,6.75,SOFT_EOD_EXIT,45,-18.95,-0.2,-0.21137,0.0006,-10.53,3.887,7.0025,-1.2636,0.0,2.6234,2.6234,170.52,50.0,120.52,-6.2592,65
long,2018-07-13 10:00:00+05:30,2018-07-13 10:05:00+05:30,11056.0,11040.898236514935,11040.898236514935,11040.898236514935,False,-15.1,0.0,38.3,STOP_LOSS,5,-15.1018,0.2,0.190939,0.0006,-10.53,-2.9588,4.4472,-0.1404,0.0,-3.0992,-3.0992,-201.45,50.0,-251.45,0.7013,65
short,2018-07-13 14:30:00+05:30,2018-07-13 15:15:00+05:30,11020.45,11020.55,11026.630627516672,11026.630627516672,False,-0.1,19.05,9.85,SOFT_EOD_EXIT,45,0.1,-0.2,-0.19994,0.0006,-10.53,-0.02,0.0002,-1.2636,0.0,-1.2836,-1.2836,-83.43,50.0,-133.43,-6.2592,65
short,2018-07-16 09:50:00+05:30,2018-07-16 11:30:00+05:30,10999.95,10971.842057201422,11009.695310199544,10971.842057201422,True,28.11,35.65,9.6,TRAIL_SL,100,-28.1079,-0.2,-0.216865,0.0006,-10.53,5.8349,15.4061,-2.808,0.0,3.0269,3.0269,196.75,50.0,146.75,-13.7562,65
long,2018-07-18 09:40:00+05:30,2018-07-18 12:15:00+05:30,11039.4,11023.022015926153,11023.022015926153,11023.022015926153,False,-16.38,22.25,44.25,STOP_LOSS,155,-16.378,0.2,0.190173,0.0006,-10.53,-3.2032,5.2306,-4.3524,0.0,-7.5556,-7.5556,-491.11,50.0,-541.11,21.0945,65
short,2018-07-18 14:30:00+05:30,2018-07-18 14:40:00+05:30,10976.6,10985.8912395026,10985.8912395026,10985.8912395026,False,-9.29,0.0,13.25,STOP_LOSS,10,9.2912,-0.2,-0.194425,0.0006,-10.53,-1.8349,1.6834,-0.2808,0.0,-2.1157,-2.1157,-137.52,50.0,-187.52,-1.4011,65
short,2018-07-19 09:55:00+05:30,2018-07-19 10:15:00+05:30,10960.3,10970.230242671078,10970.230242671078,10970.230242671078,False,-9.93,5.75,19.75,STOP_LOSS,20,9.9302,-0.2,-0.194042,0.0006,-10.53,-1.9594,1.9229,-0.5616,0.0,-2.521,-2.521,-163.87,50.0,-213.87,-2.7963,65
long,2018-07-20 14:50:00+05:30,2018-07-20 15:15:00+05:30,11015.15,11007.25,11004.047671827659,11004.047671827659,False,-7.9,5.85,11.4,SOFT_EOD_EXIT,25,-7.9,0.2,0.19526,0.0006,-10.53,-1.5631,1.217,-0.702,0.0,-2.2651,-2.2651,-147.23,50.0,-197.23,3.4917,65
long,2018-07-23 10:05:00+05:30,2018-07-23 10:10:00+05:30,11045.55,11034.657188418654,11034.657188418654,11034.657188418654,False,-10.89,2.05,15.9,STOP_LOSS,5,-10.8928,0.2,0.193464,0.0006,-10.53,-2.1465,2.3137,-0.1404,0.0,-2.2869,-2.2869,-148.65,50.0,-198.65,0.7013,65
long,2018-07-24 10:25:00+05:30,2018-07-24 12:20:00+05:30,11132.2,11121.911065345545,11121.911065345545,11121.911065345545,False,-10.29,11.1,19.9,STOP_LOSS,115,-10.2889,0.2,0.193827,0.0006,-10.53,-2.0292,2.0643,-3.2292,0.0,-5.2584,-5.2584,-341.8,50.0,-391.8,15.7728,65
long,2018-07-27 10:25:00+05:30,2018-07-27 14:15:00+05:30,11239.4,11261.740841406949,11228.205818849974,11261.740841406949,True,22.34,30.85,7.9,TRAIL_SL,230,22.3408,0.2,0.213405,0.0006,-10.53,4.6029,9.7327,-6.4584,0.0,-1.8555,-1.8555,-120.61,50.0,-170.61,30.8632,65
long,2018-07-30 09:55:00+05:30,2018-07-30 10:05:00+05:30,11297.1,11284.8660314506,11284.8660314506,11284.8660314506,False,-12.23,1.85,18.2,STOP_LOSS,10,-12.234,0.2,0.19266,0.0006,-10.53,-2.4064,2.9186,-0.2808,0.0,-2.6872,-2.6872,-174.67,50.0,-224.67,1.4011,65
short,2018-07-31 09:50:00+05:30,2018-07-31 14:10:00+05:30,11299.65,11307.809903131509,11307.809903131509,11307.809903131509,False,-8.16,31.8,19.2,STOP_LOSS,260,8.1599,-0.2,-0.195104,0.0006,-10.53,-1.614,1.2984,-7.3008,0.0,-8.9148,-8.9148,-579.46,50.0,-629.46,-34.6981,65
long,2018-08-01 09:35:00+05:30,2018-08-01 10:10:00+05:30,11366.0,11384.231793819,11352.744272495367,11384.231793819,True,18.23,24.25,0.95,TRAIL_SL,35,18.2318,0.2,0.210939,0.0006,-10.53,3.7361,6.4818,-0.9828,0.0,2.7533,2.7533,178.96,50.0,128.96,4.8783,65
long,2018-08-01 10:20:00+05:30,2018-08-01 10:50:00+05:30,11382.1,11371.439360604647,11371.439360604647,11371.439360604647,False,-10.66,1.55,17.85,STOP_LOSS,30,-10.6606,0.2,0.193604,0.0006,-10.53,-2.1014,2.2162,-0.8424,0.0,-2.9438,-2.9438,-191.35,50.0,-241.35,4.1857,65
short,2018-08-02 14:45:00+05:30,2018-08-02 15:15:00+05:30,11260.95,11241.95,11266.632913210746,11266.632913210746,False,19.0,19.4,7.25,SOFT_EOD_EXIT,30,-19.0,-0.2,-0.2114,0.0006,-10.53,3.8975,7.0395,-0.8424,0.0,3.0551,3.0551,198.58,50.0,148.58,-4.1857,65
long,2018-08-06 09:45:00+05:30,2018-08-06 10:05:00+05:30,11405.05,11391.022745004033,11391.022745004033,11391.022745004033,False,-14.03,3.0,25.15,STOP_LOSS,20,-14.0273,0.2,0.191584,0.0006,-10.53,-2.7523,3.8369,-0.5616,0.0,-3.3139,-3.3139,-215.41,50.0,-265.41,2.7963,65
long,2018-08-06 10:20:00+05:30,2018-08-06 14:50:00+05:30,11393.5,11380.960004089693,11380.960004089693,11380.960004089693,False,-12.54,20.25,22.6,STOP_LOSS,270,-12.54,0.2,0.192476,0.0006,-10.53,-2.4655,3.0664,-7.5816,0.0,-10.0471,-10.0471,-653.06,50.0,-703.06,35.9675,65
short,2018-08-08 14:55:00+05:30,2018-08-08 15:00:00+05:30,11424.1,11429.634481652156,11429.634481652156,11429.634481652156,False,-5.53,0.0,15.85,STOP_LOSS,5,5.5345,-0.2,-0.196679,0.0006,-10.53,-1.0986,0.5973,-0.1404,0.0,-1.239,-1.239,-80.54,50.0,-130.54,-0.7013,65
long,2018-08-09 09:55:00+05:30,2018-08-09 11:00:00+05:30,11469.85,11458.121222124362,11458.121222124362,11458.121222124362,False,-11.73,16.45,15.4,STOP_LOSS,65,-11.7288,0.2,0.192963,0.0006,-10.53,-2.3086,2.6825,-1.8252,0.0,-4.1338,-4.1338,-268.7,50.0,-318.7,9.0044,65
short,2018-08-10 09:40:00+05:30,2018-08-10 15:15:00+05:30,11456.95,11428.0,11463.994457056466,11463.994457056466,False,28.95,35.7,5.9,SOFT_EOD_EXIT,335,-28.95,-0.2,-0.21737,0.0006,-10.53,6.0163,16.343,-9.4068,0.0,-3.3905,-3.3905,-220.38,50.0,-270.38,-44.1148,65
short,2018-08-16 09:40:00+05:30,2018-08-16 10:00:00+05:30,11407.8,11417.140233203936,11417.140233203936,11417.140233203936,False,-9.34,0.0,19.15,STOP_LOSS,20,9.3402,-0.2,-0.194396,0.0006,-10.53,-1.8445,1.7012,-0.5616,0.0,-2.4061,-2.4061,-156.4,50.0,-206.4,-2.7963,65
long,2018-08-20 10:25:00+05:30,2018-08-20 13:45:00+05:30,11536.75,11557.676077410839,11527.674025903032,11557.676077410839,True,20.93,26.2,5.85,TRAIL_SL,200,20.9261,0.2,0.212556,0.0006,-10.53,4.3034,8.5391,-5.616,0.0,-1.3126,-1.3126,-85.32,50.0,-135.32,26.9875,65
long,2018-08-28 09:50:00+05:30,2018-08-28 11:25:00+05:30,11717.25,11739.013102147812,11702.917109541499,11739.013102147812,True,21.76,24.85,1.3,TRAIL_SL,95,21.7631,0.2,0.213058,0.0006,-10.53,4.4805,9.2358,-2.6676,0.0,1.8129,1.8129,117.84,50.0,67.84,13.0813,65
short,2018-08-30 10:20:00+05:30,2018-08-30 12:15:00+05:30,11670.1,11675.49386779645,11675.49386779645,11675.49386779645,False,-5.39,5.45,10.0,STOP_LOSS,115,5.3939,-0.2,-0.196764,0.0006,-10.53,-1.0709,0.5673,-3.2292,0.0,-4.3001,-4.3001,-279.51,50.0,-329.51,-15.7728,65
long,2018-09-03 10:10:00+05:30,2018-09-03 11:25:00+05:30,11709.65,11696.909324837185,11696.909324837185,11696.909324837185,False,-12.74,6.05,14.95,STOP_LOSS,75,-12.7407,0.2,0.192356,0.0006,-10.53,-2.5043,3.1653,-2.106,0.0,-4.6103,-4.6103,-299.67,50.0,-349.67,10.3687,65
short,2018-09-04 09:50:00+05:30,2018-09-04 10:15:00+05:30,11560.4,11573.225857814992,11573.225857814992,11573.225857814992,False,-12.83,8.05,21.45,STOP_LOSS,25,12.8259,-0.2,-0.192304,0.0006,-10.53,-2.5208,3.2078,-0.702,0.0,-3.2228,-3.2228,-209.48,50.0,-259.48,-3.4917,65
short,2018-09-04 10:25:00+05:30,2018-09-04 12:15:00+05:30,11569.35,11579.399291301947,11579.399291301947,11579.399291301947,False,-10.05,26.15,11.6,STOP_LOSS,110,10.0493,-0.2,-0.19397,0.0006,-10.53,-1.9826,1.9693,-3.0888,0.0,-5.0714,-5.0714,-329.64,50.0,-379.64,-15.1019,65
short,2018-09-05 10:05:00+05:30,2018-09-05 12:30:00+05:30,11508.6,11447.326982426992,11520.687483152698,11447.326982426992,True,61.27,72.15,12.45,TRAIL_SL,145,-61.273,-0.2,-0.236764,0.0006,-10.53,13.2683,73.2105,-4.0716,0.0,9.1967,9.1967,597.78,50.0,547.78,-19.7716,65
short,2018-09-10 10:20:00+05:30,2018-09-10 12:20:00+05:30,11517.95,11465.207923855953,11527.273794647663,11465.207923855953,True,52.74,64.05,8.8,TRAIL_SL,120,-52.7421,-0.2,-0.231645,0.0006,-10.53,11.2995,54.2437,-3.3696,0.0,7.9299,7.9299,515.44,50.0,465.44,-16.4425,65
short,2018-09-10 14:55:00+05:30,2018-09-10 15:15:00+05:30,11455.0,11443.8,11463.582370900876,11463.582370900876,False,11.2,24.25,2.25,SOFT_EOD_EXIT,20,-11.2,-0.2,-0.20672,0.0006,-10.53,2.2739,2.4461,-0.5616,0.0,1.7123,1.7123,111.3,50.0,61.3,-2.7963,65
short,2018-09-11 09:30:00+05:30,2018-09-11 11:55:00+05:30,11440.7,11408.941988365346,11452.980519112807,11408.941988365346,True,31.76,40.8,20.15,TRAIL_SL,145,-31.758,-0.2,-0.219055,0.0006,-10.53,6.6239,19.6671,-4.0716,0.0,2.5523,2.5523,165.9,50.0,115.9,-19.7716,65
short,2018-09-12 09:35:00+05:30,2018-09-12 10:10:00+05:30,11307.5,11279.71048732444,11324.953363960527,11279.71048732444,True,27.79,42.35,0.3,TRAIL_SL,35,-27.7895,-0.2,-0.216674,0.0006,-10.53,5.7664,15.059,-0.9828,0.0,4.7836,4.7836,310.93,50.0,260.93,-4.8783,65
short,2018-09-12 10:10:00+05:30,2018-09-12 10:25:00+05:30,11285.85,11301.689179765724,11301.689179765724,11301.689179765724,False,-15.84,0.0,22.25,STOP_LOSS,15,15.8392,-0.2,-0.190496,0.0006,-10.53,-3.1001,4.8922,-0.4212,0.0,-3.5213,-3.5213,-228.88,50.0,-278.88,-2.0994,65
short,2018-09-17 10:10:00+05:30,2018-09-17 11:15:00+05:30,11419.1,11387.059054233394,11428.557744204367,11387.059054233394,True,32.04,45.1,0.3,TRAIL_SL,65,-32.0409,-0.2,-0.219225,0.0006,-10.53,6.6854,20.0191,-1.8252,0.0,4.8602,4.8602,315.91,50.0,265.91,-9.0044,65
short,2018-09-19 09:35:00+05:30,2018-09-19 10:25:00+05:30,11302.05,11313.28758216134,11313.28758216134,11313.28758216134,False,-11.24,21.8,15.45,STOP_LOSS,50,11.2376,-0.2,-0.193257,0.0006,-10.53,-2.2134,2.4625,-1.404,0.0,-3.6174,-3.6174,-235.13,50.0,-285.13,-6.9476,65
short,2018-09-19 14:50:00+05:30,2018-09-19 14:55:00+05:30,11235.7,11247.219740790953,11247.219740790953,11247.219740790953,False,-11.52,0.0,17.0,STOP_LOSS,5,11.5197,-0.2,-0.193088,0.0006,-10.53,-2.2681,2.5877,-0.1404,0.0,-2.4085,-2.4085,-156.55,50.0,-206.55,-0.7013,65
short,2018-09-21 14:45:00+05:30,2018-09-21 14:55:00+05:30,11069.35,11097.255315334207,11097.255315334207,11097.255315334207,False,-27.91,0.05,60.05,STOP_LOSS,10,27.9053,-0.2,-0.183257,0.0006,-10.53,-5.3708,15.1848,-0.2808,0.0,-5.6516,-5.6516,-367.35,50.0,-417.35,-1.4011,65
short,2018-09-24 10:15:00+05:30,2018-09-24 11:40:00+05:30,11077.0,11051.115538755092,11097.355234243812,11051.115538755092,True,25.88,42.25,29.2,TRAIL_SL,85,-25.8845,-0.2,-0.215531,0.0006,-10.53,5.3578,13.0651,-2.3868,0.0,2.971,2.971,193.11,50.0,143.11,-11.7277,65
long,2018-09-27 09:40:00+05:30,2018-09-27 10:30:00+05:30,11067.05,11045.767990735038,11045.767990735038,11045.767990735038,False,-21.28,0.0,29.4,STOP_LOSS,50,-21.282,0.2,0.187231,0.0006,-10.53,-4.1341,8.832,-1.404,0.0,-5.5381,-5.5381,-359.98,50.0,-409.98,6.9476,65
short,2018-09-27 14:30:00+05:30,2018-09-27 15:15:00+05:30,10982.75,10978.2,10993.452983020345,10993.452983020345,False,4.55,29.1,2.65,SOFT_EOD_EXIT,45,-4.55,-0.2,-0.20273,0.0006,-10.53,0.9156,0.4037,-1.2636,0.0,-0.348,-0.348,-22.62,50.0,-72.62,-6.2592,65
short,2018-09-28 09:55:00+05:30,2018-09-28 10:30:00+05:30,10962.75,10982.500137971725,10982.500137971725,10982.500137971725,False,-19.75,33.7,22.25,STOP_LOSS,35,19.7501,-0.2,-0.18815,0.0006,-10.53,-3.8447,7.6063,-0.9828,0.0,-4.8275,-4.8275,-313.79,50.0,-363.79,-4.8783,65
short,2018-09-28 14:35:00+05:30,2018-09-28 15:00:00+05:30,10916.15,10886.279488040196,10935.003700502211,10886.279488040196,True,29.87,65.8,0.1,TRAIL_SL,25,-29.8705,-0.2,-0.217922,0.0006,-10.53,6.215,17.3988,-0.702,0.0,5.513,5.513,358.35,50.0,308.35,-3.4917,65
short,2018-10-01 09:30:00+05:30,2018-10-01 11:10:00+05:30,10902.05,10859.448600357226,10921.619743237916,10859.448600357226,True,42.6,54.1,28.65,TRAIL_SL,100,-42.6014,-0.2,-0.225561,0.0006,-10.53,9.0103,35.3901,-2.808,0.0,6.2023,6.2023,403.15,50.0,353.15,-13.7562,65
short,2018-10-03 10:00:00+05:30,2018-10-03 11:55:00+05:30,10932.5,10950.232171190453,10950.232171190453,10950.232171190453,False,-17.73,31.7,23.8,STOP_LOSS,115,17.7322,-0.2,-0.189361,0.0006,-10.53,-3.4615,6.1314,-3.2292,0.0,-6.6907,-6.6907,-434.9,50.0,-484.9,-15.7728,65
short,2018-10-08 09:45:00+05:30,2018-10-08 09:50:00+05:30,10278.35,10304.92318280594,10304.92318280594,10304.92318280594,False,-26.57,4.6,29.8,STOP_LOSS,5,26.5732,-0.2,-0.184056,0.0006,-10.53,-5.124,13.7696,-0.1404,0.0,-5.2644,-5.2644,-342.18,50.0,-392.18,-0.7013,65
short,2018-10-08 10:15:00+05:30,2018-10-08 10:20:00+05:30,10306.75,10331.335765276388,10331.335765276388,10331.335765276388,False,-24.59,5.75,28.05,STOP_LOSS,5,24.5858,-0.2,-0.185249,0.0006,-10.53,-4.7539,11.787,-0.1404,0.0,-4.8943,-4.8943,-318.13,50.0,-368.13,-0.7013,65
long,2018-10-17 09:50:00+05:30,2018-10-17 10:30:00+05:30,10639.3,10615.200029529147,10615.200029529147,10615.200029529147,False,-24.1,14.95,28.5,STOP_LOSS,40,-24.1,0.2,0.18554,0.0006,-10.53,-4.6632,11.3258,-1.1232,0.0,-5.7864,-5.7864,-376.11,50.0,-426.11,5.5695,65
short,2018-10-17 14:40:00+05:30,2018-10-17 15:25:00+05:30,10511.6,10456.473610003062,10525.90374076563,10456.473610003062,True,55.13,74.95,4.25,TRAIL_SL,45,-55.1264,-0.2,-0.233076,0.0006,-10.53,11.8458,59.2589,-1.2636,0.0,10.5822,10.5822,687.84,50.0,637.84,-6.2592,65
short,2018-10-23 10:00:00+05:30,2018-10-23 10:15:00+05:30,10187.8,10202.405755804966,10202.405755804966,10202.405755804966,False,-14.61,5.35,33.35,STOP_LOSS,15,14.6058,-0.2,-0.191237,0.0006,-10.53,-2.8636,4.1599,-0.4212,0.0,-3.2848,-3.2848,-213.51,50.0,-263.51,-2.0994,65
short,2018-10-23 10:25:00+05:30,2018-10-23 10:35:00+05:30,10198.55,10211.141074884074,10211.141074884074,10211.141074884074,False,-12.59,3.55,16.25,STOP_LOSS,10,12.5911,-0.2,-0.192445,0.0006,-10.53,-2.4754,3.0914,-0.2808,0.0,-2.7562,-2.7562,-179.15,50.0,-229.15,-1.4011,65
short,2018-10-24 14:35:00+05:30,2018-10-24 14:40:00+05:30,10152.25,10168.273106422113,10168.273106422113,10168.273106422113,False,-16.02,0.0,28.65,STOP_LOSS,5,16.0231,-0.2,-0.190386,0.0006,-10.53,-3.1353,5.0064,-0.1404,0.0,-3.2757,-3.2757,-212.92,50.0,-262.92,-0.7013,65
short,2018-10-26 09:55:00+05:30,2018-10-26 10:15:00+05:30,10044.7,10060.048280426243,10060.048280426243,10060.048280426243,False,-15.35,11.0,34.05,STOP_LOSS,20,15.3483,-0.2,-0.190791,0.0006,-10.53,-3.0061,4.5936,-0.5616,0.0,-3.5677,-3.5677,-231.9,50.0,-281.9,-2.7963,65
short,2018-10-26 10:25:00+05:30,2018-10-26 10:35:00+05:30,10062.3,10075.691224456155,10075.691224456155,10075.691224456155,False,-13.39,0.1,27.2,STOP_LOSS,10,13.3912,-0.2,-0.191965,0.0006,-10.53,-2.6298,3.4968,-0.2808,0.0,-2.9106,-2.9106,-189.19,50.0,-239.19,-1.4011,65
long,2018-10-29 14:35:00+05:30,2018-10-29 15:25:00+05:30,10173.4,10254.912088638868,10156.802211663655,10254.912088638868,True,81.51,100.75,4.6,TRAIL_SL,50,81.5121,0.2,0.248907,0.0006,-10.53,18.0964,129.5623,-1.404,0.0,16.6924,16.6924,1085.0,50.0,1035.0,6.9476,65
long,2018-10-30 09:40:00+05:30,2018-10-30 10:35:00+05:30,10235.1,10274.227280530604,10211.220517095553,10274.227280530604,True,39.13,49.8,13.55,TRAIL_SL,55,39.1273,0.2,0.223476,0.0006,-10.53,8.2388,29.8534,-1.5444,0.0,6.6944,6.6944,435.14,50.0,385.14,7.6346,65
short,2018-10-30 14:45:00+05:30,2018-10-30 15:15:00+05:30,10208.4,10207.55,10220.356508591281,10220.356508591281,False,0.85,22.3,12.5,SOFT_EOD_EXIT,30,-0.85,-0.2,-0.20051,0.0006,-10.53,0.1702,0.0141,-0.8424,0.0,-0.6722,-0.6722,-43.69,50.0,-93.69,-4.1857,65
long,2018-11-01 09:30:00+05:30,2018-11-01 09:50:00+05:30,10391.7,10364.261136023111,10364.261136023111,10364.261136023111,False,-27.44,12.6,31.75,STOP_LOSS,20,-27.4389,0.2,0.183537,0.0006,-10.53,-5.2845,14.6814,-0.5616,0.0,-5.8461,-5.8461,-380.0,50.0,-430.0,2.7963,65
long,2018-11-01 10:00:00+05:30,2018-11-01 10:45:00+05:30,10376.4,10399.113543363354,10353.090576856544,10399.113543363354,True,22.71,37.35,4.8,TRAIL_SL,45,22.7135,0.2,0.213628,0.0006,-10.53,4.682,10.0601,-1.2636,0.0,3.4184,3.4184,222.2,50.0,172.2,6.2592,65
short,2018-11-05 09:35:00+05:30,2018-11-05 11:40:00+05:30,10538.2,10489.38155642684,10553.054152850562,10489.38155642684,True,48.82,61.0,12.6,TRAIL_SL,125,-48.8184,-0.2,-0.229291,0.0006,-10.53,10.4072,46.4732,-3.51,0.0,6.8972,6.8972,448.32,50.0,398.32,-17.1108,65
long,2018-11-06 09:45:00+05:30,2018-11-06 10:50:00+05:30,10568.9,10548.997238663684,10548.997238663684,10548.997238663684,False,-19.9,7.1,20.5,STOP_LOSS,65,-19.9028,0.2,0.188058,0.0006,-10.53,-3.8736,7.7243,-1.8252,0.0,-5.6988,-5.6988,-370.42,50.0,-420.42,9.0044,65
short,2018-11-06 14:30:00+05:30,2018-11-06 15:00:00+05:30,10521.8,10533.554986522278,10533.554986522278,10533.554986522278,False,-11.75,16.8,17.1,STOP_LOSS,30,11.755,-0.2,-0.192947,0.0006,-10.53,-2.3137,2.6945,-0.8424,0.0,-3.1561,-3.1561,-205.15,50.0,-255.15,-4.1857,65
long,2018-11-09 09:50:00+05:30,2018-11-09 11:15:00+05:30,10559.25,10613.478674050339,10537.935369242832,10613.478674050339,True,54.23,59.85,1.25,TRAIL_SL,85,54.2287,0.2,0.232537,0.0006,-10.53,11.6397,57.3446,-2.3868,0.0,9.2529,9.2529,601.44,50.0,551.44,11.7277,65
long,2018-11-12 09:45:00+05:30,2018-11-12 10:00:00+05:30,10620.05,10604.455421899096,10604.455421899096,10604.455421899096,False,-15.59,3.35,20.55,STOP_LOSS,15,-15.5946,0.2,0.190643,0.0006,-10.53,-3.0533,4.7422,-0.4212,0.0,-3.4745,-3.4745,-225.84,50.0,-275.84,2.0994,65
short,2018-11-12 14:30:00+05:30,2018-11-12 15:25:00+05:30,10520.7,10475.469941804025,10527.780751982855,10475.469941804025,True,45.23,56.35,8.65,TRAIL_SL,55,-45.2301,-0.2,-0.227138,0.0006,-10.53,9.5984,39.8923,-1.5444,0.0,8.054,8.054,523.51,50.0,473.51,-7.6346,65
short,2018-11-13 09:50:00+05:30,2018-11-13 12:10:00+05:30,10485.85,10497.339621416839,10497.339621416839,10497.339621416839,False,-11.49,28.8,17.8,STOP_LOSS,140,11.4896,-0.2,-0.193106,0.0006,-10.53,-2.2623,2.5742,-3.9312,0.0,-6.1935,-6.1935,-402.58,50.0,-452.58,-19.1083,65
long,2018-11-14 09:35:00+05:30,2018-11-14 09:50:00+05:30,10616.85,10597.038330737243,10597.038330737243,10597.038330737243,False,-19.81,0.4,35.6,STOP_LOSS,15,-19.8117,0.2,0.188113,0.0006,-10.53,-3.8564,7.6538,-0.4212,0.0,-4.2776,-4.2776,-278.04,50.0,-328.04,2.0994,65
short,2018-11-14 14:35:00+05:30,2018-11-14 14:40:00+05:30,10552.4,10563.968211031148,10563.968211031148,10563.968211031148,False,-11.57,0.75,22.2,STOP_LOSS,5,11.5682,-0.2,-0.193059,0.0006,-10.53,-2.2775,2.6096,-0.1404,0.0,-2.4179,-2.4179,-157.16,50.0,-207.16,-0.7013,65
long,2018-11-19 09:35:00+05:30,2018-11-19 13:50:00+05:30,10699.85,10721.61004538298,10681.083575242292,10721.61004538298,True,21.76,28.4,10.6,TRAIL_SL,255,21.76,0.2,0.213056,0.0006,-10.53,4.4799,9.2332,-7.1604,0.0,-2.6805,-2.6805,-174.24,50.0,-224.24,34.0617,65
short,2018-11-26 09:30:00+05:30,2018-11-26 11:35:00+05:30,10538.7,10501.812036685942,10552.991522948385,10501.812036685942,True,36.89,44.4,9.4,TRAIL_SL,125,-36.888,-0.2,-0.222133,0.0006,-10.53,7.745,26.5341,-3.51,0.0,4.235,4.235,275.27,50.0,225.27,-17.1108,65
long,2018-11-27 09:35:00+05:30,2018-11-27 10:00:00+05:30,10622.55,10607.80086751247,10607.80086751247,10607.80086751247,False,-14.75,8.85,25.15,STOP_LOSS,25,-14.7491,0.2,0.191151,0.0006,-10.53,-2.8911,4.242,-0.702,0.0,-3.5931,-3.5931,-233.55,50.0,-283.55,3.4917,65
long,2018-11-28 10:20:00+05:30,2018-11-28 12:30:00+05:30,10726.9,10751.575534690517,10715.587558634776,10751.575534690517,True,24.68,30.8,8.1,TRAIL_SL,130,24.6755,0.2,0.214805,0.0006,-10.53,5.0995,11.8732,-3.6504,0.0,1.4491,1.4491,94.19,50.0,44.19,17.7779,65
long,2018-11-29 14:30:00+05:30,2018-11-29 15:05:00+05:30,10864.9,10853.10752388644,10853.10752388644,10853.10752388644,False,-11.79,14.15,17.1,STOP_LOSS,35,-11.7925,0.2,0.192925,0.0006,-10.53,-2.3209,2.7117,-0.9828,0.0,-3.3037,-3.3037,-214.74,50.0,-264.74,4.8783,65
long,2018-11-30 09:50:00+05:30,2018-11-30 11:35:00+05:30,10901.05,10884.716795892831,10884.716795892831,10884.716795892831,False,-16.33,12.6,19.5,STOP_LOSS,105,-16.3332,0.2,0.1902,0.0006,-10.53,-3.1946,5.2021,-2.9484,0.0,-6.143,-6.143,-399.3,50.0,-449.3,14.4297,65
long,2018-12-03 10:00:00+05:30,2018-12-03 11:00:00+05:30,10912.45,10897.386450833768,10897.386450833768,10897.386450833768,False,-15.06,13.25,24.8,STOP_LOSS,60,-15.0635,0.2,0.190962,0.0006,-10.53,-2.9514,4.4248,-1.6848,0.0,-4.6362,-4.6362,-301.36,50.0,-351.36,8.3202,65
short,2018-12-05 10:05:00+05:30,2018-12-05 15:00:00+05:30,10799.75,10764.14241090887,10807.916367117361,10764.14241090887,True,35.61,51.7,9.45,TRAIL_SL,295,-35.6076,-0.2,-0.221365,0.0006,-10.53,7.4639,24.7241,-8.2836,0.0,-0.8197,-0.8197,-53.28,50.0,-103.28,-39.1222,65
short,2018-12-10 10:20:00+05:30,2018-12-10 11:20:00+05:30,10511.4,10523.386088981237,10523.386088981237,10523.386088981237,False,-11.99,6.7,23.7,STOP_LOSS,60,11.9861,-0.2,-0.192808,0.0006,-10.53,-2.3584,2.8015,-1.6848,0.0,-4.0432,-4.0432,-262.81,50.0,-312.81,-8.3202,65
short,2018-12-10 14:40:00+05:30,2018-12-10 15:15:00+05:30,10502.9,10486.45,10511.167208735826,10511.167208735826,False,16.45,21.9,5.35,SOFT_EOD_EXIT,35,-16.45,-0.2,-0.20987,0.0006,-10.53,3.3631,5.2767,-0.9828,0.0,2.3803,2.3803,154.72,50.0,104.72,-4.8783,65
short,2018-12-11 09:50:00+05:30,2018-12-11 10:20:00+05:30,10385.65,10407.222363396291,10407.222363396291,10407.222363396291,False,-21.57,13.8,38.75,STOP_LOSS,30,21.5724,-0.2,-0.187057,0.0006,-10.53,-4.1888,9.0747,-0.8424,0.0,-5.0312,-5.0312,-327.03,50.0,-377.03,-4.1857,65
long,2018-12-12 10:10:00+05:30,2018-12-12 10:40:00+05:30,10635.6,10666.539429671802,10620.376044755787,10666.539429671802,True,30.94,39.45,2.8,TRAIL_SL,30,30.9394,0.2,0.218564,0.0006,-10.53,6.4463,18.6663,-0.8424,0.0,5.6039,5.6039,364.26,50.0,314.26,4.1857,65
long,2018-12-13 10:20:00+05:30,2018-12-13 11:05:00+05:30,10800.75,10787.52091982863,10787.52091982863,10787.52091982863,False,-13.23,9.3,20.8,STOP_LOSS,45,-13.2291,0.2,0.192063,0.0006,-10.53,-2.5986,3.4127,-1.2636,0.0,-3.8622,-3.8622,-251.04,50.0,-301.04,6.2592,65
long,2018-12-17 10:00:00+05:30,2018-12-17 10:55:00+05:30,10850.35,10869.275825736304,10837.069354157295,10869.275825736304,True,18.93,27.65,1.7,TRAIL_SL,55,18.9258,0.2,0.211355,0.0006,-10.53,3.8819,6.9846,-1.5444,0.0,2.3375,2.3375,151.94,50.0,101.94,7.6346,65
long,2018-12-19 10:15:00+05:30,2018-12-19 10:50:00+05:30,10952.75,10943.794337253681,10943.794337253681,10943.794337253681,False,-8.96,9.8,9.95,STOP_LOSS,35,-8.9557,0.2,0.194627,0.0006,-10.53,-1.7695,1.564,-0.9828,0.0,-2.7523,-2.7523,-178.9,50.0,-228.9,4.8783,65
short,2018-12-20 09:45:00+05:30,2018-12-20 10:45:00+05:30,10924.0,10894.464471715419,10934.535567551244,10894.464471715419,True,29.54,42.55,11.55,TRAIL_SL,60,-29.5355,-0.2,-0.217721,0.0006,-10.53,6.1426,17.0108,-1.6848,0.0,4.4578,4.4578,289.76,50.0,239.76,-8.3202,65
short,2018-12-24 09:40:00+05:30,2018-12-24 12:00:00+05:30,10747.4,10718.979300304492,10761.75430722206,10718.979300304492,True,28.42,38.6,1.2,TRAIL_SL,140,-28.4207,-0.2,-0.217052,0.0006,-10.53,5.9022,15.7509,-3.9312,0.0,1.971,1.971,128.12,50.0,78.12,-19.1083,65
short,2018-12-27 14:50:00+05:30,2018-12-27 14:55:00+05:30,10783.5,10792.858392920743,10792.858392920743,10792.858392920743,False,-9.36,0.0,17.15,STOP_LOSS,5,9.3584,-0.2,-0.194385,0.0006,-10.53,-1.848,1.7078,-0.1404,0.0,-1.9884,-1.9884,-129.25,50.0,-179.25,-0.7013,65
short,2019-01-03 14:30:00+05:30,2019-01-03 15:15:00+05:30,10683.25,10672.55,10692.770222405607,10692.770222405607,False,10.7,20.9,7.7,SOFT_EOD_EXIT,45,-10.7,-0.2,-0.20642,0.0006,-10.53,2.1709,2.2326,-1.2636,0.0,0.9073,0.9073,58.98,50.0,8.98,-6.2592,65
short,2019-01-04 14:30:00+05:30,2019-01-04 14:40:00+05:30,10690.45,10703.46239981001,10703.46239981001,10703.46239981001,False,-13.01,2.2,28.5,STOP_LOSS,10,13.0124,-0.2,-0.192193,0.0006,-10.53,-2.5568,3.3018,-0.2808,0.0,-2.8376,-2.8376,-184.44,50.0,-234.44,-1.4011,65
long,2019-01-07 09:45:00+05:30,2019-01-07 10:55:00+05:30,10783.0,10819.990131942524,10762.621936465759,10819.990131942524,True,36.99,52.8,0.8,TRAIL_SL,70,36.9901,0.2,0.222194,0.0006,-10.53,7.7675,26.6813,-1.9656,0.0,5.8019,5.8019,377.12,50.0,327.12,9.6872,65
short,2019-01-08 09:30:00+05:30,2019-01-08 09:50:00+05:30,10759.85,10770.858575927148,10770.858575927148,10770.858575927148,False,-11.01,20.45,17.0,STOP_LOSS,20,11.0086,-0.2,-0.193395,0.0006,-10.53,-2.169,2.3632,-0.5616,0.0,-2.7306,-2.7306,-177.49,50.0,-227.49,-2.7963,65
long,2019-01-08 14:40:00+05:30,2019-01-08 15:15:00+05:30,10800.85,10804.0,10789.216361050141,10789.216361050141,False,3.15,10.85,7.95,SOFT_EOD_EXIT,35,3.15,0.2,0.20189,0.0006,-10.53,0.6327,0.1935,-0.9828,0.0,-0.3501,-0.3501,-22.76,50.0,-72.76,4.8783,65
long,2019-01-09 10:05:00+05:30,2019-01-09 10:55:00+05:30,10854.5,10840.35637728362,10840.35637728362,10840.35637728362,False,-14.14,5.4,14.95,STOP_LOSS,50,-14.1436,0.2,0.191514,0.0006,-10.53,-2.7747,3.9008,-1.404,0.0,-4.1787,-4.1787,-271.62,50.0,-321.62,6.9476,65
short,2019-01-09 14:35:00+05:30,2019-01-09 14:40:00+05:30,10801.2,10814.473257032803,10814.473257032803,10814.473257032803,False,-13.27,5.25,21.3,STOP_LOSS,5,13.2733,-0.2,-0.192036,0.0006,-10.53,-2.6071,3.4355,-0.1404,0.0,-2.7475,-2.7475,-178.59,50.0,-228.59,-0.7013,65
long,2019-01-11 09:50:00+05:30,2019-01-11 10:20:00+05:30,10836.35,10823.463540754883,10823.463540754883,10823.463540754883,False,-12.89,1.9,26.1,STOP_LOSS,30,-12.8865,0.2,0.192268,0.0006,-10.53,-2.5325,3.2382,-0.8424,0.0,-3.3749,-3.3749,-219.37,50.0,-269.37,4.1857,65
long,2019-01-15 10:20:00+05:30,2019-01-15 11:10:00+05:30,10817.15,10841.50303843807,10806.270008867254,10841.50303843807,True,24.35,31.5,1.65,TRAIL_SL,50,24.353,0.2,0.214612,0.0006,-10.53,5.0307,11.5649,-1.404,0.0,3.6267,3.6267,235.74,50.0,185.74,6.9476,65
long,2019-01-16 10:10:00+05:30,2019-01-16 10:25:00+05:30,10912.7,10901.817677158058,10901.817677158058,10901.817677158058,False,-10.88,2.85,12.35,STOP_LOSS,15,-10.8823,0.2,0.193471,0.0006,-10.53,-2.1445,2.3093,-0.4212,0.0,-2.5657,-2.5657,-166.77,50.0,-216.77,2.0994,65
short,2019-01-22 10:15:00+05:30,2019-01-22 12:10:00+05:30,10917.75,10876.49107283913,10925.01350625122,10876.49107283913,True,41.26,53.25,3.1,TRAIL_SL,115,-41.2589,-0.2,-0.224755,0.0006,-10.53,8.7114,33.1948,-3.2292,0.0,5.4822,5.4822,356.34,50.0,306.34,-15.7728,65
short,2019-01-24 09:55:00+05:30,2019-01-24 10:25:00+05:30,10827.55,10837.533778560348,10837.533778560348,10837.533778560348,False,-9.98,9.05,14.9,STOP_LOSS,30,9.9838,-0.2,-0.19401,0.0006,-10.53,-1.9698,1.9437,-0.8424,0.0,-2.8122,-2.8122,-182.8,50.0,-232.8,-4.1857,65
short,2019-01-28 10:25:00+05:30,2019-01-28 11:40:00+05:30,10722.95,10676.043539195713,10734.491922907546,10676.043539195713,True,46.91,58.65,2.3,TRAIL_SL,75,-46.9065,-0.2,-0.228144,0.0006,-10.53,9.9754,42.9042,-2.106,0.0,7.8694,7.8694,511.51,50.0,461.51,-10.3687,65
short,2019-01-29 14:30:00+05:30,2019-01-29 15:00:00+05:30,10603.5,10613.711395323531,10613.711395323531,10613.711395323531,False,-10.21,13.8,27.4,STOP_LOSS,30,10.2114,-0.2,-0.193873,0.0006,-10.53,-2.0141,2.0333,-0.8424,0.0,-2.8565,-2.8565,-185.67,50.0,-235.67,-4.1857,65
long,2019-01-31 14:45:00+05:30,2019-01-31 15:25:00+05:30,10796.9,10825.36503018429,10782.154526055509,10825.36503018429,True,28.47,41.05,0.0,TRAIL_SL,40,28.465,0.2,0.217079,0.0006,-10.53,5.9118,15.8,-1.1232,0.0,4.7886,4.7886,311.26,50.0,261.26,5.5695,65
long,2019-02-01 10:15:00+05:30,2019-02-01 12:40:00+05:30,10869.6,10943.202198082732,10855.564401349493,10943.202198082732,True,73.6,88.6,20.4,TRAIL_SL,145,73.6022,0.2,0.244161,0.0006,-10.53,16.1831,105.637,-4.0716,0.0,12.1115,12.1115,787.25,50.0,737.25,19.7716,65
short,2019-02-01 14:40:00+05:30,2019-02-01 14:45:00+05:30,10861.75,10881.998114500107,10881.998114500107,10881.998114500107,False,-20.25,9.6,32.65,STOP_LOSS,5,20.2481,-0.2,-0.187851,0.0006,-10.53,-3.9389,7.9947,-0.1404,0.0,-4.0793,-4.0793,-265.16,50.0,-315.16,-0.7013,65
short,2019-02-01 14:50:00+05:30,2019-02-01 15:05:00+05:30,10869.6,10890.735250446747,10890.735250446747,10890.735250446747,False,-21.14,6.95,34.3,STOP_LOSS,15,21.1353,-0.2,-0.187319,0.0006,-10.53,-4.1064,8.7106,-0.4212,0.0,-4.5276,-4.5276,-294.3,50.0,-344.3,-2.0994,65
short,2019-02-04 10:05:00+05:30,2019-02-04 12:05:00+05:30,10849.3,10861.82280430309,10861.82280430309,10861.82280430309,False,-12.52,17.4,18.15,STOP_LOSS,120,12.5228,-0.2,-0.192486,0.0006,-10.53,-2.4622,3.058,-3.3696,0.0,-5.8318,-5.8318,-379.07,50.0,-429.07,-16.4425,65
long,2019-02-05 09:30:00+05:30,2019-02-05 12:15:00+05:30,10907.1,10941.686245801016,10887.86995862335,10941.686245801016,True,34.59,41.25,11.8,TRAIL_SL,165,34.5862,0.2,0.220752,0.0006,-10.53,7.2402,23.3261,-4.6332,0.0,2.607,2.607,169.46,50.0,119.46,22.4125,65
long,2019-02-06 10:05:00+05:30,2019-02-06 10:25:00+05:30,11002.25,10987.651362695964,10987.651362695964,10987.651362695964,False,-14.6,2.25,23.1,STOP_LOSS,20,-14.5986,0.2,0.191241,0.0006,-10.53,-2.8622,4.1558,-0.5616,0.0,-3.4238,-3.4238,-222.55,50.0,-272.55,2.7963,65
long,2019-02-06 14:30:00+05:30,2019-02-06 15:15:00+05:30,11051.2,11061.4,11040.732961602125,11040.732961602125,False,10.2,14.0,9.85,SOFT_EOD_EXIT,45,10.2,0.2,0.20612,0.0006,-10.53,2.0681,2.0288,-1.2636,0.0,0.8045,0.8045,52.29,50.0,2.29,6.2592,65
long,2019-02-07 09:50:00+05:30,2019-02-07 12:00:00+05:30,11085.95,11073.553652637987,11073.553652637987,11073.553652637987,False,-12.4,31.95,20.15,STOP_LOSS,130,-12.3963,0.2,0.192562,0.0006,-10.53,-2.4378,2.9966,-3.6504,0.0,-6.0882,-6.0882,-395.73,50.0,-445.73,17.7779,65
short,2019-02-11 10:15:00+05:30,2019-02-11 11:50:00+05:30,10881.2,10891.389654164104,10891.389654164104,10891.389654164104,False,-10.19,17.55,16.2,STOP_LOSS,95,10.1897,-0.2,-0.193886,0.0006,-10.53,-2.0099,2.0247,-2.6676,0.0,-4.6775,-4.6775,-304.04,50.0,-354.04,-13.0813,65
short,2019-02-12 10:10:00+05:30,2019-02-12 10:45:00+05:30,10873.85,10882.598996902296,10882.598996902296,10882.598996902296,False,-8.75,2.25,18.5,STOP_LOSS,35,8.749,-0.2,-0.194751,0.0006,-10.53,-1.7291,1.4926,-0.9828,0.0,-2.7119,-2.7119,-176.28,50.0,-226.28,-4.8783,65
short,2019-02-14 09:45:00+05:30,2019-02-14 11:20:00+05:30,10770.75,10740.959575747505,10779.998251403613,10740.959575747505,True,29.79,34.45,0.25,TRAIL_SL,95,-29.7904,-0.2,-0.217874,0.0006,-10.53,6.1977,17.3057,-2.6676,0.0,3.5301,3.5301,229.46,50.0,179.46,-13.0813,65
short,2019-02-18 10:10:00+05:30,2019-02-18 11:30:00+05:30,10677.25,10646.036571169565,10689.040220850817,10646.036571169565,True,31.21,37.6,4.1,TRAIL_SL,80,-31.2134,-0.2,-0.218728,0.0006,-10.53,6.5057,18.9984,-2.2464,0.0,4.2593,4.2593,276.86,50.0,226.86,-11.0489,65
long,2019-02-21 09:30:00+05:30,2019-02-21 11:45:00+05:30,10735.75,10770.11967248028,10717.978527378953,10770.11967248028,True,34.37,42.55,14.1,TRAIL_SL,135,34.3697,0.2,0.220622,0.0006,-10.53,7.1929,23.0349,-3.7908,0.0,3.4021,3.4021,221.14,50.0,171.14,18.4437,65
long,2019-02-21 14:30:00+05:30,2019-02-21 14:35:00+05:30,10792.6,10782.587329806873,10782.587329806873,10782.587329806873,False,-10.01,0.0,15.45,STOP_LOSS,5,-10.0127,0.2,0.193992,0.0006,-10.53,-1.9755,1.9549,-0.1404,0.0,-2.1159,-2.1159,-137.53,50.0,-187.53,0.7013,65
short,2019-02-22 09:50:00+05:30,2019-02-22 10:00:00+05:30,10770.55,10777.606260581319,10777.606260581319,10777.606260581319,False,-7.06,1.35,11.75,STOP_LOSS,10,7.0563,-0.2,-0.195766,0.0006,-10.53,-1.3978,0.9709,-0.2808,0.0,-1.6786,-1.6786,-109.11,50.0,-159.11,-1.4011,65
short,2019-02-26 10:20:00+05:30,2019-02-26 10:30:00+05:30,10762.9,10775.402721105174,10775.402721105174,10775.402721105174,False,-12.5,0.5,18.05,STOP_LOSS,10,12.5027,-0.2,-0.192498,0.0006,-10.53,-2.4583,3.0482,-0.2808,0.0,-2.7391,-2.7391,-178.04,50.0,-228.04,-1.4011,65
long,2019-02-27 10:20:00+05:30,2019-02-27 11:00:00+05:30,10911.5,10933.019256334866,10902.053769290198,10933.019256334866,True,21.52,28.05,2.05,TRAIL_SL,40,21.5193,0.2,0.212912,0.0006,-10.53,4.4289,9.03,-1.1232,0.0,3.3057,3.3057,214.87,50.0,164.87,5.5695,65
long,2019-03-01 10:00:00+05:30,2019-03-01 12:40:00+05:30,10849.65,10836.4064205384,10836.4064205384,10836.4064205384,False,-13.24,9.95,16.4,STOP_LOSS,160,-13.2436,0.2,0.192054,0.0006,-10.53,-2.6014,3.4202,-4.4928,0.0,-7.0942,-7.0942,-461.12,50.0,-511.12,21.7541,65
long,2019-03-06 10:10:00+05:30,2019-03-06 10:15:00+05:30,11031.85,11019.132430777749,11019.132430777749,11019.132430777749,False,-12.72,5.5,17.2,STOP_LOSS,5,-12.7176,0.2,0.192369,0.0006,-10.53,-2.4998,3.1539,-0.1404,0.0,-2.6402,-2.6402,-171.62,50.0,-221.62,0.7013,65
long,2019-03-06 10:25:00+05:30,2019-03-06 12:30:00+05:30,11019.05,11043.149582676064,11002.62569790184,11043.149582676064,True,24.1,30.2,6.0,TRAIL_SL,125,24.0996,0.2,0.21446,0.0006,-10.53,4.9767,11.3254,-3.51,0.0,1.4667,1.4667,95.34,50.0,45.34,17.1108,65
long,2019-03-07 14:45:00+05:30,2019-03-07 15:00:00+05:30,11078.85,11070.026683987162,11070.026683987162,11070.026683987162,False,-8.82,0.7,13.75,STOP_LOSS,15,-8.8233,0.2,0.194706,0.0006,-10.53,-1.7436,1.5181,-0.4212,0.0,-2.1648,-2.1648,-140.71,50.0,-190.71,2.0994,65
short,2019-03-08 09:30:00+05:30,2019-03-08 10:05:00+05:30,11046.35,11019.777745266163,11056.077963948956,11019.777745266163,True,26.57,36.65,0.4,TRAIL_SL,35,-26.5723,-0.2,-0.215943,0.0006,-10.53,5.5051,13.7687,-0.9828,0.0,4.5223,4.5223,293.95,50.0,243.95,-4.8783,65
short,2019-03-08 10:05:00+05:30,2019-03-08 11:20:00+05:30,11027.7,11037.224224038344,11037.224224038344,11037.224224038344,False,-9.52,8.3,10.0,STOP_LOSS,75,9.5242,-0.2,-0.194285,0.0006,-10.53,-1.8804,1.7689,-2.106,0.0,-3.9864,-3.9864,-259.11,50.0,-309.11,-10.3687,65
long,2019-03-13 10:00:00+05:30,2019-03-13 10:15:00+05:30,11316.35,11300.633820705427,11300.633820705427,11300.633820705427,False,-15.72,1.95,28.8,STOP_LOSS,15,-15.7162,0.2,0.19057,0.0006,-10.53,-3.0765,4.8165,-0.4212,0.0,-3.4977,-3.4977,-227.35,50.0,-277.35,2.0994,65
long,2019-03-14 09:55:00+05:30,2019-03-14 10:10:00+05:30,11366.4,11352.711695149366,11352.711695149366,11352.711695149366,False,-13.69,3.3,20.65,STOP_LOSS,15,-13.6883,0.2,0.191787,0.0006,-10.53,-2.6871,3.6537,-0.4212,0.0,-3.1083,-3.1083,-202.04,50.0,-252.04,2.0994,65
long,2019-03-15 10:25:00+05:30,2019-03-15 11:45:00+05:30,11416.0,11405.4531238631,11405.4531238631,11405.4531238631,False,-10.55,4.8,15.9,STOP_LOSS,80,-10.5469,0.2,0.193672,0.0006,-10.53,-2.0793,2.1691,-2.2464,0.0,-4.3257,-4.3257,-281.17,50.0,-331.17,11.0489,65
long,2019-03-15 14:55:00+05:30,2019-03-15 15:00:00+05:30,11475.8,11465.09133643,11465.09133643,11465.09133643,False,-10.71,0.0,35.3,STOP_LOSS,5,-10.7087,0.2,0.193575,0.0006,-10.53,-2.1108,2.2362,-0.1404,0.0,-2.2512,-2.2512,-146.33,50.0,-196.33,0.7013,65
long,2019-03-18 09:55:00+05:30,2019-03-18 10:25:00+05:30,11506.4,11486.908091708276,11486.908091708276,11486.908091708276,False,-19.49,5.25,24.85,STOP_LOSS,30,-19.4919,0.2,0.188305,0.0006,-10.53,-3.7958,7.4087,-0.8424,0.0,-4.6382,-4.6382,-301.48,50.0,-351.48,4.1857,65
long,2019-03-19 09:35:00+05:30,2019-03-19 14:05:00+05:30,11464.45,11502.862234585964,11446.361845814867,11502.862234585964,True,38.41,47.3,12.9,TRAIL_SL,270,38.4122,0.2,0.223047,0.0006,-10.53,8.0808,28.7722,-7.5816,0.0,0.4992,0.4992,32.45,50.0,-17.55,35.9675,65
long,2019-03-19 14:50:00+05:30,2019-03-20 09:15:00+05:30,11502.55,11533.629534812157,11487.985102763174,11533.629534812157,True,31.08,49.4,2.35,TRAIL_SL,1105,31.0795,0.2,0.218648,0.0006,-10.53,6.4767,18.8358,-31.0284,0.0,-24.5517,-24.5517,-1595.86,50.0,-1645.86,129.8503,65
long,2019-03-20 10:00:00+05:30,2019-03-20 12:10:00+05:30,11533.6,11520.810098527458,11520.810098527458,11520.810098527458,False,-12.79,18.9,14.5,STOP_LOSS,130,-12.7899,0.2,0.192326,0.0006,-10.53,-2.5138,3.1898,-3.6504,0.0,-6.1642,-6.1642,-400.67,50.0,-450.67,17.7779,65
long,2019-03-22 10:10:00+05:30,2019-03-22 10:25:00+05:30,11557.45,11545.042133818106,11545.042133818106,11545.042133818106,False,-12.41,2.5,16.5,STOP_LOSS,15,-12.4079,0.2,0.192555,0.0006,-10.53,-2.44,3.0021,-0.4212,0.0,-2.8612,-2.8612,-185.98,50.0,-235.98,2.0994,65
short,2019-03-25 10:10:00+05:30,2019-03-25 13:05:00+05:30,11363.5,11332.978113231862,11374.115471264078,11332.978113231862,True,30.52,35.1,9.5,TRAIL_SL,175,-30.5219,-0.2,-0.218313,0.0006,-10.53,6.3559,18.1659,-4.914,0.0,1.4419,1.4419,93.72,50.0,43.72,-23.7256,65
long,2019-03-27 09:35:00+05:30,2019-03-27 10:30:00+05:30,11507.5,11527.357943997618,11490.219551197208,11527.357943997618,True,19.86,27.0,6.85,TRAIL_SL,55,19.8579,0.2,0.211915,0.0006,-10.53,4.0781,7.6896,-1.5444,0.0,2.5337,2.5337,164.69,50.0,114.69,7.6346,65
short,2019-03-27 14:50:00+05:30,2019-03-27 15:15:00+05:30,11469.7,11439.6,11484.367955204938,11484.367955204938,False,30.1,30.95,3.55,SOFT_EOD_EXIT,25,-30.1,-0.2,-0.21806,0.0006,-10.53,6.2646,17.6672,-0.702,0.0,5.5626,5.5626,361.57,50.0,311.57,-3.4917,65
long,2019-03-28 10:20:00+05:30,2019-03-28 14:25:00+05:30,11502.35,11554.991820725534,11487.922870144468,11554.991820725534,True,52.64,62.7,13.1,TRAIL_SL,245,52.6418,0.2,0.231585,0.0006,-10.53,11.2766,54.0376,-6.8796,0.0,4.397,4.397,285.8,50.0,235.8,32.7857,65
long,2019-03-28 14:55:00+05:30,2019-03-29 09:25:00+05:30,11550.15,11613.005051808499,11536.464794336069,11613.005051808499,True,62.86,79.4,3.15,TRAIL_SL,1110,62.8551,0.2,0.237713,0.0006,-10.53,13.6377,77.0398,-31.1688,0.0,-17.5311,-17.5311,-1139.52,50.0,-1189.52,130.3553,65
long,2019-03-29 09:30:00+05:30,2019-03-29 10:55:00+05:30,11595.05,11575.704166716769,11575.704166716769,11575.704166716769,False,-19.35,4.55,24.75,STOP_LOSS,85,-19.3458,0.2,0.188393,0.0006,-10.53,-3.7681,7.2981,-2.3868,0.0,-6.1549,-6.1549,-400.07,50.0,-450.07,11.7277,65
long,2019-03-29 14:40:00+05:30,2019-03-29 15:15:00+05:30,11608.0,11620.65,11595.298261757938,11595.298261757938,False,12.65,21.35,0.05,SOFT_EOD_EXIT,35,12.65,0.2,0.20759,0.0006,-10.53,2.5732,3.1204,-0.9828,0.0,1.5904,1.5904,103.38,50.0,53.38,4.8783,65
short,2019-04-02 09:40:00+05:30,2019-04-02 11:25:00+05:30,11679.95,11692.324664522022,11692.324664522022,11692.324664522022,False,-12.37,20.05,15.1,STOP_LOSS,105,12.3747,-0.2,-0.192575,0.0006,-10.53,-2.4336,2.9861,-2.9484,0.0,-5.382,-5.382,-349.83,50.0,-399.83,-14.4297,65
long,2019-04-03 10:15:00+05:30,2019-04-03 11:30:00+05:30,11743.15,11731.582271352581,11731.582271352581,11731.582271352581,False,-11.57,12.4,15.3,STOP_LOSS,75,-11.5677,0.2,0.193059,0.0006,-10.53,-2.2774,2.6093,-2.106,0.0,-4.3834,-4.3834,-284.92,50.0,-334.92,10.3687,65
short,2019-04-04 09:30:00+05:30,2019-04-04 12:15:00+05:30,11652.35,11618.652299481193,11664.024485575997,11618.652299481193,True,33.7,54.8,4.65,TRAIL_SL,165,-33.6977,-0.2,-0.220219,0.0006,-10.53,7.0461,22.1429,-4.6332,0.0,2.4129,2.4129,156.84,50.0,106.84,-22.4125,65
short,2019-04-04 14:45:00+05:30,2019-04-04 15:05:00+05:30,11588.75,11599.612933191791,11599.612933191791,11599.612933191791,False,-10.86,11.55,19.05,STOP_LOSS,20,10.8629,-0.2,-0.193482,0.0006,-10.53,-2.1407,2.3011,-0.5616,0.0,-2.7023,-2.7023,-175.65,50.0,-225.65,-2.7963,65
long,2019-04-10 09:30:00+05:30,2019-04-10 11:00:00+05:30,11668.7,11649.99371530891,11649.99371530891,11649.99371530891,False,-18.71,11.25,26.5,STOP_LOSS,90,-18.7063,0.2,0.188776,0.0006,-10.53,-3.6468,6.8235,-2.5272,0.0,-6.174,-6.174,-401.31,50.0,-451.31,12.4052,65
short,2019-04-10 14:30:00+05:30,2019-04-10 15:15:00+05:30,11609.8,11583.15,11620.312520891392,11620.312520891392,False,26.65,37.5,6.35,SOFT_EOD_EXIT,45,-26.65,-0.2,-0.21599,0.0006,-10.53,5.5218,13.8493,-1.2636,0.0,4.2582,4.2582,276.78,50.0,226.78,-6.2592,65
short,2019-04-11 09:30:00+05:30,2019-04-11 15:15:00+05:30,11590.0,11598.9113288739,11598.9113288739,11598.9113288739,False,-8.91,39.3,13.95,STOP_LOSS,345,8.9113,-0.2,-0.194653,0.0006,-10.53,-1.7608,1.5485,-9.6876,0.0,-11.4484,-11.4484,-744.15,50.0,-794.15,-45.3527,65
long,2019-04-15 09:30:00+05:30,2019-04-15 12:15:00+05:30,11654.95,11681.775335332608,11639.30171844494,11681.775335332608,True,26.83,31.35,6.4,TRAIL_SL,165,26.8253,0.2,0.216095,0.0006,-10.53,5.5594,14.0322,-4.6332,0.0,0.9262,0.9262,60.2,50.0,10.2,22.4125,65
long,2019-04-16 14:40:00+05:30,2019-04-16 15:00:00+05:30,11801.3,11792.128730594617,11792.128730594617,11792.128730594617,False,-9.17,0.05,21.55,STOP_LOSS,20,-9.1713,0.2,0.194497,0.0006,-10.53,-1.8115,1.6402,-0.5616,0.0,-2.3731,-2.3731,-154.25,50.0,-204.25,2.7963,65
short,2019-04-22 10:15:00+05:30,2019-04-22 13:35:00+05:30,11666.5,11633.647500413968,11676.08397529076,11633.647500413968,True,32.85,40.95,5.0,TRAIL_SL,200,-32.8525,-0.2,-0.219711,0.0006,-10.53,6.8619,21.0461,-5.616,0.0,1.2459,1.2459,80.98,50.0,30.98,-26.9875,65
short,2019-04-23 10:15:00+05:30,2019-04-23 10:20:00+05:30,11604.2,11615.265308191772,11615.265308191772,11615.265308191772,False,-11.07,2.7,15.0,STOP_LOSS,5,11.0653,-0.2,-0.193361,0.0006,-10.53,-2.18,2.3876,-0.1404,0.0,-2.3204,-2.3204,-150.83,50.0,-200.83,-0.7013,65
long,2019-04-25 09:45:00+05:30,2019-04-25 11:30:00+05:30,11734.95,11788.165985110392,11721.063403747548,11788.165985110392,True,53.22,61.65,0.45,TRAIL_SL,105,53.216,0.2,0.23193,0.0006,-10.53,11.4078,55.2229,-2.9484,0.0,8.4594,8.4594,549.86,50.0,499.86,14.4297,65
short,2019-04-25 14:30:00+05:30,2019-04-25 15:25:00+05:30,11730.7,11642.807992603657,11740.463520625408,11642.807992603657,True,87.89,106.1,8.25,TRAIL_SL,55,-87.892,-0.2,-0.252735,0.0006,-10.53,19.6642,150.6376,-1.5444,0.0,18.1198,18.1198,1177.78,50.0,1127.78,-7.6346,65
short,2019-04-26 09:35:00+05:30,2019-04-26 09:55:00+05:30,11672.0,11686.03733317082,11686.03733317082,11686.03733317082,False,-14.04,9.7,18.15,STOP_LOSS,20,14.0373,-0.2,-0.191578,0.0006,-10.53,-2.7543,3.8424,-0.5616,0.0,-3.3159,-3.3159,-215.53,50.0,-265.53,-2.7963,65
long,2019-04-26 14:30:00+05:30,2019-04-26 15:25:00+05:30,11725.8,11750.807741215083,11710.884809793697,11750.807741215083,True,25.01,36.95,0.75,TRAIL_SL,55,25.0077,0.2,0.215005,0.0006,-10.53,5.1704,12.195,-1.5444,0.0,3.626,3.626,235.69,50.0,185.69,7.6346,65
short,2019-05-06 10:25:00+05:30,2019-05-06 14:55:00+05:30,11623.15,11582.206933590422,11631.299061511118,11582.206933590422,True,40.94,51.55,9.0,TRAIL_SL,270,-40.9431,-0.2,-0.224566,0.0006,-10.53,8.6412,32.6885,-7.5816,0.0,1.0596,1.0596,68.88,50.0,18.88,-35.9675,65
short,2019-05-06 14:55:00+05:30,2019-05-06 15:00:00+05:30,11586.6,11593.599178056289,11593.599178056289,11593.599178056289,False,-7.0,0.0,21.05,STOP_LOSS,5,6.9992,-0.2,-0.1958,0.0006,-10.53,-1.3866,0.9553,-0.1404,0.0,-1.527,-1.527,-99.26,50.0,-149.26,-0.7013,65
short,2019-05-09 09:45:00+05:30,2019-05-09 10:00:00+05:30,11316.4,11328.8943915555,11328.8943915555,11328.8943915555,False,-12.49,5.85,16.8,STOP_LOSS,15,12.4944,-0.2,-0.192503,0.0006,-10.53,-2.4567,3.0441,-0.4212,0.0,-2.8779,-2.8779,-187.07,50.0,-237.07,-2.0994,65
short,2019-05-09 10:05:00+05:30,2019-05-09 10:40:00+05:30,11324.35,11335.333902068476,11335.333902068476,11335.333902068476,False,-10.98,2.9,16.75,STOP_LOSS,35,10.9839,-0.2,-0.19341,0.0006,-10.53,-2.1642,2.3526,-0.9828,0.0,-3.147,-3.147,-204.56,50.0,-254.56,-4.8783,65
short,2019-05-13 09:45:00+05:30,2019-05-13 10:00:00+05:30,11259.9,11272.811348540845,11272.811348540845,11272.811348540845,False,-12.91,8.7,19.05,STOP_LOSS,15,12.9113,-0.2,-0.192253,0.0006,-10.53,-2.5373,3.2507,-0.4212,0.0,-2.9585,-2.9585,-192.3,50.0,-242.3,-2.0994,65
short,2019-05-14 09:45:00+05:30,2019-05-14 13:05:00+05:30,11141.15,11156.518638039022,11156.518638039022,11156.518638039022,False,-15.37,32.7,21.6,STOP_LOSS,200,15.3686,-0.2,-0.190779,0.0006,-10.53,-3.01,4.6058,-5.616,0.0,-8.626,-8.626,-560.69,50.0,-610.69,-26.9875,65
short,2019-05-16 09:45:00+05:30,2019-05-16 12:10:00+05:30,11170.85,11182.393707002497,11182.393707002497,11182.393707002497,False,-11.54,27.2,12.5,STOP_LOSS,145,11.5437,-0.2,-0.193074,0.0006,-10.53,-2.2728,2.5985,-4.0716,0.0,-6.3444,-6.3444,-412.38,50.0,-462.38,-19.7716,65
long,2019-05-17 09:50:00+05:30,2019-05-17 11:30:00+05:30,11293.1,11317.828230082016,11273.161460950601,11317.828230082016,True,24.73,34.45,1.15,TRAIL_SL,100,24.7282,0.2,0.214837,0.0006,-10.53,5.1107,11.924,-2.808,0.0,2.3027,2.3027,149.68,50.0,99.68,13.7562,65
long,2019-05-17 14:30:00+05:30,2019-05-20 09:25:00+05:30,11363.75,11611.284877339067,11346.075903818048,11611.284877339067,True,247.53,328.95,23.55,TRAIL_SL,4015,247.5349,0.2,0.348521,0.0006,-10.53,66.0508,1194.8336,-112.7412,0.0,-46.6904,-46.6904,-3034.87,50.0,-3084.87,364.4597,65
long,2019-05-20 14:35:00+05:30,2019-05-20 15:10:00+05:30,11787.0,11827.756138820263,11766.892592355025,11827.756138820263,True,40.76,57.85,0.0,TRAIL_SL,35,40.7561,0.2,0.224454,0.0006,-10.53,8.5997,32.3907,-0.9828,0.0,7.6169,7.6169,495.1,50.0,445.1,4.8783,65
long,2019-05-21 09:45:00+05:30,2019-05-21 12:35:00+05:30,11842.75,11815.782593145786,11815.782593145786,11815.782593145786,False,-26.97,28.55,32.05,STOP_LOSS,170,-26.9674,0.2,0.18382,0.0006,-10.53,-5.1971,14.1812,-4.7736,0.0,-9.9707,-9.9707,-648.1,50.0,-698.1,23.0697,65
short,2019-05-24 09:30:00+05:30,2019-05-24 11:40:00+05:30,11701.15,11725.832897863218,11725.832897863218,11725.832897863218,False,-24.68,42.75,33.6,STOP_LOSS,130,24.6829,-0.2,-0.18519,0.0006,-10.53,-4.7721,11.8803,-3.6504,0.0,-8.4225,-8.4225,-547.46,50.0,-597.46,-17.7779,65
long,2019-05-24 14:30:00+05:30,2019-05-27 10:05:00+05:30,11819.4,11883.401445600535,11796.890243990856,11883.401445600535,True,64.0,80.65,15.5,TRAIL_SL,4055,64.0014,0.2,0.238401,0.0006,-10.53,13.9063,79.8756,-113.8644,0.0,-99.9581,-99.9581,-6497.28,50.0,-6547.28,367.1373,65
long,2019-05-27 10:20:00+05:30,2019-05-27 11:50:00+05:30,11885.75,11927.342608726829,11868.406013409342,11927.342608726829,True,41.59,53.75,8.9,TRAIL_SL,90,41.5926,0.2,0.224956,0.0006,-10.53,8.7856,33.7339,-2.5272,0.0,6.2584,6.2584,406.8,50.0,356.8,12.4052,65
long,2019-05-30 14:35:00+05:30,2019-05-30 14:45:00+05:30,11959.8,11948.535935413589,11948.535935413589,11948.535935413589,False,-11.26,0.7,29.3,STOP_LOSS,10,-11.2641,0.2,0.193242,0.0006,-10.53,-2.2186,2.4741,-0.2808,0.0,-2.4994,-2.4994,-162.46,50.0,-212.46,1.4011,65
long,2019-05-31 10:15:00+05:30,2019-05-31 11:45:00+05:30,12020.45,12007.268754679038,12007.268754679038,12007.268754679038,False,-13.18,9.85,28.5,STOP_LOSS,90,-13.1812,0.2,0.192091,0.0006,-10.53,-2.5893,3.388,-2.5272,0.0,-5.1165,-5.1165,-332.57,50.0,-382.57,12.4052,65
short,2019-05-31 14:30:00+05:30,2019-05-31 14:40:00+05:30,11901.65,11913.722385824074,11913.722385824074,11913.722385824074,False,-12.07,0.3,23.35,STOP_LOSS,10,12.0724,-0.2,-0.192757,0.0006,-10.53,-2.3751,2.842,-0.2808,0.0,-2.6559,-2.6559,-172.64,50.0,-222.64,-1.4011,65
long,2019-06-03 10:25:00+05:30,2019-06-03 11:45:00+05:30,11972.4,12002.122445192383,11959.155139799042,12002.122445192383,True,29.72,40.4,11.15,TRAIL_SL,80,29.7224,0.2,0.217833,0.0006,-10.53,6.183,17.2268,-2.2464,0.0,3.9366,3.9366,255.88,50.0,205.88,11.0489,65
long,2019-06-03 14:50:00+05:30,2019-06-04 09:15:00+05:30,12063.6,12090.778826783977,12051.896836127647,12090.778826783977,True,27.18,38.45,20.2,TRAIL_SL,1105,27.1788,0.2,0.216307,0.0006,-10.53,5.6352,14.4044,-31.0284,0.0,-25.3932,-25.3932,-1650.56,50.0,-1700.56,129.8503,65
long,2019-06-04 09:30:00+05:30,2019-06-04 10:00:00+05:30,12079.5,12061.588473239448,12061.588473239448,12061.588473239448,False,-17.91,15.65,21.7,STOP_LOSS,30,-17.9115,0.2,0.189253,0.0006,-10.53,-3.4957,6.256,-0.8424,0.0,-4.3381,-4.3381,-281.98,50.0,-331.98,4.1857,65
short,2019-06-06 14:40:00+05:30,2019-06-06 14:45:00+05:30,11852.25,11862.606895566272,11862.606895566272,11862.606895566272,False,-10.36,0.85,14.4,STOP_LOSS,5,10.3569,-0.2,-0.193786,0.0006,-10.53,-2.0424,2.0917,-0.1404,0.0,-2.1828,-2.1828,-141.88,50.0,-191.88,-0.7013,65
short,2019-06-06 14:50:00+05:30,2019-06-06 15:15:00+05:30,11857.5,11843.9,11867.635846003112,11867.635846003112,False,13.6,25.2,2.4,SOFT_EOD_EXIT,25,-13.6,-0.2,-0.20816,0.0006,-10.53,2.7699,3.6067,-0.702,0.0,2.0679,2.0679,134.42,50.0,84.42,-3.4917,65
short,2019-06-07 09:45:00+05:30,2019-06-07 10:00:00+05:30,11808.5,11822.782259383264,11822.782259383264,11822.782259383264,False,-14.28,6.7,31.45,STOP_LOSS,15,14.2823,-0.2,-0.191431,0.0006,-10.53,-2.8014,3.9777,-0.4212,0.0,-3.2226,-3.2226,-209.47,50.0,-259.47,-2.0994,65
long,2019-06-11 10:20:00+05:30,2019-06-11 10:45:00+05:30,11942.95,11929.360309735332,11929.360309735332,11929.360309735332,False,-13.59,6.15,19.35,STOP_LOSS,25,-13.5897,0.2,0.191846,0.0006,-10.53,-2.6681,3.6013,-0.702,0.0,-3.3701,-3.3701,-219.05,50.0,-269.05,3.4917,65
long,2019-06-11 14:35:00+05:30,2019-06-11 14:45:00+05:30,11988.15,11977.020788963753,11977.020788963753,11977.020788963753,False,-11.13,2.65,19.05,STOP_LOSS,10,-11.1292,0.2,0.193322,0.0006,-10.53,-2.1924,2.4153,-0.2808,0.0,-2.4732,-2.4732,-160.76,50.0,-210.76,1.4011,65
short,2019-06-14 09:55:00+05:30,2019-06-14 10:10:00+05:30,11869.95,11879.571849769289,11879.571849769289,11879.571849769289,False,-9.62,3.8,11.25,STOP_LOSS,15,9.6218,-0.2,-0.194227,0.0006,-10.53,-1.8994,1.8053,-0.4212,0.0,-2.3206,-2.3206,-150.84,50.0,-200.84,-2.0994,65
short,2019-06-17 14:55:00+05:30,2019-06-17 15:25:00+05:30,11701.75,11670.948532901355,11708.342109350648,11670.948532901355,True,30.8,43.1,0.65,TRAIL_SL,30,-30.8015,-0.2,-0.218481,0.0006,-10.53,6.4165,18.5002,-0.8424,0.0,5.5741,5.5741,362.31,50.0,312.31,-4.1857,65
short,2019-06-19 14:55:00+05:30,2019-06-19 15:00:00+05:30,11651.85,11664.492265066083,11664.492265066083,11664.492265066083,False,-12.64,0.0,26.4,STOP_LOSS,5,12.6423,-0.2,-0.192415,0.0006,-10.53,-2.4853,3.1166,-0.1404,0.0,-2.6257,-2.6257,-170.67,50.0,-220.67,-0.7013,65
short,2019-06-21 14:35:00+05:30,2019-06-21 14:50:00+05:30,11741.95,11751.988799039014,11751.988799039014,11751.988799039014,False,-10.04,6.2,16.4,STOP_LOSS,15,10.0388,-0.2,-0.193977,0.0006,-10.53,-1.9805,1.9652,-0.4212,0.0,-2.4017,-2.4017,-156.11,50.0,-206.11,-2.0994,65
short,2019-06-24 10:15:00+05:30,2019-06-24 11:45:00+05:30,11706.75,11717.364667764108,11717.364667764108,11717.364667764108,False,-10.61,11.4,14.55,STOP_LOSS,90,10.6147,-0.2,-0.193631,0.0006,-10.53,-2.0925,2.1971,-2.5272,0.0,-4.6197,-4.6197,-300.28,50.0,-350.28,-12.4052,65
short,2019-06-24 14:50:00+05:30,2019-06-24 15:00:00+05:30,11690.1,11698.151511323285,11698.151511323285,11698.151511323285,False,-8.05,7.75,19.05,STOP_LOSS,10,8.0515,-0.2,-0.195169,0.0006,-10.53,-1.5928,1.2641,-0.2808,0.0,-1.8736,-1.8736,-121.78,50.0,-171.78,-1.4011,65
long,2019-06-26 09:55:00+05:30,2019-06-26 10:55:00+05:30,11817.65,11802.38002631215,11802.38002631215,11802.38002631215,False,-15.27,12.4,26.85,STOP_LOSS,60,-15.27,0.2,0.190838,0.0006,-10.53,-2.991,4.5469,-1.6848,0.0,-4.6758,-4.6758,-303.93,50.0,-353.93,8.3202,65
long,2019-06-27 09:40:00+05:30,2019-06-27 10:45:00+05:30,11866.05,11885.892824381921,11852.175181990842,11885.892824381921,True,19.84,27.2,3.15,TRAIL_SL,65,19.8428,0.2,0.211906,0.0006,-10.53,4.0749,7.6779,-1.8252,0.0,2.2497,2.2497,146.23,50.0,96.23,9.0044,65
short,2019-06-27 14:30:00+05:30,2019-06-27 14:35:00+05:30,11868.25,11879.448957620069,11879.448957620069,11879.448957620069,False,-11.2,0.15,22.85,STOP_LOSS,5,11.199,-0.2,-0.193281,0.0006,-10.53,-2.2059,2.4456,-0.1404,0.0,-2.3463,-2.3463,-152.51,50.0,-202.51,-0.7013,65
short,2019-06-28 09:30:00+05:30,2019-06-28 11:20:00+05:30,11847.3,11812.158485713402,11859.161902352876,11812.158485713402,True,35.14,43.35,5.9,TRAIL_SL,110,-35.1415,-0.2,-0.221085,0.0006,-10.53,7.3617,24.0811,-3.0888,0.0,4.2729,4.2729,277.74,50.0,227.74,-15.1019,65
short,2019-07-02 10:25:00+05:30,2019-07-02 13:00:00+05:30,11843.9,11852.539600425385,11852.539600425385,11852.539600425385,False,-8.64,28.6,17.7,STOP_LOSS,155,8.6396,-0.2,-0.194816,0.0006,-10.53,-1.7078,1.4555,-4.3524,0.0,-6.0602,-6.0602,-393.91,50.0,-443.91,-21.0945,65
long,2019-07-02 14:40:00+05:30,2019-07-02 15:25:00+05:30,11888.35,11908.56282222554,11877.754780026791,11908.56282222554,True,20.21,27.7,8.95,TRAIL_SL,45,20.2128,0.2,0.212128,0.0006,-10.53,4.1529,7.9669,-1.2636,0.0,2.8893,2.8893,187.8,50.0,137.8,6.2592,65
long,2019-07-03 09:45:00+05:30,2019-07-03 14:25:00+05:30,11912.85,11936.913953871737,11899.380142249145,11936.913953871737,True,24.06,32.2,17.85,TRAIL_SL,280,24.064,0.2,0.214438,0.0006,-10.53,4.9691,11.2919,-7.8624,0.0,-2.8933,-2.8933,-188.06,50.0,-238.06,37.2326,65
long,2019-07-04 10:05:00+05:30,2019-07-04 11:35:00+05:30,11950.5,11941.080316219699,11941.080316219699,11941.080316219699,False,-9.42,9.65,14.6,STOP_LOSS,90,-9.4197,0.2,0.194348,0.0006,-10.53,-1.86,1.7302,-2.5272,0.0,-4.3872,-4.3872,-285.17,50.0,-335.17,12.4052,65
long,2019-07-05 09:50:00+05:30,2019-07-05 10:00:00+05:30,11969.8,11958.876386157599,11958.876386157599,11958.876386157599,False,-10.92,3.65,13.2,STOP_LOSS,10,-10.9236,0.2,0.193446,0.0006,-10.53,-2.1525,2.3268,-0.2808,0.0,-2.4333,-2.4333,-158.16,50.0,-208.16,1.4011,65
short,2019-07-05 14:45:00+05:30,2019-07-08 09:40:00+05:30,11853.95,11697.408803349927,11869.937562937981,11697.408803349927,True,156.54,180.65,3.65,TRAIL_SL,4015,-156.5412,-0.2,-0.293925,0.0006,-10.53,37.9246,477.8504,-112.7412,0.0,-74.8166,-74.8166,-4863.08,50.0,-4913.08,-364.4597,65
short,2019-07-08 14:40:00+05:30,2019-07-08 15:15:00+05:30,11556.5,11566.15,11569.07255755741,11569.07255755741,False,-9.65,20.75,18.65,SOFT_EOD_EXIT,35,9.65,-0.2,-0.19421,0.0006,-10.53,-1.9049,1.8159,-0.9828,0.0,-2.8877,-2.8877,-187.7,50.0,-237.7,-4.8783,65
short,2019-07-09 09:30:00+05:30,2019-07-09 10:45:00+05:30,11533.6,11475.447925935336,11549.856165958463,11475.447925935336,True,58.15,72.15,3.35,TRAIL_SL,75,-58.1521,-0.2,-0.234891,0.0006,-10.53,12.5435,65.9424,-2.106,0.0,10.4375,10.4375,678.44,50.0,628.44,-10.3687,65
short,2019-07-10 14:40:00+05:30,2019-07-10 14:45:00+05:30,11497.2,11506.032753809348,11506.032753809348,11506.032753809348,False,-8.83,0.0,12.75,STOP_LOSS,5,8.8328,-0.2,-0.1947,0.0006,-10.53,-1.7455,1.5213,-0.1404,0.0,-1.8859,-1.8859,-122.58,50.0,-172.58,-0.7013,65
long,2019-07-11 14:35:00+05:30,2019-07-11 14:55:00+05:30,11585.7,11574.506159187717,11574.506159187717,11574.506159187717,False,-11.19,12.6,11.95,STOP_LOSS,20,-11.1938,0.2,0.193284,0.0006,-10.53,-2.2049,2.4434,-0.5616,0.0,-2.7665,-2.7665,-179.82,50.0,-229.82,2.7963,65
long,2019-07-16 10:20:00+05:30,2019-07-16 14:15:00+05:30,11616.3,11653.99733522651,11605.305006782373,11653.99733522651,True,37.7,45.45,4.65,TRAIL_SL,235,37.6973,0.2,0.222618,0.0006,-10.53,7.9232,27.7112,-6.5988,0.0,1.3244,1.3244,86.08,50.0,36.08,31.5051,65
long,2019-07-16 14:55:00+05:30,2019-07-16 15:15:00+05:30,11657.3,11665.45,11646.30230729006,11646.30230729006,False,8.15,10.7,5.85,SOFT_EOD_EXIT,20,8.15,0.2,0.20489,0.0006,-10.53,1.6479,1.2952,-0.5616,0.0,1.0863,1.0863,70.61,50.0,20.61,2.7963,65
long,2019-07-17 09:35:00+05:30,2019-07-17 10:35:00+05:30,11667.2,11694.240945463087,11653.243106065976,11694.240945463087,True,27.04,36.55,0.65,TRAIL_SL,60,27.0409,0.2,0.216225,0.0006,-10.53,5.6056,14.2586,-1.6848,0.0,3.9208,3.9208,254.85,50.0,204.85,8.3202,65
short,2019-07-18 09:50:00+05:30,2019-07-18 10:15:00+05:30,11664.2,11671.708103706376,11671.708103706376,11671.708103706376,False,-7.51,1.15,12.6,STOP_LOSS,25,7.5081,-0.2,-0.195495,0.0006,-10.53,-1.4864,1.0992,-0.702,0.0,-2.1884,-2.1884,-142.25,50.0,-192.25,-3.4917,65
short,2019-07-19 14:30:00+05:30,2019-07-19 15:15:00+05:30,11435.3,11425.15,11443.362228279333,11443.362228279333,False,10.15,34.95,11.1,SOFT_EOD_EXIT,45,-10.15,-0.2,-0.20609,0.0006,-10.53,2.0578,2.0089,-1.2636,0.0,0.7942,0.7942,51.62,50.0,1.62,-6.2592,65
short,2019-07-22 09:50:00+05:30,2019-07-22 10:15:00+05:30,11343.55,11358.731749150864,11358.731749150864,11358.731749150864,False,-15.18,12.8,26.85,STOP_LOSS,25,15.1817,-0.2,-0.190891,0.0006,-10.53,-2.9741,4.4945,-0.702,0.0,-3.6761,-3.6761,-238.95,50.0,-288.95,-3.4917,65
short,2019-07-22 10:25:00+05:30,2019-07-22 12:50:00+05:30,11355.3,11325.290235361697,11369.445311065212,11325.290235361697,True,30.01,43.3,10.3,TRAIL_SL,145,-30.0098,-0.2,-0.218006,0.0006,-10.53,6.2451,17.5614,-4.0716,0.0,2.1735,2.1735,141.28,50.0,91.28,-19.7716,65
short,2019-07-26 09:35:00+05:30,2019-07-26 11:05:00+05:30,11253.35,11268.306006776047,11268.306006776047,11268.306006776047,False,-14.96,38.75,18.35,STOP_LOSS,90,14.956,-0.2,-0.191026,0.0006,-10.53,-2.9308,4.3618,-2.5272,0.0,-5.458,-5.458,-354.77,50.0,-404.77,-12.4052,65
short,2019-07-29 10:25:00+05:30,2019-07-29 11:35:00+05:30,11238.9,11209.13057085956,11249.17757883947,11209.13057085956,True,29.77,37.65,8.0,TRAIL_SL,70,-29.7694,-0.2,-0.217862,0.0006,-10.53,6.1932,17.2813,-1.9656,0.0,4.2276,4.2276,274.79,50.0,224.79,-9.6872,65
short,2019-07-31 09:40:00+05:30,2019-07-31 10:55:00+05:30,11059.05,11017.003523642608,11075.638356700674,11017.003523642608,True,42.05,59.4,13.75,TRAIL_SL,75,-42.0465,-0.2,-0.225228,0.0006,-10.53,8.8866,34.4742,-2.106,0.0,6.7806,6.7806,440.74,50.0,390.74,-10.3687,65
short,2019-08-01 14:55:00+05:30,2019-08-01 15:00:00+05:30,10931.15,10944.899685616501,10944.899685616501,10944.899685616501,False,-13.75,7.0,25.6,STOP_LOSS,5,13.7497,-0.2,-0.19175,0.0006,-10.53,-2.6989,3.6866,-0.1404,0.0,-2.8393,-2.8393,-184.55,50.0,-234.55,-0.7013,65
short,2019-08-02 10:25:00+05:30,2019-08-02 10:45:00+05:30,10873.1,10886.926502579418,10886.926502579418,10886.926502579418,False,-13.83,12.5,23.2,STOP_LOSS,20,13.8265,-0.2,-0.191704,0.0006,-10.53,-2.7137,3.7279,-0.5616,0.0,-3.2753,-3.2753,-212.89,50.0,-262.89,-2.7963,65
long,2019-08-06 14:40:00+05:30,2019-08-06 15:00:00+05:30,10987.25,10970.088755236577,10970.088755236577,10970.088755236577,False,-17.16,13.4,32.55,STOP_LOSS,20,-17.1612,0.2,0.189703,0.0006,-10.53,-3.3527,5.7429,-0.5616,0.0,-3.9143,-3.9143,-254.43,50.0,-304.43,2.7963,65
short,2019-08-07 09:30:00+05:30,2019-08-07 09:45:00+05:30,10937.7,10953.090346196519,10953.090346196519,10953.090346196519,False,-15.39,3.0,30.4,STOP_LOSS,15,15.3903,-0.2,-0.190766,0.0006,-10.53,-3.0141,4.6188,-0.4212,0.0,-3.4353,-3.4353,-223.3,50.0,-273.3,-2.0994,65
short,2019-08-07 14:40:00+05:30,2019-08-08 09:15:00+05:30,10910.7,10848.190867675827,10924.936347348148,10848.190867675827,True,62.51,74.1,4.85,TRAIL_SL,1115,-62.5091,-0.2,-0.237505,0.0006,-10.53,13.5568,76.1941,-31.3092,0.0,-17.7524,-17.7524,-1153.9,50.0,-1203.9,-130.8596,65
short,2019-08-08 09:30:00+05:30,2019-08-08 10:15:00+05:30,10869.7,10886.055966461465,10886.055966461465,10886.055966461465,False,-16.36,26.45,28.1,STOP_LOSS,45,16.356,-0.2,-0.190186,0.0006,-10.53,-3.199,5.2166,-1.2636,0.0,-4.4626,-4.4626,-290.07,50.0,-340.07,-6.2592,65
short,2019-08-13 09:55:00+05:30,2019-08-13 10:25:00+05:30,11068.75,11083.223686734882,11083.223686734882,11083.223686734882,False,-14.47,9.45,26.85,STOP_LOSS,30,14.4737,-0.2,-0.191316,0.0006,-10.53,-2.8382,4.085,-0.8424,0.0,-3.6806,-3.6806,-239.24,50.0,-289.24,-4.1857,65
short,2019-08-14 09:35:00+05:30,2019-08-14 10:15:00+05:30,10957.7,10977.64247344337,10977.64247344337,10977.64247344337,False,-19.94,12.8,32.55,STOP_LOSS,40,19.9425,-0.2,-0.188035,0.0006,-10.53,-3.8811,7.7552,-1.1232,0.0,-5.0043,-5.0043,-325.28,50.0,-375.28,-5.5695,65
short,2019-08-16 09:40:00+05:30,2019-08-16 10:45:00+05:30,10968.55,10986.44915054524,10986.44915054524,10986.44915054524,False,-17.9,12.1,32.0,STOP_LOSS,65,17.8992,-0.2,-0.189261,0.0006,-10.53,-3.4933,6.2474,-1.8252,0.0,-5.3185,-5.3185,-345.7,50.0,-395.7,-9.0044,65
long,2019-08-19 09:40:00+05:30,2019-08-19 10:45:00+05:30,11079.5,11128.667993076519,11056.743732369016,11128.667993076519,True,49.17,59.75,5.35,TRAIL_SL,65,49.168,0.2,0.229501,0.0006,-10.53,10.4863,47.1411,-1.8252,0.0,8.6611,8.6611,562.97,50.0,512.97,9.0044,65
short,2019-08-20 10:25:00+05:30,2019-08-20 13:15:00+05:30,11020.15,11031.645905705172,11031.645905705172,11031.645905705172,False,-11.5,34.5,18.0,STOP_LOSS,170,11.4959,-0.2,-0.193102,0.0006,-10.53,-2.2635,2.577,-4.7736,0.0,-7.0371,-7.0371,-457.41,50.0,-507.41,-23.0697,65
short,2019-08-21 09:40:00+05:30,2019-08-21 09:45:00+05:30,10997.15,11008.178100038433,11008.178100038433,11008.178100038433,False,-11.03,2.05,20.7,STOP_LOSS,5,11.0281,-0.2,-0.193383,0.0006,-10.53,-2.1728,2.3716,-0.1404,0.0,-2.3132,-2.3132,-150.36,50.0,-200.36,-0.7013,65
short,2019-08-26 10:20:00+05:30,2019-08-26 10:25:00+05:30,10817.0,10843.168112170497,10843.168112170497,10843.168112170497,False,-26.17,1.5,33.95,STOP_LOSS,5,26.1681,-0.2,-0.184299,0.0006,-10.53,-5.0487,13.353,-0.1404,0.0,-5.1891,-5.1891,-337.29,50.0,-387.29,-0.7013,65
long,2019-08-26 14:35:00+05:30,2019-08-27 09:25:00+05:30,11037.8,11107.918669001097,11020.64516824805,11107.918669001097,True,70.12,83.65,21.85,TRAIL_SL,1130,70.1187,0.2,0.242071,0.0006,-10.53,15.3512,95.8742,-31.7304,0.0,-16.3792,-16.3792,-1064.65,50.0,-1114.65,132.3695,65
long,2019-08-27 09:55:00+05:30,2019-08-27 10:45:00+05:30,11083.8,11118.227083768734,11055.81867393993,11118.227083768734,True,34.43,53.4,0.0,TRAIL_SL,50,34.4271,0.2,0.220656,0.0006,-10.53,7.2054,23.1119,-1.404,0.0,5.8014,5.8014,377.09,50.0,327.09,6.9476,65
short,2019-08-28 14:45:00+05:30,2019-08-28 14:55:00+05:30,11004.95,11015.005519686532,11015.005519686532,11015.005519686532,False,-10.06,4.25,24.45,STOP_LOSS,10,10.0555,-0.2,-0.193967,0.0006,-10.53,-1.9838,1.9717,-0.2808,0.0,-2.2646,-2.2646,-147.2,50.0,-197.2,-1.4011,65
short,2019-08-29 09:45:00+05:30,2019-08-29 10:40:00+05:30,11002.8,10968.608545402914,11016.39434986316,10968.608545402914,True,34.19,50.05,16.9,TRAIL_SL,55,-34.1915,-0.2,-0.220515,0.0006,-10.53,7.1539,22.7966,-1.5444,0.0,5.6095,5.6095,364.62,50.0,314.62,-7.6346,65
short,2019-09-03 10:05:00+05:30,2019-09-03 10:40:00+05:30,10922.25,10889.877284622033,10937.204376076372,10889.877284622033,True,32.37,43.45,0.0,TRAIL_SL,35,-32.3727,-0.2,-0.219424,0.0006,-10.53,6.7575,20.4359,-0.9828,0.0,5.7747,5.7747,375.36,50.0,325.36,-4.8783,65
short,2019-09-04 09:30:00+05:30,2019-09-04 10:55:00+05:30,10799.85,10763.564261813566,10817.0728778388,10763.564261813566,True,36.29,53.25,18.2,TRAIL_SL,85,-36.2857,-0.2,-0.221771,0.0006,-10.53,7.6126,25.6748,-2.3868,0.0,5.2258,5.2258,339.68,50.0,289.68,-11.7277,65
long,2019-09-11 09:50:00+05:30,2019-09-11 11:45:00+05:30,11029.6,11049.39322011187,11016.637637254951,11049.39322011187,True,19.79,25.05,11.35,TRAIL_SL,115,19.7932,0.2,0.211876,0.0006,-10.53,4.0644,7.6395,-3.2292,0.0,0.8352,0.8352,54.29,50.0,4.29,15.7728,65
short,2019-09-12 14:35:00+05:30,2019-09-13 09:15:00+05:30,11013.25,10984.308677220588,11023.362204071225,10984.308677220588,True,28.94,50.5,4.0,TRAIL_SL,1120,-28.9413,-0.2,-0.217365,0.0006,-10.53,6.0144,16.3332,-31.4496,0.0,-25.4352,-25.4352,-1653.29,50.0,-1703.29,-131.3635,65
short,2019-09-13 10:15:00+05:30,2019-09-13 10:45:00+05:30,10968.35,10980.251861271763,10980.251861271763,10980.251861271763,False,-11.9,19.2,21.9,STOP_LOSS,30,11.9019,-0.2,-0.192859,0.0006,-10.53,-2.3421,2.7623,-0.8424,0.0,-3.1845,-3.1845,-206.99,50.0,-256.99,-4.1857,65
short,2019-09-16 09:50:00+05:30,2019-09-16 10:10:00+05:30,11014.1,11026.824583536081,11026.824583536081,11026.824583536081,False,-12.72,8.4,17.15,STOP_LOSS,20,12.7246,-0.2,-0.192365,0.0006,-10.53,-2.5012,3.1573,-0.5616,0.0,-3.0628,-3.0628,-199.08,50.0,-249.08,-2.7963,65
short,2019-09-17 14:30:00+05:30,2019-09-17 15:15:00+05:30,10839.4,10814.951607345314,10851.238908149484,10814.951607345314,True,24.45,42.05,2.4,TRAIL_SL,45,-24.4484,-0.2,-0.214669,0.0006,-10.53,5.0511,11.6556,-1.2636,0.0,3.7875,3.7875,246.19,50.0,196.19,-6.2592,65
short,2019-09-18 10:15:00+05:30,2019-09-18 10:20:00+05:30,10824.65,10836.79125931078,10836.79125931078,10836.79125931078,False,-12.14,5.2,19.75,STOP_LOSS,5,12.1413,-0.2,-0.192715,0.0006,-10.53,-2.3885,2.8745,-0.1404,0.0,-2.5289,-2.5289,-164.38,50.0,-214.38,-0.7013,65
short,2019-09-19 14:55:00+05:30,2019-09-19 15:00:00+05:30,10690.4,10699.996214678587,10699.996214678587,10699.996214678587,False,-9.6,0.1,13.9,STOP_LOSS,5,9.5962,-0.2,-0.194242,0.0006,-10.53,-1.8944,1.7957,-0.1404,0.0,-2.0348,-2.0348,-132.26,50.0,-182.26,-0.7013,65
long,2019-09-23 09:50:00+05:30,2019-09-23 11:45:00+05:30,11485.95,11621.080447496464,11421.344512485406,11621.080447496464,True,135.13,163.75,5.0,TRAIL_SL,115,135.1304,0.2,0.281078,0.0006,-10.53,31.9564,356.0746,-3.2292,0.0,28.7272,28.7272,1867.26,50.0,1817.26,15.7728,65
short,2019-09-25 09:50:00+05:30,2019-09-25 10:45:00+05:30,11515.65,11476.607779697752,11529.3439957502,11476.607779697752,True,39.04,52.35,3.9,TRAIL_SL,55,-39.0422,-0.2,-0.223425,0.0006,-10.53,8.22,29.7238,-1.5444,0.0,6.6756,6.6756,433.91,50.0,383.91,-7.6346,65
short,2019-09-25 14:40:00+05:30,2019-09-25 15:00:00+05:30,11433.95,11444.16451331797,11444.16451331797,11444.16451331797,False,-10.21,17.55,27.0,STOP_LOSS,20,10.2145,-0.2,-0.193871,0.0006,-10.53,-2.0147,2.0346,-0.5616,0.0,-2.5763,-2.5763,-167.46,50.0,-217.46,-2.7963,65
short,2019-10-01 10:20:00+05:30,2019-10-01 10:40:00+05:30,11458.0,11476.484411772326,11476.484411772326,11476.484411772326,False,-18.48,17.5,31.5,STOP_LOSS,20,18.4844,-0.2,-0.188909,0.0006,-10.53,-3.6046,6.6626,-0.5616,0.0,-4.1662,-4.1662,-270.8,50.0,-320.8,-2.7963,65
short,2019-10-01 14:30:00+05:30,2019-10-01 14:50:00+05:30,11320.1,11343.45723301968,11343.45723301968,11343.45723301968,False,-23.36,46.5,40.9,STOP_LOSS,20,23.3572,-0.2,-0.185986,0.0006,-10.53,-4.5241,10.6384,-0.5616,0.0,-5.0857,-5.0857,-330.57,50.0,-380.57,-2.7963,65
short,2019-10-03 09:40:00+05:30,2019-10-03 11:55:00+05:30,11314.85,11336.986306760573,11336.986306760573,11336.986306760573,False,-22.14,27.15,38.5,STOP_LOSS,135,22.1363,-0.2,-0.186718,0.0006,-10.53,-4.295,9.5553,-3.7908,0.0,-8.0858,-8.0858,-525.57,50.0,-575.57,-18.4437,65
short,2019-10-04 14:45:00+05:30,2019-10-07 09:25:00+05:30,11211.1,11139.226316965593,11224.410300337951,11139.226316965593,True,71.87,93.15,9.25,TRAIL_SL,4000,-71.8737,-0.2,-0.243124,0.0006,-10.53,15.7695,100.7336,-112.32,0.0,-96.5505,-96.5505,-6275.78,50.0,-6325.78,-363.4529,65
short,2019-10-07 09:30:00+05:30,2019-10-07 09:35:00+05:30,11153.05,11170.86437537325,11170.86437537325,11170.86437537325,False,-17.81,2.15,24.0,STOP_LOSS,5,17.8144,-0.2,-0.189311,0.0006,-10.53,-3.4772,6.1884,-0.1404,0.0,-3.6176,-3.6176,-235.14,50.0,-285.14,-0.7013,65
short,2019-10-09 09:35:00+05:30,2019-10-09 10:20:00+05:30,11137.7,11106.677443660128,11153.459736346284,11106.677443660128,True,31.02,47.05,8.4,TRAIL_SL,45,-31.0226,-0.2,-0.218614,0.0006,-10.53,6.4644,18.7668,-1.2636,0.0,5.2008,5.2008,338.05,50.0,288.05,-6.2592,65
long,2019-10-11 10:00:00+05:30,2019-10-11 10:30:00+05:30,11331.7,11310.7257308493,11310.7257308493,11310.7257308493,False,-20.97,20.25,35.5,STOP_LOSS,30,-20.9743,0.2,0.187415,0.0006,-10.53,-4.0761,8.5784,-0.8424,0.0,-4.9185,-4.9185,-319.7,50.0,-369.7,4.1857,65
long,2019-10-11 14:35:00+05:30,2019-10-11 15:15:00+05:30,11296.0,11304.35,11270.100637097896,11270.100637097896,False,8.35,21.45,30.55,SOFT_EOD_EXIT,40,8.35,0.2,0.20501,0.0006,-10.53,1.6888,1.3596,-1.1232,0.0,0.5656,0.5656,36.77,50.0,-13.23,5.5695,65
long,2019-10-14 14:30:00+05:30,2019-10-14 14:50:00+05:30,11405.4,11391.245597231014,11391.245597231014,11391.245597231014,False,-14.15,6.6,36.35,STOP_LOSS,20,-14.1544,0.2,0.191507,0.0006,-10.53,-2.7768,3.9068,-0.5616,0.0,-3.3384,-3.3384,-217.0,50.0,-267.0,2.7963,65
long,2019-10-15 14:40:00+05:30,2019-10-15 15:10:00+05:30,11441.85,11425.572274415586,11425.572274415586,11425.572274415586,False,-16.28,11.4,20.7,STOP_LOSS,30,-16.2777,0.2,0.190233,0.0006,-10.53,-3.184,5.1668,-0.8424,0.0,-4.0264,-4.0264,-261.72,50.0,-311.72,4.1857,65
long,2019-10-17 09:30:00+05:30,2019-10-17 13:15:00+05:30,11459.0,11513.372399881722,11442.928377960587,11513.372399881722,True,54.37,60.65,12.05,TRAIL_SL,225,54.3724,0.2,0.232623,0.0006,-10.53,11.6727,57.649,-6.318,0.0,5.3547,5.3547,348.06,50.0,298.06,30.2201,65
long,2019-10-18 10:05:00+05:30,2019-10-18 10:50:00+05:30,11610.9,11634.256211922231,11592.046265864377,11634.256211922231,True,23.36,34.75,5.0,TRAIL_SL,45,23.3562,0.2,0.214014,0.0006,-10.53,4.8185,10.6375,-1.2636,0.0,3.5549,3.5549,231.07,50.0,181.07,6.2592,65
long,2019-10-22 09:30:00+05:30,2019-10-22 10:00:00+05:30,11673.4,11650.05883002809,11650.05883002809,11650.05883002809,False,-23.34,5.45,30.95,STOP_LOSS,30,-23.3412,0.2,0.185995,0.0006,-10.53,-4.5211,10.6238,-0.8424,0.0,-5.3635,-5.3635,-348.63,50.0,-398.63,4.1857,65
short,2019-10-22 14:30:00+05:30,2019-10-22 15:15:00+05:30,11615.35,11586.35,11627.043736074003,11627.043736074003,False,29.0,39.45,5.0,SOFT_EOD_EXIT,45,-29.0,-0.2,-0.2174,0.0006,-10.53,6.0271,16.3995,-1.2636,0.0,4.7635,4.7635,309.63,50.0,259.63,-6.2592,65
short,2019-10-23 09:45:00+05:30,2019-10-23 10:05:00+05:30,11577.0,11591.58481517686,11591.58481517686,11591.58481517686,False,-14.58,11.35,46.15,STOP_LOSS,20,14.5848,-0.2,-0.191249,0.0006,-10.53,-2.8595,4.148,-0.5616,0.0,-3.4211,-3.4211,-222.37,50.0,-272.37,-2.7963,65
long,2019-10-24 09:35:00+05:30,2019-10-24 10:00:00+05:30,11633.9,11611.119227984036,11611.119227984036,11611.119227984036,False,-22.78,14.1,41.35,STOP_LOSS,25,-22.7808,0.2,0.186332,0.0006,-10.53,-4.416,10.1198,-0.702,0.0,-5.118,-5.118,-332.67,50.0,-382.67,3.4917,65
long,2019-10-29 14:30:00+05:30,2019-10-29 15:00:00+05:30,11798.95,11787.653469470015,11787.653469470015,11787.653469470015,False,-11.3,9.55,17.5,STOP_LOSS,30,-11.2965,0.2,0.193222,0.0006,-10.53,-2.2249,2.4884,-0.8424,0.0,-3.0673,-3.0673,-199.37,50.0,-249.37,4.1857,65
long,2019-10-30 09:40:00+05:30,2019-10-30 10:05:00+05:30,11809.1,11821.606687637832,11784.428694893637,11821.606687637832,True,12.51,25.75,3.75,TRAIL_SL,25,12.5067,0.2,0.207504,0.0006,-10.53,2.5436,3.0501,-0.702,0.0,1.8416,1.8416,119.7,50.0,69.7,3.4917,65
long,2019-10-30 10:05:00+05:30,2019-10-30 10:55:00+05:30,11820.85,11841.151155239155,11801.28415866093,11841.151155239155,True,20.3,32.0,2.35,TRAIL_SL,50,20.3012,0.2,0.212181,0.0006,-10.53,4.1715,8.0367,-1.404,0.0,2.7675,2.7675,179.89,50.0,129.89,6.9476,65
long,2019-10-31 10:15:00+05:30,2019-10-31 11:15:00+05:30,11898.55,11919.72476474206,11884.543761521792,11919.72476474206,True,21.17,29.0,3.0,TRAIL_SL,60,21.1748,0.2,0.212705,0.0006,-10.53,4.356,8.7432,-1.6848,0.0,2.6712,2.6712,173.63,50.0,123.63,8.3202,65
long,2019-11-04 09:50:00+05:30,2019-11-04 11:25:00+05:30,11943.35,11975.965168193427,11925.47656731842,11975.965168193427,True,32.62,45.55,2.85,TRAIL_SL,95,32.6152,0.2,0.219569,0.0006,-10.53,6.8102,20.7431,-2.6676,0.0,4.1426,4.1426,269.27,50.0,219.27,13.0813,65
short,2019-11-06 10:15:00+05:30,2019-11-06 11:20:00+05:30,11868.65,11877.165855975114,11877.165855975114,11877.165855975114,False,-8.52,18.25,16.15,STOP_LOSS,65,8.5159,-0.2,-0.19489,0.0006,-10.53,-1.6836,1.4141,-1.8252,0.0,-3.5088,-3.5088,-228.07,50.0,-278.07,-9.0044,65
long,2019-11-06 14:35:00+05:30,2019-11-06 15:00:00+05:30,11994.25,11982.19591870023,11982.19591870023,11982.19591870023,False,-12.05,1.2,22.3,STOP_LOSS,25,-12.0541,0.2,0.192768,0.0006,-10.53,-2.3716,2.8334,-0.702,0.0,-3.0736,-3.0736,-199.78,50.0,-249.78,3.4917,65
long,2019-11-07 10:00:00+05:30,2019-11-07 10:15:00+05:30,11998.0,11979.809051148568,11979.809051148568,11979.809051148568,False,-18.19,1.4,36.95,STOP_LOSS,15,-18.1909,0.2,0.189085,0.0006,-10.53,-3.5488,6.4528,-0.4212,0.0,-3.97,-3.97,-258.05,50.0,-308.05,2.0994,65
long,2019-11-07 14:30:00+05:30,2019-11-07 15:15:00+05:30,12004.95,12012.3,11992.49348631608,11992.49348631608,False,7.35,11.8,21.0,SOFT_EOD_EXIT,45,7.35,0.2,0.20441,0.0006,-10.53,1.4846,1.0534,-1.2636,0.0,0.221,0.221,14.36,50.0,-35.64,6.2592,65
short,2019-11-08 09:55:00+05:30,2019-11-08 12:25:00+05:30,11985.45,11994.262981171118,11994.262981171118,11994.262981171118,False,-8.81,36.4,12.6,STOP_LOSS,150,8.813,-0.2,-0.194712,0.0006,-10.53,-1.7416,1.5145,-4.212,0.0,-5.9536,-5.9536,-386.99,50.0,-436.99,-20.4337,65
short,2019-11-08 14:30:00+05:30,2019-11-08 15:25:00+05:30,11976.65,11904.697677723723,11986.739434258925,11904.697677723723,True,71.95,86.2,1.65,TRAIL_SL,55,-71.9523,-0.2,-0.243171,0.0006,-10.53,15.7883,100.9542,-1.5444,0.0,14.2439,14.2439,925.85,50.0,875.85,-7.6346,65
short,2019-11-11 09:40:00+05:30,2019-11-11 12:10:00+05:30,11904.7,11864.236867361325,11919.444457701677,11864.236867361325,True,40.46,50.65,7.9,TRAIL_SL,150,-40.4631,-0.2,-0.224278,0.0006,-10.53,8.5347,31.9267,-4.212,0.0,4.3227,4.3227,280.97,50.0,230.97,-20.4337,65
short,2019-11-14 10:00:00+05:30,2019-11-14 10:40:00+05:30,11819.45,11830.435013521903,11830.435013521903,11830.435013521903,False,-10.99,7.4,36.7,STOP_LOSS,40,10.985,-0.2,-0.193409,0.0006,-10.53,-2.1644,2.3531,-1.1232,0.0,-3.2876,-3.2876,-213.7,50.0,-263.7,-5.5695,65
short,2019-11-18 09:40:00+05:30,2019-11-18 11:40:00+05:30,11910.85,11880.804150577957,11923.563703540189,11880.804150577957,True,30.05,40.75,3.2,TRAIL_SL,120,-30.0458,-0.2,-0.218028,0.0006,-10.53,6.2529,17.6037,-3.3696,0.0,2.8833,2.8833,187.42,50.0,137.42,-16.4425,65
short,2019-11-20 14:30:00+05:30,2019-11-20 15:15:00+05:30,12000.55,11996.6,12007.719028879515,12007.719028879515,False,3.95,21.4,10.35,SOFT_EOD_EXIT,45,-3.95,-0.2,-0.20237,0.0006,-10.53,0.7942,0.3042,-1.2636,0.0,-0.4694,-0.4694,-30.51,50.0,-80.51,-6.2592,65
long,2019-11-25 14:30:00+05:30,2019-11-25 14:35:00+05:30,12057.1,12048.636112635226,12048.636112635226,12048.636112635226,False,-8.46,0.0,15.25,STOP_LOSS,5,-8.4639,0.2,0.194922,0.0006,-10.53,-1.6734,1.3969,-0.1404,0.0,-1.8138,-1.8138,-117.9,50.0,-167.9,0.7013,65
short,2019-11-26 14:45:00+05:30,2019-11-26 14:55:00+05:30,12046.9,12059.45074684929,12059.45074684929,12059.45074684929,False,-12.55,10.45,19.25,STOP_LOSS,10,12.5507,-0.2,-0.19247,0.0006,-10.53,-2.4676,3.0717,-0.2808,0.0,-2.7484,-2.7484,-178.65,50.0,-228.65,-1.4011,65
long,2019-11-27 09:50:00+05:30,2019-11-27 12:15:00+05:30,12082.3,12063.893582886909,12063.893582886909,12063.893582886909,False,-18.41,23.95,21.45,STOP_LOSS,145,-18.4064,0.2,0.188956,0.0006,-10.53,-3.5898,6.6065,-4.0716,0.0,-7.6614,-7.6614,-497.99,50.0,-547.99,19.7716,65
long,2019-11-28 09:35:00+05:30,2019-11-28 12:10:00+05:30,12107.4,12136.430115209581,12096.121769003701,12136.430115209581,True,29.03,36.85,1.95,TRAIL_SL,155,29.0301,0.2,0.217418,0.0006,-10.53,6.0336,16.4336,-4.3524,0.0,1.6812,1.6812,109.28,50.0,59.28,21.0945,65
short,2019-12-03 10:10:00+05:30,2019-12-03 12:20:00+05:30,12019.15,11978.914729145245,12026.804336447725,11978.914729145245,True,40.24,49.8,7.85,TRAIL_SL,130,-40.2353,-0.2,-0.224141,0.0006,-10.53,8.4842,31.5681,-3.6504,0.0,4.8338,4.8338,314.19,50.0,264.19,-17.7779,65
long,2019-12-05 09:35:00+05:30,2019-12-05 11:05:00+05:30,12048.15,12071.254843051758,12032.097748662623,12071.254843051758,True,23.1,33.05,2.7,TRAIL_SL,90,23.1048,0.2,0.213863,0.0006,-10.53,4.7651,10.4098,-2.5272,0.0,2.2379,2.2379,145.46,50.0,95.46,12.4052,65
short,2019-12-06 14:40:00+05:30,2019-12-06 15:00:00+05:30,11915.0,11926.193535515504,11926.193535515504,11926.193535515504,False,-11.19,6.6,23.7,STOP_LOSS,20,11.1935,-0.2,-0.193284,0.0006,-10.53,-2.2049,2.4433,-0.5616,0.0,-2.7665,-2.7665,-179.82,50.0,-229.82,-2.7963,65
short,2019-12-10 14:40:00+05:30,2019-12-10 15:15:00+05:30,11864.75,11857.6,11871.81366082575,11871.81366082575,False,7.15,20.0,0.0,SOFT_EOD_EXIT,35,-7.15,-0.2,-0.20429,0.0006,-10.53,1.4438,0.9969,-0.9828,0.0,0.461,0.461,29.97,50.0,-20.03,-4.8783,65
long,2019-12-12 10:10:00+05:30,2019-12-12 14:35:00+05:30,11954.3,11984.177836176901,11941.710624568354,11984.177836176901,True,29.88,37.1,15.1,TRAIL_SL,265,29.8778,0.2,0.217927,0.0006,-10.53,6.2166,17.4074,-7.4412,0.0,-1.2246,-1.2246,-79.6,50.0,-129.6,35.3333,65
long,2019-12-18 09:30:00+05:30,2019-12-18 13:05:00+05:30,12176.0,12215.400557939127,12162.466105707772,12215.400557939127,True,39.4,44.5,12.2,TRAIL_SL,215,39.4006,0.2,0.22364,0.0006,-10.53,8.2993,30.2719,-6.0372,0.0,2.2621,2.2621,147.03,50.0,97.03,28.9305,65
long,2019-12-20 09:50:00+05:30,2019-12-20 10:30:00+05:30,12277.65,12264.583024050926,12264.583024050926,12264.583024050926,False,-13.07,11.7,19.15,STOP_LOSS,40,-13.067,0.2,0.19216,0.0006,-10.53,-2.5673,3.3295,-1.1232,0.0,-3.6905,-3.6905,-239.88,50.0,-289.88,5.5695,65
long,2019-12-30 10:05:00+05:30,2019-12-30 11:15:00+05:30,12269.95,12258.598541557076,12258.598541557076,12258.598541557076,False,-11.35,8.95,18.85,STOP_LOSS,70,-11.3515,0.2,0.193189,0.0006,-10.53,-2.2355,2.5127,-1.9656,0.0,-4.2011,-4.2011,-273.07,50.0,-323.07,9.6872,65
short,2019-12-31 10:00:00+05:30,2019-12-31 11:50:00+05:30,12221.3,12228.610045878037,12228.610045878037,12228.610045878037,False,-7.31,26.1,13.2,STOP_LOSS,110,7.31,-0.2,-0.195614,0.0006,-10.53,-1.4476,1.042,-3.0888,0.0,-4.5364,-4.5364,-294.86,50.0,-344.86,-15.1019,65
short,2020-01-03 14:35:00+05:30,2020-01-03 15:00:00+05:30,12214.05,12219.782199691734,12219.782199691734,12219.782199691734,False,-5.73,21.65,8.1,STOP_LOSS,25,5.7322,-0.2,-0.196561,0.0006,-10.53,-1.1376,0.6407,-0.702,0.0,-1.8396,-1.8396,-119.57,50.0,-169.57,-3.4917,65
short,2020-01-06 14:45:00+05:30,2020-01-06 14:50:00+05:30,11989.25,11997.060977427442,11997.060977427442,11997.060977427442,False,-7.81,2.6,24.25,STOP_LOSS,5,7.811,-0.2,-0.195313,0.0006,-10.53,-1.5457,1.1897,-0.1404,0.0,-1.6861,-1.6861,-109.6,50.0,-159.6,-0.7013,65
short,2020-01-08 09:45:00+05:30,2020-01-08 11:55:00+05:30,12013.95,11961.212619695098,12034.67522233953,11961.212619695098,True,52.74,62.7,7.15,TRAIL_SL,130,-52.7374,-0.2,-0.231642,0.0006,-10.53,11.2984,54.234,-3.6504,0.0,7.648,7.648,497.12,50.0,447.12,-17.7779,65
long,2020-01-10 09:35:00+05:30,2020-01-10 10:50:00+05:30,12233.8,12275.32307534593,12217.664043492488,12275.32307534593,True,41.52,51.35,2.6,TRAIL_SL,75,41.5231,0.2,0.224914,0.0006,-10.53,8.7701,33.6212,-2.106,0.0,6.6641,6.6641,433.17,50.0,383.17,10.3687,65
short,2020-01-10 14:35:00+05:30,2020-01-10 15:00:00+05:30,12238.95,12249.302610863268,12249.302610863268,12249.302610863268,False,-10.35,25.35,21.7,STOP_LOSS,25,10.3526,-0.2,-0.193788,0.0006,-10.53,-2.0416,2.0899,-0.702,0.0,-2.7436,-2.7436,-178.33,50.0,-228.33,-3.4917,65
long,2020-01-13 09:50:00+05:30,2020-01-13 10:45:00+05:30,12306.6,12325.825321588663,12289.329093530261,12325.825321588663,True,19.23,28.35,0.35,TRAIL_SL,55,19.2253,0.2,0.211535,0.0006,-10.53,3.9449,7.2075,-1.5444,0.0,2.4005,2.4005,156.03,50.0,106.03,7.6346,65
short,2020-01-15 10:25:00+05:30,2020-01-15 14:25:00+05:30,12304.65,12311.195717478706,12311.195717478706,12311.195717478706,False,-6.55,25.6,8.95,STOP_LOSS,240,6.5457,-0.2,-0.196073,0.0006,-10.53,-1.2976,0.8355,-6.7392,0.0,-8.0368,-8.0368,-522.39,50.0,-572.39,-32.146,65
long,2020-01-16 10:05:00+05:30,2020-01-16 10:20:00+05:30,12375.45,12365.195022201819,12365.195022201819,12365.195022201819,False,-10.25,1.3,14.9,STOP_LOSS,15,-10.255,0.2,0.193847,0.0006,-10.53,-2.0226,2.0507,-0.4212,0.0,-2.4438,-2.4438,-158.85,50.0,-208.85,2.0994,65
short,2020-01-20 14:30:00+05:30,2020-01-20 15:15:00+05:30,12250.25,12228.6,12258.852056812939,12258.852056812939,False,21.65,33.0,2.35,SOFT_EOD_EXIT,45,-21.65,-0.2,-0.21299,0.0006,-10.53,4.4566,9.1401,-1.2636,0.0,3.193,3.193,207.54,50.0,157.54,-6.2592,65
short,2020-01-21 09:45:00+05:30,2020-01-21 11:10:00+05:30,12214.6,12179.898398369847,12228.187892378453,12179.898398369847,True,34.7,46.4,15.45,TRAIL_SL,85,-34.7016,-0.2,-0.220821,0.0006,-10.53,7.2655,23.4819,-2.3868,0.0,4.8787,4.8787,317.11,50.0,267.11,-11.7277,65
long,2020-01-24 14:50:00+05:30,2020-01-24 15:00:00+05:30,12262.45,12252.479387282749,12252.479387282749,12252.479387282749,False,-9.97,2.45,15.05,STOP_LOSS,10,-9.9706,0.2,0.194018,0.0006,-10.53,-1.9673,1.9386,-0.2808,0.0,-2.2481,-2.2481,-146.13,50.0,-196.13,1.4011,65
short,2020-01-27 09:40:00+05:30,2020-01-27 10:05:00+05:30,12197.35,12211.782752694575,12211.782752694575,12211.782752694575,False,-14.43,20.0,15.15,STOP_LOSS,25,14.4328,-0.2,-0.19134,0.0006,-10.53,-2.8303,4.0619,-0.702,0.0,-3.5323,-3.5323,-229.6,50.0,-279.6,-3.4917,65
short,2020-01-27 10:10:00+05:30,2020-01-27 10:20:00+05:30,12202.6,12215.02996752601,12215.02996752601,12215.02996752601,False,-12.43,1.25,13.95,STOP_LOSS,10,12.43,-0.2,-0.192542,0.0006,-10.53,-2.4443,3.0128,-0.2808,0.0,-2.7251,-2.7251,-177.13,50.0,-227.13,-1.4011,65
short,2020-01-30 14:30:00+05:30,2020-01-30 14:35:00+05:30,12018.55,12025.699983364957,12025.699983364957,12025.699983364957,False,-7.15,2.6,14.3,STOP_LOSS,5,7.15,-0.2,-0.19571,0.0006,-10.53,-1.4162,0.9969,-0.1404,0.0,-1.5566,-1.5566,-101.18,50.0,-151.18,-0.7013,65
short,2020-02-01 09:30:00+05:30,2020-02-01 10:00:00+05:30,11946.35,11964.51747656856,11964.51747656856,11964.51747656856,False,-18.17,9.3,32.55,STOP_LOSS,30,18.1675,-0.2,-0.1891,0.0006,-10.53,-3.5444,6.4361,-0.8424,0.0,-4.3868,-4.3868,-285.14,50.0,-335.14,-4.1857,65
short,2020-02-01 14:30:00+05:30,2020-02-03 09:15:00+05:30,11813.65,11659.661270797158,11839.562593682344,11659.661270797158,True,153.99,186.95,0.7,TRAIL_SL,2565,-153.9887,-0.2,-0.292393,0.0006,-10.53,37.2001,462.3943,-72.0252,0.0,-34.8251,-34.8251,-2263.63,50.0,-2313.63,-259.2838,65
short,2020-02-03 09:50:00+05:30,2020-02-03 10:00:00+05:30,11662.25,11687.774437536631,11687.774437536631,11687.774437536631,False,-25.52,17.0,41.65,STOP_LOSS,10,25.5244,-0.2,-0.184685,0.0006,-10.53,-4.929,12.7042,-0.2808,0.0,-5.2098,-5.2098,-338.64,50.0,-388.64,-1.4011,65
long,2020-02-04 14:30:00+05:30,2020-02-04 15:15:00+05:30,11964.0,11976.25,11952.642139254538,11952.642139254538,False,12.25,21.6,12.75,SOFT_EOD_EXIT,45,12.25,0.2,0.20735,0.0006,-10.53,2.4905,2.9262,-1.2636,0.0,1.2269,1.2269,79.75,50.0,29.75,6.2592,65
long,2020-02-05 09:50:00+05:30,2020-02-05 10:15:00+05:30,12010.05,12029.986411559346,11990.278722747234,12029.986411559346,True,19.94,28.9,0.0,TRAIL_SL,25,19.9364,0.2,0.211962,0.0006,-10.53,4.0946,7.7505,-0.702,0.0,3.3926,3.3926,220.52,50.0,170.52,3.4917,65
long,2020-02-05 10:15:00+05:30,2020-02-05 11:55:00+05:30,12024.5,12007.776446702866,12007.776446702866,12007.776446702866,False,-16.72,24.8,29.55,STOP_LOSS,100,-16.7236,0.2,0.189966,0.0006,-10.53,-3.2692,5.4537,-2.808,0.0,-6.0772,-6.0772,-395.02,50.0,-445.02,13.7562,65
long,2020-02-06 09:50:00+05:30,2020-02-06 10:40:00+05:30,12130.0,12111.250854762096,12111.250854762096,12111.250854762096,False,-18.75,5.15,20.85,STOP_LOSS,50,-18.7491,0.2,0.188751,0.0006,-10.53,-3.6549,6.8548,-1.404,0.0,-5.0589,-5.0589,-328.83,50.0,-378.83,6.9476,65
long,2020-02-11 10:15:00+05:30,2020-02-11 11:25:00+05:30,12150.9,12137.0205300224,12137.0205300224,12137.0205300224,False,-13.88,7.8,17.45,STOP_LOSS,70,-13.8795,0.2,0.191672,0.0006,-10.53,-2.7239,3.7565,-1.9656,0.0,-4.6895,-4.6895,-304.82,50.0,-354.82,9.6872,65
long,2020-02-14 09:45:00+05:30,2020-02-14 10:00:00+05:30,12215.55,12199.461572890832,12199.461572890832,12199.461572890832,False,-16.09,7.5,19.7,STOP_LOSS,15,-16.0884,0.2,0.190347,0.0006,-10.53,-3.1478,5.0473,-0.4212,0.0,-3.569,-3.569,-231.98,50.0,-281.98,2.0994,65
long,2020-02-14 10:20:00+05:30,2020-02-14 10:40:00+05:30,12207.55,12193.869787220321,12193.869787220321,12193.869787220321,False,-13.68,4.0,15.45,STOP_LOSS,20,-13.6802,0.2,0.191792,0.0006,-10.53,-2.6855,3.6494,-0.5616,0.0,-3.2471,-3.2471,-211.06,50.0,-261.06,2.7963,65
short,2020-02-18 10:10:00+05:30,2020-02-18 11:30:00+05:30,11971.45,11930.596559440779,11980.349144291818,11930.596559440779,True,40.85,48.0,0.2,TRAIL_SL,80,-40.8534,-0.2,-0.224512,0.0006,-10.53,8.6213,32.5456,-2.2464,0.0,6.3749,6.3749,414.37,50.0,364.37,-11.0489,65
long,2020-02-20 09:30:00+05:30,2020-02-20 10:05:00+05:30,12125.15,12108.267431014727,12108.267431014727,12108.267431014727,False,-16.88,2.95,23.15,STOP_LOSS,35,-16.8826,0.2,0.18987,0.0006,-10.53,-3.2996,5.5579,-0.9828,0.0,-4.2824,-4.2824,-278.35,50.0,-328.35,4.8783,65
short,2020-02-25 09:40:00+05:30,2020-02-25 10:00:00+05:30,11839.2,11855.836674666149,11855.836674666149,11855.836674666149,False,-16.64,28.9,20.25,STOP_LOSS,20,16.6367,-0.2,-0.190018,0.0006,-10.53,-3.2526,5.3972,-0.5616,0.0,-3.8142,-3.8142,-247.92,50.0,-297.92,-2.7963,65
short,2020-02-25 10:20:00+05:30,2020-02-25 12:15:00+05:30,11843.6,11857.956821973357,11857.956821973357,11857.956821973357,False,-14.36,20.9,20.65,STOP_LOSS,115,14.3568,-0.2,-0.191386,0.0006,-10.53,-2.8157,4.0193,-3.2292,0.0,-6.0449,-6.0449,-392.92,50.0,-442.92,-15.7728,65
short,2020-02-26 14:55:00+05:30,2020-02-26 15:15:00+05:30,11688.55,11684.25,11702.240497714169,11702.240497714169,False,4.3,33.1,8.8,SOFT_EOD_EXIT,20,-4.3,-0.2,-0.20258,0.0006,-10.53,0.865,0.3606,-0.5616,0.0,0.3034,0.3034,19.72,50.0,-30.28,-2.7963,65
short,2020-02-28 14:30:00+05:30,2020-02-28 15:10:00+05:30,11273.8,11193.643667679313,11287.89859686913,11193.643667679313,True,80.16,98.2,6.4,TRAIL_SL,40,-80.1563,-0.2,-0.248094,0.0006,-10.53,17.766,125.2882,-1.1232,0.0,16.6428,16.6428,1081.78,50.0,1031.78,-5.5695,65
short,2020-03-05 14:40:00+05:30,2020-03-06 09:25:00+05:30,11300.45,10938.271601953384,11318.605619670207,10938.271601953384,True,362.18,469.15,18.5,TRAIL_SL,1125,-362.1784,-0.2,-0.417307,0.0006,-10.53,107.8524,2557.8772,-31.59,0.0,76.2624,76.2624,4957.06,50.0,4907.06,-131.8667,65
short,2020-03-16 09:55:00+05:30,2020-03-16 10:20:00+05:30,9522.65,9521.65,9591.898972615882,9521.65,True,1.0,71.55,14.8,TRAIL_SL,25,-1.0,-0.2,-0.2006,0.0006,-10.53,0.2003,0.0195,-0.702,0.0,-0.5017,-0.5017,-32.61,50.0,-82.61,-3.4917,65
short,2020-03-16 10:20:00+05:30,2020-03-16 10:45:00+05:30,9527.2,9518.656380816794,9579.648296117819,9518.656380816794,True,8.54,53.05,19.65,TRAIL_SL,25,-8.5436,-0.2,-0.205126,0.0006,-10.53,1.7284,1.4234,-0.702,0.0,1.0264,1.0264,66.72,50.0,16.72,-3.4917,65
short,2020-03-16 14:40:00+05:30,2020-03-16 15:20:00+05:30,9282.65,9206.5286483381,9321.120774622059,9206.5286483381,True,76.12,117.3,30.45,TRAIL_SL,40,-76.1214,-0.2,-0.245673,0.0006,-10.53,16.7888,112.992,-1.1232,0.0,15.6656,15.6656,1018.26,50.0,968.26,-5.5695,65
short,2020-03-17 14:30:00+05:30,2020-03-17 15:25:00+05:30,9227.35,8963.667268181327,9259.7977140633,8963.667268181327,True,263.68,310.65,14.05,TRAIL_SL,55,-263.6827,-0.2,-0.35821,0.0006,-10.53,71.5093,1355.8074,-1.5444,0.0,69.9649,69.9649,4547.72,50.0,4497.72,-7.6346,65
short,2020-03-18 14:30:00+05:30,2020-03-18 15:10:00+05:30,8579.4,8446.38655707511,8613.79192446742,8446.38655707511,True,133.01,170.55,29.05,TRAIL_SL,40,-133.0134,-0.2,-0.279808,0.0006,-10.53,31.3797,345.0052,-1.1232,0.0,30.2565,30.2565,1966.67,50.0,1916.67,-5.5695,65
short,2020-03-19 10:10:00+05:30,2020-03-19 10:50:00+05:30,8018.85,7998.8334577103205,8071.733517166778,7998.8334577103205,True,20.02,64.05,25.75,TRAIL_SL,40,-20.0165,-0.2,-0.21201,0.0006,-10.53,4.1115,7.8129,-1.1232,0.0,2.9883,2.9883,194.24,50.0,144.24,-5.5695,65
long,2020-03-25 14:40:00+05:30,2020-03-25 15:10:00+05:30,8313.05,8328.404192229198,8256.83160106832,8328.404192229198,True,15.35,46.05,16.6,TRAIL_SL,30,15.3542,0.2,0.209213,0.0006,-10.53,3.1345,4.5971,-0.8424,0.0,2.2921,2.2921,148.99,50.0,98.99,4.1857,65
long,2020-03-27 10:00:00+05:30,2020-03-27 10:10:00+05:30,8928.35,8954.231279776453,8857.640645637972,8954.231279776453,True,25.88,95.85,119.2,TRAIL_SL,10,25.8813,0.2,0.215529,0.0006,-10.53,5.3571,13.0619,-0.2808,0.0,5.0763,5.0763,329.96,50.0,279.96,1.4011,65
long,2020-03-27 10:20:00+05:30,2020-03-27 10:40:00+05:30,8896.95,8787.23179061859,8787.23179061859,8787.23179061859,False,-109.72,16.85,143.1,STOP_LOSS,20,-109.7182,0.2,0.134169,0.0006,-10.53,-18.6934,234.7427,-0.5616,0.0,-19.255,-19.255,-1251.57,50.0,-1301.57,2.7963,65
short,2020-03-30 09:50:00+05:30,2020-03-30 10:20:00+05:30,8514.35,8506.169886725638,8563.8801401194,8506.169886725638,True,8.18,65.6,34.1,TRAIL_SL,30,-8.1801,-0.2,-0.204908,0.0006,-10.53,1.6541,1.3048,-0.8424,0.0,0.8117,0.8117,52.76,50.0,2.76,-4.1857,65
short,2020-03-30 10:20:00+05:30,2020-03-30 10:35:00+05:30,8510.5,8549.159043952775,8549.159043952775,8549.159043952775,False,-38.66,11.2,50.15,STOP_LOSS,15,38.659,-0.2,-0.176805,0.0006,-10.53,-7.3283,29.1432,-0.4212,0.0,-7.7495,-7.7495,-503.72,50.0,-553.72,-2.0994,65
long,2020-03-31 14:55:00+05:30,2020-03-31 15:05:00+05:30,8635.65,8602.61716690828,8602.61716690828,8602.61716690828,False,-33.03,10.75,38.65,STOP_LOSS,10,-33.0328,0.2,0.18018,0.0006,-10.53,-6.312,21.2778,-0.2808,0.0,-6.5928,-6.5928,-428.53,50.0,-478.53,1.4011,65
short,2020-04-01 14:35:00+05:30,2020-04-01 14:55:00+05:30,8227.8,8243.668455959034,8243.668455959034,8243.668455959034,False,-15.87,16.0,29.45,STOP_LOSS,20,15.8685,-0.2,-0.190479,0.0006,-10.53,-3.1057,4.9103,-0.5616,0.0,-3.6673,-3.6673,-238.37,50.0,-288.37,-2.7963,65
short,2020-04-03 09:50:00+05:30,2020-04-03 10:10:00+05:30,8185.15,8164.391415404374,8216.771290428876,8164.391415404374,True,20.76,55.05,4.05,TRAIL_SL,20,-20.7586,-0.2,-0.212455,0.0006,-10.53,4.2681,8.4029,-0.5616,0.0,3.7065,3.7065,240.92,50.0,190.92,-2.7963,65
short,2020-04-03 10:15:00+05:30,2020-04-03 11:00:00+05:30,8167.0,8113.190311044136,8194.294522090151,8113.190311044136,True,53.81,69.05,1.25,TRAIL_SL,45,-53.8097,-0.2,-0.232286,0.0006,-10.53,11.5437,56.4619,-1.2636,0.0,10.2801,10.2801,668.21,50.0,618.21,-6.2592,65
short,2020-04-03 14:45:00+05:30,2020-04-03 15:05:00+05:30,8096.75,8079.846510114066,8116.1322323822105,8079.846510114066,True,16.9,35.55,13.7,TRAIL_SL,20,-16.9035,-0.2,-0.210142,0.0006,-10.53,3.4578,5.5717,-0.5616,0.0,2.8962,2.8962,188.26,50.0,138.26,-2.7963,65
short,2020-04-08 14:35:00+05:30,2020-04-08 15:15:00+05:30,8750.3,8754.6,8777.100269225512,8777.100269225512,False,-4.3,18.6,59.9,SOFT_EOD_EXIT,40,4.3,-0.2,-0.19742,0.0006,-10.53,-0.855,0.3606,-1.1232,0.0,-1.9782,-1.9782,-128.58,50.0,-178.58,-5.5695,65
long,2020-04-09 09:50:00+05:30,2020-04-09 10:05:00+05:30,8952.3,8981.109652056439,8893.9804936414,8981.109652056439,True,28.81,61.55,0.5,TRAIL_SL,15,28.8097,0.2,0.217286,0.0006,-10.53,5.986,16.1849,-0.4212,0.0,5.5648,5.5648,361.71,50.0,311.71,2.0994,65
short,2020-04-13 10:05:00+05:30,2020-04-13 10:40:00+05:30,8961.9,8987.598836046005,8987.598836046005,8987.598836046005,False,-25.7,32.05,65.1,STOP_LOSS,35,25.6988,-0.2,-0.184581,0.0006,-10.53,-4.9615,12.8784,-0.9828,0.0,-5.9443,-5.9443,-386.38,50.0,-436.38,-4.8783,65
short,2020-04-16 09:45:00+05:30,2020-04-16 10:05:00+05:30,8900.25,8894.884014494084,8932.769321186577,8894.884014494084,True,5.37,37.75,12.85,TRAIL_SL,20,-5.366,-0.2,-0.20322,0.0006,-10.53,1.081,0.5615,-0.5616,0.0,0.5194,0.5194,33.76,50.0,-16.24,-2.7963,65
short,2020-04-16 10:10:00+05:30,2020-04-16 10:20:00+05:30,8900.4,8928.043602497222,8928.043602497222,8928.043602497222,False,-27.64,0.65,40.85,STOP_LOSS,10,27.6436,-0.2,-0.183414,0.0006,-10.53,-5.3224,14.9013,-0.2808,0.0,-5.6032,-5.6032,-364.21,50.0,-414.21,-1.4011,65
long,2020-04-17 10:15:00+05:30,2020-04-17 10:25:00+05:30,9246.05,9201.463166150257,9201.463166150257,9201.463166150257,False,-44.59,9.55,45.4,STOP_LOSS,10,-44.5868,0.2,0.173248,0.0006,-10.53,-8.3806,38.7657,-0.2808,0.0,-8.6614,-8.6614,-562.99,50.0,-612.99,1.4011,65
long,2020-04-20 09:30:00+05:30,2020-04-20 09:35:00+05:30,9296.75,9249.473822509271,9249.473822509271,9249.473822509271,False,-47.28,0.0,51.5,STOP_LOSS,5,-47.2762,0.2,0.171634,0.0006,-10.53,-8.8518,43.5832,-0.1404,0.0,-8.9922,-8.9922,-584.49,50.0,-634.49,0.7013,65
long,2020-04-20 09:45:00+05:30,2020-04-20 11:05:00+05:30,9280.0,9320.179173615046,9232.810737200849,9320.179173615046,True,40.18,56.45,23.05,TRAIL_SL,80,40.1792,0.2,0.224108,0.0006,-10.53,8.4717,31.4801,-2.2464,0.0,6.2253,6.2253,404.65,50.0,354.65,11.0489,65
short,2020-04-24 09:45:00+05:30,2020-04-24 10:45:00+05:30,9213.15,9178.477039089843,9237.339205103532,9178.477039089843,True,34.67,49.3,14.25,TRAIL_SL,60,-34.673,-0.2,-0.220804,0.0006,-10.53,7.2592,23.4432,-1.6848,0.0,5.5744,5.5744,362.34,50.0,312.34,-8.3202,65
short,2020-04-24 14:40:00+05:30,2020-04-24 15:20:00+05:30,9192.1,9157.993072057909,9209.619717338002,9157.993072057909,True,34.11,49.85,17.7,TRAIL_SL,40,-34.1069,-0.2,-0.220464,0.0006,-10.53,7.1355,22.684,-1.1232,0.0,6.0123,6.0123,390.8,50.0,340.8,-5.5695,65
short,2020-04-27 14:45:00+05:30,2020-04-27 15:15:00+05:30,9303.8,9278.35,9317.424509381035,9317.424509381035,False,25.45,32.6,2.4,SOFT_EOD_EXIT,30,-25.45,-0.2,-0.21527,0.0006,-10.53,5.2649,12.6302,-0.8424,0.0,4.4225,4.4225,287.46,50.0,237.46,-4.1857,65
short,2020-04-28 10:10:00+05:30,2020-04-28 10:50:00+05:30,9283.45,9303.593814129641,9303.593814129641,9303.593814129641,False,-20.14,13.6,29.4,STOP_LOSS,40,20.1438,-0.2,-0.187914,0.0006,-10.53,-3.9192,7.9126,-1.1232,0.0,-5.0424,-5.0424,-327.76,50.0,-377.76,-5.5695,65
short,2020-05-04 14:55:00+05:30,2020-05-04 15:15:00+05:30,9304.1,9286.0,9317.122464326101,9317.122464326101,False,18.1,27.9,0.85,SOFT_EOD_EXIT,20,-18.1,-0.2,-0.21086,0.0006,-10.53,3.7085,6.3884,-0.5616,0.0,3.1469,3.1469,204.55,50.0,154.55,-2.7963,65
short,2020-05-06 09:50:00+05:30,2020-05-06 09:55:00+05:30,9173.5,9194.87491185343,9194.87491185343,9194.87491185343,False,-21.37,0.0,75.95,STOP_LOSS,5,21.3749,-0.2,-0.187175,0.0006,-10.53,-4.1516,8.9093,-0.1404,0.0,-4.292,-4.292,-278.98,50.0,-328.98,-0.7013,65
short,2020-05-06 14:40:00+05:30,2020-05-06 14:55:00+05:30,9239.7,9262.865071296636,9262.865071296636,9262.865071296636,False,-23.17,26.55,24.9,STOP_LOSS,15,23.1651,-0.2,-0.186101,0.0006,-10.53,-4.4881,10.4641,-0.4212,0.0,-4.9093,-4.9093,-319.11,50.0,-369.11,-2.0994,65
short,2020-05-07 09:40:00+05:30,2020-05-07 09:55:00+05:30,9235.4,9260.921048232018,9260.921048232018,9260.921048232018,False,-25.52,8.2,32.45,STOP_LOSS,15,25.521,-0.2,-0.184687,0.0006,-10.53,-4.9284,12.7008,-0.4212,0.0,-5.3496,-5.3496,-347.72,50.0,-397.72,-2.0994,65
short,2020-05-08 14:30:00+05:30,2020-05-08 14:55:00+05:30,9296.85,9261.090348448812,9308.309831160546,9261.090348448812,True,35.76,52.7,1.1,TRAIL_SL,25,-35.7597,-0.2,-0.221456,0.0006,-10.53,7.4972,24.9357,-0.702,0.0,6.7952,6.7952,441.69,50.0,391.69,-3.4917,65
long,2020-05-11 10:05:00+05:30,2020-05-11 10:40:00+05:30,9391.5,9365.329296933769,9365.329296933769,9365.329296933769,False,-26.17,6.8,30.9,STOP_LOSS,35,-26.1707,0.2,0.184298,0.0006,-10.53,-5.0492,13.3557,-0.9828,0.0,-6.032,-6.032,-392.08,50.0,-442.08,4.8783,65
short,2020-05-12 10:10:00+05:30,2020-05-12 12:05:00+05:30,9095.3,9063.140586165455,9114.849484874805,9063.140586165455,True,32.16,51.2,21.2,TRAIL_SL,115,-32.1594,-0.2,-0.219296,0.0006,-10.53,6.7111,20.1674,-3.2292,0.0,3.4819,3.4819,226.33,50.0,176.33,-15.7728,65
long,2020-05-13 10:15:00+05:30,2020-05-13 10:45:00+05:30,9377.1,9409.802983949136,9335.443629594549,9409.802983949136,True,32.7,51.0,5.0,TRAIL_SL,30,32.703,0.2,0.219622,0.0006,-10.53,6.8294,20.855,-0.8424,0.0,5.987,5.987,389.15,50.0,339.15,4.1857,65
short,2020-05-14 14:35:00+05:30,2020-05-14 15:15:00+05:30,9151.65,9139.95,9165.174514094024,9165.174514094024,False,11.7,19.65,22.7,SOFT_EOD_EXIT,40,-11.7,-0.2,-0.20702,0.0006,-10.53,2.377,2.6694,-1.1232,0.0,1.2538,1.2538,81.49,50.0,31.49,-5.5695,65
short,2020-05-15 10:15:00+05:30,2020-05-15 11:00:00+05:30,9093.2,9067.704499173831,9108.611315209175,9067.704499173831,True,25.5,38.65,1.8,TRAIL_SL,45,-25.4955,-0.2,-0.215297,0.0006,-10.53,5.2746,12.6754,-1.2636,0.0,4.011,4.011,260.72,50.0,210.72,-6.2592,65
short,2020-05-19 14:45:00+05:30,2020-05-19 15:15:00+05:30,8897.4,8882.620669647224,8913.569605551962,8882.620669647224,True,14.78,41.45,0.0,TRAIL_SL,30,-14.7793,-0.2,-0.208868,0.0006,-10.53,3.0148,4.2594,-0.8424,0.0,2.1724,2.1724,141.21,50.0,91.21,-4.1857,65
long,2020-05-21 09:55:00+05:30,2020-05-21 10:50:00+05:30,9105.1,9136.927832568354,9081.049337232245,9136.927832568354,True,31.83,44.25,1.6,TRAIL_SL,55,31.8278,0.2,0.219097,0.0006,-10.53,6.6391,19.7537,-1.5444,0.0,5.0947,5.0947,331.15,50.0,281.15,7.6346,65
long,2020-05-26 10:00:00+05:30,2020-05-26 11:15:00+05:30,9125.6,9101.669488313406,9101.669488313406,9101.669488313406,False,-23.93,13.4,33.35,STOP_LOSS,75,-23.9305,0.2,0.185642,0.0006,-10.53,-4.6315,11.1671,-2.106,0.0,-6.7375,-6.7375,-437.94,50.0,-487.94,10.3687,65
short,2020-05-26 14:35:00+05:30,2020-05-26 14:50:00+05:30,9032.15,9045.435300440258,9045.435300440258,9045.435300440258,False,-13.29,8.9,22.3,STOP_LOSS,15,13.2853,-0.2,-0.192029,0.0006,-10.53,-2.6094,3.4417,-0.4212,0.0,-3.0306,-3.0306,-196.99,50.0,-246.99,-2.0994,65
long,2020-05-27 14:35:00+05:30,2020-05-28 11:15:00+05:30,9261.55,9463.401797935685,9230.715691430061,9463.401797935685,True,201.85,219.75,10.0,TRAIL_SL,1240,201.8518,0.2,0.321111,0.0006,-10.53,51.3713,794.5109,-34.8192,0.0,16.5521,16.5521,1075.89,50.0,1025.89,143.2956,65
short,2020-05-29 09:50:00+05:30,2020-05-29 10:05:00+05:30,9436.3,9454.142364377562,9454.142364377562,9454.142364377562,False,-17.84,2.85,37.2,STOP_LOSS,15,17.8424,-0.2,-0.189295,0.0006,-10.53,-3.4825,6.2078,-0.4212,0.0,-3.9037,-3.9037,-253.74,50.0,-303.74,-2.0994,65
long,2020-05-29 14:30:00+05:30,2020-05-29 15:15:00+05:30,9524.95,9580.737352723774,9504.13116616185,9580.737352723774,True,55.79,72.8,4.85,TRAIL_SL,45,55.7874,0.2,0.233472,0.0006,-10.53,11.9978,60.6885,-1.2636,0.0,10.7342,10.7342,697.72,50.0,647.72,6.2592,65
long,2020-06-02 10:00:00+05:30,2020-06-02 10:10:00+05:30,9901.15,9874.600334751658,9874.600334751658,9874.600334751658,False,-26.55,0.0,30.3,STOP_LOSS,10,-26.5497,0.2,0.18407,0.0006,-10.53,-5.1196,13.7453,-0.2808,0.0,-5.4004,-5.4004,-351.03,50.0,-401.03,1.4011,65
long,2020-06-02 14:35:00+05:30,2020-06-02 15:15:00+05:30,9969.65,9977.85,9951.808761153656,9951.808761153656,False,8.2,16.8,13.35,SOFT_EOD_EXIT,40,8.2,0.2,0.20492,0.0006,-10.53,1.6582,1.3112,-1.1232,0.0,0.535,0.535,34.77,50.0,-15.23,5.5695,65
long,2020-06-03 09:50:00+05:30,2020-06-03 10:45:00+05:30,10083.6,10106.016643267974,10051.17133176543,10106.016643267974,True,22.42,37.6,15.8,TRAIL_SL,55,22.4166,0.2,0.21345,0.0006,-10.53,4.619,9.7989,-1.5444,0.0,3.0746,3.0746,199.85,50.0,149.85,7.6346,65
short,2020-06-04 09:55:00+05:30,2020-06-04 10:25:00+05:30,10062.0,10081.84987315599,10081.84987315599,10081.84987315599,False,-19.85,12.0,25.8,STOP_LOSS,30,19.8499,-0.2,-0.18809,0.0006,-10.53,-3.8636,7.6833,-0.8424,0.0,-4.706,-4.706,-305.89,50.0,-355.89,-4.1857,65
long,2020-06-05 09:45:00+05:30,2020-06-05 10:05:00+05:30,10099.3,10108.939630605213,10067.201856641097,10108.939630605213,True,9.64,32.1,7.45,TRAIL_SL,20,9.6396,0.2,0.205784,0.0006,-10.53,1.953,1.812,-0.5616,0.0,1.3914,1.3914,90.44,50.0,40.44,2.7963,65
long,2020-06-05 10:05:00+05:30,2020-06-05 10:25:00+05:30,10103.3,10073.831267309162,10073.831267309162,10073.831267309162,False,-29.47,0.0,57.85,STOP_LOSS,20,-29.4687,0.2,0.182319,0.0006,-10.53,-5.6593,16.9339,-0.5616,0.0,-6.2209,-6.2209,-404.36,50.0,-454.36,2.7963,65
long,2020-06-05 14:30:00+05:30,2020-06-05 15:15:00+05:30,10145.9,10139.0,10122.752926106554,10122.752926106554,False,-6.9,8.7,31.9,SOFT_EOD_EXIT,45,-6.9,0.2,0.19586,0.0006,-10.53,-1.3671,0.9284,-1.2636,0.0,-2.6307,-2.6307,-171.0,50.0,-221.0,6.2592,65
long,2020-06-08 09:50:00+05:30,2020-06-08 10:35:00+05:30,10278.75,10288.438934080272,10245.989439731185,10288.438934080272,True,9.69,30.15,14.5,TRAIL_SL,45,9.6889,0.2,0.205813,0.0006,-10.53,1.9631,1.8306,-1.2636,0.0,0.6995,0.6995,45.47,50.0,-4.53,6.2592,65
short,2020-06-08 14:35:00+05:30,2020-06-08 15:15:00+05:30,10172.25,10167.95,10191.964379318817,10191.964379318817,False,4.3,29.65,17.9,SOFT_EOD_EXIT,40,-4.3,-0.2,-0.20258,0.0006,-10.53,0.865,0.3606,-1.1232,0.0,-0.2582,-0.2582,-16.78,50.0,-66.78,-5.5695,65
short,2020-06-10 09:50:00+05:30,2020-06-10 10:15:00+05:30,10069.3,10092.307690820759,10092.307690820759,10092.307690820759,False,-23.01,32.4,28.8,STOP_LOSS,25,23.0077,-0.2,-0.186195,0.0006,-10.53,-4.4586,10.3224,-0.702,0.0,-5.1606,-5.1606,-335.44,50.0,-385.44,-3.4917,65
short,2020-06-12 10:25:00+05:30,2020-06-12 10:35:00+05:30,9695.45,9714.476751710308,9714.476751710308,9714.476751710308,False,-19.03,3.1,33.4,STOP_LOSS,10,19.0268,-0.2,-0.188584,0.0006,-10.53,-3.7076,7.0593,-0.2808,0.0,-3.9884,-3.9884,-259.25,50.0,-309.25,-1.4011,65
long,2020-06-16 09:55:00+05:30,2020-06-16 11:05:00+05:30,9981.45,10001.1788944556,9941.438579994963,10001.1788944556,True,19.73,37.35,14.45,TRAIL_SL,70,19.7289,0.2,0.211837,0.0006,-10.53,4.0509,7.59,-1.9656,0.0,2.0853,2.0853,135.54,50.0,85.54,9.6872,65
short,2020-06-18 09:35:00+05:30,2020-06-18 09:55:00+05:30,9881.5,9897.674276582504,9897.674276582504,9897.674276582504,False,-16.17,7.1,24.2,STOP_LOSS,20,16.1743,-0.2,-0.190295,0.0006,-10.53,-3.1642,5.1013,-0.5616,0.0,-3.7258,-3.7258,-242.18,50.0,-292.18,-2.7963,65
long,2020-06-18 14:40:00+05:30,2020-06-18 15:05:00+05:30,10058.9,10083.765689168586,10034.198216608078,10083.765689168586,True,24.87,50.95,3.45,TRAIL_SL,25,24.8657,0.2,0.214919,0.0006,-10.53,5.1401,12.0569,-0.702,0.0,4.4381,4.4381,288.48,50.0,238.48,3.4917,65
long,2020-06-19 09:30:00+05:30,2020-06-19 09:35:00+05:30,10121.05,10091.135582776498,10091.135582776498,10091.135582776498,False,-29.91,0.0,48.0,STOP_LOSS,5,-29.9144,0.2,0.182051,0.0006,-10.53,-5.7413,17.45,-0.1404,0.0,-5.8817,-5.8817,-382.31,50.0,-432.31,0.7013,65
long,2020-06-19 09:45:00+05:30,2020-06-19 10:20:00+05:30,10103.45,10115.683465290285,10067.963488995547,10115.683465290285,True,12.23,36.4,11.0,TRAIL_SL,35,12.2335,0.2,0.20734,0.0006,-10.53,2.4871,2.9183,-0.9828,0.0,1.5043,1.5043,97.78,50.0,47.78,4.8783,65
long,2020-06-19 10:20:00+05:30,2020-06-19 12:10:00+05:30,10111.4,10196.822786906157,10084.723427858296,10196.822786906157,True,85.42,101.2,21.0,TRAIL_SL,110,85.4228,0.2,0.251254,0.0006,-10.53,19.0548,142.2925,-3.0888,0.0,15.966,15.966,1037.79,50.0,987.79,15.1019,65
long,2020-06-22 09:50:00+05:30,2020-06-22 10:35:00+05:30,10340.65,10309.650221231288,10309.650221231288,10309.650221231288,False,-31.0,23.7,36.8,STOP_LOSS,45,-30.9998,0.2,0.1814,0.0006,-10.53,-5.9405,18.7392,-1.2636,0.0,-7.2041,-7.2041,-468.27,50.0,-518.27,6.2592,65
long,2020-06-22 14:30:00+05:30,2020-06-22 14:45:00+05:30,10371.85,10350.993021721844,10350.993021721844,10350.993021721844,False,-20.86,10.65,34.4,STOP_LOSS,15,-20.857,0.2,0.187486,0.0006,-10.53,-4.0539,8.4828,-0.4212,0.0,-4.4751,-4.4751,-290.88,50.0,-340.88,2.0994,65
short,2020-06-25 09:35:00+05:30,2020-06-25 10:20:00+05:30,10273.35,10297.491418093907,10297.491418093907,10297.491418093907,False,-24.14,18.0,24.9,STOP_LOSS,45,24.1414,-0.2,-0.185515,0.0006,-10.53,-4.6709,11.3648,-1.2636,0.0,-5.9345,-5.9345,-385.74,50.0,-435.74,-6.2592,65
short,2020-06-29 10:25:00+05:30,2020-06-29 12:30:00+05:30,10264.0,10279.901837315369,10279.901837315369,10279.901837315369,False,-15.9,40.05,35.55,STOP_LOSS,125,15.9018,-0.2,-0.190459,0.0006,-10.53,-3.1121,4.9309,-3.51,0.0,-6.6221,-6.6221,-430.44,50.0,-480.44,-17.1108,65
long,2020-06-30 10:00:00+05:30,2020-06-30 11:40:00+05:30,10374.5,10352.552735175124,10352.552735175124,10352.552735175124,False,-21.95,15.4,28.7,STOP_LOSS,100,-21.9473,0.2,0.186832,0.0006,-10.53,-4.2594,9.3928,-2.808,0.0,-7.0674,-7.0674,-459.38,50.0,-509.38,13.7562,65
short,2020-06-30 14:50:00+05:30,2020-06-30 15:15:00+05:30,10312.4,10306.9,10328.196315537021,10328.196315537021,False,5.5,21.6,6.5,SOFT_EOD_EXIT,25,-5.5,-0.2,-0.2033,0.0006,-10.53,1.1082,0.5899,-0.702,0.0,0.4062,0.4062,26.4,50.0,-23.6,-3.4917,65
long,2020-07-01 14:30:00+05:30,2020-07-01 14:45:00+05:30,10425.9,10408.641224184472,10408.641224184472,10408.641224184472,False,-17.26,10.2,27.75,STOP_LOSS,15,-17.2588,0.2,0.189645,0.0006,-10.53,-3.3713,5.8084,-0.4212,0.0,-3.7925,-3.7925,-246.51,50.0,-296.51,2.0994,65
long,2020-07-02 10:25:00+05:30,2020-07-02 11:50:00+05:30,10512.45,10526.622137867358,10490.30820152826,10526.622137867358,True,14.17,26.2,21.3,TRAIL_SL,85,14.1721,0.2,0.208503,0.0006,-10.53,2.8887,3.9166,-2.3868,0.0,0.5019,0.5019,32.62,50.0,-17.38,11.7277,65
long,2020-07-03 09:35:00+05:30,2020-07-03 10:50:00+05:30,10586.95,10601.632740603663,10561.676070298327,10601.632740603663,True,14.68,24.0,21.25,TRAIL_SL,75,14.6827,0.2,0.20881,0.0006,-10.53,2.9948,4.2039,-2.106,0.0,0.8888,0.8888,57.77,50.0,7.77,10.3687,65
long,2020-07-06 10:25:00+05:30,2020-07-06 12:00:00+05:30,10733.0,10758.930026724254,10716.528826038775,10758.930026724254,True,25.93,34.95,3.85,TRAIL_SL,95,25.93,0.2,0.215558,0.0006,-10.53,5.3675,13.1111,-2.6676,0.0,2.6999,2.6999,175.5,50.0,125.5,13.0813,65
long,2020-07-07 14:30:00+05:30,2020-07-07 15:20:00+05:30,10774.75,10796.245572169526,10758.150776162269,10796.245572169526,True,21.5,38.6,9.15,TRAIL_SL,50,21.4956,0.2,0.212897,0.0006,-10.53,4.4239,9.0102,-1.404,0.0,3.0199,3.0199,196.29,50.0,146.29,6.9476,65
long,2020-07-08 09:40:00+05:30,2020-07-08 10:05:00+05:30,10821.3,10800.81943253011,10800.81943253011,10800.81943253011,False,-20.48,9.4,26.25,STOP_LOSS,25,-20.4806,0.2,0.187712,0.0006,-10.53,-3.9829,8.1793,-0.702,0.0,-4.6849,-4.6849,-304.52,50.0,-354.52,3.4917,65
long,2020-07-13 09:50:00+05:30,2020-07-13 11:05:00+05:30,10852.45,10870.17777888463,10828.704657129796,10870.17777888463,True,17.73,30.35,7.85,TRAIL_SL,75,17.7278,0.2,0.210637,0.0006,-10.53,3.6304,6.1283,-2.106,0.0,1.5244,1.5244,99.09,50.0,49.09,10.3687,65
short,2020-07-13 14:30:00+05:30,2020-07-13 14:40:00+05:30,10777.05,10788.588868577359,10788.588868577359,10788.588868577359,False,-11.54,6.15,29.3,STOP_LOSS,10,11.5389,-0.2,-0.193077,0.0006,-10.53,-2.2718,2.5963,-0.2808,0.0,-2.5526,-2.5526,-165.92,50.0,-215.92,-1.4011,65
short,2020-07-14 10:00:00+05:30,2020-07-14 11:15:00+05:30,10724.35,10634.25900705328,10738.416249975922,10634.25900705328,True,90.09,107.25,4.55,TRAIL_SL,75,-90.091,-0.2,-0.254055,0.0006,-10.53,20.2096,158.2695,-2.106,0.0,18.1036,18.1036,1176.74,50.0,1126.74,-10.3687,65
short,2020-07-16 09:35:00+05:30,2020-07-16 09:45:00+05:30,10632.3,10658.4161134157,10658.4161134157,10658.4161134157,False,-26.12,0.15,38.85,STOP_LOSS,10,26.1161,-0.2,-0.18433,0.0006,-10.53,-5.0391,13.3,-0.2808,0.0,-5.3199,-5.3199,-345.79,50.0,-395.79,-1.4011,65
long,2020-07-17 10:05:00+05:30,2020-07-17 10:45:00+05:30,10793.05,10806.220305283643,10769.843881617066,10806.220305283643,True,13.17,28.3,8.4,TRAIL_SL,40,13.1703,0.2,0.207902,0.0006,-10.53,2.6809,3.3824,-1.1232,0.0,1.5577,1.5577,101.25,50.0,51.25,5.5695,65
long,2020-07-21 10:10:00+05:30,2020-07-21 12:30:00+05:30,11125.45,11155.623627770285,11105.620339034695,11155.623627770285,True,30.17,39.55,3.65,TRAIL_SL,140,30.1736,0.2,0.218104,0.0006,-10.53,6.2805,17.7537,-3.9312,0.0,2.3493,2.3493,152.71,50.0,102.71,19.1083,65
short,2020-07-22 09:45:00+05:30,2020-07-22 10:25:00+05:30,11141.65,11159.034526638005,11159.034526638005,11159.034526638005,False,-17.38,17.95,25.65,STOP_LOSS,40,17.3845,-0.2,-0.189569,0.0006,-10.53,-3.3953,5.8933,-1.1232,0.0,-4.5185,-4.5185,-293.7,50.0,-343.7,-5.5695,65
short,2020-07-22 14:55:00+05:30,2020-07-22 15:00:00+05:30,11091.3,11104.844920975622,11104.844920975622,11104.844920975622,False,-13.54,0.7,26.85,STOP_LOSS,5,13.5449,-0.2,-0.191873,0.0006,-10.53,-2.6594,3.5776,-0.1404,0.0,-2.7998,-2.7998,-181.99,50.0,-231.99,-0.7013,65
short,2020-07-24 09:55:00+05:30,2020-07-24 11:05:00+05:30,11165.8,11105.916302257132,11179.790675585406,11105.916302257132,True,59.88,75.1,3.85,TRAIL_SL,70,-59.8837,-0.2,-0.23593,0.0006,-10.53,12.945,69.9281,-1.9656,0.0,10.9794,10.9794,713.66,50.0,663.66,-9.6872,65
long,2020-07-24 14:40:00+05:30,2020-07-27 09:20:00+05:30,11179.15,11198.638513907743,11153.114987140862,11198.638513907743,True,19.49,45.85,6.9,TRAIL_SL,4000,19.4885,0.2,0.211693,0.0006,-10.53,4.0002,7.4061,-112.32,0.0,-108.3198,-108.3198,-7040.78,50.0,-7090.78,363.4529,65
short,2020-07-27 10:15:00+05:30,2020-07-27 10:25:00+05:30,11125.55,11141.938742416016,11141.938742416016,11141.938742416016,False,-16.39,6.75,21.9,STOP_LOSS,10,16.3887,-0.2,-0.190167,0.0006,-10.53,-3.2052,5.2375,-0.2808,0.0,-3.486,-3.486,-226.59,50.0,-276.59,-1.4011,65
long,2020-07-28 09:45:00+05:30,2020-07-28 12:40:00+05:30,11189.3,11241.7786841206,11164.214887988122,11241.7786841206,True,52.48,65.1,32.05,TRAIL_SL,175,52.4787,0.2,0.231487,0.0006,-10.53,11.2393,53.7032,-4.914,0.0,6.3253,6.3253,411.15,50.0,361.15,23.7256,65
long,2020-07-29 09:30:00+05:30,2020-07-29 09:35:00+05:30,11314.15,11291.585447655774,11291.585447655774,11291.585447655774,False,-22.56,2.45,51.15,STOP_LOSS,5,-22.5646,0.2,0.186461,0.0006,-10.53,-4.3754,9.9286,-0.1404,0.0,-4.5158,-4.5158,-293.53,50.0,-343.53,0.7013,65
short,2020-07-29 14:30:00+05:30,2020-07-29 14:55:00+05:30,11227.35,11175.189539130377,11241.708559720655,11175.189539130377,True,52.16,76.6,0.0,TRAIL_SL,25,-52.1605,-0.2,-0.231296,0.0006,-10.53,11.1667,53.0539,-0.702,0.0,10.4647,10.4647,680.2,50.0,630.2,-3.4917,65
short,2020-07-30 14:30:00+05:30,2020-07-30 15:15:00+05:30,11131.8,11103.9,11151.29946903788,11151.29946903788,False,27.9,35.85,23.1,SOFT_EOD_EXIT,45,-27.9,-0.2,-0.21674,0.0006,-10.53,5.7902,15.179,-1.2636,0.0,4.5266,4.5266,294.23,50.0,244.23,-6.2592,65
short,2020-07-31 09:30:00+05:30,2020-07-31 09:40:00+05:30,11092.4,11117.247269733947,11117.247269733947,11117.247269733947,False,-24.85,0.9,50.15,STOP_LOSS,10,24.8473,-0.2,-0.185092,0.0006,-10.53,-4.8028,12.039,-0.2808,0.0,-5.0836,-5.0836,-330.43,50.0,-380.43,-1.4011,65
short,2020-07-31 10:15:00+05:30,2020-07-31 10:50:00+05:30,11101.2,11121.74088571296,11121.74088571296,11121.74088571296,False,-20.54,11.6,29.3,STOP_LOSS,35,20.5409,-0.2,-0.187675,0.0006,-10.53,-3.9943,8.2276,-0.9828,0.0,-4.9771,-4.9771,-323.51,50.0,-373.51,-4.8783,65
short,2020-08-03 14:30:00+05:30,2020-08-03 15:15:00+05:30,10916.85,10894.25,10927.599439912226,10927.599439912226,False,22.6,34.5,2.6,SOFT_EOD_EXIT,45,-22.6,-0.2,-0.21356,0.0006,-10.53,4.6579,9.9598,-1.2636,0.0,3.3943,3.3943,220.63,50.0,170.63,-6.2592,65
long,2020-08-05 10:20:00+05:30,2020-08-05 10:45:00+05:30,11204.6,11185.695481259854,11185.695481259854,11185.695481259854,False,-18.9,3.8,26.95,STOP_LOSS,25,-18.9045,0.2,0.188657,0.0006,-10.53,-3.6844,6.9689,-0.702,0.0,-4.3864,-4.3864,-285.12,50.0,-335.12,3.4917,65
long,2020-08-06 10:00:00+05:30,2020-08-06 10:45:00+05:30,11158.45,11177.468098343985,11136.59306139193,11177.468098343985,True,19.02,32.2,5.1,TRAIL_SL,45,19.0181,0.2,0.211411,0.0006,-10.53,3.9013,7.0529,-1.2636,0.0,2.6377,2.6377,171.45,50.0,121.45,6.2592,65
short,2020-08-06 14:40:00+05:30,2020-08-06 15:05:00+05:30,11179.55,11194.855917697698,11194.855917697698,11194.855917697698,False,-15.31,15.2,24.85,STOP_LOSS,25,15.3059,-0.2,-0.190816,0.0006,-10.53,-2.9979,4.5683,-0.702,0.0,-3.6999,-3.6999,-240.5,50.0,-290.5,-3.4917,65
long,2020-08-10 10:20:00+05:30,2020-08-10 11:25:00+05:30,11307.45,11326.645973896459,11292.338720637055,11326.645973896459,True,19.2,28.4,16.6,TRAIL_SL,65,19.196,0.2,0.211518,0.0006,-10.53,3.9387,7.1855,-1.8252,0.0,2.1135,2.1135,137.38,50.0,87.38,9.0044,65
short,2020-08-10 14:40:00+05:30,2020-08-10 15:15:00+05:30,11278.1,11265.65,11288.034178953532,11288.034178953532,False,12.45,17.05,18.55,SOFT_EOD_EXIT,35,-12.45,-0.2,-0.20747,0.0006,-10.53,2.5319,3.0225,-0.9828,0.0,1.5491,1.5491,100.69,50.0,50.69,-4.8783,65
long,2020-08-11 09:55:00+05:30,2020-08-11 11:00:00+05:30,11347.5,11329.333602629302,11329.333602629302,11329.333602629302,False,-18.17,18.1,23.7,STOP_LOSS,65,-18.1664,0.2,0.1891,0.0006,-10.53,-3.5442,6.4354,-1.8252,0.0,-5.3694,-5.3694,-349.01,50.0,-399.01,9.0044,65
short,2020-08-12 09:40:00+05:30,2020-08-12 11:35:00+05:30,11281.8,11295.055079266538,11295.055079266538,11295.055079266538,False,-13.26,21.6,21.3,STOP_LOSS,115,13.2551,-0.2,-0.192047,0.0006,-10.53,-2.6036,3.4261,-3.2292,0.0,-5.8328,-5.8328,-379.13,50.0,-429.13,-15.7728,65
long,2020-08-13 10:00:00+05:30,2020-08-13 11:40:00+05:30,11345.8,11332.130020980187,11332.130020980187,11332.130020980187,False,-13.67,9.7,49.35,STOP_LOSS,100,-13.67,0.2,0.191798,0.0006,-10.53,-2.6835,3.6439,-2.808,0.0,-5.4915,-5.4915,-356.95,50.0,-406.95,13.7562,65
long,2020-08-14 09:50:00+05:30,2020-08-14 10:40:00+05:30,11340.05,11325.34716780327,11325.34716780327,11325.34716780327,False,-14.7,16.05,24.55,STOP_LOSS,50,-14.7028,0.2,0.191178,0.0006,-10.53,-2.8822,4.2154,-1.404,0.0,-4.2862,-4.2862,-278.6,50.0,-328.6,6.9476,65
short,2020-08-14 14:45:00+05:30,2020-08-14 15:15:00+05:30,11168.9,11187.84801625091,11187.84801625091,11187.84801625091,False,-18.95,8.25,24.05,STOP_LOSS,30,18.948,-0.2,-0.188631,0.0006,-10.53,-3.6927,7.001,-0.8424,0.0,-4.5351,-4.5351,-294.78,50.0,-344.78,-4.1857,65
long,2020-08-19 09:45:00+05:30,2020-08-19 15:05:00+05:30,11432.9,11415.295308270037,11415.295308270037,11415.295308270037,False,-17.6,21.8,29.6,STOP_LOSS,320,-17.6047,0.2,0.189437,0.0006,-10.53,-3.4373,6.0435,-8.9856,0.0,-12.4229,-12.4229,-807.49,50.0,-857.49,42.2504,65
short,2020-08-20 10:15:00+05:30,2020-08-20 10:30:00+05:30,11336.0,11345.741421135139,11345.741421135139,11345.741421135139,False,-9.74,5.0,15.35,STOP_LOSS,15,9.7414,-0.2,-0.194155,0.0006,-10.53,-1.9227,1.8505,-0.4212,0.0,-2.3439,-2.3439,-152.35,50.0,-202.35,-2.0994,65
long,2020-08-21 10:15:00+05:30,2020-08-21 15:00:00+05:30,11388.95,11374.475590043005,11374.475590043005,11374.475590043005,False,-14.47,26.5,22.55,STOP_LOSS,285,-14.4744,0.2,0.191315,0.0006,-10.53,-2.8383,4.0854,-8.0028,0.0,-10.8411,-10.8411,-704.67,50.0,-754.67,37.8635,65
long,2020-08-24 10:05:00+05:30,2020-08-24 13:20:00+05:30,11435.15,11476.333957089899,11421.381568826777,11476.333957089899,True,41.18,51.15,12.45,TRAIL_SL,195,41.184,0.2,0.22471,0.0006,-10.53,8.6947,33.0743,-5.4756,0.0,3.2191,3.2191,209.24,50.0,159.24,26.3375,65
long,2020-08-24 14:35:00+05:30,2020-08-24 14:55:00+05:30,11481.15,11470.082047470585,11470.082047470585,11470.082047470585,False,-11.07,5.05,19.2,STOP_LOSS,20,-11.068,0.2,0.193359,0.0006,-10.53,-2.1805,2.3887,-0.5616,0.0,-2.7421,-2.7421,-178.24,50.0,-228.24,2.7963,65
long,2020-08-25 09:45:00+05:30,2020-08-25 10:30:00+05:30,11499.0,11482.066271031206,11482.066271031206,11482.066271031206,False,-16.93,6.7,19.2,STOP_LOSS,45,-16.9337,0.2,0.18984,0.0006,-10.53,-3.3093,5.5916,-1.2636,0.0,-4.5729,-4.5729,-297.24,50.0,-347.24,6.2592,65
short,2020-08-25 14:30:00+05:30,2020-08-25 14:55:00+05:30,11446.3,11455.376157300661,11455.376157300661,11455.376157300661,False,-9.08,4.3,18.8,STOP_LOSS,25,9.0762,-0.2,-0.194554,0.0006,-10.53,-1.793,1.6063,-0.702,0.0,-2.495,-2.495,-162.17,50.0,-212.17,-3.4917,65
long,2020-08-26 09:40:00+05:30,2020-08-26 09:50:00+05:30,11495.25,11481.64468055666,11481.64468055666,11481.64468055666,False,-13.61,6.75,21.65,STOP_LOSS,10,-13.6053,0.2,0.191837,0.0006,-10.53,-2.6711,3.6095,-0.2808,0.0,-2.9519,-2.9519,-191.87,50.0,-241.87,1.4011,65
long,2020-08-27 09:55:00+05:30,2020-08-27 13:30:00+05:30,11592.05,11577.005887808153,11577.005887808153,11577.005887808153,False,-15.04,19.45,28.7,STOP_LOSS,215,-15.0441,0.2,0.190974,0.0006,-10.53,-2.9477,4.4133,-6.0372,0.0,-8.9849,-8.9849,-584.02,50.0,-634.02,28.9305,65
long,2020-08-28 10:00:00+05:30,2020-08-28 11:50:00+05:30,11615.3,11670.535711164628,11599.669975660214,11670.535711164628,True,55.24,70.75,20.55,TRAIL_SL,110,55.2357,0.2,0.233141,0.0006,-10.53,11.8709,59.4942,-3.0888,0.0,8.7821,8.7821,570.84,50.0,520.84,15.1019,65
long,2020-08-31 10:00:00+05:30,2020-08-31 10:40:00+05:30,11748.0,11719.755914833742,11719.755914833742,11719.755914833742,False,-28.24,6.55,33.25,STOP_LOSS,40,-28.2441,0.2,0.183054,0.0006,-10.53,-5.4334,15.5557,-1.1232,0.0,-6.5566,-6.5566,-426.18,50.0,-476.18,5.5695,65
short,2020-09-01 14:55:00+05:30,2020-09-01 15:10:00+05:30,11454.2,11471.651729058296,11471.651729058296,11471.651729058296,False,-17.45,15.55,22.85,STOP_LOSS,15,17.4517,-0.2,-0.189529,0.0006,-10.53,-3.4081,5.939,-0.4212,0.0,-3.8293,-3.8293,-248.91,50.0,-298.91,-2.0994,65
long,2020-09-03 09:50:00+05:30,2020-09-03 11:30:00+05:30,11553.5,11535.295832291478,11535.295832291478,11535.295832291478,False,-18.2,19.2,28.1,STOP_LOSS,100,-18.2042,0.2,0.189077,0.0006,-10.53,-3.5514,6.4621,-2.808,0.0,-6.3594,-6.3594,-413.36,50.0,-463.36,13.7562,65
short,2020-09-04 09:50:00+05:30,2020-09-04 12:55:00+05:30,11403.8,11423.494887916817,11423.494887916817,11423.494887916817,False,-19.69,28.55,30.4,STOP_LOSS,185,19.6949,-0.2,-0.188183,0.0006,-10.53,-3.8342,7.5638,-5.1948,0.0,-9.029,-9.029,-586.89,50.0,-636.89,-25.034,65
short,2020-09-07 09:50:00+05:30,2020-09-07 11:15:00+05:30,11308.55,11330.001611226555,11330.001611226555,11330.001611226555,False,-21.45,33.4,28.4,STOP_LOSS,85,21.4516,-0.2,-0.187129,0.0006,-10.53,-4.1661,8.9733,-2.3868,0.0,-6.5529,-6.5529,-425.94,50.0,-475.94,-11.7277,65
short,2020-09-09 10:25:00+05:30,2020-09-09 10:40:00+05:30,11236.0,11249.100347543987,11249.100347543987,11249.100347543987,False,-13.1,6.15,17.75,STOP_LOSS,15,13.1003,-0.2,-0.19214,0.0006,-10.53,-2.5737,3.3466,-0.4212,0.0,-2.9949,-2.9949,-194.67,50.0,-244.67,-2.0994,65
long,2020-09-11 09:55:00+05:30,2020-09-11 11:00:00+05:30,11449.95,11465.56746683824,11426.557844980856,11465.56746683824,True,15.62,30.0,13.3,TRAIL_SL,65,15.6175,0.2,0.20937,0.0006,-10.53,3.1893,4.7562,-1.8252,0.0,1.3641,1.3641,88.67,50.0,38.67,9.0044,65
long,2020-09-14 09:55:00+05:30,2020-09-14 11:45:00+05:30,11525.7,11556.405583430655,11504.447332726013,11556.405583430655,True,30.71,40.55,0.5,TRAIL_SL,110,30.7056,0.2,0.218423,0.0006,-10.53,6.3957,18.3852,-3.0888,0.0,3.3069,3.3069,214.95,50.0,164.95,15.1019,65
short,2020-09-14 14:50:00+05:30,2020-09-14 15:00:00+05:30,11436.3,11452.941305620285,11452.941305620285,11452.941305620285,False,-16.64,0.0,42.65,STOP_LOSS,10,16.6413,-0.2,-0.190015,0.0006,-10.53,-3.2535,5.4002,-0.2808,0.0,-3.5343,-3.5343,-229.73,50.0,-279.73,-1.4011,65
long,2020-09-15 14:40:00+05:30,2020-09-15 15:15:00+05:30,11513.25,11524.4,11494.051119487334,11494.051119487334,False,11.15,18.2,2.85,SOFT_EOD_EXIT,35,11.15,0.2,0.20669,0.0006,-10.53,2.2636,2.4243,-0.9828,0.0,1.2808,1.2808,83.25,50.0,33.25,4.8783,65
long,2020-09-16 09:30:00+05:30,2020-09-16 11:10:00+05:30,11531.2,11552.601844346578,11513.140354857778,11552.601844346578,True,21.4,38.05,4.4,TRAIL_SL,100,21.4018,0.2,0.212841,0.0006,-10.53,4.404,8.9318,-2.808,0.0,1.596,1.596,103.74,50.0,53.74,13.7562,65
long,2020-09-16 14:35:00+05:30,2020-09-16 15:10:00+05:30,11588.55,11604.996585141214,11574.123241327257,11604.996585141214,True,16.45,29.05,1.7,TRAIL_SL,35,16.4466,0.2,0.209868,0.0006,-10.53,3.3623,5.2746,-0.9828,0.0,2.3795,2.3795,154.67,50.0,104.67,4.8783,65
short,2020-09-17 09:40:00+05:30,2020-09-17 12:00:00+05:30,11571.15,11521.317927144566,11582.472225930669,11521.317927144566,True,49.83,65.05,15.5,TRAIL_SL,140,-49.8321,-0.2,-0.229899,0.0006,-10.53,10.6369,48.4231,-3.9312,0.0,6.7057,6.7057,435.87,50.0,385.87,-19.1083,65
long,2020-09-18 10:10:00+05:30,2020-09-18 10:35:00+05:30,11565.8,11550.48285383131,11550.48285383131,11550.48285383131,False,-15.32,0.0,17.35,STOP_LOSS,25,-15.3171,0.2,0.19081,0.0006,-10.53,-3.0001,4.575,-0.702,0.0,-3.7021,-3.7021,-240.64,50.0,-290.64,3.4917,65
short,2020-09-18 14:50:00+05:30,2020-09-18 15:15:00+05:30,11502.05,11513.35,11518.70116094618,11518.70116094618,False,-11.3,19.2,17.7,SOFT_EOD_EXIT,25,11.3,-0.2,-0.19322,0.0006,-10.53,-2.2255,2.49,-0.702,0.0,-2.9275,-2.9275,-190.29,50.0,-240.29,-3.4917,65
short,2020-09-21 10:00:00+05:30,2020-09-21 10:20:00+05:30,11501.0,11513.533316711786,11513.533316711786,11513.533316711786,False,-12.53,23.8,16.55,STOP_LOSS,20,12.5333,-0.2,-0.19248,0.0006,-10.53,-2.4643,3.0631,-0.5616,0.0,-3.0259,-3.0259,-196.68,50.0,-246.68,-2.7963,65
short,2020-09-21 14:40:00+05:30,2020-09-22 09:15:00+05:30,11315.3,11235.806336110094,11338.363620508497,11235.806336110094,True,79.49,95.4,2.25,TRAIL_SL,1115,-79.4937,-0.2,-0.247696,0.0006,-10.53,17.6049,123.2252,-31.3092,0.0,-13.7043,-13.7043,-890.78,50.0,-940.78,-130.8596,65
short,2020-09-22 10:00:00+05:30,2020-09-22 10:25:00+05:30,11159.95,11188.591352254052,11188.591352254052,11188.591352254052,False,-28.64,23.75,46.0,STOP_LOSS,25,28.6414,-0.2,-0.182815,0.0006,-10.53,-5.5068,15.9964,-0.702,0.0,-6.2088,-6.2088,-403.57,50.0,-453.57,-3.4917,65
short,2020-09-22 14:45:00+05:30,2020-09-22 15:15:00+05:30,11151.85,11156.7,11172.214343794603,11172.214343794603,False,-4.85,29.6,12.3,SOFT_EOD_EXIT,30,4.85,-0.2,-0.19709,0.0006,-10.53,-0.9636,0.4587,-0.8424,0.0,-1.806,-1.806,-117.39,50.0,-167.39,-4.1857,65
long,2020-09-28 10:15:00+05:30,2020-09-28 11:15:00+05:30,11151.05,11188.909926605513,11126.712185101218,11188.909926605513,True,37.86,50.65,3.45,TRAIL_SL,60,37.8599,0.2,0.222716,0.0006,-10.53,7.959,27.9508,-1.6848,0.0,6.2742,6.2742,407.82,50.0,357.82,8.3202,65
long,2020-09-29 09:30:00+05:30,2020-09-29 10:45:00+05:30,11261.25,11238.350993992897,11238.350993992897,11238.350993992897,False,-22.9,13.2,53.5,STOP_LOSS,75,-22.899,0.2,0.186261,0.0006,-10.53,-4.4382,10.2251,-2.106,0.0,-6.5442,-6.5442,-425.37,50.0,-475.37,10.3687,65
long,2020-09-30 14:35:00+05:30,2020-09-30 14:50:00+05:30,11275.2,11256.621706948245,11256.621706948245,11256.621706948245,False,-18.58,4.05,22.35,STOP_LOSS,15,-18.5783,0.2,0.188853,0.0006,-10.53,-3.6225,6.7305,-0.4212,0.0,-4.0437,-4.0437,-262.84,50.0,-312.84,2.0994,65
long,2020-10-06 10:15:00+05:30,2020-10-06 15:25:00+05:30,11591.45,11663.234021522721,11573.490320866124,11663.234021522721,True,71.78,87.95,18.85,TRAIL_SL,310,71.784,0.2,0.24307,0.0006,-10.53,15.7481,100.4824,-8.7048,0.0,7.0433,7.0433,457.81,50.0,407.81,41.0022,65
long,2020-10-08 10:15:00+05:30,2020-10-08 11:35:00+05:30,11863.15,11885.547266958982,11846.098622939273,11885.547266958982,True,22.4,31.6,1.9,TRAIL_SL,80,22.3973,0.2,0.213438,0.0006,-10.53,4.6149,9.7819,-2.2464,0.0,2.3685,2.3685,153.95,50.0,103.95,11.0489,65
short,2020-10-08 14:55:00+05:30,2020-10-08 15:15:00+05:30,11829.05,11839.8,11842.475388359107,11842.475388359107,False,-10.75,6.1,12.9,SOFT_EOD_EXIT,20,10.75,-0.2,-0.19355,0.0006,-10.53,-2.1188,2.2535,-0.5616,0.0,-2.6804,-2.6804,-174.23,50.0,-224.23,-2.7963,65
short,2020-10-09 09:50:00+05:30,2020-10-09 10:05:00+05:30,11833.55,11848.582856439185,11848.582856439185,11848.582856439185,False,-15.03,3.65,30.9,STOP_LOSS,15,15.0329,-0.2,-0.19098,0.0006,-10.53,-2.9456,4.4067,-0.4212,0.0,-3.3668,-3.3668,-218.84,50.0,-268.84,-2.0994,65
long,2020-10-12 09:55:00+05:30,2020-10-12 11:05:00+05:30,11978.5,11955.933515115592,11955.933515115592,11955.933515115592,False,-22.57,7.9,41.75,STOP_LOSS,70,-22.5665,0.2,0.18646,0.0006,-10.53,-4.3758,9.9303,-1.9656,0.0,-6.3414,-6.3414,-412.19,50.0,-462.19,9.6872,65
short,2020-10-14 10:15:00+05:30,2020-10-14 12:20:00+05:30,11857.35,11870.294773156593,11870.294773156593,11870.294773156593,False,-12.94,35.05,19.75,STOP_LOSS,125,12.9448,-0.2,-0.192233,0.0006,-10.53,-2.5437,3.2676,-3.51,0.0,-6.0537,-6.0537,-393.49,50.0,-443.49,-17.1108,65
long,2020-10-15 09:35:00+05:30,2020-10-15 10:10:00+05:30,11944.5,11959.47948119615,11912.186310877318,11959.47948119615,True,14.98,38.55,10.4,TRAIL_SL,35,14.9795,0.2,0.208988,0.0006,-10.53,3.0565,4.3755,-0.9828,0.0,2.0737,2.0737,134.79,50.0,84.79,4.8783,65
long,2020-10-15 10:10:00+05:30,2020-10-15 10:25:00+05:30,11959.15,11932.083656603816,11932.083656603816,11932.083656603816,False,-27.07,0.25,33.25,STOP_LOSS,15,-27.0663,0.2,0.18376,0.0006,-10.53,-5.2155,14.2854,-0.4212,0.0,-5.6367,-5.6367,-366.38,50.0,-416.38,2.0994,65
short,2020-10-15 14:55:00+05:30,2020-10-15 15:15:00+05:30,11738.85,11680.69842781815,11757.327892516078,11680.69842781815,True,58.15,74.7,3.95,TRAIL_SL,20,-58.1516,-0.2,-0.234891,0.0006,-10.53,12.5433,65.9413,-0.5616,0.0,11.9817,11.9817,778.81,50.0,728.81,-2.7963,65
short,2020-10-16 10:00:00+05:30,2020-10-16 10:10:00+05:30,11707.65,11730.719697172879,11730.719697172879,11730.719697172879,False,-23.07,5.3,28.1,STOP_LOSS,10,23.0697,-0.2,-0.186158,0.0006,-10.53,-4.4702,10.3781,-0.2808,0.0,-4.751,-4.751,-308.82,50.0,-358.82,-1.4011,65
long,2020-10-20 10:00:00+05:30,2020-10-20 10:50:00+05:30,11894.2,11914.783634013824,11873.46685683555,11914.783634013824,True,20.58,33.05,2.0,TRAIL_SL,50,20.5836,0.2,0.21235,0.0006,-10.53,4.2311,8.2619,-1.404,0.0,2.8271,2.8271,183.76,50.0,133.76,6.9476,65
short,2020-10-20 14:40:00+05:30,2020-10-20 15:15:00+05:30,11896.55,11892.7,11906.133379114162,11906.133379114162,False,3.85,8.45,7.45,SOFT_EOD_EXIT,35,-3.85,-0.2,-0.20231,0.0006,-10.53,0.774,0.289,-0.9828,0.0,-0.2088,-0.2088,-13.57,50.0,-63.57,-4.8783,65
long,2020-10-21 10:15:00+05:30,2020-10-21 13:15:00+05:30,12000.0,11985.938667340915,11985.938667340915,11985.938667340915,False,-14.06,16.55,47.8,STOP_LOSS,180,-14.0613,0.2,0.191563,0.0006,-10.53,-2.7589,3.8556,-5.0544,0.0,-7.8133,-7.8133,-507.86,50.0,-557.86,24.3804,65
short,2020-10-21 14:40:00+05:30,2020-10-21 14:45:00+05:30,11833.65,11854.780011950543,11854.780011950543,11854.780011950543,False,-21.13,0.55,38.75,STOP_LOSS,5,21.13,-0.2,-0.187322,0.0006,-10.53,-4.1055,8.7063,-0.1404,0.0,-4.2459,-4.2459,-275.98,50.0,-325.98,-0.7013,65
long,2020-10-23 10:10:00+05:30,2020-10-23 10:55:00+05:30,11949.05,11929.629931066407,11929.629931066407,11929.629931066407,False,-19.42,6.5,26.6,STOP_LOSS,45,-19.4201,0.2,0.188348,0.0006,-10.53,-3.7822,7.3542,-1.2636,0.0,-5.0458,-5.0458,-327.98,50.0,-377.98,6.2592,65
short,2020-10-26 09:30:00+05:30,2020-10-26 11:25:00+05:30,11910.9,11861.496413188157,11924.911395636023,11861.496413188157,True,49.4,59.3,11.85,TRAIL_SL,115,-49.4036,-0.2,-0.229642,0.0006,-10.53,10.5397,47.5939,-3.2292,0.0,7.3105,7.3105,475.18,50.0,425.18,-15.7728,65
short,2020-10-26 14:35:00+05:30,2020-10-26 15:00:00+05:30,11745.2,11760.717944475042,11760.717944475042,11760.717944475042,False,-15.52,10.65,23.55,STOP_LOSS,25,15.5179,-0.2,-0.190689,0.0006,-10.53,-3.0386,4.6957,-0.702,0.0,-3.7406,-3.7406,-243.14,50.0,-293.14,-3.4917,65
long,2020-10-28 09:40:00+05:30,2020-10-28 10:00:00+05:30,11901.05,11875.836205559008,11875.836205559008,11875.836205559008,False,-25.21,14.05,38.75,STOP_LOSS,20,-25.2138,0.2,0.184872,0.0006,-10.53,-4.8711,12.3968,-0.5616,0.0,-5.4327,-5.4327,-353.13,50.0,-403.13,2.7963,65
short,2020-10-28 14:50:00+05:30,2020-10-28 15:15:00+05:30,11727.8,11733.2,11744.947694383847,11744.947694383847,False,-5.4,9.75,15.55,SOFT_EOD_EXIT,25,5.4,-0.2,-0.19676,0.0006,-10.53,-1.0721,0.5686,-0.702,0.0,-1.7741,-1.7741,-115.32,50.0,-165.32,-3.4917,65
short,2020-10-29 09:45:00+05:30,2020-10-29 09:55:00+05:30,11675.3,11695.01561054318,11695.01561054318,11695.01561054318,False,-19.72,5.3,22.9,STOP_LOSS,10,19.7156,-0.2,-0.188171,0.0006,-10.53,-3.8382,7.5798,-0.2808,0.0,-4.119,-4.119,-267.73,50.0,-317.73,-1.4011,65
short,2020-10-29 10:15:00+05:30,2020-10-29 11:50:00+05:30,11683.15,11700.37594430598,11700.37594430598,11700.37594430598,False,-17.23,31.85,41.85,STOP_LOSS,95,17.2259,-0.2,-0.189664,0.0006,-10.53,-3.3651,5.7863,-2.6676,0.0,-6.0327,-6.0327,-392.12,50.0,-442.12,-13.0813,65
short,2020-11-02 10:00:00+05:30,2020-11-02 10:35:00+05:30,11592.9,11612.295354928476,11612.295354928476,11612.295354928476,False,-19.4,22.6,29.8,STOP_LOSS,35,19.3954,-0.2,-0.188363,0.0006,-10.53,-3.7775,7.3355,-0.9828,0.0,-4.7603,-4.7603,-309.42,50.0,-359.42,-4.8783,65
long,2020-11-03 10:00:00+05:30,2020-11-03 10:30:00+05:30,11764.6,11784.90748269341,11735.618093905936,11784.90748269341,True,20.31,36.85,16.2,TRAIL_SL,30,20.3075,0.2,0.212184,0.0006,-10.53,4.1728,8.0417,-0.8424,0.0,3.3304,3.3304,216.48,50.0,166.48,4.1857,65
long,2020-11-04 10:00:00+05:30,2020-11-04 10:15:00+05:30,11887.4,11861.090937332621,11861.090937332621,11861.090937332621,False,-26.31,0.0,66.95,STOP_LOSS,15,-26.3091,0.2,0.184215,0.0006,-10.53,-5.0749,13.4973,-0.4212,0.0,-5.4961,-5.4961,-357.25,50.0,-407.25,2.0994,65
long,2020-11-06 10:15:00+05:30,2020-11-06 10:50:00+05:30,12181.65,12165.205651540042,12165.205651540042,12165.205651540042,False,-16.44,16.5,32.3,STOP_LOSS,35,-16.4443,0.2,0.190133,0.0006,-10.53,-3.2159,5.2731,-0.9828,0.0,-4.1987,-4.1987,-272.91,50.0,-322.91,4.8783,65
long,2020-11-09 10:15:00+05:30,2020-11-09 10:45:00+05:30,12427.05,12404.767557163994,12404.767557163994,12404.767557163994,False,-22.28,6.0,25.6,STOP_LOSS,30,-22.2824,0.2,0.186631,0.0006,-10.53,-4.3224,9.6819,-0.8424,0.0,-5.1648,-5.1648,-335.71,50.0,-385.71,4.1857,65
long,2020-11-09 14:50:00+05:30,2020-11-10 09:20:00+05:30,12439.5,12499.273450092824,12426.388722634812,12499.273450092824,True,59.77,116.9,1.35,TRAIL_SL,1110,59.7735,0.2,0.235864,0.0006,-10.53,12.9194,69.6709,-31.1688,0.0,-18.2494,-18.2494,-1186.21,50.0,-1236.21,130.3553,65
long,2020-11-10 09:30:00+05:30,2020-11-10 10:20:00+05:30,12484.4,12546.835317527888,12455.63217769122,12546.835317527888,True,62.44,81.75,3.3,TRAIL_SL,50,62.4353,0.2,0.237461,0.0006,-10.53,13.5396,76.0143,-1.404,0.0,12.1356,12.1356,788.81,50.0,738.81,6.9476,65
long,2020-11-10 10:25:00+05:30,2020-11-10 11:10:00+05:30,12534.2,12581.896613163497,12513.775721441896,12581.896613163497,True,47.7,63.35,0.7,TRAIL_SL,45,47.6966,0.2,0.228618,0.0006,-10.53,10.1536,44.3619,-1.2636,0.0,8.89,8.89,577.85,50.0,527.85,6.2592,65
long,2020-11-11 10:00:00+05:30,2020-11-11 11:00:00+05:30,12732.3,12704.906169325184,12704.906169325184,12704.906169325184,False,-27.39,12.9,42.15,STOP_LOSS,60,-27.3938,0.2,0.183564,0.0006,-10.53,-5.2762,14.6332,-1.6848,0.0,-6.961,-6.961,-452.46,50.0,-502.46,8.3202,65
short,2020-11-13 09:55:00+05:30,2020-11-13 10:15:00+05:30,12640.85,12654.483722961557,12654.483722961557,12654.483722961557,False,-13.63,8.7,39.35,STOP_LOSS,20,13.6337,-0.2,-0.19182,0.0006,-10.53,-2.6766,3.6246,-0.5616,0.0,-3.2382,-3.2382,-210.48,50.0,-260.48,-2.7963,65
long,2020-11-17 10:15:00+05:30,2020-11-17 10:35:00+05:30,12858.2,12833.859859471959,12833.859859471959,12833.859859471959,False,-24.34,1.75,45.55,STOP_LOSS,20,-24.3401,0.2,0.185396,0.0006,-10.53,-4.7081,11.5526,-0.5616,0.0,-5.2697,-5.2697,-342.53,50.0,-392.53,2.7963,65
long,2020-11-19 09:45:00+05:30,2020-11-19 10:40:00+05:30,12922.95,12941.937506246166,12897.356284338392,12941.937506246166,True,18.99,36.9,7.5,TRAIL_SL,55,18.9875,0.2,0.211393,0.0006,-10.53,3.8948,7.0302,-1.5444,0.0,2.3504,2.3504,152.78,50.0,102.78,7.6346,65
short,2020-11-19 14:40:00+05:30,2020-11-20 09:15:00+05:30,12830.1,12772.807482209386,12852.138211641724,12772.807482209386,True,57.29,81.3,18.5,TRAIL_SL,1115,-57.2925,-0.2,-0.234376,0.0006,-10.53,12.3448,64.0074,-31.3092,0.0,-18.9644,-18.9644,-1232.69,50.0,-1282.69,-130.8596,65
long,2020-11-23 09:35:00+05:30,2020-11-23 10:20:00+05:30,12900.25,12867.184907139315,12867.184907139315,12867.184907139315,False,-33.07,12.4,55.6,STOP_LOSS,45,-33.0651,0.2,0.180161,0.0006,-10.53,-6.3178,21.3194,-1.2636,0.0,-7.5814,-7.5814,-492.79,50.0,-542.79,6.2592,65
long,2020-11-23 14:30:00+05:30,2020-11-23 15:05:00+05:30,12947.15,12926.428526029502,12926.428526029502,12926.428526029502,False,-20.72,7.6,27.9,STOP_LOSS,35,-20.7215,0.2,0.187567,0.0006,-10.53,-4.0284,8.3729,-0.9828,0.0,-5.0112,-5.0112,-325.73,50.0,-375.73,4.8783,65
long,2020-11-24 14:35:00+05:30,2020-11-24 15:15:00+05:30,13055.3,13061.5,13041.14094967267,13041.14094967267,False,6.2,6.85,12.85,SOFT_EOD_EXIT,40,6.2,0.2,0.20372,0.0006,-10.53,1.2504,0.7496,-1.1232,0.0,0.1272,0.1272,8.27,50.0,-41.73,5.5695,65
short,2020-11-26 10:10:00+05:30,2020-11-26 10:15:00+05:30,12833.25,12849.919296952312,12849.919296952312,12849.919296952312,False,-16.67,1.5,29.55,STOP_LOSS,5,16.6693,-0.2,-0.189998,0.0006,-10.53,-3.2588,5.4184,-0.1404,0.0,-3.3992,-3.3992,-220.95,50.0,-270.95,-0.7013,65
short,2020-11-26 10:20:00+05:30,2020-11-26 10:50:00+05:30,12843.9,12861.101494155291,12861.101494155291,12861.101494155291,False,-17.2,22.4,20.35,STOP_LOSS,30,17.2015,-0.2,-0.189679,0.0006,-10.53,-3.3604,5.7699,-0.8424,0.0,-4.2028,-4.2028,-273.18,50.0,-323.18,-4.1857,65
long,2020-11-27 09:50:00+05:30,2020-11-27 11:30:00+05:30,12987.35,12954.625810202926,12954.625810202926,12954.625810202926,False,-32.72,10.85,38.6,STOP_LOSS,100,-32.7242,0.2,0.180365,0.0006,-10.53,-6.2557,20.882,-2.808,0.0,-9.0637,-9.0637,-589.14,50.0,-639.14,13.7562,65
long,2020-12-01 14:30:00+05:30,2020-12-01 15:15:00+05:30,13108.6,13101.9,13093.594572751965,13093.594572751965,False,-6.7,19.6,16.55,SOFT_EOD_EXIT,45,-6.7,0.2,0.19598,0.0006,-10.53,-1.3279,0.8754,-1.2636,0.0,-2.5915,-2.5915,-168.45,50.0,-218.45,6.2592,65
short,2020-12-02 10:20:00+05:30,2020-12-02 10:50:00+05:30,13081.5,13093.20393598002,13093.20393598002,13093.20393598002,False,-11.7,13.75,16.45,STOP_LOSS,30,11.7039,-0.2,-0.192978,0.0006,-10.53,-2.3038,2.6712,-0.8424,0.0,-3.1462,-3.1462,-204.5,50.0,-254.5,-4.1857,65
long,2020-12-03 10:05:00+05:30,2020-12-03 12:15:00+05:30,13154.85,13134.972945243686,13134.972945243686,13134.972945243686,False,-19.88,29.25,25.8,STOP_LOSS,130,-19.8771,0.2,0.188074,0.0006,-10.53,-3.8687,7.7044,-3.6504,0.0,-7.5191,-7.5191,-488.74,50.0,-538.74,17.7779,65
long,2020-12-07 10:00:00+05:30,2020-12-07 12:30:00+05:30,13298.25,13322.31825167292,13278.010887223883,13322.31825167292,True,24.07,38.45,19.4,TRAIL_SL,150,24.0683,0.2,0.214441,0.0006,-10.53,4.9701,11.296,-4.212,0.0,0.7581,0.7581,49.27,50.0,-0.73,20.4337,65
long,2020-12-09 10:05:00+05:30,2020-12-09 12:05:00+05:30,13464.3,13490.54244967866,13447.69626667275,13490.54244967866,True,26.24,35.75,0.25,TRAIL_SL,120,26.2424,0.2,0.215745,0.0006,-10.53,5.4344,13.429,-3.3696,0.0,2.0648,2.0648,134.21,50.0,84.21,16.4425,65
long,2020-12-09 14:30:00+05:30,2020-12-09 15:15:00+05:30,13525.85,13530.05,13512.513752207899,13512.513752207899,False,4.2,17.35,16.2,SOFT_EOD_EXIT,45,4.2,0.2,0.20252,0.0006,-10.53,0.8448,0.344,-1.2636,0.0,-0.4188,-0.4188,-27.22,50.0,-77.22,6.2592,65
short,2020-12-10 10:15:00+05:30,2020-12-10 11:00:00+05:30,13433.1,13446.327115022223,13446.327115022223,13446.327115022223,False,-13.23,17.3,24.9,STOP_LOSS,45,13.2271,-0.2,-0.192064,0.0006,-10.53,-2.5982,3.4117,-1.2636,0.0,-3.8618,-3.8618,-251.02,50.0,-301.02,-6.2592,65
short,2020-12-11 14:30:00+05:30,2020-12-11 14:55:00+05:30,13463.2,13481.912005119575,13481.912005119575,13481.912005119575,False,-18.71,9.1,33.6,STOP_LOSS,25,18.712,-0.2,-0.188773,0.0006,-10.53,-3.6479,6.8277,-0.702,0.0,-4.3499,-4.3499,-282.74,50.0,-332.74,-3.4917,65
long,2020-12-14 09:50:00+05:30,2020-12-14 10:35:00+05:30,13553.65,13528.600467858741,13528.600467858741,13528.600467858741,False,-25.05,0.0,29.8,STOP_LOSS,45,-25.0495,0.2,0.18497,0.0006,-10.53,-4.8405,12.2358,-1.2636,0.0,-6.1041,-6.1041,-396.77,50.0,-446.77,6.2592,65
short,2020-12-15 10:15:00+05:30,2020-12-15 11:40:00+05:30,13481.4,13495.119464760346,13495.119464760346,13495.119464760346,False,-13.72,34.0,19.35,STOP_LOSS,85,13.7195,-0.2,-0.191768,0.0006,-10.53,-2.6931,3.6704,-2.3868,0.0,-5.0799,-5.0799,-330.19,50.0,-380.19,-11.7277,65
long,2020-12-15 14:30:00+05:30,2020-12-15 15:15:00+05:30,13564.75,13566.35,13549.879155494149,13549.879155494149,False,1.6,13.0,11.45,SOFT_EOD_EXIT,45,1.6,0.2,0.20096,0.0006,-10.53,0.3207,0.0499,-1.2636,0.0,-0.9429,-0.9429,-61.29,50.0,-111.29,6.2592,65
long,2020-12-16 10:15:00+05:30,2020-12-16 12:50:00+05:30,13639.35,13622.678916288329,13622.678916288329,13622.678916288329,False,-16.67,19.0,32.85,STOP_LOSS,155,-16.6711,0.2,0.189997,0.0006,-10.53,-3.2592,5.4195,-4.3524,0.0,-7.6116,-7.6116,-494.75,50.0,-544.75,21.0945,65
long,2020-12-17 10:10:00+05:30,2020-12-17 14:05:00+05:30,13712.6,13764.576251758424,13698.940099715188,13764.576251758424,True,51.98,60.2,7.2,TRAIL_SL,235,51.9763,0.2,0.231186,0.0006,-10.53,11.1247,52.6798,-6.5988,0.0,4.5259,4.5259,294.18,50.0,244.18,31.5051,65
short,2020-12-18 10:10:00+05:30,2020-12-18 10:50:00+05:30,13694.75,13709.953349440297,13709.953349440297,13709.953349440297,False,-15.2,10.4,22.6,STOP_LOSS,40,15.2033,-0.2,-0.190878,0.0006,-10.53,-2.9783,4.5073,-1.1232,0.0,-4.1015,-4.1015,-266.6,50.0,-316.6,-5.5695,65
long,2020-12-18 14:30:00+05:30,2020-12-18 15:15:00+05:30,13741.6,13768.4,13727.13494320267,13727.13494320267,False,26.8,28.65,0.0,SOFT_EOD_EXIT,45,26.8,0.2,0.21608,0.0006,-10.53,5.5539,14.0057,-1.2636,0.0,4.2903,4.2903,278.87,50.0,228.87,6.2592,65
short,2020-12-22 10:00:00+05:30,2020-12-22 10:25:00+05:30,13284.0,13329.797720984192,13329.797720984192,13329.797720984192,False,-45.8,5.6,61.55,STOP_LOSS,25,45.7977,-0.2,-0.172521,0.0006,-10.53,-8.5932,40.8999,-0.702,0.0,-9.2952,-9.2952,-604.19,50.0,-654.19,-3.4917,65
long,2020-12-28 10:00:00+05:30,2020-12-28 12:30:00+05:30,13823.45,13854.04033646387,13799.038464024125,13854.04033646387,True,30.59,39.6,11.45,TRAIL_SL,150,30.5903,0.2,0.218354,0.0006,-10.53,6.3707,18.2475,-4.212,0.0,2.1587,2.1587,140.32,50.0,90.32,20.4337,65
long,2020-12-30 14:35:00+05:30,2020-12-30 15:25:00+05:30,13947.8,13980.23893400716,13933.74389197721,13980.23893400716,True,32.44,48.15,0.8,TRAIL_SL,50,32.4389,0.2,0.219463,0.0006,-10.53,6.7719,20.5195,-1.404,0.0,5.3679,5.3679,348.91,50.0,298.91,6.9476,65
long,2020-12-31 09:30:00+05:30,2020-12-31 10:50:00+05:30,13980.45,14002.42233736803,13958.656370814364,14002.42233736803,True,21.97,29.3,3.75,TRAIL_SL,80,21.9723,0.2,0.213183,0.0006,-10.53,4.5248,9.4143,-2.2464,0.0,2.2784,2.2784,148.1,50.0,98.1,11.0489,65
long,2021-01-04 10:10:00+05:30,2021-01-04 10:45:00+05:30,14086.55,14068.721817055306,14068.721817055306,14068.721817055306,False,-17.83,8.7,32.65,STOP_LOSS,35,-17.8282,0.2,0.189303,0.0006,-10.53,-3.4798,6.198,-0.9828,0.0,-4.4626,-4.4626,-290.07,50.0,-340.07,4.8783,65
short,2021-01-05 10:25:00+05:30,2021-01-05 10:40:00+05:30,14076.45,14088.763084222595,14088.763084222595,14088.763084222595,False,-12.31,1.95,13.85,STOP_LOSS,15,12.3131,-0.2,-0.192612,0.0006,-10.53,-2.4217,2.9564,-0.4212,0.0,-2.8429,-2.8429,-184.79,50.0,-234.79,-2.0994,65
long,2021-01-06 09:35:00+05:30,2021-01-06 13:35:00+05:30,14197.9,14176.353053644301,14176.353053644301,14176.353053644301,False,-21.55,25.45,47.95,STOP_LOSS,240,-21.5469,0.2,0.187072,0.0006,-10.53,-4.184,9.0533,-6.7392,0.0,-10.9232,-10.9232,-710.01,50.0,-760.01,32.146,65
long,2021-01-07 10:00:00+05:30,2021-01-07 10:25:00+05:30,14207.7,14184.95343515296,14184.95343515296,14184.95343515296,False,-22.75,7.5,31.6,STOP_LOSS,25,-22.7466,0.2,0.186352,0.0006,-10.53,-4.4096,10.0894,-0.702,0.0,-5.1116,-5.1116,-332.25,50.0,-382.25,3.4917,65
long,2021-01-11 10:05:00+05:30,2021-01-11 10:15:00+05:30,14446.45,14420.793636322123,14420.793636322123,14420.793636322123,False,-25.66,2.75,29.2,STOP_LOSS,10,-25.6564,0.2,0.184606,0.0006,-10.53,-4.9535,12.8359,-0.2808,0.0,-5.2343,-5.2343,-340.23,50.0,-390.23,1.4011,65
long,2021-01-12 14:30:00+05:30,2021-01-12 15:15:00+05:30,14567.05,14560.15,14552.233938443893,14552.233938443893,False,-6.9,22.85,10.25,SOFT_EOD_EXIT,45,-6.9,0.2,0.19586,0.0006,-10.53,-1.3671,0.9284,-1.2636,0.0,-2.6307,-2.6307,-171.0,50.0,-221.0,6.2592,65
long,2021-01-13 09:55:00+05:30,2021-01-13 10:30:00+05:30,14627.1,14608.028086781454,14608.028086781454,14608.028086781454,False,-19.07,11.85,21.85,STOP_LOSS,35,-19.0719,0.2,0.188557,0.0006,-10.53,-3.7162,7.0929,-0.9828,0.0,-4.699,-4.699,-305.43,50.0,-355.43,4.8783,65
short,2021-01-14 09:55:00+05:30,2021-01-14 10:40:00+05:30,14515.65,14535.447534715,14535.447534715,14535.447534715,False,-19.8,15.7,23.5,STOP_LOSS,45,19.7975,-0.2,-0.188121,0.0006,-10.53,-3.8537,7.6429,-1.2636,0.0,-5.1173,-5.1173,-332.62,50.0,-382.62,-6.2592,65
short,2021-01-15 09:55:00+05:30,2021-01-15 11:30:00+05:30,14541.0,14461.72053519658,14560.781050421409,14461.72053519658,True,79.28,94.8,10.0,TRAIL_SL,95,-79.2795,-0.2,-0.247568,0.0006,-10.53,17.5529,122.5621,-2.6676,0.0,14.8853,14.8853,967.54,50.0,917.54,-13.0813,65
short,2021-01-15 14:30:00+05:30,2021-01-15 15:15:00+05:30,14445.8,14441.8,14469.947555439132,14469.947555439132,False,4.0,26.3,9.7,SOFT_EOD_EXIT,45,-4.0,-0.2,-0.2024,0.0006,-10.53,0.8043,0.312,-1.2636,0.0,-0.4593,-0.4593,-29.85,50.0,-79.85,-6.2592,65
long,2021-01-20 09:30:00+05:30,2021-01-20 11:40:00+05:30,14552.8,14609.621206561222,14529.724740380752,14609.621206561222,True,56.82,69.5,20.4,TRAIL_SL,130,56.8212,0.2,0.234093,0.0006,-10.53,12.236,62.9587,-3.6504,0.0,8.5856,8.5856,558.06,50.0,508.06,17.7779,65
long,2021-01-21 09:55:00+05:30,2021-01-21 11:15:00+05:30,14708.9,14737.303798441346,14689.60273450114,14737.303798441346,True,28.4,36.25,1.5,TRAIL_SL,80,28.4038,0.2,0.217042,0.0006,-10.53,5.8986,15.7321,-2.2464,0.0,3.6522,3.6522,237.39,50.0,187.39,11.0489,65
short,2021-01-22 09:35:00+05:30,2021-01-22 11:25:00+05:30,14580.55,14472.713098860362,14612.394094115542,14472.713098860362,True,107.84,126.6,39.05,TRAIL_SL,110,-107.8369,-0.2,-0.264702,0.0006,-10.53,24.7072,226.7615,-3.0888,0.0,21.6184,21.6184,1405.19,50.0,1355.19,-15.1019,65
short,2021-01-25 10:00:00+05:30,2021-01-25 10:15:00+05:30,14365.6,14403.184437076545,14403.184437076545,14403.184437076545,False,-37.58,16.0,45.05,STOP_LOSS,15,37.5844,-0.2,-0.177449,0.0006,-10.53,-7.1355,27.5455,-0.4212,0.0,-7.5567,-7.5567,-491.18,50.0,-541.18,-2.0994,65
short,2021-01-25 14:40:00+05:30,2021-01-25 15:25:00+05:30,14296.45,14240.003732270672,14318.105272301795,14240.003732270672,True,56.45,77.05,8.7,TRAIL_SL,45,-56.4463,-0.2,-0.233868,0.0006,-10.53,12.1495,62.1305,-1.2636,0.0,10.8859,10.8859,707.58,50.0,657.58,-6.2592,65
short,2021-01-27 10:05:00+05:30,2021-01-27 12:55:00+05:30,14154.15,14075.35590057495,14175.265626851835,14075.35590057495,True,78.79,91.55,13.85,TRAIL_SL,170,-78.7941,-0.2,-0.247276,0.0006,-10.53,17.4351,121.0659,-4.7736,0.0,12.6615,12.6615,823.0,50.0,773.0,-23.0697,65
short,2021-01-28 09:40:00+05:30,2021-01-28 10:50:00+05:30,13880.25,13836.012422230533,13907.372809544191,13836.012422230533,True,44.24,65.95,5.9,TRAIL_SL,70,-44.2376,-0.2,-0.226543,0.0006,-10.53,9.3759,38.1608,-1.9656,0.0,7.4103,7.4103,481.67,50.0,431.67,-9.6872,65
short,2021-02-01 09:30:00+05:30,2021-02-01 10:05:00+05:30,13706.0,13742.826544219135,13742.826544219135,13742.826544219135,False,-36.83,43.6,50.7,STOP_LOSS,35,36.8265,-0.2,-0.177904,0.0006,-10.53,-6.9991,26.4458,-0.9828,0.0,-7.9819,-7.9819,-518.83,50.0,-568.83,-4.8783,65
long,2021-02-02 10:15:00+05:30,2021-02-02 10:30:00+05:30,14629.65,14575.497427008802,14575.497427008802,14575.497427008802,False,-54.15,18.95,77.8,STOP_LOSS,15,-54.1526,0.2,0.167508,0.0006,-10.53,-10.0387,57.1838,-0.4212,0.0,-10.4599,-10.4599,-679.9,50.0,-729.9,2.0994,65
short,2021-02-04 09:40:00+05:30,2021-02-04 10:55:00+05:30,14771.8,14735.981180422072,14791.601394302164,14735.981180422072,True,35.82,56.9,7.25,TRAIL_SL,75,-35.8188,-0.2,-0.221491,0.0006,-10.53,7.5102,25.0183,-2.106,0.0,5.4042,5.4042,351.27,50.0,301.27,-10.3687,65
long,2021-02-04 14:30:00+05:30,2021-02-04 15:10:00+05:30,14871.1,14895.964658512014,14845.649276602162,14895.964658512014,True,24.86,41.9,0.0,TRAIL_SL,40,24.8647,0.2,0.214919,0.0006,-10.53,5.1399,12.0559,-1.1232,0.0,4.0167,4.0167,261.08,50.0,211.08,5.5695,65
long,2021-02-05 09:45:00+05:30,2021-02-05 10:50:00+05:30,14955.55,14916.02377552284,14916.02377552284,14916.02377552284,False,-39.53,35.2,60.6,STOP_LOSS,65,-39.5262,0.2,0.176284,0.0006,-10.53,-7.4834,30.4653,-1.8252,0.0,-9.3086,-9.3086,-605.06,50.0,-655.06,9.0044,65
long,2021-02-08 14:35:00+05:30,2021-02-08 14:50:00+05:30,15138.85,15117.688639980677,15117.688639980677,15117.688639980677,False,-21.16,2.9,25.25,STOP_LOSS,15,-21.1614,0.2,0.187303,0.0006,-10.53,-4.1114,8.7322,-0.4212,0.0,-4.5326,-4.5326,-294.62,50.0,-344.62,2.0994,65
long,2021-02-09 10:20:00+05:30,2021-02-09 12:00:00+05:30,15168.6,15226.085868679082,15146.246917174478,15226.085868679082,True,57.49,69.25,1.45,TRAIL_SL,100,57.4859,0.2,0.234492,0.0006,-10.53,12.3894,64.4402,-2.808,0.0,9.5814,9.5814,622.79,50.0,572.79,13.7562,65
short,2021-02-10 09:40:00+05:30,2021-02-10 10:40:00+05:30,15120.8,15025.258676089004,15146.526520067557,15025.258676089004,True,95.54,114.2,20.0,TRAIL_SL,60,-95.5413,-0.2,-0.257325,0.0006,-10.53,21.5729,177.9988,-1.6848,0.0,19.8881,19.8881,1292.72,50.0,1242.72,-8.3202,65
short,2021-02-10 14:55:00+05:30,2021-02-10 15:00:00+05:30,15033.45,15053.171488729315,15053.171488729315,15053.171488729315,False,-19.72,0.95,54.3,STOP_LOSS,5,19.7215,-0.2,-0.188167,0.0006,-10.53,-3.8393,7.5843,-0.1404,0.0,-3.9797,-3.9797,-258.68,50.0,-308.68,-0.7013,65
long,2021-02-12 09:35:00+05:30,2021-02-12 11:25:00+05:30,15183.75,15229.285394606351,15154.005521901174,15229.285394606351,True,45.54,59.35,14.55,TRAIL_SL,110,45.5354,0.2,0.227321,0.0006,-10.53,9.6669,40.4327,-3.0888,0.0,6.5781,6.5781,427.58,50.0,377.58,15.1019,65
short,2021-02-12 14:35:00+05:30,2021-02-12 15:15:00+05:30,15150.85,15171.345217749003,15171.345217749003,15171.345217749003,False,-20.5,16.4,25.1,STOP_LOSS,40,20.4952,-0.2,-0.187703,0.0006,-10.53,-3.9856,8.1911,-1.1232,0.0,-5.1088,-5.1088,-332.07,50.0,-382.07,-5.5695,65
long,2021-02-16 10:05:00+05:30,2021-02-16 11:25:00+05:30,15387.85,15364.385826135558,15364.385826135558,15364.385826135558,False,-23.46,25.3,46.55,STOP_LOSS,80,-23.4642,0.2,0.185921,0.0006,-10.53,-4.5442,10.7361,-2.2464,0.0,-6.7906,-6.7906,-441.39,50.0,-491.39,11.0489,65
short,2021-02-17 10:10:00+05:30,2021-02-17 10:55:00+05:30,15240.55,15256.836898746875,15256.836898746875,15256.836898746875,False,-16.29,17.0,31.0,STOP_LOSS,45,16.2869,-0.2,-0.190228,0.0006,-10.53,-3.1858,5.1726,-1.2636,0.0,-4.4494,-4.4494,-289.21,50.0,-339.21,-6.2592,65
short,2021-02-17 14:35:00+05:30,2021-02-17 15:15:00+05:30,15220.55,15207.75,15233.544750795858,15233.544750795858,False,12.8,28.65,8.8,SOFT_EOD_EXIT,40,-12.8,-0.2,-0.20768,0.0006,-10.53,2.6042,3.1949,-1.1232,0.0,1.481,1.481,96.27,50.0,46.27,-5.5695,65
short,2021-02-19 09:40:00+05:30,2021-02-19 09:50:00+05:30,15076.7,15095.757575872492,15095.757575872492,15095.757575872492,False,-19.06,5.15,28.4,STOP_LOSS,10,19.0576,-0.2,-0.188565,0.0006,-10.53,-3.7135,7.0822,-0.2808,0.0,-3.9943,-3.9943,-259.63,50.0,-309.63,-1.4011,65
short,2021-02-19 09:55:00+05:30,2021-02-19 10:15:00+05:30,15086.2,15105.240909390182,15105.240909390182,15105.240909390182,False,-19.04,25.65,33.15,STOP_LOSS,20,19.0409,-0.2,-0.188575,0.0006,-10.53,-3.7103,7.0698,-0.5616,0.0,-4.2719,-4.2719,-277.67,50.0,-327.67,-2.7963,65
short,2021-02-22 14:30:00+05:30,2021-02-22 14:40:00+05:30,14715.3,14733.21202727746,14733.21202727746,14733.21202727746,False,-17.91,15.7,24.35,STOP_LOSS,10,17.912,-0.2,-0.189253,0.0006,-10.53,-3.4958,6.2564,-0.2808,0.0,-3.7766,-3.7766,-245.48,50.0,-295.48,-1.4011,65
long,2021-02-25 10:10:00+05:30,2021-02-25 12:00:00+05:30,15118.15,15082.937463515482,15082.937463515482,15082.937463515482,False,-35.21,30.45,40.15,STOP_LOSS,110,-35.2125,0.2,0.178872,0.0006,-10.53,-6.7077,24.1785,-3.0888,0.0,-9.7965,-9.7965,-636.77,50.0,-686.77,15.1019,65
long,2021-03-02 10:25:00+05:30,2021-03-02 10:35:00+05:30,14901.5,14876.994975075155,14876.994975075155,14876.994975075155,False,-24.51,1.3,37.9,STOP_LOSS,10,-24.505,0.2,0.185297,0.0006,-10.53,-4.7389,11.7097,-0.2808,0.0,-5.0197,-5.0197,-326.28,50.0,-376.28,1.4011,65
short,2021-03-04 10:05:00+05:30,2021-03-04 10:30:00+05:30,15051.4,15075.83763635305,15075.83763635305,15075.83763635305,False,-24.44,21.85,35.5,STOP_LOSS,25,24.4376,-0.2,-0.185337,0.0006,-10.53,-4.7263,11.6454,-0.702,0.0,-5.4283,-5.4283,-352.84,50.0,-402.84,-3.4917,65
short,2021-03-05 09:40:00+05:30,2021-03-05 10:05:00+05:30,15031.3,15062.950164764428,15062.950164764428,15062.950164764428,False,-31.65,10.45,54.6,STOP_LOSS,25,31.6502,-0.2,-0.18101,0.0006,-10.53,-6.0596,19.5338,-0.702,0.0,-6.7616,-6.7616,-439.5,50.0,-489.5,-3.4917,65
short,2021-03-05 10:15:00+05:30,2021-03-05 11:05:00+05:30,15041.45,14983.545003774287,15067.700913996225,14983.545003774287,True,57.9,90.25,4.15,TRAIL_SL,50,-57.905,-0.2,-0.234743,0.0006,-10.53,12.4863,65.3833,-1.404,0.0,11.0823,11.0823,720.35,50.0,670.35,-6.9476,65
short,2021-03-05 14:35:00+05:30,2021-03-05 15:05:00+05:30,14923.05,14947.28740576438,14947.28740576438,14947.28740576438,False,-24.24,40.85,31.0,STOP_LOSS,30,24.2374,-0.2,-0.185458,0.0006,-10.53,-4.6889,11.4553,-0.8424,0.0,-5.5313,-5.5313,-359.53,50.0,-409.53,-4.1857,65
long,2021-03-09 10:15:00+05:30,2021-03-09 12:25:00+05:30,15065.45,15036.82229992435,15036.82229992435,15036.82229992435,False,-28.63,26.0,44.35,STOP_LOSS,130,-28.6277,0.2,0.182823,0.0006,-10.53,-5.5043,15.9811,-3.6504,0.0,-9.1547,-9.1547,-595.05,50.0,-645.05,17.7779,65
long,2021-03-10 10:20:00+05:30,2021-03-10 10:30:00+05:30,15177.75,15156.015307706517,15156.015307706517,15156.015307706517,False,-21.73,3.25,23.9,STOP_LOSS,10,-21.7347,0.2,0.186959,0.0006,-10.53,-4.2194,9.2117,-0.2808,0.0,-4.5002,-4.5002,-292.51,50.0,-342.51,1.4011,65
short,2021-03-12 14:30:00+05:30,2021-03-12 15:00:00+05:30,15024.0,15056.743229572592,15056.743229572592,15056.743229572592,False,-32.74,39.45,35.75,STOP_LOSS,30,32.7432,-0.2,-0.180354,0.0006,-10.53,-6.2592,20.9063,-0.8424,0.0,-7.1016,-7.1016,-461.6,50.0,-511.6,-4.1857,65
short,2021-03-15 10:15:00+05:30,2021-03-15 11:25:00+05:30,14882.9,14810.060236148835,14911.011473951534,14810.060236148835,True,72.84,106.25,23.35,TRAIL_SL,70,-72.8398,-0.2,-0.243704,0.0006,-10.53,16.0005,103.4598,-1.9656,0.0,14.0349,14.0349,912.27,50.0,862.27,-9.6872,65
short,2021-03-17 10:05:00+05:30,2021-03-17 11:25:00+05:30,14902.5,14917.467080424816,14917.467080424816,14917.467080424816,False,-14.97,55.9,30.55,STOP_LOSS,80,14.9671,-0.2,-0.19102,0.0006,-10.53,-2.9329,4.3683,-2.2464,0.0,-5.1793,-5.1793,-336.66,50.0,-386.66,-11.0489,65
short,2021-03-17 14:50:00+05:30,2021-03-18 09:15:00+05:30,14784.0,14714.107499952761,14796.462464335482,14714.107499952761,True,69.89,87.4,86.1,TRAIL_SL,1105,-69.8925,-0.2,-0.241936,0.0006,-10.53,15.2974,95.2568,-31.0284,0.0,-15.731,-15.731,-1022.51,50.0,-1072.51,-129.8503,65
short,2021-03-18 14:35:00+05:30,2021-03-18 15:10:00+05:30,14551.5,14579.370536301582,14579.370536301582,14579.370536301582,False,-27.87,57.5,34.7,STOP_LOSS,35,27.8705,-0.2,-0.183278,0.0006,-10.53,-5.3644,15.147,-0.9828,0.0,-6.3472,-6.3472,-412.57,50.0,-462.57,-4.8783,65
short,2021-03-19 10:15:00+05:30,2021-03-19 10:20:00+05:30,14485.1,14516.245446731918,14516.245446731918,14516.245446731918,False,-31.15,27.1,35.9,STOP_LOSS,5,31.1454,-0.2,-0.181313,0.0006,-10.53,-5.9672,18.9158,-0.1404,0.0,-6.1076,-6.1076,-396.99,50.0,-446.99,-0.7013,65
long,2021-03-23 09:45:00+05:30,2021-03-23 10:15:00+05:30,14794.7,14766.309927061397,14766.309927061397,14766.309927061397,False,-28.39,25.9,36.7,STOP_LOSS,30,-28.3901,0.2,0.182966,0.0006,-10.53,-5.4604,15.7169,-0.8424,0.0,-6.3028,-6.3028,-409.68,50.0,-459.68,4.1857,65
long,2021-03-23 14:55:00+05:30,2021-03-23 15:05:00+05:30,14851.05,14824.652690710567,14824.652690710567,14824.652690710567,False,-26.4,8.9,29.1,STOP_LOSS,10,-26.3973,0.2,0.184162,0.0006,-10.53,-5.0913,13.5879,-0.2808,0.0,-5.3721,-5.3721,-349.19,50.0,-399.19,1.4011,65
short,2021-03-25 10:05:00+05:30,2021-03-25 11:20:00+05:30,14444.15,14381.708538434239,14463.545311689428,14381.708538434239,True,62.44,83.85,7.0,TRAIL_SL,75,-62.4415,-0.2,-0.237465,0.0006,-10.53,13.541,76.0293,-2.106,0.0,11.435,11.435,743.28,50.0,693.28,-10.3687,65
long,2021-03-30 14:45:00+05:30,2021-03-30 15:15:00+05:30,14849.4,14846.1,14827.473608873708,14827.473608873708,False,-3.3,24.1,22.65,SOFT_EOD_EXIT,30,-3.3,0.2,0.19802,0.0006,-10.53,-0.6571,0.2124,-0.8424,0.0,-1.4995,-1.4995,-97.46,50.0,-147.46,4.1857,65
short,2021-03-31 09:40:00+05:30,2021-03-31 10:30:00+05:30,14783.0,14735.978369613122,14805.910981324867,14735.978369613122,True,47.02,65.65,2.5,TRAIL_SL,50,-47.0216,-0.2,-0.228213,0.0006,-10.53,10.0013,43.1152,-1.404,0.0,8.5973,8.5973,558.82,50.0,508.82,-6.9476,65
long,2021-04-01 09:50:00+05:30,2021-04-01 10:45:00+05:30,14770.45,14741.911809396643,14741.911809396643,14741.911809396643,False,-28.54,17.3,54.35,STOP_LOSS,55,-28.5382,0.2,0.182877,0.0006,-10.53,-5.4877,15.8814,-1.5444,0.0,-7.0321,-7.0321,-457.09,50.0,-507.09,7.6346,65
long,2021-04-01 14:40:00+05:30,2021-04-01 15:15:00+05:30,14847.65,14871.5,14829.476282449057,14829.476282449057,False,23.85,35.2,5.95,SOFT_EOD_EXIT,35,23.85,0.2,0.21431,0.0006,-10.53,4.9236,11.092,-0.9828,0.0,3.9408,3.9408,256.15,50.0,206.15,4.8783,65
short,2021-04-06 14:30:00+05:30,2021-04-06 15:00:00+05:30,14654.35,14668.748422059958,14668.748422059958,14668.748422059958,False,-14.4,13.0,18.4,STOP_LOSS,30,14.3984,-0.2,-0.191361,0.0006,-10.53,-2.8237,4.0426,-0.8424,0.0,-3.6661,-3.6661,-238.3,50.0,-288.3,-4.1857,65
short,2021-04-09 09:35:00+05:30,2021-04-09 10:00:00+05:30,14865.95,14886.61592316386,14886.61592316386,14886.61592316386,False,-20.67,24.3,28.9,STOP_LOSS,25,20.6659,-0.2,-0.1876,0.0006,-10.53,-4.0179,8.3281,-0.702,0.0,-4.7199,-4.7199,-306.79,50.0,-356.79,-3.4917,65
long,2021-04-15 14:45:00+05:30,2021-04-16 09:20:00+05:30,14500.85,14598.241278343714,14470.905276604859,14598.241278343714,True,97.39,139.4,2.9,TRAIL_SL,1115,97.3913,0.2,0.258435,0.0006,-10.53,22.0392,184.9587,-31.3092,0.0,-9.27,-9.27,-602.55,50.0,-652.55,130.8596,65
long,2021-04-16 10:00:00+05:30,2021-04-16 10:40:00+05:30,14633.45,14675.828900571352,14601.232201784576,14675.828900571352,True,42.38,55.95,9.45,TRAIL_SL,40,42.3789,0.2,0.225427,0.0006,-10.53,8.9607,35.0214,-1.1232,0.0,7.8375,7.8375,509.44,50.0,459.44,5.5695,65
short,2021-04-19 10:10:00+05:30,2021-04-19 10:35:00+05:30,14287.95,14315.443915833795,14315.443915833795,14315.443915833795,False,-27.49,41.2,41.1,STOP_LOSS,25,27.4939,-0.2,-0.183504,0.0006,-10.53,-5.2947,14.7404,-0.702,0.0,-5.9967,-5.9967,-389.78,50.0,-439.78,-3.4917,65
short,2021-04-22 10:05:00+05:30,2021-04-22 10:25:00+05:30,14238.65,14260.446909253922,14260.446909253922,14260.446909253922,False,-21.8,4.8,33.7,STOP_LOSS,20,21.7969,-0.2,-0.186922,0.0006,-10.53,-4.2311,9.2646,-0.5616,0.0,-4.7927,-4.7927,-311.53,50.0,-361.53,-2.7963,65
long,2021-04-26 10:15:00+05:30,2021-04-26 12:30:00+05:30,14519.9,14491.837399826878,14491.837399826878,14491.837399826878,False,-28.06,22.1,41.65,STOP_LOSS,135,-28.0626,0.2,0.183162,0.0006,-10.53,-5.3999,15.3564,-3.7908,0.0,-9.1907,-9.1907,-597.4,50.0,-647.4,18.4437,65
long,2021-04-27 10:15:00+05:30,2021-04-27 11:15:00+05:30,14555.75,14582.281490350004,14533.95959729301,14582.281490350004,True,26.53,37.5,9.95,TRAIL_SL,60,26.5315,0.2,0.215919,0.0006,-10.53,5.4964,13.7264,-1.6848,0.0,3.8116,3.8116,247.75,50.0,197.75,8.3202,65
long,2021-04-28 10:20:00+05:30,2021-04-28 11:25:00+05:30,14743.9,14775.424569039636,14727.296198577242,14775.424569039636,True,31.52,43.25,8.5,TRAIL_SL,65,31.5246,0.2,0.218915,0.0006,-10.53,6.5732,19.3791,-1.8252,0.0,4.748,4.748,308.62,50.0,258.62,9.0044,65
long,2021-04-28 14:30:00+05:30,2021-04-28 15:15:00+05:30,14872.65,14859.45,14856.48612729798,14856.48612729798,False,-13.2,9.3,20.2,SOFT_EOD_EXIT,45,-13.2,0.2,0.19208,0.0006,-10.53,-2.593,3.3977,-1.2636,0.0,-3.8566,-3.8566,-250.68,50.0,-300.68,6.2592,65
short,2021-04-30 09:35:00+05:30,2021-04-30 10:25:00+05:30,14843.95,14813.822011002469,14869.658115246273,14813.822011002469,True,30.13,63.75,11.35,TRAIL_SL,50,-30.128,-0.2,-0.218077,0.0006,-10.53,6.2707,17.7001,-1.404,0.0,4.8667,4.8667,316.33,50.0,266.33,-6.9476,65
short,2021-04-30 10:25:00+05:30,2021-04-30 11:50:00+05:30,14823.75,14780.839700242695,14842.95315793189,14780.839700242695,True,42.91,55.95,3.7,TRAIL_SL,85,-42.9103,-0.2,-0.225746,0.0006,-10.53,9.0792,35.9052,-2.3868,0.0,6.6924,6.6924,435.01,50.0,385.01,-11.7277,65
short,2021-04-30 14:30:00+05:30,2021-05-03 09:25:00+05:30,14705.5,14507.832949629748,14721.721077372917,14507.832949629748,True,197.67,287.85,18.9,TRAIL_SL,4015,-197.6671,-0.2,-0.3186,0.0006,-10.53,50.0829,761.9091,-112.7412,0.0,-62.6583,-62.6583,-4072.79,50.0,-4122.79,-364.4597,65
short,2021-05-03 09:40:00+05:30,2021-05-03 10:45:00+05:30,14545.45,14575.02668577264,14575.02668577264,14575.02668577264,False,-29.58,32.7,48.55,STOP_LOSS,65,29.5767,-0.2,-0.182254,0.0006,-10.53,-5.6791,17.0582,-1.8252,0.0,-7.5043,-7.5043,-487.78,50.0,-537.78,-9.0044,65
long,2021-05-06 09:55:00+05:30,2021-05-06 10:15:00+05:30,14662.1,14638.490289104011,14638.490289104011,14638.490289104011,False,-23.61,11.3,45.8,STOP_LOSS,20,-23.6097,0.2,0.185834,0.0006,-10.53,-4.5714,10.8697,-0.5616,0.0,-5.133,-5.133,-333.65,50.0,-383.65,2.7963,65
long,2021-05-07 09:55:00+05:30,2021-05-07 10:45:00+05:30,14828.6,14805.74400959526,14805.74400959526,14805.74400959526,False,-22.86,17.05,37.5,STOP_LOSS,50,-22.856,0.2,0.186286,0.0006,-10.53,-4.4302,10.1867,-1.404,0.0,-5.8342,-5.8342,-379.22,50.0,-429.22,6.9476,65
long,2021-05-10 09:50:00+05:30,2021-05-10 10:55:00+05:30,14901.05,14929.970273766612,14873.984344675451,14929.970273766612,True,28.92,43.1,8.05,TRAIL_SL,65,28.9203,0.2,0.217352,0.0006,-10.53,6.0099,16.3095,-1.8252,0.0,4.1847,4.1847,272.0,50.0,222.0,9.0044,65
short,2021-05-11 09:50:00+05:30,2021-05-11 11:30:00+05:30,14842.7,14859.388780875135,14859.388780875135,14859.388780875135,False,-16.69,16.65,42.6,STOP_LOSS,100,16.6888,-0.2,-0.189987,0.0006,-10.53,-3.2626,5.4311,-2.808,0.0,-6.0706,-6.0706,-394.59,50.0,-444.59,-13.7562,65
short,2021-05-14 09:40:00+05:30,2021-05-14 09:50:00+05:30,14677.75,14704.062358127028,14704.062358127028,14704.062358127028,False,-26.31,14.1,39.65,STOP_LOSS,10,26.3124,-0.2,-0.184213,0.0006,-10.53,-5.0755,13.5006,-0.2808,0.0,-5.3563,-5.3563,-348.16,50.0,-398.16,-1.4011,65
long,2021-05-18 10:05:00+05:30,2021-05-18 11:25:00+05:30,15060.0,15120.339394839059,15031.237202649774,15120.339394839059,True,60.34,73.9,16.1,TRAIL_SL,80,60.3394,0.2,0.236204,0.0006,-10.53,13.0509,70.9964,-2.2464,0.0,10.8045,10.8045,702.29,50.0,652.29,11.0489,65
short,2021-05-20 09:40:00+05:30,2021-05-20 10:10:00+05:30,15005.15,15024.709767940603,15024.709767940603,15024.709767940603,False,-19.56,14.15,19.95,STOP_LOSS,30,19.5598,-0.2,-0.188264,0.0006,-10.53,-3.8087,7.4604,-0.8424,0.0,-4.6511,-4.6511,-302.32,50.0,-352.32,-4.1857,65
long,2021-05-24 09:40:00+05:30,2021-05-24 09:55:00+05:30,15206.0,15177.644672194418,15177.644672194418,15177.644672194418,False,-28.36,4.15,31.4,STOP_LOSS,15,-28.3553,0.2,0.182987,0.0006,-10.53,-5.454,15.6785,-0.4212,0.0,-5.8752,-5.8752,-381.89,50.0,-431.89,2.0994,65
long,2021-05-25 09:45:00+05:30,2021-05-25 13:25:00+05:30,15253.9,15226.431484731324,15226.431484731324,15226.431484731324,False,-27.47,22.4,46.3,STOP_LOSS,220,-27.4685,0.2,0.183519,0.0006,-10.53,-5.29,14.7131,-6.1776,0.0,-11.4676,-11.4676,-745.39,50.0,-795.39,29.5759,65
short,2021-05-25 14:55:00+05:30,2021-05-25 15:00:00+05:30,15195.0,15208.070383613569,15208.070383613569,15208.070383613569,False,-13.07,0.0,15.1,STOP_LOSS,5,13.0704,-0.2,-0.192158,0.0006,-10.53,-2.568,3.3313,-0.1404,0.0,-2.7084,-2.7084,-176.04,50.0,-226.04,-0.7013,65
short,2021-05-27 14:40:00+05:30,2021-05-27 15:00:00+05:30,15308.65,15323.275847946996,15323.275847946996,15323.275847946996,False,-14.63,14.4,28.25,STOP_LOSS,20,14.6258,-0.2,-0.191224,0.0006,-10.53,-2.8674,4.1714,-0.5616,0.0,-3.429,-3.429,-222.89,50.0,-272.89,-2.7963,65
long,2021-05-28 09:55:00+05:30,2021-05-28 14:00:00+05:30,15425.9,15456.08083772208,15401.514278682429,15456.08083772208,True,30.18,43.25,30.5,TRAIL_SL,245,30.1808,0.2,0.218109,0.0006,-10.53,6.2821,17.7622,-6.8796,0.0,-0.5975,-0.5975,-38.84,50.0,-88.84,32.7857,65
long,2021-05-31 14:35:00+05:30,2021-05-31 15:15:00+05:30,15566.65,15596.2,15551.785902304784,15551.785902304784,False,29.55,30.0,17.5,SOFT_EOD_EXIT,40,29.55,0.2,0.21773,0.0006,-10.53,6.1458,17.0274,-1.1232,0.0,5.0226,5.0226,326.47,50.0,276.47,5.5695,65
long,2021-06-01 09:45:00+05:30,2021-06-01 09:55:00+05:30,15629.45,15606.76935899331,15606.76935899331,15606.76935899331,False,-22.68,0.65,29.65,STOP_LOSS,10,-22.6806,0.2,0.186392,0.0006,-10.53,-4.3972,10.031,-0.2808,0.0,-4.678,-4.678,-304.07,50.0,-354.07,1.4011,65
long,2021-06-03 10:00:00+05:30,2021-06-03 13:20:00+05:30,15651.35,15632.401536094303,15632.401536094303,15632.401536094303,False,-18.95,15.0,30.85,STOP_LOSS,200,-18.9485,0.2,0.188631,0.0006,-10.53,-3.6928,7.0014,-5.616,0.0,-9.3088,-9.3088,-605.07,50.0,-655.07,26.9875,65
long,2021-06-04 09:50:00+05:30,2021-06-04 10:35:00+05:30,15707.4,15691.690699109779,15691.690699109779,15691.690699109779,False,-15.71,25.95,30.5,STOP_LOSS,45,-15.7093,0.2,0.190574,0.0006,-10.53,-3.0752,4.8123,-1.2636,0.0,-4.3388,-4.3388,-282.02,50.0,-332.02,6.2592,65
long,2021-06-07 09:50:00+05:30,2021-06-07 11:15:00+05:30,15697.45,15732.310049915059,15678.119293040214,15732.310049915059,True,34.86,41.4,4.5,TRAIL_SL,85,34.86,0.2,0.220916,0.0006,-10.53,7.3001,23.6969,-2.3868,0.0,4.9133,4.9133,319.37,50.0,269.37,11.7277,65
long,2021-06-07 14:30:00+05:30,2021-06-07 15:15:00+05:30,15760.35,15748.8,15748.326874601937,15748.326874601937,False,-11.55,10.9,15.95,SOFT_EOD_EXIT,45,-11.55,0.2,0.19307,0.0006,-10.53,-2.274,2.6013,-1.2636,0.0,-3.5376,-3.5376,-229.94,50.0,-279.94,6.2592,65
long,2021-06-09 10:15:00+05:30,2021-06-09 13:05:00+05:30,15778.25,15764.106974932272,15764.106974932272,15764.106974932272,False,-14.14,22.2,41.8,STOP_LOSS,170,-14.143,0.2,0.191514,0.0006,-10.53,-2.7746,3.9005,-4.7736,0.0,-7.5482,-7.5482,-490.63,50.0,-540.63,23.0697,65
long,2021-06-11 10:10:00+05:30,2021-06-11 11:25:00+05:30,15808.9,15793.849578716405,15793.849578716405,15793.849578716405,False,-15.05,22.55,20.5,STOP_LOSS,75,-15.0504,0.2,0.19097,0.0006,-10.53,-2.9489,4.417,-2.106,0.0,-5.0549,-5.0549,-328.57,50.0,-378.57,10.3687,65
short,2021-06-14 09:50:00+05:30,2021-06-14 10:10:00+05:30,15697.6,15720.153258345334,15720.153258345334,15720.153258345334,False,-22.55,2.45,43.15,STOP_LOSS,20,22.5533,-0.2,-0.186468,0.0006,-10.53,-4.3733,9.9187,-0.5616,0.0,-4.9349,-4.9349,-320.77,50.0,-370.77,-2.7963,65
short,2021-06-14 10:25:00+05:30,2021-06-14 12:35:00+05:30,15718.15,15734.861885559909,15734.861885559909,15734.861885559909,False,-16.71,34.0,24.65,STOP_LOSS,130,16.7119,-0.2,-0.189973,0.0006,-10.53,-3.267,5.4461,-3.6504,0.0,-6.9174,-6.9174,-449.63,50.0,-499.63,-17.7779,65
long,2021-06-15 10:00:00+05:30,2021-06-15 15:15:00+05:30,15878.25,15871.75,15861.623581583688,15861.623581583688,False,-6.5,22.95,21.75,SOFT_EOD_EXIT,315,-6.5,0.2,0.1961,0.0006,-10.53,-1.2886,0.8239,-8.8452,0.0,-10.1338,-10.1338,-658.7,50.0,-708.7,41.6268,65
short,2021-06-17 09:50:00+05:30,2021-06-17 10:30:00+05:30,15727.8,15742.778857777828,15742.778857777828,15742.778857777828,False,-14.98,8.35,19.35,STOP_LOSS,40,14.9789,-0.2,-0.191013,0.0006,-10.53,-2.9352,4.3751,-1.1232,0.0,-4.0584,-4.0584,-263.8,50.0,-313.8,-5.5695,65
short,2021-06-17 14:45:00+05:30,2021-06-17 15:00:00+05:30,15659.75,15674.434304749408,15674.434304749408,15674.434304749408,False,-14.68,10.65,36.8,STOP_LOSS,15,14.6843,-0.2,-0.191189,0.0006,-10.53,-2.8786,4.2048,-0.4212,0.0,-3.2998,-3.2998,-214.49,50.0,-264.49,-2.0994,65
short,2021-06-21 10:00:00+05:30,2021-06-21 10:15:00+05:30,15580.3,15602.82375808389,15602.82375808389,15602.82375808389,False,-22.52,1.65,33.25,STOP_LOSS,15,22.5238,-0.2,-0.186486,0.0006,-10.53,-4.3678,9.8927,-0.4212,0.0,-4.789,-4.789,-311.28,50.0,-361.28,-2.0994,65
long,2021-06-21 14:45:00+05:30,2021-06-21 15:15:00+05:30,15720.9,15749.95,15701.444108200805,15701.444108200805,False,29.05,31.55,7.15,SOFT_EOD_EXIT,30,29.05,0.2,0.21743,0.0006,-10.53,6.0379,16.4561,-0.8424,0.0,5.1955,5.1955,337.7,50.0,287.7,4.1857,65
short,2021-06-23 09:30:00+05:30,2021-06-23 09:40:00+05:30,15786.35,15808.147423099981,15808.147423099981,15808.147423099981,False,-21.8,4.05,29.5,STOP_LOSS,10,21.7974,-0.2,-0.186922,0.0006,-10.53,-4.2312,9.265,-0.2808,0.0,-4.512,-4.512,-293.28,50.0,-343.28,-1.4011,65
long,2021-06-24 14:55:00+05:30,2021-06-24 15:15:00+05:30,15801.45,15788.3,15777.90404210603,15777.90404210603,False,-13.15,1.55,21.65,SOFT_EOD_EXIT,20,-13.15,0.2,0.19211,0.0006,-10.53,-2.5833,3.372,-0.5616,0.0,-3.1449,-3.1449,-204.42,50.0,-254.42,2.7963,65
long,2021-06-25 14:35:00+05:30,2021-06-25 15:15:00+05:30,15858.35,15863.8,15843.88530094778,15843.88530094778,False,5.45,11.85,13.35,SOFT_EOD_EXIT,40,5.45,0.2,0.20327,0.0006,-10.53,1.098,0.5792,-1.1232,0.0,-0.0252,-0.0252,-1.64,50.0,-51.64,5.5695,65
short,2021-06-29 14:55:00+05:30,2021-06-29 15:15:00+05:30,15741.7,15751.1,15752.182597459578,15752.182597459578,False,-9.4,4.25,20.1,SOFT_EOD_EXIT,20,9.4,-0.2,-0.19436,0.0006,-10.53,-1.8561,1.723,-0.5616,0.0,-2.4177,-2.4177,-157.15,50.0,-207.15,-2.7963,65
short,2021-07-01 09:30:00+05:30,2021-07-01 09:40:00+05:30,15723.9,15736.969476453307,15736.969476453307,15736.969476453307,False,-13.07,2.4,17.2,STOP_LOSS,10,13.0695,-0.2,-0.192158,0.0006,-10.53,-2.5678,3.3308,-0.2808,0.0,-2.8486,-2.8486,-185.16,50.0,-235.16,-1.4011,65
short,2021-07-01 09:55:00+05:30,2021-07-01 15:15:00+05:30,15732.0,15678.758588299148,15742.581119961518,15678.758588299148,True,53.24,64.35,3.65,TRAIL_SL,320,-53.2414,-0.2,-0.231945,0.0006,-10.53,11.4136,55.2756,-8.9856,0.0,2.428,2.428,157.82,50.0,107.82,-42.2504,65
short,2021-07-02 09:40:00+05:30,2021-07-02 10:10:00+05:30,15673.15,15683.356356706528,15683.356356706528,15683.356356706528,False,-10.21,23.2,14.8,STOP_LOSS,30,10.2064,-0.2,-0.193876,0.0006,-10.53,-2.0131,2.0313,-0.8424,0.0,-2.8555,-2.8555,-185.61,50.0,-235.61,-4.1857,65
short,2021-07-06 14:50:00+05:30,2021-07-07 09:20:00+05:30,15862.55,15815.486123922738,15874.611851764856,15815.486123922738,True,47.06,82.0,5.95,TRAIL_SL,1110,-47.0639,-0.2,-0.228238,0.0006,-10.53,10.0108,43.1927,-31.1688,0.0,-21.158,-21.158,-1375.27,50.0,-1425.27,-130.3553,65
short,2021-07-07 09:40:00+05:30,2021-07-07 13:55:00+05:30,15828.55,15842.506317184601,15842.506317184601,15842.506317184601,False,-13.96,32.75,19.85,STOP_LOSS,255,13.9563,-0.2,-0.191626,0.0006,-10.53,-2.7387,3.7982,-7.1604,0.0,-9.8991,-9.8991,-643.44,50.0,-693.44,-34.0617,65
long,2021-07-08 09:30:00+05:30,2021-07-08 09:50:00+05:30,15873.3,15857.001514931044,15857.001514931044,15857.001514931044,False,-16.3,5.25,24.9,STOP_LOSS,20,-16.2985,0.2,0.190221,0.0006,-10.53,-3.188,5.18,-0.5616,0.0,-3.7496,-3.7496,-243.72,50.0,-293.72,2.7963,65
short,2021-07-08 14:50:00+05:30,2021-07-08 15:10:00+05:30,15717.1,15728.806161238508,15728.806161238508,15728.806161238508,False,-11.71,12.2,30.9,STOP_LOSS,20,11.7062,-0.2,-0.192976,0.0006,-10.53,-2.3042,2.6722,-0.5616,0.0,-2.8658,-2.8658,-186.28,50.0,-236.28,-2.7963,65
short,2021-07-09 10:10:00+05:30,2021-07-09 10:15:00+05:30,15674.45,15687.950465160051,15687.950465160051,15687.950465160051,False,-13.5,3.4,18.25,STOP_LOSS,5,13.5005,-0.2,-0.1919,0.0006,-10.53,-2.6509,3.5541,-0.1404,0.0,-2.7913,-2.7913,-181.43,50.0,-231.43,-0.7013,65
short,2021-07-12 14:50:00+05:30,2021-07-12 15:00:00+05:30,15674.75,15687.437346570798,15687.437346570798,15687.437346570798,False,-12.69,4.45,30.8,STOP_LOSS,10,12.6873,-0.2,-0.192388,0.0006,-10.53,-2.494,3.1389,-0.2808,0.0,-2.7748,-2.7748,-180.36,50.0,-230.36,-1.4011,65
long,2021-07-15 10:00:00+05:30,2021-07-15 11:40:00+05:30,15887.1,15932.253798310223,15872.607017246619,15932.253798310223,True,45.15,53.55,5.05,TRAIL_SL,100,45.1538,0.2,0.227092,0.0006,-10.53,9.5813,39.7579,-2.808,0.0,6.7733,6.7733,440.26,50.0,390.26,13.7562,65
short,2021-07-19 10:00:00+05:30,2021-07-19 13:10:00+05:30,15835.95,15740.135804514743,15850.112665290882,15740.135804514743,True,95.81,106.15,0.85,TRAIL_SL,190,-95.8142,-0.2,-0.257489,0.0006,-10.53,21.6415,179.017,-5.3352,0.0,16.3063,16.3063,1059.91,50.0,1009.91,-25.6863,65
short,2021-07-19 14:45:00+05:30,2021-07-19 14:55:00+05:30,15730.85,15740.881902050985,15740.881902050985,15740.881902050985,False,-10.03,0.0,15.75,STOP_LOSS,10,10.0319,-0.2,-0.193981,0.0006,-10.53,-1.9792,1.9625,-0.2808,0.0,-2.26,-2.26,-146.9,50.0,-196.9,-1.4011,65
short,2021-07-20 10:05:00+05:30,2021-07-20 10:50:00+05:30,15669.5,15616.669979889297,15681.82729936238,15616.669979889297,True,52.83,71.55,13.4,TRAIL_SL,45,-52.83,-0.2,-0.231698,0.0006,-10.53,11.3196,54.4247,-1.2636,0.0,10.056,10.056,653.64,50.0,603.64,-6.2592,65
short,2021-07-22 14:50:00+05:30,2021-07-22 15:00:00+05:30,15780.95,15789.744228514259,15789.744228514259,15789.744228514259,False,-8.79,2.35,38.25,STOP_LOSS,10,8.7942,-0.2,-0.194723,0.0006,-10.53,-1.738,1.5081,-0.2808,0.0,-2.0188,-2.0188,-131.22,50.0,-181.22,-1.4011,65
long,2021-07-23 10:05:00+05:30,2021-07-23 13:15:00+05:30,15827.7,15868.991456736989,15800.872391083702,15868.991456736989,True,41.29,57.5,30.4,TRAIL_SL,190,41.2915,0.2,0.224775,0.0006,-10.53,8.7186,33.2472,-5.3352,0.0,3.3834,3.3834,219.92,50.0,169.92,25.6863,65
short,2021-07-26 09:35:00+05:30,2021-07-26 10:00:00+05:30,15852.5,15869.599050758061,15869.599050758061,15869.599050758061,False,-17.1,15.35,22.45,STOP_LOSS,25,17.0991,-0.2,-0.189741,0.0006,-10.53,-3.3409,5.7014,-0.702,0.0,-4.0429,-4.0429,-262.79,50.0,-312.79,-3.4917,65
short,2021-07-27 14:55:00+05:30,2021-07-27 15:00:00+05:30,15726.5,15736.286727799681,15736.286727799681,15736.286727799681,False,-9.79,0.0,25.6,STOP_LOSS,5,9.7867,-0.2,-0.194128,0.0006,-10.53,-1.9315,1.8677,-0.1404,0.0,-2.0719,-2.0719,-134.67,50.0,-184.67,-0.7013,65
long,2021-08-02 10:00:00+05:30,2021-08-02 13:55:00+05:30,15849.05,15880.031360639689,15830.400736045262,15880.031360639689,True,30.98,40.4,3.15,TRAIL_SL,235,30.9814,0.2,0.218589,0.0006,-10.53,6.4554,18.717,-6.5988,0.0,-0.1434,-0.1434,-9.32,50.0,-59.32,31.5051,65
short,2021-08-02 14:50:00+05:30,2021-08-02 14:55:00+05:30,15856.2,15864.146464316878,15864.146464316878,15864.146464316878,False,-7.95,2.55,10.25,STOP_LOSS,5,7.9465,-0.2,-0.195232,0.0006,-10.53,-1.5722,1.2314,-0.1404,0.0,-1.7126,-1.7126,-111.32,50.0,-161.32,-0.7013,65
long,2021-08-09 10:10:00+05:30,2021-08-09 10:45:00+05:30,16300.0,16283.532187732957,16283.532187732957,16283.532187732957,False,-16.47,12.45,19.95,STOP_LOSS,35,-16.4678,0.2,0.190119,0.0006,-10.53,-3.2203,5.2882,-0.9828,0.0,-4.2031,-4.2031,-273.2,50.0,-323.2,4.8783,65
long,2021-08-10 10:00:00+05:30,2021-08-10 11:10:00+05:30,16309.3,16339.459382129573,16289.996260764123,16339.459382129573,True,30.16,49.9,9.05,TRAIL_SL,70,30.1594,0.2,0.218096,0.0006,-10.53,6.2775,17.737,-1.9656,0.0,4.3119,4.3119,280.27,50.0,230.27,9.6872,65
short,2021-08-10 14:35:00+05:30,2021-08-10 15:00:00+05:30,16264.45,16280.576856386037,16280.576856386037,16280.576856386037,False,-16.13,3.4,29.85,STOP_LOSS,25,16.1269,-0.2,-0.190324,0.0006,-10.53,-3.1552,5.0715,-0.702,0.0,-3.8572,-3.8572,-250.71,50.0,-300.71,-3.4917,65
short,2021-08-11 10:15:00+05:30,2021-08-11 11:05:00+05:30,16241.95,16201.707215432572,16260.312179430664,16201.707215432572,True,40.24,59.55,7.5,TRAIL_SL,50,-40.2428,-0.2,-0.224146,0.0006,-10.53,8.4858,31.5799,-1.404,0.0,7.0818,7.0818,460.32,50.0,410.32,-6.9476,65
long,2021-08-13 10:20:00+05:30,2021-08-13 11:55:00+05:30,16436.35,16489.611261808055,16421.249295217996,16489.611261808055,True,53.26,63.55,2.25,TRAIL_SL,95,53.2613,0.2,0.231957,0.0006,-10.53,11.4182,55.3169,-2.6676,0.0,8.7506,8.7506,568.79,50.0,518.79,13.0813,65
long,2021-08-13 14:30:00+05:30,2021-08-13 15:15:00+05:30,16511.45,16531.15,16495.693484720083,16495.693484720083,False,19.7,31.75,3.9,SOFT_EOD_EXIT,45,19.7,0.2,0.21182,0.0006,-10.53,4.0448,7.5678,-1.2636,0.0,2.7812,2.7812,180.78,50.0,130.78,6.2592,65
short,2021-08-18 14:50:00+05:30,2021-08-18 14:55:00+05:30,16548.8,16560.953298368135,16560.953298368135,16560.953298368135,False,-12.15,8.8,13.9,STOP_LOSS,5,12.1533,-0.2,-0.192708,0.0006,-10.53,-2.3908,2.8802,-0.1404,0.0,-2.5312,-2.5312,-164.53,50.0,-214.53,-0.7013,65
short,2021-08-20 09:45:00+05:30,2021-08-20 11:15:00+05:30,16503.4,16423.02518278012,16525.99800523785,16423.02518278012,True,80.37,98.8,5.8,TRAIL_SL,90,-80.3748,-0.2,-0.248225,0.0006,-10.53,17.8192,125.9722,-2.5272,0.0,15.292,15.292,993.98,50.0,943.98,-12.4052,65
long,2021-08-24 09:45:00+05:30,2021-08-24 09:50:00+05:30,16532.95,16507.825298553522,16507.825298553522,16507.825298553522,False,-25.12,2.0,27.2,STOP_LOSS,5,-25.1247,0.2,0.184925,0.0006,-10.53,-4.8545,12.3094,-0.1404,0.0,-4.9949,-4.9949,-324.67,50.0,-374.67,0.7013,65
long,2021-08-24 14:40:00+05:30,2021-08-24 15:15:00+05:30,16625.35,16626.55,16611.788931946743,16611.788931946743,False,1.2,21.1,6.35,SOFT_EOD_EXIT,35,1.2,0.2,0.20072,0.0006,-10.53,0.2404,0.0281,-0.9828,0.0,-0.7424,-0.7424,-48.26,50.0,-98.26,4.8783,65
long,2021-08-25 09:40:00+05:30,2021-08-25 11:30:00+05:30,16668.9,16694.846650838233,16646.520880832966,16694.846650838233,True,25.95,42.65,17.65,TRAIL_SL,110,25.9467,0.2,0.215568,0.0006,-10.53,5.3711,13.128,-3.0888,0.0,2.2823,2.2823,148.35,50.0,98.35,15.1019,65
short,2021-08-25 14:55:00+05:30,2021-08-25 15:15:00+05:30,16636.9,16637.9,16648.265468375277,16648.265468375277,False,-1.0,11.15,7.25,SOFT_EOD_EXIT,20,1.0,-0.2,-0.1994,0.0006,-10.53,-0.1997,0.0195,-0.5616,0.0,-0.7613,-0.7613,-49.49,50.0,-99.49,-2.7963,65
long,2021-08-26 10:25:00+05:30,2021-08-26 12:00:00+05:30,16669.65,16654.834968614807,16654.834968614807,16654.834968614807,False,-14.82,6.5,28.35,STOP_LOSS,95,-14.815,0.2,0.191111,0.0006,-10.53,-2.9037,4.28,-2.6676,0.0,-5.5713,-5.5713,-362.14,50.0,-412.14,13.0813,65
long,2021-08-30 14:30:00+05:30,2021-08-30 15:25:00+05:30,16899.1,16940.60931165539,16888.173558050294,16940.60931165539,True,41.51,52.2,6.85,TRAIL_SL,55,41.5093,0.2,0.224906,0.0006,-10.53,8.7671,33.5989,-1.5444,0.0,7.2227,7.2227,469.47,50.0,419.47,7.6346,65
long,2021-08-31 10:00:00+05:30,2021-08-31 10:50:00+05:30,16942.55,16979.009410424176,16918.691642792226,16979.009410424176,True,36.46,51.95,4.8,TRAIL_SL,50,36.4594,0.2,0.221876,0.0006,-10.53,7.6508,25.9211,-1.404,0.0,6.2468,6.2468,406.04,50.0,356.04,6.9476,65
long,2021-09-01 10:10:00+05:30,2021-09-01 10:20:00+05:30,17200.3,17177.81676021908,17177.81676021908,17177.81676021908,False,-22.48,1.65,42.25,STOP_LOSS,10,-22.4832,0.2,0.18651,0.0006,-10.53,-4.3602,9.8572,-0.2808,0.0,-4.641,-4.641,-301.66,50.0,-351.66,1.4011,65
long,2021-09-03 09:35:00+05:30,2021-09-03 10:20:00+05:30,17261.3,17290.774005854186,17235.63017420487,17290.774005854186,True,29.47,48.1,3.75,TRAIL_SL,45,29.474,0.2,0.217684,0.0006,-10.53,6.1294,16.94,-1.2636,0.0,4.8658,4.8658,316.27,50.0,266.27,6.2592,65
long,2021-09-03 10:20:00+05:30,2021-09-03 10:30:00+05:30,17290.35,17270.149167652402,17270.149167652402,17270.149167652402,False,-20.2,9.2,30.2,STOP_LOSS,10,-20.2008,0.2,0.18788,0.0006,-10.53,-3.93,7.9574,-0.2808,0.0,-4.2108,-4.2108,-273.7,50.0,-323.7,1.4011,65
long,2021-09-06 09:50:00+05:30,2021-09-06 11:30:00+05:30,17383.4,17354.722098317903,17354.722098317903,17354.722098317903,False,-28.68,32.4,34.2,STOP_LOSS,100,-28.6779,0.2,0.182793,0.0006,-10.53,-5.5135,16.0372,-2.808,0.0,-8.3215,-8.3215,-540.9,50.0,-590.9,13.7562,65
short,2021-09-07 14:55:00+05:30,2021-09-07 15:15:00+05:30,17382.6,17350.0,17396.581550860486,17396.581550860486,False,32.6,36.55,11.95,SOFT_EOD_EXIT,20,-32.6,-0.2,-0.21956,0.0006,-10.53,6.8069,20.7238,-0.5616,0.0,6.2453,6.2453,405.95,50.0,355.95,-2.7963,65
short,2021-09-08 09:30:00+05:30,2021-09-08 10:40:00+05:30,17352.55,17370.024656893725,17370.024656893725,17370.024656893725,False,-17.47,24.7,23.4,STOP_LOSS,70,17.4747,-0.2,-0.189515,0.0006,-10.53,-3.4125,5.9546,-1.9656,0.0,-5.3781,-5.3781,-349.58,50.0,-399.58,-9.6872,65
short,2021-09-13 10:15:00+05:30,2021-09-13 11:05:00+05:30,17304.65,17319.693437332633,17319.693437332633,17319.693437332633,False,-15.04,15.7,20.5,STOP_LOSS,50,15.0434,-0.2,-0.190974,0.0006,-10.53,-2.9476,4.4129,-1.404,0.0,-4.3516,-4.3516,-282.85,50.0,-332.85,-6.9476,65
long,2021-09-14 10:00:00+05:30,2021-09-14 13:00:00+05:30,17406.5,17388.612858023866,17388.612858023866,17388.612858023866,False,-17.89,25.95,34.0,STOP_LOSS,180,-17.8871,0.2,0.189268,0.0006,-10.53,-3.491,6.239,-5.0544,0.0,-8.5454,-8.5454,-555.45,50.0,-605.45,24.3804,65
long,2021-09-15 14:55:00+05:30,2021-09-15 15:05:00+05:30,17524.35,17513.49654943386,17513.49654943386,17513.49654943386,False,-10.85,0.65,12.45,STOP_LOSS,10,-10.8535,0.2,0.193488,0.0006,-10.53,-2.1389,2.297,-0.2808,0.0,-2.4197,-2.4197,-157.28,50.0,-207.28,1.4011,65
short,2021-09-20 09:30:00+05:30,2021-09-20 10:15:00+05:30,17535.8,17567.19915538404,17567.19915538404,17567.19915538404,False,-31.4,32.1,36.95,STOP_LOSS,45,31.3992,-0.2,-0.181161,0.0006,-10.53,-6.0136,19.2252,-1.2636,0.0,-7.2772,-7.2772,-473.02,50.0,-523.02,-6.2592,65
short,2021-09-20 14:30:00+05:30,2021-09-20 15:10:00+05:30,17488.35,17403.941420327475,17503.822556384377,17403.941420327475,True,84.41,99.1,0.6,TRAIL_SL,40,-84.4086,-0.2,-0.250645,0.0006,-10.53,18.8054,138.9338,-1.1232,0.0,17.6822,17.6822,1149.34,50.0,1099.34,-5.5695,65
short,2021-09-21 09:30:00+05:30,2021-09-21 10:25:00+05:30,17434.5,17392.00071009356,17464.337642550287,17392.00071009356,True,42.5,77.8,43.4,TRAIL_SL,55,-42.4993,-0.2,-0.2255,0.0006,-10.53,8.9875,35.2207,-1.5444,0.0,7.4431,7.4431,483.8,50.0,433.8,-7.6346,65
short,2021-09-21 10:25:00+05:30,2021-09-21 11:25:00+05:30,17396.2,17342.361945202305,17419.492448176134,17342.361945202305,True,53.84,69.7,30.7,TRAIL_SL,60,-53.8381,-0.2,-0.232303,0.0006,-10.53,11.5502,56.5215,-1.6848,0.0,9.8654,9.8654,641.25,50.0,591.25,-8.3202,65
long,2021-09-22 09:45:00+05:30,2021-09-22 10:20:00+05:30,17562.45,17591.44457496428,17531.749913133295,17591.44457496428,True,28.99,45.35,0.75,TRAIL_SL,35,28.9946,0.2,0.217397,0.0006,-10.53,6.0259,16.3934,-0.9828,0.0,5.0431,5.0431,327.8,50.0,277.8,4.8783,65
long,2021-09-22 10:20:00+05:30,2021-09-22 11:15:00+05:30,17589.7,17564.964561501896,17564.964561501896,17564.964561501896,False,-24.74,20.6,39.2,STOP_LOSS,55,-24.7354,0.2,0.185159,0.0006,-10.53,-4.7819,11.9309,-1.5444,0.0,-6.3263,-6.3263,-411.21,50.0,-461.21,7.6346,65
long,2021-09-24 10:05:00+05:30,2021-09-24 10:50:00+05:30,17887.8,17923.987959649672,17854.57390679141,17923.987959649672,True,36.19,52.1,10.6,TRAIL_SL,45,36.188,0.2,0.221713,0.0006,-10.53,7.5912,25.5366,-1.2636,0.0,6.3276,6.3276,411.29,50.0,361.29,6.2592,65
short,2021-09-28 14:30:00+05:30,2021-09-28 14:35:00+05:30,17610.25,17626.714711593966,17626.714711593966,17626.714711593966,False,-16.46,7.95,22.1,STOP_LOSS,5,16.4647,-0.2,-0.190121,0.0006,-10.53,-3.2197,5.2862,-0.1404,0.0,-3.3601,-3.3601,-218.41,50.0,-268.41,-0.7013,65
short,2021-09-30 09:35:00+05:30,2021-09-30 11:35:00+05:30,17698.15,17716.78674355778,17716.78674355778,17716.78674355778,False,-18.64,24.0,33.35,STOP_LOSS,120,18.6367,-0.2,-0.188818,0.0006,-10.53,-3.6336,6.7729,-3.3696,0.0,-7.0032,-7.0032,-455.21,50.0,-505.21,-16.4425,65
short,2021-09-30 14:35:00+05:30,2021-09-30 14:50:00+05:30,17620.9,17638.878896734892,17638.878896734892,17638.878896734892,False,-17.98,1.25,26.95,STOP_LOSS,15,17.9789,-0.2,-0.189213,0.0006,-10.53,-3.5085,6.3032,-0.4212,0.0,-3.9297,-3.9297,-255.43,50.0,-305.43,-2.0994,65
long,2021-10-06 09:35:00+05:30,2021-10-06 10:15:00+05:30,17851.25,17830.640387016152,17830.640387016152,17830.640387016152,False,-20.61,17.7,62.7,STOP_LOSS,40,-20.6096,0.2,0.187634,0.0006,-10.53,-4.0072,8.2827,-1.1232,0.0,-5.1304,-5.1304,-333.48,50.0,-383.48,5.5695,65
long,2021-10-07 10:20:00+05:30,2021-10-07 12:15:00+05:30,17806.1,17838.22597277854,17781.079985532422,17838.22597277854,True,32.13,43.75,16.9,TRAIL_SL,115,32.126,0.2,0.219276,0.0006,-10.53,6.7039,20.1255,-3.2292,0.0,3.4747,3.4747,225.85,50.0,175.85,15.7728,65
long,2021-10-08 10:15:00+05:30,2021-10-08 10:40:00+05:30,17889.05,17926.107992620407,17862.88438159785,17926.107992620407,True,37.06,52.45,8.45,TRAIL_SL,25,37.058,0.2,0.222235,0.0006,-10.53,7.7824,26.7792,-0.702,0.0,7.0804,7.0804,460.23,50.0,410.23,3.4917,65
long,2021-10-11 10:25:00+05:30,2021-10-11 11:35:00+05:30,17968.95,18018.311522626907,17948.23194853894,18018.311522626907,True,49.36,62.4,1.75,TRAIL_SL,70,49.3615,0.2,0.229617,0.0006,-10.53,10.5302,47.5129,-1.9656,0.0,8.5646,8.5646,556.7,50.0,506.7,9.6872,65
short,2021-10-11 14:45:00+05:30,2021-10-11 15:15:00+05:30,17995.4,17946.45,18006.348247284674,18006.348247284674,False,48.95,54.9,0.15,SOFT_EOD_EXIT,30,-48.95,-0.2,-0.22937,0.0006,-10.53,10.4369,46.724,-0.8424,0.0,9.5945,9.5945,623.65,50.0,573.65,-4.1857,65
short,2021-10-12 09:40:00+05:30,2021-10-12 10:55:00+05:30,17948.5,17906.185482844736,17968.143637227087,17906.185482844736,True,42.31,60.85,25.45,TRAIL_SL,75,-42.3145,-0.2,-0.225389,0.0006,-10.53,8.9463,34.9151,-2.106,0.0,6.8403,6.8403,444.62,50.0,394.62,-10.3687,65
long,2021-10-12 14:50:00+05:30,2021-10-12 15:15:00+05:30,17969.45,18004.4,17952.6666306747,17952.6666306747,False,34.95,36.1,8.55,SOFT_EOD_EXIT,25,34.95,0.2,0.22097,0.0006,-10.53,7.3198,23.8193,-0.702,0.0,6.6178,6.6178,430.16,50.0,380.16,3.4917,65
long,2021-10-13 14:30:00+05:30,2021-10-13 15:00:00+05:30,18182.2,18165.03611824562,18165.03611824562,18165.03611824562,False,-17.16,11.6,21.95,STOP_LOSS,30,-17.1639,0.2,0.189702,0.0006,-10.53,-3.3532,5.7447,-0.8424,0.0,-4.1956,-4.1956,-272.72,50.0,-322.72,4.1857,65
long,2021-10-14 10:15:00+05:30,2021-10-14 11:35:00+05:30,18269.85,18307.29696614967,18248.07052513445,18307.29696614967,True,37.45,49.05,0.65,TRAIL_SL,80,37.447,0.2,0.222468,0.0006,-10.53,7.868,27.3444,-2.2464,0.0,5.6216,5.6216,365.4,50.0,315.4,11.0489,65
long,2021-10-18 09:55:00+05:30,2021-10-18 10:50:00+05:30,18464.25,18507.87239206983,18430.057942049112,18507.87239206983,True,43.62,59.3,2.25,TRAIL_SL,55,43.6224,0.2,0.226173,0.0006,-10.53,9.2383,37.1068,-1.5444,0.0,7.6939,7.6939,500.1,50.0,450.1,7.6346,65
long,2021-10-19 09:55:00+05:30,2021-10-19 10:00:00+05:30,18557.85,18528.824652231757,18528.824652231757,18528.824652231757,False,-29.03,1.65,60.55,STOP_LOSS,5,-29.0253,0.2,0.182585,0.0006,-10.53,-5.5776,16.4282,-0.1404,0.0,-5.718,-5.718,-371.67,50.0,-421.67,0.7013,65
short,2021-10-19 14:35:00+05:30,2021-10-19 15:20:00+05:30,18523.95,18403.217718363536,18543.842616305577,18403.217718363536,True,120.73,145.8,1.45,TRAIL_SL,45,-120.7323,-0.2,-0.272439,0.0006,-10.53,28.0821,284.2375,-1.2636,0.0,26.8185,26.8185,1743.2,50.0,1693.2,-6.2592,65
short,2021-10-20 09:35:00+05:30,2021-10-20 10:05:00+05:30,18407.05,18439.145178485564,18439.145178485564,18439.145178485564,False,-32.1,26.5,48.6,STOP_LOSS,30,32.0952,-0.2,-0.180743,0.0006,-10.53,-6.1409,20.087,-0.8424,0.0,-6.9833,-6.9833,-453.92,50.0,-503.92,-4.1857,65
short,2021-10-20 14:45:00+05:30,2021-10-20 15:00:00+05:30,18243.1,18262.338183694043,18262.338183694043,18262.338183694043,False,-19.24,8.45,22.4,STOP_LOSS,15,19.2382,-0.2,-0.188457,0.0006,-10.53,-3.7477,7.2171,-0.4212,0.0,-4.1689,-4.1689,-270.98,50.0,-320.98,-2.0994,65
short,2021-10-22 14:30:00+05:30,2021-10-22 14:50:00+05:30,18087.0,18113.253928849375,18113.253928849375,18113.253928849375,False,-26.25,29.15,42.35,STOP_LOSS,20,26.2539,-0.2,-0.184248,0.0006,-10.53,-5.0647,13.4407,-0.5616,0.0,-5.6263,-5.6263,-365.71,50.0,-415.71,-2.7963,65
short,2021-10-25 14:40:00+05:30,2021-10-25 14:50:00+05:30,18109.35,18130.176454076525,18130.176454076525,18130.176454076525,False,-20.83,2.25,26.65,STOP_LOSS,10,20.8265,-0.2,-0.187504,0.0006,-10.53,-4.0482,8.458,-0.2808,0.0,-4.329,-4.329,-281.38,50.0,-331.38,-1.4011,65
long,2021-10-26 10:10:00+05:30,2021-10-26 10:20:00+05:30,18234.65,18206.53151007586,18206.53151007586,18206.53151007586,False,-28.12,6.85,63.65,STOP_LOSS,10,-28.1185,0.2,0.183129,0.0006,-10.53,-5.4102,15.4177,-0.2808,0.0,-5.691,-5.691,-369.92,50.0,-419.92,1.4011,65
long,2021-10-26 14:35:00+05:30,2021-10-27 09:15:00+05:30,18237.9,18298.332844259316,18214.86113429373,18298.332844259316,True,60.43,84.1,24.7,TRAIL_SL,1120,60.4328,0.2,0.23626,0.0006,-10.53,13.0726,71.2165,-31.4496,0.0,-18.377,-18.377,-1194.5,50.0,-1244.5,131.3635,65
long,2021-10-27 09:30:00+05:30,2021-10-27 11:55:00+05:30,18287.7,18328.69649938618,18252.721695798136,18328.69649938618,True,41.0,53.05,20.15,TRAIL_SL,145,40.9965,0.2,0.224598,0.0006,-10.53,8.6531,32.7739,-4.0716,0.0,4.5815,4.5815,297.8,50.0,247.8,19.7716,65
short,2021-10-27 14:55:00+05:30,2021-10-27 15:15:00+05:30,18249.15,18214.9,18265.48307919289,18265.48307919289,False,34.25,45.65,1.05,SOFT_EOD_EXIT,20,-34.25,-0.2,-0.22055,0.0006,-10.53,7.1667,22.8747,-0.5616,0.0,6.6051,6.6051,429.33,50.0,379.33,-2.7963,65
short,2021-10-28 10:10:00+05:30,2021-10-28 11:10:00+05:30,18092.05,18020.07984247695,18112.14416923522,18020.07984247695,True,71.97,88.25,11.3,TRAIL_SL,60,-71.9702,-0.2,-0.243182,0.0006,-10.53,15.7926,101.0042,-1.6848,0.0,14.1078,14.1078,917.0,50.0,867.0,-8.3202,65
short,2021-10-29 09:40:00+05:30,2021-10-29 09:50:00+05:30,17770.25,17820.35907243916,17820.35907243916,17820.35907243916,False,-50.11,2.85,93.7,STOP_LOSS,10,50.1091,-0.2,-0.169935,0.0006,-10.53,-9.3439,48.9629,-0.2808,0.0,-9.6247,-9.6247,-625.6,50.0,-675.6,-1.4011,65
short,2021-10-29 10:05:00+05:30,2021-10-29 10:15:00+05:30,17813.55,17858.713369558063,17858.713369558063,17858.713369558063,False,-45.16,2.7,68.35,STOP_LOSS,10,45.1634,-0.2,-0.172902,0.0006,-10.53,-8.4819,39.7747,-0.2808,0.0,-8.7627,-8.7627,-569.58,50.0,-619.58,-1.4011,65
long,2021-11-02 09:30:00+05:30,2021-11-02 10:30:00+05:30,17964.2,17930.414256016953,17930.414256016953,17930.414256016953,False,-33.79,4.7,65.25,STOP_LOSS,60,-33.7857,0.2,0.179729,0.0006,-10.53,-6.449,22.2588,-1.6848,0.0,-8.1338,-8.1338,-528.69,50.0,-578.69,8.3202,65
long,2021-11-03 09:55:00+05:30,2021-11-03 11:45:00+05:30,17962.2,17933.557859497414,17933.557859497414,17933.557859497414,False,-28.64,17.0,39.6,STOP_LOSS,110,-28.6421,0.2,0.182815,0.0006,-10.53,-5.5069,15.9973,-3.0888,0.0,-8.5957,-8.5957,-558.72,50.0,-608.72,15.1019,65
short,2021-11-03 14:40:00+05:30,2021-11-03 15:00:00+05:30,17810.85,17831.95302271723,17831.95302271723,17831.95302271723,False,-21.1,32.05,25.8,STOP_LOSS,20,21.103,-0.2,-0.187338,0.0006,-10.53,-4.1004,8.6841,-0.5616,0.0,-4.662,-4.662,-303.03,50.0,-353.03,-2.7963,65
long,2021-11-08 14:30:00+05:30,2021-11-08 15:15:00+05:30,18064.25,18067.15,18043.234385383756,18043.234385383756,False,2.9,13.4,25.65,SOFT_EOD_EXIT,45,2.9,0.2,0.20174,0.0006,-10.53,0.5823,0.164,-1.2636,0.0,-0.6813,-0.6813,-44.29,50.0,-94.29,6.2592,65
short,2021-11-10 10:00:00+05:30,2021-11-10 12:20:00+05:30,17954.8,17972.810480114247,17972.810480114247,17972.810480114247,False,-18.01,15.0,34.5,STOP_LOSS,140,18.0105,-0.2,-0.189194,0.0006,-10.53,-3.5145,6.3254,-3.9312,0.0,-7.4457,-7.4457,-483.97,50.0,-533.97,-19.1083,65
short,2021-11-11 14:35:00+05:30,2021-11-11 15:00:00+05:30,17835.75,17849.113672614698,17849.113672614698,17849.113672614698,False,-13.36,13.5,27.9,STOP_LOSS,25,13.3637,-0.2,-0.191982,0.0006,-10.53,-2.6245,3.4825,-0.702,0.0,-3.3265,-3.3265,-216.22,50.0,-266.22,-3.4917,65
long,2021-11-15 09:50:00+05:30,2021-11-15 10:15:00+05:30,18171.1,18141.299711902586,18141.299711902586,18141.299711902586,False,-29.8,13.95,36.8,STOP_LOSS,25,-29.8003,0.2,0.18212,0.0006,-10.53,-5.7203,17.3171,-0.702,0.0,-6.4223,-6.4223,-417.45,50.0,-467.45,3.4917,65
short,2021-11-16 10:00:00+05:30,2021-11-16 12:10:00+05:30,18070.1,18084.96684013251,18084.96684013251,18084.96684013251,False,-14.87,45.7,20.0,STOP_LOSS,130,14.8668,-0.2,-0.19108,0.0006,-10.53,-2.9137,4.3099,-3.6504,0.0,-6.5641,-6.5641,-426.67,50.0,-476.67,-17.7779,65
short,2021-11-17 09:35:00+05:30,2021-11-17 10:20:00+05:30,17973.2,17990.653224806756,17990.653224806756,17990.653224806756,False,-17.45,21.1,26.1,STOP_LOSS,45,17.4532,-0.2,-0.189528,0.0006,-10.53,-3.4084,5.94,-1.2636,0.0,-4.672,-4.672,-303.68,50.0,-353.68,-6.2592,65
short,2021-11-18 09:50:00+05:30,2021-11-18 10:25:00+05:30,17871.75,17756.95667889465,17891.202431118152,17756.95667889465,True,114.79,135.45,3.9,TRAIL_SL,35,-114.7933,-0.2,-0.268876,0.0006,-10.53,26.5166,256.9614,-0.9828,0.0,25.5338,25.5338,1659.7,50.0,1609.7,-4.8783,65
short,2021-11-22 09:45:00+05:30,2021-11-22 11:05:00+05:30,17671.05,17571.26120960893,17701.218925639812,17571.26120960893,True,99.79,119.7,15.15,TRAIL_SL,80,-99.7888,-0.2,-0.259873,0.0006,-10.53,22.6464,194.1772,-2.2464,0.0,20.4,20.4,1326.0,50.0,1276.0,-11.0489,65
short,2021-11-22 14:40:00+05:30,2021-11-22 15:00:00+05:30,17363.15,17387.395636291254,17387.395636291254,17387.395636291254,False,-24.25,25.55,38.5,STOP_LOSS,20,24.2456,-0.2,-0.185453,0.0006,-10.53,-4.6904,11.4631,-0.5616,0.0,-5.252,-5.252,-341.38,50.0,-391.38,-2.7963,65
short,2021-11-23 09:30:00+05:30,2021-11-23 09:40:00+05:30,17343.35,17386.985097513418,17386.985097513418,17386.985097513418,False,-43.64,0.0,66.75,STOP_LOSS,10,43.6351,-0.2,-0.173819,0.0006,-10.53,-8.2129,37.1284,-0.2808,0.0,-8.4937,-8.4937,-552.09,50.0,-602.09,-1.4011,65
short,2021-11-25 09:35:00+05:30,2021-11-25 10:55:00+05:30,17409.1,17435.23803239369,17435.23803239369,17435.23803239369,False,-26.14,56.75,32.45,STOP_LOSS,80,26.138,-0.2,-0.184317,0.0006,-10.53,-5.0431,13.3223,-2.2464,0.0,-7.2895,-7.2895,-473.82,50.0,-523.82,-11.0489,65
short,2021-11-26 14:50:00+05:30,2021-11-26 15:15:00+05:30,17112.3,17025.98604738576,17131.530200231537,17025.98604738576,True,86.31,125.15,3.0,TRAIL_SL,25,-86.314,-0.2,-0.251788,0.0006,-10.53,19.2743,145.2769,-0.702,0.0,18.5723,18.5723,1207.2,50.0,1157.2,-3.4917,65
short,2021-11-29 09:35:00+05:30,2021-11-29 09:45:00+05:30,16968.45,17024.440031026974,17024.440031026974,17024.440031026974,False,-55.99,22.5,76.95,STOP_LOSS,10,55.99,-0.2,-0.166406,0.0006,-10.53,-10.3516,61.1302,-0.2808,0.0,-10.6324,-10.6324,-691.11,50.0,-741.11,-1.4011,65
short,2021-11-29 14:35:00+05:30,2021-11-29 15:15:00+05:30,17082.15,17056.55,17107.105720232194,17107.105720232194,False,25.6,44.35,15.9,SOFT_EOD_EXIT,40,-25.6,-0.2,-0.21536,0.0006,-10.53,5.2969,12.7795,-1.1232,0.0,4.1737,4.1737,271.29,50.0,221.29,-5.5695,65
long,2021-12-02 10:00:00+05:30,2021-12-02 10:35:00+05:30,17249.0,17274.32486645221,17218.480553428948,17274.32486645221,True,25.32,47.0,0.0,TRAIL_SL,35,25.3249,0.2,0.215195,0.0006,-10.53,5.2381,12.5063,-0.9828,0.0,4.2553,4.2553,276.6,50.0,226.6,4.8783,65
long,2021-12-03 09:45:00+05:30,2021-12-03 09:50:00+05:30,17441.85,17407.242787683153,17407.242787683153,17407.242787683153,False,-34.61,15.7,57.7,STOP_LOSS,5,-34.6072,0.2,0.179236,0.0006,-10.53,-6.5981,23.3544,-0.1404,0.0,-6.7385,-6.7385,-438.0,50.0,-488.0,0.7013,65
short,2021-12-06 09:45:00+05:30,2021-12-06 11:10:00+05:30,17154.45,17115.090632764495,17181.291043140674,17115.090632764495,True,39.36,56.3,13.9,TRAIL_SL,85,-39.3594,-0.2,-0.223616,0.0006,-10.53,8.2901,30.2086,-2.3868,0.0,5.9033,5.9033,383.72,50.0,333.72,-11.7277,65
long,2021-12-07 14:30:00+05:30,2021-12-07 14:55:00+05:30,17237.35,17219.65303673401,17219.65303673401,17219.65303673401,False,-17.7,6.9,28.6,STOP_LOSS,25,-17.697,0.2,0.189382,0.0006,-10.53,-3.4548,6.1071,-0.702,0.0,-4.1568,-4.1568,-270.19,50.0,-320.19,3.4917,65
long,2021-12-08 10:15:00+05:30,2021-12-08 11:10:00+05:30,17378.65,17411.181021186087,17347.332201654193,17411.181021186087,True,32.53,44.85,25.4,TRAIL_SL,55,32.531,0.2,0.219519,0.0006,-10.53,6.7919,20.6362,-1.5444,0.0,5.2475,5.2475,341.09,50.0,291.09,7.6346,65
long,2021-12-13 10:10:00+05:30,2021-12-13 10:15:00+05:30,17616.5,17592.332327122065,17592.332327122065,17592.332327122065,False,-24.17,1.0,37.5,STOP_LOSS,5,-24.1677,0.2,0.185499,0.0006,-10.53,-4.6758,11.3895,-0.1404,0.0,-4.8162,-4.8162,-313.06,50.0,-363.06,0.7013,65
long,2021-12-13 10:25:00+05:30,2021-12-13 11:10:00+05:30,17609.3,17580.66356227768,17580.66356227768,17580.66356227768,False,-28.64,10.65,42.3,STOP_LOSS,45,-28.6364,0.2,0.182818,0.0006,-10.53,-5.5059,15.9909,-1.2636,0.0,-6.7695,-6.7695,-440.02,50.0,-490.02,6.2592,65
short,2021-12-14 09:30:00+05:30,2021-12-14 10:55:00+05:30,17333.45,17241.296739563877,17360.666108921734,17241.296739563877,True,92.15,107.3,8.05,TRAIL_SL,85,-92.1533,-0.2,-0.255292,0.0006,-10.53,20.7236,165.5984,-2.3868,0.0,18.3368,18.3368,1191.89,50.0,1141.89,-11.7277,65
short,2021-12-14 14:35:00+05:30,2021-12-14 15:00:00+05:30,17292.25,17306.8561744644,17306.8561744644,17306.8561744644,False,-14.61,17.4,35.6,STOP_LOSS,25,14.6062,-0.2,-0.191236,0.0006,-10.53,-2.8636,4.1601,-0.702,0.0,-3.5656,-3.5656,-231.77,50.0,-281.77,-3.4917,65
short,2021-12-15 10:10:00+05:30,2021-12-15 10:55:00+05:30,17254.05,17211.184825447588,17271.178199172427,17211.184825447588,True,42.87,60.8,1.7,TRAIL_SL,45,-42.8652,-0.2,-0.225719,0.0006,-10.53,9.0691,35.8298,-1.2636,0.0,7.8055,7.8055,507.36,50.0,457.36,-6.2592,65
long,2021-12-22 10:10:00+05:30,2021-12-22 10:20:00+05:30,16884.0,16852.424342879447,16852.424342879447,16852.424342879447,False,-31.58,1.7,51.75,STOP_LOSS,10,-31.5757,0.2,0.181055,0.0006,-10.53,-6.0459,19.4419,-0.2808,0.0,-6.3267,-6.3267,-411.24,50.0,-461.24,1.4011,65
long,2021-12-23 10:05:00+05:30,2021-12-23 10:20:00+05:30,17074.4,17049.086845128695,17049.086845128695,17049.086845128695,False,-25.31,7.6,39.65,STOP_LOSS,15,-25.3132,0.2,0.184812,0.0006,-10.53,-4.8896,12.4947,-0.4212,0.0,-5.3108,-5.3108,-345.2,50.0,-395.2,2.0994,65
long,2021-12-24 14:30:00+05:30,2021-12-24 15:00:00+05:30,17030.35,17005.677062418497,17005.677062418497,17005.677062418497,False,-24.67,37.8,28.2,STOP_LOSS,30,-24.6729,0.2,0.185196,0.0006,-10.53,-4.7702,11.8707,-0.8424,0.0,-5.6126,-5.6126,-364.82,50.0,-414.82,4.1857,65
short,2021-12-27 09:50:00+05:30,2021-12-27 10:05:00+05:30,16939.75,16970.36226343143,16970.36226343143,16970.36226343143,False,-30.61,5.2,47.05,STOP_LOSS,15,30.6123,-0.2,-0.181633,0.0006,-10.53,-5.8694,18.2737,-0.4212,0.0,-6.2906,-6.2906,-408.89,50.0,-458.89,-2.0994,65
long,2021-12-29 09:35:00+05:30,2021-12-29 10:00:00+05:30,17246.35,17269.513302846353,17219.466723555386,17269.513302846353,True,23.16,39.4,0.95,TRAIL_SL,25,23.1633,0.2,0.213898,0.0006,-10.53,4.7775,10.4625,-0.702,0.0,4.0755,4.0755,264.91,50.0,214.91,3.4917,65
short,2021-12-30 09:30:00+05:30,2021-12-30 09:45:00+05:30,17209.5,17224.82940820458,17224.82940820458,17224.82940820458,False,-15.33,8.5,25.2,STOP_LOSS,15,15.3294,-0.2,-0.190802,0.0006,-10.53,-3.0024,4.5823,-0.4212,0.0,-3.4236,-3.4236,-222.54,50.0,-272.54,-2.0994,65
long,2022-01-03 14:50:00+05:30,2022-01-03 15:15:00+05:30,17615.25,17628.3,17599.230555080012,17599.230555080012,False,13.05,20.1,10.45,SOFT_EOD_EXIT,25,13.05,0.2,0.20783,0.0006,-10.53,2.656,3.3209,-0.702,0.0,1.954,1.954,127.01,50.0,77.01,3.4917,65
long,2022-01-04 09:40:00+05:30,2022-01-04 10:20:00+05:30,17657.4,17718.129301197067,17615.685921583696,17718.129301197067,True,60.73,75.65,2.4,TRAIL_SL,40,60.7293,0.2,0.236438,0.0006,-10.53,13.1416,71.9169,-1.1232,0.0,12.0184,12.0184,781.2,50.0,731.2,5.5695,65
long,2022-01-05 09:40:00+05:30,2022-01-05 10:20:00+05:30,17796.5,17835.772701145866,17763.57752509256,17835.772701145866,True,39.27,56.95,1.05,TRAIL_SL,40,39.2727,0.2,0.223564,0.0006,-10.53,8.271,30.0757,-1.1232,0.0,7.1478,7.1478,464.61,50.0,414.61,5.5695,65
long,2022-01-05 10:20:00+05:30,2022-01-05 10:50:00+05:30,17832.65,17807.790681986167,17807.790681986167,17807.790681986167,False,-24.86,8.5,29.75,STOP_LOSS,30,-24.8593,0.2,0.185084,0.0006,-10.53,-4.805,12.0507,-0.8424,0.0,-5.6474,-5.6474,-367.08,50.0,-417.08,4.1857,65
short,2022-01-06 10:00:00+05:30,2022-01-06 10:50:00+05:30,17734.5,17685.724446436343,17757.252124636678,17685.724446436343,True,48.78,72.45,2.55,TRAIL_SL,50,-48.7756,-0.2,-0.229265,0.0006,-10.53,10.3975,46.3916,-1.404,0.0,8.9935,8.9935,584.57,50.0,534.57,-6.9476,65
long,2022-01-12 10:00:00+05:30,2022-01-12 11:45:00+05:30,18150.8,18204.466705289487,18124.538760313022,18204.466705289487,True,53.67,70.2,7.7,TRAIL_SL,105,53.6667,0.2,0.2322,0.0006,-10.53,11.511,56.1622,-2.9484,0.0,8.5626,8.5626,556.57,50.0,506.57,14.4297,65
long,2022-01-13 09:55:00+05:30,2022-01-13 10:00:00+05:30,18242.05,18218.53798124788,18218.53798124788,18218.53798124788,False,-23.51,2.15,40.45,STOP_LOSS,5,-23.512,0.2,0.185893,0.0006,-10.53,-4.5531,10.7799,-0.1404,0.0,-4.6935,-4.6935,-305.08,50.0,-355.08,0.7013,65
short,2022-01-14 10:10:00+05:30,2022-01-14 12:45:00+05:30,18202.8,18219.797981948013,18219.797981948013,18219.797981948013,False,-17.0,61.15,19.95,STOP_LOSS,155,16.998,-0.2,-0.189801,0.0006,-10.53,-3.3216,5.6342,-4.3524,0.0,-7.674,-7.674,-498.81,50.0,-548.81,-21.0945,65
long,2022-01-17 09:40:00+05:30,2022-01-17 11:25:00+05:30,18263.45,18303.661308841267,18232.221683260537,18303.661308841267,True,40.21,50.0,26.4,TRAIL_SL,105,40.2113,0.2,0.224127,0.0006,-10.53,8.4788,31.5305,-2.9484,0.0,5.5304,5.5304,359.48,50.0,309.48,14.4297,65
long,2022-01-18 09:30:00+05:30,2022-01-18 09:35:00+05:30,18321.0,18301.411774698605,18301.411774698605,18301.411774698605,False,-19.59,2.85,48.3,STOP_LOSS,5,-19.5882,0.2,0.188247,0.0006,-10.53,-3.814,7.4821,-0.1404,0.0,-3.9544,-3.9544,-257.04,50.0,-307.04,0.7013,65
short,2022-01-18 10:25:00+05:30,2022-01-18 11:25:00+05:30,18233.65,18253.779797575982,18253.779797575982,18253.779797575982,False,-20.13,12.65,22.35,STOP_LOSS,60,20.1298,-0.2,-0.187922,0.0006,-10.53,-3.9166,7.9016,-1.6848,0.0,-5.6014,-5.6014,-364.09,50.0,-414.09,-8.3202,65
short,2022-01-19 09:55:00+05:30,2022-01-19 11:25:00+05:30,18048.45,17960.651561209987,18079.140596404086,17960.651561209987,True,87.8,106.4,16.75,TRAIL_SL,90,-87.7984,-0.2,-0.252679,0.0006,-10.53,19.641,150.317,-2.5272,0.0,17.1138,17.1138,1112.4,50.0,1062.4,-12.4052,65
short,2022-01-20 09:35:00+05:30,2022-01-20 12:00:00+05:30,17911.7,17785.36983364669,17931.580459142657,17785.36983364669,True,126.33,143.3,11.55,TRAIL_SL,145,-126.3302,-0.2,-0.275798,0.0006,-10.53,29.575,311.2066,-4.0716,0.0,25.5034,25.5034,1657.72,50.0,1607.72,-19.7716,65
short,2022-01-20 14:50:00+05:30,2022-01-20 14:55:00+05:30,17683.75,17699.012921467463,17699.012921467463,17699.012921467463,False,-15.26,0.0,38.9,STOP_LOSS,5,15.2629,-0.2,-0.190842,0.0006,-10.53,-2.9897,4.5427,-0.1404,0.0,-3.1301,-3.1301,-203.46,50.0,-253.46,-0.7013,65
short,2022-01-21 09:40:00+05:30,2022-01-21 09:45:00+05:30,17622.25,17657.4677972444,17657.4677972444,17657.4677972444,False,-35.22,8.95,42.25,STOP_LOSS,5,35.2178,-0.2,-0.178869,0.0006,-10.53,-6.7087,24.1857,-0.1404,0.0,-6.8491,-6.8491,-445.19,50.0,-495.19,-0.7013,65
short,2022-01-21 10:00:00+05:30,2022-01-21 11:00:00+05:30,17637.05,17584.04147534112,17669.408836683404,17584.04147534112,True,53.01,76.85,24.15,TRAIL_SL,60,-53.0085,-0.2,-0.231805,0.0006,-10.53,11.3604,54.7931,-1.6848,0.0,9.6756,9.6756,628.91,50.0,578.91,-8.3202,65
short,2022-01-24 09:45:00+05:30,2022-01-24 10:35:00+05:30,17498.1,17412.3293696577,17536.307083141535,17412.3293696577,True,85.77,115.75,17.8,TRAIL_SL,50,-85.7706,-0.2,-0.251462,0.0006,-10.53,19.1404,143.4537,-1.404,0.0,17.7364,17.7364,1152.87,50.0,1102.87,-6.9476,65
short,2022-01-24 14:30:00+05:30,2022-01-24 14:55:00+05:30,17128.85,17063.01239593404,17173.360785319404,17063.01239593404,True,65.84,113.45,9.45,TRAIL_SL,25,-65.8376,-0.2,-0.239503,0.0006,-10.53,14.3379,84.5245,-0.702,0.0,13.6359,13.6359,886.33,50.0,836.33,-3.4917,65
short,2022-01-27 09:55:00+05:30,2022-01-27 10:40:00+05:30,17036.6,16989.795572390867,17075.893626712303,16989.795572390867,True,46.8,79.35,0.0,TRAIL_SL,45,-46.8044,-0.2,-0.228083,0.0006,-10.53,9.9524,42.7178,-1.2636,0.0,8.6888,8.6888,564.77,50.0,514.77,-6.2592,65
long,2022-01-28 10:20:00+05:30,2022-01-28 12:35:00+05:30,17306.1,17356.224524532692,17266.496817527575,17356.224524532692,True,50.12,66.9,32.05,TRAIL_SL,135,50.1245,0.2,0.230075,0.0006,-10.53,10.7033,48.9931,-3.7908,0.0,6.9125,6.9125,449.31,50.0,399.31,18.4437,65
short,2022-01-28 14:50:00+05:30,2022-01-31 09:15:00+05:30,17163.85,17114.18160214875,17194.375088791552,17114.18160214875,True,49.67,86.1,162.8,TRAIL_SL,3985,-49.6684,-0.2,-0.229801,0.0006,-10.53,10.5998,48.1055,-111.8988,0.0,-101.299,-101.299,-6584.44,50.0,-6634.44,-362.4447,65
long,2022-01-31 10:00:00+05:30,2022-01-31 10:35:00+05:30,17301.7,17337.010547193575,17255.173928546505,17337.010547193575,True,35.31,57.3,1.15,TRAIL_SL,35,35.3105,0.2,0.221186,0.0006,-10.53,7.3988,24.3133,-0.9828,0.0,6.416,6.416,417.04,50.0,367.04,4.8783,65
long,2022-02-01 14:50:00+05:30,2022-02-01 15:15:00+05:30,17573.8,17584.55,17526.70668155709,17526.70668155709,False,10.75,17.1,49.0,SOFT_EOD_EXIT,25,10.75,0.2,0.20645,0.0006,-10.53,2.1812,2.2535,-0.702,0.0,1.4792,1.4792,96.15,50.0,46.15,3.4917,65
long,2022-02-02 10:10:00+05:30,2022-02-02 10:35:00+05:30,17722.9,17692.995663475966,17692.995663475966,17692.995663475966,False,-29.9,22.95,35.75,STOP_LOSS,25,-29.9043,0.2,0.182057,0.0006,-10.53,-5.7394,17.4383,-0.702,0.0,-6.4414,-6.4414,-418.69,50.0,-468.69,3.4917,65
short,2022-02-03 10:00:00+05:30,2022-02-03 12:15:00+05:30,17727.4,17641.818450211347,17744.270255087384,17641.818450211347,True,85.58,101.95,0.4,TRAIL_SL,135,-85.5815,-0.2,-0.251349,0.0006,-10.53,19.0938,142.8219,-3.7908,0.0,15.303,15.303,994.7,50.0,944.7,-18.4437,65
short,2022-02-03 14:30:00+05:30,2022-02-04 09:20:00+05:30,17624.05,17518.8058108544,17637.426878381255,17518.8058108544,True,105.24,143.15,2.25,TRAIL_SL,1130,-105.2442,-0.2,-0.263147,0.0006,-10.53,24.0394,215.9886,-31.7304,0.0,-7.691,-7.691,-499.91,50.0,-549.91,-132.3695,65
short,2022-02-04 10:25:00+05:30,2022-02-04 11:15:00+05:30,17546.85,17568.508497194838,17568.508497194838,17568.508497194838,False,-21.66,22.3,35.85,STOP_LOSS,50,21.6585,-0.2,-0.187005,0.0006,-10.53,-4.205,9.1473,-1.404,0.0,-5.609,-5.609,-364.59,50.0,-414.59,-6.9476,65
short,2022-02-07 14:35:00+05:30,2022-02-07 15:00:00+05:30,17188.2,17208.41813879164,17208.41813879164,17208.41813879164,False,-20.22,31.55,52.15,STOP_LOSS,25,20.2181,-0.2,-0.187869,0.0006,-10.53,-3.9333,7.9711,-0.702,0.0,-4.6353,-4.6353,-301.29,50.0,-351.29,-3.4917,65
long,2022-02-10 09:35:00+05:30,2022-02-10 09:55:00+05:30,17475.35,17442.623029624006,17442.623029624006,17442.623029624006,False,-32.73,3.95,41.8,STOP_LOSS,20,-32.727,0.2,0.180364,0.0006,-10.53,-6.2562,20.8856,-0.5616,0.0,-6.8178,-6.8178,-443.16,50.0,-493.16,2.7963,65
short,2022-02-11 14:55:00+05:30,2022-02-11 15:00:00+05:30,17370.15,17386.12318141797,17386.12318141797,17386.12318141797,False,-15.97,12.65,28.35,STOP_LOSS,5,15.9732,-0.2,-0.190416,0.0006,-10.53,-3.1257,4.9753,-0.1404,0.0,-3.2661,-3.2661,-212.3,50.0,-262.3,-0.7013,65
short,2022-02-14 10:00:00+05:30,2022-02-14 11:45:00+05:30,17051.65,17009.651043530204,17087.56612415651,17009.651043530204,True,42.0,61.45,31.1,TRAIL_SL,105,-41.999,-0.2,-0.225199,0.0006,-10.53,8.876,34.3963,-2.9484,0.0,5.9276,5.9276,385.3,50.0,335.3,-14.4297,65
long,2022-02-16 09:40:00+05:30,2022-02-16 10:50:00+05:30,17360.7,17308.384261134775,17308.384261134775,17308.384261134775,False,-52.32,22.85,56.75,STOP_LOSS,70,-52.3157,0.2,0.168611,0.0006,-10.53,-9.7242,53.3703,-1.9656,0.0,-11.6898,-11.6898,-759.84,50.0,-809.84,9.6872,65
short,2022-02-17 09:45:00+05:30,2022-02-17 10:35:00+05:30,17332.5,17272.230002157117,17369.664848415236,17272.230002157117,True,60.27,96.2,10.6,TRAIL_SL,50,-60.27,-0.2,-0.236162,0.0006,-10.53,13.0348,70.8332,-1.404,0.0,11.6308,11.6308,756.0,50.0,706.0,-6.9476,65
short,2022-02-18 09:35:00+05:30,2022-02-18 11:10:00+05:30,17291.15,17314.53203971575,17314.53203971575,17314.53203971575,False,-23.38,52.95,33.65,STOP_LOSS,95,23.382,-0.2,-0.185971,0.0006,-10.53,-4.5288,10.661,-2.6676,0.0,-7.1964,-7.1964,-467.77,50.0,-517.77,-13.0813,65
short,2022-02-21 09:50:00+05:30,2022-02-21 10:35:00+05:30,17143.65,17169.60127697307,17169.60127697307,17169.60127697307,False,-25.95,39.25,30.3,STOP_LOSS,45,25.9513,-0.2,-0.184429,0.0006,-10.53,-5.0084,13.1326,-1.2636,0.0,-6.272,-6.272,-407.68,50.0,-457.68,-6.2592,65
short,2022-02-22 10:00:00+05:30,2022-02-22 11:00:00+05:30,16955.3,16988.749705026188,16988.749705026188,16988.749705026188,False,-33.45,49.4,41.8,STOP_LOSS,60,33.4497,-0.2,-0.17993,0.0006,-10.53,-6.3878,21.8182,-1.6848,0.0,-8.0726,-8.0726,-524.72,50.0,-574.72,-8.3202,65
short,2022-02-24 10:20:00+05:30,2022-02-24 11:20:00+05:30,16588.3,16625.379777460377,16625.379777460377,16625.379777460377,False,-37.08,46.95,46.25,STOP_LOSS,60,37.0798,-0.2,-0.177752,0.0006,-10.53,-7.0447,26.8107,-1.6848,0.0,-8.7295,-8.7295,-567.42,50.0,-617.42,-8.3202,65
short,2022-02-28 10:00:00+05:30,2022-02-28 10:30:00+05:30,16456.05,16490.721329090153,16490.721329090153,16490.721329090153,False,-34.67,24.55,51.85,STOP_LOSS,30,34.6713,-0.2,-0.179197,0.0006,-10.53,-6.6097,23.441,-0.8424,0.0,-7.4521,-7.4521,-484.39,50.0,-534.39,-4.1857,65
short,2022-03-02 10:20:00+05:30,2022-03-02 10:50:00+05:30,16617.05,16575.05236341,16644.112507336544,16575.05236341,True,42.0,67.1,0.0,TRAIL_SL,30,-41.9976,-0.2,-0.225199,0.0006,-10.53,8.8758,34.3941,-0.8424,0.0,8.0334,8.0334,522.17,50.0,472.17,-4.1857,65
short,2022-03-07 10:25:00+05:30,2022-03-07 10:50:00+05:30,15795.4,15842.442359275998,15842.442359275998,15842.442359275998,False,-47.04,53.0,48.2,STOP_LOSS,25,47.0424,-0.2,-0.171775,0.0006,-10.53,-8.811,43.1532,-0.702,0.0,-9.513,-9.513,-618.34,50.0,-668.34,-3.4917,65
short,2022-03-07 14:30:00+05:30,2022-03-07 14:40:00+05:30,15793.8,15819.65895756435,15819.65895756435,15819.65895756435,False,-25.86,1.6,40.15,STOP_LOSS,10,25.859,-0.2,-0.184485,0.0006,-10.53,-4.9912,13.0394,-0.2808,0.0,-5.272,-5.272,-342.68,50.0,-392.68,-1.4011,65
long,2022-03-09 14:40:00+05:30,2022-03-09 14:55:00+05:30,16365.85,16398.517806129843,16338.89102223923,16398.517806129843,True,32.67,51.6,10.6,TRAIL_SL,15,32.6678,0.2,0.219601,0.0006,-10.53,6.8217,20.8101,-0.4212,0.0,6.4005,6.4005,416.03,50.0,366.03,2.0994,65
long,2022-03-09 14:55:00+05:30,2022-03-09 15:15:00+05:30,16371.3,16341.65,16337.186863958395,16337.186863958395,False,-29.65,4.4,41.8,SOFT_EOD_EXIT,20,-29.65,0.2,0.18221,0.0006,-10.53,-5.6926,17.1429,-0.5616,0.0,-6.2542,-6.2542,-406.53,50.0,-456.53,2.7963,65
short,2022-03-10 14:45:00+05:30,2022-03-10 15:05:00+05:30,16569.15,16599.438614956995,16599.438614956995,16599.438614956995,False,-30.29,23.7,44.0,STOP_LOSS,20,30.2886,-0.2,-0.181827,0.0006,-10.53,-5.81,17.8893,-0.5616,0.0,-6.3716,-6.3716,-414.16,50.0,-464.16,-2.7963,65
long,2022-03-14 10:25:00+05:30,2022-03-14 12:10:00+05:30,16663.1,16745.682535976764,16630.968370609324,16745.682535976764,True,82.58,99.6,1.1,TRAIL_SL,105,82.5825,0.2,0.24955,0.0006,-10.53,18.3579,132.9876,-2.9484,0.0,15.4095,15.4095,1001.62,50.0,951.62,14.4297,65
long,2022-03-15 09:30:00+05:30,2022-03-15 09:45:00+05:30,16873.4,16835.891293411652,16835.891293411652,16835.891293411652,False,-37.51,10.75,53.15,STOP_LOSS,15,-37.5087,0.2,0.177495,0.0006,-10.53,-7.1219,27.4346,-0.4212,0.0,-7.5431,-7.5431,-490.3,50.0,-540.3,2.0994,65
short,2022-03-15 14:45:00+05:30,2022-03-15 14:50:00+05:30,16628.4,16655.096783866644,16655.096783866644,16655.096783866644,False,-26.7,1.25,34.95,STOP_LOSS,5,26.6968,-0.2,-0.183982,0.0006,-10.53,-5.1469,13.898,-0.1404,0.0,-5.2873,-5.2873,-343.68,50.0,-393.68,-0.7013,65
long,2022-03-16 10:00:00+05:30,2022-03-16 12:00:00+05:30,16877.75,16909.762256509275,16834.461972083176,16909.762256509275,True,32.01,48.35,37.2,TRAIL_SL,120,32.0123,0.2,0.219207,0.0006,-10.53,6.6791,19.9833,-3.3696,0.0,3.3095,3.3095,215.12,50.0,165.12,16.4425,65
short,2022-03-22 10:05:00+05:30,2022-03-22 10:55:00+05:30,17066.15,17029.39991724067,17086.926741923486,17029.39991724067,True,36.75,59.75,9.05,TRAIL_SL,50,-36.7501,-0.2,-0.22205,0.0006,-10.53,7.7147,26.3361,-1.404,0.0,6.3107,6.3107,410.19,50.0,360.19,-6.9476,65
long,2022-03-22 14:35:00+05:30,2022-03-23 09:25:00+05:30,17262.95,17401.878979551933,17232.90809811472,17401.878979551933,True,138.93,178.75,0.1,TRAIL_SL,1130,138.929,0.2,0.283357,0.0006,-10.53,32.9971,376.3746,-31.7304,0.0,1.2667,1.2667,82.34,50.0,32.34,132.3695,65
long,2022-03-23 09:40:00+05:30,2022-03-23 10:20:00+05:30,17368.75,17334.322181082538,17334.322181082538,17334.322181082538,False,-34.43,39.6,46.4,STOP_LOSS,40,-34.4278,0.2,0.179343,0.0006,-10.53,-6.5655,23.1129,-1.1232,0.0,-7.6887,-7.6887,-499.77,50.0,-549.77,5.5695,65
short,2022-03-24 09:40:00+05:30,2022-03-24 09:50:00+05:30,17209.6,17233.777921420777,17233.777921420777,17233.777921420777,False,-24.18,15.0,37.6,STOP_LOSS,10,24.1779,-0.2,-0.185493,0.0006,-10.53,-4.6777,11.3992,-0.2808,0.0,-4.9585,-4.9585,-322.31,50.0,-372.31,-1.4011,65
long,2022-03-29 10:10:00+05:30,2022-03-29 11:50:00+05:30,17283.55,17254.591384887422,17254.591384887422,17254.591384887422,False,-28.96,18.0,41.5,STOP_LOSS,100,-28.9586,0.2,0.182625,0.0006,-10.53,-5.5653,16.3527,-2.808,0.0,-8.3733,-8.3733,-544.26,50.0,-594.26,13.7562,65
long,2022-03-31 10:00:00+05:30,2022-03-31 10:35:00+05:30,17539.45,17515.614903896156,17515.614903896156,17515.614903896156,False,-23.84,7.3,29.25,STOP_LOSS,35,-23.8351,0.2,0.185699,0.0006,-10.53,-4.6136,11.0782,-0.9828,0.0,-5.5964,-5.5964,-363.77,50.0,-413.77,4.8783,65
short,2022-03-31 14:50:00+05:30,2022-03-31 15:00:00+05:30,17452.65,17465.808474807138,17465.808474807138,17465.808474807138,False,-13.16,11.65,22.95,STOP_LOSS,10,13.1585,-0.2,-0.192105,0.0006,-10.53,-2.5849,3.3763,-0.2808,0.0,-2.8657,-2.8657,-186.27,50.0,-236.27,-1.4011,65
long,2022-04-01 14:30:00+05:30,2022-04-04 10:20:00+05:30,17583.35,18062.695465757577,17568.561717240445,18062.695465757577,True,479.35,503.9,7.65,TRAIL_SL,4070,479.3455,0.2,0.487607,0.0006,-10.53,157.9076,4480.5555,-114.2856,0.0,43.622,43.622,2835.43,50.0,2785.43,368.1388,65
short,2022-04-05 14:30:00+05:30,2022-04-06 09:30:00+05:30,18018.8,17873.991927930158,18036.419343685175,17873.991927930158,True,144.81,193.3,4.85,TRAIL_SL,1140,-144.8081,-0.2,-0.286885,0.0006,-10.53,34.6233,408.9029,-32.0112,0.0,2.6121,2.6121,169.79,50.0,119.79,-133.3733,65
short,2022-04-06 10:15:00+05:30,2022-04-06 11:55:00+05:30,17839.3,17856.831403811255,17856.831403811255,17856.831403811255,False,-17.53,59.1,26.05,STOP_LOSS,100,17.5314,-0.2,-0.189481,0.0006,-10.53,-3.4233,5.9933,-2.808,0.0,-6.2313,-6.2313,-405.03,50.0,-455.03,-13.7562,65
short,2022-04-07 10:10:00+05:30,2022-04-07 11:55:00+05:30,17724.9,17739.420100368905,17739.420100368905,17739.420100368905,False,-14.52,52.3,27.85,STOP_LOSS,105,14.5201,-0.2,-0.191288,0.0006,-10.53,-2.8471,4.1112,-2.9484,0.0,-5.7955,-5.7955,-376.71,50.0,-426.71,-14.4297,65
short,2022-04-08 10:25:00+05:30,2022-04-08 10:55:00+05:30,17643.35,17669.126651340885,17669.126651340885,17669.126651340885,False,-25.78,23.4,35.7,STOP_LOSS,30,25.7767,-0.2,-0.184534,0.0006,-10.53,-4.9759,12.9565,-0.8424,0.0,-5.8183,-5.8183,-378.19,50.0,-428.19,-4.1857,65
long,2022-04-08 14:55:00+05:30,2022-04-08 15:00:00+05:30,17813.7,17792.701022279438,17792.701022279438,17792.701022279438,False,-21.0,3.25,34.6,STOP_LOSS,5,-20.999,0.2,0.187401,0.0006,-10.53,-4.0807,8.5987,-0.1404,0.0,-4.2211,-4.2211,-274.37,50.0,-324.37,0.7013,65
short,2022-04-11 09:55:00+05:30,2022-04-11 10:25:00+05:30,17698.35,17718.41782752437,17718.41782752437,17718.41782752437,False,-20.07,13.35,31.55,STOP_LOSS,30,20.0678,-0.2,-0.187959,0.0006,-10.53,-3.9048,7.853,-0.8424,0.0,-4.7472,-4.7472,-308.57,50.0,-358.57,-4.1857,65
short,2022-04-20 14:35:00+05:30,2022-04-20 14:40:00+05:30,17096.35,17120.03180549032,17120.03180549032,17120.03180549032,False,-23.68,0.7,46.9,STOP_LOSS,5,23.6818,-0.2,-0.185791,0.0006,-10.53,-4.5849,10.9361,-0.1404,0.0,-4.7253,-4.7253,-307.15,50.0,-357.15,-0.7013,65
short,2022-04-25 10:25:00+05:30,2022-04-25 12:35:00+05:30,17004.2,16928.70776051008,17028.062848036465,16928.70776051008,True,75.49,99.0,20.2,TRAIL_SL,130,-75.4922,-0.2,-0.245295,0.0006,-10.53,16.6372,111.132,-3.6504,0.0,12.9868,12.9868,844.14,50.0,794.14,-17.7779,65
short,2022-04-27 09:55:00+05:30,2022-04-27 11:50:00+05:30,17084.45,17033.86417268392,17107.46967280924,17033.86417268392,True,50.59,67.7,2.2,TRAIL_SL,115,-50.5858,-0.2,-0.230351,0.0006,-10.53,10.8081,49.8991,-3.2292,0.0,7.5789,7.5789,492.63,50.0,442.63,-15.7728,65
long,2022-04-29 09:40:00+05:30,2022-04-29 09:45:00+05:30,17300.75,17268.707401247477,17268.707401247477,17268.707401247477,False,-32.04,0.8,47.65,STOP_LOSS,5,-32.0426,0.2,0.180774,0.0006,-10.53,-6.1313,20.0212,-0.1404,0.0,-6.2717,-6.2717,-407.66,50.0,-457.66,0.7013,65
short,2022-04-29 14:45:00+05:30,2022-04-29 15:25:00+05:30,17263.45,17092.652587893575,17289.097278216126,17092.652587893575,True,170.8,209.45,25.05,TRAIL_SL,40,-170.7974,-0.2,-0.302478,0.0006,-10.53,42.0359,568.8492,-1.1232,0.0,40.9127,40.9127,2659.32,50.0,2609.32,-5.5695,65
short,2022-05-02 09:40:00+05:30,2022-05-02 11:05:00+05:30,17012.4,16974.53422784994,17051.576303860784,16974.53422784994,True,37.87,59.55,11.1,TRAIL_SL,85,-37.8658,-0.2,-0.222719,0.0006,-10.53,7.9603,27.9594,-2.3868,0.0,5.5735,5.5735,362.28,50.0,312.28,-11.7277,65
short,2022-05-05 14:45:00+05:30,2022-05-05 15:15:00+05:30,16724.5,16690.25,16751.491234842015,16751.491234842015,False,34.25,61.85,9.5,SOFT_EOD_EXIT,30,-34.25,-0.2,-0.22055,0.0006,-10.53,7.1667,22.8747,-0.8424,0.0,6.3243,6.3243,411.08,50.0,361.08,-4.1857,65
short,2022-05-09 09:45:00+05:30,2022-05-09 11:35:00+05:30,16242.05,16279.293790428468,16279.293790428468,16279.293790428468,False,-37.24,25.85,58.7,STOP_LOSS,110,37.2438,-0.2,-0.177654,0.0006,-10.53,-7.0742,27.0484,-3.0888,0.0,-10.163,-10.163,-660.6,50.0,-710.6,-15.1019,65
short,2022-05-12 10:25:00+05:30,2022-05-12 11:30:00+05:30,15907.05,15845.158883206464,15930.29504330615,15845.158883206464,True,61.89,81.1,18.9,TRAIL_SL,65,-61.8911,-0.2,-0.237135,0.0006,-10.53,13.4125,74.695,-1.8252,0.0,11.5873,11.5873,753.17,50.0,703.17,-9.0044,65
short,2022-05-12 14:40:00+05:30,2022-05-12 14:45:00+05:30,15777.5,15799.993038995266,15799.993038995266,15799.993038995266,False,-22.49,2.65,24.95,STOP_LOSS,5,22.493,-0.2,-0.186504,0.0006,-10.53,-4.362,9.8658,-0.1404,0.0,-4.5024,-4.5024,-292.66,50.0,-342.66,-0.7013,65
long,2022-05-17 14:35:00+05:30,2022-05-17 15:05:00+05:30,16210.65,16247.271457613215,16188.443828566842,16247.271457613215,True,36.62,56.5,19.25,TRAIL_SL,30,36.6215,0.2,0.221973,0.0006,-10.53,7.6864,26.1521,-0.8424,0.0,6.844,6.844,444.86,50.0,394.86,4.1857,65
long,2022-05-18 10:10:00+05:30,2022-05-18 12:15:00+05:30,16340.15,16304.780700072417,16304.780700072417,16304.780700072417,False,-35.37,32.9,42.85,STOP_LOSS,125,-35.3693,0.2,0.178778,0.0006,-10.53,-6.7361,24.3943,-3.51,0.0,-10.2461,-10.2461,-666.0,50.0,-716.0,17.1108,65
short,2022-05-18 14:35:00+05:30,2022-05-18 15:15:00+05:30,16270.9,16241.25,16293.187868476842,16293.187868476842,False,29.65,44.05,24.25,SOFT_EOD_EXIT,40,-29.65,-0.2,-0.21779,0.0006,-10.53,6.1674,17.1429,-1.1232,0.0,5.0442,5.0442,327.87,50.0,277.87,-5.5695,65
short,2022-05-19 10:15:00+05:30,2022-05-19 12:00:00+05:30,15954.9,15881.48988615194,15977.432115353535,15881.48988615194,True,73.41,86.1,4.4,TRAIL_SL,105,-73.4101,-0.2,-0.244046,0.0006,-10.53,16.1371,105.0864,-2.9484,0.0,13.1887,13.1887,857.26,50.0,807.26,-14.4297,65
short,2022-05-19 14:55:00+05:30,2022-05-19 15:15:00+05:30,15806.65,15805.05,15821.420787628227,15821.420787628227,False,1.6,30.3,20.85,SOFT_EOD_EXIT,20,-1.6,-0.2,-0.20096,0.0006,-10.53,0.3207,0.0499,-0.5616,0.0,-0.2409,-0.2409,-15.66,50.0,-65.66,-2.7963,65
long,2022-05-20 14:30:00+05:30,2022-05-20 15:15:00+05:30,16208.55,16267.545360086939,16181.932525131879,16267.545360086939,True,59.0,71.15,13.0,TRAIL_SL,45,58.9954,0.2,0.235397,0.0006,-10.53,12.7388,67.8688,-1.2636,0.0,11.4752,11.4752,745.89,50.0,695.89,6.2592,65
long,2022-05-23 10:20:00+05:30,2022-05-23 12:30:00+05:30,16304.7,16381.596977278421,16270.228465179862,16381.596977278421,True,76.9,88.6,0.55,TRAIL_SL,130,76.897,0.2,0.246138,0.0006,-10.53,16.9759,115.3063,-3.6504,0.0,13.3255,13.3255,866.16,50.0,816.16,17.7779,65
short,2022-05-23 14:55:00+05:30,2022-05-24 09:15:00+05:30,16260.05,16205.929838625569,16278.97845440548,16205.929838625569,True,54.12,72.6,8.65,TRAIL_SL,1100,-54.1202,-0.2,-0.232472,0.0006,-10.53,11.6149,57.1153,-30.888,0.0,-19.2731,-19.2731,-1252.75,50.0,-1302.75,-129.3449,65
short,2022-05-24 10:25:00+05:30,2022-05-24 11:30:00+05:30,16152.4,16173.017269802427,16173.017269802427,16173.017269802427,False,-20.62,7.55,33.75,STOP_LOSS,65,20.6173,-0.2,-0.18763,0.0006,-10.53,-4.0087,8.2889,-1.8252,0.0,-5.8339,-5.8339,-379.2,50.0,-429.2,-9.0044,65
long,2022-05-27 10:10:00+05:30,2022-05-27 12:10:00+05:30,16280.2,16239.622822714195,16239.622822714195,16239.622822714195,False,-40.58,12.4,56.25,STOP_LOSS,120,-40.5772,0.2,0.175654,0.0006,-10.53,-7.6709,32.1069,-3.3696,0.0,-11.0405,-11.0405,-717.63,50.0,-767.63,16.4425,65
short,2022-05-31 09:50:00+05:30,2022-05-31 10:10:00+05:30,16569.0,16586.420433678493,16586.420433678493,16586.420433678493,False,-17.42,8.4,27.9,STOP_LOSS,20,17.4204,-0.2,-0.189548,0.0006,-10.53,-3.4021,5.9177,-0.5616,0.0,-3.9637,-3.9637,-257.64,50.0,-307.64,-2.7963,65
short,2022-05-31 10:15:00+05:30,2022-05-31 10:25:00+05:30,16582.25,16596.45448893075,16596.45448893075,16596.45448893075,False,-14.2,4.1,24.8,STOP_LOSS,10,14.2045,-0.2,-0.191477,0.0006,-10.53,-2.7864,3.9345,-0.2808,0.0,-3.0672,-3.0672,-199.37,50.0,-249.37,-1.4011,65
short,2022-06-01 10:05:00+05:30,2022-06-01 10:15:00+05:30,16571.55,16594.06986835936,16594.06986835936,16594.06986835936,False,-22.52,0.0,25.85,STOP_LOSS,10,22.5199,-0.2,-0.186488,0.0006,-10.53,-4.367,9.8893,-0.2808,0.0,-4.6478,-4.6478,-302.11,50.0,-352.11,-1.4011,65
long,2022-06-02 14:30:00+05:30,2022-06-02 15:15:00+05:30,16615.65,16633.5,16593.898082101023,16593.898082101023,False,17.85,30.1,19.6,SOFT_EOD_EXIT,45,17.85,0.2,0.21071,0.0006,-10.53,3.656,6.2131,-1.2636,0.0,2.3924,2.3924,155.51,50.0,105.51,6.2592,65
long,2022-06-03 10:05:00+05:30,2022-06-03 10:40:00+05:30,16757.7,16731.806328994695,16731.806328994695,16731.806328994695,False,-25.89,3.35,39.8,STOP_LOSS,35,-25.8937,0.2,0.184464,0.0006,-10.53,-4.9977,13.0744,-0.9828,0.0,-5.9805,-5.9805,-388.73,50.0,-438.73,4.8783,65
short,2022-06-06 09:50:00+05:30,2022-06-06 12:10:00+05:30,16524.95,16549.452833717693,16549.452833717693,16549.452833717693,False,-24.5,42.8,34.85,STOP_LOSS,140,24.5028,-0.2,-0.185298,0.0006,-10.53,-4.7385,11.7076,-3.9312,0.0,-8.6697,-8.6697,-563.53,50.0,-613.53,-19.1083,65
short,2022-06-07 10:10:00+05:30,2022-06-07 11:30:00+05:30,16427.9,16364.170862786628,16445.154014714237,16364.170862786628,True,63.73,80.1,16.2,TRAIL_SL,80,-63.7291,-0.2,-0.238237,0.0006,-10.53,13.8424,79.1974,-2.2464,0.0,11.596,11.596,753.74,50.0,703.74,-11.0489,65
short,2022-06-08 14:55:00+05:30,2022-06-08 15:00:00+05:30,16334.15,16349.528228824021,16349.528228824021,16349.528228824021,False,-15.38,0.0,42.2,STOP_LOSS,5,15.3782,-0.2,-0.190773,0.0006,-10.53,-3.0118,4.6116,-0.1404,0.0,-3.1522,-3.1522,-204.89,50.0,-254.89,-0.7013,65
short,2022-06-09 09:45:00+05:30,2022-06-09 10:20:00+05:30,16318.65,16338.29246527585,16338.29246527585,16338.29246527585,False,-19.64,21.8,38.4,STOP_LOSS,35,19.6425,-0.2,-0.188215,0.0006,-10.53,-3.8243,7.5236,-0.9828,0.0,-4.8071,-4.8071,-312.46,50.0,-362.46,-4.8783,65
short,2022-06-10 10:20:00+05:30,2022-06-10 10:30:00+05:30,16278.9,16294.860943406717,16294.860943406717,16294.860943406717,False,-15.96,1.55,22.8,STOP_LOSS,10,15.9609,-0.2,-0.190423,0.0006,-10.53,-3.1234,4.9677,-0.2808,0.0,-3.4042,-3.4042,-221.27,50.0,-271.27,-1.4011,65
short,2022-06-10 14:40:00+05:30,2022-06-10 14:45:00+05:30,16186.65,16198.111300169152,16198.111300169152,16198.111300169152,False,-11.46,0.45,27.45,STOP_LOSS,5,11.4613,-0.2,-0.193123,0.0006,-10.53,-2.2568,2.5615,-0.1404,0.0,-2.3972,-2.3972,-155.82,50.0,-205.82,-0.7013,65
short,2022-06-14 09:35:00+05:30,2022-06-14 09:45:00+05:30,15729.55,15757.11586778356,15757.11586778356,15757.11586778356,False,-27.57,6.3,44.0,STOP_LOSS,10,27.5659,-0.2,-0.18346,0.0006,-10.53,-5.308,14.8176,-0.2808,0.0,-5.5888,-5.5888,-363.27,50.0,-413.27,-1.4011,65
short,2022-06-14 14:45:00+05:30,2022-06-14 15:15:00+05:30,15711.9,15727.469374869557,15727.469374869557,15727.469374869557,False,-15.57,14.95,40.65,STOP_LOSS,30,15.5694,-0.2,-0.190658,0.0006,-10.53,-3.0484,4.7269,-0.8424,0.0,-3.8908,-3.8908,-252.9,50.0,-302.9,-4.1857,65
short,2022-06-15 09:50:00+05:30,2022-06-15 10:05:00+05:30,15711.1,15730.459775011368,15730.459775011368,15730.459775011368,False,-19.36,19.5,24.4,STOP_LOSS,15,19.3598,-0.2,-0.188384,0.0006,-10.53,-3.7708,7.3086,-0.4212,0.0,-4.192,-4.192,-272.48,50.0,-322.48,-2.0994,65
short,2022-06-16 14:55:00+05:30,2022-06-16 15:15:00+05:30,15381.4,15348.9,15405.891530575604,15405.891530575604,False,32.5,39.7,14.7,SOFT_EOD_EXIT,20,-32.5,-0.2,-0.2195,0.0006,-10.53,6.7852,20.5969,-0.5616,0.0,6.2236,6.2236,404.53,50.0,354.53,-2.7963,65
short,2022-06-17 10:00:00+05:30,2022-06-17 10:35:00+05:30,15332.75,15313.229520625206,15371.631063848039,15313.229520625206,True,19.52,63.3,10.5,TRAIL_SL,35,-19.5205,-0.2,-0.211712,0.0006,-10.53,4.007,7.4305,-0.9828,0.0,3.0242,3.0242,196.57,50.0,146.57,-4.8783,65
short,2022-06-22 10:15:00+05:30,2022-06-22 10:30:00+05:30,15460.0,15480.194277027955,15480.194277027955,15480.194277027955,False,-20.19,1.7,51.3,STOP_LOSS,15,20.1943,-0.2,-0.187883,0.0006,-10.53,-3.9287,7.9523,-0.4212,0.0,-4.3499,-4.3499,-282.75,50.0,-332.75,-2.0994,65
long,2022-06-24 10:05:00+05:30,2022-06-24 11:50:00+05:30,15684.45,15645.688181462476,15645.688181462476,15645.688181462476,False,-38.76,12.7,50.9,STOP_LOSS,105,-38.7618,0.2,0.176743,0.0006,-10.53,-7.3467,29.2983,-2.9484,0.0,-10.2951,-10.2951,-669.18,50.0,-719.18,14.4297,65
long,2022-06-27 10:10:00+05:30,2022-06-27 13:10:00+05:30,15868.4,15896.879079462451,15837.28996776302,15896.879079462451,True,28.48,43.15,36.35,TRAIL_SL,180,28.4791,0.2,0.217087,0.0006,-10.53,5.9148,15.8156,-5.0544,0.0,0.8604,0.8604,55.93,50.0,5.93,24.3804,65
short,2022-06-28 10:15:00+05:30,2022-06-28 11:10:00+05:30,15732.6,15747.403763270682,15747.403763270682,15747.403763270682,False,-14.8,9.4,25.55,STOP_LOSS,55,14.8038,-0.2,-0.191118,0.0006,-10.53,-2.9016,4.2735,-1.5444,0.0,-4.446,-4.446,-288.99,50.0,-338.99,-7.6346,65
short,2022-06-29 09:50:00+05:30,2022-06-29 10:15:00+05:30,15752.75,15773.76060648196,15773.76060648196,15773.76060648196,False,-21.01,7.65,25.2,STOP_LOSS,25,21.0106,-0.2,-0.187394,0.0006,-10.53,-4.0829,8.6082,-0.702,0.0,-4.7849,-4.7849,-311.02,50.0,-361.02,-3.4917,65
long,2022-06-30 10:00:00+05:30,2022-06-30 10:15:00+05:30,15858.5,15832.126759635421,15832.126759635421,15832.126759635421,False,-26.37,5.3,60.35,STOP_LOSS,15,-26.3732,0.2,0.184176,0.0006,-10.53,-5.0869,13.5632,-0.4212,0.0,-5.5081,-5.5081,-358.02,50.0,-408.02,2.0994,65
short,2022-07-01 10:20:00+05:30,2022-07-01 10:50:00+05:30,15590.05,15619.201336325932,15619.201336325932,15619.201336325932,False,-29.15,14.95,39.4,STOP_LOSS,30,29.1513,-0.2,-0.182509,0.0006,-10.53,-5.6008,16.5711,-0.8424,0.0,-6.4432,-6.4432,-418.81,50.0,-468.81,-4.1857,65
short,2022-07-04 10:25:00+05:30,2022-07-04 10:45:00+05:30,15691.0,15709.708826544782,15709.708826544782,15709.708826544782,False,-18.71,12.6,32.2,STOP_LOSS,20,18.7088,-0.2,-0.188775,0.0006,-10.53,-3.6473,6.8254,-0.5616,0.0,-4.2089,-4.2089,-273.58,50.0,-323.58,-2.7963,65
short,2022-07-05 14:30:00+05:30,2022-07-05 15:05:00+05:30,15875.7,15807.527844144335,15892.349634514378,15807.527844144335,True,68.17,90.0,6.65,TRAIL_SL,35,-68.1722,-0.2,-0.240903,0.0006,-10.53,14.8892,90.6251,-0.9828,0.0,13.9064,13.9064,903.92,50.0,853.92,-4.8783,65
long,2022-07-07 09:50:00+05:30,2022-07-07 10:50:00+05:30,16070.85,16116.03385133213,16038.243699839799,16116.03385133213,True,45.18,55.3,6.7,TRAIL_SL,60,45.1839,0.2,0.22711,0.0006,-10.53,9.588,39.8108,-1.6848,0.0,7.9032,7.9032,513.71,50.0,463.71,8.3202,65
long,2022-07-08 09:55:00+05:30,2022-07-08 12:00:00+05:30,16202.7,16176.820082988173,16176.820082988173,16176.820082988173,False,-25.88,16.1,29.15,STOP_LOSS,125,-25.8799,0.2,0.184472,0.0006,-10.53,-4.9951,13.0605,-3.51,0.0,-8.5051,-8.5051,-552.83,50.0,-602.83,17.1108,65
short,2022-07-08 14:40:00+05:30,2022-07-08 14:55:00+05:30,16174.0,16184.374448780412,16184.374448780412,16184.374448780412,False,-10.37,1.5,20.0,STOP_LOSS,15,10.3744,-0.2,-0.193775,0.0006,-10.53,-2.0458,2.0988,-0.4212,0.0,-2.467,-2.467,-160.36,50.0,-210.36,-2.0994,65
short,2022-07-11 09:40:00+05:30,2022-07-11 13:35:00+05:30,16155.0,16174.106352395725,16174.106352395725,16174.106352395725,False,-19.11,37.8,29.5,STOP_LOSS,235,19.1064,-0.2,-0.188536,0.0006,-10.53,-3.7227,7.1185,-6.5988,0.0,-10.3215,-10.3215,-670.9,50.0,-720.9,-31.5051,65
long,2022-07-11 14:45:00+05:30,2022-07-11 15:15:00+05:30,16220.95,16208.4,16200.919938964613,16200.919938964613,False,-12.55,18.8,15.1,SOFT_EOD_EXIT,30,-12.55,0.2,0.19247,0.0006,-10.53,-2.4675,3.0713,-0.8424,0.0,-3.3099,-3.3099,-215.14,50.0,-265.14,4.1857,65
short,2022-07-12 10:00:00+05:30,2022-07-12 12:30:00+05:30,16146.25,16095.615251342444,16159.573562203754,16095.615251342444,True,50.63,63.7,12.4,TRAIL_SL,150,-50.6347,-0.2,-0.230381,0.0006,-10.53,10.8192,49.9956,-4.212,0.0,6.6072,6.6072,429.47,50.0,379.47,-20.4337,65
short,2022-07-13 14:30:00+05:30,2022-07-13 15:15:00+05:30,15996.4,15974.05,16008.69737911824,16008.69737911824,False,22.35,45.85,0.6,SOFT_EOD_EXIT,45,-22.35,-0.2,-0.21341,0.0006,-10.53,4.6049,9.7407,-1.2636,0.0,3.3413,3.3413,217.18,50.0,167.18,-6.2592,65
short,2022-07-14 14:30:00+05:30,2022-07-14 15:00:00+05:30,15892.45,15908.421923455915,15908.421923455915,15908.421923455915,False,-15.97,9.25,36.45,STOP_LOSS,30,15.9719,-0.2,-0.190417,0.0006,-10.53,-3.1255,4.9745,-0.8424,0.0,-3.9679,-3.9679,-257.91,50.0,-307.91,-4.1857,65
long,2022-07-19 10:25:00+05:30,2022-07-19 11:15:00+05:30,16284.1,16316.631681642737,16265.186569030317,16316.631681642737,True,32.53,43.95,6.55,TRAIL_SL,50,32.5317,0.2,0.219519,0.0006,-10.53,6.7921,20.6371,-1.404,0.0,5.3881,5.3881,350.23,50.0,300.23,6.9476,65
long,2022-07-21 10:25:00+05:30,2022-07-21 13:10:00+05:30,16562.95,16547.82108040113,16547.82108040113,16547.82108040113,False,-15.13,28.65,22.85,STOP_LOSS,165,-15.1289,0.2,0.190923,0.0006,-10.53,-2.964,4.4632,-4.6332,0.0,-7.5972,-7.5972,-493.82,50.0,-543.82,22.4125,65
long,2022-07-22 09:40:00+05:30,2022-07-22 09:55:00+05:30,16657.9,16632.657425657155,16632.657425657155,16632.657425657155,False,-25.24,0.0,25.25,STOP_LOSS,15,-25.2426,0.2,0.184854,0.0006,-10.53,-4.8765,12.4252,-0.4212,0.0,-5.2977,-5.2977,-344.35,50.0,-394.35,2.0994,65
long,2022-07-22 10:05:00+05:30,2022-07-22 10:35:00+05:30,16643.55,16621.751881500604,16621.751881500604,16621.751881500604,False,-21.8,8.7,23.1,STOP_LOSS,30,-21.7981,0.2,0.186921,0.0006,-10.53,-4.2313,9.2656,-0.8424,0.0,-5.0737,-5.0737,-329.79,50.0,-379.79,4.1857,65
short,2022-07-25 10:10:00+05:30,2022-07-25 11:20:00+05:30,16622.25,16573.73955194107,16640.56467145919,16573.73955194107,True,48.51,57.75,9.15,TRAIL_SL,70,-48.5104,-0.2,-0.229106,0.0006,-10.53,10.3375,45.8886,-1.9656,0.0,8.3719,8.3719,544.17,50.0,494.17,-9.6872,65
long,2022-07-25 14:50:00+05:30,2022-07-25 15:10:00+05:30,16661.35,16643.60840214211,16643.60840214211,16643.60840214211,False,-17.74,7.35,30.05,STOP_LOSS,20,-17.7416,0.2,0.189355,0.0006,-10.53,-3.4633,6.1379,-0.5616,0.0,-4.0249,-4.0249,-261.62,50.0,-311.62,2.7963,65
short,2022-07-26 10:20:00+05:30,2022-07-26 12:20:00+05:30,16532.75,16544.526830398467,16544.526830398467,16544.526830398467,False,-11.78,36.75,15.55,STOP_LOSS,120,11.7768,-0.2,-0.192934,0.0006,-10.53,-2.3179,2.7045,-3.3696,0.0,-5.6875,-5.6875,-369.69,50.0,-419.69,-16.4425,65
short,2022-07-27 09:45:00+05:30,2022-07-27 09:50:00+05:30,16468.25,16482.854466158282,16482.854466158282,16482.854466158282,False,-14.6,0.95,24.4,STOP_LOSS,5,14.6045,-0.2,-0.191237,0.0006,-10.53,-2.8633,4.1592,-0.1404,0.0,-3.0037,-3.0037,-195.24,50.0,-245.24,-0.7013,65
long,2022-07-27 14:40:00+05:30,2022-07-28 09:35:00+05:30,16601.9,16764.73483899131,16586.018908495498,16764.73483899131,True,162.83,189.15,9.6,TRAIL_SL,1135,162.8348,0.2,0.297701,0.0006,-10.53,39.7261,517.0461,-31.8708,0.0,7.8553,7.8553,510.59,50.0,460.59,132.8717,65
long,2022-07-29 10:10:00+05:30,2022-07-29 10:25:00+05:30,17109.3,17083.162335300098,17083.162335300098,17083.162335300098,False,-26.14,12.85,76.35,STOP_LOSS,15,-26.1377,0.2,0.184317,0.0006,-10.53,-5.0431,13.322,-0.4212,0.0,-5.4643,-5.4643,-355.18,50.0,-405.18,2.0994,65
long,2022-08-01 14:30:00+05:30,2022-08-01 15:10:00+05:30,17308.15,17343.07932562208,17296.0536571669,17343.07932562208,True,34.93,47.5,7.1,TRAIL_SL,40,34.9293,0.2,0.220958,0.0006,-10.53,7.3153,23.7911,-1.1232,0.0,6.1921,6.1921,402.49,50.0,352.49,5.5695,65
short,2022-08-03 10:00:00+05:30,2022-08-03 11:35:00+05:30,17309.4,17244.11430869848,17331.46159581114,17244.11430869848,True,65.29,83.4,7.9,TRAIL_SL,95,-65.2857,-0.2,-0.239171,0.0006,-10.53,14.2079,83.1133,-2.6676,0.0,11.5403,11.5403,750.12,50.0,700.12,-13.0813,65
long,2022-08-04 10:00:00+05:30,2022-08-04 10:10:00+05:30,17459.7,17436.189616938133,17436.189616938133,17436.189616938133,False,-23.51,4.0,31.0,STOP_LOSS,10,-23.5104,0.2,0.185894,0.0006,-10.53,-4.5528,10.7784,-0.2808,0.0,-4.8336,-4.8336,-314.19,50.0,-364.19,1.4011,65
long,2022-08-04 10:15:00+05:30,2022-08-04 10:25:00+05:30,17446.2,17423.750153603876,17423.750153603876,17423.750153603876,False,-22.45,1.95,26.4,STOP_LOSS,10,-22.4498,0.2,0.18653,0.0006,-10.53,-4.3539,9.8279,-0.2808,0.0,-4.6347,-4.6347,-301.25,50.0,-351.25,1.4011,65
long,2022-08-05 09:40:00+05:30,2022-08-05 11:15:00+05:30,17417.85,17458.278320165173,17383.109088396843,17458.278320165173,True,40.43,56.25,24.9,TRAIL_SL,95,40.4283,0.2,0.224257,0.0006,-10.53,8.527,31.8718,-2.6676,0.0,5.8594,5.8594,380.86,50.0,330.86,13.0813,65
short,2022-08-05 14:55:00+05:30,2022-08-05 15:00:00+05:30,17387.8,17404.04622710573,17404.04622710573,17404.04622710573,False,-16.25,0.0,29.0,STOP_LOSS,5,16.2462,-0.2,-0.190252,0.0006,-10.53,-3.178,5.1468,-0.1404,0.0,-3.3184,-3.3184,-215.69,50.0,-265.69,-0.7013,65
long,2022-08-08 09:50:00+05:30,2022-08-08 10:55:00+05:30,17420.7,17465.629534948643,17391.678371033773,17465.629534948643,True,44.93,57.55,6.2,TRAIL_SL,65,44.9295,0.2,0.226958,0.0006,-10.53,9.5309,39.3639,-1.8252,0.0,7.7057,7.7057,500.87,50.0,450.87,9.0044,65
short,2022-08-10 10:05:00+05:30,2022-08-10 10:10:00+05:30,17476.05,17495.885825407644,17495.885825407644,17495.885825407644,False,-19.84,2.8,28.9,STOP_LOSS,5,19.8358,-0.2,-0.188099,0.0006,-10.53,-3.8609,7.6725,-0.1404,0.0,-4.0013,-4.0013,-260.09,50.0,-310.09,-0.7013,65
long,2022-08-10 14:35:00+05:30,2022-08-10 15:15:00+05:30,17521.7,17534.0,17506.326387933772,17506.326387933772,False,12.3,25.1,8.65,SOFT_EOD_EXIT,40,12.3,0.2,0.20738,0.0006,-10.53,2.5008,2.9502,-1.1232,0.0,1.3776,1.3776,89.55,50.0,39.55,5.5695,65
long,2022-08-11 10:10:00+05:30,2022-08-11 13:25:00+05:30,17673.2,17650.886574411375,17650.886574411375,17650.886574411375,False,-22.31,21.8,38.8,STOP_LOSS,195,-22.3134,0.2,0.186612,0.0006,-10.53,-4.3283,9.7088,-5.4756,0.0,-9.8039,-9.8039,-637.25,50.0,-687.25,26.3375,65
long,2022-08-19 09:30:00+05:30,2022-08-19 10:50:00+05:30,17957.6,17936.525770993903,17936.525770993903,17936.525770993903,False,-21.07,14.55,23.35,STOP_LOSS,80,-21.0742,0.2,0.187355,0.0006,-10.53,-4.0949,8.6604,-2.2464,0.0,-6.3413,-6.3413,-412.19,50.0,-462.19,11.0489,65
short,2022-08-23 09:30:00+05:30,2022-08-23 09:35:00+05:30,17485.15,17513.643764585166,17513.643764585166,17513.643764585166,False,-28.49,5.95,46.6,STOP_LOSS,5,28.4938,-0.2,-0.182904,0.0006,-10.53,-5.4795,15.8319,-0.1404,0.0,-5.6199,-5.6199,-365.3,50.0,-415.3,-0.7013,65
short,2022-08-24 09:55:00+05:30,2022-08-24 10:00:00+05:30,17536.3,17560.492056896437,17560.492056896437,17560.492056896437,False,-24.19,5.3,27.35,STOP_LOSS,5,24.1921,-0.2,-0.185485,0.0006,-10.53,-4.6804,11.4125,-0.1404,0.0,-4.8208,-4.8208,-313.35,50.0,-363.35,-0.7013,65
long,2022-08-25 10:10:00+05:30,2022-08-25 11:15:00+05:30,17694.35,17675.957463274444,17675.957463274444,17675.957463274444,False,-18.39,8.0,27.0,STOP_LOSS,65,-18.3925,0.2,0.188964,0.0006,-10.53,-3.5872,6.5966,-1.8252,0.0,-5.4124,-5.4124,-351.8,50.0,-401.8,9.0044,65
short,2022-08-29 09:55:00+05:30,2022-08-29 12:25:00+05:30,17315.75,17347.317293658863,17347.317293658863,17347.317293658863,False,-31.57,34.8,36.0,STOP_LOSS,150,31.5673,-0.2,-0.18106,0.0006,-10.53,-6.0444,19.4316,-4.212,0.0,-10.2564,-10.2564,-666.67,50.0,-716.67,-20.4337,65
short,2022-09-01 09:40:00+05:30,2022-09-01 10:15:00+05:30,17629.7,17661.439887297613,17661.439887297613,17661.439887297613,False,-31.74,42.5,49.1,STOP_LOSS,35,31.7399,-0.2,-0.180956,0.0006,-10.53,-6.076,19.6447,-0.9828,0.0,-7.0588,-7.0588,-458.82,50.0,-508.82,-4.8783,65
long,2022-09-06 09:30:00+05:30,2022-09-06 10:05:00+05:30,17696.85,17665.683472652705,17665.683472652705,17665.683472652705,False,-31.17,21.05,53.05,STOP_LOSS,35,-31.1665,0.2,0.1813,0.0006,-10.53,-5.971,18.9414,-0.9828,0.0,-6.9538,-6.9538,-452.0,50.0,-502.0,4.8783,65
short,2022-09-07 10:00:00+05:30,2022-09-07 11:50:00+05:30,17583.25,17602.408326264995,17602.408326264995,17602.408326264995,False,-19.16,49.95,21.1,STOP_LOSS,110,19.1583,-0.2,-0.188505,0.0006,-10.53,-3.7326,7.1573,-3.0888,0.0,-6.8214,-6.8214,-443.39,50.0,-493.39,-15.1019,65
long,2022-09-08 10:05:00+05:30,2022-09-08 11:15:00+05:30,17760.0,17735.442968206757,17735.442968206757,17735.442968206757,False,-24.56,27.15,36.3,STOP_LOSS,70,-24.557,0.2,0.185266,0.0006,-10.53,-4.7486,11.7594,-1.9656,0.0,-6.7142,-6.7142,-436.42,50.0,-486.42,9.6872,65
short,2022-09-14 10:05:00+05:30,2022-09-14 11:05:00+05:30,17924.2,17946.233284864567,17946.233284864567,17946.233284864567,False,-22.03,21.15,33.1,STOP_LOSS,60,22.0333,-0.2,-0.18678,0.0006,-10.53,-4.2756,9.4666,-1.6848,0.0,-5.9604,-5.9604,-387.42,50.0,-437.42,-8.3202,65
long,2022-09-14 14:50:00+05:30,2022-09-14 15:00:00+05:30,18068.0,18048.887349205754,18048.887349205754,18048.887349205754,False,-19.11,7.35,48.0,STOP_LOSS,10,-19.1127,0.2,0.188532,0.0006,-10.53,-3.7239,7.1232,-0.2808,0.0,-4.0047,-4.0047,-260.31,50.0,-310.31,1.4011,65
short,2022-09-15 10:20:00+05:30,2022-09-15 11:20:00+05:30,17987.7,17901.62760947878,18008.907942945407,17901.62760947878,True,86.07,122.05,3.1,TRAIL_SL,60,-86.0724,-0.2,-0.251643,0.0006,-10.53,19.2148,144.4649,-1.6848,0.0,17.53,17.53,1139.45,50.0,1089.45,-8.3202,65
short,2022-09-16 14:45:00+05:30,2022-09-16 15:15:00+05:30,17574.5,17527.95,17595.33432280269,17595.33432280269,False,46.55,75.8,44.4,SOFT_EOD_EXIT,30,-46.55,-0.2,-0.22793,0.0006,-10.53,9.8951,42.2546,-0.8424,0.0,9.0527,9.0527,588.42,50.0,538.42,-4.1857,65
short,2022-09-21 10:15:00+05:30,2022-09-21 10:30:00+05:30,17786.5,17806.402809564435,17806.402809564435,17806.402809564435,False,-19.9,5.3,26.1,STOP_LOSS,15,19.9028,-0.2,-0.188058,0.0006,-10.53,-3.8736,7.7244,-0.4212,0.0,-4.2948,-4.2948,-279.16,50.0,-329.16,-2.0994,65
short,2022-09-22 09:30:00+05:30,2022-09-22 10:45:00+05:30,17686.75,17627.49085793643,17712.97079864478,17627.49085793643,True,59.26,89.15,20.8,TRAIL_SL,75,-59.2591,-0.2,-0.235555,0.0006,-10.53,12.8,68.4771,-2.106,0.0,10.694,10.694,695.11,50.0,645.11,-10.3687,65
short,2022-09-23 14:35:00+05:30,2022-09-23 15:15:00+05:30,17340.1,17335.5,17358.37084057809,17358.37084057809,False,4.6,27.0,26.5,SOFT_EOD_EXIT,40,-4.6,-0.2,-0.20276,0.0006,-10.53,0.9257,0.4126,-1.1232,0.0,-0.1975,-0.1975,-12.84,50.0,-62.84,-5.5695,65
short,2022-09-28 09:45:00+05:30,2022-09-28 10:00:00+05:30,16920.5,16953.570350449292,16953.570350449292,16953.570350449292,False,-33.07,13.6,37.05,STOP_LOSS,15,33.0704,-0.2,-0.180158,0.0006,-10.53,-6.3188,21.3261,-0.4212,0.0,-6.74,-6.74,-438.1,50.0,-488.1,-2.0994,65
short,2022-09-30 09:35:00+05:30,2022-09-30 09:45:00+05:30,16794.65,16821.029909691482,16821.029909691482,16821.029909691482,False,-26.38,0.0,41.8,STOP_LOSS,10,26.3799,-0.2,-0.184172,0.0006,-10.53,-5.0881,13.57,-0.2808,0.0,-5.3689,-5.3689,-348.98,50.0,-398.98,-1.4011,65
short,2022-09-30 09:50:00+05:30,2022-09-30 10:00:00+05:30,16810.6,16834.75885528657,16834.75885528657,16834.75885528657,False,-24.16,16.7,33.5,STOP_LOSS,10,24.1589,-0.2,-0.185505,0.0006,-10.53,-4.6742,11.3812,-0.2808,0.0,-4.955,-4.955,-322.07,50.0,-372.07,-1.4011,65
short,2022-10-03 10:20:00+05:30,2022-10-03 11:20:00+05:30,16995.3,17020.280743656323,17020.280743656323,17020.280743656323,False,-24.98,48.95,45.15,STOP_LOSS,60,24.9807,-0.2,-0.185012,0.0006,-10.53,-4.8277,12.1687,-1.6848,0.0,-6.5125,-6.5125,-423.31,50.0,-473.31,-8.3202,65
short,2022-10-06 14:45:00+05:30,2022-10-06 15:15:00+05:30,17349.45,17328.6,17362.26060920037,17362.26060920037,False,20.85,28.3,14.65,SOFT_EOD_EXIT,30,-20.85,-0.2,-0.21251,0.0006,-10.53,4.2874,8.4771,-0.8424,0.0,3.445,3.445,223.92,50.0,173.92,-4.1857,65
short,2022-10-07 09:45:00+05:30,2022-10-07 09:50:00+05:30,17280.55,17298.26338829203,17298.26338829203,17298.26338829203,False,-17.71,1.45,22.0,STOP_LOSS,5,17.7134,-0.2,-0.189372,0.0006,-10.53,-3.458,6.1184,-0.1404,0.0,-3.5984,-3.5984,-233.89,50.0,-283.89,-0.7013,65
short,2022-10-10 10:20:00+05:30,2022-10-10 11:10:00+05:30,17104.9,17121.404990740117,17121.404990740117,17121.404990740117,False,-16.5,21.45,24.0,STOP_LOSS,50,16.505,-0.2,-0.190097,0.0006,-10.53,-3.2274,5.3121,-1.404,0.0,-4.6314,-4.6314,-301.04,50.0,-351.04,-6.9476,65
short,2022-10-11 10:10:00+05:30,2022-10-11 12:00:00+05:30,17175.25,17192.155940165674,17192.155940165674,17192.155940165674,False,-16.91,58.45,37.4,STOP_LOSS,110,16.9059,-0.2,-0.189856,0.0006,-10.53,-3.304,5.5733,-3.0888,0.0,-6.3928,-6.3928,-415.53,50.0,-465.53,-15.1019,65
short,2022-10-12 10:15:00+05:30,2022-10-12 10:25:00+05:30,17019.7,17039.765507873242,17039.765507873242,17039.765507873242,False,-20.07,6.0,26.2,STOP_LOSS,10,20.0655,-0.2,-0.187961,0.0006,-10.53,-3.9044,7.8512,-0.2808,0.0,-4.1852,-4.1852,-272.04,50.0,-322.04,-1.4011,65
short,2022-10-14 14:45:00+05:30,2022-10-14 15:20:00+05:30,17233.9,17193.703989164518,17250.27180330563,17193.703989164518,True,40.2,63.8,6.0,TRAIL_SL,35,-40.196,-0.2,-0.224118,0.0006,-10.53,8.4754,31.5065,-0.9828,0.0,7.4926,7.4926,487.02,50.0,437.02,-4.8783,65
short,2022-10-17 09:45:00+05:30,2022-10-17 10:00:00+05:30,17149.0,17169.969488111576,17169.969488111576,17169.969488111576,False,-20.97,4.4,49.9,STOP_LOSS,15,20.9695,-0.2,-0.187418,0.0006,-10.53,-4.0752,8.5745,-0.4212,0.0,-4.4964,-4.4964,-292.26,50.0,-342.26,-2.0994,65
short,2022-10-20 10:05:00+05:30,2022-10-20 10:40:00+05:30,17469.55,17485.479222512862,17485.479222512862,17485.479222512862,False,-15.93,10.4,36.4,STOP_LOSS,35,15.9292,-0.2,-0.190442,0.0006,-10.53,-3.1173,4.9479,-0.9828,0.0,-4.1001,-4.1001,-266.51,50.0,-316.51,-4.8783,65
long,2022-10-21 09:45:00+05:30,2022-10-21 11:45:00+05:30,17621.9,17661.82120829968,17597.48103573678,17661.82120829968,True,39.92,47.85,0.85,TRAIL_SL,120,39.9212,0.2,0.223953,0.0006,-10.53,8.4145,31.0772,-3.3696,0.0,5.0449,5.0449,327.92,50.0,277.92,16.4425,65
short,2022-10-21 14:55:00+05:30,2022-10-21 15:05:00+05:30,17550.85,17565.887689757234,17565.887689757234,17565.887689757234,False,-15.04,5.65,27.1,STOP_LOSS,10,15.0377,-0.2,-0.190977,0.0006,-10.53,-2.9465,4.4096,-0.2808,0.0,-3.2273,-3.2273,-209.77,50.0,-259.77,-1.4011,65
long,2022-10-27 09:50:00+05:30,2022-10-27 11:15:00+05:30,17748.55,17723.58939118449,17723.58939118449,17723.58939118449,False,-24.96,5.05,30.15,STOP_LOSS,85,-24.9606,0.2,0.185024,0.0006,-10.53,-4.8239,12.1491,-2.3868,0.0,-7.2107,-7.2107,-468.7,50.0,-518.7,11.7277,65
long,2022-10-28 10:25:00+05:30,2022-10-28 10:45:00+05:30,17815.45,17793.486736839437,17793.486736839437,17793.486736839437,False,-21.96,17.1,28.5,STOP_LOSS,20,-21.9633,0.2,0.186822,0.0006,-10.53,-4.2624,9.4065,-0.5616,0.0,-4.824,-4.824,-313.56,50.0,-363.56,2.7963,65
short,2022-11-03 09:35:00+05:30,2022-11-03 10:10:00+05:30,18056.35,18074.923217739903,18074.923217739903,18074.923217739903,False,-18.57,11.7,24.95,STOP_LOSS,35,18.5732,-0.2,-0.188856,0.0006,-10.53,-3.6215,6.7268,-0.9828,0.0,-4.6043,-4.6043,-299.28,50.0,-349.28,-4.8783,65
long,2022-11-07 09:45:00+05:30,2022-11-07 10:15:00+05:30,18163.45,18137.405397847237,18137.405397847237,18137.405397847237,False,-26.04,6.0,33.95,STOP_LOSS,30,-26.0446,0.2,0.184373,0.0006,-10.53,-5.0258,13.2273,-0.8424,0.0,-5.8682,-5.8682,-381.43,50.0,-431.43,4.1857,65
long,2022-11-09 09:35:00+05:30,2022-11-09 10:50:00+05:30,18223.6,18195.87209029335,18195.87209029335,18195.87209029335,False,-27.73,29.15,30.25,STOP_LOSS,75,-27.7279,0.2,0.183363,0.0006,-10.53,-5.338,14.9923,-2.106,0.0,-7.444,-7.444,-483.86,50.0,-533.86,10.3687,65
short,2022-11-10 10:15:00+05:30,2022-11-10 11:30:00+05:30,18039.35,18053.33582307411,18053.33582307411,18053.33582307411,False,-13.99,11.95,21.95,STOP_LOSS,75,13.9858,-0.2,-0.191609,0.0006,-10.53,-2.7444,3.8143,-2.106,0.0,-4.8504,-4.8504,-315.27,50.0,-365.27,-10.3687,65
long,2022-11-11 10:25:00+05:30,2022-11-11 12:50:00+05:30,18298.4,18337.60144157071,18272.50384352901,18337.60144157071,True,39.2,48.45,17.1,TRAIL_SL,145,39.2014,0.2,0.223521,0.0006,-10.53,8.2552,29.9667,-4.0716,0.0,4.1836,4.1836,271.93,50.0,221.93,19.7716,65
long,2022-11-14 09:30:00+05:30,2022-11-14 10:15:00+05:30,18371.3,18349.441179836544,18349.441179836544,18349.441179836544,False,-21.86,27.5,40.9,STOP_LOSS,45,-21.8588,0.2,0.186885,0.0006,-10.53,-4.2428,9.3173,-1.2636,0.0,-5.5064,-5.5064,-357.91,50.0,-407.91,6.2592,65
long,2022-11-16 09:35:00+05:30,2022-11-16 11:00:00+05:30,18378.3,18427.866496472638,18354.091578512973,18427.866496472638,True,49.57,60.05,20.7,TRAIL_SL,85,49.5665,0.2,0.22974,0.0006,-10.53,10.5766,47.9083,-2.3868,0.0,8.1898,8.1898,532.34,50.0,482.34,11.7277,65
short,2022-11-16 14:50:00+05:30,2022-11-16 14:55:00+05:30,18379.8,18391.95081146549,18391.95081146549,18391.95081146549,False,-12.15,0.3,24.3,STOP_LOSS,5,12.1508,-0.2,-0.19271,0.0006,-10.53,-2.3903,2.879,-0.1404,0.0,-2.5307,-2.5307,-164.5,50.0,-214.5,-0.7013,65
short,2022-11-18 10:25:00+05:30,2022-11-18 11:20:00+05:30,18296.65,18235.734931093248,18307.75283152505,18235.734931093248,True,60.92,74.35,3.65,TRAIL_SL,55,-60.9151,-0.2,-0.236549,0.0006,-10.53,13.1849,72.3576,-1.5444,0.0,11.6405,11.6405,756.63,50.0,706.63,-7.6346,65
short,2022-11-21 10:10:00+05:30,2022-11-21 15:15:00+05:30,18179.05,18156.35,18192.254096703837,18192.254096703837,False,22.7,45.15,10.9,SOFT_EOD_EXIT,305,-22.7,-0.2,-0.21362,0.0006,-10.53,4.6791,10.0482,-8.5644,0.0,-3.8853,-3.8853,-252.54,50.0,-302.54,-40.3766,65
long,2022-11-23 09:40:00+05:30,2022-11-23 10:20:00+05:30,18277.4,18257.39053986516,18257.39053986516,18257.39053986516,False,-20.01,11.15,20.8,STOP_LOSS,40,-20.0095,0.2,0.187994,0.0006,-10.53,-3.8938,7.8074,-1.1232,0.0,-5.017,-5.017,-326.1,50.0,-376.1,5.5695,65
long,2022-11-25 09:30:00+05:30,2022-11-25 14:10:00+05:30,18466.15,18499.31230294015,18435.925133376826,18499.31230294015,True,33.16,46.35,20.65,TRAIL_SL,280,33.1623,0.2,0.219897,0.0006,-10.53,6.9294,21.4449,-7.8624,0.0,-0.933,-0.933,-60.65,50.0,-110.65,37.2326,65
long,2022-11-28 09:55:00+05:30,2022-11-28 12:35:00+05:30,18531.25,18591.957009291382,18509.98471094077,18591.957009291382,True,60.71,71.3,0.5,TRAIL_SL,160,60.707,0.2,0.236424,0.0006,-10.53,13.1364,71.8641,-4.4928,0.0,8.6436,8.6436,561.84,50.0,511.84,21.7541,65
short,2022-11-29 14:55:00+05:30,2022-11-29 15:15:00+05:30,18634.05,18616.1,18643.207422231557,18643.207422231557,False,17.95,19.9,5.6,SOFT_EOD_EXIT,20,-17.95,-0.2,-0.21077,0.0006,-10.53,3.677,6.2829,-0.5616,0.0,3.1154,3.1154,202.5,50.0,152.5,-2.7963,65
long,2022-12-01 09:45:00+05:30,2022-12-01 13:30:00+05:30,18840.8,18812.18159658114,18812.18159658114,18812.18159658114,False,-28.62,14.9,44.25,STOP_LOSS,225,-28.6184,0.2,0.182829,0.0006,-10.53,-5.5025,15.9708,-6.318,0.0,-11.8205,-11.8205,-768.34,50.0,-818.34,30.2201,65
short,2022-12-06 10:00:00+05:30,2022-12-06 10:35:00+05:30,18621.95,18638.0853767659,18638.0853767659,18638.0853767659,False,-16.14,1.65,18.5,STOP_LOSS,35,16.1354,-0.2,-0.190319,0.0006,-10.53,-3.1568,5.0768,-0.9828,0.0,-4.1396,-4.1396,-269.07,50.0,-319.07,-4.8783,65
short,2022-12-09 14:40:00+05:30,2022-12-09 14:45:00+05:30,18447.25,18461.48812367874,18461.48812367874,18461.48812367874,False,-14.24,0.5,15.6,STOP_LOSS,5,14.2381,-0.2,-0.191457,0.0006,-10.53,-2.7929,3.9531,-0.1404,0.0,-2.9333,-2.9333,-190.66,50.0,-240.66,-0.7013,65
short,2022-12-12 09:35:00+05:30,2022-12-12 09:40:00+05:30,18429.75,18453.795297117907,18453.795297117907,18453.795297117907,False,-24.05,0.85,37.75,STOP_LOSS,5,24.0453,-0.2,-0.185573,0.0006,-10.53,-4.653,11.2744,-0.1404,0.0,-4.7934,-4.7934,-311.57,50.0,-361.57,-0.7013,65
long,2022-12-14 09:55:00+05:30,2022-12-14 13:45:00+05:30,18669.3,18650.162943311036,18650.162943311036,18650.162943311036,False,-19.14,23.0,26.75,STOP_LOSS,230,-19.1371,0.2,0.188518,0.0006,-10.53,-3.7285,7.1414,-6.4584,0.0,-10.1869,-10.1869,-662.15,50.0,-712.15,30.8632,65
short,2022-12-15 10:20:00+05:30,2022-12-15 13:00:00+05:30,18586.55,18526.849169985737,18597.34735693239,18526.849169985737,True,59.7,70.9,7.15,TRAIL_SL,160,-59.7008,-0.2,-0.23582,0.0006,-10.53,12.9025,69.5017,-4.4928,0.0,8.4097,8.4097,546.63,50.0,496.63,-21.7541,65
long,2022-12-21 09:45:00+05:30,2022-12-21 10:00:00+05:30,18409.6,18377.962284696878,18377.962284696878,18377.962284696878,False,-31.64,0.9,45.35,STOP_LOSS,15,-31.6377,0.2,0.181017,0.0006,-10.53,-6.0573,19.5184,-0.4212,0.0,-6.4785,-6.4785,-421.1,50.0,-471.1,2.0994,65
long,2022-12-21 10:05:00+05:30,2022-12-21 10:20:00+05:30,18394.25,18364.673279668692,18364.673279668692,18364.673279668692,False,-29.58,11.25,46.75,STOP_LOSS,15,-29.5767,0.2,0.182254,0.0006,-10.53,-5.6792,17.0583,-0.4212,0.0,-6.1004,-6.1004,-396.52,50.0,-446.52,2.0994,65
short,2022-12-22 09:30:00+05:30,2022-12-22 09:45:00+05:30,18211.15,18240.010387342736,18240.010387342736,18240.010387342736,False,-28.86,39.05,47.2,STOP_LOSS,15,28.8604,-0.2,-0.182684,0.0006,-10.53,-5.5472,16.242,-0.4212,0.0,-5.9684,-5.9684,-387.95,50.0,-437.95,-2.0994,65
short,2022-12-23 14:40:00+05:30,2022-12-23 15:10:00+05:30,17854.1,17803.01465966829,17869.596817895865,17803.01465966829,True,51.09,73.65,1.75,TRAIL_SL,30,-51.0853,-0.2,-0.230651,0.0006,-10.53,10.9217,50.8894,-0.8424,0.0,10.0793,10.0793,655.15,50.0,605.15,-4.1857,65
short,2022-12-27 09:55:00+05:30,2022-12-27 10:25:00+05:30,18002.2,18030.143736865804,18030.143736865804,18030.143736865804,False,-27.94,23.1,32.2,STOP_LOSS,30,27.9437,-0.2,-0.183234,0.0006,-10.53,-5.3779,15.2266,-0.8424,0.0,-6.2203,-6.2203,-404.32,50.0,-454.32,-4.1857,65
long,2022-12-28 10:15:00+05:30,2022-12-28 10:20:00+05:30,18133.85,18110.722411391576,18110.722411391576,18110.722411391576,False,-23.13,0.0,33.5,STOP_LOSS,5,-23.1276,0.2,0.186123,0.0006,-10.53,-4.4811,10.4303,-0.1404,0.0,-4.6215,-4.6215,-300.4,50.0,-350.4,0.7013,65
long,2022-12-30 09:30:00+05:30,2022-12-30 09:40:00+05:30,18214.3,18244.23571853668,18183.542427392345,18244.23571853668,True,29.94,50.3,2.35,TRAIL_SL,10,29.9357,0.2,0.217961,0.0006,-10.53,6.2291,17.4749,-0.2808,0.0,5.9483,5.9483,386.64,50.0,336.64,1.4011,65
long,2022-12-30 10:00:00+05:30,2022-12-30 11:45:00+05:30,18234.8,18206.79288699955,18206.79288699955,18206.79288699955,False,-28.01,17.65,31.15,STOP_LOSS,105,-28.0071,0.2,0.183196,0.0006,-10.53,-5.3896,15.2958,-2.9484,0.0,-8.338,-8.338,-541.97,50.0,-591.97,14.4297,65
short,2023-01-02 09:30:00+05:30,2023-01-02 09:40:00+05:30,18123.05,18147.620303462907,18147.620303462907,18147.620303462907,False,-24.57,9.85,27.25,STOP_LOSS,10,24.5703,-0.2,-0.185258,0.0006,-10.53,-4.7511,11.7721,-0.2808,0.0,-5.0319,-5.0319,-327.07,50.0,-377.07,-1.4011,65
short,2023-01-02 14:30:00+05:30,2023-01-02 14:45:00+05:30,18158.75,18170.797729870796,18170.797729870796,18170.797729870796,False,-12.05,12.9,37.9,STOP_LOSS,15,12.0477,-0.2,-0.192771,0.0006,-10.53,-2.3704,2.8304,-0.4212,0.0,-2.7916,-2.7916,-181.45,50.0,-231.45,-2.0994,65
long,2023-01-03 14:55:00+05:30,2023-01-03 15:15:00+05:30,18231.65,18233.65,18216.841052488013,18216.841052488013,False,2.0,11.35,19.75,SOFT_EOD_EXIT,20,2.0,0.2,0.2012,0.0006,-10.53,0.4011,0.078,-0.5616,0.0,-0.1605,-0.1605,-10.43,50.0,-60.43,2.7963,65
short,2023-01-04 10:20:00+05:30,2023-01-04 10:30:00+05:30,18147.65,18161.07879223005,18161.07879223005,18161.07879223005,False,-13.43,3.9,16.35,STOP_LOSS,10,13.4288,-0.2,-0.191943,0.0006,-10.53,-2.6371,3.5165,-0.2808,0.0,-2.9179,-2.9179,-189.66,50.0,-239.66,-1.4011,65
short,2023-01-05 10:00:00+05:30,2023-01-05 12:45:00+05:30,18045.3,17949.58045511164,18066.462443359615,17949.58045511164,True,95.72,110.3,39.1,TRAIL_SL,165,-95.7195,-0.2,-0.257432,0.0006,-10.53,21.6177,178.6635,-4.6332,0.0,16.9845,16.9845,1103.99,50.0,1053.99,-22.4125,65
short,2023-01-06 14:40:00+05:30,2023-01-06 14:50:00+05:30,17831.85,17846.9896505158,17846.9896505158,17846.9896505158,False,-15.14,3.95,25.9,STOP_LOSS,10,15.1397,-0.2,-0.190916,0.0006,-10.53,-2.966,4.4696,-0.2808,0.0,-3.2468,-3.2468,-211.04,50.0,-261.04,-1.4011,65
short,2023-01-10 10:15:00+05:30,2023-01-10 12:00:00+05:30,18004.7,17941.64683777433,18019.90462446604,17941.64683777433,True,63.05,77.45,3.8,TRAIL_SL,105,-63.0532,-0.2,-0.237832,0.0006,-10.53,13.6841,77.5262,-2.9484,0.0,10.7357,10.7357,697.82,50.0,647.82,-14.4297,65
short,2023-01-10 14:45:00+05:30,2023-01-10 14:55:00+05:30,17876.9,17891.675787246826,17891.675787246826,17891.675787246826,False,-14.78,1.15,27.75,STOP_LOSS,10,14.7758,-0.2,-0.191135,0.0006,-10.53,-2.8962,4.2573,-0.2808,0.0,-3.177,-3.177,-206.51,50.0,-256.51,-1.4011,65
long,2023-01-16 09:35:00+05:30,2023-01-16 11:15:00+05:30,17987.5,17951.780620280413,17951.780620280413,17951.780620280413,False,-35.72,8.15,53.8,STOP_LOSS,100,-35.7194,0.2,0.178568,0.0006,-10.53,-6.7994,24.8795,-2.808,0.0,-9.6074,-9.6074,-624.48,50.0,-674.48,13.7562,65
short,2023-01-16 14:30:00+05:30,2023-01-16 15:15:00+05:30,17885.85,17896.75,17898.295324151506,17898.295324151506,False,-10.9,26.9,16.9,SOFT_EOD_EXIT,45,10.9,-0.2,-0.19346,0.0006,-10.53,-2.1479,2.3168,-1.2636,0.0,-3.4115,-3.4115,-221.75,50.0,-271.75,-6.2592,65
long,2023-01-18 09:30:00+05:30,2023-01-18 10:15:00+05:30,18058.1,18118.370674524973,18030.185900590932,18118.370674524973,True,60.27,73.5,0.25,TRAIL_SL,45,60.2707,0.2,0.236162,0.0006,-10.53,13.0349,70.8348,-1.2636,0.0,11.7713,11.7713,765.14,50.0,715.14,6.2592,65
long,2023-01-18 10:25:00+05:30,2023-01-18 11:45:00+05:30,18107.55,18163.683409505145,18088.43574716475,18163.683409505145,True,56.13,65.4,6.3,TRAIL_SL,80,56.1334,0.2,0.23368,0.0006,-10.53,12.0774,61.4437,-2.2464,0.0,9.831,9.831,639.02,50.0,589.02,11.0489,65
short,2023-01-19 10:20:00+05:30,2023-01-19 10:25:00+05:30,18086.5,18099.350031971546,18099.350031971546,18099.350031971546,False,-12.85,0.6,14.1,STOP_LOSS,5,12.85,-0.2,-0.19229,0.0006,-10.53,-2.5254,3.2199,-0.1404,0.0,-2.6658,-2.6658,-173.28,50.0,-223.28,-0.7013,65
short,2023-01-20 14:45:00+05:30,2023-01-20 15:15:00+05:30,18042.05,18025.15,18053.12130480532,18053.12130480532,False,16.9,22.0,13.95,SOFT_EOD_EXIT,30,-16.9,-0.2,-0.21014,0.0006,-10.53,3.4571,5.5694,-0.8424,0.0,2.6147,2.6147,169.96,50.0,119.96,-4.1857,65
long,2023-01-24 09:50:00+05:30,2023-01-24 10:05:00+05:30,18173.1,18149.32114822273,18149.32114822273,18149.32114822273,False,-23.78,0.75,34.55,STOP_LOSS,15,-23.7789,0.2,0.185733,0.0006,-10.53,-4.6031,11.026,-0.4212,0.0,-5.0243,-5.0243,-326.58,50.0,-376.58,2.0994,65
short,2023-01-27 14:40:00+05:30,2023-01-27 15:00:00+05:30,17521.05,17540.410459518895,17540.410459518895,17540.410459518895,False,-19.36,3.7,68.2,STOP_LOSS,20,19.3605,-0.2,-0.188384,0.0006,-10.53,-3.7709,7.3091,-0.5616,0.0,-4.3325,-4.3325,-281.61,50.0,-331.61,-2.7963,65
short,2023-02-02 09:30:00+05:30,2023-02-02 09:40:00+05:30,17557.65,17611.51070961069,17611.51070961069,17611.51070961069,False,-53.86,0.3,92.65,STOP_LOSS,10,53.8607,-0.2,-0.167684,0.0006,-10.53,-9.9889,56.569,-0.2808,0.0,-10.2697,-10.2697,-667.53,50.0,-717.53,-1.4011,65
short,2023-02-02 09:50:00+05:30,2023-02-02 10:40:00+05:30,17583.35,17555.655386780338,17632.793870166734,17555.655386780338,True,27.69,69.5,33.6,TRAIL_SL,50,-27.6946,-0.2,-0.216617,0.0006,-10.53,5.746,14.9563,-1.404,0.0,4.342,4.342,282.23,50.0,232.23,-6.9476,65
long,2023-02-09 14:30:00+05:30,2023-02-09 15:15:00+05:30,17893.35,17893.3,17875.862200613316,17875.862200613316,False,-0.05,10.75,17.05,SOFT_EOD_EXIT,45,-0.05,0.2,0.19997,0.0006,-10.53,-0.01,0.0,-1.2636,0.0,-1.2736,-1.2736,-82.78,50.0,-132.78,6.2592,65
short,2023-02-10 10:15:00+05:30,2023-02-10 10:45:00+05:30,17831.05,17846.65050842754,17846.65050842754,17846.65050842754,False,-15.6,10.45,22.9,STOP_LOSS,30,15.6005,-0.2,-0.19064,0.0006,-10.53,-3.0544,4.7458,-0.8424,0.0,-3.8968,-3.8968,-253.29,50.0,-303.29,-4.1857,65
long,2023-02-14 14:45:00+05:30,2023-02-14 15:10:00+05:30,17939.5,17925.80330094932,17925.80330094932,17925.80330094932,False,-13.7,10.4,15.15,STOP_LOSS,25,-13.6967,0.2,0.191782,0.0006,-10.53,-2.6887,3.6582,-0.702,0.0,-3.3907,-3.3907,-220.39,50.0,-270.39,3.4917,65
long,2023-02-16 10:10:00+05:30,2023-02-16 11:50:00+05:30,18108.65,18087.250897540027,18087.250897540027,18087.250897540027,False,-21.4,16.15,23.9,STOP_LOSS,100,-21.3991,0.2,0.187161,0.0006,-10.53,-4.1562,8.9295,-2.808,0.0,-6.9642,-6.9642,-452.67,50.0,-502.67,13.7562,65
short,2023-02-17 09:35:00+05:30,2023-02-17 13:15:00+05:30,18001.35,17930.62660466135,18018.846120411657,17930.62660466135,True,70.72,88.5,32.35,TRAIL_SL,220,-70.7234,-0.2,-0.242434,0.0006,-10.53,15.4952,97.5351,-6.1776,0.0,9.3176,9.3176,605.64,50.0,555.64,-29.5759,65
short,2023-02-20 14:40:00+05:30,2023-02-20 15:15:00+05:30,17842.15,17843.4,17854.662813663752,17854.662813663752,False,-1.25,14.1,22.0,SOFT_EOD_EXIT,35,1.25,-0.2,-0.19925,0.0006,-10.53,-0.2496,0.0305,-0.9828,0.0,-1.2324,-1.2324,-80.1,50.0,-130.1,-4.8783,65
short,2023-02-27 09:30:00+05:30,2023-02-27 10:20:00+05:30,17433.55,17323.963608208593,17457.917481272154,17323.963608208593,True,109.59,131.85,0.25,TRAIL_SL,50,-109.5864,-0.2,-0.265752,0.0006,-10.53,25.1598,234.179,-1.404,0.0,23.7558,23.7558,1544.12,50.0,1494.12,-6.9476,65
short,2023-02-28 14:35:00+05:30,2023-02-28 14:55:00+05:30,17294.65,17307.95395947214,17307.95395947214,17307.95395947214,False,-13.3,23.65,19.35,STOP_LOSS,20,13.304,-0.2,-0.192018,0.0006,-10.53,-2.613,3.4514,-0.5616,0.0,-3.1746,-3.1746,-206.35,50.0,-256.35,-2.7963,65
long,2023-03-01 14:55:00+05:30,2023-03-01 15:15:00+05:30,17451.1,17450.3,17438.07070644959,17438.07070644959,False,-0.8,10.45,8.2,SOFT_EOD_EXIT,20,-0.8,0.2,0.19952,0.0006,-10.53,-0.1598,0.0125,-0.5616,0.0,-0.7214,-0.7214,-46.89,50.0,-96.89,2.7963,65
short,2023-03-02 10:20:00+05:30,2023-03-02 10:30:00+05:30,17363.5,17378.124246798554,17378.124246798554,17378.124246798554,False,-14.62,2.4,21.8,STOP_LOSS,10,14.6242,-0.2,-0.191225,0.0006,-10.53,-2.8671,4.1704,-0.2808,0.0,-3.1479,-3.1479,-204.61,50.0,-254.61,-1.4011,65
short,2023-03-02 14:35:00+05:30,2023-03-02 15:15:00+05:30,17328.85,17320.85,17339.670286641554,17339.670286641554,False,8.0,14.5,7.0,SOFT_EOD_EXIT,40,-8.0,-0.2,-0.2048,0.0006,-10.53,1.6173,1.248,-1.1232,0.0,0.4941,0.4941,32.12,50.0,-17.88,-5.5695,65
short,2023-03-06 14:45:00+05:30,2023-03-06 15:15:00+05:30,17728.8,17714.0,17739.078363055956,17739.078363055956,False,14.8,25.35,0.4,SOFT_EOD_EXIT,30,-14.8,-0.2,-0.20888,0.0006,-10.53,3.0191,4.2713,-0.8424,0.0,2.1767,2.1767,141.49,50.0,91.49,-4.1857,65
short,2023-03-08 09:30:00+05:30,2023-03-08 14:00:00+05:30,17681.0,17704.649520903837,17704.649520903837,17704.649520903837,False,-23.65,35.1,33.6,STOP_LOSS,270,23.6495,-0.2,-0.18581,0.0006,-10.53,-4.5789,10.9063,-7.5816,0.0,-12.1605,-12.1605,-790.43,50.0,-840.43,-35.9675,65
long,2023-03-08 14:30:00+05:30,2023-03-08 15:25:00+05:30,17704.95,17756.906793958617,17689.38810346846,17756.906793958617,True,51.96,61.45,11.25,TRAIL_SL,55,51.9568,0.2,0.231174,0.0006,-10.53,11.1202,52.6404,-1.5444,0.0,9.5758,9.5758,622.43,50.0,572.43,7.6346,65
short,2023-03-09 14:35:00+05:30,2023-03-09 15:15:00+05:30,17620.55,17579.75,17630.453660309275,17630.453660309275,False,40.8,41.45,3.0,SOFT_EOD_EXIT,40,-40.8,-0.2,-0.22448,0.0006,-10.53,8.6095,32.4605,-1.1232,0.0,7.4863,7.4863,486.61,50.0,436.61,-5.5695,65
short,2023-03-10 10:05:00+05:30,2023-03-10 10:35:00+05:30,17393.35,17412.792034049842,17412.792034049842,17412.792034049842,False,-19.44,11.45,34.05,STOP_LOSS,30,19.442,-0.2,-0.188335,0.0006,-10.53,-3.7863,7.3709,-0.8424,0.0,-4.6287,-4.6287,-300.87,50.0,-350.87,-4.1857,65
long,2023-03-21 14:30:00+05:30,2023-03-21 15:15:00+05:30,17098.5,17103.05,17082.03074971464,17082.03074971464,False,4.55,28.6,3.9,SOFT_EOD_EXIT,45,4.55,0.2,0.20273,0.0006,-10.53,0.9156,0.4037,-1.2636,0.0,-0.348,-0.348,-22.62,50.0,-72.62,6.2592,65
long,2023-03-22 09:30:00+05:30,2023-03-22 15:15:00+05:30,17148.7,17154.4,17117.639089716336,17117.639089716336,False,5.7,31.6,39.9,SOFT_EOD_EXIT,345,5.7,0.2,0.20342,0.0006,-10.53,1.1488,0.6336,-9.6876,0.0,-8.5388,-8.5388,-555.02,50.0,-605.02,45.3527,65
short,2023-03-24 10:00:00+05:30,2023-03-24 11:40:00+05:30,17052.2,17072.63230838653,17072.63230838653,17072.63230838653,False,-20.43,41.4,35.6,STOP_LOSS,100,20.4323,-0.2,-0.187741,0.0006,-10.53,-3.9737,8.1408,-2.808,0.0,-6.7817,-6.7817,-440.81,50.0,-490.81,-13.7562,65
short,2023-03-24 14:55:00+05:30,2023-03-27 09:15:00+05:30,16990.75,16932.751742735592,17005.573157350937,16932.751742735592,True,58.0,72.25,8.65,TRAIL_SL,3980,-57.9983,-0.2,-0.234799,0.0006,-10.53,12.5079,65.5941,-111.7584,0.0,-99.2505,-99.2505,-6451.28,50.0,-6501.28,-362.1083,65
short,2023-03-28 09:30:00+05:30,2023-03-28 10:45:00+05:30,17005.9,16956.61476433827,17028.819781944017,16956.61476433827,True,49.29,62.65,17.9,TRAIL_SL,75,-49.2852,-0.2,-0.229571,0.0006,-10.53,10.5129,47.3662,-2.106,0.0,8.4069,8.4069,546.45,50.0,496.45,-10.3687,65
short,2023-03-28 14:30:00+05:30,2023-03-28 14:40:00+05:30,16933.5,16946.49764169593,16946.49764169593,16946.49764169593,False,-13.0,1.25,13.4,STOP_LOSS,10,12.9976,-0.2,-0.192201,0.0006,-10.53,-2.5539,3.2943,-0.2808,0.0,-2.8347,-2.8347,-184.26,50.0,-234.26,-1.4011,65
long,2023-03-31 10:10:00+05:30,2023-03-31 12:50:00+05:30,17256.9,17315.079460012614,17229.96105343115,17315.079460012614,True,58.18,66.85,23.25,TRAIL_SL,160,58.1795,0.2,0.234908,0.0006,-10.53,12.5498,66.0046,-4.4928,0.0,8.057,8.057,523.71,50.0,473.71,21.7541,65
long,2023-03-31 14:30:00+05:30,2023-03-31 15:15:00+05:30,17354.0,17342.0,17337.51651465362,17337.51651465362,False,-12.0,27.3,12.2,SOFT_EOD_EXIT,45,-12.0,0.2,0.1928,0.0006,-10.53,-2.3611,2.808,-1.2636,0.0,-3.6247,-3.6247,-235.61,50.0,-285.61,6.2592,65
long,2023-04-03 14:55:00+05:30,2023-04-03 15:15:00+05:30,17382.7,17399.8,17366.386413636326,17366.386413636326,False,17.1,27.55,0.95,SOFT_EOD_EXIT,20,17.1,0.2,0.21026,0.0006,-10.53,3.499,5.702,-0.5616,0.0,2.9374,2.9374,190.93,50.0,140.93,2.7963,65
long,2023-04-10 09:30:00+05:30,2023-04-10 09:55:00+05:30,17612.6,17640.1870265202,17589.455997870195,17640.1870265202,True,27.59,47.85,1.55,TRAIL_SL,25,27.587,0.2,0.216552,0.0006,-10.53,5.7229,14.8404,-0.702,0.0,5.0209,5.0209,326.36,50.0,276.36,3.4917,65
long,2023-04-10 09:55:00+05:30,2023-04-10 12:30:00+05:30,17628.85,17678.020523792857,17603.846179301683,17678.020523792857,True,49.17,60.15,22.65,TRAIL_SL,155,49.1705,0.2,0.229502,0.0006,-10.53,10.4869,47.1459,-4.3524,0.0,6.1345,6.1345,398.74,50.0,348.74,21.0945,65
short,2023-04-10 14:40:00+05:30,2023-04-10 15:15:00+05:30,17628.8,17624.0,17639.624976389157,17639.624976389157,False,4.8,10.6,8.9,SOFT_EOD_EXIT,35,-4.8,-0.2,-0.20288,0.0006,-10.53,0.9662,0.4493,-0.9828,0.0,-0.0166,-0.0166,-1.08,50.0,-51.08,-4.8783,65
long,2023-04-11 10:25:00+05:30,2023-04-11 11:10:00+05:30,17722.8,17704.601670467924,17704.601670467924,17704.601670467924,False,-18.2,6.3,21.05,STOP_LOSS,45,-18.1983,0.2,0.189081,0.0006,-10.53,-3.5502,6.458,-1.2636,0.0,-4.8138,-4.8138,-312.9,50.0,-362.9,6.2592,65
long,2023-04-11 14:55:00+05:30,2023-04-11 15:15:00+05:30,17714.4,17726.75,17700.146060855033,17700.146060855033,False,12.35,19.55,3.65,SOFT_EOD_EXIT,20,12.35,0.2,0.20741,0.0006,-10.53,2.5112,2.9742,-0.5616,0.0,1.9496,1.9496,126.72,50.0,76.72,2.7963,65
long,2023-04-12 10:00:00+05:30,2023-04-12 13:40:00+05:30,17755.85,17812.169602451806,17738.814397222195,17812.169602451806,True,56.32,63.2,20.65,TRAIL_SL,220,56.3196,0.2,0.233792,0.0006,-10.53,12.1203,61.852,-6.1776,0.0,5.9427,5.9427,386.28,50.0,336.28,29.5759,65
long,2023-04-13 14:40:00+05:30,2023-04-13 15:25:00+05:30,17795.55,17830.647340631996,17781.554645987253,17830.647340631996,True,35.1,45.95,1.65,TRAIL_SL,45,35.0973,0.2,0.221058,0.0006,-10.53,7.3521,24.0206,-1.2636,0.0,6.0885,6.0885,395.75,50.0,345.75,6.2592,65
short,2023-04-17 10:15:00+05:30,2023-04-17 10:20:00+05:30,17621.05,17638.358083450283,17638.358083450283,17638.358083450283,False,-17.31,0.0,24.2,STOP_LOSS,5,17.3081,-0.2,-0.189615,0.0006,-10.53,-3.3807,5.8416,-0.1404,0.0,-3.5211,-3.5211,-228.87,50.0,-278.87,-0.7013,65
short,2023-04-18 14:35:00+05:30,2023-04-18 14:45:00+05:30,17636.35,17647.811655085417,17647.811655085417,17647.811655085417,False,-11.46,0.45,16.2,STOP_LOSS,10,11.4617,-0.2,-0.193123,0.0006,-10.53,-2.2569,2.5617,-0.2808,0.0,-2.5377,-2.5377,-164.95,50.0,-214.95,-1.4011,65
short,2023-04-19 14:35:00+05:30,2023-04-19 15:00:00+05:30,17606.25,17615.239377099002,17615.239377099002,17615.239377099002,False,-8.99,14.9,11.55,STOP_LOSS,25,8.9894,-0.2,-0.194606,0.0006,-10.53,-1.7761,1.5758,-0.702,0.0,-2.4781,-2.4781,-161.07,50.0,-211.07,-3.4917,65
long,2023-04-24 14:45:00+05:30,2023-04-25 09:15:00+05:30,17710.75,17744.161740552856,17698.122142658707,17744.161740552856,True,33.41,55.3,0.65,TRAIL_SL,1110,33.4117,0.2,0.220047,0.0006,-10.53,6.9838,21.7687,-31.1688,0.0,-24.185,-24.185,-1572.03,50.0,-1622.03,130.3553,65
long,2023-04-25 09:30:00+05:30,2023-04-25 11:25:00+05:30,17737.75,17784.399961048297,17720.068268773903,17784.399961048297,True,46.65,54.15,5.25,TRAIL_SL,115,46.65,0.2,0.22799,0.0006,-10.53,9.9176,42.4363,-3.2292,0.0,6.6884,6.6884,434.74,50.0,384.74,15.7728,65
short,2023-04-26 09:55:00+05:30,2023-04-26 10:05:00+05:30,17738.25,17749.092263821134,17749.092263821134,17749.092263821134,False,-10.84,4.0,19.5,STOP_LOSS,10,10.8423,-0.2,-0.193495,0.0006,-10.53,-2.1367,2.2923,-0.2808,0.0,-2.4175,-2.4175,-157.14,50.0,-207.14,-1.4011,65
long,2023-04-28 09:35:00+05:30,2023-04-28 11:30:00+05:30,17908.55,17941.660590461903,17888.317891682946,17941.660590461903,True,33.11,42.4,22.75,TRAIL_SL,115,33.1106,0.2,0.219866,0.0006,-10.53,6.9181,21.3781,-3.2292,0.0,3.6889,3.6889,239.78,50.0,189.78,15.7728,65
long,2023-05-02 10:20:00+05:30,2023-05-02 11:10:00+05:30,18156.45,18137.53928221079,18137.53928221079,18137.53928221079,False,-18.91,11.2,25.25,STOP_LOSS,50,-18.9107,0.2,0.188654,0.0006,-10.53,-3.6856,6.9735,-1.404,0.0,-5.0896,-5.0896,-330.82,50.0,-380.82,6.9476,65
short,2023-05-03 09:45:00+05:30,2023-05-03 10:40:00+05:30,18090.15,18104.12998345576,18104.12998345576,18104.12998345576,False,-13.98,10.15,20.15,STOP_LOSS,55,13.98,-0.2,-0.191612,0.0006,-10.53,-2.7432,3.8111,-1.5444,0.0,-4.2876,-4.2876,-278.7,50.0,-328.7,-7.6346,65
short,2023-05-05 09:55:00+05:30,2023-05-05 10:05:00+05:30,18186.15,18199.119292469688,18199.119292469688,18199.119292469688,False,-12.97,0.0,18.8,STOP_LOSS,10,12.9693,-0.2,-0.192218,0.0006,-10.53,-2.5484,3.2799,-0.2808,0.0,-2.8292,-2.8292,-183.9,50.0,-233.9,-1.4011,65
long,2023-05-08 10:10:00+05:30,2023-05-08 10:50:00+05:30,18193.75,18236.99588810737,18173.00597688931,18236.99588810737,True,43.25,57.9,1.0,TRAIL_SL,40,43.2459,0.2,0.225948,0.0006,-10.53,9.1541,36.469,-1.1232,0.0,8.0309,8.0309,522.01,50.0,472.01,5.5695,65
long,2023-05-09 09:30:00+05:30,2023-05-09 10:30:00+05:30,18289.55,18324.76251224351,18267.990028820055,18324.76251224351,True,35.21,48.65,8.3,TRAIL_SL,60,35.2125,0.2,0.221128,0.0006,-10.53,7.3773,24.1785,-1.6848,0.0,5.6925,5.6925,370.01,50.0,320.01,8.3202,65
short,2023-05-09 14:50:00+05:30,2023-05-09 15:15:00+05:30,18262.7,18259.55,18275.031275144574,18275.031275144574,False,3.15,8.15,18.55,SOFT_EOD_EXIT,25,-3.15,-0.2,-0.20189,0.0006,-10.53,0.6327,0.1935,-0.702,0.0,-0.0693,-0.0693,-4.51,50.0,-54.51,-3.4917,65
short,2023-05-10 10:15:00+05:30,2023-05-10 10:25:00+05:30,18236.65,18249.67842518595,18249.67842518595,18249.67842518595,False,-13.03,4.0,17.3,STOP_LOSS,10,13.0284,-0.2,-0.192183,0.0006,-10.53,-2.5599,3.3099,-0.2808,0.0,-2.8407,-2.8407,-184.64,50.0,-234.64,-1.4011,65
long,2023-05-11 09:30:00+05:30,2023-05-11 14:50:00+05:30,18316.8,18293.311760022334,18293.311760022334,18293.311760022334,False,-23.49,33.5,30.15,STOP_LOSS,320,-23.4882,0.2,0.185907,0.0006,-10.53,-4.5487,10.7581,-8.9856,0.0,-13.5343,-13.5343,-879.73,50.0,-929.73,42.2504,65
short,2023-05-12 09:55:00+05:30,2023-05-12 10:15:00+05:30,18234.2,18250.202367509908,18250.202367509908,18250.202367509908,False,-16.0,6.45,23.1,STOP_LOSS,20,16.0024,-0.2,-0.190399,0.0006,-10.53,-3.1313,4.9935,-0.5616,0.0,-3.6929,-3.6929,-240.04,50.0,-290.04,-2.7963,65
short,2023-05-12 10:25:00+05:30,2023-05-12 10:30:00+05:30,18249.6,18261.624527092947,18261.624527092947,18261.624527092947,False,-12.02,0.1,12.2,STOP_LOSS,5,12.0245,-0.2,-0.192785,0.0006,-10.53,-2.3659,2.8195,-0.1404,0.0,-2.5063,-2.5063,-162.91,50.0,-212.91,-0.7013,65
long,2023-05-15 10:20:00+05:30,2023-05-15 11:35:00+05:30,18376.25,18412.07047790865,18360.207434282045,18412.07047790865,True,35.82,44.05,8.45,TRAIL_SL,75,35.8205,0.2,0.221492,0.0006,-10.53,7.5105,25.0206,-2.106,0.0,5.4045,5.4045,351.29,50.0,301.29,10.3687,65
short,2023-05-16 09:55:00+05:30,2023-05-17 11:05:00+05:30,18393.8,18223.47637693662,18407.28214637874,18223.47637693662,True,170.32,180.7,17.7,TRAIL_SL,1510,-170.3236,-0.2,-0.302194,0.0006,-10.53,41.8975,565.6977,-42.4008,0.0,-0.5033,-0.5033,-32.72,50.0,-82.72,-169.1078,65
short,2023-05-18 14:50:00+05:30,2023-05-18 15:15:00+05:30,18162.0,18130.85,18176.306217185116,18176.306217185116,False,31.15,56.6,5.6,SOFT_EOD_EXIT,25,-31.15,-0.2,-0.21869,0.0006,-10.53,6.492,18.9213,-0.702,0.0,5.79,5.79,376.35,50.0,326.35,-3.4917,65
short,2023-05-19 10:25:00+05:30,2023-05-19 11:10:00+05:30,18091.25,18105.000338320602,18105.000338320602,18105.000338320602,False,-13.75,30.1,25.3,STOP_LOSS,45,13.7503,-0.2,-0.19175,0.0006,-10.53,-2.699,3.6869,-1.2636,0.0,-3.9626,-3.9626,-257.57,50.0,-307.57,-6.2592,65
long,2023-05-23 10:00:00+05:30,2023-05-23 14:50:00+05:30,18386.55,18364.749375932268,18364.749375932268,18364.749375932268,False,-21.8,33.1,28.65,STOP_LOSS,290,-21.8006,0.2,0.18692,0.0006,-10.53,-4.2318,9.2677,-8.1432,0.0,-12.375,-12.375,-804.38,50.0,-854.38,38.4934,65
short,2023-05-24 09:30:00+05:30,2023-05-24 09:45:00+05:30,18320.7,18337.575820634916,18337.575820634916,18337.575820634916,False,-16.88,7.75,24.65,STOP_LOSS,15,16.8758,-0.2,-0.189875,0.0006,-10.53,-3.2983,5.5535,-0.4212,0.0,-3.7195,-3.7195,-241.77,50.0,-291.77,-2.0994,65
short,2023-05-25 09:40:00+05:30,2023-05-25 09:45:00+05:30,18275.95,18290.74373823992,18290.74373823992,18290.74373823992,False,-14.79,0.05,18.2,STOP_LOSS,5,14.7937,-0.2,-0.191124,0.0006,-10.53,-2.8997,4.2677,-0.1404,0.0,-3.0401,-3.0401,-197.6,50.0,-247.6,-0.7013,65
long,2023-05-26 14:40:00+05:30,2023-05-26 15:15:00+05:30,18483.25,18498.0,18470.358627078363,18470.358627078363,False,14.75,25.1,3.05,SOFT_EOD_EXIT,35,14.75,0.2,0.20885,0.0006,-10.53,3.0087,4.2425,-0.9828,0.0,2.0259,2.0259,131.69,50.0,81.69,4.8783,65
long,2023-05-29 09:55:00+05:30,2023-05-29 15:15:00+05:30,18603.0,18593.6,18576.478665732644,18576.478665732644,False,-9.4,35.45,20.8,SOFT_EOD_EXIT,320,-9.4,0.2,0.19436,0.0006,-10.53,-1.8561,1.723,-8.9856,0.0,-10.8417,-10.8417,-704.71,50.0,-754.71,42.2504,65
long,2023-05-30 09:35:00+05:30,2023-05-30 10:55:00+05:30,18623.9,18604.09455340299,18604.09455340299,18604.09455340299,False,-19.81,37.85,29.85,STOP_LOSS,80,-19.8054,0.2,0.188117,0.0006,-10.53,-3.8552,7.649,-2.2464,0.0,-6.1016,-6.1016,-396.6,50.0,-446.6,11.0489,65
short,2023-05-31 10:00:00+05:30,2023-05-31 11:55:00+05:30,18565.95,18499.977525583636,18577.440021321312,18499.977525583636,True,65.97,75.6,10.15,TRAIL_SL,115,-65.9725,-0.2,-0.239583,0.0006,-10.53,14.3696,84.8712,-3.2292,0.0,11.1404,11.1404,724.13,50.0,674.13,-15.7728,65
short,2023-06-01 14:50:00+05:30,2023-06-01 15:15:00+05:30,18516.75,18468.4,18526.375513247545,18526.375513247545,False,48.35,48.8,13.4,SOFT_EOD_EXIT,25,-48.35,-0.2,-0.22901,0.0006,-10.53,10.3012,45.5856,-0.702,0.0,9.5992,9.5992,623.95,50.0,573.95,-3.4917,65
long,2023-06-05 10:25:00+05:30,2023-06-05 15:00:00+05:30,18618.5,18602.179853120062,18602.179853120062,18602.179853120062,False,-16.32,20.9,26.55,STOP_LOSS,275,-16.3201,0.2,0.190208,0.0006,-10.53,-3.1921,5.1938,-7.722,0.0,-10.9141,-10.9141,-709.42,50.0,-759.42,36.6006,65
long,2023-06-07 10:00:00+05:30,2023-06-07 14:10:00+05:30,18647.9,18687.968244948635,18629.923304629152,18687.968244948635,True,40.07,45.2,11.4,TRAIL_SL,250,40.0682,0.2,0.224041,0.0006,-10.53,8.4471,31.3066,-7.02,0.0,1.4271,1.4271,92.76,50.0,42.76,33.4242,65
long,2023-06-08 09:30:00+05:30,2023-06-08 10:30:00+05:30,18734.3,18764.55436422817,18717.483483711174,18764.55436422817,True,30.25,41.05,3.0,TRAIL_SL,60,30.2544,0.2,0.218153,0.0006,-10.53,6.298,17.8489,-1.6848,0.0,4.6132,4.6132,299.86,50.0,249.86,8.3202,65
short,2023-06-09 14:35:00+05:30,2023-06-09 15:15:00+05:30,18579.65,18563.35,18588.976116431615,18588.976116431615,False,16.3,19.35,1.9,SOFT_EOD_EXIT,40,-16.3,-0.2,-0.20978,0.0006,-10.53,3.3317,5.181,-1.1232,0.0,2.2085,2.2085,143.55,50.0,93.55,-5.5695,65
long,2023-06-16 10:00:00+05:30,2023-06-16 15:00:00+05:30,18754.4,18844.118067450392,18738.03975071411,18844.118067450392,True,89.72,109.55,8.25,TRAIL_SL,300,89.7181,0.2,0.253831,0.0006,-10.53,20.1169,156.962,-8.424,0.0,11.6929,11.6929,760.04,50.0,710.04,39.7499,65
long,2023-06-19 09:30:00+05:30,2023-06-19 10:15:00+05:30,18843.2,18821.203335643273,18821.203335643273,18821.203335643273,False,-22.0,4.1,30.7,STOP_LOSS,45,-21.9967,0.2,0.186802,0.0006,-10.53,-4.2687,9.4351,-1.2636,0.0,-5.5323,-5.5323,-359.6,50.0,-409.6,6.2592,65
short,2023-06-20 10:05:00+05:30,2023-06-20 11:30:00+05:30,18702.65,18714.426416310373,18714.426416310373,18714.426416310373,False,-11.78,41.5,17.8,STOP_LOSS,85,11.7764,-0.2,-0.192934,0.0006,-10.53,-2.3178,2.7043,-2.3868,0.0,-4.7046,-4.7046,-305.8,50.0,-355.8,-11.7277,65
long,2023-06-21 10:20:00+05:30,2023-06-21 10:35:00+05:30,18858.5,18840.182946061286,18840.182946061286,18840.182946061286,False,-18.32,3.65,21.7,STOP_LOSS,15,-18.3171,0.2,0.18901,0.0006,-10.53,-3.5728,6.5425,-0.4212,0.0,-3.994,-3.994,-259.61,50.0,-309.61,2.0994,65
short,2023-06-22 14:40:00+05:30,2023-06-22 15:15:00+05:30,18801.95,18763.1,18815.57871899942,18815.57871899942,False,38.85,41.35,15.0,SOFT_EOD_EXIT,35,-38.85,-0.2,-0.22331,0.0006,-10.53,8.1775,29.4318,-0.9828,0.0,7.1947,7.1947,467.66,50.0,417.66,-4.8783,65
short,2023-06-23 09:50:00+05:30,2023-06-23 10:25:00+05:30,18698.5,18716.515851233908,18716.515851233908,18716.515851233908,False,-18.02,14.1,21.7,STOP_LOSS,35,18.0159,-0.2,-0.18919,0.0006,-10.53,-3.5155,6.3291,-0.9828,0.0,-4.4983,-4.4983,-292.39,50.0,-342.39,-4.8783,65
long,2023-06-27 14:45:00+05:30,2023-06-28 09:40:00+05:30,18777.15,18873.558807924343,18763.096756566865,18873.558807924343,True,96.41,131.0,0.5,TRAIL_SL,1135,96.4088,0.2,0.257845,0.0006,-10.53,21.7913,181.2458,-31.8708,0.0,-10.0795,-10.0795,-655.17,50.0,-705.17,132.8717,65
long,2023-06-30 09:55:00+05:30,2023-06-30 11:50:00+05:30,19078.1,19111.32100872518,19056.51147310347,19111.32100872518,True,33.22,42.65,2.5,TRAIL_SL,115,33.221,0.2,0.219933,0.0006,-10.53,6.9422,21.5209,-3.2292,0.0,3.713,3.713,241.34,50.0,191.34,15.7728,65
long,2023-07-04 09:35:00+05:30,2023-07-04 09:50:00+05:30,19359.95,19332.797805677066,19332.797805677066,19332.797805677066,False,-27.15,4.7,28.1,STOP_LOSS,15,-27.1522,0.2,0.183709,0.0006,-10.53,-5.2314,14.3762,-0.4212,0.0,-5.6526,-5.6526,-367.42,50.0,-417.42,2.0994,65
short,2023-07-05 14:55:00+05:30,2023-07-05 15:05:00+05:30,19357.5,19367.55157189289,19367.55157189289,19367.55157189289,False,-10.05,4.1,34.5,STOP_LOSS,10,10.0516,-0.2,-0.193969,0.0006,-10.53,-1.983,1.9702,-0.2808,0.0,-2.2638,-2.2638,-147.15,50.0,-197.15,-1.4011,65
long,2023-07-11 10:20:00+05:30,2023-07-11 12:10:00+05:30,19470.45,19504.319586941998,19454.746002351876,19504.319586941998,True,33.87,44.65,7.45,TRAIL_SL,110,33.8696,0.2,0.220322,0.0006,-10.53,7.0836,22.3694,-3.0888,0.0,3.9948,3.9948,259.67,50.0,209.67,15.1019,65
short,2023-07-11 14:45:00+05:30,2023-07-11 15:15:00+05:30,19446.85,19444.35,19456.673221596902,19456.673221596902,False,2.5,27.55,13.0,SOFT_EOD_EXIT,30,-2.5,-0.2,-0.2015,0.0006,-10.53,0.5017,0.1219,-0.8424,0.0,-0.3407,-0.3407,-22.15,50.0,-72.15,-4.1857,65
long,2023-07-17 10:20:00+05:30,2023-07-17 13:25:00+05:30,19610.55,19650.791260333892,19589.02652265722,19650.791260333892,True,40.24,52.6,11.7,TRAIL_SL,185,40.2413,0.2,0.224145,0.0006,-10.53,8.4855,31.5775,-5.1948,0.0,3.2907,3.2907,213.89,50.0,163.89,25.034,65
long,2023-07-18 09:30:00+05:30,2023-07-18 11:15:00+05:30,19752.15,19801.48376958394,19720.282742197218,19801.48376958394,True,49.33,67.3,13.3,TRAIL_SL,105,49.3338,0.2,0.2296,0.0006,-10.53,10.5239,47.4595,-2.9484,0.0,7.5755,7.5755,492.41,50.0,442.41,14.4297,65
long,2023-07-19 10:15:00+05:30,2023-07-19 10:35:00+05:30,19820.5,19799.26079836989,19799.26079836989,19799.26079836989,False,-21.24,7.4,31.1,STOP_LOSS,20,-21.2392,0.2,0.187256,0.0006,-10.53,-4.126,8.7965,-0.5616,0.0,-4.6876,-4.6876,-304.7,50.0,-354.7,2.7963,65
long,2023-07-20 09:30:00+05:30,2023-07-20 09:40:00+05:30,19817.05,19793.357842332203,19793.357842332203,19793.357842332203,False,-23.69,20.4,38.9,STOP_LOSS,10,-23.6922,0.2,0.185785,0.0006,-10.53,-4.5869,10.9457,-0.2808,0.0,-4.8677,-4.8677,-316.4,50.0,-366.4,1.4011,65
long,2023-07-20 14:40:00+05:30,2023-07-20 15:15:00+05:30,19949.9,19981.1,19929.125622473013,19929.125622473013,False,31.2,41.95,14.45,SOFT_EOD_EXIT,35,31.2,0.2,0.21872,0.0006,-10.53,6.5028,18.9821,-0.9828,0.0,5.52,5.52,358.8,50.0,308.8,4.8783,65
short,2023-07-21 09:50:00+05:30,2023-07-21 10:50:00+05:30,19865.2,19810.07894132137,19892.355385985356,19810.07894132137,True,55.12,71.05,10.5,TRAIL_SL,60,-55.1211,-0.2,-0.233073,0.0006,-10.53,11.8446,59.2475,-1.6848,0.0,10.1598,10.1598,660.38,50.0,610.38,-8.3202,65
short,2023-07-24 09:30:00+05:30,2023-07-24 10:25:00+05:30,19741.4,19761.543625290447,19761.543625290447,19761.543625290447,False,-20.14,30.85,34.55,STOP_LOSS,55,20.1436,-0.2,-0.187914,0.0006,-10.53,-3.9192,7.9124,-1.5444,0.0,-5.4636,-5.4636,-355.13,50.0,-405.13,-7.6346,65
short,2023-07-25 09:35:00+05:30,2023-07-25 12:30:00+05:30,19681.95,19700.4270675561,19700.4270675561,19700.4270675561,False,-18.48,33.65,19.15,STOP_LOSS,175,18.4771,-0.2,-0.188914,0.0006,-10.53,-3.6032,6.6573,-4.914,0.0,-8.5172,-8.5172,-553.62,50.0,-603.62,-23.7256,65
long,2023-07-27 09:45:00+05:30,2023-07-27 10:05:00+05:30,19831.65,19807.78606455466,19807.78606455466,19807.78606455466,False,-23.86,10.8,29.75,STOP_LOSS,20,-23.8639,0.2,0.185682,0.0006,-10.53,-4.619,11.105,-0.5616,0.0,-5.1806,-5.1806,-336.74,50.0,-386.74,2.7963,65
short,2023-07-28 09:40:00+05:30,2023-07-28 09:50:00+05:30,19636.2,19657.34278780555,19657.34278780555,19657.34278780555,False,-21.14,4.4,27.7,STOP_LOSS,10,21.1428,-0.2,-0.187314,0.0006,-10.53,-4.1079,8.7168,-0.2808,0.0,-4.3887,-4.3887,-285.26,50.0,-335.26,-1.4011,65
short,2023-07-28 10:15:00+05:30,2023-07-28 13:50:00+05:30,19625.3,19574.014678154035,19641.934368202325,19574.014678154035,True,51.29,62.2,16.95,TRAIL_SL,215,-51.2853,-0.2,-0.230771,0.0006,-10.53,10.9672,51.2886,-6.0372,0.0,4.93,4.93,320.45,50.0,270.45,-28.9305,65
long,2023-08-01 09:40:00+05:30,2023-08-01 10:30:00+05:30,19765.65,19745.168199248135,19745.168199248135,19745.168199248135,False,-20.48,23.7,26.2,STOP_LOSS,50,-20.4818,0.2,0.187711,0.0006,-10.53,-3.9831,8.1803,-1.404,0.0,-5.3871,-5.3871,-350.16,50.0,-400.16,6.9476,65
short,2023-08-02 14:30:00+05:30,2023-08-02 14:35:00+05:30,19448.95,19460.86633104608,19460.86633104608,19460.86633104608,False,-11.92,4.35,18.05,STOP_LOSS,5,11.9163,-0.2,-0.19285,0.0006,-10.53,-2.3449,2.769,-0.1404,0.0,-2.4853,-2.4853,-161.55,50.0,-211.55,-0.7013,65
short,2023-08-03 14:50:00+05:30,2023-08-03 14:55:00+05:30,19323.55,19339.126316024434,19339.126316024434,19339.126316024434,False,-15.58,5.45,22.85,STOP_LOSS,5,15.5763,-0.2,-0.190654,0.0006,-10.53,-3.0498,4.7311,-0.1404,0.0,-3.1902,-3.1902,-207.36,50.0,-257.36,-0.7013,65
long,2023-08-07 09:30:00+05:30,2023-08-07 10:45:00+05:30,19540.3,19572.505618690644,19509.299006574733,19572.505618690644,True,32.21,45.65,5.4,TRAIL_SL,75,32.2056,0.2,0.219323,0.0006,-10.53,6.7212,20.2254,-2.106,0.0,4.6152,4.6152,299.99,50.0,249.99,10.3687,65
short,2023-08-09 10:05:00+05:30,2023-08-09 14:05:00+05:30,19516.45,19527.218908884883,19527.218908884883,19527.218908884883,False,-10.77,48.2,11.65,STOP_LOSS,240,10.7689,-0.2,-0.193539,0.0006,-10.53,-2.1225,2.2614,-6.7392,0.0,-8.8617,-8.8617,-576.01,50.0,-626.01,-32.146,65
long,2023-08-10 09:30:00+05:30,2023-08-10 10:20:00+05:30,19600.05,19575.52751617883,19575.52751617883,19575.52751617883,False,-24.52,21.9,50.45,STOP_LOSS,50,-24.5225,0.2,0.185287,0.0006,-10.53,-4.7421,11.7264,-1.404,0.0,-6.1461,-6.1461,-399.5,50.0,-449.5,6.9476,65
short,2023-08-11 10:15:00+05:30,2023-08-11 13:20:00+05:30,19471.2,19482.407534093483,19482.407534093483,19482.407534093483,False,-11.21,35.95,21.45,STOP_LOSS,185,11.2075,-0.2,-0.193275,0.0006,-10.53,-2.2076,2.4494,-5.1948,0.0,-7.4024,-7.4024,-481.16,50.0,-531.16,-25.034,65
short,2023-08-14 10:00:00+05:30,2023-08-14 11:20:00+05:30,19319.4,19337.959536798116,19337.959536798116,19337.959536798116,False,-18.56,18.4,30.7,STOP_LOSS,80,18.5595,-0.2,-0.188864,0.0006,-10.53,-3.6189,6.7169,-2.2464,0.0,-5.8653,-5.8653,-381.24,50.0,-431.24,-11.0489,65
short,2023-08-16 09:50:00+05:30,2023-08-16 10:15:00+05:30,19373.95,19389.756928217193,19389.756928217193,19389.756928217193,False,-15.81,13.0,22.1,STOP_LOSS,25,15.8069,-0.2,-0.190516,0.0006,-10.53,-3.0939,4.8723,-0.702,0.0,-3.7959,-3.7959,-246.74,50.0,-296.74,-3.4917,65
short,2023-08-18 10:15:00+05:30,2023-08-18 11:40:00+05:30,19286.3,19298.99404071557,19298.99404071557,19298.99404071557,False,-12.69,32.7,17.4,STOP_LOSS,85,12.694,-0.2,-0.192384,0.0006,-10.53,-2.4953,3.1422,-2.3868,0.0,-4.8821,-4.8821,-317.34,50.0,-367.34,-11.7277,65
long,2023-08-24 10:05:00+05:30,2023-08-24 10:35:00+05:30,19552.75,19534.226269081937,19534.226269081937,19534.226269081937,False,-18.52,14.0,27.45,STOP_LOSS,30,-18.5237,0.2,0.188886,0.0006,-10.53,-3.6121,6.691,-0.8424,0.0,-4.4545,-4.4545,-289.54,50.0,-339.54,4.1857,65
short,2023-08-25 09:50:00+05:30,2023-08-25 10:35:00+05:30,19321.15,19252.289358285318,19342.70011693834,19252.289358285318,True,68.86,90.5,18.4,TRAIL_SL,45,-68.8606,-0.2,-0.241316,0.0006,-10.53,15.0524,92.4649,-1.2636,0.0,13.7888,13.7888,896.27,50.0,846.27,-6.2592,65
short,2023-08-31 14:55:00+05:30,2023-08-31 15:10:00+05:30,19270.9,19280.26331274521,19280.26331274521,19280.26331274521,False,-9.36,37.5,14.95,STOP_LOSS,15,9.3633,-0.2,-0.194382,0.0006,-10.53,-1.849,1.7096,-0.4212,0.0,-2.2702,-2.2702,-147.56,50.0,-197.56,-2.0994,65
long,2023-09-01 14:45:00+05:30,2023-09-01 15:15:00+05:30,19435.15,19426.85,19418.074815237313,19418.074815237313,False,-8.3,15.15,13.25,SOFT_EOD_EXIT,30,-8.3,0.2,0.19502,0.0006,-10.53,-1.6414,1.3434,-0.8424,0.0,-2.4838,-2.4838,-161.45,50.0,-211.45,4.1857,65
long,2023-09-04 09:35:00+05:30,2023-09-04 10:15:00+05:30,19482.4,19452.700933324268,19452.700933324268,19452.700933324268,False,-29.7,13.35,39.0,STOP_LOSS,40,-29.6991,0.2,0.182181,0.0006,-10.53,-5.7017,17.1997,-1.1232,0.0,-6.8249,-6.8249,-443.62,50.0,-493.62,5.5695,65
long,2023-09-05 10:20:00+05:30,2023-09-05 12:30:00+05:30,19569.95,19552.547115194662,19552.547115194662,19552.547115194662,False,-17.4,17.1,25.75,STOP_LOSS,130,-17.4029,0.2,0.189558,0.0006,-10.53,-3.3988,5.9058,-3.6504,0.0,-7.0492,-7.0492,-458.2,50.0,-508.2,17.7779,65
long,2023-09-08 09:50:00+05:30,2023-09-08 10:30:00+05:30,19771.25,19750.072963889845,19750.072963889845,19750.072963889845,False,-21.18,13.75,42.1,STOP_LOSS,40,-21.177,0.2,0.187294,0.0006,-10.53,-4.1143,8.7451,-1.1232,0.0,-5.2375,-5.2375,-340.44,50.0,-390.44,5.5695,65
long,2023-09-12 09:35:00+05:30,2023-09-12 09:45:00+05:30,20027.9,19999.442931889,19999.442931889,19999.442931889,False,-28.46,19.3,35.95,STOP_LOSS,10,-28.4571,0.2,0.182926,0.0006,-10.53,-5.4728,15.7912,-0.2808,0.0,-5.7536,-5.7536,-373.98,50.0,-423.98,1.4011,65
long,2023-09-14 09:55:00+05:30,2023-09-14 10:05:00+05:30,20141.2,20116.935338144325,20116.935338144325,20116.935338144325,False,-24.26,6.5,39.6,STOP_LOSS,10,-24.2647,0.2,0.185441,0.0006,-10.53,-4.694,11.4811,-0.2808,0.0,-4.9748,-4.9748,-323.36,50.0,-373.36,1.4011,65
long,2023-09-15 09:45:00+05:30,2023-09-15 11:15:00+05:30,20138.8,20177.661179163373,20112.943539814743,20177.661179163373,True,38.86,47.45,8.8,TRAIL_SL,90,38.8612,0.2,0.223317,0.0006,-10.53,8.18,29.4487,-2.5272,0.0,5.6528,5.6528,367.43,50.0,317.43,12.4052,65
short,2023-09-20 14:35:00+05:30,2023-09-20 15:15:00+05:30,19908.7,19904.65,19919.405069976983,19919.405069976983,False,4.05,22.95,9.6,SOFT_EOD_EXIT,40,-4.05,-0.2,-0.20243,0.0006,-10.53,0.8144,0.3198,-1.1232,0.0,-0.3088,-0.3088,-20.07,50.0,-70.07,-5.5695,65
short,2023-09-22 10:20:00+05:30,2023-09-22 10:30:00+05:30,19696.45,19714.77792738449,19714.77792738449,19714.77792738449,False,-18.33,2.1,29.25,STOP_LOSS,10,18.3279,-0.2,-0.189003,0.0006,-10.53,-3.5749,6.5503,-0.2808,0.0,-3.8557,-3.8557,-250.62,50.0,-300.62,-1.4011,65
short,2023-09-22 14:35:00+05:30,2023-09-22 15:15:00+05:30,19708.5,19663.9,19721.30029093601,19721.30029093601,False,44.6,50.0,0.0,SOFT_EOD_EXIT,40,-44.6,-0.2,-0.22676,0.0006,-10.53,9.4571,38.7886,-1.1232,0.0,8.3339,8.3339,541.7,50.0,491.7,-5.5695,65
short,2023-09-25 09:30:00+05:30,2023-09-25 11:30:00+05:30,19672.9,19616.084963621015,19694.026180448465,19616.084963621015,True,56.82,70.85,15.35,TRAIL_SL,120,-56.815,-0.2,-0.234089,0.0006,-10.53,12.2346,62.945,-3.3696,0.0,8.865,8.865,576.22,50.0,526.22,-16.4425,65
short,2023-09-25 14:40:00+05:30,2023-09-25 14:50:00+05:30,19661.0,19673.361284229086,19673.361284229086,19673.361284229086,False,-12.36,2.2,26.95,STOP_LOSS,10,12.3613,-0.2,-0.192583,0.0006,-10.53,-2.431,2.9796,-0.2808,0.0,-2.7118,-2.7118,-176.27,50.0,-226.27,-1.4011,65
long,2023-09-28 09:30:00+05:30,2023-09-28 09:35:00+05:30,19731.9,19709.885785225175,19709.885785225175,19709.885785225175,False,-22.01,2.6,32.35,STOP_LOSS,5,-22.0142,0.2,0.186791,0.0006,-10.53,-4.272,9.4502,-0.1404,0.0,-4.4124,-4.4124,-286.81,50.0,-336.81,0.7013,65
short,2023-10-03 10:15:00+05:30,2023-10-03 12:15:00+05:30,19514.6,19530.75587997708,19530.75587997708,19530.75587997708,False,-16.16,16.85,23.85,STOP_LOSS,120,16.1559,-0.2,-0.190306,0.0006,-10.53,-3.1607,5.0897,-3.3696,0.0,-6.5303,-6.5303,-424.47,50.0,-474.47,-16.4425,65
short,2023-10-04 10:20:00+05:30,2023-10-04 10:30:00+05:30,19407.3,19419.28752697597,19419.28752697597,19419.28752697597,False,-11.99,2.8,21.8,STOP_LOSS,10,11.9875,-0.2,-0.192807,0.0006,-10.53,-2.3587,2.8022,-0.2808,0.0,-2.6395,-2.6395,-171.57,50.0,-221.57,-1.4011,65
long,2023-10-06 09:40:00+05:30,2023-10-06 11:15:00+05:30,19592.2,19641.63628485954,19571.243041750375,19641.63628485954,True,49.44,66.0,2.8,TRAIL_SL,95,49.4363,0.2,0.229662,0.0006,-10.53,10.5471,47.657,-2.6676,0.0,7.8795,7.8795,512.17,50.0,462.17,13.0813,65
short,2023-10-09 09:45:00+05:30,2023-10-09 10:05:00+05:30,19561.15,19580.943876246787,19580.943876246787,19580.943876246787,False,-19.79,1.65,24.2,STOP_LOSS,20,19.7939,-0.2,-0.188124,0.0006,-10.53,-3.853,7.6401,-0.5616,0.0,-4.4146,-4.4146,-286.95,50.0,-336.95,-2.7963,65
short,2023-10-09 10:10:00+05:30,2023-10-09 13:05:00+05:30,19574.7,19513.0085650485,19591.271577768952,19513.0085650485,True,61.69,71.45,14.25,TRAIL_SL,175,-61.6914,-0.2,-0.237015,0.0006,-10.53,13.3659,74.2137,-4.914,0.0,8.4519,8.4519,549.37,50.0,499.37,-23.7256,65
long,2023-10-10 14:30:00+05:30,2023-10-10 15:05:00+05:30,19704.05,19691.47908669298,19691.47908669298,19691.47908669298,False,-12.57,9.05,20.35,STOP_LOSS,35,-12.5709,0.2,0.192457,0.0006,-10.53,-2.4715,3.0815,-0.9828,0.0,-3.4543,-3.4543,-224.53,50.0,-274.53,4.8783,65
long,2023-10-11 10:05:00+05:30,2023-10-11 15:15:00+05:30,19797.1,19804.85,19776.610585923914,19776.610585923914,False,7.75,42.1,15.05,SOFT_EOD_EXIT,310,7.75,0.2,0.20465,0.0006,-10.53,1.5662,1.1712,-8.7048,0.0,-7.1386,-7.1386,-464.01,50.0,-514.01,41.0022,65
short,2023-10-16 09:55:00+05:30,2023-10-16 10:05:00+05:30,19730.05,19744.304764886252,19744.304764886252,19744.304764886252,False,-14.25,5.5,21.5,STOP_LOSS,10,14.2548,-0.2,-0.191447,0.0006,-10.53,-2.7961,3.9624,-0.2808,0.0,-3.0769,-3.0769,-200.0,50.0,-250.0,-1.4011,65
long,2023-10-17 10:05:00+05:30,2023-10-17 14:05:00+05:30,19821.25,19803.83623355811,19803.83623355811,19803.83623355811,False,-17.41,26.8,23.8,STOP_LOSS,240,-17.4138,0.2,0.189552,0.0006,-10.53,-3.4009,5.9132,-6.7392,0.0,-10.1401,-10.1401,-659.11,50.0,-709.11,32.146,65
short,2023-10-17 14:50:00+05:30,2023-10-17 15:00:00+05:30,19795.2,19803.091813601255,19803.091813601255,19803.091813601255,False,-7.89,2.45,10.0,STOP_LOSS,10,7.8918,-0.2,-0.195265,0.0006,-10.53,-1.5615,1.2145,-0.2808,0.0,-1.8423,-1.8423,-119.75,50.0,-169.75,-1.4011,65
short,2023-10-19 09:50:00+05:30,2023-10-19 11:25:00+05:30,19572.8,19590.65211096044,19590.65211096044,19590.65211096044,False,-17.85,17.8,73.15,STOP_LOSS,95,17.8521,-0.2,-0.189289,0.0006,-10.53,-3.4844,6.2146,-2.6676,0.0,-6.152,-6.152,-399.88,50.0,-449.88,-13.0813,65
short,2023-10-20 09:45:00+05:30,2023-10-20 15:15:00+05:30,19578.4,19531.25,19595.22133639947,19595.22133639947,False,47.15,52.65,5.4,SOFT_EOD_EXIT,330,-47.15,-0.2,-0.22829,0.0006,-10.53,10.0302,43.3509,-9.2664,0.0,0.7638,0.7638,49.65,50.0,-0.35,-43.4944,65
short,2023-10-25 10:10:00+05:30,2023-10-25 11:45:00+05:30,19315.3,19224.33072456669,19335.651401177976,19224.33072456669,True,90.97,105.5,5.1,TRAIL_SL,95,-90.9693,-0.2,-0.254582,0.0006,-10.53,20.4282,161.3705,-2.6676,0.0,17.7606,17.7606,1154.44,50.0,1104.44,-13.0813,65
short,2023-10-30 10:00:00+05:30,2023-10-30 10:10:00+05:30,18980.4,18999.779383475914,18999.779383475914,18999.779383475914,False,-19.38,6.15,34.95,STOP_LOSS,10,19.3794,-0.2,-0.188372,0.0006,-10.53,-3.7745,7.3234,-0.2808,0.0,-4.0553,-4.0553,-263.59,50.0,-313.59,-1.4011,65
long,2023-10-31 14:35:00+05:30,2023-10-31 15:00:00+05:30,19127.75,19110.979405073293,19110.979405073293,19110.979405073293,False,-16.77,15.15,61.6,STOP_LOSS,25,-16.7706,0.2,0.189938,0.0006,-10.53,-3.2782,5.4844,-0.702,0.0,-3.9802,-3.9802,-258.71,50.0,-308.71,3.4917,65
short,2023-11-01 09:30:00+05:30,2023-11-01 10:10:00+05:30,19087.75,19039.119977330192,19105.225801069275,19039.119977330192,True,48.63,68.1,4.45,TRAIL_SL,40,-48.63,-0.2,-0.229178,0.0006,-10.53,10.3645,46.1151,-1.1232,0.0,9.2413,9.2413,600.69,50.0,550.69,-5.5695,65
short,2023-11-01 10:20:00+05:30,2023-11-01 15:25:00+05:30,19052.9,18987.493522663128,19067.484858334017,18987.493522663128,True,65.41,79.2,12.55,TRAIL_SL,305,-65.4065,-0.2,-0.239244,0.0006,-10.53,14.2364,83.4211,-8.5644,0.0,5.672,5.672,368.68,50.0,318.68,-40.3766,65
long,2023-11-08 09:30:00+05:30,2023-11-08 14:05:00+05:30,19417.6,19457.60921237506,19395.87117561654,19457.60921237506,True,40.01,46.8,16.1,TRAIL_SL,275,40.0092,0.2,0.224006,0.0006,-10.53,8.434,31.2144,-7.722,0.0,0.712,0.712,46.28,50.0,-3.72,36.6006,65
short,2023-11-10 10:10:00+05:30,2023-11-10 10:20:00+05:30,19349.1,19359.26846242613,19359.26846242613,19359.26846242613,False,-10.17,0.2,12.45,STOP_LOSS,10,10.1685,-0.2,-0.193899,0.0006,-10.53,-2.0058,2.0163,-0.2808,0.0,-2.2866,-2.2866,-148.63,50.0,-198.63,-1.4011,65
short,2023-11-10 10:25:00+05:30,2023-11-10 10:30:00+05:30,19356.4,19365.076514651915,19365.076514651915,19365.076514651915,False,-8.68,5.0,11.2,STOP_LOSS,5,8.6765,-0.2,-0.194794,0.0006,-10.53,-1.715,1.468,-0.1404,0.0,-1.8554,-1.8554,-120.6,50.0,-170.6,-0.7013,65
long,2023-11-13 09:40:00+05:30,2023-11-13 10:20:00+05:30,19444.85,19426.03811970108,19426.03811970108,19426.03811970108,False,-18.81,34.3,22.4,STOP_LOSS,40,-18.8119,0.2,0.188713,0.0006,-10.53,-3.6668,6.9008,-1.1232,0.0,-4.79,-4.79,-311.35,50.0,-361.35,5.5695,65
long,2023-11-16 14:55:00+05:30,2023-11-16 15:00:00+05:30,19845.65,19830.08967717989,19830.08967717989,19830.08967717989,False,-15.56,1.35,39.75,STOP_LOSS,5,-15.5603,0.2,0.190664,0.0006,-10.53,-3.0467,4.7214,-0.1404,0.0,-3.1871,-3.1871,-207.16,50.0,-257.16,0.7013,65
short,2023-11-17 09:35:00+05:30,2023-11-17 09:55:00+05:30,19770.6,19791.058552517956,19791.058552517956,19791.058552517956,False,-20.46,9.05,23.35,STOP_LOSS,20,20.4586,-0.2,-0.187725,0.0006,-10.53,-3.9787,8.1618,-0.5616,0.0,-4.5403,-4.5403,-295.12,50.0,-345.12,-2.7963,65
short,2023-11-20 10:10:00+05:30,2023-11-20 10:15:00+05:30,19714.8,19725.80934620854,19725.80934620854,19725.80934620854,False,-11.01,1.1,18.25,STOP_LOSS,5,11.0093,-0.2,-0.193394,0.0006,-10.53,-2.1691,2.3635,-0.1404,0.0,-2.3095,-2.3095,-150.12,50.0,-200.12,-0.7013,65
long,2023-11-21 10:00:00+05:30,2023-11-21 12:25:00+05:30,19765.9,19817.925729983348,19747.843442400692,19817.925729983348,True,52.03,63.2,6.35,TRAIL_SL,145,52.0257,0.2,0.231215,0.0006,-10.53,11.1359,52.7802,-4.0716,0.0,7.0643,7.0643,459.18,50.0,409.18,19.7716,65
long,2023-11-23 09:55:00+05:30,2023-11-23 10:30:00+05:30,19844.2,19818.093370927993,19818.093370927993,19818.093370927993,False,-26.11,7.15,41.7,STOP_LOSS,35,-26.1066,0.2,0.184336,0.0006,-10.53,-5.0373,13.2903,-0.9828,0.0,-6.0201,-6.0201,-391.31,50.0,-441.31,4.8783,65
long,2023-11-28 09:50:00+05:30,2023-11-28 10:15:00+05:30,19822.6,19806.67453096908,19806.67453096908,19806.67453096908,False,-15.93,5.3,22.6,STOP_LOSS,25,-15.9255,0.2,0.190445,0.0006,-10.53,-3.1166,4.9456,-0.702,0.0,-3.8186,-3.8186,-248.21,50.0,-298.21,3.4917,65
short,2023-11-30 10:15:00+05:30,2023-11-30 10:40:00+05:30,20057.45,20074.878169269192,20074.878169269192,20074.878169269192,False,-17.43,11.6,41.15,STOP_LOSS,25,17.4282,-0.2,-0.189543,0.0006,-10.53,-3.4036,5.923,-0.702,0.0,-4.1056,-4.1056,-266.87,50.0,-316.87,-3.4917,65
long,2023-12-04 10:15:00+05:30,2023-12-04 11:20:00+05:30,20537.25,20571.156615197207,20508.330348724532,20571.156615197207,True,33.91,46.15,13.95,TRAIL_SL,65,33.9066,0.2,0.220344,0.0006,-10.53,7.0917,22.4183,-1.8252,0.0,5.2665,5.2665,342.32,50.0,292.32,9.0044,65
long,2023-12-06 10:00:00+05:30,2023-12-06 13:05:00+05:30,20920.05,20889.73127211414,20889.73127211414,20889.73127211414,False,-30.32,22.65,48.05,STOP_LOSS,185,-30.3187,0.2,0.181809,0.0006,-10.53,-5.8156,17.9249,-5.1948,0.0,-11.0104,-11.0104,-715.67,50.0,-765.67,25.034,65
short,2023-12-07 09:35:00+05:30,2023-12-07 11:00:00+05:30,20898.0,20916.177820224704,20916.177820224704,20916.177820224704,False,-18.18,38.15,31.75,STOP_LOSS,85,18.1778,-0.2,-0.189093,0.0006,-10.53,-3.5463,6.4434,-2.3868,0.0,-5.9331,-5.9331,-385.65,50.0,-435.65,-11.7277,65
long,2023-12-08 10:05:00+05:30,2023-12-08 11:00:00+05:30,20974.75,20952.13629194233,20952.13629194233,20952.13629194233,False,-22.61,31.35,25.6,STOP_LOSS,55,-22.6137,0.2,0.186432,0.0006,-10.53,-4.3847,9.9719,-1.5444,0.0,-5.9291,-5.9291,-385.39,50.0,-435.39,7.6346,65
long,2023-12-11 09:40:00+05:30,2023-12-11 10:35:00+05:30,20978.95,21013.259997347348,20945.172653405978,21013.259997347348,True,34.31,47.15,5.25,TRAIL_SL,55,34.31,0.2,0.220586,0.0006,-10.53,7.1798,22.9549,-1.5444,0.0,5.6354,5.6354,366.3,50.0,316.3,7.6346,65
short,2023-12-13 09:35:00+05:30,2023-12-13 10:40:00+05:30,20894.05,20815.51289988054,20911.079708438672,20815.51289988054,True,78.54,92.9,4.2,TRAIL_SL,65,-78.5371,-0.2,-0.247122,0.0006,-10.53,17.3728,120.2775,-1.8252,0.0,15.5476,15.5476,1010.59,50.0,960.59,-9.0044,65
long,2023-12-18 09:40:00+05:30,2023-12-18 15:15:00+05:30,21436.15,21418.25,21392.95011856193,21392.95011856193,False,-17.9,46.65,26.3,SOFT_EOD_EXIT,335,-17.9,0.2,0.18926,0.0006,-10.53,-3.4935,6.248,-9.4068,0.0,-12.9003,-12.9003,-838.52,50.0,-888.52,44.1148,65
long,2023-12-20 10:10:00+05:30,2023-12-20 11:40:00+05:30,21555.95,21529.765357342607,21529.765357342607,21529.765357342607,False,-26.18,24.85,42.15,STOP_LOSS,90,-26.1846,0.2,0.184289,0.0006,-10.53,-5.0518,13.3699,-2.5272,0.0,-7.579,-7.579,-492.64,50.0,-542.64,12.4052,65
short,2023-12-21 09:40:00+05:30,2023-12-21 10:05:00+05:30,21065.95,21099.437129205056,21099.437129205056,21099.437129205056,False,-33.49,29.5,62.45,STOP_LOSS,25,33.4871,-0.2,-0.179908,0.0006,-10.53,-6.3947,21.8671,-0.702,0.0,-7.0967,-7.0967,-461.28,50.0,-511.28,-3.4917,65
short,2023-12-21 10:25:00+05:30,2023-12-21 10:40:00+05:30,21108.35,21135.019192723463,21135.019192723463,21135.019192723463,False,-26.67,49.25,47.3,STOP_LOSS,15,26.6692,-0.2,-0.183998,0.0006,-10.53,-5.1418,13.8693,-0.4212,0.0,-5.563,-5.563,-361.6,50.0,-411.6,-2.0994,65
long,2023-12-28 10:15:00+05:30,2023-12-28 12:50:00+05:30,21708.15,21757.694774116022,21674.533088283013,21757.694774116022,True,49.54,63.6,23.25,TRAIL_SL,155,49.5448,0.2,0.229727,0.0006,-10.53,10.5717,47.8664,-4.3524,0.0,6.2193,6.2193,404.26,50.0,354.26,21.0945,65
short,2024-01-02 09:35:00+05:30,2024-01-02 10:05:00+05:30,21735.0,21655.78480135133,21755.216477382226,21655.78480135133,True,79.22,108.5,8.8,TRAIL_SL,30,-79.2152,-0.2,-0.247529,0.0006,-10.53,17.5373,122.3634,-0.8424,0.0,16.6949,16.6949,1085.17,50.0,1035.17,-4.1857,65
long,2024-01-05 10:10:00+05:30,2024-01-05 10:40:00+05:30,21728.95,21711.469810709266,21711.469810709266,21711.469810709266,False,-17.48,13.9,27.8,STOP_LOSS,30,-17.4802,0.2,0.189512,0.0006,-10.53,-3.4135,5.9584,-0.8424,0.0,-4.2559,-4.2559,-276.64,50.0,-326.64,4.1857,65
short,2024-01-10 09:30:00+05:30,2024-01-10 09:40:00+05:30,21529.35,21558.15608127256,21558.15608127256,21558.15608127256,False,-28.81,29.6,29.75,STOP_LOSS,10,28.8061,-0.2,-0.182716,0.0006,-10.53,-5.5372,16.1809,-0.2808,0.0,-5.818,-5.818,-378.17,50.0,-428.17,-1.4011,65
short,2024-01-10 09:45:00+05:30,2024-01-10 14:50:00+05:30,21549.05,21578.395314238758,21578.395314238758,21578.395314238758,False,-29.35,80.6,41.5,STOP_LOSS,305,29.3453,-0.2,-0.182393,0.0006,-10.53,-5.6366,16.7924,-8.5644,0.0,-14.201,-14.201,-923.06,50.0,-973.06,-40.3766,65
long,2024-01-11 10:10:00+05:30,2024-01-11 10:50:00+05:30,21672.15,21646.714619937342,21646.714619937342,21646.714619937342,False,-25.44,11.2,30.95,STOP_LOSS,40,-25.4354,0.2,0.184739,0.0006,-10.53,-4.9124,12.6157,-1.1232,0.0,-6.0356,-6.0356,-392.31,50.0,-442.31,5.5695,65
long,2024-01-12 14:45:00+05:30,2024-01-12 15:05:00+05:30,21895.95,21875.040174783044,21875.040174783044,21875.040174783044,False,-20.91,26.1,38.95,STOP_LOSS,20,-20.9098,0.2,0.187454,0.0006,-10.53,-4.0639,8.5258,-0.5616,0.0,-4.6255,-4.6255,-300.66,50.0,-350.66,2.7963,65
long,2024-01-15 09:45:00+05:30,2024-01-15 09:55:00+05:30,22021.4,21986.351960229716,21986.351960229716,21986.351960229716,False,-35.05,9.0,42.0,STOP_LOSS,10,-35.048,0.2,0.178971,0.0006,-10.53,-6.6779,23.9531,-0.2808,0.0,-6.9587,-6.9587,-452.32,50.0,-502.32,1.4011,65
long,2024-01-15 10:00:00+05:30,2024-01-15 11:30:00+05:30,22014.05,22050.958747203706,21974.5128552962,22050.958747203706,True,36.91,49.65,12.0,TRAIL_SL,90,36.9087,0.2,0.222145,0.0006,-10.53,7.7496,26.564,-2.5272,0.0,5.2224,5.2224,339.45,50.0,289.45,12.4052,65
short,2024-01-18 10:10:00+05:30,2024-01-18 10:35:00+05:30,21391.35,21427.982952400565,21427.982952400565,21427.982952400565,False,-36.63,34.75,40.4,STOP_LOSS,25,36.633,-0.2,-0.17802,0.0006,-10.53,-6.9643,26.1685,-0.702,0.0,-7.6663,-7.6663,-498.31,50.0,-548.31,-3.4917,65
long,2024-01-20 09:30:00+05:30,2024-01-20 10:00:00+05:30,21663.35,21629.229209016063,21629.229209016063,21629.229209016063,False,-34.12,15.8,41.35,STOP_LOSS,30,-34.1208,0.2,0.179528,0.0006,-10.53,-6.5098,22.7025,-0.8424,0.0,-7.3522,-7.3522,-477.89,50.0,-527.89,4.1857,65
long,2024-02-02 10:15:00+05:30,2024-02-02 11:50:00+05:30,21925.15,22077.397784698882,21894.54984776201,22077.397784698882,True,152.25,201.65,9.2,TRAIL_SL,95,152.2478,0.2,0.291349,0.0006,-10.53,36.708,451.9981,-2.6676,0.0,34.0404,34.0404,2212.63,50.0,2162.63,13.0813,65
short,2024-02-02 14:30:00+05:30,2024-02-02 14:40:00+05:30,21872.45,21893.065464773743,21893.065464773743,21893.065464773743,False,-20.62,4.4,34.25,STOP_LOSS,10,20.6155,-0.2,-0.187631,0.0006,-10.53,-4.0083,8.2874,-0.2808,0.0,-4.2891,-4.2891,-278.79,50.0,-328.79,-1.4011,65
long,2024-02-05 10:00:00+05:30,2024-02-05 10:15:00+05:30,21916.85,21875.01384877411,21875.01384877411,21875.01384877411,False,-41.84,37.05,54.65,STOP_LOSS,15,-41.8362,0.2,0.174898,0.0006,-10.53,-7.8947,34.1301,-0.4212,0.0,-8.3159,-8.3159,-540.53,50.0,-590.53,2.0994,65
long,2024-02-07 09:45:00+05:30,2024-02-07 11:05:00+05:30,21983.45,21944.423103330562,21944.423103330562,21944.423103330562,False,-39.03,37.6,50.95,STOP_LOSS,80,-39.0269,0.2,0.176584,0.0006,-10.53,-7.3941,29.7004,-2.2464,0.0,-9.6405,-9.6405,-626.64,50.0,-676.64,11.0489,65
long,2024-02-08 09:35:00+05:30,2024-02-08 10:05:00+05:30,21973.95,21947.204083443197,21947.204083443197,21947.204083443197,False,-26.75,24.4,47.45,STOP_LOSS,30,-26.7459,0.2,0.183952,0.0006,-10.53,-5.156,13.9492,-0.8424,0.0,-5.9984,-5.9984,-389.9,50.0,-439.9,4.1857,65
short,2024-02-09 10:00:00+05:30,2024-02-09 10:05:00+05:30,21708.4,21740.1586174655,21740.1586174655,21740.1586174655,False,-31.76,5.15,32.65,STOP_LOSS,5,31.7586,-0.2,-0.180945,0.0006,-10.53,-6.0794,19.6679,-0.1404,0.0,-6.2198,-6.2198,-404.29,50.0,-454.29,-0.7013,65
short,2024-02-14 09:55:00+05:30,2024-02-14 10:15:00+05:30,21600.1,21626.569355373595,21626.569355373595,21626.569355373595,False,-26.47,29.5,32.4,STOP_LOSS,20,26.4694,-0.2,-0.184118,0.0006,-10.53,-5.1047,13.6622,-0.5616,0.0,-5.6663,-5.6663,-368.31,50.0,-418.31,-2.7963,65
short,2024-02-14 10:20:00+05:30,2024-02-14 10:55:00+05:30,21610.6,21634.141069319805,21634.141069319805,21634.141069319805,False,-23.54,20.6,39.85,STOP_LOSS,35,23.5411,-0.2,-0.185875,0.0006,-10.53,-4.5586,10.8065,-0.9828,0.0,-5.5414,-5.5414,-360.19,50.0,-410.19,-4.8783,65
long,2024-02-15 09:50:00+05:30,2024-02-15 14:00:00+05:30,21854.45,21935.96486978773,21806.553067884,21935.96486978773,True,81.51,99.4,59.65,TRAIL_SL,250,81.5149,0.2,0.248909,0.0006,-10.53,18.097,129.5711,-7.02,0.0,11.077,11.077,720.01,50.0,670.01,33.4242,65
long,2024-02-16 09:45:00+05:30,2024-02-16 10:35:00+05:30,21978.05,22027.620357874614,21943.544308356944,22027.620357874614,True,49.57,66.9,0.25,TRAIL_SL,50,49.5704,0.2,0.229742,0.0006,-10.53,10.5775,47.9158,-1.404,0.0,9.1735,9.1735,596.28,50.0,546.28,6.9476,65
short,2024-02-20 09:35:00+05:30,2024-02-20 10:15:00+05:30,22094.15,22112.244547013233,22112.244547013233,22112.244547013233,False,-18.09,48.3,35.45,STOP_LOSS,40,18.0945,-0.2,-0.189143,0.0006,-10.53,-3.5305,6.3845,-1.1232,0.0,-4.6537,-4.6537,-302.49,50.0,-352.49,-5.5695,65
long,2024-02-23 09:50:00+05:30,2024-02-23 15:15:00+05:30,22245.7,22210.526529426108,22210.526529426108,22210.526529426108,False,-35.17,35.05,59.6,STOP_LOSS,325,-35.1735,0.2,0.178896,0.0006,-10.53,-6.7007,24.1249,-9.126,0.0,-15.8267,-15.8267,-1028.73,50.0,-1078.73,42.8729,65
short,2024-02-26 09:40:00+05:30,2024-02-26 10:05:00+05:30,22198.0,22130.995845232213,22216.19679543623,22130.995845232213,True,67.0,86.2,4.15,TRAIL_SL,25,-67.0042,-0.2,-0.240202,0.0006,-10.53,14.613,87.5464,-0.702,0.0,13.911,13.911,904.22,50.0,854.22,-3.4917,65
short,2024-02-26 10:10:00+05:30,2024-02-26 12:20:00+05:30,22148.35,22089.897599984186,22168.08884517599,22089.897599984186,True,58.45,73.2,4.7,TRAIL_SL,130,-58.4524,-0.2,-0.235071,0.0006,-10.53,12.613,66.6253,-3.6504,0.0,8.9626,8.9626,582.57,50.0,532.57,-17.7779,65
short,2024-02-28 14:45:00+05:30,2024-02-29 09:25:00+05:30,22004.35,21941.721968092297,22024.420914598122,21941.721968092297,True,62.63,117.25,8.8,TRAIL_SL,1120,-62.628,-0.2,-0.237577,0.0006,-10.53,13.5846,76.4843,-31.4496,0.0,-17.865,-17.865,-1161.22,50.0,-1211.22,-131.3635,65
short,2024-02-29 09:35:00+05:30,2024-02-29 09:50:00+05:30,21949.9,21975.914831981718,21975.914831981718,21975.914831981718,False,-26.01,27.5,33.25,STOP_LOSS,15,26.0148,-0.2,-0.184391,0.0006,-10.53,-5.0202,13.197,-0.4212,0.0,-5.4414,-5.4414,-353.69,50.0,-403.69,-2.0994,65
long,2024-03-01 14:30:00+05:30,2024-03-01 15:15:00+05:30,22325.25,22335.05,22308.087260765515,22308.087260765515,False,9.8,28.05,9.6,SOFT_EOD_EXIT,45,9.8,0.2,0.20588,0.0006,-10.53,1.9859,1.8728,-1.2636,0.0,0.7223,0.7223,46.95,50.0,-3.05,6.2592,65
short,2024-03-05 09:40:00+05:30,2024-03-05 10:35:00+05:30,22374.95,22301.290462885572,22390.72827102032,22301.290462885572,True,73.66,96.3,0.0,TRAIL_SL,55,-73.6595,-0.2,-0.244196,0.0006,-10.53,16.1969,105.8017,-1.5444,0.0,14.6525,14.6525,952.41,50.0,902.41,-7.6346,65
short,2024-03-06 10:10:00+05:30,2024-03-06 11:45:00+05:30,22315.0,22252.29896308638,22342.390841548095,22252.29896308638,True,62.7,88.85,37.8,TRAIL_SL,95,-62.701,-0.2,-0.237621,0.0006,-10.53,13.6017,76.6627,-2.6676,0.0,10.9341,10.9341,710.72,50.0,660.72,-13.0813,65
long,2024-03-06 14:55:00+05:30,2024-03-06 15:15:00+05:30,22434.25,22471.4,22406.930447312578,22406.930447312578,False,37.15,56.45,0.0,SOFT_EOD_EXIT,20,37.15,0.2,0.22229,0.0006,-10.53,7.8026,26.9124,-0.5616,0.0,7.241,7.241,470.67,50.0,420.67,2.7963,65
long,2024-03-07 09:30:00+05:30,2024-03-07 10:40:00+05:30,22482.65,22451.28626147404,22451.28626147404,22451.28626147404,False,-31.36,19.95,43.45,STOP_LOSS,70,-31.3637,0.2,0.181182,0.0006,-10.53,-6.0072,19.1818,-1.9656,0.0,-7.9728,-7.9728,-518.23,50.0,-568.23,9.6872,65
short,2024-03-11 14:30:00+05:30,2024-03-11 14:50:00+05:30,22385.4,22399.69055684361,22399.69055684361,22399.69055684361,False,-14.29,6.05,21.2,STOP_LOSS,20,14.2906,-0.2,-0.191426,0.0006,-10.53,-2.803,3.9823,-0.5616,0.0,-3.3646,-3.3646,-218.7,50.0,-268.7,-2.7963,65
short,2024-03-13 14:45:00+05:30,2024-03-13 15:00:00+05:30,21972.1,21999.4219000263,21999.4219000263,21999.4219000263,False,-27.32,34.65,74.55,STOP_LOSS,15,27.3219,-0.2,-0.183607,0.0006,-10.53,-5.2628,14.5565,-0.4212,0.0,-5.684,-5.684,-369.46,50.0,-419.46,-2.0994,65
short,2024-03-18 09:50:00+05:30,2024-03-18 09:55:00+05:30,21985.5,22013.439738704277,22013.439738704277,22013.439738704277,False,-27.94,0.0,35.05,STOP_LOSS,5,27.9397,-0.2,-0.183236,0.0006,-10.53,-5.3772,15.2223,-0.1404,0.0,-5.5176,-5.5176,-358.64,50.0,-408.64,-0.7013,65
short,2024-03-22 09:35:00+05:30,2024-03-22 09:55:00+05:30,21958.15,21985.099150086902,21985.099150086902,21985.099150086902,False,-26.95,44.95,33.45,STOP_LOSS,20,26.9492,-0.2,-0.183831,0.0006,-10.53,-5.1937,14.162,-0.5616,0.0,-5.7553,-5.7553,-374.1,50.0,-424.1,-2.7963,65
long,2024-03-22 14:55:00+05:30,2024-03-22 15:05:00+05:30,22130.65,22106.69017290706,22106.69017290706,22106.69017290706,False,-23.96,5.1,33.7,STOP_LOSS,10,-23.9598,0.2,0.185624,0.0006,-10.53,-4.637,11.1944,-0.2808,0.0,-4.9178,-4.9178,-319.65,50.0,-369.65,1.4011,65
short,2024-03-26 09:50:00+05:30,2024-03-26 15:15:00+05:30,22045.75,21999.3,22069.025990833605,22069.025990833605,False,46.45,53.45,26.8,SOFT_EOD_EXIT,325,-46.45,-0.2,-0.22787,0.0006,-10.53,9.8726,42.0732,-9.126,0.0,0.7466,0.7466,48.53,50.0,-1.47,-42.8729,65
long,2024-03-28 10:25:00+05:30,2024-03-28 11:35:00+05:30,22285.35,22358.272201323995,22257.240060346176,22358.272201323995,True,72.92,88.15,6.85,TRAIL_SL,70,72.9222,0.2,0.243753,0.0006,-10.53,16.0202,103.6941,-1.9656,0.0,14.0546,14.0546,913.55,50.0,863.55,9.6872,65
long,2024-03-28 14:45:00+05:30,2024-03-28 14:55:00+05:30,22472.4,22444.141726993894,22444.141726993894,22444.141726993894,False,-28.26,6.2,56.35,STOP_LOSS,10,-28.2583,0.2,0.183045,0.0006,-10.53,-5.4361,15.5713,-0.2808,0.0,-5.7169,-5.7169,-371.6,50.0,-421.6,1.4011,65
long,2024-04-01 10:25:00+05:30,2024-04-01 11:00:00+05:30,22500.05,22471.820388813027,22471.820388813027,22471.820388813027,False,-28.23,6.45,36.55,STOP_LOSS,35,-28.2296,0.2,0.183062,0.0006,-10.53,-5.4308,15.5398,-0.9828,0.0,-6.4136,-6.4136,-416.88,50.0,-466.88,4.8783,65
short,2024-04-03 09:50:00+05:30,2024-04-03 10:00:00+05:30,22389.35,22404.10096715113,22404.10096715113,22404.10096715113,False,-14.75,4.95,39.25,STOP_LOSS,10,14.751,-0.2,-0.191149,0.0006,-10.53,-2.8914,4.243,-0.2808,0.0,-3.1722,-3.1722,-206.2,50.0,-256.2,-1.4011,65
long,2024-04-04 09:30:00+05:30,2024-04-04 09:50:00+05:30,22486.05,22437.377392882852,22437.377392882852,22437.377392882852,False,-48.67,15.5,99.05,STOP_LOSS,20,-48.6726,0.2,0.170796,0.0006,-10.53,-9.0949,46.1959,-0.5616,0.0,-9.6565,-9.6565,-627.67,50.0,-677.67,2.7963,65
short,2024-04-04 10:15:00+05:30,2024-04-04 10:55:00+05:30,22431.65,22343.3516553272,22466.73794554341,22343.3516553272,True,88.3,127.85,18.65,TRAIL_SL,40,-88.2983,-0.2,-0.252979,0.0006,-10.53,19.7648,152.0337,-1.1232,0.0,18.6416,18.6416,1211.7,50.0,1161.7,-5.5695,65
short,2024-04-05 09:45:00+05:30,2024-04-05 10:50:00+05:30,22475.95,22500.52415221703,22500.52415221703,22500.52415221703,False,-24.57,24.35,31.35,STOP_LOSS,65,24.5742,-0.2,-0.185256,0.0006,-10.53,-4.7518,11.7758,-1.8252,0.0,-6.577,-6.577,-427.5,50.0,-477.5,-9.0044,65
long,2024-04-08 09:55:00+05:30,2024-04-08 11:45:00+05:30,22591.65,22643.49496130515,22564.648602751768,22643.49496130515,True,51.84,60.4,5.05,TRAIL_SL,110,51.845,0.2,0.231107,0.0006,-10.53,11.0947,52.4141,-3.0888,0.0,8.0059,8.0059,520.39,50.0,470.39,15.1019,65
long,2024-04-09 10:15:00+05:30,2024-04-09 12:20:00+05:30,22736.3,22713.621919175108,22713.621919175108,22713.621919175108,False,-22.68,32.1,34.4,STOP_LOSS,125,-22.6781,0.2,0.186393,0.0006,-10.53,-4.3968,10.0288,-3.51,0.0,-7.9068,-7.9068,-513.94,50.0,-563.94,17.1108,65
short,2024-04-09 14:45:00+05:30,2024-04-09 15:15:00+05:30,22643.65,22647.3,22657.425919571142,22657.425919571142,False,-3.65,9.75,12.0,SOFT_EOD_EXIT,30,3.65,-0.2,-0.19781,0.0006,-10.53,-0.7264,0.2598,-0.8424,0.0,-1.5688,-1.5688,-101.97,50.0,-151.97,-4.1857,65
long,2024-04-10 09:50:00+05:30,2024-04-10 15:05:00+05:30,22698.4,22764.037047209094,22671.574294171514,22764.037047209094,True,65.64,77.3,24.7,TRAIL_SL,315,65.637,0.2,0.239382,0.0006,-10.53,14.2906,84.0103,-8.8452,0.0,5.4454,5.4454,353.95,50.0,303.95,41.6268,65
short,2024-04-12 10:25:00+05:30,2024-04-12 11:15:00+05:30,22648.1,22665.620797562657,22665.620797562657,22665.620797562657,False,-17.52,6.7,40.4,STOP_LOSS,50,17.5208,-0.2,-0.189488,0.0006,-10.53,-3.4213,5.9861,-1.404,0.0,-4.8253,-4.8253,-313.64,50.0,-363.64,-6.9476,65
short,2024-04-12 14:30:00+05:30,2024-04-12 15:15:00+05:30,22558.4,22520.6,22571.78631360823,22571.78631360823,False,37.8,47.85,4.1,SOFT_EOD_EXIT,45,-37.8,-0.2,-0.22268,0.0006,-10.53,7.9458,27.8624,-1.2636,0.0,6.6822,6.6822,434.34,50.0,384.34,-6.2592,65
short,2024-04-15 09:55:00+05:30,2024-04-15 10:20:00+05:30,22343.85,22371.427131491604,22371.427131491604,22371.427131491604,False,-27.58,9.85,41.55,STOP_LOSS,25,27.5771,-0.2,-0.183454,0.0006,-10.53,-5.3101,14.8297,-0.702,0.0,-6.0121,-6.0121,-390.79,50.0,-440.79,-3.4917,65
short,2024-04-15 14:35:00+05:30,2024-04-15 15:15:00+05:30,22323.35,22271.95,22338.03165563589,22338.03165563589,False,51.4,63.8,5.5,SOFT_EOD_EXIT,40,-51.4,-0.2,-0.23084,0.0006,-10.53,10.9933,51.5182,-1.1232,0.0,9.8701,9.8701,641.56,50.0,591.56,-5.5695,65
short,2024-04-16 09:55:00+05:30,2024-04-16 12:55:00+05:30,22198.55,22125.094366973226,22221.24026236164,22125.094366973226,True,73.46,84.8,15.2,TRAIL_SL,180,-73.4556,-0.2,-0.244073,0.0006,-10.53,16.148,105.2167,-5.0544,0.0,11.0936,11.0936,721.08,50.0,671.08,-24.3804,65
short,2024-04-19 10:00:00+05:30,2024-04-19 12:10:00+05:30,21894.2,21928.173413245408,21928.173413245408,21928.173413245408,False,-33.97,44.0,42.95,STOP_LOSS,130,33.9734,-0.2,-0.179616,0.0006,-10.53,-6.4831,22.5068,-3.6504,0.0,-10.1335,-10.1335,-658.67,50.0,-708.67,-17.7779,65
long,2024-04-22 09:45:00+05:30,2024-04-22 10:25:00+05:30,22209.45,22239.774660910938,22159.95613841097,22239.774660910938,True,30.32,56.75,0.8,TRAIL_SL,40,30.3247,0.2,0.218195,0.0006,-10.53,6.3132,17.9319,-1.1232,0.0,5.19,5.19,337.35,50.0,287.35,5.5695,65
long,2024-04-22 10:25:00+05:30,2024-04-22 12:05:00+05:30,22238.4,22298.33311747903,22202.640690612876,22298.33311747903,True,59.93,73.7,7.85,TRAIL_SL,100,59.9331,0.2,0.23596,0.0006,-10.53,12.9565,70.0436,-2.808,0.0,10.1485,10.1485,659.65,50.0,609.65,13.7562,65
long,2024-04-23 09:45:00+05:30,2024-04-23 15:15:00+05:30,22382.45,22370.35,22353.902520851712,22353.902520851712,False,-12.1,41.15,26.6,SOFT_EOD_EXIT,330,-12.1,0.2,0.19274,0.0006,-10.53,-2.3805,2.855,-9.2664,0.0,-11.6469,-11.6469,-757.05,50.0,-807.05,43.4944,65
long,2024-04-25 14:50:00+05:30,2024-04-25 15:15:00+05:30,22582.55,22552.7,22549.046166788194,22549.046166788194,False,-29.85,18.7,29.9,SOFT_EOD_EXIT,25,-29.85,0.2,0.18209,0.0006,-10.53,-5.7294,17.3749,-0.702,0.0,-6.4314,-6.4314,-418.04,50.0,-468.04,3.4917,65
long,2024-04-26 09:30:00+05:30,2024-04-26 10:00:00+05:30,22582.85,22549.98648607448,22549.98648607448,22549.98648607448,False,-32.86,26.8,36.4,STOP_LOSS,30,-32.8635,0.2,0.180282,0.0006,-10.53,-6.2811,21.0602,-0.8424,0.0,-7.1235,-7.1235,-463.03,50.0,-513.03,4.1857,65
short,2024-04-26 14:35:00+05:30,2024-04-26 14:45:00+05:30,22440.2,22453.92080982969,22453.92080982969,22453.92080982969,False,-13.72,4.65,15.4,STOP_LOSS,10,13.7208,-0.2,-0.191768,0.0006,-10.53,-2.6933,3.6711,-0.2808,0.0,-2.9741,-2.9741,-193.32,50.0,-243.32,-1.4011,65
long,2024-04-30 10:20:00+05:30,2024-04-30 14:35:00+05:30,22725.15,22769.6432245501,22698.576281284593,22769.6432245501,True,44.49,58.2,18.6,TRAIL_SL,255,44.4932,0.2,0.226696,0.0006,-10.53,9.4331,38.6031,-7.1604,0.0,2.2727,2.2727,147.73,50.0,97.73,34.0617,65
long,2024-04-30 14:35:00+05:30,2024-04-30 14:45:00+05:30,22759.0,22738.242969140756,22738.242969140756,22738.242969140756,False,-20.76,4.15,47.45,STOP_LOSS,10,-20.757,0.2,0.187546,0.0006,-10.53,-4.0351,8.4017,-0.2808,0.0,-4.3159,-4.3159,-280.53,50.0,-330.53,1.4011,65
short,2024-05-02 09:30:00+05:30,2024-05-02 10:05:00+05:30,22633.5,22660.87741076423,22660.87741076423,22660.87741076423,False,-27.38,15.8,40.85,STOP_LOSS,35,27.3774,-0.2,-0.183574,0.0006,-10.53,-5.2731,14.6157,-0.9828,0.0,-6.2559,-6.2559,-406.63,50.0,-456.63,-4.8783,65
short,2024-05-02 14:40:00+05:30,2024-05-02 15:15:00+05:30,22659.15,22643.35,22675.763173583102,22675.763173583102,False,15.8,25.7,32.75,SOFT_EOD_EXIT,35,-15.8,-0.2,-0.20948,0.0006,-10.53,3.2274,4.868,-0.9828,0.0,2.2446,2.2446,145.9,50.0,95.9,-4.8783,65
long,2024-05-03 10:00:00+05:30,2024-05-03 10:05:00+05:30,22761.25,22733.788212532683,22733.788212532683,22733.788212532683,False,-27.46,4.55,76.0,STOP_LOSS,5,-27.4618,0.2,0.183523,0.0006,-10.53,-5.2887,14.7059,-0.1404,0.0,-5.4291,-5.4291,-352.89,50.0,-402.89,0.7013,65
short,2024-05-08 09:35:00+05:30,2024-05-08 11:45:00+05:30,22262.5,22290.49541989207,22290.49541989207,22290.49541989207,False,-28.0,77.3,61.65,STOP_LOSS,130,27.9954,-0.2,-0.183203,0.0006,-10.53,-5.3875,15.283,-3.6504,0.0,-9.0379,-9.0379,-587.46,50.0,-637.46,-17.7779,65
short,2024-05-09 09:50:00+05:30,2024-05-09 10:55:00+05:30,22250.85,22149.97815004726,22274.687986559573,22149.97815004726,True,100.87,124.2,9.4,TRAIL_SL,65,-100.8718,-0.2,-0.260523,0.0006,-10.53,22.9217,198.415,-1.8252,0.0,21.0965,21.0965,1371.27,50.0,1321.27,-9.0044,65
short,2024-05-13 10:10:00+05:30,2024-05-13 11:05:00+05:30,21886.1,21911.833903244587,21911.833903244587,21911.833903244587,False,-25.73,65.05,35.45,STOP_LOSS,55,25.7339,-0.2,-0.18456,0.0006,-10.53,-4.968,12.9136,-1.5444,0.0,-6.5124,-6.5124,-423.3,50.0,-473.3,-7.6346,65
long,2024-05-14 09:30:00+05:30,2024-05-14 11:25:00+05:30,22123.3,22173.00799023448,22081.17111432569,22173.00799023448,True,49.71,66.5,42.05,TRAIL_SL,115,49.708,0.2,0.229825,0.0006,-10.53,10.6087,48.1822,-3.2292,0.0,7.3795,7.3795,479.67,50.0,429.67,15.7728,65
long,2024-05-16 09:30:00+05:30,2024-05-16 10:20:00+05:30,22261.35,22219.724432841645,22219.724432841645,22219.724432841645,False,-41.63,10.65,96.2,STOP_LOSS,50,-41.6256,0.2,0.175025,0.0006,-10.53,-7.8573,33.7874,-1.404,0.0,-9.2613,-9.2613,-601.98,50.0,-651.98,6.9476,65
long,2024-05-17 09:30:00+05:30,2024-05-17 10:45:00+05:30,22374.25,22441.006850119284,22326.98464003885,22441.006850119284,True,66.76,97.4,28.6,TRAIL_SL,75,66.7569,0.2,0.240054,0.0006,-10.53,14.5546,86.9013,-2.106,0.0,12.4486,12.4486,809.16,50.0,759.16,10.3687,65
long,2024-05-18 09:45:00+05:30,2024-05-18 09:50:00+05:30,22503.1,22486.08622914625,22486.08622914625,22486.08622914625,False,-17.01,7.55,22.6,STOP_LOSS,5,-17.0138,0.2,0.189792,0.0006,-10.53,-3.3246,5.6446,-0.1404,0.0,-3.465,-3.465,-225.22,50.0,-275.22,0.7013,65
long,2024-05-23 10:05:00+05:30,2024-05-23 10:35:00+05:30,22658.9,22691.973129389477,22627.642568674997,22691.973129389477,True,33.07,60.45,1.5,TRAIL_SL,30,33.0731,0.2,0.219844,0.0006,-10.53,6.91,21.3297,-0.8424,0.0,6.0676,6.0676,394.39,50.0,344.39,4.1857,65
long,2024-05-23 14:55:00+05:30,2024-05-23 15:20:00+05:30,22920.5,22975.45220324767,22888.296350226767,22975.45220324767,True,54.95,73.1,3.0,TRAIL_SL,25,54.9522,0.2,0.232971,0.0006,-10.53,11.8058,58.885,-0.702,0.0,11.1038,11.1038,721.75,50.0,671.75,3.4917,65
long,2024-05-24 09:40:00+05:30,2024-05-24 10:00:00+05:30,22972.3,22930.54474209525,22930.54474209525,22930.54474209525,False,-41.76,11.9,47.45,STOP_LOSS,20,-41.7553,0.2,0.174947,0.0006,-10.53,-7.8803,33.9983,-0.5616,0.0,-8.4419,-8.4419,-548.72,50.0,-598.72,2.7963,65
short,2024-05-28 09:30:00+05:30,2024-05-28 10:20:00+05:30,22957.45,22979.97644154243,22979.97644154243,22979.97644154243,False,-22.53,31.1,32.8,STOP_LOSS,50,22.5264,-0.2,-0.186484,0.0006,-10.53,-4.3683,9.8951,-1.404,0.0,-5.7723,-5.7723,-375.2,50.0,-425.2,-6.9476,65
short,2024-05-29 09:55:00+05:30,2024-05-29 10:40:00+05:30,22808.05,22740.0757631102,22826.021294509344,22740.0757631102,True,67.97,88.6,1.8,TRAIL_SL,45,-67.9742,-0.2,-0.240785,0.0006,-10.53,14.8424,90.0997,-1.2636,0.0,13.5788,13.5788,882.62,50.0,832.62,-6.2592,65
short,2024-05-30 10:20:00+05:30,2024-05-30 14:15:00+05:30,22590.45,22533.29697824811,22610.254207671005,22533.29697824811,True,57.15,71.9,27.4,TRAIL_SL,235,-57.153,-0.2,-0.234292,0.0006,-10.53,12.3126,63.6961,-6.5988,0.0,5.7138,5.7138,371.39,50.0,321.39,-31.5051,65
short,2024-05-31 14:55:00+05:30,2024-05-31 15:15:00+05:30,22518.05,22544.496644855546,22544.496644855546,22544.496644855546,False,-26.45,37.65,61.4,STOP_LOSS,20,26.4466,-0.2,-0.184132,0.0006,-10.53,-5.1005,13.6388,-0.5616,0.0,-5.6621,-5.6621,-368.04,50.0,-418.04,-2.7963,65
short,2024-06-04 09:50:00+05:30,2024-06-04 11:20:00+05:30,22785.45,22182.53505469055,22891.530037254088,22182.53505469055,True,602.91,784.85,95.35,TRAIL_SL,90,-602.9149,-0.2,-0.561749,0.0006,-10.53,218.7297,7088.3754,-2.5272,0.0,216.2025,216.2025,14053.16,50.0,14003.16,-12.4052,65
long,2024-06-06 09:45:00+05:30,2024-06-06 11:25:00+05:30,22696.35,22887.07882034043,22614.809982791983,22887.07882034043,True,190.73,213.8,0.65,TRAIL_SL,100,190.7288,0.2,0.314437,0.0006,-10.53,47.9677,709.3609,-2.808,0.0,45.1597,45.1597,2935.38,50.0,2885.38,13.7562,65
long,2024-06-07 10:15:00+05:30,2024-06-07 11:25:00+05:30,22958.0,23057.348423031883,22908.666381304418,23057.348423031883,True,99.35,124.9,41.4,TRAIL_SL,70,99.3484,0.2,0.259609,0.0006,-10.53,22.5346,192.4671,-1.9656,0.0,20.569,20.569,1336.99,50.0,1286.99,9.6872,65
long,2024-06-07 14:35:00+05:30,2024-06-07 15:10:00+05:30,23246.3,23288.959134875557,23207.55207962433,23288.959134875557,True,42.66,73.9,21.2,TRAIL_SL,35,42.6591,0.2,0.225595,0.0006,-10.53,9.0232,35.4861,-0.9828,0.0,8.0404,8.0404,522.62,50.0,472.62,4.8783,65
long,2024-06-10 09:40:00+05:30,2024-06-10 14:05:00+05:30,23324.75,23366.79804120043,23252.32914495827,23366.79804120043,True,42.05,52.6,91.7,TRAIL_SL,265,42.048,0.2,0.225229,0.0006,-10.53,8.887,34.4767,-7.4412,0.0,1.4458,1.4458,93.98,50.0,43.98,35.3333,65
short,2024-06-11 09:40:00+05:30,2024-06-11 10:00:00+05:30,23252.8,23277.39359904734,23277.39359904734,23277.39359904734,False,-24.59,2.45,46.45,STOP_LOSS,20,24.5936,-0.2,-0.185244,0.0006,-10.53,-4.7554,11.7945,-0.5616,0.0,-5.317,-5.317,-345.61,50.0,-395.61,-2.7963,65
long,2024-06-12 10:15:00+05:30,2024-06-12 10:45:00+05:30,23388.45,23423.109513037627,23359.513866073146,23423.109513037627,True,34.66,52.4,4.7,TRAIL_SL,30,34.6595,0.2,0.220796,0.0006,-10.53,7.2562,23.425,-0.8424,0.0,6.4138,6.4138,416.9,50.0,366.9,4.1857,65
short,2024-06-12 14:35:00+05:30,2024-06-12 15:15:00+05:30,23364.25,23323.15,23380.096726407017,23380.096726407017,False,41.1,50.5,29.9,SOFT_EOD_EXIT,40,-41.1,-0.2,-0.22466,0.0006,-10.53,8.6761,32.9396,-1.1232,0.0,7.5529,7.5529,490.94,50.0,440.94,-5.5695,65
long,2024-06-18 10:25:00+05:30,2024-06-18 15:15:00+05:30,23535.0,23561.55,23506.67911098759,23506.67911098759,False,26.55,28.0,21.3,SOFT_EOD_EXIT,290,26.55,0.2,0.21593,0.0006,-10.53,5.5003,13.7456,-8.1432,0.0,-2.6429,-2.6429,-171.79,50.0,-221.79,38.4934,65
long,2024-06-19 09:35:00+05:30,2024-06-19 10:10:00+05:30,23581.25,23545.761337357108,23545.761337357108,23545.761337357108,False,-35.49,14.45,58.25,STOP_LOSS,35,-35.4887,0.2,0.178707,0.0006,-10.53,-6.7577,24.5592,-0.9828,0.0,-7.7405,-7.7405,-503.13,50.0,-553.13,4.8783,65
short,2024-06-20 09:30:00+05:30,2024-06-20 11:00:00+05:30,23514.15,23550.628038269777,23550.628038269777,23550.628038269777,False,-36.48,71.55,49.25,STOP_LOSS,90,36.478,-0.2,-0.178113,0.0006,-10.53,-6.9363,25.9476,-2.5272,0.0,-9.4635,-9.4635,-615.13,50.0,-665.13,-12.4052,65
short,2024-06-21 14:45:00+05:30,2024-06-21 14:50:00+05:30,23472.15,23501.936092751075,23501.936092751075,23501.936092751075,False,-29.79,9.25,53.85,STOP_LOSS,5,29.7861,-0.2,-0.182128,0.0006,-10.53,-5.7177,17.3006,-0.1404,0.0,-5.8581,-5.8581,-380.77,50.0,-430.77,-0.7013,65
short,2024-06-24 09:50:00+05:30,2024-06-24 10:05:00+05:30,23414.0,23442.478738795893,23442.478738795893,23442.478738795893,False,-28.48,13.25,40.6,STOP_LOSS,15,28.4787,-0.2,-0.182913,0.0006,-10.53,-5.4768,15.8153,-0.4212,0.0,-5.898,-5.898,-383.37,50.0,-433.37,-2.0994,65
long,2024-06-25 09:50:00+05:30,2024-06-25 12:40:00+05:30,23586.65,23651.277006570668,23555.97132752465,23651.277006570668,True,64.63,79.5,24.6,TRAIL_SL,170,64.627,0.2,0.238776,0.0006,-10.53,14.0531,81.4447,-4.7736,0.0,9.2795,9.2795,603.17,50.0,553.17,23.0697,65
long,2024-06-25 14:40:00+05:30,2024-06-25 15:15:00+05:30,23690.3,23727.95,23670.95634653349,23670.95634653349,False,37.65,45.2,16.65,SOFT_EOD_EXIT,35,37.65,0.2,0.22259,0.0006,-10.53,7.9127,27.6417,-0.9828,0.0,6.9299,6.9299,450.45,50.0,400.45,4.8783,65
long,2024-06-26 14:55:00+05:30,2024-06-26 15:15:00+05:30,23874.05,23877.2,23854.190952929668,23854.190952929668,False,3.15,15.85,30.85,SOFT_EOD_EXIT,20,3.15,0.2,0.20189,0.0006,-10.53,0.6327,0.1935,-0.5616,0.0,0.0711,0.0711,4.62,50.0,-45.38,2.7963,65
long,2024-06-28 09:55:00+05:30,2024-06-28 12:15:00+05:30,24135.65,24097.45368539424,24097.45368539424,24097.45368539424,False,-38.2,16.2,62.95,STOP_LOSS,140,-38.1963,0.2,0.177082,0.0006,-10.53,-7.2453,28.4497,-3.9312,0.0,-11.1765,-11.1765,-726.48,50.0,-776.48,19.1083,65
short,2024-07-01 09:30:00+05:30,2024-07-01 09:40:00+05:30,24036.8,24058.37823167133,24058.37823167133,24058.37823167133,False,-21.58,2.45,44.95,STOP_LOSS,10,21.5782,-0.2,-0.187053,0.0006,-10.53,-4.1899,9.0796,-0.2808,0.0,-4.4707,-4.4707,-290.6,50.0,-340.6,-1.4011,65
long,2024-07-03 10:10:00+05:30,2024-07-03 15:15:00+05:30,24267.85,24293.4,24236.242384820456,24236.242384820456,False,25.55,29.3,31.6,SOFT_EOD_EXIT,305,25.55,0.2,0.21533,0.0006,-10.53,5.2863,12.7296,-8.5644,0.0,-3.2781,-3.2781,-213.08,50.0,-263.08,40.3766,65
long,2024-07-04 10:10:00+05:30,2024-07-04 10:20:00+05:30,24375.05,24350.926352204908,24350.926352204908,24350.926352204908,False,-24.12,10.95,37.9,STOP_LOSS,10,-24.1236,0.2,0.185526,0.0006,-10.53,-4.6676,11.348,-0.2808,0.0,-4.9484,-4.9484,-321.65,50.0,-371.65,1.4011,65
short,2024-07-05 10:05:00+05:30,2024-07-05 10:25:00+05:30,24207.85,24227.114344775575,24227.114344775575,24227.114344775575,False,-19.26,5.45,35.9,STOP_LOSS,20,19.2643,-0.2,-0.188441,0.0006,-10.53,-3.7527,7.2367,-0.5616,0.0,-4.3143,-4.3143,-280.43,50.0,-330.43,-2.7963,65
long,2024-07-08 09:35:00+05:30,2024-07-08 11:10:00+05:30,24306.55,24272.156158337733,24272.156158337733,24272.156158337733,False,-34.39,22.6,58.75,STOP_LOSS,95,-34.3938,0.2,0.179364,0.0006,-10.53,-6.5594,23.0673,-2.6676,0.0,-9.227,-9.227,-599.75,50.0,-649.75,13.0813,65
long,2024-07-09 09:45:00+05:30,2024-07-09 13:50:00+05:30,24355.2,24415.49363015033,24330.862471312932,24415.49363015033,True,60.29,73.95,15.25,TRAIL_SL,245,60.2936,0.2,0.236176,0.0006,-10.53,13.0403,70.8888,-6.8796,0.0,6.1607,6.1607,400.44,50.0,350.44,32.7857,65
long,2024-07-12 09:50:00+05:30,2024-07-12 11:05:00+05:30,24392.9,24559.0370315179,24360.551879491206,24559.0370315179,True,166.14,199.3,61.75,TRAIL_SL,75,166.137,0.2,0.299682,0.0006,-10.53,40.6798,538.2295,-2.106,0.0,38.5738,38.5738,2507.3,50.0,2457.3,10.3687,65
long,2024-07-12 14:30:00+05:30,2024-07-12 14:55:00+05:30,24559.85,24537.844750399192,24537.844750399192,24537.844750399192,False,-22.01,8.9,39.3,STOP_LOSS,25,-22.0052,0.2,0.186797,0.0006,-10.53,-4.2703,9.4425,-0.702,0.0,-4.9723,-4.9723,-323.2,50.0,-373.2,3.4917,65
long,2024-07-18 10:25:00+05:30,2024-07-18 10:55:00+05:30,24637.5,24608.43829139891,24608.43829139891,24608.43829139891,False,-29.06,18.4,46.0,STOP_LOSS,30,-29.0617,0.2,0.182563,0.0006,-10.53,-5.5843,16.4694,-0.8424,0.0,-6.4267,-6.4267,-417.74,50.0,-467.74,4.1857,65
long,2024-07-18 14:30:00+05:30,2024-07-18 15:15:00+05:30,24787.15,24808.5,24755.062212518453,24755.062212518453,False,21.35,50.6,12.95,SOFT_EOD_EXIT,45,21.35,0.2,0.21281,0.0006,-10.53,4.3931,8.8885,-1.2636,0.0,3.1295,3.1295,203.42,50.0,153.42,6.2592,65
short,2024-07-19 10:20:00+05:30,2024-07-19 12:00:00+05:30,24716.85,24638.60170067103,24736.423749550533,24638.60170067103,True,78.25,95.0,8.85,TRAIL_SL,100,-78.2483,-0.2,-0.246949,0.0006,-10.53,17.3028,119.3945,-2.808,0.0,14.4948,14.4948,942.16,50.0,892.16,-13.7562,65
short,2024-07-19 14:40:00+05:30,2024-07-19 15:15:00+05:30,24567.2,24526.55,24585.48206157925,24585.48206157925,False,40.65,59.05,19.5,SOFT_EOD_EXIT,35,-40.65,-0.2,-0.22439,0.0006,-10.53,8.5762,32.2222,-0.9828,0.0,7.5934,7.5934,493.57,50.0,443.57,-4.8783,65
short,2024-07-22 09:35:00+05:30,2024-07-22 09:55:00+05:30,24487.8,24519.83366431272,24519.83366431272,24519.83366431272,False,-32.03,10.9,51.1,STOP_LOSS,20,32.0337,-0.2,-0.18078,0.0006,-10.53,-6.1297,20.01,-0.5616,0.0,-6.6913,-6.6913,-434.93,50.0,-484.93,-2.7963,65
short,2024-07-25 10:00:00+05:30,2024-07-25 11:25:00+05:30,24300.85,24328.75114514335,24328.75114514335,24328.75114514335,False,-27.9,30.0,32.5,STOP_LOSS,85,27.9011,-0.2,-0.183259,0.0006,-10.53,-5.37,15.1802,-2.3868,0.0,-7.7568,-7.7568,-504.19,50.0,-554.19,-11.7277,65
long,2024-07-29 09:50:00+05:30,2024-07-29 12:05:00+05:30,24900.85,24978.069608328417,24863.54362726509,24978.069608328417,True,77.22,98.9,34.4,TRAIL_SL,135,77.2196,0.2,0.246332,0.0006,-10.53,17.0539,116.2759,-3.7908,0.0,13.2631,13.2631,862.1,50.0,812.1,18.4437,65
long,2024-08-01 09:50:00+05:30,2024-08-01 11:40:00+05:30,25033.7,25007.751450710024,25007.751450710024,25007.751450710024,False,-25.95,22.9,35.55,STOP_LOSS,110,-25.9485,0.2,0.184431,0.0006,-10.53,-5.0079,13.1299,-3.0888,0.0,-8.0967,-8.0967,-526.29,50.0,-576.29,15.1019,65
short,2024-08-02 10:10:00+05:30,2024-08-02 10:35:00+05:30,24778.9,24803.184406492714,24803.184406492714,24803.184406492714,False,-24.28,32.9,30.7,STOP_LOSS,25,24.2844,-0.2,-0.185429,0.0006,-10.53,-4.6977,11.4998,-0.702,0.0,-5.3997,-5.3997,-350.98,50.0,-400.98,-3.4917,65
short,2024-08-05 09:55:00+05:30,2024-08-05 11:25:00+05:30,24332.45,23945.92333416727,24374.32490191315,23945.92333416727,True,386.53,438.75,5.05,TRAIL_SL,90,-386.5267,-0.2,-0.431916,0.0006,-10.53,117.6441,2913.3558,-2.5272,0.0,115.1169,115.1169,7482.6,50.0,7432.6,-12.4052,65
short,2024-08-06 14:55:00+05:30,2024-08-06 15:15:00+05:30,24013.7,23994.15,24043.026163128223,24043.026163128223,False,19.55,50.2,15.5,SOFT_EOD_EXIT,20,-19.55,-0.2,-0.21173,0.0006,-10.53,4.0132,7.4529,-0.5616,0.0,3.4516,3.4516,224.35,50.0,174.35,-2.7963,65
short,2024-08-08 14:30:00+05:30,2024-08-09 09:15:00+05:30,24163.3,24098.87675562911,24186.29738214773,24098.87675562911,True,64.42,83.6,224.05,TRAIL_SL,1125,-64.4232,-0.2,-0.238654,0.0006,-10.53,14.0052,80.9319,-31.59,0.0,-17.5848,-17.5848,-1143.01,50.0,-1193.01,-131.8667,65
long,2024-08-09 10:05:00+05:30,2024-08-09 15:15:00+05:30,24351.3,24363.5,24307.39308792078,24307.39308792078,False,12.2,38.3,40.1,SOFT_EOD_EXIT,310,12.2,0.2,0.20732,0.0006,-10.53,2.4802,2.9024,-8.7048,0.0,-6.2246,-6.2246,-404.6,50.0,-454.6,41.0022,65
short,2024-08-12 10:05:00+05:30,2024-08-12 10:15:00+05:30,24256.75,24279.151133821102,24279.151133821102,24279.151133821102,False,-22.4,18.85,41.55,STOP_LOSS,10,22.4011,-0.2,-0.186559,0.0006,-10.53,-4.3447,9.7853,-0.2808,0.0,-4.6255,-4.6255,-300.66,50.0,-350.66,-1.4011,65
short,2024-08-13 09:40:00+05:30,2024-08-13 13:05:00+05:30,24339.85,24223.506049973417,24362.333851199437,24223.506049973417,True,116.34,136.65,18.15,TRAIL_SL,205,-116.344,-0.2,-0.269806,0.0006,-10.53,26.9235,263.9503,-5.7564,0.0,21.1671,21.1671,1375.86,50.0,1325.86,-27.6363,65
short,2024-08-13 14:50:00+05:30,2024-08-13 15:15:00+05:30,24150.85,24131.9,24170.056731843186,24170.056731843186,False,18.95,31.5,14.05,SOFT_EOD_EXIT,25,-18.95,-0.2,-0.21137,0.0006,-10.53,3.887,7.0025,-0.702,0.0,3.185,3.185,207.02,50.0,157.02,-3.4917,65
short,2024-08-14 09:40:00+05:30,2024-08-14 09:45:00+05:30,24128.35,24149.13695435378,24149.13695435378,24149.13695435378,False,-20.79,0.0,46.05,STOP_LOSS,5,20.787,-0.2,-0.187528,0.0006,-10.53,-4.0407,8.4259,-0.1404,0.0,-4.1811,-4.1811,-271.77,50.0,-321.77,-0.7013,65
long,2024-08-16 14:35:00+05:30,2024-08-16 15:25:00+05:30,24491.05,24542.10734362603,24466.081007947596,24542.10734362603,True,51.06,72.85,17.8,TRAIL_SL,50,51.0573,0.2,0.230634,0.0006,-10.53,10.9153,50.8336,-1.404,0.0,9.5113,9.5113,618.24,50.0,568.24,6.9476,65
long,2024-08-19 09:55:00+05:30,2024-08-19 10:50:00+05:30,24585.25,24552.998804253708,24552.998804253708,24552.998804253708,False,-32.25,16.85,43.65,STOP_LOSS,55,-32.2512,0.2,0.180649,0.0006,-10.53,-6.1694,20.2827,-1.5444,0.0,-7.7138,-7.7138,-501.4,50.0,-551.4,7.6346,65
long,2024-08-22 09:55:00+05:30,2024-08-22 15:15:00+05:30,24809.25,24814.05,24781.702821204166,24781.702821204166,False,4.8,38.55,16.2,SOFT_EOD_EXIT,320,4.8,0.2,0.20288,0.0006,-10.53,0.9662,0.4493,-8.9856,0.0,-8.0194,-8.0194,-521.26,50.0,-571.26,42.2504,65
short,2024-08-28 09:45:00+05:30,2024-08-28 10:35:00+05:30,25009.7,25028.253997489363,25028.253997489363,25028.253997489363,False,-18.55,21.75,19.7,STOP_LOSS,50,18.554,-0.2,-0.188868,0.0006,-10.53,-3.6179,6.7129,-1.404,0.0,-5.0219,-5.0219,-326.42,50.0,-376.42,-6.9476,65
short,2024-08-29 09:30:00+05:30,2024-08-29 09:40:00+05:30,25046.65,25060.782375116705,25060.782375116705,25060.782375116705,False,-14.13,2.95,27.45,STOP_LOSS,10,14.1324,-0.2,-0.191521,0.0006,-10.53,-2.7725,3.8946,-0.2808,0.0,-3.0533,-3.0533,-198.47,50.0,-248.47,-1.4011,65
long,2024-08-30 10:00:00+05:30,2024-08-30 15:15:00+05:30,25219.15,25243.1,25181.21628689341,25181.21628689341,False,23.95,44.05,15.15,SOFT_EOD_EXIT,315,23.95,0.2,0.21437,0.0006,-10.53,4.9449,11.1852,-8.8452,0.0,-3.9003,-3.9003,-253.52,50.0,-303.52,41.6268,65
long,2024-09-02 09:55:00+05:30,2024-09-02 12:45:00+05:30,25297.0,25270.34161077684,25270.34161077684,25270.34161077684,False,-26.66,25.0,39.45,STOP_LOSS,170,-26.6584,0.2,0.184005,0.0006,-10.53,-5.1398,13.8581,-4.7736,0.0,-9.9134,-9.9134,-644.37,50.0,-694.37,23.0697,65
short,2024-09-04 10:05:00+05:30,2024-09-04 13:10:00+05:30,25136.75,25152.499263937385,25152.499263937385,25152.499263937385,False,-15.75,42.1,21.65,STOP_LOSS,185,15.7493,-0.2,-0.19055,0.0006,-10.53,-3.0829,4.8368,-5.1948,0.0,-8.2777,-8.2777,-538.05,50.0,-588.05,-25.034,65
short,2024-09-06 14:50:00+05:30,2024-09-06 15:05:00+05:30,24837.45,24851.162030349573,24851.162030349573,24851.162030349573,False,-13.71,36.15,16.75,STOP_LOSS,15,13.712,-0.2,-0.191773,0.0006,-10.53,-2.6916,3.6664,-0.4212,0.0,-3.1128,-3.1128,-202.33,50.0,-252.33,-2.0994,65
short,2024-09-09 09:40:00+05:30,2024-09-09 09:45:00+05:30,24829.3,24858.34355389394,24858.34355389394,24858.34355389394,False,-29.04,0.1,39.15,STOP_LOSS,5,29.0436,-0.2,-0.182574,0.0006,-10.53,-5.581,16.4488,-0.1404,0.0,-5.7214,-5.7214,-371.89,50.0,-421.89,-0.7013,65
long,2024-09-13 09:30:00+05:30,2024-09-13 15:15:00+05:30,25336.9,25359.65,25285.17039226857,25285.17039226857,False,22.75,56.9,20.55,SOFT_EOD_EXIT,345,22.75,0.2,0.21365,0.0006,-10.53,4.6897,10.0925,-9.6876,0.0,-4.9979,-4.9979,-324.86,50.0,-374.86,45.3527,65
long,2024-09-16 10:00:00+05:30,2024-09-16 11:05:00+05:30,25413.15,25388.452611375065,25388.452611375065,25388.452611375065,False,-24.7,13.25,39.5,STOP_LOSS,65,-24.6974,0.2,0.185182,0.0006,-10.53,-4.7748,11.8942,-1.8252,0.0,-6.6,-6.6,-429.0,50.0,-479.0,9.0044,65
short,2024-09-18 14:30:00+05:30,2024-09-18 15:00:00+05:30,25348.0,25366.74020843898,25366.74020843898,25366.74020843898,False,-18.74,17.25,54.9,STOP_LOSS,30,18.7402,-0.2,-0.188756,0.0006,-10.53,-3.6532,6.8483,-0.8424,0.0,-4.4956,-4.4956,-292.22,50.0,-342.22,-4.1857,65
long,2024-09-19 09:50:00+05:30,2024-09-19 11:20:00+05:30,25538.1,25488.963369301255,25488.963369301255,25488.963369301255,False,-49.14,14.15,86.75,STOP_LOSS,90,-49.1366,0.2,0.170518,0.0006,-10.53,-9.1754,47.081,-2.5272,0.0,-11.7026,-11.7026,-760.67,50.0,-810.67,12.4052,65
long,2024-09-23 10:10:00+05:30,2024-09-23 11:35:00+05:30,25897.05,25862.893142321616,25862.893142321616,25862.893142321616,False,-34.16,4.6,42.85,STOP_LOSS,85,-34.1569,0.2,0.179506,0.0006,-10.53,-6.5164,22.7505,-2.3868,0.0,-8.9032,-8.9032,-578.71,50.0,-628.71,11.7277,65
long,2024-09-23 14:50:00+05:30,2024-09-23 15:15:00+05:30,25928.15,25936.75,25910.993526715276,25910.993526715276,False,8.6,27.85,8.25,SOFT_EOD_EXIT,25,8.6,0.2,0.20516,0.0006,-10.53,1.74,1.4422,-0.702,0.0,1.038,1.038,67.47,50.0,17.47,3.4917,65
long,2024-09-24 10:10:00+05:30,2024-09-24 11:20:00+05:30,25956.15,25933.116991170973,25933.116991170973,25933.116991170973,False,-23.03,25.35,35.8,STOP_LOSS,70,-23.033,0.2,0.18618,0.0006,-10.53,-4.4634,10.3451,-1.9656,0.0,-6.429,-6.429,-417.88,50.0,-467.88,9.6872,65
long,2024-09-26 09:40:00+05:30,2024-09-26 12:30:00+05:30,26031.15,26088.94923317494,26003.544449234683,26088.94923317494,True,57.8,80.25,4.05,TRAIL_SL,170,57.7992,0.2,0.23468,0.0006,-10.53,12.4618,65.1447,-4.7736,0.0,7.6882,7.6882,499.74,50.0,449.74,23.0697,65
short,2024-10-03 14:35:00+05:30,2024-10-03 15:15:00+05:30,25251.65,25255.5,25273.427889360384,25273.427889360384,False,-3.85,13.6,22.2,SOFT_EOD_EXIT,40,3.85,-0.2,-0.19769,0.0006,-10.53,-0.766,0.289,-1.1232,0.0,-1.8892,-1.8892,-122.8,50.0,-172.8,-5.5695,65
short,2024-10-04 09:30:00+05:30,2024-10-04 09:50:00+05:30,25198.75,25234.885688139315,25234.885688139315,25234.885688139315,False,-36.14,40.75,64.95,STOP_LOSS,20,36.1357,-0.2,-0.178319,0.0006,-10.53,-6.8746,25.4629,-0.5616,0.0,-7.4362,-7.4362,-483.35,50.0,-533.35,-2.7963,65
short,2024-10-07 14:30:00+05:30,2024-10-07 14:40:00+05:30,24766.55,24799.345653686716,24799.345653686716,24799.345653686716,False,-32.8,25.4,50.1,STOP_LOSS,10,32.7957,-0.2,-0.180323,0.0006,-10.53,-6.2687,20.9733,-0.2808,0.0,-6.5495,-6.5495,-425.72,50.0,-475.72,-1.4011,65
long,2024-10-09 10:25:00+05:30,2024-10-09 11:25:00+05:30,25117.6,25214.521460688247,25068.835816435345,25214.521460688247,True,96.92,116.45,0.0,TRAIL_SL,60,96.9215,0.2,0.258153,0.0006,-10.53,21.9206,183.1785,-1.6848,0.0,20.2358,20.2358,1315.33,50.0,1265.33,8.3202,65
short,2024-10-09 14:45:00+05:30,2024-10-09 15:15:00+05:30,25064.8,24984.30850006172,25087.415491413463,24984.30850006172,True,80.49,117.1,1.8,TRAIL_SL,30,-80.4915,-0.2,-0.248295,0.0006,-10.53,17.8476,126.3382,-0.8424,0.0,17.0052,17.0052,1105.34,50.0,1055.34,-4.1857,65
short,2024-10-10 09:30:00+05:30,2024-10-10 09:55:00+05:30,25031.35,25057.514220595058,25057.514220595058,25057.514220595058,False,-26.16,35.5,52.2,STOP_LOSS,25,26.1642,-0.2,-0.184301,0.0006,-10.53,-5.048,13.349,-0.702,0.0,-5.75,-5.75,-373.75,50.0,-423.75,-3.4917,65
short,2024-10-11 09:40:00+05:30,2024-10-11 09:45:00+05:30,24975.8,24995.67705905557,24995.67705905557,24995.67705905557,False,-19.88,3.9,30.35,STOP_LOSS,5,19.8771,-0.2,-0.188074,0.0006,-10.53,-3.8687,7.7044,-0.1404,0.0,-4.0091,-4.0091,-260.59,50.0,-310.59,-0.7013,65
long,2024-10-14 10:15:00+05:30,2024-10-14 12:15:00+05:30,25088.55,25145.645765411606,25057.364400919083,25145.645765411606,True,57.1,71.2,14.7,TRAIL_SL,120,57.0958,0.2,0.234257,0.0006,-10.53,12.2993,63.5686,-3.3696,0.0,8.9297,8.9297,580.43,50.0,530.43,16.4425,65
long,2024-10-15 09:35:00+05:30,2024-10-15 09:45:00+05:30,25169.85,25144.87813088426,25144.87813088426,25144.87813088426,False,-24.97,8.6,55.65,STOP_LOSS,10,-24.9719,0.2,0.185017,0.0006,-10.53,-4.826,12.1601,-0.2808,0.0,-5.1068,-5.1068,-331.94,50.0,-381.94,1.4011,65
short,2024-10-17 10:25:00+05:30,2024-10-17 13:35:00+05:30,24838.05,24771.09036676064,24860.437281766248,24771.09036676064,True,66.96,82.85,22.6,TRAIL_SL,190,-66.9596,-0.2,-0.240176,0.0006,-10.53,14.6025,87.4301,-5.3352,0.0,9.2673,9.2673,602.37,50.0,552.37,-25.6863,65
short,2024-10-18 09:35:00+05:30,2024-10-18 09:45:00+05:30,24652.0,24681.666088890055,24681.666088890055,24681.666088890055,False,-29.67,20.5,53.6,STOP_LOSS,10,29.6661,-0.2,-0.1822,0.0006,-10.53,-5.6956,17.1615,-0.2808,0.0,-5.9764,-5.9764,-388.47,50.0,-438.47,-1.4011,65
short,2024-10-18 09:55:00+05:30,2024-10-18 10:25:00+05:30,24646.4,24682.314289181017,24682.314289181017,24682.314289181017,False,-35.91,18.35,56.6,STOP_LOSS,30,35.9143,-0.2,-0.178451,0.0006,-10.53,-6.8346,25.1518,-0.8424,0.0,-7.677,-7.677,-499.01,50.0,-549.01,-4.1857,65
short,2024-10-21 10:10:00+05:30,2024-10-21 12:15:00+05:30,24804.05,24736.782339288042,24843.4418473637,24736.782339288042,True,67.27,93.1,39.3,TRAIL_SL,125,-67.2677,-0.2,-0.240361,0.0006,-10.53,14.6753,88.2363,-3.51,0.0,11.1653,11.1653,725.74,50.0,675.74,-17.1108,65
short,2024-10-25 14:40:00+05:30,2024-10-25 14:45:00+05:30,24093.35,24108.303371313767,24108.303371313767,24108.303371313767,False,-14.95,2.3,31.05,STOP_LOSS,5,14.9534,-0.2,-0.191028,0.0006,-10.53,-2.9303,4.3603,-0.1404,0.0,-3.0707,-3.0707,-199.6,50.0,-249.6,-0.7013,65
short,2024-10-29 10:10:00+05:30,2024-10-29 12:00:00+05:30,24225.15,24257.41049080779,24257.41049080779,24257.41049080779,False,-32.26,84.3,61.75,STOP_LOSS,110,32.2605,-0.2,-0.180644,0.0006,-10.53,-6.1711,20.2944,-3.0888,0.0,-9.2599,-9.2599,-601.89,50.0,-651.89,-15.1019,65
short,2024-10-30 14:30:00+05:30,2024-10-30 15:15:00+05:30,24362.8,24342.05,24380.326082726846,24380.326082726846,False,20.75,34.8,6.35,SOFT_EOD_EXIT,45,-20.75,-0.2,-0.21245,0.0006,-10.53,4.2663,8.396,-1.2636,0.0,3.0027,3.0027,195.17,50.0,145.17,-6.2592,65
short,2024-10-31 09:45:00+05:30,2024-10-31 12:55:00+05:30,24293.3,24201.817501089925,24317.170284211905,24201.817501089925,True,91.48,102.15,11.35,TRAIL_SL,190,-91.4825,-0.2,-0.254889,0.0006,-10.53,20.5561,163.1964,-5.3352,0.0,15.2209,15.2209,989.36,50.0,939.36,-25.6863,65
short,2024-10-31 14:35:00+05:30,2024-10-31 14:40:00+05:30,24194.55,24205.043679972314,24205.043679972314,24205.043679972314,False,-10.49,0.65,26.75,STOP_LOSS,5,10.4937,-0.2,-0.193704,0.0006,-10.53,-2.069,2.1473,-0.1404,0.0,-2.2094,-2.2094,-143.61,50.0,-193.61,-0.7013,65
long,2024-11-06 10:20:00+05:30,2024-11-06 10:25:00+05:30,24366.3,24327.010918606815,24327.010918606815,24327.010918606815,False,-39.29,0.45,45.6,STOP_LOSS,5,-39.2891,0.2,0.176427,0.0006,-10.53,-7.441,30.1008,-0.1404,0.0,-7.5814,-7.5814,-492.79,50.0,-542.79,0.7013,65
short,2024-11-08 09:35:00+05:30,2024-11-08 09:45:00+05:30,24153.25,24186.490506485705,24186.490506485705,24186.490506485705,False,-33.24,6.8,122.9,STOP_LOSS,10,33.2405,-0.2,-0.180056,0.0006,-10.53,-6.3498,21.5462,-0.2808,0.0,-6.6306,-6.6306,-430.99,50.0,-480.99,-1.4011,65
short,2024-11-11 09:35:00+05:30,2024-11-11 09:45:00+05:30,24124.15,24152.09509998013,24152.09509998013,24152.09509998013,False,-27.95,26.8,52.55,STOP_LOSS,10,27.9451,-0.2,-0.183233,0.0006,-10.53,-5.3782,15.2281,-0.2808,0.0,-5.659,-5.659,-367.83,50.0,-417.83,-1.4011,65
short,2024-11-12 14:35:00+05:30,2024-11-13 09:20:00+05:30,23945.8,23854.235094543,23975.05253114414,23854.235094543,True,91.56,165.5,16.5,TRAIL_SL,1125,-91.5649,-0.2,-0.254939,0.0006,-10.53,20.5767,163.4906,-31.59,0.0,-11.0133,-11.0133,-715.86,50.0,-765.86,-131.8667,65
short,2024-11-13 09:55:00+05:30,2024-11-13 10:25:00+05:30,23793.9,23723.694565851973,23831.20042657625,23723.694565851973,True,70.21,114.55,1.45,TRAIL_SL,30,-70.2054,-0.2,-0.242123,0.0006,-10.53,15.3719,96.1117,-0.8424,0.0,14.5295,14.5295,944.42,50.0,894.42,-4.1857,65
short,2024-11-13 10:25:00+05:30,2024-11-13 13:10:00+05:30,23729.0,23656.726255148984,23761.68224117659,23656.726255148984,True,72.27,96.95,53.25,TRAIL_SL,165,-72.2737,-0.2,-0.243364,0.0006,-10.53,15.8651,101.8581,-4.6332,0.0,11.2319,11.2319,730.07,50.0,680.07,-22.4125,65
short,2024-11-14 09:30:00+05:30,2024-11-14 10:00:00+05:30,23586.55,23618.505910688073,23618.505910688073,23618.505910688073,False,-31.96,85.9,89.35,STOP_LOSS,30,31.9559,-0.2,-0.180826,0.0006,-10.53,-6.1155,19.913,-0.8424,0.0,-6.9579,-6.9579,-452.26,50.0,-502.26,-4.1857,65
short,2024-11-18 10:10:00+05:30,2024-11-18 10:55:00+05:30,23450.0,23374.936651858457,23482.855386918127,23374.936651858457,True,75.06,99.6,10.6,TRAIL_SL,45,-75.0633,-0.2,-0.245038,0.0006,-10.53,16.534,109.8729,-1.2636,0.0,15.2704,15.2704,992.58,50.0,942.58,-6.2592,65
short,2024-11-18 14:45:00+05:30,2024-11-18 15:15:00+05:30,23459.5,23462.55,23479.64750906558,23479.64750906558,False,-3.05,23.6,16.25,SOFT_EOD_EXIT,30,3.05,-0.2,-0.19817,0.0006,-10.53,-0.6075,0.1814,-0.8424,0.0,-1.4499,-1.4499,-94.24,50.0,-144.24,-4.1857,65
short,2024-11-21 10:00:00+05:30,2024-11-21 15:15:00+05:30,23345.8,23349.4,23383.2179609116,23383.2179609116,False,-3.6,49.45,30.7,SOFT_EOD_EXIT,315,3.6,-0.2,-0.19784,0.0006,-10.53,-0.7165,0.2527,-8.8452,0.0,-9.5617,-9.5617,-621.51,50.0,-671.51,-41.6268,65
long,2024-11-22 14:35:00+05:30,2024-11-22 15:15:00+05:30,23845.5,23911.56573742373,23795.05511893352,23911.56573742373,True,66.07,110.6,14.0,TRAIL_SL,40,66.0657,0.2,0.239639,0.0006,-10.53,14.3916,85.1113,-1.1232,0.0,13.2684,13.2684,862.45,50.0,812.45,5.5695,65
long,2024-11-28 10:20:00+05:30,2024-11-28 10:30:00+05:30,24315.2,24289.47212370782,24289.47212370782,24289.47212370782,False,-25.73,5.45,111.05,STOP_LOSS,10,-25.7279,0.2,0.184563,0.0006,-10.53,-4.9669,12.9075,-0.2808,0.0,-5.2477,-5.2477,-341.1,50.0,-391.1,1.4011,65
short,2024-11-28 14:30:00+05:30,2024-11-28 15:15:00+05:30,23974.1,23921.259464968654,24012.811821235977,23921.259464968654,True,52.84,89.9,0.0,TRAIL_SL,45,-52.8405,-0.2,-0.231704,0.0006,-10.53,11.322,54.4464,-1.2636,0.0,10.0584,10.0584,653.79,50.0,603.79,-6.2592,65
short,2024-12-02 09:30:00+05:30,2024-12-02 09:40:00+05:30,24087.65,24115.725959830692,24115.725959830692,24115.725959830692,False,-28.08,3.4,41.75,STOP_LOSS,10,28.076,-0.2,-0.183154,0.0006,-10.53,-5.4024,15.3711,-0.2808,0.0,-5.6832,-5.6832,-369.41,50.0,-419.41,-1.4011,65
long,2024-12-02 14:55:00+05:30,2024-12-02 15:15:00+05:30,24262.3,24261.0,24234.766755509932,24234.766755509932,False,-1.3,26.05,5.3,SOFT_EOD_EXIT,20,-1.3,0.2,0.19922,0.0006,-10.53,-0.2595,0.033,-0.5616,0.0,-0.8211,-0.8211,-53.37,50.0,-103.37,2.7963,65
long,2024-12-04 10:10:00+05:30,2024-12-04 11:55:00+05:30,24542.85,24515.65646535468,24515.65646535468,24515.65646535468,False,-27.19,13.35,176.55,STOP_LOSS,105,-27.1935,0.2,0.183684,0.0006,-10.53,-5.239,14.42,-2.9484,0.0,-8.1874,-8.1874,-532.18,50.0,-582.18,14.4297,65
short,2024-12-05 10:20:00+05:30,2024-12-05 11:00:00+05:30,24425.85,24358.749173197884,24452.562055159553,24358.749173197884,True,67.1,130.3,15.9,TRAIL_SL,40,-67.1008,-0.2,-0.24026,0.0006,-10.53,14.6358,87.7992,-1.1232,0.0,13.5126,13.5126,878.32,50.0,828.32,-5.5695,65
short,2024-12-09 10:25:00+05:30,2024-12-09 11:10:00+05:30,24611.95,24632.23637641634,24632.23637641634,24632.23637641634,False,-20.29,22.9,34.1,STOP_LOSS,45,20.2864,-0.2,-0.187828,0.0006,-10.53,-3.9462,8.025,-1.2636,0.0,-5.2098,-5.2098,-338.63,50.0,-388.63,-6.2592,65
short,2024-12-09 14:30:00+05:30,2024-12-09 14:45:00+05:30,24616.8,24628.820994126057,24628.820994126057,24628.820994126057,False,-12.02,12.75,28.45,STOP_LOSS,15,12.021,-0.2,-0.192787,0.0006,-10.53,-2.3652,2.8178,-0.4212,0.0,-2.7864,-2.7864,-181.11,50.0,-231.11,-2.0994,65
long,2024-12-13 14:35:00+05:30,2024-12-16 09:15:00+05:30,24732.6,24773.80940684301,24692.387258606366,24773.80940684301,True,41.21,59.7,26.75,TRAIL_SL,4000,41.2094,0.2,0.224726,0.0006,-10.53,8.7004,33.1152,-112.32,0.0,-103.6196,-103.6196,-6735.27,50.0,-6785.27,363.4529,65
short,2024-12-17 14:40:00+05:30,2024-12-17 15:05:00+05:30,24331.85,24349.747102223468,24349.747102223468,24349.747102223468,False,-17.9,28.4,30.6,STOP_LOSS,25,17.8971,-0.2,-0.189262,0.0006,-10.53,-3.4929,6.246,-0.702,0.0,-4.1949,-4.1949,-272.67,50.0,-322.67,-3.4917,65
short,2024-12-18 09:30:00+05:30,2024-12-18 09:35:00+05:30,24313.0,24336.835893310385,24336.835893310385,24336.835893310385,False,-23.84,11.9,40.8,STOP_LOSS,5,23.8359,-0.2,-0.185698,0.0006,-10.53,-4.6138,11.0789,-0.1404,0.0,-4.7542,-4.7542,-309.02,50.0,-359.02,-0.7013,65
short,2024-12-18 10:20:00+05:30,2024-12-18 10:40:00+05:30,24272.05,24300.908008997078,24300.908008997078,24300.908008997078,False,-28.86,17.1,33.85,STOP_LOSS,20,28.858,-0.2,-0.182685,0.0006,-10.53,-5.5467,16.2393,-0.5616,0.0,-6.1083,-6.1083,-397.04,50.0,-447.04,-2.7963,65
short,2024-12-19 09:50:00+05:30,2024-12-19 15:15:00+05:30,23981.2,23934.65,24019.871630848822,24019.871630848822,False,46.55,63.8,23.7,SOFT_EOD_EXIT,325,-46.55,-0.2,-0.22793,0.0006,-10.53,9.8951,42.2546,-9.126,0.0,0.7691,0.7691,49.99,50.0,-0.01,-42.8729,65
short,2024-12-20 10:20:00+05:30,2024-12-20 10:35:00+05:30,23881.4,23930.402589949976,23930.402589949976,23930.402589949976,False,-49.0,13.3,69.4,STOP_LOSS,15,49.0026,-0.2,-0.170598,0.0006,-10.53,-9.1522,46.8244,-0.4212,0.0,-9.5734,-9.5734,-622.27,50.0,-672.27,-2.0994,65
short,2024-12-30 10:00:00+05:30,2024-12-30 10:25:00+05:30,23760.65,23785.33135124143,23785.33135124143,23785.33135124143,False,-24.68,14.1,35.65,STOP_LOSS,25,24.6814,-0.2,-0.185191,0.0006,-10.53,-4.7718,11.8788,-0.702,0.0,-5.4738,-5.4738,-355.8,50.0,-405.8,-3.4917,65
short,2024-12-30 14:30:00+05:30,2024-12-30 14:55:00+05:30,23658.25,23678.83542287042,23678.83542287042,23678.83542287042,False,-20.59,17.4,49.25,STOP_LOSS,25,20.5854,-0.2,-0.187649,0.0006,-10.53,-4.0027,8.2633,-0.702,0.0,-4.7047,-4.7047,-305.8,50.0,-355.8,-3.4917,65
short,2024-12-31 09:35:00+05:30,2024-12-31 10:15:00+05:30,23580.7,23492.622356781645,23610.360744918456,23492.622356781645,True,88.08,120.25,3.8,TRAIL_SL,40,-88.0776,-0.2,-0.252847,0.0006,-10.53,19.7101,151.2746,-1.1232,0.0,18.5869,18.5869,1208.15,50.0,1158.15,-5.5695,65
short,2024-12-31 10:15:00+05:30,2024-12-31 10:50:00+05:30,23521.8,23551.642553180114,23551.642553180114,23551.642553180114,False,-29.84,23.1,70.25,STOP_LOSS,35,29.8426,-0.2,-0.182094,0.0006,-10.53,-5.7281,17.3663,-0.9828,0.0,-6.7109,-6.7109,-436.21,50.0,-486.21,-4.8783,65
short,2025-01-01 10:05:00+05:30,2025-01-01 10:10:00+05:30,23597.2,23619.929124471437,23619.929124471437,23619.929124471437,False,-22.73,1.35,51.05,STOP_LOSS,5,22.7291,-0.2,-0.186363,0.0006,-10.53,-4.4063,10.074,-0.1404,0.0,-4.5467,-4.5467,-295.54,50.0,-345.54,-0.7013,65
long,2025-01-01 14:30:00+05:30,2025-01-01 14:45:00+05:30,23783.3,23760.825034332047,23760.825034332047,23760.825034332047,False,-22.47,14.35,31.85,STOP_LOSS,15,-22.475,0.2,0.186515,0.0006,-10.53,-4.3586,9.8499,-0.4212,0.0,-4.7798,-4.7798,-310.69,50.0,-360.69,2.0994,65
short,2025-01-03 10:20:00+05:30,2025-01-03 11:20:00+05:30,24066.95,24091.76381958406,24091.76381958406,24091.76381958406,False,-24.81,66.7,69.95,STOP_LOSS,60,24.8138,-0.2,-0.185112,0.0006,-10.53,-4.7965,12.0067,-1.6848,0.0,-6.4813,-6.4813,-421.29,50.0,-471.29,-8.3202,65
short,2025-01-03 14:35:00+05:30,2025-01-03 15:15:00+05:30,24048.25,23999.4,24064.122436658847,24064.122436658847,False,48.85,72.25,5.25,SOFT_EOD_EXIT,40,-48.85,-0.2,-0.22931,0.0006,-10.53,10.4143,46.5333,-1.1232,0.0,9.2911,9.2911,603.92,50.0,553.92,-5.5695,65
short,2025-01-06 14:45:00+05:30,2025-01-06 14:55:00+05:30,23605.1,23630.99540184241,23630.99540184241,23630.99540184241,False,-25.9,5.55,38.95,STOP_LOSS,10,25.8954,-0.2,-0.184463,0.0006,-10.53,-4.998,13.0762,-0.2808,0.0,-5.2788,-5.2788,-343.12,50.0,-393.12,-1.4011,65
short,2025-01-09 09:50:00+05:30,2025-01-09 11:10:00+05:30,23625.0,23560.990395291592,23644.645435787585,23560.990395291592,True,64.01,87.05,27.85,TRAIL_SL,80,-64.0096,-0.2,-0.238406,0.0006,-10.53,13.9082,79.896,-2.2464,0.0,11.6618,11.6618,758.02,50.0,708.02,-11.0489,65
short,2025-01-10 10:15:00+05:30,2025-01-10 10:45:00+05:30,23420.2,23449.842840592646,23449.842840592646,23449.842840592646,False,-29.64,30.15,46.85,STOP_LOSS,30,29.6428,-0.2,-0.182214,0.0006,-10.53,-5.6913,17.1346,-0.8424,0.0,-6.5337,-6.5337,-424.69,50.0,-474.69,-4.1857,65
short,2025-01-13 10:00:00+05:30,2025-01-13 10:25:00+05:30,23261.45,23296.92166096395,23296.92166096395,23296.92166096395,False,-35.47,22.25,62.0,STOP_LOSS,25,35.4717,-0.2,-0.178717,0.0006,-10.53,-6.7546,24.5357,-0.702,0.0,-7.4566,-7.4566,-484.68,50.0,-534.68,-3.4917,65
short,2025-01-13 14:45:00+05:30,2025-01-13 15:15:00+05:30,23099.15,23098.05,23121.646344387806,23121.646344387806,False,1.1,35.9,23.65,SOFT_EOD_EXIT,30,-1.1,-0.2,-0.20066,0.0006,-10.53,0.2203,0.0236,-0.8424,0.0,-0.6221,-0.6221,-40.43,50.0,-90.43,-4.1857,65
long,2025-01-16 09:50:00+05:30,2025-01-16 15:15:00+05:30,23306.9,23315.65,23274.344796288653,23274.344796288653,False,8.75,34.0,34.85,SOFT_EOD_EXIT,325,8.75,0.2,0.20525,0.0006,-10.53,1.7707,1.493,-9.126,0.0,-7.3553,-7.3553,-478.1,50.0,-528.1,42.8729,65
short,2025-01-17 09:55:00+05:30,2025-01-17 10:25:00+05:30,23226.0,23252.713379248027,23252.713379248027,23252.713379248027,False,-26.71,28.5,38.15,STOP_LOSS,30,26.7134,-0.2,-0.183972,0.0006,-10.53,-5.15,13.9153,-0.8424,0.0,-5.9924,-5.9924,-389.51,50.0,-439.51,-4.1857,65
short,2025-01-24 10:20:00+05:30,2025-01-24 10:35:00+05:30,23156.9,23183.321773323176,23183.321773323176,23183.321773323176,False,-26.42,0.0,70.2,STOP_LOSS,15,26.4218,-0.2,-0.184147,0.0006,-10.53,-5.0959,13.6131,-0.4212,0.0,-5.5171,-5.5171,-358.61,50.0,-408.61,-2.0994,65
short,2025-01-24 14:30:00+05:30,2025-01-24 14:55:00+05:30,23153.25,23078.270713078266,23174.364961674524,23078.270713078266,True,74.98,103.25,0.0,TRAIL_SL,25,-74.9793,-0.2,-0.244988,0.0006,-10.53,16.5138,109.6269,-0.702,0.0,15.8118,15.8118,1027.76,50.0,977.76,-3.4917,65
short,2025-01-27 14:50:00+05:30,2025-01-27 15:15:00+05:30,22826.85,22830.05,22846.70741673268,22846.70741673268,False,-3.2,12.25,16.45,SOFT_EOD_EXIT,25,3.2,-0.2,-0.19808,0.0006,-10.53,-0.6372,0.1997,-0.702,0.0,-1.3392,-1.3392,-87.05,50.0,-137.05,-3.4917,65
long,2025-01-29 10:15:00+05:30,2025-01-29 11:10:00+05:30,23055.4,23106.49690141993,23019.59322374714,23106.49690141993,True,51.1,70.45,0.0,TRAIL_SL,55,51.0969,0.2,0.230658,0.0006,-10.53,10.9243,50.9124,-1.5444,0.0,9.3799,9.3799,609.69,50.0,559.69,7.6346,65
short,2025-01-30 14:40:00+05:30,2025-01-30 14:55:00+05:30,23174.6,23191.89894273465,23191.89894273465,23191.89894273465,False,-17.3,25.8,31.1,STOP_LOSS,15,17.2989,-0.2,-0.189621,0.0006,-10.53,-3.379,5.8354,-0.4212,0.0,-3.8002,-3.8002,-247.01,50.0,-297.01,-2.0994,65
long,2025-01-31 10:10:00+05:30,2025-01-31 11:05:00+05:30,23340.2,23426.480875863013,23299.343542124738,23426.480875863013,True,86.28,104.35,8.5,TRAIL_SL,55,86.2809,0.2,0.251769,0.0006,-10.53,19.2662,145.1656,-1.5444,0.0,17.7218,17.7218,1151.91,50.0,1101.91,7.6346,65
long,2025-02-01 10:05:00+05:30,2025-02-01 11:35:00+05:30,23558.15,23609.014537449166,23520.246006174926,23609.014537449166,True,50.86,74.3,27.35,TRAIL_SL,90,50.8645,0.2,0.230519,0.0006,-10.53,10.8715,50.4504,-2.5272,0.0,8.3443,8.3443,542.38,50.0,492.38,12.4052,65
short,2025-02-03 10:20:00+05:30,2025-02-03 10:40:00+05:30,23276.6,23303.45376531413,23303.45376531413,23303.45376531413,False,-26.85,9.95,39.05,STOP_LOSS,20,26.8538,-0.2,-0.183888,0.0006,-10.53,-5.176,14.0619,-0.5616,0.0,-5.7376,-5.7376,-372.95,50.0,-422.95,-2.7963,65
long,2025-02-04 10:15:00+05:30,2025-02-04 10:35:00+05:30,23525.35,23489.11336775267,23489.11336775267,23489.11336775267,False,-36.24,9.15,102.2,STOP_LOSS,20,-36.2366,0.2,0.178258,0.0006,-10.53,-6.8928,25.6053,-0.5616,0.0,-7.4544,-7.4544,-484.54,50.0,-534.54,2.7963,65
long,2025-02-04 14:30:00+05:30,2025-02-04 15:15:00+05:30,23663.0,23739.16835540936,23626.58415967352,23739.16835540936,True,76.17,99.75,3.75,TRAIL_SL,45,76.1684,0.2,0.245701,0.0006,-10.53,16.8001,113.1316,-1.2636,0.0,15.5365,15.5365,1009.87,50.0,959.87,6.2592,65
long,2025-02-05 09:50:00+05:30,2025-02-05 11:15:00+05:30,23759.5,23726.87669032651,23726.87669032651,23726.87669032651,False,-32.62,26.8,45.0,STOP_LOSS,85,-32.6233,0.2,0.180426,0.0006,-10.53,-6.2373,20.7535,-2.3868,0.0,-8.6241,-8.6241,-560.57,50.0,-610.57,11.7277,65
short,2025-02-06 10:20:00+05:30,2025-02-06 13:55:00+05:30,23647.75,23576.653044696355,23666.057360967283,23576.653044696355,True,71.1,85.5,9.15,TRAIL_SL,215,-71.097,-0.2,-0.242658,0.0006,-10.53,15.5842,98.5682,-6.0372,0.0,9.547,9.547,620.55,50.0,570.55,-28.9305,65
short,2025-02-07 14:35:00+05:30,2025-02-07 15:00:00+05:30,23486.6,23505.383308295248,23505.383308295248,23505.383308295248,False,-18.78,36.35,42.95,STOP_LOSS,25,18.7833,-0.2,-0.18873,0.0006,-10.53,-3.6614,6.8798,-0.702,0.0,-4.3634,-4.3634,-283.62,50.0,-333.62,-3.4917,65
short,2025-02-11 09:40:00+05:30,2025-02-11 10:20:00+05:30,23339.95,23279.17948843486,23359.94291495327,23279.17948843486,True,60.77,78.7,3.4,TRAIL_SL,40,-60.7705,-0.2,-0.236462,0.0006,-10.53,13.1512,72.0146,-1.1232,0.0,12.028,12.028,781.82,50.0,731.82,-5.5695,65
short,2025-02-11 10:25:00+05:30,2025-02-11 13:15:00+05:30,23289.0,23051.251177613893,23306.62185303051,23051.251177613893,True,237.75,266.55,12.75,TRAIL_SL,170,-237.7488,-0.2,-0.342649,0.0006,-10.53,62.8114,1102.2278,-4.7736,0.0,58.0378,58.0378,3772.46,50.0,3722.46,-23.0697,65
short,2025-02-11 14:30:00+05:30,2025-02-11 14:50:00+05:30,23040.55,23066.840464262277,23066.840464262277,23066.840464262277,False,-26.29,30.95,73.4,STOP_LOSS,20,26.2905,-0.2,-0.184226,0.0006,-10.53,-5.0715,13.4782,-0.5616,0.0,-5.6331,-5.6331,-366.15,50.0,-416.15,-2.7963,65
short,2025-02-12 10:25:00+05:30,2025-02-12 10:30:00+05:30,22857.85,22887.53669833139,22887.53669833139,22887.53669833139,False,-29.69,7.7,32.9,STOP_LOSS,5,29.6867,-0.2,-0.182188,0.0006,-10.53,-5.6994,17.1854,-0.1404,0.0,-5.8398,-5.8398,-379.59,50.0,-429.59,-0.7013,65
short,2025-02-12 14:40:00+05:30,2025-02-12 15:00:00+05:30,22991.45,23017.4576695185,23017.4576695185,23017.4576695185,False,-26.01,23.45,40.2,STOP_LOSS,20,26.0077,-0.2,-0.184395,0.0006,-10.53,-5.0189,13.1898,-0.5616,0.0,-5.5805,-5.5805,-362.73,50.0,-412.73,-2.7963,65
short,2025-02-13 14:45:00+05:30,2025-02-13 15:15:00+05:30,23043.6,23030.5,23064.940944468435,23064.940944468435,False,13.1,24.35,20.2,SOFT_EOD_EXIT,30,-13.1,-0.2,-0.20786,0.0006,-10.53,2.6663,3.3464,-0.8424,0.0,1.8239,1.8239,118.56,50.0,68.56,-4.1857,65
short,2025-02-17 10:05:00+05:30,2025-02-17 10:25:00+05:30,22779.0,22813.173971873883,22813.173971873883,22813.173971873883,False,-34.17,29.0,48.85,STOP_LOSS,20,34.174,-0.2,-0.179496,0.0006,-10.53,-6.5195,22.7733,-0.5616,0.0,-7.0811,-7.0811,-460.27,50.0,-510.27,-2.7963,65
short,2025-02-19 09:30:00+05:30,2025-02-19 09:45:00+05:30,22890.65,22915.157426706206,22915.157426706206,22915.157426706206,False,-24.51,8.55,74.25,STOP_LOSS,15,24.5074,-0.2,-0.185296,0.0006,-10.53,-4.7393,11.712,-0.4212,0.0,-5.1605,-5.1605,-335.43,50.0,-385.43,-2.0994,65
short,2025-02-20 09:35:00+05:30,2025-02-20 13:50:00+05:30,22891.15,22913.861914741083,22913.861914741083,22913.861914741083,False,-22.71,78.4,31.85,STOP_LOSS,255,22.7119,-0.2,-0.186373,0.0006,-10.53,-4.4031,10.0587,-7.1604,0.0,-11.5635,-11.5635,-751.63,50.0,-801.63,-34.0617,65
short,2025-02-28 10:15:00+05:30,2025-02-28 12:15:00+05:30,22286.55,22227.973421673203,22309.33994014403,22227.973421673203,True,58.58,69.05,13.95,TRAIL_SL,120,-58.5766,-0.2,-0.235146,0.0006,-10.53,12.6417,66.9087,-3.3696,0.0,9.2721,9.2721,602.69,50.0,552.69,-16.4425,65
short,2025-02-28 14:30:00+05:30,2025-02-28 14:40:00+05:30,22134.15,22148.9734408031,22148.9734408031,22148.9734408031,False,-14.82,9.2,39.15,STOP_LOSS,10,14.8234,-0.2,-0.191106,0.0006,-10.53,-2.9054,4.2848,-0.2808,0.0,-3.1862,-3.1862,-207.1,50.0,-257.1,-1.4011,65
short,2025-03-04 09:35:00+05:30,2025-03-04 10:55:00+05:30,22047.75,22081.08103098711,22081.08103098711,22081.08103098711,False,-33.33,34.15,43.3,STOP_LOSS,80,33.331,-0.2,-0.180001,0.0006,-10.53,-6.3662,21.6637,-2.2464,0.0,-8.6126,-8.6126,-559.82,50.0,-609.82,-11.0489,65
long,2025-03-05 10:15:00+05:30,2025-03-05 11:05:00+05:30,22219.45,22274.968520212642,22187.15465041585,22274.968520212642,True,55.52,76.9,8.35,TRAIL_SL,50,55.5185,0.2,0.233311,0.0006,-10.53,11.9359,60.105,-1.404,0.0,10.5319,10.5319,684.58,50.0,634.58,6.9476,65
long,2025-03-10 10:10:00+05:30,2025-03-10 12:00:00+05:30,22631.75,22599.98619287431,22599.98619287431,22599.98619287431,False,-31.76,18.75,40.65,STOP_LOSS,110,-31.7638,0.2,0.180942,0.0006,-10.53,-6.0803,19.6743,-3.0888,0.0,-9.1691,-9.1691,-595.99,50.0,-645.99,15.1019,65
short,2025-03-11 09:45:00+05:30,2025-03-11 10:40:00+05:30,22399.75,22431.399873260554,22431.399873260554,22431.399873260554,False,-31.65,30.7,49.6,STOP_LOSS,55,31.6499,-0.2,-0.18101,0.0006,-10.53,-6.0595,19.5334,-1.5444,0.0,-7.6039,-7.6039,-494.25,50.0,-544.25,-7.6346,65
long,2025-03-13 10:20:00+05:30,2025-03-13 10:55:00+05:30,22532.65,22504.004359926646,22504.004359926646,22504.004359926646,False,-28.65,14.55,46.8,STOP_LOSS,35,-28.6456,0.2,0.182813,0.0006,-10.53,-5.5076,16.0012,-0.9828,0.0,-6.4904,-6.4904,-421.87,50.0,-471.87,4.8783,65
long,2025-03-19 09:30:00+05:30,2025-03-19 10:45:00+05:30,22843.3,22895.378121684935,22809.30959399111,22895.378121684935,True,52.08,68.55,31.15,TRAIL_SL,75,52.0781,0.2,0.231247,0.0006,-10.53,11.1479,52.8865,-2.106,0.0,9.0419,9.0419,587.72,50.0,537.72,10.3687,65
long,2025-03-20 09:45:00+05:30,2025-03-20 13:00:00+05:30,23021.25,23107.325837538465,22986.053408450985,23107.325837538465,True,86.08,94.0,47.3,TRAIL_SL,195,86.0758,0.2,0.251646,0.0006,-10.53,19.2156,144.4765,-5.4756,0.0,13.74,13.74,893.1,50.0,843.1,26.3375,65
long,2025-03-20 14:40:00+05:30,2025-03-20 15:15:00+05:30,23195.0,23188.15,23175.370241137258,23175.370241137258,False,-6.85,19.75,15.45,SOFT_EOD_EXIT,35,-6.85,0.2,0.19589,0.0006,-10.53,-1.3573,0.915,-0.9828,0.0,-2.3401,-2.3401,-152.11,50.0,-202.11,4.8783,65
long,2025-03-24 09:35:00+05:30,2025-03-24 11:05:00+05:30,23439.65,23615.86299125517,23395.371751513943,23615.86299125517,True,176.21,199.25,6.15,TRAIL_SL,90,176.213,0.2,0.305728,0.0006,-10.53,43.6264,605.4949,-2.5272,0.0,41.0992,41.0992,2671.45,50.0,2621.45,12.4052,65
long,2025-03-24 14:30:00+05:30,2025-03-24 15:00:00+05:30,23674.95,23654.187265880722,23654.187265880722,23654.187265880722,False,-20.76,8.4,45.0,STOP_LOSS,30,-20.7627,0.2,0.187542,0.0006,-10.53,-4.0362,8.4063,-0.8424,0.0,-4.8786,-4.8786,-317.11,50.0,-367.11,4.1857,65
long,2025-03-25 10:15:00+05:30,2025-03-25 10:35:00+05:30,23798.2,23749.653379309268,23749.653379309268,23749.653379309268,False,-48.55,28.15,92.3,STOP_LOSS,20,-48.5466,0.2,0.170872,0.0006,-10.53,-9.073,45.9571,-0.5616,0.0,-9.6346,-9.6346,-626.25,50.0,-676.25,2.7963,65
short,2025-03-26 14:35:00+05:30,2025-03-26 15:15:00+05:30,23535.6,23478.6,23551.04177510306,23551.04177510306,False,57.0,83.9,3.2,SOFT_EOD_EXIT,40,-57.0,-0.2,-0.2342,0.0006,-10.53,12.2772,63.3555,-1.1232,0.0,11.154,11.154,725.01,50.0,675.01,-5.5695,65
short,2025-03-28 09:50:00+05:30,2025-03-28 10:30:00+05:30,23549.55,23571.60574428887,23571.60574428887,23571.60574428887,False,-22.06,30.55,77.5,STOP_LOSS,40,22.0557,-0.2,-0.186767,0.0006,-10.53,-4.2798,9.4859,-1.1232,0.0,-5.403,-5.403,-351.2,50.0,-401.2,-5.5695,65
short,2025-04-01 10:15:00+05:30,2025-04-01 12:10:00+05:30,23480.15,23197.746914525906,23510.580464192837,23197.746914525906,True,282.4,307.05,3.55,TRAIL_SL,115,-282.4031,-0.2,-0.369442,0.0006,-10.53,78.0135,1555.1543,-3.2292,0.0,74.7843,74.7843,4860.98,50.0,4810.98,-15.7728,65
short,2025-04-01 14:30:00+05:30,2025-04-01 15:05:00+05:30,23154.2,23170.44756355478,23170.44756355478,23170.44756355478,False,-16.25,10.55,26.15,STOP_LOSS,35,16.2476,-0.2,-0.190251,0.0006,-10.53,-3.1782,5.1477,-0.9828,0.0,-4.161,-4.161,-270.47,50.0,-320.47,-4.8783,65
short,2025-04-03 10:00:00+05:30,2025-04-03 10:10:00+05:30,23250.1,23274.716839549757,23274.716839549757,23274.716839549757,False,-24.62,3.6,32.35,STOP_LOSS,10,24.6168,-0.2,-0.18523,0.0006,-10.53,-4.7598,11.8168,-0.2808,0.0,-5.0406,-5.0406,-327.64,50.0,-377.64,-1.4011,65
short,2025-04-07 10:25:00+05:30,2025-04-07 12:35:00+05:30,22005.15,21843.026929216743,22067.368330584944,21843.026929216743,True,162.12,208.25,77.55,TRAIL_SL,130,-162.1231,-0.2,-0.297274,0.0006,-10.53,39.5213,512.5359,-3.6504,0.0,35.8709,35.8709,2331.61,50.0,2281.61,-17.7779,65
long,2025-04-08 14:30:00+05:30,2025-04-08 15:00:00+05:30,22600.3,22529.976978158094,22529.976978158094,22529.976978158094,False,-70.32,5.3,75.25,STOP_LOSS,30,-70.323,0.2,0.157806,0.0006,-10.53,-12.7294,96.4339,-0.8424,0.0,-13.5718,-13.5718,-882.16,50.0,-932.16,4.1857,65
short,2025-04-09 09:40:00+05:30,2025-04-09 10:00:00+05:30,22467.85,22423.14418045697,22513.71684060211,22423.14418045697,True,44.71,86.55,0.85,TRAIL_SL,20,-44.7058,-0.2,-0.226823,0.0006,-10.53,9.4808,38.9729,-0.5616,0.0,8.9192,8.9192,579.75,50.0,529.75,-2.7963,65
short,2025-04-09 10:00:00+05:30,2025-04-09 15:15:00+05:30,22430.3,22396.2,22473.435362161716,22473.435362161716,False,34.1,77.05,25.15,SOFT_EOD_EXIT,315,-34.1,-0.2,-0.22046,0.0006,-10.53,7.134,22.6748,-8.8452,0.0,-1.7112,-1.7112,-111.23,50.0,-161.23,-41.6268,65
long,2025-04-11 10:20:00+05:30,2025-04-11 10:35:00+05:30,22794.8,22747.8724397088,22747.8724397088,22747.8724397088,False,-46.93,41.4,58.75,STOP_LOSS,15,-46.9276,0.2,0.171843,0.0006,-10.53,-8.7909,42.9428,-0.4212,0.0,-9.2121,-9.2121,-598.79,50.0,-648.79,2.0994,65
long,2025-04-16 10:10:00+05:30,2025-04-16 10:15:00+05:30,23355.8,23332.193241520657,23332.193241520657,23332.193241520657,False,-23.61,3.15,47.05,STOP_LOSS,5,-23.6068,0.2,0.185836,0.0006,-10.53,-4.5709,10.8669,-0.1404,0.0,-4.7113,-4.7113,-306.23,50.0,-356.23,0.7013,65
long,2025-04-21 10:15:00+05:30,2025-04-21 11:30:00+05:30,24021.0,24113.401866865934,23980.473750089965,24113.401866865934,True,92.4,111.75,11.7,TRAIL_SL,75,92.4019,0.2,0.255441,0.0006,-10.53,20.7857,166.493,-2.106,0.0,18.6797,18.6797,1214.18,50.0,1164.18,10.3687,65
long,2025-04-23 14:45:00+05:30,2025-04-23 15:15:00+05:30,24299.1,24329.8,24280.17230848662,24280.17230848662,False,30.7,41.15,0.0,SOFT_EOD_EXIT,30,30.7,0.2,0.21842,0.0006,-10.53,6.3945,18.3786,-0.8424,0.0,5.5521,5.5521,360.88,50.0,310.88,4.1857,65
long,2025-05-02 10:20:00+05:30,2025-05-02 10:30:00+05:30,24551.3,24510.781375900846,24510.781375900846,24510.781375900846,False,-40.52,5.6,66.55,STOP_LOSS,10,-40.5186,0.2,0.175689,0.0006,-10.53,-7.6604,32.0143,-0.2808,0.0,-7.9412,-7.9412,-516.18,50.0,-566.18,1.4011,65
long,2025-05-05 10:20:00+05:30,2025-05-05 11:45:00+05:30,24477.05,24438.34482472569,24438.34482472569,24438.34482472569,False,-38.71,49.35,47.85,STOP_LOSS,85,-38.7052,0.2,0.176777,0.0006,-10.53,-7.3366,29.2128,-2.3868,0.0,-9.7234,-9.7234,-632.02,50.0,-682.02,11.7277,65
short,2025-05-07 10:20:00+05:30,2025-05-07 11:15:00+05:30,24348.35,24380.450752173296,24380.450752173296,24380.450752173296,False,-32.1,23.6,51.85,STOP_LOSS,55,32.1008,-0.2,-0.18074,0.0006,-10.53,-6.1419,20.0939,-1.5444,0.0,-7.6863,-7.6863,-499.61,50.0,-549.61,-7.6346,65
short,2025-05-08 14:30:00+05:30,2025-05-08 15:00:00+05:30,24340.55,24277.824628341743,24355.433390803926,24277.824628341743,True,62.73,96.55,8.25,TRAIL_SL,30,-62.7254,-0.2,-0.237635,0.0006,-10.53,13.6074,76.7222,-0.8424,0.0,12.765,12.765,829.72,50.0,779.72,-4.1857,65
short,2025-05-09 10:10:00+05:30,2025-05-09 11:00:00+05:30,24060.65,24004.217746456296,24103.87936955738,24004.217746456296,True,56.43,84.0,26.1,TRAIL_SL,50,-56.4323,-0.2,-0.233859,0.0006,-10.53,12.1463,62.0997,-1.404,0.0,10.7423,10.7423,698.25,50.0,648.25,-6.9476,65
long,2025-05-12 14:35:00+05:30,2025-05-12 15:05:00+05:30,24866.15,24907.40819562311,24841.565629944333,24907.40819562311,True,41.26,64.25,11.4,TRAIL_SL,30,41.2582,0.2,0.224755,0.0006,-10.53,8.7112,33.1937,-0.8424,0.0,7.8688,7.8688,511.47,50.0,461.47,4.1857,65
short,2025-05-13 10:10:00+05:30,2025-05-13 10:40:00+05:30,24770.85,24696.423056225933,24818.87874076156,24696.423056225933,True,74.43,135.95,26.75,TRAIL_SL,30,-74.4269,-0.2,-0.244656,0.0006,-10.53,16.381,108.0177,-0.8424,0.0,15.5386,15.5386,1010.01,50.0,960.01,-4.1857,65
short,2025-05-13 14:30:00+05:30,2025-05-13 14:35:00+05:30,24587.6,24607.656605531654,24607.656605531654,24607.656605531654,False,-20.06,0.4,29.9,STOP_LOSS,5,20.0566,-0.2,-0.187966,0.0006,-10.53,-3.9027,7.8442,-0.1404,0.0,-4.0431,-4.0431,-262.8,50.0,-312.8,-0.7013,65
short,2025-05-13 14:40:00+05:30,2025-05-13 15:15:00+05:30,24601.15,24578.15,24620.750739266,24620.750739266,False,23.0,43.45,35.7,SOFT_EOD_EXIT,35,-23.0,-0.2,-0.2138,0.0006,-10.53,4.7428,10.3155,-0.9828,0.0,3.76,3.76,244.4,50.0,194.4,-4.8783,65
long,2025-05-14 10:25:00+05:30,2025-05-14 10:55:00+05:30,24744.65,24710.55800797602,24710.55800797602,24710.55800797602,False,-34.09,2.5,61.2,STOP_LOSS,30,-34.092,0.2,0.179545,0.0006,-10.53,-6.5046,22.6641,-0.8424,0.0,-7.347,-7.347,-477.55,50.0,-527.55,4.1857,65
short,2025-05-15 10:10:00+05:30,2025-05-15 10:30:00+05:30,24561.7,24591.424907307817,24591.424907307817,24591.424907307817,False,-29.72,28.5,65.55,STOP_LOSS,20,29.7249,-0.2,-0.182165,0.0006,-10.53,-5.7064,17.2296,-0.5616,0.0,-6.268,-6.268,-407.42,50.0,-457.42,-2.7963,65
long,2025-05-15 14:30:00+05:30,2025-05-15 15:15:00+05:30,25058.25,25050.1,25005.570475840705,25005.570475840705,False,-8.15,31.8,18.25,SOFT_EOD_EXIT,45,-8.15,0.2,0.19511,0.0006,-10.53,-1.6121,1.2952,-1.2636,0.0,-2.8757,-2.8757,-186.92,50.0,-236.92,6.2592,65
short,2025-05-20 10:10:00+05:30,2025-05-20 10:35:00+05:30,24899.4,24920.26796955756,24920.26796955756,24920.26796955756,False,-20.87,20.4,32.6,STOP_LOSS,25,20.868,-0.2,-0.187479,0.0006,-10.53,-4.056,8.4917,-0.702,0.0,-4.758,-4.758,-309.27,50.0,-359.27,-3.4917,65
short,2025-05-22 09:55:00+05:30,2025-05-22 13:10:00+05:30,24629.65,24524.55757265524,24664.638271114392,24524.55757265524,True,105.09,120.55,2.05,TRAIL_SL,195,-105.0924,-0.2,-0.263055,0.0006,-10.53,24.0005,215.3662,-5.4756,0.0,18.5249,18.5249,1204.12,50.0,1154.12,-26.3375,65
short,2025-05-22 14:35:00+05:30,2025-05-22 14:40:00+05:30,24500.8,24518.247671529356,24518.247671529356,24518.247671529356,False,-17.45,0.0,76.75,STOP_LOSS,5,17.4477,-0.2,-0.189531,0.0006,-10.53,-3.4073,5.9362,-0.1404,0.0,-3.5477,-3.5477,-230.6,50.0,-280.6,-0.7013,65
short,2025-05-27 14:30:00+05:30,2025-05-27 14:45:00+05:30,24757.4,24781.644128262687,24781.644128262687,24781.644128262687,False,-24.24,12.2,39.8,STOP_LOSS,15,24.2441,-0.2,-0.185454,0.0006,-10.53,-4.6901,11.4617,-0.4212,0.0,-5.1113,-5.1113,-332.24,50.0,-382.24,-2.0994,65
short,2025-06-02 09:55:00+05:30,2025-06-02 10:35:00+05:30,24598.05,24623.4974931097,24623.4974931097,24623.4974931097,False,-25.45,43.85,30.4,STOP_LOSS,40,25.4475,-0.2,-0.184732,0.0006,-10.53,-4.9147,12.6277,-1.1232,0.0,-6.0379,-6.0379,-392.46,50.0,-442.46,-5.5695,65
short,2025-06-03 09:35:00+05:30,2025-06-03 10:20:00+05:30,24674.15,24709.674649175635,24709.674649175635,24709.674649175635,False,-35.52,55.0,92.3,STOP_LOSS,45,35.5246,-0.2,-0.178685,0.0006,-10.53,-6.7642,24.609,-1.2636,0.0,-8.0278,-8.0278,-521.81,50.0,-571.81,-6.2592,65
long,2025-06-05 10:10:00+05:30,2025-06-05 10:45:00+05:30,24732.25,24706.7498498261,24706.7498498261,24706.7498498261,False,-25.5,8.9,30.45,STOP_LOSS,35,-25.5002,0.2,0.1847,0.0006,-10.53,-4.9245,12.68,-0.9828,0.0,-5.9073,-5.9073,-383.97,50.0,-433.97,4.8783,65
short,2025-06-06 09:55:00+05:30,2025-06-06 10:05:00+05:30,24712.3,24728.49368816143,24728.49368816143,24728.49368816143,False,-16.19,40.85,104.8,STOP_LOSS,10,16.1937,-0.2,-0.190284,0.0006,-10.53,-3.1679,5.1136,-0.2808,0.0,-3.4487,-3.4487,-224.17,50.0,-274.17,-1.4011,65
long,2025-06-06 14:30:00+05:30,2025-06-06 15:15:00+05:30,25002.45,25000.45,24982.942202963364,24982.942202963364,False,-2.0,10.95,19.25,SOFT_EOD_EXIT,45,-2.0,0.2,0.1988,0.0006,-10.53,-0.3989,0.078,-1.2636,0.0,-1.6625,-1.6625,-108.06,50.0,-158.06,6.2592,65
long,2025-06-10 10:20:00+05:30,2025-06-10 10:50:00+05:30,25145.25,25120.43066924069,25120.43066924069,25120.43066924069,False,-24.82,8.55,40.0,STOP_LOSS,30,-24.8193,0.2,0.185108,0.0006,-10.53,-4.7975,12.012,-0.8424,0.0,-5.6399,-5.6399,-366.6,50.0,-416.6,4.1857,65
short,2025-06-11 14:30:00+05:30,2025-06-11 15:15:00+05:30,25141.15,25136.0,25153.214977197702,25153.214977197702,False,5.15,10.55,16.45,SOFT_EOD_EXIT,45,-5.15,-0.2,-0.20309,0.0006,-10.53,1.0372,0.5172,-1.2636,0.0,-0.2264,-0.2264,-14.72,50.0,-64.72,-6.2592,65
short,2025-06-12 10:25:00+05:30,2025-06-12 12:10:00+05:30,25103.8,25034.99409858206,25121.444386416104,25034.99409858206,True,68.81,94.45,11.95,TRAIL_SL,105,-68.8059,-0.2,-0.241284,0.0006,-10.53,15.0394,92.3179,-2.9484,0.0,12.091,12.091,785.92,50.0,735.92,-14.4297,65
short,2025-06-12 14:40:00+05:30,2025-06-12 15:15:00+05:30,24891.7,24876.25,24917.460418103437,24917.460418103437,False,15.45,25.2,29.25,SOFT_EOD_EXIT,35,-15.45,-0.2,-0.20927,0.0006,-10.53,3.1544,4.6547,-0.9828,0.0,2.1716,2.1716,141.16,50.0,91.16,-4.8783,65
short,2025-06-13 10:10:00+05:30,2025-06-13 10:45:00+05:30,24644.15,24674.369426385627,24674.369426385627,24674.369426385627,False,-30.22,18.95,43.9,STOP_LOSS,35,30.2194,-0.2,-0.181868,0.0006,-10.53,-5.7973,17.8077,-0.9828,0.0,-6.7801,-6.7801,-440.71,50.0,-490.71,-4.8783,65
short,2025-06-17 10:20:00+05:30,2025-06-17 10:35:00+05:30,24877.65,24894.452061975895,24894.452061975895,24894.452061975895,False,-16.8,10.15,30.75,STOP_LOSS,15,16.8021,-0.2,-0.189919,0.0006,-10.53,-3.2842,5.505,-0.4212,0.0,-3.7054,-3.7054,-240.85,50.0,-290.85,-2.0994,65
long,2025-06-18 09:55:00+05:30,2025-06-18 10:30:00+05:30,24902.25,24873.65976481516,24873.65976481516,24873.65976481516,False,-28.59,26.6,48.15,STOP_LOSS,35,-28.5902,0.2,0.182846,0.0006,-10.53,-5.4973,15.9393,-0.9828,0.0,-6.4801,-6.4801,-421.21,50.0,-471.21,4.8783,65
long,2025-06-24 09:45:00+05:30,2025-06-24 10:45:00+05:30,25138.15,25213.26838301674,25081.718996270658,25213.26838301674,True,75.12,119.8,0.8,TRAIL_SL,60,75.1184,0.2,0.245071,0.0006,-10.53,16.5472,110.034,-1.6848,0.0,14.8624,14.8624,966.06,50.0,916.06,8.3202,65
short,2025-06-24 14:30:00+05:30,2025-06-24 15:15:00+05:30,25054.6,25055.0,25085.17924509743,25085.17924509743,False,-0.4,39.1,22.45,SOFT_EOD_EXIT,45,0.4,-0.2,-0.19976,0.0006,-10.53,-0.08,0.0031,-1.2636,0.0,-1.3436,-1.3436,-87.33,50.0,-137.33,-6.2592,65
long,2025-06-25 10:10:00+05:30,2025-06-25 13:15:00+05:30,25173.9,25231.566367745003,25146.714187602214,25231.566367745003,True,57.67,71.45,1.25,TRAIL_SL,185,57.6664,0.2,0.2346,0.0006,-10.53,12.4311,64.8455,-5.1948,0.0,7.2363,7.2363,470.36,50.0,420.36,25.034,65
long,2025-06-26 10:15:00+05:30,2025-06-26 10:40:00+05:30,25380.5,25347.39187932628,25347.39187932628,25347.39187932628,False,-33.11,7.05,76.45,STOP_LOSS,25,-33.1081,0.2,0.180135,0.0006,-10.53,-6.3257,21.3749,-0.702,0.0,-7.0277,-7.0277,-456.8,50.0,-506.8,3.4917,65
long,2025-06-26 14:35:00+05:30,2025-06-26 15:10:00+05:30,25503.15,25544.85765104015,25473.31516211518,25544.85765104015,True,41.71,62.15,22.8,TRAIL_SL,35,41.7077,0.2,0.225025,0.0006,-10.53,8.8112,33.9208,-0.9828,0.0,7.8284,7.8284,508.85,50.0,458.85,4.8783,65
long,2025-06-27 09:35:00+05:30,2025-06-27 12:20:00+05:30,25560.35,25621.14325045918,25519.831703096726,25621.14325045918,True,60.79,72.15,31.9,TRAIL_SL,165,60.7933,0.2,0.236476,0.0006,-10.53,13.1565,72.0685,-4.6332,0.0,8.5233,8.5233,554.02,50.0,504.02,22.4125,65
short,2025-06-30 10:10:00+05:30,2025-06-30 13:30:00+05:30,25586.4,25510.939145577006,25604.92367592031,25510.939145577006,True,75.46,95.9,13.6,TRAIL_SL,200,-75.4609,-0.2,-0.245277,0.0006,-10.53,16.6296,111.0396,-5.616,0.0,11.0136,11.0136,715.89,50.0,665.89,-26.9875,65
short,2025-06-30 14:35:00+05:30,2025-06-30 14:50:00+05:30,25491.9,25502.801819945154,25502.801819945154,25502.801819945154,False,-10.9,12.95,27.9,STOP_LOSS,15,10.9018,-0.2,-0.193459,0.0006,-10.53,-2.1483,2.3176,-0.4212,0.0,-2.5695,-2.5695,-167.02,50.0,-217.02,-2.0994,65
long,2025-07-01 09:50:00+05:30,2025-07-01 10:10:00+05:30,25560.7,25534.122275729445,25534.122275729445,25534.122275729445,False,-26.58,12.05,30.2,STOP_LOSS,20,-26.5777,0.2,0.184053,0.0006,-10.53,-5.1248,13.7743,-0.5616,0.0,-5.6864,-5.6864,-369.62,50.0,-419.62,2.7963,65
short,2025-07-02 14:50:00+05:30,2025-07-02 14:55:00+05:30,25406.95,25419.020156731734,25419.020156731734,25419.020156731734,False,-12.07,0.6,24.05,STOP_LOSS,5,12.0702,-0.2,-0.192758,0.0006,-10.53,-2.3747,2.8409,-0.1404,0.0,-2.5151,-2.5151,-163.48,50.0,-213.48,-0.7013,65
short,2025-07-04 09:30:00+05:30,2025-07-04 14:35:00+05:30,25406.75,25428.663481244686,25428.663481244686,25428.663481244686,False,-21.91,75.1,43.85,STOP_LOSS,305,21.9135,-0.2,-0.186852,0.0006,-10.53,-4.253,9.3639,-8.5644,0.0,-12.8174,-12.8174,-833.13,50.0,-883.13,-40.3766,65
long,2025-07-09 10:25:00+05:30,2025-07-09 13:00:00+05:30,25518.7,25499.589743262113,25499.589743262113,25499.589743262113,False,-19.11,30.0,28.2,STOP_LOSS,155,-19.1103,0.2,0.188534,0.0006,-10.53,-3.7234,7.1214,-4.3524,0.0,-8.0758,-8.0758,-524.93,50.0,-574.93,21.0945,65
short,2025-07-10 09:45:00+05:30,2025-07-10 11:25:00+05:30,25453.5,25376.95517589624,25468.05099464131,25376.95517589624,True,76.54,89.8,0.6,TRAIL_SL,100,-76.5448,-0.2,-0.245927,0.0006,-10.53,16.8909,114.2526,-2.808,0.0,14.0829,14.0829,915.39,50.0,865.39,-13.7562,65
short,2025-07-11 09:40:00+05:30,2025-07-11 10:50:00+05:30,25315.25,25203.528020866368,25335.344153884515,25203.528020866368,True,111.72,125.4,0.55,TRAIL_SL,70,-111.722,-0.2,-0.267033,0.0006,-10.53,25.7145,243.3951,-1.9656,0.0,23.7489,23.7489,1543.68,50.0,1493.68,-9.6872,65
short,2025-07-14 09:40:00+05:30,2025-07-14 09:50:00+05:30,25090.0,25108.785958488283,25108.785958488283,25108.785958488283,False,-18.79,13.0,25.1,STOP_LOSS,10,18.786,-0.2,-0.188728,0.0006,-10.53,-3.6619,6.8818,-0.2808,0.0,-3.9427,-3.9427,-256.28,50.0,-306.28,-1.4011,65
short,2025-07-14 10:05:00+05:30,2025-07-14 13:15:00+05:30,25106.65,25031.008710647857,25124.29067497612,25031.008710647857,True,75.64,104.7,20.4,TRAIL_SL,190,-75.6413,-0.2,-0.245385,0.0006,-10.53,16.6731,111.5713,-5.3352,0.0,11.3379,11.3379,736.96,50.0,686.96,-25.6863,65
short,2025-07-16 10:20:00+05:30,2025-07-16 11:45:00+05:30,25148.3,25160.223095649515,25160.223095649515,25160.223095649515,False,-11.92,27.25,18.15,STOP_LOSS,85,11.9231,-0.2,-0.192846,0.0006,-10.53,-2.3462,2.7721,-2.3868,0.0,-4.733,-4.733,-307.65,50.0,-357.65,-11.7277,65
long,2025-07-16 14:30:00+05:30,2025-07-16 15:10:00+05:30,25227.7,25210.822006901573,25210.822006901573,25210.822006901573,False,-16.88,11.5,20.45,STOP_LOSS,40,-16.878,0.2,0.189873,0.0006,-10.53,-3.2987,5.5549,-1.1232,0.0,-4.4219,-4.4219,-287.42,50.0,-337.42,5.5695,65
short,2025-07-21 09:40:00+05:30,2025-07-21 09:45:00+05:30,24938.7,24960.42505601363,24960.42505601363,24960.42505601363,False,-21.73,7.75,59.5,STOP_LOSS,5,21.7251,-0.2,-0.186965,0.0006,-10.53,-4.2176,9.2036,-0.1404,0.0,-4.358,-4.358,-283.27,50.0,-333.27,-0.7013,65
long,2025-07-22 09:35:00+05:30,2025-07-22 11:05:00+05:30,25108.1,25077.868663588022,25077.868663588022,25077.868663588022,False,-30.23,23.5,52.4,STOP_LOSS,90,-30.2313,0.2,0.181861,0.0006,-10.53,-5.7995,17.8217,-2.5272,0.0,-8.3267,-8.3267,-541.24,50.0,-591.24,12.4052,65
short,2025-07-28 09:45:00+05:30,2025-07-28 10:10:00+05:30,24812.75,24838.10888166041,24838.10888166041,24838.10888166041,False,-25.36,17.95,31.5,STOP_LOSS,25,25.3589,-0.2,-0.184785,0.0006,-10.53,-4.8981,12.5399,-0.702,0.0,-5.6001,-5.6001,-364.01,50.0,-414.01,-3.4917,65
short,2025-07-28 14:30:00+05:30,2025-07-28 14:35:00+05:30,24680.05,24695.07010034211,24695.07010034211,24695.07010034211,False,-15.02,0.0,16.95,STOP_LOSS,5,15.0201,-0.2,-0.190988,0.0006,-10.53,-2.9431,4.3993,-0.1404,0.0,-3.0835,-3.0835,-200.43,50.0,-250.43,-0.7013,65
long,2025-07-30 09:55:00+05:30,2025-07-30 10:35:00+05:30,24839.35,24804.693713567547,24804.693713567547,24804.693713567547,False,-34.66,19.4,36.75,STOP_LOSS,40,-34.6563,0.2,0.179206,0.0006,-10.53,-6.607,23.4206,-1.1232,0.0,-7.7302,-7.7302,-502.46,50.0,-552.46,5.5695,65
short,2025-07-31 10:20:00+05:30,2025-07-31 10:45:00+05:30,24686.25,24705.954164471965,24705.954164471965,24705.954164471965,False,-19.7,23.65,36.7,STOP_LOSS,25,19.7042,-0.2,-0.188178,0.0006,-10.53,-3.836,7.571,-0.702,0.0,-4.538,-4.538,-294.97,50.0,-344.97,-3.4917,65
short,2025-08-05 10:05:00+05:30,2025-08-05 12:10:00+05:30,24633.65,24651.066461993807,24651.066461993807,24651.066461993807,False,-17.42,36.8,35.05,STOP_LOSS,125,17.4165,-0.2,-0.18955,0.0006,-10.53,-3.4014,5.915,-3.51,0.0,-6.9114,-6.9114,-449.24,50.0,-499.24,-17.1108,65
short,2025-08-06 14:50:00+05:30,2025-08-06 15:15:00+05:30,24579.05,24573.95,24590.890545516537,24590.890545516537,False,5.1,22.7,6.55,SOFT_EOD_EXIT,25,-5.1,-0.2,-0.20306,0.0006,-10.53,1.027,0.5072,-0.702,0.0,0.325,0.325,21.13,50.0,-28.87,-3.4917,65
short,2025-08-08 10:25:00+05:30,2025-08-11 09:15:00+05:30,24467.6,24359.067977844075,24484.991801734403,24359.067977844075,True,108.53,130.1,13.75,TRAIL_SL,4250,-108.532,-0.2,-0.265119,0.0006,-10.53,24.8868,229.6944,-119.34,0.0,-94.4532,-94.4532,-6139.46,50.0,-6189.46,-380.0467,65
long,2025-08-12 10:10:00+05:30,2025-08-12 10:25:00+05:30,24662.35,24634.122578468116,24634.122578468116,24634.122578468116,False,-28.23,19.65,50.85,STOP_LOSS,15,-28.2274,0.2,0.183064,0.0006,-10.53,-5.4304,15.5374,-0.4212,0.0,-5.8516,-5.8516,-380.35,50.0,-430.35,2.0994,65
long,2025-08-13 10:10:00+05:30,2025-08-13 13:10:00+05:30,24580.5,24623.32263431748,24551.657465591958,24623.32263431748,True,42.82,57.55,41.6,TRAIL_SL,180,42.8226,0.2,0.225694,0.0006,-10.53,9.0596,35.7587,-5.0544,0.0,4.0052,4.0052,260.34,50.0,210.34,24.3804,65
long,2025-08-18 10:25:00+05:30,2025-08-18 11:30:00+05:30,24975.45,24947.904558483082,24947.904558483082,24947.904558483082,False,-27.55,21.1,35.45,STOP_LOSS,65,-27.5454,0.2,0.183473,0.0006,-10.53,-5.3042,14.7957,-1.8252,0.0,-7.1294,-7.1294,-463.41,50.0,-513.41,9.0044,65
short,2025-08-22 14:50:00+05:30,2025-08-22 15:15:00+05:30,24895.65,24870.75,24906.245264866102,24906.245264866102,False,24.9,29.95,2.65,SOFT_EOD_EXIT,25,-24.9,-0.2,-0.21494,0.0006,-10.53,5.1474,12.0902,-0.702,0.0,4.4454,4.4454,288.95,50.0,238.95,-3.4917,65
short,2025-08-26 10:15:00+05:30,2025-08-26 11:25:00+05:30,24802.9,24820.6046519975,24820.6046519975,24820.6046519975,False,-17.7,37.75,30.55,STOP_LOSS,70,17.7047,-0.2,-0.189377,0.0006,-10.53,-3.4563,6.1124,-1.9656,0.0,-5.4219,-5.4219,-352.42,50.0,-402.42,-9.6872,65
short,2025-08-28 09:55:00+05:30,2025-08-28 10:45:00+05:30,24592.45,24618.099369208947,24618.099369208947,24618.099369208947,False,-25.65,37.65,53.45,STOP_LOSS,50,25.6494,-0.2,-0.18461,0.0006,-10.53,-4.9522,12.8289,-1.404,0.0,-6.3562,-6.3562,-413.16,50.0,-463.16,-6.9476,65
short,2025-08-29 10:15:00+05:30,2025-08-29 10:20:00+05:30,24494.2,24513.803478411202,24513.803478411202,24513.803478411202,False,-19.6,0.8,23.9,STOP_LOSS,5,19.6035,-0.2,-0.188238,0.0006,-10.53,-3.8169,7.4938,-0.1404,0.0,-3.9573,-3.9573,-257.23,50.0,-307.23,-0.7013,65
long,2025-09-02 10:20:00+05:30,2025-09-02 13:20:00+05:30,24720.25,24697.699291623518,24697.699291623518,24697.699291623518,False,-22.55,35.85,41.35,STOP_LOSS,180,-22.5507,0.2,0.18647,0.0006,-10.53,-4.3728,9.9164,-5.0544,0.0,-9.4272,-9.4272,-612.77,50.0,-662.77,24.3804,65
short,2025-09-02 14:35:00+05:30,2025-09-02 15:15:00+05:30,24574.9,24584.4,24601.562842430496,24601.562842430496,False,-9.5,18.15,42.35,SOFT_EOD_EXIT,40,9.5,-0.2,-0.1943,0.0006,-10.53,-1.8756,1.7599,-1.1232,0.0,-2.9988,-2.9988,-194.92,50.0,-244.92,-5.5695,65
short,2025-09-03 09:30:00+05:30,2025-09-03 10:05:00+05:30,24577.25,24603.461831061042,24603.461831061042,24603.461831061042,False,-26.21,28.85,36.7,STOP_LOSS,35,26.2118,-0.2,-0.184273,0.0006,-10.53,-5.0569,13.3977,-0.9828,0.0,-6.0397,-6.0397,-392.58,50.0,-442.58,-4.8783,65
long,2025-09-03 14:40:00+05:30,2025-09-03 15:25:00+05:30,24660.75,24718.15674036431,24644.29848358514,24718.15674036431,True,57.41,76.3,1.85,TRAIL_SL,45,57.4067,0.2,0.234444,0.0006,-10.53,12.3711,64.2629,-1.2636,0.0,11.1075,11.1075,721.99,50.0,671.99,6.2592,65
long,2025-09-04 10:20:00+05:30,2025-09-04 10:35:00+05:30,24873.75,24836.53535244608,24836.53535244608,24836.53535244608,False,-37.21,1.15,44.8,STOP_LOSS,15,-37.2146,0.2,0.177671,0.0006,-10.53,-7.069,27.0061,-0.4212,0.0,-7.4902,-7.4902,-486.86,50.0,-536.86,2.0994,65
short,2025-09-04 14:30:00+05:30,2025-09-04 14:40:00+05:30,24751.3,24769.13200075607,24769.13200075607,24769.13200075607,False,-17.83,22.0,28.25,STOP_LOSS,10,17.832,-0.2,-0.189301,0.0006,-10.53,-3.4805,6.2006,-0.2808,0.0,-3.7613,-3.7613,-244.49,50.0,-294.49,-1.4011,65
short,2025-09-05 10:25:00+05:30,2025-09-05 12:25:00+05:30,24721.75,24656.750888557428,24751.139899965365,24656.750888557428,True,65.0,79.45,8.35,TRAIL_SL,120,-64.9991,-0.2,-0.238999,0.0006,-10.53,14.1405,82.3852,-3.3696,0.0,10.7709,10.7709,700.11,50.0,650.11,-16.4425,65
long,2025-09-08 09:55:00+05:30,2025-09-08 13:15:00+05:30,24809.8,24861.027761777907,24780.088374071955,24861.027761777907,True,51.23,61.1,44.85,TRAIL_SL,200,51.2278,0.2,0.230737,0.0006,-10.53,10.9541,51.1735,-5.616,0.0,5.3381,5.3381,346.98,50.0,296.98,26.9875,65
long,2025-09-17 10:10:00+05:30,2025-09-17 15:15:00+05:30,25314.15,25327.35,25293.297291377905,25293.297291377905,False,13.2,32.35,34.3,SOFT_EOD_EXIT,305,13.2,0.2,0.20792,0.0006,-10.53,2.687,3.3977,-8.5644,0.0,-5.8774,-5.8774,-382.03,50.0,-432.03,40.3766,65
long,2025-09-18 10:10:00+05:30,2025-09-18 12:40:00+05:30,25408.0,25386.865765640203,25386.865765640203,25386.865765640203,False,-21.13,34.4,39.05,STOP_LOSS,150,-21.1342,0.2,0.187319,0.0006,-10.53,-4.1062,8.7098,-4.212,0.0,-8.3182,-8.3182,-540.69,50.0,-590.69,20.4337,65
short,2025-09-18 14:40:00+05:30,2025-09-18 14:45:00+05:30,25352.5,25366.259081018714,25366.259081018714,25366.259081018714,False,-13.76,1.25,35.05,STOP_LOSS,5,13.7591,-0.2,-0.191745,0.0006,-10.53,-2.7007,3.6916,-0.1404,0.0,-2.8411,-2.8411,-184.67,50.0,-234.67,-0.7013,65
short,2025-09-19 10:20:00+05:30,2025-09-19 13:25:00+05:30,25330.2,25344.179869328356,25344.179869328356,25344.179869328356,False,-13.98,43.9,17.3,STOP_LOSS,185,13.9799,-0.2,-0.191612,0.0006,-10.53,-2.7432,3.811,-5.1948,0.0,-7.938,-7.938,-515.97,50.0,-565.97,-25.034,65
short,2025-09-22 09:30:00+05:30,2025-09-22 14:50:00+05:30,25303.15,25190.5362260871,25326.042282639493,25190.5362260871,True,112.61,152.1,28.55,TRAIL_SL,320,-112.6138,-0.2,-0.267568,0.0006,-10.53,25.9469,247.2963,-8.9856,0.0,16.9613,16.9613,1102.48,50.0,1052.48,-42.2504,65
short,2025-09-23 10:00:00+05:30,2025-09-23 12:30:00+05:30,25152.7,25171.854061287053,25171.854061287053,25171.854061287053,False,-19.15,68.05,35.95,STOP_LOSS,150,19.1541,-0.2,-0.188508,0.0006,-10.53,-3.7318,7.1541,-4.212,0.0,-7.9438,-7.9438,-516.34,50.0,-566.34,-20.4337,65
short,2025-09-24 09:55:00+05:30,2025-09-24 13:00:00+05:30,25091.95,25111.124572185996,25111.124572185996,25111.124572185996,False,-19.17,64.5,33.5,STOP_LOSS,185,19.1746,-0.2,-0.188495,0.0006,-10.53,-3.7356,7.1695,-5.1948,0.0,-8.9304,-8.9304,-580.48,50.0,-630.48,-25.034,65
short,2025-09-25 10:20:00+05:30,2025-09-25 12:50:00+05:30,25042.3,24973.21580371762,25057.48402668205,24973.21580371762,True,69.08,82.75,11.5,TRAIL_SL,150,-69.0842,-0.2,-0.241451,0.0006,-10.53,15.1054,93.0662,-4.212,0.0,10.8934,10.8934,708.07,50.0,658.07,-20.4337,65
short,2025-09-26 09:45:00+05:30,2025-09-26 14:10:00+05:30,24813.9,24660.832818746036,24836.267316888658,24660.832818746036,True,153.07,175.5,12.3,TRAIL_SL,265,-153.0672,-0.2,-0.29184,0.0006,-10.53,36.9394,456.8765,-7.4412,0.0,29.4982,29.4982,1917.38,50.0,1867.38,-35.3333,65
short,2025-09-26 14:35:00+05:30,2025-09-26 15:15:00+05:30,24656.6,24652.2,24672.74481465301,24672.74481465301,False,4.4,26.25,18.05,SOFT_EOD_EXIT,40,-4.4,-0.2,-0.20264,0.0006,-10.53,0.8852,0.3775,-1.1232,0.0,-0.238,-0.238,-15.47,50.0,-65.47,-5.5695,65
long,2025-10-01 14:55:00+05:30,2025-10-01 15:15:00+05:30,24835.35,24839.7,24807.301410291508,24807.301410291508,False,4.35,13.45,15.05,SOFT_EOD_EXIT,20,4.35,0.2,0.20261,0.0006,-10.53,0.8751,0.369,-0.5616,0.0,0.3135,0.3135,20.38,50.0,-29.62,2.7963,65
long,2025-10-07 10:20:00+05:30,2025-10-07 11:15:00+05:30,25173.2,25148.539907451093,25148.539907451093,25148.539907451093,False,-24.66,22.75,32.95,STOP_LOSS,55,-24.6601,0.2,0.185204,0.0006,-10.53,-4.7678,11.8583,-1.5444,0.0,-6.3122,-6.3122,-410.29,50.0,-460.29,7.6346,65
long,2025-10-10 10:05:00+05:30,2025-10-10 11:20:00+05:30,25256.65,25297.613703278785,25229.399838374266,25297.613703278785,True,40.96,58.9,7.9,TRAIL_SL,75,40.9637,0.2,0.224578,0.0006,-10.53,8.6458,32.7215,-2.106,0.0,6.5398,6.5398,425.09,50.0,375.09,10.3687,65
short,2025-10-13 09:40:00+05:30,2025-10-13 14:25:00+05:30,25216.25,25239.276170700334,25239.276170700334,25239.276170700334,False,-23.03,54.15,51.05,STOP_LOSS,285,23.0262,-0.2,-0.186184,0.0006,-10.53,-4.4621,10.339,-8.0028,0.0,-12.4649,-12.4649,-810.22,50.0,-860.22,-37.8635,65
short,2025-10-14 10:25:00+05:30,2025-10-14 11:35:00+05:30,25210.45,25146.0683107359,25229.437648604584,25146.0683107359,True,64.38,94.9,29.8,TRAIL_SL,70,-64.3817,-0.2,-0.238629,0.0006,-10.53,13.9955,80.8275,-1.9656,0.0,12.0299,12.0299,781.94,50.0,731.94,-9.6872,65
long,2025-10-16 10:10:00+05:30,2025-10-16 12:45:00+05:30,25423.45,25502.599270043305,25400.69400082845,25502.599270043305,True,79.15,93.25,5.9,TRAIL_SL,155,79.1493,0.2,0.24749,0.0006,-10.53,17.5213,122.1598,-4.3524,0.0,13.1689,13.1689,855.98,50.0,805.98,21.0945,65
long,2025-10-20 09:45:00+05:30,2025-10-20 11:15:00+05:30,25820.2,25866.07834409888,25764.320173241817,25866.07834409888,True,45.88,72.75,28.65,TRAIL_SL,90,45.8783,0.2,0.227527,0.0006,-10.53,9.744,41.044,-2.5272,0.0,7.2168,7.2168,469.09,50.0,419.09,12.4052,65
short,2025-10-20 14:45:00+05:30,2025-10-20 15:05:00+05:30,25830.55,25849.423230948072,25849.423230948072,25849.423230948072,False,-18.87,19.55,19.55,STOP_LOSS,20,18.8732,-0.2,-0.188676,0.0006,-10.53,-3.6785,6.9459,-0.5616,0.0,-4.2401,-4.2401,-275.6,50.0,-325.6,-2.7963,65
long,2025-10-23 10:25:00+05:30,2025-10-23 13:30:00+05:30,26073.4,26045.744331669088,26045.744331669088,26045.744331669088,False,-27.66,30.8,53.1,STOP_LOSS,185,-27.6557,0.2,0.183407,0.0006,-10.53,-5.3246,14.9143,-5.1948,0.0,-10.5194,-10.5194,-683.76,50.0,-733.76,25.034,65
short,2025-10-23 14:50:00+05:30,2025-10-23 15:15:00+05:30,25967.5,25883.4599066952,25987.4682393143,25883.4599066952,True,84.04,105.05,8.7,TRAIL_SL,25,-84.0401,-0.2,-0.250424,0.0006,-10.53,18.715,137.7234,-0.702,0.0,18.013,18.013,1170.84,50.0,1120.84,-3.4917,65
short,2025-10-24 09:40:00+05:30,2025-10-24 11:10:00+05:30,25903.5,25824.221417501412,25931.96790472284,25824.221417501412,True,79.28,107.7,0.65,TRAIL_SL,90,-79.2786,-0.2,-0.247567,0.0006,-10.53,17.5527,122.5593,-2.5272,0.0,15.0255,15.0255,976.66,50.0,926.66,-12.4052,65
short,2025-10-24 14:30:00+05:30,2025-10-24 15:00:00+05:30,25759.4,25776.018150874497,25776.018150874497,25776.018150874497,False,-16.62,21.45,43.95,STOP_LOSS,30,16.6182,-0.2,-0.190029,0.0006,-10.53,-3.2491,5.3852,-0.8424,0.0,-4.0915,-4.0915,-265.95,50.0,-315.95,-4.1857,65
short,2025-10-28 14:50:00+05:30,2025-10-28 15:00:00+05:30,25834.25,25857.006677099616,25857.006677099616,25857.006677099616,False,-22.76,1.6,86.9,STOP_LOSS,10,22.7567,-0.2,-0.186346,0.0006,-10.53,-4.4115,10.0984,-0.2808,0.0,-4.6923,-4.6923,-305.0,50.0,-355.0,-1.4011,65
long,2025-10-29 09:35:00+05:30,2025-10-29 10:35:00+05:30,25965.2,26045.99653373647,25925.839432133133,26045.99653373647,True,80.8,99.35,4.9,TRAIL_SL,60,80.7965,0.2,0.248478,0.0006,-10.53,17.9219,127.2976,-1.6848,0.0,16.2371,16.2371,1055.41,50.0,1005.41,8.3202,65
short,2025-10-30 10:05:00+05:30,2025-10-30 11:20:00+05:30,25946.25,25966.634855356162,25966.634855356162,25966.634855356162,False,-20.38,34.3,28.75,STOP_LOSS,75,20.3849,-0.2,-0.187769,0.0006,-10.53,-3.9648,8.1031,-2.106,0.0,-6.0708,-6.0708,-394.6,50.0,-444.6,-10.3687,65
short,2025-11-04 10:00:00+05:30,2025-11-04 14:35:00+05:30,25716.65,25624.293628286687,25732.645722760175,25624.293628286687,True,92.36,124.0,3.9,TRAIL_SL,275,-92.3564,-0.2,-0.255414,0.0006,-10.53,20.7743,166.3291,-7.722,0.0,13.0523,13.0523,848.4,50.0,798.4,-36.6006,65
short,2025-11-07 09:45:00+05:30,2025-11-07 11:20:00+05:30,25389.6,25416.84606678175,25416.84606678175,25416.84606678175,False,-27.25,58.55,42.7,STOP_LOSS,95,27.2461,-0.2,-0.183652,0.0006,-10.53,-5.2488,14.4758,-2.6676,0.0,-7.9164,-7.9164,-514.56,50.0,-564.56,-13.0813,65
short,2025-11-11 09:55:00+05:30,2025-11-11 12:00:00+05:30,25519.05,25537.944566610273,25537.944566610273,25537.944566610273,False,-18.89,69.8,22.05,STOP_LOSS,125,18.8946,-0.2,-0.188663,0.0006,-10.53,-3.6825,6.9616,-3.51,0.0,-7.1925,-7.1925,-467.51,50.0,-517.51,-17.1108,65
long,2025-11-11 14:40:00+05:30,2025-11-11 15:15:00+05:30,25663.45,25700.85,25634.933473219247,25634.933473219247,False,37.4,39.3,2.7,SOFT_EOD_EXIT,35,37.4,0.2,0.22244,0.0006,-10.53,7.8577,27.2758,-0.9828,0.0,6.8749,6.8749,446.87,50.0,396.87,4.8783,65
long,2025-11-12 10:15:00+05:30,2025-11-12 12:10:00+05:30,25836.95,25892.886569309943,25808.87823132364,25892.886569309943,True,55.94,70.9,7.0,TRAIL_SL,115,55.9366,0.2,0.233562,0.0006,-10.53,12.0321,61.0135,-3.2292,0.0,8.8029,8.8029,572.19,50.0,522.19,15.7728,65
short,2025-11-13 09:40:00+05:30,2025-11-13 09:45:00+05:30,25857.0,25876.86632313896,25876.86632313896,25876.86632313896,False,-19.87,1.45,25.95,STOP_LOSS,5,19.8663,-0.2,-0.18808,0.0006,-10.53,-3.8667,7.6961,-0.1404,0.0,-4.0071,-4.0071,-260.46,50.0,-310.46,-0.7013,65
short,2025-11-13 14:40:00+05:30,2025-11-13 15:15:00+05:30,25924.05,25872.75,25941.03141882796,25941.03141882796,False,51.3,57.9,7.35,SOFT_EOD_EXIT,35,-51.3,-0.2,-0.23078,0.0006,-10.53,10.9706,51.318,-0.9828,0.0,9.9878,9.9878,649.2,50.0,599.2,-4.8783,65
short,2025-11-14 09:40:00+05:30,2025-11-14 10:15:00+05:30,25856.2,25797.20936545639,25883.030228118314,25797.20936545639,True,58.99,91.3,10.55,TRAIL_SL,35,-58.9906,-0.2,-0.235394,0.0006,-10.53,12.7377,67.858,-0.9828,0.0,11.7549,11.7549,764.07,50.0,714.07,-4.8783,65
short,2025-11-14 10:15:00+05:30,2025-11-14 10:50:00+05:30,25798.65,25823.453305891737,25823.453305891737,25823.453305891737,False,-24.8,46.95,39.15,STOP_LOSS,35,24.8033,-0.2,-0.185118,0.0006,-10.53,-4.7946,11.9965,-0.9828,0.0,-5.7774,-5.7774,-375.53,50.0,-425.53,-4.8783,65
long,2025-11-17 10:00:00+05:30,2025-11-17 14:15:00+05:30,25954.1,26010.136200974797,25926.49992300652,26010.136200974797,True,56.04,69.15,39.0,TRAIL_SL,255,56.0362,0.2,0.233622,0.0006,-10.53,12.0551,61.2311,-7.1604,0.0,4.8947,4.8947,318.15,50.0,268.15,34.0617,65
short,2025-11-19 09:40:00+05:30,2025-11-19 10:05:00+05:30,25909.3,25929.639870625997,25929.639870625997,25929.639870625997,False,-20.34,25.5,26.9,STOP_LOSS,25,20.3399,-0.2,-0.187796,0.0006,-10.53,-3.9563,8.0674,-0.702,0.0,-4.6583,-4.6583,-302.79,50.0,-352.79,-3.4917,65
long,2025-11-20 09:45:00+05:30,2025-11-20 11:45:00+05:30,26088.65,26140.426935926378,26060.632666206424,26140.426935926378,True,51.78,60.0,14.55,TRAIL_SL,120,51.7769,0.2,0.231066,0.0006,-10.53,11.0792,52.2766,-3.3696,0.0,7.7096,7.7096,501.13,50.0,451.13,16.4425,65
long,2025-11-20 14:35:00+05:30,2025-11-20 14:40:00+05:30,26218.7,26198.852371811357,26198.852371811357,26198.852371811357,False,-19.85,5.1,23.4,STOP_LOSS,5,-19.8476,0.2,0.188091,0.0006,-10.53,-3.8632,7.6816,-0.1404,0.0,-4.0036,-4.0036,-260.23,50.0,-310.23,0.7013,65
short,2025-11-25 09:35:00+05:30,2025-11-25 10:05:00+05:30,25969.5,25990.91347498232,25990.91347498232,25990.91347498232,False,-21.41,17.4,36.35,STOP_LOSS,30,21.4135,-0.2,-0.187152,0.0006,-10.53,-4.1589,8.9415,-0.8424,0.0,-5.0013,-5.0013,-325.08,50.0,-375.08,-4.1857,65
long,2025-11-27 09:35:00+05:30,2025-11-27 13:05:00+05:30,26249.55,26218.932631009207,26218.932631009207,26218.932631009207,False,-30.62,60.9,34.6,STOP_LOSS,210,-30.6174,0.2,0.18163,0.0006,-10.53,-5.8704,18.2798,-5.8968,0.0,-11.7672,-11.7672,-764.87,50.0,-814.87,28.284,65
long,2025-12-01 09:50:00+05:30,2025-12-01 10:50:00+05:30,26273.55,26244.11071864126,26244.11071864126,26244.11071864126,False,-29.44,17.3,44.6,STOP_LOSS,60,-29.4393,0.2,0.182336,0.0006,-10.53,-5.6539,16.9001,-1.6848,0.0,-7.3387,-7.3387,-477.01,50.0,-527.01,8.3202,65
short,2025-12-02 10:25:00+05:30,2025-12-02 10:55:00+05:30,26078.8,26092.2033622572,26092.2033622572,26092.2033622572,False,-13.4,9.15,20.8,STOP_LOSS,30,13.4034,-0.2,-0.191958,0.0006,-10.53,-2.6322,3.5032,-0.8424,0.0,-3.4746,-3.4746,-225.85,50.0,-275.85,-4.1857,65
short,2025-12-08 10:20:00+05:30,2025-12-08 13:00:00+05:30,26101.65,26021.452209573887,26118.60852995268,26021.452209573887,True,80.2,97.15,2.25,TRAIL_SL,160,-80.1978,-0.2,-0.248119,0.0006,-10.53,17.7761,125.4179,-4.4928,0.0,13.2833,13.2833,863.42,50.0,813.42,-21.7541,65
short,2025-12-08 14:40:00+05:30,2025-12-08 14:45:00+05:30,25928.7,25943.40977604798,25943.40977604798,25943.40977604798,False,-14.71,6.45,17.05,STOP_LOSS,5,14.7098,-0.2,-0.191174,0.0006,-10.53,-2.8835,4.2194,-0.1404,0.0,-3.0239,-3.0239,-196.56,50.0,-246.56,-0.7013,65
short,2025-12-08 14:55:00+05:30,2025-12-08 15:00:00+05:30,25939.6,25955.81896384516,25955.81896384516,25955.81896384516,False,-16.22,0.0,39.35,STOP_LOSS,5,16.219,-0.2,-0.190269,0.0006,-10.53,-3.1728,5.1296,-0.1404,0.0,-3.3132,-3.3132,-215.36,50.0,-265.36,-0.7013,65
short,2025-12-09 10:05:00+05:30,2025-12-09 10:15:00+05:30,25778.1,25800.483384061426,25800.483384061426,25800.483384061426,False,-22.38,4.0,70.75,STOP_LOSS,10,22.3834,-0.2,-0.18657,0.0006,-10.53,-4.3414,9.7698,-0.2808,0.0,-4.6222,-4.6222,-300.44,50.0,-350.44,-1.4011,65
short,2025-12-09 14:55:00+05:30,2025-12-09 15:15:00+05:30,25831.45,25836.0,25847.14751351036,25847.14751351036,False,-4.55,7.0,24.15,SOFT_EOD_EXIT,20,4.55,-0.2,-0.19727,0.0006,-10.53,-0.9044,0.4037,-0.5616,0.0,-1.466,-1.466,-95.29,50.0,-145.29,-2.7963,65
short,2025-12-10 14:45:00+05:30,2025-12-10 15:15:00+05:30,25760.45,25756.2,25777.394346396068,25777.394346396068,False,4.25,21.05,16.45,SOFT_EOD_EXIT,30,-4.25,-0.2,-0.20255,0.0006,-10.53,0.8549,0.3522,-0.8424,0.0,0.0125,0.0125,0.81,50.0,-49.19,-4.1857,65
short,2025-12-11 10:00:00+05:30,2025-12-11 10:05:00+05:30,25739.0,25763.69919092409,25763.69919092409,25763.69919092409,False,-24.7,5.6,35.1,STOP_LOSS,5,24.6992,-0.2,-0.18518,0.0006,-10.53,-4.7751,11.896,-0.1404,0.0,-4.9155,-4.9155,-319.51,50.0,-369.51,-0.7013,65
long,2025-12-12 10:00:00+05:30,2025-12-12 10:20:00+05:30,26001.65,25976.732819803972,25976.732819803972,25976.732819803972,False,-24.92,6.6,44.05,STOP_LOSS,20,-24.9172,0.2,0.18505,0.0006,-10.53,-4.8158,12.1069,-0.5616,0.0,-5.3774,-5.3774,-349.53,50.0,-399.53,2.7963,65
short,2025-12-15 09:55:00+05:30,2025-12-15 10:25:00+05:30,25951.6,25969.99088842257,25969.99088842257,25969.99088842257,False,-18.39,14.1,26.5,STOP_LOSS,30,18.3909,-0.2,-0.188965,0.0006,-10.53,-3.5869,6.5954,-0.8424,0.0,-4.4293,-4.4293,-287.9,50.0,-337.9,-4.1857,65
short,2025-12-16 09:50:00+05:30,2025-12-16 14:20:00+05:30,25942.0,25870.091603632973,25956.653986476136,25870.091603632973,True,71.91,93.6,0.85,TRAIL_SL,270,-71.9084,-0.2,-0.243145,0.0006,-10.53,15.7778,100.8309,-7.5816,0.0,8.1962,8.1962,532.75,50.0,482.75,-35.9675,65
short,2025-12-18 14:30:00+05:30,2025-12-18 15:15:00+05:30,25808.9,25818.45,25824.659777975754,25824.659777975754,False,-9.55,38.05,20.85,SOFT_EOD_EXIT,45,9.55,-0.2,-0.19427,0.0006,-10.53,-1.8854,1.7784,-1.2636,0.0,-3.149,-3.149,-204.68,50.0,-254.68,-6.2592,65
long,2025-12-19 10:10:00+05:30,2025-12-19 14:25:00+05:30,25935.6,25980.858095897147,25909.546631407775,25980.858095897147,True,45.26,57.75,30.0,TRAIL_SL,255,45.2581,0.2,0.227155,0.0006,-10.53,9.6047,39.9418,-7.1604,0.0,2.4443,2.4443,158.88,50.0,108.88,34.0617,65
long,2025-12-22 10:25:00+05:30,2025-12-22 15:15:00+05:30,26124.85,26168.4,26105.705829869767,26105.705829869767,False,43.55,55.85,13.1,SOFT_EOD_EXIT,290,43.55,0.2,0.22613,0.0006,-10.53,9.2221,36.9837,-8.1432,0.0,1.0789,1.0789,70.13,50.0,20.13,38.4934,65
short,2025-12-26 10:25:00+05:30,2025-12-26 14:50:00+05:30,26091.75,26018.212237401705,26102.91253154601,26018.212237401705,True,73.54,83.15,5.85,TRAIL_SL,265,-73.5378,-0.2,-0.244123,0.0006,-10.53,16.1677,105.4521,-7.4412,0.0,8.7265,8.7265,567.22,50.0,517.22,-35.3333,65
long,2025-12-31 14:30:00+05:30,2025-12-31 15:00:00+05:30,26158.7,26142.44909783791,26142.44909783791,26142.44909783791,False,-16.25,29.25,26.7,STOP_LOSS,30,-16.2509,0.2,0.190249,0.0006,-10.53,-3.1789,5.1498,-0.8424,0.0,-4.0213,-4.0213,-261.38,50.0,-311.38,4.1857,65
long,2026-01-02 10:25:00+05:30,2026-01-02 12:45:00+05:30,26247.1,26302.15787665512,26226.79093433461,26302.15787665512,True,55.06,65.3,12.05,TRAIL_SL,140,55.0579,0.2,0.233035,0.0006,-10.53,11.83,59.1117,-3.9312,0.0,7.8988,7.8988,513.42,50.0,463.42,19.1083,65
short,2026-01-05 14:30:00+05:30,2026-01-05 14:45:00+05:30,26246.5,26259.745531314387,26259.745531314387,26259.745531314387,False,-13.25,12.7,14.6,STOP_LOSS,15,13.2455,-0.2,-0.192053,0.0006,-10.53,-2.6017,3.4212,-0.4212,0.0,-3.0229,-3.0229,-196.49,50.0,-246.49,-2.0994,65
short,2026-01-06 09:30:00+05:30,2026-01-06 09:55:00+05:30,26215.05,26237.1488137646,26237.1488137646,26237.1488137646,False,-22.1,24.4,44.3,STOP_LOSS,25,22.0988,-0.2,-0.186741,0.0006,-10.53,-4.2879,9.523,-0.702,0.0,-4.9899,-4.9899,-324.34,50.0,-374.34,-3.4917,65
short,2026-01-09 09:50:00+05:30,2026-01-09 12:00:00+05:30,25877.3,25754.539409558874,25907.512554068468,25754.539409558874,True,122.76,142.15,24.65,TRAIL_SL,130,-122.7606,-0.2,-0.273656,0.0006,-10.53,28.6211,293.8682,-3.6504,0.0,24.9707,24.9707,1623.09,50.0,1573.09,-17.7779,65
short,2026-01-09 14:45:00+05:30,2026-01-09 15:05:00+05:30,25669.95,25685.855858639734,25685.855858639734,25685.855858639734,False,-15.91,11.6,26.85,STOP_LOSS,20,15.9059,-0.2,-0.190456,0.0006,-10.53,-3.1129,4.9334,-0.5616,0.0,-3.6745,-3.6745,-238.84,50.0,-288.84,-2.7963,65
short,2026-01-12 09:45:00+05:30,2026-01-12 11:45:00+05:30,25595.45,25488.32271267491,25623.67396415429,25488.32271267491,True,107.13,122.05,13.1,TRAIL_SL,120,-107.1273,-0.2,-0.264276,0.0006,-10.53,24.524,223.787,-3.3696,0.0,21.1544,21.1544,1375.04,50.0,1325.04,-16.4425,65
short,2026-01-13 14:30:00+05:30,2026-01-13 14:35:00+05:30,25640.25,25660.128855814666,25660.128855814666,25660.128855814666,False,-19.88,5.45,33.95,STOP_LOSS,5,19.8789,-0.2,-0.188073,0.0006,-10.53,-3.8691,7.7058,-0.1404,0.0,-4.0095,-4.0095,-260.62,50.0,-310.62,-0.7013,65
short,2026-01-19 10:20:00+05:30,2026-01-19 13:45:00+05:30,25540.65,25561.894790236798,25561.894790236798,25561.894790236798,False,-21.24,46.3,35.4,STOP_LOSS,205,21.2448,-0.2,-0.187253,0.0006,-10.53,-4.1271,8.8012,-5.7564,0.0,-9.8835,-9.8835,-642.43,50.0,-692.43,-27.6363,65
short,2026-01-20 10:05:00+05:30,2026-01-20 14:00:00+05:30,25479.8,25375.129422361817,25502.260616765678,25375.129422361817,True,104.67,130.25,24.2,TRAIL_SL,235,-104.6706,-0.2,-0.262802,0.0006,-10.53,23.8922,213.6406,-6.5988,0.0,17.2934,17.2934,1124.07,50.0,1074.07,-31.5051,65
short,2026-01-20 14:30:00+05:30,2026-01-20 15:25:00+05:30,25379.15,25198.763248318224,25394.43746321778,25198.763248318224,True,180.39,207.8,5.3,TRAIL_SL,55,-180.3868,-0.2,-0.308232,0.0006,-10.53,44.863,634.5179,-1.5444,0.0,43.3186,43.3186,2815.71,50.0,2765.71,-7.6346,65
short,2026-01-21 09:30:00+05:30,2026-01-21 10:55:00+05:30,25242.85,24992.282343136743,25280.861767091057,24992.282343136743,True,250.57,323.05,8.45,TRAIL_SL,85,-250.5677,-0.2,-0.350341,0.0006,-10.53,67.0653,1224.2909,-2.3868,0.0,64.6785,64.6785,4204.1,50.0,4154.1,-11.7277,65
