timestamp,equity
2025-12-31 09:15:00+05:30,0.0
2025-12-31 09:20:00+05:30,0.0
2025-12-31 09:25:00+05:30,0.0
2025-12-31 09:30:00+05:30,0.0
2025-12-31 09:35:00+05:30,0.0
2025-12-31 09:40:00+05:30,0.0
2025-12-31 09:45:00+05:30,0.0
2025-12-31 09:50:00+05:30,0.0
2025-12-31 09:55:00+05:30,0.0
2025-12-31 10:00:00+05:30,0.0
2025-12-31 10:05:00+05:30,0.0
2025-12-31 10:10:00+05:30,0.0
2025-12-31 10:15:00+05:30,0.0
2025-12-31 10:20:00+05:30,0.0
2025-12-31 10:25:00+05:30,0.0
2025-12-31 10:30:00+05:30,0.0
2025-12-31 10:35:00+05:30,0.0
2025-12-31 10:40:00+05:30,0.0
2025-12-31 10:45:00+05:30,0.0
2025-12-31 10:50:00+05:30,0.0
2025-12-31 10:55:00+05:30,0.0
2025-12-31 11:00:00+05:30,0.0
2025-12-31 11:05:00+05:30,0.0
2025-12-31 11:10:00+05:30,0.0
2025-12-31 11:15:00+05:30,0.0
2025-12-31 11:20:00+05:30,0.0
2025-12-31 11:25:00+05:30,0.0
2025-12-31 11:30:00+05:30,0.0
2025-12-31 11:35:00+05:30,0.0
2025-12-31 11:40:00+05:30,0.0
2025-12-31 11:45:00+05:30,0.0
2025-12-31 11:50:00+05:30,0.0
2025-12-31 11:55:00+05:30,0.0
2025-12-31 12:00:00+05:30,0.0
2025-12-31 12:05:00+05:30,0.0
2025-12-31 12:10:00+05:30,0.0
2025-12-31 12:15:00+05:30,0.0
2025-12-31 12:20:00+05:30,0.0
2025-12-31 12:25:00+05:30,0.0
2025-12-31 12:30:00+05:30,0.0
2025-12-31 12:35:00+05:30,0.0
2025-12-31 12:40:00+05:30,0.0
2025-12-31 12:45:00+05:30,0.0
2025-12-31 12:50:00+05:30,0.0
2025-12-31 12:55:00+05:30,0.0
2025-12-31 13:00:00+05:30,0.0
2025-12-31 13:05:00+05:30,0.0
2025-12-31 13:10:00+05:30,0.0
2025-12-31 13:15:00+05:30,0.0
2025-12-31 13:20:00+05:30,0.0
2025-12-31 13:25:00+05:30,0.0
2025-12-31 13:30:00+05:30,0.0
2025-12-31 13:35:00+05:30,0.0
2025-12-31 13:40:00+05:30,0.0
2025-12-31 13:45:00+05:30,0.0
2025-12-31 13:50:00+05:30,0.0
2025-12-31 13:55:00+05:30,0.0
2025-12-31 14:00:00+05:30,0.0
2025-12-31 14:05:00+05:30,0.0
2025-12-31 14:10:00+05:30,0.0
2025-12-31 14:15:00+05:30,0.0
2025-12-31 14:20:00+05:30,0.0
2025-12-31 14:25:00+05:30,0.0
2025-12-31 14:30:00+05:30,0.0
2025-12-31 14:35:00+05:30,0.0
2025-12-31 14:40:00+05:30,0.0
2025-12-31 14:45:00+05:30,0.0
2025-12-31 14:50:00+05:30,0.0
2025-12-31 14:55:00+05:30,0.0
2025-12-31 15:00:00+05:30,0.0
2025-12-31 15:05:00+05:30,0.0
2025-12-31 15:10:00+05:30,0.0
2025-12-31 15:15:00+05:30,0.0
2025-12-31 15:20:00+05:30,0.0
2025-12-31 15:25:00+05:30,0.0
2026-01-01 09:15:00+05:30,0.0
2026-01-01 09:20:00+05:30,0.0
2026-01-01 09:25:00+05:30,0.0
2026-01-01 09:30:00+05:30,0.0
2026-01-01 09:35:00+05:30,0.0
2026-01-01 09:40:00+05:30,0.0
2026-01-01 09:45:00+05:30,0.0
2026-01-01 09:50:00+05:30,0.0
2026-01-01 09:55:00+05:30,0.0
2026-01-01 10:00:00+05:30,0.0
2026-01-01 10:05:00+05:30,0.0
2026-01-01 10:10:00+05:30,0.0
2026-01-01 10:15:00+05:30,0.0
2026-01-01 10:20:00+05:30,0.0
2026-01-01 10:25:00+05:30,0.0
2026-01-01 10:30:00+05:30,0.0
2026-01-01 10:35:00+05:30,0.0
2026-01-01 10:40:00+05:30,0.0
2026-01-01 10:45:00+05:30,0.0
2026-01-01 10:50:00+05:30,0.0
2026-01-01 10:55:00+05:30,0.0
2026-01-01 11:00:00+05:30,0.0
2026-01-01 11:05:00+05:30,0.0
2026-01-01 11:10:00+05:30,0.0
2026-01-01 11:15:00+05:30,0.0
2026-01-01 11:20:00+05:30,0.0
2026-01-01 11:25:00+05:30,0.0
2026-01-01 11:30:00+05:30,0.0
2026-01-01 11:35:00+05:30,0.0
2026-01-01 11:40:00+05:30,0.0
2026-01-01 11:45:00+05:30,0.0
2026-01-01 11:50:00+05:30,0.0
2026-01-01 11:55:00+05:30,0.0
2026-01-01 12:00:00+05:30,0.0
2026-01-01 12:05:00+05:30,0.0
2026-01-01 12:10:00+05:30,0.0
2026-01-01 12:15:00+05:30,0.0
2026-01-01 12:20:00+05:30,0.0
2026-01-01 12:25:00+05:30,0.0
2026-01-01 12:30:00+05:30,0.0
2026-01-01 12:35:00+05:30,0.0
2026-01-01 12:40:00+05:30,0.0
2026-01-01 12:45:00+05:30,0.0
2026-01-01 12:50:00+05:30,0.0
2026-01-01 12:55:00+05:30,0.0
2026-01-01 13:00:00+05:30,0.0
2026-01-01 13:05:00+05:30,0.0
2026-01-01 13:10:00+05:30,0.0
2026-01-01 13:15:00+05:30,0.0
2026-01-01 13:20:00+05:30,0.0
2026-01-01 13:25:00+05:30,0.0
2026-01-01 13:30:00+05:30,0.0
2026-01-01 13:35:00+05:30,0.0
2026-01-01 13:40:00+05:30,0.0
2026-01-01 13:45:00+05:30,0.0
2026-01-01 13:50:00+05:30,0.0
2026-01-01 13:55:00+05:30,0.0
2026-01-01 14:00:00+05:30,0.0
2026-01-01 14:05:00+05:30,0.0
2026-01-01 14:10:00+05:30,0.0
2026-01-01 14:15:00+05:30,0.0
2026-01-01 14:20:00+05:30,0.0
2026-01-01 14:25:00+05:30,0.0
2026-01-01 14:30:00+05:30,0.0
2026-01-01 14:35:00+05:30,0.0
2026-01-01 14:40:00+05:30,0.0
2026-01-01 14:45:00+05:30,0.0
2026-01-01 14:50:00+05:30,0.0
2026-01-01 14:55:00+05:30,0.0
2026-01-01 15:00:00+05:30,0.0
2026-01-01 15:05:00+05:30,0.0
2026-01-01 15:10:00+05:30,0.0
2026-01-01 15:15:00+05:30,0.0
2026-01-01 15:20:00+05:30,0.0
2026-01-01 15:25:00+05:30,0.0
2026-01-02 09:15:00+05:30,0.0
2026-01-02 09:20:00+05:30,0.0
2026-01-02 09:25:00+05:30,0.0
2026-01-02 09:30:00+05:30,0.0
2026-01-02 09:35:00+05:30,0.0
2026-01-02 09:40:00+05:30,0.0
2026-01-02 09:45:00+05:30,0.0
2026-01-02 09:50:00+05:30,0.0
2026-01-02 09:55:00+05:30,0.0
2026-01-02 10:00:00+05:30,0.0
2026-01-02 10:05:00+05:30,0.0
2026-01-02 10:10:00+05:30,0.0
2026-01-02 10:15:00+05:30,0.0
2026-01-02 10:20:00+05:30,0.0
2026-01-02 10:25:00+05:30,0.0
2026-01-02 10:30:00+05:30,0.0
2026-01-02 10:35:00+05:30,0.0
2026-01-02 10:40:00+05:30,0.0
2026-01-02 10:45:00+05:30,0.0
2026-01-02 10:50:00+05:30,0.0
2026-01-02 10:55:00+05:30,0.0
2026-01-02 11:00:00+05:30,0.0
2026-01-02 11:05:00+05:30,0.0
2026-01-02 11:10:00+05:30,0.0
2026-01-02 11:15:00+05:30,0.0
2026-01-02 11:20:00+05:30,0.0
2026-01-02 11:25:00+05:30,0.0
2026-01-02 11:30:00+05:30,0.0
2026-01-02 11:35:00+05:30,0.0
2026-01-02 11:40:00+05:30,0.0
2026-01-02 11:45:00+05:30,0.0
2026-01-02 11:50:00+05:30,0.0
2026-01-02 11:55:00+05:30,0.0
2026-01-02 12:00:00+05:30,0.0
2026-01-02 12:05:00+05:30,0.0
2026-01-02 12:10:00+05:30,0.0
2026-01-02 12:15:00+05:30,0.0
2026-01-02 12:20:00+05:30,0.0
2026-01-02 12:25:00+05:30,0.0
2026-01-02 12:30:00+05:30,0.0
2026-01-02 12:35:00+05:30,0.0
2026-01-02 12:40:00+05:30,0.0
2026-01-02 12:45:00+05:30,0.0
2026-01-02 12:50:00+05:30,0.0
2026-01-02 12:55:00+05:30,0.0
2026-01-02 13:00:00+05:30,0.0
2026-01-02 13:05:00+05:30,0.0
2026-01-02 13:10:00+05:30,0.0
2026-01-02 13:15:00+05:30,0.0
2026-01-02 13:20:00+05:30,0.0
2026-01-02 13:25:00+05:30,0.0
2026-01-02 13:30:00+05:30,0.0
2026-01-02 13:35:00+05:30,0.0
2026-01-02 13:40:00+05:30,0.0
2026-01-02 13:45:00+05:30,0.0
2026-01-02 13:50:00+05:30,0.0
2026-01-02 13:55:00+05:30,0.0
2026-01-02 14:00:00+05:30,0.0
2026-01-02 14:05:00+05:30,0.0
2026-01-02 14:10:00+05:30,0.0
2026-01-02 14:15:00+05:30,0.0
2026-01-02 14:20:00+05:30,0.0
2026-01-02 14:25:00+05:30,0.0
2026-01-02 14:30:00+05:30,0.0
2026-01-02 14:35:00+05:30,0.0
2026-01-02 14:40:00+05:30,0.0
2026-01-02 14:45:00+05:30,0.0
2026-01-02 14:50:00+05:30,0.0
2026-01-02 14:55:00+05:30,0.0
2026-01-02 15:00:00+05:30,-9.09
2026-01-02 15:05:00+05:30,-9.09
2026-01-02 15:10:00+05:30,-9.09
2026-01-02 15:15:00+05:30,-9.09
2026-01-02 15:20:00+05:30,-9.09
2026-01-02 15:25:00+05:30,-9.09
2026-01-05 09:15:00+05:30,-9.09
2026-01-05 09:20:00+05:30,-9.09
2026-01-05 09:25:00+05:30,-9.09
2026-01-05 09:30:00+05:30,-9.09
2026-01-05 09:35:00+05:30,-9.09
2026-01-05 09:40:00+05:30,-9.09
2026-01-05 09:45:00+05:30,-9.09
2026-01-05 09:50:00+05:30,-9.09
2026-01-05 09:55:00+05:30,-9.09
2026-01-05 10:00:00+05:30,-9.09
2026-01-05 10:05:00+05:30,-9.09
2026-01-05 10:10:00+05:30,-9.09
2026-01-05 10:15:00+05:30,-9.09
2026-01-05 10:20:00+05:30,-9.09
2026-01-05 10:25:00+05:30,-9.09
2026-01-05 10:30:00+05:30,-9.09
2026-01-05 10:35:00+05:30,-9.09
2026-01-05 10:40:00+05:30,-9.09
2026-01-05 10:45:00+05:30,-9.09
2026-01-05 10:50:00+05:30,-9.09
2026-01-05 10:55:00+05:30,-9.09
2026-01-05 11:00:00+05:30,-9.09
2026-01-05 11:05:00+05:30,-9.09
2026-01-05 11:10:00+05:30,-9.09
2026-01-05 11:15:00+05:30,-9.09
2026-01-05 11:20:00+05:30,-39.94
2026-01-05 11:25:00+05:30,-39.94
2026-01-05 11:30:00+05:30,-39.94
2026-01-05 11:35:00+05:30,-39.94
2026-01-05 11:40:00+05:30,-39.94
2026-01-05 11:45:00+05:30,-39.94
2026-01-05 11:50:00+05:30,-39.94
2026-01-05 11:55:00+05:30,-39.94
2026-01-05 12:00:00+05:30,-39.94
2026-01-05 12:05:00+05:30,-39.94
2026-01-05 12:10:00+05:30,-39.94
2026-01-05 12:15:00+05:30,-39.94
2026-01-05 12:20:00+05:30,-39.94
2026-01-05 12:25:00+05:30,-39.94
2026-01-05 12:30:00+05:30,-39.94
2026-01-05 12:35:00+05:30,-39.94
2026-01-05 12:40:00+05:30,-39.94
2026-01-05 12:45:00+05:30,-39.94
2026-01-05 12:50:00+05:30,-39.94
2026-01-05 12:55:00+05:30,-39.94
2026-01-05 13:00:00+05:30,-39.94
2026-01-05 13:05:00+05:30,-39.94
2026-01-05 13:10:00+05:30,-39.94
2026-01-05 13:15:00+05:30,-39.94
2026-01-05 13:20:00+05:30,-39.94
2026-01-05 13:25:00+05:30,-39.94
2026-01-05 13:30:00+05:30,-39.94
2026-01-05 13:35:00+05:30,-39.94
2026-01-05 13:40:00+05:30,-39.94
2026-01-05 13:45:00+05:30,-39.94
2026-01-05 13:50:00+05:30,-39.94
2026-01-05 13:55:00+05:30,-39.94
2026-01-05 14:00:00+05:30,-39.94
2026-01-05 14:05:00+05:30,-39.94
2026-01-05 14:10:00+05:30,-39.94
2026-01-05 14:15:00+05:30,-39.94
2026-01-05 14:20:00+05:30,-39.94
2026-01-05 14:25:00+05:30,-39.94
2026-01-05 14:30:00+05:30,-39.94
2026-01-05 14:35:00+05:30,-39.94
2026-01-05 14:40:00+05:30,-39.94
2026-01-05 14:45:00+05:30,-39.94
2026-01-05 14:50:00+05:30,-39.94
2026-01-05 14:55:00+05:30,-39.94
2026-01-05 15:00:00+05:30,-39.94
2026-01-05 15:05:00+05:30,-39.94
2026-01-05 15:10:00+05:30,-39.94
2026-01-05 15:15:00+05:30,-39.94
2026-01-05 15:20:00+05:30,-39.94
2026-01-05 15:25:00+05:30,-39.94
2026-01-06 09:15:00+05:30,-39.94
2026-01-06 09:20:00+05:30,-39.94
2026-01-06 09:25:00+05:30,-39.94
2026-01-06 09:30:00+05:30,-39.94
2026-01-06 09:35:00+05:30,-39.94
2026-01-06 09:40:00+05:30,-39.94
2026-01-06 09:45:00+05:30,-39.94
2026-01-06 09:50:00+05:30,-39.94
2026-01-06 09:55:00+05:30,-39.94
2026-01-06 10:00:00+05:30,-39.94
2026-01-06 10:05:00+05:30,-39.94
2026-01-06 10:10:00+05:30,-39.94
2026-01-06 10:15:00+05:30,-39.94
2026-01-06 10:20:00+05:30,-39.94
2026-01-06 10:25:00+05:30,-39.94
2026-01-06 10:30:00+05:30,-39.94
2026-01-06 10:35:00+05:30,-39.94
2026-01-06 10:40:00+05:30,-39.94
2026-01-06 10:45:00+05:30,-39.94
2026-01-06 10:50:00+05:30,-39.94
2026-01-06 10:55:00+05:30,-39.94
2026-01-06 11:00:00+05:30,-39.94
2026-01-06 11:05:00+05:30,-39.94
2026-01-06 11:10:00+05:30,-39.94
2026-01-06 11:15:00+05:30,-39.94
2026-01-06 11:20:00+05:30,-39.94
2026-01-06 11:25:00+05:30,-39.94
2026-01-06 11:30:00+05:30,-39.94
2026-01-06 11:35:00+05:30,-39.94
2026-01-06 11:40:00+05:30,-39.94
2026-01-06 11:45:00+05:30,-39.94
2026-01-06 11:50:00+05:30,-39.94
2026-01-06 11:55:00+05:30,-39.94
2026-01-06 12:00:00+05:30,-39.94
2026-01-06 12:05:00+05:30,-39.94
2026-01-06 12:10:00+05:30,-39.94
2026-01-06 12:15:00+05:30,-39.94
2026-01-06 12:20:00+05:30,-39.94
2026-01-06 12:25:00+05:30,-39.94
2026-01-06 12:30:00+05:30,-39.94
2026-01-06 12:35:00+05:30,-39.94
2026-01-06 12:40:00+05:30,-39.94
2026-01-06 12:45:00+05:30,-39.94
2026-01-06 12:50:00+05:30,-39.94
2026-01-06 12:55:00+05:30,-39.94
2026-01-06 13:00:00+05:30,-39.94
2026-01-06 13:05:00+05:30,-39.94
2026-01-06 13:10:00+05:30,-39.94
2026-01-06 13:15:00+05:30,-39.94
2026-01-06 13:20:00+05:30,-39.94
2026-01-06 13:25:00+05:30,-39.94
2026-01-06 13:30:00+05:30,-39.94
2026-01-06 13:35:00+05:30,-39.94
2026-01-06 13:40:00+05:30,-39.94
2026-01-06 13:45:00+05:30,-39.94
2026-01-06 13:50:00+05:30,-39.94
2026-01-06 13:55:00+05:30,-39.94
2026-01-06 14:00:00+05:30,-39.94
2026-01-06 14:05:00+05:30,-39.94
2026-01-06 14:10:00+05:30,-39.94
2026-01-06 14:15:00+05:30,-39.94
2026-01-06 14:20:00+05:30,-39.94
2026-01-06 14:25:00+05:30,-39.94
2026-01-06 14:30:00+05:30,-39.94
2026-01-06 14:35:00+05:30,-39.94
2026-01-06 14:40:00+05:30,-39.94
2026-01-06 14:45:00+05:30,-39.94
2026-01-06 14:50:00+05:30,-39.94
2026-01-06 14:55:00+05:30,-39.94
2026-01-06 15:00:00+05:30,-39.94
2026-01-06 15:05:00+05:30,-39.94
2026-01-06 15:10:00+05:30,-39.94
2026-01-06 15:15:00+05:30,-39.94
2026-01-06 15:20:00+05:30,-39.94
2026-01-06 15:25:00+05:30,-39.94
2026-01-07 09:15:00+05:30,-39.94
2026-01-07 09:20:00+05:30,-39.94
2026-01-07 09:25:00+05:30,-39.94
2026-01-07 09:30:00+05:30,-39.94
2026-01-07 09:35:00+05:30,-39.94
2026-01-07 09:40:00+05:30,-39.94
2026-01-07 09:45:00+05:30,-39.94
2026-01-07 09:50:00+05:30,-39.94
2026-01-07 09:55:00+05:30,-39.94
2026-01-07 10:00:00+05:30,-39.94
2026-01-07 10:05:00+05:30,-39.94
2026-01-07 10:10:00+05:30,-39.94
2026-01-07 10:15:00+05:30,-39.94
2026-01-07 10:20:00+05:30,-39.94
2026-01-07 10:25:00+05:30,-39.94
2026-01-07 10:30:00+05:30,-39.94
2026-01-07 10:35:00+05:30,-39.94
2026-01-07 10:40:00+05:30,-39.94
2026-01-07 10:45:00+05:30,-39.94
2026-01-07 10:50:00+05:30,-39.94
2026-01-07 10:55:00+05:30,-39.94
2026-01-07 11:00:00+05:30,-39.94
2026-01-07 11:05:00+05:30,-39.94
2026-01-07 11:10:00+05:30,-39.94
2026-01-07 11:15:00+05:30,-39.94
2026-01-07 11:20:00+05:30,-39.94
2026-01-07 11:25:00+05:30,-39.94
2026-01-07 11:30:00+05:30,-39.94
2026-01-07 11:35:00+05:30,-39.94
2026-01-07 11:40:00+05:30,-39.94
2026-01-07 11:45:00+05:30,-39.94
2026-01-07 11:50:00+05:30,-39.94
2026-01-07 11:55:00+05:30,-39.94
2026-01-07 12:00:00+05:30,-39.94
2026-01-07 12:05:00+05:30,-39.94
2026-01-07 12:10:00+05:30,-39.94
2026-01-07 12:15:00+05:30,-39.94
2026-01-07 12:20:00+05:30,-39.94
2026-01-07 12:25:00+05:30,-39.94
2026-01-07 12:30:00+05:30,-39.94
2026-01-07 12:35:00+05:30,-39.94
2026-01-07 12:40:00+05:30,-39.94
2026-01-07 12:45:00+05:30,-39.94
2026-01-07 12:50:00+05:30,-39.94
2026-01-07 12:55:00+05:30,-39.94
2026-01-07 13:00:00+05:30,-39.94
2026-01-07 13:05:00+05:30,-39.94
2026-01-07 13:10:00+05:30,-39.94
2026-01-07 13:15:00+05:30,-39.94
2026-01-07 13:20:00+05:30,-39.94
2026-01-07 13:25:00+05:30,-39.94
2026-01-07 13:30:00+05:30,-39.94
2026-01-07 13:35:00+05:30,-39.94
2026-01-07 13:40:00+05:30,-39.94
2026-01-07 13:45:00+05:30,-39.94
2026-01-07 13:50:00+05:30,-39.94
2026-01-07 13:55:00+05:30,-39.94
2026-01-07 14:00:00+05:30,-39.94
2026-01-07 14:05:00+05:30,-39.94
2026-01-07 14:10:00+05:30,-39.94
2026-01-07 14:15:00+05:30,-39.94
2026-01-07 14:20:00+05:30,-39.94
2026-01-07 14:25:00+05:30,-39.94
2026-01-07 14:30:00+05:30,-39.94
2026-01-07 14:35:00+05:30,-39.94
2026-01-07 14:40:00+05:30,-39.94
2026-01-07 14:45:00+05:30,-39.94
2026-01-07 14:50:00+05:30,-39.94
2026-01-07 14:55:00+05:30,-39.94
2026-01-07 15:00:00+05:30,-39.94
2026-01-07 15:05:00+05:30,-39.94
2026-01-07 15:10:00+05:30,-39.94
2026-01-07 15:15:00+05:30,-39.94
2026-01-07 15:20:00+05:30,-39.94
2026-01-07 15:25:00+05:30,-39.94
2026-01-08 09:15:00+05:30,-39.94
2026-01-08 09:20:00+05:30,-39.94
2026-01-08 09:25:00+05:30,-39.94
2026-01-08 09:30:00+05:30,-39.94
2026-01-08 09:35:00+05:30,-57.3
2026-01-08 09:40:00+05:30,-57.3
2026-01-08 09:45:00+05:30,-57.3
2026-01-08 09:50:00+05:30,-57.3
2026-01-08 09:55:00+05:30,-57.3
2026-01-08 10:00:00+05:30,-57.3
2026-01-08 10:05:00+05:30,-57.3
2026-01-08 10:10:00+05:30,-57.3
2026-01-08 10:15:00+05:30,-57.3
2026-01-08 10:20:00+05:30,-57.3
2026-01-08 10:25:00+05:30,-57.3
2026-01-08 10:30:00+05:30,-57.3
2026-01-08 10:35:00+05:30,-57.3
2026-01-08 10:40:00+05:30,-57.3
2026-01-08 10:45:00+05:30,-57.3
2026-01-08 10:50:00+05:30,-57.3
2026-01-08 10:55:00+05:30,-57.3
2026-01-08 11:00:00+05:30,-57.3
2026-01-08 11:05:00+05:30,-57.3
2026-01-08 11:10:00+05:30,-57.3
2026-01-08 11:15:00+05:30,-57.3
2026-01-08 11:20:00+05:30,-57.3
2026-01-08 11:25:00+05:30,-57.3
2026-01-08 11:30:00+05:30,-57.3
2026-01-08 11:35:00+05:30,-57.3
2026-01-08 11:40:00+05:30,-57.3
2026-01-08 11:45:00+05:30,-57.3
2026-01-08 11:50:00+05:30,-57.3
2026-01-08 11:55:00+05:30,-57.3
2026-01-08 12:00:00+05:30,-57.3
2026-01-08 12:05:00+05:30,-57.3
2026-01-08 12:10:00+05:30,-57.3
2026-01-08 12:15:00+05:30,-57.3
2026-01-08 12:20:00+05:30,-57.3
2026-01-08 12:25:00+05:30,-57.3
2026-01-08 12:30:00+05:30,-57.3
2026-01-08 12:35:00+05:30,-57.3
2026-01-08 12:40:00+05:30,-57.3
2026-01-08 12:45:00+05:30,-57.3
2026-01-08 12:50:00+05:30,-57.3
2026-01-08 12:55:00+05:30,-57.3
2026-01-08 13:00:00+05:30,-57.3
2026-01-08 13:05:00+05:30,-57.3
2026-01-08 13:10:00+05:30,-57.3
2026-01-08 13:15:00+05:30,-57.3
2026-01-08 13:20:00+05:30,-57.3
2026-01-08 13:25:00+05:30,-57.3
2026-01-08 13:30:00+05:30,-57.3
2026-01-08 13:35:00+05:30,-57.3
2026-01-08 13:40:00+05:30,-57.3
2026-01-08 13:45:00+05:30,-57.3
2026-01-08 13:50:00+05:30,-57.3
2026-01-08 13:55:00+05:30,-57.3
2026-01-08 14:00:00+05:30,-57.3
2026-01-08 14:05:00+05:30,-57.3
2026-01-08 14:10:00+05:30,-57.3
2026-01-08 14:15:00+05:30,-57.3
2026-01-08 14:20:00+05:30,-57.3
2026-01-08 14:25:00+05:30,-57.3
2026-01-08 14:30:00+05:30,-57.3
2026-01-08 14:35:00+05:30,-57.3
2026-01-08 14:40:00+05:30,-57.3
2026-01-08 14:45:00+05:30,-57.3
2026-01-08 14:50:00+05:30,-57.3
2026-01-08 14:55:00+05:30,-57.3
2026-01-08 15:00:00+05:30,-57.3
2026-01-08 15:05:00+05:30,-57.3
2026-01-08 15:10:00+05:30,-57.3
2026-01-08 15:15:00+05:30,-57.3
2026-01-08 15:20:00+05:30,-57.3
2026-01-08 15:25:00+05:30,-57.3
2026-01-09 09:15:00+05:30,-57.3
2026-01-09 09:20:00+05:30,-57.3
2026-01-09 09:25:00+05:30,-57.3
2026-01-09 09:30:00+05:30,-57.3
2026-01-09 09:35:00+05:30,-57.3
2026-01-09 09:40:00+05:30,-57.3
2026-01-09 09:45:00+05:30,-57.3
2026-01-09 09:50:00+05:30,-57.3
2026-01-09 09:55:00+05:30,-57.3
2026-01-09 10:00:00+05:30,-57.3
2026-01-09 10:05:00+05:30,-57.3
2026-01-09 10:10:00+05:30,-57.3
2026-01-09 10:15:00+05:30,-57.3
2026-01-09 10:20:00+05:30,-57.3
2026-01-09 10:25:00+05:30,-57.3
2026-01-09 10:30:00+05:30,-57.3
2026-01-09 10:35:00+05:30,-57.3
2026-01-09 10:40:00+05:30,-57.3
2026-01-09 10:45:00+05:30,-57.3
2026-01-09 10:50:00+05:30,-57.3
2026-01-09 10:55:00+05:30,-57.3
2026-01-09 11:00:00+05:30,-57.3
2026-01-09 11:05:00+05:30,-57.3
2026-01-09 11:10:00+05:30,-57.3
2026-01-09 11:15:00+05:30,-57.3
2026-01-09 11:20:00+05:30,-57.3
2026-01-09 11:25:00+05:30,-57.3
2026-01-09 11:30:00+05:30,-57.3
2026-01-09 11:35:00+05:30,-57.3
2026-01-09 11:40:00+05:30,-57.3
2026-01-09 11:45:00+05:30,-57.3
2026-01-09 11:50:00+05:30,-57.3
2026-01-09 11:55:00+05:30,-57.3
2026-01-09 12:00:00+05:30,-57.3
2026-01-09 12:05:00+05:30,-57.3
2026-01-09 12:10:00+05:30,-57.3
2026-01-09 12:15:00+05:30,-57.3
2026-01-09 12:20:00+05:30,-57.3
2026-01-09 12:25:00+05:30,-57.3
2026-01-09 12:30:00+05:30,-57.3
2026-01-09 12:35:00+05:30,-57.3
2026-01-09 12:40:00+05:30,-57.3
2026-01-09 12:45:00+05:30,-57.3
2026-01-09 12:50:00+05:30,-57.3
2026-01-09 12:55:00+05:30,-57.3
2026-01-09 13:00:00+05:30,-57.3
2026-01-09 13:05:00+05:30,-57.3
2026-01-09 13:10:00+05:30,-57.3
2026-01-09 13:15:00+05:30,-57.3
2026-01-09 13:20:00+05:30,-57.3
2026-01-09 13:25:00+05:30,-57.3
2026-01-09 13:30:00+05:30,-57.3
2026-01-09 13:35:00+05:30,-57.3
2026-01-09 13:40:00+05:30,-57.3
2026-01-09 13:45:00+05:30,-57.3
2026-01-09 13:50:00+05:30,-57.3
2026-01-09 13:55:00+05:30,-57.3
2026-01-09 14:00:00+05:30,-57.3
2026-01-09 14:05:00+05:30,-57.3
2026-01-09 14:10:00+05:30,-57.3
2026-01-09 14:15:00+05:30,-57.3
2026-01-09 14:20:00+05:30,-57.3
2026-01-09 14:25:00+05:30,-57.3
2026-01-09 14:30:00+05:30,-57.3
2026-01-09 14:35:00+05:30,-57.3
2026-01-09 14:40:00+05:30,-57.3
2026-01-09 14:45:00+05:30,-57.3
2026-01-09 14:50:00+05:30,-57.3
2026-01-09 14:55:00+05:30,-57.3
2026-01-09 15:00:00+05:30,-57.3
2026-01-09 15:05:00+05:30,-57.3
2026-01-09 15:10:00+05:30,-57.3
2026-01-09 15:15:00+05:30,-57.3
2026-01-09 15:20:00+05:30,-57.3
2026-01-09 15:25:00+05:30,-57.3
2026-01-12 09:15:00+05:30,-57.3
2026-01-12 09:20:00+05:30,-57.3
2026-01-12 09:25:00+05:30,-57.3
2026-01-12 09:30:00+05:30,-57.3
2026-01-12 09:35:00+05:30,-57.3
2026-01-12 09:40:00+05:30,-57.3
2026-01-12 09:45:00+05:30,-57.3
2026-01-12 09:50:00+05:30,-57.3
2026-01-12 09:55:00+05:30,-57.3
2026-01-12 10:00:00+05:30,-57.3
2026-01-12 10:05:00+05:30,-57.3
2026-01-12 10:10:00+05:30,-57.3
2026-01-12 10:15:00+05:30,-57.3
2026-01-12 10:20:00+05:30,-57.3
2026-01-12 10:25:00+05:30,-57.3
2026-01-12 10:30:00+05:30,-57.3
2026-01-12 10:35:00+05:30,-57.3
2026-01-12 10:40:00+05:30,-57.3
2026-01-12 10:45:00+05:30,-57.3
2026-01-12 10:50:00+05:30,-57.3
2026-01-12 10:55:00+05:30,-57.3
2026-01-12 11:00:00+05:30,-57.3
2026-01-12 11:05:00+05:30,-57.3
2026-01-12 11:10:00+05:30,-57.3
2026-01-12 11:15:00+05:30,-57.3
2026-01-12 11:20:00+05:30,-57.3
2026-01-12 11:25:00+05:30,-57.3
2026-01-12 11:30:00+05:30,-57.3
2026-01-12 11:35:00+05:30,-57.3
2026-01-12 11:40:00+05:30,-57.3
2026-01-12 11:45:00+05:30,-57.3
2026-01-12 11:50:00+05:30,-57.3
2026-01-12 11:55:00+05:30,-57.3
2026-01-12 12:00:00+05:30,-57.3
2026-01-12 12:05:00+05:30,-57.3
2026-01-12 12:10:00+05:30,-57.3
2026-01-12 12:15:00+05:30,-57.3
2026-01-12 12:20:00+05:30,-57.3
2026-01-12 12:25:00+05:30,-57.3
2026-01-12 12:30:00+05:30,-57.3
2026-01-12 12:35:00+05:30,-57.3
2026-01-12 12:40:00+05:30,-57.3
2026-01-12 12:45:00+05:30,-57.3
2026-01-12 12:50:00+05:30,-57.3
2026-01-12 12:55:00+05:30,-57.3
2026-01-12 13:00:00+05:30,47.019999999999996
2026-01-12 13:05:00+05:30,47.019999999999996
2026-01-12 13:10:00+05:30,47.019999999999996
2026-01-12 13:15:00+05:30,47.019999999999996
2026-01-12 13:20:00+05:30,47.019999999999996
2026-01-12 13:25:00+05:30,47.019999999999996
2026-01-12 13:30:00+05:30,47.019999999999996
2026-01-12 13:35:00+05:30,47.019999999999996
2026-01-12 13:40:00+05:30,47.019999999999996
2026-01-12 13:45:00+05:30,47.019999999999996
2026-01-12 13:50:00+05:30,47.019999999999996
2026-01-12 13:55:00+05:30,47.019999999999996
2026-01-12 14:00:00+05:30,47.019999999999996
2026-01-12 14:05:00+05:30,47.019999999999996
2026-01-12 14:10:00+05:30,47.019999999999996
2026-01-12 14:15:00+05:30,47.019999999999996
2026-01-12 14:20:00+05:30,47.019999999999996
2026-01-12 14:25:00+05:30,47.019999999999996
2026-01-12 14:30:00+05:30,47.019999999999996
2026-01-12 14:35:00+05:30,47.019999999999996
2026-01-12 14:40:00+05:30,47.019999999999996
2026-01-12 14:45:00+05:30,47.019999999999996
2026-01-12 14:50:00+05:30,47.019999999999996
2026-01-12 14:55:00+05:30,47.019999999999996
2026-01-12 15:00:00+05:30,47.019999999999996
2026-01-12 15:05:00+05:30,47.019999999999996
2026-01-12 15:10:00+05:30,47.019999999999996
2026-01-12 15:15:00+05:30,47.019999999999996
2026-01-12 15:20:00+05:30,47.019999999999996
2026-01-12 15:25:00+05:30,47.019999999999996
2026-01-13 09:15:00+05:30,47.019999999999996
2026-01-13 09:20:00+05:30,47.019999999999996
2026-01-13 09:25:00+05:30,47.019999999999996
2026-01-13 09:30:00+05:30,47.019999999999996
2026-01-13 09:35:00+05:30,47.019999999999996
2026-01-13 09:40:00+05:30,47.019999999999996
2026-01-13 09:45:00+05:30,47.019999999999996
2026-01-13 09:50:00+05:30,47.019999999999996
2026-01-13 09:55:00+05:30,47.019999999999996
2026-01-13 10:00:00+05:30,47.019999999999996
2026-01-13 10:05:00+05:30,47.019999999999996
2026-01-13 10:10:00+05:30,47.019999999999996
2026-01-13 10:15:00+05:30,47.019999999999996
2026-01-13 10:20:00+05:30,47.019999999999996
2026-01-13 10:25:00+05:30,47.019999999999996
2026-01-13 10:30:00+05:30,47.019999999999996
2026-01-13 10:35:00+05:30,47.019999999999996
2026-01-13 10:40:00+05:30,47.019999999999996
2026-01-13 10:45:00+05:30,47.019999999999996
2026-01-13 10:50:00+05:30,47.019999999999996
2026-01-13 10:55:00+05:30,47.019999999999996
2026-01-13 11:00:00+05:30,47.019999999999996
2026-01-13 11:05:00+05:30,47.019999999999996
2026-01-13 11:10:00+05:30,47.019999999999996
2026-01-13 11:15:00+05:30,47.019999999999996
2026-01-13 11:20:00+05:30,47.019999999999996
2026-01-13 11:25:00+05:30,47.019999999999996
2026-01-13 11:30:00+05:30,47.019999999999996
2026-01-13 11:35:00+05:30,47.019999999999996
2026-01-13 11:40:00+05:30,47.019999999999996
2026-01-13 11:45:00+05:30,47.019999999999996
2026-01-13 13:30:00+05:30,47.019999999999996
2026-01-13 13:40:00+05:30,47.019999999999996
2026-01-13 13:45:00+05:30,47.019999999999996
2026-01-13 13:50:00+05:30,47.019999999999996
2026-01-13 13:55:00+05:30,47.019999999999996
2026-01-13 14:00:00+05:30,47.019999999999996
2026-01-13 14:05:00+05:30,47.019999999999996
2026-01-13 14:10:00+05:30,47.019999999999996
2026-01-13 14:15:00+05:30,47.019999999999996
2026-01-13 14:20:00+05:30,47.019999999999996
2026-01-13 14:25:00+05:30,47.019999999999996
2026-01-13 14:30:00+05:30,47.019999999999996
2026-01-13 14:35:00+05:30,47.019999999999996
2026-01-13 14:40:00+05:30,47.019999999999996
2026-01-13 14:45:00+05:30,47.019999999999996
2026-01-13 14:50:00+05:30,47.019999999999996
2026-01-13 14:55:00+05:30,47.019999999999996
2026-01-13 15:00:00+05:30,47.019999999999996
2026-01-13 15:05:00+05:30,47.019999999999996
2026-01-13 15:10:00+05:30,47.019999999999996
2026-01-13 15:15:00+05:30,47.019999999999996
2026-01-13 15:20:00+05:30,47.019999999999996
2026-01-13 15:25:00+05:30,47.019999999999996
2026-01-14 09:15:00+05:30,47.019999999999996
2026-01-14 09:20:00+05:30,47.019999999999996
2026-01-14 09:25:00+05:30,47.019999999999996
2026-01-14 09:30:00+05:30,47.019999999999996
2026-01-14 09:35:00+05:30,47.019999999999996
2026-01-14 09:40:00+05:30,47.019999999999996
2026-01-14 09:45:00+05:30,47.019999999999996
2026-01-14 09:50:00+05:30,47.019999999999996
2026-01-14 09:55:00+05:30,47.019999999999996
2026-01-14 10:00:00+05:30,47.019999999999996
2026-01-14 10:05:00+05:30,47.019999999999996
2026-01-14 10:10:00+05:30,47.019999999999996
2026-01-14 10:15:00+05:30,47.019999999999996
2026-01-14 10:20:00+05:30,47.019999999999996
2026-01-14 10:25:00+05:30,47.019999999999996
2026-01-14 10:30:00+05:30,47.019999999999996
2026-01-14 10:35:00+05:30,47.019999999999996
2026-01-14 10:40:00+05:30,47.019999999999996
2026-01-14 10:45:00+05:30,47.019999999999996
2026-01-14 10:50:00+05:30,47.019999999999996
2026-01-14 10:55:00+05:30,47.019999999999996
2026-01-14 11:00:00+05:30,47.019999999999996
2026-01-14 11:05:00+05:30,47.019999999999996
2026-01-14 11:10:00+05:30,47.019999999999996
2026-01-14 11:15:00+05:30,47.019999999999996
2026-01-14 11:20:00+05:30,47.019999999999996
2026-01-14 11:25:00+05:30,47.019999999999996
2026-01-14 11:30:00+05:30,47.019999999999996
2026-01-14 11:35:00+05:30,47.019999999999996
2026-01-14 11:40:00+05:30,47.019999999999996
2026-01-14 11:45:00+05:30,47.019999999999996
2026-01-14 11:50:00+05:30,47.019999999999996
2026-01-14 11:55:00+05:30,47.019999999999996
2026-01-14 12:00:00+05:30,47.019999999999996
2026-01-14 12:05:00+05:30,47.019999999999996
2026-01-14 12:10:00+05:30,47.019999999999996
2026-01-14 12:15:00+05:30,47.019999999999996
2026-01-14 12:20:00+05:30,47.019999999999996
2026-01-14 12:25:00+05:30,47.019999999999996
2026-01-14 12:30:00+05:30,47.019999999999996
2026-01-14 12:35:00+05:30,47.019999999999996
2026-01-14 12:40:00+05:30,47.019999999999996
2026-01-14 12:45:00+05:30,47.019999999999996
2026-01-14 12:50:00+05:30,47.019999999999996
2026-01-14 12:55:00+05:30,47.019999999999996
2026-01-14 13:00:00+05:30,47.019999999999996
2026-01-14 13:05:00+05:30,47.019999999999996
2026-01-14 13:10:00+05:30,47.019999999999996
2026-01-14 13:15:00+05:30,47.019999999999996
2026-01-14 13:20:00+05:30,47.019999999999996
2026-01-14 13:25:00+05:30,47.019999999999996
2026-01-14 13:30:00+05:30,47.019999999999996
2026-01-14 13:35:00+05:30,47.019999999999996
2026-01-14 13:40:00+05:30,47.019999999999996
2026-01-14 13:45:00+05:30,47.019999999999996
2026-01-14 13:50:00+05:30,47.019999999999996
2026-01-14 13:55:00+05:30,47.019999999999996
2026-01-14 14:00:00+05:30,47.019999999999996
2026-01-14 14:05:00+05:30,47.019999999999996
2026-01-14 14:10:00+05:30,47.019999999999996
2026-01-14 14:15:00+05:30,47.019999999999996
2026-01-14 14:20:00+05:30,47.019999999999996
2026-01-14 14:25:00+05:30,47.019999999999996
2026-01-14 14:30:00+05:30,47.019999999999996
2026-01-14 14:35:00+05:30,47.019999999999996
2026-01-14 14:40:00+05:30,47.019999999999996
2026-01-14 14:45:00+05:30,47.019999999999996
2026-01-14 14:50:00+05:30,47.019999999999996
2026-01-14 14:55:00+05:30,47.019999999999996
2026-01-14 15:00:00+05:30,47.019999999999996
2026-01-14 15:05:00+05:30,47.019999999999996
2026-01-14 15:10:00+05:30,47.019999999999996
2026-01-14 15:15:00+05:30,47.019999999999996
2026-01-14 15:20:00+05:30,47.019999999999996
2026-01-14 15:25:00+05:30,47.019999999999996
2026-01-16 09:15:00+05:30,47.019999999999996
2026-01-16 09:20:00+05:30,47.019999999999996
2026-01-16 09:25:00+05:30,47.019999999999996
2026-01-16 09:30:00+05:30,47.019999999999996
2026-01-16 09:35:00+05:30,47.019999999999996
2026-01-16 09:40:00+05:30,47.019999999999996
2026-01-16 09:45:00+05:30,47.019999999999996
2026-01-16 09:50:00+05:30,47.019999999999996
2026-01-16 09:55:00+05:30,47.019999999999996
2026-01-16 10:00:00+05:30,47.019999999999996
2026-01-16 10:05:00+05:30,47.019999999999996
2026-01-16 10:10:00+05:30,47.019999999999996
2026-01-16 10:15:00+05:30,47.019999999999996
2026-01-16 10:20:00+05:30,47.019999999999996
2026-01-16 10:25:00+05:30,47.019999999999996
2026-01-16 10:30:00+05:30,47.019999999999996
2026-01-16 10:35:00+05:30,47.019999999999996
2026-01-16 10:40:00+05:30,47.019999999999996
2026-01-16 10:45:00+05:30,47.019999999999996
2026-01-16 10:50:00+05:30,47.019999999999996
2026-01-16 10:55:00+05:30,47.019999999999996
2026-01-16 11:00:00+05:30,47.019999999999996
2026-01-16 11:05:00+05:30,47.019999999999996
2026-01-16 11:10:00+05:30,47.019999999999996
2026-01-16 11:15:00+05:30,47.019999999999996
2026-01-16 11:20:00+05:30,47.019999999999996
2026-01-16 11:25:00+05:30,47.019999999999996
2026-01-16 11:30:00+05:30,47.019999999999996
2026-01-16 11:35:00+05:30,47.019999999999996
2026-01-16 11:40:00+05:30,47.019999999999996
2026-01-16 11:45:00+05:30,47.019999999999996
2026-01-16 11:50:00+05:30,47.019999999999996
2026-01-16 11:55:00+05:30,47.019999999999996
2026-01-16 12:00:00+05:30,47.019999999999996
2026-01-16 12:05:00+05:30,47.019999999999996
2026-01-16 12:10:00+05:30,47.019999999999996
2026-01-16 12:15:00+05:30,47.019999999999996
2026-01-16 12:20:00+05:30,47.019999999999996
2026-01-16 12:25:00+05:30,47.019999999999996
2026-01-16 12:30:00+05:30,47.019999999999996
2026-01-16 12:35:00+05:30,47.019999999999996
2026-01-16 12:40:00+05:30,47.019999999999996
2026-01-16 12:45:00+05:30,47.019999999999996
2026-01-16 12:50:00+05:30,47.019999999999996
2026-01-16 12:55:00+05:30,47.019999999999996
2026-01-16 13:00:00+05:30,47.019999999999996
2026-01-16 13:05:00+05:30,47.019999999999996
2026-01-16 13:10:00+05:30,47.019999999999996
2026-01-16 13:15:00+05:30,47.019999999999996
2026-01-16 13:20:00+05:30,47.019999999999996
2026-01-16 13:25:00+05:30,47.019999999999996
2026-01-16 13:30:00+05:30,47.019999999999996
2026-01-16 13:35:00+05:30,47.019999999999996
2026-01-16 13:40:00+05:30,47.019999999999996
2026-01-16 13:45:00+05:30,47.019999999999996
2026-01-16 13:50:00+05:30,47.019999999999996
2026-01-16 13:55:00+05:30,47.019999999999996
2026-01-16 14:00:00+05:30,47.019999999999996
2026-01-16 14:05:00+05:30,47.019999999999996
2026-01-16 14:10:00+05:30,113.22
2026-01-16 14:15:00+05:30,113.22
2026-01-16 14:20:00+05:30,113.22
2026-01-16 14:25:00+05:30,113.22
2026-01-16 14:30:00+05:30,113.22
2026-01-16 14:35:00+05:30,113.22
2026-01-16 14:40:00+05:30,113.22
2026-01-16 14:45:00+05:30,113.22
2026-01-16 14:50:00+05:30,113.22
2026-01-16 14:55:00+05:30,113.22
2026-01-16 15:00:00+05:30,113.22
2026-01-16 15:05:00+05:30,113.22
2026-01-16 15:10:00+05:30,113.22
2026-01-16 15:15:00+05:30,113.22
2026-01-16 15:20:00+05:30,113.22
2026-01-16 15:25:00+05:30,113.22
2026-01-19 09:15:00+05:30,113.22
2026-01-19 09:20:00+05:30,113.22
2026-01-19 09:25:00+05:30,113.22
2026-01-19 09:30:00+05:30,113.22
2026-01-19 09:35:00+05:30,113.22
2026-01-19 09:40:00+05:30,113.22
2026-01-19 09:45:00+05:30,113.22
2026-01-19 09:50:00+05:30,113.22
2026-01-19 09:55:00+05:30,113.22
2026-01-19 10:00:00+05:30,113.22
2026-01-19 10:05:00+05:30,113.22
2026-01-19 10:10:00+05:30,113.22
2026-01-19 10:15:00+05:30,113.22
2026-01-19 10:20:00+05:30,113.22
2026-01-19 10:25:00+05:30,113.22
2026-01-19 10:30:00+05:30,113.22
2026-01-19 10:35:00+05:30,113.22
2026-01-19 10:40:00+05:30,113.22
2026-01-19 10:45:00+05:30,113.22
2026-01-19 10:50:00+05:30,113.22
2026-01-19 10:55:00+05:30,113.22
2026-01-19 11:00:00+05:30,113.22
2026-01-19 11:05:00+05:30,113.22
2026-01-19 11:10:00+05:30,113.22
2026-01-19 11:15:00+05:30,113.22
2026-01-19 11:20:00+05:30,113.22
2026-01-19 11:25:00+05:30,113.22
2026-01-19 11:30:00+05:30,113.22
2026-01-19 11:35:00+05:30,113.22
2026-01-19 11:40:00+05:30,113.22
2026-01-19 11:45:00+05:30,113.22
2026-01-19 11:50:00+05:30,113.22
2026-01-19 11:55:00+05:30,113.22
2026-01-19 12:00:00+05:30,113.22
2026-01-19 12:05:00+05:30,113.22
2026-01-19 12:10:00+05:30,113.22
2026-01-19 12:15:00+05:30,113.22
2026-01-19 12:20:00+05:30,113.22
2026-01-19 12:25:00+05:30,113.22
2026-01-19 12:30:00+05:30,113.22
2026-01-19 12:35:00+05:30,113.22
2026-01-19 12:40:00+05:30,113.22
2026-01-19 12:45:00+05:30,113.22
2026-01-19 12:50:00+05:30,113.22
2026-01-19 12:55:00+05:30,113.22
2026-01-19 13:00:00+05:30,113.22
2026-01-19 13:05:00+05:30,113.22
2026-01-19 13:10:00+05:30,113.22
2026-01-19 13:15:00+05:30,113.22
2026-01-19 13:20:00+05:30,113.22
2026-01-19 13:25:00+05:30,113.22
2026-01-19 13:30:00+05:30,113.22
2026-01-19 13:35:00+05:30,113.22
2026-01-19 13:40:00+05:30,113.22
2026-01-19 13:45:00+05:30,113.22
2026-01-19 13:50:00+05:30,113.22
2026-01-19 13:55:00+05:30,113.22
2026-01-19 14:00:00+05:30,113.22
2026-01-19 14:05:00+05:30,113.22
2026-01-19 14:10:00+05:30,113.22
2026-01-19 14:15:00+05:30,113.22
2026-01-19 14:20:00+05:30,113.22
2026-01-19 14:25:00+05:30,113.22
2026-01-19 14:30:00+05:30,113.22
2026-01-19 14:35:00+05:30,113.22
2026-01-19 14:40:00+05:30,113.22
2026-01-19 14:45:00+05:30,113.22
2026-01-19 14:50:00+05:30,113.22
2026-01-19 14:55:00+05:30,113.22
2026-01-19 15:00:00+05:30,113.22
2026-01-19 15:05:00+05:30,113.22
2026-01-19 15:10:00+05:30,113.22
2026-01-19 15:15:00+05:30,113.22
2026-01-19 15:20:00+05:30,113.22
2026-01-19 15:25:00+05:30,113.22
2026-01-20 09:15:00+05:30,113.22
2026-01-20 09:20:00+05:30,113.22
2026-01-20 09:25:00+05:30,113.22
2026-01-20 09:30:00+05:30,113.22
2026-01-20 09:35:00+05:30,113.22
2026-01-20 09:40:00+05:30,113.22
2026-01-20 09:45:00+05:30,113.22
2026-01-20 09:50:00+05:30,113.22
2026-01-20 09:55:00+05:30,113.22
2026-01-20 10:00:00+05:30,113.22
2026-01-20 10:05:00+05:30,113.22
2026-01-20 10:10:00+05:30,113.22
2026-01-20 10:15:00+05:30,113.22
2026-01-20 10:20:00+05:30,113.22
2026-01-20 10:25:00+05:30,113.22
2026-01-20 10:30:00+05:30,113.22
2026-01-20 10:35:00+05:30,113.22
2026-01-20 10:40:00+05:30,113.22
2026-01-20 10:45:00+05:30,113.22
2026-01-20 10:50:00+05:30,113.22
2026-01-20 10:55:00+05:30,113.22
2026-01-20 11:00:00+05:30,113.22
2026-01-20 11:05:00+05:30,113.22
2026-01-20 11:10:00+05:30,113.22
2026-01-20 11:15:00+05:30,113.22
2026-01-20 11:20:00+05:30,113.22
2026-01-20 11:25:00+05:30,113.22
2026-01-20 11:30:00+05:30,113.22
2026-01-20 11:35:00+05:30,113.22
2026-01-20 11:40:00+05:30,113.22
2026-01-20 11:45:00+05:30,113.22
2026-01-20 11:50:00+05:30,113.22
2026-01-20 11:55:00+05:30,113.22
2026-01-20 12:00:00+05:30,113.22
2026-01-20 12:05:00+05:30,113.22
2026-01-20 12:10:00+05:30,113.22
2026-01-20 12:15:00+05:30,113.22
2026-01-20 12:20:00+05:30,113.22
2026-01-20 12:25:00+05:30,113.22
2026-01-20 12:30:00+05:30,113.22
2026-01-20 12:35:00+05:30,113.22
2026-01-20 12:40:00+05:30,113.22
2026-01-20 12:45:00+05:30,113.22
2026-01-20 12:50:00+05:30,113.22
2026-01-20 12:55:00+05:30,113.22
2026-01-20 13:00:00+05:30,113.22
2026-01-20 13:05:00+05:30,113.22
2026-01-20 13:10:00+05:30,113.22
2026-01-20 13:15:00+05:30,113.22
2026-01-20 13:20:00+05:30,113.22
2026-01-20 13:25:00+05:30,113.22
2026-01-20 13:30:00+05:30,113.22
2026-01-20 13:35:00+05:30,113.22
2026-01-20 13:40:00+05:30,113.22
2026-01-20 13:45:00+05:30,113.22
2026-01-20 13:50:00+05:30,113.22
2026-01-20 13:55:00+05:30,113.22
2026-01-20 14:00:00+05:30,113.22
2026-01-20 14:05:00+05:30,113.22
2026-01-20 14:10:00+05:30,113.22
2026-01-20 14:15:00+05:30,113.22
2026-01-20 14:20:00+05:30,113.22
2026-01-20 14:25:00+05:30,113.22
2026-01-20 14:30:00+05:30,113.22
2026-01-20 14:35:00+05:30,113.22
2026-01-20 14:40:00+05:30,113.22
2026-01-20 14:45:00+05:30,113.22
2026-01-20 14:50:00+05:30,113.22
2026-01-20 14:55:00+05:30,113.22
2026-01-20 15:00:00+05:30,113.22
2026-01-20 15:05:00+05:30,113.22
2026-01-20 15:10:00+05:30,113.22
2026-01-20 15:15:00+05:30,113.22
2026-01-20 15:20:00+05:30,113.22
2026-01-20 15:25:00+05:30,113.22
2026-01-21 09:15:00+05:30,113.22
2026-01-21 09:20:00+05:30,113.22
2026-01-21 09:25:00+05:30,113.22
2026-01-21 09:30:00+05:30,113.22
2026-01-21 09:35:00+05:30,113.22
2026-01-21 09:40:00+05:30,113.22
2026-01-21 09:45:00+05:30,113.22
2026-01-21 09:50:00+05:30,113.22
2026-01-21 09:55:00+05:30,113.22
2026-01-21 10:00:00+05:30,113.22
2026-01-21 10:05:00+05:30,113.22
2026-01-21 10:10:00+05:30,113.22
2026-01-21 10:15:00+05:30,113.22
2026-01-21 10:20:00+05:30,113.22
2026-01-21 10:25:00+05:30,113.22
2026-01-21 10:30:00+05:30,113.22
2026-01-21 10:35:00+05:30,113.22
2026-01-21 10:40:00+05:30,113.22
2026-01-21 10:45:00+05:30,113.22
2026-01-21 10:50:00+05:30,113.22
2026-01-21 10:55:00+05:30,113.22
2026-01-21 11:00:00+05:30,113.22
2026-01-21 11:05:00+05:30,113.22
2026-01-21 11:10:00+05:30,113.22
2026-01-21 11:15:00+05:30,113.22
2026-01-21 11:20:00+05:30,113.22
2026-01-21 11:25:00+05:30,113.22
2026-01-21 11:30:00+05:30,113.22
2026-01-21 11:35:00+05:30,113.22
2026-01-21 11:40:00+05:30,113.22
2026-01-21 11:45:00+05:30,113.22
2026-01-21 11:50:00+05:30,113.22
2026-01-21 11:55:00+05:30,113.22
2026-01-21 12:00:00+05:30,113.22
2026-01-21 12:05:00+05:30,113.22
2026-01-21 12:10:00+05:30,113.22
2026-01-21 12:15:00+05:30,113.22
2026-01-21 12:20:00+05:30,113.22
2026-01-21 12:25:00+05:30,69.43
2026-01-21 12:30:00+05:30,69.43
2026-01-21 12:35:00+05:30,69.43
2026-01-21 12:40:00+05:30,69.43
2026-01-21 12:45:00+05:30,69.43
2026-01-21 12:50:00+05:30,69.43
2026-01-21 12:55:00+05:30,69.43
2026-01-21 13:00:00+05:30,69.43
2026-01-21 13:05:00+05:30,69.43
2026-01-21 13:10:00+05:30,69.43
2026-01-21 13:15:00+05:30,69.43
2026-01-21 13:20:00+05:30,69.43
2026-01-21 13:25:00+05:30,69.43
2026-01-21 13:30:00+05:30,69.43
2026-01-21 13:35:00+05:30,69.43
2026-01-21 13:40:00+05:30,69.43
2026-01-21 13:45:00+05:30,69.43
2026-01-21 13:50:00+05:30,69.43
2026-01-21 13:55:00+05:30,69.43
2026-01-21 14:00:00+05:30,69.43
2026-01-21 14:05:00+05:30,69.43
2026-01-21 14:10:00+05:30,69.43
2026-01-21 14:15:00+05:30,69.43
2026-01-21 14:20:00+05:30,69.43
2026-01-21 14:25:00+05:30,69.43
2026-01-21 14:30:00+05:30,69.43
2026-01-21 14:35:00+05:30,69.43
2026-01-21 14:40:00+05:30,69.43
2026-01-21 14:45:00+05:30,69.43
2026-01-21 14:50:00+05:30,69.43
2026-01-21 14:55:00+05:30,69.43
2026-01-21 15:00:00+05:30,69.43
2026-01-21 15:05:00+05:30,69.43
2026-01-21 15:10:00+05:30,69.43
2026-01-21 15:15:00+05:30,69.43
2026-01-21 15:20:00+05:30,69.43
2026-01-21 15:25:00+05:30,69.43
2026-01-22 09:15:00+05:30,69.43
2026-01-22 09:20:00+05:30,69.43
2026-01-22 09:25:00+05:30,69.43
2026-01-22 09:30:00+05:30,69.43
2026-01-22 09:35:00+05:30,69.43
2026-01-22 09:40:00+05:30,69.43
2026-01-22 09:45:00+05:30,69.43
2026-01-22 09:50:00+05:30,69.43
2026-01-22 09:55:00+05:30,69.43
2026-01-22 10:00:00+05:30,69.43
2026-01-22 10:05:00+05:30,69.43
2026-01-22 10:10:00+05:30,69.43
2026-01-22 10:15:00+05:30,13.95000000000001
2026-01-22 10:20:00+05:30,13.95000000000001
2026-01-22 10:25:00+05:30,13.95000000000001
2026-01-22 10:30:00+05:30,13.95000000000001
2026-01-22 10:35:00+05:30,13.95000000000001
2026-01-22 10:40:00+05:30,13.95000000000001
2026-01-22 10:45:00+05:30,13.95000000000001
2026-01-22 10:50:00+05:30,13.95000000000001
2026-01-22 10:55:00+05:30,13.95000000000001
2026-01-22 11:00:00+05:30,13.95000000000001
2026-01-22 11:05:00+05:30,13.95000000000001
2026-01-22 11:10:00+05:30,13.95000000000001
2026-01-22 11:15:00+05:30,13.95000000000001
2026-01-22 11:20:00+05:30,13.95000000000001
2026-01-22 11:25:00+05:30,13.95000000000001
2026-01-22 11:30:00+05:30,13.95000000000001
2026-01-22 11:35:00+05:30,13.95000000000001
2026-01-22 11:40:00+05:30,13.95000000000001
2026-01-22 11:45:00+05:30,13.95000000000001
2026-01-22 11:50:00+05:30,13.95000000000001
2026-01-22 11:55:00+05:30,13.95000000000001
2026-01-22 12:00:00+05:30,13.95000000000001
2026-01-22 12:05:00+05:30,13.95000000000001
2026-01-22 12:10:00+05:30,13.95000000000001
2026-01-22 12:15:00+05:30,13.95000000000001
2026-01-22 12:20:00+05:30,13.95000000000001
2026-01-22 12:25:00+05:30,13.95000000000001
2026-01-22 12:30:00+05:30,13.95000000000001
2026-01-22 12:35:00+05:30,13.95000000000001
2026-01-22 12:40:00+05:30,13.95000000000001
2026-01-22 12:45:00+05:30,13.95000000000001
2026-01-22 12:50:00+05:30,13.95000000000001
2026-01-22 12:55:00+05:30,13.95000000000001
2026-01-22 13:00:00+05:30,13.95000000000001
2026-01-22 13:05:00+05:30,13.95000000000001
2026-01-22 13:10:00+05:30,13.95000000000001
2026-01-22 13:15:00+05:30,13.95000000000001
2026-01-22 13:20:00+05:30,13.95000000000001
2026-01-22 13:25:00+05:30,13.95000000000001
2026-01-22 13:30:00+05:30,13.95000000000001
2026-01-22 13:35:00+05:30,13.95000000000001
2026-01-22 13:40:00+05:30,13.95000000000001
2026-01-22 13:45:00+05:30,13.95000000000001
2026-01-22 13:50:00+05:30,13.95000000000001
2026-01-22 13:55:00+05:30,13.95000000000001
2026-01-22 14:00:00+05:30,13.95000000000001
2026-01-22 14:05:00+05:30,13.95000000000001
2026-01-22 14:10:00+05:30,13.95000000000001
2026-01-22 14:15:00+05:30,13.95000000000001
2026-01-22 14:20:00+05:30,13.95000000000001
2026-01-22 14:25:00+05:30,13.95000000000001
2026-01-22 14:30:00+05:30,13.95000000000001
2026-01-22 14:35:00+05:30,13.95000000000001
2026-01-22 14:40:00+05:30,13.95000000000001
2026-01-22 14:45:00+05:30,13.95000000000001
2026-01-22 14:50:00+05:30,13.95000000000001
2026-01-22 14:55:00+05:30,13.95000000000001
2026-01-22 15:00:00+05:30,13.95000000000001
2026-01-22 15:05:00+05:30,13.95000000000001
2026-01-22 15:10:00+05:30,13.95000000000001
2026-01-22 15:15:00+05:30,13.95000000000001
2026-01-22 15:20:00+05:30,13.95000000000001
2026-01-22 15:25:00+05:30,13.95000000000001
2026-01-23 09:15:00+05:30,13.95000000000001
2026-01-23 09:20:00+05:30,13.95000000000001
2026-01-23 09:25:00+05:30,13.95000000000001
2026-01-23 09:30:00+05:30,13.95000000000001
2026-01-23 09:35:00+05:30,13.95000000000001
2026-01-23 09:40:00+05:30,13.95000000000001
2026-01-23 09:45:00+05:30,13.95000000000001
2026-01-23 09:50:00+05:30,13.95000000000001
2026-01-23 09:55:00+05:30,13.95000000000001
2026-01-23 10:00:00+05:30,13.95000000000001
2026-01-23 10:05:00+05:30,13.95000000000001
2026-01-23 10:10:00+05:30,13.95000000000001
2026-01-23 10:15:00+05:30,13.95000000000001
2026-01-23 10:20:00+05:30,13.95000000000001
2026-01-23 10:25:00+05:30,13.95000000000001
2026-01-23 10:30:00+05:30,13.95000000000001
2026-01-23 10:35:00+05:30,13.95000000000001
2026-01-23 10:40:00+05:30,13.95000000000001
2026-01-23 10:45:00+05:30,13.95000000000001
2026-01-23 10:50:00+05:30,13.95000000000001
2026-01-23 10:55:00+05:30,13.95000000000001
2026-01-23 11:00:00+05:30,13.95000000000001
2026-01-23 11:05:00+05:30,13.95000000000001
2026-01-23 11:10:00+05:30,13.95000000000001
2026-01-23 11:15:00+05:30,13.95000000000001
2026-01-23 11:20:00+05:30,13.95000000000001
2026-01-23 11:25:00+05:30,13.95000000000001
2026-01-23 11:30:00+05:30,13.95000000000001
2026-01-23 11:35:00+05:30,13.95000000000001
2026-01-23 11:40:00+05:30,13.95000000000001
2026-01-23 11:45:00+05:30,13.95000000000001
2026-01-23 11:50:00+05:30,13.95000000000001
2026-01-23 11:55:00+05:30,13.95000000000001
2026-01-23 12:00:00+05:30,13.95000000000001
2026-01-23 12:05:00+05:30,13.95000000000001
2026-01-23 12:10:00+05:30,13.95000000000001
2026-01-23 12:15:00+05:30,13.95000000000001
2026-01-23 12:20:00+05:30,13.95000000000001
2026-01-23 12:25:00+05:30,13.95000000000001
2026-01-23 12:30:00+05:30,13.95000000000001
2026-01-23 12:35:00+05:30,13.95000000000001
2026-01-23 12:40:00+05:30,13.95000000000001
2026-01-23 12:45:00+05:30,13.95000000000001
2026-01-23 12:50:00+05:30,13.95000000000001
2026-01-23 12:55:00+05:30,13.95000000000001
2026-01-23 13:00:00+05:30,13.95000000000001
2026-01-23 13:05:00+05:30,13.95000000000001
2026-01-23 13:10:00+05:30,13.95000000000001
2026-01-23 13:15:00+05:30,13.95000000000001
2026-01-23 13:20:00+05:30,13.95000000000001
2026-01-23 13:25:00+05:30,13.95000000000001
2026-01-23 13:30:00+05:30,13.95000000000001
2026-01-23 13:35:00+05:30,13.95000000000001
2026-01-23 13:40:00+05:30,13.95000000000001
2026-01-23 13:45:00+05:30,13.95000000000001
2026-01-23 13:50:00+05:30,13.95000000000001
2026-01-23 13:55:00+05:30,13.95000000000001
2026-01-23 14:00:00+05:30,13.95000000000001
2026-01-23 14:05:00+05:30,13.95000000000001
2026-01-23 14:10:00+05:30,13.95000000000001
2026-01-23 14:15:00+05:30,13.95000000000001
2026-01-23 14:20:00+05:30,13.95000000000001
2026-01-23 14:25:00+05:30,13.95000000000001
2026-01-23 14:30:00+05:30,13.95000000000001
2026-01-23 14:35:00+05:30,13.95000000000001
2026-01-23 14:40:00+05:30,13.95000000000001
2026-01-23 14:45:00+05:30,13.95000000000001
2026-01-23 14:50:00+05:30,13.95000000000001
2026-01-23 14:55:00+05:30,13.95000000000001
2026-01-23 15:00:00+05:30,13.95000000000001
2026-01-23 15:05:00+05:30,13.95000000000001
2026-01-23 15:10:00+05:30,13.95000000000001
2026-01-23 15:15:00+05:30,13.95000000000001
2026-01-23 15:20:00+05:30,13.95000000000001
2026-01-23 15:25:00+05:30,13.95000000000001
2026-01-27 09:15:00+05:30,13.95000000000001
2026-01-27 09:20:00+05:30,13.95000000000001
2026-01-27 09:25:00+05:30,13.95000000000001
2026-01-27 09:30:00+05:30,13.95000000000001
2026-01-27 09:35:00+05:30,13.95000000000001
2026-01-27 09:40:00+05:30,13.95000000000001
2026-01-27 09:45:00+05:30,13.95000000000001
2026-01-27 09:50:00+05:30,13.95000000000001
2026-01-27 09:55:00+05:30,13.95000000000001
2026-01-27 10:00:00+05:30,13.95000000000001
2026-01-27 10:05:00+05:30,13.95000000000001
2026-01-27 10:10:00+05:30,13.95000000000001
2026-01-27 10:15:00+05:30,13.95000000000001
2026-01-27 10:20:00+05:30,13.95000000000001
2026-01-27 10:25:00+05:30,13.95000000000001
2026-01-27 10:30:00+05:30,13.95000000000001
2026-01-27 10:35:00+05:30,13.95000000000001
2026-01-27 10:40:00+05:30,-56.87999999999999
2026-01-27 10:45:00+05:30,-56.87999999999999
2026-01-27 10:50:00+05:30,-56.87999999999999
2026-01-27 10:55:00+05:30,-56.87999999999999
2026-01-27 11:00:00+05:30,-56.87999999999999
2026-01-27 11:05:00+05:30,-56.87999999999999
2026-01-27 11:10:00+05:30,-56.87999999999999
2026-01-27 11:15:00+05:30,-56.87999999999999
2026-01-27 11:20:00+05:30,-56.87999999999999
2026-01-27 11:25:00+05:30,-56.87999999999999
2026-01-27 11:30:00+05:30,-56.87999999999999
2026-01-27 11:35:00+05:30,-56.87999999999999
2026-01-27 11:40:00+05:30,-56.87999999999999
2026-01-27 11:45:00+05:30,-56.87999999999999
2026-01-27 11:50:00+05:30,-56.87999999999999
2026-01-27 11:55:00+05:30,-56.87999999999999
2026-01-27 12:00:00+05:30,-56.87999999999999
2026-01-27 12:05:00+05:30,-56.87999999999999
2026-01-27 12:10:00+05:30,-56.87999999999999
2026-01-27 12:15:00+05:30,-56.87999999999999
2026-01-27 12:20:00+05:30,-56.87999999999999
2026-01-27 12:25:00+05:30,-56.87999999999999
2026-01-27 12:30:00+05:30,-56.87999999999999
2026-01-27 12:35:00+05:30,-56.87999999999999
2026-01-27 12:40:00+05:30,-56.87999999999999
2026-01-27 12:45:00+05:30,-56.87999999999999
2026-01-27 12:50:00+05:30,-56.87999999999999
2026-01-27 12:55:00+05:30,-56.87999999999999
2026-01-27 13:00:00+05:30,-56.87999999999999
2026-01-27 13:05:00+05:30,-56.87999999999999
2026-01-27 13:10:00+05:30,-56.87999999999999
2026-01-27 13:15:00+05:30,-56.87999999999999
2026-01-27 13:20:00+05:30,-56.87999999999999
2026-01-27 13:25:00+05:30,-56.87999999999999
2026-01-27 13:30:00+05:30,-56.87999999999999
2026-01-27 13:35:00+05:30,-56.87999999999999
2026-01-27 13:40:00+05:30,-56.87999999999999
2026-01-27 13:45:00+05:30,-56.87999999999999
2026-01-27 13:50:00+05:30,-56.87999999999999
2026-01-27 13:55:00+05:30,-56.87999999999999
2026-01-27 14:00:00+05:30,-56.87999999999999
2026-01-27 14:05:00+05:30,-56.87999999999999
2026-01-27 14:10:00+05:30,-56.87999999999999
2026-01-27 14:15:00+05:30,-56.87999999999999
2026-01-27 14:20:00+05:30,-56.87999999999999
2026-01-27 14:25:00+05:30,-56.87999999999999
2026-01-27 14:30:00+05:30,-56.87999999999999
2026-01-27 14:35:00+05:30,-56.87999999999999
2026-01-27 14:40:00+05:30,-56.87999999999999
2026-01-27 14:45:00+05:30,-56.87999999999999
2026-01-27 14:50:00+05:30,-56.87999999999999
2026-01-27 14:55:00+05:30,-56.87999999999999
2026-01-27 15:00:00+05:30,-70.52999999999999
2026-01-27 15:05:00+05:30,-70.52999999999999
2026-01-27 15:10:00+05:30,-70.52999999999999
2026-01-27 15:15:00+05:30,-70.52999999999999
2026-01-27 15:20:00+05:30,-70.52999999999999
2026-01-27 15:25:00+05:30,-70.52999999999999
2026-01-28 09:15:00+05:30,-70.52999999999999
2026-01-28 09:20:00+05:30,-70.52999999999999
2026-01-28 09:25:00+05:30,-70.52999999999999
2026-01-28 09:30:00+05:30,-70.52999999999999
2026-01-28 09:35:00+05:30,-70.52999999999999
2026-01-28 09:40:00+05:30,-70.52999999999999
2026-01-28 09:45:00+05:30,-70.52999999999999
2026-01-28 09:50:00+05:30,-70.52999999999999
2026-01-28 09:55:00+05:30,-70.52999999999999
2026-01-28 10:00:00+05:30,-70.52999999999999
2026-01-28 10:05:00+05:30,-70.52999999999999
2026-01-28 10:10:00+05:30,-70.52999999999999
2026-01-28 10:15:00+05:30,-70.52999999999999
2026-01-28 10:20:00+05:30,-70.52999999999999
2026-01-28 10:25:00+05:30,-70.52999999999999
2026-01-28 10:30:00+05:30,-70.52999999999999
2026-01-28 10:35:00+05:30,-70.52999999999999
2026-01-28 10:40:00+05:30,-70.52999999999999
2026-01-28 10:45:00+05:30,-70.52999999999999
2026-01-28 10:50:00+05:30,-70.52999999999999
2026-01-28 10:55:00+05:30,-70.52999999999999
2026-01-28 11:00:00+05:30,-70.52999999999999
2026-01-28 11:05:00+05:30,-70.52999999999999
2026-01-28 11:10:00+05:30,-70.52999999999999
2026-01-28 11:15:00+05:30,-70.52999999999999
2026-01-28 11:20:00+05:30,-70.52999999999999
2026-01-28 11:25:00+05:30,-70.52999999999999
2026-01-28 11:30:00+05:30,-70.52999999999999
2026-01-28 11:35:00+05:30,-70.52999999999999
2026-01-28 11:40:00+05:30,-70.52999999999999
2026-01-28 11:45:00+05:30,-70.52999999999999
2026-01-28 11:50:00+05:30,-70.52999999999999
2026-01-28 11:55:00+05:30,-70.52999999999999
2026-01-28 12:00:00+05:30,-70.52999999999999
2026-01-28 12:05:00+05:30,-70.52999999999999
2026-01-28 12:10:00+05:30,-70.52999999999999
2026-01-28 12:15:00+05:30,-70.52999999999999
2026-01-28 12:20:00+05:30,-70.52999999999999
2026-01-28 12:25:00+05:30,-70.52999999999999
2026-01-28 12:30:00+05:30,-70.52999999999999
2026-01-28 12:35:00+05:30,-70.52999999999999
2026-01-28 12:40:00+05:30,-70.52999999999999
2026-01-28 12:45:00+05:30,-70.52999999999999
2026-01-28 12:50:00+05:30,-70.52999999999999
2026-01-28 12:55:00+05:30,-70.52999999999999
2026-01-28 13:00:00+05:30,-70.52999999999999
2026-01-28 13:05:00+05:30,-70.52999999999999
2026-01-28 13:10:00+05:30,-70.52999999999999
2026-01-28 13:15:00+05:30,-70.52999999999999
2026-01-28 13:20:00+05:30,-70.52999999999999
2026-01-28 13:25:00+05:30,-70.52999999999999
2026-01-28 13:30:00+05:30,-70.52999999999999
2026-01-28 13:35:00+05:30,-70.52999999999999
2026-01-28 13:40:00+05:30,-70.52999999999999
2026-01-28 13:45:00+05:30,-70.52999999999999
2026-01-28 13:50:00+05:30,-70.52999999999999
2026-01-28 13:55:00+05:30,-70.52999999999999
2026-01-28 14:00:00+05:30,-70.52999999999999
2026-01-28 14:05:00+05:30,-70.52999999999999
2026-01-28 14:10:00+05:30,-70.52999999999999
2026-01-28 14:15:00+05:30,-70.52999999999999
2026-01-28 14:20:00+05:30,-70.52999999999999
2026-01-28 14:25:00+05:30,-70.52999999999999
2026-01-28 14:30:00+05:30,-70.52999999999999
2026-01-28 14:35:00+05:30,-70.52999999999999
2026-01-28 14:40:00+05:30,-70.52999999999999
2026-01-28 14:45:00+05:30,-70.52999999999999
2026-01-28 14:50:00+05:30,-70.52999999999999
2026-01-28 14:55:00+05:30,-70.52999999999999
2026-01-28 15:00:00+05:30,-43.37999999999999
2026-01-28 15:05:00+05:30,-43.37999999999999
2026-01-28 15:10:00+05:30,-43.37999999999999
2026-01-28 15:15:00+05:30,-43.37999999999999
2026-01-28 15:20:00+05:30,-43.37999999999999
2026-01-28 15:25:00+05:30,-43.37999999999999
2026-01-29 09:15:00+05:30,-43.37999999999999
2026-01-29 09:20:00+05:30,-43.37999999999999
2026-01-29 09:25:00+05:30,-43.37999999999999
2026-01-29 09:30:00+05:30,-43.37999999999999
2026-01-29 09:35:00+05:30,-43.37999999999999
2026-01-29 09:40:00+05:30,-43.37999999999999
2026-01-29 09:45:00+05:30,-43.37999999999999
2026-01-29 09:50:00+05:30,-43.37999999999999
2026-01-29 09:55:00+05:30,-43.37999999999999
2026-01-29 10:00:00+05:30,-43.37999999999999
2026-01-29 10:05:00+05:30,-43.37999999999999
2026-01-29 10:10:00+05:30,-71.98999999999998
2026-01-29 10:15:00+05:30,-71.98999999999998
2026-01-29 10:20:00+05:30,-71.98999999999998
2026-01-29 10:25:00+05:30,-71.98999999999998
2026-01-29 10:30:00+05:30,-71.98999999999998
2026-01-29 10:35:00+05:30,-71.98999999999998
2026-01-29 10:40:00+05:30,-71.98999999999998
2026-01-29 10:45:00+05:30,-71.98999999999998
2026-01-29 10:50:00+05:30,-71.98999999999998
2026-01-29 10:55:00+05:30,-71.98999999999998
2026-01-29 11:00:00+05:30,-71.98999999999998
2026-01-29 11:05:00+05:30,-71.98999999999998
2026-01-29 11:10:00+05:30,-71.98999999999998
2026-01-29 11:15:00+05:30,-71.98999999999998
2026-01-29 11:20:00+05:30,-71.98999999999998
2026-01-29 11:25:00+05:30,-71.98999999999998
2026-01-29 11:30:00+05:30,-71.98999999999998
2026-01-29 11:35:00+05:30,-71.98999999999998
2026-01-29 11:40:00+05:30,-71.98999999999998
2026-01-29 11:45:00+05:30,-71.98999999999998
2026-01-29 11:50:00+05:30,-71.98999999999998
2026-01-29 11:55:00+05:30,-71.98999999999998
2026-01-29 12:00:00+05:30,-71.98999999999998
2026-01-29 12:05:00+05:30,-71.98999999999998
2026-01-29 12:10:00+05:30,-71.98999999999998
2026-01-29 12:15:00+05:30,-71.98999999999998
2026-01-29 12:20:00+05:30,-71.98999999999998
2026-01-29 12:25:00+05:30,-71.98999999999998
2026-01-29 12:30:00+05:30,-71.98999999999998
2026-01-29 12:35:00+05:30,-71.98999999999998
2026-01-29 12:40:00+05:30,-71.98999999999998
2026-01-29 12:45:00+05:30,-71.98999999999998
2026-01-29 12:50:00+05:30,-71.98999999999998
2026-01-29 12:55:00+05:30,-71.98999999999998
2026-01-29 13:00:00+05:30,-71.98999999999998
2026-01-29 13:05:00+05:30,-71.98999999999998
2026-01-29 13:10:00+05:30,-71.98999999999998
2026-01-29 13:15:00+05:30,-71.98999999999998
2026-01-29 13:20:00+05:30,-71.98999999999998
2026-01-29 13:25:00+05:30,-71.98999999999998
2026-01-29 13:30:00+05:30,-71.98999999999998
2026-01-29 13:35:00+05:30,-71.98999999999998
2026-01-29 13:40:00+05:30,-71.98999999999998
2026-01-29 13:45:00+05:30,-71.98999999999998
2026-01-29 13:50:00+05:30,-71.98999999999998
2026-01-29 13:55:00+05:30,-71.98999999999998
2026-01-29 14:00:00+05:30,-71.98999999999998
2026-01-29 14:05:00+05:30,-71.98999999999998
2026-01-29 14:10:00+05:30,-71.98999999999998
2026-01-29 14:15:00+05:30,-71.98999999999998
2026-01-29 14:20:00+05:30,-71.98999999999998
2026-01-29 14:25:00+05:30,-71.98999999999998
2026-01-29 14:30:00+05:30,-71.98999999999998
2026-01-29 14:35:00+05:30,-71.98999999999998
2026-01-29 14:40:00+05:30,-71.98999999999998
2026-01-29 14:45:00+05:30,-71.98999999999998
2026-01-29 14:50:00+05:30,-71.98999999999998
2026-01-29 14:55:00+05:30,-71.98999999999998
2026-01-29 15:00:00+05:30,-71.98999999999998
2026-01-29 15:05:00+05:30,-71.98999999999998
2026-01-29 15:10:00+05:30,-71.98999999999998
2026-01-29 15:15:00+05:30,-71.98999999999998
2026-01-29 15:20:00+05:30,-71.98999999999998
2026-01-29 15:25:00+05:30,-71.98999999999998
2026-01-30 09:15:00+05:30,-71.98999999999998
2026-01-30 09:20:00+05:30,-71.98999999999998
2026-01-30 09:25:00+05:30,-71.98999999999998
2026-01-30 09:30:00+05:30,-71.98999999999998
2026-01-30 09:35:00+05:30,-71.98999999999998
2026-01-30 09:40:00+05:30,-71.98999999999998
2026-01-30 09:45:00+05:30,-71.98999999999998
2026-01-30 09:50:00+05:30,-71.98999999999998
2026-01-30 09:55:00+05:30,-71.98999999999998
2026-01-30 10:00:00+05:30,-71.98999999999998
2026-01-30 10:05:00+05:30,-71.98999999999998
2026-01-30 10:10:00+05:30,-71.98999999999998
2026-01-30 10:15:00+05:30,-71.98999999999998
2026-01-30 10:20:00+05:30,-71.98999999999998
2026-01-30 10:25:00+05:30,-71.98999999999998
2026-01-30 10:30:00+05:30,-71.98999999999998
2026-01-30 10:35:00+05:30,-71.98999999999998
2026-01-30 10:40:00+05:30,-71.98999999999998
2026-01-30 10:45:00+05:30,-71.98999999999998
2026-01-30 10:50:00+05:30,-71.98999999999998
2026-01-30 10:55:00+05:30,-71.98999999999998
2026-01-30 11:00:00+05:30,-71.98999999999998
2026-01-30 11:05:00+05:30,-71.98999999999998
2026-01-30 11:10:00+05:30,-71.98999999999998
2026-01-30 11:15:00+05:30,-71.98999999999998
2026-01-30 11:20:00+05:30,-71.98999999999998
2026-01-30 11:25:00+05:30,-71.98999999999998
2026-01-30 11:30:00+05:30,-71.98999999999998
2026-01-30 11:35:00+05:30,-71.98999999999998
2026-01-30 11:40:00+05:30,-71.98999999999998
2026-01-30 11:45:00+05:30,-71.98999999999998
2026-01-30 11:50:00+05:30,-71.98999999999998
2026-01-30 11:55:00+05:30,-71.98999999999998
2026-01-30 12:00:00+05:30,-71.98999999999998
2026-01-30 12:05:00+05:30,-71.98999999999998
2026-01-30 12:10:00+05:30,-71.98999999999998
2026-01-30 12:15:00+05:30,-71.98999999999998
2026-01-30 12:20:00+05:30,-71.98999999999998
2026-01-30 12:25:00+05:30,-71.98999999999998
2026-01-30 12:30:00+05:30,-71.98999999999998
2026-01-30 12:35:00+05:30,-71.98999999999998
2026-01-30 12:40:00+05:30,-71.98999999999998
2026-01-30 12:45:00+05:30,-71.98999999999998
2026-01-30 12:50:00+05:30,-71.98999999999998
2026-01-30 12:55:00+05:30,-71.98999999999998
2026-01-30 13:00:00+05:30,-71.98999999999998
2026-01-30 13:05:00+05:30,-71.98999999999998
2026-01-30 13:10:00+05:30,-71.98999999999998
2026-01-30 13:15:00+05:30,-71.98999999999998
2026-01-30 13:20:00+05:30,-71.98999999999998
2026-01-30 13:25:00+05:30,-71.98999999999998
2026-01-30 13:30:00+05:30,-71.98999999999998
2026-01-30 13:35:00+05:30,-71.98999999999998
2026-01-30 13:40:00+05:30,-71.98999999999998
2026-01-30 13:45:00+05:30,-71.98999999999998
2026-01-30 13:50:00+05:30,-71.98999999999998
2026-01-30 13:55:00+05:30,-71.98999999999998
2026-01-30 14:00:00+05:30,-71.98999999999998
2026-01-30 14:05:00+05:30,-71.98999999999998
2026-01-30 14:10:00+05:30,-71.98999999999998
2026-01-30 14:15:00+05:30,-71.98999999999998
2026-01-30 14:20:00+05:30,-71.98999999999998
2026-01-30 14:25:00+05:30,-71.98999999999998
2026-01-30 14:30:00+05:30,-71.98999999999998
2026-01-30 14:35:00+05:30,-71.98999999999998
2026-01-30 14:40:00+05:30,-71.98999999999998
2026-01-30 14:45:00+05:30,-71.98999999999998
2026-01-30 14:50:00+05:30,-71.98999999999998
2026-01-30 14:55:00+05:30,-71.98999999999998
2026-01-30 15:00:00+05:30,-71.98999999999998
2026-01-30 15:05:00+05:30,-71.98999999999998
2026-01-30 15:10:00+05:30,-71.98999999999998
2026-01-30 15:15:00+05:30,-71.98999999999998
2026-01-30 15:20:00+05:30,-71.98999999999998
2026-01-30 15:25:00+05:30,-71.98999999999998
2026-02-03 09:15:00+05:30,-71.98999999999998
2026-02-03 09:20:00+05:30,-71.98999999999998
2026-02-03 09:25:00+05:30,-71.98999999999998
2026-02-03 09:30:00+05:30,-71.98999999999998
2026-02-03 09:35:00+05:30,-71.98999999999998
2026-02-03 09:40:00+05:30,-71.98999999999998
2026-02-03 09:45:00+05:30,-71.98999999999998
2026-02-03 09:50:00+05:30,-71.98999999999998
2026-02-03 09:55:00+05:30,-71.98999999999998
2026-02-03 10:00:00+05:30,-71.98999999999998
2026-02-03 10:05:00+05:30,-71.98999999999998
2026-02-03 10:10:00+05:30,-71.98999999999998
2026-02-03 10:15:00+05:30,-71.98999999999998
2026-02-03 10:20:00+05:30,-71.98999999999998
2026-02-03 10:25:00+05:30,-71.98999999999998
2026-02-03 10:30:00+05:30,-71.98999999999998
2026-02-03 10:35:00+05:30,-71.98999999999998
2026-02-03 10:40:00+05:30,-71.98999999999998
2026-02-03 10:45:00+05:30,-71.98999999999998
2026-02-03 10:50:00+05:30,-71.98999999999998
2026-02-03 10:55:00+05:30,-71.98999999999998
2026-02-03 11:00:00+05:30,-71.98999999999998
2026-02-03 11:05:00+05:30,-71.98999999999998
2026-02-03 11:10:00+05:30,-71.98999999999998
2026-02-03 11:15:00+05:30,-71.98999999999998
2026-02-03 11:20:00+05:30,-71.98999999999998
2026-02-03 11:25:00+05:30,-71.98999999999998
2026-02-03 11:30:00+05:30,-71.98999999999998
2026-02-03 11:35:00+05:30,-71.98999999999998
2026-02-03 11:40:00+05:30,-71.98999999999998
2026-02-03 11:45:00+05:30,-71.98999999999998
2026-02-03 11:50:00+05:30,-71.98999999999998
2026-02-03 11:55:00+05:30,-71.98999999999998
2026-02-03 12:00:00+05:30,-71.98999999999998
2026-02-03 12:05:00+05:30,-71.98999999999998
2026-02-03 12:10:00+05:30,-71.98999999999998
2026-02-03 12:15:00+05:30,-71.98999999999998
2026-02-03 12:20:00+05:30,-71.98999999999998
2026-02-03 12:25:00+05:30,-71.98999999999998
2026-02-03 12:30:00+05:30,-71.98999999999998
2026-02-03 12:35:00+05:30,-71.98999999999998
2026-02-03 12:40:00+05:30,-71.98999999999998
2026-02-03 12:45:00+05:30,-71.98999999999998
2026-02-03 12:50:00+05:30,-71.98999999999998
2026-02-03 12:55:00+05:30,-71.98999999999998
2026-02-03 13:00:00+05:30,-71.98999999999998
2026-02-03 13:05:00+05:30,-71.98999999999998
2026-02-03 13:10:00+05:30,-71.98999999999998
2026-02-03 13:15:00+05:30,-71.98999999999998
2026-02-03 13:20:00+05:30,-71.98999999999998
2026-02-03 13:25:00+05:30,-71.98999999999998
2026-02-03 13:30:00+05:30,-71.98999999999998
2026-02-03 13:35:00+05:30,-71.98999999999998
2026-02-03 13:40:00+05:30,-71.98999999999998
2026-02-03 13:45:00+05:30,-71.98999999999998
2026-02-03 13:50:00+05:30,-71.98999999999998
2026-02-03 13:55:00+05:30,-71.98999999999998
2026-02-03 14:00:00+05:30,-71.98999999999998
2026-02-03 14:05:00+05:30,-71.98999999999998
2026-02-03 14:10:00+05:30,-71.98999999999998
2026-02-03 14:15:00+05:30,-71.98999999999998
2026-02-03 14:20:00+05:30,-71.98999999999998
2026-02-03 14:25:00+05:30,-71.98999999999998
2026-02-03 14:30:00+05:30,-71.98999999999998
2026-02-03 14:35:00+05:30,-71.98999999999998
2026-02-03 14:40:00+05:30,-71.98999999999998
2026-02-03 14:45:00+05:30,-71.98999999999998
2026-02-03 14:50:00+05:30,-71.98999999999998
2026-02-03 14:55:00+05:30,-71.98999999999998
2026-02-03 15:00:00+05:30,-71.98999999999998
2026-02-03 15:05:00+05:30,-71.98999999999998
2026-02-03 15:10:00+05:30,-71.98999999999998
2026-02-03 15:15:00+05:30,-71.98999999999998
2026-02-03 15:20:00+05:30,-71.98999999999998
2026-02-03 15:25:00+05:30,-71.98999999999998
2026-02-04 09:15:00+05:30,-71.98999999999998
2026-02-04 09:20:00+05:30,-71.98999999999998
2026-02-04 09:25:00+05:30,-71.98999999999998
2026-02-04 09:30:00+05:30,-71.98999999999998
2026-02-04 09:35:00+05:30,-71.98999999999998
2026-02-04 09:40:00+05:30,-71.98999999999998
2026-02-04 09:45:00+05:30,-71.98999999999998
2026-02-04 09:50:00+05:30,-71.98999999999998
2026-02-04 09:55:00+05:30,-71.98999999999998
2026-02-04 10:00:00+05:30,-71.98999999999998
2026-02-04 10:05:00+05:30,-71.98999999999998
2026-02-04 10:10:00+05:30,-71.98999999999998
2026-02-04 10:15:00+05:30,-71.98999999999998
2026-02-04 10:20:00+05:30,-71.98999999999998
2026-02-04 10:25:00+05:30,-71.98999999999998
2026-02-04 10:30:00+05:30,-71.98999999999998
2026-02-04 10:35:00+05:30,-71.98999999999998
2026-02-04 10:40:00+05:30,-71.98999999999998
2026-02-04 10:45:00+05:30,-71.98999999999998
2026-02-04 10:50:00+05:30,-71.98999999999998
2026-02-04 10:55:00+05:30,-71.98999999999998
2026-02-04 11:00:00+05:30,-71.98999999999998
2026-02-04 11:05:00+05:30,-71.98999999999998
2026-02-04 11:10:00+05:30,-71.98999999999998
2026-02-04 11:15:00+05:30,-71.98999999999998
2026-02-04 11:20:00+05:30,-71.98999999999998
2026-02-04 11:25:00+05:30,-71.98999999999998
2026-02-04 11:30:00+05:30,-71.98999999999998
2026-02-04 11:35:00+05:30,-71.98999999999998
2026-02-04 11:40:00+05:30,-71.98999999999998
2026-02-04 11:45:00+05:30,-71.98999999999998
2026-02-04 11:50:00+05:30,-71.98999999999998
2026-02-04 11:55:00+05:30,-71.98999999999998
2026-02-04 12:00:00+05:30,-71.98999999999998
2026-02-04 12:05:00+05:30,-71.98999999999998
2026-02-04 12:10:00+05:30,-71.98999999999998
2026-02-04 12:15:00+05:30,-71.98999999999998
2026-02-04 12:20:00+05:30,-71.98999999999998
2026-02-04 12:25:00+05:30,-71.98999999999998
2026-02-04 12:30:00+05:30,-71.98999999999998
2026-02-04 12:35:00+05:30,-71.98999999999998
2026-02-04 12:40:00+05:30,-71.98999999999998
2026-02-04 12:45:00+05:30,-71.98999999999998
2026-02-04 12:50:00+05:30,-71.98999999999998
2026-02-04 12:55:00+05:30,-71.98999999999998
2026-02-04 13:00:00+05:30,-71.98999999999998
2026-02-04 13:05:00+05:30,-71.98999999999998
2026-02-04 13:10:00+05:30,-71.98999999999998
2026-02-04 13:15:00+05:30,-71.98999999999998
2026-02-04 13:20:00+05:30,-71.98999999999998
2026-02-04 13:25:00+05:30,-71.98999999999998
2026-02-04 13:30:00+05:30,-71.98999999999998
2026-02-04 13:35:00+05:30,-71.98999999999998
2026-02-04 13:40:00+05:30,-71.98999999999998
2026-02-04 13:45:00+05:30,-71.98999999999998
2026-02-04 13:50:00+05:30,-71.98999999999998
2026-02-04 13:55:00+05:30,-71.98999999999998
2026-02-04 14:00:00+05:30,-71.98999999999998
2026-02-04 14:05:00+05:30,-71.98999999999998
2026-02-04 14:10:00+05:30,-71.98999999999998
2026-02-04 14:15:00+05:30,-71.98999999999998
2026-02-04 14:20:00+05:30,-71.98999999999998
2026-02-04 14:25:00+05:30,-71.98999999999998
2026-02-04 14:30:00+05:30,-71.98999999999998
2026-02-04 14:35:00+05:30,-71.98999999999998
2026-02-04 14:40:00+05:30,-71.98999999999998
2026-02-04 14:45:00+05:30,-71.98999999999998
2026-02-04 14:50:00+05:30,-71.98999999999998
2026-02-04 14:55:00+05:30,-71.98999999999998
2026-02-04 15:00:00+05:30,-71.98999999999998
2026-02-04 15:05:00+05:30,-71.98999999999998
2026-02-04 15:10:00+05:30,-71.98999999999998
2026-02-04 15:15:00+05:30,-71.98999999999998
2026-02-04 15:20:00+05:30,-71.98999999999998
2026-02-04 15:25:00+05:30,-71.98999999999998
2026-02-05 09:15:00+05:30,-71.98999999999998
2026-02-05 09:20:00+05:30,-71.98999999999998
2026-02-05 09:25:00+05:30,-71.98999999999998
2026-02-05 09:30:00+05:30,-71.98999999999998
2026-02-05 09:35:00+05:30,-71.98999999999998
2026-02-05 09:40:00+05:30,-71.98999999999998
2026-02-05 09:45:00+05:30,-71.98999999999998
2026-02-05 09:50:00+05:30,-71.98999999999998
2026-02-05 09:55:00+05:30,-71.98999999999998
2026-02-05 10:00:00+05:30,-71.98999999999998
2026-02-05 10:05:00+05:30,-71.98999999999998
2026-02-05 10:10:00+05:30,-71.98999999999998
2026-02-05 10:15:00+05:30,-71.98999999999998
2026-02-05 10:20:00+05:30,-71.98999999999998
2026-02-05 10:25:00+05:30,-71.98999999999998
2026-02-05 10:30:00+05:30,-71.98999999999998
2026-02-05 10:35:00+05:30,-71.98999999999998
2026-02-05 10:40:00+05:30,-71.98999999999998
2026-02-05 10:45:00+05:30,-71.98999999999998
2026-02-05 10:50:00+05:30,-71.98999999999998
2026-02-05 10:55:00+05:30,-71.98999999999998
2026-02-05 11:00:00+05:30,-71.98999999999998
2026-02-05 11:05:00+05:30,-71.98999999999998
2026-02-05 11:10:00+05:30,-71.98999999999998
2026-02-05 11:15:00+05:30,-71.98999999999998
2026-02-05 11:20:00+05:30,-71.98999999999998
2026-02-05 11:25:00+05:30,-71.98999999999998
2026-02-05 11:30:00+05:30,-71.98999999999998
2026-02-05 11:35:00+05:30,-71.98999999999998
2026-02-05 11:40:00+05:30,-71.98999999999998
2026-02-05 11:45:00+05:30,-71.98999999999998
2026-02-05 11:50:00+05:30,-71.98999999999998
2026-02-05 11:55:00+05:30,-71.98999999999998
2026-02-05 12:00:00+05:30,-71.98999999999998
2026-02-05 12:05:00+05:30,-71.98999999999998
2026-02-05 12:10:00+05:30,-71.98999999999998
2026-02-05 12:15:00+05:30,-71.98999999999998
2026-02-05 12:20:00+05:30,-71.98999999999998
2026-02-05 12:25:00+05:30,-71.98999999999998
2026-02-05 12:30:00+05:30,-71.98999999999998
2026-02-05 12:35:00+05:30,-71.98999999999998
2026-02-05 12:40:00+05:30,-71.98999999999998
2026-02-05 12:45:00+05:30,-71.98999999999998
2026-02-05 12:50:00+05:30,-71.98999999999998
2026-02-05 12:55:00+05:30,-71.98999999999998
2026-02-05 13:00:00+05:30,-71.98999999999998
2026-02-05 13:05:00+05:30,-71.98999999999998
2026-02-05 13:10:00+05:30,-71.98999999999998
2026-02-05 13:15:00+05:30,-71.98999999999998
2026-02-05 13:20:00+05:30,-71.98999999999998
2026-02-05 13:25:00+05:30,-71.98999999999998
2026-02-05 13:30:00+05:30,-71.98999999999998
2026-02-05 13:35:00+05:30,-71.98999999999998
2026-02-05 13:40:00+05:30,-71.98999999999998
2026-02-05 13:45:00+05:30,-71.98999999999998
2026-02-05 13:50:00+05:30,-71.98999999999998
2026-02-05 13:55:00+05:30,-71.98999999999998
2026-02-05 14:00:00+05:30,-71.98999999999998
2026-02-05 14:05:00+05:30,-71.98999999999998
2026-02-05 14:10:00+05:30,-71.98999999999998
2026-02-05 14:15:00+05:30,-71.98999999999998
2026-02-05 14:20:00+05:30,-71.98999999999998
2026-02-05 14:25:00+05:30,-71.98999999999998
2026-02-05 14:30:00+05:30,-71.98999999999998
2026-02-05 14:35:00+05:30,-71.98999999999998
2026-02-05 14:40:00+05:30,-71.98999999999998
2026-02-05 14:45:00+05:30,-71.98999999999998
2026-02-05 14:50:00+05:30,-71.98999999999998
2026-02-05 14:55:00+05:30,-71.98999999999998
2026-02-05 15:00:00+05:30,-71.98999999999998
2026-02-05 15:05:00+05:30,-71.98999999999998
2026-02-05 15:10:00+05:30,-71.98999999999998
2026-02-05 15:15:00+05:30,-71.98999999999998
2026-02-05 15:20:00+05:30,-71.98999999999998
2026-02-05 15:25:00+05:30,-71.98999999999998
2026-02-06 09:15:00+05:30,-71.98999999999998
2026-02-06 09:20:00+05:30,-71.98999999999998
2026-02-06 09:25:00+05:30,-71.98999999999998
2026-02-06 09:30:00+05:30,-71.98999999999998
2026-02-06 09:35:00+05:30,-71.98999999999998
2026-02-06 09:40:00+05:30,-71.98999999999998
2026-02-06 09:45:00+05:30,-92.93999999999998
2026-02-06 09:50:00+05:30,-92.93999999999998
2026-02-06 09:55:00+05:30,-92.93999999999998
2026-02-06 10:00:00+05:30,-92.93999999999998
2026-02-06 10:05:00+05:30,-92.93999999999998
2026-02-06 10:10:00+05:30,-92.93999999999998
2026-02-06 10:15:00+05:30,-92.93999999999998
2026-02-06 10:20:00+05:30,-92.93999999999998
2026-02-06 10:25:00+05:30,-92.93999999999998
2026-02-06 10:30:00+05:30,-92.93999999999998
2026-02-06 10:35:00+05:30,-92.93999999999998
2026-02-06 10:40:00+05:30,-92.93999999999998
2026-02-06 10:45:00+05:30,-92.93999999999998
2026-02-06 10:50:00+05:30,-92.93999999999998
2026-02-06 10:55:00+05:30,-92.93999999999998
2026-02-06 11:00:00+05:30,-92.93999999999998
2026-02-06 11:05:00+05:30,-92.93999999999998
2026-02-06 11:10:00+05:30,-92.93999999999998
2026-02-06 11:15:00+05:30,-92.93999999999998
2026-02-06 11:20:00+05:30,-92.93999999999998
2026-02-06 11:25:00+05:30,-92.93999999999998
2026-02-06 11:30:00+05:30,-92.93999999999998
2026-02-06 11:35:00+05:30,-92.93999999999998
2026-02-06 11:40:00+05:30,-92.93999999999998
2026-02-06 11:45:00+05:30,-92.93999999999998
2026-02-06 11:50:00+05:30,-92.93999999999998
2026-02-06 11:55:00+05:30,-92.93999999999998
2026-02-06 12:00:00+05:30,-92.93999999999998
2026-02-06 12:05:00+05:30,-92.93999999999998
2026-02-06 12:10:00+05:30,-92.93999999999998
2026-02-06 12:15:00+05:30,-92.93999999999998
2026-02-06 12:20:00+05:30,-120.25999999999999
2026-02-06 12:25:00+05:30,-120.25999999999999
2026-02-06 12:30:00+05:30,-120.25999999999999
2026-02-06 12:35:00+05:30,-120.25999999999999
2026-02-06 12:40:00+05:30,-120.25999999999999
2026-02-06 12:45:00+05:30,-120.25999999999999
2026-02-06 12:50:00+05:30,-120.25999999999999
2026-02-06 12:55:00+05:30,-120.25999999999999
2026-02-06 13:00:00+05:30,-120.25999999999999
2026-02-06 13:05:00+05:30,-120.25999999999999
2026-02-06 13:10:00+05:30,-120.25999999999999
2026-02-06 13:15:00+05:30,-120.25999999999999
2026-02-06 13:20:00+05:30,-120.25999999999999
2026-02-06 13:25:00+05:30,-120.25999999999999
2026-02-06 13:30:00+05:30,-120.25999999999999
2026-02-06 13:35:00+05:30,-120.25999999999999
2026-02-06 13:40:00+05:30,-120.25999999999999
2026-02-06 13:45:00+05:30,-120.25999999999999
2026-02-06 13:50:00+05:30,-120.25999999999999
2026-02-06 13:55:00+05:30,-120.25999999999999
2026-02-06 14:00:00+05:30,-120.25999999999999
2026-02-06 14:05:00+05:30,-120.25999999999999
2026-02-06 14:10:00+05:30,-120.25999999999999
2026-02-06 14:15:00+05:30,-120.25999999999999
2026-02-06 14:20:00+05:30,-120.25999999999999
2026-02-06 14:25:00+05:30,-120.25999999999999
2026-02-06 14:30:00+05:30,-120.25999999999999
2026-02-06 14:35:00+05:30,-120.25999999999999
2026-02-06 14:40:00+05:30,-120.25999999999999
2026-02-06 14:45:00+05:30,-120.25999999999999
2026-02-06 14:50:00+05:30,-120.25999999999999
2026-02-06 14:55:00+05:30,-120.25999999999999
2026-02-06 15:00:00+05:30,-120.25999999999999
2026-02-06 15:05:00+05:30,-120.25999999999999
2026-02-06 15:10:00+05:30,-120.25999999999999
2026-02-06 15:15:00+05:30,-120.25999999999999
2026-02-06 15:20:00+05:30,-120.25999999999999
2026-02-06 15:25:00+05:30,-120.25999999999999
2026-02-09 09:15:00+05:30,-120.25999999999999
2026-02-09 09:20:00+05:30,-120.25999999999999
2026-02-09 09:25:00+05:30,-120.25999999999999
2026-02-09 09:30:00+05:30,-120.25999999999999
2026-02-09 09:35:00+05:30,-120.25999999999999
2026-02-09 09:40:00+05:30,-120.25999999999999
2026-02-09 09:45:00+05:30,-120.25999999999999
2026-02-09 09:50:00+05:30,-120.25999999999999
2026-02-09 09:55:00+05:30,-120.25999999999999
2026-02-09 10:00:00+05:30,-120.25999999999999
2026-02-09 10:05:00+05:30,-120.25999999999999
2026-02-09 10:10:00+05:30,-120.25999999999999
2026-02-09 10:15:00+05:30,-120.25999999999999
2026-02-09 10:20:00+05:30,-120.25999999999999
2026-02-09 10:25:00+05:30,-120.25999999999999
2026-02-09 10:30:00+05:30,-120.25999999999999
2026-02-09 10:35:00+05:30,-120.25999999999999
2026-02-09 10:40:00+05:30,-120.25999999999999
2026-02-09 10:45:00+05:30,-120.25999999999999
2026-02-09 10:50:00+05:30,-120.25999999999999
2026-02-09 10:55:00+05:30,-120.25999999999999
2026-02-09 11:00:00+05:30,-120.25999999999999
2026-02-09 11:05:00+05:30,-120.25999999999999
2026-02-09 11:10:00+05:30,-120.25999999999999
2026-02-09 11:15:00+05:30,-120.25999999999999
2026-02-09 11:20:00+05:30,-120.25999999999999
2026-02-09 11:25:00+05:30,-120.25999999999999
2026-02-09 11:30:00+05:30,-120.25999999999999
2026-02-09 11:35:00+05:30,-120.25999999999999
2026-02-09 11:40:00+05:30,-120.25999999999999
2026-02-09 11:45:00+05:30,-120.25999999999999
2026-02-09 11:50:00+05:30,-120.25999999999999
2026-02-09 11:55:00+05:30,-120.25999999999999
2026-02-09 12:00:00+05:30,-120.25999999999999
2026-02-09 12:05:00+05:30,-120.25999999999999
2026-02-09 12:10:00+05:30,-120.25999999999999
2026-02-09 12:15:00+05:30,-120.25999999999999
2026-02-09 12:20:00+05:30,-120.25999999999999
2026-02-09 12:25:00+05:30,-120.25999999999999
2026-02-09 12:30:00+05:30,-120.25999999999999
2026-02-09 12:35:00+05:30,-120.25999999999999
2026-02-09 12:40:00+05:30,-120.25999999999999
2026-02-09 12:45:00+05:30,-120.25999999999999
2026-02-09 12:50:00+05:30,-120.25999999999999
2026-02-09 12:55:00+05:30,-130.16
2026-02-09 13:00:00+05:30,-130.16
2026-02-09 13:05:00+05:30,-130.16
2026-02-09 13:10:00+05:30,-130.16
2026-02-09 13:15:00+05:30,-130.16
2026-02-09 13:20:00+05:30,-130.16
2026-02-09 13:25:00+05:30,-130.16
2026-02-09 13:30:00+05:30,-130.16
2026-02-09 13:35:00+05:30,-130.16
2026-02-09 13:40:00+05:30,-130.16
2026-02-09 13:45:00+05:30,-130.16
2026-02-09 13:50:00+05:30,-130.16
2026-02-09 13:55:00+05:30,-130.16
2026-02-09 14:00:00+05:30,-130.16
2026-02-09 14:05:00+05:30,-130.16
2026-02-09 14:10:00+05:30,-130.16
2026-02-09 14:15:00+05:30,-130.16
2026-02-09 14:20:00+05:30,-130.16
2026-02-09 14:25:00+05:30,-130.16
2026-02-09 14:30:00+05:30,-130.16
2026-02-09 14:35:00+05:30,-130.16
2026-02-09 14:40:00+05:30,-130.16
2026-02-09 14:45:00+05:30,-130.16
2026-02-09 14:50:00+05:30,-130.16
2026-02-09 14:55:00+05:30,-130.16
2026-02-09 15:00:00+05:30,-130.16
2026-02-09 15:05:00+05:30,-130.16
2026-02-09 15:10:00+05:30,-130.16
2026-02-09 15:15:00+05:30,-130.16
2026-02-09 15:20:00+05:30,-130.16
2026-02-09 15:25:00+05:30,-130.16
2026-02-10 09:15:00+05:30,-130.16
2026-02-10 09:20:00+05:30,-130.16
2026-02-10 09:25:00+05:30,-130.16
2026-02-10 09:30:00+05:30,-130.16
2026-02-10 09:35:00+05:30,-130.16
2026-02-10 09:40:00+05:30,-130.16
2026-02-10 09:45:00+05:30,-130.16
2026-02-10 09:50:00+05:30,-130.16
2026-02-10 09:55:00+05:30,-130.16
2026-02-10 10:00:00+05:30,-130.16
2026-02-10 10:05:00+05:30,-130.16
2026-02-10 10:10:00+05:30,-130.16
2026-02-10 10:15:00+05:30,-130.16
2026-02-10 10:20:00+05:30,-130.16
2026-02-10 10:25:00+05:30,-130.16
2026-02-10 10:30:00+05:30,-130.16
2026-02-10 10:35:00+05:30,-130.16
2026-02-10 10:40:00+05:30,-130.16
2026-02-10 10:45:00+05:30,-130.16
2026-02-10 10:50:00+05:30,-130.16
2026-02-10 10:55:00+05:30,-130.16
2026-02-10 11:00:00+05:30,-130.16
2026-02-10 11:05:00+05:30,-130.16
2026-02-10 11:10:00+05:30,-130.16
2026-02-10 11:15:00+05:30,-130.16
2026-02-10 11:20:00+05:30,-130.16
2026-02-10 11:25:00+05:30,-130.16
2026-02-10 11:30:00+05:30,-130.16
2026-02-10 11:35:00+05:30,-130.16
2026-02-10 11:40:00+05:30,-130.16
2026-02-10 11:45:00+05:30,-130.16
2026-02-10 11:50:00+05:30,-130.16
2026-02-10 11:55:00+05:30,-130.16
2026-02-10 12:00:00+05:30,-130.16
2026-02-10 12:05:00+05:30,-130.16
2026-02-10 12:10:00+05:30,-130.16
2026-02-10 12:15:00+05:30,-130.16
2026-02-10 12:20:00+05:30,-130.16
2026-02-10 12:25:00+05:30,-130.16
2026-02-10 12:30:00+05:30,-130.16
2026-02-10 12:35:00+05:30,-130.16
2026-02-10 12:40:00+05:30,-130.16
2026-02-10 12:45:00+05:30,-130.16
2026-02-10 12:50:00+05:30,-130.16
2026-02-10 12:55:00+05:30,-130.16
2026-02-10 13:00:00+05:30,-130.16
2026-02-10 13:05:00+05:30,-130.16
2026-02-10 13:10:00+05:30,-130.16
2026-02-10 13:15:00+05:30,-130.16
2026-02-10 13:20:00+05:30,-130.16
2026-02-10 13:25:00+05:30,-130.16
2026-02-10 13:30:00+05:30,-130.16
2026-02-10 13:35:00+05:30,-130.16
2026-02-10 13:40:00+05:30,-130.16
2026-02-10 13:45:00+05:30,-130.16
2026-02-10 13:50:00+05:30,-130.16
2026-02-10 13:55:00+05:30,-130.16
2026-02-10 14:00:00+05:30,-130.16
2026-02-10 14:05:00+05:30,-130.16
2026-02-10 14:10:00+05:30,-130.16
2026-02-10 14:15:00+05:30,-130.16
2026-02-10 14:20:00+05:30,-130.16
2026-02-10 14:25:00+05:30,-130.16
2026-02-10 14:30:00+05:30,-130.16
2026-02-10 14:35:00+05:30,-130.16
2026-02-10 14:40:00+05:30,-130.16
2026-02-10 14:45:00+05:30,-130.16
2026-02-10 14:50:00+05:30,-130.16
2026-02-10 14:55:00+05:30,-130.16
2026-02-10 15:00:00+05:30,-130.16
2026-02-10 15:05:00+05:30,-130.16
2026-02-10 15:10:00+05:30,-130.16
2026-02-10 15:15:00+05:30,-130.16
2026-02-10 15:20:00+05:30,-130.16
2026-02-10 15:25:00+05:30,-130.16
2026-02-11 09:15:00+05:30,-130.16
2026-02-11 09:20:00+05:30,-130.16
2026-02-11 09:25:00+05:30,-130.16
2026-02-11 09:30:00+05:30,-130.16
2026-02-11 09:35:00+05:30,-130.16
2026-02-11 09:40:00+05:30,-130.16
2026-02-11 09:45:00+05:30,-130.16
2026-02-11 09:50:00+05:30,-130.16
2026-02-11 09:55:00+05:30,-130.16
2026-02-11 10:00:00+05:30,-130.16
2026-02-11 10:05:00+05:30,-130.16
2026-02-11 10:10:00+05:30,-130.16
2026-02-11 10:15:00+05:30,-130.16
2026-02-11 10:20:00+05:30,-130.16
2026-02-11 10:25:00+05:30,-130.16
2026-02-11 10:30:00+05:30,-130.16
2026-02-11 10:35:00+05:30,-130.16
2026-02-11 10:40:00+05:30,-130.16
2026-02-11 10:45:00+05:30,-130.16
2026-02-11 10:50:00+05:30,-130.16
2026-02-11 10:55:00+05:30,-130.16
2026-02-11 11:00:00+05:30,-130.16
2026-02-11 11:05:00+05:30,-130.16
2026-02-11 11:10:00+05:30,-130.16
2026-02-11 11:15:00+05:30,-130.16
2026-02-11 11:20:00+05:30,-130.16
2026-02-11 11:25:00+05:30,-130.16
2026-02-11 11:30:00+05:30,-130.16
2026-02-11 11:35:00+05:30,-130.16
2026-02-11 11:40:00+05:30,-130.16
2026-02-11 11:45:00+05:30,-130.16
2026-02-11 11:50:00+05:30,-130.16
2026-02-11 11:55:00+05:30,-130.16
2026-02-11 12:00:00+05:30,-130.16
2026-02-11 12:05:00+05:30,-130.16
2026-02-11 12:10:00+05:30,-130.16
2026-02-11 12:15:00+05:30,-130.16
2026-02-11 12:20:00+05:30,-130.16
2026-02-11 12:25:00+05:30,-130.16
2026-02-11 12:30:00+05:30,-130.16
2026-02-11 12:35:00+05:30,-130.16
2026-02-11 12:40:00+05:30,-130.16
2026-02-11 12:45:00+05:30,-130.16
2026-02-11 12:50:00+05:30,-130.16
2026-02-11 12:55:00+05:30,-130.16
2026-02-11 13:00:00+05:30,-130.16
2026-02-11 13:05:00+05:30,-130.16
2026-02-11 13:10:00+05:30,-130.16
2026-02-11 13:15:00+05:30,-130.16
2026-02-11 13:20:00+05:30,-130.16
2026-02-11 13:25:00+05:30,-130.16
2026-02-11 13:30:00+05:30,-130.16
2026-02-11 13:35:00+05:30,-130.16
2026-02-11 13:40:00+05:30,-130.16
2026-02-11 13:45:00+05:30,-130.16
2026-02-11 13:50:00+05:30,-130.16
2026-02-11 13:55:00+05:30,-130.16
2026-02-11 14:00:00+05:30,-130.16
2026-02-11 14:05:00+05:30,-130.16
2026-02-11 14:10:00+05:30,-130.16
2026-02-11 14:15:00+05:30,-130.16
2026-02-11 14:20:00+05:30,-130.16
2026-02-11 14:25:00+05:30,-130.16
2026-02-11 14:30:00+05:30,-130.16
2026-02-11 14:35:00+05:30,-130.16
2026-02-11 14:40:00+05:30,-130.16
2026-02-11 14:45:00+05:30,-130.16
2026-02-11 14:50:00+05:30,-130.16
2026-02-11 14:55:00+05:30,-130.16
2026-02-11 15:00:00+05:30,-130.16
2026-02-11 15:05:00+05:30,-130.16
2026-02-11 15:10:00+05:30,-130.16
2026-02-11 15:15:00+05:30,-130.16
2026-02-11 15:20:00+05:30,-130.16
2026-02-11 15:25:00+05:30,-130.16
2026-02-12 09:15:00+05:30,-130.16
2026-02-12 09:20:00+05:30,-130.16
2026-02-12 09:25:00+05:30,-130.16
2026-02-12 09:30:00+05:30,-130.16
2026-02-12 09:35:00+05:30,-130.16
2026-02-12 09:40:00+05:30,-130.16
2026-02-12 09:45:00+05:30,-130.16
2026-02-12 09:50:00+05:30,-130.16
2026-02-12 09:55:00+05:30,-130.16
2026-02-12 10:00:00+05:30,-130.16
2026-02-12 10:05:00+05:30,-130.16
2026-02-12 10:10:00+05:30,-130.16
2026-02-12 10:15:00+05:30,-130.16
2026-02-12 10:20:00+05:30,-130.16
2026-02-12 10:25:00+05:30,-130.16
2026-02-12 10:30:00+05:30,-130.16
2026-02-12 10:35:00+05:30,-130.16
2026-02-12 10:40:00+05:30,-130.16
2026-02-12 10:45:00+05:30,-130.16
2026-02-12 10:50:00+05:30,-130.16
2026-02-12 10:55:00+05:30,-130.16
2026-02-12 11:00:00+05:30,-130.16
2026-02-12 11:05:00+05:30,-130.16
2026-02-12 11:10:00+05:30,-130.16
2026-02-12 11:15:00+05:30,-130.16
2026-02-12 11:20:00+05:30,-130.16
2026-02-12 11:25:00+05:30,-130.16
2026-02-12 11:30:00+05:30,-130.16
2026-02-12 11:35:00+05:30,-130.16
2026-02-12 11:40:00+05:30,-130.16
2026-02-12 11:45:00+05:30,-130.16
2026-02-12 11:50:00+05:30,-130.16
2026-02-12 11:55:00+05:30,-130.16
2026-02-12 12:00:00+05:30,-130.16
2026-02-12 12:05:00+05:30,-130.16
2026-02-12 12:10:00+05:30,-130.16
2026-02-12 12:15:00+05:30,-130.16
2026-02-12 12:20:00+05:30,-130.16
2026-02-12 12:25:00+05:30,-130.16
2026-02-12 12:30:00+05:30,-130.16
2026-02-12 12:35:00+05:30,-130.16
2026-02-12 12:40:00+05:30,-130.16
2026-02-12 12:45:00+05:30,-130.16
2026-02-12 12:50:00+05:30,-130.16
2026-02-12 12:55:00+05:30,-130.16
2026-02-12 13:00:00+05:30,-130.16
2026-02-12 13:05:00+05:30,-130.16
2026-02-12 13:10:00+05:30,-130.16
2026-02-12 13:15:00+05:30,-130.16
2026-02-12 13:20:00+05:30,-130.16
2026-02-12 13:25:00+05:30,-130.16
2026-02-12 13:30:00+05:30,-130.16
2026-02-12 13:35:00+05:30,-130.16
2026-02-12 13:40:00+05:30,-130.16
2026-02-12 13:45:00+05:30,-130.16
2026-02-12 13:50:00+05:30,-130.16
2026-02-12 13:55:00+05:30,-130.16
2026-02-12 14:00:00+05:30,-130.16
2026-02-12 14:05:00+05:30,-130.16
2026-02-12 14:10:00+05:30,-130.16
2026-02-12 14:15:00+05:30,-130.16
2026-02-12 14:20:00+05:30,-130.16
2026-02-12 14:25:00+05:30,-130.16
2026-02-12 14:30:00+05:30,-130.16
2026-02-12 14:35:00+05:30,-130.16
2026-02-12 14:40:00+05:30,-130.16
2026-02-12 14:45:00+05:30,-130.16
2026-02-12 14:50:00+05:30,-130.16
2026-02-12 14:55:00+05:30,-130.16
2026-02-12 15:00:00+05:30,-130.16
2026-02-12 15:05:00+05:30,-130.16
2026-02-12 15:10:00+05:30,-130.16
2026-02-12 15:15:00+05:30,-130.16
2026-02-12 15:20:00+05:30,-130.16
2026-02-12 15:25:00+05:30,-130.16
2026-02-13 09:15:00+05:30,-130.16
2026-02-13 09:20:00+05:30,-130.16
2026-02-13 09:25:00+05:30,-130.16
2026-02-13 09:30:00+05:30,-130.16
2026-02-13 09:35:00+05:30,-130.16
2026-02-13 09:40:00+05:30,-130.16
2026-02-13 09:45:00+05:30,-130.16
2026-02-13 09:50:00+05:30,-130.16
2026-02-13 09:55:00+05:30,-130.16
2026-02-13 10:00:00+05:30,-130.16
2026-02-13 10:05:00+05:30,-130.16
2026-02-13 10:10:00+05:30,-130.16
2026-02-13 10:15:00+05:30,-130.16
2026-02-13 10:20:00+05:30,-130.16
2026-02-13 10:25:00+05:30,-130.16
2026-02-13 10:30:00+05:30,-130.16
2026-02-13 10:35:00+05:30,-130.16
2026-02-13 10:40:00+05:30,-130.16
2026-02-13 10:45:00+05:30,-130.16
2026-02-13 10:50:00+05:30,-130.16
2026-02-13 10:55:00+05:30,-130.16
2026-02-13 11:00:00+05:30,-130.16
2026-02-13 11:05:00+05:30,-130.16
2026-02-13 11:10:00+05:30,-130.16
2026-02-13 11:15:00+05:30,-130.16
2026-02-13 11:20:00+05:30,-130.16
2026-02-13 11:25:00+05:30,-130.16
2026-02-13 11:30:00+05:30,-130.16
2026-02-13 11:35:00+05:30,-130.16
2026-02-13 11:40:00+05:30,-130.16
2026-02-13 11:45:00+05:30,-130.16
2026-02-13 11:50:00+05:30,-130.16
2026-02-13 11:55:00+05:30,-130.16
2026-02-13 12:00:00+05:30,-130.16
2026-02-13 12:05:00+05:30,-130.16
2026-02-13 12:10:00+05:30,-130.16
2026-02-13 12:15:00+05:30,-130.16
2026-02-13 12:20:00+05:30,-130.16
2026-02-13 12:25:00+05:30,-130.16
2026-02-13 12:30:00+05:30,-130.16
2026-02-13 12:35:00+05:30,-130.16
2026-02-13 12:40:00+05:30,-130.16
2026-02-13 12:45:00+05:30,-130.16
2026-02-13 12:50:00+05:30,-151.07
2026-02-13 12:55:00+05:30,-151.07
2026-02-13 13:00:00+05:30,-151.07
2026-02-13 13:05:00+05:30,-151.07
2026-02-13 13:10:00+05:30,-151.07
2026-02-13 13:15:00+05:30,-151.07
2026-02-13 13:20:00+05:30,-151.07
2026-02-13 13:25:00+05:30,-151.07
2026-02-13 13:30:00+05:30,-151.07
2026-02-13 13:35:00+05:30,-151.07
2026-02-13 13:40:00+05:30,-151.07
2026-02-13 13:45:00+05:30,-151.07
2026-02-13 13:50:00+05:30,-151.07
2026-02-13 13:55:00+05:30,-151.07
2026-02-13 14:00:00+05:30,-151.07
2026-02-13 14:05:00+05:30,-151.07
2026-02-13 14:10:00+05:30,-151.07
2026-02-13 14:15:00+05:30,-151.07
2026-02-13 14:20:00+05:30,-151.07
2026-02-13 14:25:00+05:30,-151.07
2026-02-13 14:30:00+05:30,-151.07
2026-02-13 14:35:00+05:30,-151.07
2026-02-13 14:40:00+05:30,-151.07
2026-02-13 14:45:00+05:30,-151.07
2026-02-13 14:50:00+05:30,-151.07
2026-02-13 14:55:00+05:30,-151.07
2026-02-13 15:00:00+05:30,-151.07
2026-02-13 15:05:00+05:30,-151.07
2026-02-13 15:10:00+05:30,-151.07
2026-02-13 15:15:00+05:30,-151.07
2026-02-13 15:20:00+05:30,-151.07
2026-02-13 15:25:00+05:30,-151.07
2026-02-16 09:15:00+05:30,-151.07
2026-02-16 09:20:00+05:30,-151.07
2026-02-16 09:25:00+05:30,-151.07
2026-02-16 09:30:00+05:30,-151.07
2026-02-16 09:35:00+05:30,-151.07
2026-02-16 09:40:00+05:30,-151.07
2026-02-16 09:45:00+05:30,-151.07
2026-02-16 09:50:00+05:30,-151.07
2026-02-16 09:55:00+05:30,-151.07
2026-02-16 10:00:00+05:30,-151.07
2026-02-16 10:05:00+05:30,-151.07
2026-02-16 10:10:00+05:30,-151.07
2026-02-16 10:15:00+05:30,-151.07
2026-02-16 10:20:00+05:30,-151.07
2026-02-16 10:25:00+05:30,-151.07
2026-02-16 10:30:00+05:30,-151.07
2026-02-16 10:35:00+05:30,-151.07
2026-02-16 10:40:00+05:30,-151.07
2026-02-16 10:45:00+05:30,-151.07
2026-02-16 10:50:00+05:30,-151.07
2026-02-16 10:55:00+05:30,-151.07
2026-02-16 11:00:00+05:30,-151.07
2026-02-16 11:05:00+05:30,-151.07
2026-02-16 11:10:00+05:30,-151.07
2026-02-16 11:15:00+05:30,-151.07
2026-02-16 11:20:00+05:30,-151.07
2026-02-16 11:25:00+05:30,-151.07
2026-02-16 11:30:00+05:30,-151.07
2026-02-16 11:35:00+05:30,-151.07
2026-02-16 11:40:00+05:30,-151.07
2026-02-16 11:45:00+05:30,-151.07
2026-02-16 11:50:00+05:30,-190.73
2026-02-16 11:55:00+05:30,-190.73
2026-02-16 12:00:00+05:30,-190.73
2026-02-16 12:05:00+05:30,-190.73
2026-02-16 12:10:00+05:30,-190.73
2026-02-16 12:15:00+05:30,-190.73
2026-02-16 12:20:00+05:30,-190.73
2026-02-16 12:25:00+05:30,-190.73
2026-02-16 12:30:00+05:30,-190.73
2026-02-16 12:35:00+05:30,-190.73
2026-02-16 12:40:00+05:30,-190.73
2026-02-16 12:45:00+05:30,-190.73
2026-02-16 12:50:00+05:30,-190.73
2026-02-16 12:55:00+05:30,-190.73
2026-02-16 13:00:00+05:30,-190.73
2026-02-16 13:05:00+05:30,-190.73
2026-02-16 13:10:00+05:30,-190.73
2026-02-16 13:15:00+05:30,-190.73
2026-02-16 13:20:00+05:30,-190.73
2026-02-16 13:25:00+05:30,-190.73
2026-02-16 13:30:00+05:30,-190.73
2026-02-16 13:35:00+05:30,-190.73
2026-02-16 13:40:00+05:30,-190.73
2026-02-16 13:45:00+05:30,-190.73
2026-02-16 13:50:00+05:30,-190.73
2026-02-16 13:55:00+05:30,-190.73
2026-02-16 14:00:00+05:30,-190.73
2026-02-16 14:05:00+05:30,-190.73
2026-02-16 14:10:00+05:30,-190.73
2026-02-16 14:15:00+05:30,-190.73
2026-02-16 14:20:00+05:30,-190.73
2026-02-16 14:25:00+05:30,-190.73
2026-02-16 14:30:00+05:30,-190.73
2026-02-16 14:35:00+05:30,-190.73
2026-02-16 14:40:00+05:30,-190.73
2026-02-16 14:45:00+05:30,-190.73
2026-02-16 14:50:00+05:30,-190.73
2026-02-16 14:55:00+05:30,-190.73
2026-02-16 15:00:00+05:30,-190.73
2026-02-16 15:05:00+05:30,-190.73
2026-02-16 15:10:00+05:30,-190.73
2026-02-16 15:15:00+05:30,-190.73
2026-02-16 15:20:00+05:30,-190.73
2026-02-16 15:25:00+05:30,-190.73
2026-02-17 09:15:00+05:30,-190.73
2026-02-17 09:20:00+05:30,-190.73
2026-02-17 09:25:00+05:30,-190.73
2026-02-17 09:30:00+05:30,-190.73
2026-02-17 09:35:00+05:30,-190.73
2026-02-17 09:40:00+05:30,-190.73
2026-02-17 09:45:00+05:30,-190.73
2026-02-17 09:50:00+05:30,-190.73
2026-02-17 09:55:00+05:30,-190.73
2026-02-17 10:00:00+05:30,-190.73
2026-02-17 10:05:00+05:30,-190.73
2026-02-17 10:10:00+05:30,-190.73
2026-02-17 10:15:00+05:30,-190.73
2026-02-17 10:20:00+05:30,-190.73
2026-02-17 10:25:00+05:30,-190.73
2026-02-17 10:30:00+05:30,-190.73
2026-02-17 10:35:00+05:30,-190.73
2026-02-17 10:40:00+05:30,-190.73
2026-02-17 10:45:00+05:30,-190.73
2026-02-17 10:50:00+05:30,-190.73
2026-02-17 10:55:00+05:30,-190.73
2026-02-17 11:00:00+05:30,-190.73
2026-02-17 11:05:00+05:30,-190.73
2026-02-17 11:10:00+05:30,-190.73
2026-02-17 11:15:00+05:30,-190.73
2026-02-17 11:20:00+05:30,-190.73
2026-02-17 11:25:00+05:30,-190.73
2026-02-17 11:30:00+05:30,-190.73
2026-02-17 11:35:00+05:30,-190.73
2026-02-17 11:40:00+05:30,-190.73
2026-02-17 11:45:00+05:30,-190.73
2026-02-17 11:50:00+05:30,-190.73
2026-02-17 11:55:00+05:30,-190.73
2026-02-17 12:00:00+05:30,-190.73
2026-02-17 12:05:00+05:30,-190.73
2026-02-17 12:10:00+05:30,-190.73
2026-02-17 12:15:00+05:30,-190.73
2026-02-17 12:20:00+05:30,-190.73
2026-02-17 12:25:00+05:30,-190.73
2026-02-17 12:30:00+05:30,-190.73
2026-02-17 12:35:00+05:30,-190.73
2026-02-17 12:40:00+05:30,-190.73
2026-02-17 12:45:00+05:30,-190.73
2026-02-17 12:50:00+05:30,-190.73
2026-02-17 12:55:00+05:30,-190.73
2026-02-17 13:00:00+05:30,-190.73
2026-02-17 13:05:00+05:30,-190.73
2026-02-17 13:10:00+05:30,-190.73
2026-02-17 13:15:00+05:30,-190.73
2026-02-17 13:20:00+05:30,-190.73
2026-02-17 13:25:00+05:30,-190.73
2026-02-17 13:30:00+05:30,-190.73
2026-02-17 13:35:00+05:30,-190.73
2026-02-17 13:40:00+05:30,-190.73
2026-02-17 13:45:00+05:30,-190.73
2026-02-17 13:50:00+05:30,-190.73
2026-02-17 13:55:00+05:30,-190.73
2026-02-17 14:00:00+05:30,-190.73
2026-02-17 14:05:00+05:30,-190.73
2026-02-17 14:10:00+05:30,-190.73
2026-02-17 14:15:00+05:30,-190.73
2026-02-17 14:20:00+05:30,-190.73
2026-02-17 14:25:00+05:30,-190.73
2026-02-17 14:30:00+05:30,-190.73
2026-02-17 14:35:00+05:30,-190.73
2026-02-17 14:40:00+05:30,-190.73
2026-02-17 14:45:00+05:30,-190.73
2026-02-17 14:50:00+05:30,-190.73
2026-02-17 14:55:00+05:30,-190.73
2026-02-17 15:00:00+05:30,-190.73
2026-02-17 15:05:00+05:30,-190.73
2026-02-17 15:10:00+05:30,-190.73
2026-02-17 15:15:00+05:30,-190.73
2026-02-17 15:20:00+05:30,-190.73
2026-02-17 15:25:00+05:30,-190.73
2026-02-18 09:15:00+05:30,-190.73
2026-02-18 09:20:00+05:30,-190.73
2026-02-18 09:25:00+05:30,-190.73
2026-02-18 09:30:00+05:30,-190.73
2026-02-18 09:35:00+05:30,-190.73
2026-02-18 09:40:00+05:30,-190.73
2026-02-18 09:45:00+05:30,-190.73
2026-02-18 09:50:00+05:30,-190.73
2026-02-18 09:55:00+05:30,-190.73
2026-02-18 10:00:00+05:30,-190.73
2026-02-18 10:05:00+05:30,-190.73
2026-02-18 10:10:00+05:30,-190.73
2026-02-18 10:15:00+05:30,-190.73
2026-02-18 10:20:00+05:30,-190.73
2026-02-18 10:25:00+05:30,-190.73
2026-02-18 10:30:00+05:30,-190.73
2026-02-18 10:35:00+05:30,-190.73
2026-02-18 10:40:00+05:30,-190.73
2026-02-18 10:45:00+05:30,-190.73
2026-02-18 10:50:00+05:30,-190.73
2026-02-18 10:55:00+05:30,-190.73
2026-02-18 11:00:00+05:30,-190.73
2026-02-18 11:05:00+05:30,-190.73
2026-02-18 11:10:00+05:30,-190.73
2026-02-18 11:15:00+05:30,-190.73
2026-02-18 11:20:00+05:30,-190.73
2026-02-18 11:25:00+05:30,-190.73
2026-02-18 11:30:00+05:30,-190.73
2026-02-18 11:35:00+05:30,-190.73
2026-02-18 11:40:00+05:30,-190.73
2026-02-18 11:45:00+05:30,-190.73
2026-02-18 11:50:00+05:30,-190.73
2026-02-18 11:55:00+05:30,-190.73
2026-02-18 12:00:00+05:30,-190.73
2026-02-18 12:05:00+05:30,-190.73
2026-02-18 12:10:00+05:30,-190.73
2026-02-18 12:15:00+05:30,-190.73
2026-02-18 12:20:00+05:30,-190.73
2026-02-18 12:25:00+05:30,-190.73
2026-02-18 12:30:00+05:30,-190.73
2026-02-18 12:35:00+05:30,-190.73
2026-02-18 12:40:00+05:30,-190.73
2026-02-18 12:45:00+05:30,-190.73
2026-02-18 12:50:00+05:30,-190.73
2026-02-18 12:55:00+05:30,-190.73
2026-02-18 13:00:00+05:30,-190.73
2026-02-18 13:05:00+05:30,-190.73
2026-02-18 13:10:00+05:30,-190.73
2026-02-18 13:15:00+05:30,-190.73
2026-02-18 13:20:00+05:30,-190.73
2026-02-18 13:25:00+05:30,-190.73
2026-02-18 13:30:00+05:30,-190.73
2026-02-18 13:35:00+05:30,-190.73
2026-02-18 13:40:00+05:30,-190.73
2026-02-18 13:45:00+05:30,-190.73
2026-02-18 13:50:00+05:30,-190.73
2026-02-18 13:55:00+05:30,-190.73
2026-02-18 14:00:00+05:30,-190.73
2026-02-18 14:05:00+05:30,-190.73
2026-02-18 14:10:00+05:30,-190.73
2026-02-18 14:15:00+05:30,-190.73
2026-02-18 14:20:00+05:30,-190.73
2026-02-18 14:25:00+05:30,-190.73
2026-02-18 14:30:00+05:30,-190.73
2026-02-18 14:35:00+05:30,-190.73
2026-02-18 14:40:00+05:30,-190.73
2026-02-18 14:45:00+05:30,-190.73
2026-02-18 14:50:00+05:30,-190.73
2026-02-18 14:55:00+05:30,-190.73
2026-02-18 15:00:00+05:30,-190.73
2026-02-18 15:05:00+05:30,-190.73
2026-02-18 15:10:00+05:30,-190.73
2026-02-18 15:15:00+05:30,-190.73
2026-02-18 15:20:00+05:30,-190.73
2026-02-18 15:25:00+05:30,-190.73
2026-02-19 09:15:00+05:30,-190.73
2026-02-19 09:20:00+05:30,-190.73
2026-02-19 09:25:00+05:30,-190.73
2026-02-19 09:30:00+05:30,-190.73
2026-02-19 09:35:00+05:30,-190.73
2026-02-19 09:40:00+05:30,-190.73
2026-02-19 09:45:00+05:30,-190.73
2026-02-19 09:50:00+05:30,-190.73
2026-02-19 09:55:00+05:30,-190.73
2026-02-19 10:00:00+05:30,-190.73
2026-02-19 10:05:00+05:30,-190.73
2026-02-19 10:10:00+05:30,-190.73
2026-02-19 10:15:00+05:30,-190.73
2026-02-19 10:20:00+05:30,-190.73
2026-02-19 10:25:00+05:30,-190.73
2026-02-19 10:30:00+05:30,-190.73
2026-02-19 10:35:00+05:30,-190.73
2026-02-19 10:40:00+05:30,-190.73
2026-02-19 10:45:00+05:30,-190.73
2026-02-19 10:50:00+05:30,-190.73
2026-02-19 10:55:00+05:30,-190.73
2026-02-19 11:00:00+05:30,-190.73
2026-02-19 11:05:00+05:30,-190.73
2026-02-19 11:10:00+05:30,-190.73
2026-02-19 11:15:00+05:30,-190.73
2026-02-19 11:20:00+05:30,-190.73
2026-02-19 11:25:00+05:30,-190.73
2026-02-19 11:30:00+05:30,-190.73
2026-02-19 11:35:00+05:30,-190.73
2026-02-19 11:40:00+05:30,-190.73
2026-02-19 11:45:00+05:30,-190.73
2026-02-19 11:50:00+05:30,-190.73
2026-02-19 11:55:00+05:30,-190.73
2026-02-19 12:00:00+05:30,-190.73
2026-02-19 12:05:00+05:30,-190.73
2026-02-19 12:10:00+05:30,-190.73
2026-02-19 12:15:00+05:30,-190.73
2026-02-19 12:20:00+05:30,-50.06
2026-02-19 12:25:00+05:30,-50.06
2026-02-19 12:30:00+05:30,-50.06
2026-02-19 12:35:00+05:30,-50.06
2026-02-19 12:40:00+05:30,-50.06
2026-02-19 12:45:00+05:30,-50.06
2026-02-19 12:50:00+05:30,-50.06
2026-02-19 12:55:00+05:30,-50.06
2026-02-19 13:00:00+05:30,-50.06
2026-02-19 13:05:00+05:30,-50.06
2026-02-19 13:10:00+05:30,-50.06
2026-02-19 13:15:00+05:30,-50.06
2026-02-19 13:20:00+05:30,-50.06
2026-02-19 13:25:00+05:30,-50.06
2026-02-19 13:30:00+05:30,-50.06
2026-02-19 13:35:00+05:30,-50.06
2026-02-19 13:40:00+05:30,-50.06
2026-02-19 13:45:00+05:30,-50.06
2026-02-19 13:50:00+05:30,-50.06
2026-02-19 13:55:00+05:30,-50.06
2026-02-19 14:00:00+05:30,-50.06
2026-02-19 14:05:00+05:30,-50.06
2026-02-19 14:10:00+05:30,-50.06
2026-02-19 14:15:00+05:30,-50.06
2026-02-19 14:20:00+05:30,-50.06
2026-02-19 14:25:00+05:30,-50.06
2026-02-19 14:30:00+05:30,-50.06
2026-02-19 14:35:00+05:30,-50.06
2026-02-19 14:40:00+05:30,-50.06
2026-02-19 14:45:00+05:30,-50.06
2026-02-19 14:50:00+05:30,-50.06
2026-02-19 14:55:00+05:30,-50.06
2026-02-19 15:00:00+05:30,-50.06
2026-02-19 15:05:00+05:30,-50.06
2026-02-19 15:10:00+05:30,-50.06
2026-02-19 15:15:00+05:30,-50.06
2026-02-19 15:20:00+05:30,-50.06
2026-02-19 15:25:00+05:30,-50.06
2026-02-20 09:15:00+05:30,-50.06
2026-02-20 09:20:00+05:30,-50.06
2026-02-20 09:25:00+05:30,-50.06
2026-02-20 09:30:00+05:30,-50.06
2026-02-20 09:35:00+05:30,-50.06
2026-02-20 09:40:00+05:30,-50.06
2026-02-20 09:45:00+05:30,-50.06
2026-02-20 09:50:00+05:30,-50.06
2026-02-20 09:55:00+05:30,-50.06
2026-02-20 10:00:00+05:30,-50.06
2026-02-20 10:05:00+05:30,-50.06
2026-02-20 10:10:00+05:30,-50.06
2026-02-20 10:15:00+05:30,-50.06
2026-02-20 10:20:00+05:30,-50.06
2026-02-20 10:25:00+05:30,-50.06
2026-02-20 10:30:00+05:30,-50.06
2026-02-20 10:35:00+05:30,-50.06
2026-02-20 10:40:00+05:30,-50.06
2026-02-20 10:45:00+05:30,-50.06
2026-02-20 10:50:00+05:30,-50.06
2026-02-20 10:55:00+05:30,-50.06
2026-02-20 11:00:00+05:30,-50.06
2026-02-20 11:05:00+05:30,-50.06
2026-02-20 11:10:00+05:30,-50.06
2026-02-20 11:15:00+05:30,-50.06
2026-02-20 11:20:00+05:30,-50.06
2026-02-20 11:25:00+05:30,-50.06
2026-02-20 11:30:00+05:30,-50.06
2026-02-20 11:35:00+05:30,-50.06
2026-02-20 11:40:00+05:30,-50.06
2026-02-20 11:45:00+05:30,-50.06
2026-02-20 11:50:00+05:30,-50.06
2026-02-20 11:55:00+05:30,-50.06
2026-02-20 12:00:00+05:30,-50.06
2026-02-20 12:05:00+05:30,-50.06
2026-02-20 12:10:00+05:30,-50.06
2026-02-20 12:15:00+05:30,-50.06
2026-02-20 12:20:00+05:30,-50.06
2026-02-20 12:25:00+05:30,-50.06
2026-02-20 12:30:00+05:30,-50.06
2026-02-20 12:35:00+05:30,-50.06
2026-02-20 12:40:00+05:30,-50.06
2026-02-20 12:45:00+05:30,-50.06
2026-02-20 12:50:00+05:30,-50.06
2026-02-20 12:55:00+05:30,-50.06
2026-02-20 13:00:00+05:30,-50.06
2026-02-20 13:05:00+05:30,-50.06
2026-02-20 13:10:00+05:30,-50.06
2026-02-20 13:15:00+05:30,-50.06
2026-02-20 13:20:00+05:30,-50.06
2026-02-20 13:25:00+05:30,-50.06
2026-02-20 13:30:00+05:30,-69.44
2026-02-20 13:35:00+05:30,-69.44
2026-02-20 13:40:00+05:30,-69.44
2026-02-20 13:45:00+05:30,-69.44
2026-02-20 13:50:00+05:30,-69.44
2026-02-20 13:55:00+05:30,-69.44
2026-02-20 14:00:00+05:30,-69.44
2026-02-20 14:05:00+05:30,-69.44
2026-02-20 14:10:00+05:30,-69.44
2026-02-20 14:15:00+05:30,-69.44
2026-02-20 14:20:00+05:30,-69.44
2026-02-20 14:25:00+05:30,-69.44
2026-02-20 14:30:00+05:30,-69.44
2026-02-20 14:35:00+05:30,-69.44
2026-02-20 14:40:00+05:30,-69.44
2026-02-20 14:45:00+05:30,-69.44
2026-02-20 14:50:00+05:30,-69.44
2026-02-20 14:55:00+05:30,-69.44
2026-02-20 15:00:00+05:30,-69.44
2026-02-20 15:05:00+05:30,-69.44
2026-02-20 15:10:00+05:30,-69.44
2026-02-20 15:15:00+05:30,-69.44
2026-02-20 15:20:00+05:30,-69.44
2026-02-20 15:25:00+05:30,-69.44
2026-02-23 09:15:00+05:30,-69.44
2026-02-23 09:20:00+05:30,-69.44
2026-02-23 09:25:00+05:30,-69.44
2026-02-23 09:30:00+05:30,-69.44
2026-02-23 09:35:00+05:30,-69.44
2026-02-23 09:40:00+05:30,-69.44
2026-02-23 09:45:00+05:30,-69.44
2026-02-23 09:50:00+05:30,-69.44
2026-02-23 09:55:00+05:30,-69.44
2026-02-23 10:00:00+05:30,-69.44
2026-02-23 10:05:00+05:30,-69.44
2026-02-23 10:10:00+05:30,-69.44
2026-02-23 10:15:00+05:30,-69.44
2026-02-23 10:20:00+05:30,-69.44
2026-02-23 10:25:00+05:30,-69.44
2026-02-23 10:30:00+05:30,-69.44
2026-02-23 10:35:00+05:30,-69.44
2026-02-23 10:40:00+05:30,-69.44
2026-02-23 10:45:00+05:30,-69.44
2026-02-23 10:50:00+05:30,-69.44
2026-02-23 10:55:00+05:30,-69.44
2026-02-23 11:00:00+05:30,-69.44
2026-02-23 11:05:00+05:30,-69.44
2026-02-23 11:10:00+05:30,-69.44
2026-02-23 11:15:00+05:30,-69.44
2026-02-23 11:20:00+05:30,-69.44
2026-02-23 11:25:00+05:30,-69.44
2026-02-23 11:30:00+05:30,-69.44
2026-02-23 11:35:00+05:30,-69.44
2026-02-23 11:40:00+05:30,-69.44
2026-02-23 11:45:00+05:30,-69.44
2026-02-23 11:50:00+05:30,-69.44
2026-02-23 11:55:00+05:30,-69.44
2026-02-23 12:00:00+05:30,-69.44
2026-02-23 12:05:00+05:30,-69.44
2026-02-23 12:10:00+05:30,-69.44
2026-02-23 12:15:00+05:30,-69.44
2026-02-23 12:20:00+05:30,-69.44
2026-02-23 12:25:00+05:30,-69.44
2026-02-23 12:30:00+05:30,-69.44
2026-02-23 12:35:00+05:30,-69.44
2026-02-23 12:40:00+05:30,-69.44
2026-02-23 12:45:00+05:30,-69.44
2026-02-23 12:50:00+05:30,-69.44
2026-02-23 12:55:00+05:30,-69.44
2026-02-23 13:00:00+05:30,-69.44
2026-02-23 13:05:00+05:30,-69.44
2026-02-23 13:10:00+05:30,-69.44
2026-02-23 13:15:00+05:30,-69.44
2026-02-23 13:20:00+05:30,-69.44
2026-02-23 13:25:00+05:30,-69.44
2026-02-23 13:30:00+05:30,-69.44
2026-02-23 13:35:00+05:30,-69.44
2026-02-23 13:40:00+05:30,-69.44
2026-02-23 13:45:00+05:30,-69.44
2026-02-23 13:50:00+05:30,-69.44
2026-02-23 13:55:00+05:30,-69.44
2026-02-23 14:00:00+05:30,-69.44
2026-02-23 14:05:00+05:30,-69.44
2026-02-23 14:10:00+05:30,-69.44
2026-02-23 14:15:00+05:30,-69.44
2026-02-23 14:20:00+05:30,-69.44
2026-02-23 14:25:00+05:30,-69.44
2026-02-23 14:30:00+05:30,-69.44
2026-02-23 14:35:00+05:30,-69.44
2026-02-23 14:40:00+05:30,-69.44
2026-02-23 14:45:00+05:30,-69.44
2026-02-23 14:50:00+05:30,-69.44
2026-02-23 14:55:00+05:30,-69.44
2026-02-23 15:00:00+05:30,-69.44
2026-02-23 15:05:00+05:30,-69.44
2026-02-23 15:10:00+05:30,-69.44
2026-02-23 15:15:00+05:30,-69.44
2026-02-23 15:20:00+05:30,-69.44
2026-02-23 15:25:00+05:30,-69.44
2026-02-24 09:15:00+05:30,-69.44
2026-02-24 09:20:00+05:30,-69.44
2026-02-24 09:25:00+05:30,-69.44
2026-02-24 09:30:00+05:30,-69.44
2026-02-24 09:35:00+05:30,-69.44
2026-02-24 09:40:00+05:30,-69.44
2026-02-24 09:45:00+05:30,-69.44
2026-02-24 09:50:00+05:30,-69.44
2026-02-24 09:55:00+05:30,-69.44
2026-02-24 10:00:00+05:30,-69.44
2026-02-24 10:05:00+05:30,-69.44
2026-02-24 10:10:00+05:30,-69.44
2026-02-24 10:15:00+05:30,-69.44
2026-02-24 10:20:00+05:30,-69.44
2026-02-24 10:25:00+05:30,-69.44
2026-02-24 10:30:00+05:30,-69.44
2026-02-24 10:35:00+05:30,-69.44
2026-02-24 10:40:00+05:30,-69.44
2026-02-24 10:45:00+05:30,-69.44
2026-02-24 10:50:00+05:30,-69.44
2026-02-24 10:55:00+05:30,-69.44
2026-02-24 11:00:00+05:30,-69.44
2026-02-24 11:05:00+05:30,-69.44
2026-02-24 11:10:00+05:30,-69.44
2026-02-24 11:15:00+05:30,-69.44
2026-02-24 11:20:00+05:30,-69.44
2026-02-24 11:25:00+05:30,-69.44
2026-02-24 11:30:00+05:30,-69.44
2026-02-24 11:35:00+05:30,-69.44
2026-02-24 11:40:00+05:30,-69.44
2026-02-24 11:45:00+05:30,-69.44
2026-02-24 11:50:00+05:30,-69.44
2026-02-24 11:55:00+05:30,-69.44
2026-02-24 12:00:00+05:30,-69.44
2026-02-24 12:05:00+05:30,-69.44
2026-02-24 12:10:00+05:30,-69.44
2026-02-24 12:15:00+05:30,-69.44
2026-02-24 12:20:00+05:30,-69.44
2026-02-24 12:25:00+05:30,-69.44
2026-02-24 12:30:00+05:30,-69.44
2026-02-24 12:35:00+05:30,-69.44
2026-02-24 12:40:00+05:30,-69.44
2026-02-24 12:45:00+05:30,-69.44
2026-02-24 12:50:00+05:30,-69.44
2026-02-24 12:55:00+05:30,39.83
2026-02-24 13:00:00+05:30,39.83
2026-02-24 13:05:00+05:30,39.83
2026-02-24 13:10:00+05:30,39.83
2026-02-24 13:15:00+05:30,39.83
2026-02-24 13:20:00+05:30,39.83
2026-02-24 13:25:00+05:30,39.83
2026-02-24 13:30:00+05:30,39.83
2026-02-24 13:35:00+05:30,39.83
2026-02-24 13:40:00+05:30,39.83
2026-02-24 13:45:00+05:30,39.83
2026-02-24 13:50:00+05:30,39.83
2026-02-24 13:55:00+05:30,39.83
2026-02-24 14:00:00+05:30,39.83
2026-02-24 14:05:00+05:30,39.83
2026-02-24 14:10:00+05:30,39.83
2026-02-24 14:15:00+05:30,39.83
2026-02-24 14:20:00+05:30,39.83
2026-02-24 14:25:00+05:30,39.83
2026-02-24 14:30:00+05:30,39.83
2026-02-24 14:35:00+05:30,39.83
2026-02-24 14:40:00+05:30,39.83
2026-02-24 14:45:00+05:30,39.83
2026-02-24 14:50:00+05:30,39.83
2026-02-24 14:55:00+05:30,39.83
2026-02-24 15:00:00+05:30,39.83
2026-02-24 15:05:00+05:30,39.83
2026-02-24 15:10:00+05:30,39.83
2026-02-24 15:15:00+05:30,39.83
2026-02-24 15:20:00+05:30,39.83
2026-02-24 15:25:00+05:30,39.83
2026-02-25 09:15:00+05:30,39.83
2026-02-25 09:20:00+05:30,39.83
2026-02-25 09:25:00+05:30,39.83
2026-02-25 09:30:00+05:30,39.83
2026-02-25 09:35:00+05:30,39.83
2026-02-25 09:40:00+05:30,39.83
2026-02-25 09:45:00+05:30,39.83
2026-02-25 09:50:00+05:30,39.83
2026-02-25 09:55:00+05:30,39.83
2026-02-25 10:00:00+05:30,39.83
2026-02-25 10:05:00+05:30,39.83
2026-02-25 10:10:00+05:30,39.83
2026-02-25 10:15:00+05:30,39.83
2026-02-25 10:20:00+05:30,39.83
2026-02-25 10:25:00+05:30,39.83
2026-02-25 10:30:00+05:30,39.83
2026-02-25 10:35:00+05:30,39.83
2026-02-25 10:40:00+05:30,39.83
2026-02-25 10:45:00+05:30,39.83
2026-02-25 10:50:00+05:30,39.83
2026-02-25 10:55:00+05:30,39.83
2026-02-25 11:00:00+05:30,39.83
2026-02-25 11:05:00+05:30,39.83
2026-02-25 11:10:00+05:30,39.83
2026-02-25 11:15:00+05:30,39.83
2026-02-25 11:20:00+05:30,39.83
2026-02-25 11:25:00+05:30,39.83
2026-02-25 11:30:00+05:30,39.83
2026-02-25 11:35:00+05:30,39.83
2026-02-25 11:40:00+05:30,39.83
2026-02-25 11:45:00+05:30,39.83
2026-02-25 11:50:00+05:30,39.83
2026-02-25 11:55:00+05:30,39.83
2026-02-25 12:00:00+05:30,39.83
2026-02-25 12:05:00+05:30,39.83
2026-02-25 12:10:00+05:30,39.83
2026-02-25 12:15:00+05:30,39.83
2026-02-25 12:20:00+05:30,39.83
2026-02-25 12:25:00+05:30,39.83
2026-02-25 12:30:00+05:30,39.83
2026-02-25 12:35:00+05:30,39.83
2026-02-25 12:40:00+05:30,39.83
2026-02-25 12:45:00+05:30,39.83
2026-02-25 12:50:00+05:30,39.83
2026-02-25 12:55:00+05:30,39.83
2026-02-25 13:00:00+05:30,39.83
2026-02-25 13:05:00+05:30,39.83
2026-02-25 13:10:00+05:30,39.83
2026-02-25 13:15:00+05:30,39.83
2026-02-25 13:20:00+05:30,39.83
2026-02-25 13:25:00+05:30,39.83
2026-02-25 13:30:00+05:30,39.83
2026-02-25 13:35:00+05:30,39.83
2026-02-25 13:40:00+05:30,39.83
2026-02-25 13:45:00+05:30,39.83
2026-02-25 13:50:00+05:30,104.25
2026-02-25 13:55:00+05:30,104.25
2026-02-25 14:00:00+05:30,104.25
2026-02-25 14:05:00+05:30,104.25
2026-02-25 14:10:00+05:30,104.25
2026-02-25 14:15:00+05:30,104.25
2026-02-25 14:20:00+05:30,104.25
2026-02-25 14:25:00+05:30,104.25
2026-02-25 14:30:00+05:30,104.25
2026-02-25 14:35:00+05:30,104.25
2026-02-25 14:40:00+05:30,104.25
2026-02-25 14:45:00+05:30,104.25
2026-02-25 14:50:00+05:30,104.25
2026-02-25 14:55:00+05:30,104.25
2026-02-25 15:00:00+05:30,104.25
2026-02-25 15:05:00+05:30,104.25
2026-02-25 15:10:00+05:30,104.25
2026-02-25 15:15:00+05:30,104.25
2026-02-25 15:20:00+05:30,104.25
2026-02-25 15:25:00+05:30,104.25
2026-02-26 09:15:00+05:30,104.25
2026-02-26 09:20:00+05:30,104.25
2026-02-26 09:25:00+05:30,104.25
2026-02-26 09:30:00+05:30,104.25
2026-02-26 09:35:00+05:30,104.25
2026-02-26 09:40:00+05:30,104.25
2026-02-26 09:45:00+05:30,104.25
2026-02-26 09:50:00+05:30,104.25
2026-02-26 09:55:00+05:30,104.25
2026-02-26 10:00:00+05:30,104.25
2026-02-26 10:05:00+05:30,104.25
2026-02-26 10:10:00+05:30,104.25
2026-02-26 10:15:00+05:30,104.25
2026-02-26 10:20:00+05:30,104.25
2026-02-26 10:25:00+05:30,104.25
2026-02-26 10:30:00+05:30,104.25
2026-02-26 10:35:00+05:30,104.25
2026-02-26 10:40:00+05:30,104.25
2026-02-26 10:45:00+05:30,104.25
2026-02-26 10:50:00+05:30,104.25
2026-02-26 10:55:00+05:30,104.25
2026-02-26 11:00:00+05:30,104.25
2026-02-26 11:05:00+05:30,104.25
2026-02-26 11:10:00+05:30,104.25
2026-02-26 11:15:00+05:30,104.25
2026-02-26 11:20:00+05:30,104.25
2026-02-26 11:25:00+05:30,104.25
2026-02-26 11:30:00+05:30,104.25
2026-02-26 11:35:00+05:30,104.25
2026-02-26 11:40:00+05:30,104.25
2026-02-26 11:45:00+05:30,104.25
2026-02-26 11:50:00+05:30,104.25
2026-02-26 11:55:00+05:30,104.25
2026-02-26 12:00:00+05:30,104.25
2026-02-26 12:05:00+05:30,104.25
2026-02-26 12:10:00+05:30,104.25
2026-02-26 12:15:00+05:30,104.25
2026-02-26 12:20:00+05:30,104.25
2026-02-26 12:25:00+05:30,104.25
2026-02-26 12:30:00+05:30,104.25
2026-02-26 12:35:00+05:30,104.25
2026-02-26 12:40:00+05:30,104.25
2026-02-26 12:45:00+05:30,104.25
2026-02-26 12:50:00+05:30,104.25
2026-02-26 12:55:00+05:30,104.25
2026-02-26 13:00:00+05:30,104.25
2026-02-26 13:05:00+05:30,104.25
2026-02-26 13:10:00+05:30,104.25
2026-02-26 13:15:00+05:30,104.25
2026-02-26 13:20:00+05:30,104.25
2026-02-26 13:25:00+05:30,104.25
2026-02-26 13:30:00+05:30,104.25
2026-02-26 13:35:00+05:30,104.25
2026-02-26 13:40:00+05:30,104.25
2026-02-26 13:45:00+05:30,104.25
2026-02-26 13:50:00+05:30,104.25
2026-02-26 13:55:00+05:30,104.25
2026-02-26 14:00:00+05:30,104.25
2026-02-26 14:05:00+05:30,104.25
2026-02-26 14:10:00+05:30,104.25
2026-02-26 14:15:00+05:30,104.25
2026-02-26 14:20:00+05:30,104.25
2026-02-26 14:25:00+05:30,104.25
2026-02-26 14:30:00+05:30,104.25
2026-02-26 14:35:00+05:30,104.25
2026-02-26 14:40:00+05:30,104.25
2026-02-26 14:45:00+05:30,104.25
2026-02-26 14:50:00+05:30,104.25
2026-02-26 14:55:00+05:30,104.25
2026-02-26 15:00:00+05:30,119.0
2026-02-26 15:05:00+05:30,119.0
2026-02-26 15:10:00+05:30,119.0
2026-02-26 15:15:00+05:30,119.0
2026-02-26 15:20:00+05:30,119.0
2026-02-26 15:25:00+05:30,119.0
2026-02-27 09:15:00+05:30,119.0
2026-02-27 09:20:00+05:30,119.0
2026-02-27 09:25:00+05:30,119.0
2026-02-27 09:30:00+05:30,119.0
2026-02-27 09:35:00+05:30,119.0
2026-02-27 09:40:00+05:30,119.0
2026-02-27 09:45:00+05:30,119.0
2026-02-27 09:50:00+05:30,119.0
2026-02-27 09:55:00+05:30,119.0
2026-02-27 10:00:00+05:30,119.0
2026-02-27 10:05:00+05:30,119.0
2026-02-27 10:10:00+05:30,119.0
2026-02-27 10:15:00+05:30,119.0
2026-02-27 10:20:00+05:30,119.0
2026-02-27 10:25:00+05:30,119.0
2026-02-27 10:30:00+05:30,119.0
2026-02-27 10:35:00+05:30,119.0
2026-02-27 10:40:00+05:30,119.0
2026-02-27 10:45:00+05:30,119.0
2026-02-27 10:50:00+05:30,119.0
2026-02-27 10:55:00+05:30,119.0
2026-02-27 11:00:00+05:30,119.0
2026-02-27 11:05:00+05:30,119.0
2026-02-27 11:10:00+05:30,119.0
2026-02-27 11:15:00+05:30,119.0
2026-02-27 11:20:00+05:30,119.0
2026-02-27 11:25:00+05:30,119.0
2026-02-27 11:30:00+05:30,119.0
2026-02-27 11:35:00+05:30,119.0
2026-02-27 11:40:00+05:30,119.0
2026-02-27 11:45:00+05:30,119.0
2026-02-27 11:50:00+05:30,119.0
2026-02-27 11:55:00+05:30,119.0
2026-02-27 12:00:00+05:30,119.0
2026-02-27 12:05:00+05:30,119.0
2026-02-27 12:10:00+05:30,119.0
2026-02-27 12:15:00+05:30,119.0
2026-02-27 12:20:00+05:30,119.0
2026-02-27 12:25:00+05:30,119.0
2026-02-27 12:30:00+05:30,119.0
2026-02-27 12:35:00+05:30,119.0
2026-02-27 12:40:00+05:30,119.0
2026-02-27 12:45:00+05:30,119.0
2026-02-27 12:50:00+05:30,119.0
2026-02-27 12:55:00+05:30,119.0
2026-02-27 13:00:00+05:30,119.0
2026-02-27 13:05:00+05:30,119.0
2026-02-27 13:10:00+05:30,119.0
2026-02-27 13:15:00+05:30,119.0
2026-02-27 13:20:00+05:30,119.0
2026-02-27 13:25:00+05:30,119.0
2026-02-27 13:30:00+05:30,119.0
2026-02-27 13:35:00+05:30,119.0
2026-02-27 13:40:00+05:30,119.0
2026-02-27 13:45:00+05:30,119.0
2026-02-27 13:50:00+05:30,119.0
2026-02-27 13:55:00+05:30,119.0
2026-02-27 14:00:00+05:30,119.0
2026-02-27 14:05:00+05:30,119.0
2026-02-27 14:10:00+05:30,119.0
2026-02-27 14:15:00+05:30,119.0
2026-02-27 14:20:00+05:30,119.0
2026-02-27 14:25:00+05:30,119.0
2026-02-27 14:30:00+05:30,119.0
2026-02-27 14:35:00+05:30,119.0
2026-02-27 14:40:00+05:30,119.0
2026-02-27 14:45:00+05:30,119.0
2026-02-27 14:50:00+05:30,119.0
2026-02-27 14:55:00+05:30,119.0
2026-02-27 15:00:00+05:30,119.0
2026-02-27 15:05:00+05:30,119.0
2026-02-27 15:10:00+05:30,119.0
2026-02-27 15:15:00+05:30,119.0
2026-02-27 15:20:00+05:30,119.0
2026-02-27 15:25:00+05:30,119.0
2026-03-02 09:15:00+05:30,119.0
2026-03-02 09:20:00+05:30,119.0
2026-03-02 09:25:00+05:30,119.0
2026-03-02 09:30:00+05:30,119.0
2026-03-02 09:35:00+05:30,119.0
2026-03-02 09:40:00+05:30,119.0
2026-03-02 09:45:00+05:30,119.0
2026-03-02 09:50:00+05:30,119.0
2026-03-02 09:55:00+05:30,119.0
2026-03-02 10:00:00+05:30,119.0
2026-03-02 10:05:00+05:30,119.0
2026-03-02 10:10:00+05:30,119.0
2026-03-02 10:15:00+05:30,119.0
2026-03-02 10:20:00+05:30,119.0
2026-03-02 10:25:00+05:30,119.0
2026-03-02 10:30:00+05:30,119.0
2026-03-02 10:35:00+05:30,119.0
2026-03-02 10:40:00+05:30,119.0
2026-03-02 10:45:00+05:30,119.0
2026-03-02 10:50:00+05:30,119.0
2026-03-02 10:55:00+05:30,119.0
2026-03-02 11:00:00+05:30,119.0
2026-03-02 11:05:00+05:30,119.0
2026-03-02 11:10:00+05:30,119.0
2026-03-02 11:15:00+05:30,119.0
2026-03-02 11:20:00+05:30,119.0
2026-03-02 11:25:00+05:30,119.0
2026-03-02 11:30:00+05:30,119.0
2026-03-02 11:35:00+05:30,119.0
2026-03-02 11:40:00+05:30,119.0
2026-03-02 11:45:00+05:30,119.0
2026-03-02 11:50:00+05:30,119.0
2026-03-02 11:55:00+05:30,119.0
2026-03-02 12:00:00+05:30,119.0
2026-03-02 12:05:00+05:30,119.0
2026-03-02 12:10:00+05:30,119.0
2026-03-02 12:15:00+05:30,119.0
2026-03-02 12:20:00+05:30,119.0
2026-03-02 12:25:00+05:30,119.0
2026-03-02 12:30:00+05:30,119.0
2026-03-02 12:35:00+05:30,119.0
2026-03-02 12:40:00+05:30,119.0
2026-03-02 12:45:00+05:30,119.0
2026-03-02 12:50:00+05:30,119.0
2026-03-02 12:55:00+05:30,119.0
2026-03-02 13:00:00+05:30,119.0
2026-03-02 13:05:00+05:30,119.0
2026-03-02 13:10:00+05:30,119.0
2026-03-02 13:15:00+05:30,119.0
2026-03-02 13:20:00+05:30,119.0
2026-03-02 13:25:00+05:30,119.0
2026-03-02 13:30:00+05:30,119.0
2026-03-02 13:35:00+05:30,119.0
2026-03-02 13:40:00+05:30,119.0
2026-03-02 13:45:00+05:30,119.0
2026-03-02 13:50:00+05:30,119.0
2026-03-02 13:55:00+05:30,119.0
2026-03-02 14:00:00+05:30,119.0
2026-03-02 14:05:00+05:30,119.0
2026-03-02 14:10:00+05:30,119.0
2026-03-02 14:15:00+05:30,119.0
2026-03-02 14:20:00+05:30,119.0
2026-03-02 14:25:00+05:30,119.0
2026-03-02 14:30:00+05:30,119.0
2026-03-02 14:35:00+05:30,119.0
2026-03-02 14:40:00+05:30,119.0
2026-03-02 14:45:00+05:30,119.0
2026-03-02 14:50:00+05:30,119.0
2026-03-02 14:55:00+05:30,166.35
2026-03-02 15:00:00+05:30,166.35
2026-03-02 15:05:00+05:30,166.35
2026-03-02 15:10:00+05:30,166.35
2026-03-02 15:15:00+05:30,166.35
2026-03-02 15:20:00+05:30,166.35
2026-03-02 15:25:00+05:30,166.35
2026-03-04 09:15:00+05:30,166.35
2026-03-04 09:20:00+05:30,166.35
2026-03-04 09:25:00+05:30,166.35
2026-03-04 09:30:00+05:30,166.35
2026-03-04 09:35:00+05:30,166.35
2026-03-04 09:40:00+05:30,166.35
2026-03-04 09:45:00+05:30,166.35
2026-03-04 09:50:00+05:30,166.35
2026-03-04 09:55:00+05:30,166.35
2026-03-04 10:00:00+05:30,166.35
2026-03-04 10:05:00+05:30,166.35
2026-03-04 10:10:00+05:30,166.35
2026-03-04 10:15:00+05:30,166.35
2026-03-04 10:20:00+05:30,166.35
2026-03-04 10:25:00+05:30,166.35
2026-03-04 10:30:00+05:30,166.35
2026-03-04 10:35:00+05:30,166.35
2026-03-04 10:40:00+05:30,166.35
2026-03-04 10:45:00+05:30,166.35
2026-03-04 10:50:00+05:30,166.35
2026-03-04 10:55:00+05:30,166.35
2026-03-04 11:00:00+05:30,166.35
2026-03-04 11:05:00+05:30,166.35
2026-03-04 11:10:00+05:30,166.35
2026-03-04 11:15:00+05:30,166.35
2026-03-04 11:20:00+05:30,166.35
2026-03-04 11:25:00+05:30,166.35
2026-03-04 11:30:00+05:30,166.35
2026-03-04 11:35:00+05:30,166.35
2026-03-04 11:40:00+05:30,166.35
2026-03-04 11:45:00+05:30,166.35
2026-03-04 11:50:00+05:30,166.35
2026-03-04 11:55:00+05:30,166.35
2026-03-04 12:00:00+05:30,166.35
2026-03-04 12:05:00+05:30,166.35
2026-03-04 12:10:00+05:30,166.35
2026-03-04 12:15:00+05:30,166.35
2026-03-04 12:20:00+05:30,166.35
2026-03-04 12:25:00+05:30,166.35
2026-03-04 12:30:00+05:30,166.35
2026-03-04 12:35:00+05:30,166.35
2026-03-04 12:40:00+05:30,166.35
2026-03-04 12:45:00+05:30,166.35
2026-03-04 12:50:00+05:30,166.35
2026-03-04 12:55:00+05:30,166.35
2026-03-04 13:00:00+05:30,166.35
2026-03-04 13:05:00+05:30,166.35
2026-03-04 13:10:00+05:30,166.35
2026-03-04 13:15:00+05:30,166.35
2026-03-04 13:20:00+05:30,166.35
2026-03-04 13:25:00+05:30,166.35
2026-03-04 13:30:00+05:30,166.35
2026-03-04 13:35:00+05:30,166.35
2026-03-04 13:40:00+05:30,166.35
2026-03-04 13:45:00+05:30,166.35
2026-03-04 13:50:00+05:30,166.35
2026-03-04 13:55:00+05:30,166.35
2026-03-04 14:00:00+05:30,166.35
2026-03-04 14:05:00+05:30,166.35
2026-03-04 14:10:00+05:30,166.35
2026-03-04 14:15:00+05:30,166.35
2026-03-04 14:20:00+05:30,166.35
2026-03-04 14:25:00+05:30,166.35
2026-03-04 14:30:00+05:30,166.35
2026-03-04 14:35:00+05:30,166.35
2026-03-04 14:40:00+05:30,166.35
2026-03-04 14:45:00+05:30,166.35
2026-03-04 14:50:00+05:30,166.35
2026-03-04 14:55:00+05:30,166.35
2026-03-04 15:00:00+05:30,166.35
2026-03-04 15:05:00+05:30,166.35
2026-03-04 15:10:00+05:30,166.35
2026-03-04 15:15:00+05:30,166.35
2026-03-04 15:20:00+05:30,166.35
2026-03-04 15:25:00+05:30,166.35
2026-03-05 09:15:00+05:30,166.35
2026-03-05 09:20:00+05:30,166.35
2026-03-05 09:25:00+05:30,166.35
2026-03-05 09:30:00+05:30,166.35
2026-03-05 09:35:00+05:30,166.35
2026-03-05 09:40:00+05:30,166.35
2026-03-05 09:45:00+05:30,166.35
2026-03-05 09:50:00+05:30,166.35
2026-03-05 09:55:00+05:30,166.35
2026-03-05 10:00:00+05:30,166.35
2026-03-05 10:05:00+05:30,166.35
2026-03-05 10:10:00+05:30,166.35
2026-03-05 10:15:00+05:30,166.35
2026-03-05 10:20:00+05:30,166.35
2026-03-05 10:25:00+05:30,166.35
2026-03-05 10:30:00+05:30,166.35
2026-03-05 10:35:00+05:30,166.35
2026-03-05 10:40:00+05:30,166.35
2026-03-05 10:45:00+05:30,166.35
2026-03-05 10:50:00+05:30,166.35
2026-03-05 10:55:00+05:30,166.35
2026-03-05 11:00:00+05:30,166.35
2026-03-05 11:05:00+05:30,166.35
2026-03-05 11:10:00+05:30,166.35
2026-03-05 11:15:00+05:30,166.35
2026-03-05 11:20:00+05:30,166.35
2026-03-05 11:25:00+05:30,166.35
2026-03-05 11:30:00+05:30,166.35
2026-03-05 11:35:00+05:30,166.35
2026-03-05 11:40:00+05:30,166.35
2026-03-05 11:45:00+05:30,166.35
2026-03-05 11:50:00+05:30,166.35
2026-03-05 11:55:00+05:30,166.35
2026-03-05 12:00:00+05:30,166.35
2026-03-05 12:05:00+05:30,166.35
2026-03-05 12:10:00+05:30,166.35
2026-03-05 12:15:00+05:30,166.35
2026-03-05 12:20:00+05:30,166.35
2026-03-05 12:25:00+05:30,166.35
2026-03-05 12:30:00+05:30,166.35
2026-03-05 12:35:00+05:30,166.35
2026-03-05 12:40:00+05:30,166.35
2026-03-05 12:45:00+05:30,166.35
2026-03-05 12:50:00+05:30,166.35
2026-03-05 12:55:00+05:30,166.35
2026-03-05 13:00:00+05:30,166.35
2026-03-05 13:05:00+05:30,166.35
2026-03-05 13:10:00+05:30,166.35
2026-03-05 13:15:00+05:30,166.35
2026-03-05 13:20:00+05:30,166.35
2026-03-05 13:25:00+05:30,166.35
2026-03-05 13:30:00+05:30,166.35
2026-03-05 13:35:00+05:30,166.35
2026-03-05 13:40:00+05:30,166.35
2026-03-05 13:45:00+05:30,166.35
2026-03-05 13:50:00+05:30,166.35
2026-03-05 13:55:00+05:30,166.35
2026-03-05 14:00:00+05:30,166.35
2026-03-05 14:05:00+05:30,166.35
2026-03-05 14:10:00+05:30,166.35
2026-03-05 14:15:00+05:30,166.35
2026-03-05 14:20:00+05:30,166.35
2026-03-05 14:25:00+05:30,166.35
2026-03-05 14:30:00+05:30,166.35
2026-03-05 14:35:00+05:30,166.35
2026-03-05 14:40:00+05:30,166.35
2026-03-05 14:45:00+05:30,166.35
2026-03-05 14:50:00+05:30,166.35
2026-03-05 14:55:00+05:30,166.35
2026-03-05 15:00:00+05:30,110.5
2026-03-05 15:05:00+05:30,110.5
2026-03-05 15:10:00+05:30,110.5
2026-03-05 15:15:00+05:30,110.5
2026-03-05 15:20:00+05:30,110.5
2026-03-05 15:25:00+05:30,110.5
2026-03-06 09:15:00+05:30,110.5
2026-03-06 09:20:00+05:30,110.5
2026-03-06 09:25:00+05:30,110.5
2026-03-06 09:30:00+05:30,110.5
2026-03-06 09:35:00+05:30,110.5
2026-03-06 09:40:00+05:30,110.5
2026-03-06 09:45:00+05:30,110.5
2026-03-06 09:50:00+05:30,110.5
2026-03-06 09:55:00+05:30,110.5
2026-03-06 10:00:00+05:30,110.5
2026-03-06 10:05:00+05:30,110.5
2026-03-06 10:10:00+05:30,110.5
2026-03-06 10:15:00+05:30,110.5
2026-03-06 10:20:00+05:30,110.5
2026-03-06 10:25:00+05:30,110.5
2026-03-06 10:30:00+05:30,110.5
2026-03-06 10:35:00+05:30,110.5
2026-03-06 10:40:00+05:30,110.5
2026-03-06 10:45:00+05:30,110.5
2026-03-06 10:50:00+05:30,110.5
2026-03-06 10:55:00+05:30,110.5
2026-03-06 11:00:00+05:30,110.5
2026-03-06 11:05:00+05:30,110.5
2026-03-06 11:10:00+05:30,110.5
2026-03-06 11:15:00+05:30,110.5
2026-03-06 11:20:00+05:30,110.5
2026-03-06 11:25:00+05:30,110.5
2026-03-06 11:30:00+05:30,110.5
2026-03-06 11:35:00+05:30,110.5
2026-03-06 11:40:00+05:30,110.5
2026-03-06 11:45:00+05:30,110.5
2026-03-06 11:50:00+05:30,110.5
2026-03-06 11:55:00+05:30,110.5
2026-03-06 12:00:00+05:30,110.5
2026-03-06 12:05:00+05:30,110.5
2026-03-06 12:10:00+05:30,110.5
2026-03-06 12:15:00+05:30,110.5
2026-03-06 12:20:00+05:30,110.5
2026-03-06 12:25:00+05:30,110.5
2026-03-06 12:30:00+05:30,110.5
2026-03-06 12:35:00+05:30,110.5
2026-03-06 12:40:00+05:30,110.5
2026-03-06 12:45:00+05:30,110.5
2026-03-06 12:50:00+05:30,110.5
2026-03-06 12:55:00+05:30,110.5
2026-03-06 13:00:00+05:30,110.5
2026-03-06 13:05:00+05:30,110.5
2026-03-06 13:10:00+05:30,110.5
2026-03-06 13:15:00+05:30,110.5
2026-03-06 13:20:00+05:30,110.5
2026-03-06 13:25:00+05:30,110.5
2026-03-06 13:30:00+05:30,110.5
2026-03-06 13:35:00+05:30,110.5
2026-03-06 13:40:00+05:30,110.5
2026-03-06 13:45:00+05:30,110.5
2026-03-06 13:50:00+05:30,110.5
2026-03-06 13:55:00+05:30,110.5
2026-03-06 14:00:00+05:30,110.5
2026-03-06 14:05:00+05:30,110.5
2026-03-06 14:10:00+05:30,110.5
2026-03-06 14:15:00+05:30,110.5
2026-03-06 14:20:00+05:30,110.5
2026-03-06 14:25:00+05:30,110.5
2026-03-06 14:30:00+05:30,110.5
2026-03-06 14:35:00+05:30,110.5
2026-03-06 14:40:00+05:30,110.5
2026-03-06 14:45:00+05:30,110.5
2026-03-06 14:50:00+05:30,110.5
2026-03-06 14:55:00+05:30,110.5
2026-03-06 15:00:00+05:30,110.5
2026-03-06 15:05:00+05:30,110.5
2026-03-06 15:10:00+05:30,110.5
2026-03-06 15:15:00+05:30,110.5
2026-03-06 15:20:00+05:30,110.5
2026-03-06 15:25:00+05:30,110.5
2026-03-09 09:15:00+05:30,110.5
2026-03-09 09:20:00+05:30,110.5
2026-03-09 09:25:00+05:30,110.5
2026-03-09 09:30:00+05:30,110.5
2026-03-09 09:35:00+05:30,110.5
2026-03-09 09:40:00+05:30,110.5
2026-03-09 09:45:00+05:30,110.5
2026-03-09 09:50:00+05:30,110.5
2026-03-09 09:55:00+05:30,110.5
2026-03-09 10:00:00+05:30,110.5
2026-03-09 10:05:00+05:30,110.5
2026-03-09 10:10:00+05:30,110.5
2026-03-09 10:15:00+05:30,110.5
2026-03-09 10:20:00+05:30,110.5
2026-03-09 10:25:00+05:30,110.5
2026-03-09 10:30:00+05:30,110.5
2026-03-09 10:35:00+05:30,110.5
2026-03-09 10:40:00+05:30,110.5
2026-03-09 10:45:00+05:30,110.5
2026-03-09 10:50:00+05:30,110.5
2026-03-09 10:55:00+05:30,110.5
2026-03-09 11:00:00+05:30,110.5
2026-03-09 11:05:00+05:30,110.5
2026-03-09 11:10:00+05:30,110.5
2026-03-09 11:15:00+05:30,110.5
2026-03-09 11:20:00+05:30,110.5
2026-03-09 11:25:00+05:30,110.5
2026-03-09 11:30:00+05:30,110.5
2026-03-09 11:35:00+05:30,110.5
2026-03-09 11:40:00+05:30,110.5
2026-03-09 11:45:00+05:30,110.5
2026-03-09 11:50:00+05:30,110.5
2026-03-09 11:55:00+05:30,110.5
2026-03-09 12:00:00+05:30,110.5
2026-03-09 12:05:00+05:30,61.33
2026-03-09 12:10:00+05:30,61.33
2026-03-09 12:15:00+05:30,61.33
2026-03-09 12:20:00+05:30,61.33
2026-03-09 12:25:00+05:30,61.33
2026-03-09 12:30:00+05:30,61.33
2026-03-09 12:35:00+05:30,61.33
2026-03-09 12:40:00+05:30,61.33
2026-03-09 12:45:00+05:30,61.33
2026-03-09 12:50:00+05:30,61.33
2026-03-09 12:55:00+05:30,61.33
2026-03-09 13:00:00+05:30,61.33
2026-03-09 13:05:00+05:30,61.33
2026-03-09 13:10:00+05:30,61.33
2026-03-09 13:15:00+05:30,61.33
2026-03-09 13:20:00+05:30,61.33
2026-03-09 13:25:00+05:30,61.33
2026-03-09 13:30:00+05:30,61.33
2026-03-09 13:35:00+05:30,61.33
2026-03-09 13:40:00+05:30,61.33
2026-03-09 13:45:00+05:30,61.33
2026-03-09 13:50:00+05:30,61.33
2026-03-09 13:55:00+05:30,61.33
2026-03-09 14:00:00+05:30,61.33
2026-03-09 14:05:00+05:30,61.33
2026-03-09 14:10:00+05:30,61.33
2026-03-09 14:15:00+05:30,61.33
2026-03-09 14:20:00+05:30,61.33
2026-03-09 14:25:00+05:30,61.33
2026-03-09 14:30:00+05:30,61.33
2026-03-09 14:35:00+05:30,61.33
2026-03-09 14:40:00+05:30,61.33
2026-03-09 14:45:00+05:30,61.33
2026-03-09 14:50:00+05:30,61.33
2026-03-09 14:55:00+05:30,61.33
2026-03-09 15:00:00+05:30,61.33
2026-03-09 15:05:00+05:30,61.33
2026-03-09 15:10:00+05:30,61.33
2026-03-09 15:15:00+05:30,61.33
2026-03-09 15:20:00+05:30,61.33
2026-03-09 15:25:00+05:30,61.33
2026-03-10 09:15:00+05:30,61.33
2026-03-10 09:20:00+05:30,61.33
2026-03-10 09:25:00+05:30,61.33
2026-03-10 09:30:00+05:30,61.33
2026-03-10 09:35:00+05:30,61.33
2026-03-10 09:40:00+05:30,61.33
2026-03-10 09:45:00+05:30,61.33
2026-03-10 09:50:00+05:30,61.33
2026-03-10 09:55:00+05:30,61.33
2026-03-10 10:00:00+05:30,61.33
2026-03-10 10:05:00+05:30,61.33
2026-03-10 10:10:00+05:30,61.33
2026-03-10 10:15:00+05:30,61.33
2026-03-10 10:20:00+05:30,61.33
2026-03-10 10:25:00+05:30,61.33
2026-03-10 10:30:00+05:30,61.33
2026-03-10 10:35:00+05:30,61.33
2026-03-10 10:40:00+05:30,61.33
2026-03-10 10:45:00+05:30,61.33
2026-03-10 10:50:00+05:30,61.33
2026-03-10 10:55:00+05:30,61.33
2026-03-10 11:00:00+05:30,61.33
2026-03-10 11:05:00+05:30,61.33
2026-03-10 11:10:00+05:30,61.33
2026-03-10 11:15:00+05:30,61.33
2026-03-10 11:20:00+05:30,61.33
2026-03-10 11:25:00+05:30,61.33
2026-03-10 11:30:00+05:30,61.33
2026-03-10 11:35:00+05:30,61.33
2026-03-10 11:40:00+05:30,61.33
2026-03-10 11:45:00+05:30,61.33
2026-03-10 11:50:00+05:30,61.33
2026-03-10 11:55:00+05:30,61.33
2026-03-10 12:00:00+05:30,61.33
2026-03-10 12:05:00+05:30,61.33
2026-03-10 12:10:00+05:30,61.33
2026-03-10 12:15:00+05:30,61.33
2026-03-10 12:20:00+05:30,61.33
2026-03-10 12:25:00+05:30,61.33
2026-03-10 12:30:00+05:30,61.33
2026-03-10 12:35:00+05:30,61.33
2026-03-10 12:40:00+05:30,61.33
2026-03-10 12:45:00+05:30,61.33
2026-03-10 12:50:00+05:30,61.33
2026-03-10 12:55:00+05:30,61.33
2026-03-10 13:00:00+05:30,61.33
2026-03-10 13:05:00+05:30,61.33
2026-03-10 13:10:00+05:30,61.33
2026-03-10 13:15:00+05:30,61.33
2026-03-10 13:20:00+05:30,61.33
2026-03-10 13:25:00+05:30,61.33
2026-03-10 13:30:00+05:30,61.33
2026-03-10 13:35:00+05:30,61.33
2026-03-10 13:40:00+05:30,61.33
2026-03-10 13:45:00+05:30,61.33
2026-03-10 13:50:00+05:30,61.33
2026-03-10 13:55:00+05:30,61.33
2026-03-10 14:00:00+05:30,61.33
2026-03-10 14:05:00+05:30,61.33
2026-03-10 14:10:00+05:30,61.33
2026-03-10 14:15:00+05:30,61.33
2026-03-10 14:20:00+05:30,61.33
2026-03-10 14:25:00+05:30,61.33
2026-03-10 14:30:00+05:30,61.33
2026-03-10 14:35:00+05:30,61.33
2026-03-10 14:40:00+05:30,61.33
2026-03-10 14:45:00+05:30,61.33
2026-03-10 14:50:00+05:30,61.33
2026-03-10 14:55:00+05:30,61.33
2026-03-10 15:00:00+05:30,61.33
2026-03-10 15:05:00+05:30,61.33
2026-03-10 15:10:00+05:30,61.33
2026-03-10 15:15:00+05:30,61.33
2026-03-10 15:20:00+05:30,61.33
2026-03-10 15:25:00+05:30,61.33
2026-03-11 09:15:00+05:30,61.33
2026-03-11 09:20:00+05:30,61.33
2026-03-11 09:25:00+05:30,61.33
2026-03-11 09:30:00+05:30,61.33
2026-03-11 09:35:00+05:30,61.33
2026-03-11 09:40:00+05:30,61.33
2026-03-11 09:45:00+05:30,61.33
2026-03-11 09:50:00+05:30,61.33
2026-03-11 09:55:00+05:30,61.33
2026-03-11 10:00:00+05:30,61.33
2026-03-11 10:05:00+05:30,61.33
2026-03-11 10:10:00+05:30,61.33
2026-03-11 10:15:00+05:30,61.33
2026-03-11 10:20:00+05:30,61.33
2026-03-11 10:25:00+05:30,61.33
2026-03-11 10:30:00+05:30,61.33
2026-03-11 10:35:00+05:30,61.33
2026-03-11 10:40:00+05:30,61.33
2026-03-11 10:45:00+05:30,61.33
2026-03-11 10:50:00+05:30,61.33
2026-03-11 10:55:00+05:30,117.36
2026-03-11 11:00:00+05:30,117.36
2026-03-11 11:05:00+05:30,117.36
2026-03-11 11:10:00+05:30,117.36
2026-03-11 11:15:00+05:30,117.36
2026-03-11 11:20:00+05:30,117.36
2026-03-11 11:25:00+05:30,117.36
2026-03-11 11:30:00+05:30,117.36
2026-03-11 11:35:00+05:30,117.36
2026-03-11 11:40:00+05:30,117.36
2026-03-11 11:45:00+05:30,117.36
2026-03-11 11:50:00+05:30,117.36
2026-03-11 11:55:00+05:30,117.36
2026-03-11 12:00:00+05:30,117.36
2026-03-11 12:05:00+05:30,117.36
2026-03-11 12:10:00+05:30,117.36
2026-03-11 12:15:00+05:30,117.36
2026-03-11 12:20:00+05:30,117.36
2026-03-11 12:25:00+05:30,117.36
2026-03-11 12:30:00+05:30,117.36
2026-03-11 12:35:00+05:30,117.36
2026-03-11 12:40:00+05:30,117.36
2026-03-11 12:45:00+05:30,117.36
2026-03-11 12:50:00+05:30,117.36
2026-03-11 12:55:00+05:30,117.36
2026-03-11 13:00:00+05:30,117.36
2026-03-11 13:05:00+05:30,117.36
2026-03-11 13:10:00+05:30,117.36
2026-03-11 13:15:00+05:30,117.36
2026-03-11 13:20:00+05:30,117.36
2026-03-11 13:25:00+05:30,117.36
2026-03-11 13:30:00+05:30,117.36
2026-03-11 13:35:00+05:30,117.36
2026-03-11 13:40:00+05:30,117.36
2026-03-11 13:45:00+05:30,117.36
2026-03-11 13:50:00+05:30,117.36
2026-03-11 13:55:00+05:30,117.36
2026-03-11 14:00:00+05:30,117.36
2026-03-11 14:05:00+05:30,117.36
2026-03-11 14:10:00+05:30,117.36
2026-03-11 14:15:00+05:30,117.36
2026-03-11 14:20:00+05:30,117.36
2026-03-11 14:25:00+05:30,117.36
2026-03-11 14:30:00+05:30,117.36
2026-03-11 14:35:00+05:30,117.36
2026-03-11 14:40:00+05:30,117.36
2026-03-11 14:45:00+05:30,117.36
2026-03-11 14:50:00+05:30,117.36
2026-03-11 14:55:00+05:30,117.36
2026-03-11 15:00:00+05:30,117.36
2026-03-11 15:05:00+05:30,117.36
2026-03-11 15:10:00+05:30,117.36
2026-03-11 15:15:00+05:30,117.36
2026-03-11 15:20:00+05:30,117.36
2026-03-11 15:25:00+05:30,117.36
2026-03-12 09:15:00+05:30,117.36
2026-03-12 09:20:00+05:30,117.36
2026-03-12 09:25:00+05:30,117.36
2026-03-12 09:30:00+05:30,117.36
2026-03-12 09:35:00+05:30,117.36
2026-03-12 09:40:00+05:30,117.36
2026-03-12 09:45:00+05:30,117.36
2026-03-12 09:50:00+05:30,117.36
2026-03-12 09:55:00+05:30,117.36
2026-03-12 10:00:00+05:30,117.36
2026-03-12 10:05:00+05:30,117.36
2026-03-12 10:10:00+05:30,117.36
2026-03-12 10:15:00+05:30,117.36
2026-03-12 10:20:00+05:30,117.36
2026-03-12 10:25:00+05:30,117.36
2026-03-12 10:30:00+05:30,117.36
2026-03-12 10:35:00+05:30,117.36
2026-03-12 10:40:00+05:30,117.36
2026-03-12 10:45:00+05:30,117.36
2026-03-12 10:50:00+05:30,117.36
2026-03-12 10:55:00+05:30,117.36
2026-03-12 11:00:00+05:30,117.36
2026-03-12 11:05:00+05:30,117.36
2026-03-12 11:10:00+05:30,117.36
2026-03-12 11:15:00+05:30,117.36
2026-03-12 11:20:00+05:30,117.36
2026-03-12 11:25:00+05:30,117.36
2026-03-12 11:30:00+05:30,117.36
2026-03-12 11:35:00+05:30,117.36
2026-03-12 11:40:00+05:30,117.36
2026-03-12 11:45:00+05:30,117.36
2026-03-12 11:50:00+05:30,117.36
2026-03-12 11:55:00+05:30,117.36
2026-03-12 12:00:00+05:30,117.36
2026-03-12 12:05:00+05:30,117.36
2026-03-12 12:10:00+05:30,117.36
2026-03-12 12:15:00+05:30,117.36
2026-03-12 12:20:00+05:30,117.36
2026-03-12 12:25:00+05:30,117.36
2026-03-12 12:30:00+05:30,117.36
2026-03-12 12:35:00+05:30,117.36
2026-03-12 12:40:00+05:30,117.36
2026-03-12 12:45:00+05:30,117.36
2026-03-12 12:50:00+05:30,117.36
2026-03-12 12:55:00+05:30,117.36
2026-03-12 13:00:00+05:30,117.36
2026-03-12 13:05:00+05:30,117.36
2026-03-12 13:10:00+05:30,117.36
2026-03-12 13:15:00+05:30,117.36
2026-03-12 13:20:00+05:30,117.36
2026-03-12 13:25:00+05:30,117.36
2026-03-12 13:30:00+05:30,117.36
2026-03-12 13:35:00+05:30,117.36
2026-03-12 13:40:00+05:30,117.36
2026-03-12 13:45:00+05:30,117.36
2026-03-12 13:50:00+05:30,117.36
2026-03-12 13:55:00+05:30,117.36
2026-03-12 14:00:00+05:30,117.36
2026-03-12 14:05:00+05:30,117.36
2026-03-12 14:10:00+05:30,117.36
2026-03-12 14:15:00+05:30,117.36
2026-03-12 14:20:00+05:30,117.36
2026-03-12 14:25:00+05:30,117.36
2026-03-12 14:30:00+05:30,117.36
2026-03-12 14:35:00+05:30,117.36
2026-03-12 14:40:00+05:30,117.36
2026-03-12 14:45:00+05:30,117.36
2026-03-12 14:50:00+05:30,117.36
2026-03-12 14:55:00+05:30,117.36
2026-03-12 15:00:00+05:30,117.36
2026-03-12 15:05:00+05:30,117.36
2026-03-12 15:10:00+05:30,117.36
2026-03-12 15:15:00+05:30,117.36
2026-03-12 15:20:00+05:30,117.36
2026-03-12 15:25:00+05:30,117.36
2026-03-13 09:15:00+05:30,117.36
2026-03-13 09:20:00+05:30,117.36
2026-03-13 09:25:00+05:30,117.36
2026-03-13 09:30:00+05:30,117.36
2026-03-13 09:35:00+05:30,117.36
2026-03-13 09:40:00+05:30,117.36
2026-03-13 09:45:00+05:30,117.36
2026-03-13 09:50:00+05:30,117.36
2026-03-13 09:55:00+05:30,117.36
2026-03-13 10:00:00+05:30,117.36
2026-03-13 10:05:00+05:30,117.36
2026-03-13 10:10:00+05:30,117.36
2026-03-13 10:15:00+05:30,117.36
2026-03-13 10:20:00+05:30,117.36
2026-03-13 10:25:00+05:30,117.36
2026-03-13 10:30:00+05:30,117.36
2026-03-13 10:35:00+05:30,117.36
2026-03-13 10:40:00+05:30,117.36
2026-03-13 10:45:00+05:30,117.36
2026-03-13 10:50:00+05:30,117.36
2026-03-13 10:55:00+05:30,117.36
2026-03-13 11:00:00+05:30,117.36
2026-03-13 11:05:00+05:30,117.36
2026-03-13 11:10:00+05:30,117.36
2026-03-13 11:15:00+05:30,117.36
2026-03-13 11:20:00+05:30,117.36
2026-03-13 11:25:00+05:30,117.36
2026-03-13 11:30:00+05:30,117.36
2026-03-13 11:35:00+05:30,117.36
2026-03-13 11:40:00+05:30,117.36
2026-03-13 11:45:00+05:30,117.36
2026-03-13 11:50:00+05:30,117.36
2026-03-13 11:55:00+05:30,117.36
2026-03-13 12:00:00+05:30,117.36
2026-03-13 12:05:00+05:30,117.36
2026-03-13 12:10:00+05:30,117.36
2026-03-13 12:15:00+05:30,117.36
2026-03-13 12:20:00+05:30,117.36
2026-03-13 12:25:00+05:30,117.36
2026-03-13 12:30:00+05:30,117.36
2026-03-13 12:35:00+05:30,117.36
2026-03-13 12:40:00+05:30,117.36
2026-03-13 12:45:00+05:30,117.36
2026-03-13 12:50:00+05:30,117.36
2026-03-13 12:55:00+05:30,117.36
2026-03-13 13:00:00+05:30,117.36
2026-03-13 13:05:00+05:30,117.36
2026-03-13 13:10:00+05:30,117.36
2026-03-13 13:15:00+05:30,117.36
2026-03-13 13:20:00+05:30,117.36
2026-03-13 13:25:00+05:30,117.36
2026-03-13 13:30:00+05:30,117.36
2026-03-13 13:35:00+05:30,117.36
2026-03-13 13:40:00+05:30,117.36
2026-03-13 13:45:00+05:30,117.36
2026-03-13 13:50:00+05:30,117.36
2026-03-13 13:55:00+05:30,117.36
2026-03-13 14:00:00+05:30,117.36
2026-03-13 14:05:00+05:30,117.36
2026-03-13 14:10:00+05:30,117.36
2026-03-13 14:15:00+05:30,117.36
2026-03-13 14:20:00+05:30,117.36
2026-03-13 14:25:00+05:30,117.36
2026-03-13 14:30:00+05:30,117.36
2026-03-13 14:35:00+05:30,117.36
2026-03-13 14:40:00+05:30,117.36
2026-03-13 14:45:00+05:30,117.36
2026-03-13 14:50:00+05:30,117.36
2026-03-13 14:55:00+05:30,117.36
2026-03-13 15:00:00+05:30,117.36
2026-03-13 15:05:00+05:30,117.36
2026-03-13 15:10:00+05:30,117.36
2026-03-13 15:15:00+05:30,117.36
2026-03-13 15:20:00+05:30,117.36
2026-03-13 15:25:00+05:30,117.36
2026-03-16 09:15:00+05:30,117.36
2026-03-16 09:20:00+05:30,117.36
2026-03-16 09:25:00+05:30,117.36
2026-03-16 09:30:00+05:30,117.36
2026-03-16 09:35:00+05:30,117.36
2026-03-16 09:40:00+05:30,117.36
2026-03-16 09:45:00+05:30,117.36
2026-03-16 09:50:00+05:30,117.36
2026-03-16 09:55:00+05:30,117.36
2026-03-16 10:00:00+05:30,117.36
2026-03-16 10:05:00+05:30,117.36
2026-03-16 10:10:00+05:30,117.36
2026-03-16 10:15:00+05:30,117.36
2026-03-16 10:20:00+05:30,117.36
2026-03-16 10:25:00+05:30,117.36
2026-03-16 10:30:00+05:30,117.36
2026-03-16 10:35:00+05:30,164.74
2026-03-16 10:40:00+05:30,164.74
2026-03-16 10:45:00+05:30,164.74
2026-03-16 10:50:00+05:30,164.74
2026-03-16 10:55:00+05:30,164.74
2026-03-16 11:00:00+05:30,164.74
2026-03-16 11:05:00+05:30,164.74
2026-03-16 11:10:00+05:30,164.74
2026-03-16 11:15:00+05:30,164.74
2026-03-16 11:20:00+05:30,164.74
2026-03-16 11:25:00+05:30,164.74
2026-03-16 11:30:00+05:30,164.74
2026-03-16 11:35:00+05:30,164.74
2026-03-16 11:40:00+05:30,164.74
2026-03-16 11:45:00+05:30,164.74
2026-03-16 11:50:00+05:30,164.74
2026-03-16 11:55:00+05:30,164.74
2026-03-16 12:00:00+05:30,164.74
2026-03-16 12:05:00+05:30,164.74
2026-03-16 12:10:00+05:30,164.74
2026-03-16 12:15:00+05:30,164.74
2026-03-16 12:20:00+05:30,164.74
2026-03-16 12:25:00+05:30,164.74
2026-03-16 12:30:00+05:30,164.74
2026-03-16 12:35:00+05:30,164.74
2026-03-16 12:40:00+05:30,164.74
2026-03-16 12:45:00+05:30,164.74
2026-03-16 12:50:00+05:30,164.74
2026-03-16 12:55:00+05:30,164.74
2026-03-16 13:00:00+05:30,164.74
2026-03-16 13:05:00+05:30,164.74
2026-03-16 13:10:00+05:30,164.74
2026-03-16 13:15:00+05:30,164.74
2026-03-16 13:20:00+05:30,164.74
2026-03-16 13:25:00+05:30,164.74
2026-03-16 13:30:00+05:30,164.74
2026-03-16 13:35:00+05:30,164.74
2026-03-16 13:40:00+05:30,164.74
2026-03-16 13:45:00+05:30,164.74
2026-03-16 13:50:00+05:30,164.74
2026-03-16 13:55:00+05:30,164.74
2026-03-16 14:00:00+05:30,164.74
2026-03-16 14:05:00+05:30,164.74
2026-03-16 14:10:00+05:30,164.74
2026-03-16 14:15:00+05:30,164.74
2026-03-16 14:20:00+05:30,164.74
2026-03-16 14:25:00+05:30,164.74
2026-03-16 14:30:00+05:30,164.74
2026-03-16 14:35:00+05:30,164.74
2026-03-16 14:40:00+05:30,164.74
2026-03-16 14:45:00+05:30,164.74
2026-03-16 14:50:00+05:30,164.74
2026-03-16 14:55:00+05:30,164.74
2026-03-16 15:00:00+05:30,242.18
2026-03-16 15:05:00+05:30,242.18
2026-03-16 15:10:00+05:30,242.18
2026-03-16 15:15:00+05:30,242.18
2026-03-16 15:20:00+05:30,242.18
2026-03-16 15:25:00+05:30,242.18
2026-03-17 09:15:00+05:30,242.18
2026-03-17 09:20:00+05:30,242.18
2026-03-17 09:25:00+05:30,242.18
2026-03-17 09:30:00+05:30,242.18
2026-03-17 09:35:00+05:30,242.18
2026-03-17 09:40:00+05:30,242.18
2026-03-17 09:45:00+05:30,242.18
2026-03-17 09:50:00+05:30,242.18
2026-03-17 09:55:00+05:30,242.18
2026-03-17 10:00:00+05:30,242.18
2026-03-17 10:05:00+05:30,242.18
2026-03-17 10:10:00+05:30,242.18
2026-03-17 10:15:00+05:30,242.18
2026-03-17 10:20:00+05:30,242.18
2026-03-17 10:25:00+05:30,242.18
2026-03-17 10:30:00+05:30,242.18
2026-03-17 10:35:00+05:30,242.18
2026-03-17 10:40:00+05:30,242.18
2026-03-17 10:45:00+05:30,242.18
2026-03-17 10:50:00+05:30,242.18
2026-03-17 10:55:00+05:30,242.18
2026-03-17 11:00:00+05:30,242.18
2026-03-17 11:05:00+05:30,242.18
2026-03-17 11:10:00+05:30,242.18
2026-03-17 11:15:00+05:30,242.18
2026-03-17 11:20:00+05:30,242.18
2026-03-17 11:25:00+05:30,242.18
2026-03-17 11:30:00+05:30,242.18
2026-03-17 11:35:00+05:30,242.18
2026-03-17 11:40:00+05:30,242.18
2026-03-17 11:45:00+05:30,242.18
2026-03-17 11:50:00+05:30,242.18
2026-03-17 11:55:00+05:30,242.18
2026-03-17 12:00:00+05:30,242.18
2026-03-17 12:05:00+05:30,242.18
2026-03-17 12:10:00+05:30,242.18
2026-03-17 12:15:00+05:30,242.18
2026-03-17 12:20:00+05:30,242.18
2026-03-17 12:25:00+05:30,242.18
2026-03-17 12:30:00+05:30,242.18
2026-03-17 12:35:00+05:30,242.18
2026-03-17 12:40:00+05:30,242.18
2026-03-17 12:45:00+05:30,242.18
2026-03-17 12:50:00+05:30,242.18
2026-03-17 12:55:00+05:30,242.18
2026-03-17 13:00:00+05:30,242.18
2026-03-17 13:05:00+05:30,242.18
2026-03-17 13:10:00+05:30,242.18
2026-03-17 13:15:00+05:30,242.18
2026-03-17 13:20:00+05:30,242.18
2026-03-17 13:25:00+05:30,242.18
2026-03-17 13:30:00+05:30,242.18
2026-03-17 13:35:00+05:30,242.18
2026-03-17 13:40:00+05:30,242.18
2026-03-17 13:45:00+05:30,242.18
2026-03-17 13:50:00+05:30,242.18
2026-03-17 13:55:00+05:30,242.18
2026-03-17 14:00:00+05:30,242.18
2026-03-17 14:05:00+05:30,242.18
2026-03-17 14:10:00+05:30,242.18
2026-03-17 14:15:00+05:30,242.18
2026-03-17 14:20:00+05:30,242.18
2026-03-17 14:25:00+05:30,242.18
2026-03-17 14:30:00+05:30,242.18
2026-03-17 14:35:00+05:30,242.18
2026-03-17 14:40:00+05:30,242.18
2026-03-17 14:45:00+05:30,242.18
2026-03-17 14:50:00+05:30,242.18
2026-03-17 14:55:00+05:30,242.18
2026-03-17 15:00:00+05:30,242.18
2026-03-17 15:05:00+05:30,242.18
2026-03-17 15:10:00+05:30,242.18
2026-03-17 15:15:00+05:30,242.18
2026-03-17 15:20:00+05:30,242.18
2026-03-17 15:25:00+05:30,242.18
2026-03-18 09:15:00+05:30,242.18
2026-03-18 09:20:00+05:30,242.18
2026-03-18 09:25:00+05:30,242.18
2026-03-18 09:30:00+05:30,242.18
2026-03-18 09:35:00+05:30,242.18
2026-03-18 09:40:00+05:30,242.18
2026-03-18 09:45:00+05:30,242.18
2026-03-18 09:50:00+05:30,242.18
2026-03-18 09:55:00+05:30,242.18
2026-03-18 10:00:00+05:30,242.18
2026-03-18 10:05:00+05:30,242.18
2026-03-18 10:10:00+05:30,242.18
2026-03-18 10:15:00+05:30,242.18
2026-03-18 10:20:00+05:30,242.18
2026-03-18 10:25:00+05:30,242.18
2026-03-18 10:30:00+05:30,242.18
2026-03-18 10:35:00+05:30,242.18
2026-03-18 10:40:00+05:30,242.18
2026-03-18 10:45:00+05:30,242.18
2026-03-18 10:50:00+05:30,242.18
2026-03-18 10:55:00+05:30,242.18
2026-03-18 11:00:00+05:30,242.18
2026-03-18 11:05:00+05:30,242.18
2026-03-18 11:10:00+05:30,242.18
2026-03-18 11:15:00+05:30,242.18
2026-03-18 11:20:00+05:30,242.18
2026-03-18 11:25:00+05:30,242.18
2026-03-18 11:30:00+05:30,242.18
2026-03-18 11:35:00+05:30,242.18
2026-03-18 11:40:00+05:30,242.18
2026-03-18 11:45:00+05:30,242.18
2026-03-18 11:50:00+05:30,242.18
2026-03-18 11:55:00+05:30,242.18
2026-03-18 12:00:00+05:30,242.18
2026-03-18 12:05:00+05:30,242.18
2026-03-18 12:10:00+05:30,242.18
2026-03-18 12:15:00+05:30,242.18
2026-03-18 12:20:00+05:30,242.18
2026-03-18 12:25:00+05:30,242.18
2026-03-18 12:30:00+05:30,242.18
2026-03-18 12:35:00+05:30,242.18
2026-03-18 12:40:00+05:30,242.18
2026-03-18 12:45:00+05:30,242.18
2026-03-18 12:50:00+05:30,242.18
2026-03-18 12:55:00+05:30,242.18
2026-03-18 13:00:00+05:30,242.18
2026-03-18 13:05:00+05:30,242.18
2026-03-18 13:10:00+05:30,242.18
2026-03-18 13:15:00+05:30,242.18
2026-03-18 13:20:00+05:30,242.18
2026-03-18 13:25:00+05:30,242.18
2026-03-18 13:30:00+05:30,242.18
2026-03-18 13:35:00+05:30,242.18
2026-03-18 13:40:00+05:30,242.18
2026-03-18 13:45:00+05:30,242.18
2026-03-18 13:50:00+05:30,242.18
2026-03-18 13:55:00+05:30,242.18
2026-03-18 14:00:00+05:30,242.18
2026-03-18 14:05:00+05:30,242.18
2026-03-18 14:10:00+05:30,242.18
2026-03-18 14:15:00+05:30,242.18
2026-03-18 14:20:00+05:30,242.18
2026-03-18 14:25:00+05:30,242.18
2026-03-18 14:30:00+05:30,242.18
2026-03-18 14:35:00+05:30,242.18
2026-03-18 14:40:00+05:30,242.18
2026-03-18 14:45:00+05:30,242.18
2026-03-18 14:50:00+05:30,242.18
2026-03-18 14:55:00+05:30,242.18
2026-03-18 15:00:00+05:30,242.18
2026-03-18 15:05:00+05:30,242.18
2026-03-18 15:10:00+05:30,242.18
2026-03-18 15:15:00+05:30,242.18
2026-03-18 15:20:00+05:30,242.18
2026-03-18 15:25:00+05:30,242.18
2026-03-19 09:15:00+05:30,242.18
2026-03-19 09:20:00+05:30,242.18
2026-03-19 09:25:00+05:30,242.18
2026-03-19 09:30:00+05:30,242.18
2026-03-19 09:35:00+05:30,242.18
2026-03-19 09:40:00+05:30,242.18
2026-03-19 09:45:00+05:30,242.18
2026-03-19 09:50:00+05:30,242.18
2026-03-19 09:55:00+05:30,242.18
2026-03-19 10:00:00+05:30,242.18
2026-03-19 10:05:00+05:30,242.18
2026-03-19 10:10:00+05:30,242.18
2026-03-19 10:15:00+05:30,242.18
2026-03-19 10:20:00+05:30,242.18
2026-03-19 10:25:00+05:30,242.18
2026-03-19 10:30:00+05:30,242.18
2026-03-19 10:35:00+05:30,242.18
2026-03-19 10:40:00+05:30,242.18
2026-03-19 10:45:00+05:30,242.18
2026-03-19 10:50:00+05:30,242.18
2026-03-19 10:55:00+05:30,242.18
2026-03-19 11:00:00+05:30,242.18
2026-03-19 11:05:00+05:30,242.18
2026-03-19 11:10:00+05:30,242.18
2026-03-19 11:15:00+05:30,242.18
2026-03-19 11:20:00+05:30,242.18
2026-03-19 11:25:00+05:30,242.18
2026-03-19 11:30:00+05:30,242.18
2026-03-19 11:35:00+05:30,242.18
2026-03-19 11:40:00+05:30,242.18
2026-03-19 11:45:00+05:30,242.18
2026-03-19 11:50:00+05:30,242.18
2026-03-19 11:55:00+05:30,242.18
2026-03-19 12:00:00+05:30,242.18
2026-03-19 12:05:00+05:30,242.18
2026-03-19 12:10:00+05:30,242.18
2026-03-19 12:15:00+05:30,242.18
2026-03-19 12:20:00+05:30,242.18
2026-03-19 12:25:00+05:30,242.18
2026-03-19 12:30:00+05:30,242.18
2026-03-19 12:35:00+05:30,242.18
2026-03-19 12:40:00+05:30,242.18
2026-03-19 12:45:00+05:30,242.18
2026-03-19 12:50:00+05:30,242.18
2026-03-19 12:55:00+05:30,242.18
2026-03-19 13:00:00+05:30,242.18
2026-03-19 13:05:00+05:30,242.18
2026-03-19 13:10:00+05:30,242.18
2026-03-19 13:15:00+05:30,242.18
2026-03-19 13:20:00+05:30,242.18
2026-03-19 13:25:00+05:30,242.18
2026-03-19 13:30:00+05:30,242.18
2026-03-19 13:35:00+05:30,242.18
2026-03-19 13:40:00+05:30,242.18
2026-03-19 13:45:00+05:30,242.18
2026-03-19 13:50:00+05:30,242.18
2026-03-19 13:55:00+05:30,242.18
2026-03-19 14:00:00+05:30,242.18
2026-03-19 14:05:00+05:30,242.18
2026-03-19 14:10:00+05:30,242.18
2026-03-19 14:15:00+05:30,242.18
2026-03-19 14:20:00+05:30,242.18
2026-03-19 14:25:00+05:30,242.18
2026-03-19 14:30:00+05:30,242.18
2026-03-19 14:35:00+05:30,242.18
2026-03-19 14:40:00+05:30,242.18
2026-03-19 14:45:00+05:30,242.18
2026-03-19 14:50:00+05:30,242.18
2026-03-19 14:55:00+05:30,242.18
2026-03-19 15:00:00+05:30,242.18
2026-03-19 15:05:00+05:30,242.18
2026-03-19 15:10:00+05:30,242.18
2026-03-19 15:15:00+05:30,242.18
2026-03-19 15:20:00+05:30,242.18
2026-03-19 15:25:00+05:30,242.18
2026-03-20 09:15:00+05:30,242.18
2026-03-20 09:20:00+05:30,242.18
2026-03-20 09:25:00+05:30,242.18
2026-03-20 09:30:00+05:30,242.18
2026-03-20 09:35:00+05:30,242.18
2026-03-20 09:40:00+05:30,169.69
2026-03-20 09:45:00+05:30,169.69
2026-03-20 09:50:00+05:30,169.69
2026-03-20 09:55:00+05:30,169.69
2026-03-20 10:00:00+05:30,169.69
2026-03-20 10:05:00+05:30,169.69
2026-03-20 10:10:00+05:30,169.69
2026-03-20 10:15:00+05:30,169.69
2026-03-20 10:20:00+05:30,169.69
2026-03-20 10:25:00+05:30,169.69
2026-03-20 10:30:00+05:30,169.69
2026-03-20 10:35:00+05:30,169.69
2026-03-20 10:40:00+05:30,169.69
2026-03-20 10:45:00+05:30,169.69
2026-03-20 10:50:00+05:30,169.69
2026-03-20 10:55:00+05:30,169.69
2026-03-20 11:00:00+05:30,169.69
2026-03-20 11:05:00+05:30,169.69
2026-03-20 11:10:00+05:30,169.69
2026-03-20 11:15:00+05:30,169.69
2026-03-20 11:20:00+05:30,169.69
2026-03-20 11:25:00+05:30,169.69
2026-03-20 11:30:00+05:30,169.69
2026-03-20 11:35:00+05:30,169.69
2026-03-20 11:40:00+05:30,169.69
2026-03-20 11:45:00+05:30,169.69
2026-03-20 11:50:00+05:30,169.69
2026-03-20 11:55:00+05:30,169.69
2026-03-20 12:00:00+05:30,169.69
2026-03-20 12:05:00+05:30,169.69
2026-03-20 12:10:00+05:30,169.69
2026-03-20 12:15:00+05:30,169.69
2026-03-20 12:20:00+05:30,169.69
2026-03-20 12:25:00+05:30,169.69
2026-03-20 12:30:00+05:30,169.69
2026-03-20 12:35:00+05:30,169.69
2026-03-20 12:40:00+05:30,169.69
2026-03-20 12:45:00+05:30,146.31
2026-03-20 12:50:00+05:30,146.31
2026-03-20 12:55:00+05:30,146.31
2026-03-20 13:00:00+05:30,146.31
2026-03-20 13:05:00+05:30,146.31
2026-03-20 13:10:00+05:30,146.31
2026-03-20 13:15:00+05:30,146.31
2026-03-20 13:20:00+05:30,146.31
2026-03-20 13:25:00+05:30,146.31
2026-03-20 13:30:00+05:30,146.31
2026-03-20 13:35:00+05:30,146.31
2026-03-20 13:40:00+05:30,146.31
2026-03-20 13:45:00+05:30,146.31
2026-03-20 13:50:00+05:30,146.31
2026-03-20 13:55:00+05:30,146.31
2026-03-20 14:00:00+05:30,146.31
2026-03-20 14:05:00+05:30,146.31
2026-03-20 14:10:00+05:30,146.31
2026-03-20 14:15:00+05:30,146.31
2026-03-20 14:20:00+05:30,146.31
2026-03-20 14:25:00+05:30,146.31
2026-03-20 14:30:00+05:30,146.31
2026-03-20 14:35:00+05:30,146.31
2026-03-20 14:40:00+05:30,146.31
2026-03-20 14:45:00+05:30,146.31
2026-03-20 14:50:00+05:30,146.31
2026-03-20 14:55:00+05:30,146.31
2026-03-20 15:00:00+05:30,146.31
2026-03-20 15:05:00+05:30,146.31
2026-03-20 15:10:00+05:30,146.31
2026-03-20 15:15:00+05:30,146.31
2026-03-20 15:20:00+05:30,146.31
2026-03-20 15:25:00+05:30,146.31
2026-03-23 09:15:00+05:30,146.31
2026-03-23 09:20:00+05:30,146.31
2026-03-23 09:25:00+05:30,146.31
2026-03-23 09:30:00+05:30,146.31
2026-03-23 09:35:00+05:30,146.31
2026-03-23 09:40:00+05:30,146.31
2026-03-23 09:45:00+05:30,146.31
2026-03-23 09:50:00+05:30,146.31
2026-03-23 09:55:00+05:30,146.31
2026-03-23 10:00:00+05:30,146.31
2026-03-23 10:05:00+05:30,146.31
2026-03-23 10:10:00+05:30,146.31
2026-03-23 10:15:00+05:30,146.31
2026-03-23 10:20:00+05:30,146.31
2026-03-23 10:25:00+05:30,146.31
2026-03-23 10:30:00+05:30,146.31
2026-03-23 10:35:00+05:30,146.31
2026-03-23 10:40:00+05:30,146.31
2026-03-23 10:45:00+05:30,146.31
2026-03-23 10:50:00+05:30,146.31
2026-03-23 10:55:00+05:30,146.31
2026-03-23 11:00:00+05:30,146.31
2026-03-23 11:05:00+05:30,146.31
2026-03-23 11:10:00+05:30,146.31
2026-03-23 11:15:00+05:30,146.31
2026-03-23 11:20:00+05:30,146.31
2026-03-23 11:25:00+05:30,146.31
2026-03-23 11:30:00+05:30,146.31
2026-03-23 11:35:00+05:30,146.31
2026-03-23 11:40:00+05:30,146.31
2026-03-23 11:45:00+05:30,146.31
2026-03-23 11:50:00+05:30,146.31
2026-03-23 11:55:00+05:30,146.31
2026-03-23 12:00:00+05:30,146.31
2026-03-23 12:05:00+05:30,146.31
2026-03-23 12:10:00+05:30,146.31
2026-03-23 12:15:00+05:30,146.31
2026-03-23 12:20:00+05:30,146.31
2026-03-23 12:25:00+05:30,146.31
2026-03-23 12:30:00+05:30,146.31
2026-03-23 12:35:00+05:30,146.31
2026-03-23 12:40:00+05:30,146.31
2026-03-23 12:45:00+05:30,146.31
2026-03-23 12:50:00+05:30,146.31
2026-03-23 12:55:00+05:30,146.31
2026-03-23 13:00:00+05:30,146.31
2026-03-23 13:05:00+05:30,146.31
2026-03-23 13:10:00+05:30,146.31
2026-03-23 13:15:00+05:30,146.31
2026-03-23 13:20:00+05:30,146.31
2026-03-23 13:25:00+05:30,146.31
2026-03-23 13:30:00+05:30,146.31
2026-03-23 13:35:00+05:30,146.31
2026-03-23 13:40:00+05:30,146.31
2026-03-23 13:45:00+05:30,146.31
2026-03-23 13:50:00+05:30,146.31
2026-03-23 13:55:00+05:30,146.31
2026-03-23 14:00:00+05:30,146.31
2026-03-23 14:05:00+05:30,146.31
2026-03-23 14:10:00+05:30,146.31
2026-03-23 14:15:00+05:30,146.31
2026-03-23 14:20:00+05:30,146.31
2026-03-23 14:25:00+05:30,146.31
2026-03-23 14:30:00+05:30,146.31
2026-03-23 14:35:00+05:30,146.31
2026-03-23 14:40:00+05:30,146.31
2026-03-23 14:45:00+05:30,146.31
2026-03-23 14:50:00+05:30,146.31
2026-03-23 14:55:00+05:30,146.31
2026-03-23 15:00:00+05:30,146.31
2026-03-23 15:05:00+05:30,146.31
2026-03-23 15:10:00+05:30,146.31
2026-03-23 15:15:00+05:30,146.31
2026-03-23 15:20:00+05:30,146.31
2026-03-23 15:25:00+05:30,146.31
2026-03-24 09:15:00+05:30,146.31
2026-03-24 09:20:00+05:30,146.31
2026-03-24 09:25:00+05:30,146.31
2026-03-24 09:30:00+05:30,146.31
2026-03-24 09:35:00+05:30,146.31
2026-03-24 09:40:00+05:30,146.31
2026-03-24 09:45:00+05:30,146.31
2026-03-24 09:50:00+05:30,146.31
2026-03-24 09:55:00+05:30,146.31
2026-03-24 10:00:00+05:30,146.31
2026-03-24 10:05:00+05:30,146.31
2026-03-24 10:10:00+05:30,146.31
2026-03-24 10:15:00+05:30,146.31
2026-03-24 10:20:00+05:30,146.31
2026-03-24 10:25:00+05:30,146.31
2026-03-24 10:30:00+05:30,146.31
2026-03-24 10:35:00+05:30,146.31
2026-03-24 10:40:00+05:30,146.31
2026-03-24 10:45:00+05:30,146.31
2026-03-24 10:50:00+05:30,146.31
2026-03-24 10:55:00+05:30,146.31
2026-03-24 11:00:00+05:30,146.31
2026-03-24 11:05:00+05:30,146.31
2026-03-24 11:10:00+05:30,146.31
2026-03-24 11:15:00+05:30,146.31
2026-03-24 11:20:00+05:30,146.31
2026-03-24 11:25:00+05:30,146.31
2026-03-24 11:30:00+05:30,146.31
2026-03-24 11:35:00+05:30,146.31
2026-03-24 11:40:00+05:30,146.31
2026-03-24 11:45:00+05:30,146.31
2026-03-24 11:50:00+05:30,146.31
2026-03-24 11:55:00+05:30,146.31
2026-03-24 12:00:00+05:30,146.31
2026-03-24 12:05:00+05:30,146.31
2026-03-24 12:10:00+05:30,146.31
2026-03-24 12:15:00+05:30,146.31
2026-03-24 12:20:00+05:30,146.31
2026-03-24 12:25:00+05:30,146.31
2026-03-24 12:30:00+05:30,146.31
2026-03-24 12:35:00+05:30,146.31
2026-03-24 12:40:00+05:30,146.31
2026-03-24 12:45:00+05:30,146.31
2026-03-24 12:50:00+05:30,146.31
2026-03-24 12:55:00+05:30,146.31
2026-03-24 13:00:00+05:30,146.31
2026-03-24 13:05:00+05:30,146.31
2026-03-24 13:10:00+05:30,146.31
2026-03-24 13:15:00+05:30,146.31
2026-03-24 13:20:00+05:30,146.31
2026-03-24 13:25:00+05:30,146.31
2026-03-24 13:30:00+05:30,146.31
2026-03-24 13:35:00+05:30,146.31
2026-03-24 13:40:00+05:30,146.31
2026-03-24 13:45:00+05:30,146.31
2026-03-24 13:50:00+05:30,146.31
2026-03-24 13:55:00+05:30,146.31
2026-03-24 14:00:00+05:30,146.31
2026-03-24 14:05:00+05:30,146.31
2026-03-24 14:10:00+05:30,146.31
2026-03-24 14:15:00+05:30,146.31
2026-03-24 14:20:00+05:30,146.31
2026-03-24 14:25:00+05:30,146.31
2026-03-24 14:30:00+05:30,146.31
2026-03-24 14:35:00+05:30,146.31
2026-03-24 14:40:00+05:30,146.31
2026-03-24 14:45:00+05:30,146.31
2026-03-24 14:50:00+05:30,146.31
2026-03-24 14:55:00+05:30,146.31
2026-03-24 15:00:00+05:30,146.31
2026-03-24 15:05:00+05:30,146.31
2026-03-24 15:10:00+05:30,146.31
2026-03-24 15:15:00+05:30,146.31
2026-03-24 15:20:00+05:30,146.31
2026-03-24 15:25:00+05:30,146.31
2026-03-25 09:15:00+05:30,146.31
2026-03-25 09:20:00+05:30,146.31
2026-03-25 09:25:00+05:30,146.31
2026-03-25 09:30:00+05:30,146.31
2026-03-25 09:35:00+05:30,146.31
2026-03-25 09:40:00+05:30,146.31
2026-03-25 09:45:00+05:30,146.31
2026-03-25 09:50:00+05:30,146.31
2026-03-25 09:55:00+05:30,146.31
2026-03-25 10:00:00+05:30,146.31
2026-03-25 10:05:00+05:30,146.31
2026-03-25 10:10:00+05:30,146.31
2026-03-25 10:15:00+05:30,146.31
2026-03-25 10:20:00+05:30,146.31
2026-03-25 10:25:00+05:30,146.31
2026-03-25 10:30:00+05:30,146.31
2026-03-25 10:35:00+05:30,146.31
2026-03-25 10:40:00+05:30,146.31
2026-03-25 10:45:00+05:30,146.31
2026-03-25 10:50:00+05:30,146.31
2026-03-25 10:55:00+05:30,146.31
2026-03-25 11:00:00+05:30,146.31
2026-03-25 11:05:00+05:30,146.31
2026-03-25 11:10:00+05:30,146.31
2026-03-25 11:15:00+05:30,146.31
2026-03-25 11:20:00+05:30,327.59000000000003
2026-03-25 11:25:00+05:30,327.59000000000003
2026-03-25 11:30:00+05:30,327.59000000000003
2026-03-25 11:35:00+05:30,327.59000000000003
2026-03-25 11:40:00+05:30,327.59000000000003
2026-03-25 11:45:00+05:30,327.59000000000003
2026-03-25 11:50:00+05:30,327.59000000000003
2026-03-25 11:55:00+05:30,327.59000000000003
2026-03-25 12:00:00+05:30,327.59000000000003
2026-03-25 12:05:00+05:30,327.59000000000003
2026-03-25 12:10:00+05:30,327.59000000000003
2026-03-25 12:15:00+05:30,327.59000000000003
2026-03-25 12:20:00+05:30,327.59000000000003
2026-03-25 12:25:00+05:30,327.59000000000003
2026-03-25 12:30:00+05:30,327.59000000000003
2026-03-25 12:35:00+05:30,327.59000000000003
2026-03-25 12:40:00+05:30,327.59000000000003
2026-03-25 12:45:00+05:30,327.59000000000003
2026-03-25 12:50:00+05:30,327.59000000000003
2026-03-25 12:55:00+05:30,327.59000000000003
2026-03-25 13:00:00+05:30,327.59000000000003
2026-03-25 13:05:00+05:30,327.59000000000003
2026-03-25 13:10:00+05:30,327.59000000000003
2026-03-25 13:15:00+05:30,327.59000000000003
2026-03-25 13:20:00+05:30,327.59000000000003
2026-03-25 13:25:00+05:30,327.59000000000003
2026-03-25 13:30:00+05:30,327.59000000000003
2026-03-25 13:35:00+05:30,327.59000000000003
2026-03-25 13:40:00+05:30,327.59000000000003
2026-03-25 13:45:00+05:30,327.59000000000003
2026-03-25 13:50:00+05:30,327.59000000000003
2026-03-25 13:55:00+05:30,327.59000000000003
2026-03-25 14:00:00+05:30,327.59000000000003
2026-03-25 14:05:00+05:30,327.59000000000003
2026-03-25 14:10:00+05:30,327.59000000000003
2026-03-25 14:15:00+05:30,327.59000000000003
2026-03-25 14:20:00+05:30,327.59000000000003
2026-03-25 14:25:00+05:30,327.59000000000003
2026-03-25 14:30:00+05:30,327.59000000000003
2026-03-25 14:35:00+05:30,327.59000000000003
2026-03-25 14:40:00+05:30,301.24
2026-03-25 14:45:00+05:30,301.24
2026-03-25 14:50:00+05:30,301.24
2026-03-25 14:55:00+05:30,301.24
2026-03-25 15:00:00+05:30,301.24
2026-03-25 15:05:00+05:30,301.24
2026-03-25 15:10:00+05:30,301.24
2026-03-25 15:15:00+05:30,301.24
2026-03-25 15:20:00+05:30,301.24
2026-03-25 15:25:00+05:30,301.24
2026-03-27 09:15:00+05:30,301.24
2026-03-27 09:20:00+05:30,301.24
2026-03-27 09:25:00+05:30,301.24
2026-03-27 09:30:00+05:30,301.24
2026-03-27 09:35:00+05:30,301.24
2026-03-27 09:40:00+05:30,301.24
2026-03-27 09:45:00+05:30,301.24
2026-03-27 09:50:00+05:30,301.24
2026-03-27 09:55:00+05:30,301.24
2026-03-27 10:00:00+05:30,301.24
2026-03-27 10:05:00+05:30,301.24
2026-03-27 10:10:00+05:30,301.24
2026-03-27 10:15:00+05:30,301.24
2026-03-27 10:20:00+05:30,301.24
2026-03-27 10:25:00+05:30,301.24
2026-03-27 10:30:00+05:30,301.24
2026-03-27 10:35:00+05:30,301.24
2026-03-27 10:40:00+05:30,301.24
2026-03-27 10:45:00+05:30,301.24
2026-03-27 10:50:00+05:30,301.24
2026-03-27 10:55:00+05:30,301.24
2026-03-27 11:00:00+05:30,301.24
2026-03-27 11:05:00+05:30,301.24
2026-03-27 11:10:00+05:30,301.24
2026-03-27 11:15:00+05:30,301.24
2026-03-27 11:20:00+05:30,301.24
2026-03-27 11:25:00+05:30,301.24
2026-03-27 11:30:00+05:30,301.24
2026-03-27 11:35:00+05:30,301.24
2026-03-27 11:40:00+05:30,301.24
2026-03-27 11:45:00+05:30,301.24
2026-03-27 11:50:00+05:30,301.24
2026-03-27 11:55:00+05:30,301.24
2026-03-27 12:00:00+05:30,301.24
2026-03-27 12:05:00+05:30,301.24
2026-03-27 12:10:00+05:30,301.24
2026-03-27 12:15:00+05:30,301.24
2026-03-27 12:20:00+05:30,301.24
2026-03-27 12:25:00+05:30,301.24
2026-03-27 12:30:00+05:30,301.24
2026-03-27 12:35:00+05:30,301.24
2026-03-27 12:40:00+05:30,301.24
2026-03-27 12:45:00+05:30,301.24
2026-03-27 12:50:00+05:30,301.24
2026-03-27 12:55:00+05:30,301.24
2026-03-27 13:00:00+05:30,301.24
2026-03-27 13:05:00+05:30,301.24
2026-03-27 13:10:00+05:30,301.24
2026-03-27 13:15:00+05:30,301.24
2026-03-27 13:20:00+05:30,301.24
2026-03-27 13:25:00+05:30,301.24
2026-03-27 13:30:00+05:30,301.24
2026-03-27 13:35:00+05:30,301.24
2026-03-27 13:40:00+05:30,301.24
2026-03-27 13:45:00+05:30,301.24
2026-03-27 13:50:00+05:30,301.24
2026-03-27 13:55:00+05:30,301.24
2026-03-27 14:00:00+05:30,301.24
2026-03-27 14:05:00+05:30,301.24
2026-03-27 14:10:00+05:30,301.24
2026-03-27 14:15:00+05:30,301.24
2026-03-27 14:20:00+05:30,301.24
2026-03-27 14:25:00+05:30,301.24
2026-03-27 14:30:00+05:30,301.24
2026-03-27 14:35:00+05:30,301.24
2026-03-27 14:40:00+05:30,301.24
2026-03-27 14:45:00+05:30,301.24
2026-03-27 14:50:00+05:30,301.24
2026-03-27 14:55:00+05:30,301.24
2026-03-27 15:00:00+05:30,301.24
2026-03-27 15:05:00+05:30,301.24
2026-03-27 15:10:00+05:30,301.24
2026-03-27 15:15:00+05:30,301.24
2026-03-27 15:20:00+05:30,301.24
2026-03-27 15:25:00+05:30,301.24
