bar_open,bar_close,direction,signal_type,confidence,entry,stop,target_1,target_2,target_3,exit_price,exit_reason,r_multiple,size,t1_hit,t2_hit
511,519,short,failed_breakout,0.45,17986.15,18018.1154,17954.1846,17982.705,17972.85,18018.1154,stop,-1.0,15.0,False,False
555,587,long,pullback,0.61,18321.05,18352.3745,18352.3745,18329.0716,21995.2516,18352.3745,stop,1.0,15.0,True,True
643,652,long,pullback,0.58,18325.5,18359.5211,18359.5211,18329.4654,21995.6454,18359.5211,stop,1.0,14.0,True,True
798,834,long,pb_after_breakout,0.85,18409.6,18323.9916,18495.2084,18414.7479,18417.3218,18389.8,time_stop,-0.231,6.0,False,False
865,882,long,failure_test,0.65,18391.2,18391.2,18406.4956,18421.7911,18437.0867,18391.2,stop,0.0,33.0,True,False
883,896,short,failed_breakout,0.45,18391.05,18368.509,18368.509,18387.52,18383.2,18383.2,target_3,0.348,22.0,True,True
897,900,short,failure_test,0.66,18323.7,18347.2409,18300.1591,18276.6181,18253.0772,18347.2409,stop,-1.0,22.0,False,False
902,938,short,failure_test,0.76,18347.05,18291.6948,18291.6948,18236.3395,18180.9843,18240.8,time_stop,1.919,9.0,True,True
1184,1186,long,failure_test,0.66,18288.55,18279.4002,18297.6998,18306.8495,18315.9993,18279.4002,stop,-1.0,59.0,False,False
1189,1194,long,failure_test,0.68,18292.2,18292.2,18308.1017,18324.0034,18339.905,18292.2,stop,0.0,32.0,True,False
1195,1200,short,failure_test,0.77,18291.25,18291.25,18265.956,18240.6621,18215.3681,18291.25,stop,0.0,20.0,True,False
1206,1242,long,failure_test,0.68,18342.95,18342.95,18368.5572,18394.1645,18419.7717,18388.1,time_stop,1.763,20.0,True,False
1248,1259,short,failure_test,0.63,18380.85,18393.4856,18368.2144,18355.5788,18342.9432,18393.4856,stop,-1.0,44.0,False,False
1260,1269,long,failure_test,0.98,18401.8,18417.3436,18417.3436,18432.8872,18448.4308,18448.4308,target_3,3.0,34.0,True,True
1270,1276,long,failure_test,0.99,18453.7,18453.7,18509.2254,18564.7508,18620.2762,18453.7,stop,0.0,11.0,True,False
1287,1323,long,failed_breakout,0.6,18477.4,18436.3452,18518.4548,18505.91,18528.8,18482.5,time_stop,0.124,15.0,False,False
1354,1390,long,failed_breakout,0.6,18535.65,18421.4514,18649.8486,18558.92,18547.1,18587.9,time_stop,0.458,5.0,False,False
1416,1420,long,failed_breakout,0.6,18599.2,18568.5094,18629.8906,18605.69,18614.45,18568.5094,stop,-1.0,20.0,False,False
1461,1489,long,failed_breakout,0.6,18667.5,18631.1609,18703.8391,18678.235,18672.1,18631.1609,stop,-1.0,16.0,False,False
1505,1541,long,failed_breakout,0.6,18642.45,18595.5869,18689.3131,18649.53,18644.1,18652.7,time_stop,0.219,12.0,False,False
1542,1547,long,pullback,0.81,18652.05,18668.933,18668.933,18653.9692,22385.0692,18668.933,stop,1.0,34.0,True,True
1563,1570,long,failed_breakout,0.75,18687.15,18726.329,18726.329,18704.315,18698.75,18698.75,target_3,0.296,15.0,True,True
1881,1886,long,failure_test,0.76,18641.35,18641.35,18661.7621,18682.1741,18702.5862,18641.35,stop,0.0,30.0,True,False
1887,1892,long,failure_test,0.84,18662.75,18630.8849,18694.6151,18726.4801,18758.3452,18630.8849,stop,-1.0,19.0,False,False
1923,1946,long,failed_breakout,0.5,18597.5,18563.9062,18631.0938,18602.83,18598.05,18563.9062,stop,-1.0,17.0,False,False
1962,1998,short,failure_test,0.61,18602.2,18602.2,18574.5044,18546.8088,18519.1132,18586.25,time_stop,0.576,20.0,True,False
1999,2025,long,failed_breakout,0.5,18586.45,18626.517,18626.517,18587.44,18596.05,18596.05,target_3,0.24,14.0,True,True
2026,2040,long,failed_breakout,0.75,18650.85,18572.4442,18729.2558,18697.695,18691.05,18572.4442,stop,-1.0,7.0,False,False
2041,2067,short,failure_test,0.65,18563.95,18536.0716,18536.0716,18508.1931,18480.3147,18480.3147,target_3,3.0,19.0,True,True
2093,2100,long,failed_breakout,0.6,18468.75,18401.7942,18535.7058,18478.005,18491.7,18401.7942,stop,-1.0,9.0,False,False
2101,2137,short,failed_breakout,0.45,18377.65,18521.8447,18233.4553,18326.43,18344.1,18504.1,time_stop,-0.877,4.0,False,False
2143,2151,short,failed_breakout,0.55,18482.25,18445.8275,18445.8275,18479.325,18475.8,18475.8,target_3,0.177,15.0,True,True
2167,2169,long,failed_breakout,0.55,18453.7,18485.5999,18485.5999,18461.985,18469.5,18469.5,target_3,0.495,18.0,True,True
2222,2229,long,failure_test,0.75,18602.9,18584.4226,18621.3774,18639.8547,18658.3321,18584.4226,stop,-1.0,32.0,False,False
2320,2325,long,pullback,0.53,18668.95,18636.1467,18701.7533,18691.9348,22430.3948,18636.1467,stop,-1.0,17.0,False,False
2326,2362,short,failure_test,0.58,18631.6,18588.9737,18588.9737,18546.3473,18503.721,18549.55,time_stop,1.925,12.0,True,True
2478,2484,long,failed_breakout,0.55,18279.45,18325.8786,18325.8786,18299.215,18313.3,18313.3,target_3,0.729,12.0,True,True
2515,2520,short,failed_breakout,0.55,18362.55,18336.2422,18336.2422,18345.935,18335.3,18335.3,target_3,1.036,23.0,True,True
2551,2572,short,failed_breakout,0.55,18324.0,18209.7826,18209.7826,18281.69,18296.15,18296.15,target_3,0.244,5.0,True,True
2668,2669,long,failure_test,0.8,18289.65,18268.7813,18310.5187,18331.3874,18352.2561,18268.7813,stop,-1.0,31.0,False,False
3003,3039,short,failed_breakout,0.45,18089.4,18158.3148,18020.4852,18085.41,18073.05,18133.9,time_stop,-0.646,8.0,False,False
3055,3068,long,failed_breakout,0.45,18152.25,18108.954,18195.546,18163.28,18156.35,18108.954,stop,-1.0,13.0,False,False
3069,3105,short,failure_test,0.66,18113.5,18060.7737,18060.7737,18008.0473,17955.321,18036.65,time_stop,1.458,10.0,True,True
3106,3110,long,failure_test,0.61,18036.4,18022.3777,18050.4223,18064.4445,18078.4668,18022.3777,stop,-1.0,43.0,False,False
3121,3131,long,failed_breakout,0.45,18045.35,18087.5976,18087.5976,18048.42,18050.65,18050.65,target_3,0.125,13.0,True,True
3147,3182,long,failure_test,0.67,18195.9,18195.9,18238.9417,18281.9834,18325.0251,18195.9,stop,0.0,13.0,True,False
3358,3384,long,pullback,0.6,18219.8,18118.8434,18320.7566,18251.0624,21901.5524,18118.8434,stop,-1.0,5.0,False,False
3385,3386,long,pullback,0.56,18127.25,18127.25,18135.5398,18252.6672,21903.1572,18127.25,stop,0.0,67.0,True,False
3395,3397,long,pullback,0.53,18127.65,18108.3772,18146.9228,18250.8078,21901.2978,18108.3772,stop,-1.0,28.0,False,False
3400,3405,long,failure_test,0.78,18111.15,18088.5677,18133.7323,18156.3147,18178.897,18088.5677,stop,-1.0,23.0,False,False
3406,3420,short,failure_test,0.76,18082.9,18082.9,18060.0311,18037.1621,18014.2932,18082.9,stop,0.0,22.0,True,False
3421,3437,long,failure_test,0.74,18082.95,18082.95,18114.9658,18146.9815,18178.9973,18082.95,stop,0.0,15.0,True,False
3453,3460,long,failure_test,0.71,18074.3,18022.7969,18125.8031,18177.3061,18228.8092,18022.7969,stop,-1.0,9.0,False,False
3531,3534,long,failure_test,0.64,18026.65,17968.5691,18084.7309,18142.8117,18200.8926,17968.5691,stop,-1.0,8.0,False,False
3606,3642,long,failure_test,0.59,18026.8,18075.7406,18075.7406,18124.6812,18173.6218,18099.45,time_stop,1.484,9.0,True,True
3983,4019,short,failure_test,0.75,17956.9,17956.9,17911.8001,17866.7002,17821.6003,17889.8,time_stop,1.488,10.0,True,False
4030,4044,short,failure_test,0.64,17902.55,17902.55,17875.412,17848.274,17821.136,17902.55,stop,0.0,19.0,True,False
4050,4051,short,pullback,0.57,17922.8,17922.8,17914.73,17886.77,14315.94,17922.8,stop,0.0,64.0,True,False
4105,4120,long,failure_test,0.67,17976.4,18001.3952,18001.3952,18026.3904,18051.3856,18051.3856,target_3,3.0,20.0,True,True
4201,4202,long,pullback,0.69,18118.2,18090.1398,18146.2602,18182.7672,21819.4072,18090.1398,stop,-1.0,21.0,False,False
4206,4242,long,pullback,0.59,18101.05,18101.05,18144.9529,18182.2866,21818.9266,18110.4,time_stop,0.213,12.0,True,False
4828,4833,long,pullback,0.75,17788.85,17794.7765,17794.7765,17809.7067,21372.0267,17794.7765,stop,1.0,96.0,True,True
4834,4839,long,pullback,0.53,17798.45,17872.5666,17872.5666,17809.081,21371.401,17872.5666,stop,1.0,8.0,True,True
5160,5169,long,failure_test,0.77,17728.05,17728.05,17765.4146,17802.7791,17840.1437,17728.05,stop,0.0,16.0,True,False
5190,5193,long,pullback,0.56,17849.5,17809.0315,17889.9685,17876.0376,21451.7176,17809.0315,stop,-1.0,15.0,False,False
5195,5200,short,failure_test,0.78,17820.5,17849.9741,17791.0259,17761.5517,17732.0776,17849.9741,stop,-1.0,20.0,False,False
5201,5237,long,pullback,0.5,17851.0,17810.4819,17891.5181,17876.4162,21452.0962,17886.0,time_stop,0.864,14.0,False,False
5308,5310,long,failure_test,0.66,17907.7,17886.6511,17928.7489,17949.7978,17970.8467,17886.6511,stop,-1.0,28.0,False,False
5533,5550,long,failed_breakout,0.45,17939.95,17890.2896,17989.6104,17960.485,17954.2,17890.2896,stop,-1.0,11.0,False,False
5561,5584,long,failure_test,0.78,17915.6,17915.6,17940.0542,17964.5085,17988.9627,17915.6,stop,0.0,22.0,True,False
5585,5602,long,pullback,0.6,17909.0,17909.0,17922.5478,17958.1136,21549.9136,17909.0,stop,0.0,39.0,True,False
5603,5604,long,pullback,0.56,17915.4,17908.8847,17921.9153,17957.433,21549.233,17908.8847,stop,-1.0,82.0,False,False
5608,5644,long,pullback,0.59,17935.55,17949.4829,17949.4829,17957.1334,21548.9334,18116.65,time_stop,12.998,36.0,True,True
5740,5753,short,failure_test,0.63,17952.05,17932.2766,17932.2766,17912.5033,17892.7299,17892.7299,target_3,3.0,42.0,True,True
5764,5766,long,failure_test,0.63,17924.3,17901.6087,17946.9913,17969.6826,17992.3739,17901.6087,stop,-1.0,42.0,False,False
5779,5780,short,failure_test,0.64,17917.5,17969.1251,17865.8749,17814.2497,17762.6246,17969.1251,stop,-1.0,17.0,False,False
6079,6084,short,failure_test,0.7,17565.0,17565.0,17523.8003,17482.6006,17441.4009,17565.0,stop,0.0,21.0,True,False
6370,6376,short,failure_test,0.67,17449.65,17436.9708,17436.9708,17424.2916,17411.6124,17411.6124,target_3,3.0,68.0,True,True
6397,6409,short,failure_test,0.71,17371.05,17390.6442,17351.4558,17331.8616,17312.2674,17390.6442,stop,-1.0,51.0,False,False
6725,6761,short,pullback,0.56,17656.2,17630.2805,17630.2805,17605.3913,14084.6813,17392.65,time_stop,10.168,36.0,True,True
6802,6805,short,failure_test,0.74,17389.7,17389.7,17378.1759,17366.6519,17355.1278,17389.7,stop,0.0,123.0,True,False
6807,6822,long,failed_breakout,0.5,17391.65,17417.3609,17417.3609,17414.575,17428.45,17417.3609,stop,1.0,55.0,True,True
6828,6850,long,failure_test,0.76,17500.25,17382.0281,17618.4719,17736.6938,17854.9157,17382.0281,stop,-1.0,12.0,False,False
6961,6962,long,failed_breakout,0.55,17021.1,17067.4686,17067.4686,17047.025,17064.65,17064.65,target_3,0.939,30.0,True,True
7001,7008,long,failure_test,0.68,17141.9,17111.9379,17171.8621,17201.8242,17231.7863,17111.9379,stop,-1.0,49.0,False,False
7194,7200,long,failure_test,0.66,17092.75,17051.2849,17134.2151,17175.6801,17217.1452,17051.2849,stop,-1.0,34.0,False,False
7201,7237,short,failure_test,0.61,16983.35,16983.35,16866.8602,16750.3705,16633.8807,16866.6,time_stop,1.002,11.0,True,False
7273,7275,long,breakout,0.55,17001.3,17021.9526,17021.9526,17046.2005,17067.1756,17067.1756,target_3,3.19,68.0,True,True
7333,7340,short,failure_test,0.71,17102.1,17122.4952,17081.7048,17061.3096,17040.9144,17122.4952,stop,-1.0,80.0,False,False
7341,7348,long,failure_test,0.71,17122.25,17098.3389,17146.1611,17170.0723,17193.9834,17098.3389,stop,-1.0,64.0,False,False
7349,7350,short,failure_test,0.76,17104.8,17118.5445,17091.0555,17077.311,17063.5665,17118.5445,stop,-1.0,107.0,False,False
7399,7402,short,failure_test,0.75,17124.3,17144.3995,17104.2005,17084.1011,17064.0016,17144.3995,stop,-1.0,69.0,False,False
7404,7404,long,pullback,0.52,17142.75,17126.1355,17159.3645,17164.1602,20597.2402,17126.1355,stop,-1.0,80.0,False,False
7514,7518,long,failure_test,0.69,17050.6,17012.0327,17089.1673,17127.7346,17166.3019,17012.0327,stop,-1.0,32.0,False,False
7879,7915,short,failed_breakout,0.55,17351.7,17437.5955,17265.8045,17348.155,17344.1,17348.5,time_stop,0.037,14.0,False,False
8026,8034,short,failed_breakout,0.45,17522.45,17576.3839,17468.5161,17511.705,17518.65,17576.3839,stop,-1.0,22.0,False,False
8035,8071,long,failed_breakout,0.45,17575.9,17495.0932,17656.7068,17599.675,17582.35,17621.1,time_stop,0.559,14.0,False,False
8322,8345,long,failed_breakout,0.6,17812.35,17761.6402,17863.0598,17818.74,17813.1,17761.6402,stop,-1.0,23.0,False,False
8346,8353,short,failure_test,0.68,17759.75,17759.75,17743.5803,17727.4106,17711.2409,17759.75,stop,0.0,69.0,True,False
8379,8390,long,failure_test,0.75,17771.5,17790.5237,17790.5237,17809.5474,17828.571,17790.5237,stop,1.0,59.0,True,True
8401,8437,short,failure_test,0.84,17673.15,17869.8727,17476.4273,17279.7046,17082.9819,17670.9,time_stop,0.011,5.0,False,False
8453,8465,long,failure_test,0.97,17675.55,17675.55,17696.5347,17717.5195,17738.5042,17675.55,stop,0.0,56.0,True,False
8481,8481,long,anti,0.75,17720.5,17706.3439,17816.85,17913.2,18009.55,17706.3439,stop,-1.0,83.0,False,False
8486,8522,long,failure_test,0.93,17673.95,17673.95,17699.9307,17725.9115,17751.8922,17690.1,time_stop,0.622,43.0,True,False
8583,8596,long,failure_test,0.93,17653.65,17639.3658,17667.9342,17682.2183,17696.5025,17639.3658,stop,-1.0,80.0,False,False
8612,8625,long,failed_breakout,0.65,17610.6,17647.6719,17647.6719,17631.83,17648.0,17648.0,target_3,1.009,29.0,True,True
8626,8640,long,failure_test,0.87,17653.1,17605.7894,17700.4106,17747.7213,17795.0319,17605.7894,stop,-1.0,24.0,False,False
8691,8699,long,failure_test,0.79,17608.8,17620.099,17620.099,17631.398,17642.697,17620.099,stop,1.0,96.0,True,True
8715,8751,short,failure_test,0.6,17597.8,17597.8,17572.514,17547.228,17521.942,17593.9,time_stop,0.154,45.0,True,False
8782,8814,short,failure_test,0.75,17646.15,17646.15,17614.0402,17581.9303,17549.8205,17646.15,stop,0.0,36.0,True,False
8855,8874,long,pullback,0.58,17745.75,17779.0951,17779.0951,17764.4728,21317.6828,17779.0951,stop,1.0,34.0,True,True
8995,9004,long,failed_breakout,0.45,17799.1,17833.2317,17833.2317,17804.51,17799.9,17799.9,target_3,0.023,35.0,True,True
9145,9150,long,failed_breakout,0.55,18047.8,18138.8535,18138.8535,18113.43,18107.1,18107.1,target_3,0.651,13.0,True,True
9221,9222,long,pullback,0.66,18158.55,18130.924,18186.176,18161.5997,21794.2797,18130.924,stop,-1.0,45.0,False,False
9281,9300,short,failed_breakout,0.55,18050.05,18105.1002,17994.9998,18021.685,18028.45,18105.1002,stop,-1.0,21.0,False,False
9381,9406,long,pullback,0.62,18176.6,18110.0587,18243.1413,18189.8168,21828.2868,18110.0587,stop,-1.0,17.0,False,False
9422,9430,long,failure_test,0.92,18145.9,18115.6553,18176.1447,18206.3894,18236.6342,18115.6553,stop,-1.0,35.0,False,False
9436,9438,long,failure_test,0.85,18132.0,18108.1175,18155.8825,18179.765,18203.6475,18108.1175,stop,-1.0,42.0,False,False
9446,9450,short,failure_test,0.56,18077.2,18103.1824,18051.2176,18025.2353,17999.2529,18103.1824,stop,-1.0,37.0,False,False
9451,9487,long,failure_test,0.84,18159.4,18159.4,18224.8634,18290.3268,18355.7902,18262.85,time_stop,1.58,14.0,True,False
9518,9520,long,pullback,0.79,18268.8,18255.3944,18282.2056,18277.4484,21933.0084,18255.3944,stop,-1.0,74.0,False,False
9583,9583,long,pullback,0.82,18240.6,18239.0388,18242.1612,18276.3889,21931.9489,18239.0388,stop,-1.0,608.0,False,False
9588,9603,long,failure_test,0.94,18270.25,18270.25,18300.8176,18331.3851,18361.9527,18270.25,stop,0.0,29.0,True,False
9614,9617,long,pullback,0.82,18243.45,18243.45,18262.7935,18275.809,21931.369,18243.45,stop,0.0,46.0,True,False
9629,9644,short,failure_test,0.62,18270.75,18293.1412,18248.3588,18225.9676,18203.5764,18293.1412,stop,-1.0,40.0,False,False
9650,9659,short,failure_test,0.56,18264.75,18289.9119,18239.5881,18214.4262,18189.2643,18289.9119,stop,-1.0,34.0,False,False
9680,9716,short,failed_breakout,0.55,18295.15,18366.0143,18224.2857,18285.27,18268.35,18311.95,time_stop,-0.237,11.0,False,False
9742,9742,long,pullback,0.61,18309.55,18300.2654,18318.8346,18356.5901,22028.1501,18300.2654,stop,-1.0,86.0,False,False
9927,9963,short,failure_test,0.74,18361.95,18361.95,18339.8252,18317.7005,18295.5757,18340.7,time_stop,0.96,34.0,True,False
10109,10120,short,failed_breakout,0.55,18171.65,18122.7146,18122.7146,18153.11,18160.4,18160.4,target_3,0.23,16.0,True,True
10241,10251,long,failure_test,0.71,18294.3,18272.4186,18316.1814,18338.0627,18359.9441,18272.4186,stop,-1.0,37.0,False,False
10257,10271,long,pullback,0.52,18288.7,18330.0585,18330.0585,18324.8261,21989.8361,18330.0585,stop,1.0,18.0,True,True
10332,10340,long,pullback,0.55,18399.2,18385.208,18413.192,18418.3809,22102.3109,18385.208,stop,-1.0,57.0,False,False
10341,10350,short,failure_test,0.62,18380.4,18352.5674,18352.5674,18324.7349,18296.9023,18296.9023,target_3,3.0,27.0,True,True
10351,10352,short,failure_test,0.64,18303.85,18303.85,18282.1645,18260.479,18238.7935,18303.85,stop,0.0,40.0,True,False
10356,10369,long,failure_test,0.64,18328.35,18346.1132,18346.1132,18363.8763,18381.6395,18381.6395,target_3,3.0,49.0,True,True
10375,10378,long,breakout,0.7,18384.9,18372.7703,18397.0297,18397.1194,18401.2993,18372.7703,stop,-1.0,83.0,False,False
10380,10390,short,failure_test,0.67,18361.8,18348.1772,18348.1772,18334.5544,18320.9316,18320.9316,target_3,3.0,70.0,True,True
10391,10397,long,failure_test,0.71,18327.45,18309.8968,18345.0032,18362.5564,18380.1096,18309.8968,stop,-1.0,62.0,False,False
10398,10401,short,failure_test,0.66,18302.8,18317.407,18288.193,18273.586,18258.979,18317.407,stop,-1.0,71.0,False,False
10448,10449,long,failure_test,0.64,18249.45,18230.8434,18268.0566,18286.6632,18305.2699,18230.8434,stop,-1.0,53.0,False,False
10743,10756,short,failed_breakout,0.5,18541.3,18499.8306,18499.8306,18530.78,18538.4,18538.4,target_3,0.07,22.0,True,True
10757,10793,short,failed_breakout,0.65,18493.4,18564.4454,18422.3546,18446.925,18453.75,18543.75,time_stop,-0.709,13.0,False,False
10869,10869,long,failure_test,0.77,18523.1,18506.4713,18539.7287,18556.3575,18572.9862,18506.4713,stop,-1.0,55.0,False,False
10884,10907,short,failure_test,0.77,18504.35,18534.9149,18473.7851,18443.2203,18412.6554,18534.9149,stop,-1.0,28.0,False,False
11028,11035,long,failed_breakout,0.5,18602.8,18578.2031,18627.3969,18613.9,18623.5,18578.2031,stop,-1.0,33.0,False,False
11096,11132,long,failure_test,0.63,18597.3,18624.1168,18624.1168,18650.9336,18677.7504,18664.15,time_stop,2.493,29.0,True,True
11133,11169,long,pullback,0.58,18664.7,18695.3548,18695.3548,18675.0915,22410.1715,18719.7,time_stop,1.794,28.0,True,True
11250,11254,long,failure_test,0.76,18655.9,18630.6717,18681.1283,18706.3566,18731.5849,18630.6717,stop,-1.0,38.0,False,False
11260,11262,long,pullback,0.56,18657.45,18630.61,18684.29,18673.86,22408.94,18630.61,stop,-1.0,34.0,False,False
11265,11274,short,failure_test,0.79,18620.65,18620.65,18601.4754,18582.3009,18563.1263,18620.65,stop,0.0,45.0,True,False
11295,11311,short,failed_breakout,0.5,18606.0,18560.3138,18560.3138,18587.605,18593.65,18593.65,target_3,0.27,19.0,True,True
11312,11313,short,failure_test,0.88,18560.15,18573.6725,18546.6275,18533.105,18519.5825,18573.6725,stop,-1.0,65.0,False,False
11322,11325,short,failure_test,0.93,18564.25,18584.0013,18544.4987,18524.7474,18504.9961,18584.0013,stop,-1.0,42.0,False,False
11327,11328,short,pullback,0.73,18586.05,18597.8748,18574.2252,18557.0142,14845.8742,18597.8748,stop,-1.0,67.0,False,False
11332,11368,short,pullback,0.75,18584.5,18628.793,18540.207,18557.4051,14846.2651,18590.75,time_stop,-0.141,17.0,False,False
11539,11544,long,failed_breakout,0.55,18757.15,18769.0743,18769.0743,18763.42,18768.4,18768.4,target_3,0.943,63.0,True,True
11555,11560,short,failed_breakout,0.55,18732.25,18780.4241,18684.0759,18708.615,18714.45,18780.4241,stop,-1.0,16.0,False,False
11561,11572,long,failure_test,0.6,18779.85,18763.3985,18796.3015,18812.7529,18829.2044,18763.3985,stop,-1.0,45.0,False,False
11573,11587,short,failure_test,0.78,18761.4,18740.2658,18740.2658,18719.1316,18697.9974,18740.2658,stop,1.0,33.0,True,True
11588,11609,long,pullback,0.46,18742.25,18706.6574,18777.8426,18773.3807,22528.2707,18706.6574,stop,-1.0,20.0,False,False
11615,11618,long,pullback,0.48,18687.5,18669.277,18705.723,18772.9709,22527.8609,18669.277,stop,-1.0,39.0,False,False
11735,11737,long,failed_breakout,0.7,18773.6,18790.9312,18790.9312,18787.06,18795.55,18790.9312,stop,1.0,38.0,True,True
11750,11764,short,failure_test,0.66,18736.85,18764.4236,18709.2764,18681.7029,18654.1293,18764.4236,stop,-1.0,25.0,False,False
11765,11775,long,failure_test,0.85,18763.15,18730.239,18796.061,18828.9721,18861.8831,18730.239,stop,-1.0,20.0,False,False
11776,11802,short,failure_test,0.55,18714.6,18714.6,18662.0982,18609.5965,18557.0947,18714.6,stop,0.0,12.0,True,False
11973,11986,long,pullback,0.57,18803.25,18803.25,18808.7896,18884.8315,22662.0415,18803.25,stop,0.0,115.0,True,False
11992,12002,short,anti,0.5,18809.05,18763.475,18763.475,18717.9,18672.325,18672.325,target_3,7.618,35.0,True,True
12363,12399,long,pb_after_breakout,1.0,19155.9,18877.7161,19434.0839,19160.0968,19162.1951,19271.1,time_stop,0.414,3.0,False,False
12470,12506,long,pullback,0.62,19331.85,19369.9981,19369.9981,19411.4148,23294.1148,19415.75,time_stop,2.199,23.0,True,True
12512,12548,long,pullback,0.6,19381.35,19293.8577,19468.8423,19410.8522,23293.5522,19374.0,time_stop,-0.084,11.0,False,False
12789,12799,long,failed_breakout,0.6,19359.45,19394.9384,19394.9384,19389.72,19410.9,19394.9384,stop,1.0,27.0,True,True
12805,12819,short,failure_test,0.69,19392.9,19376.2614,19376.2614,19359.6228,19342.9842,19342.9842,target_3,3.0,62.0,True,True
12915,12925,long,pullback,0.85,19442.4,19442.4,19455.9558,19506.2912,23407.8312,19442.4,stop,0.0,87.0,True,False
12931,12933,long,pullback,0.84,19411.6,19411.6,19416.0793,19504.0226,23405.5626,19411.6,stop,0.0,266.0,True,False
12936,12969,long,failure_test,0.94,19419.3,19419.3,19440.8186,19462.3372,19483.8557,19419.3,stop,0.0,55.0,True,False
12970,12970,long,breakout,0.8,19401.95,19389.1268,19414.7732,19426.8994,19438.6993,19389.1268,stop,-1.0,93.0,False,False
13045,13049,short,failure_test,0.68,19398.4,19443.1666,19353.6334,19308.8669,19264.1003,19443.1666,stop,-1.0,25.0,False,False
13050,13051,long,failure_test,0.68,19493.45,19493.45,19515.8194,19538.1887,19560.5581,19493.45,stop,0.0,48.0,True,False
13055,13059,long,breakout,0.55,19467.55,19451.351,19483.749,19496.1336,19511.9294,19451.351,stop,-1.0,66.0,False,False
13060,13074,short,failure_test,0.58,19455.8,19479.9178,19431.6822,19407.5644,19383.4465,19479.9178,stop,-1.0,42.0,False,False
13075,13079,long,failure_test,0.88,19486.75,19464.5296,19508.9704,19531.1907,19553.4111,19464.5296,stop,-1.0,43.0,False,False
13105,13108,short,failed_breakout,0.45,19480.5,19515.542,19445.458,19479.295,19472.8,19515.542,stop,-1.0,26.0,False,False
13110,13119,short,failure_test,0.63,19512.3,19512.3,19486.8857,19461.4714,19436.0571,19512.3,stop,0.0,34.0,True,False
13230,13266,short,failed_breakout,0.55,19707.55,19828.1804,19586.9196,19640.1,19650.75,19732.05,time_stop,-0.203,7.0,False,False
13277,13313,short,failure_test,0.76,19803.7,19803.7,19753.2703,19702.8407,19652.411,19755.25,time_stop,0.961,17.0,True,False
13314,13350,long,pullback,0.6,19755.2,19802.0397,19802.0397,19817.7887,23781.6787,19798.5,time_stop,0.924,19.0,True,True
13356,13363,short,failure_test,0.75,19782.35,19825.1297,19739.5703,19696.7906,19654.0108,19825.1297,stop,-1.0,22.0,False,False
13364,13400,long,failure_test,0.66,19823.25,19864.5219,19864.5219,19905.7938,19947.0657,19912.4,time_stop,2.16,21.0,True,True
13561,13575,short,failure_test,0.59,19719.55,19719.55,19662.5866,19605.6232,19548.6598,19719.55,stop,0.0,17.0,True,False
13606,13617,long,failure_test,0.82,19658.05,19678.2804,19678.2804,19698.5107,19718.7411,19678.2804,stop,1.0,49.0,True,True
13633,13650,long,failed_breakout,0.65,19660.65,19713.1664,19713.1664,19677.59,19697.45,19697.45,target_3,0.701,19.0,True,True
13651,13652,short,failure_test,0.67,19724.35,19759.1532,19689.5468,19654.7436,19619.9404,19759.1532,stop,-1.0,31.0,False,False
13676,13699,short,failure_test,0.76,19806.1,19806.1,19788.118,19770.136,19752.154,19806.1,stop,0.0,57.0,True,False
13700,13717,long,pb_after_breakout,0.85,19801.6,19770.5162,19832.6838,19824.2561,19835.5841,19770.5162,stop,-1.0,33.0,False,False
13723,13733,long,pullback,0.55,19779.3,19816.1775,19816.1775,19823.9636,23789.0836,19816.1775,stop,1.0,26.0,True,True
13744,13751,long,pullback,0.67,19801.0,19742.3909,19859.6091,19824.3831,23789.5031,19742.3909,stop,-1.0,17.0,False,False
13757,13770,long,failure_test,0.87,19737.05,19712.7004,19761.3996,19785.7491,19810.0987,19712.7004,stop,-1.0,40.0,False,False
13776,13789,short,failure_test,0.73,19706.05,19678.6911,19678.6911,19651.3323,19623.9734,19623.9734,target_3,3.0,33.0,True,True
13790,13797,short,failure_test,0.67,19621.05,19667.6664,19574.4336,19527.8172,19481.2008,19667.6664,stop,-1.0,22.0,False,False
13798,13800,long,failure_test,0.69,19677.35,19677.35,19704.6336,19731.9171,19759.2007,19677.35,stop,0.0,37.0,True,False
13803,13839,short,failure_test,0.62,19610.0,19696.2169,19523.7831,19437.5662,19351.3492,19584.25,time_stop,0.299,11.0,False,False
13870,13875,long,failure_test,0.57,19652.0,19616.6024,19687.3976,19722.7951,19758.1927,19616.6024,stop,-1.0,29.0,False,False
13876,13896,short,failure_test,0.82,19614.5,19697.0186,19531.9814,19449.4628,19366.9443,19697.0186,stop,-1.0,11.0,False,False
13947,13983,long,failure_test,0.66,19759.75,19710.6824,19808.8176,19857.8853,19906.9529,19738.9,time_stop,-0.425,18.0,False,False
13999,14006,long,failure_test,0.69,19741.95,19741.95,19758.4495,19774.9489,19791.4484,19741.95,stop,0.0,55.0,True,False
14007,14025,short,failed_breakout,0.55,19734.25,19697.0245,19697.0245,19716.1,19704.25,19704.25,target_3,0.806,24.0,True,True
14026,14053,short,failure_test,0.61,19653.0,19608.9623,19608.9623,19564.9246,19520.887,19520.887,target_3,3.0,21.0,True,True
14109,14145,short,pullback,0.45,19500.4,19455.0797,19455.0797,19441.8701,15554.0201,19348.7,time_stop,3.347,23.0,True,True
14221,14226,long,failed_breakout,0.5,19511.4,19485.5203,19537.2797,19527.38,19539.2,19485.5203,stop,-1.0,48.0,False,False
14462,14465,long,failure_test,0.59,19524.05,19538.372,19538.372,19552.694,19567.016,19567.016,target_3,3.0,83.0,True,True
14477,14508,short,failure_test,0.74,19580.15,19580.15,19534.5397,19488.9293,19443.319,19580.15,stop,0.0,30.0,True,False
14524,14530,short,failure_test,0.76,19577.1,19560.6047,19560.6047,19544.1095,19527.6142,19527.6142,target_3,3.0,83.0,True,True
14676,14676,short,pullback,0.52,19372.6,19374.6535,19370.5465,19347.001,15477.811,19374.6535,stop,-1.0,770.0,False,False
14681,14684,short,pullback,0.64,19402.5,19429.5409,19375.4591,19347.8026,15478.6126,19429.5409,stop,-1.0,55.0,False,False
14906,14906,short,pullback,0.79,19289.35,19289.9506,19288.7494,19255.443,15404.723,19289.9506,stop,-1.0,2379.0,False,False
14911,14947,short,pb_after_breakout,0.75,19370.5,19370.5,19325.4351,19256.0455,19198.8182,19370.5,time_stop,0.0,30.0,True,False
14973,14979,short,breakout,0.6,19403.65,19403.65,19394.7893,19280.7605,19220.4756,19403.65,stop,0.0,153.0,True,False
14990,14994,short,failed_breakout,0.55,19395.7,19420.0272,19371.3728,19393.925,19386.8,19420.0272,stop,-1.0,55.0,False,False
14995,15003,short,failure_test,0.83,19403.45,19433.5383,19373.3617,19343.2734,19313.1851,19433.5383,stop,-1.0,42.0,False,False
15319,15339,short,failure_test,0.84,19313.85,19334.6227,19293.0773,19272.3046,19251.5318,19334.6227,stop,-1.0,59.0,False,False
15380,15387,long,failure_test,0.63,19352.9,19327.7963,19378.0037,19403.1074,19428.2112,19327.7963,stop,-1.0,46.0,False,False
15388,15409,short,failure_test,0.9,19324.8,19346.9119,19302.6881,19280.5762,19258.4644,19346.9119,stop,-1.0,50.0,False,False
15635,15671,long,anti,0.5,19336.6,19336.6,19415.75,19494.9,19574.05,19435.15,time_stop,6.135,65.0,True,False
15697,15714,long,failed_breakout,0.45,19467.8,19511.24,19511.24,19480.595,19496.3,19496.3,target_3,0.656,31.0,True,True
15800,15800,long,pullback,0.67,19528.45,19528.191,19528.709,19567.5311,23481.1211,19528.191,stop,-1.0,5473.0,False,False
15815,15823,long,pullback,0.59,19553.6,19579.6473,19579.6473,19566.3436,23479.9336,19579.6473,stop,1.0,51.0,True,True
16279,16315,long,failed_breakout,0.5,20155.15,20045.113,20265.187,20222.295,20213.25,20060.6,time_stop,-0.859,12.0,False,False
16401,16420,long,pullback,0.76,20175.8,20221.3446,20221.3446,20191.6016,24230.1916,20221.3446,stop,1.0,29.0,True,True
16646,16650,long,failed_breakout,0.55,19736.85,19768.8497,19768.8497,19739.445,19749.0,19749.0,target_3,0.38,44.0,True,True
16666,16684,long,failed_breakout,0.55,19719.15,19783.6119,19783.6119,19766.985,19792.35,19783.6119,stop,1.0,22.0,True,True
16825,16861,long,pullback,0.69,19681.7,19622.4802,19740.9198,19732.8229,23679.6529,19669.2,time_stop,-0.211,25.0,False,False
16927,16928,long,failure_test,0.74,19714.7,19689.4338,19739.9662,19765.2323,19790.4985,19689.4338,stop,-1.0,59.0,False,False
16942,16954,long,failure_test,0.74,19714.55,19714.55,19744.6607,19774.7714,19804.8821,19714.55,stop,0.0,47.0,True,False
17050,17077,long,failure_test,0.56,19606.6,19633.2459,19633.2459,19659.8919,19686.5378,19686.5378,target_3,3.0,53.0,True,True
17078,17091,long,failure_test,0.57,19684.5,19700.0645,19700.0645,19715.6289,19731.1934,19700.0645,stop,1.0,105.0,True,True
17092,17097,short,failure_test,0.84,19689.95,19666.753,19666.753,19643.556,19620.359,19620.359,target_3,3.0,74.0,True,True
17103,17139,short,failure_test,0.83,19530.25,19629.8633,19430.6367,19331.0233,19231.41,19525.0,time_stop,0.053,19.0,False,False
17320,17325,short,failed_breakout,0.55,19541.65,19570.6224,19512.6776,19537.15,19540.15,19570.6224,stop,-1.0,68.0,False,False
17331,17332,short,failure_test,0.76,19592.25,19614.7142,19569.7858,19547.3216,19524.8575,19614.7142,stop,-1.0,84.0,False,False
17441,17475,short,failure_test,0.79,19522.3,19550.0838,19494.5162,19466.7324,19438.9485,19550.0838,stop,-1.0,64.0,False,False
17481,17485,short,failure_test,0.68,19595.55,19610.939,19580.161,19564.7719,19549.3829,19610.939,stop,-1.0,110.0,False,False
17641,17677,long,pullback,0.54,19784.7,19784.7,19801.1326,19842.1193,23810.7793,19812.2,time_stop,1.674,98.0,True,False
17873,17894,short,failed_breakout,0.5,19825.85,19847.7218,19803.9782,19821.46,19814.95,19847.7218,stop,-1.0,80.0,False,False
17895,17902,long,pullback,0.75,19843.2,19818.2511,19868.1489,19848.9646,23818.9146,19818.2511,stop,-1.0,66.0,False,False
18063,18099,short,pullback,0.54,19641.95,19641.95,19596.3999,19514.4072,15611.9372,19572.9,time_stop,1.516,34.0,True,False
18105,18141,short,failed_breakout,0.5,19542.15,19582.6867,19501.6133,19531.615,19538.5,19545.95,time_stop,-0.094,41.0,False,False
18377,18413,long,failed_breakout,0.45,18977.3,18828.8483,19125.7517,19069.795,19057.45,19023.4,time_stop,0.311,11.0,False,False
18529,18565,short,failed_breakout,0.55,19123.75,19242.8491,19004.6509,19123.205,19111.2,19102.65,time_stop,0.177,14.0,False,False
18576,18594,long,failure_test,0.64,19119.55,19079.7804,19159.3196,19199.0891,19238.8587,19079.7804,stop,-1.0,43.0,False,False
18715,18748,long,failure_test,0.69,19088.5,19106.2835,19106.2835,19124.0671,19141.8506,19141.8506,target_3,3.0,92.0,True,True
18844,18847,long,pullback,0.61,19339.9,19319.647,19360.153,19355.742,23227.212,19319.647,stop,-1.0,93.0,False,False
18849,18872,long,pullback,0.56,19332.3,19344.4956,19344.4956,19356.3013,23227.7713,19344.4956,stop,1.0,147.0,True,True
18983,19019,long,pullback,0.56,19428.3,19397.5322,19459.0678,19453.002,23344.142,19437.5,time_stop,0.299,61.0,False,False
19195,19200,long,failure_test,0.62,19413.95,19444.7025,19444.7025,19475.455,19506.2075,19506.2075,target_3,3.0,62.0,True,True
19201,19204,long,failure_test,0.7,19523.4,19523.4,19543.2247,19563.0493,19582.874,19523.4,stop,0.0,111.0,True,False
19366,19367,short,failed_breakout,0.55,19643.75,19700.2606,19587.2394,19632.985,19643.2,19700.2606,stop,-1.0,38.0,False,False
19436,19472,short,failed_breakout,0.55,19744.2,19885.4312,19602.9688,19660.735,19676.35,19761.6,time_stop,-0.123,14.0,False,False
19478,19480,long,anti,0.65,19768.8,19759.5653,19872.7,19976.6,20080.5,19759.5653,stop,-1.0,225.0,False,False
19588,19622,short,failure_test,0.71,19762.95,19790.9052,19734.9948,19707.0396,19679.0845,19790.9052,stop,-1.0,70.0,False,False
19668,19694,long,pullback,0.57,19804.3,19762.214,19846.386,19809.8683,23772.2383,19762.214,stop,-1.0,44.0,False,False
19850,19858,long,pullback,0.55,19812.05,19785.6993,19838.4007,19823.4141,23787.8341,19785.6993,stop,-1.0,67.0,False,False
19859,19872,short,failure_test,0.76,19782.4,19804.2954,19760.5046,19738.6093,19716.7139,19804.2954,stop,-1.0,77.0,False,False
19873,19890,long,failure_test,0.72,19800.6,19823.3107,19823.3107,19846.0214,19868.7321,19823.3107,stop,1.0,71.0,True,True
19941,19943,long,failure_test,0.68,19825.9,19818.1871,19833.6129,19841.3259,19849.0388,19818.1871,stop,-1.0,220.0,False,False
19951,19962,long,failed_breakout,0.45,19882.8,19951.144,19951.144,19934.785,19931.5,19931.5,target_3,0.713,23.0,True,True
20063,20096,long,pb_after_breakout,0.85,20065.75,20065.75,20105.1974,20134.5183,20168.9025,20065.75,stop,0.0,42.0,True,False
20097,20099,short,failure_test,0.66,20061.3,20078.2716,20044.3284,20027.3568,20010.3852,20078.2716,stop,-1.0,98.0,False,False
20102,20112,long,failure_test,0.64,20106.5,20143.8544,20143.8544,20181.2088,20218.5632,20218.5632,target_3,3.0,42.0,True,True
20168,20171,long,pullback,0.61,20275.6,20290.1056,20290.1056,20285.277,24342.537,20290.1056,stop,1.0,125.0,True,True
20173,20175,long,pullback,0.59,20275.3,20260.3278,20290.2722,20284.7008,24341.9608,20260.3278,stop,-1.0,127.0,False,False
20178,20187,short,failed_breakout,0.55,20249.65,20296.3355,20202.9645,20228.255,20235.35,20296.3355,stop,-1.0,38.0,False,False
20323,20327,long,pullback,0.84,20802.1,20821.3281,20821.3281,20810.9848,24973.6048,20821.3281,stop,1.0,89.0,True,True
20488,20524,long,failed_breakout,0.45,20946.4,20872.3483,21020.4517,20979.925,20969.5,20952.55,time_stop,0.083,24.0,False,False
20525,20537,short,failure_test,0.61,20951.65,20933.0952,20933.0952,20914.5403,20895.9855,20895.9855,target_3,3.0,98.0,True,True
20538,20539,short,failure_test,0.57,20893.1,20912.2218,20873.9782,20854.8564,20835.7347,20912.2218,stop,-1.0,109.0,False,False
20553,20562,long,failure_test,0.75,20936.55,20936.55,20961.9118,20987.2737,21012.6355,20936.55,stop,0.0,78.0,True,False
20563,20599,long,failure_test,0.94,21004.95,20917.6416,21092.2584,21179.5668,21266.8753,20970.0,time_stop,-0.4,22.0,False,False
20755,20764,long,failed_breakout,0.55,20807.6,20852.383,20852.383,20812.625,20815.1,20815.1,target_3,0.167,43.0,True,True
20780,20783,short,pb_after_breakout,0.6,20869.5,20933.7707,20805.2293,20820.9219,20796.6329,20933.7707,stop,-1.0,30.0,False,False
20810,20836,long,failed_breakout,0.55,21161.9,21200.915,21200.915,21177.665,21190.1,21190.1,target_3,0.723,47.0,True,True
20862,20866,long,failed_breakout,0.55,21287.45,21248.2517,21326.6483,21287.67,21293.85,21248.2517,stop,-1.0,49.0,False,False
21277,21279,short,failure_test,0.54,21304.3,21349.9886,21258.6114,21212.9228,21167.2342,21349.9886,stop,-1.0,40.0,False,False
21282,21290,long,failed_breakout,0.5,21351.4,21278.9142,21423.8858,21372.535,21387.25,21278.9142,stop,-1.0,24.0,False,False
21291,21292,short,failure_test,0.56,21275.55,21275.55,21240.443,21205.336,21170.229,21275.55,stop,0.0,47.0,True,False
21296,21329,long,failure_test,0.84,21309.45,21361.6046,21361.6046,21413.7593,21465.9139,21465.9139,target_3,3.0,31.0,True,True
21375,21411,long,pb_after_breakout,1.0,21454.5,21312.9049,21596.0951,21473.2994,21482.6991,21578.0,time_stop,0.872,13.0,False,False
21437,21439,long,pullback,0.57,21538.3,21518.1319,21558.4681,21601.7877,25922.4677,21518.1319,stop,-1.0,98.0,False,False
21442,21478,long,pullback,0.6,21545.2,21572.537,21572.537,21601.5323,25922.2123,21696.0,time_stop,5.516,69.0,True,True
21534,21537,long,failed_breakout,0.5,21780.7,21721.7098,21839.6902,21799.18,21789.4,21721.7098,stop,-1.0,40.0,False,False
21539,21575,long,pb_after_breakout,0.85,21712.55,21496.02,21929.08,21774.463,21805.4195,21736.2,time_stop,0.109,10.0,False,False
21751,21762,long,anti,0.65,21661.85,21641.0883,21761.825,21861.8,21961.775,21641.0883,stop,-1.0,110.0,False,False
21768,21804,short,failure_test,0.54,21559.65,21605.2948,21514.0052,21468.3605,21422.7157,21546.35,time_stop,0.291,47.0,False,False
21825,21826,long,failure_test,0.82,21555.4,21532.796,21578.004,21600.6079,21623.2119,21532.796,stop,-1.0,98.0,False,False
21830,21831,long,failure_test,0.84,21565.8,21534.7519,21596.8481,21627.8962,21658.9443,21534.7519,stop,-1.0,67.0,False,False
21905,21911,long,pullback,0.77,21650.25,21665.055,21665.055,21673.4986,26008.3586,21665.055,stop,1.0,135.0,True,True
21922,21929,long,failure_test,0.73,21741.4,21715.267,21767.533,21793.6661,21819.7991,21715.267,stop,-1.0,80.0,False,False
21930,21966,short,failure_test,0.77,21705.35,21746.3054,21664.3946,21623.4392,21582.4837,21675.1,time_stop,0.739,48.0,False,False
22172,22193,short,pullback,0.55,21521.85,21521.85,21478.11,21450.2114,17160.4814,21521.85,stop,0.0,47.0,True,False
22239,22275,long,pb_after_breakout,0.85,21655.75,21582.1422,21729.3578,21682.9329,21696.5243,21650.05,time_stop,-0.077,28.0,False,False
22276,22287,long,pb_after_breakout,0.85,21650.6,21762.0309,21762.0309,21682.264,21698.096,21698.096,target_3,0.426,18.0,True,True
22358,22362,short,failed_breakout,0.55,21858.3,21937.8122,21778.7878,21839.745,21851.4,21937.8122,stop,-1.0,26.0,False,False
22363,22399,long,failed_breakout,0.55,22052.55,21841.4193,22263.6807,22193.23,22177.3,22068.2,time_stop,0.074,9.0,False,False
22450,22486,long,pb_after_breakout,0.85,22088.0,21667.412,22508.588,22112.6409,22124.9613,22013.6,time_stop,-0.177,4.0,False,False
23032,23037,long,failed_breakout,0.45,21321.45,21403.7539,21403.7539,21345.6,21330.6,21330.6,target_3,0.111,24.0,True,True
23038,23074,long,failure_test,0.65,21476.75,21541.4963,21541.4963,21606.2426,21670.9889,21669.8,time_stop,2.982,30.0,True,True
23115,23151,short,failed_breakout,0.45,21704.5,21827.1651,21581.8349,21702.585,21689.0,21704.5,time_stop,0.0,18.0,False,False
23227,23228,long,failure_test,0.84,21689.35,21657.3874,21721.3126,21753.2751,21785.2377,21657.3874,stop,-1.0,71.0,False,False
23237,23240,long,failure_test,0.84,21691.2,21663.9909,21718.4091,21745.6182,21772.8273,21663.9909,stop,-1.0,80.0,False,False
23242,23246,short,failure_test,0.54,21659.25,21696.2835,21622.2165,21585.1829,21548.1494,21696.2835,stop,-1.0,55.0,False,False
23247,23256,short,failure_test,0.52,21685.8,21713.6754,21657.9246,21630.0493,21602.1739,21713.6754,stop,-1.0,70.0,False,False
23257,23263,long,failure_test,0.8,21719.05,21743.4021,21743.4021,21767.7542,21792.1063,21743.4021,stop,1.0,76.0,True,True
23269,23272,short,failure_test,0.53,21740.85,21776.1277,21705.5723,21670.2946,21635.0168,21776.1277,stop,-1.0,55.0,False,False
23274,23284,long,failure_test,0.61,21782.9,21782.9,21830.3615,21877.823,21925.2844,21782.9,stop,0.0,39.0,True,False
23330,23337,short,pullback,0.66,21720.75,21720.75,21696.0747,21661.4072,17329.6572,21720.75,stop,0.0,75.0,True,False
23408,23413,long,pullback,0.81,21869.9,21869.9,21907.1832,22125.2905,26550.6505,21869.9,stop,0.0,50.0,True,False
23469,23471,long,failed_breakout,0.5,21940.8,21892.4347,21989.1653,21943.015,21951.65,21892.4347,stop,-1.0,38.0,False,False
23479,23487,short,failure_test,0.54,21775.2,21839.7864,21710.6136,21646.0273,21581.4409,21839.7864,stop,-1.0,27.0,False,False
23498,23502,long,breakout,0.55,21854.2,21800.261,21908.139,21871.3814,21882.6018,21800.261,stop,-1.0,31.0,False,False
23558,23561,short,failure_test,0.57,21925.2,21947.5131,21902.8869,21880.5738,21858.2607,21947.5131,stop,-1.0,71.0,False,False
23563,23563,long,failure_test,0.87,22030.45,21996.8657,22064.0343,22097.6185,22131.2028,21996.8657,stop,-1.0,45.0,False,False
23633,23637,short,failure_test,0.65,21930.3,21974.9781,21885.6219,21840.9438,21796.2657,21974.9781,stop,-1.0,32.0,False,False
23653,23654,long,failure_test,0.85,21963.85,21906.6532,22021.0468,22078.2435,22135.4403,21906.6532,stop,-1.0,24.0,False,False
23658,23694,short,failure_test,0.58,21830.65,21830.65,21754.2309,21677.8118,21601.3928,21738.1,time_stop,1.211,17.0,True,False
23695,23710,short,failure_test,0.54,21737.6,21737.6,21694.3033,21651.0066,21607.7099,21737.6,stop,0.0,32.0,True,False
23711,23721,long,failed_breakout,0.6,21743.35,21653.5041,21833.1959,21758.145,21751.25,21653.5041,stop,-1.0,15.0,False,False
23727,23763,long,failed_breakout,0.55,21699.1,21629.6127,21768.5873,21745.135,21779.95,21728.45,time_stop,0.422,19.0,False,False
23794,23824,short,failure_test,0.61,21734.75,21677.3158,21677.3158,21619.8816,21562.4474,21677.3158,stop,1.0,23.0,True,True
23845,23855,long,failure_test,0.87,21655.9,21608.555,21703.245,21750.5901,21797.9351,21608.555,stop,-1.0,29.0,False,False
23856,23856,short,failure_test,0.63,21604.95,21642.9611,21566.9389,21528.9278,21490.9167,21642.9611,stop,-1.0,35.0,False,False
23861,23862,short,pullback,0.52,21625.1,21671.8499,21578.3501,21578.3143,17263.3643,21671.8499,stop,-1.0,27.0,False,False
23961,23967,short,failure_test,0.77,21607.25,21607.25,21583.8265,21560.403,21536.9794,21607.25,stop,0.0,52.0,True,False
23973,23976,long,failed_breakout,0.5,21618.55,21670.3071,21670.3071,21633.11,21649.85,21649.85,target_3,0.605,23.0,True,True
23978,24001,long,failure_test,0.76,21662.45,21709.8765,21709.8765,21757.303,21804.7296,21804.7296,target_3,3.0,26.0,True,True
24022,24022,short,failure_test,0.65,21829.05,21873.3661,21784.7339,21740.4179,21696.1018,21873.3661,stop,-1.0,32.0,False,False
24027,24035,short,failure_test,0.61,21870.7,21870.7,21832.4137,21794.1274,21755.841,21870.7,stop,0.0,35.0,True,False
24036,24065,long,pb_after_breakout,0.85,21868.3,21920.4715,21920.4715,21919.8921,21945.6882,21945.6882,target_3,1.483,26.0,True,True
24066,24073,long,failure_test,0.75,21942.65,21893.4046,21991.8954,22041.1408,22090.3862,21893.4046,stop,-1.0,29.0,False,False
24074,24087,long,pb_after_breakout,0.85,21882.1,21943.804,21943.804,21921.1817,21940.7225,21940.7225,target_3,0.95,22.0,True,True
24153,24160,long,pullback,0.58,22045.4,22022.7574,22068.0426,22068.6236,26482.3536,22022.7574,stop,-1.0,64.0,False,False
24166,24169,long,failure_test,0.74,22084.4,22039.4245,22129.3755,22174.351,22219.3266,22039.4245,stop,-1.0,30.0,False,False
24471,24478,long,pullback,0.52,22254.85,22207.2342,22302.4658,22295.6812,26755.1812,22207.2342,stop,-1.0,27.0,False,False
24479,24483,short,failure_test,0.73,22213.65,22245.111,22182.189,22150.728,22119.267,22245.111,stop,-1.0,39.0,False,False
24484,24512,long,pullback,0.49,22248.85,22208.8938,22288.8062,22295.9768,26755.4768,22208.8938,stop,-1.0,29.0,False,False
24513,24518,long,pullback,0.54,22231.5,22231.5,22252.1469,22296.2509,26755.7509,22231.5,stop,0.0,55.0,True,False
24519,24534,long,pullback,0.54,22237.5,22194.6743,22280.3257,22295.8498,26755.3498,22194.6743,stop,-1.0,26.0,False,False
24535,24538,short,failure_test,0.77,22207.7,22183.1254,22183.1254,22158.5508,22133.9762,22183.1254,stop,1.0,44.0,True,True
24540,24540,long,pullback,0.54,22180.4,22168.5107,22192.2893,22295.4184,26754.9184,22168.5107,stop,-1.0,95.0,False,False
24605,24619,short,failure_test,0.67,22116.2,22150.992,22081.408,22046.6159,22011.8239,22150.992,stop,-1.0,31.0,False,False
24620,24623,long,failure_test,0.66,22128.85,22103.7911,22153.9089,22178.9679,22204.0268,22103.7911,stop,-1.0,40.0,False,False
24640,24644,long,failure_test,0.66,22166.0,22130.9274,22201.0726,22236.1452,22271.2178,22130.9274,stop,-1.0,27.0,False,False
24705,24706,long,pullback,0.52,22200.4,22161.2235,22239.5765,22224.021,26669.281,22161.2235,stop,-1.0,23.0,False,False
24815,24828,short,failed_breakout,0.45,21944.35,22000.2685,21888.4315,21916.895,21896.45,22000.2685,stop,-1.0,15.0,False,False
24839,24875,long,failure_test,0.62,22124.95,22214.2173,22214.2173,22303.4845,22392.7518,22291.25,time_stop,1.863,9.0,True,True
25021,25037,short,failure_test,0.72,22310.8,22310.8,22275.2107,22239.6214,22204.0321,22310.8,stop,0.0,25.0,True,False
25038,25053,long,failure_test,0.73,22324.75,22354.9606,22354.9606,22385.1711,22415.3817,22415.3817,target_3,3.0,30.0,True,True
25084,25120,short,failure_test,0.52,22302.65,22302.65,22235.6313,22168.6127,22101.594,22258.4,time_stop,0.66,15.0,True,False
25216,25228,short,failure_test,0.63,22499.75,22499.75,22476.301,22452.852,22429.403,22499.75,stop,0.0,46.0,True,False
25239,25242,long,failure_test,0.77,22474.8,22451.5573,22498.0427,22521.2855,22544.5282,22451.5573,stop,-1.0,46.0,False,False
25289,25291,short,pullback,0.63,22417.55,22403.6558,22403.6558,22397.1983,17918.0883,22403.6558,stop,1.0,74.0,True,True
25304,25311,short,failure_test,0.6,22336.85,22392.2961,22281.4039,22225.9579,22170.5118,22392.2961,stop,-1.0,19.0,False,False
25332,25368,long,failure_test,0.75,22362.15,22310.5306,22413.7694,22465.3888,22517.0082,22368.35,time_stop,0.12,19.0,False,False
25384,25409,short,failure_test,0.82,22393.05,22325.3045,22325.3045,22257.559,22189.8135,22189.8135,target_3,3.0,15.0,True,True
25835,25862,long,failure_test,0.85,21990.45,22032.67,22032.67,22074.8899,22117.1099,22032.67,stop,1.0,28.0,True,True
25868,25878,short,failure_test,0.65,21966.45,22008.7312,21924.1688,21881.8876,21839.6064,22008.7312,stop,-1.0,29.0,False,False
25889,25908,short,failed_breakout,0.5,21989.75,21939.0377,21939.0377,21987.23,21974.9,21974.9,target_3,0.293,23.0,True,True
25914,25950,long,failure_test,0.73,21948.25,22000.3494,22000.3494,22052.4489,22104.5483,22091.6,time_stop,2.751,23.0,True,True
25986,26022,long,failure_test,0.73,22065.15,21938.662,22191.638,22318.126,22444.6141,22043.75,time_stop,-0.169,10.0,False,False
26108,26121,long,failure_test,0.67,22169.15,22169.15,22185.8446,22202.5391,22219.2337,22169.15,stop,0.0,81.0,True,False
26202,26203,short,failed_breakout,0.55,22420.3,22313.58,22313.58,22409.355,22406.3,22406.3,target_3,0.131,12.0,True,True
26292,26305,short,failure_test,0.65,22429.85,22429.85,22400.8002,22371.7503,22342.7005,22429.85,stop,0.0,47.0,True,False
26351,26358,long,failure_test,0.67,22433.1,22448.7249,22448.7249,22464.3497,22479.9746,22448.7249,stop,1.0,87.0,True,True
26359,26368,short,failure_test,0.63,22369.5,22430.7994,22308.2006,22246.9013,22185.6019,22430.7994,stop,-1.0,23.0,False,False
26369,26405,long,failure_test,0.64,22430.8,22430.8,22481.445,22532.09,22582.7349,22485.3,time_stop,1.076,26.0,True,False
26431,26432,short,failure_test,0.78,22432.4,22444.8646,22419.9354,22407.4708,22395.0063,22444.8646,stop,-1.0,115.0,False,False
26441,26477,short,failure_test,0.71,22408.75,22518.5318,22298.9682,22189.1865,22079.4047,22468.85,time_stop,-0.547,12.0,False,False
26538,26565,short,failed_breakout,0.5,22492.65,22527.0391,22458.2609,22488.28,22479.55,22527.0391,stop,-1.0,38.0,False,False
26576,26578,long,failure_test,0.91,22497.55,22497.55,22511.1654,22524.7807,22538.3961,22497.55,stop,0.0,92.0,True,False
26731,26767,long,pullback,0.55,22648.0,22648.0,22681.4758,22764.4069,27317.4669,22705.3,time_stop,1.712,37.0,True,False
26783,26807,long,failure_test,0.67,22734.75,22734.75,22765.3803,22796.0105,22826.6408,22734.75,stop,0.0,44.0,True,False
26813,26813,long,failure_test,0.87,22713.35,22689.3705,22737.3295,22761.3091,22785.2886,22689.3705,stop,-1.0,57.0,False,False
26858,26868,short,pullback,0.6,22573.0,22541.4435,22541.4435,22556.5447,18045.8347,22541.4435,stop,1.0,41.0,True,True
27084,27120,short,failure_test,0.71,22136.8,22136.8,21914.9372,21693.0744,21471.2116,21881.65,time_stop,1.15,6.0,True,False
27181,27183,short,failure_test,0.73,22148.5,22185.0774,22111.9226,22075.3452,22038.7678,22185.0774,stop,-1.0,39.0,False,False
27381,27396,long,failed_breakout,0.55,22447.75,22426.6768,22468.8232,22455.77,22463.75,22426.6768,stop,-1.0,65.0,False,False
27397,27400,short,failure_test,0.66,22405.05,22419.0352,22391.0648,22377.0796,22363.0944,22419.0352,stop,-1.0,93.0,False,False
27417,27425,long,failure_test,0.75,22400.85,22431.678,22431.678,22462.5059,22493.3339,22431.678,stop,1.0,40.0,True,True
27546,27550,short,failure_test,0.77,22427.6,22456.93,22398.27,22368.94,22339.61,22456.93,stop,-1.0,44.0,False,False
27566,27568,short,failure_test,0.75,22453.4,22489.9903,22416.8097,22380.2195,22343.6292,22489.9903,stop,-1.0,33.0,False,False
27656,27692,long,pullback,0.54,22728.65,22762.9069,22762.9069,22753.7266,27304.6966,22768.05,time_stop,1.15,34.0,True,True
27703,27739,long,pullback,0.73,22618.15,22618.15,22689.7147,22750.247,27301.217,22686.1,time_stop,0.949,17.0,True,False
27740,27740,long,pullback,0.58,22685.2,22679.2079,22691.1921,22751.562,27302.532,22679.2079,stop,-1.0,216.0,False,False
27795,27808,short,failure_test,0.67,22682.6,22635.3713,22635.3713,22588.1427,22540.914,22540.914,target_3,3.0,26.0,True,True
27829,27855,short,failure_test,0.73,22404.05,22495.9208,22312.1792,22220.3085,22128.4377,22495.9208,stop,-1.0,15.0,False,False
27906,27911,short,breakout,0.55,22439.6,22473.037,22406.163,22301.9821,22230.2276,22473.037,stop,-1.0,40.0,False,False
27917,27924,short,failure_test,0.69,22441.95,22475.1392,22408.7608,22375.5715,22342.3823,22475.1392,stop,-1.0,38.0,False,False
27935,27940,long,failure_test,0.65,22478.15,22425.1318,22531.1682,22584.1864,22637.2045,22425.1318,stop,-1.0,22.0,False,False
27941,27961,short,failure_test,0.65,22425.65,22365.9641,22365.9641,22306.2782,22246.5923,22246.5923,target_3,3.0,19.0,True,True
28097,28133,short,failure_test,0.68,22154.0,22093.686,22093.686,22033.372,21973.058,22049.05,time_stop,1.74,22.0,True,True
28144,28180,short,pb_after_breakout,0.75,22048.55,22197.8105,21899.2895,22034.008,22026.737,22055.2,time_stop,-0.045,9.0,False,False
28186,28222,short,pb_after_breakout,0.75,22063.5,22198.4355,21928.5645,22033.2757,22018.1635,22014.75,time_stop,0.361,10.0,False,False
28273,28282,long,failure_test,0.79,22027.5,21978.6886,22076.3114,22125.1227,22173.9341,21978.6886,stop,-1.0,30.0,False,False
28283,28288,short,failure_test,0.56,21967.7,22029.0272,21906.3728,21845.0456,21783.7183,22029.0272,stop,-1.0,22.0,False,False
28289,28319,long,failure_test,0.85,22082.95,22082.95,22134.803,22186.6559,22238.5089,22082.95,stop,0.0,25.0,True,False
28340,28342,short,failure_test,0.77,22177.9,22199.4311,22156.3689,22134.8379,22113.3068,22199.4311,stop,-1.0,61.0,False,False
28345,28351,short,failed_breakout,0.5,22177.15,22212.0064,22142.2936,22155.48,22140.75,22212.0064,stop,-1.0,36.0,False,False
28632,28668,long,failure_test,0.61,22469.4,22371.9741,22566.8259,22664.2517,22761.6776,22542.7,time_stop,0.752,12.0,False,False
28679,28710,short,failed_breakout,0.55,22547.0,22496.5999,22496.5999,22533.865,22524.25,22524.25,target_3,0.451,24.0,True,True
29031,29047,short,failure_test,0.65,22951.8,22929.6183,22929.6183,22907.4366,22885.2549,22929.6183,stop,1.0,57.0,True,True
29048,29075,long,failure_test,0.63,22941.7,22889.8013,22993.5987,23045.4975,23097.3962,22889.8013,stop,-1.0,25.0,False,False
29216,29216,long,failure_test,0.76,22528.7,22506.8757,22550.5243,22572.3486,22594.1729,22506.8757,stop,-1.0,58.0,False,False
29291,29304,short,failed_breakout,0.55,22531.65,22642.3631,22420.9369,22522.94,22525.45,22642.3631,stop,-1.0,10.0,False,False
29385,29396,long,breakout,0.6,22584.6,22584.6,22643.3581,23089.4649,23335.2186,22584.6,stop,0.0,19.0,True,False
29537,29541,short,failure_test,0.75,22736.7,22812.8103,22660.5897,22584.4795,22508.3692,22812.8103,stop,-1.0,15.0,False,False
29557,29559,short,failed_breakout,0.55,22830.15,22729.006,22729.006,22814.855,22785.8,22785.8,target_3,0.438,10.0,True,True
29562,29598,short,failure_test,0.74,22777.55,22927.3689,22627.7311,22477.9123,22328.0934,22817.85,time_stop,-0.269,7.0,False,False
29659,29660,long,failure_test,0.8,23237.25,23198.3247,23276.1753,23315.1007,23354.026,23198.3247,stop,-1.0,28.0,False,False
29664,29679,long,failure_test,0.77,23244.15,23296.5707,23296.5707,23348.9915,23401.4122,23401.4122,target_3,3.0,19.0,True,True
29755,29756,short,failure_test,0.76,23247.55,23276.8897,23218.2103,23188.8705,23159.5308,23276.8897,stop,-1.0,40.0,False,False
29760,29796,long,failure_test,0.75,23252.8,23252.8,23308.5374,23364.2747,23420.0121,23329.3,time_stop,1.373,20.0,True,False
29912,29912,short,failure_test,0.68,23366.65,23397.0058,23336.2942,23305.9383,23275.5825,23397.0058,stop,-1.0,39.0,False,False
29917,29928,long,failure_test,0.98,23399.1,23358.937,23439.263,23479.426,23519.589,23358.937,stop,-1.0,28.0,False,False
29929,29933,short,failure_test,0.7,23362.45,23385.0612,23339.8388,23317.2275,23294.6163,23385.0612,stop,-1.0,48.0,False,False
29949,29964,long,failure_test,0.78,23399.3,23375.3828,23423.2172,23447.1344,23471.0517,23375.3828,stop,-1.0,43.0,False,False
29965,29965,long,pullback,0.7,23383.45,23376.1103,23390.7897,23479.9315,28176.1415,23376.1103,stop,-1.0,135.0,False,False
29985,29985,short,failure_test,0.61,23341.9,23368.626,23315.174,23288.4481,23261.7221,23368.626,stop,-1.0,35.0,False,False
30040,30048,long,failed_breakout,0.5,23449.1,23480.3925,23480.3925,23454.49,23462.95,23462.95,target_3,0.443,28.0,True,True
30099,30118,long,pullback,0.73,23530.0,23530.0,23549.0335,23573.9619,28288.7319,23530.0,stop,0.0,48.0,True,False
30204,30204,long,pullback,0.58,23586.15,23539.2374,23633.0626,23725.9893,28458.7893,23539.2374,stop,-1.0,19.0,False,False
30214,30250,long,failure_test,0.83,23493.65,23406.3207,23580.9793,23668.3087,23755.638,23562.55,time_stop,0.789,9.0,False,False
30356,30359,long,anti,0.55,23424.85,23357.1657,23559.3,23693.75,23828.2,23357.1657,stop,-1.0,13.0,False,False
30511,30517,long,pullback,0.56,23696.25,23732.6804,23732.6804,23705.9127,28448.0027,23732.6804,stop,1.0,23.0,True,True
30648,30684,long,failure_test,0.73,24029.3,24084.6041,24084.6041,24139.9083,24195.2124,24129.0,time_stop,1.803,16.0,True,True
30810,30813,short,failure_test,0.79,24093.35,24145.3168,24041.3832,23989.4164,23937.4497,24145.3168,stop,-1.0,18.0,False,False
30910,30934,long,pullback,0.61,24262.1,24293.3662,24293.3662,24292.8096,29151.5596,24293.3662,stop,1.0,29.0,True,True
30935,30955,long,pullback,0.62,24283.7,24336.6494,24336.6494,24291.393,29150.143,24336.6494,stop,1.0,18.0,True,True
31046,31076,long,failure_test,0.95,24250.25,24250.25,24284.0661,24317.8822,24351.6984,24250.25,stop,0.0,30.0,True,False
31077,31101,long,pullback,0.51,24252.45,24340.69,24340.69,24291.2457,29149.9957,24340.69,stop,1.0,11.0,True,True
31112,31119,long,failure_test,0.94,24277.3,24277.3,24318.2553,24359.2105,24400.1658,24277.3,stop,0.0,26.0,True,False
31125,31127,long,failure_test,0.97,24296.15,24268.5995,24323.7005,24351.2511,24378.8016,24268.5995,stop,-1.0,38.0,False,False
31135,31139,long,pullback,0.86,24288.7,24240.8582,24336.5418,24361.4809,29234.0809,24240.8582,stop,-1.0,21.0,False,False
31140,31176,long,pullback,0.75,24251.85,24251.85,24264.3094,24360.0259,29232.6259,24304.75,time_stop,4.246,77.0,True,False
31177,31198,long,breakout,0.55,24306.25,24324.8433,24324.8433,24358.3826,24385.6533,24385.6533,target_3,4.271,63.0,True,True
31249,31254,long,pullback,0.6,24436.8,24403.1536,24470.4464,24437.2061,29323.9739,24403.1536,stop,-1.0,42.0,False,False
31255,31271,short,failure_test,0.82,24395.3,24313.0215,24313.0215,24230.743,24148.4645,24148.4645,target_3,3.0,16.0,True,True
31272,31274,short,failure_test,0.78,24194.3,24225.5423,24163.0577,24131.8154,24100.5731,24225.5423,stop,-1.0,49.0,False,False
31367,31403,long,failure_test,0.65,24270.45,24270.45,24322.6298,24374.8095,24426.9893,24338.5,time_stop,1.304,28.0,True,False
31409,31412,long,failure_test,0.66,24411.5,24351.8011,24471.1989,24530.8977,24590.5966,24351.8011,stop,-1.0,26.0,False,False
31414,31423,short,failure_test,0.63,24376.35,24424.1165,24328.5835,24280.8169,24233.0504,24424.1165,stop,-1.0,31.0,False,False
31424,31460,long,failure_test,0.64,24480.3,24357.0303,24603.5697,24726.8394,24850.1091,24553.25,time_stop,0.592,11.0,False,False
31481,31509,short,failed_breakout,0.45,24549.7,24608.5786,24490.8214,24536.45,24520.4,24608.5786,stop,-1.0,24.0,False,False
31555,31570,long,failed_breakout,0.55,24611.4,24653.266,24653.266,24615.935,24617.8,24617.8,target_3,0.153,33.0,True,True
31586,31588,long,pullback,0.55,24634.05,24644.3008,24644.3008,24648.1712,29578.1812,24644.3008,stop,1.0,136.0,True,True
31591,31591,long,pullback,0.52,24627.0,24625.0125,24628.9875,24649.4107,29579.4207,24625.0125,stop,-1.0,738.0,False,False
31596,31606,long,pullback,0.59,24646.6,24624.5167,24668.6833,24649.0548,29579.0648,24624.5167,stop,-1.0,63.0,False,False
31607,31607,long,pullback,0.6,24621.8,24619.131,24624.469,24648.8626,29578.8726,24619.131,stop,-1.0,496.0,False,False
31617,31617,long,pullback,0.59,24607.95,24604.3984,24611.5016,24647.2352,29577.2452,24604.3984,stop,-1.0,354.0,False,False
31622,31625,long,pullback,0.54,24616.25,24616.25,24627.3971,24648.0794,29578.0894,24616.25,stop,0.0,107.0,True,False
31637,31652,long,failure_test,0.66,24649.75,24572.2834,24727.2166,24804.6832,24882.1499,24572.2834,stop,-1.0,15.0,False,False
31718,31733,long,pb_after_breakout,0.75,24717.75,24635.8615,24799.6385,24852.9505,24920.5507,24635.8615,stop,-1.0,13.0,False,False
31739,31741,long,breakout,0.45,24658.1,24639.7844,24676.4156,24738.5266,24775.9582,24639.7844,stop,-1.0,59.0,False,False
31744,31770,short,failure_test,0.67,24617.8,24580.3306,24580.3306,24542.8613,24505.3919,24580.3306,stop,1.0,27.0,True,True
31791,31803,long,failure_test,0.74,24555.65,24510.644,24600.656,24645.6619,24690.6679,24510.644,stop,-1.0,24.0,False,False
31814,31817,long,failure_test,0.74,24525.5,24503.9356,24547.0644,24568.6288,24590.1931,24503.9356,stop,-1.0,47.0,False,False
31834,31837,long,failure_test,0.77,24529.35,24511.4862,24547.2138,24565.0776,24582.9414,24511.4862,stop,-1.0,54.0,False,False
31879,31890,short,failed_breakout,0.45,24470.65,24375.2567,24375.2567,24442.16,24422.3,24422.3,target_3,0.507,9.0,True,True
31901,31937,long,failed_breakout,0.5,24354.15,24037.0295,24671.2705,24391.655,24498.65,24462.95,time_stop,0.343,2.0,False,False
31938,31958,long,failure_test,0.6,24462.9,24386.3697,24539.4303,24615.9606,24692.4909,24386.3697,stop,-1.0,12.0,False,False
32049,32083,long,failure_test,0.62,24390.7,24426.3305,24426.3305,24461.961,24497.5915,24497.5915,target_3,3.0,25.0,True,True
32084,32100,long,failure_test,0.63,24513.7,24553.4983,24553.4983,24593.2966,24633.0949,24633.0949,target_3,3.0,26.0,True,True
32101,32106,long,failure_test,0.67,24631.2,24631.2,24654.2317,24677.2634,24700.2951,24631.2,stop,0.0,52.0,True,False
32107,32111,short,failure_test,0.67,24629.85,24650.9734,24608.7266,24587.6032,24566.4798,24650.9734,stop,-1.0,57.0,False,False
32207,32208,long,pullback,0.55,24865.35,24865.35,24870.9797,24977.2487,29973.3387,24865.35,stop,0.0,203.0,True,False
32212,32214,long,pullback,0.55,24822.85,24784.7683,24860.9317,24978.4162,29974.5062,24784.7683,stop,-1.0,30.0,False,False
32217,32223,long,pullback,0.56,24824.5,24824.5,24859.7647,24977.6542,29973.7442,24824.5,stop,0.0,30.0,True,False
32224,32260,long,pullback,0.55,24807.35,24807.35,24859.7995,24977.5927,29973.6827,24923.75,time_stop,2.219,20.0,True,False
32261,32297,long,pullback,0.56,24923.7,24789.7981,25057.6019,24978.4566,29974.5466,24913.7,time_stop,-0.075,8.0,False,False
32298,32334,long,pullback,0.57,24913.6,24789.9776,25037.2224,24978.4722,29974.5622,24927.2,time_stop,0.11,9.0,False,False
32350,32366,short,failed_breakout,0.45,24912.05,24955.641,24868.459,24896.635,24902.65,24955.641,stop,-1.0,27.0,False,False
32447,32449,short,failed_breakout,0.55,24984.4,25017.4351,24951.3649,24979.09,24971.8,25017.4351,stop,-1.0,34.0,False,False
32457,32460,long,failure_test,0.73,24836.0,24741.3574,24930.6426,25025.2852,25119.9278,24741.3574,stop,-1.0,11.0,False,False
32467,32470,short,anti,0.5,24776.7,24807.9942,24689.6,24602.5,24515.4,24807.9942,stop,-1.0,33.0,False,False
32622,32656,long,anti,0.65,24155.2,24103.8201,24747.5,25339.8,25932.1,24103.8201,stop,-1.0,19.0,False,False
32677,32713,short,pb_after_breakout,0.6,23995.25,24773.7566,23216.7434,23965.2012,23950.1768,24229.3,time_stop,-0.301,1.0,False,False
32779,32781,long,failure_test,0.77,24236.5,24178.2217,24294.7783,24353.0566,24411.3349,24178.2217,stop,-1.0,15.0,False,False
32784,32789,short,pullback,0.67,24192.3,24266.7468,24117.8532,24138.6277,19311.7477,24266.7468,stop,-1.0,11.0,False,False
32790,32798,long,failure_test,0.68,24307.25,24221.7321,24392.7679,24478.2858,24563.8037,24221.7321,stop,-1.0,9.0,False,False
32799,32829,short,failure_test,0.64,24223.3,24223.3,24146.7081,24070.1161,23993.5242,24223.3,stop,0.0,10.0,True,False
33055,33057,long,failure_test,0.9,24149.2,24126.6693,24171.7307,24194.2615,24216.7922,24126.6693,stop,-1.0,35.0,False,False
33560,33571,long,failed_breakout,0.6,24832.0,24812.7894,24851.2106,24838.42,24843.85,24812.7894,stop,-1.0,39.0,False,False
33637,33654,long,pullback,0.66,25023.1,24996.773,25049.427,25041.7994,30050.5594,24996.773,stop,-1.0,27.0,False,False
33660,33661,short,breakout,0.55,24997.55,25011.4164,24983.6836,24963.0753,24944.2816,25011.4164,stop,-1.0,49.0,False,False
33695,33720,long,failed_breakout,0.6,25049.7,25025.207,25074.193,25062.07,25072.15,25025.207,stop,-1.0,26.0,False,False
33721,33757,long,pb_after_breakout,0.95,25024.35,24810.5778,25238.1222,25057.5998,25074.2247,25086.6,time_stop,0.291,2.0,False,False
33803,33805,short,failure_test,0.77,25042.35,25042.35,25024.1202,25005.8905,24987.6607,25042.35,stop,0.0,34.0,True,False
33808,33835,long,failure_test,0.78,25046.45,25075.9155,25075.9155,25105.3809,25134.8464,25075.9155,stop,1.0,21.0,True,True
33836,33843,long,pullback,0.76,25074.5,25137.5134,25137.5134,25107.5819,30129.5919,25137.5134,stop,1.0,10.0,True,True
33869,33879,long,pb_after_breakout,0.95,25026.4,25209.2524,25209.2524,25162.6616,25230.7925,25230.7925,target_3,1.118,3.0,True,True
34170,34179,long,failed_breakout,0.55,25180.35,25221.3866,25221.3866,25182.235,25186.1,25186.1,target_3,0.14,17.0,True,True
34325,34329,long,failed_breakout,0.55,24850.25,24786.7073,24913.7927,24862.585,24880.6,24786.7073,stop,-1.0,11.0,False,False
34420,34434,long,failed_breakout,0.6,24946.45,25008.2061,25008.2061,24982.91,25014.8,25008.2061,stop,1.0,11.0,True,True
34615,34632,long,failure_test,0.65,25221.4,25304.6503,25304.6503,25387.9006,25471.1508,25304.6503,stop,1.0,8.0,True,True
34678,34704,short,failure_test,0.84,25357.2,25392.3506,25322.0494,25286.8988,25251.7483,25392.3506,stop,-1.0,21.0,False,False
34705,34741,long,failure_test,0.52,25396.5,25344.3911,25448.6089,25500.7178,25552.8267,25355.95,time_stop,-0.778,13.0,False,False
34782,34787,long,failure_test,0.55,25378.4,25353.19,25403.61,25428.82,25454.0301,25353.19,stop,-1.0,27.0,False,False
34788,34795,short,failure_test,0.84,25364.15,25392.5355,25335.7645,25307.379,25278.9934,25392.5355,stop,-1.0,23.0,False,False
34916,34918,long,failure_test,0.78,25367.45,25340.8182,25394.0818,25420.7137,25447.3455,25340.8182,stop,-1.0,23.0,False,False
34921,34923,short,pullback,0.61,25342.85,25393.2669,25292.4331,25287.8405,20230.7305,25393.2669,stop,-1.0,11.0,False,False
34926,34929,short,pullback,0.61,25381.75,25381.75,25370.3744,25287.3716,20230.2616,25381.75,stop,0.0,50.0,True,False
34956,34992,short,failure_test,0.6,25439.45,25439.45,25381.8708,25324.2915,25266.7123,25403.3,time_stop,0.628,9.0,True,False
35008,35009,short,failure_test,0.73,25473.55,25473.55,25429.1899,25384.8297,25340.4696,25473.55,stop,0.0,13.0,True,False
35158,35194,long,pb_after_breakout,1.0,25933.9,25470.3197,26397.4803,25954.6887,25965.0831,25948.6,time_stop,0.032,1.0,False,False
35195,35231,long,pb_after_breakout,1.0,25948.05,25470.5104,26425.5896,25954.1071,25957.1356,25939.15,time_stop,-0.019,1.0,False,False
35337,35372,long,pb_after_breakout,0.85,26081.7,26219.1232,26219.1232,26087.0201,26089.6801,26089.6801,target_3,0.058,4.0,True,True
35403,35403,short,breakout,0.45,26241.45,26224.8826,26224.8826,26235.4038,26231.5048,26231.5048,target_3,0.6,35.0,True,True
35433,35448,long,failed_breakout,0.5,26200.55,26158.4139,26242.6861,26228.76,26248.95,26158.4139,stop,-1.0,14.0,False,False
35449,35454,long,failure_test,0.95,26188.05,26132.767,26243.333,26298.616,26353.899,26132.767,stop,-1.0,10.0,False,False
35455,35461,short,failure_test,0.57,26088.9,26050.8519,26050.8519,26012.8038,25974.7558,25974.7558,target_3,3.0,14.0,True,True
35467,35503,short,failure_test,0.71,25987.4,25945.0982,25945.0982,25902.7963,25860.4945,25863.05,time_stop,2.94,14.0,True,True
35534,35570,short,failure_test,0.78,25860.0,25860.0,25797.1458,25734.2917,25671.4375,25771.1,time_stop,1.414,11.0,True,False
35681,35697,short,failed_breakout,0.55,25139.35,25300.3588,24978.3412,25035.2,25049.45,25300.3588,stop,-1.0,4.0,False,False
35788,35796,long,anti,0.65,24882.7,24854.1828,25054.875,25227.05,25399.225,24854.1828,stop,-1.0,25.0,False,False
35812,35820,long,failed_breakout,0.55,24781.55,24888.6907,24888.6907,24844.655,24880.7,24880.7,target_3,0.925,6.0,True,True
35831,35867,long,anti,0.75,24808.2,24808.2,24980.375,25152.55,25324.725,24930.75,time_stop,2.082,12.0,True,False
35868,35883,short,pullback,0.62,24930.8,25015.9036,24845.6964,24801.5439,19841.8139,25015.9036,stop,-1.0,9.0,False,False
35894,35898,short,pullback,0.6,24998.85,24998.85,24981.9231,24802.1863,19842.4563,24998.85,stop,0.0,45.0,True,False
35984,35989,short,pullback,0.58,25023.1,25095.6339,24950.5661,24951.9883,19962.4483,25095.6339,stop,-1.0,10.0,False,False
36005,36041,short,pullback,0.52,25016.4,25094.8997,24937.9003,24952.0285,19962.4885,25023.3,time_stop,-0.088,9.0,False,False
36042,36043,long,failure_test,0.66,25022.4,25002.4124,25042.3876,25062.3753,25082.3629,25002.4124,stop,-1.0,36.0,False,False
36057,36076,long,failure_test,0.6,24987.75,24934.0523,25041.4477,25095.1455,25148.8432,24934.0523,stop,-1.0,12.0,False,False
36077,36113,short,failure_test,0.76,24952.35,24994.7563,24909.9437,24867.5373,24825.131,24953.35,time_stop,-0.024,15.0,False,False
36114,36127,short,failure_test,0.76,24952.85,24977.561,24928.139,24903.4279,24878.7169,24977.561,stop,-1.0,26.0,False,False
36483,36505,long,pullback,0.5,24867.65,24932.1714,24932.1714,24868.7847,29840.3453,24932.1714,stop,1.0,9.0,True,True
36556,36559,short,failure_test,0.64,24768.1,24813.9538,24722.2462,24676.3924,24630.5387,24813.9538,stop,-1.0,14.0,False,False
36561,36573,long,failure_test,0.69,24854.95,24796.23,24913.67,24972.3901,25031.1101,24796.23,stop,-1.0,10.0,False,False
36584,36585,short,failure_test,0.68,24818.0,24855.2944,24780.7056,24743.4112,24706.1168,24855.2944,stop,-1.0,15.0,False,False
36719,36755,short,pb_after_breakout,0.75,24435.75,24780.9589,24090.5411,24379.8161,24351.8492,24407.6,time_stop,0.082,1.0,False,False
37161,37178,short,failed_breakout,0.45,24206.5,24241.6052,24171.3948,24200.29,24191.05,24241.6052,stop,-1.0,16.0,False,False
37279,37280,short,pullback,0.78,23953.3,24028.8879,23877.7121,23912.5394,19130.8094,24028.8879,stop,-1.0,7.0,False,False
37284,37300,short,pullback,0.8,23968.5,23887.814,23887.814,23911.7531,19130.0231,23887.814,stop,1.0,6.0,True,True
37306,37308,short,breakout,0.6,23888.7,23920.4596,23856.9404,23750.6769,23679.1461,23920.4596,stop,-1.0,16.0,False,False
37316,37341,long,failure_test,0.54,23970.85,24057.1013,24057.1013,24143.3525,24229.6038,24229.6038,target_3,3.0,5.0,True,True
37407,37418,short,failure_test,0.9,24472.65,24429.9824,24429.9824,24387.3148,24344.6472,24344.6472,target_3,3.0,13.0,True,True
37419,37455,short,failure_test,0.87,24353.8,24295.0631,24295.0631,24236.3263,24177.5894,24216.15,time_stop,2.344,11.0,True,True
37466,37471,short,failure_test,0.76,24206.6,24206.6,24181.5109,24156.4218,24131.3328,24206.6,stop,0.0,29.0,True,False
37847,37883,short,pb_after_breakout,0.75,23524.25,24290.0106,22758.4894,23502.1137,23491.0456,23370.35,time_stop,0.201,1.0,False,False
38014,38019,short,failure_test,0.76,23503.05,23447.9753,23447.9753,23392.9005,23337.8258,23337.8258,target_3,3.0,13.0,True,True
38030,38066,short,pb_after_breakout,0.75,23339.15,23520.4046,23157.8954,23266.9064,23230.7846,23353.35,time_stop,-0.078,4.0,False,False
38067,38085,short,pullback,0.75,23353.55,23353.55,23324.0867,23265.1538,18612.5238,23353.55,stop,0.0,28.0,True,False
38086,38091,short,pullback,0.77,23335.15,23381.9344,23288.3656,23264.4884,18611.8584,23381.9344,stop,-1.0,18.0,False,False
38092,38092,short,pullback,0.77,23420.25,23456.5988,23383.9012,23264.9789,18612.3489,23456.5988,stop,-1.0,22.0,False,False
38102,38104,long,failure_test,0.72,23589.5,23527.4822,23651.5178,23713.5357,23775.5535,23527.4822,stop,-1.0,12.0,False,False
38127,38151,long,failure_test,0.63,23633.8,23718.8849,23718.8849,23803.9697,23889.0546,23889.0546,target_3,3.0,8.0,True,True
38242,38278,long,failed_breakout,0.55,24309.7,24154.9766,24464.4234,24376.955,24352.25,24146.15,time_stop,-1.057,5.0,False,False
38299,38310,long,failure_test,0.78,24200.25,24200.25,24233.3837,24266.5174,24299.6511,24200.25,stop,0.0,23.0,True,False
38311,38347,long,pullback,0.59,24195.35,24117.7625,24272.9375,24265.725,29119.285,24169.9,time_stop,-0.328,10.0,False,False
38348,38349,short,failure_test,0.75,24169.5,24202.065,24136.935,24104.3701,24071.8051,24202.065,stop,-1.0,23.0,False,False
38353,38363,long,failure_test,0.79,24217.3,24251.4482,24251.4482,24285.5964,24319.7446,24319.7446,target_3,3.0,21.0,True,True
38384,38385,long,pullback,0.61,24290.65,24268.4143,24312.8857,24351.8612,29222.7712,24268.4143,stop,-1.0,37.0,False,False
38389,38391,short,failure_test,0.73,24274.7,24304.5447,24244.8553,24215.0107,24185.166,24304.5447,stop,-1.0,26.0,False,False
38394,38394,long,pullback,0.71,24276.55,24267.9177,24285.1823,24351.755,29222.665,24267.9177,stop,-1.0,88.0,False,False
38539,38541,long,failure_test,0.69,24134.9,24096.058,24173.742,24212.584,24251.4261,24096.058,stop,-1.0,18.0,False,False
38544,38553,short,failure_test,0.73,24033.05,24167.2043,23898.8957,23764.7413,23630.587,24167.2043,stop,-1.0,5.0,False,False
38554,38558,long,failure_test,0.78,24173.45,24102.7185,24244.1815,24314.9129,24385.6444,24102.7185,stop,-1.0,9.0,False,False
38559,38571,short,failure_test,0.74,24121.0,24160.2376,24081.7624,24042.5248,24003.2872,24160.2376,stop,-1.0,15.0,False,False
38572,38597,long,failure_test,0.77,24134.65,24165.283,24165.283,24195.9159,24226.5489,24226.5489,target_3,3.0,19.0,True,True
38598,38617,long,failure_test,0.66,24225.3,24290.8343,24290.8343,24356.3687,24421.903,24290.8343,stop,1.0,10.0,True,True
38658,38693,long,pb_after_breakout,0.85,24437.3,24505.741,24505.741,24443.6471,24446.8206,24446.8206,target_3,0.139,10.0,True,True
38694,38723,long,failed_breakout,0.55,24516.4,24423.796,24609.004,24567.79,24557.05,24423.796,stop,-1.0,7.0,False,False
38724,38760,short,failure_test,0.6,24416.35,24588.8156,24243.8844,24071.4188,23898.9532,24470.5,time_stop,-0.314,3.0,False,False
38761,38767,long,failed_breakout,0.55,24470.65,24537.1711,24537.1711,24512.975,24542.0,24537.1711,stop,1.0,10.0,True,True
38788,38801,long,failure_test,0.64,24372.1,24435.4699,24435.4699,24498.8397,24562.2096,24562.2096,target_3,3.0,11.0,True,True
38802,38833,long,failure_test,0.73,24589.7,24691.5312,24691.5312,24793.3623,24895.1935,24691.5312,stop,1.0,8.0,True,True
38834,38870,short,failed_breakout,0.55,24621.5,24876.5393,24366.4607,24596.58,24598.0,24687.85,time_stop,-0.26,3.0,False,False
38921,38923,long,pullback,0.6,24639.6,24639.6,24666.9593,24748.0188,29698.2288,24639.6,stop,0.0,31.0,True,False
38931,38931,long,pullback,0.58,24611.8,24611.0586,24612.5414,24748.2832,29698.4932,24611.0586,stop,-1.0,1146.0,False,False
38936,38936,long,pullback,0.57,24626.35,24612.5463,24640.1537,24748.0346,29698.2446,24612.5463,stop,-1.0,58.0,False,False
38986,38991,long,failed_breakout,0.5,24611.3,24635.9921,24635.9921,24631.66,24644.95,24644.95,target_3,1.363,31.0,True,True
38992,38999,short,failed_breakout,0.45,24622.7,24664.1319,24581.2681,24610.245,24595.2,24664.1319,stop,-1.0,19.0,False,False
39000,39004,long,failure_test,0.86,24669.9,24637.3803,24702.4197,24734.9395,24767.4592,24637.3803,stop,-1.0,23.0,False,False
39005,39007,long,failure_test,0.88,24648.35,24623.7592,24672.9408,24697.5316,24722.1223,24623.7592,stop,-1.0,30.0,False,False
39015,39027,long,failed_breakout,0.6,24651.6,24605.6198,24697.5802,24665.82,24678.0,24605.6198,stop,-1.0,15.0,False,False
39038,39042,short,failure_test,0.79,24556.3,24556.3,24527.0712,24497.8424,24468.6136,24556.3,stop,0.0,22.0,True,False
39043,39045,long,failed_breakout,0.65,24556.4,24516.9026,24595.8974,24595.59,24621.6,24516.9026,stop,-1.0,16.0,False,False
39048,39066,long,failure_test,0.75,24538.9,24569.7967,24569.7967,24600.6934,24631.5901,24631.5901,target_3,3.0,20.0,True,True
39082,39101,long,failure_test,0.88,24658.3,24658.3,24688.4906,24718.6812,24748.8719,24658.3,stop,0.0,24.0,True,False
39107,39107,long,pullback,0.74,24632.4,24627.8202,24636.9798,24684.7299,29622.0399,24627.8202,stop,-1.0,159.0,False,False
39207,39211,short,failure_test,0.57,24554.15,24554.15,24539.0708,24523.9916,24508.9124,24554.15,stop,0.0,46.0,True,False
39492,39516,short,pb_after_breakout,0.75,24211.1,24137.0388,24137.0388,24152.7172,24123.5258,24123.5258,target_3,1.182,9.0,True,True
39592,39595,short,failed_breakout,0.55,23925.5,24001.1773,23849.8227,23901.495,23910.0,24001.1773,stop,-1.0,9.0,False,False
39597,39597,long,failed_breakout,0.55,24048.3,23877.173,24219.427,24139.285,24130.45,23877.173,stop,-1.0,4.0,False,False
39752,39759,long,failure_test,0.8,23819.15,23819.15,23863.0274,23906.9047,23950.7821,23819.15,stop,0.0,15.0,True,False
39760,39765,short,pullback,0.63,23827.0,23847.1209,23806.8791,23730.3655,18984.8155,23847.1209,stop,-1.0,33.0,False,False
39881,39891,short,pb_after_breakout,0.75,23747.8,23783.1492,23712.4508,23654.8019,23608.3028,23783.1492,stop,-1.0,17.0,False,False
39902,39938,short,pb_after_breakout,0.75,23918.75,24285.7359,23551.7641,23657.278,23526.5419,23854.75,time_stop,0.174,1.0,False,False
40014,40025,short,failure_test,0.64,23772.3,23726.7514,23726.7514,23681.2028,23635.6542,23635.6542,target_3,3.0,13.0,True,True
40036,40037,short,failed_breakout,0.45,23663.8,23605.4216,23605.4216,23639.175,23617.35,23617.35,target_3,0.796,11.0,True,True
40071,40107,short,pullback,0.64,23612.9,23691.134,23534.666,23602.3597,18882.4997,23654.2,time_stop,-0.528,9.0,False,False
40153,40178,long,failure_test,0.67,23738.95,23775.6888,23775.6888,23812.4275,23849.1663,23775.6888,stop,1.0,19.0,True,True
40179,40182,long,breakout,0.45,23779.9,23756.4787,23803.3213,23876.2476,23925.6345,23756.4787,stop,-1.0,31.0,False,False
40279,40315,long,pullback,0.58,24054.3,23953.6766,24154.9234,24223.6781,29069.0181,24106.8,time_stop,0.522,6.0,False,False
40366,40371,long,failure_test,0.86,23765.6,23704.3035,23826.8965,23888.1929,23949.4894,23704.3035,stop,-1.0,11.0,False,False
40392,40393,short,failure_test,0.78,23672.1,23672.1,23629.1376,23586.1752,23543.2128,23672.1,stop,0.0,15.0,True,False
40417,40426,long,failure_test,0.57,23754.6,23647.7647,23861.4353,23968.2707,24075.106,23647.7647,stop,-1.0,6.0,False,False
40427,40427,short,failure_test,0.77,23639.0,23707.1752,23570.8248,23502.6496,23434.4744,23707.1752,stop,-1.0,9.0,False,False
40472,40491,short,failure_test,0.76,23701.75,23741.4639,23662.0361,23622.3222,23582.6083,23741.4639,stop,-1.0,15.0,False,False
40492,40528,short,failure_test,0.73,23679.5,23679.5,23596.8779,23514.2558,23431.6337,23553.4,time_stop,1.526,7.0,True,False
40659,40665,long,failed_breakout,0.55,23436.45,23547.5539,23547.5539,23507.105,23573.0,23573.0,target_3,1.229,5.0,True,True
40686,40700,long,failure_test,0.79,23519.5,23480.8892,23558.1108,23596.7216,23635.3324,23480.8892,stop,-1.0,17.0,False,False
40751,40770,short,pullback,0.55,23218.05,23162.376,23162.376,23176.0497,18541.5097,23162.376,stop,1.0,11.0,True,True
40826,40862,short,pullback,0.59,23184.6,23271.0408,23098.1592,23175.3545,18540.8145,23173.25,time_stop,0.131,7.0,False,False
40863,40866,short,pullback,0.62,23172.9,23268.2798,23077.5202,23171.8415,18539.4185,23268.2798,stop,-1.0,7.0,False,False
40873,40884,short,pullback,0.6,23184.15,23282.1596,23086.1404,23174.8742,18540.3342,23282.1596,stop,-1.0,6.0,False,False
40965,41001,long,pullback,0.56,23288.25,23288.25,23311.9834,23388.569,28066.899,23313.5,time_stop,1.064,25.0,True,False
41002,41016,long,pullback,0.56,23313.05,23267.3853,23358.7147,23389.9958,28068.3258,23267.3853,stop,-1.0,14.0,False,False
41022,41034,long,failure_test,0.63,23194.1,23194.1,23235.4533,23276.8066,23318.1599,23194.1,stop,0.0,14.0,True,False
41035,41071,short,failed_breakout,0.55,23149.15,23285.7076,23012.5924,23102.17,23125.75,23184.45,time_stop,-0.258,4.0,False,False
41092,41115,short,failed_breakout,0.5,23226.95,23318.2209,23135.6791,23202.61,23186.65,23318.2209,stop,-1.0,6.0,False,False
41166,41170,long,pb_after_breakout,0.85,23421.65,23349.0484,23494.2516,23474.14,23500.3849,23349.0484,stop,-1.0,7.0,False,False
41171,41196,short,failure_test,0.73,23342.8,23270.6168,23270.6168,23198.4335,23126.2503,23270.6168,stop,1.0,7.0,True,True
41197,41202,long,failure_test,0.71,23369.8,23141.8533,23597.7467,23825.6933,24053.64,23141.8533,stop,-1.0,2.0,False,False
41213,41215,long,failure_test,0.72,23241.55,23160.1949,23322.9051,23404.2602,23485.6152,23160.1949,stop,-1.0,6.0,False,False
41403,41405,short,failure_test,0.74,23155.25,23155.25,23118.6811,23082.1122,23045.5434,23155.25,stop,0.0,14.0,True,False
41408,41423,long,failed_breakout,0.55,23216.9,23346.7151,23346.7151,23247.61,23291.95,23291.95,target_3,0.578,4.0,True,True
41434,41470,short,anti,0.5,23218.65,23067.425,23067.425,22916.2,22764.975,23001.6,time_stop,10.678,26.0,True,True
41526,41541,short,pullback,0.55,22835.1,22888.2604,22781.9396,22830.853,18265.263,22888.2604,stop,-1.0,15.0,False,False
41547,41562,short,pullback,0.68,22876.0,22982.4606,22769.5394,22829.1673,18263.5773,22982.4606,stop,-1.0,7.0,False,False
41643,41652,short,failed_breakout,0.5,23066.8,23141.5672,22992.0328,23063.655,23054.15,23141.5672,stop,-1.0,9.0,False,False
41668,41700,long,pb_after_breakout,0.7,23148.9,23240.7981,23240.7981,23165.8816,23174.3723,23174.3723,target_3,0.277,7.0,True,True
41701,41711,long,failure_test,0.58,23243.7,23243.7,23282.203,23320.7061,23359.2091,23243.7,stop,0.0,18.0,True,False
41747,41750,short,failure_test,0.91,23192.7,23169.1984,23169.1984,23145.6968,23122.1951,23169.1984,stop,1.0,30.0,True,True
41977,42013,long,pullback,0.76,23350.0,23400.4896,23400.4896,23367.503,28041.323,23499.1,time_stop,2.953,14.0,True,True
42094,42130,long,failed_breakout,0.6,23749.65,23701.8161,23797.4839,23768.665,23785.9,23741.8,time_stop,-0.164,17.0,False,False
42206,42210,long,failed_breakout,0.5,23574.45,23600.0531,23600.0531,23591.6,23604.05,23604.05,target_3,1.156,33.0,True,True
42211,42216,long,failed_breakout,0.7,23603.75,23658.6694,23658.6694,23620.995,23610.6,23610.6,target_3,0.125,16.0,True,True
42267,42271,long,failure_test,0.77,23567.4,23536.1958,23598.6042,23629.8084,23661.0127,23536.1958,stop,-1.0,29.0,False,False
42272,42285,short,failure_test,0.78,23500.45,23500.45,23470.2939,23440.1378,23409.9816,23500.45,stop,0.0,28.0,True,False
42296,42332,short,failure_test,0.55,23428.3,23428.3,23359.4772,23290.6545,23221.8317,23363.85,time_stop,0.936,12.0,True,False
42398,42434,short,pullback,0.64,23254.95,23202.3048,23202.3048,23252.2844,18602.1044,23055.75,time_stop,3.784,17.0,True,True
42435,42444,short,failed_breakout,0.75,23055.3,22975.9552,22975.9552,23015.315,22986.2,22986.2,target_3,0.871,13.0,True,True
42460,42484,long,failed_breakout,0.45,22942.05,23105.2203,23105.2203,22948.77,22986.9,22986.9,target_3,0.275,6.0,True,True
42500,42511,short,failure_test,0.9,22964.6,23044.891,22884.309,22804.0181,22723.7271,23044.891,stop,-1.0,14.0,False,False
42572,42591,short,anti,0.65,23068.0,23103.5416,22894.825,22721.65,22548.475,23103.5416,stop,-1.0,30.0,False,False
42592,42628,short,anti,0.65,23092.05,23092.05,22918.875,22745.7,22572.525,22831.9,time_stop,4.599,18.0,True,False
42629,42656,short,failed_breakout,0.5,22832.45,22941.1681,22723.7319,22803.44,22821.05,22941.1681,stop,-1.0,11.0,False,False
42732,42741,long,failure_test,0.75,22911.65,22911.65,22947.3699,22983.0898,23018.8098,22911.65,stop,0.0,33.0,True,False
42742,42778,short,failure_test,0.84,22909.65,22909.65,22815.3323,22721.0146,22626.6969,22857.15,time_stop,0.557,12.0,True,False
42954,42967,short,pullback,0.51,22905.35,22905.35,22882.8151,22814.4671,18251.9171,22905.35,stop,0.0,54.0,True,False
42968,42971,long,failed_breakout,0.55,22906.65,22841.888,22971.412,22914.78,22922.85,22841.888,stop,-1.0,18.0,False,False
42978,43014,short,failure_test,0.69,22760.2,22826.7079,22693.6921,22627.1842,22560.6763,22779.45,time_stop,-0.289,17.0,False,False
43020,43037,long,failure_test,0.85,22735.25,22759.7146,22759.7146,22784.1792,22808.6438,22808.6438,target_3,3.0,47.0,True,True
43103,43108,long,failed_breakout,0.55,22547.05,22583.8965,22583.8965,22570.86,22590.75,22583.8965,stop,1.0,35.0,True,True
43119,43120,short,pullback,0.55,22554.25,22598.9817,22509.5183,22522.3948,18018.6348,22598.9817,stop,-1.0,31.0,False,False
43344,43348,short,failed_breakout,0.55,22173.2,22071.7455,22071.7455,22145.74,22123.6,22123.6,target_3,0.489,13.0,True,True
43349,43383,short,failure_test,0.76,22053.8,22128.0967,21979.5033,21905.2066,21830.91,22128.0967,stop,-1.0,18.0,False,False
43484,43490,long,failure_test,0.63,22100.05,22069.5951,22130.5049,22160.9599,22191.4148,22069.5951,stop,-1.0,42.0,False,False
43556,43566,long,failed_breakout,0.45,22336.0,22390.5547,22390.5547,22343.16,22361.55,22361.55,target_3,0.468,22.0,True,True
43627,43633,long,failure_test,0.73,22506.2,22527.3557,22527.3557,22548.5114,22569.6671,22527.3557,stop,1.0,59.0,True,True
43639,43641,long,failure_test,0.77,22544.8,22518.1776,22571.4224,22598.0448,22624.6672,22518.1776,stop,-1.0,49.0,False,False
43644,43651,short,failure_test,0.75,22511.6,22578.2182,22444.9818,22378.3635,22311.7453,22578.2182,stop,-1.0,18.0,False,False
43672,43708,short,failure_test,0.77,22549.75,22610.369,22489.131,22428.512,22367.893,22585.7,time_stop,-0.593,19.0,False,False
43714,43720,short,failed_breakout,0.5,22544.05,22618.1635,22469.9365,22535.32,22534.15,22618.1635,stop,-1.0,15.0,False,False
43791,43791,short,failure_test,0.66,22345.95,22377.4896,22314.4104,22282.8709,22251.3313,22377.4896,stop,-1.0,34.0,False,False
43846,43854,long,failure_test,0.77,22478.5,22497.0053,22497.0053,22515.5105,22534.0158,22497.0053,stop,1.0,56.0,True,True
43860,43862,long,failure_test,0.78,22505.3,22473.3695,22537.2305,22569.161,22601.0915,22473.3695,stop,-1.0,34.0,False,False
43865,43867,long,failure_test,0.75,22497.05,22533.5512,22533.5512,22570.0523,22606.5535,22533.5512,stop,1.0,28.0,True,True
43875,43885,long,failure_test,0.76,22470.35,22398.7856,22541.9144,22613.4787,22685.0431,22398.7856,stop,-1.0,15.0,False,False
43931,43938,long,failure_test,0.95,22462.85,22462.85,22492.1341,22521.4181,22550.7022,22462.85,stop,0.0,35.0,True,False
43974,44005,long,pullback,0.84,22433.0,22395.4913,22470.5087,22575.6025,27091.0825,22395.4913,stop,-1.0,27.0,False,False
44066,44078,long,failure_test,0.87,22484.45,22505.6236,22505.6236,22526.7973,22547.9709,22505.6236,stop,1.0,46.0,True,True
44089,44091,long,failed_breakout,0.5,22510.05,22546.4486,22546.4486,22518.265,22528.6,22528.6,target_3,0.51,28.0,True,True
44094,44130,long,failure_test,0.85,22644.1,22699.7405,22699.7405,22755.3811,22811.0216,22726.55,time_stop,1.482,19.0,True,True
44171,44178,short,failed_breakout,0.45,22818.8,22899.1937,22738.4063,22804.305,22786.35,22899.1937,stop,-1.0,14.0,False,False
44244,44280,long,failed_breakout,0.75,23064.65,22885.8977,23243.4023,23197.64,23192.15,23079.75,time_stop,0.084,6.0,False,False
44311,44315,long,pullback,0.78,23192.25,23165.4382,23219.0618,23204.6966,27846.0066,23165.4382,stop,-1.0,40.0,False,False
44436,44472,long,pb_after_breakout,1.0,23622.4,22855.5007,24389.2993,23640.6507,23649.7761,23810.85,time_stop,0.246,1.0,False,False
44653,44689,long,anti,0.7,23583.8,23571.8243,23737.8,23891.8,24045.8,23584.95,time_stop,0.096,87.0,False,False
44880,44887,short,failure_test,0.7,23279.15,23279.15,23249.9333,23220.7166,23191.4999,23279.15,stop,0.0,35.0,True,False
44888,44896,long,failure_test,0.9,23287.45,23263.6586,23311.2414,23335.0327,23358.8241,23263.6586,stop,-1.0,44.0,False,False
44927,44938,long,failure_test,0.77,23265.45,23265.45,23303.4492,23341.4485,23379.4477,23265.45,stop,0.0,26.0,True,False
44944,44947,short,pullback,0.61,23270.45,23289.0224,23251.8776,23148.7564,18519.5964,23289.0224,stop,-1.0,53.0,False,False
44949,44985,long,failed_breakout,0.55,23289.25,23238.9647,23339.5353,23292.555,23299.1,23252.1,time_stop,-0.739,18.0,False,False
44986,44991,long,failure_test,0.91,23252.1,23228.8842,23275.3158,23298.5316,23321.7474,23228.8842,stop,-1.0,39.0,False,False
44992,44993,short,failure_test,0.54,23094.65,23070.0345,23070.0345,23045.419,23020.8036,23070.0345,stop,1.0,35.0,True,True
45082,45118,short,pullback,0.62,21960.65,22218.5433,21702.7567,21751.5909,17402.8609,21950.6,time_stop,0.039,3.0,False,False
45459,45491,long,pullback,0.6,23300.25,23300.25,23330.7634,23366.3105,28039.9805,23300.25,stop,0.0,29.0,True,False
45497,45516,long,pullback,0.6,23314.4,23357.867,23357.867,23366.2951,28039.9651,23357.867,stop,1.0,21.0,True,True
45527,45563,long,pullback,0.59,23356.0,23447.4352,23447.4352,23363.3328,28037.0028,23789.25,time_stop,4.738,10.0,True,True
45884,45891,short,failed_breakout,0.45,24223.25,24268.7142,24177.7858,24199.445,24204.5,24268.7142,stop,-1.0,25.0,False,False
46122,46158,long,failed_breakout,0.6,24346.3,24254.2188,24438.3812,24349.13,24358.5,24351.05,time_stop,0.052,12.0,False,False
46334,46336,long,failed_breakout,0.6,24482.9,24446.7757,24519.0243,24482.96,24492.5,24446.7757,stop,-1.0,31.0,False,False
46339,46341,long,failed_breakout,0.75,24470.15,24506.3095,24506.3095,24480.8,24491.9,24491.9,target_3,0.602,29.0,True,True
46344,46380,short,failed_breakout,0.45,24433.1,24518.973,24347.227,24401.355,24413.1,24386.95,time_stop,0.537,12.0,False,False
46381,46387,short,failure_test,0.63,24386.6,24386.6,24370.2109,24353.8218,24337.4327,24386.6,stop,0.0,68.0,True,False
46393,46409,long,failed_breakout,0.6,24386.65,24357.2905,24416.0095,24391.12,24399.85,24357.2905,stop,-1.0,38.0,False,False
46415,46415,long,pullback,0.72,24368.15,24350.1693,24386.1307,24508.1269,29410.0569,24350.1693,stop,-1.0,59.0,False,False
46605,46641,short,pb_after_breakout,0.6,24036.15,24284.6659,23787.6341,23938.7933,23890.1149,24561.4,time_stop,-2.114,4.0,False,False
46682,46710,long,failed_breakout,0.55,24802.85,24927.0862,24927.0862,24873.985,24860.35,24860.35,target_3,0.463,7.0,True,True
46756,46791,short,failure_test,0.54,24673.6,24673.6,24590.758,24507.9159,24425.0739,24673.6,stop,0.0,11.0,True,False
46792,46828,long,failed_breakout,0.65,24664.1,24533.0483,24795.1517,24713.145,24690.3,24669.45,time_stop,0.041,7.0,False,False
46874,46883,long,failure_test,0.92,24554.9,24628.0866,24628.0866,24701.2732,24774.4598,24774.4598,target_3,3.0,12.0,True,True
47024,47060,long,pullback,0.57,25014.4,24956.0875,25072.7125,25037.7893,30045.9593,25012.1,time_stop,-0.039,18.0,False,False
47061,47073,long,pullback,0.59,25011.25,24959.4853,25063.0147,25038.4387,30046.6087,24959.4853,stop,-1.0,20.0,False,False
47074,47091,short,failure_test,0.76,24952.45,24992.1594,24912.7406,24873.0312,24833.3218,24992.1594,stop,-1.0,25.0,False,False
47097,47133,short,failed_breakout,0.55,24916.15,25023.0485,24809.2515,24902.695,24915.25,24832.05,time_stop,0.787,8.0,False,False
47159,47167,long,failure_test,0.63,24688.65,24723.5962,24723.5962,24758.5424,24793.4886,24723.5962,stop,1.0,28.0,True,True
47168,47172,long,failure_test,0.69,24706.35,24745.374,24745.374,24784.3979,24823.4219,24823.4219,target_3,3.0,26.0,True,True
47173,47187,long,failure_test,0.64,24830.65,24884.5939,24884.5939,24938.5378,24992.4817,24884.5939,stop,1.0,22.0,True,True
47188,47189,short,failure_test,0.67,24878.6,24911.774,24845.426,24812.2519,24779.0779,24911.774,stop,-1.0,37.0,False,False
47198,47202,short,failure_test,0.76,24826.7,24789.874,24789.874,24753.048,24716.222,24716.222,target_3,3.0,32.0,True,True
47203,47216,long,failure_test,0.85,24713.7,24775.2133,24775.2133,24836.7266,24898.2399,24775.2133,stop,1.0,22.0,True,True
47217,47235,short,failure_test,0.64,24776.1,24828.0465,24724.1535,24672.207,24620.2605,24828.0465,stop,-1.0,27.0,False,False
47251,47284,long,failed_breakout,0.55,24606.1,24518.6098,24693.5902,24750.34,24826.9,24518.6098,stop,-1.0,15.0,False,False
47310,47321,long,failed_breakout,0.55,24616.3,24784.2857,24784.2857,24709.43,24692.15,24692.15,target_3,0.452,7.0,True,True
47467,47488,short,failure_test,0.58,24876.2,24876.2,24758.4534,24640.7068,24522.9602,24876.2,stop,0.0,11.0,True,False
47494,47494,long,failure_test,0.94,25022.45,24949.2161,25095.6839,25168.9178,25242.1517,24949.2161,stop,-1.0,18.0,False,False
47514,47520,short,anti,0.6,24830.0,24863.3178,24667.4,24504.8,24342.2,24863.3178,stop,-1.0,37.0,False,False
47671,47685,short,pullback,0.63,24744.3,24779.923,24708.677,24678.6494,19743.1894,24779.923,stop,-1.0,33.0,False,False
47716,47719,long,pullback,0.48,24765.7,24765.7,24773.5493,24891.6498,29870.1698,24765.7,stop,0.0,145.0,True,False
47726,47750,long,failure_test,0.75,24745.3,24765.9067,24765.9067,24786.5134,24807.1201,24765.9067,stop,1.0,55.0,True,True
47751,47754,short,failure_test,0.69,24753.75,24776.9798,24730.5202,24707.2904,24684.0605,24776.9798,stop,-1.0,51.0,False,False
47756,47761,short,failure_test,0.67,24771.85,24751.4023,24751.4023,24730.9547,24710.507,24751.4023,stop,1.0,55.0,True,True
47762,47766,long,failed_breakout,0.45,24760.2,24722.5085,24797.8915,24787.17,24802.35,24722.5085,stop,-1.0,31.0,False,False
47847,47883,short,failed_breakout,0.55,24646.45,24862.5695,24430.3305,24607.205,24636.5,24593.65,time_stop,0.244,5.0,False,False
47884,47920,short,anti,0.6,24593.1,24645.7596,24433.625,24274.15,24114.675,24554.6,time_stop,0.731,21.0,False,False
47921,47925,short,failure_test,0.66,24554.3,24587.3264,24521.2736,24488.2472,24455.2209,24587.3264,stop,-1.0,36.0,False,False
47926,47936,long,failure_test,0.66,24578.7,24578.7,24609.3533,24640.0066,24670.66,24578.7,stop,0.0,36.0,True,False
48007,48010,long,failure_test,0.74,24722.05,24691.4677,24752.6323,24783.2146,24813.7968,24691.4677,stop,-1.0,37.0,False,False
48017,48024,long,failed_breakout,0.5,24735.15,24786.3896,24786.3896,24740.66,24753.2,24753.2,target_3,0.352,20.0,True,True
48025,48027,long,failure_test,0.77,24800.6,24828.6292,24828.6292,24856.6584,24884.6876,24884.6876,target_3,3.0,39.0,True,True
48030,48057,short,failure_test,0.64,24823.9,24768.1007,24768.1007,24712.3014,24656.5021,24768.1007,stop,1.0,22.0,True,True
48063,48069,long,failure_test,0.66,24752.85,24723.1333,24782.5667,24812.2834,24842.0001,24723.1333,stop,-1.0,44.0,False,False
48220,48256,long,failed_breakout,0.65,25114.95,25046.8331,25183.0669,25127.57,25123.1,25133.8,time_stop,0.277,18.0,False,False
48262,48298,long,pb_after_breakout,1.0,25138.8,24747.3463,25530.2537,25196.7547,25225.732,25136.45,time_stop,-0.006,3.0,False,False
48499,48511,short,pullback,0.58,24719.95,24719.95,24681.2832,24473.0048,19578.4048,24719.95,stop,0.0,32.0,True,False
48512,48519,long,failure_test,0.78,24727.95,24759.4355,24759.4355,24790.9211,24822.4066,24759.4355,stop,1.0,40.0,True,True
48725,48734,short,pullback,0.55,24777.05,24820.1221,24733.9779,24762.1278,19809.9978,24820.1221,stop,-1.0,30.0,False,False
48740,48742,short,pullback,0.61,24805.2,24775.8027,24775.8027,24761.7778,19809.6478,24775.8027,stop,1.0,43.0,True,True
48745,48781,long,failure_test,0.73,24827.6,24786.0194,24869.1806,24910.7612,24952.3418,24795.05,time_stop,-0.783,32.0,False,False
48817,48853,long,failure_test,0.71,24861.15,24861.15,24965.6035,25070.057,25174.5106,25001.45,time_stop,1.343,12.0,True,False
49039,49043,long,pullback,0.62,25055.0,25169.3967,25169.3967,25056.1705,30065.2295,25169.3967,stop,1.0,11.0,True,True
49109,49145,long,pullback,0.58,25239.8,25268.6074,25268.6074,25265.905,30319.265,25318.85,time_stop,2.744,49.0,True,True
49151,49158,long,breakout,0.6,25382.0,25382.0,25408.1665,25441.8959,25475.5823,25382.0,stop,0.0,61.0,True,False
49159,49164,short,failed_breakout,0.65,25379.1,25434.2048,25323.9952,25337.975,25307.15,25434.2048,stop,-1.0,29.0,False,False
49225,49261,long,pullback,0.62,25611.4,25534.5815,25688.2185,25621.209,30745.709,25630.6,time_stop,0.25,20.0,False,False
49262,49266,short,failed_breakout,0.55,25631.3,25661.0225,25601.5775,25620.59,25612.25,25661.0225,stop,-1.0,52.0,False,False
49527,49536,long,pullback,0.63,25503.8,25503.8,25529.7833,25574.5833,30689.9233,25503.8,stop,0.0,57.0,True,False
49702,49705,short,failure_test,0.76,25457.4,25440.6984,25440.6984,25423.9968,25407.2952,25440.6984,stop,1.0,88.0,True,True
49712,49716,long,failure_test,0.78,25466.5,25448.0025,25484.9975,25503.4949,25521.9924,25448.0025,stop,-1.0,84.0,False,False
49827,49836,long,pullback,0.62,25539.0,25500.1421,25577.8579,25547.912,30657.522,25500.1421,stop,-1.0,38.0,False,False
49837,49840,short,failure_test,0.74,25491.35,25536.5869,25446.1131,25400.8762,25355.6393,25536.5869,stop,-1.0,31.0,False,False
49847,49853,long,pullback,0.53,25522.0,25497.8494,25546.1506,25545.507,30655.117,25497.8494,stop,-1.0,55.0,False,False
49859,49869,long,failure_test,0.69,25446.0,25446.0,25489.1654,25532.3309,25575.4963,25446.0,stop,0.0,29.0,True,False
49875,49878,long,failure_test,0.85,25427.0,25400.2703,25453.7297,25480.4594,25507.1891,25400.2703,stop,-1.0,47.0,False,False
49995,50031,short,pb_after_breakout,0.75,25147.4,25466.1803,24828.6197,25138.3272,25133.7907,25086.8,time_stop,0.19,3.0,False,False
50042,50078,short,pullback,0.62,25046.85,25101.8084,24991.8916,25044.3953,20036.0153,25058.8,time_stop,-0.217,22.0,False,False
50114,50127,long,failure_test,0.73,25231.1,25196.2949,25265.9051,25300.7101,25335.5152,25196.2949,stop,-1.0,34.0,False,False
50228,50241,short,failure_test,0.64,25236.9,25236.9,25212.4393,25187.9786,25163.5179,25236.9,stop,0.0,46.0,True,False
50392,50393,short,pullback,0.66,24955.2,24923.706,24923.706,24953.7126,19963.1226,24923.706,stop,1.0,36.0,True,True
50437,50447,long,pullback,0.58,25049.1,24994.6942,25103.5058,25069.5412,30083.7512,24994.6942,stop,-1.0,22.0,False,False
50453,50465,long,pullback,0.62,25037.1,25091.8543,25091.8543,25068.9059,30083.1159,25091.8543,stop,1.0,20.0,True,True
50486,50488,long,failure_test,0.74,25092.05,25062.1017,25121.9983,25151.9467,25181.895,25062.1017,stop,-1.0,39.0,False,False
50551,50561,long,breakout,0.5,25095.15,25125.8961,25125.8961,25097.3755,25100.2818,25100.2818,target_3,0.167,36.0,True,True
50582,50588,long,failure_test,0.67,25185.55,25159.5514,25211.5486,25237.5471,25263.5457,25159.5514,stop,-1.0,44.0,False,False
50589,50591,short,failure_test,0.65,25159.6,25159.6,25143.6299,25127.6599,25111.6898,25159.6,stop,0.0,68.0,True,False
50594,50601,long,failure_test,0.78,25172.7,25187.9371,25187.9371,25203.1741,25218.4112,25218.4112,target_3,3.0,71.0,True,True
50617,50649,short,failure_test,0.85,25204.1,25150.2429,25150.2429,25096.3857,25042.5286,25042.5286,target_3,3.0,23.0,True,True
50650,50654,short,failure_test,0.73,25037.45,25073.7573,25001.1427,24964.8354,24928.5281,25073.7573,stop,-1.0,39.0,False,False
50770,50806,long,failure_test,0.72,24843.3,24764.4758,24922.1242,25000.9484,25079.7726,24786.4,time_stop,-0.722,17.0,False,False
50842,50878,long,failed_breakout,0.55,24684.5,24587.5383,24781.4617,24693.955,24704.65,24692.05,time_stop,0.078,13.0,False,False
50899,50917,long,failure_test,0.79,24802.95,24836.751,24836.751,24870.5519,24904.3529,24836.751,stop,1.0,39.0,True,True
50938,50941,long,failure_test,0.8,24816.35,24839.028,24839.028,24861.706,24884.384,24884.384,target_3,3.0,61.0,True,True
50968,50984,long,failure_test,0.65,24854.95,24854.95,24887.6138,24920.2777,24952.9415,24854.95,stop,0.0,48.0,True,False
51030,51030,short,failure_test,0.79,24827.9,24860.095,24795.705,24763.5101,24731.3151,24860.095,stop,-1.0,49.0,False,False
51040,51043,short,failure_test,0.74,24910.75,24954.6695,24866.8305,24822.9111,24778.9916,24954.6695,stop,-1.0,34.0,False,False
51155,51155,long,failure_test,0.74,24644.95,24610.428,24679.472,24713.9941,24748.5161,24610.428,stop,-1.0,41.0,False,False
51185,51186,short,failure_test,0.78,24693.25,24712.3254,24674.1746,24655.0992,24636.0239,24712.3254,stop,-1.0,71.0,False,False
51190,51192,short,failure_test,0.77,24693.65,24675.0133,24675.0133,24656.3765,24637.7398,24675.0133,stop,1.0,69.0,True,True
51195,51220,long,failed_breakout,0.5,24701.35,24633.9177,24768.7823,24706.045,24721.9,24633.9177,stop,-1.0,20.0,False,False
51221,51257,short,failure_test,0.78,24631.95,24683.33,24580.57,24529.1901,24477.8101,24649.95,time_stop,-0.35,25.0,False,False
51308,51328,short,failure_test,0.68,24569.0,24608.2899,24529.7101,24490.4202,24451.1303,24608.2899,stop,-1.0,32.0,False,False
51374,51410,short,pullback,0.59,24506.05,24461.4433,24461.4433,24462.1948,19570.1848,24435.5,time_stop,1.582,27.0,True,True
51446,51482,short,failure_test,0.69,24517.55,24517.55,24459.1582,24400.7664,24342.3746,24436.75,time_stop,1.384,22.0,True,False
51493,51500,short,failed_breakout,0.55,24450.1,24410.2463,24410.2463,24428.01,24410.55,24410.55,target_3,0.992,35.0,True,True
51521,51557,long,failure_test,0.6,24376.05,24376.05,24443.0759,24510.1017,24577.1276,24460.65,time_stop,1.262,21.0,True,False
51593,51606,long,failure_test,0.6,24609.9,24609.9,24661.6277,24713.3553,24765.083,24609.9,stop,0.0,30.0,True,False
51652,51654,long,pullback,0.62,24533.05,24533.05,24542.3694,24590.973,29509.623,24533.05,stop,0.0,166.0,True,False
51662,51666,short,failure_test,0.63,24490.2,24536.504,24443.896,24397.592,24351.288,24536.504,stop,-1.0,33.0,False,False
51667,51703,long,failed_breakout,0.55,24566.2,24453.7165,24678.6835,24594.44,24570.2,24592.7,time_stop,0.236,13.0,False,False
51804,51805,short,failure_test,0.61,24627.1,24627.1,24599.4538,24571.8075,24544.1613,24627.1,stop,0.0,54.0,True,False
52259,52266,short,failed_breakout,0.5,24981.2,24933.7723,24933.7723,24965.68,24973.0,24973.0,target_3,0.173,31.0,True,True
52267,52303,short,breakout,0.65,24846.6,24846.6,24831.8529,24677.8391,24592.6989,24810.2,time_stop,2.468,102.0,True,False
52324,52326,short,pullback,0.76,24802.4,24773.3548,24773.3548,24778.4843,19823.4443,24773.3548,stop,1.0,58.0,True,True
52329,52365,short,pullback,0.75,24787.6,24743.6386,24743.6386,24777.7675,19822.7275,24650.3,time_stop,3.123,40.0,True,True
52641,52641,long,breakout,0.45,24616.5,24583.6899,24649.3101,24653.9555,24676.4819,24583.6899,stop,-1.0,62.0,False,False
52646,52651,short,failure_test,0.64,24553.4,24606.9629,24499.8371,24446.2741,24392.7112,24606.9629,stop,-1.0,36.0,False,False
52662,52677,long,breakout,0.45,24573.1,24603.0381,24603.0381,24611.8529,24634.3536,24634.3536,target_3,2.046,61.0,True,True
52898,52900,short,pullback,0.53,24815.5,24834.3044,24796.6956,24633.6845,19707.2945,24834.3044,stop,-1.0,108.0,False,False
52933,52969,short,failed_breakout,0.45,24781.35,24894.6861,24668.0139,24721.225,24732.1,24845.25,time_stop,-0.564,17.0,False,False
53005,53005,long,failed_breakout,0.5,24871.85,24836.0817,24907.6183,24877.53,24873.85,24836.0817,stop,-1.0,52.0,False,False
53155,53158,long,pullback,0.86,25009.2,25030.0677,25030.0677,25024.0092,30029.2792,25030.0677,stop,1.0,85.0,True,True
53215,53241,long,failed_breakout,0.6,25119.8,25096.2852,25143.3148,25121.96,25125.65,25096.2852,stop,-1.0,80.0,False,False
53297,53323,short,failure_test,0.61,25086.95,25146.3885,25027.5115,24968.0729,24908.6344,25146.3885,stop,-1.0,30.0,False,False
53459,53495,long,pullback,0.74,25324.85,25373.9908,25373.9908,25345.5669,30414.8669,25415.15,time_stop,1.838,34.0,True,True
53531,53532,short,failure_test,0.63,25344.85,25373.8597,25315.8403,25286.8307,25257.821,25373.8597,stop,-1.0,63.0,False,False
53591,53595,long,failure_test,0.64,25335.95,25335.95,25352.4284,25368.9069,25385.3853,25335.95,stop,0.0,106.0,True,False
53596,53615,short,failure_test,0.59,25342.35,25342.35,25306.496,25270.6421,25234.7881,25342.35,stop,0.0,49.0,True,False
53616,53616,long,breakout,0.9,25238.1,25226.6702,25249.5298,25275.8249,25296.8561,25226.6702,stop,-1.0,154.0,False,False
53651,53658,long,failed_breakout,0.6,25284.85,25309.7277,25309.7277,25301.635,25313.95,25309.7277,stop,1.0,67.0,True,True
53669,53672,long,failure_test,0.83,25278.85,25258.1164,25299.5836,25320.3171,25341.0507,25258.1164,stop,-1.0,84.0,False,False
53769,53805,short,failure_test,0.53,25072.3,25144.1522,25000.4478,24928.5955,24856.7433,25101.25,time_stop,-0.403,23.0,False,False
53826,53830,short,failure_test,0.64,25100.6,25100.6,25081.3269,25062.0538,25042.7807,25100.6,stop,0.0,84.0,True,False
53851,53873,short,pullback,0.59,25040.45,24978.4375,24978.4375,25008.0464,20007.2664,24978.4375,stop,1.0,26.0,True,True
53954,53990,short,pb_after_breakout,0.75,24778.7,25012.8205,24544.5795,24761.1646,24752.3968,24673.1,time_stop,0.451,7.0,False,False
54096,54132,short,pb_after_breakout,0.75,24642.45,24742.2658,24542.6342,24638.4613,24636.4669,24626.6,time_stop,0.159,17.0,False,False
54158,54165,short,failure_test,0.87,24670.45,24705.1595,24635.7405,24601.031,24566.3215,24705.1595,stop,-1.0,50.0,False,False
54171,54207,long,failure_test,0.8,24776.05,24776.05,24820.4033,24864.7567,24909.11,24864.6,time_stop,1.996,37.0,True,False
54318,54322,long,failure_test,0.77,25011.65,24988.3092,25034.9908,25058.3315,25081.6723,24988.3092,stop,-1.0,79.0,False,False
54323,54324,short,failure_test,0.59,24987.0,25004.888,24969.112,24951.2241,24933.3361,25004.888,stop,-1.0,97.0,False,False
54328,54341,long,failure_test,0.79,25009.25,25027.8449,25027.8449,25046.4398,25065.0348,25065.0348,target_3,3.0,89.0,True,True
54367,54371,short,failed_breakout,0.5,25083.7,25147.244,25020.156,25050.3,25031.25,25147.244,stop,-1.0,30.0,False,False
54522,54537,short,failure_test,0.78,25067.8,25112.2475,25023.3525,24978.905,24934.4574,25112.2475,stop,-1.0,40.0,False,False
54763,54767,short,pullback,0.52,25192.2,25136.4937,25136.4937,25166.8661,20133.9161,25136.4937,stop,1.0,31.0,True,True
54788,54792,short,failure_test,0.74,25075.05,25122.8864,25027.2136,24979.3771,24931.5407,25122.8864,stop,-1.0,37.0,False,False
54793,54814,long,failure_test,0.76,25128.85,25128.85,25166.1058,25203.3616,25240.6174,25128.85,stop,0.0,46.0,True,False
55185,55185,long,pullback,0.65,25988.85,25982.0699,25995.6301,26100.9443,31321.7843,25982.0699,stop,-1.0,254.0,False,False
55190,55197,long,pullback,0.58,25946.15,25946.15,25995.8749,26101.2643,31322.1043,25946.15,stop,0.0,33.0,True,False
55208,55217,long,failed_breakout,0.45,25913.2,25822.5407,26003.8593,25955.685,25995.75,25822.5407,stop,-1.0,18.0,False,False
55583,55587,long,failure_test,0.66,25942.15,25898.1755,25986.1245,26030.099,26074.0736,25898.1755,stop,-1.0,35.0,False,False
55588,55624,short,failure_test,0.67,25889.55,25838.823,25838.823,25788.096,25737.369,25813.05,time_stop,1.508,29.0,True,True
55695,55710,long,failed_breakout,0.65,25732.5,25777.237,25777.237,25742.885,25758.2,25758.2,target_3,0.574,35.0,True,True
55721,55731,long,pullback,0.52,25757.75,25719.9488,25795.5512,25768.3711,30922.5311,25719.9488,stop,-1.0,43.0,False,False
55732,55768,short,failure_test,0.73,25703.8,25703.8,25665.4522,25627.1044,25588.7566,25670.05,time_stop,0.88,40.0,True,False
56154,56161,short,failed_breakout,0.5,25915.85,25895.943,25895.943,25897.86,25886.4,25886.4,target_3,1.479,81.0,True,True
56182,56193,short,failed_breakout,0.55,25848.25,25915.6223,25780.8777,25819.145,25827.8,25915.6223,stop,-1.0,25.0,False,False
56194,56218,long,failure_test,0.76,25925.4,25955.3598,25955.3598,25985.3196,26015.2794,25955.3598,stop,1.0,55.0,True,True
56219,56223,short,failure_test,0.8,25950.25,25973.008,25927.492,25904.7339,25881.9759,25973.008,stop,-1.0,76.0,False,False
56229,56231,short,failure_test,0.73,25981.35,25998.9018,25963.7982,25946.2465,25928.6947,25998.9018,stop,-1.0,94.0,False,False
56234,56235,short,failure_test,0.75,25975.85,25956.6934,25956.6934,25937.5369,25918.3803,25918.3803,target_3,3.0,82.0,True,True
56239,56245,long,failure_test,0.77,25917.3,25885.2636,25949.3364,25981.3728,26013.4092,25885.2636,stop,-1.0,56.0,False,False
56251,56253,long,failure_test,0.66,25873.5,25851.1435,25895.8565,25918.2131,25940.5696,25851.1435,stop,-1.0,76.0,False,False
56316,56322,long,failed_breakout,0.55,25783.8,25836.2865,25836.2865,25798.04,25820.0,25820.0,target_3,0.69,31.0,True,True
56323,56359,long,failure_test,0.73,25887.55,25754.2743,26020.8257,26154.1014,26287.3772,25956.0,time_stop,0.514,12.0,False,False
56360,56374,long,failure_test,0.79,25955.7,25974.6194,25974.6194,25993.5388,26012.4583,25974.6194,stop,1.0,91.0,True,True
56380,56382,short,failure_test,0.74,25979.95,25998.0791,25961.8209,25943.6918,25925.5627,25998.0791,stop,-1.0,100.0,False,False
56405,56441,short,failure_test,0.72,25959.15,26064.2986,25854.0014,25748.8528,25643.7042,25953.0,time_stop,0.058,16.0,False,False
56462,56476,short,failure_test,0.82,25976.05,25945.6386,25945.6386,25915.2271,25884.8157,25884.8157,target_3,3.0,56.0,True,True
56477,56479,short,failure_test,0.76,25898.15,25898.15,25859.6632,25821.1764,25782.6896,25898.15,stop,0.0,51.0,True,False
56697,56703,short,failure_test,0.58,26071.05,26102.3555,26039.7445,26008.439,25977.1336,26102.3555,stop,-1.0,63.0,False,False
56709,56745,short,pullback,0.47,26076.2,26170.9951,25981.4049,26075.1415,20860.9515,26085.3,time_stop,-0.096,19.0,False,False
56801,56815,long,failure_test,0.82,25936.85,25956.5808,25956.5808,25976.3116,25996.0424,25956.5808,stop,1.0,95.0,True,True
56826,56839,long,failure_test,0.86,25990.0,25990.0,26028.5723,26067.1447,26105.717,25990.0,stop,0.0,51.0,True,False
56845,56845,long,failure_test,0.85,25959.25,25929.176,25989.324,26019.398,26049.4721,25929.176,stop,-1.0,65.0,False,False
56850,56853,short,failure_test,0.54,25886.05,25945.5464,25826.5536,25767.0571,25707.5607,25945.5464,stop,-1.0,31.0,False,False
56860,56896,long,failed_breakout,0.65,26048.3,25828.5758,26268.0242,26160.065,26130.65,26165.65,time_stop,0.534,8.0,False,False
56972,56975,long,failed_breakout,0.6,26241.85,26207.9145,26275.7855,26261.73,26275.5,26207.9145,stop,-1.0,53.0,False,False
56982,56983,short,failure_test,0.66,26148.25,26175.9706,26120.5294,26092.8087,26065.0881,26175.9706,stop,-1.0,62.0,False,False
57212,57222,short,pullback,0.75,26059.0,26027.7691,26027.7691,26048.3517,20838.9817,26027.7691,stop,1.0,52.0,True,True
57228,57228,long,failure_test,0.75,26004.9,26025.0737,26025.0737,26045.2474,26065.4211,26065.4211,target_3,3.0,86.0,True,True
57308,57331,long,breakout,0.5,26013.4,26036.5389,26036.5389,26075.9731,26110.2414,26036.5389,stop,1.0,86.0,True,True
57347,57352,short,failure_test,0.76,25993.3,26017.6841,25968.9159,25944.5317,25920.1476,26017.6841,stop,-1.0,85.0,False,False
57363,57378,long,failure_test,0.73,26004.8,26004.8,26039.2645,26073.7291,26108.1936,26004.8,stop,0.0,57.0,True,False
57379,57379,long,breakout,0.7,26051.35,26037.7591,26064.9409,26110.0559,26140.4574,26037.7591,stop,-1.0,146.0,False,False
57384,57386,long,failure_test,0.67,26047.25,26019.1347,26075.3653,26103.4806,26131.5959,26019.1347,stop,-1.0,67.0,False,False
57389,57425,long,failure_test,0.63,26079.35,26079.35,26173.5897,26267.8294,26362.069,26180.95,time_stop,1.078,19.0,True,False
57456,57462,short,failed_breakout,0.45,26139.6,26071.3874,26071.3874,26138.17,26121.8,26121.8,target_3,0.261,27.0,True,True
57463,57465,short,failure_test,0.66,26071.05,26102.4087,26039.6913,26008.3327,25976.974,26102.4087,stop,-1.0,61.0,False,False
57498,57501,long,breakout,0.45,26012.85,26033.7731,26033.7731,26033.5804,26045.588,26033.7731,stop,1.0,87.0,True,True
57503,57519,short,failure_test,0.68,25971.7,25936.3576,25936.3576,25901.0153,25865.6729,25936.3576,stop,1.0,54.0,True,True
57600,57603,short,pullback,0.55,25836.35,25853.8291,25818.8709,25781.9869,20626.2169,25853.8291,stop,-1.0,114.0,False,False
57610,57615,short,pullback,0.76,25890.05,25926.7792,25853.3208,25780.8059,20625.0359,25926.7792,stop,-1.0,52.0,False,False
57661,57697,short,failed_breakout,0.45,25765.2,25860.0877,25670.3123,25741.47,25760.4,25821.6,time_stop,-0.594,19.0,False,False
57733,57753,long,failed_breakout,0.5,25892.7,25954.3582,25954.3582,25894.145,25913.45,25913.45,target_3,0.337,28.0,True,True
57754,57767,long,failure_test,0.74,26003.3,25956.2504,26050.3496,26097.3992,26144.4488,25956.2504,stop,-1.0,38.0,False,False
57768,57778,short,failure_test,0.75,25959.95,26018.5615,25901.3385,25842.7269,25784.1154,26018.5615,stop,-1.0,29.0,False,False
57779,57815,long,failure_test,0.75,26015.55,26015.55,26051.5239,26087.4979,26123.4718,26034.1,time_stop,0.516,44.0,True,False
58006,58042,short,pullback,0.54,25814.35,25858.005,25770.695,25804.4086,20644.0486,25776.15,time_stop,0.875,37.0,False,False
58043,58047,short,failure_test,0.67,25776.05,25828.5869,25723.5131,25670.9762,25618.4392,25828.5869,stop,-1.0,32.0,False,False
58118,58128,short,failure_test,0.7,25792.0,25842.7276,25741.2724,25690.5447,25639.8171,25842.7276,stop,-1.0,32.0,False,False
58139,58157,long,failure_test,0.64,25951.1,25914.4527,25987.7473,26024.3947,26061.042,25914.4527,stop,-1.0,42.0,False,False
58163,58175,long,failure_test,0.65,25951.4,25922.1761,25980.6239,26009.8478,26039.0717,25922.1761,stop,-1.0,50.0,False,False
58176,58176,short,failure_test,0.64,25930.3,25952.9731,25907.6269,25884.9539,25862.2808,25952.9731,stop,-1.0,62.0,False,False
58191,58203,short,failed_breakout,0.45,25971.35,26000.8422,25941.8578,25940.42,25921.1,26000.8422,stop,-1.0,45.0,False,False
58204,58240,long,failed_breakout,0.45,26094.55,25938.5084,26250.5916,26204.07,26195.1,26144.75,time_stop,0.322,8.0,False,False
58256,58292,long,pb_after_breakout,0.85,26140.75,25828.1235,26453.3765,26152.8759,26158.9388,26172.6,time_stop,0.102,4.0,False,False
58338,58341,long,failure_test,0.64,26203.95,26203.95,26226.3354,26248.7209,26271.1063,26203.95,stop,0.0,58.0,True,False
58428,58464,short,failure_test,0.77,26121.25,26094.3746,26094.3746,26067.4991,26040.6237,26065.85,time_stop,2.061,48.0,True,True
58650,58652,short,pb_after_breakout,0.95,25940.45,25966.9264,25913.9736,25880.0893,25849.9089,25966.9264,stop,-1.0,54.0,False,False
58655,58691,long,failure_test,0.54,26003.65,26044.0217,26044.0217,26084.3933,26124.765,26095.55,time_stop,2.276,33.0,True,True
58697,58705,long,failure_test,0.55,26142.7,26142.7,26162.4408,26182.1816,26201.9224,26142.7,stop,0.0,76.0,True,False
58706,58709,short,failed_breakout,0.6,26142.45,26169.9334,26114.9666,26106.165,26085.75,26169.9334,stop,-1.0,55.0,False,False
58711,58723,long,pullback,0.55,26162.55,26129.864,26195.236,26163.6246,31394.3154,26129.864,stop,-1.0,44.0,False,False
58894,58930,long,pullback,0.58,26352.6,26256.1033,26449.0967,26356.1081,31627.7581,26283.05,time_stop,-0.721,14.0,False,False
58931,58933,long,pullback,0.55,26283.4,26259.0225,26307.7775,26357.1922,31628.8422,26259.0225,stop,-1.0,54.0,False,False
58936,58953,long,pullback,0.56,26224.2,26224.2,26258.0906,26356.8545,31628.5045,26224.2,stop,0.0,36.0,True,False
59004,59028,short,failed_breakout,0.5,26161.75,26121.1462,26121.1462,26155.83,26149.65,26149.65,target_3,0.298,30.0,True,True
59029,59029,short,failure_test,0.84,26128.5,26148.6004,26108.3996,26088.2993,26068.1989,26148.6004,stop,-1.0,63.0,False,False
59034,59038,short,failure_test,0.99,26108.1,26160.4048,26055.7952,26003.4904,25951.1856,26160.4048,stop,-1.0,23.0,False,False
59094,59094,short,breakout,0.55,26109.35,26094.7296,26094.7296,26109.0928,26108.4214,26108.4214,target_3,0.064,78.0,True,True
59099,59103,long,failure_test,0.68,26145.5,26121.962,26169.038,26192.5761,26216.1141,26121.962,stop,-1.0,48.0,False,False
59104,59104,long,breakout,0.7,26119.85,26104.3407,26135.3593,26134.4749,26140.2686,26104.3407,stop,-1.0,70.0,False,False
59419,59433,short,failed_breakout,0.6,25686.95,25778.1634,25595.7366,25672.33,25638.7,25778.1634,stop,-1.0,11.0,False,False
59449,59450,long,breakout,0.45,25740.45,25759.1395,25759.1395,25740.6522,25742.2027,25742.2027,target_3,0.094,52.0,True,True
59454,59464,short,failure_test,0.68,25715.85,25681.4915,25681.4915,25647.133,25612.7744,25612.7744,target_3,3.0,28.0,True,True
59470,59478,short,breakout,0.65,25697.2,25697.2,25669.7163,25643.0013,25613.1891,25697.2,stop,0.0,41.0,True,False
59479,59481,long,failure_test,0.58,25730.35,25700.0982,25760.6018,25790.8537,25821.1055,25700.0982,stop,-1.0,37.0,False,False
59484,59510,long,failure_test,0.56,25726.2,25780.0234,25780.0234,25833.8467,25887.6701,25780.0234,stop,1.0,20.0,True,True
59786,59822,short,pullback,0.83,25395.35,25395.35,25214.877,24922.6791,19938.7191,25209.9,time_stop,1.028,6.0,True,False
59933,59969,long,failed_breakout,0.55,25090.65,24912.0111,25269.2889,25098.215,25106.95,25079.55,time_stop,-0.062,6.0,False,False
60000,60004,long,failure_test,0.45,25169.25,25225.4221,25225.4221,25281.5942,25337.7664,25337.7664,target_3,3.0,21.0,True,True
60105,60121,short,pullback,0.67,25277.4,25316.7327,25238.0673,25215.4692,20172.7592,25316.7327,stop,-1.0,34.0,False,False
60142,60147,long,failure_test,0.64,25447.6,25415.2251,25479.9749,25512.3498,25544.7248,25415.2251,stop,-1.0,40.0,False,False
60178,60189,short,failure_test,0.78,25252.45,25300.1736,25204.7264,25157.0029,25109.2793,25300.1736,stop,-1.0,25.0,False,False
60190,60191,short,failure_test,0.66,25275.25,25315.1977,25235.3023,25195.3547,25155.407,25315.1977,stop,-1.0,29.0,False,False
60200,60206,short,failure_test,0.86,25243.9,25283.6355,25204.1645,25164.429,25124.6935,25283.6355,stop,-1.0,28.0,False,False
60207,60222,long,breakout,0.5,25302.05,25302.05,25331.5188,25375.8547,25416.1933,25302.05,stop,0.0,36.0,True,False
60363,60370,short,failed_breakout,0.5,24942.45,25001.2742,24883.6258,24884.185,24850.6,25001.2742,stop,-1.0,18.0,False,False
60426,60428,long,pullback,0.77,25791.3,25759.3747,25823.2253,26339.5785,31607.8185,25759.3747,stop,-1.0,31.0,False,False
60441,60447,long,pullback,0.78,25769.05,25721.1777,25816.9223,26338.9579,31607.1979,25721.1777,stop,-1.0,20.0,False,False
60573,60586,long,failed_breakout,0.45,25640.1,25593.0607,25687.1393,25659.85,25679.5,25593.0607,stop,-1.0,19.0,False,False
60587,60592,short,failure_test,0.65,25594.7,25636.9731,25552.4269,25510.1538,25467.8807,25636.9731,stop,-1.0,20.0,False,False
60593,60598,long,failure_test,0.63,25631.85,25631.85,25661.4869,25691.1238,25720.7606,25631.85,stop,0.0,27.0,True,False
60604,60608,short,failed_breakout,0.55,25600.65,25523.8659,25523.8659,25599.115,25587.05,25587.05,target_3,0.177,10.0,True,True
60624,60626,long,failed_breakout,0.6,25522.75,25566.5265,25566.5265,25551.19,25571.05,25571.05,target_3,1.103,18.0,True,True
60634,60637,long,failure_test,0.87,25636.65,25596.3612,25676.9388,25717.2276,25757.5164,25596.3612,stop,-1.0,21.0,False,False
60639,60640,long,failure_test,0.87,25611.7,25579.9607,25643.4393,25675.1786,25706.9178,25579.9607,stop,-1.0,26.0,False,False
60654,60659,long,failed_breakout,0.5,25569.4,25623.541,25623.541,25591.455,25614.75,25614.75,target_3,0.838,14.0,True,True
60745,60781,long,pullback,0.54,25853.05,25873.3299,25873.3299,25922.5415,31106.9915,25953.3,time_stop,4.943,40.0,True,True
60957,60964,short,pullback,0.52,25845.05,25804.6112,25804.6112,25824.2111,20659.7511,25804.6112,stop,1.0,25.0,True,True
60970,60972,short,failure_test,0.72,25760.6,25813.0932,25708.1068,25655.6136,25603.1203,25813.0932,stop,-1.0,20.0,False,False
61120,61128,long,failure_test,0.58,25665.3,25628.2383,25702.3617,25739.4234,25776.4851,25628.2383,stop,-1.0,27.0,False,False
61129,61140,short,failure_test,0.74,25610.45,25691.493,25529.407,25448.364,25367.3209,25691.493,stop,-1.0,11.0,False,False
61146,61156,short,failed_breakout,0.55,25661.6,25743.1132,25580.0868,25602.265,25570.6,25743.1132,stop,-1.0,11.0,False,False
61472,61476,long,pullback,0.52,25656.15,25629.1554,25683.1446,25681.1658,30817.7558,25629.1554,stop,-1.0,32.0,False,False
61477,61480,long,pullback,0.62,25646.0,25646.0,25661.8276,25681.9921,30818.5821,25646.0,stop,0.0,52.0,True,False
61482,61485,long,pullback,0.52,25664.75,25630.4863,25699.0137,25682.4389,30819.0289,25630.4863,stop,-1.0,24.0,False,False
61492,61503,long,failure_test,0.61,25695.0,25651.4202,25738.5798,25782.1596,25825.7394,25651.4202,stop,-1.0,18.0,False,False
61504,61540,short,failure_test,0.65,25571.25,25571.25,25491.5,25411.7499,25331.9999,25421.05,time_stop,1.883,9.0,True,False
61611,61614,short,failure_test,0.76,25592.65,25614.8007,25570.4993,25548.3487,25526.198,25614.8007,stop,-1.0,37.0,False,False
61641,61647,short,failure_test,0.75,25449.5,25487.796,25411.204,25372.9079,25334.6119,25487.796,stop,-1.0,20.0,False,False
61678,61682,long,pullback,0.52,25533.7,25482.5419,25584.8581,25569.7977,30684.3877,25482.5419,stop,-1.0,14.0,False,False
61683,61694,short,failure_test,0.67,25460.35,25460.35,25408.074,25355.7981,25303.5221,25460.35,stop,0.0,13.0,True,False
61700,61728,long,failure_test,0.77,25436.7,25436.7,25483.9394,25531.1788,25578.4183,25436.7,stop,0.0,15.0,True,False
61729,61765,short,failure_test,0.72,25394.8,25394.8,25288.4526,25182.1052,25075.7578,25272.95,time_stop,1.146,6.0,True,False
61766,61784,short,pullback,0.61,25273.2,25335.5151,25210.8849,25272.4528,20219.5972,25335.5151,stop,-1.0,11.0,False,False
61785,61790,long,failure_test,0.78,25342.6,25314.0211,25371.1789,25399.7578,25428.3367,25314.0211,stop,-1.0,24.0,False,False
61971,61979,long,failure_test,0.66,24651.05,24609.5568,24692.5432,24734.0364,24775.5296,24609.5568,stop,-1.0,16.0,False,False
61980,61988,short,failure_test,0.64,24613.65,24613.65,24570.1503,24526.6505,24483.1508,24613.65,stop,0.0,14.0,True,False
61994,61995,long,failure_test,0.67,24653.15,24621.2026,24685.0974,24717.0448,24748.9923,24621.2026,stop,-1.0,20.0,False,False
61999,62004,short,failure_test,0.69,24633.15,24670.5471,24595.7529,24558.3558,24520.9587,24670.5471,stop,-1.0,16.0,False,False
62005,62014,short,failure_test,0.72,24639.6,24587.5428,24587.5428,24535.4857,24483.4285,24587.5428,stop,1.0,11.0,True,True
62135,62147,short,pullback,0.66,23891.9,23891.9,23873.3647,23715.6172,18973.2472,23891.9,stop,0.0,33.0,True,False
62148,62154,short,pullback,0.67,23909.35,23909.35,23876.3347,23713.6687,18971.2987,23909.35,stop,0.0,18.0,True,False
62155,62159,short,pullback,0.75,23911.35,23911.35,23878.9928,23714.5163,18972.1463,23911.35,stop,0.0,18.0,True,False
62160,62168,short,pullback,0.64,23878.65,23949.4422,23807.8578,23715.3549,18972.9849,23949.4422,stop,-1.0,8.0,False,False
62174,62178,short,pullback,0.71,24031.35,24112.5384,23950.1616,23714.5248,18972.1548,24112.5384,stop,-1.0,7.0,False,False
62314,62315,short,failure_test,0.66,23916.9,23951.2867,23882.5133,23848.1266,23813.7399,23951.2867,stop,-1.0,16.0,False,False
62319,62328,short,failure_test,0.64,23921.55,23858.023,23858.023,23794.496,23730.969,23730.969,target_3,3.0,8.0,True,True
62824,62834,long,failure_test,0.77,23240.9,23188.9072,23292.8928,23344.8857,23396.8785,23188.9072,stop,-1.0,11.0,False,False
62835,62835,short,failure_test,0.77,23195.0,23233.6533,23156.3467,23117.6934,23079.0402,23233.6533,stop,-1.0,14.0,False,False
62840,62847,short,failure_test,0.75,23186.2,23138.9164,23138.9164,23091.6329,23044.3493,23138.9164,stop,1.0,11.0,True,True
62848,62853,long,failure_test,0.72,23139.25,23028.2336,23250.2664,23361.2828,23472.2993,23028.2336,stop,-1.0,5.0,False,False
62929,62945,short,pullback,0.72,22789.8,22674.9198,22674.9198,22645.9771,18119.0671,22674.9198,stop,1.0,4.0,True,True
62951,62966,short,pullback,0.59,22680.1,22916.6918,22443.5082,22638.8619,18111.9519,22916.6918,stop,-1.0,2.0,False,False
62972,62977,short,pullback,0.65,23009.05,23009.05,22917.8454,22640.1558,18113.2458,23009.05,stop,0.0,5.0,True,False
62983,63003,short,failure_test,0.68,22963.65,23065.3561,22861.9439,22760.2377,22658.5316,23065.3561,stop,-1.0,5.0,False,False
63004,63040,long,failure_test,0.73,23162.2,23287.1321,23287.1321,23412.0641,23536.9962,23433.95,time_stop,2.175,4.0,True,True
63061,63072,short,failure_test,0.76,23444.5,23394.8955,23394.8955,23345.2911,23295.6866,23295.6866,target_3,3.0,11.0,True,True
63083,63119,short,failure_test,0.77,23024.3,23024.3,22959.6855,22895.0709,22830.4564,22964.7,time_stop,0.922,10.0,True,False
63185,63221,short,pb_after_breakout,0.75,22477.7,22664.0457,22291.3543,22472.9746,22470.6119,22349.95,time_stop,0.686,3.0,False,False
63232,63263,short,pb_after_breakout,0.85,22853.25,22853.25,22751.4345,22474.8989,22285.7234,22853.25,stop,0.0,6.0,True,False
63274,63303,short,pb_after_breakout,0.95,22864.9,22802.8985,22802.8985,22473.583,22277.9245,22277.9245,target_3,9.467,11.0,True,True
63329,63335,short,failed_breakout,0.5,22209.0,22265.2684,22152.7316,22195.78,22179.55,22265.2684,stop,-1.0,18.0,False,False
63381,63417,short,failed_breakout,0.5,22604.85,22821.0116,22388.6884,22603.5,22564.95,22650.1,time_stop,-0.209,4.0,False,False
63418,63420,short,failure_test,0.89,22649.4,22729.7168,22569.0832,22488.7663,22408.4495,22729.7168,stop,-1.0,12.0,False,False
63423,63453,long,failure_test,0.56,22804.1,22900.3001,22900.3001,22996.5002,23092.7003,22900.3001,stop,1.0,9.0,True,True
63454,63490,short,failed_breakout,0.7,22773.75,23016.951,22530.549,22647.61,22665.4,22912.75,time_stop,-0.572,3.0,False,False
63541,63549,short,failed_breakout,0.55,23906.55,23994.5662,23818.5338,23357.225,23107.4,23994.5662,stop,-1.0,10.0,False,False
