bar_index,time,open,high,low,close,candle_range,avg_range_lookback,range_std_dev,min_range_window,max_range_window,compression_ratio,compression_pct,atr,atr_pct_of_close,body_ratio,wick_ratio,candle_direction,zone_type,zone_score,is_progressive_squeeze,prior_trend,price_vs_sma20,resistance_level,support_level,range_above_support,range_below_resist,volume_ratio_vs_avg,candles_to_breakout,breakout_direction,breakout_magnitude,max_move_next_5,max_move_next_10
14,06-12-2024 10:25,24703.3,24734.7,24701.85,24721.15,32.85,49.795,32.6274,14.65,104.5,0.6597,66.0%,52.6673,0.21%,0.543,0.457,Bullish,Mild Contraction,14.5,False,Uptrend,Below SMA20,24751.05,24620.5,100.65,29.9,N/A,,,,34.4,34.4
17,06-12-2024 10:40,24695.05,24728.35,24693.7,24724.3,34.65,51.65,31.3146,14.65,104.5,0.6709,67.1%,45.7022,0.18%,0.844,0.156,Bullish,Mild Contraction,13.6,False,Uptrend,Below SMA20,24751.05,24620.5,103.8,26.75,N/A,,,,27.3,56.35
20,06-12-2024 10:55,24701.45,24718.55,24701.45,24712.3,17.1,45.285,31.0352,15.7,104.5,0.3776,37.8%,36.7726,0.15%,0.635,0.365,Bullish,Moderate Contraction,42.0,False,Uptrend,Above SMA20,24734.7,24620.5,91.8,22.4,N/A,2,Upside Breakout,13.3,35.7,44.35
25,06-12-2024 11:20,24697.0,24701.6,24689.4,24689.8,12.2,25.955,9.0895,15.7,40.3,0.47,47.0%,29.2106,0.12%,0.59,0.41,Bearish,Moderate Contraction,40.7,False,Downtrend,Below SMA20,24748.0,24686.75,3.05,58.2,N/A,1,Downside Breakdown,18.8,21.85,26.75
29,06-12-2024 11:40,24684.05,24689.85,24679.8,24687.85,10.05,21.29,8.4012,12.2,37.9,0.4721,47.2%,23.2505,0.09%,0.378,0.622,Bullish,Moderate Contraction,39.7,False,Downtrend,Below SMA20,24748.0,24667.95,19.9,60.15,N/A,,,,28.7,28.85
33,06-12-2024 12:00,24706.8,24716.55,24705.0,24712.45,11.55,19.56,9.9016,10.0,37.9,0.5905,59.0%,20.9708,0.08%,0.489,0.511,Bullish,Mild Contraction,27.1,False,Uptrend,Above SMA20,24740.05,24667.95,44.5,27.6,N/A,,,,30.75,30.75
41,06-12-2024 12:40,24709.9,24714.85,24707.4,24710.8,7.45,16.045,7.003,10.0,32.15,0.4643,46.4%,15.7762,0.06%,0.121,0.879,Bullish,Moderate Contraction,39.6,False,Uptrend,Above SMA20,24716.7,24668.15,42.65,5.9,N/A,2,Upside Breakout,6.25,13.6,29.15
54,06-12-2024 13:45,24687.85,24699.0,24687.65,24691.45,11.35,17.405,6.944,11.25,32.2,0.6521,65.2%,17.3958,0.07%,0.317,0.683,Bullish,Mild Contraction,26.8,False,Downtrend,Below SMA20,24721.6,24669.3,22.15,30.15,N/A,9,Downside Breakdown,9.1,16.7,31.65
59,06-12-2024 14:10,24691.1,24695.1,24683.5,24692.85,11.6,18.225,6.8988,11.25,32.2,0.6365,63.6%,15.968,0.06%,0.151,0.849,Bullish,Mild Contraction,27.4,False,Uptrend,Below SMA20,24703.25,24669.3,23.55,10.4,N/A,4,Downside Breakdown,9.1,33.05,34.6
73,06-12-2024 15:20,24675.15,24676.6,24661.55,24666.65,15.05,21.755,4.8829,13.3,32.75,0.6918,69.2%,19.7529,0.08%,0.565,0.435,Bearish,Mild Contraction,23.2,False,Uptrend,Below SMA20,24695.4,24658.25,8.4,28.75,N/A,2,Downside Breakdown,36.4,44.8,57.0
85,09-12-2024 10:05,24605.5,24610.45,24589.5,24594.5,20.95,36.23,11.8788,24.7,62.2,0.5783,57.8%,28.395,0.12%,0.525,0.475,Bearish,Strong Contraction,53.4,True,Downtrend,Below SMA20,24705.0,24604.85,-10.35,110.5,N/A,1,Downside Breakdown,19.95,26.05,51.55
91,09-12-2024 10:35,24594.2,24600.5,24589.05,24595.85,11.45,26.38,5.5732,16.65,38.1,0.434,43.4%,24.9284,0.1%,0.144,0.856,Bullish,Moderate Contraction,48.6,False,Downtrend,Below SMA20,24671.65,24580.05,15.8,75.8,N/A,10,Upside Breakout,4.55,50.2,80.35
94,09-12-2024 10:50,24629.25,24635.35,24621.65,24626.85,13.7,24.42,9.2947,11.45,45.5,0.561,56.1%,24.9694,0.1%,0.175,0.825,Bearish,Moderate Contraction,30.2,False,Uptrend,Above SMA20,24646.05,24580.05,46.8,19.2,N/A,5,Upside Breakout,2.9,22.1,60.9
97,09-12-2024 11:05,24615.65,24624.7,24615.1,24619.9,9.6,22.89,10.2682,11.45,45.5,0.4194,41.9%,21.0875,0.09%,0.443,0.557,Bullish,Moderate Contraction,42.5,False,Uptrend,Above SMA20,24646.05,24580.05,39.85,26.15,N/A,2,Upside Breakout,2.9,57.6,69.5
100,09-12-2024 11:20,24648.55,24659.9,24648.25,24656.9,11.65,19.315,10.4798,9.6,45.5,0.6032,60.3%,19.2273,0.08%,0.717,0.283,Bullish,Mild Contraction,25.0,False,Uptrend,Above SMA20,24648.95,24589.05,67.85,-7.95,N/A,1,Upside Breakout,27.25,32.5,32.5
103,09-12-2024 11:35,24670.4,24672.85,24662.8,24672.75,10.05,18.275,10.2093,9.6,45.5,0.5499,55.0%,17.4416,0.07%,0.234,0.766,Bullish,Moderate Contraction,31.6,False,Uptrend,Above SMA20,24677.5,24600.55,72.2,4.75,N/A,1,Upside Breakout,10.25,16.65,22.6
112,09-12-2024 12:20,24660.15,24665.3,24656.5,24659.95,8.8,14.025,3.7939,10.05,23.45,0.6275,62.7%,14.2485,0.06%,0.023,0.977,Bearish,Strong Contraction,51.0,True,Downtrend,Above SMA20,24689.4,24650.15,9.8,29.45,N/A,2,Downside Breakdown,17.35,41.5,41.5
130,09-12-2024 13:50,24630.95,24633.65,24622.4,24630.9,11.25,16.65,4.174,11.85,25.7,0.6757,67.6%,15.1093,0.06%,0.004,0.996,Bearish,Mild Contraction,27.9,False,Uptrend,Below SMA20,24663.0,24620.25,10.65,32.1,N/A,2,Downside Breakdown,1.65,24.8,35.8
135,09-12-2024 14:15,24615.7,24619.65,24611.6,24614.85,8.05,14.99,4.0823,9.7,21.6,0.537,53.7%,14.7757,0.06%,0.106,0.894,Bearish,Moderate Contraction,37.8,False,Downtrend,Below SMA20,24650.95,24606.1,8.75,36.1,N/A,1,Downside Breakdown,5.4,19.75,30.4
143,09-12-2024 14:55,24628.05,24633.35,24622.45,24629.05,10.9,18.5,5.5665,8.05,25.7,0.5892,58.9%,17.1622,0.07%,0.092,0.908,Bullish,Mild Contraction,27.7,False,Uptrend,Above SMA20,24645.25,24595.1,33.95,16.2,N/A,7,Upside Breakout,9.95,24.15,35.8
147,09-12-2024 15:15,24609.6,24618.05,24607.8,24616.25,10.25,19.84,6.1964,10.9,29.75,0.5166,51.7%,17.7423,0.07%,0.649,0.351,Bullish,Moderate Contraction,38.2,False,Uptrend,Below SMA20,24645.25,24595.1,21.15,29.0,N/A,3,Upside Breakout,9.95,38.95,44.6
154,10-12-2024 09:35,24631.4,24638.65,24625.2,24635.65,13.45,26.58,12.8528,10.25,45.25,0.506,50.6%,25.2001,0.1%,0.316,0.684,Bullish,Moderate Contraction,32.3,False,Uptrend,Above SMA20,24655.2,24593.25,42.4,19.55,N/A,2,Upside Breakout,0.95,42.15,42.15
159,10-12-2024 10:00,24669.9,24677.8,24660.4,24660.65,17.4,27.225,11.6097,13.45,45.25,0.6391,63.9%,22.8335,0.09%,0.532,0.468,Bearish,Mild Contraction,22.0,False,Uptrend,Above SMA20,24674.25,24593.25,67.4,13.6,N/A,,,,23.45,46.15
162,10-12-2024 10:15,24656.35,24665.65,24652.3,24662.9,13.35,22.895,10.1633,13.45,45.25,0.5831,58.3%,19.9891,0.08%,0.491,0.509,Bullish,Moderate Contraction,31.4,False,Uptrend,Above SMA20,24677.8,24593.25,69.65,14.9,N/A,,,,48.4,48.4
168,10-12-2024 10:45,24625.6,24634.5,24623.75,24634.5,10.75,18.295,6.0268,12.75,28.65,0.5876,58.8%,18.7013,0.08%,0.828,0.172,Bullish,Moderate Contraction,32.7,False,Downtrend,Below SMA20,24677.8,24614.5,20.0,43.3,N/A,18,Downside Breakdown,45.95,17.0,24.1
174,10-12-2024 11:15,24651.6,24653.1,24647.35,24647.9,5.75,14.99,5.7141,9.1,28.65,0.3836,38.4%,14.859,0.06%,0.643,0.357,Bearish,Moderate Contraction,46.2,False,Downtrend,Above SMA20,24656.45,24614.5,33.4,8.55,N/A,3,Upside Breakout,2.15,10.7,28.95
181,10-12-2024 11:50,24628.9,24637.2,24628.9,24631.55,8.3,13.265,6.1954,5.75,26.75,0.6257,62.6%,13.7259,0.06%,0.319,0.681,Bullish,Mild Contraction,21.5,False,Uptrend,Below SMA20,24658.6,24627.05,4.5,27.05,N/A,1,Downside Breakdown,4.0,63.0,97.25
194,10-12-2024 12:55,24562.8,24570.15,24557.65,24566.2,12.5,23.62,12.0346,14.95,52.45,0.5292,52.9%,19.7116,0.08%,0.272,0.728,Bullish,Strong Contraction,54.4,True,Downtrend,Below SMA20,24647.55,24534.3,31.9,81.35,N/A,4,Downside Breakdown,6.9,40.25,55.55
197,10-12-2024 13:10,24556.3,24559.5,24545.85,24551.05,13.65,20.645,6.7147,12.5,35.65,0.6612,66.1%,19.2002,0.08%,0.385,0.615,Bearish,Mild Contraction,24.6,False,Downtrend,Below SMA20,24597.45,24534.3,16.75,46.4,N/A,1,Downside Breakdown,6.9,25.1,40.4
205,10-12-2024 13:50,24516.45,24527.2,24513.3,24526.35,13.9,22.925,6.1039,13.65,30.6,0.6063,60.6%,21.8189,0.09%,0.712,0.288,Bullish,Moderate Contraction,32.2,False,Downtrend,Below SMA20,24576.9,24510.65,15.7,50.55,N/A,14,Upside Breakout,30.65,22.85,36.8
209,10-12-2024 14:10,24548.35,24548.4,24536.0,24540.45,12.4,22.36,6.3875,13.9,30.6,0.5546,55.5%,19.9875,0.08%,0.637,0.363,Bearish,Moderate Contraction,36.1,False,Downtrend,Below SMA20,24569.95,24510.65,29.8,29.5,N/A,10,Upside Breakout,37.6,22.7,67.1
214,10-12-2024 14:35,24536.0,24541.55,24530.6,24535.1,10.95,21.145,10.4209,9.8,38.35,0.5179,51.8%,20.8865,0.09%,0.082,0.918,Bearish,Moderate Contraction,33.3,False,Uptrend,Below SMA20,24563.15,24510.65,24.45,28.05,N/A,3,Upside Breakout,1.85,72.45,93.6
218,10-12-2024 14:55,24555.2,24557.4,24549.8,24553.85,7.6,18.955,10.6715,9.8,38.35,0.4009,40.1%,18.1511,0.07%,0.178,0.822,Bearish,Moderate Contraction,42.4,False,Uptrend,Above SMA20,24565.0,24524.8,29.05,11.15,N/A,1,Upside Breakout,42.55,68.2,87.35
221,10-12-2024 15:10,24622.05,24622.05,24605.45,24612.0,16.6,23.815,15.2718,7.6,53.3,0.697,69.7%,23.0297,0.09%,0.605,0.395,Bearish,Mild Contraction,11.4,False,Uptrend,Above SMA20,24620.3,24524.8,87.2,8.3,N/A,3,Upside Breakout,8.4,29.2,37.0
230,11-12-2024 09:40,24625.35,24628.95,24614.3,24617.55,14.65,21.345,10.1411,9.55,43.6,0.6863,68.6%,21.1541,0.09%,0.532,0.468,Bearish,Mild Contraction,15.4,False,Downtrend,Above SMA20,24649.0,24589.9,27.65,31.45,N/A,2,Downside Breakdown,6.05,33.7,49.1
235,11-12-2024 10:05,24624.7,24628.5,24613.55,24616.45,14.95,25.93,8.4626,14.65,43.6,0.5766,57.7%,23.1169,0.09%,0.552,0.448,Bearish,Moderate Contraction,33.0,False,Uptrend,Above SMA20,24649.0,24583.85,32.6,32.55,N/A,4,Upside Breakout,17.65,50.2,60.55
243,11-12-2024 10:45,24665.75,24677.0,24664.1,24671.75,12.9,25.585,7.425,14.95,40.1,0.5042,50.4%,22.8265,0.09%,0.465,0.535,Bullish,Moderate Contraction,39.7,False,Uptrend,Above SMA20,24672.6,24600.85,70.9,0.85,N/A,1,Upside Breakout,3.5,23.25,25.95
246,11-12-2024 11:00,24654.4,24660.15,24651.6,24652.75,8.55,22.07,8.4946,10.55,40.1,0.3874,38.7%,18.9258,0.08%,0.193,0.807,Bearish,Moderate Contraction,45.8,False,Uptrend,Above SMA20,24677.0,24600.85,51.9,24.25,N/A,7,Upside Breakout,14.75,13.5,39.0
250,11-12-2024 11:20,24656.5,24666.25,24656.4,24658.8,9.85,15.315,4.8463,8.55,22.95,0.6432,64.3%,15.9984,0.06%,0.234,0.766,Bullish,Mild Contraction,25.0,False,Downtrend,Above SMA20,24677.0,24636.95,21.85,18.2,N/A,3,Upside Breakout,14.75,32.95,32.95
260,11-12-2024 12:10,24663.3,24667.3,24658.05,24661.75,9.25,14.6,6.1379,8.2,23.85,0.6336,63.4%,14.5912,0.06%,0.168,0.832,Bearish,Mild Contraction,24.9,False,Uptrend,Below SMA20,24691.75,24651.2,10.55,30.0,N/A,1,Downside Breakdown,8.1,34.6,35.65
263,11-12-2024 12:25,24654.05,24658.85,24650.7,24653.4,8.15,15.405,5.596,9.25,23.85,0.529,52.9%,14.9249,0.06%,0.08,0.92,Bearish,Moderate Contraction,36.3,False,Downtrend,Below SMA20,24691.75,24643.1,10.3,38.35,N/A,2,Downside Breakdown,15.95,27.3,27.3
268,11-12-2024 12:50,24644.45,24645.95,24638.2,24642.25,7.75,18.05,9.4536,8.15,36.85,0.4294,42.9%,16.73,0.07%,0.284,0.716,Bearish,Strong Contraction,60.9,True,Downtrend,Below SMA20,24686.55,24626.1,16.15,44.3,N/A,,,,23.65,24.75
271,11-12-2024 13:05,24649.05,24655.75,24647.45,24654.45,8.3,17.465,9.1798,7.75,36.85,0.4752,47.5%,15.2367,0.06%,0.651,0.349,Bullish,Moderate Contraction,36.7,False,Downtrend,Below SMA20,24672.15,24626.1,28.35,17.7,N/A,20,Downside Breakdown,1.35,12.55,12.55
275,11-12-2024 13:25,24655.35,24658.4,24650.45,24657.9,7.95,16.365,8.9627,7.75,36.85,0.4858,48.6%,13.4518,0.05%,0.321,0.679,Bullish,Moderate Contraction,36.5,False,Uptrend,Above SMA20,24665.9,24626.1,31.8,8.0,N/A,1,Upside Breakout,1.1,14.4,14.4
285,11-12-2024 14:15,24652.2,24654.15,24646.85,24649.95,7.3,12.76,2.7354,7.95,16.2,0.5721,57.2%,12.3112,0.05%,0.308,0.692,Bearish,Moderate Contraction,37.3,False,Downtrend,Below SMA20,24667.0,24643.5,6.45,17.05,N/A,1,Downside Breakdown,5.15,18.9,34.4
296,11-12-2024 15:10,24645.85,24654.75,24645.0,24650.6,9.75,14.155,4.7436,7.55,24.15,0.6888,68.9%,13.2725,0.05%,0.487,0.513,Bullish,Mild Contraction,18.6,False,Uptrend,Above SMA20,24657.95,24615.55,35.05,7.35,N/A,4,Downside Breakdown,11.1,46.15,46.15
308,12-12-2024 09:55,24642.75,24644.05,24629.75,24634.95,14.3,21.975,11.4208,8.2,49.35,0.6507,65.1%,19.1031,0.08%,0.545,0.455,Bearish,Mild Contraction,17.3,False,Downtrend,Below SMA20,24675.25,24604.45,30.5,40.3,N/A,7,Downside Breakdown,13.25,26.05,43.75
311,12-12-2024 10:10,24614.8,24626.65,24613.95,24618.85,12.7,19.91,5.6512,14.3,32.9,0.6379,63.8%,18.9563,0.08%,0.319,0.681,Bullish,Mild Contraction,29.9,False,Downtrend,Below SMA20,24675.25,24614.0,4.85,56.4,N/A,1,Downside Breakdown,5.1,27.65,33.95
314,12-12-2024 10:25,24617.35,24620.35,24612.05,24615.4,8.3,18.695,6.5998,11.0,32.9,0.444,44.4%,16.5954,0.07%,0.235,0.765,Bearish,Moderate Contraction,42.5,False,Downtrend,Below SMA20,24675.25,24608.9,6.5,59.85,N/A,1,Downside Breakdown,17.7,24.2,30.5
317,12-12-2024 10:40,24610.95,24617.1,24606.75,24611.05,10.35,17.365,7.966,8.3,34.95,0.596,59.6%,17.1103,0.07%,0.01,0.99,Bullish,Mild Contraction,25.8,False,Downtrend,Below SMA20,24650.45,24591.2,19.85,39.4,N/A,4,Downside Breakdown,6.3,26.15,26.15
322,12-12-2024 11:05,24599.2,24602.55,24591.75,24598.55,10.8,15.65,8.3446,8.3,34.95,0.6901,69.0%,15.8654,0.06%,0.06,0.94,Bearish,Mild Contraction,16.7,False,Downtrend,Below SMA20,24628.15,24584.9,13.65,29.6,N/A,9,Downside Breakdown,1.15,13.9,14.8
327,12-12-2024 11:30,24603.2,24606.6,24598.25,24600.6,8.35,13.46,4.4579,9.25,23.65,0.6204,62.0%,13.7641,0.06%,0.311,0.689,Bearish,Moderate Contraction,30.3,False,Downtrend,Below SMA20,24622.65,24584.9,15.7,22.05,N/A,4,Downside Breakdown,1.15,16.85,48.95
337,12-12-2024 12:20,24560.65,24563.0,24553.45,24557.2,9.55,14.74,7.3519,7.85,30.3,0.6479,64.8%,14.9986,0.06%,0.361,0.639,Bearish,Moderate Contraction,41.6,True,Downtrend,Below SMA20,24606.6,24551.65,5.55,49.4,N/A,11,Downside Breakdown,2.8,26.45,26.45
340,12-12-2024 12:35,24581.25,24583.3,24574.6,24577.15,8.7,16.25,6.4488,8.35,30.3,0.5354,53.5%,14.2658,0.06%,0.471,0.529,Bearish,Moderate Contraction,34.4,False,Downtrend,Below SMA20,24603.7,24551.65,25.5,26.55,N/A,8,Downside Breakdown,2.8,7.8,28.3
343,12-12-2024 12:50,24576.1,24583.55,24572.55,24579.05,11.0,15.725,6.7474,8.7,30.3,0.6995,70.0%,13.196,0.05%,0.268,0.732,Bullish,Mild Contraction,17.0,False,Uptrend,Below SMA20,24598.8,24551.65,27.4,19.75,N/A,5,Downside Breakdown,2.8,30.2,36.0
353,12-12-2024 13:40,24571.95,24579.85,24571.5,24574.7,8.35,15.12,7.6961,7.8,30.35,0.5522,55.2%,15.1835,0.06%,0.329,0.671,Bullish,Moderate Contraction,31.3,False,Downtrend,Above SMA20,24583.55,24543.05,31.65,8.85,N/A,14,Downside Breakdown,10.7,27.4,27.4
357,12-12-2024 14:00,24552.3,24558.1,24548.45,24551.6,9.65,17.2,7.2936,8.35,30.35,0.561,56.1%,15.3878,0.06%,0.073,0.927,Bearish,Moderate Contraction,30.2,False,Downtrend,Below SMA20,24579.85,24543.05,8.55,28.25,N/A,10,Downside Breakdown,10.7,25.45,25.45
362,12-12-2024 14:25,24561.35,24562.1,24554.5,24556.95,7.6,15.595,6.6238,8.35,30.35,0.4873,48.7%,13.7141,0.06%,0.579,0.421,Bearish,Moderate Contraction,38.2,False,Downtrend,Below SMA20,24579.85,24543.85,13.1,22.9,N/A,5,Downside Breakdown,11.5,24.6,29.0
371,12-12-2024 15:10,24554.45,24556.7,24548.8,24549.9,7.9,13.495,4.3587,7.6,20.6,0.5854,58.5%,13.5476,0.06%,0.576,0.424,Bearish,Moderate Contraction,31.9,False,Downtrend,Below SMA20,24572.65,24527.95,21.95,22.75,N/A,4,Downside Breakdown,58.5,130.85,184.1
382,13-12-2024 09:50,24388.7,24389.65,24369.1,24373.4,20.55,31.44,16.0849,7.4,56.5,0.6536,65.4%,27.9951,0.11%,0.745,0.255,Bearish,Mild Contraction,15.1,False,Downtrend,Below SMA20,24561.3,24365.8,7.6,187.9,N/A,3,Downside Breakdown,12.7,73.8,181.9
386,13-12-2024 10:10,24353.7,24358.05,24343.7,24353.1,14.35,33.515,11.4817,20.55,56.5,0.4282,42.8%,27.6591,0.11%,0.042,0.958,Bearish,Moderate Contraction,43.9,False,Downtrend,Below SMA20,24475.55,24353.1,0.0,122.45,N/A,1,Downside Breakdown,53.5,161.6,172.3
396,13-12-2024 11:00,24259.75,24269.85,24246.7,24259.7,23.15,43.135,17.732,14.35,74.4,0.5367,53.7%,38.2281,0.16%,0.002,0.998,Bearish,Mild Contraction,28.9,False,Downtrend,Below SMA20,24358.05,24180.8,78.9,98.35,N/A,6,Upside Breakout,1.8,83.3,157.9
405,13-12-2024 11:45,24364.95,24378.5,24357.0,24372.7,21.5,48.755,20.3962,23.15,95.25,0.441,44.1%,43.5231,0.18%,0.36,0.64,Bullish,Strong Contraction,61.5,True,Uptrend,Above SMA20,24376.2,24225.9,146.8,3.5,N/A,1,Upside Breakout,41.4,226.1,242.85
409,13-12-2024 12:05,24542.85,24543.2,24505.05,24530.7,38.15,58.28,32.2425,21.5,134.5,0.6546,65.5%,57.4784,0.23%,0.318,0.682,Bearish,Mild Contraction,16.7,False,Uptrend,Above SMA20,24598.8,24266.85,263.85,68.1,N/A,3,Upside Breakout,0.1,84.85,104.35
412,13-12-2024 12:20,24597.3,24598.9,24563.8,24577.55,35.1,59.79,31.8418,21.5,134.5,0.5871,58.7%,54.2497,0.22%,0.563,0.437,Bearish,Mild Contraction,23.2,False,Uptrend,Above SMA20,24598.8,24293.5,284.05,21.25,N/A,1,Upside Breakout,16.75,79.65,110.65
415,13-12-2024 12:35,24538.35,24559.0,24519.6,24549.1,39.4,59.035,32.4457,21.5,134.5,0.6674,66.7%,52.8249,0.22%,0.273,0.727,Bullish,Mild Contraction,15.4,False,Uptrend,Above SMA20,24615.55,24357.0,192.1,66.45,N/A,4,Upside Breakout,19.5,139.1,139.1
418,13-12-2024 12:50,24558.1,24577.05,24551.3,24572.25,25.75,51.945,18.0616,30.5,88.35,0.4957,49.6%,48.074,0.2%,0.55,0.45,Bullish,Moderate Contraction,38.9,False,Uptrend,Above SMA20,24615.55,24497.9,74.35,43.3,N/A,1,Upside Breakout,19.5,115.95,164.1
421,13-12-2024 13:05,24670.15,24678.9,24657.3,24663.95,21.6,47.625,14.9981,25.75,67.2,0.4535,45.4%,47.0947,0.19%,0.287,0.713,Bearish,Moderate Contraction,42.8,False,Uptrend,Above SMA20,24688.2,24497.9,166.05,24.25,N/A,6,Upside Breakout,19.5,89.15,93.95
425,13-12-2024 13:25,24636.9,24663.9,24635.2,24663.9,28.7,46.175,16.5361,21.6,67.05,0.6215,62.2%,46.9618,0.19%,0.941,0.059,Bullish,Mild Contraction,24.0,False,Uptrend,Above SMA20,24688.2,24497.9,166.0,24.3,N/A,2,Upside Breakout,19.5,94.0,94.0
429,13-12-2024 13:45,24722.1,24748.65,24719.2,24737.5,29.45,44.875,14.8503,21.6,67.05,0.6563,65.6%,42.2695,0.17%,0.523,0.477,Bullish,Mild Contraction,20.9,False,Uptrend,Above SMA20,24736.35,24568.0,169.5,-1.15,N/A,1,Upside Breakout,21.55,29.8,40.55
432,13-12-2024 14:00,24739.15,24753.45,24729.65,24736.0,23.8,40.54,11.2583,28.7,65.8,0.5871,58.7%,38.1506,0.15%,0.132,0.868,Bearish,Moderate Contraction,33.9,False,Uptrend,Above SMA20,24757.9,24574.8,161.2,21.9,N/A,5,Upside Breakout,13.4,35.3,42.05
436,13-12-2024 14:20,24746.45,24751.2,24732.4,24740.95,18.8,31.95,6.4638,23.55,43.2,0.5884,58.8%,32.1195,0.13%,0.293,0.707,Bearish,Moderate Contraction,36.5,False,Uptrend,Above SMA20,24757.9,24645.95,95.0,16.95,N/A,1,Upside Breakout,13.4,37.1,49.3
444,13-12-2024 15:00,24744.85,24750.8,24735.9,24743.8,14.9,28.605,8.1609,18.8,47.25,0.5209,52.1%,28.4873,0.12%,0.07,0.93,Bearish,Strong Contraction,58.6,True,Uptrend,Above SMA20,24778.05,24705.85,37.95,34.25,N/A,1,Upside Breakout,10.9,48.5,62.45
447,13-12-2024 15:15,24772.15,24773.7,24761.05,24772.8,12.65,30.17,10.0965,14.9,47.25,0.4193,41.9%,27.7165,0.11%,0.051,0.949,Bullish,Moderate Contraction,44.7,False,Uptrend,Above SMA20,24790.25,24705.85,66.95,17.45,N/A,1,Upside Breakout,2.05,69.85,91.45
456,16-12-2024 09:45,24746.7,24761.95,24741.8,24754.25,20.15,30.325,16.6316,12.05,59.85,0.6645,66.4%,30.849,0.12%,0.375,0.625,Bullish,Mild Contraction,16.2,False,Downtrend,Above SMA20,24792.3,24681.35,72.9,38.05,N/A,6,Downside Breakdown,1.0,43.45,100.0
463,16-12-2024 10:20,24693.85,24698.15,24686.1,24689.1,12.05,31.4,12.259,20.15,56.85,0.3838,38.4%,29.5135,0.12%,0.394,0.606,Bearish,Moderate Contraction,46.0,False,Downtrend,Below SMA20,24768.9,24680.35,8.75,79.8,N/A,1,Downside Breakdown,21.35,34.85,68.0
468,16-12-2024 10:45,24677.1,24680.35,24673.15,24678.4,7.2,30.6,10.0287,12.05,46.15,0.2353,23.5%,27.2713,0.11%,0.181,0.819,Bullish,Strong Contraction,58.2,False,Downtrend,Below SMA20,24765.1,24654.25,24.15,86.7,N/A,2,Downside Breakdown,3.55,57.3,69.5
471,16-12-2024 11:00,24653.55,24664.2,24652.05,24656.0,12.15,26.28,11.9393,7.2,46.15,0.4623,46.2%,24.313,0.1%,0.202,0.798,Bullish,Moderate Contraction,34.3,False,Downtrend,Below SMA20,24745.55,24650.7,5.3,89.55,N/A,1,Downside Breakdown,2.45,47.1,47.1
475,16-12-2024 11:20,24642.45,24651.8,24633.35,24650.45,18.45,27.16,13.9785,7.2,55.35,0.6793,67.9%,27.7116,0.11%,0.434,0.566,Bullish,Mild Contraction,13.0,False,Downtrend,Below SMA20,24706.95,24608.9,41.55,56.5,N/A,10,Downside Breakdown,5.05,22.4,46.6
483,16-12-2024 12:00,24628.6,24634.7,24618.0,24629.35,16.7,26.95,10.7893,18.45,55.35,0.6197,62.0%,23.5843,0.1%,0.045,0.955,Bullish,Mild Contraction,29.3,False,Uptrend,Below SMA20,24676.45,24608.9,20.45,47.1,N/A,2,Downside Breakdown,5.05,27.4,29.65
491,16-12-2024 12:40,24642.8,24650.65,24640.35,24650.25,10.3,21.03,5.0258,16.6,33.25,0.4898,49.0%,20.7513,0.08%,0.723,0.277,Bullish,Moderate Contraction,42.7,False,Uptrend,Above SMA20,24663.4,24601.75,48.5,13.15,N/A,5,Upside Breakout,4.0,17.15,28.85
494,16-12-2024 12:55,24646.55,24648.1,24636.65,24643.35,11.45,19.955,6.0162,10.3,33.25,0.5738,57.4%,19.5131,0.08%,0.279,0.721,Bearish,Moderate Contraction,31.9,False,Uptrend,Above SMA20,24659.0,24601.75,41.6,15.65,N/A,2,Upside Breakout,8.4,35.75,35.75
508,16-12-2024 14:05,24676.2,24679.45,24668.1,24679.2,11.35,21.285,5.5704,15.3,31.75,0.5332,53.3%,19.5117,0.08%,0.264,0.736,Bullish,Moderate Contraction,38.4,False,Uptrend,Above SMA20,24679.2,24634.7,44.5,0.0,N/A,1,Upside Breakout,7.4,32.15,32.15
512,16-12-2024 14:25,24653.85,24657.05,24647.05,24651.2,10.0,19.71,6.8011,10.1,29.95,0.5074,50.7%,18.1882,0.07%,0.265,0.735,Bearish,Moderate Contraction,38.1,False,Uptrend,Below SMA20,24686.6,24634.9,16.3,35.4,N/A,4,Upside Breakout,0.55,35.95,46.9
518,16-12-2024 14:55,24668.9,24679.2,24668.55,24674.5,10.65,15.855,5.9082,10.0,29.95,0.6717,67.2%,16.0667,0.07%,0.526,0.474,Bullish,Mild Contraction,23.8,False,Downtrend,Above SMA20,24687.15,24647.05,27.45,12.65,N/A,1,Upside Breakout,10.95,23.6,107.05
521,16-12-2024 15:10,24671.55,24672.15,24664.0,24664.65,8.15,16.895,5.7478,10.0,29.45,0.4824,48.2%,17.0024,0.07%,0.847,0.153,Bearish,Moderate Contraction,40.0,False,Uptrend,Below SMA20,24698.1,24647.05,17.6,33.45,N/A,4,Downside Breakdown,79.6,97.2,150.3
532,17-12-2024 09:50,24521.6,24528.75,24512.75,24517.85,16.0,26.63,12.8314,10.45,50.85,0.6008,60.1%,27.1236,0.11%,0.234,0.766,Bearish,Mild Contraction,22.9,False,Downtrend,Below SMA20,24671.45,24514.35,3.5,153.6,N/A,2,Downside Breakdown,11.1,16.0,134.1
535,17-12-2024 10:05,24506.95,24520.9,24501.85,24514.95,19.05,28.175,11.0861,16.0,50.85,0.6761,67.6%,24.4843,0.1%,0.42,0.58,Bullish,Mild Contraction,20.5,False,Downtrend,Below SMA20,24624.1,24503.25,11.7,109.15,N/A,3,Downside Breakdown,77.15,110.7,131.2
541,17-12-2024 10:35,24413.45,24425.4,24410.1,24412.0,15.3,29.445,20.4224,16.0,79.2,0.5196,52.0%,27.8458,0.11%,0.095,0.905,Bearish,Moderate Contraction,33.8,False,Downtrend,Below SMA20,24565.2,24404.25,7.75,153.2,N/A,1,Downside Breakdown,20.5,88.1,88.1
547,17-12-2024 11:05,24481.15,24496.05,24470.4,24492.3,25.65,36.84,22.3191,15.3,79.2,0.6963,69.6%,32.573,0.13%,0.435,0.565,Bullish,Mild Contraction,13.1,False,Downtrend,Above SMA20,24521.2,24383.75,108.55,28.9,N/A,7,Downside Breakdown,7.9,84.15,116.45
550,17-12-2024 11:20,24458.45,24467.6,24449.55,24454.55,18.05,33.36,15.6216,15.3,66.85,0.5411,54.1%,29.7835,0.12%,0.216,0.784,Bearish,Moderate Contraction,30.9,False,Uptrend,Below SMA20,24500.1,24383.75,70.8,45.55,N/A,4,Downside Breakdown,7.9,78.7,88.15
553,17-12-2024 11:35,24422.4,24429.25,24414.6,24422.8,14.65,29.985,10.6236,18.05,55.4,0.4886,48.9%,27.9641,0.11%,0.027,0.973,Bullish,Moderate Contraction,39.3,False,Downtrend,Below SMA20,24500.1,24408.15,14.65,77.3,N/A,1,Downside Breakdown,32.3,56.4,63.55
560,17-12-2024 12:10,24386.75,24399.35,24379.25,24379.25,20.1,29.285,12.8471,14.65,57.1,0.6864,68.6%,28.9798,0.12%,0.373,0.627,Bearish,Mild Contraction,16.9,False,Downtrend,Below SMA20,24467.6,24366.4,12.85,88.35,N/A,1,Downside Breakdown,6.45,80.8,80.8
566,17-12-2024 12:40,24411.3,24421.35,24399.65,24399.65,21.7,33.82,12.0599,19.85,56.3,0.6416,64.2%,33.2606,0.14%,0.537,0.463,Bearish,Mild Contraction,25.7,False,Downtrend,Below SMA20,24460.05,24359.25,40.4,60.4,N/A,7,Downside Breakdown,6.8,36.85,76.05
571,17-12-2024 13:05,24391.2,24403.85,24387.25,24397.7,16.6,33.715,14.3348,17.55,56.3,0.4924,49.2%,30.42,0.12%,0.392,0.608,Bullish,Moderate Contraction,37.8,False,Uptrend,Below SMA20,24460.05,24359.25,38.45,62.35,N/A,2,Downside Breakdown,6.8,74.1,74.1
574,17-12-2024 13:20,24355.55,24374.35,24353.55,24369.75,20.8,30.665,12.5311,16.6,51.1,0.6783,67.8%,29.1523,0.12%,0.683,0.317,Bullish,Mild Contraction,19.2,False,Downtrend,Below SMA20,24460.05,24352.45,17.3,90.3,N/A,1,Downside Breakdown,18.85,46.15,46.15
584,17-12-2024 14:10,24341.6,24347.15,24331.65,24336.3,15.5,29.425,6.851,19.8,39.65,0.5268,52.7%,28.3032,0.12%,0.342,0.658,Bearish,Moderate Contraction,40.1,False,Downtrend,Below SMA20,24388.3,24323.6,12.7,52.0,N/A,2,Downside Breakdown,9.95,27.4,32.85
588,17-12-2024 14:30,24317.2,24330.25,24313.6,24327.25,16.65,27.365,7.3721,15.5,39.65,0.6084,60.8%,26.1883,0.11%,0.604,0.396,Bullish,Moderate Contraction,30.6,False,Downtrend,Below SMA20,24388.3,24308.9,18.35,61.05,N/A,4,Downside Breakdown,1.15,23.8,35.2
595,17-12-2024 15:05,24346.95,24355.2,24340.55,24355.2,14.65,24.74,8.452,14.5,37.3,0.5922,59.2%,24.9766,0.1%,0.563,0.437,Bullish,Moderate Contraction,31.8,False,Uptrend,Above SMA20,24362.45,24303.45,51.75,7.25,N/A,5,Downside Breakdown,11.55,63.3,82.1
599,17-12-2024 15:25,24324.65,24329.8,24316.4,24319.35,13.4,22.525,7.7085,14.5,35.35,0.5949,59.5%,21.766,0.09%,0.396,0.604,Bearish,Moderate Contraction,31.9,False,Downtrend,Below SMA20,24362.45,24303.45,15.9,43.1,N/A,1,Downside Breakdown,11.55,46.25,75.1
610,18-12-2024 10:05,24261.95,24272.15,24241.9,24249.25,30.25,48.06,13.3748,35.0,75.8,0.6294,62.9%,41.1432,0.17%,0.42,0.58,Bearish,Moderate Contraction,30.7,False,Downtrend,Below SMA20,24394.45,24249.2,0.05,145.2,N/A,1,Downside Breakdown,17.4,51.65,64.3
614,18-12-2024 10:25,24272.0,24274.25,24254.95,24257.45,19.3,42.955,17.1197,20.25,75.8,0.4493,44.9%,35.9204,0.15%,0.754,0.246,Bearish,Moderate Contraction,41.2,False,Downtrend,Below SMA20,24394.45,24226.85,30.6,137.0,N/A,6,Downside Breakdown,4.35,56.1,56.1
617,18-12-2024 10:40,24288.45,24305.9,24285.65,24301.1,20.25,39.28,18.9586,19.3,75.8,0.5155,51.6%,33.5057,0.14%,0.625,0.375,Bullish,Moderate Contraction,34.6,False,Downtrend,Above SMA20,24387.75,24226.85,74.25,86.65,N/A,3,Downside Breakdown,4.35,94.95,94.95
623,18-12-2024 11:10,24211.3,24227.5,24208.6,24216.6,18.9,31.02,10.6209,19.3,45.85,0.6093,60.9%,30.0925,0.12%,0.28,0.72,Bullish,Moderate Contraction,30.9,False,Downtrend,Below SMA20,24313.55,24206.15,10.45,96.95,N/A,14,Downside Breakdown,6.75,50.65,50.65
627,18-12-2024 11:30,24246.2,24250.4,24235.6,24245.6,14.8,27.9,10.6293,16.85,47.5,0.5305,53.0%,27.954,0.12%,0.041,0.959,Bearish,Moderate Contraction,35.8,False,Downtrend,Below SMA20,24313.55,24206.15,39.45,67.95,N/A,10,Downside Breakdown,6.75,27.4,46.2
630,18-12-2024 11:45,24232.3,24238.55,24226.35,24228.45,12.2,24.885,9.5649,14.8,47.5,0.4903,49.0%,24.9166,0.1%,0.316,0.684,Bearish,Moderate Contraction,38.6,False,Uptrend,Below SMA20,24267.25,24206.15,22.3,38.8,N/A,7,Downside Breakdown,6.75,17.6,65.95
633,18-12-2024 12:00,24235.8,24244.8,24230.95,24231.05,13.85,20.845,10.2723,11.25,47.5,0.6644,66.4%,21.4233,0.09%,0.343,0.657,Bearish,Mild Contraction,20.0,False,Uptrend,Below SMA20,24267.25,24206.65,24.4,36.2,N/A,4,Downside Breakdown,7.25,37.6,81.2
637,18-12-2024 12:20,24208.45,24210.5,24199.4,24201.45,11.1,18.67,5.729,11.25,27.55,0.5945,59.5%,20.5452,0.08%,0.631,0.369,Bearish,Moderate Contraction,32.6,False,Downtrend,Below SMA20,24267.25,24208.0,-6.55,65.8,N/A,1,Downside Breakdown,14.55,44.65,51.6
641,18-12-2024 12:40,24167.1,24171.95,24159.85,24168.95,12.1,19.645,8.8553,11.1,39.45,0.6159,61.6%,20.7847,0.09%,0.153,0.847,Bullish,Mild Contraction,26.7,False,Downtrend,Below SMA20,24244.8,24162.5,6.45,75.85,N/A,1,Downside Breakdown,5.7,83.4,83.4
652,18-12-2024 13:35,24196.05,24199.05,24185.65,24186.9,13.4,25.205,10.7391,12.6,49.75,0.5316,53.2%,22.6305,0.09%,0.683,0.317,Bearish,Moderate Contraction,33.8,False,Uptrend,Below SMA20,24252.35,24149.85,37.05,65.45,N/A,,,,35.5,35.5
655,18-12-2024 13:50,24178.7,24183.0,24168.05,24172.65,14.95,24.26,11.0086,13.4,49.75,0.6162,61.6%,20.5391,0.08%,0.405,0.595,Bearish,Mild Contraction,26.2,False,Downtrend,Below SMA20,24252.35,24173.6,-0.95,79.7,N/A,1,Downside Breakdown,2.55,49.75,49.75
659,18-12-2024 14:10,24200.05,24202.4,24189.55,24196.65,12.85,22.09,7.5352,13.4,38.9,0.5817,58.2%,21.8875,0.09%,0.265,0.735,Bearish,Moderate Contraction,32.9,False,Downtrend,Above SMA20,24235.65,24168.05,28.6,39.0,N/A,5,Downside Breakdown,1.35,29.95,29.95
664,18-12-2024 14:35,24174.0,24179.4,24166.7,24170.15,12.7,20.12,7.5756,12.85,38.9,0.6312,63.1%,18.6982,0.08%,0.303,0.697,Bearish,Mild Contraction,28.8,False,Downtrend,Below SMA20,24222.4,24168.05,2.1,52.25,N/A,1,Downside Breakdown,0.9,33.1,45.15
671,18-12-2024 15:10,24189.75,24195.25,24186.35,24189.3,8.9,18.53,5.0026,12.7,27.6,0.4803,48.0%,18.5658,0.08%,0.051,0.949,Bearish,Moderate Contraction,42.2,False,Downtrend,Below SMA20,24204.45,24166.7,22.6,15.15,N/A,1,Upside Breakout,2.4,319.0,319.0
684,19-12-2024 10:00,23962.1,23966.05,23943.6,23965.7,22.45,51.945,30.6058,14.65,130.45,0.4322,43.2%,47.5058,0.2%,0.16,0.84,Bullish,Moderate Contraction,35.9,False,Downtrend,Below SMA20,24215.3,23870.3,95.4,249.6,N/A,,,,48.3,48.3
687,19-12-2024 10:15,23929.95,23933.45,23917.4,23924.0,16.05,39.645,13.3597,17.5,61.55,0.4048,40.5%,39.1851,0.16%,0.371,0.629,Bearish,Moderate Contraction,45.7,False,Uptrend,Below SMA20,24004.4,23881.85,42.15,80.4,N/A,16,Upside Breakout,0.5,45.5,45.5
690,19-12-2024 10:30,23960.45,23969.5,23954.95,23959.45,14.55,34.71,16.1857,16.05,61.55,0.4192,41.9%,32.895,0.14%,0.069,0.931,Bearish,Moderate Contraction,42.3,False,Downtrend,Below SMA20,24004.4,23917.4,42.05,44.95,N/A,13,Upside Breakout,0.5,20.0,26.6
694,19-12-2024 10:50,23943.0,23952.6,23941.2,23947.45,11.4,20.45,8.6195,9.65,37.8,0.5575,55.7%,24.734,0.1%,0.39,0.61,Bullish,Moderate Contraction,30.2,False,Downtrend,Above SMA20,23972.8,23917.4,30.05,25.35,N/A,9,Upside Breakout,32.1,14.6,57.45
698,19-12-2024 11:10,23938.8,23944.9,23934.4,23942.25,10.5,16.685,6.7856,9.65,31.6,0.6293,62.9%,19.8657,0.08%,0.329,0.671,Bullish,Mild Contraction,26.2,False,Downtrend,Below SMA20,23969.5,23923.7,18.55,27.25,N/A,5,Upside Breakout,35.4,62.65,62.65
707,19-12-2024 11:55,23959.8,23970.05,23957.0,23965.25,13.05,19.4,12.7369,10.5,52.15,0.6727,67.3%,20.6391,0.09%,0.418,0.582,Bullish,Mild Contraction,18.3,False,Uptrend,Above SMA20,24004.9,23934.4,30.85,39.65,N/A,,,,27.75,27.75
710,19-12-2024 12:10,23983.6,23991.25,23978.2,23988.8,13.05,20.775,12.4243,12.0,52.15,0.6282,62.8%,19.2016,0.08%,0.398,0.602,Bullish,Mild Contraction,24.8,False,Uptrend,Above SMA20,24004.9,23943.65,45.15,16.1,N/A,13,Downside Breakdown,3.3,23.85,38.75
713,19-12-2024 12:25,23982.1,23989.4,23974.8,23980.85,14.6,21.515,12.1852,12.05,52.15,0.6786,67.9%,17.9969,0.08%,0.086,0.914,Bearish,Mild Contraction,18.7,False,Downtrend,Above SMA20,24004.9,23952.75,28.1,24.05,N/A,4,Downside Breakdown,2.7,30.8,40.5
718,19-12-2024 12:50,23954.25,23960.15,23952.0,23955.65,8.15,15.68,4.7441,10.5,24.4,0.5198,52.0%,15.5468,0.06%,0.172,0.828,Bullish,Moderate Contraction,38.2,False,Downtrend,Below SMA20,23993.0,23950.05,5.6,37.35,N/A,5,Downside Breakdown,9.7,17.85,19.35
728,19-12-2024 13:40,23955.4,23957.35,23947.7,23949.6,9.65,14.635,5.8268,7.5,25.95,0.6594,65.9%,14.7627,0.06%,0.601,0.399,Bearish,Mild Contraction,20.6,False,Downtrend,Below SMA20,23973.5,23936.3,13.3,23.9,N/A,4,Upside Breakout,2.7,26.6,26.6
731,19-12-2024 13:55,23956.85,23959.9,23950.1,23955.0,9.8,14.465,5.6607,7.15,25.95,0.6775,67.7%,13.2562,0.06%,0.189,0.811,Bearish,Mild Contraction,18.2,False,Downtrend,Below SMA20,23973.5,23936.3,18.7,18.5,N/A,1,Upside Breakout,2.7,21.2,21.2
740,19-12-2024 14:40,23950.75,23953.4,23943.35,23951.15,10.05,15.13,5.4919,9.8,27.65,0.6642,66.4%,14.2791,0.06%,0.04,0.96,Bullish,Mild Contraction,25.7,False,Downtrend,Below SMA20,23976.2,23938.8,12.35,25.05,N/A,7,Downside Breakdown,4.45,12.65,63.25
743,19-12-2024 14:55,23947.0,23950.2,23941.8,23944.65,8.4,14.455,5.0215,10.05,27.65,0.5811,58.1%,13.5051,0.06%,0.28,0.72,Bearish,Moderate Contraction,32.8,False,Downtrend,Below SMA20,23967.15,23938.8,5.85,22.5,N/A,4,Downside Breakdown,4.45,19.15,56.75
759,20-12-2024 10:00,23844.4,23863.8,23827.9,23848.4,35.9,68.88,54.8472,11.7,197.35,0.5212,52.1%,57.7031,0.24%,0.111,0.889,Bullish,Moderate Contraction,44.8,True,Downtrend,Below SMA20,24065.8,23826.65,21.75,217.4,N/A,1,Downside Breakdown,19.35,112.4,145.5
764,20-12-2024 10:25,23882.65,23912.3,23868.1,23894.7,44.2,79.435,51.0986,35.9,197.35,0.5564,55.6%,62.5185,0.26%,0.273,0.727,Bullish,Mild Contraction,27.8,False,Downtrend,Below SMA20,24065.8,23807.3,87.4,171.1,N/A,,,,99.2,99.2
767,20-12-2024 10:40,23944.6,23962.9,23923.65,23936.05,39.25,57.03,27.3907,32.3,125.65,0.6882,68.8%,55.1111,0.23%,0.218,0.782,Bearish,Mild Contraction,18.3,False,Uptrend,Above SMA20,23960.8,23807.3,128.75,24.75,N/A,2,Upside Breakout,33.1,57.85,57.85
770,20-12-2024 10:55,23979.85,23981.9,23951.5,23956.0,30.4,54.6,28.1051,31.25,125.65,0.5568,55.7%,50.1765,0.21%,0.785,0.215,Bearish,Moderate Contraction,32.5,False,Uptrend,Above SMA20,23993.9,23807.3,148.7,37.9,N/A,,,,54.65,63.7
773,20-12-2024 11:10,23967.95,23976.3,23957.0,23958.9,19.3,41.04,16.3154,23.45,72.7,0.4703,47.0%,40.4098,0.17%,0.469,0.531,Bearish,Strong Contraction,59.8,True,Uptrend,Above SMA20,23993.9,23868.1,90.8,35.0,N/A,13,Downside Breakdown,27.2,66.6,66.6
776,20-12-2024 11:25,23920.35,23930.65,23908.45,23912.9,22.2,35.4,14.4787,19.3,61.6,0.6271,62.7%,38.9554,0.16%,0.336,0.664,Bearish,Mild Contraction,25.1,False,Downtrend,Above SMA20,23993.9,23901.35,11.55,81.0,N/A,1,Downside Breakdown,9.05,20.6,72.0
779,20-12-2024 11:40,23918.65,23926.4,23909.85,23913.6,16.55,31.64,15.8843,19.3,61.6,0.5231,52.3%,32.1751,0.13%,0.305,0.695,Bearish,Moderate Contraction,34.9,False,Downtrend,Below SMA20,23993.9,23892.3,21.3,80.3,N/A,6,Downside Breakdown,4.1,31.65,93.25
794,20-12-2024 12:55,23757.65,23771.3,23749.7,23756.1,21.6,34.58,11.6875,22.75,51.3,0.6246,62.5%,31.7903,0.13%,0.072,0.928,Bearish,Mild Contraction,29.9,False,Downtrend,Below SMA20,23934.0,23746.55,9.55,177.9,N/A,1,Downside Breakdown,20.05,44.35,60.45
797,20-12-2024 13:10,23728.0,23735.8,23719.35,23726.65,16.45,33.385,11.8632,21.6,51.3,0.4927,49.3%,30.5509,0.13%,0.082,0.918,Bearish,Moderate Contraction,39.0,False,Downtrend,Below SMA20,23862.35,23720.6,6.05,135.7,N/A,1,Downside Breakdown,1.6,41.05,41.05
809,20-12-2024 14:10,23691.0,23693.15,23676.2,23687.9,16.95,28.06,3.0101,24.25,34.55,0.6041,60.4%,26.4728,0.11%,0.183,0.817,Bearish,Moderate Contraction,43.9,False,Downtrend,Below SMA20,23767.7,23685.85,2.05,79.8,N/A,1,Downside Breakdown,7.1,37.3,105.3
831,23-12-2024 09:45,23745.95,23768.55,23739.1,23757.9,29.45,50.34,10.2991,32.15,62.8,0.585,58.5%,50.3737,0.21%,0.406,0.594,Bullish,Moderate Contraction,36.7,False,Uptrend,Above SMA20,23806.5,23537.35,220.55,48.6,N/A,14,Upside Breakout,20.6,54.95,54.95
835,23-12-2024 10:05,23783.25,23796.1,23773.45,23795.95,22.65,51.235,13.5707,29.45,74.1,0.4421,44.2%,47.7994,0.2%,0.561,0.439,Bullish,Moderate Contraction,45.3,False,Uptrend,Above SMA20,23806.5,23701.6,94.35,10.55,N/A,10,Upside Breakout,20.6,68.2,68.2
838,23-12-2024 10:20,23753.2,23762.85,23744.45,23746.95,18.4,44.85,16.4122,22.65,74.1,0.4103,41.0%,41.0851,0.17%,0.34,0.66,Bearish,Moderate Contraction,44.6,False,Downtrend,Above SMA20,23802.55,23701.6,45.35,55.6,N/A,7,Upside Breakout,24.55,44.85,103.7
841,23-12-2024 10:35,23773.45,23786.9,23765.5,23777.65,21.4,36.905,15.8744,18.4,74.1,0.5799,58.0%,37.3304,0.16%,0.196,0.804,Bullish,Mild Contraction,28.5,False,Uptrend,Above SMA20,23802.55,23702.95,74.7,24.9,N/A,4,Upside Breakout,24.55,65.95,87.3
844,23-12-2024 10:50,23777.2,23794.6,23775.75,23794.6,18.85,32.975,16.6319,18.4,74.1,0.5716,57.2%,32.1608,0.14%,0.923,0.077,Bullish,Moderate Contraction,31.0,False,Uptrend,Above SMA20,23802.55,23713.2,81.4,7.95,N/A,1,Upside Breakout,24.55,65.2,74.95
848,23-12-2024 11:10,23849.3,23849.5,23833.4,23834.35,16.1,27.125,9.3369,18.4,44.15,0.5935,59.4%,29.1688,0.12%,0.929,0.071,Bearish,Moderate Contraction,32.0,False,Uptrend,Above SMA20,23850.65,23727.75,106.6,16.3,N/A,1,Upside Breakout,9.15,35.2,55.8
855,23-12-2024 11:45,23851.45,23860.9,23848.55,23857.15,12.35,23.195,7.3769,16.1,40.45,0.5324,53.2%,22.8754,0.1%,0.462,0.538,Bullish,Moderate Contraction,36.9,False,Uptrend,Above SMA20,23869.55,23786.65,70.5,12.4,N/A,3,Downside Breakdown,8.1,110.55,141.9
874,23-12-2024 13:20,23682.1,23692.55,23673.9,23688.35,18.65,30.325,9.7438,20.85,49.05,0.615,61.5%,28.2462,0.12%,0.335,0.665,Bullish,Moderate Contraction,30.8,False,Downtrend,Below SMA20,23745.2,23674.15,14.2,56.85,N/A,1,Downside Breakdown,16.65,41.15,41.15
879,23-12-2024 13:45,23704.85,23712.95,23693.95,23702.2,19.0,30.64,10.5874,18.65,49.05,0.6201,62.0%,28.5813,0.12%,0.139,0.861,Bearish,Mild Contraction,29.5,False,Uptrend,Below SMA20,23723.2,23647.2,55.0,21.0,N/A,6,Upside Breakout,17.5,42.0,57.75
888,23-12-2024 14:30,23742.7,23754.65,23737.25,23747.5,17.4,26.02,10.166,13.95,46.85,0.6687,66.9%,25.9508,0.11%,0.276,0.724,Bullish,Moderate Contraction,40.3,True,Uptrend,Above SMA20,23747.85,23660.2,87.3,0.35,N/A,1,Upside Breakout,12.1,23.2,23.2
891,23-12-2024 14:45,23742.45,23746.6,23729.8,23731.85,16.8,24.655,9.117,13.95,46.85,0.6814,68.1%,24.3338,0.1%,0.631,0.369,Bearish,Mild Contraction,20.0,False,Uptrend,Above SMA20,23770.7,23660.2,71.65,38.85,N/A,9,Upside Breakout,27.4,32.65,66.25
895,23-12-2024 15:05,23739.6,23751.05,23739.25,23747.0,11.8,24.605,9.4315,13.15,46.85,0.4796,48.0%,21.9549,0.09%,0.627,0.373,Bullish,Moderate Contraction,39.4,False,Uptrend,Above SMA20,23770.7,23693.85,53.15,23.7,N/A,5,Upside Breakout,27.4,51.1,51.1
898,23-12-2024 15:20,23764.0,23770.0,23759.45,23762.2,10.55,18.97,6.1717,11.8,28.8,0.5561,55.6%,18.9325,0.08%,0.171,0.829,Bearish,Moderate Contraction,35.0,False,Uptrend,Above SMA20,23770.7,23728.3,33.9,8.5,N/A,2,Upside Breakout,27.4,49.9,52.55
907,24-12-2024 09:50,23769.85,23785.95,23768.7,23773.3,17.25,27.815,15.5495,10.55,55.85,0.6202,62.0%,26.5134,0.11%,0.2,0.8,Bullish,Mild Contraction,20.2,False,Uptrend,Above SMA20,23798.1,23709.65,63.65,24.8,N/A,2,Upside Breakout,10.2,68.5,94.35
910,24-12-2024 10:05,23806.95,23819.9,23799.4,23819.6,20.5,29.9,14.8178,10.45,55.85,0.6856,68.6%,24.6903,0.1%,0.617,0.383,Bullish,Mild Contraction,13.7,False,Uptrend,Above SMA20,23808.3,23709.65,109.95,-11.3,N/A,1,Upside Breakout,13.85,46.85,48.05
913,24-12-2024 10:20,23835.2,23846.3,23831.85,23834.2,14.45,29.02,13.2623,10.45,55.85,0.4979,49.8%,25.0322,0.11%,0.069,0.931,Bearish,Moderate Contraction,32.7,False,Uptrend,Above SMA20,23841.8,23709.65,124.55,7.6,N/A,1,Upside Breakout,13.6,33.45,33.45
916,24-12-2024 10:35,23864.6,23867.65,23853.65,23861.7,14.0,24.35,10.3221,10.45,41.45,0.5749,57.5%,23.0613,0.1%,0.207,0.793,Bearish,Mild Contraction,27.1,False,Uptrend,Above SMA20,23866.45,23734.35,127.35,4.75,N/A,,,,48.35,48.35
919,24-12-2024 10:50,23827.0,23827.0,23813.35,23825.85,13.65,22.72,11.3759,10.45,42.65,0.6008,60.1%,22.8482,0.1%,0.084,0.916,Bearish,Mild Contraction,24.4,False,Uptrend,Above SMA20,23867.65,23797.85,28.0,41.8,N/A,14,Downside Breakdown,0.8,23.4,23.4
922,24-12-2024 11:05,23841.5,23842.55,23827.45,23834.85,15.1,22.48,11.196,13.65,42.65,0.6717,67.2%,20.9319,0.09%,0.44,0.56,Bearish,Mild Contraction,21.6,False,Downtrend,Above SMA20,23867.65,23800.35,34.5,32.8,N/A,11,Downside Breakdown,3.3,16.0,21.25
925,24-12-2024 11:20,23843.7,23846.5,23834.55,23835.3,11.95,18.985,8.8611,12.15,42.65,0.6294,62.9%,19.0014,0.08%,0.703,0.297,Bearish,Mild Contraction,28.0,False,Downtrend,Above SMA20,23867.65,23813.35,21.95,32.35,N/A,8,Downside Breakdown,16.3,21.55,46.4
956,24-12-2024 13:55,23757.2,23758.15,23745.95,23751.7,12.2,18.425,7.1474,12.3,36.3,0.6621,66.2%,17.8088,0.07%,0.451,0.549,Bearish,Mild Contraction,26.5,False,Downtrend,Below SMA20,23800.75,23739.8,11.9,49.05,N/A,2,Downside Breakdown,10.6,37.0,37.0
961,24-12-2024 14:20,23722.75,23729.8,23714.7,23728.85,15.1,23.06,12.3386,12.2,46.85,0.6548,65.5%,22.7734,0.1%,0.404,0.596,Bullish,Mild Contraction,20.5,False,Downtrend,Below SMA20,23789.55,23716.5,12.35,60.7,N/A,9,Downside Breakdown,2.1,21.4,21.4
964,24-12-2024 14:35,23731.75,23735.85,23725.4,23731.55,10.45,22.68,10.9954,12.2,46.85,0.4608,46.1%,21.0185,0.09%,0.019,0.981,Bearish,Moderate Contraction,39.2,False,Downtrend,Below SMA20,23767.3,23714.7,16.85,35.75,N/A,6,Downside Breakdown,0.3,13.65,46.4
968,24-12-2024 14:55,23739.55,23744.15,23729.75,23738.95,14.4,23.35,10.9379,10.45,46.85,0.6167,61.7%,19.7696,0.08%,0.042,0.958,Bearish,Mild Contraction,22.7,False,Uptrend,Below SMA20,23767.3,23714.7,24.25,28.35,N/A,2,Downside Breakdown,0.3,24.55,115.55
981,26-12-2024 09:45,23806.1,23812.35,23797.0,23799.4,15.35,32.38,19.1599,14.75,67.75,0.4741,47.4%,29.8772,0.13%,0.436,0.564,Bearish,Moderate Contraction,36.7,False,Uptrend,Above SMA20,23854.5,23685.15,114.25,55.1,N/A,,,,70.35,75.65
986,26-12-2024 10:10,23749.85,23759.4,23744.2,23749.75,15.2,28.15,10.5778,15.35,46.25,0.54,54.0%,29.0075,0.12%,0.007,0.993,Bearish,Moderate Contraction,35.3,False,Downtrend,Below SMA20,23854.5,23729.05,20.7,104.75,N/A,4,Downside Breakdown,5.3,26.0,48.7
991,26-12-2024 10:35,23738.5,23745.55,23731.85,23741.5,13.7,25.145,10.4817,15.2,46.25,0.5448,54.5%,25.2738,0.11%,0.219,0.781,Bullish,Moderate Contraction,34.3,False,Downtrend,Below SMA20,23812.35,23723.75,17.75,70.85,N/A,2,Downside Breakdown,13.8,40.45,40.45
995,26-12-2024 10:55,23717.35,23729.7,23714.7,23726.55,15.0,23.92,9.6308,13.7,46.25,0.6271,62.7%,23.0177,0.1%,0.613,0.387,Bullish,Mild Contraction,26.3,False,Downtrend,Below SMA20,23775.3,23701.05,25.5,48.75,N/A,13,Upside Breakout,0.55,37.1,44.2
1001,26-12-2024 11:25,23754.9,23760.7,23751.5,23758.7,9.2,18.855,4.678,13.7,30.1,0.4879,48.8%,19.3325,0.08%,0.413,0.587,Bullish,Moderate Contraction,42.4,False,Uptrend,Above SMA20,23763.65,23701.05,57.65,4.95,N/A,1,Upside Breakout,7.1,14.55,29.35
1004,26-12-2024 11:40,23749.4,23757.4,23746.45,23754.8,10.95,17.34,3.9347,9.2,21.55,0.6315,63.1%,17.892,0.08%,0.493,0.507,Bullish,Mild Contraction,27.7,False,Uptrend,Above SMA20,23770.75,23701.05,53.75,15.95,N/A,3,Upside Breakout,0.5,21.05,25.45
1015,26-12-2024 12:35,23742.35,23746.3,23735.3,23742.0,11.0,15.72,2.9184,12.65,22.8,0.6997,70.0%,15.6354,0.07%,0.032,0.968,Bearish,Mild Contraction,28.1,False,Downtrend,Below SMA20,23775.85,23729.35,12.65,33.85,N/A,11,Downside Breakdown,36.9,11.8,12.9
1018,26-12-2024 12:50,23744.2,23749.65,23740.2,23746.0,9.45,15.125,3.4841,11.0,22.8,0.6248,62.5%,14.0022,0.06%,0.19,0.81,Bullish,Moderate Contraction,32.4,False,Downtrend,Below SMA20,23775.85,23729.35,16.65,29.85,N/A,8,Downside Breakdown,36.9,8.75,92.4
1022,26-12-2024 13:10,23748.45,23753.15,23745.45,23750.65,7.7,12.51,2.2192,9.45,16.6,0.6155,61.6%,12.5141,0.05%,0.286,0.714,Bullish,Moderate Contraction,35.7,False,Uptrend,Above SMA20,23753.8,23733.15,17.5,3.15,N/A,1,Upside Breakout,0.95,97.05,97.05
1031,26-12-2024 13:55,23743.85,23750.6,23736.0,23740.2,14.6,31.805,29.6405,7.7,90.8,0.459,45.9%,29.106,0.12%,0.25,0.75,Bearish,Moderate Contraction,30.9,False,Downtrend,Below SMA20,23774.45,23653.6,86.6,34.25,N/A,19,Upside Breakout,67.55,14.25,16.8
1034,26-12-2024 14:10,23752.15,23753.85,23742.7,23745.35,11.15,33.255,28.5114,9.25,90.8,0.3353,33.5%,23.3414,0.1%,0.61,0.39,Bearish,Moderate Contraction,43.1,False,Downtrend,Above SMA20,23774.45,23653.6,91.75,29.1,N/A,16,Upside Breakout,67.55,8.3,17.55
1037,26-12-2024 14:25,23743.8,23748.35,23739.25,23747.15,9.1,28.06,26.8477,10.0,90.8,0.3243,32.4%,18.5798,0.08%,0.368,0.632,Bullish,Strong Contraction,65.0,True,Uptrend,Above SMA20,23774.45,23653.6,93.55,27.3,N/A,13,Upside Breakout,67.55,10.1,15.75
1059,27-12-2024 10:00,23919.05,23926.45,23907.95,23920.8,18.5,31.06,6.8825,19.0,41.4,0.5956,59.6%,27.573,0.12%,0.095,0.905,Bullish,Moderate Contraction,35.1,False,Uptrend,Above SMA20,23923.7,23744.05,176.75,2.9,N/A,2,Upside Breakout,8.2,18.05,28.05
1062,27-12-2024 10:15,23925.35,23938.85,23921.1,23924.25,17.75,26.89,8.6594,15.05,39.05,0.6601,66.0%,23.9202,0.1%,0.062,0.938,Bearish,Mild Contraction,23.0,False,Uptrend,Above SMA20,23931.9,23818.75,105.5,7.65,N/A,3,Upside Breakout,1.85,17.3,39.75
1066,27-12-2024 10:35,23927.5,23937.3,23926.15,23928.5,11.15,22.06,7.6313,14.05,37.25,0.5054,50.5%,20.9405,0.09%,0.09,0.91,Bullish,Moderate Contraction,38.3,False,Uptrend,Above SMA20,23938.85,23860.85,67.65,10.35,N/A,12,Downside Breakdown,1.7,44.0,66.45
1072,27-12-2024 11:05,23887.35,23891.0,23885.3,23887.8,5.7,16.945,4.3412,11.15,26.8,0.3364,33.6%,17.178,0.07%,0.079,0.921,Bullish,Strong Contraction,53.7,False,Downtrend,Below SMA20,23938.85,23884.5,3.3,51.05,N/A,2,Downside Breakdown,1.8,25.75,33.5
1083,27-12-2024 12:00,23858.45,23862.6,23854.35,23857.45,8.25,18.03,4.9509,12.5,24.55,0.4576,45.8%,15.6838,0.07%,0.121,0.879,Bearish,Moderate Contraction,43.7,False,Downtrend,Below SMA20,23907.6,23854.3,3.15,50.15,N/A,1,Downside Breakdown,7.2,27.95,27.95
1095,27-12-2024 13:00,23836.25,23837.85,23828.2,23835.45,9.65,14.11,3.9556,7.8,21.95,0.6839,68.4%,13.9318,0.06%,0.083,0.917,Bearish,Mild Contraction,20.7,False,Downtrend,Below SMA20,23856.2,23829.5,5.95,20.75,N/A,2,Upside Breakout,18.0,38.75,38.75
1122,27-12-2024 15:15,23807.65,23814.55,23803.8,23806.8,10.75,16.27,5.152,10.45,25.2,0.6607,66.1%,15.6149,0.07%,0.079,0.921,Bearish,Mild Contraction,26.6,False,Downtrend,Below SMA20,23848.95,23801.9,4.9,42.15,N/A,3,Downside Breakdown,36.85,49.6,97.7
1135,30-12-2024 10:05,23761.4,23770.7,23746.55,23764.1,24.15,36.92,9.2524,25.25,53.75,0.6541,65.4%,31.7407,0.13%,0.112,0.888,Bullish,Mild Contraction,29.5,False,Downtrend,Below SMA20,23818.8,23709.1,55.0,54.7,N/A,8,Upside Breakout,25.6,40.1,80.3
1138,30-12-2024 10:20,23774.5,23785.2,23761.9,23784.15,23.3,33.885,7.8899,24.15,43.8,0.6876,68.8%,29.8635,0.13%,0.414,0.586,Bullish,Mild Contraction,27.4,False,Uptrend,Above SMA20,23795.55,23709.1,75.05,11.4,N/A,1,Upside Breakout,0.75,60.25,60.25
1141,30-12-2024 10:35,23797.15,23804.05,23790.15,23791.15,13.9,29.075,9.5628,15.45,43.8,0.4781,47.8%,25.0316,0.11%,0.432,0.568,Bearish,Strong Contraction,60.6,True,Uptrend,Above SMA20,23804.2,23719.85,71.3,13.05,N/A,2,Upside Breakout,40.2,53.25,53.25
1148,30-12-2024 11:10,23784.3,23791.8,23780.2,23787.4,11.6,23.42,9.4407,13.9,44.15,0.4953,49.5%,24.0673,0.1%,0.267,0.733,Bullish,Moderate Contraction,38.0,False,Uptrend,Above SMA20,23844.4,23761.9,25.5,57.0,N/A,4,Upside Breakout,28.2,86.05,127.95
1168,30-12-2024 12:50,23803.95,23812.4,23791.8,23795.5,20.6,33.05,17.6178,18.9,68.55,0.6233,62.3%,30.722,0.13%,0.41,0.59,Bearish,Moderate Contraction,45.5,True,Downtrend,Below SMA20,23899.9,23748.25,47.25,104.4,N/A,7,Downside Breakdown,26.45,37.1,117.75
1171,30-12-2024 13:05,23768.05,23776.55,23758.4,23764.9,18.15,35.26,16.6041,20.6,68.55,0.5147,51.5%,29.4932,0.12%,0.174,0.826,Bearish,Moderate Contraction,35.7,False,Downtrend,Below SMA20,23885.6,23748.25,16.65,120.7,N/A,4,Downside Breakdown,26.45,76.45,124.25
1178,30-12-2024 13:40,23702.9,23706.4,23687.3,23692.8,19.1,28.455,9.86,17.7,45.05,0.6712,67.1%,29.2155,0.12%,0.529,0.471,Bearish,Mild Contraction,23.8,False,Downtrend,Below SMA20,23812.4,23677.75,15.05,119.6,N/A,1,Downside Breakdown,20.45,53.25,73.9
1187,30-12-2024 14:25,23636.6,23640.4,23626.8,23630.35,13.6,27.145,5.3372,19.1,36.1,0.501,50.1%,25.7853,0.11%,0.46,0.54,Bearish,Moderate Contraction,44.1,False,Downtrend,Below SMA20,23707.15,23618.9,11.45,76.8,N/A,6,Upside Breakout,0.35,57.05,79.3
1202,31-12-2024 09:25,23546.15,23554.0,23528.2,23540.2,25.8,38.21,12.4203,25.3,67.45,0.6752,67.5%,41.9853,0.18%,0.231,0.769,Bearish,Mild Contraction,25.6,False,Downtrend,Below SMA20,23709.65,23527.85,12.35,169.45,N/A,3,Downside Breakdown,18.15,44.3,79.75
1206,31-12-2024 09:45,23524.3,23535.15,23508.4,23516.55,26.75,39.41,14.825,21.45,74.8,0.6788,67.9%,41.9149,0.18%,0.29,0.71,Bearish,Mild Contraction,19.6,False,Downtrend,Below SMA20,23680.3,23509.7,6.85,163.75,N/A,1,Downside Breakdown,8.5,56.1,56.1
1211,31-12-2024 10:10,23472.55,23475.25,23460.45,23470.0,14.8,38.145,16.1419,21.45,74.8,0.388,38.8%,37.7039,0.16%,0.172,0.828,Bearish,Moderate Contraction,45.1,False,Downtrend,Below SMA20,23584.5,23465.45,4.55,114.5,N/A,8,Upside Breakout,7.55,85.45,126.5
1215,31-12-2024 10:30,23505.7,23526.5,23504.15,23519.55,22.35,42.48,17.7501,14.8,74.8,0.5261,52.6%,39.8161,0.17%,0.62,0.38,Bullish,Moderate Contraction,30.2,False,Downtrend,Below SMA20,23584.5,23460.45,59.1,64.95,N/A,4,Upside Breakout,7.55,76.95,92.4
1223,31-12-2024 11:10,23596.15,23609.55,23586.75,23609.1,22.8,36.63,16.0619,20.8,68.45,0.6224,62.2%,35.599,0.15%,0.568,0.432,Bullish,Mild Contraction,26.2,False,Uptrend,Above SMA20,23599.95,23498.7,110.4,-9.15,N/A,1,Upside Breakout,12.0,40.95,40.95
1226,31-12-2024 11:25,23596.55,23606.05,23586.8,23596.15,19.25,30.985,15.1657,15.45,68.45,0.6213,62.1%,30.3498,0.13%,0.021,0.979,Bearish,Mild Contraction,23.5,False,Uptrend,Above SMA20,23611.95,23516.95,79.2,15.8,N/A,3,Upside Breakout,2.95,28.0,30.4
1236,31-12-2024 12:15,23588.3,23596.45,23586.2,23596.0,10.25,20.845,5.556,9.95,29.2,0.4917,49.2%,21.8202,0.09%,0.751,0.249,Bullish,Moderate Contraction,40.9,False,Downtrend,Above SMA20,23616.95,23565.75,30.25,20.95,N/A,2,Upside Breakout,1.2,28.75,28.75
1242,31-12-2024 12:45,23596.65,23599.2,23587.15,23596.55,12.05,18.255,4.8018,10.25,24.25,0.6601,66.0%,18.6703,0.08%,0.008,0.992,Bearish,Moderate Contraction,44.2,True,Downtrend,Below SMA20,23624.75,23565.75,30.8,28.2,N/A,8,Upside Breakout,1.7,19.1,53.25
1247,31-12-2024 13:10,23594.85,23596.5,23586.4,23592.7,10.1,17.395,3.8659,12.05,24.25,0.5806,58.1%,17.2015,0.07%,0.213,0.787,Bearish,Moderate Contraction,36.3,False,Downtrend,Below SMA20,23624.75,23577.45,15.25,32.05,N/A,3,Upside Breakout,1.7,57.1,82.25
1254,31-12-2024 13:45,23639.8,23651.15,23637.6,23637.65,13.55,21.425,8.9511,10.1,37.45,0.6324,63.2%,21.1966,0.09%,0.159,0.841,Bearish,Mild Contraction,22.2,False,Uptrend,Above SMA20,23666.05,23577.45,60.2,28.4,N/A,3,Upside Breakout,8.9,52.2,52.2
1259,31-12-2024 14:10,23688.5,23688.75,23676.3,23680.4,12.45,24.115,8.9717,13.35,37.45,0.5163,51.6%,21.0529,0.09%,0.651,0.349,Bearish,Moderate Contraction,37.0,False,Uptrend,Above SMA20,23689.85,23583.35,97.05,9.45,N/A,,,,58.3,58.3
1262,31-12-2024 14:25,23641.3,23643.55,23631.6,23639.65,11.95,25.43,9.6855,12.45,37.45,0.4699,47.0%,22.4039,0.09%,0.138,0.862,Bearish,Moderate Contraction,40.1,False,Downtrend,Above SMA20,23689.85,23612.35,27.3,50.2,N/A,13,Downside Breakdown,5.3,24.8,26.0
1266,31-12-2024 14:45,23649.25,23658.15,23642.65,23654.2,15.5,23.665,9.0702,11.95,36.8,0.655,65.5%,22.1835,0.09%,0.319,0.681,Bullish,Mild Contraction,21.0,False,Uptrend,Above SMA20,23689.85,23622.1,32.1,35.65,N/A,9,Downside Breakdown,15.05,28.55,47.15
1271,31-12-2024 15:10,23647.75,23653.0,23640.6,23647.75,12.4,23.87,7.264,11.95,35.6,0.5195,51.9%,22.9437,0.1%,0.0,1.0,Bullish,Moderate Contraction,37.5,False,Uptrend,Below SMA20,23665.65,23622.1,25.65,17.9,N/A,3,Upside Breakout,3.75,40.7,82.05
1277,01-01-2025 09:25,23629.9,23644.05,23625.4,23640.85,18.65,29.955,20.1694,11.5,76.55,0.6226,62.3%,29.7258,0.13%,0.587,0.413,Bullish,Mild Contraction,19.5,False,Downtrend,Below SMA20,23683.6,23607.05,33.8,42.75,N/A,3,Downside Breakdown,8.65,76.55,78.05
1282,01-01-2025 09:50,23571.45,23580.85,23564.3,23568.7,16.55,33.425,20.0609,11.5,76.55,0.4951,49.5%,30.0864,0.13%,0.166,0.834,Bearish,Moderate Contraction,31.3,False,Downtrend,Below SMA20,23683.6,23565.7,3.0,114.9,N/A,1,Downside Breakdown,2.9,79.55,107.85
1287,01-01-2025 10:15,23629.95,23637.4,23616.75,23631.15,20.65,31.85,11.5433,16.55,52.4,0.6484,64.8%,31.5712,0.13%,0.058,0.942,Bullish,Mild Contraction,22.4,False,Downtrend,Above SMA20,23650.05,23562.8,68.35,18.9,N/A,2,Upside Breakout,5.1,45.4,130.35
1290,01-01-2025 10:30,23651.75,23659.35,23644.4,23648.0,14.95,30.945,10.8719,16.55,52.4,0.4831,48.3%,27.824,0.12%,0.251,0.749,Bearish,Moderate Contraction,39.7,False,Uptrend,Above SMA20,23655.15,23562.8,85.2,7.15,N/A,1,Upside Breakout,21.4,101.9,130.85
1295,01-01-2025 10:55,23736.95,23749.9,23733.4,23739.4,16.5,31.26,14.4907,14.95,57.7,0.5278,52.8%,30.1211,0.13%,0.148,0.852,Bullish,Moderate Contraction,33.0,False,Uptrend,Above SMA20,23747.25,23576.55,162.85,7.85,N/A,1,Upside Breakout,4.7,39.45,45.65
1298,01-01-2025 11:10,23755.35,23758.35,23741.35,23754.05,17.0,27.23,13.736,13.25,57.7,0.6243,62.4%,26.7547,0.11%,0.076,0.924,Bearish,Mild Contraction,22.7,False,Uptrend,Above SMA20,23761.5,23616.3,137.75,7.45,N/A,1,Upside Breakout,17.35,60.3,75.7
1307,01-01-2025 11:55,23688.0,23698.35,23678.35,23691.5,20.0,28.78,9.2199,17.0,45.75,0.6949,69.5%,27.2412,0.11%,0.175,0.825,Bullish,Mild Contraction,20.0,False,Downtrend,Below SMA20,23778.85,23688.25,3.25,87.35,N/A,,,,78.3,81.45
1310,01-01-2025 12:10,23714.4,23718.95,23702.8,23714.25,16.15,26.16,9.415,17.75,45.75,0.6174,61.7%,23.8792,0.1%,0.009,0.991,Bearish,Moderate Contraction,30.0,False,Downtrend,Below SMA20,23771.4,23678.35,35.9,57.15,N/A,4,Upside Breakout,1.55,58.7,58.75
1320,01-01-2025 13:00,23734.15,23740.85,23729.45,23740.85,11.4,23.06,5.2206,16.15,33.2,0.4944,49.4%,21.9617,0.09%,0.588,0.412,Bullish,Moderate Contraction,42.9,False,Uptrend,Above SMA20,23773.0,23702.8,38.05,32.15,N/A,11,Upside Breakout,12.95,22.15,28.1
1323,01-01-2025 13:15,23726.95,23738.05,23726.35,23730.4,11.7,19.13,5.941,7.6,28.5,0.6116,61.2%,18.7494,0.08%,0.295,0.705,Bullish,Mild Contraction,24.2,False,Downtrend,Below SMA20,23773.0,23718.7,11.7,42.6,N/A,8,Upside Breakout,12.95,22.0,92.4
1336,01-01-2025 14:20,23781.75,23788.2,23777.4,23786.5,10.8,21.705,8.659,13.8,36.55,0.4976,49.8%,20.1003,0.08%,0.44,0.56,Bullish,Moderate Contraction,37.9,False,Uptrend,Above SMA20,23822.8,23725.3,61.2,36.3,N/A,9,Downside Breakdown,3.85,35.05,65.05
1359,02-01-2025 10:00,23834.05,23844.45,23829.3,23837.35,15.15,34.965,10.6954,15.35,50.5,0.4333,43.3%,31.1451,0.13%,0.218,0.782,Bullish,Moderate Contraction,44.5,False,Uptrend,Above SMA20,23868.5,23751.55,85.8,31.15,N/A,2,Upside Breakout,8.85,52.25,97.95
1364,02-01-2025 10:25,23878.15,23883.2,23865.65,23878.5,17.55,36.01,11.8832,15.15,50.5,0.4874,48.7%,31.4432,0.13%,0.02,0.98,Bullish,Moderate Contraction,37.6,False,Uptrend,Above SMA20,23889.6,23780.4,98.1,11.1,N/A,2,Upside Breakout,8.95,56.8,85.0
1367,02-01-2025 10:40,23871.05,23887.6,23870.6,23884.2,17.0,31.97,13.9017,14.0,50.5,0.5317,53.2%,29.1002,0.12%,0.774,0.226,Bullish,Moderate Contraction,31.7,False,Uptrend,Above SMA20,23898.55,23791.8,92.4,14.35,N/A,1,Upside Breakout,26.05,79.3,89.95
1371,02-01-2025 11:00,23931.95,23940.45,23926.9,23932.05,13.55,31.815,12.649,14.0,47.35,0.4259,42.6%,28.4096,0.12%,0.007,0.993,Bullish,Moderate Contraction,42.9,False,Uptrend,Above SMA20,23939.0,23830.0,102.05,6.95,N/A,1,Upside Breakout,24.5,37.1,42.1
1376,02-01-2025 11:25,23949.8,23969.15,23949.7,23967.2,19.45,28.305,12.0133,13.55,46.55,0.6872,68.7%,26.3073,0.11%,0.895,0.105,Bullish,Mild Contraction,16.4,False,Uptrend,Above SMA20,23963.5,23855.6,111.6,-3.7,N/A,1,Upside Breakout,10.65,50.25,50.95
1384,02-01-2025 12:05,23955.15,23959.55,23953.7,23957.1,5.85,20.705,6.3464,9.5,29.1,0.2825,28.3%,20.8739,0.09%,0.333,0.667,Bullish,Strong Contraction,55.6,False,Uptrend,Above SMA20,23974.15,23916.25,40.85,17.05,N/A,4,Upside Breakout,51.5,106.3,115.4
1387,02-01-2025 12:20,23949.1,23959.1,23947.2,23959.05,11.9,19.75,8.3765,5.85,30.1,0.6025,60.3%,20.9568,0.09%,0.836,0.164,Bullish,Mild Contraction,21.6,False,Downtrend,Above SMA20,23974.15,23916.25,42.8,15.1,N/A,1,Upside Breakout,51.5,112.3,132.15
1392,02-01-2025 12:45,24054.65,24064.75,24045.15,24048.55,19.6,28.515,17.5175,5.85,66.1,0.6874,68.7%,27.3167,0.11%,0.311,0.689,Bearish,Mild Contraction,11.1,False,Uptrend,Above SMA20,24071.35,23916.25,132.3,22.8,N/A,1,Upside Breakout,1.15,42.65,89.75
1397,02-01-2025 13:10,24086.4,24091.2,24077.2,24084.75,14.0,32.345,16.0272,11.9,66.1,0.4328,43.3%,27.4103,0.11%,0.118,0.882,Bearish,Moderate Contraction,38.9,False,Uptrend,Above SMA20,24089.95,23947.2,137.55,5.2,N/A,1,Upside Breakout,20.1,53.55,67.15
1403,02-01-2025 13:40,24137.25,24151.9,24132.3,24147.4,19.6,28.33,8.3041,14.0,38.95,0.6918,69.2%,26.8942,0.11%,0.518,0.482,Bullish,Moderate Contraction,37.9,True,Uptrend,Above SMA20,24138.3,24036.25,111.15,-9.1,N/A,1,Upside Breakout,13.0,29.45,39.2
1407,02-01-2025 14:00,24123.4,24132.45,24117.95,24127.9,14.5,22.775,7.5579,14.0,35.1,0.6367,63.7%,22.5937,0.09%,0.31,0.69,Bullish,Mild Contraction,28.0,False,Uptrend,Above SMA20,24151.9,24077.2,50.7,24.0,N/A,2,Upside Breakout,1.25,58.7,85.05
1420,02-01-2025 15:05,24186.95,24193.2,24177.4,24187.85,15.8,23.44,8.3247,15.35,44.75,0.6741,67.4%,23.4769,0.1%,0.057,0.943,Bullish,Mild Contraction,25.0,False,Uptrend,Above SMA20,24226.7,24144.85,43.0,38.85,N/A,5,Downside Breakdown,6.15,49.15,107.55
1423,02-01-2025 15:20,24189.45,24194.1,24180.85,24182.1,13.25,20.87,9.8413,9.7,44.75,0.6349,63.5%,19.4016,0.08%,0.555,0.445,Bearish,Mild Contraction,21.2,False,Uptrend,Above SMA20,24226.7,24155.35,26.75,44.6,N/A,2,Downside Breakdown,16.65,85.15,130.6
1438,03-01-2025 10:20,24054.3,24075.7,24053.8,24066.95,21.9,37.145,12.6374,19.35,56.4,0.5896,59.0%,33.0851,0.14%,0.578,0.422,Bullish,Moderate Contraction,49.5,True,Downtrend,Below SMA20,24141.95,24032.15,34.8,75.0,N/A,2,Downside Breakdown,11.05,60.2,66.7
1441,03-01-2025 10:35,24023.95,24029.7,24009.3,24010.2,20.4,33.455,11.8568,21.9,56.4,0.6098,61.0%,30.0037,0.12%,0.674,0.326,Bearish,Moderate Contraction,30.7,False,Downtrend,Below SMA20,24111.35,24021.1,-10.9,101.15,N/A,1,Downside Breakdown,14.35,25.65,139.7
1445,03-01-2025 10:55,24007.6,24018.05,24000.25,24011.6,17.8,29.285,9.7844,20.4,52.2,0.6078,60.8%,27.216,0.11%,0.225,0.775,Bullish,Moderate Contraction,31.1,False,Downtrend,Below SMA20,24111.35,24003.05,8.55,99.75,N/A,5,Upside Breakout,25.55,125.3,138.3
1454,03-01-2025 11:40,24113.2,24132.25,24109.0,24128.15,23.25,33.35,13.0235,17.15,62.75,0.6972,69.7%,32.1294,0.13%,0.643,0.357,Bullish,Moderate Contraction,36.5,True,Uptrend,Above SMA20,24149.9,24000.25,127.9,21.75,N/A,,,,34.5,72.2
1457,03-01-2025 11:55,24125.6,24137.55,24116.9,24135.45,20.65,33.33,12.4206,21.15,62.75,0.6196,62.0%,28.3707,0.12%,0.477,0.523,Bullish,Moderate Contraction,49.7,True,Uptrend,Above SMA20,24149.9,24017.55,117.9,14.45,N/A,,,,65.7,83.2
1464,03-01-2025 12:30,24060.1,24072.5,24055.95,24072.5,16.55,24.4,7.2378,12.7,40.05,0.6783,67.8%,25.6713,0.11%,0.749,0.251,Bullish,Mild Contraction,20.1,False,Downtrend,Below SMA20,24139.95,24058.4,14.1,67.45,N/A,1,Downside Breakdown,6.15,20.25,49.1
1474,03-01-2025 13:20,24102.65,24112.55,24100.45,24106.8,12.1,23.455,5.9407,16.55,37.3,0.5159,51.6%,22.9998,0.1%,0.343,0.657,Bullish,Moderate Contraction,40.1,False,Uptrend,Above SMA20,24121.6,24052.25,54.55,14.8,N/A,7,Downside Breakdown,13.7,43.25,85.6
1477,03-01-2025 13:35,24089.85,24091.1,24076.5,24083.75,14.6,21.26,7.0309,12.1,37.3,0.6867,68.7%,20.3757,0.08%,0.418,0.582,Bearish,Mild Contraction,20.0,False,Uptrend,Below SMA20,24121.6,24063.35,20.4,37.85,N/A,3,Downside Breakdown,0.25,56.4,65.2
1480,03-01-2025 13:50,24073.65,24075.7,24063.1,24069.25,12.6,20.08,7.2727,12.1,37.3,0.6275,62.7%,18.902,0.08%,0.349,0.651,Bearish,Mild Contraction,28.0,False,Downtrend,Below SMA20,24121.6,24063.55,5.7,52.35,N/A,1,Downside Breakdown,25.0,50.7,50.7
1492,03-01-2025 14:50,24045.8,24046.05,24035.25,24045.1,10.8,20.73,5.0946,16.0,30.6,0.521,52.1%,18.9647,0.08%,0.065,0.935,Bearish,Moderate Contraction,40.0,False,Uptrend,Below SMA20,24053.5,24018.55,26.55,8.4,N/A,2,Downside Breakdown,13.2,69.1,69.1
1511,06-01-2025 10:10,24023.65,24030.4,24007.25,24025.7,23.15,56.865,13.2471,36.6,75.65,0.4071,40.7%,45.4063,0.19%,0.089,0.911,Bullish,Moderate Contraction,49.5,False,Downtrend,Above SMA20,24089.95,23911.45,114.25,64.25,N/A,6,Downside Breakdown,31.3,107.6,218.6
1514,06-01-2025 10:25,23974.45,23986.5,23966.75,23966.95,19.75,48.995,15.8407,23.15,75.65,0.4031,40.3%,41.493,0.17%,0.38,0.62,Bearish,Moderate Contraction,46.2,False,Downtrend,Below SMA20,24054.3,23911.45,55.5,87.35,N/A,3,Downside Breakdown,31.3,139.25,250.15
1518,06-01-2025 10:45,23882.4,23882.9,23854.6,23866.35,28.3,40.685,16.2642,19.75,75.65,0.6956,69.6%,38.4849,0.16%,0.567,0.433,Bearish,Mild Contraction,15.9,False,Downtrend,Below SMA20,24054.3,23880.15,-13.8,187.95,N/A,1,Downside Breakdown,52.45,139.75,149.55
1532,06-01-2025 11:55,23625.95,23629.5,23601.5,23608.15,28.0,47.42,15.8701,31.4,75.95,0.5905,59.0%,43.1245,0.18%,0.636,0.364,Bearish,Moderate Contraction,32.4,False,Downtrend,Below SMA20,23823.7,23620.25,-12.1,215.55,N/A,1,Downside Breakdown,10.35,122.85,160.6
1543,06-01-2025 12:50,23751.4,23755.65,23727.65,23737.5,28.0,44.55,12.1132,32.95,75.55,0.6285,62.9%,40.1375,0.17%,0.496,0.504,Bearish,Strong Contraction,50.9,True,Uptrend,Above SMA20,23768.75,23609.9,127.6,31.25,N/A,1,Upside Breakout,1.7,58.0,118.35
1546,06-01-2025 13:05,23748.0,23754.05,23728.0,23733.7,26.05,38.48,5.686,28.0,46.15,0.677,67.7%,38.221,0.16%,0.549,0.451,Bearish,Moderate Contraction,32.2,False,Uptrend,Above SMA20,23779.15,23679.05,54.65,45.45,N/A,3,Downside Breakdown,17.15,114.55,131.1
1550,06-01-2025 13:25,23665.5,23680.25,23662.15,23669.7,18.1,34.945,6.1589,26.05,46.15,0.518,51.8%,34.0424,0.14%,0.232,0.768,Bullish,Strong Contraction,64.1,True,Downtrend,Below SMA20,23779.15,23661.9,7.8,109.45,N/A,1,Downside Breakdown,42.75,65.5,67.1
1561,06-01-2025 14:20,23650.7,23660.2,23636.5,23638.85,23.7,35.86,8.7089,24.8,52.95,0.6609,66.1%,34.107,0.14%,0.5,0.5,Bearish,Mild Contraction,29.2,False,Downtrend,Below SMA20,23676.65,23602.6,36.25,37.8,N/A,2,Downside Breakdown,14.45,86.95,86.95
1572,06-01-2025 15:15,23587.15,23600.0,23580.15,23599.45,19.85,35.45,12.0797,24.0,67.15,0.5599,56.0%,34.3514,0.15%,0.62,0.38,Bullish,Moderate Contraction,34.5,False,Downtrend,Below SMA20,23653.8,23551.9,47.55,54.35,N/A,3,Upside Breakout,120.35,176.8,195.75
1579,07-01-2025 09:35,23775.6,23784.35,23764.1,23780.0,20.25,42.185,24.6721,18.45,94.3,0.48,48.0%,43.3186,0.18%,0.217,0.783,Bullish,Moderate Contraction,35.5,False,Uptrend,Above SMA20,23780.25,23580.15,199.85,0.25,N/A,1,Upside Breakout,14.95,132.0,142.2
1585,07-01-2025 10:05,23650.8,23671.45,23638.0,23638.0,33.45,51.91,30.9257,15.45,114.75,0.6444,64.4%,45.6382,0.19%,0.383,0.617,Bearish,Mild Contraction,16.3,False,Downtrend,Below SMA20,23795.2,23648.0,-10.0,157.2,N/A,1,Downside Breakdown,10.2,130.05,130.05
1588,07-01-2025 10:20,23737.65,23744.45,23717.5,23727.2,26.95,50.775,33.8579,15.45,114.75,0.5308,53.1%,49.5188,0.21%,0.388,0.612,Bearish,Mild Contraction,26.7,False,Downtrend,Above SMA20,23795.2,23637.8,89.4,68.0,N/A,,,,39.6,39.6
1591,07-01-2025 10:35,23740.8,23755.2,23725.2,23725.2,30.0,51.68,32.6175,24.2,114.75,0.5805,58.0%,42.4514,0.18%,0.52,0.48,Bearish,Mild Contraction,25.9,False,Uptrend,Above SMA20,23784.45,23637.8,87.4,59.25,N/A,,,,41.6,41.6
1595,07-01-2025 10:55,23711.45,23726.05,23708.7,23724.85,17.35,39.9,25.6643,19.35,108.1,0.4348,43.5%,36.3153,0.15%,0.772,0.228,Bullish,Moderate Contraction,39.5,False,Uptrend,Below SMA20,23768.05,23637.8,87.05,43.2,N/A,7,Upside Breakout,2.45,25.0,45.65
1598,07-01-2025 11:10,23719.05,23731.65,23713.15,23731.65,18.5,28.4,9.0291,17.35,48.45,0.6514,65.1%,32.2773,0.14%,0.681,0.319,Bullish,Mild Contraction,26.2,False,Uptrend,Above SMA20,23766.8,23708.1,23.55,35.15,N/A,4,Upside Breakout,3.7,38.85,38.85
1603,07-01-2025 11:35,23760.25,23766.3,23754.4,23754.4,11.9,25.51,9.8495,17.35,48.45,0.4665,46.6%,25.8284,0.11%,0.492,0.508,Bearish,Moderate Contraction,40.3,False,Downtrend,Above SMA20,23770.5,23708.1,46.3,16.1,N/A,,,,32.4,45.9
1612,07-01-2025 12:20,23718.1,23719.5,23708.5,23717.6,11.0,19.105,5.3088,11.9,29.95,0.5758,57.6%,19.6326,0.08%,0.045,0.955,Bearish,Moderate Contraction,34.7,False,Downtrend,Below SMA20,23770.5,23712.95,4.65,52.9,N/A,18,Downside Breakdown,19.7,25.1,25.1
1637,07-01-2025 14:25,23718.05,23718.35,23705.55,23710.7,12.8,22.715,4.5246,18.05,32.5,0.5635,56.4%,20.1641,0.09%,0.574,0.426,Bearish,Strong Contraction,58.8,True,Downtrend,Below SMA20,23759.85,23686.9,23.8,49.15,N/A,4,Downside Breakdown,2.55,26.35,26.35
1640,07-01-2025 14:40,23694.95,23705.7,23692.45,23696.9,13.25,20.265,6.0072,12.3,32.5,0.6538,65.4%,18.2566,0.08%,0.147,0.853,Bullish,Mild Contraction,26.1,False,Downtrend,Below SMA20,23733.7,23686.9,10.0,36.8,N/A,1,Downside Breakdown,2.55,40.1,54.95
1645,07-01-2025 15:05,23714.5,23714.5,23701.6,23706.65,12.9,19.63,7.2923,12.3,32.25,0.6572,65.7%,20.3592,0.09%,0.609,0.391,Bearish,Mild Contraction,25.4,False,Downtrend,Below SMA20,23737.0,23684.35,22.3,30.35,N/A,5,Upside Breakout,14.85,45.2,79.95
1648,07-01-2025 15:20,23707.3,23707.55,23696.15,23703.6,11.4,19.99,7.5291,12.3,32.25,0.5703,57.0%,19.3125,0.08%,0.325,0.675,Bearish,Moderate Contraction,33.1,False,Downtrend,Below SMA20,23737.0,23684.35,19.25,33.4,N/A,2,Upside Breakout,14.85,75.45,81.4
1659,08-01-2025 10:00,23670.15,23680.55,23657.85,23676.05,22.7,43.1,16.7677,21.6,75.25,0.5267,52.7%,35.5881,0.15%,0.26,0.74,Bullish,Moderate Contraction,35.0,False,Downtrend,Below SMA20,23751.85,23622.2,53.85,75.8,N/A,4,Downside Breakdown,21.5,97.45,124.6
1662,08-01-2025 10:15,23670.9,23684.25,23664.55,23664.55,19.7,38.845,12.9432,22.7,61.5,0.5071,50.7%,32.9087,0.14%,0.322,0.678,Bearish,Moderate Contraction,38.4,False,Uptrend,Below SMA20,23697.45,23622.2,42.35,32.9,N/A,1,Downside Breakdown,21.5,110.9,113.1
1665,08-01-2025 10:30,23607.45,23614.1,23594.25,23600.15,19.85,37.945,14.8329,19.7,64.85,0.5231,52.3%,34.2903,0.15%,0.368,0.632,Bearish,Moderate Contraction,36.0,False,Downtrend,Below SMA20,23697.45,23578.6,21.55,97.3,N/A,2,Downside Breakdown,24.95,48.7,64.8
1669,08-01-2025 10:50,23579.7,23583.25,23569.85,23571.95,13.4,32.45,14.0947,19.7,64.85,0.4129,41.3%,31.1023,0.13%,0.578,0.422,Bearish,Moderate Contraction,43.2,False,Downtrend,Below SMA20,23685.0,23551.45,20.5,113.05,N/A,6,Downside Breakdown,16.1,18.25,36.6
1672,08-01-2025 11:05,23570.2,23577.55,23560.15,23569.55,17.4,28.785,15.5621,13.4,64.85,0.6045,60.4%,26.9298,0.11%,0.037,0.963,Bearish,Mild Contraction,23.9,False,Downtrend,Below SMA20,23684.25,23551.45,18.1,114.7,N/A,3,Downside Breakdown,16.1,34.2,34.2
1680,08-01-2025 11:45,23571.6,23572.8,23559.6,23566.15,13.2,24.955,9.2766,14.55,40.2,0.529,52.9%,25.2018,0.11%,0.413,0.587,Bearish,Moderate Contraction,36.1,False,Downtrend,Below SMA20,23603.7,23535.35,30.8,37.55,N/A,3,Downside Breakdown,2.85,40.7,70.0
1696,08-01-2025 13:05,23533.85,23544.9,23528.0,23544.9,16.9,24.85,5.0928,16.2,31.6,0.6801,68.0%,23.4542,0.1%,0.654,0.346,Bullish,Mild Contraction,27.3,False,Uptrend,Below SMA20,23559.2,23496.15,48.75,14.3,N/A,3,Upside Breakout,8.05,53.5,127.35
1710,08-01-2025 14:15,23696.3,23701.6,23679.05,23690.35,22.55,35.76,12.43,24.5,67.25,0.6306,63.1%,31.5086,0.13%,0.264,0.736,Bearish,Mild Contraction,29.3,False,Uptrend,Above SMA20,23701.75,23558.4,131.95,11.4,N/A,1,Upside Breakout,25.75,45.3,45.3
1716,08-01-2025 14:45,23694.6,23715.9,23694.6,23705.4,21.3,36.425,12.3245,22.55,68.35,0.5848,58.5%,33.8923,0.14%,0.507,0.493,Bullish,Moderate Contraction,32.7,False,Uptrend,Above SMA20,23727.5,23638.65,66.75,22.1,N/A,9,Downside Breakdown,30.9,50.15,98.2
1721,08-01-2025 15:10,23695.0,23707.1,23693.4,23705.2,13.7,36.29,12.6375,21.3,68.35,0.3775,37.8%,31.3689,0.13%,0.745,0.255,Bullish,Moderate Contraction,47.4,False,Downtrend,Above SMA20,23727.5,23645.05,60.15,22.3,N/A,4,Downside Breakdown,37.3,98.0,111.25
1726,09-01-2025 09:20,23616.55,23622.25,23607.2,23609.7,15.05,30.645,20.1943,12.0,81.75,0.4911,49.1%,31.5543,0.13%,0.455,0.545,Bearish,Moderate Contraction,32.5,False,Downtrend,Below SMA20,23718.65,23607.75,1.95,108.95,N/A,1,Downside Breakdown,6.95,21.25,32.75
1729,09-01-2025 09:35,23608.2,23620.15,23601.8,23604.05,18.35,29.265,20.8437,12.0,81.75,0.627,62.7%,29.3159,0.12%,0.226,0.774,Bearish,Mild Contraction,19.4,False,Downtrend,Below SMA20,23707.1,23593.95,10.1,103.05,N/A,14,Downside Breakdown,46.9,32.75,48.8
1733,09-01-2025 09:55,23625.7,23636.8,23618.5,23632.45,18.3,26.5,20.6418,12.0,81.75,0.6906,69.1%,25.1414,0.11%,0.369,0.631,Bullish,Mild Contraction,13.8,False,Downtrend,Below SMA20,23694.95,23593.95,38.5,62.5,N/A,10,Downside Breakdown,46.9,35.25,85.4
1741,09-01-2025 10:35,23631.25,23638.45,23626.6,23629.35,11.85,23.69,7.0079,14.15,37.85,0.5002,50.0%,22.6941,0.1%,0.16,0.84,Bearish,Moderate Contraction,39.9,False,Uptrend,Below SMA20,23652.85,23595.75,33.6,23.5,N/A,2,Downside Breakdown,48.7,91.4,91.4
1745,09-01-2025 10:55,23552.4,23559.25,23541.55,23544.15,17.7,27.295,17.934,11.85,74.45,0.6485,64.8%,28.0673,0.12%,0.466,0.534,Bearish,Mild Contraction,18.0,False,Downtrend,Below SMA20,23652.85,23538.4,5.75,108.7,N/A,1,Downside Breakdown,0.45,29.65,29.65
1748,09-01-2025 11:10,23552.8,23564.05,23548.4,23561.9,15.65,25.365,18.1168,11.85,74.45,0.617,61.7%,23.9736,0.1%,0.581,0.419,Bullish,Mild Contraction,21.8,False,Downtrend,Below SMA20,23651.85,23537.95,23.95,89.95,N/A,8,Downside Breakdown,0.7,16.8,24.65
1751,09-01-2025 11:25,23572.9,23573.1,23559.1,23560.1,14.0,24.175,18.4769,11.85,74.45,0.5791,57.9%,21.4188,0.09%,0.914,0.086,Bearish,Mild Contraction,26.2,False,Downtrend,Below SMA20,23638.45,23537.95,22.15,78.35,N/A,5,Downside Breakdown,0.7,22.85,56.6
1756,09-01-2025 11:50,23542.1,23549.75,23537.25,23544.95,12.5,17.965,3.0139,14.0,24.55,0.6958,69.6%,19.668,0.08%,0.228,0.772,Bullish,Mild Contraction,29.3,False,Downtrend,Below SMA20,23573.8,23537.95,7.0,28.85,N/A,5,Upside Breakout,42.9,71.75,71.75
1765,09-01-2025 12:35,23565.65,23566.9,23555.8,23557.75,11.1,23.82,14.9557,12.25,59.2,0.466,46.6%,23.7025,0.1%,0.712,0.288,Bearish,Moderate Contraction,37.6,False,Uptrend,Below SMA20,23616.7,23537.25,20.5,58.95,N/A,2,Downside Breakdown,5.7,33.55,33.55
1768,09-01-2025 12:50,23542.95,23550.65,23534.8,23534.8,15.85,24.31,15.4436,10.0,59.2,0.652,65.2%,21.8781,0.09%,0.514,0.486,Bearish,Mild Contraction,17.3,False,Downtrend,Below SMA20,23616.7,23531.55,3.25,81.9,N/A,1,Downside Breakdown,7.35,18.0,18.0
1771,09-01-2025 13:05,23537.55,23544.15,23535.15,23538.05,9.0,25.86,14.4119,10.0,59.2,0.348,34.8%,19.7212,0.08%,0.056,0.944,Bullish,Moderate Contraction,46.0,False,Downtrend,Below SMA20,23616.7,23524.2,13.85,78.65,N/A,5,Downside Breakdown,0.85,14.7,18.65
1777,09-01-2025 13:35,23527.35,23536.9,23525.15,23533.15,11.75,17.62,5.0555,9.0,28.85,0.6669,66.7%,17.3272,0.07%,0.494,0.506,Bullish,Mild Contraction,21.3,False,Downtrend,Below SMA20,23560.4,23523.35,9.8,27.25,N/A,4,Downside Breakdown,3.95,16.3,16.3
1780,09-01-2025 13:50,23533.7,23540.15,23532.1,23534.45,8.05,15.54,3.3081,9.0,19.7,0.518,51.8%,15.8498,0.07%,0.093,0.907,Bullish,Moderate Contraction,41.7,False,Downtrend,Below SMA20,23552.8,23523.35,11.1,18.35,N/A,1,Downside Breakdown,3.95,17.6,20.65
1784,09-01-2025 14:10,23542.15,23544.6,23534.35,23537.25,10.25,15.65,3.55,8.05,19.5,0.655,65.5%,15.6826,0.07%,0.478,0.522,Bearish,Mild Contraction,24.4,False,Downtrend,Below SMA20,23552.25,23516.85,20.4,15.0,N/A,5,Downside Breakdown,2.15,22.55,34.2
1807,10-01-2025 09:50,23424.0,23433.15,23408.55,23417.65,24.6,42.155,19.3008,14.95,68.4,0.5836,58.4%,37.3094,0.16%,0.258,0.742,Bearish,Mild Contraction,24.1,False,Downtrend,Below SMA20,23596.0,23416.55,1.1,178.35,N/A,1,Downside Breakdown,50.6,73.3,73.3
1811,10-01-2025 10:10,23397.65,23400.95,23369.6,23396.55,31.35,47.825,16.7334,24.6,68.4,0.6555,65.6%,39.5659,0.17%,0.035,0.965,Bearish,Mild Contraction,21.7,False,Downtrend,Below SMA20,23596.0,23344.35,52.2,199.45,N/A,16,Upside Breakout,0.6,48.05,116.65
1815,10-01-2025 10:30,23404.9,23413.6,23390.15,23396.4,23.45,43.685,13.9233,24.6,60.45,0.5368,53.7%,37.4764,0.16%,0.362,0.638,Bearish,Moderate Contraction,36.6,False,Downtrend,Below SMA20,23491.6,23344.35,52.05,95.2,N/A,6,Upside Breakout,21.6,78.65,194.15
1820,10-01-2025 10:55,23463.3,23469.6,23455.8,23460.45,13.8,38.585,9.3807,23.45,55.05,0.3577,35.8%,34.8837,0.15%,0.207,0.793,Bearish,Extreme Squeeze,72.8,True,Uptrend,Above SMA20,23475.05,23344.35,116.1,14.6,N/A,1,Upside Breakout,38.15,130.1,136.15
1831,10-01-2025 11:50,23528.1,23530.65,23512.4,23519.5,18.25,39.915,9.7714,28.6,57.85,0.4572,45.7%,36.218,0.15%,0.471,0.529,Bearish,Moderate Contraction,45.0,False,Uptrend,Above SMA20,23596.6,23461.1,58.4,77.1,N/A,,,,46.5,46.5
1838,10-01-2025 12:25,23516.9,23524.55,23503.05,23510.45,21.5,37.225,11.5711,18.25,57.85,0.5776,57.8%,36.0383,0.15%,0.3,0.7,Bearish,Strong Contraction,50.4,True,Downtrend,Below SMA20,23595.15,23477.75,32.7,84.7,N/A,,,,32.45,32.45
1845,10-01-2025 13:00,23519.5,23534.1,23513.95,23515.6,20.15,31.195,10.638,17.45,45.95,0.6459,64.6%,28.6159,0.12%,0.194,0.806,Bearish,Moderate Contraction,44.4,True,Downtrend,Below SMA20,23566.0,23477.75,37.85,50.4,N/A,14,Downside Breakdown,36.5,28.15,31.1
1849,10-01-2025 13:20,23521.35,23529.05,23514.15,23524.0,14.9,23.545,4.7908,17.45,31.6,0.6328,63.3%,24.3393,0.1%,0.178,0.822,Bullish,Moderate Contraction,32.9,False,Uptrend,Above SMA20,23542.9,23494.15,29.85,18.9,N/A,1,Downside Breakdown,6.7,39.5,82.75
1852,10-01-2025 13:35,23501.35,23509.6,23494.2,23497.7,15.4,24.425,9.2492,14.9,48.85,0.6305,63.1%,25.5802,0.11%,0.237,0.763,Bearish,Mild Contraction,27.8,False,Downtrend,Below SMA20,23542.9,23486.3,11.4,45.2,N/A,1,Downside Breakdown,1.8,31.7,97.15
1856,10-01-2025 13:55,23508.4,23520.4,23506.1,23515.6,14.3,24.635,9.8354,14.9,48.85,0.5805,58.0%,24.5046,0.1%,0.503,0.497,Bullish,Moderate Contraction,32.1,False,Downtrend,Above SMA20,23536.3,23484.5,31.1,20.7,N/A,3,Downside Breakdown,43.25,99.7,115.05
1864,10-01-2025 14:35,23417.0,23430.3,23409.15,23410.0,21.15,31.36,11.3699,14.3,57.3,0.6744,67.4%,29.9755,0.13%,0.331,0.669,Bearish,Mild Contraction,17.9,False,Downtrend,Below SMA20,23529.4,23400.55,9.45,119.4,N/A,5,Downside Breakdown,3.7,36.1,39.4
1867,10-01-2025 14:50,23417.55,23429.4,23413.35,23426.4,16.05,31.52,10.6998,21.15,57.3,0.5092,50.9%,26.7509,0.11%,0.551,0.449,Bullish,Moderate Contraction,38.1,False,Downtrend,Below SMA20,23529.4,23400.55,25.85,103.0,N/A,2,Downside Breakdown,3.7,29.55,253.7
1873,10-01-2025 15:20,23443.6,23449.4,23439.55,23442.3,9.85,26.39,7.4263,16.05,39.2,0.3732,37.3%,25.3784,0.11%,0.132,0.868,Bearish,Moderate Contraction,49.8,False,Uptrend,Below SMA20,23446.1,23396.85,45.45,3.8,N/A,2,Downside Breakdown,224.15,269.6,269.6
1882,13-01-2025 09:50,23204.65,23223.5,23197.75,23207.9,25.75,40.55,19.4836,9.85,74.5,0.635,63.5%,46.8598,0.2%,0.126,0.874,Bullish,Mild Contraction,17.2,False,Downtrend,Below SMA20,23449.4,23172.7,35.2,241.5,N/A,,,,90.15,133.05
1885,13-01-2025 10:05,23261.0,23263.5,23239.2,23249.85,24.3,46.935,16.6582,25.75,74.5,0.5177,51.8%,44.2295,0.19%,0.459,0.541,Bearish,Moderate Contraction,37.2,False,Uptrend,Below SMA20,23274.6,23172.7,77.15,24.75,N/A,2,Upside Breakout,23.45,86.9,91.1
1900,13-01-2025 11:20,23273.05,23279.2,23265.25,23273.55,13.95,30.6,5.8696,23.1,45.85,0.4559,45.6%,29.6408,0.13%,0.036,0.964,Bullish,Moderate Contraction,48.1,False,Downtrend,Below SMA20,23340.95,23260.95,12.6,67.4,N/A,1,Downside Breakdown,25.3,63.35,63.35
1905,13-01-2025 11:45,23235.7,23238.55,23225.85,23233.6,12.7,26.91,6.8743,13.95,38.55,0.4719,47.2%,26.9174,0.12%,0.165,0.835,Bearish,Moderate Contraction,43.4,False,Downtrend,Below SMA20,23321.35,23210.2,23.4,87.75,N/A,6,Downside Breakdown,19.75,29.4,43.15
1917,13-01-2025 12:45,23220.7,23221.5,23211.15,23215.85,10.35,23.62,4.8092,18.35,32.95,0.4382,43.8%,23.4594,0.1%,0.469,0.531,Bearish,Moderate Contraction,48.8,False,Downtrend,Below SMA20,23239.05,23190.45,25.4,23.2,N/A,2,Downside Breakdown,14.45,50.1,63.5
1920,13-01-2025 13:00,23180.0,23194.5,23179.25,23186.2,15.25,24.525,8.8395,10.35,41.85,0.6218,62.2%,24.0584,0.1%,0.407,0.593,Bullish,Mild Contraction,22.8,False,Downtrend,Below SMA20,23234.7,23176.0,10.2,48.5,N/A,2,Downside Breakdown,10.25,22.7,69.9
1928,13-01-2025 13:40,23156.0,23159.6,23148.6,23154.95,11.0,23.12,7.6872,15.25,41.85,0.4758,47.6%,21.229,0.09%,0.095,0.905,Bearish,Moderate Contraction,40.7,False,Downtrend,Below SMA20,23218.45,23152.35,2.6,63.5,N/A,1,Downside Breakdown,31.65,45.95,88.55
1945,13-01-2025 15:05,23064.5,23081.75,23063.95,23081.75,17.8,32.45,10.6626,16.9,49.25,0.5485,54.9%,29.5038,0.13%,0.969,0.031,Bullish,Moderate Contraction,34.4,False,Downtrend,Below SMA20,23137.85,23047.25,34.5,56.1,N/A,5,Upside Breakout,73.05,129.15,145.45
1948,13-01-2025 15:20,23098.4,23101.8,23084.4,23089.7,17.4,30.76,12.5154,11.85,49.25,0.5657,56.6%,24.9883,0.11%,0.5,0.5,Bearish,Mild Contraction,27.1,False,Uptrend,Below SMA20,23122.8,23047.25,42.45,33.1,N/A,2,Upside Breakout,88.1,137.5,137.5
1960,14-01-2025 10:05,23151.65,23162.15,23143.75,23161.7,18.4,36.45,7.7362,23.95,50.55,0.5048,50.5%,33.7012,0.15%,0.546,0.454,Bullish,Moderate Contraction,42.8,False,Downtrend,Above SMA20,23227.2,23139.4,22.3,65.5,N/A,2,Downside Breakdown,5.25,27.55,54.75
1965,14-01-2025 10:30,23157.5,23173.6,23156.8,23159.15,16.8,28.225,10.7009,11.35,43.5,0.5952,59.5%,26.4231,0.11%,0.098,0.902,Bullish,Moderate Contraction,44.9,True,Downtrend,Above SMA20,23206.7,23134.15,25.0,47.55,N/A,4,Upside Breakout,2.15,57.3,105.8
1969,14-01-2025 10:50,23204.75,23208.85,23201.0,23204.0,7.85,22.215,9.6776,9.85,43.5,0.3534,35.3%,22.3333,0.1%,0.096,0.904,Bearish,Moderate Contraction,47.2,False,Uptrend,Above SMA20,23206.35,23134.15,69.85,2.35,N/A,1,Upside Breakout,10.1,60.95,60.95
1982,14-01-2025 11:55,23184.9,23197.25,23183.8,23196.3,13.45,19.42,4.5106,14.55,26.9,0.6926,69.3%,18.897,0.08%,0.848,0.152,Bullish,Mild Contraction,27.0,False,Downtrend,Below SMA20,23264.95,23175.25,21.05,68.65,N/A,2,Downside Breakdown,5.55,41.2,41.2
1989,14-01-2025 12:30,23172.25,23172.7,23160.3,23169.5,12.4,17.975,4.8086,12.7,27.65,0.6898,69.0%,17.4508,0.08%,0.222,0.778,Bearish,Mild Contraction,26.4,False,Downtrend,Below SMA20,23216.5,23155.1,14.4,47.0,N/A,6,Downside Breakdown,11.0,29.8,29.8
2001,14-01-2025 13:30,23167.2,23167.35,23156.95,23161.35,10.4,17.43,2.8137,14.2,23.5,0.5967,59.7%,16.3916,0.07%,0.563,0.437,Bearish,Moderate Contraction,38.4,False,Downtrend,Below SMA20,23199.3,23144.1,17.25,37.95,N/A,,,,16.3,37.6
2004,14-01-2025 13:45,23157.95,23160.0,23149.35,23152.65,10.65,16.345,3.8018,10.4,23.5,0.6516,65.2%,15.2319,0.07%,0.498,0.502,Bearish,Mild Contraction,29.4,False,Downtrend,Below SMA20,23182.25,23144.1,8.55,29.6,N/A,5,Upside Breakout,2.6,32.2,46.3
2016,14-01-2025 14:45,23174.5,23177.85,23168.05,23171.1,9.8,15.095,4.6583,10.6,26.8,0.6492,64.9%,14.2327,0.06%,0.347,0.653,Bearish,Mild Contraction,28.6,False,Uptrend,Above SMA20,23198.95,23147.85,23.25,27.85,N/A,7,Upside Breakout,5.3,19.2,102.45
2033,15-01-2025 09:55,23218.5,23224.15,23207.35,23217.2,16.8,35.5,10.0428,20.7,59.7,0.4732,47.3%,29.3903,0.13%,0.077,0.923,Bearish,Moderate Contraction,42.3,False,Uptrend,Above SMA20,23273.55,23165.3,51.9,56.35,N/A,10,Upside Breakout,20.1,28.5,76.45
2037,15-01-2025 10:15,23218.6,23226.6,23215.0,23223.9,11.6,30.325,8.2983,15.9,39.05,0.3825,38.3%,25.4162,0.11%,0.457,0.543,Bullish,Moderate Contraction,49.4,False,Uptrend,Above SMA20,23239.05,23165.3,58.6,15.15,N/A,1,Upside Breakout,6.65,44.8,69.75
2044,15-01-2025 10:50,23290.9,23292.2,23280.05,23286.55,12.15,20.47,5.6017,11.6,28.15,0.5936,59.4%,21.2938,0.09%,0.358,0.642,Bearish,Moderate Contraction,32.3,False,Uptrend,Above SMA20,23293.65,23192.1,94.45,7.1,N/A,,,,50.3,81.85
2047,15-01-2025 11:05,23242.35,23251.0,23236.25,23250.95,14.75,21.235,10.9067,11.6,49.75,0.6946,69.5%,23.3747,0.1%,0.583,0.417,Bullish,Mild Contraction,16.7,False,Uptrend,Above SMA20,23293.65,23215.0,35.95,42.7,N/A,5,Downside Breakdown,2.65,38.6,46.25
2050,15-01-2025 11:20,23257.0,23262.1,23247.5,23258.1,14.6,21.295,10.6574,12.15,49.75,0.6856,68.6%,20.8143,0.09%,0.075,0.925,Bullish,Mild Contraction,18.6,False,Uptrend,Above SMA20,23293.65,23224.75,33.35,35.55,N/A,2,Downside Breakdown,12.4,53.4,53.4
2054,15-01-2025 11:40,23221.45,23233.7,23219.85,23226.65,13.85,21.35,12.075,12.15,49.75,0.6487,64.9%,20.6931,0.09%,0.375,0.625,Bullish,Mild Contraction,22.3,False,Downtrend,Below SMA20,23292.2,23204.7,21.95,65.55,N/A,8,Downside Breakdown,2.3,21.6,28.65
2083,15-01-2025 14:05,23183.1,23195.05,23180.05,23194.3,15.0,23.355,4.4203,17.2,31.15,0.6423,64.2%,20.7683,0.09%,0.747,0.253,Bullish,Moderate Contraction,32.8,False,Uptrend,Below SMA20,23212.65,23146.45,47.85,18.35,N/A,7,Upside Breakout,2.1,35.05,35.05
2093,15-01-2025 14:55,23205.95,23217.95,23204.9,23209.15,13.05,21.13,6.8703,15.0,36.8,0.6176,61.8%,20.5455,0.09%,0.245,0.755,Bullish,Moderate Contraction,30.6,False,Uptrend,Above SMA20,23219.4,23159.25,49.9,10.25,N/A,1,Upside Breakout,8.3,18.55,182.5
2096,15-01-2025 15:10,23221.6,23222.5,23209.05,23214.55,13.45,21.235,7.2563,12.25,36.8,0.6334,63.3%,18.8065,0.08%,0.524,0.476,Bearish,Mild Contraction,26.5,False,Uptrend,Above SMA20,23227.7,23159.25,55.3,13.15,N/A,3,Upside Breakout,1.6,177.1,177.1
2105,16-01-2025 09:40,23335.0,23337.5,23319.8,23326.6,17.7,25.855,18.4533,12.25,75.9,0.6846,68.5%,30.0846,0.13%,0.475,0.525,Bearish,Mild Contraction,15.1,False,Uptrend,Above SMA20,23391.65,23190.85,135.75,65.05,N/A,,,,31.7,35.9
2110,16-01-2025 10:05,23301.25,23310.5,23299.75,23303.8,10.75,27.31,17.6066,17.7,75.9,0.3936,39.4%,24.2689,0.1%,0.237,0.763,Bullish,Moderate Contraction,42.2,False,Downtrend,Above SMA20,23391.65,23294.9,8.9,87.85,N/A,1,Downside Breakdown,4.2,16.5,31.75
2113,16-01-2025 10:20,23311.2,23319.2,23308.95,23316.5,10.25,19.3,4.037,10.75,26.5,0.5311,53.1%,21.257,0.09%,0.517,0.483,Bullish,Moderate Contraction,40.9,False,Downtrend,Above SMA20,23358.35,23290.7,25.8,41.85,N/A,6,Downside Breakdown,18.65,20.15,44.45
2116,16-01-2025 10:35,23308.45,23316.1,23305.45,23312.35,10.65,16.805,5.4318,9.35,26.5,0.6337,63.4%,17.9003,0.08%,0.366,0.634,Bullish,Mild Contraction,26.0,False,Downtrend,Above SMA20,23331.0,23290.7,21.65,18.65,N/A,3,Downside Breakdown,18.65,40.3,40.3
2120,16-01-2025 10:55,23288.9,23291.1,23281.15,23289.75,9.95,15.35,7.2453,9.25,32.6,0.6482,64.8%,17.6929,0.08%,0.085,0.915,Bullish,Mild Contraction,24.4,False,Downtrend,Below SMA20,23320.3,23272.05,17.7,30.55,N/A,,,,7.35,19.05
2123,16-01-2025 11:10,23288.8,23293.15,23285.55,23289.55,7.6,13.465,7.2448,9.25,32.6,0.5644,56.4%,14.7013,0.06%,0.099,0.901,Bullish,Moderate Contraction,31.8,False,Downtrend,Below SMA20,23319.2,23272.05,17.5,29.65,N/A,19,Upside Breakout,1.65,7.15,19.25
2126,16-01-2025 11:25,23285.3,23290.65,23282.8,23287.4,7.85,12.41,7.5471,7.6,32.6,0.6326,63.3%,12.4551,0.05%,0.268,0.732,Bullish,Mild Contraction,25.8,False,Downtrend,Below SMA20,23317.85,23272.05,15.35,30.45,N/A,16,Upside Breakout,3.0,21.4,21.4
2135,16-01-2025 12:10,23297.55,23301.2,23295.6,23298.9,5.6,9.21,2.6756,6.65,15.0,0.608,60.8%,9.577,0.04%,0.241,0.759,Bullish,Moderate Contraction,32.0,False,Uptrend,Above SMA20,23308.8,23282.4,16.5,9.9,N/A,4,Upside Breakout,5.1,15.0,29.9
2151,16-01-2025 13:30,23321.75,23325.4,23317.05,23324.4,8.35,12.06,2.8238,9.25,16.95,0.6924,69.2%,11.2921,0.05%,0.317,0.683,Bullish,Mild Contraction,27.0,False,Uptrend,Above SMA20,23328.8,23302.1,22.3,4.4,N/A,5,Upside Breakout,12.1,16.5,31.5
2159,16-01-2025 14:10,23334.35,23336.15,23328.9,23333.35,7.25,10.585,2.8296,8.35,18.1,0.6849,68.5%,10.5436,0.05%,0.138,0.862,Bearish,Mild Contraction,26.8,False,Uptrend,Above SMA20,23340.9,23312.1,21.25,7.55,N/A,1,Downside Breakdown,2.4,42.65,42.65
2162,16-01-2025 14:25,23298.95,23302.8,23294.35,23298.55,8.45,12.98,6.2734,7.25,23.7,0.651,65.1%,13.0561,0.06%,0.047,0.953,Bearish,Mild Contraction,22.2,False,Downtrend,Below SMA20,23340.9,23292.9,5.65,42.35,N/A,2,Downside Breakdown,2.2,9.1,29.15
2165,16-01-2025 14:40,23302.35,23305.35,23299.05,23303.55,6.3,12.985,6.3543,7.25,23.7,0.4852,48.5%,11.5962,0.05%,0.19,0.81,Bullish,Moderate Contraction,37.5,False,Downtrend,Below SMA20,23340.9,23290.7,12.85,37.35,N/A,9,Upside Breakout,12.35,14.9,136.5
2182,17-01-2025 09:50,23202.3,23222.85,23195.5,23215.95,27.35,42.925,30.1916,18.65,125.05,0.6372,63.7%,36.7744,0.16%,0.499,0.501,Bullish,Mild Contraction,19.0,False,Downtrend,Below SMA20,23353.25,23167.05,48.9,137.3,N/A,11,Downside Breakdown,20.2,20.75,53.3
2185,17-01-2025 10:05,23220.9,23230.1,23213.4,23222.0,16.7,42.76,29.8311,22.2,125.05,0.3906,39.1%,31.545,0.14%,0.066,0.934,Bullish,Moderate Contraction,42.1,False,Uptrend,Below SMA20,23292.1,23167.05,54.95,70.1,N/A,8,Downside Breakdown,20.2,47.25,119.8
2188,17-01-2025 10:20,23214.3,23232.45,23213.9,23226.15,18.55,28.18,9.2178,16.7,47.75,0.6583,65.8%,27.3517,0.12%,0.639,0.361,Bullish,Mild Contraction,24.4,False,Downtrend,Below SMA20,23249.2,23170.6,55.55,23.05,N/A,1,Upside Breakout,14.95,79.3,125.8
2196,17-01-2025 11:00,23108.2,23121.65,23100.35,23110.6,21.3,30.675,10.8368,18.55,51.7,0.6944,69.4%,30.6279,0.13%,0.113,0.887,Bullish,Mild Contraction,20.1,False,Downtrend,Below SMA20,23269.25,23102.2,8.4,158.65,N/A,,,,45.05,67.3
2199,17-01-2025 11:15,23132.65,23144.95,23132.05,23135.55,12.9,30.505,11.3591,12.35,51.7,0.4229,42.3%,25.4799,0.11%,0.225,0.775,Bullish,Moderate Contraction,43.0,False,Downtrend,Below SMA20,23269.25,23100.35,35.2,133.7,N/A,,,,42.35,82.65
2203,17-01-2025 11:35,23172.35,23172.75,23154.95,23156.1,17.8,25.79,11.9408,12.35,51.7,0.6902,69.0%,24.8867,0.11%,0.913,0.087,Bearish,Mild Contraction,15.8,False,Uptrend,Below SMA20,23198.55,23100.35,55.75,42.45,N/A,5,Upside Breakout,19.65,62.1,108.2
2214,17-01-2025 12:30,23211.65,23226.1,23209.4,23225.35,16.7,29.265,17.1217,6.5,56.35,0.5706,57.1%,29.0019,0.12%,0.82,0.18,Bullish,Mild Contraction,22.1,False,Uptrend,Above SMA20,23264.3,23135.65,89.7,38.95,N/A,,,,23.3,50.0
2219,17-01-2025 12:55,23230.8,23241.95,23224.75,23227.8,17.2,29.925,12.4706,16.7,56.35,0.5748,57.5%,27.1344,0.12%,0.174,0.826,Bearish,Moderate Contraction,31.5,False,Uptrend,Above SMA20,23264.3,23183.85,43.95,36.5,N/A,5,Downside Breakdown,8.5,52.45,66.95
2223,17-01-2025 13:15,23200.3,23206.9,23194.75,23197.5,12.15,25.545,9.6016,16.3,46.45,0.4756,47.6%,23.3879,0.1%,0.23,0.77,Bearish,Moderate Contraction,39.8,False,Downtrend,Below SMA20,23246.1,23197.1,0.4,48.6,N/A,1,Downside Breakdown,21.75,36.65,36.65
2227,17-01-2025 13:35,23183.35,23190.05,23176.4,23185.1,13.65,20.58,5.9598,12.15,30.55,0.6633,66.3%,21.0831,0.09%,0.128,0.872,Bullish,Mild Contraction,24.4,False,Downtrend,Below SMA20,23241.95,23168.65,16.45,56.85,N/A,1,Downside Breakdown,7.8,24.25,37.45
2235,17-01-2025 14:15,23198.65,23199.95,23188.25,23195.5,11.7,19.785,7.5544,8.95,36.45,0.5914,59.1%,19.7022,0.08%,0.269,0.731,Bearish,Mild Contraction,26.5,False,Uptrend,Below SMA20,23208.25,23160.85,34.65,12.75,N/A,2,Upside Breakout,14.3,41.85,49.55
2246,17-01-2025 15:10,23201.35,23204.4,23196.0,23196.65,8.4,21.425,7.1741,15.2,39.1,0.3921,39.2%,19.8418,0.09%,0.56,0.44,Bearish,Moderate Contraction,46.7,False,Downtrend,Below SMA20,23245.05,23187.3,9.35,48.4,N/A,4,Upside Breakout,63.3,111.7,111.7
2249,17-01-2025 15:25,23204.3,23207.5,23194.8,23203.1,12.7,19.16,8.8505,8.4,39.1,0.6628,66.3%,17.3506,0.07%,0.094,0.906,Bearish,Mild Contraction,17.8,False,Downtrend,Below SMA20,23245.05,23191.9,11.2,41.95,N/A,1,Upside Breakout,63.3,105.25,105.25
2256,20-01-2025 09:45,23212.05,23221.3,23203.15,23215.85,18.15,29.555,24.2263,8.4,89.0,0.6141,61.4%,29.3389,0.13%,0.209,0.791,Bullish,Mild Contraction,18.0,False,Uptrend,Above SMA20,23308.35,23170.65,45.2,92.5,N/A,18,Upside Breakout,24.05,25.45,51.05
2259,20-01-2025 10:00,23226.1,23230.65,23207.5,23223.2,23.15,33.55,21.7574,12.7,89.0,0.69,69.0%,28.2931,0.12%,0.125,0.875,Bearish,Mild Contraction,12.9,False,Uptrend,Above SMA20,23308.35,23170.65,52.55,85.15,N/A,15,Upside Breakout,24.05,31.95,49.6
2262,20-01-2025 10:15,23228.35,23247.7,23227.65,23243.0,20.05,29.04,7.9825,18.15,42.6,0.6904,69.0%,26.845,0.12%,0.731,0.269,Bullish,Mild Contraction,22.7,False,Uptrend,Above SMA20,23240.0,23170.65,72.35,-3.0,N/A,1,Upside Breakout,8.5,29.05,40.05
2266,20-01-2025 10:35,23261.5,23266.9,23257.35,23264.65,9.55,21.71,5.7998,12.65,30.8,0.4399,44.0%,21.1193,0.09%,0.33,0.67,Bullish,Moderate Contraction,45.3,False,Uptrend,Above SMA20,23263.5,23190.4,74.25,-1.15,N/A,1,Upside Breakout,8.55,17.95,72.9
2279,20-01-2025 11:40,23366.65,23374.45,23358.8,23372.1,15.65,24.25,14.9185,12.9,60.2,0.6454,64.5%,23.2323,0.1%,0.348,0.652,Bullish,Mild Contraction,21.2,False,Uptrend,Above SMA20,23368.5,23254.75,117.35,-3.6,N/A,1,Upside Breakout,8.0,38.5,45.65
2282,20-01-2025 11:55,23357.8,23362.15,23350.3,23352.75,11.85,24.94,14.579,12.9,60.2,0.4751,47.5%,20.4374,0.09%,0.426,0.574,Bearish,Moderate Contraction,37.3,False,Uptrend,Above SMA20,23376.5,23257.6,95.15,23.75,N/A,16,Upside Breakout,14.6,19.15,26.3
2286,20-01-2025 12:15,23343.7,23351.55,23339.8,23349.75,11.75,17.21,4.302,11.85,23.55,0.6827,68.3%,17.6485,0.08%,0.515,0.485,Bullish,Moderate Contraction,47.3,True,Uptrend,Above SMA20,23376.5,23314.05,35.7,26.75,N/A,12,Upside Breakout,14.6,23.3,23.45
2297,20-01-2025 13:10,23363.15,23372.2,23357.95,23359.7,14.25,21.51,6.4423,15.9,37.25,0.6625,66.2%,20.2391,0.09%,0.242,0.758,Bearish,Mild Contraction,27.8,False,Downtrend,Above SMA20,23371.8,23326.3,33.4,12.1,N/A,1,Upside Breakout,19.3,31.4,31.45
2300,20-01-2025 13:25,23350.3,23351.45,23340.2,23342.05,11.25,22.865,8.2032,14.25,37.25,0.492,49.2%,21.7041,0.09%,0.733,0.267,Bearish,Moderate Contraction,39.0,False,Downtrend,Below SMA20,23391.1,23326.3,15.75,49.05,N/A,,,,9.5,24.2
2303,20-01-2025 13:40,23337.95,23347.85,23337.95,23341.8,9.9,21.085,9.4903,11.25,37.25,0.4695,47.0%,18.4657,0.08%,0.389,0.611,Bullish,Moderate Contraction,39.1,False,Downtrend,Below SMA20,23391.1,23326.3,15.5,49.3,N/A,,,,13.55,24.45
2308,20-01-2025 14:05,23340.7,23351.45,23339.3,23340.4,12.15,17.53,8.736,7.6,33.15,0.6931,69.3%,16.5573,0.07%,0.025,0.975,Bearish,Mild Contraction,14.3,False,Downtrend,Below SMA20,23391.1,23328.25,12.15,50.7,N/A,5,Downside Breakdown,0.6,25.85,25.85
2314,20-01-2025 14:35,23345.55,23354.25,23343.25,23348.75,11.0,16.655,4.5186,7.6,22.5,0.6605,66.0%,16.715,0.07%,0.291,0.709,Bullish,Mild Contraction,21.0,False,Uptrend,Above SMA20,23366.25,23327.65,21.1,17.5,N/A,11,Upside Breakout,60.05,16.8,19.35
2317,20-01-2025 14:50,23355.9,23364.7,23354.9,23361.9,9.8,16.075,4.4406,10.25,22.5,0.6096,61.0%,14.759,0.06%,0.612,0.388,Bullish,Moderate Contraction,32.2,False,Uptrend,Above SMA20,23366.25,23327.65,34.25,4.35,N/A,8,Upside Breakout,60.05,26.6,64.4
2332,21-01-2025 09:50,23348.25,23360.35,23338.75,23344.45,21.6,31.19,17.3333,10.2,64.15,0.6925,69.3%,30.8017,0.13%,0.176,0.824,Bearish,Mild Contraction,12.3,False,Uptrend,Below SMA20,23426.3,23314.9,29.55,81.85,N/A,1,Downside Breakdown,33.3,128.8,216.75
2336,21-01-2025 10:10,23263.15,23274.35,23247.2,23266.4,27.15,39.81,17.0407,20.45,71.1,0.682,68.2%,35.0833,0.15%,0.12,0.88,Bullish,Mild Contraction,17.8,False,Downtrend,Below SMA20,23419.3,23255.15,11.25,152.9,N/A,1,Downside Breakdown,39.5,138.7,138.7
2342,21-01-2025 10:40,23194.1,23204.7,23182.85,23186.6,21.85,46.825,20.7311,21.6,90.0,0.4666,46.7%,41.4685,0.18%,0.343,0.657,Bearish,Moderate Contraction,39.2,False,Downtrend,Below SMA20,23360.35,23127.7,58.9,173.75,N/A,13,Upside Breakout,52.9,40.15,47.65
2346,21-01-2025 11:00,23168.6,23180.2,23155.4,23169.7,24.8,42.485,19.4184,21.85,90.0,0.5837,58.4%,36.8428,0.16%,0.044,0.956,Bullish,Mild Contraction,28.3,False,Downtrend,Below SMA20,23274.35,23127.7,42.0,104.65,N/A,9,Upside Breakout,138.9,30.75,251.55
2349,21-01-2025 11:15,23164.25,23180.4,23156.5,23171.95,23.9,35.29,9.3525,21.85,50.1,0.6772,67.7%,34.7739,0.15%,0.322,0.678,Bullish,Mild Contraction,24.3,False,Uptrend,Below SMA20,23217.7,23127.7,44.25,45.75,N/A,6,Upside Breakout,195.55,33.2,249.3
2353,21-01-2025 11:35,23163.3,23174.65,23156.05,23162.75,18.6,30.81,8.3107,14.95,41.6,0.6037,60.4%,31.3349,0.14%,0.03,0.97,Bearish,Mild Contraction,28.2,False,Downtrend,Below SMA20,23217.7,23138.95,23.8,54.95,N/A,2,Upside Breakout,195.55,258.5,258.5
2358,21-01-2025 12:00,23380.9,23392.65,23365.4,23367.85,27.25,54.69,59.0018,14.95,215.35,0.4983,49.8%,54.2509,0.23%,0.479,0.521,Bearish,Moderate Contraction,47.7,True,Uptrend,Above SMA20,23421.25,23138.95,228.9,53.4,N/A,4,Downside Breakdown,22.25,256.75,256.75
2363,21-01-2025 12:25,23126.35,23161.2,23111.1,23138.55,50.1,76.735,59.1006,18.6,215.35,0.6529,65.3%,64.864,0.28%,0.244,0.756,Bullish,Mild Contraction,14.1,False,Downtrend,Below SMA20,23421.25,23116.7,21.85,282.7,N/A,,,,43.0,156.25
2366,21-01-2025 12:40,23140.6,23171.1,23134.9,23151.4,36.2,60.005,32.9262,27.25,140.65,0.6033,60.3%,54.5846,0.24%,0.298,0.702,Bullish,Mild Contraction,23.7,False,Downtrend,Below SMA20,23421.25,23111.1,40.3,269.85,N/A,,,,143.4,145.15
2371,21-01-2025 13:05,23270.8,23274.15,23237.75,23246.9,36.4,58.44,37.7682,22.9,140.65,0.6229,62.3%,54.7881,0.24%,0.657,0.343,Bearish,Mild Contraction,19.7,False,Uptrend,Above SMA20,23294.8,23111.1,135.8,47.9,N/A,5,Upside Breakout,1.75,126.75,126.75
2377,21-01-2025 13:35,23239.55,23254.3,23215.65,23236.3,38.65,62.74,31.5442,22.9,109.25,0.616,61.6%,60.9327,0.26%,0.084,0.916,Bearish,Mild Contraction,20.7,False,Uptrend,Above SMA20,23296.55,23120.15,116.15,60.25,N/A,11,Downside Breakdown,23.95,62.1,104.8
2384,21-01-2025 14:10,23219.7,23226.6,23194.35,23196.85,32.25,51.135,22.4842,17.8,88.05,0.6307,63.1%,46.7872,0.2%,0.709,0.291,Bearish,Moderate Contraction,39.5,True,Downtrend,Below SMA20,23296.55,23120.15,76.7,99.7,N/A,4,Downside Breakdown,23.95,149.5,220.0
2394,21-01-2025 15:00,23019.65,23031.0,23009.85,23017.9,21.15,50.075,18.5917,32.25,86.25,0.4224,42.2%,45.459,0.2%,0.083,0.917,Bearish,Moderate Contraction,43.6,False,Downtrend,Below SMA20,23226.6,22976.85,41.05,208.7,N/A,,,,39.55,109.8
2397,21-01-2025 15:15,23022.7,23046.6,23022.7,23038.45,23.9,44.19,22.3641,19.8,86.25,0.5408,54.1%,38.1146,0.17%,0.659,0.341,Bullish,Moderate Contraction,30.3,False,Downtrend,Below SMA20,23182.45,22976.85,61.6,144.0,N/A,,,,89.25,89.25
2402,22-01-2025 09:25,23080.15,23091.55,23069.7,23082.6,21.85,31.37,12.5049,17.25,52.8,0.6965,69.7%,37.6935,0.16%,0.112,0.888,Bullish,Mild Contraction,17.5,False,Uptrend,Above SMA20,23127.7,22999.1,83.5,45.1,N/A,16,Upside Breakout,16.55,43.15,43.15
2409,22-01-2025 10:00,23102.05,23107.05,23084.35,23090.6,22.7,38.545,12.5797,21.85,58.0,0.5889,58.9%,36.901,0.16%,0.504,0.496,Bearish,Moderate Contraction,31.6,False,Uptrend,Above SMA20,23127.7,23033.25,57.35,37.1,N/A,9,Upside Breakout,16.55,26.9,53.65
2414,22-01-2025 10:25,23098.25,23117.5,23096.75,23105.25,20.75,32.595,12.0651,21.1,58.0,0.6366,63.7%,29.7886,0.13%,0.337,0.663,Bullish,Mild Contraction,28.5,False,Downtrend,Above SMA20,23125.75,23050.55,54.7,20.5,N/A,4,Upside Breakout,18.5,39.0,54.45
2420,22-01-2025 10:55,23093.4,23098.25,23084.55,23095.5,13.7,26.865,8.2279,13.05,40.3,0.51,51.0%,28.393,0.12%,0.153,0.847,Bullish,Moderate Contraction,37.9,False,Downtrend,Above SMA20,23144.25,23073.5,22.0,48.75,N/A,3,Downside Breakdown,12.2,44.7,65.55
2425,22-01-2025 11:20,23058.3,23069.95,23054.8,23064.1,15.15,24.27,10.3453,11.6,40.3,0.6242,62.4%,23.1498,0.1%,0.383,0.617,Bullish,Mild Contraction,23.1,False,Downtrend,Below SMA20,23144.25,23050.8,13.3,80.15,N/A,2,Downside Breakdown,16.25,34.15,52.25
2431,22-01-2025 11:50,23046.45,23055.85,23041.1,23055.2,14.75,21.4,9.3389,11.6,44.85,0.6893,68.9%,22.4095,0.1%,0.593,0.407,Bullish,Moderate Contraction,37.7,True,Downtrend,Below SMA20,23103.9,23029.95,25.25,48.7,N/A,2,Downside Breakdown,7.8,43.35,65.6
2436,22-01-2025 12:15,23037.65,23050.3,23033.55,23045.8,16.75,24.005,10.1521,13.5,44.85,0.6978,69.8%,22.9535,0.1%,0.487,0.513,Bullish,Mild Contraction,17.5,False,Downtrend,Below SMA20,23079.4,23011.85,33.95,33.6,N/A,2,Downside Breakdown,22.25,56.2,56.2
2442,22-01-2025 12:45,23027.0,23031.25,23014.15,23018.55,17.1,26.225,7.5672,13.95,35.15,0.652,65.2%,24.2635,0.11%,0.494,0.506,Bearish,Mild Contraction,23.6,False,Downtrend,Below SMA20,23065.4,22989.6,28.95,46.85,N/A,11,Downside Breakdown,8.3,26.65,26.65
2456,22-01-2025 13:55,23010.7,23017.15,23001.1,23016.5,16.05,26.935,9.198,17.6,43.3,0.5959,59.6%,25.2494,0.11%,0.361,0.639,Bullish,Strong Contraction,51.9,True,Uptrend,Above SMA20,23045.2,22981.3,35.2,28.7,N/A,3,Upside Breakout,39.65,99.35,119.7
2462,22-01-2025 14:25,23110.4,23126.3,23110.4,23118.9,15.9,34.575,10.7988,16.05,50.05,0.4599,46.0%,30.2579,0.13%,0.535,0.465,Bullish,Strong Contraction,62.4,True,Uptrend,Above SMA20,23115.85,22981.3,137.6,-3.05,N/A,1,Upside Breakout,2.95,31.4,50.65
2465,22-01-2025 14:40,23132.6,23133.8,23120.55,23125.25,13.25,33.155,12.3669,15.9,50.05,0.3996,40.0%,29.7734,0.13%,0.555,0.445,Bearish,Moderate Contraction,45.2,False,Uptrend,Above SMA20,23136.2,22993.3,131.95,10.95,N/A,3,Upside Breakout,24.75,40.15,44.3
2469,22-01-2025 15:00,23159.2,23165.4,23142.85,23156.0,22.55,33.2,12.7238,13.25,50.2,0.6792,67.9%,30.756,0.13%,0.142,0.858,Bearish,Mild Contraction,16.0,False,Uptrend,Above SMA20,23160.95,23036.75,119.25,4.95,N/A,2,Upside Breakout,8.6,17.85,65.35
2472,22-01-2025 15:15,23163.8,23165.15,23147.85,23154.9,17.3,27.52,11.9914,13.25,50.2,0.6286,62.9%,27.0177,0.12%,0.514,0.486,Bearish,Mild Contraction,22.7,False,Uptrend,Above SMA20,23169.55,23087.5,67.4,14.65,N/A,7,Upside Breakout,9.5,64.25,64.25
2478,23-01-2025 09:30,23105.55,23120.8,23103.0,23114.45,17.8,26.07,14.9347,12.3,55.8,0.6828,68.3%,26.8259,0.12%,0.5,0.5,Bullish,Moderate Contraction,35.8,True,Downtrend,Below SMA20,23169.55,23090.65,23.8,55.1,N/A,1,Upside Breakout,9.5,105.7,124.4
2485,23-01-2025 10:05,23215.0,23226.3,23207.1,23219.65,19.2,31.405,16.1791,17.8,65.5,0.6114,61.1%,27.365,0.12%,0.242,0.758,Bullish,Mild Contraction,26.8,False,Uptrend,Above SMA20,23220.15,23090.65,129.0,0.5,N/A,1,Upside Breakout,15.25,26.55,26.55
2488,23-01-2025 10:20,23225.75,23238.85,23224.55,23235.9,14.3,26.58,14.6379,13.7,65.5,0.538,53.8%,23.4866,0.1%,0.71,0.29,Bullish,Moderate Contraction,32.5,False,Uptrend,Above SMA20,23235.4,23103.0,132.9,-0.5,N/A,1,Upside Breakout,6.0,12.55,33.4
2492,23-01-2025 10:40,23227.55,23237.3,23225.45,23235.45,11.85,18.95,4.9836,12.5,28.1,0.6253,62.5%,19.7133,0.08%,0.667,0.333,Bullish,Moderate Contraction,31.4,False,Uptrend,Above SMA20,23246.2,23188.35,47.1,10.75,N/A,19,Upside Breakout,8.05,32.95,32.95
2495,23-01-2025 10:55,23207.15,23215.4,23203.85,23211.9,11.55,16.93,6.3618,9.65,31.4,0.6822,68.2%,18.9675,0.08%,0.411,0.589,Bullish,Mild Contraction,20.0,False,Downtrend,Above SMA20,23246.2,23202.5,9.4,34.3,N/A,10,Downside Breakdown,1.0,20.65,26.7
2498,23-01-2025 11:10,23229.35,23231.8,23222.35,23223.75,9.45,16.91,7.12,9.65,31.4,0.5588,55.9%,18.3245,0.08%,0.593,0.407,Bearish,Moderate Contraction,33.3,False,Downtrend,Above SMA20,23246.2,23202.5,21.25,22.45,N/A,7,Downside Breakdown,1.0,14.85,22.7
2501,23-01-2025 11:25,23218.55,23225.9,23215.2,23225.2,10.7,16.025,7.6458,9.45,31.4,0.6677,66.8%,15.9233,0.07%,0.621,0.379,Bullish,Mild Contraction,21.5,False,Downtrend,Above SMA20,23243.0,23202.5,22.7,17.8,N/A,4,Downside Breakdown,1.0,24.15,29.05
2515,23-01-2025 12:35,23263.95,23267.25,23258.05,23258.05,9.2,17.835,7.5923,9.95,34.15,0.5158,51.6%,16.293,0.07%,0.641,0.359,Bearish,Moderate Contraction,36.2,False,Uptrend,Above SMA20,23270.8,23201.05,57.0,12.75,N/A,,,,25.95,25.95
2521,23-01-2025 13:05,23246.95,23251.1,23242.05,23244.95,9.05,16.79,7.054,9.2,34.15,0.539,53.9%,14.6119,0.06%,0.221,0.779,Bearish,Strong Contraction,54.7,True,Downtrend,Above SMA20,23270.8,23220.1,24.85,25.85,N/A,16,Downside Breakdown,4.7,15.05,15.05
2545,23-01-2025 15:05,23217.65,23220.0,23210.65,23217.55,9.35,16.535,3.9868,11.25,22.55,0.5655,56.5%,15.5261,0.07%,0.011,0.989,Bearish,Moderate Contraction,36.7,False,Downtrend,Below SMA20,23246.7,23201.0,16.55,29.15,N/A,1,Downside Breakdown,0.9,63.45,74.5
2559,24-01-2025 10:00,23144.25,23154.0,23127.55,23135.15,26.45,42.09,25.9899,15.4,103.2,0.6284,62.8%,33.7392,0.15%,0.344,0.656,Bearish,Mild Contraction,18.8,False,Downtrend,Below SMA20,23292.05,23144.25,-9.1,156.9,N/A,1,Downside Breakdown,11.1,75.65,91.95
2562,24-01-2025 10:15,23155.25,23157.2,23131.85,23135.9,25.35,36.995,12.3045,26.45,65.15,0.6852,68.5%,31.695,0.14%,0.763,0.237,Bearish,Mild Contraction,25.6,False,Downtrend,Below SMA20,23285.35,23127.55,8.35,149.45,N/A,1,Downside Breakdown,24.65,91.2,113.65
2565,24-01-2025 10:30,23182.0,23193.25,23170.0,23173.0,23.25,38.985,14.5587,25.35,65.15,0.5964,59.6%,35.7894,0.15%,0.387,0.613,Bearish,Moderate Contraction,31.3,False,Downtrend,Below SMA20,23247.9,23102.9,70.1,74.9,N/A,7,Upside Breakout,1.65,54.1,116.2
2568,24-01-2025 10:45,23213.3,23219.6,23207.7,23215.35,11.9,35.38,14.6113,18.7,58.2,0.3363,33.6%,32.5382,0.14%,0.172,0.828,Bullish,Moderate Contraction,48.8,False,Uptrend,Above SMA20,23227.1,23102.9,112.45,11.75,N/A,3,Upside Breakout,19.65,73.85,73.85
2572,24-01-2025 11:05,23242.8,23249.55,23233.65,23243.85,15.9,32.0,17.0604,11.9,58.2,0.4969,49.7%,28.11,0.12%,0.066,0.934,Bullish,Moderate Contraction,32.3,False,Uptrend,Above SMA20,23246.75,23102.9,140.95,2.9,N/A,1,Upside Breakout,42.45,45.35,103.45
2576,24-01-2025 11:25,23272.0,23279.15,23261.4,23278.55,17.75,27.35,14.1695,11.9,54.85,0.649,64.9%,27.7239,0.12%,0.369,0.631,Bullish,Moderate Contraction,38.7,True,Uptrend,Above SMA20,23289.2,23172.25,106.3,10.65,N/A,3,Upside Breakout,34.1,63.95,68.75
2580,24-01-2025 11:45,23321.95,23336.95,23320.5,23333.85,16.45,26.635,14.286,12.5,53.55,0.6176,61.8%,26.5761,0.11%,0.723,0.277,Bullish,Mild Contraction,22.7,False,Uptrend,Above SMA20,23323.3,23199.5,134.35,-10.55,N/A,1,Upside Breakout,19.2,44.15,102.95
2587,24-01-2025 12:20,23313.35,23316.25,23306.55,23314.15,9.7,21.96,11.9491,12.5,53.55,0.4417,44.2%,21.2389,0.09%,0.082,0.918,Bullish,Moderate Contraction,39.9,False,Uptrend,Above SMA20,23347.3,23269.35,44.8,33.15,N/A,3,Downside Breakdown,38.45,118.35,149.3
2596,24-01-2025 13:05,23183.35,23183.7,23164.85,23179.55,18.85,27.32,9.1592,9.7,43.2,0.69,69.0%,26.4993,0.11%,0.202,0.798,Bearish,Mild Contraction,14.8,False,Downtrend,Below SMA20,23319.4,23180.8,-1.25,139.85,N/A,1,Downside Breakdown,5.4,48.55,48.55
2599,24-01-2025 13:20,23182.45,23189.2,23170.8,23175.5,18.4,32.245,10.5548,18.85,52.7,0.5706,57.1%,29.6959,0.13%,0.378,0.622,Bearish,Moderate Contraction,34.0,False,Downtrend,Below SMA20,23296.9,23164.85,10.65,121.4,N/A,2,Downside Breakdown,10.35,33.8,38.25
2604,24-01-2025 13:45,23157.05,23163.8,23147.0,23163.25,16.8,30.195,12.0654,18.4,52.7,0.5564,55.6%,27.1864,0.12%,0.369,0.631,Bullish,Strong Contraction,53.8,True,Downtrend,Below SMA20,23236.5,23141.7,21.55,73.25,N/A,5,Downside Breakdown,1.35,50.5,58.75
2612,24-01-2025 14:25,23130.4,23144.35,23125.35,23138.85,19.0,27.625,9.6106,16.8,47.0,0.6878,68.8%,27.5076,0.12%,0.445,0.555,Bullish,Mild Contraction,21.1,False,Downtrend,Below SMA20,23213.75,23120.8,18.05,74.9,N/A,2,Downside Breakdown,16.3,88.85,88.85
2622,24-01-2025 15:15,23077.75,23098.6,23077.75,23098.6,20.85,33.42,8.8868,19.0,48.75,0.6239,62.4%,30.588,0.13%,1.0,0.0,Bullish,Mild Contraction,28.9,False,Downtrend,Below SMA20,23168.6,23050.0,48.6,70.0,N/A,3,Downside Breakdown,138.7,187.75,187.75
2633,27-01-2025 09:55,22969.25,22980.05,22963.2,22967.25,16.85,34.35,12.4318,14.75,53.0,0.4905,49.1%,37.8329,0.16%,0.119,0.881,Bearish,Moderate Contraction,36.9,False,Downtrend,Below SMA20,23105.1,22910.85,56.4,137.85,N/A,4,Downside Breakdown,10.35,77.45,140.4
2636,27-01-2025 10:10,22973.95,22982.3,22962.7,22970.7,19.6,35.17,10.0267,16.85,53.0,0.5573,55.7%,33.9592,0.15%,0.166,0.834,Bearish,Moderate Contraction,32.9,False,Uptrend,Below SMA20,23007.45,22910.85,59.85,36.75,N/A,1,Downside Breakdown,10.35,143.85,143.85
2640,27-01-2025 10:30,22854.5,22861.1,22841.7,22852.35,19.4,35.275,16.732,16.85,70.75,0.55,55.0%,36.0701,0.16%,0.111,0.889,Bearish,Moderate Contraction,30.5,False,Downtrend,Below SMA20,23007.45,22853.9,-1.55,155.1,N/A,1,Downside Breakdown,27.05,34.3,51.15
2646,27-01-2025 11:00,22847.25,22855.0,22840.95,22843.65,14.05,34.205,16.4205,19.4,70.75,0.4108,41.1%,31.1011,0.14%,0.256,0.744,Bearish,Moderate Contraction,42.7,False,Downtrend,Below SMA20,22982.3,22826.85,16.8,138.65,N/A,,,,59.85,65.85
2654,27-01-2025 11:40,22867.5,22870.4,22856.25,22866.9,14.15,25.0,6.5009,14.05,33.1,0.566,56.6%,25.7597,0.11%,0.042,0.958,Bearish,Moderate Contraction,35.8,False,Uptrend,Below SMA20,22909.5,22838.3,28.6,42.6,N/A,3,Upside Breakout,3.4,74.75,76.8
2661,27-01-2025 12:15,22882.0,22898.45,22882.0,22894.15,16.45,27.055,12.2005,12.65,54.25,0.608,60.8%,27.8792,0.12%,0.739,0.261,Bullish,Mild Contraction,24.3,False,Downtrend,Above SMA20,22941.65,22856.25,37.9,47.5,N/A,2,Upside Breakout,2.05,49.55,53.6
2684,27-01-2025 14:10,22831.75,22839.45,22822.4,22834.9,17.05,28.385,6.8634,19.6,38.95,0.6007,60.1%,26.209,0.11%,0.185,0.815,Bullish,Moderate Contraction,33.9,False,Downtrend,Below SMA20,22880.0,22825.3,9.6,45.1,N/A,4,Downside Breakdown,20.1,35.2,48.0
2693,27-01-2025 14:55,22826.5,22833.35,22820.35,22825.55,13.0,24.575,6.2879,17.05,36.6,0.529,52.9%,24.6797,0.11%,0.073,0.927,Bearish,Moderate Contraction,39.0,False,Downtrend,Below SMA20,22857.9,22786.9,38.65,32.35,N/A,7,Upside Breakout,115.55,17.75,147.9
2696,27-01-2025 15:10,22842.0,22843.3,22830.35,22835.7,12.95,23.365,7.4328,13.0,36.6,0.5542,55.4%,22.4757,0.1%,0.486,0.514,Bearish,Moderate Contraction,35.3,False,Downtrend,Above SMA20,22857.9,22786.9,48.8,22.2,N/A,4,Upside Breakout,115.55,137.75,137.75
2711,28-01-2025 10:10,22880.75,22891.75,22872.2,22881.25,19.55,35.3,8.0797,21.7,47.95,0.5538,55.4%,35.3075,0.15%,0.026,0.974,Bullish,Moderate Contraction,38.1,False,Downtrend,Above SMA20,22931.9,22859.7,21.55,50.65,N/A,1,Downside Breakdown,2.05,28.45,105.85
2715,28-01-2025 10:30,22906.5,22906.6,22883.25,22890.4,23.35,34.095,9.0344,19.55,47.95,0.6849,68.5%,31.9725,0.14%,0.69,0.31,Bearish,Mild Contraction,21.6,False,Uptrend,Above SMA20,22930.35,22857.65,32.75,39.95,N/A,6,Upside Breakout,56.75,28.45,96.7
2718,28-01-2025 10:45,22882.35,22889.55,22877.8,22882.9,11.75,30.72,8.7372,19.55,47.95,0.3825,38.2%,28.8726,0.13%,0.047,0.953,Bullish,Moderate Contraction,49.0,False,Downtrend,Below SMA20,22930.35,22857.65,25.25,47.45,N/A,3,Upside Breakout,56.75,104.2,114.65
2723,28-01-2025 11:10,22946.8,22962.2,22940.0,22959.6,22.2,32.55,22.9962,11.75,94.15,0.682,68.2%,34.3282,0.15%,0.577,0.423,Bullish,Mild Contraction,13.2,False,Uptrend,Above SMA20,22987.1,22868.3,91.3,27.5,N/A,4,Upside Breakout,4.8,37.95,73.9
2726,28-01-2025 11:25,22962.75,22978.35,22957.6,22971.2,20.75,30.855,23.6004,11.75,94.15,0.6725,67.3%,29.4707,0.13%,0.407,0.593,Bullish,Mild Contraction,14.3,False,Uptrend,Above SMA20,22987.1,22873.45,97.75,15.9,N/A,1,Upside Breakout,4.8,62.3,74.45
2731,28-01-2025 11:50,23013.75,23027.9,23006.5,23013.45,21.4,34.68,22.1757,18.6,94.15,0.6171,61.7%,29.746,0.13%,0.014,0.986,Bearish,Moderate Contraction,44.3,True,Uptrend,Above SMA20,23033.5,22892.95,120.5,20.05,N/A,3,Upside Breakout,7.4,32.2,35.8
2735,28-01-2025 12:10,23020.95,23036.7,23020.15,23032.65,16.55,27.73,9.3451,18.6,43.8,0.5968,59.7%,27.4376,0.12%,0.707,0.293,Bullish,Moderate Contraction,31.9,False,Uptrend,Above SMA20,23040.9,22949.1,83.55,8.25,N/A,1,Upside Breakout,4.75,33.55,33.55
2739,28-01-2025 12:30,23007.55,23013.65,22999.1,23008.25,14.55,26.795,11.3702,14.55,45.8,0.543,54.3%,25.7651,0.11%,0.048,0.952,Bullish,Moderate Contraction,34.4,False,Uptrend,Above SMA20,23049.25,22986.4,21.85,41.0,N/A,4,Upside Breakout,1.15,46.45,65.55
2744,28-01-2025 12:55,23046.75,23054.7,23041.7,23045.0,13.0,22.6,10.2374,14.55,45.8,0.5752,57.5%,23.4581,0.1%,0.135,0.865,Bearish,Moderate Contraction,31.8,False,Uptrend,Above SMA20,23050.4,22999.1,45.9,5.4,N/A,1,Upside Breakout,4.7,28.8,28.8
2748,28-01-2025 13:15,23067.35,23073.8,23060.6,23069.05,13.2,19.42,6.4786,13.0,34.1,0.6797,68.0%,20.4236,0.09%,0.129,0.871,Bullish,Mild Contraction,25.3,False,Uptrend,Above SMA20,23068.9,22999.1,69.95,-0.15,N/A,1,Upside Breakout,2.95,47.3,47.3
2752,28-01-2025 13:35,23045.7,23045.7,23030.2,23043.4,15.5,23.11,9.6783,13.0,41.0,0.6707,67.1%,22.7276,0.1%,0.148,0.852,Bearish,Mild Contraction,20.7,False,Uptrend,Above SMA20,23073.8,23009.0,34.4,30.4,N/A,5,Upside Breakout,2.25,32.65,82.55
2759,28-01-2025 14:10,23054.1,23056.25,23043.2,23051.75,13.05,22.345,8.5755,12.9,41.0,0.584,58.4%,19.8552,0.09%,0.18,0.82,Bearish,Moderate Contraction,31.7,False,Uptrend,Above SMA20,23076.05,23021.75,30.0,24.3,N/A,3,Upside Breakout,49.9,86.2,126.05
2772,28-01-2025 15:15,22968.35,22972.6,22951.5,22970.55,21.1,51.11,28.9078,18.05,112.3,0.4128,41.3%,40.9162,0.18%,0.104,0.896,Bullish,Moderate Contraction,39.8,False,Downtrend,Below SMA20,23137.95,22909.25,61.3,167.4,N/A,,,,79.5,99.3
2775,29-01-2025 09:15,23026.75,23046.2,23019.55,23031.4,26.65,44.525,31.4436,11.35,112.3,0.5985,59.9%,38.8943,0.17%,0.174,0.826,Bullish,Mild Contraction,19.4,False,Downtrend,Below SMA20,23136.1,22909.25,122.15,104.7,N/A,,,,54.9,54.9
2779,29-01-2025 09:35,23031.05,23046.2,23021.3,23036.4,24.9,37.01,17.8931,11.35,65.05,0.6728,67.3%,39.9746,0.17%,0.215,0.785,Bullish,Mild Contraction,14.4,False,Uptrend,Above SMA20,23050.05,22909.25,127.15,13.65,N/A,1,Upside Breakout,19.8,33.45,69.65
2784,29-01-2025 10:00,23056.45,23066.15,23047.3,23058.35,18.85,32.785,12.5088,15.6,55.7,0.575,57.5%,32.835,0.14%,0.101,0.899,Bullish,Mild Contraction,28.9,False,Uptrend,Above SMA20,23069.85,22968.9,89.45,11.5,N/A,1,Upside Breakout,10.95,47.7,48.1
2787,29-01-2025 10:15,23067.55,23072.4,23053.8,23055.4,18.6,31.81,11.832,18.85,55.7,0.5847,58.5%,29.839,0.13%,0.653,0.347,Bearish,Moderate Contraction,32.2,False,Uptrend,Above SMA20,23097.3,22976.5,78.9,41.9,N/A,1,Upside Breakout,3.7,51.05,70.45
2790,29-01-2025 10:30,23094.55,23099.7,23081.65,23096.35,18.05,28.21,8.6346,18.6,44.9,0.6398,64.0%,29.5522,0.13%,0.1,0.9,Bullish,Mild Contraction,29.3,False,Uptrend,Above SMA20,23106.05,23023.7,72.65,9.7,N/A,1,Upside Breakout,0.4,29.5,112.2
2793,29-01-2025 10:45,23073.7,23084.7,23068.25,23080.6,16.45,26.35,8.5873,18.05,44.9,0.6243,62.4%,27.1888,0.12%,0.419,0.581,Bullish,Moderate Contraction,30.1,False,Uptrend,Above SMA20,23106.45,23030.4,50.2,25.85,N/A,2,Upside Breakout,19.4,45.25,96.45
2797,29-01-2025 11:05,23109.0,23113.8,23101.5,23108.45,12.3,25.13,11.0841,12.75,44.9,0.4895,48.9%,24.261,0.1%,0.045,0.955,Bearish,Moderate Contraction,37.8,False,Uptrend,Above SMA20,23125.85,23053.8,54.65,17.4,N/A,3,Downside Breakdown,69.65,124.3,124.3
2803,29-01-2025 11:35,23092.5,23094.35,23077.7,23085.6,16.65,40.89,32.9871,12.3,106.7,0.4072,40.7%,41.1055,0.18%,0.414,0.586,Bearish,Strong Contraction,57.4,True,Uptrend,Above SMA20,23126.6,22984.15,101.45,41.0,N/A,2,Upside Breakout,1.55,42.55,82.9
2806,29-01-2025 11:50,23125.05,23125.45,23104.75,23108.4,20.7,41.01,32.5598,12.3,106.7,0.5048,50.5%,35.4758,0.15%,0.804,0.196,Bearish,Mild Contraction,28.4,False,Downtrend,Above SMA20,23128.15,22984.15,124.25,19.75,N/A,4,Upside Breakout,0.65,60.1,60.1
2809,29-01-2025 12:05,23108.8,23114.9,23098.05,23114.75,16.85,38.525,33.6565,11.3,106.7,0.4374,43.7%,28.0491,0.12%,0.353,0.647,Bullish,Moderate Contraction,34.1,False,Uptrend,Above SMA20,23128.15,22984.15,130.6,13.4,N/A,1,Upside Breakout,0.65,53.75,53.75
2814,29-01-2025 12:30,23135.55,23141.65,23127.55,23131.5,14.1,22.18,12.7334,11.3,52.5,0.6357,63.6%,25.4016,0.11%,0.287,0.713,Bearish,Moderate Contraction,41.7,True,Uptrend,Above SMA20,23168.5,23077.75,53.75,37.0,N/A,17,Upside Breakout,1.3,18.85,44.95
2842,29-01-2025 14:50,23133.25,23147.65,23131.45,23143.05,16.2,23.87,6.2508,16.5,35.75,0.6787,67.9%,22.5038,0.1%,0.605,0.395,Bullish,Mild Contraction,27.4,False,Downtrend,Below SMA20,23181.35,23115.1,27.95,38.3,N/A,7,Upside Breakout,2.0,24.05,52.55
2846,29-01-2025 15:10,23160.2,23164.05,23152.1,23159.35,11.95,20.585,3.5279,16.2,25.75,0.5805,58.1%,19.6853,0.08%,0.071,0.929,Bearish,Moderate Contraction,39.1,False,Uptrend,Above SMA20,23163.35,23115.1,44.25,4.0,N/A,1,Upside Breakout,3.75,27.35,69.25
2858,30-01-2025 09:55,23222.0,23233.95,23217.25,23230.5,16.7,30.495,10.0497,17.75,47.2,0.5476,54.8%,26.4519,0.11%,0.509,0.491,Bullish,Moderate Contraction,35.6,False,Uptrend,Above SMA20,23230.15,23139.2,91.3,-0.35,N/A,1,Upside Breakout,15.6,75.6,80.65
2862,30-01-2025 10:15,23271.6,23283.1,23268.7,23271.55,14.4,29.295,8.796,16.7,44.75,0.4916,49.2%,25.9278,0.11%,0.003,0.997,Bearish,Moderate Contraction,40.4,False,Uptrend,Above SMA20,23300.9,23166.25,105.3,29.35,N/A,1,Upside Breakout,5.2,39.6,47.55
2866,30-01-2025 10:35,23289.9,23295.35,23284.55,23285.65,10.8,25.84,7.8294,14.4,38.1,0.418,41.8%,24.2797,0.1%,0.394,0.606,Bearish,Strong Contraction,65.7,True,Uptrend,Above SMA20,23311.15,23200.65,85.0,25.5,N/A,,,,61.65,61.65
2875,30-01-2025 11:20,23269.1,23282.45,23264.8,23271.0,17.65,27.385,10.0042,10.8,43.75,0.6445,64.5%,27.3703,0.12%,0.108,0.892,Bullish,Mild Contraction,19.8,False,Downtrend,Above SMA20,23311.15,23224.0,47.0,40.15,N/A,,,,42.95,42.95
2881,30-01-2025 11:50,23284.2,23287.65,23273.75,23275.15,13.9,27.645,10.4883,12.55,43.75,0.5028,50.3%,25.3791,0.11%,0.651,0.349,Bearish,Moderate Contraction,36.0,False,Uptrend,Above SMA20,23301.0,23224.0,51.15,25.85,N/A,19,Downside Breakdown,4.4,45.45,45.45
2884,30-01-2025 12:05,23267.6,23273.5,23261.4,23272.1,12.1,21.215,10.9551,9.65,43.45,0.5704,57.0%,20.3058,0.09%,0.372,0.628,Bullish,Mild Contraction,27.3,False,Uptrend,Above SMA20,23301.0,23228.05,44.05,28.9,N/A,16,Downside Breakdown,8.45,42.4,42.4
2889,30-01-2025 12:30,23273.9,23284.1,23272.3,23278.55,11.8,22.205,12.0046,9.65,43.45,0.5314,53.1%,21.7504,0.09%,0.394,0.606,Bullish,Strong Contraction,50.5,True,Uptrend,Above SMA20,23288.55,23229.7,48.85,10.0,N/A,1,Upside Breakout,1.35,28.95,29.6
2893,30-01-2025 12:50,23261.55,23263.9,23249.6,23256.0,14.3,20.49,9.7158,9.65,39.8,0.6979,69.8%,20.3151,0.09%,0.388,0.612,Bearish,Mild Contraction,14.7,False,Downtrend,Below SMA20,23289.9,23229.7,26.3,33.9,N/A,7,Downside Breakdown,10.1,23.75,39.1
2897,30-01-2025 13:10,23263.2,23271.5,23261.45,23261.95,10.05,18.505,5.2354,11.8,28.2,0.5431,54.3%,18.5534,0.08%,0.124,0.876,Bearish,Moderate Contraction,37.0,False,Downtrend,Below SMA20,23289.9,23249.6,12.35,27.95,N/A,1,Downside Breakdown,0.2,45.05,88.2
2901,30-01-2025 13:30,23223.9,23230.3,23218.25,23218.7,12.05,19.055,7.1718,10.05,32.55,0.6324,63.2%,19.0259,0.08%,0.432,0.568,Bearish,Mild Contraction,24.3,False,Downtrend,Below SMA20,23283.75,23219.6,-0.9,65.05,N/A,1,Downside Breakdown,2.7,44.95,76.8
2911,30-01-2025 14:20,23178.05,23189.25,23172.65,23178.85,16.6,24.32,11.7316,12.05,53.9,0.6826,68.3%,23.9558,0.1%,0.048,0.952,Bullish,Mild Contraction,16.9,False,Downtrend,Below SMA20,23239.4,23141.9,36.95,60.55,N/A,3,Downside Breakdown,1.95,38.9,76.2
2921,30-01-2025 15:10,23251.95,23255.05,23241.55,23249.55,13.5,29.375,11.6664,16.6,56.4,0.4596,46.0%,28.6604,0.12%,0.178,0.822,Bearish,Moderate Contraction,40.5,False,Uptrend,Above SMA20,23254.4,23139.95,109.6,4.85,N/A,1,Upside Breakout,15.5,72.5,129.0
2927,31-01-2025 09:25,23316.6,23332.45,23312.35,23326.05,20.1,32.45,12.6882,13.5,56.4,0.6194,61.9%,28.7179,0.12%,0.47,0.53,Bullish,Moderate Contraction,42.5,True,Uptrend,Above SMA20,23322.05,23148.8,177.25,-4.0,N/A,1,Upside Breakout,7.95,58.5,77.7
2934,31-01-2025 10:00,23390.1,23403.75,23388.5,23393.05,15.25,34.12,11.1925,15.55,49.45,0.447,44.7%,31.0159,0.13%,0.193,0.807,Bullish,Moderate Contraction,42.9,False,Uptrend,Above SMA20,23395.45,23276.7,116.35,2.4,N/A,5,Upside Breakout,1.75,78.25,78.25
2939,31-01-2025 10:25,23389.8,23397.2,23386.1,23390.2,11.1,36.28,12.0617,15.25,57.9,0.306,30.6%,30.6522,0.13%,0.036,0.964,Bullish,Strong Contraction,53.0,False,Uptrend,Above SMA20,23403.75,23295.65,94.55,13.55,N/A,1,Upside Breakout,9.8,34.05,54.35
2943,31-01-2025 10:45,23413.4,23423.4,23409.65,23418.7,13.75,29.405,13.7885,11.1,57.9,0.4676,46.8%,26.1672,0.11%,0.385,0.615,Bullish,Strong Contraction,56.1,True,Uptrend,Above SMA20,23415.6,23314.8,103.9,-3.1,N/A,1,Upside Breakout,8.65,25.85,30.25
2948,31-01-2025 11:10,23420.15,23430.3,23419.15,23422.8,11.15,20.445,7.0332,11.1,34.35,0.5454,54.5%,21.546,0.09%,0.238,0.762,Bullish,Moderate Contraction,35.3,False,Uptrend,Above SMA20,23444.55,23357.85,64.95,21.75,N/A,2,Upside Breakout,4.15,34.35,34.35
2954,31-01-2025 11:40,23399.75,23403.35,23393.45,23399.9,9.9,21.97,8.9369,11.15,38.1,0.4506,45.1%,22.0765,0.09%,0.015,0.985,Bullish,Moderate Contraction,41.0,False,Downtrend,Below SMA20,23448.7,23388.45,11.45,48.8,N/A,6,Upside Breakout,0.45,39.85,62.7
2957,31-01-2025 11:55,23423.6,23432.6,23422.1,23431.55,10.5,21.405,9.7608,9.9,38.1,0.4905,49.1%,19.3124,0.08%,0.757,0.243,Bullish,Moderate Contraction,36.5,False,Uptrend,Above SMA20,23448.7,23388.45,43.1,17.15,N/A,3,Upside Breakout,0.45,17.6,46.85
2998,31-01-2025 15:20,23516.05,23522.55,23515.1,23521.25,7.45,19.655,3.1919,14.9,26.35,0.379,37.9%,18.2243,0.08%,0.698,0.302,Bullish,Strong Contraction,57.5,False,Uptrend,Above SMA20,23518.05,23432.1,89.15,-3.2,N/A,1,Upside Breakout,28.75,74.2,74.2
3002,01-02-2025 09:25,23494.15,23507.75,23490.6,23506.7,17.15,27.59,27.1283,7.45,103.05,0.6216,62.2%,28.1428,0.12%,0.732,0.268,Bullish,Mild Contraction,16.8,False,Uptrend,Above SMA20,23595.45,23478.65,28.05,88.75,N/A,15,Upside Breakout,0.35,82.8,82.8
3006,01-02-2025 09:45,23558.8,23578.55,23554.1,23573.85,24.45,34.96,31.7027,7.45,103.05,0.6994,69.9%,32.0157,0.14%,0.616,0.384,Bullish,Mild Contraction,29.3,True,Uptrend,Above SMA20,23595.45,23479.05,94.8,21.6,N/A,11,Upside Breakout,0.35,41.3,41.3
3009,01-02-2025 10:00,23558.05,23565.85,23550.5,23559.55,15.35,40.325,29.8668,17.15,103.05,0.3807,38.1%,30.6923,0.13%,0.098,0.902,Bullish,Moderate Contraction,42.4,False,Uptrend,Above SMA20,23595.45,23479.05,80.5,35.9,N/A,8,Upside Breakout,0.35,28.5,36.25
3013,01-02-2025 10:20,23572.3,23573.9,23555.7,23570.9,18.2,32.02,21.2688,14.45,83.3,0.5684,56.8%,27.0644,0.11%,0.077,0.923,Bearish,Mild Contraction,26.5,False,Uptrend,Above SMA20,23589.5,23506.2,64.7,18.6,N/A,4,Upside Breakout,6.3,24.9,40.1
3016,01-02-2025 10:35,23564.2,23567.15,23560.85,23562.3,6.3,22.57,12.9283,10.8,52.2,0.2791,27.9%,20.9478,0.09%,0.302,0.698,Bearish,Extreme Squeeze,70.3,True,Downtrend,Above SMA20,23588.05,23532.55,29.75,25.75,N/A,1,Upside Breakout,7.75,39.85,41.95
3019,01-02-2025 10:50,23581.1,23587.0,23578.3,23586.65,8.7,18.365,10.3846,6.3,37.4,0.4737,47.4%,19.5741,0.08%,0.638,0.362,Bullish,Moderate Contraction,33.6,False,Uptrend,Above SMA20,23595.8,23549.1,37.55,9.15,N/A,1,Upside Breakout,6.35,55.85,55.85
3025,01-02-2025 11:20,23593.55,23604.25,23587.9,23599.9,16.35,25.005,17.3563,6.3,63.5,0.6539,65.4%,26.0763,0.11%,0.388,0.612,Bullish,Mild Contraction,14.4,False,Uptrend,Above SMA20,23602.15,23530.8,69.1,2.25,N/A,1,Upside Breakout,1.65,68.85,236.2
3039,01-02-2025 12:30,23451.05,23471.65,23410.8,23414.9,60.85,102.605,44.6832,41.9,195.85,0.5931,59.3%,81.8797,0.35%,0.594,0.406,Bearish,Mild Contraction,24.5,False,Downtrend,Below SMA20,23629.3,23363.7,51.2,214.4,N/A,1,Downside Breakdown,17.65,68.85,96.6
3042,01-02-2025 12:45,23418.75,23430.1,23394.45,23399.15,35.65,87.475,32.4001,38.4,163.9,0.4075,40.8%,71.0239,0.3%,0.55,0.45,Bearish,Moderate Contraction,44.7,False,Downtrend,Below SMA20,23567.35,23346.05,53.1,168.2,N/A,5,Downside Breakdown,27.75,80.85,80.85
3048,01-02-2025 13:15,23374.65,23376.6,23341.6,23354.75,35.0,53.21,25.1322,16.3,101.9,0.6578,65.8%,54.5668,0.23%,0.569,0.431,Bearish,Mild Contraction,15.9,False,Downtrend,Below SMA20,23540.7,23318.3,36.45,185.95,N/A,13,Upside Breakout,7.1,140.3,172.45
3051,01-02-2025 13:30,23442.45,23470.65,23441.95,23445.4,28.7,43.135,13.3695,16.3,60.75,0.6654,66.5%,51.5203,0.22%,0.103,0.897,Bullish,Mild Contraction,18.1,False,Uptrend,Above SMA20,23457.85,23318.3,127.1,12.45,N/A,1,Upside Breakout,5.0,68.25,102.4
3056,01-02-2025 13:55,23485.95,23503.4,23485.65,23495.25,17.75,43.33,11.0343,28.7,60.75,0.4096,41.0%,41.5118,0.18%,0.524,0.476,Bullish,Moderate Contraction,48.2,False,Uptrend,Above SMA20,23513.65,23318.3,176.95,18.4,N/A,2,Upside Breakout,13.55,52.55,52.7
3059,01-02-2025 14:10,23526.2,23533.7,23516.9,23520.25,16.8,38.26,12.0316,17.75,60.75,0.4391,43.9%,37.4713,0.16%,0.354,0.646,Bearish,Moderate Contraction,43.8,False,Uptrend,Above SMA20,23527.2,23350.75,169.5,6.95,N/A,1,Upside Breakout,2.15,48.15,65.3
3062,01-02-2025 14:25,23544.8,23547.95,23529.5,23533.95,18.45,29.925,10.2252,16.8,43.65,0.6165,61.7%,31.3726,0.13%,0.588,0.412,Bearish,Mild Contraction,27.9,False,Uptrend,Above SMA20,23547.8,23424.45,109.5,13.85,N/A,13,Downside Breakdown,177.9,79.0,79.0
3068,01-02-2025 14:55,23497.1,23511.15,23493.35,23506.0,17.8,30.615,14.9208,16.8,65.5,0.5814,58.1%,31.4332,0.13%,0.5,0.5,Bullish,Mild Contraction,29.6,False,Downtrend,Above SMA20,23547.95,23454.95,51.05,41.95,N/A,7,Downside Breakdown,208.4,42.65,266.85
3071,01-02-2025 15:10,23495.65,23497.5,23479.3,23481.2,18.2,29.285,14.394,16.2,65.5,0.6215,62.1%,27.9803,0.12%,0.794,0.206,Bearish,Mild Contraction,25.3,False,Downtrend,Below SMA20,23547.95,23454.95,26.25,66.75,N/A,4,Downside Breakdown,208.4,242.05,258.7
3082,03-02-2025 09:50,23227.0,23248.05,23222.0,23241.05,26.05,43.725,26.4742,9.25,98.6,0.5958,59.6%,46.82,0.2%,0.539,0.461,Bullish,Mild Contraction,19.5,False,Downtrend,Below SMA20,23499.75,23222.5,18.55,258.7,N/A,,,,36.3,74.6
3085,03-02-2025 10:05,23245.0,23270.4,23242.9,23261.85,27.5,44.87,24.7324,20.1,98.6,0.6129,61.3%,38.6711,0.17%,0.613,0.387,Bullish,Mild Contraction,22.5,False,Downtrend,Below SMA20,23345.15,23222.0,39.85,83.3,N/A,,,,25.9,63.0
3089,03-02-2025 10:25,23277.9,23285.45,23266.65,23282.1,18.8,32.455,13.0188,20.1,58.65,0.5793,57.9%,33.5377,0.14%,0.223,0.777,Bullish,Moderate Contraction,32.1,False,Downtrend,Below SMA20,23317.95,23222.0,60.1,35.85,N/A,4,Upside Breakout,6.9,42.75,56.5
3093,03-02-2025 10:45,23309.5,23324.85,23308.65,23314.1,16.2,25.48,10.1417,16.25,45.05,0.6358,63.6%,29.4503,0.13%,0.284,0.716,Bullish,Mild Contraction,28.2,False,Uptrend,Above SMA20,23315.65,23235.25,78.85,1.55,N/A,1,Upside Breakout,1.85,20.5,44.8
3096,03-02-2025 11:00,23318.0,23328.35,23314.1,23320.9,14.25,24.52,10.4994,16.2,45.05,0.5812,58.1%,25.7353,0.11%,0.204,0.796,Bullish,Moderate Contraction,31.7,False,Uptrend,Above SMA20,23324.85,23239.7,81.2,3.95,N/A,3,Upside Breakout,13.75,34.95,67.8
3106,03-02-2025 11:50,23278.4,23283.85,23271.6,23275.15,12.25,18.99,5.2691,12.2,27.85,0.6451,64.5%,20.6076,0.09%,0.265,0.735,Bearish,Mild Contraction,29.4,False,Downtrend,Below SMA20,23338.6,23253.1,22.05,63.45,N/A,14,Upside Breakout,0.3,31.15,31.15
3109,03-02-2025 12:05,23297.05,23306.3,23296.1,23298.35,10.2,19.415,5.0164,12.15,27.85,0.5254,52.5%,18.1352,0.08%,0.127,0.873,Bullish,Moderate Contraction,39.2,False,Downtrend,Above SMA20,23338.6,23253.1,45.25,40.25,N/A,11,Upside Breakout,0.3,28.7,40.3
3124,03-02-2025 13:20,23349.55,23357.15,23340.05,23343.4,17.1,25.18,15.4442,12.1,62.55,0.6791,67.9%,24.1331,0.1%,0.36,0.64,Bearish,Mild Contraction,16.2,False,Uptrend,Above SMA20,23369.1,23258.05,85.35,25.7,N/A,20,Upside Breakout,1.6,20.15,37.05
3128,03-02-2025 13:40,23339.6,23355.35,23339.2,23352.05,16.15,25.94,14.8396,16.05,62.55,0.6226,62.3%,21.5662,0.09%,0.771,0.229,Bullish,Mild Contraction,27.5,False,Uptrend,Above SMA20,23369.1,23258.05,94.0,17.05,N/A,16,Upside Breakout,1.6,45.7,45.7
3131,03-02-2025 13:55,23322.8,23327.95,23316.8,23325.55,11.15,23.935,10.283,16.15,44.1,0.4658,46.6%,22.4742,0.1%,0.247,0.753,Bullish,Moderate Contraction,39.6,False,Downtrend,Above SMA20,23369.1,23306.35,19.2,43.55,N/A,13,Upside Breakout,1.6,31.15,39.25
3135,03-02-2025 14:15,23346.8,23355.2,23342.95,23349.5,12.25,19.98,8.8759,11.15,44.1,0.6131,61.3%,19.6644,0.08%,0.22,0.78,Bullish,Mild Contraction,26.8,False,Uptrend,Above SMA20,23362.6,23306.35,43.15,13.1,N/A,2,Upside Breakout,1.8,15.3,31.8
3140,03-02-2025 14:40,23349.55,23356.05,23344.2,23351.85,11.85,19.485,9.2722,11.15,44.1,0.6082,60.8%,18.215,0.08%,0.194,0.806,Bullish,Mild Contraction,27.7,False,Uptrend,Above SMA20,23364.8,23306.35,45.5,12.95,N/A,4,Upside Breakout,5.9,29.45,162.5
3148,03-02-2025 15:20,23357.7,23361.1,23353.0,23355.4,8.1,19.24,4.8352,11.85,28.5,0.421,42.1%,17.8251,0.08%,0.284,0.716,Bearish,Strong Contraction,67.5,True,Uptrend,Above SMA20,23381.6,23327.0,28.4,26.2,N/A,2,Upside Breakout,132.75,178.85,226.6
3158,04-02-2025 09:55,23561.8,23567.6,23555.3,23557.95,12.3,27.23,12.1021,8.1,49.15,0.4517,45.2%,29.2396,0.12%,0.313,0.687,Bearish,Moderate Contraction,36.0,False,Uptrend,Above SMA20,23582.0,23349.95,208.0,24.05,N/A,,,,53.85,134.8
3163,04-02-2025 10:20,23526.5,23534.5,23520.8,23522.85,13.7,29.535,12.7824,12.3,51.25,0.4639,46.4%,27.9976,0.12%,0.266,0.734,Bearish,Moderate Contraction,38.1,False,Uptrend,Above SMA20,23582.0,23482.7,40.15,59.15,N/A,3,Downside Breakdown,59.55,99.7,99.7
3172,04-02-2025 11:05,23487.9,23506.1,23486.4,23499.1,19.7,33.43,14.4188,13.7,66.65,0.5893,58.9%,31.8678,0.14%,0.569,0.431,Bullish,Mild Contraction,25.0,False,Downtrend,Below SMA20,23534.5,23423.15,75.95,35.4,N/A,3,Upside Breakout,16.95,52.35,117.5
3176,04-02-2025 11:25,23540.4,23542.95,23524.1,23529.2,18.85,34.695,12.5319,19.7,66.65,0.5433,54.3%,29.7017,0.13%,0.594,0.406,Bearish,Moderate Contraction,35.3,False,Uptrend,Above SMA20,23551.45,23423.15,106.05,22.25,N/A,2,Upside Breakout,6.5,87.4,87.4
3187,04-02-2025 12:20,23590.0,23591.15,23570.3,23575.25,20.85,31.78,18.0987,15.8,70.65,0.6561,65.6%,29.5251,0.13%,0.707,0.293,Bearish,Mild Contraction,19.2,False,Uptrend,Above SMA20,23616.6,23527.25,48.0,41.35,N/A,6,Upside Breakout,14.85,38.35,67.5
3194,04-02-2025 12:55,23614.3,23620.6,23607.2,23619.05,13.4,25.45,5.0701,17.75,34.4,0.5265,52.7%,25.8783,0.11%,0.354,0.646,Bullish,Moderate Contraction,41.8,False,Uptrend,Above SMA20,23631.45,23536.0,83.05,12.4,N/A,3,Upside Breakout,11.3,40.35,80.9
3200,04-02-2025 13:25,23645.55,23651.2,23639.75,23649.5,11.45,26.815,8.8927,13.4,45.7,0.427,42.7%,25.1842,0.11%,0.345,0.655,Bullish,Moderate Contraction,44.2,False,Uptrend,Above SMA20,23659.4,23580.25,69.25,9.9,N/A,1,Upside Breakout,28.95,63.1,63.1
3205,04-02-2025 13:50,23700.15,23712.6,23693.7,23704.1,18.9,29.43,11.0578,11.45,46.5,0.6422,64.2%,27.4653,0.12%,0.209,0.791,Bullish,Mild Contraction,19.8,False,Uptrend,Above SMA20,23699.95,23580.8,123.3,-4.15,N/A,1,Upside Breakout,6.05,76.85,76.85
3212,04-02-2025 14:25,23644.6,23650.9,23634.45,23647.05,16.45,30.505,12.7364,18.9,64.15,0.5393,53.9%,28.9383,0.12%,0.149,0.851,Bullish,Moderate Contraction,34.7,False,Downtrend,Below SMA20,23712.6,23627.25,19.8,65.55,N/A,4,Upside Breakout,12.45,86.4,115.7
3215,04-02-2025 14:40,23696.15,23708.35,23690.4,23701.15,17.95,31.0,13.7565,16.45,64.15,0.579,57.9%,29.5492,0.12%,0.279,0.721,Bullish,Mild Contraction,29.6,False,Downtrend,Above SMA20,23712.6,23627.25,73.9,11.45,N/A,1,Upside Breakout,12.45,61.6,106.15
3222,04-02-2025 15:15,23744.4,23745.55,23726.95,23738.55,18.6,26.94,9.194,16.45,40.45,0.6904,69.0%,25.9212,0.11%,0.315,0.685,Bearish,Mild Contraction,21.0,False,Uptrend,Above SMA20,23762.75,23634.45,104.1,24.2,N/A,3,Upside Breakout,44.55,68.75,68.75
3230,05-02-2025 09:40,23788.25,23799.95,23787.7,23797.55,12.25,26.005,8.1341,18.6,46.4,0.4711,47.1%,28.3134,0.12%,0.759,0.241,Bullish,Moderate Contraction,41.5,False,Uptrend,Above SMA20,23807.3,23697.05,100.5,9.75,N/A,,,,71.05,71.05
3240,05-02-2025 10:30,23774.0,23776.4,23761.45,23767.1,14.95,23.875,6.7999,12.25,38.5,0.6262,62.6%,24.6583,0.1%,0.462,0.538,Bearish,Mild Contraction,26.1,False,Downtrend,Above SMA20,23799.95,23726.5,40.6,32.85,N/A,9,Downside Breakdown,12.0,19.2,53.55
3243,05-02-2025 10:45,23768.65,23777.5,23766.6,23773.85,10.9,22.08,7.8503,10.7,38.5,0.4937,49.4%,20.4717,0.09%,0.477,0.523,Bullish,Moderate Contraction,38.6,False,Uptrend,Above SMA20,23776.4,23726.5,47.35,2.55,N/A,1,Upside Breakout,9.9,45.4,60.3
3248,05-02-2025 11:10,23732.8,23739.25,23728.5,23733.1,10.75,19.21,8.197,10.7,35.65,0.5596,56.0%,20.492,0.09%,0.028,0.972,Bullish,Moderate Contraction,33.1,False,Downtrend,Below SMA20,23786.3,23728.45,4.65,53.2,N/A,1,Downside Breakdown,13.95,22.45,25.9
3251,05-02-2025 11:25,23748.7,23754.85,23745.45,23751.25,9.4,19.99,9.7162,10.7,36.0,0.4702,47.0%,21.0313,0.09%,0.271,0.729,Bullish,Moderate Contraction,38.6,False,Downtrend,Below SMA20,23786.3,23713.55,37.7,35.05,N/A,19,Downside Breakdown,1.15,14.9,26.85
3257,05-02-2025 11:55,23744.7,23748.7,23738.6,23741.25,10.1,17.595,10.7278,5.9,36.0,0.574,57.4%,15.9051,0.07%,0.342,0.658,Bearish,Moderate Contraction,43.5,True,Uptrend,Below SMA20,23764.1,23713.55,27.7,22.85,N/A,13,Downside Breakdown,1.15,16.85,21.6
3265,05-02-2025 12:35,23741.25,23743.25,23734.05,23737.0,9.2,13.615,4.0022,6.55,20.15,0.6757,67.6%,14.1587,0.06%,0.462,0.538,Bearish,Mild Contraction,19.4,False,Downtrend,Below SMA20,23759.0,23724.4,12.6,22.0,N/A,2,Downside Breakdown,4.75,24.6,24.6
3268,05-02-2025 12:50,23721.8,23724.65,23715.9,23721.9,8.75,13.43,4.0718,6.55,20.15,0.6515,65.2%,13.3178,0.06%,0.011,0.989,Bullish,Mild Contraction,22.1,False,Downtrend,Below SMA20,23753.85,23719.65,2.25,31.95,N/A,1,Downside Breakdown,4.65,38.55,38.8
3273,05-02-2025 13:15,23756.55,23760.45,23751.35,23758.4,9.1,14.445,5.5448,8.75,26.45,0.63,63.0%,14.7456,0.06%,0.203,0.797,Bullish,Mild Contraction,27.6,False,Uptrend,Above SMA20,23756.35,23712.4,46.0,-2.05,N/A,1,Upside Breakout,4.35,25.7,26.2
3276,05-02-2025 13:30,23750.65,23757.8,23748.55,23755.1,9.25,14.77,5.4649,8.75,26.45,0.6263,62.6%,13.8971,0.06%,0.481,0.519,Bullish,Mild Contraction,27.6,False,Uptrend,Above SMA20,23760.7,23712.4,42.7,5.6,N/A,5,Upside Breakout,13.8,22.9,23.15
3279,05-02-2025 13:45,23736.3,23739.9,23732.2,23739.6,7.7,15.24,5.3601,9.1,26.45,0.5052,50.5%,13.4551,0.06%,0.429,0.571,Bullish,Moderate Contraction,38.2,False,Uptrend,Below SMA20,23760.7,23712.4,27.2,21.1,N/A,2,Upside Breakout,13.8,34.9,34.9
3293,05-02-2025 14:55,23732.1,23734.45,23727.1,23730.25,7.35,11.595,1.5236,9.85,13.9,0.6339,63.4%,11.46,0.05%,0.252,0.748,Bearish,Moderate Contraction,37.7,False,Downtrend,Below SMA20,23763.3,23720.5,9.75,33.05,N/A,1,Downside Breakdown,26.1,49.8,78.1
3296,05-02-2025 15:10,23700.75,23702.1,23693.45,23695.85,8.65,14.505,8.5712,7.35,36.85,0.5963,59.6%,14.6438,0.06%,0.566,0.434,Bearish,Mild Contraction,25.7,False,Downtrend,Below SMA20,23752.9,23680.45,15.4,57.05,N/A,4,Upside Breakout,20.65,77.7,77.7
3312,06-02-2025 10:15,23627.3,23638.95,23623.9,23634.4,15.05,27.825,9.161,16.05,48.55,0.5409,54.1%,25.619,0.11%,0.472,0.528,Bullish,Moderate Contraction,36.1,False,Downtrend,Below SMA20,23702.75,23618.55,15.85,68.35,N/A,10,Downside Breakdown,11.2,22.5,27.05
3317,06-02-2025 10:40,23649.6,23656.9,23641.75,23646.0,15.15,23.32,5.9888,15.05,33.3,0.6497,65.0%,21.816,0.09%,0.238,0.762,Bearish,Mild Contraction,29.5,False,Downtrend,Below SMA20,23662.1,23618.55,27.45,16.1,N/A,5,Downside Breakdown,11.2,38.65,51.65
3320,06-02-2025 10:55,23636.15,23645.35,23633.75,23641.75,11.6,20.04,5.6235,15.05,33.3,0.5788,57.9%,19.5155,0.08%,0.483,0.517,Bullish,Moderate Contraction,34.4,False,Uptrend,Below SMA20,23661.9,23618.55,23.2,20.15,N/A,2,Downside Breakdown,11.2,44.65,47.4
3325,06-02-2025 11:20,23599.0,23608.8,23597.9,23605.95,10.9,18.725,4.1052,11.6,25.85,0.5821,58.2%,18.8878,0.08%,0.638,0.362,Bullish,Moderate Contraction,36.3,False,Downtrend,Below SMA20,23656.9,23597.1,8.85,50.95,N/A,2,Downside Breakdown,2.75,20.55,20.55
3328,06-02-2025 11:35,23607.9,23616.0,23604.55,23609.4,11.45,17.075,4.9009,10.9,25.85,0.6706,67.1%,16.9123,0.07%,0.131,0.869,Bullish,Mild Contraction,25.6,False,Downtrend,Below SMA20,23648.75,23594.35,15.05,39.35,N/A,15,Downside Breakdown,8.9,17.1,19.85
3332,06-02-2025 11:55,23606.65,23611.15,23603.65,23608.25,7.5,15.61,4.846,9.9,25.85,0.4805,48.0%,15.0318,0.06%,0.213,0.787,Bullish,Moderate Contraction,40.9,False,Downtrend,Below SMA20,23633.2,23594.35,13.9,24.95,N/A,11,Downside Breakdown,8.9,18.8,21.0
3345,06-02-2025 13:00,23581.7,23587.7,23579.05,23581.45,8.65,15.865,3.2832,11.6,22.75,0.5452,54.5%,14.8722,0.06%,0.029,0.971,Bearish,Moderate Contraction,39.8,False,Downtrend,Below SMA20,23629.25,23575.1,6.35,47.8,N/A,9,Downside Breakdown,3.75,22.3,22.3
3362,06-02-2025 14:25,23570.85,23579.35,23568.3,23574.0,11.05,16.565,4.3667,12.65,27.5,0.6671,66.7%,14.9431,0.06%,0.285,0.715,Bullish,Mild Contraction,28.2,False,Downtrend,Below SMA20,23600.15,23562.25,11.75,26.15,N/A,1,Downside Breakdown,6.0,17.75,40.65
3365,06-02-2025 14:40,23574.45,23583.55,23572.95,23575.75,10.6,16.63,4.6454,11.05,27.5,0.6374,63.7%,15.1351,0.06%,0.123,0.877,Bullish,Moderate Contraction,30.1,False,Uptrend,Below SMA20,23596.9,23556.25,19.5,21.15,N/A,4,Upside Breakout,7.25,34.85,108.15
3370,06-02-2025 15:05,23603.75,23610.6,23602.65,23607.45,7.95,14.69,5.2468,8.95,25.8,0.5412,54.1%,14.4589,0.06%,0.465,0.535,Bullish,Moderate Contraction,35.5,False,Uptrend,Above SMA20,23604.15,23556.25,51.2,-3.3,N/A,1,Upside Breakout,4.45,76.45,76.45
3378,07-02-2025 09:30,23593.15,23603.95,23588.3,23593.4,15.65,28.68,26.4146,7.95,102.25,0.5457,54.6%,26.1718,0.11%,0.016,0.984,Bullish,Moderate Contraction,43.9,True,Uptrend,Above SMA20,23683.9,23566.85,26.55,90.5,N/A,9,Downside Breakdown,43.3,22.8,71.9
3383,07-02-2025 09:55,23603.7,23609.35,23593.85,23605.35,15.5,29.88,25.7892,15.65,102.25,0.5187,51.9%,23.4176,0.1%,0.106,0.894,Bullish,Moderate Contraction,33.1,False,Downtrend,Above SMA20,23683.9,23566.85,38.5,78.55,N/A,4,Downside Breakdown,43.3,83.85,111.75
3390,07-02-2025 10:30,23536.2,23547.15,23524.0,23526.6,23.15,48.07,30.8005,15.5,97.7,0.4816,48.2%,43.9236,0.19%,0.415,0.585,Bearish,Strong Contraction,51.8,True,Downtrend,Below SMA20,23664.1,23493.6,33.0,137.5,N/A,10,Upside Breakout,4.95,86.6,142.45
3393,07-02-2025 10:45,23573.5,23574.65,23555.2,23558.9,19.45,50.255,29.2394,15.5,97.7,0.387,38.7%,38.496,0.16%,0.751,0.249,Bearish,Moderate Contraction,40.9,False,Downtrend,Below SMA20,23664.1,23493.6,65.3,105.2,N/A,7,Upside Breakout,4.95,70.35,135.6
3396,07-02-2025 11:00,23611.9,23624.2,23608.35,23620.1,15.85,43.985,26.1018,19.45,97.7,0.3604,36.0%,33.5441,0.14%,0.517,0.483,Bullish,Moderate Contraction,44.8,False,Uptrend,Above SMA20,23658.55,23493.6,126.5,38.45,N/A,4,Upside Breakout,10.5,67.95,74.4
3407,07-02-2025 11:55,23651.8,23652.3,23644.1,23646.6,8.2,24.215,6.8821,14.1,35.7,0.3386,33.9%,24.4631,0.1%,0.634,0.366,Bearish,Extreme Squeeze,72.3,True,Uptrend,Above SMA20,23694.5,23612.9,33.7,47.9,N/A,2,Downside Breakdown,5.0,77.4,81.95
3411,07-02-2025 12:15,23572.35,23585.05,23569.2,23580.85,15.85,25.5,9.1213,8.2,42.7,0.6216,62.2%,25.6817,0.11%,0.536,0.464,Bullish,Mild Contraction,20.9,False,Downtrend,Below SMA20,23694.5,23572.8,8.05,113.65,N/A,1,Downside Breakdown,2.9,29.7,30.6
3419,07-02-2025 12:55,23550.8,23565.65,23550.25,23557.35,15.4,24.685,9.045,14.6,42.7,0.6239,62.4%,23.261,0.1%,0.425,0.575,Bullish,Mild Contraction,27.9,False,Downtrend,Below SMA20,23631.5,23550.7,6.65,74.15,N/A,3,Downside Breakdown,13.05,22.6,34.05
3423,07-02-2025 13:15,23547.85,23558.55,23544.9,23555.2,13.65,23.9,6.224,15.4,32.55,0.5711,57.1%,22.34,0.09%,0.538,0.462,Bullish,Moderate Contraction,35.6,False,Downtrend,Below SMA20,23610.55,23537.65,17.55,55.35,N/A,7,Downside Breakdown,50.3,36.2,81.6
3435,07-02-2025 14:15,23460.95,23463.05,23443.2,23449.25,19.85,29.12,19.2811,14.9,72.35,0.6817,68.2%,28.2999,0.12%,0.589,0.411,Bearish,Mild Contraction,16.5,False,Downtrend,Below SMA20,23591.4,23453.25,-4.0,142.15,N/A,1,Downside Breakdown,4.4,41.5,106.7
3443,07-02-2025 14:55,23484.0,23492.6,23477.65,23490.3,14.95,27.55,11.2376,18.3,55.85,0.5426,54.3%,25.1512,0.11%,0.421,0.579,Bullish,Moderate Contraction,34.6,False,Uptrend,Below SMA20,23529.45,23443.2,47.1,39.15,N/A,1,Upside Breakout,0.1,100.95,100.95
3446,07-02-2025 15:10,23557.25,23574.75,23556.5,23573.7,18.25,26.3,8.4386,14.95,38.75,0.6939,69.4%,27.1593,0.12%,0.901,0.099,Bullish,Mild Contraction,19.3,False,Uptrend,Above SMA20,23555.95,23448.85,124.85,-17.75,N/A,1,Upside Breakout,35.3,119.3,170.35
3454,10-02-2025 09:35,23442.25,23446.3,23427.1,23427.7,19.2,40.985,29.1847,12.55,114.2,0.4685,46.8%,37.3942,0.16%,0.758,0.242,Bearish,Moderate Contraction,32.3,False,Downtrend,Below SMA20,23591.25,23419.85,7.85,163.55,N/A,1,Downside Breakdown,16.5,33.7,70.1
3458,10-02-2025 09:55,23449.35,23459.55,23443.35,23445.9,16.2,39.22,29.6443,12.55,114.2,0.4131,41.3%,32.0252,0.14%,0.213,0.787,Bearish,Moderate Contraction,37.5,False,Downtrend,Below SMA20,23578.6,23403.35,42.55,132.7,N/A,2,Downside Breakdown,14.6,88.3,88.3
3462,10-02-2025 10:15,23372.35,23375.05,23357.6,23373.25,17.45,30.94,14.9665,16.2,57.2,0.564,56.4%,30.4438,0.13%,0.052,0.948,Bullish,Moderate Contraction,30.6,False,Downtrend,Below SMA20,23499.05,23366.1,7.15,125.8,N/A,4,Downside Breakdown,2.2,32.9,32.9
3470,10-02-2025 10:55,23393.05,23400.4,23386.35,23395.3,14.05,26.72,12.7543,16.45,57.1,0.5258,52.6%,25.0661,0.11%,0.16,0.84,Bullish,Moderate Contraction,34.9,False,Uptrend,Below SMA20,23445.85,23357.6,37.7,50.55,N/A,13,Downside Breakdown,19.4,18.45,23.95
3478,10-02-2025 11:35,23400.45,23401.65,23389.2,23389.25,12.45,19.79,6.3259,10.3,32.1,0.6291,62.9%,20.4081,0.09%,0.9,0.1,Bearish,Mild Contraction,25.3,False,Uptrend,Below SMA20,23403.3,23365.4,23.85,14.05,N/A,4,Downside Breakdown,1.5,51.05,51.55
3492,10-02-2025 12:45,23363.4,23370.65,23357.7,23362.9,12.95,21.155,4.7043,15.2,31.8,0.6121,61.2%,19.2509,0.08%,0.039,0.961,Bearish,Moderate Contraction,33.7,False,Downtrend,Below SMA20,23388.65,23337.7,25.2,25.75,N/A,6,Downside Breakdown,6.75,18.9,45.65
3495,10-02-2025 13:00,23351.15,23359.25,23347.65,23351.85,11.6,18.225,3.2143,12.95,24.0,0.6365,63.6%,17.6089,0.08%,0.06,0.94,Bullish,Moderate Contraction,33.9,False,Downtrend,Below SMA20,23371.25,23337.7,14.15,19.4,N/A,3,Downside Breakdown,6.75,27.3,34.6
3508,10-02-2025 14:05,23343.1,23350.55,23335.85,23338.25,14.7,23.35,5.8299,16.55,34.55,0.6296,63.0%,20.1867,0.09%,0.33,0.67,Bearish,Moderate Contraction,31.4,False,Uptrend,Below SMA20,23377.0,23317.25,21.0,38.75,N/A,3,Downside Breakdown,0.95,21.95,62.75
3523,10-02-2025 15:20,23379.3,23382.35,23375.3,23381.55,7.05,20.08,4.7261,14.7,30.35,0.3511,35.1%,17.4703,0.07%,0.319,0.681,Bullish,Strong Contraction,53.7,False,Uptrend,Above SMA20,23409.9,23337.35,44.2,28.35,N/A,2,Downside Breakdown,4.9,85.8,95.1
3535,11-02-2025 10:05,23291.55,23301.25,23285.1,23287.6,16.15,31.495,11.0752,21.3,57.6,0.5128,51.3%,24.7498,0.11%,0.245,0.755,Bearish,Moderate Contraction,37.6,False,Downtrend,Below SMA20,23390.05,23286.45,1.15,102.45,N/A,1,Downside Breakdown,15.75,26.35,36.7
3541,11-02-2025 10:35,23274.65,23280.0,23267.6,23274.35,12.4,23.065,4.35,16.15,33.05,0.5376,53.8%,22.0746,0.09%,0.024,0.976,Bearish,Moderate Contraction,41.5,False,Downtrend,Below SMA20,23343.35,23261.25,13.1,69.0,N/A,1,Downside Breakdown,2.65,23.45,27.4
3545,11-02-2025 10:55,23264.7,23273.5,23264.35,23272.45,9.15,19.11,4.2639,12.05,24.0,0.4788,47.9%,18.864,0.08%,0.847,0.153,Bullish,Moderate Contraction,44.3,False,Downtrend,Below SMA20,23301.25,23250.9,21.55,28.8,N/A,5,Upside Breakout,0.5,29.3,29.3
3548,11-02-2025 11:10,23279.65,23287.9,23278.8,23280.05,9.1,17.805,5.4871,9.15,24.0,0.5111,51.1%,17.4466,0.07%,0.044,0.956,Bullish,Moderate Contraction,38.7,False,Downtrend,Below SMA20,23296.15,23250.9,29.15,16.1,N/A,2,Upside Breakout,5.6,31.6,34.45
3556,11-02-2025 11:50,23258.65,23259.55,23253.45,23255.35,6.1,17.185,5.7307,9.1,28.45,0.355,35.5%,15.7931,0.07%,0.541,0.459,Bearish,Strong Contraction,69.4,True,Downtrend,Below SMA20,23301.75,23248.45,6.9,46.4,N/A,1,Downside Breakdown,2.85,11.45,21.75
3559,11-02-2025 12:05,23253.05,23255.95,23247.05,23247.05,8.9,15.295,6.4719,6.1,28.45,0.5819,58.2%,13.6221,0.06%,0.674,0.326,Bearish,Mild Contraction,25.6,False,Downtrend,Below SMA20,23301.75,23245.6,1.45,54.7,N/A,1,Downside Breakdown,1.7,14.35,69.45
3564,11-02-2025 12:30,23246.6,23246.8,23239.05,23242.95,7.75,11.715,4.0998,6.1,19.15,0.6615,66.2%,12.8979,0.06%,0.471,0.529,Bearish,Mild Contraction,21.2,False,Downtrend,Below SMA20,23272.15,23237.7,5.25,29.2,N/A,1,Downside Breakdown,4.0,65.35,220.5
3579,11-02-2025 13:45,23074.1,23081.6,23057.85,23065.1,23.75,48.49,24.9278,19.35,101.75,0.4898,49.0%,36.1164,0.16%,0.379,0.621,Bearish,Moderate Contraction,34.0,False,Downtrend,Below SMA20,23223.7,23022.45,42.65,158.6,N/A,3,Downside Breakdown,22.15,78.45,78.45
3583,11-02-2025 14:05,23004.7,23009.7,22986.65,23001.95,23.05,38.59,16.7438,23.75,78.95,0.5973,59.7%,34.1871,0.15%,0.119,0.881,Bearish,Moderate Contraction,30.5,False,Downtrend,Below SMA20,23101.4,23000.3,1.65,99.45,N/A,9,Upside Breakout,12.55,53.0,116.45
3590,11-02-2025 14:40,23025.25,23028.55,23009.6,23027.6,18.95,34.125,10.5311,23.05,52.4,0.5553,55.5%,32.317,0.14%,0.124,0.876,Bullish,Moderate Contraction,35.5,False,Downtrend,Below SMA20,23074.3,22986.65,40.95,46.7,N/A,2,Upside Breakout,39.65,90.8,90.8
3595,11-02-2025 15:05,23081.6,23084.9,23059.25,23079.45,25.65,39.2,19.9351,18.95,84.45,0.6543,65.4%,39.1942,0.17%,0.084,0.916,Bearish,Mild Contraction,19.4,False,Uptrend,Above SMA20,23118.4,23006.4,73.05,38.95,N/A,6,Downside Breakdown,10.25,60.5,187.7
3598,11-02-2025 15:20,23076.6,23077.35,23060.4,23073.75,16.95,33.975,23.0105,11.75,84.45,0.4989,49.9%,30.5589,0.13%,0.168,0.832,Bearish,Moderate Contraction,30.5,False,Uptrend,Above SMA20,23118.4,23009.6,64.15,44.65,N/A,3,Downside Breakdown,13.45,138.55,245.05
3607,12-02-2025 09:50,22858.8,22876.55,22850.45,22875.9,26.1,38.47,21.7787,11.55,79.0,0.6785,67.8%,38.3676,0.17%,0.655,0.345,Bullish,Mild Contraction,13.3,False,Downtrend,Below SMA20,23097.95,22858.05,17.85,222.05,N/A,1,Downside Breakdown,29.35,77.55,77.55
3613,12-02-2025 10:20,22855.9,22858.25,22837.45,22856.4,20.8,43.025,16.364,25.85,75.0,0.4834,48.3%,40.2411,0.18%,0.024,0.976,Bullish,Moderate Contraction,39.2,False,Downtrend,Below SMA20,22986.4,22798.35,58.05,130.0,N/A,16,Upside Breakout,23.15,91.65,98.05
3619,12-02-2025 10:50,22942.05,22954.45,22931.1,22938.0,23.35,45.275,19.7166,20.8,80.55,0.5157,51.6%,44.5654,0.19%,0.173,0.827,Bearish,Moderate Contraction,34.0,False,Uptrend,Above SMA20,22948.05,22798.35,139.65,10.05,N/A,8,Upside Breakout,1.35,65.8,71.55
3623,12-02-2025 11:10,22936.85,22944.8,22923.1,22925.55,21.7,44.36,19.2233,20.8,80.55,0.4892,48.9%,42.7403,0.19%,0.521,0.479,Bearish,Moderate Contraction,37.2,False,Uptrend,Above SMA20,22954.45,22837.45,88.1,28.9,N/A,6,Upside Breakout,55.1,29.65,151.85
3626,12-02-2025 11:25,22938.4,22941.15,22922.35,22928.05,18.8,42.65,20.0939,21.7,80.55,0.4408,44.1%,36.5783,0.16%,0.551,0.449,Bearish,Moderate Contraction,40.7,False,Uptrend,Above SMA20,22954.45,22862.6,65.45,26.4,N/A,3,Upside Breakout,55.1,132.05,149.35
3633,12-02-2025 12:00,23051.3,23072.95,23050.75,23058.0,22.2,44.515,22.737,18.8,83.55,0.4987,49.9%,46.0844,0.2%,0.302,0.698,Bullish,Moderate Contraction,33.8,False,Uptrend,Above SMA20,23077.4,22895.9,162.1,19.4,N/A,6,Upside Breakout,10.2,60.7,60.7
3637,12-02-2025 12:20,23016.1,23037.75,23013.2,23015.2,24.55,46.85,21.1626,21.85,83.55,0.524,52.4%,39.42,0.17%,0.037,0.963,Bearish,Moderate Contraction,33.2,False,Uptrend,Above SMA20,23077.4,22895.9,119.3,62.2,N/A,2,Upside Breakout,10.2,72.4,104.8
3640,12-02-2025 12:35,23068.65,23072.25,23046.7,23046.75,25.55,43.815,20.1567,21.85,75.05,0.5831,58.3%,40.3986,0.18%,0.857,0.143,Bearish,Mild Contraction,27.8,False,Uptrend,Above SMA20,23087.6,22973.4,73.35,40.85,N/A,3,Upside Breakout,23.25,64.1,79.65
3644,12-02-2025 12:55,23066.1,23079.1,23056.9,23074.8,22.2,36.665,14.0744,21.85,70.55,0.6055,60.5%,37.838,0.16%,0.392,0.608,Bullish,Moderate Contraction,30.1,False,Uptrend,Above SMA20,23110.85,22997.3,77.5,36.05,N/A,3,Upside Breakout,9.15,50.95,69.9
3648,12-02-2025 13:15,23105.45,23113.4,23087.15,23104.35,26.25,38.7,13.4584,22.2,70.55,0.6783,67.8%,37.2871,0.16%,0.042,0.958,Bearish,Mild Contraction,21.0,False,Uptrend,Above SMA20,23120.0,22997.3,107.05,15.65,N/A,1,Upside Breakout,5.75,42.45,139.75
3655,12-02-2025 13:50,23042.15,23055.9,23029.8,23031.7,26.1,38.825,15.7911,18.25,68.5,0.6722,67.2%,38.8793,0.17%,0.4,0.6,Bearish,Mild Contraction,18.0,False,Downtrend,Below SMA20,23144.7,23040.3,-8.6,113.0,N/A,1,Downside Breakdown,42.6,67.15,75.05
3660,12-02-2025 14:15,23002.3,23006.95,22989.35,22998.4,17.6,40.81,18.751,18.25,68.5,0.4313,43.1%,38.2162,0.17%,0.222,0.778,Bearish,Moderate Contraction,41.5,False,Downtrend,Below SMA20,23144.7,22964.55,33.85,146.3,N/A,4,Downside Breakdown,7.9,41.75,61.25
3663,12-02-2025 14:30,22998.5,22998.65,22970.05,22976.15,28.6,41.03,18.7809,17.6,68.5,0.6971,69.7%,35.2769,0.15%,0.781,0.219,Bearish,Mild Contraction,14.1,False,Downtrend,Below SMA20,23130.4,22964.55,11.6,154.25,N/A,1,Downside Breakdown,7.9,33.2,85.2
3666,12-02-2025 14:45,22990.75,22994.5,22972.95,22976.05,21.55,34.76,14.4135,17.6,66.6,0.62,62.0%,32.9266,0.14%,0.682,0.318,Bearish,Mild Contraction,24.6,False,Downtrend,Below SMA20,23038.8,22956.65,19.4,62.75,N/A,4,Upside Breakout,20.85,83.6,139.0
3671,12-02-2025 15:10,23045.3,23054.5,23039.2,23051.55,15.3,28.235,8.8318,17.9,41.2,0.5419,54.2%,28.5738,0.12%,0.408,0.592,Bullish,Moderate Contraction,36.4,False,Uptrend,Above SMA20,23059.65,22956.65,94.9,8.1,N/A,1,Upside Breakout,1.7,63.5,89.15
3674,12-02-2025 15:25,23057.95,23063.2,23048.0,23057.8,15.2,24.02,9.8813,14.9,41.2,0.6328,63.3%,24.1716,0.1%,0.01,0.99,Bearish,Mild Contraction,27.6,False,Uptrend,Above SMA20,23061.35,22956.65,101.15,3.55,N/A,1,Upside Breakout,53.7,65.6,134.7
3681,13-02-2025 09:45,23120.45,23140.7,23120.45,23133.8,20.25,42.535,30.7479,14.9,100.2,0.4761,47.6%,39.7169,0.17%,0.659,0.341,Bullish,Strong Contraction,52.5,True,Uptrend,Above SMA20,23129.15,22992.2,141.6,-4.65,N/A,1,Upside Breakout,45.5,58.7,73.25
3684,13-02-2025 10:00,23176.5,23192.5,23167.75,23186.65,24.75,47.44,27.42,15.2,100.2,0.5217,52.2%,37.3903,0.16%,0.41,0.59,Bullish,Mild Contraction,28.4,False,Uptrend,Above SMA20,23190.55,22992.2,194.45,3.9,N/A,1,Upside Breakout,1.45,54.9,54.9
3687,13-02-2025 10:15,23172.0,23190.6,23172.0,23176.0,18.6,37.785,18.3824,20.25,82.1,0.4923,49.2%,32.9695,0.14%,0.215,0.785,Bullish,Moderate Contraction,37.1,False,Uptrend,Above SMA20,23192.5,22992.2,183.8,16.5,N/A,4,Upside Breakout,14.55,44.25,44.25
3692,13-02-2025 10:40,23202.65,23209.0,23190.25,23190.5,18.75,31.875,7.4094,18.6,44.45,0.5882,58.8%,32.1166,0.14%,0.648,0.352,Bearish,Moderate Contraction,35.0,False,Uptrend,Above SMA20,23207.05,23130.2,60.3,16.55,N/A,11,Upside Breakout,3.15,31.1,31.1
3695,13-02-2025 10:55,23190.6,23190.6,23173.05,23176.55,17.55,27.215,8.3933,14.7,38.95,0.6449,64.5%,27.1653,0.12%,0.801,0.199,Bearish,Mild Contraction,24.4,False,Uptrend,Above SMA20,23209.0,23131.75,44.8,32.45,N/A,8,Upside Breakout,1.2,28.45,57.65
3699,13-02-2025 11:15,23181.4,23195.9,23179.8,23193.25,16.1,26.485,8.9057,14.7,38.95,0.6079,60.8%,25.7099,0.11%,0.736,0.264,Bullish,Moderate Contraction,48.7,True,Uptrend,Above SMA20,23209.0,23131.75,61.5,15.75,N/A,4,Upside Breakout,1.2,33.75,42.25
3702,13-02-2025 11:30,23197.0,23205.85,23193.75,23201.95,12.1,19.715,7.3151,10.2,35.2,0.6137,61.4%,21.0062,0.09%,0.409,0.591,Bullish,Mild Contraction,26.1,False,Uptrend,Above SMA20,23209.0,23159.4,42.55,7.05,N/A,1,Upside Breakout,1.2,33.55,33.55
3707,13-02-2025 11:55,23223.7,23226.9,23215.8,23220.85,11.1,19.405,7.4921,10.2,32.95,0.572,57.2%,20.5281,0.09%,0.257,0.743,Bearish,Strong Contraction,50.9,True,Uptrend,Above SMA20,23235.5,23159.4,61.45,14.65,N/A,15,Downside Breakdown,6.3,37.65,44.7
3713,13-02-2025 12:25,23191.4,23200.9,23188.5,23195.1,12.4,19.965,8.331,8.3,32.95,0.6211,62.1%,19.2366,0.08%,0.298,0.702,Bullish,Mild Contraction,22.0,False,Downtrend,Below SMA20,23235.5,23183.2,11.9,40.4,N/A,3,Downside Breakdown,7.05,18.95,51.05
3719,13-02-2025 12:55,23188.2,23191.65,23183.4,23190.2,8.25,18.635,5.5714,12.4,31.2,0.4427,44.3%,16.8801,0.07%,0.242,0.758,Bullish,Strong Contraction,64.0,True,Downtrend,Below SMA20,23224.55,23176.15,14.05,34.35,N/A,3,Downside Breakdown,23.05,46.15,135.65
3732,13-02-2025 14:00,23079.6,23102.0,23078.55,23097.5,23.45,34.0,7.7057,22.95,48.05,0.6897,69.0%,29.8156,0.13%,0.763,0.237,Bullish,Mild Contraction,26.5,False,Downtrend,Below SMA20,23182.65,23043.6,53.9,85.15,N/A,1,Downside Breakdown,1.1,64.8,92.8
3735,13-02-2025 14:15,23063.65,23074.5,23050.5,23056.8,24.0,37.185,9.9083,23.45,56.9,0.6454,64.5%,31.8432,0.14%,0.285,0.715,Bearish,Mild Contraction,29.0,False,Downtrend,Below SMA20,23161.2,23032.7,24.1,104.4,N/A,3,Downside Breakdown,4.55,52.1,52.1
3743,13-02-2025 14:55,23055.95,23056.4,23040.25,23050.85,16.15,28.98,10.5206,18.7,56.9,0.5573,55.7%,26.6517,0.12%,0.316,0.684,Bearish,Moderate Contraction,34.3,False,Uptrend,Below SMA20,23099.4,23004.7,46.15,48.55,N/A,7,Upside Breakout,34.3,31.6,82.85
3747,13-02-2025 15:15,23030.15,23039.35,23028.7,23030.5,10.65,26.105,7.8901,16.15,44.55,0.408,40.8%,24.8953,0.11%,0.033,0.967,Bullish,Moderate Contraction,46.5,False,Downtrend,Below SMA20,23066.05,23004.7,25.8,35.55,N/A,3,Upside Breakout,67.65,103.2,103.2
3759,14-02-2025 10:00,23050.5,23074.15,23047.85,23070.65,26.3,41.73,17.1871,13.7,63.8,0.6302,63.0%,39.2865,0.17%,0.766,0.234,Bullish,Mild Contraction,19.5,False,Uptrend,Above SMA20,23133.7,23007.2,63.45,63.05,N/A,7,Downside Breakdown,61.05,39.45,184.8
3763,14-02-2025 10:20,23073.75,23080.75,23060.0,23078.3,20.75,38.78,13.2659,26.3,63.75,0.5351,53.5%,35.5705,0.15%,0.219,0.781,Bullish,Moderate Contraction,36.2,False,Uptrend,Above SMA20,23094.35,23007.2,71.1,16.05,N/A,3,Downside Breakdown,61.05,192.45,235.0
3769,14-02-2025 10:50,22899.25,22912.55,22890.5,22904.1,22.05,38.995,18.8696,20.25,83.65,0.5655,56.5%,39.1262,0.17%,0.22,0.78,Bullish,Moderate Contraction,30.3,False,Downtrend,Below SMA20,23094.35,22885.85,18.25,190.25,N/A,2,Downside Breakdown,12.9,60.8,60.8
3776,14-02-2025 11:25,22862.55,22878.1,22854.7,22854.8,23.4,40.155,19.8837,15.55,83.65,0.5827,58.3%,35.4609,0.16%,0.331,0.669,Bearish,Moderate Contraction,44.5,True,Downtrend,Below SMA20,23029.8,22843.3,11.5,175.0,N/A,8,Downside Breakdown,24.7,53.6,67.55
3780,14-02-2025 11:45,22902.5,22908.4,22888.85,22889.25,19.55,35.65,13.747,15.55,58.35,0.5484,54.8%,35.0411,0.15%,0.678,0.322,Bearish,Moderate Contraction,30.5,False,Downtrend,Below SMA20,22919.6,22843.3,45.95,30.35,N/A,2,Upside Breakout,2.75,70.65,74.15
3785,14-02-2025 12:10,22825.4,22846.05,22821.95,22842.05,24.1,36.295,17.0792,18.85,72.2,0.664,66.4%,37.2385,0.16%,0.691,0.309,Bullish,Mild Contraction,19.6,False,Downtrend,Below SMA20,22922.35,22818.6,23.45,80.3,N/A,2,Downside Breakdown,3.5,26.95,67.2
3789,14-02-2025 12:30,22847.4,22848.3,22832.15,22836.45,16.15,34.87,17.6851,18.85,72.2,0.4631,46.3%,31.1007,0.14%,0.678,0.322,Bearish,Moderate Contraction,38.8,False,Downtrend,Below SMA20,22922.35,22815.1,21.35,85.9,N/A,5,Downside Breakdown,14.2,35.55,61.6
3792,14-02-2025 12:45,22835.65,22846.2,22823.05,22823.5,23.15,33.365,15.741,16.15,72.2,0.6938,69.4%,30.1302,0.13%,0.525,0.475,Bearish,Mild Contraction,15.5,False,Downtrend,Below SMA20,22922.35,22815.1,8.4,98.85,N/A,2,Downside Breakdown,14.2,48.65,48.65
3796,14-02-2025 13:05,22786.7,22801.8,22785.1,22788.15,16.7,29.055,7.0516,16.15,40.45,0.5748,57.5%,30.398,0.13%,0.087,0.913,Bullish,Moderate Contraction,35.1,False,Downtrend,Below SMA20,22866.95,22774.85,13.3,78.8,N/A,15,Upside Breakout,9.9,62.0,62.0
3801,14-02-2025 13:30,22838.95,22845.05,22825.45,22838.35,19.6,29.87,8.1415,16.7,41.1,0.6562,65.6%,28.5155,0.12%,0.031,0.969,Bearish,Moderate Contraction,44.4,True,Uptrend,Above SMA20,22865.55,22774.85,63.5,27.2,N/A,10,Upside Breakout,11.3,52.75,62.4
3805,14-02-2025 13:50,22793.65,22805.55,22786.95,22789.3,18.6,28.08,10.2003,16.7,43.55,0.6624,66.2%,26.9327,0.12%,0.234,0.766,Bearish,Mild Contraction,23.5,False,Uptrend,Below SMA20,22850.15,22774.85,14.45,60.85,N/A,5,Upside Breakout,7.45,68.3,177.15
3820,14-02-2025 15:05,22927.5,22937.6,22913.85,22924.95,23.75,41.295,10.7592,27.6,58.4,0.5751,57.5%,35.1032,0.15%,0.107,0.893,Bearish,Moderate Contraction,35.3,False,Uptrend,Above SMA20,22966.45,22799.2,125.75,41.5,N/A,5,Downside Breakdown,73.75,199.5,199.5
3823,14-02-2025 15:20,22932.9,22932.9,22910.85,22921.3,22.05,33.68,13.9637,14.35,56.2,0.6547,65.5%,29.0865,0.13%,0.526,0.474,Bearish,Mild Contraction,18.8,False,Uptrend,Above SMA20,22966.45,22853.35,67.95,45.15,N/A,2,Downside Breakdown,127.9,195.85,195.85
3834,17-02-2025 10:00,22770.8,22773.9,22744.0,22749.85,29.9,56.055,22.6793,33.6,110.05,0.5334,53.3%,46.5369,0.2%,0.701,0.299,Bearish,Moderate Contraction,35.3,False,Downtrend,Below SMA20,22929.45,22725.45,24.4,179.6,N/A,,,,78.0,176.8
3837,17-02-2025 10:15,22757.35,22779.65,22750.75,22778.8,28.9,45.21,12.0056,29.9,70.25,0.6392,63.9%,42.0877,0.18%,0.742,0.258,Bullish,Moderate Contraction,30.3,False,Downtrend,Below SMA20,22874.75,22740.2,38.6,95.95,N/A,4,Upside Breakout,32.5,137.35,147.85
3840,17-02-2025 10:30,22826.95,22839.85,22814.2,22824.6,25.65,40.13,7.6911,28.9,50.9,0.6392,63.9%,41.6986,0.18%,0.092,0.908,Bearish,Moderate Contraction,32.9,False,Uptrend,Above SMA20,22827.85,22740.2,84.4,3.25,N/A,1,Upside Breakout,79.4,102.05,102.05
3844,17-02-2025 10:50,22905.05,22922.35,22899.65,22911.45,22.7,42.16,17.0219,25.65,83.25,0.5384,53.8%,42.1868,0.18%,0.282,0.718,Bullish,Strong Contraction,54.9,True,Uptrend,Above SMA20,22926.65,22744.0,167.45,15.2,N/A,,,,114.2,114.2
3847,17-02-2025 11:05,22856.05,22865.4,22836.0,22841.85,29.4,43.23,17.9208,22.7,83.25,0.6801,68.0%,41.1784,0.18%,0.483,0.517,Bearish,Mild Contraction,18.5,False,Uptrend,Above SMA20,22926.65,22750.75,91.1,84.8,N/A,,,,44.6,44.6
3851,17-02-2025 11:25,22836.75,22847.9,22830.2,22840.1,17.7,41.3,18.4085,20.3,83.25,0.4286,42.9%,36.1735,0.16%,0.189,0.811,Bullish,Moderate Contraction,41.9,False,Downtrend,Above SMA20,22926.65,22797.25,42.85,86.55,N/A,11,Downside Breakdown,1.05,28.3,49.4
3855,17-02-2025 11:45,22856.6,22868.4,22847.6,22861.85,20.8,32.225,12.5963,17.0,53.05,0.6455,64.5%,31.094,0.14%,0.252,0.748,Bullish,Mild Contraction,22.7,False,Downtrend,Above SMA20,22915.65,22797.25,64.6,53.8,N/A,7,Downside Breakdown,1.05,38.8,65.65
3862,17-02-2025 12:20,22811.6,22812.9,22796.2,22812.45,16.7,25.7,6.5902,17.0,38.95,0.6498,65.0%,26.8478,0.12%,0.051,0.949,Bullish,Moderate Contraction,49.7,True,Downtrend,Below SMA20,22889.5,22809.1,3.35,77.05,N/A,8,Upside Breakout,10.3,69.75,87.35
3865,17-02-2025 12:35,22823.8,22824.75,22809.85,22818.15,14.9,22.565,7.6519,13.25,38.95,0.6603,66.0%,22.547,0.1%,0.379,0.621,Bearish,Mild Contraction,23.7,False,Downtrend,Below SMA20,22889.5,22796.2,21.95,71.35,N/A,5,Upside Breakout,10.3,81.65,81.65
3873,17-02-2025 13:15,22838.6,22850.0,22835.15,22837.25,14.85,25.41,9.8289,13.25,41.15,0.5844,58.4%,24.9898,0.11%,0.091,0.909,Bearish,Mild Contraction,29.3,False,Uptrend,Below SMA20,22899.8,22809.85,27.4,62.55,N/A,3,Upside Breakout,10.25,122.1,122.1
3883,17-02-2025 14:05,22885.7,22905.85,22880.75,22886.7,25.1,38.22,13.8686,14.85,57.3,0.6567,65.7%,35.7966,0.16%,0.04,0.96,Bullish,Mild Contraction,18.4,False,Uptrend,Above SMA20,22959.35,22834.1,52.6,72.65,N/A,11,Upside Breakout,3.5,40.3,63.25
3886,17-02-2025 14:20,22920.75,22921.5,22897.0,22906.65,24.5,39.57,11.7436,24.25,57.3,0.6192,61.9%,32.9668,0.14%,0.576,0.424,Bearish,Moderate Contraction,30.7,False,Downtrend,Above SMA20,22959.35,22859.65,47.0,52.7,N/A,8,Upside Breakout,3.5,23.35,64.1
3890,17-02-2025 14:40,22902.3,22919.2,22898.6,22912.4,20.6,29.515,10.9724,18.2,57.3,0.698,69.8%,28.0534,0.12%,0.49,0.51,Bullish,Mild Contraction,19.9,False,Downtrend,Above SMA20,22939.2,22876.75,35.65,26.8,N/A,3,Upside Breakout,10.75,50.85,80.1
3896,17-02-2025 15:10,22960.55,22970.75,22955.15,22970.75,15.6,24.59,8.7098,17.7,48.15,0.6344,63.4%,26.1113,0.11%,0.654,0.346,Bullish,Mild Contraction,28.9,False,Uptrend,Above SMA20,22963.25,22883.3,87.45,-7.5,N/A,1,Upside Breakout,8.55,86.45,102.3
3899,17-02-2025 15:25,22965.6,22974.2,22961.3,22963.5,12.9,22.465,9.9471,12.05,48.15,0.5742,57.4%,21.8124,0.09%,0.163,0.837,Bearish,Moderate Contraction,30.4,False,Uptrend,Above SMA20,22971.8,22883.3,80.2,8.3,N/A,1,Upside Breakout,20.7,95.05,95.05
3906,18-02-2025 09:45,22924.4,22938.75,22916.65,22937.25,22.1,32.665,21.9295,12.05,84.8,0.6766,67.7%,32.1492,0.14%,0.581,0.419,Bullish,Mild Contraction,14.0,False,Downtrend,Above SMA20,22992.5,22868.45,68.8,55.25,N/A,6,Downside Breakdown,0.85,44.0,123.1
3914,18-02-2025 10:25,22841.9,22843.25,22820.05,22827.15,23.2,36.74,11.0033,22.1,57.3,0.6315,63.1%,34.046,0.15%,0.636,0.364,Bearish,Mild Contraction,28.6,False,Downtrend,Below SMA20,22968.3,22822.15,5.0,141.15,N/A,1,Downside Breakdown,4.15,33.55,50.4
3917,18-02-2025 10:40,22836.85,22844.0,22827.3,22841.45,16.7,33.4,11.6229,22.75,57.3,0.5,50.0%,29.4006,0.13%,0.275,0.725,Bullish,Moderate Contraction,38.6,False,Downtrend,Below SMA20,22968.3,22814.15,27.3,126.85,N/A,6,Downside Breakdown,12.65,36.1,39.95
3928,18-02-2025 11:35,22850.0,22853.8,22838.8,22843.15,15.0,23.035,4.9468,18.65,32.65,0.6512,65.1%,22.8605,0.1%,0.457,0.543,Bearish,Moderate Contraction,30.9,False,Uptrend,Below SMA20,22877.55,22801.5,41.65,34.4,N/A,2,Upside Breakout,23.15,57.55,57.55
3948,18-02-2025 13:15,22872.05,22887.7,22871.75,22879.4,15.95,23.675,5.3487,17.1,31.35,0.6737,67.4%,21.7446,0.1%,0.461,0.539,Bullish,Moderate Contraction,48.7,True,Uptrend,Above SMA20,22909.55,22839.95,39.45,30.15,N/A,4,Upside Breakout,8.45,54.9,54.9
3959,18-02-2025 14:10,22919.7,22932.6,22915.8,22917.25,16.8,25.995,7.9692,15.75,42.4,0.6463,64.6%,24.5677,0.11%,0.146,0.854,Bearish,Mild Contraction,26.8,False,Uptrend,Above SMA20,22934.3,22873.35,43.9,17.05,N/A,3,Upside Breakout,13.35,35.45,53.55
3970,18-02-2025 15:05,22951.3,22961.9,22949.8,22955.6,12.1,21.505,4.9091,13.85,29.55,0.5627,56.3%,21.8195,0.1%,0.355,0.645,Bullish,Moderate Contraction,37.4,False,Uptrend,Above SMA20,22970.8,22909.7,45.9,15.2,N/A,5,Downside Breakdown,94.85,140.75,140.75
3984,19-02-2025 10:00,22988.35,22996.2,22973.25,22973.8,22.95,33.325,12.4695,17.7,52.85,0.6887,68.9%,31.2227,0.14%,0.634,0.366,Bearish,Moderate Contraction,38.1,True,Uptrend,Above SMA20,22992.05,22814.85,158.95,18.25,N/A,3,Upside Breakout,39.1,69.25,76.15
3988,19-02-2025 10:20,23026.6,23043.05,23021.05,23036.45,22.0,33.49,10.6277,21.95,52.85,0.6569,65.7%,31.4858,0.14%,0.448,0.552,Bullish,Mild Contraction,27.8,False,Uptrend,Above SMA20,23031.15,22846.8,189.65,-5.3,N/A,1,Upside Breakout,6.05,41.9,114.0
3992,19-02-2025 10:40,23030.65,23036.3,23019.55,23020.75,16.75,26.875,8.2026,14.1,44.75,0.6233,62.3%,26.4062,0.11%,0.591,0.409,Bearish,Mild Contraction,26.4,False,Uptrend,Above SMA20,23049.95,22939.55,81.2,29.2,N/A,3,Downside Breakdown,13.3,98.3,98.3
4000,19-02-2025 11:20,22961.1,22970.15,22958.5,22969.55,11.65,30.625,7.6484,16.75,39.15,0.3804,38.0%,28.6112,0.12%,0.725,0.275,Bullish,Strong Contraction,50.7,False,Downtrend,Below SMA20,23049.95,22922.45,47.1,80.4,N/A,,,,23.15,41.85
4003,19-02-2025 11:35,22986.45,22987.8,22970.45,22972.45,17.35,30.695,8.4169,11.65,39.15,0.5652,56.5%,26.8304,0.12%,0.807,0.193,Bearish,Mild Contraction,29.6,False,Downtrend,Below SMA20,23028.1,22922.45,50.0,55.65,N/A,18,Downside Breakdown,8.2,38.95,51.1
4009,19-02-2025 12:05,23005.35,23009.1,22996.0,23001.0,13.1,21.19,7.1704,9.9,32.95,0.6182,61.8%,21.6765,0.09%,0.332,0.668,Bearish,Moderate Contraction,44.6,True,Uptrend,Above SMA20,23011.4,22946.4,54.6,10.4,N/A,2,Upside Breakout,12.15,43.85,67.7
4017,19-02-2025 12:45,22944.1,22952.4,22938.85,22940.75,13.55,20.135,5.8686,10.2,30.15,0.673,67.3%,20.4151,0.09%,0.247,0.753,Bearish,Mild Contraction,20.4,False,Downtrend,Below SMA20,23023.55,22933.3,7.45,82.8,N/A,4,Downside Breakdown,19.05,26.5,26.5
4020,19-02-2025 13:00,22948.8,22954.05,22941.0,22943.65,13.05,18.795,6.4459,10.2,30.15,0.6943,69.4%,17.9315,0.08%,0.395,0.605,Bearish,Mild Contraction,18.1,False,Downtrend,Below SMA20,23023.55,22933.3,10.35,79.9,N/A,1,Downside Breakdown,19.05,29.4,29.4
4023,19-02-2025 13:15,22938.75,22941.6,22932.65,22936.25,8.95,19.27,6.8024,13.05,33.65,0.4645,46.4%,18.5356,0.08%,0.279,0.721,Bearish,Moderate Contraction,41.0,False,Downtrend,Below SMA20,22993.45,22914.25,22.0,57.2,N/A,12,Downside Breakdown,36.7,24.8,24.8
4026,19-02-2025 13:30,22928.7,22934.65,22925.8,22933.2,8.85,16.99,7.1422,8.95,33.65,0.5209,52.1%,16.5151,0.07%,0.508,0.492,Bullish,Moderate Contraction,35.9,False,Downtrend,Below SMA20,22956.55,22914.25,18.95,23.35,N/A,2,Upside Breakout,4.5,27.85,56.75
4029,19-02-2025 13:45,22938.25,22945.05,22934.1,22940.2,10.95,16.995,7.4372,8.85,33.65,0.6443,64.4%,16.7081,0.07%,0.178,0.822,Bullish,Mild Contraction,22.1,False,Downtrend,Below SMA20,22961.05,22914.25,25.95,20.85,N/A,6,Downside Breakdown,36.7,14.9,81.4
4040,19-02-2025 14:40,22884.2,22889.75,22877.2,22880.85,12.55,25.475,18.5085,10.35,73.7,0.4926,49.3%,23.122,0.1%,0.267,0.733,Bearish,Moderate Contraction,32.4,False,Downtrend,Below SMA20,22953.65,22858.8,22.05,72.8,N/A,10,Downside Breakdown,44.85,64.8,68.3
4043,19-02-2025 14:55,22921.0,22927.05,22909.95,22917.8,17.1,27.165,17.9927,10.35,73.7,0.6295,62.9%,22.8255,0.1%,0.187,0.813,Bearish,Mild Contraction,18.8,False,Downtrend,Above SMA20,22953.65,22858.8,59.0,35.85,N/A,7,Downside Breakdown,44.85,31.35,103.85
4046,19-02-2025 15:10,22946.55,22949.15,22938.8,22939.95,10.35,22.275,6.8695,12.55,35.95,0.4646,46.5%,19.8782,0.09%,0.638,0.362,Bearish,Moderate Contraction,42.1,False,Uptrend,Above SMA20,22945.65,22858.8,81.15,5.7,N/A,4,Downside Breakdown,44.85,126.0,127.2
4059,20-02-2025 10:00,22884.45,22885.75,22863.6,22874.7,22.15,38.265,15.1185,20.9,68.35,0.5789,57.9%,34.7235,0.15%,0.44,0.56,Bearish,Strong Contraction,50.8,True,Downtrend,Below SMA20,22933.25,22812.75,61.95,58.55,N/A,,,,35.05,35.05
4064,20-02-2025 10:25,22885.95,22893.95,22873.7,22880.5,20.25,33.79,14.686,17.75,68.35,0.5993,59.9%,30.2839,0.13%,0.269,0.731,Bearish,Mild Contraction,27.2,False,Downtrend,Below SMA20,22909.75,22812.75,67.75,29.25,N/A,8,Upside Breakout,1.7,24.1,33.6
4067,20-02-2025 10:40,22891.55,22894.25,22879.75,22883.2,14.5,26.985,10.3775,13.05,45.0,0.5373,53.7%,25.2231,0.11%,0.576,0.424,Bearish,Moderate Contraction,33.2,False,Uptrend,Above SMA20,22909.75,22823.4,59.8,26.55,N/A,5,Upside Breakout,1.7,28.25,30.9
4070,20-02-2025 10:55,22880.95,22887.6,22876.15,22887.2,11.45,20.225,8.0482,12.05,34.65,0.5661,56.6%,20.6153,0.09%,0.546,0.454,Bullish,Strong Contraction,53.1,True,Uptrend,Above SMA20,22909.75,22858.85,28.35,22.55,N/A,2,Upside Breakout,1.7,26.9,26.9
4073,20-02-2025 11:10,22909.75,22913.05,22902.6,22911.3,10.45,16.83,7.0209,11.45,34.65,0.6209,62.1%,18.0136,0.08%,0.148,0.852,Bullish,Mild Contraction,29.1,False,Uptrend,Above SMA20,22911.45,22873.7,37.6,0.15,N/A,1,Upside Breakout,2.65,16.3,32.25
4077,20-02-2025 11:30,22904.4,22910.4,22902.2,22908.8,8.2,12.655,2.2219,8.8,16.0,0.648,64.8%,14.9627,0.07%,0.537,0.463,Bullish,Moderate Contraction,33.0,False,Uptrend,Above SMA20,22914.1,22875.1,33.7,5.3,N/A,18,Downside Breakdown,4.55,29.75,29.75
4081,20-02-2025 11:50,22890.95,22895.0,22886.1,22893.35,8.9,13.04,5.5937,8.05,26.85,0.6825,68.3%,14.5351,0.06%,0.27,0.73,Bullish,Mild Contraction,21.3,False,Downtrend,Below SMA20,22914.1,22879.05,14.3,20.75,N/A,14,Downside Breakdown,8.5,10.6,15.45
4087,20-02-2025 12:20,22892.85,22896.85,22890.4,22895.0,6.45,11.06,5.7855,6.65,26.85,0.5832,58.3%,11.1543,0.05%,0.333,0.667,Bullish,Strong Contraction,50.7,True,Downtrend,Below SMA20,22910.4,22879.05,15.95,15.4,N/A,8,Downside Breakdown,8.5,13.8,24.45
4102,20-02-2025 13:35,22892.05,22898.65,22889.5,22891.9,9.15,13.375,5.85,9.5,29.3,0.6841,68.4%,11.9777,0.05%,0.016,0.984,Bearish,Mild Contraction,24.5,False,Downtrend,Below SMA20,22906.45,22870.55,21.35,14.55,N/A,1,Upside Breakout,0.85,31.1,31.1
4111,20-02-2025 14:20,22902.95,22905.95,22899.75,22905.0,6.2,13.665,3.4076,9.15,18.4,0.4537,45.4%,12.4065,0.05%,0.331,0.669,Bullish,Strong Contraction,65.0,True,Uptrend,Above SMA20,22923.0,22883.95,21.05,18.0,N/A,5,Upside Breakout,0.85,18.85,18.85
4115,20-02-2025 14:40,22910.35,22916.6,22908.85,22912.65,7.75,11.795,3.9597,6.2,17.45,0.6571,65.7%,10.9993,0.05%,0.297,0.703,Bullish,Mild Contraction,22.0,False,Downtrend,Above SMA20,22923.0,22893.8,18.85,10.35,N/A,1,Upside Breakout,0.85,15.7,63.0
4120,20-02-2025 15:05,22910.8,22914.5,22906.95,22914.45,7.55,11.275,4.3369,6.2,20.35,0.6696,67.0%,12.003,0.05%,0.483,0.517,Bullish,Moderate Contraction,40.7,True,Uptrend,Above SMA20,22923.85,22895.25,19.2,9.4,N/A,5,Downside Breakdown,45.6,64.8,74.7
4135,21-02-2025 10:05,22818.85,22824.2,22804.85,22810.85,19.35,29.03,12.6593,20.4,62.1,0.6666,66.7%,23.0803,0.1%,0.413,0.587,Bearish,Mild Contraction,25.7,False,Downtrend,Below SMA20,22921.0,22802.25,8.6,110.15,N/A,1,Downside Breakdown,42.9,77.55,77.55
4139,21-02-2025 10:25,22773.1,22780.2,22767.25,22767.25,12.95,30.43,12.6535,19.35,59.25,0.4256,42.6%,26.8034,0.12%,0.452,0.548,Bearish,Strong Contraction,62.6,True,Downtrend,Below SMA20,22898.15,22733.3,33.95,130.9,N/A,,,,30.75,30.75
4142,21-02-2025 10:40,22782.5,22790.9,22773.95,22789.2,16.95,27.845,13.4348,12.95,59.25,0.6087,60.9%,24.9203,0.11%,0.395,0.605,Bullish,Mild Contraction,23.9,False,Downtrend,Below SMA20,22837.7,22733.3,55.9,48.5,N/A,,,,46.35,48.5
4145,21-02-2025 10:55,22762.65,22777.25,22758.45,22777.25,18.8,27.175,13.7868,12.95,59.25,0.6918,69.2%,24.0853,0.11%,0.777,0.223,Bullish,Mild Contraction,15.3,False,Downtrend,Below SMA20,22824.2,22733.3,43.95,46.95,N/A,20,Upside Breakout,0.25,36.55,43.65
4149,21-02-2025 11:15,22768.0,22768.0,22755.0,22759.25,13.0,23.435,9.7351,12.4,45.8,0.5547,55.5%,24.4223,0.11%,0.673,0.327,Bearish,Moderate Contraction,32.6,False,Downtrend,Below SMA20,22798.0,22740.7,18.55,38.75,N/A,4,Upside Breakout,22.9,61.65,61.65
4154,21-02-2025 11:40,22808.85,22814.0,22798.9,22800.75,15.1,23.56,11.3683,11.85,45.8,0.6409,64.1%,22.861,0.1%,0.536,0.464,Bearish,Mild Contraction,21.5,False,Uptrend,Above SMA20,22820.9,22740.7,60.05,20.15,N/A,10,Upside Breakout,2.05,23.65,24.05
4160,21-02-2025 12:10,22783.6,22789.1,22776.7,22786.3,12.4,19.43,6.9705,11.85,37.35,0.6382,63.8%,19.3036,0.08%,0.218,0.782,Bullish,Moderate Contraction,47.1,True,Uptrend,Above SMA20,22820.9,22746.8,39.5,34.6,N/A,4,Upside Breakout,2.05,38.15,38.15
4171,21-02-2025 13:05,22767.55,22778.65,22766.9,22770.2,11.75,17.77,5.5483,12.2,31.35,0.6612,66.1%,18.2105,0.08%,0.226,0.774,Bullish,Mild Contraction,27.6,False,Downtrend,Below SMA20,22824.45,22757.95,12.25,54.25,N/A,4,Downside Breakdown,8.2,20.45,49.9
4174,21-02-2025 13:20,22778.45,22779.25,22770.0,22775.95,9.25,18.105,5.606,11.75,31.35,0.5109,51.1%,16.9997,0.07%,0.27,0.73,Bearish,Moderate Contraction,38.7,False,Downtrend,Below SMA20,22824.45,22757.95,18.0,48.5,N/A,1,Downside Breakdown,8.2,55.65,55.65
4181,21-02-2025 13:55,22751.75,22758.3,22749.1,22756.15,9.2,20.26,9.7812,9.25,43.25,0.4541,45.4%,19.2989,0.08%,0.478,0.522,Bullish,Moderate Contraction,39.7,False,Downtrend,Below SMA20,22787.2,22720.3,35.85,31.05,N/A,4,Upside Breakout,3.65,35.9,42.6
4184,21-02-2025 14:10,22769.8,22781.15,22769.4,22778.9,11.75,21.855,10.2898,9.2,43.25,0.5376,53.8%,19.974,0.09%,0.774,0.226,Bullish,Moderate Contraction,30.2,False,Uptrend,Above SMA20,22779.25,22720.3,58.6,0.35,N/A,1,Upside Breakout,11.6,18.85,21.8
4189,21-02-2025 14:35,22768.75,22781.75,22768.75,22779.9,13.0,18.92,6.6244,9.2,27.35,0.6871,68.7%,18.6878,0.08%,0.858,0.142,Bullish,Mild Contraction,17.4,False,Uptrend,Above SMA20,22792.05,22720.3,59.6,12.15,N/A,1,Upside Breakout,0.45,20.8,32.8
4196,21-02-2025 15:10,22808.85,22812.7,22806.05,22810.75,6.65,18.16,4.4433,12.25,25.1,0.3662,36.6%,17.1636,0.08%,0.286,0.714,Bullish,Strong Contraction,52.0,False,Uptrend,Above SMA20,22808.15,22760.05,50.7,-2.6,N/A,1,Upside Breakout,4.1,203.25,247.55
4207,24-02-2025 09:50,22591.05,22596.95,22580.1,22587.6,16.85,32.015,14.9404,7.85,60.55,0.5263,52.6%,32.1134,0.14%,0.205,0.795,Bearish,Mild Contraction,27.6,False,Downtrend,Below SMA20,22812.25,22563.2,24.4,224.65,N/A,3,Downside Breakdown,2.9,27.3,39.25
4210,24-02-2025 10:05,22574.4,22576.75,22560.3,22576.6,16.45,31.585,14.1966,16.85,60.55,0.5208,52.1%,27.7102,0.12%,0.134,0.866,Bullish,Moderate Contraction,35.6,False,Downtrend,Below SMA20,22668.05,22563.2,13.4,91.45,N/A,3,Downside Breakdown,14.15,28.25,28.25
4215,24-02-2025 10:30,22567.3,22575.5,22562.95,22574.1,12.55,21.86,5.5758,13.65,31.85,0.5741,57.4%,23.6795,0.1%,0.542,0.458,Bullish,Moderate Contraction,35.5,False,Uptrend,Below SMA20,22596.95,22548.35,25.75,22.85,N/A,14,Upside Breakout,14.9,22.1,24.0
4219,24-02-2025 10:50,22577.55,22579.35,22568.6,22571.05,10.75,19.225,6.4858,10.05,31.85,0.5592,55.9%,20.3933,0.09%,0.605,0.395,Bearish,Moderate Contraction,33.1,False,Downtrend,Below SMA20,22590.05,22548.35,22.7,19.0,N/A,10,Upside Breakout,21.8,20.95,40.8
4223,24-02-2025 11:10,22574.3,22580.95,22568.55,22568.55,12.4,18.38,7.169,10.05,31.85,0.6746,67.5%,18.4062,0.08%,0.464,0.536,Bearish,Mild Contraction,20.0,False,Uptrend,Below SMA20,22580.9,22548.35,20.2,12.35,N/A,1,Upside Breakout,3.7,16.05,51.5
4227,24-02-2025 11:30,22573.85,22577.4,22568.65,22576.9,8.75,15.46,5.9434,7.1,25.6,0.566,56.6%,15.8755,0.07%,0.349,0.651,Bullish,Mild Contraction,29.4,False,Uptrend,Above SMA20,22584.6,22550.1,26.8,7.7,N/A,2,Upside Breakout,27.25,43.15,43.15
4237,24-02-2025 12:20,22570.8,22571.45,22562.25,22567.8,9.2,17.465,7.615,7.75,32.75,0.5268,52.7%,16.2844,0.07%,0.326,0.674,Bearish,Strong Contraction,52.3,True,Downtrend,Below SMA20,22620.05,22558.6,9.2,52.25,N/A,2,Downside Breakdown,4.7,16.1,23.2
4243,24-02-2025 12:50,22564.3,22571.55,22562.65,22571.55,8.9,16.375,4.0303,9.2,22.45,0.5435,54.4%,15.8497,0.07%,0.815,0.185,Bullish,Strong Contraction,58.2,True,Downtrend,Below SMA20,22594.05,22553.9,17.65,22.5,N/A,6,Downside Breakdown,2.3,19.45,46.85
4248,24-02-2025 13:15,22572.3,22576.25,22568.2,22575.95,8.05,15.58,3.9846,8.9,22.45,0.5167,51.7%,14.4743,0.06%,0.453,0.547,Bullish,Moderate Contraction,39.9,False,Uptrend,Below SMA20,22591.0,22553.9,22.05,15.05,N/A,1,Downside Breakdown,2.3,51.25,57.15
4251,24-02-2025 13:30,22560.35,22565.2,22555.3,22562.8,9.9,15.96,5.9872,8.05,28.75,0.6203,62.0%,15.6842,0.07%,0.247,0.753,Bullish,Mild Contraction,24.9,False,Downtrend,Below SMA20,22591.0,22544.3,18.5,28.2,N/A,1,Downside Breakdown,19.6,44.0,44.0
4256,24-02-2025 13:55,22545.95,22547.55,22538.15,22546.05,9.4,17.44,9.6246,8.05,39.45,0.539,53.9%,16.3707,0.07%,0.011,0.989,Bullish,Moderate Contraction,30.5,False,Downtrend,Below SMA20,22591.0,22518.8,27.25,44.95,N/A,19,Downside Breakdown,2.35,16.25,44.1
4268,24-02-2025 14:55,22574.8,22574.8,22567.75,22571.5,7.05,17.79,2.6353,13.8,20.95,0.3963,39.6%,15.9433,0.07%,0.468,0.532,Bearish,Strong Contraction,57.4,False,Uptrend,Above SMA20,22590.15,22531.7,39.8,18.65,N/A,7,Downside Breakdown,15.25,27.35,55.05
4273,24-02-2025 15:20,22549.9,22550.6,22544.15,22547.95,6.45,17.21,6.3136,7.05,31.75,0.3748,37.5%,15.5674,0.07%,0.302,0.698,Bearish,Moderate Contraction,47.1,False,Downtrend,Below SMA20,22590.15,22540.95,7.0,42.2,N/A,2,Downside Breakdown,24.5,37.0,77.35
4280,25-02-2025 09:40,22600.55,22608.9,22592.9,22603.85,16.0,25.85,18.4,6.45,68.2,0.619,61.9%,25.225,0.11%,0.206,0.794,Bullish,Mild Contraction,17.5,False,Uptrend,Above SMA20,22611.75,22516.45,87.4,7.9,N/A,1,Upside Breakout,13.55,21.45,38.85
4283,25-02-2025 09:55,22608.7,22613.05,22594.95,22607.2,18.1,28.15,17.8086,6.45,68.2,0.643,64.3%,24.2831,0.11%,0.083,0.917,Bearish,Mild Contraction,15.3,False,Uptrend,Above SMA20,22625.3,22516.45,90.75,18.1,N/A,,,,39.9,45.7
4288,25-02-2025 10:20,22573.1,22579.5,22567.3,22572.7,12.2,24.855,8.2418,16.0,38.7,0.4908,49.1%,22.4465,0.1%,0.033,0.967,Bearish,Moderate Contraction,39.6,False,Downtrend,Below SMA20,22625.3,22546.25,26.45,52.6,N/A,14,Downside Breakdown,1.4,21.3,21.3
4292,25-02-2025 10:40,22586.75,22588.9,22577.8,22582.8,11.1,19.535,4.9416,12.2,31.65,0.5682,56.8%,19.7196,0.09%,0.356,0.644,Bearish,Moderate Contraction,36.1,False,Downtrend,Above SMA20,22622.1,22565.0,17.8,39.3,N/A,1,Downside Breakdown,3.5,27.65,37.95
4296,25-02-2025 11:00,22564.25,22564.5,22555.15,22561.55,9.35,18.0,6.6197,10.3,31.65,0.5194,51.9%,17.1447,0.08%,0.289,0.711,Bearish,Moderate Contraction,36.9,False,Downtrend,Below SMA20,22603.55,22558.9,2.65,42.0,N/A,1,Downside Breakdown,0.4,10.9,16.7
4299,25-02-2025 11:15,22566.95,22569.2,22561.0,22563.95,8.2,13.915,5.6965,7.05,24.2,0.5893,58.9%,13.8647,0.06%,0.366,0.634,Bearish,Mild Contraction,28.0,False,Downtrend,Below SMA20,22594.0,22555.15,8.8,30.05,N/A,2,Downside Breakdown,4.5,19.1,19.1
4306,25-02-2025 11:50,22557.75,22561.65,22556.4,22557.25,5.25,10.14,2.8001,7.05,16.25,0.5178,51.8%,11.7527,0.05%,0.095,0.905,Bearish,Moderate Contraction,39.1,False,Downtrend,Below SMA20,22573.6,22544.85,12.4,16.35,N/A,4,Upside Breakout,7.55,33.05,33.05
4312,25-02-2025 12:20,22577.1,22580.35,22572.1,22576.15,8.25,11.88,4.2075,5.25,18.15,0.6944,69.4%,12.0269,0.05%,0.115,0.885,Bearish,Mild Contraction,15.6,False,Uptrend,Above SMA20,22590.3,22544.85,31.3,14.15,N/A,9,Upside Breakout,6.1,10.2,24.25
4316,25-02-2025 12:40,22568.6,22571.75,22566.05,22567.65,5.7,10.83,4.1857,5.25,18.15,0.5263,52.6%,10.6174,0.05%,0.167,0.833,Bearish,Strong Contraction,54.4,True,Uptrend,Above SMA20,22590.3,22553.0,14.65,22.65,N/A,5,Upside Breakout,6.1,28.75,32.75
4320,25-02-2025 13:00,22574.6,22578.9,22573.8,22576.35,5.1,10.19,4.0944,5.65,18.15,0.5005,50.0%,9.3136,0.04%,0.343,0.657,Bullish,Moderate Contraction,37.6,False,Uptrend,Above SMA20,22590.3,22566.05,10.3,13.95,N/A,1,Upside Breakout,6.1,24.05,24.05
4356,27-02-2025 09:45,22560.25,22570.0,22552.8,22554.4,17.2,25.425,10.0287,13.8,44.35,0.6765,67.6%,24.7103,0.11%,0.34,0.66,Bearish,Mild Contraction,19.6,False,Uptrend,Below SMA20,22613.3,22513.9,40.5,58.9,N/A,,,,24.4,28.0
4359,27-02-2025 10:00,22537.95,22548.3,22536.6,22539.0,11.7,25.735,9.6681,17.2,44.35,0.4546,45.5%,21.8035,0.1%,0.09,0.91,Bullish,Moderate Contraction,41.3,False,Uptrend,Below SMA20,22613.3,22513.9,25.1,74.3,N/A,,,,13.45,25.7
4362,27-02-2025 10:15,22542.9,22549.75,22540.25,22540.25,9.5,20.215,8.1138,11.7,39.95,0.4699,47.0%,18.4467,0.08%,0.279,0.721,Bearish,Moderate Contraction,39.7,False,Downtrend,Below SMA20,22576.25,22530.0,10.25,36.0,N/A,1,Downside Breakdown,3.05,14.7,24.45
4367,27-02-2025 10:40,22550.85,22554.95,22547.5,22553.4,7.45,13.93,3.2992,9.5,20.0,0.5348,53.5%,14.8197,0.07%,0.342,0.658,Bullish,Moderate Contraction,39.3,False,Uptrend,Above SMA20,22555.9,22526.4,27.0,2.5,N/A,2,Upside Breakout,8.8,12.6,20.75
4373,27-02-2025 11:10,22543.05,22549.35,22542.1,22548.95,7.25,10.655,3.3576,4.25,14.45,0.6804,68.0%,11.5209,0.05%,0.814,0.186,Bullish,Mild Contraction,16.8,False,Uptrend,Above SMA20,22564.7,22526.4,22.55,15.75,N/A,7,Downside Breakdown,2.2,20.65,29.35
4376,27-02-2025 11:25,22540.35,22542.55,22538.2,22539.85,4.35,9.72,3.9375,4.25,17.9,0.4475,44.8%,10.6754,0.05%,0.115,0.885,Bearish,Moderate Contraction,40.9,False,Downtrend,Below SMA20,22564.7,22538.9,0.95,24.85,N/A,1,Downside Breakdown,6.25,15.65,20.25
4384,27-02-2025 12:05,22521.75,22525.2,22519.65,22523.1,5.55,8.535,3.5472,4.35,17.9,0.6503,65.0%,8.5787,0.04%,0.243,0.757,Bullish,Mild Contraction,21.3,False,Downtrend,Below SMA20,22557.25,22519.6,3.5,34.15,N/A,6,Downside Breakdown,3.45,11.0,12.5
4394,27-02-2025 12:55,22532.25,22535.6,22531.2,22534.3,4.4,6.625,1.1772,4.7,8.55,0.6642,66.4%,6.8513,0.03%,0.466,0.534,Bullish,Strong Contraction,51.5,True,Uptrend,Above SMA20,22534.1,22516.15,18.15,-0.2,N/A,1,Upside Breakout,3.55,8.35,10.45
4413,27-02-2025 14:30,22551.25,22552.9,22547.0,22549.7,5.9,9.585,1.6861,7.95,12.7,0.6155,61.6%,8.7394,0.04%,0.263,0.737,Bearish,Moderate Contraction,35.8,False,Uptrend,Above SMA20,22553.75,22531.05,18.65,4.05,N/A,5,Upside Breakout,3.15,14.85,17.05
4431,28-02-2025 09:45,22261.15,22281.25,22255.4,22259.65,25.85,41.365,36.9564,8.45,136.4,0.6249,62.5%,37.6884,0.17%,0.058,0.942,Bearish,Moderate Contraction,35.8,True,Downtrend,Below SMA20,22556.1,22249.1,10.55,296.45,N/A,2,Downside Breakdown,15.5,35.55,35.55
4434,28-02-2025 10:00,22235.4,22247.45,22224.1,22238.0,23.35,46.735,33.4357,23.45,136.4,0.4996,50.0%,34.9009,0.16%,0.111,0.889,Bullish,Moderate Contraction,34.9,False,Downtrend,Below SMA20,22538.15,22233.6,4.4,300.15,N/A,,,,55.5,62.5
4438,28-02-2025 10:20,22287.9,22293.5,22272.9,22291.05,20.6,31.375,13.9502,13.8,63.0,0.6566,65.7%,29.0817,0.13%,0.153,0.847,Bullish,Mild Contraction,18.6,False,Uptrend,Below SMA20,22339.8,22224.1,66.95,48.75,N/A,18,Downside Breakdown,3.55,27.9,50.85
4447,28-02-2025 11:05,22254.55,22261.75,22251.6,22259.95,10.15,22.365,4.5499,17.75,30.95,0.4538,45.4%,21.9615,0.1%,0.532,0.468,Bullish,Moderate Contraction,47.5,False,Downtrend,Below SMA20,22300.5,22240.2,19.75,40.55,N/A,3,Downside Breakdown,0.55,20.3,39.4
4450,28-02-2025 11:20,22247.5,22251.3,22239.65,22243.65,11.65,18.77,5.7515,10.15,30.95,0.6207,62.1%,18.9005,0.08%,0.33,0.67,Bearish,Mild Contraction,27.2,False,Downtrend,Below SMA20,22300.5,22240.2,3.45,56.85,N/A,4,Downside Breakdown,2.1,36.35,36.35
4453,28-02-2025 11:35,22253.55,22263.25,22250.25,22260.15,13.0,18.735,7.0573,10.15,30.95,0.6939,69.4%,19.505,0.09%,0.508,0.492,Bullish,Mild Contraction,17.8,False,Downtrend,Below SMA20,22294.1,22239.65,20.5,33.95,N/A,1,Downside Breakdown,1.55,39.6,42.65
4459,28-02-2025 12:05,22226.6,22227.55,22217.5,22217.5,10.05,17.805,6.1472,11.15,29.25,0.5644,56.4%,17.4557,0.08%,0.905,0.095,Bearish,Moderate Contraction,34.1,False,Downtrend,Below SMA20,22280.0,22220.55,-3.05,62.5,N/A,1,Downside Breakdown,1.75,36.25,109.2
4467,28-02-2025 12:45,22170.05,22180.45,22167.3,22173.05,13.15,19.975,11.9134,7.3,42.75,0.6583,65.8%,20.8572,0.09%,0.228,0.772,Bullish,Mild Contraction,16.0,False,Downtrend,Below SMA20,22253.75,22167.4,5.65,80.7,N/A,1,Downside Breakdown,26.35,67.9,67.9
4474,28-02-2025 13:20,22130.75,22136.6,22123.65,22130.3,12.95,28.345,9.7686,13.15,42.75,0.4569,45.7%,22.9167,0.1%,0.035,0.965,Bearish,Moderate Contraction,41.8,False,Downtrend,Below SMA20,22249.3,22105.15,25.15,119.0,N/A,,,,18.75,33.5
4477,28-02-2025 13:35,22118.2,22125.45,22111.55,22122.1,13.9,23.085,8.3067,12.95,34.65,0.6021,60.2%,20.5654,0.09%,0.281,0.719,Bullish,Mild Contraction,29.2,False,Downtrend,Below SMA20,22180.45,22105.15,16.95,58.35,N/A,14,Upside Breakout,18.3,41.7,41.7
4484,28-02-2025 14:10,22134.45,22138.8,22126.4,22138.5,12.4,21.735,11.2687,12.95,48.95,0.5705,57.1%,21.6199,0.1%,0.327,0.673,Bullish,Strong Contraction,51.5,True,Uptrend,Above SMA20,22163.8,22111.55,26.95,25.3,N/A,6,Upside Breakout,9.5,17.3,60.25
4487,28-02-2025 14:25,22137.4,22144.3,22135.1,22140.45,9.2,23.2,11.4951,12.4,48.95,0.3966,39.7%,20.6822,0.09%,0.332,0.668,Bullish,Moderate Contraction,43.4,False,Uptrend,Above SMA20,22163.8,22111.55,28.9,23.35,N/A,3,Upside Breakout,9.5,58.3,58.3
4495,28-02-2025 15:05,22137.25,22138.3,22127.55,22133.35,10.75,26.685,15.0711,9.2,49.5,0.4028,40.3%,25.2253,0.11%,0.363,0.637,Bearish,Moderate Contraction,40.5,False,Uptrend,Below SMA20,22198.75,22123.55,9.8,65.4,N/A,1,Downside Breakdown,6.3,128.2,128.2
4508,03-03-2025 09:55,22053.8,22075.7,22050.55,22067.5,25.15,44.385,20.6602,19.5,80.5,0.5666,56.7%,40.6519,0.18%,0.545,0.455,Bullish,Moderate Contraction,47.7,True,Downtrend,Below SMA20,22261.55,22052.5,15.0,194.05,N/A,1,Downside Breakdown,22.85,55.25,55.25
4511,03-03-2025 10:10,22018.85,22035.6,22013.45,22024.9,22.15,43.46,17.3227,25.15,80.5,0.5097,51.0%,37.2828,0.17%,0.273,0.727,Bullish,Moderate Contraction,37.0,False,Downtrend,Below SMA20,22257.65,22012.25,12.65,232.75,N/A,11,Downside Breakdown,1.55,79.3,79.3
4520,03-03-2025 10:55,22052.65,22053.7,22035.1,22045.1,18.6,36.625,10.8614,22.15,59.0,0.5078,50.8%,35.2818,0.16%,0.406,0.594,Bearish,Moderate Contraction,39.3,False,Uptrend,Below SMA20,22104.2,22012.25,32.85,59.1,N/A,2,Downside Breakdown,1.55,40.4,40.4
4524,03-03-2025 11:15,22030.55,22032.7,22008.0,22011.95,24.7,35.475,11.6032,18.6,59.0,0.6963,69.6%,32.0784,0.15%,0.753,0.247,Bearish,Mild Contraction,17.6,False,Downtrend,Below SMA20,22104.2,22005.7,6.25,92.25,N/A,1,Downside Breakdown,1.0,32.3,32.3
4529,03-03-2025 11:40,22020.3,22027.9,22013.75,22017.75,14.15,24.615,5.9318,13.95,34.55,0.5749,57.5%,25.7509,0.12%,0.18,0.82,Bearish,Moderate Contraction,35.6,False,Downtrend,Below SMA20,22078.65,22004.7,13.05,60.9,N/A,8,Upside Breakout,7.85,24.85,86.15
4532,03-03-2025 11:55,22016.1,22025.75,22011.35,22012.8,14.4,22.245,5.0711,13.95,28.45,0.6473,64.7%,23.4407,0.11%,0.229,0.771,Bearish,Mild Contraction,29.7,False,Downtrend,Below SMA20,22044.25,22004.7,8.1,31.45,N/A,3,Upside Breakout,11.6,73.7,139.9
4545,03-03-2025 13:00,22113.55,22124.1,22105.0,22119.15,19.1,31.545,8.6328,19.35,46.85,0.6055,60.5%,28.5952,0.13%,0.293,0.707,Bullish,Strong Contraction,52.6,True,Uptrend,Above SMA20,22154.15,22024.45,94.7,35.0,N/A,2,Upside Breakout,0.9,55.0,55.0
4552,03-03-2025 13:35,22108.3,22124.5,22107.5,22118.5,17.0,29.425,9.6568,19.1,46.85,0.5777,57.8%,26.7612,0.12%,0.6,0.4,Bullish,Moderate Contraction,33.4,False,Downtrend,Above SMA20,22174.15,22092.45,26.05,55.65,N/A,6,Downside Breakdown,20.55,31.25,46.6
4565,03-03-2025 14:40,22128.95,22142.85,22126.7,22138.65,16.15,31.45,9.5827,20.9,47.3,0.5135,51.4%,27.456,0.12%,0.601,0.399,Bullish,Strong Contraction,58.6,True,Uptrend,Above SMA20,22153.55,22071.9,66.75,14.9,N/A,10,Downside Breakdown,107.3,39.45,174.05
4570,03-03-2025 15:05,22110.8,22124.7,22110.5,22116.9,14.2,26.29,6.128,16.15,33.65,0.5401,54.0%,25.4254,0.11%,0.43,0.57,Bullish,Moderate Contraction,39.0,False,Uptrend,Below SMA20,22153.55,22092.3,24.6,36.65,N/A,5,Downside Breakdown,127.7,152.3,152.3
4582,04-03-2025 09:50,22058.25,22067.45,22046.3,22066.35,21.15,37.63,16.8695,10.5,65.4,0.5621,56.2%,40.198,0.18%,0.383,0.617,Bullish,Mild Contraction,24.9,False,Downtrend,Below SMA20,22146.55,21964.6,101.75,80.2,N/A,,,,34.25,34.25
4586,04-03-2025 10:10,22038.35,22050.25,22032.1,22049.95,18.15,39.175,12.9125,21.15,65.4,0.4633,46.3%,35.3599,0.16%,0.639,0.361,Bullish,Moderate Contraction,41.7,False,Uptrend,Below SMA20,22091.05,21984.25,65.7,41.1,N/A,10,Upside Breakout,4.65,27.25,45.75
4591,04-03-2025 10:35,22073.5,22076.05,22061.3,22062.45,14.75,26.915,10.2193,13.5,44.9,0.548,54.8%,27.5897,0.13%,0.749,0.251,Bearish,Moderate Contraction,32.8,False,Uptrend,Above SMA20,22091.05,22013.6,48.85,28.6,N/A,5,Upside Breakout,4.65,33.25,41.8
4594,04-03-2025 10:50,22070.0,22080.0,22065.05,22075.95,14.95,23.99,8.651,13.5,40.3,0.6232,62.3%,24.9356,0.11%,0.398,0.602,Bullish,Mild Contraction,26.9,False,Downtrend,Above SMA20,22091.05,22032.1,43.85,15.1,N/A,2,Upside Breakout,4.65,28.3,28.3
4598,04-03-2025 11:10,22084.55,22091.0,22077.85,22083.7,13.15,20.605,5.1265,13.5,29.05,0.6382,63.8%,22.4397,0.1%,0.065,0.935,Bearish,Moderate Contraction,30.8,False,Uptrend,Above SMA20,22104.25,22048.15,35.55,20.55,N/A,11,Downside Breakdown,0.2,20.5,34.9
4601,04-03-2025 11:25,22071.0,22076.85,22067.8,22069.5,9.05,18.84,4.904,11.8,24.7,0.4804,48.0%,19.481,0.09%,0.166,0.834,Bearish,Moderate Contraction,42.5,False,Uptrend,Above SMA20,22104.25,22048.6,20.9,34.75,N/A,8,Downside Breakdown,0.65,20.7,21.55
4604,04-03-2025 11:40,22078.1,22078.2,22069.0,22070.2,9.2,16.21,5.513,9.05,23.75,0.5676,56.8%,16.6056,0.08%,0.859,0.141,Bearish,Moderate Contraction,33.5,False,Downtrend,Below SMA20,22104.25,22063.2,7.0,34.05,N/A,1,Downside Breakdown,14.4,22.25,22.25
4607,04-03-2025 11:55,22066.45,22073.15,22065.2,22072.1,7.95,14.98,5.5638,9.05,23.75,0.5307,53.1%,15.6132,0.07%,0.711,0.289,Bullish,Moderate Contraction,36.0,False,Downtrend,Below SMA20,22104.25,22048.8,23.3,32.15,N/A,2,Downside Breakdown,0.85,24.15,24.15
4610,04-03-2025 12:10,22057.15,22062.35,22055.55,22057.65,6.8,13.28,4.3671,7.95,20.65,0.512,51.2%,14.8162,0.07%,0.074,0.926,Bullish,Moderate Contraction,38.2,False,Downtrend,Below SMA20,22086.35,22047.95,9.7,28.7,N/A,10,Downside Breakdown,7.95,17.7,17.7
4615,04-03-2025 12:35,22069.95,22074.65,22067.3,22069.0,7.35,13.35,4.5797,6.8,20.65,0.5506,55.1%,12.7505,0.06%,0.129,0.871,Bearish,Strong Contraction,53.4,True,Uptrend,Below SMA20,22075.35,22047.95,21.05,6.35,N/A,5,Downside Breakdown,7.95,29.0,33.95
4638,04-03-2025 14:30,22085.35,22087.8,22077.95,22084.85,9.85,16.95,3.6528,11.4,23.9,0.5811,58.1%,15.3547,0.07%,0.051,0.949,Bearish,Strong Contraction,56.5,True,Uptrend,Above SMA20,22105.05,22039.95,44.9,20.2,N/A,12,Upside Breakout,44.8,19.8,19.8
4643,04-03-2025 14:55,22100.05,22102.1,22092.8,22098.6,9.3,16.355,5.019,9.85,25.0,0.5686,56.9%,15.1606,0.07%,0.156,0.844,Bearish,Moderate Contraction,34.5,False,Uptrend,Above SMA20,22105.05,22064.85,33.75,6.45,N/A,6,Downside Breakdown,0.15,23.75,122.8
4647,04-03-2025 15:15,22082.6,22088.25,22079.85,22087.95,8.4,14.775,4.9407,9.3,25.0,0.5685,56.9%,14.8304,0.07%,0.637,0.363,Bullish,Moderate Contraction,34.0,False,Uptrend,Above SMA20,22104.65,22074.85,13.1,16.7,N/A,2,Downside Breakdown,10.15,109.9,175.85
4654,05-03-2025 09:35,22209.6,22219.6,22200.6,22207.1,19.0,30.235,23.2545,8.4,82.05,0.6284,62.8%,28.9095,0.13%,0.132,0.868,Bearish,Moderate Contraction,36.8,True,Uptrend,Above SMA20,22221.4,22064.7,142.4,14.3,N/A,1,Upside Breakout,28.8,58.05,58.05
4657,05-03-2025 09:50,22257.2,22258.8,22240.35,22251.0,18.45,34.88,22.2091,8.4,82.05,0.529,52.9%,29.6059,0.13%,0.336,0.664,Bearish,Mild Contraction,25.9,False,Uptrend,Above SMA20,22263.8,22064.7,186.3,12.8,N/A,1,Upside Breakout,0.3,32.6,39.9
4660,05-03-2025 10:05,22234.1,22251.8,22231.9,22251.8,19.9,38.17,19.2058,18.45,82.05,0.5214,52.1%,27.8448,0.13%,0.889,0.111,Bullish,Moderate Contraction,33.5,False,Uptrend,Above SMA20,22265.15,22067.8,184.0,13.35,N/A,5,Upside Breakout,3.05,40.7,40.7
4667,05-03-2025 10:40,22269.35,22284.7,22269.15,22282.7,15.55,23.13,3.989,18.45,31.55,0.6723,67.2%,23.6153,0.11%,0.859,0.141,Bullish,Moderate Contraction,31.1,False,Uptrend,Above SMA20,22280.75,22211.1,71.6,-1.95,N/A,1,Upside Breakout,6.2,16.1,19.45
4670,05-03-2025 10:55,22283.7,22288.35,22276.0,22284.35,12.35,21.045,3.5655,15.55,26.65,0.5868,58.7%,20.9259,0.09%,0.053,0.947,Bullish,Moderate Contraction,38.7,False,Uptrend,Above SMA20,22286.95,22211.1,73.25,2.6,N/A,1,Upside Breakout,9.4,13.75,69.3
4673,05-03-2025 11:10,22274.25,22283.95,22274.1,22282.35,9.85,18.51,4.3644,12.35,26.65,0.5321,53.2%,18.2595,0.08%,0.822,0.178,Bullish,Moderate Contraction,39.5,False,Uptrend,Above SMA20,22296.35,22211.1,71.25,14.0,N/A,4,Upside Breakout,5.8,47.45,92.7
4684,05-03-2025 12:05,22354.65,22359.95,22353.1,22355.7,6.85,16.995,5.9741,8.3,29.1,0.4031,40.3%,16.5965,0.07%,0.153,0.847,Bullish,Moderate Contraction,45.5,False,Uptrend,Above SMA20,22375.05,22277.0,78.7,19.35,N/A,5,Upside Breakout,19.85,39.2,39.2
4698,05-03-2025 13:15,22348.4,22359.8,22347.4,22352.9,12.4,18.925,5.0897,12.4,26.25,0.6552,65.5%,17.449,0.08%,0.363,0.637,Bullish,Mild Contraction,29.0,False,Downtrend,Below SMA20,22394.9,22333.1,19.8,42.0,N/A,3,Downside Breakdown,2.7,51.15,51.15
4708,05-03-2025 14:05,22319.7,22327.85,22316.85,22322.15,11.0,18.525,4.967,12.4,25.15,0.5938,59.4%,17.831,0.08%,0.223,0.777,Bullish,Moderate Contraction,33.6,False,Downtrend,Below SMA20,22363.05,22301.75,20.4,40.9,N/A,2,Downside Breakdown,7.9,29.85,31.7
4715,05-03-2025 14:40,22336.0,22343.45,22332.5,22337.9,10.95,19.765,7.4095,11.0,32.85,0.554,55.4%,18.8323,0.08%,0.174,0.826,Bullish,Moderate Contraction,34.3,False,Uptrend,Above SMA20,22339.45,22292.3,45.6,1.55,N/A,1,Upside Breakout,7.0,15.95,153.4
4718,05-03-2025 14:55,22349.75,22350.6,22338.1,22343.55,12.5,19.15,7.7218,10.95,32.85,0.6527,65.3%,18.9435,0.08%,0.496,0.504,Bearish,Mild Contraction,23.2,False,Uptrend,Above SMA20,22353.85,22292.3,51.25,10.3,N/A,7,Upside Breakout,137.45,18.95,147.75
4723,05-03-2025 15:20,22333.35,22337.1,22329.3,22332.2,7.8,16.19,6.5097,7.65,29.25,0.4818,48.2%,15.0071,0.07%,0.147,0.853,Bearish,Moderate Contraction,38.6,False,Uptrend,Above SMA20,22353.85,22309.35,22.85,21.65,N/A,2,Upside Breakout,137.45,159.1,159.1
4734,06-03-2025 10:00,22313.55,22327.05,22305.1,22321.85,21.95,52.76,25.0602,20.05,88.75,0.416,41.6%,43.0182,0.19%,0.378,0.622,Bullish,Strong Contraction,61.2,True,Downtrend,Below SMA20,22491.3,22245.85,76.0,169.45,N/A,,,,44.5,56.65
4741,06-03-2025 10:35,22357.15,22368.7,22351.45,22363.95,17.25,43.195,17.9298,21.95,82.75,0.3994,39.9%,37.4423,0.17%,0.394,0.606,Bullish,Strong Contraction,64.4,True,Uptrend,Above SMA20,22377.8,22245.85,118.1,13.85,N/A,3,Upside Breakout,0.7,23.45,91.6
4745,06-03-2025 10:55,22367.8,22375.3,22361.4,22366.3,13.9,30.8,13.1696,14.9,55.45,0.4513,45.1%,28.7473,0.13%,0.108,0.892,Bearish,Moderate Contraction,40.6,False,Uptrend,Above SMA20,22378.5,22309.35,56.95,12.2,N/A,1,Upside Breakout,8.9,89.25,89.25
4753,06-03-2025 11:35,22353.05,22371.85,22352.8,22368.1,19.05,35.57,20.2345,13.9,69.2,0.5356,53.6%,35.8585,0.16%,0.79,0.21,Bullish,Moderate Contraction,48.7,True,Uptrend,Above SMA20,22455.55,22319.95,48.15,87.45,N/A,13,Upside Breakout,6.65,57.5,69.65
4757,06-03-2025 11:55,22406.7,22410.55,22388.15,22399.65,22.4,36.445,19.0509,19.05,69.2,0.6146,61.5%,30.6583,0.14%,0.315,0.685,Bearish,Mild Contraction,24.7,False,Downtrend,Above SMA20,22455.55,22319.95,79.7,55.9,N/A,9,Upside Breakout,6.65,38.1,62.55
4760,06-03-2025 12:10,22403.55,22413.1,22398.4,22412.45,14.7,32.145,15.3319,19.05,61.7,0.4573,45.7%,27.4502,0.12%,0.605,0.395,Bullish,Moderate Contraction,39.6,False,Uptrend,Above SMA20,22427.0,22319.95,92.5,14.55,N/A,2,Upside Breakout,10.75,35.35,73.45
4763,06-03-2025 12:25,22428.45,22436.55,22424.95,22428.5,11.6,22.33,4.1733,14.7,27.5,0.5195,51.9%,24.08,0.11%,0.004,0.996,Bullish,Moderate Contraction,43.2,False,Uptrend,Above SMA20,22437.75,22352.8,75.7,9.25,N/A,1,Upside Breakout,10.05,57.4,57.4
4772,06-03-2025 13:10,22478.4,22478.65,22463.1,22466.15,15.55,22.6,7.0937,11.6,38.2,0.6881,68.8%,22.4567,0.1%,0.788,0.212,Bearish,Mild Contraction,18.5,False,Uptrend,Above SMA20,22485.9,22412.25,53.9,19.75,N/A,5,Upside Breakout,5.45,25.2,58.85
4775,06-03-2025 13:25,22478.4,22478.4,22464.3,22467.25,14.1,22.375,6.9258,15.55,38.2,0.6302,63.0%,21.6727,0.1%,0.791,0.209,Bearish,Moderate Contraction,30.0,False,Uptrend,Above SMA20,22485.9,22424.5,42.75,18.65,N/A,2,Upside Breakout,5.45,52.0,61.7
4783,06-03-2025 14:05,22515.8,22519.8,22506.4,22515.5,13.4,20.225,4.4707,14.1,30.0,0.6625,66.3%,19.7404,0.09%,0.022,0.978,Bearish,Moderate Contraction,49.8,True,Uptrend,Above SMA20,22525.0,22451.55,63.95,9.5,N/A,1,Upside Breakout,3.95,24.35,40.35
4786,06-03-2025 14:20,22506.2,22514.2,22501.0,22506.2,13.2,19.355,3.8352,13.4,24.8,0.682,68.2%,18.7406,0.08%,0.0,1.0,Bullish,Mild Contraction,29.1,False,Uptrend,Above SMA20,22528.95,22458.25,47.95,22.75,N/A,4,Upside Breakout,14.7,44.1,50.25
4789,06-03-2025 14:35,22521.15,22525.0,22516.45,22523.95,8.55,20.4,5.9472,13.2,32.45,0.4191,41.9%,19.3125,0.09%,0.327,0.673,Bullish,Moderate Contraction,46.0,False,Uptrend,Above SMA20,22528.95,22484.4,39.55,5.0,N/A,1,Upside Breakout,14.7,32.5,32.5
4795,06-03-2025 15:05,22550.7,22553.3,22539.45,22543.0,13.85,20.865,7.7029,8.55,32.45,0.6638,66.4%,20.5838,0.09%,0.556,0.444,Bearish,Mild Contraction,18.0,False,Uptrend,Above SMA20,22556.45,22491.15,51.85,13.45,N/A,5,Upside Breakout,16.4,78.25,78.25
4798,06-03-2025 15:20,22544.8,22549.95,22537.25,22543.4,12.7,20.295,8.0122,8.55,32.45,0.6258,62.6%,18.275,0.08%,0.11,0.89,Bearish,Mild Contraction,21.9,False,Uptrend,Above SMA20,22556.45,22491.15,52.25,13.05,N/A,2,Upside Breakout,16.4,78.65,78.65
4808,07-03-2025 09:55,22534.05,22549.0,22524.65,22548.7,24.35,47.125,28.456,12.7,108.1,0.5167,51.7%,37.784,0.17%,0.602,0.398,Bullish,Mild Contraction,27.7,False,Uptrend,Above SMA20,22572.85,22464.75,83.95,24.15,N/A,1,Upside Breakout,0.65,76.8,76.8
4811,07-03-2025 10:10,22585.25,22606.4,22579.4,22605.7,27.0,41.815,16.5434,24.35,78.65,0.6457,64.6%,35.5484,0.16%,0.757,0.243,Bullish,Mild Contraction,24.5,False,Uptrend,Above SMA20,22589.35,22470.8,134.9,-16.35,N/A,1,Upside Breakout,36.15,27.9,37.85
4814,07-03-2025 10:25,22585.6,22598.8,22577.8,22596.25,21.0,35.435,16.0276,21.5,78.65,0.5926,59.3%,31.4115,0.14%,0.507,0.493,Bullish,Moderate Contraction,30.6,False,Uptrend,Above SMA20,22625.5,22470.8,125.45,29.25,N/A,10,Upside Breakout,8.3,28.05,37.55
4817,07-03-2025 10:40,22597.2,22605.6,22590.6,22591.1,15.0,27.19,6.4263,20.0,38.15,0.5517,55.2%,27.1277,0.12%,0.407,0.593,Bearish,Moderate Contraction,38.0,False,Uptrend,Above SMA20,22625.5,22504.15,86.95,34.4,N/A,7,Upside Breakout,8.3,24.9,42.7
4820,07-03-2025 10:55,22570.8,22584.45,22570.1,22570.45,14.35,26.86,8.95,15.0,45.85,0.5343,53.4%,28.0654,0.12%,0.024,0.976,Bearish,Moderate Contraction,36.5,False,Downtrend,Above SMA20,22625.5,22554.8,15.65,55.05,N/A,4,Upside Breakout,8.3,63.35,63.35
4825,07-03-2025 11:20,22618.75,22625.4,22613.9,22619.75,11.5,23.705,9.6261,14.0,45.85,0.4851,48.5%,23.6423,0.1%,0.087,0.913,Bullish,Moderate Contraction,38.6,False,Uptrend,Above SMA20,22633.8,22567.85,51.9,14.05,N/A,5,Downside Breakdown,19.6,71.5,103.65
4832,07-03-2025 11:55,22564.45,22573.35,22559.35,22562.5,14.0,20.89,11.9086,10.3,51.9,0.6702,67.0%,22.5386,0.1%,0.139,0.861,Bearish,Mild Contraction,17.6,False,Downtrend,Below SMA20,22633.8,22548.25,14.25,71.3,N/A,1,Downside Breakdown,22.05,53.45,53.45
4841,07-03-2025 12:40,22570.5,22578.0,22564.45,22577.0,13.55,21.23,8.0366,11.1,38.3,0.6382,63.8%,21.5696,0.1%,0.48,0.52,Bullish,Mild Contraction,23.5,False,Uptrend,Above SMA20,22583.3,22509.05,67.95,6.3,N/A,,,,43.55,46.7
4846,07-03-2025 13:05,22543.55,22555.25,22541.95,22546.15,13.3,22.9,5.2774,13.55,30.8,0.5808,58.1%,21.6837,0.1%,0.195,0.805,Bullish,Moderate Contraction,35.9,False,Uptrend,Below SMA20,22583.3,22509.05,37.1,37.15,N/A,17,Upside Breakout,8.4,26.5,29.85
4849,07-03-2025 13:20,22561.55,22565.5,22555.95,22561.0,9.55,21.615,6.0824,13.3,30.8,0.4418,44.2%,19.4188,0.09%,0.058,0.942,Bearish,Moderate Contraction,44.7,False,Downtrend,Above SMA20,22583.3,22530.3,30.7,22.3,N/A,6,Downside Breakdown,1.95,15.0,38.3
4854,07-03-2025 13:45,22567.15,22569.0,22558.8,22563.4,10.2,17.955,5.8178,9.55,30.8,0.5681,56.8%,17.1476,0.08%,0.368,0.632,Bearish,Moderate Contraction,32.7,False,Uptrend,Above SMA20,22576.0,22530.3,33.1,12.6,N/A,1,Downside Breakdown,1.95,40.7,40.7
4858,07-03-2025 14:05,22545.55,22552.3,22540.95,22549.4,11.35,18.065,7.0802,9.55,34.65,0.6283,62.8%,18.3469,0.08%,0.339,0.661,Bullish,Moderate Contraction,44.6,True,Downtrend,Below SMA20,22576.0,22522.7,26.7,26.6,N/A,4,Upside Breakout,2.8,42.3,57.2
4861,07-03-2025 14:20,22567.35,22573.95,22562.35,22567.6,11.6,17.53,6.9579,10.2,34.65,0.6617,66.2%,17.1595,0.08%,0.022,0.978,Bullish,Mild Contraction,22.6,False,Uptrend,Above SMA20,22576.0,22522.7,44.9,8.4,N/A,1,Upside Breakout,2.8,39.0,40.05
4871,07-03-2025 15:10,22564.2,22569.6,22556.65,22556.85,12.95,20.475,8.5204,11.6,41.55,0.6325,63.2%,19.7869,0.09%,0.568,0.432,Bearish,Mild Contraction,25.2,False,Downtrend,Below SMA20,22607.65,22557.95,-1.1,50.8,N/A,1,Downside Breakdown,22.0,58.2,104.95
4874,07-03-2025 15:25,22540.95,22543.4,22530.35,22536.95,13.05,19.565,8.4974,10.05,41.55,0.667,66.7%,17.9601,0.08%,0.307,0.693,Bearish,Mild Contraction,19.4,False,Downtrend,Below SMA20,22607.65,22535.35,1.6,70.7,N/A,1,Downside Breakdown,36.7,89.05,139.8
4878,10-03-2025 09:30,22582.85,22600.75,22582.15,22597.3,18.6,28.225,21.6223,10.05,81.75,0.659,65.9%,26.7326,0.12%,0.777,0.223,Bullish,Moderate Contraction,35.2,True,Downtrend,Above SMA20,22607.65,22498.65,98.65,10.35,N/A,1,Upside Breakout,18.35,79.45,79.45
4881,10-03-2025 09:45,22654.15,22661.8,22643.35,22652.45,18.45,29.21,21.0493,10.05,81.75,0.6316,63.2%,27.2768,0.12%,0.092,0.908,Bearish,Mild Contraction,17.7,False,Uptrend,Above SMA20,22654.85,22498.65,153.8,2.4,N/A,1,Upside Breakout,16.4,27.65,48.65
4885,10-03-2025 10:05,22637.7,22648.15,22624.8,22645.5,23.35,34.135,18.2262,18.45,81.75,0.684,68.4%,27.4575,0.12%,0.334,0.666,Bullish,Mild Contraction,17.6,False,Uptrend,Above SMA20,22676.75,22498.65,146.85,31.25,N/A,,,,41.7,41.7
4888,10-03-2025 10:20,22629.4,22641.05,22627.6,22631.2,13.45,26.565,7.0189,18.45,38.6,0.5063,50.6%,24.9742,0.11%,0.134,0.866,Bullish,Moderate Contraction,40.4,False,Uptrend,Above SMA20,22676.75,22582.15,49.05,45.55,N/A,,,,27.4,27.4
4893,10-03-2025 10:45,22643.0,22650.5,22639.6,22642.7,10.9,22.56,6.0521,13.45,33.6,0.4832,48.3%,21.4055,0.09%,0.028,0.972,Bearish,Strong Contraction,62.0,True,Downtrend,Above SMA20,22676.75,22603.8,38.9,34.05,N/A,15,Downside Breakdown,12.7,32.85,36.15
4899,10-03-2025 11:15,22617.15,22625.95,22616.55,22624.95,9.4,16.445,5.3638,10.8,28.35,0.5716,57.2%,16.5723,0.07%,0.83,0.17,Bullish,Strong Contraction,53.9,True,Uptrend,Below SMA20,22650.5,22603.8,21.15,25.55,N/A,9,Downside Breakdown,12.7,20.4,34.0
4909,10-03-2025 12:05,22595.1,22600.55,22590.95,22590.95,9.6,14.53,5.2677,9.4,24.3,0.6607,66.1%,14.795,0.07%,0.432,0.568,Bearish,Mild Contraction,26.1,False,Downtrend,Below SMA20,22645.35,22591.1,-0.15,54.4,N/A,1,Downside Breakdown,8.75,27.6,27.6
4915,10-03-2025 12:35,22598.65,22600.85,22593.85,22595.5,7.0,15.43,5.4318,9.6,25.35,0.4537,45.4%,14.526,0.06%,0.45,0.55,Bearish,Moderate Contraction,41.8,False,Downtrend,Below SMA20,22638.35,22563.35,32.15,42.85,N/A,13,Downside Breakdown,0.4,17.75,23.8
4924,10-03-2025 13:20,22586.35,22595.1,22584.8,22590.95,10.3,14.815,3.5643,7.0,18.9,0.6952,69.5%,14.4046,0.06%,0.447,0.553,Bullish,Mild Contraction,18.2,False,Downtrend,Below SMA20,22619.3,22577.75,13.2,28.35,N/A,2,Downside Breakdown,0.5,58.05,58.05
4931,10-03-2025 13:55,22547.35,22555.3,22543.45,22550.8,11.85,17.0,5.8906,10.3,32.7,0.6971,69.7%,16.6517,0.07%,0.291,0.709,Bullish,Mild Contraction,19.9,False,Downtrend,Below SMA20,22619.3,22532.9,17.9,68.5,N/A,4,Downside Breakdown,23.45,70.05,121.75
4943,10-03-2025 14:55,22467.3,22467.3,22453.45,22457.45,13.85,26.595,9.1112,13.5,39.65,0.5208,52.1%,23.4082,0.1%,0.711,0.289,Bearish,Moderate Contraction,36.7,False,Downtrend,Below SMA20,22560.25,22429.05,28.4,102.8,N/A,7,Downside Breakdown,114.35,21.9,142.75
4946,10-03-2025 15:10,22477.0,22479.35,22469.65,22469.65,9.7,24.965,7.7609,13.85,35.85,0.3885,38.9%,20.5514,0.09%,0.758,0.242,Bearish,Moderate Contraction,47.6,False,Downtrend,Below SMA20,22512.7,22429.05,40.6,43.05,N/A,4,Downside Breakdown,114.35,154.95,154.95
4961,11-03-2025 10:10,22409.5,22426.35,22403.15,22422.55,23.2,42.505,10.0835,29.65,56.5,0.5458,54.6%,36.5407,0.16%,0.563,0.437,Bullish,Moderate Contraction,38.4,False,Uptrend,Above SMA20,22420.65,22323.95,98.6,-1.9,N/A,1,Upside Breakout,11.6,25.3,60.9
4964,11-03-2025 10:25,22428.65,22437.95,22422.45,22428.55,15.5,34.45,9.8247,23.2,54.8,0.4499,45.0%,31.4273,0.14%,0.006,0.994,Bearish,Moderate Contraction,43.9,False,Uptrend,Above SMA20,22433.55,22349.05,79.5,5.0,N/A,3,Upside Breakout,15.8,31.3,57.3
4968,11-03-2025 10:45,22440.75,22440.75,22421.25,22429.0,19.5,28.315,7.2208,15.5,41.95,0.6887,68.9%,29.0166,0.13%,0.603,0.397,Bearish,Mild Contraction,20.5,False,Uptrend,Above SMA20,22449.35,22369.05,59.95,20.35,N/A,2,Upside Breakout,19.6,56.85,56.85
4975,11-03-2025 11:20,22432.15,22439.0,22421.45,22427.95,17.55,28.15,5.5767,19.5,36.6,0.6234,62.3%,27.4433,0.12%,0.239,0.761,Bearish,Moderate Contraction,33.9,False,Uptrend,Above SMA20,22485.85,22397.25,30.7,57.9,N/A,,,,16.85,20.05
4979,11-03-2025 11:40,22436.1,22437.55,22423.1,22432.2,14.45,25.15,6.831,16.95,36.6,0.5746,57.5%,23.2481,0.1%,0.27,0.73,Bearish,Moderate Contraction,35.0,False,Downtrend,Below SMA20,22485.85,22415.55,16.65,53.65,N/A,,,,15.8,26.6
4982,11-03-2025 11:55,22444.15,22448.0,22436.05,22443.0,11.95,19.595,6.4467,11.3,31.3,0.6098,61.0%,19.4822,0.09%,0.096,0.904,Bearish,Mild Contraction,29.5,False,Downtrend,Above SMA20,22485.85,22415.55,27.45,42.85,N/A,,,,21.55,23.4
4991,11-03-2025 12:40,22460.95,22466.4,22457.2,22463.9,9.2,14.64,2.7931,11.8,20.3,0.6284,62.8%,15.0498,0.07%,0.321,0.679,Bullish,Moderate Contraction,33.8,False,Uptrend,Above SMA20,22461.05,22421.45,42.45,-2.85,N/A,1,Upside Breakout,4.85,28.7,28.7
5008,11-03-2025 14:05,22489.55,22496.15,22484.7,22490.9,11.45,16.465,3.7411,12.6,22.9,0.6954,69.5%,15.3369,0.07%,0.118,0.882,Bullish,Mild Contraction,27.0,False,Uptrend,Above SMA20,22503.15,22437.65,53.25,12.25,N/A,1,Upside Breakout,6.95,25.1,25.1
5014,11-03-2025 14:35,22500.75,22505.35,22493.9,22494.75,11.45,16.615,4.3615,10.95,22.9,0.6891,68.9%,15.9904,0.07%,0.524,0.476,Bearish,Mild Contraction,24.8,False,Uptrend,Above SMA20,22516.0,22471.55,23.2,21.25,N/A,7,Downside Breakdown,2.2,17.8,27.35
5022,11-03-2025 15:15,22499.85,22503.7,22493.25,22502.0,10.45,19.95,5.5275,11.45,30.25,0.5238,52.4%,18.6098,0.08%,0.206,0.794,Bullish,Moderate Contraction,38.7,False,Uptrend,Above SMA20,22516.0,22469.35,32.65,14.0,N/A,2,Upside Breakout,6.1,75.4,75.4
5032,12-03-2025 09:50,22502.0,22514.1,22493.65,22495.0,20.45,36.025,18.6206,10.45,64.85,0.5677,56.8%,33.692,0.15%,0.342,0.658,Bearish,Mild Contraction,23.9,False,Downtrend,Below SMA20,22577.4,22447.2,47.8,82.4,N/A,2,Downside Breakdown,21.25,84.85,84.85
5035,12-03-2025 10:05,22430.4,22442.9,22425.0,22430.75,17.9,40.76,15.5226,20.45,64.85,0.4392,43.9%,33.0168,0.15%,0.02,0.98,Bullish,Moderate Contraction,42.3,False,Downtrend,Below SMA20,22577.4,22425.95,4.8,146.65,N/A,1,Downside Breakdown,8.4,20.6,33.0
5038,12-03-2025 10:20,22428.7,22442.7,22424.75,22424.85,17.95,32.575,14.6439,17.9,61.75,0.551,55.1%,29.1866,0.13%,0.214,0.786,Bearish,Moderate Contraction,33.4,False,Downtrend,Below SMA20,22514.1,22410.15,14.7,89.25,N/A,6,Downside Breakdown,12.4,36.0,36.0
5045,12-03-2025 10:55,22406.35,22414.65,22400.5,22408.65,14.15,23.7,6.2238,13.65,34.5,0.597,59.7%,25.7823,0.12%,0.163,0.837,Bullish,Moderate Contraction,32.6,False,Downtrend,Below SMA20,22460.85,22397.75,10.9,52.2,N/A,1,Downside Breakdown,2.1,13.7,67.95
5048,12-03-2025 11:10,22416.05,22422.05,22407.9,22416.45,14.15,23.005,6.71,13.65,34.5,0.6151,61.5%,23.6485,0.11%,0.028,0.972,Bullish,Moderate Contraction,30.4,False,Downtrend,Below SMA20,22460.85,22394.95,21.5,44.4,N/A,3,Downside Breakdown,18.5,65.7,82.95
5052,12-03-2025 11:30,22385.05,22390.95,22377.75,22379.8,13.2,21.97,8.23,13.65,34.5,0.6008,60.1%,21.6001,0.1%,0.398,0.602,Bearish,Moderate Contraction,31.0,False,Downtrend,Below SMA20,22454.55,22376.45,3.35,74.75,N/A,1,Downside Breakdown,25.7,46.3,50.25
5058,12-03-2025 12:00,22342.15,22349.15,22335.4,22338.95,13.75,20.745,8.5224,13.2,33.85,0.6628,66.3%,21.4288,0.1%,0.233,0.767,Bearish,Mild Contraction,24.8,False,Downtrend,Below SMA20,22422.05,22333.5,5.45,83.1,N/A,1,Downside Breakdown,3.95,34.45,45.85
5071,12-03-2025 13:05,22384.2,22392.8,22379.0,22389.75,13.8,22.395,6.3933,15.15,37.8,0.6162,61.6%,22.0848,0.1%,0.402,0.598,Bullish,Moderate Contraction,31.5,False,Uptrend,Above SMA20,22385.95,22331.75,58.0,-3.8,N/A,1,Upside Breakout,19.9,55.55,55.55
5075,12-03-2025 13:25,22439.65,22441.05,22426.4,22430.1,14.65,25.45,7.0268,13.8,37.8,0.5756,57.6%,23.4282,0.1%,0.652,0.348,Bearish,Moderate Contraction,33.3,False,Uptrend,Above SMA20,22445.3,22331.75,98.35,15.2,N/A,10,Upside Breakout,14.6,38.05,38.05
5083,12-03-2025 14:05,22425.5,22435.8,22421.3,22432.7,14.5,21.16,4.9168,14.65,28.6,0.6853,68.5%,20.5073,0.09%,0.497,0.503,Bullish,Moderate Contraction,47.6,True,Uptrend,Above SMA20,22445.3,22392.05,40.65,12.6,N/A,2,Upside Breakout,14.6,42.45,52.2
5089,12-03-2025 14:35,22467.85,22470.25,22457.1,22462.45,13.15,20.125,4.4893,13.05,27.3,0.6534,65.3%,19.7379,0.09%,0.411,0.589,Bearish,Strong Contraction,50.1,True,Uptrend,Above SMA20,22475.15,22392.05,70.4,12.7,N/A,4,Upside Breakout,9.75,22.45,31.65
5092,12-03-2025 14:50,22463.7,22474.35,22462.65,22465.2,11.7,20.375,5.7244,13.05,28.7,0.5742,57.4%,20.1371,0.09%,0.128,0.872,Bullish,Moderate Contraction,34.8,False,Uptrend,Above SMA20,22475.15,22412.3,52.9,9.95,N/A,1,Upside Breakout,9.75,28.9,90.8
5098,12-03-2025 15:20,22460.35,22463.35,22455.75,22462.0,7.6,20.07,5.5405,11.7,28.7,0.3787,37.9%,18.8002,0.08%,0.217,0.783,Bullish,Moderate Contraction,49.6,False,Downtrend,Above SMA20,22494.1,22440.7,21.3,32.1,N/A,2,Upside Breakout,61.9,94.0,94.0
5109,13-03-2025 10:00,22529.2,22547.0,22525.55,22539.9,21.45,34.515,17.1599,19.95,80.4,0.6215,62.1%,28.6357,0.13%,0.499,0.501,Bullish,Mild Contraction,26.2,False,Uptrend,Above SMA20,22556.0,22452.75,87.15,16.1,N/A,4,Upside Breakout,2.05,18.15,54.05
5112,13-03-2025 10:15,22545.1,22555.95,22544.25,22555.6,11.7,26.79,8.2072,13.65,39.95,0.4367,43.7%,23.59,0.1%,0.897,0.103,Bullish,Moderate Contraction,44.2,False,Uptrend,Above SMA20,22547.45,22460.4,95.2,-8.15,N/A,1,Upside Breakout,10.6,40.35,77.3
5115,13-03-2025 10:30,22539.05,22547.2,22536.05,22537.55,11.15,22.59,7.5802,11.7,36.0,0.4936,49.4%,21.4794,0.1%,0.135,0.865,Bearish,Moderate Contraction,39.3,False,Uptrend,Above SMA20,22558.05,22473.4,64.15,20.5,N/A,11,Downside Breakdown,8.7,51.7,59.25
5118,13-03-2025 10:45,22523.75,22524.7,22512.2,22517.0,12.5,19.325,7.6993,11.15,36.0,0.6468,64.7%,19.6992,0.09%,0.54,0.46,Bearish,Mild Contraction,24.2,False,Downtrend,Above SMA20,22558.05,22504.6,12.4,41.05,N/A,1,Downside Breakdown,18.75,38.7,87.25
5136,13-03-2025 12:15,22442.75,22451.6,22437.95,22444.2,13.65,26.33,10.4198,18.4,51.1,0.5184,51.8%,21.9961,0.1%,0.106,0.894,Bullish,Moderate Contraction,36.5,False,Downtrend,Below SMA20,22499.7,22403.15,41.05,55.5,N/A,,,,18.45,18.45
5147,13-03-2025 13:10,22428.95,22435.75,22425.95,22429.8,9.8,15.925,3.0745,11.65,21.2,0.6154,61.5%,16.7722,0.07%,0.087,0.913,Bullish,Moderate Contraction,34.8,False,Downtrend,Below SMA20,22462.05,22425.75,4.05,32.25,N/A,1,Downside Breakdown,5.3,21.85,23.7
5153,13-03-2025 13:40,22443.75,22448.75,22438.25,22442.75,10.5,17.085,5.9152,9.8,26.4,0.6146,61.5%,16.9001,0.08%,0.095,0.905,Bearish,Moderate Contraction,48.5,True,Downtrend,Above SMA20,22462.05,22419.75,23.0,19.3,N/A,7,Downside Breakdown,9.2,15.9,46.35
5164,13-03-2025 14:35,22398.75,22404.4,22394.65,22402.4,9.75,16.18,4.3168,10.45,24.35,0.6026,60.3%,15.5721,0.07%,0.374,0.626,Bullish,Moderate Contraction,33.0,False,Downtrend,Below SMA20,22453.5,22396.4,6.0,51.1,N/A,2,Downside Breakdown,7.95,25.05,25.05
5176,17-03-2025 09:20,22504.2,22519.3,22499.55,22515.7,19.75,31.645,41.9517,13.3,150.35,0.6241,62.4%,33.4022,0.15%,0.582,0.418,Bullish,Mild Contraction,18.7,False,Uptrend,Above SMA20,22503.5,22353.15,162.55,-12.2,N/A,1,Upside Breakout,46.0,61.3,61.3
5180,17-03-2025 09:40,22555.0,22558.3,22541.95,22553.2,16.35,36.675,40.7417,13.5,150.35,0.4458,44.6%,30.9654,0.14%,0.11,0.89,Bearish,Moderate Contraction,34.6,False,Uptrend,Above SMA20,22577.0,22353.15,200.05,23.8,N/A,,,,33.4,82.15
5183,17-03-2025 09:55,22529.75,22547.7,22522.95,22546.1,24.75,37.61,40.3275,13.5,150.35,0.6581,65.8%,28.6034,0.13%,0.661,0.339,Bullish,Mild Contraction,14.7,False,Uptrend,Above SMA20,22577.0,22353.15,192.95,30.9,N/A,,,,59.2,90.7
5188,17-03-2025 10:20,22500.35,22503.6,22486.9,22502.7,16.7,25.48,7.6228,13.0,37.9,0.6554,65.5%,25.6248,0.11%,0.141,0.859,Bullish,Mild Contraction,22.4,False,Downtrend,Above SMA20,22577.0,22490.9,11.8,74.3,N/A,1,Downside Breakdown,12.1,47.3,47.3
5191,17-03-2025 10:35,22471.5,22473.95,22459.85,22460.9,14.1,23.48,6.2673,13.0,34.75,0.6005,60.1%,23.3359,0.1%,0.752,0.248,Bearish,Moderate Contraction,31.1,False,Downtrend,Below SMA20,22560.4,22471.05,-10.15,99.5,N/A,1,Downside Breakdown,15.65,44.9,44.9
5194,17-03-2025 10:50,22481.45,22485.65,22474.7,22478.75,10.95,20.705,7.5295,12.5,34.75,0.5289,52.9%,19.97,0.09%,0.247,0.753,Bearish,Moderate Contraction,36.3,False,Downtrend,Below SMA20,22554.55,22455.4,23.35,75.8,N/A,19,Downside Breakdown,0.6,27.05,51.95
5202,17-03-2025 11:30,22497.5,22500.35,22493.75,22499.0,6.6,15.145,3.5602,10.95,22.25,0.4358,43.6%,15.6411,0.07%,0.227,0.773,Bullish,Moderate Contraction,47.1,False,Uptrend,Above SMA20,22505.8,22455.4,43.6,6.8,N/A,1,Upside Breakout,23.3,31.7,31.7
5205,17-03-2025 11:45,22517.4,22519.85,22510.35,22510.95,9.5,16.3,6.6339,6.6,31.15,0.5828,58.3%,16.3534,0.07%,0.679,0.321,Bearish,Mild Contraction,25.8,False,Uptrend,Above SMA20,22530.7,22470.85,40.1,19.75,N/A,8,Downside Breakdown,16.05,27.65,68.95
5209,17-03-2025 12:05,22508.1,22514.25,22507.15,22512.5,7.1,16.31,6.8577,6.6,31.15,0.4353,43.5%,15.9255,0.07%,0.62,0.38,Bullish,Moderate Contraction,40.8,False,Uptrend,Above SMA20,22530.7,22470.85,41.65,18.2,N/A,4,Downside Breakdown,16.05,59.05,70.5
5218,17-03-2025 12:50,22451.35,22457.15,22445.2,22456.35,11.95,17.75,7.3524,7.1,29.55,0.6732,67.3%,17.4786,0.08%,0.418,0.582,Bullish,Mild Contraction,16.4,False,Downtrend,Below SMA20,22522.15,22442.0,14.35,65.8,N/A,15,Upside Breakout,5.1,20.8,43.1
5223,17-03-2025 13:15,22467.7,22477.15,22466.45,22474.7,10.7,18.49,6.746,7.5,29.55,0.5787,57.9%,16.2044,0.07%,0.654,0.346,Bullish,Mild Contraction,26.9,False,Downtrend,Below SMA20,22483.15,22442.0,32.7,8.45,N/A,1,Upside Breakout,1.9,24.75,52.55
5232,17-03-2025 14:00,22510.8,22512.9,22502.4,22504.3,10.5,16.94,6.1726,10.7,31.15,0.6198,62.0%,16.9247,0.08%,0.619,0.381,Bearish,Mild Contraction,29.8,False,Uptrend,Above SMA20,22516.6,22450.85,53.45,12.3,N/A,1,Upside Breakout,10.65,24.3,24.3
5235,17-03-2025 14:15,22520.85,22526.95,22515.0,22526.1,11.95,17.705,8.2403,9.85,32.05,0.675,67.5%,16.9587,0.08%,0.439,0.561,Bullish,Mild Contraction,19.6,False,Uptrend,Above SMA20,22528.6,22473.8,52.3,2.5,N/A,15,Upside Breakout,141.55,44.35,44.35
5245,17-03-2025 15:05,22509.45,22516.7,22506.2,22516.5,10.5,16.055,4.1716,10.35,22.45,0.654,65.4%,15.5581,0.07%,0.671,0.329,Bullish,Mild Contraction,28.8,False,Downtrend,Above SMA20,22527.85,22481.75,34.75,11.35,N/A,5,Upside Breakout,142.3,153.65,186.9
5248,17-03-2025 15:20,22510.05,22513.0,22506.25,22513.0,6.75,14.55,4.8923,6.85,22.45,0.4639,46.4%,12.8458,0.06%,0.437,0.563,Bullish,Strong Contraction,61.5,True,Uptrend,Above SMA20,22522.7,22481.75,31.25,9.7,N/A,2,Upside Breakout,147.45,175.65,190.4
5258,18-03-2025 09:55,22680.4,22688.35,22671.35,22683.4,17.0,31.765,19.4122,6.75,70.95,0.5352,53.5%,29.184,0.13%,0.176,0.824,Bullish,Mild Contraction,25.0,False,Uptrend,Above SMA20,22703.4,22506.25,177.15,20.0,N/A,1,Upside Breakout,38.4,69.05,91.25
5263,18-03-2025 10:20,22748.05,22750.45,22734.25,22738.65,16.2,29.74,14.0452,17.0,60.35,0.5447,54.5%,27.7497,0.12%,0.58,0.42,Bearish,Moderate Contraction,33.7,False,Uptrend,Above SMA20,22752.45,22639.2,99.45,13.8,N/A,1,Upside Breakout,11.4,36.0,36.0
5266,18-03-2025 10:35,22762.05,22764.65,22752.55,22762.65,12.1,26.03,13.3052,15.25,60.35,0.4648,46.5%,24.5942,0.11%,0.05,0.95,Bullish,Moderate Contraction,38.7,False,Uptrend,Above SMA20,22768.7,22665.55,97.1,6.05,N/A,1,Upside Breakout,5.95,23.0,23.0
5269,18-03-2025 10:50,22758.65,22772.4,22756.45,22760.35,15.95,23.645,14.0113,12.1,60.35,0.6746,67.5%,21.8032,0.1%,0.107,0.893,Bullish,Mild Contraction,17.5,False,Uptrend,Above SMA20,22774.65,22681.45,78.9,14.3,N/A,8,Upside Breakout,2.5,20.7,20.7
5274,18-03-2025 11:15,22757.2,22757.65,22747.25,22749.85,10.4,17.095,5.5706,12.1,31.5,0.6084,60.8%,17.7469,0.08%,0.707,0.293,Bearish,Strong Contraction,51.2,True,Downtrend,Above SMA20,22774.65,22732.35,17.5,24.8,N/A,3,Upside Breakout,2.5,30.8,31.55
5283,18-03-2025 12:00,22769.1,22777.0,22768.55,22776.4,8.45,14.155,3.81,10.4,23.9,0.597,59.7%,14.6278,0.06%,0.864,0.136,Bullish,Strong Contraction,53.4,True,Uptrend,Above SMA20,22781.4,22741.9,34.5,5.0,N/A,5,Downside Breakdown,12.75,47.25,78.65
5294,18-03-2025 12:55,22732.5,22736.3,22725.15,22736.3,11.15,21.39,8.8553,10.05,33.9,0.5213,52.1%,19.797,0.09%,0.341,0.659,Bullish,Moderate Contraction,34.1,False,Downtrend,Below SMA20,22776.75,22697.75,38.55,40.45,N/A,4,Upside Breakout,6.75,48.05,50.85
5297,18-03-2025 13:10,22755.3,22762.85,22751.0,22761.2,11.85,21.34,8.8535,11.15,33.9,0.5553,55.5%,17.5605,0.08%,0.498,0.502,Bullish,Moderate Contraction,32.3,False,Uptrend,Above SMA20,22764.9,22697.75,63.45,3.7,N/A,1,Upside Breakout,18.6,24.5,37.1
5303,18-03-2025 13:40,22782.75,22787.15,22780.9,22783.3,6.25,16.085,7.0468,8.7,31.35,0.3886,38.9%,15.1372,0.07%,0.088,0.912,Bullish,Moderate Contraction,44.8,False,Uptrend,Above SMA20,22785.7,22699.4,83.9,2.4,N/A,1,Upside Breakout,1.1,15.0,15.0
5314,18-03-2025 14:35,22791.2,22793.9,22787.0,22790.8,6.9,12.205,2.0245,9.0,15.35,0.5653,56.5%,12.108,0.05%,0.058,0.942,Bearish,Moderate Contraction,40.8,False,Uptrend,Above SMA20,22798.3,22770.35,20.45,7.5,N/A,2,Upside Breakout,4.65,29.5,67.0
5323,18-03-2025 15:20,22848.65,22857.25,22848.05,22855.8,9.2,13.45,5.7009,6.9,25.2,0.684,68.4%,13.8586,0.06%,0.777,0.223,Bullish,Mild Contraction,17.6,False,Uptrend,Above SMA20,22849.7,22786.1,69.7,-6.1,N/A,1,Upside Breakout,8.1,47.85,47.85
5332,19-03-2025 09:50,22873.05,22877.8,22859.9,22867.55,17.9,33.67,19.1632,9.2,65.95,0.5316,53.2%,28.4947,0.12%,0.307,0.693,Bearish,Mild Contraction,26.6,False,Uptrend,Above SMA20,22888.3,22807.95,59.6,20.75,N/A,5,Upside Breakout,12.5,33.25,43.0
5340,19-03-2025 10:30,22897.25,22901.7,22888.45,22895.25,13.25,24.54,8.8774,15.55,42.05,0.5399,54.0%,23.6414,0.1%,0.151,0.849,Bearish,Strong Contraction,55.5,True,Uptrend,Above SMA20,22910.55,22816.5,78.75,15.3,N/A,3,Upside Breakout,1.3,29.95,29.95
5346,19-03-2025 11:00,22900.9,22914.45,22900.9,22908.1,13.55,21.84,8.4577,8.75,36.75,0.6204,62.0%,21.3541,0.09%,0.531,0.469,Bullish,Mild Contraction,22.1,False,Uptrend,Above SMA20,22911.85,22840.45,67.65,3.75,N/A,17,Upside Breakout,2.35,26.65,32.65
5351,19-03-2025 11:25,22888.85,22892.45,22881.45,22891.0,11.0,17.48,7.2575,7.95,31.65,0.6293,62.9%,17.5934,0.08%,0.195,0.805,Bullish,Mild Contraction,22.1,False,Downtrend,Above SMA20,22914.45,22865.3,25.7,23.45,N/A,14,Upside Breakout,0.8,15.55,16.15
5357,19-03-2025 11:55,22899.3,22907.15,22898.8,22904.45,8.35,13.87,4.1921,7.35,20.15,0.602,60.2%,14.6937,0.06%,0.617,0.383,Bullish,Moderate Contraction,49.1,True,Uptrend,Above SMA20,22909.45,22875.45,29.0,5.0,N/A,5,Upside Breakout,1.8,23.1,28.9
5364,19-03-2025 12:30,22900.6,22908.55,22899.05,22906.9,9.5,13.875,4.684,6.9,21.4,0.6847,68.5%,13.6828,0.06%,0.663,0.337,Bullish,Mild Contraction,18.1,False,Uptrend,Above SMA20,22914.2,22875.45,31.45,7.3,N/A,1,Upside Breakout,1.05,30.35,33.8
5374,19-03-2025 13:20,22925.7,22927.8,22919.15,22925.0,8.65,18.61,8.1152,9.45,29.1,0.4648,46.5%,17.9314,0.08%,0.081,0.919,Bearish,Moderate Contraction,39.6,False,Uptrend,Above SMA20,22940.7,22882.8,42.2,15.7,N/A,,,,21.5,25.65
5380,19-03-2025 13:50,22905.7,22909.95,22899.35,22906.75,10.6,18.355,7.024,8.65,29.1,0.5775,57.7%,15.3702,0.07%,0.099,0.901,Bullish,Mild Contraction,28.5,False,Downtrend,Below SMA20,22940.7,22882.8,23.95,33.95,N/A,20,Upside Breakout,101.5,16.95,30.65
5383,19-03-2025 14:05,22922.85,22923.7,22916.4,22916.4,7.3,14.285,5.2764,8.65,27.25,0.511,51.1%,13.6801,0.06%,0.884,0.116,Bearish,Moderate Contraction,37.4,False,Downtrend,Above SMA20,22928.15,22898.55,17.85,11.75,N/A,4,Upside Breakout,0.9,12.8,21.3
5403,20-03-2025 09:30,23064.65,23070.25,23055.55,23065.65,14.7,22.07,15.2173,8.7,48.45,0.6661,66.6%,29.0655,0.13%,0.068,0.932,Bullish,Mild Contraction,15.4,False,Uptrend,Above SMA20,23065.45,22895.9,169.75,-0.2,N/A,1,Upside Breakout,5.65,60.0,91.7
5411,20-03-2025 10:10,22986.85,22994.1,22973.95,22987.65,20.15,32.48,13.0405,14.7,58.55,0.6204,62.0%,31.045,0.14%,0.04,0.96,Bullish,Mild Contraction,23.1,False,Downtrend,Above SMA20,23071.1,22982.5,5.15,83.45,N/A,1,Downside Breakdown,0.45,71.45,71.45
5414,20-03-2025 10:25,23037.6,23050.7,23033.3,23048.15,17.4,32.255,13.6387,20.15,58.55,0.5395,53.9%,30.1678,0.13%,0.606,0.394,Bullish,Moderate Contraction,34.6,False,Uptrend,Above SMA20,23071.1,22973.95,74.2,22.95,N/A,19,Upside Breakout,1.85,26.55,26.55
5417,20-03-2025 10:40,23047.5,23049.9,23033.05,23035.95,16.85,27.885,16.0191,10.1,58.55,0.6043,60.4%,24.7494,0.11%,0.685,0.315,Bearish,Mild Contraction,21.3,False,Uptrend,Above SMA20,23059.1,22973.95,62.0,23.15,N/A,6,Upside Breakout,9.15,14.45,32.3
5422,20-03-2025 11:05,23039.55,23047.8,23039.0,23040.65,8.8,19.93,11.9021,10.1,52.85,0.4415,44.2%,19.4919,0.08%,0.125,0.875,Bullish,Moderate Contraction,39.4,False,Uptrend,Above SMA20,23059.1,22982.05,58.6,18.45,N/A,1,Upside Breakout,9.15,27.6,29.05
5427,20-03-2025 11:30,23053.25,23056.2,23045.35,23045.65,10.85,15.99,5.3067,8.8,28.65,0.6785,67.9%,17.1899,0.07%,0.7,0.3,Bearish,Moderate Contraction,40.4,True,Uptrend,Above SMA20,23068.25,23021.6,24.05,22.6,N/A,5,Upside Breakout,1.45,24.05,37.8
5430,20-03-2025 11:45,23057.1,23061.2,23052.85,23055.2,8.35,14.795,5.8421,8.8,28.65,0.5644,56.4%,14.8425,0.06%,0.228,0.772,Bearish,Moderate Contraction,33.3,False,Uptrend,Above SMA20,23068.25,23025.6,29.6,13.05,N/A,2,Upside Breakout,1.45,19.2,34.1
5434,20-03-2025 12:05,23068.5,23071.25,23063.85,23069.15,7.4,11.675,2.3467,8.35,16.0,0.6338,63.4%,12.7091,0.06%,0.088,0.912,Bullish,Moderate Contraction,32.9,False,Uptrend,Above SMA20,23072.95,23042.65,26.5,3.8,N/A,1,Upside Breakout,1.45,15.85,45.6
5454,20-03-2025 13:45,23177.45,23179.75,23166.95,23176.45,12.8,19.97,7.1572,9.5,33.7,0.641,64.1%,17.2864,0.07%,0.078,0.922,Bearish,Mild Contraction,22.1,False,Uptrend,Above SMA20,23185.1,23096.2,80.25,8.65,N/A,1,Upside Breakout,6.55,30.1,40.25
5459,20-03-2025 14:10,23186.3,23191.05,23179.25,23182.4,11.8,17.51,4.0524,12.8,26.5,0.6739,67.4%,16.6688,0.07%,0.331,0.669,Bearish,Mild Contraction,28.5,False,Uptrend,Above SMA20,23206.55,23152.65,29.75,24.15,N/A,3,Upside Breakout,7.45,34.3,34.3
5463,20-03-2025 14:30,23209.95,23216.7,23207.05,23213.6,9.65,17.125,3.8967,11.8,23.45,0.5635,56.4%,16.8821,0.07%,0.378,0.622,Bullish,Moderate Contraction,37.4,False,Uptrend,Above SMA20,23214.0,23166.95,46.65,0.4,N/A,1,Upside Breakout,0.15,24.6,34.05
5468,20-03-2025 14:55,23209.3,23214.75,23203.75,23205.05,11.0,16.485,4.2892,9.65,23.45,0.6673,66.7%,15.5268,0.07%,0.386,0.614,Bearish,Mild Contraction,24.3,False,Uptrend,Above SMA20,23216.7,23171.3,33.75,11.65,N/A,6,Downside Breakdown,9.05,25.5,72.25
5472,20-03-2025 15:15,23183.95,23189.45,23179.55,23188.15,9.9,14.475,3.1193,9.65,20.45,0.6839,68.4%,14.3955,0.06%,0.424,0.576,Bullish,Mild Contraction,27.2,False,Downtrend,Below SMA20,23216.7,23183.5,4.65,28.55,N/A,1,Downside Breakdown,0.1,55.35,88.55
5481,21-03-2025 09:45,23273.7,23275.2,23254.95,23255.1,20.25,31.975,17.9233,7.35,65.85,0.6333,63.3%,28.9196,0.12%,0.919,0.081,Bearish,Mild Contraction,16.6,False,Uptrend,Above SMA20,23276.7,23132.8,122.3,21.6,N/A,8,Upside Breakout,22.75,19.9,61.6
5486,21-03-2025 10:10,23270.25,23271.0,23251.15,23257.3,19.85,29.37,11.1236,12.95,43.3,0.6759,67.6%,24.5537,0.11%,0.652,0.348,Bearish,Mild Contraction,17.3,False,Uptrend,Above SMA20,23276.7,23155.1,102.2,19.4,N/A,3,Upside Breakout,22.75,59.4,100.4
5490,21-03-2025 10:30,23298.5,23307.3,23293.4,23300.55,13.9,21.53,9.6322,10.0,37.2,0.6456,64.6%,21.991,0.09%,0.147,0.853,Bullish,Mild Contraction,20.3,False,Uptrend,Above SMA20,23299.45,23239.5,61.05,-1.1,N/A,1,Upside Breakout,17.25,57.15,61.85
5496,21-03-2025 11:00,23340.75,23350.15,23339.8,23346.4,10.35,19.985,10.1569,10.0,37.75,0.5179,51.8%,20.1016,0.09%,0.546,0.454,Bullish,Strong Contraction,54.4,True,Uptrend,Above SMA20,23357.7,23247.9,98.5,11.3,N/A,4,Upside Breakout,4.7,24.95,24.95
5501,21-03-2025 11:25,23343.55,23352.4,23339.15,23349.7,13.25,19.465,7.5889,10.35,37.75,0.6807,68.1%,18.9022,0.08%,0.464,0.536,Bullish,Mild Contraction,18.8,False,Uptrend,Above SMA20,23362.4,23292.05,57.65,12.7,N/A,1,Upside Breakout,8.45,21.15,21.15
5506,21-03-2025 11:50,23339.95,23349.5,23338.95,23347.75,10.55,17.345,5.7502,7.2,26.05,0.6082,60.8%,17.5517,0.08%,0.739,0.261,Bullish,Mild Contraction,24.5,False,Uptrend,Above SMA20,23370.85,23321.45,26.3,23.1,N/A,6,Upside Breakout,18.8,21.15,45.1
5509,21-03-2025 12:05,23359.4,23364.9,23354.65,23360.2,10.25,16.525,6.1117,7.2,26.05,0.6203,62.0%,15.8806,0.07%,0.078,0.922,Bullish,Mild Contraction,23.1,False,Uptrend,Above SMA20,23370.85,23326.5,33.7,10.65,N/A,3,Upside Breakout,18.8,30.05,42.25
5514,21-03-2025 12:30,23373.35,23380.65,23369.9,23371.1,10.75,16.81,7.6366,10.25,32.55,0.6395,64.0%,16.71,0.07%,0.209,0.791,Bearish,Mild Contraction,25.9,False,Uptrend,Above SMA20,23390.25,23330.65,40.45,19.15,N/A,2,Upside Breakout,2.6,31.35,31.6
5519,21-03-2025 12:55,23395.75,23402.45,23391.0,23399.45,11.45,17.37,7.1159,10.25,32.55,0.6592,65.9%,17.0455,0.07%,0.323,0.677,Bullish,Mild Contraction,23.1,False,Uptrend,Above SMA20,23400.15,23350.8,48.65,0.7,N/A,1,Upside Breakout,2.55,49.5,94.55
5525,21-03-2025 13:25,23374.55,23386.8,23374.1,23381.55,12.7,18.645,5.2105,10.8,26.65,0.6811,68.1%,17.8093,0.08%,0.551,0.449,Bullish,Moderate Contraction,41.9,True,Uptrend,Above SMA20,23402.7,23349.95,31.6,21.15,N/A,1,Downside Breakdown,13.3,99.95,104.5
5533,21-03-2025 14:05,23329.45,23347.25,23328.4,23340.55,18.85,28.595,10.4931,12.7,47.9,0.6592,65.9%,25.9859,0.11%,0.589,0.411,Bullish,Mild Contraction,19.2,False,Downtrend,Below SMA20,23386.8,23277.05,63.5,46.25,N/A,17,Upside Breakout,131.85,39.25,39.25
5537,21-03-2025 14:25,23366.95,23379.8,23363.1,23378.8,16.7,26.77,6.9986,18.85,43.1,0.6238,62.4%,23.5193,0.1%,0.71,0.29,Bullish,Moderate Contraction,31.5,False,Uptrend,Above SMA20,23371.85,23277.05,101.75,-6.95,N/A,1,Upside Breakout,7.1,45.1,48.5
5546,21-03-2025 15:10,23357.8,23360.45,23348.15,23348.8,12.3,18.165,3.3205,12.95,23.35,0.6771,67.7%,19.0179,0.08%,0.732,0.268,Bearish,Moderate Contraction,30.1,False,Downtrend,Above SMA20,23379.8,23330.3,18.5,31.0,N/A,4,Upside Breakout,138.85,170.9,170.9
5559,24-03-2025 10:00,23542.9,23559.9,23534.5,23550.2,25.4,37.005,11.7107,22.65,55.65,0.6864,68.6%,35.7239,0.15%,0.287,0.713,Bullish,Mild Contraction,21.9,False,Uptrend,Above SMA20,23546.25,23350.9,199.3,-3.95,N/A,1,Upside Breakout,7.05,17.4,49.45
5563,24-03-2025 10:20,23559.25,23562.15,23542.7,23545.4,19.45,31.1,13.4083,11.85,55.65,0.6254,62.5%,28.0741,0.12%,0.712,0.288,Bearish,Mild Contraction,20.7,False,Uptrend,Above SMA20,23559.9,23433.5,111.9,14.5,N/A,1,Upside Breakout,7.7,45.65,93.5
5569,24-03-2025 10:50,23590.9,23599.65,23587.05,23594.1,12.6,19.275,4.9957,11.65,25.4,0.6537,65.4%,22.091,0.09%,0.254,0.746,Bullish,Moderate Contraction,46.8,True,Uptrend,Above SMA20,23591.05,23534.5,59.6,-3.05,N/A,1,Upside Breakout,33.9,44.8,48.9
5581,24-03-2025 11:50,23609.85,23611.1,23597.6,23610.9,13.5,22.82,4.0745,17.3,29.7,0.5916,59.2%,21.8129,0.09%,0.078,0.922,Bullish,Strong Contraction,57.6,True,Downtrend,Above SMA20,23643.0,23579.5,31.4,32.1,N/A,5,Upside Breakout,0.55,32.65,39.5
5599,24-03-2025 13:20,23651.05,23659.1,23650.45,23654.8,8.65,17.26,6.4625,11.25,33.8,0.5012,50.1%,16.6777,0.07%,0.434,0.566,Bullish,Moderate Contraction,38.0,False,Uptrend,Above SMA20,23666.85,23613.25,41.55,12.05,N/A,7,Upside Breakout,5.85,26.25,36.55
5610,24-03-2025 14:15,23687.3,23691.75,23681.8,23688.45,9.95,16.485,5.7416,9.55,27.15,0.6036,60.4%,16.3799,0.07%,0.116,0.884,Bullish,Moderate Contraction,30.0,False,Uptrend,Above SMA20,23691.35,23628.55,59.9,2.9,N/A,1,Upside Breakout,9.45,23.65,58.55
5616,24-03-2025 14:45,23668.8,23672.6,23662.55,23670.75,10.05,16.885,5.1441,9.95,27.15,0.5952,59.5%,15.8888,0.07%,0.194,0.806,Bullish,Moderate Contraction,32.3,False,Uptrend,Above SMA20,23708.75,23653.55,17.2,38.0,N/A,3,Downside Breakdown,23.6,40.85,95.45
5621,24-03-2025 15:10,23656.45,23658.5,23647.7,23652.9,10.8,19.185,9.2182,10.05,41.55,0.5629,56.3%,18.5891,0.08%,0.329,0.671,Bearish,Moderate Contraction,30.7,False,Downtrend,Below SMA20,23708.75,23629.9,23.0,55.85,N/A,4,Upside Breakout,57.45,113.3,160.55
5624,24-03-2025 15:25,23672.7,23681.25,23670.0,23674.15,11.25,17.855,9.5565,10.05,41.55,0.6301,63.0%,17.205,0.07%,0.129,0.871,Bullish,Mild Contraction,24.4,False,Downtrend,Above SMA20,23683.35,23629.9,44.25,9.2,N/A,1,Upside Breakout,82.85,120.0,195.45
5630,25-03-2025 09:40,23787.1,23797.65,23781.0,23788.1,16.65,30.505,16.6374,10.8,60.4,0.5458,54.6%,32.668,0.14%,0.06,0.94,Bullish,Moderate Contraction,47.0,True,Uptrend,Above SMA20,23794.15,23629.9,158.2,6.05,N/A,1,Upside Breakout,19.3,81.5,81.5
5638,25-03-2025 10:20,23799.25,23826.1,23798.8,23813.8,27.3,39.755,12.6693,16.65,65.75,0.6867,68.7%,38.7814,0.16%,0.533,0.467,Bullish,Mild Contraction,16.5,False,Uptrend,Above SMA20,23869.6,23720.9,92.9,55.8,N/A,3,Downside Breakdown,15.0,107.9,157.4
5646,25-03-2025 11:00,23701.1,23701.1,23672.85,23698.95,28.25,45.985,17.6234,26.1,74.85,0.6143,61.4%,41.8483,0.18%,0.076,0.924,Bearish,Mild Contraction,27.8,False,Downtrend,Below SMA20,23826.35,23656.4,42.55,127.4,N/A,5,Downside Breakdown,10.0,52.55,71.4
5655,25-03-2025 11:45,23641.9,23666.35,23641.4,23644.9,24.95,37.055,9.9787,28.25,60.7,0.6733,67.3%,35.4411,0.15%,0.12,0.88,Bullish,Mild Contraction,27.6,False,Downtrend,Below SMA20,23724.35,23631.5,13.4,79.45,N/A,1,Downside Breakdown,3.95,85.1,85.1
5658,25-03-2025 12:00,23711.95,23717.6,23700.5,23705.85,17.1,35.46,7.7023,24.95,50.05,0.4822,48.2%,34.9797,0.15%,0.357,0.643,Bearish,Moderate Contraction,44.4,False,Uptrend,Above SMA20,23722.65,23627.55,78.3,16.8,N/A,1,Upside Breakout,7.35,52.2,52.2
5663,25-03-2025 12:25,23689.25,23690.0,23667.4,23680.9,22.6,35.87,9.8573,17.1,50.05,0.6301,63.0%,34.9752,0.15%,0.369,0.631,Bearish,Mild Contraction,24.9,False,Uptrend,Below SMA20,23730.0,23627.55,53.35,49.1,N/A,16,Upside Breakout,0.8,24.45,36.6
5666,25-03-2025 12:40,23694.95,23699.4,23677.6,23696.9,21.8,34.035,10.387,17.1,50.05,0.6405,64.1%,31.5849,0.13%,0.089,0.911,Bullish,Mild Contraction,23.7,False,Uptrend,Above SMA20,23730.0,23627.55,69.35,33.1,N/A,13,Upside Breakout,0.8,28.9,52.6
5669,25-03-2025 12:55,23682.7,23693.3,23675.4,23684.8,17.9,29.825,8.817,18.05,43.15,0.6002,60.0%,27.6611,0.12%,0.117,0.883,Bullish,Moderate Contraction,32.5,False,Downtrend,Above SMA20,23730.0,23653.65,31.15,45.2,N/A,4,Downside Breakdown,9.35,40.5,46.0
5678,25-03-2025 13:40,23714.3,23719.05,23702.05,23711.6,17.0,26.23,7.441,17.9,39.35,0.6481,64.8%,26.7708,0.11%,0.159,0.841,Bearish,Mild Contraction,29.2,False,Uptrend,Above SMA20,23717.85,23644.3,67.3,6.25,N/A,1,Upside Breakout,12.95,30.7,33.0
5681,25-03-2025 13:55,23734.55,23742.3,23725.65,23733.1,16.65,26.475,7.4414,17.0,39.35,0.6289,62.9%,24.8865,0.1%,0.087,0.913,Bearish,Moderate Contraction,30.7,False,Uptrend,Above SMA20,23741.55,23644.3,88.8,8.45,N/A,3,Upside Breakout,2.55,21.6,49.25
5689,25-03-2025 14:35,23724.85,23726.35,23713.9,23721.0,12.45,20.805,4.0744,15.1,27.05,0.5984,59.8%,21.0773,0.09%,0.309,0.691,Bearish,Moderate Contraction,36.1,False,Downtrend,Above SMA20,23744.6,23700.05,20.95,23.6,N/A,1,Downside Breakdown,4.5,59.3,119.6
5711,26-03-2025 10:10,23669.95,23682.8,23663.7,23679.15,19.1,35.925,7.8278,25.85,48.2,0.5317,53.2%,33.5383,0.14%,0.482,0.518,Bullish,Strong Contraction,60.4,True,Downtrend,Above SMA20,23736.5,23614.7,64.45,57.35,N/A,,,,41.05,49.6
5714,26-03-2025 10:25,23657.35,23677.85,23656.65,23662.8,21.2,31.88,8.1499,19.1,48.2,0.665,66.5%,30.7605,0.13%,0.257,0.743,Bullish,Mild Contraction,25.3,False,Uptrend,Below SMA20,23696.2,23614.7,48.1,33.4,N/A,1,Upside Breakout,2.0,57.4,57.4
5717,26-03-2025 10:40,23682.15,23682.15,23665.65,23670.85,16.5,30.745,7.3635,19.1,41.05,0.5367,53.7%,31.0266,0.13%,0.685,0.315,Bearish,Moderate Contraction,39.0,False,Uptrend,Below SMA20,23720.2,23628.15,42.7,49.35,N/A,13,Downside Breakdown,4.5,41.3,41.3
5720,26-03-2025 10:55,23688.0,23689.5,23670.85,23681.0,18.65,27.7,8.693,16.5,41.05,0.6733,67.3%,28.3276,0.12%,0.375,0.625,Bearish,Mild Contraction,22.9,False,Uptrend,Above SMA20,23720.2,23642.1,38.9,39.2,N/A,1,Downside Breakdown,12.55,51.45,57.35
5723,26-03-2025 11:10,23648.95,23654.95,23636.9,23653.0,18.05,28.955,12.4384,16.5,52.45,0.6234,62.3%,28.0872,0.12%,0.224,0.776,Bullish,Mild Contraction,26.3,False,Downtrend,Below SMA20,23720.2,23629.55,23.45,67.2,N/A,7,Downside Breakdown,5.9,18.9,81.0
5727,26-03-2025 11:30,23662.35,23671.9,23658.6,23662.65,13.3,22.985,11.4612,15.85,52.45,0.5786,57.9%,23.1377,0.1%,0.023,0.977,Bullish,Moderate Contraction,31.2,False,Downtrend,Below SMA20,23705.75,23629.55,33.1,43.1,N/A,3,Downside Breakdown,5.9,73.85,90.65
5740,26-03-2025 12:35,23618.2,23626.45,23615.75,23617.8,10.7,21.535,8.7401,15.95,45.4,0.4969,49.7%,19.6664,0.08%,0.037,0.963,Bearish,Moderate Contraction,37.8,False,Downtrend,Below SMA20,23640.9,23572.0,45.8,23.1,N/A,6,Downside Breakdown,10.35,21.2,84.0
5750,26-03-2025 13:25,23556.85,23568.8,23555.65,23559.7,13.15,22.61,9.2252,10.7,37.7,0.5816,58.2%,22.9767,0.1%,0.217,0.783,Bullish,Mild Contraction,27.8,False,Downtrend,Below SMA20,23638.05,23533.8,25.9,78.35,N/A,2,Downside Breakdown,2.45,59.1,59.1
5756,26-03-2025 13:55,23531.65,23541.35,23523.5,23532.0,17.85,26.485,8.5498,13.15,39.4,0.674,67.4%,23.843,0.1%,0.02,0.98,Bullish,Mild Contraction,19.5,False,Downtrend,Below SMA20,23599.35,23500.6,31.4,67.35,N/A,11,Downside Breakdown,13.25,30.35,30.35
5759,26-03-2025 14:10,23550.85,23557.1,23541.75,23550.5,15.35,22.94,7.875,13.15,39.4,0.6691,66.9%,21.7753,0.09%,0.023,0.977,Bearish,Mild Contraction,22.1,False,Downtrend,Below SMA20,23575.95,23500.6,49.9,25.45,N/A,8,Downside Breakdown,13.25,28.3,98.8
5762,26-03-2025 14:25,23545.1,23552.5,23538.55,23542.4,13.95,22.65,7.2029,15.35,39.4,0.6159,61.6%,21.2446,0.09%,0.194,0.806,Bearish,Moderate Contraction,30.8,False,Uptrend,Below SMA20,23562.35,23500.6,41.8,19.95,N/A,5,Downside Breakdown,13.25,55.05,90.7
5773,26-03-2025 15:20,23479.4,23486.15,23476.1,23480.15,10.05,25.7,9.5583,18.15,43.9,0.3911,39.1%,23.0309,0.1%,0.075,0.925,Bullish,Moderate Contraction,45.8,False,Downtrend,Below SMA20,23543.1,23451.7,28.45,62.95,N/A,2,Downside Breakdown,39.5,81.95,106.9
5783,27-03-2025 09:55,23566.7,23587.05,23558.9,23587.05,28.15,44.655,24.6203,10.05,95.75,0.6304,63.0%,38.7062,0.16%,0.723,0.277,Bullish,Mild Contraction,16.9,False,Uptrend,Above SMA20,23568.05,23412.2,174.85,-19.0,N/A,1,Upside Breakout,28.5,33.5,39.7
5786,27-03-2025 10:10,23611.85,23618.65,23597.85,23600.35,20.8,40.405,13.6824,26.6,67.55,0.5148,51.5%,33.7174,0.14%,0.553,0.447,Bearish,Strong Contraction,57.7,True,Uptrend,Above SMA20,23616.4,23483.8,116.55,16.05,N/A,1,Upside Breakout,4.15,26.4,40.55
5789,27-03-2025 10:25,23613.7,23617.8,23602.85,23617.8,14.95,32.385,9.6176,20.8,48.55,0.4616,46.2%,30.1921,0.13%,0.274,0.726,Bullish,Moderate Contraction,42.7,False,Uptrend,Above SMA20,23620.55,23507.4,110.4,2.75,N/A,1,Upside Breakout,6.2,58.0,58.0
5793,27-03-2025 10:45,23582.6,23590.75,23572.95,23573.5,17.8,25.495,7.1401,14.95,39.75,0.6982,69.8%,27.1355,0.12%,0.511,0.489,Bearish,Mild Contraction,20.1,False,Downtrend,Above SMA20,23626.75,23558.9,14.6,53.25,N/A,,,,32.15,40.0
5797,27-03-2025 11:05,23601.3,23605.65,23593.45,23599.65,12.2,23.18,8.1702,12.85,39.75,0.5263,52.6%,23.1698,0.1%,0.135,0.865,Bearish,Moderate Contraction,36.6,False,Uptrend,Above SMA20,23626.75,23559.8,39.85,27.1,N/A,,,,19.5,19.5
5800,27-03-2025 11:20,23594.9,23594.9,23582.75,23585.25,12.15,20.055,8.5972,9.2,39.75,0.6058,60.6%,20.016,0.08%,0.794,0.206,Bearish,Mild Contraction,24.5,False,Downtrend,Below SMA20,23626.75,23559.8,25.45,41.5,N/A,,,,30.0,30.0
5803,27-03-2025 11:35,23590.0,23599.35,23589.45,23599.0,9.9,15.335,6.0395,7.8,25.8,0.6456,64.6%,16.5406,0.07%,0.909,0.091,Bullish,Mild Contraction,22.0,False,Uptrend,Above SMA20,23613.5,23559.8,39.2,14.5,N/A,1,Upside Breakout,0.8,16.25,17.4
5813,27-03-2025 12:25,23590.55,23591.5,23584.55,23585.95,6.95,13.54,4.2541,8.1,20.25,0.5133,51.3%,13.6652,0.06%,0.662,0.338,Bearish,Moderate Contraction,38.4,False,Downtrend,Below SMA20,23615.25,23581.6,4.35,29.3,N/A,1,Downside Breakdown,5.7,20.1,21.6
5816,27-03-2025 12:40,23592.45,23599.7,23590.5,23599.7,9.2,13.645,4.469,6.95,21.05,0.6742,67.4%,13.6864,0.06%,0.788,0.212,Bullish,Mild Contraction,19.7,False,Downtrend,Above SMA20,23615.05,23574.85,24.85,15.35,N/A,18,Upside Breakout,1.75,12.8,17.9
5848,27-03-2025 15:20,23588.0,23593.15,23579.2,23584.95,13.95,20.615,10.6938,11.6,48.3,0.6767,67.7%,18.5601,0.08%,0.219,0.781,Bearish,Moderate Contraction,39.2,True,Downtrend,Below SMA20,23620.4,23572.1,12.85,35.45,N/A,1,Upside Breakout,26.05,61.5,80.0
5852,28-03-2025 09:25,23564.65,23574.4,23553.25,23561.9,21.15,32.74,20.6648,13.3,67.75,0.646,64.6%,30.6703,0.13%,0.13,0.87,Bearish,Moderate Contraction,37.8,True,Downtrend,Below SMA20,23646.45,23564.05,-2.15,84.55,N/A,1,Downside Breakdown,20.8,56.95,56.95
5855,28-03-2025 09:40,23512.4,23526.8,23504.95,23520.9,21.85,34.385,18.1987,13.95,67.75,0.6355,63.5%,30.5037,0.13%,0.389,0.611,Bullish,Mild Contraction,19.4,False,Downtrend,Below SMA20,23646.45,23509.5,11.4,125.55,N/A,14,Upside Breakout,2.75,44.95,106.15
5859,28-03-2025 10:00,23556.3,23563.8,23541.05,23563.2,22.75,36.64,16.1119,21.15,67.75,0.6209,62.1%,28.1378,0.12%,0.303,0.697,Bullish,Moderate Contraction,46.8,True,Downtrend,Below SMA20,23646.45,23504.95,58.25,83.25,N/A,10,Upside Breakout,2.75,44.2,86.0
5867,28-03-2025 10:40,23625.5,23629.55,23611.15,23613.05,18.4,28.545,15.1852,12.25,67.0,0.6446,64.5%,29.0594,0.12%,0.677,0.323,Bearish,Mild Contraction,19.0,False,Uptrend,Above SMA20,23635.3,23519.0,94.05,22.25,N/A,1,Upside Breakout,10.55,36.15,50.05
5871,28-03-2025 11:00,23623.6,23631.35,23613.15,23613.5,18.2,27.645,15.5024,12.25,67.0,0.6583,65.8%,26.8564,0.11%,0.555,0.445,Bearish,Moderate Contraction,37.7,True,Uptrend,Above SMA20,23649.2,23519.0,94.5,35.7,N/A,18,Downside Breakdown,27.7,50.5,51.8
5874,28-03-2025 11:15,23581.7,23586.55,23576.65,23583.35,9.9,29.88,14.4291,18.2,67.0,0.3313,33.1%,24.7529,0.1%,0.167,0.833,Bullish,Moderate Contraction,48.0,False,Uptrend,Above SMA20,23649.2,23525.35,58.0,65.85,N/A,15,Downside Breakdown,34.05,20.35,21.65
5882,28-03-2025 11:55,23588.45,23590.0,23579.85,23589.5,10.15,22.39,6.4303,9.9,32.6,0.4533,45.3%,21.7411,0.09%,0.103,0.897,Bullish,Strong Contraction,63.2,True,Downtrend,Below SMA20,23616.8,23561.7,27.8,27.3,N/A,4,Downside Breakdown,4.7,50.15,105.65
5885,28-03-2025 12:10,23600.4,23604.55,23595.75,23596.45,8.8,19.985,5.8811,10.15,29.9,0.4403,44.0%,18.5715,0.08%,0.449,0.551,Bearish,Moderate Contraction,44.3,False,Uptrend,Below SMA20,23602.1,23561.7,34.75,5.65,N/A,1,Downside Breakdown,4.7,112.6,123.0
5897,28-03-2025 13:10,23498.1,23505.9,23488.65,23499.55,17.25,27.225,12.218,14.65,54.05,0.6336,63.4%,25.9994,0.11%,0.084,0.916,Bullish,Mild Contraction,23.7,False,Downtrend,Below SMA20,23558.0,23471.1,28.45,58.45,N/A,7,Downside Breakdown,16.4,22.95,45.9
5905,28-03-2025 13:50,23463.75,23469.95,23453.65,23458.6,16.3,25.935,11.6108,14.1,54.05,0.6285,62.8%,23.4983,0.1%,0.316,0.684,Bearish,Mild Contraction,24.5,False,Downtrend,Below SMA20,23527.5,23454.7,3.9,68.9,N/A,2,Downside Breakdown,0.5,68.3,138.5
5918,28-03-2025 14:55,23595.65,23606.1,23585.55,23591.5,20.55,33.75,6.8426,28.1,48.2,0.6089,60.9%,29.613,0.13%,0.202,0.798,Bearish,Moderate Contraction,34.9,False,Uptrend,Above SMA20,23612.05,23451.3,140.2,20.55,N/A,6,Downside Breakdown,1.1,95.6,252.4
5921,28-03-2025 15:10,23530.05,23546.25,23524.2,23543.65,22.05,33.97,15.4395,12.85,67.25,0.6491,64.9%,30.4669,0.13%,0.617,0.383,Bullish,Mild Contraction,18.1,False,Uptrend,Above SMA20,23612.05,23504.8,38.85,68.4,N/A,1,Downside Breakdown,7.7,204.55,204.55
5929,01-04-2025 09:35,23516.6,23535.55,23502.7,23535.55,32.85,49.8,28.4362,12.85,111.85,0.6596,66.0%,49.1057,0.21%,0.577,0.423,Bullish,Moderate Contraction,34.5,True,Uptrend,Above SMA20,23591.2,23339.1,196.45,55.65,N/A,10,Downside Breakdown,42.2,69.45,238.65
5933,01-04-2025 09:55,23525.0,23526.5,23492.75,23514.85,33.75,48.88,25.3217,19.85,111.85,0.6905,69.0%,43.3005,0.18%,0.301,0.699,Bearish,Mild Contraction,14.0,False,Uptrend,Below SMA20,23565.15,23339.1,175.75,50.3,N/A,6,Downside Breakdown,42.2,140.0,238.75
5936,01-04-2025 10:10,23462.75,23475.7,23448.2,23456.1,27.5,43.38,10.8044,32.0,57.3,0.6339,63.4%,42.0469,0.18%,0.242,0.758,Bearish,Moderate Contraction,31.1,False,Uptrend,Below SMA20,23565.15,23410.25,45.85,109.05,N/A,2,Downside Breakdown,35.4,180.0,228.65
5942,01-04-2025 10:40,23316.05,23324.65,23298.65,23319.95,26.0,50.985,25.9452,27.5,108.85,0.51,51.0%,47.8859,0.21%,0.15,0.85,Bullish,Strong Contraction,55.7,True,Downtrend,Below SMA20,23544.25,23276.1,43.85,224.3,N/A,3,Downside Breakdown,39.65,95.25,102.3
5946,01-04-2025 11:00,23243.5,23253.35,23227.45,23228.45,25.9,48.5,29.8167,18.05,108.85,0.534,53.4%,43.4565,0.19%,0.581,0.419,Bearish,Mild Contraction,28.1,False,Downtrend,Below SMA20,23483.7,23236.45,-8.0,255.25,N/A,1,Downside Breakdown,11.75,30.35,44.9
5950,01-04-2025 11:20,23243.35,23258.8,23235.35,23250.5,23.45,33.55,16.4797,16.05,72.75,0.699,69.9%,35.4259,0.15%,0.305,0.695,Bullish,Mild Contraction,14.7,False,Downtrend,Below SMA20,23339.35,23221.15,29.35,88.85,N/A,2,Downside Breakdown,3.5,66.95,77.4
5955,01-04-2025 11:45,23199.1,23209.9,23190.3,23205.3,19.6,31.99,15.1765,16.05,72.75,0.6127,61.3%,31.6147,0.14%,0.316,0.684,Bullish,Mild Contraction,24.6,False,Downtrend,Below SMA20,23309.2,23183.55,21.75,103.9,N/A,2,Downside Breakdown,0.65,32.2,41.65
5959,01-04-2025 12:05,23180.6,23192.8,23177.2,23192.25,15.6,26.15,5.2562,18.75,32.7,0.5966,59.7%,26.6311,0.11%,0.747,0.253,Bullish,Moderate Contraction,35.9,False,Downtrend,Below SMA20,23258.8,23173.1,19.15,66.55,N/A,14,Downside Breakdown,13.45,54.4,60.0
5971,01-04-2025 13:05,23176.1,23191.3,23175.95,23184.35,15.35,27.53,7.4843,21.65,43.6,0.5576,55.8%,24.4007,0.11%,0.537,0.463,Bullish,Moderate Contraction,36.3,False,Downtrend,Below SMA20,23252.25,23174.3,10.05,67.9,N/A,2,Downside Breakdown,14.65,47.95,47.95
5975,01-04-2025 13:25,23160.45,23165.25,23148.6,23154.55,16.65,23.835,5.0116,15.35,35.5,0.6986,69.9%,24.2777,0.1%,0.354,0.646,Bearish,Mild Contraction,24.2,False,Downtrend,Below SMA20,23252.25,23150.4,4.15,97.7,N/A,1,Downside Breakdown,14.0,25.95,32.25
5984,01-04-2025 14:10,23157.3,23164.2,23150.3,23161.55,13.9,23.55,6.8676,16.2,36.1,0.5902,59.0%,23.831,0.1%,0.306,0.694,Bullish,Moderate Contraction,33.3,False,Uptrend,Below SMA20,23186.8,23136.4,25.15,25.25,N/A,16,Upside Breakout,63.8,24.1,24.1
5987,01-04-2025 14:25,23153.2,23156.7,23145.8,23154.75,10.9,22.63,7.1177,13.9,36.1,0.4817,48.2%,21.7655,0.09%,0.142,0.858,Bullish,Moderate Contraction,40.7,False,Downtrend,Below SMA20,23186.8,23137.45,17.3,32.05,N/A,13,Upside Breakout,63.8,19.35,25.6
5990,01-04-2025 14:40,23160.65,23162.45,23147.4,23161.65,15.05,22.02,7.8345,10.9,36.1,0.6835,68.3%,20.4334,0.09%,0.066,0.934,Bullish,Mild Contraction,17.9,False,Downtrend,Below SMA20,23186.8,23137.45,24.2,25.15,N/A,10,Upside Breakout,63.8,18.7,88.95
5993,01-04-2025 14:55,23154.7,23163.2,23152.4,23161.3,10.8,18.995,6.563,10.9,33.65,0.5686,56.9%,18.2577,0.08%,0.611,0.389,Bullish,Moderate Contraction,33.8,False,Uptrend,Above SMA20,23186.8,23137.45,23.85,25.5,N/A,7,Upside Breakout,63.8,19.05,121.95
5996,01-04-2025 15:10,23178.15,23178.6,23169.9,23174.5,8.7,16.85,4.216,10.8,21.7,0.5163,51.6%,17.2667,0.07%,0.42,0.58,Bearish,Moderate Contraction,40.2,False,Uptrend,Above SMA20,23180.35,23137.45,37.05,5.85,N/A,3,Upside Breakout,1.95,76.1,119.15
6007,02-04-2025 09:50,23204.55,23208.1,23183.25,23203.0,24.85,41.59,17.7875,16.0,74.15,0.5975,59.7%,36.3327,0.16%,0.062,0.938,Bearish,Mild Contraction,23.6,False,Uptrend,Above SMA20,23293.65,23151.8,51.2,90.65,N/A,12,Upside Breakout,8.5,52.35,82.1
6010,02-04-2025 10:05,23232.75,23240.25,23216.45,23235.4,23.8,44.96,15.4296,23.3,74.15,0.5294,52.9%,34.5595,0.15%,0.111,0.889,Bullish,Moderate Contraction,36.1,False,Uptrend,Above SMA20,23293.65,23158.45,76.95,58.25,N/A,9,Upside Breakout,8.5,34.65,66.75
6015,02-04-2025 10:30,23267.75,23270.05,23252.05,23268.9,18.0,31.05,11.4434,13.6,50.35,0.5797,58.0%,29.138,0.13%,0.064,0.936,Bullish,Mild Contraction,27.5,False,Uptrend,Above SMA20,23280.65,23183.25,85.65,11.75,N/A,2,Upside Breakout,4.45,33.25,43.0
6023,02-04-2025 11:10,23285.65,23297.7,23284.5,23287.5,13.2,22.73,3.7713,18.0,29.2,0.5807,58.1%,22.9715,0.1%,0.14,0.86,Bullish,Moderate Contraction,39.5,False,Uptrend,Above SMA20,23311.9,23230.95,56.55,24.4,N/A,,,,27.0,41.35
6032,02-04-2025 11:55,23264.45,23271.1,23255.25,23255.25,15.85,23.415,8.4878,13.2,40.75,0.6769,67.7%,23.7787,0.1%,0.58,0.42,Bearish,Moderate Contraction,40.6,True,Downtrend,Below SMA20,23297.7,23246.15,9.1,42.45,N/A,6,Upside Breakout,2.3,37.25,44.75
6036,02-04-2025 12:15,23281.25,23292.5,23280.7,23291.3,11.8,22.6,7.9984,15.4,40.75,0.5221,52.2%,20.8461,0.09%,0.852,0.148,Bullish,Moderate Contraction,36.9,False,Uptrend,Above SMA20,23295.3,23246.15,45.15,4.0,N/A,2,Upside Breakout,4.7,21.8,52.35
6047,02-04-2025 13:10,23287.45,23292.7,23282.95,23287.65,9.75,19.08,6.1806,8.35,30.55,0.511,51.1%,18.7307,0.08%,0.021,0.979,Bullish,Moderate Contraction,35.7,False,Downtrend,Above SMA20,23300.0,23238.95,48.7,12.35,N/A,2,Upside Breakout,0.05,19.35,32.9
6051,02-04-2025 13:30,23298.6,23302.9,23293.9,23299.75,9.0,16.75,6.9304,9.75,30.55,0.5373,53.7%,15.3037,0.07%,0.128,0.872,Bullish,Moderate Contraction,34.9,False,Uptrend,Above SMA20,23300.45,23238.95,60.8,0.7,N/A,1,Upside Breakout,6.55,45.0,45.0
6057,02-04-2025 14:00,23287.7,23294.1,23286.25,23290.6,7.85,15.465,6.8986,9.0,32.35,0.5076,50.8%,16.9384,0.07%,0.369,0.631,Bullish,Moderate Contraction,36.5,False,Uptrend,Above SMA20,23307.0,23254.75,35.85,16.4,N/A,7,Upside Breakout,5.6,17.6,23.9
6061,02-04-2025 14:20,23293.1,23294.75,23285.2,23291.6,9.55,17.655,6.8488,7.85,32.35,0.5409,54.1%,16.9067,0.07%,0.157,0.843,Bearish,Moderate Contraction,31.5,False,Downtrend,Above SMA20,23307.0,23254.75,36.85,15.4,N/A,3,Upside Breakout,5.6,22.9,58.4
6071,02-04-2025 15:10,23338.8,23341.55,23334.05,23337.75,7.5,17.835,9.8531,9.45,42.6,0.4205,42.1%,18.095,0.08%,0.14,0.86,Bearish,Moderate Contraction,41.2,False,Uptrend,Above SMA20,23350.0,23285.2,52.55,12.25,N/A,4,Downside Breakdown,139.4,191.95,191.95
6082,03-04-2025 09:50,23230.4,23248.45,23226.8,23245.2,21.65,34.255,21.6543,9.8,80.6,0.632,63.2%,35.3613,0.15%,0.684,0.316,Bullish,Mild Contraction,17.1,False,Downtrend,Below SMA20,23342.0,23145.8,99.4,96.8,N/A,,,,37.25,61.3
6085,03-04-2025 10:05,23250.05,23272.45,23246.5,23265.1,25.95,37.435,18.6112,21.65,80.6,0.6932,69.3%,31.9061,0.14%,0.58,0.42,Bullish,Mild Contraction,18.0,False,Uptrend,Below SMA20,23280.8,23145.8,119.3,15.7,N/A,1,Upside Breakout,1.65,41.4,41.4
6089,03-04-2025 10:25,23303.0,23306.5,23295.7,23298.3,10.8,28.635,6.9514,20.45,41.25,0.3772,37.7%,28.4827,0.12%,0.435,0.565,Bearish,Strong Contraction,51.3,False,Uptrend,Above SMA20,23304.0,23214.9,83.4,5.7,N/A,,,,28.3,42.55
6094,03-04-2025 10:50,23276.05,23282.75,23270.0,23277.7,12.75,22.5,7.8602,10.8,39.1,0.5667,56.7%,22.6397,0.1%,0.129,0.871,Bullish,Moderate Contraction,30.5,False,Uptrend,Above SMA20,23306.5,23223.75,53.95,28.8,N/A,,,,21.95,28.8
6098,03-04-2025 11:10,23276.45,23284.2,23273.3,23278.95,10.9,19.62,8.2348,10.8,39.1,0.5556,55.6%,20.2749,0.09%,0.229,0.771,Bullish,Moderate Contraction,33.3,False,Downtrend,Above SMA20,23306.5,23260.1,18.85,27.55,N/A,1,Downside Breakdown,4.35,30.05,30.05
6101,03-04-2025 11:25,23270.1,23272.6,23264.4,23272.1,8.2,18.21,5.0517,10.9,27.05,0.4503,45.0%,19.0748,0.08%,0.244,0.756,Bullish,Moderate Contraction,44.2,False,Downtrend,Below SMA20,23299.6,23248.9,23.2,27.5,N/A,,,,20.65,22.65
6105,03-04-2025 11:45,23282.75,23286.0,23280.25,23284.0,5.75,15.58,6.5054,8.2,27.05,0.3691,36.9%,14.8339,0.06%,0.217,0.783,Bullish,Moderate Contraction,46.5,False,Downtrend,Above SMA20,23292.75,23248.9,35.1,8.75,N/A,2,Upside Breakout,2.0,11.15,27.7
6109,03-04-2025 12:05,23285.95,23289.35,23281.6,23283.8,7.75,12.01,5.7997,5.75,24.05,0.6453,64.5%,12.2908,0.05%,0.277,0.723,Bearish,Mild Contraction,20.4,False,Uptrend,Above SMA20,23294.75,23248.9,34.9,10.95,N/A,,,,27.5,33.2
6118,03-04-2025 12:50,23255.8,23263.15,23255.45,23259.5,7.7,11.395,3.1927,7.75,16.6,0.6757,67.6%,11.6188,0.05%,0.481,0.519,Bullish,Mild Contraction,27.2,False,Downtrend,Below SMA20,23292.4,23250.6,8.9,32.9,N/A,20,Downside Breakdown,6.15,13.35,18.9
6124,03-04-2025 13:20,23259.9,23261.5,23255.8,23257.8,5.7,11.245,2.6,7.7,16.6,0.5069,50.7%,10.6845,0.05%,0.368,0.632,Bearish,Moderate Contraction,41.7,False,Downtrend,Below SMA20,23275.35,23250.6,7.2,17.55,N/A,2,Upside Breakout,1.1,20.6,20.6
6127,03-04-2025 13:35,23276.3,23278.4,23272.2,23273.05,6.2,10.9,2.9427,5.7,15.4,0.5688,56.9%,10.7629,0.05%,0.524,0.476,Bearish,Moderate Contraction,33.6,False,Uptrend,Above SMA20,23276.45,23250.6,22.45,3.4,N/A,11,Downside Breakdown,6.15,15.35,19.5
6145,03-04-2025 15:05,23252.1,23256.6,23247.4,23256.2,9.2,13.865,3.3471,10.2,18.95,0.6635,66.4%,12.9117,0.06%,0.446,0.554,Bullish,Mild Contraction,29.1,False,Downtrend,Below SMA20,23271.55,23240.8,15.4,15.35,N/A,3,Downside Breakdown,0.4,162.5,226.8
6156,04-04-2025 09:45,23063.75,23074.25,23043.65,23047.3,30.6,47.02,35.2174,12.5,121.0,0.6508,65.1%,43.0062,0.19%,0.538,0.462,Bearish,Mild Contraction,14.7,False,Downtrend,Below SMA20,23259.4,23029.4,17.9,212.1,N/A,1,Downside Breakdown,44.4,106.35,125.7
6160,04-04-2025 10:05,22965.8,22987.15,22962.5,22967.35,24.65,57.655,27.5685,26.8,121.0,0.4275,42.8%,40.8785,0.18%,0.063,0.937,Bullish,Moderate Contraction,41.6,False,Downtrend,Below SMA20,23214.7,22962.45,4.9,247.35,N/A,1,Downside Breakdown,21.5,45.75,45.75
6164,04-04-2025 10:25,22923.55,22939.85,22921.6,22933.45,18.25,42.205,13.4342,24.65,64.4,0.4324,43.2%,38.8608,0.17%,0.542,0.458,Bullish,Moderate Contraction,44.2,False,Downtrend,Below SMA20,23136.95,22922.55,10.9,203.5,N/A,,,,47.7,96.45
6167,04-04-2025 10:40,22960.85,22976.65,22955.35,22960.8,21.3,37.675,13.5705,18.25,64.4,0.5654,56.5%,35.5313,0.15%,0.002,0.998,Bearish,Moderate Contraction,30.6,False,Downtrend,Below SMA20,23049.4,22921.6,39.2,88.6,N/A,,,,69.1,69.1
6171,04-04-2025 11:00,22998.85,23012.15,22992.85,23004.15,19.3,33.005,9.9433,18.25,48.9,0.5848,58.5%,32.0234,0.14%,0.275,0.725,Bullish,Moderate Contraction,32.1,False,Uptrend,Above SMA20,22999.15,22921.6,82.55,-5.0,N/A,1,Upside Breakout,30.75,34.25,52.45
6179,04-04-2025 11:40,22964.55,22978.05,22962.4,22970.1,15.65,33.665,9.804,19.3,50.55,0.4649,46.5%,32.3094,0.14%,0.355,0.645,Bullish,Moderate Contraction,42.6,False,Downtrend,Below SMA20,23029.9,22951.2,18.9,59.8,N/A,5,Downside Breakdown,6.45,25.35,25.35
6183,04-04-2025 12:00,22971.5,22974.15,22956.7,22957.15,17.45,28.15,10.5326,15.65,50.55,0.6199,62.0%,27.0141,0.12%,0.822,0.178,Bearish,Mild Contraction,26.8,False,Downtrend,Below SMA20,23028.7,22951.7,5.45,71.55,N/A,1,Downside Breakdown,6.95,34.45,34.45
6191,04-04-2025 12:40,22956.9,22966.95,22954.8,22964.45,12.15,20.22,4.8716,12.3,30.15,0.6009,60.1%,20.8986,0.09%,0.621,0.379,Bullish,Moderate Contraction,33.9,False,Uptrend,Below SMA20,22991.6,22944.4,20.05,27.15,N/A,2,Downside Breakdown,1.7,21.75,29.65
6205,04-04-2025 13:50,22896.6,22911.4,22893.15,22903.5,18.25,26.565,8.2505,18.0,43.65,0.687,68.7%,24.9521,0.11%,0.378,0.622,Bullish,Mild Contraction,25.2,False,Downtrend,Below SMA20,22974.05,22874.4,29.1,70.55,N/A,10,Downside Breakdown,6.5,22.3,35.6
6210,04-04-2025 14:15,22908.6,22918.8,22904.7,22913.85,14.1,23.99,8.2887,16.05,43.65,0.5877,58.8%,21.7939,0.1%,0.372,0.628,Bullish,Strong Contraction,52.4,True,Downtrend,Below SMA20,22959.25,22874.4,39.45,45.4,N/A,5,Downside Breakdown,6.5,45.95,56.4
6223,04-04-2025 15:20,22902.65,22909.35,22898.2,22908.05,11.15,19.3,7.9062,14.25,40.55,0.5777,57.8%,18.8124,0.08%,0.484,0.516,Bullish,Strong Contraction,52.1,True,Uptrend,Above SMA20,22921.55,22857.45,50.6,13.5,N/A,2,Downside Breakdown,1113.8,1164.4,1164.4
6232,07-04-2025 09:50,22019.75,22050.65,21996.4,22019.55,54.25,110.63,108.1825,11.15,359.3,0.4904,49.0%,124.9208,0.57%,0.004,0.996,Bearish,Moderate Contraction,45.9,True,Downtrend,Below SMA20,22920.6,21743.65,275.9,901.05,N/A,,,,121.25,121.25
6235,07-04-2025 10:05,21985.2,22000.85,21956.05,21982.95,44.8,123.715,97.0038,50.75,359.3,0.3621,36.2%,100.4374,0.46%,0.05,0.95,Bearish,Moderate Contraction,43.4,False,Uptrend,Below SMA20,22190.0,21743.65,239.3,207.05,N/A,,,,84.65,99.75
6238,07-04-2025 10:20,21921.9,21960.85,21921.9,21945.3,38.95,76.195,34.3462,40.05,151.65,0.5112,51.1%,83.059,0.38%,0.601,0.399,Bullish,Moderate Contraction,36.2,False,Downtrend,Below SMA20,22190.0,21898.3,47.0,244.7,N/A,,,,97.25,137.4
6241,07-04-2025 10:35,21960.65,21969.2,21935.75,21959.9,33.45,59.435,16.7096,38.95,82.3,0.5628,56.3%,73.103,0.33%,0.022,0.978,Bearish,Moderate Contraction,35.6,False,Downtrend,Below SMA20,22050.65,21898.3,61.6,90.75,N/A,3,Upside Breakout,32.05,122.8,122.8
6246,07-04-2025 11:00,21980.25,22015.9,21980.25,21989.15,35.65,58.405,17.2704,33.45,82.3,0.6104,61.0%,64.2794,0.29%,0.25,0.75,Bullish,Mild Contraction,29.9,False,Uptrend,Below SMA20,22082.7,21898.3,90.85,93.55,N/A,14,Downside Breakdown,12.15,39.85,80.35
6252,07-04-2025 11:30,22006.85,22033.1,22004.2,22027.4,28.9,48.84,15.7168,30.9,70.75,0.5917,59.2%,49.2259,0.22%,0.711,0.289,Bullish,Moderate Contraction,32.5,False,Uptrend,Above SMA20,22082.7,21949.3,78.1,55.3,N/A,5,Downside Breakdown,0.45,78.55,177.05
6255,07-04-2025 11:45,22001.3,22004.5,21977.55,22003.35,26.95,40.34,9.2886,28.9,57.25,0.6681,66.8%,45.4922,0.21%,0.076,0.924,Bullish,Mild Contraction,29.0,False,Uptrend,Above SMA20,22069.5,21949.3,54.05,66.15,N/A,2,Downside Breakdown,0.45,117.2,206.45
6270,07-04-2025 13:00,21865.75,21879.25,21846.45,21847.35,32.8,47.01,10.7764,33.4,66.3,0.6977,69.8%,43.6508,0.2%,0.561,0.439,Bearish,Mild Contraction,26.7,False,Downtrend,Below SMA20,21943.25,21796.9,50.45,95.9,N/A,6,Upside Breakout,10.4,71.5,190.45
6277,07-04-2025 13:35,21935.55,21963.65,21934.15,21950.6,29.5,47.92,12.7768,32.8,69.0,0.6156,61.6%,46.6366,0.21%,0.51,0.49,Bullish,Moderate Contraction,32.0,False,Uptrend,Above SMA20,21953.65,21814.35,136.25,3.05,N/A,1,Upside Breakout,37.55,87.2,87.2
6280,07-04-2025 13:50,21973.3,21994.05,21967.3,21990.75,26.75,49.085,15.0276,29.5,69.0,0.545,54.5%,47.0914,0.21%,0.652,0.348,Bullish,Moderate Contraction,36.3,False,Uptrend,Above SMA20,22037.8,21814.35,176.4,47.05,N/A,8,Upside Breakout,43.05,42.55,90.1
6283,07-04-2025 14:05,22006.85,22033.3,22005.2,22019.7,28.1,47.975,16.2291,26.75,69.0,0.5857,58.6%,42.9795,0.2%,0.457,0.543,Bullish,Moderate Contraction,31.4,False,Uptrend,Above SMA20,22037.8,21814.35,205.35,18.1,N/A,5,Upside Breakout,43.05,61.15,61.15
6287,07-04-2025 14:25,22019.1,22032.8,22009.7,22020.55,23.1,41.275,12.8757,26.75,69.0,0.5597,56.0%,40.3886,0.18%,0.063,0.937,Bullish,Moderate Contraction,35.1,False,Uptrend,Above SMA20,22037.8,21934.15,86.4,17.25,N/A,1,Upside Breakout,43.05,60.3,190.3
6290,07-04-2025 14:40,22015.65,22021.65,21996.5,22000.2,25.15,39.84,14.4137,23.1,74.15,0.6313,63.1%,41.5486,0.19%,0.614,0.386,Bearish,Mild Contraction,26.6,False,Uptrend,Above SMA20,22080.85,21964.85,35.35,80.65,N/A,4,Upside Breakout,44.75,188.3,577.35
6299,07-04-2025 15:25,22244.1,22254.0,22221.65,22238.0,32.35,55.39,27.2334,25.15,93.05,0.584,58.4%,55.2319,0.25%,0.189,0.811,Bearish,Mild Contraction,26.1,False,Uptrend,Above SMA20,22244.8,21996.5,241.5,6.8,N/A,1,Upside Breakout,332.75,339.55,339.55
6302,08-04-2025 09:25,22517.45,22549.75,22511.6,22545.15,38.15,68.825,31.632,26.65,130.8,0.5543,55.4%,82.0081,0.36%,0.726,0.274,Bullish,Mild Contraction,27.7,False,Uptrend,Above SMA20,22577.55,22008.1,537.05,32.4,N/A,,,,110.95,176.0
6305,08-04-2025 09:40,22481.25,22487.9,22454.0,22479.3,33.9,65.7,31.4433,31.1,130.8,0.516,51.6%,67.7731,0.3%,0.058,0.942,Bearish,Moderate Contraction,34.0,False,Uptrend,Above SMA20,22577.55,22095.45,383.85,98.25,N/A,,,,101.15,110.15
6310,08-04-2025 10:05,22387.55,22409.6,22378.15,22392.25,31.45,54.44,28.7735,31.1,130.8,0.5777,57.8%,55.4114,0.25%,0.149,0.851,Bullish,Moderate Contraction,30.7,False,Downtrend,Above SMA20,22577.55,22382.6,9.65,185.3,N/A,1,Downside Breakdown,0.25,40.35,121.4
6325,08-04-2025 11:20,22383.85,22403.75,22365.75,22391.75,38.0,65.715,23.8206,37.2,101.05,0.5783,57.8%,58.7585,0.26%,0.208,0.792,Bullish,Moderate Contraction,32.2,False,Uptrend,Above SMA20,22489.95,22270.85,120.9,98.2,N/A,9,Upside Breakout,1.3,72.35,160.55
6329,08-04-2025 11:40,22391.35,22391.85,22351.15,22357.35,40.7,65.835,21.4257,38.0,101.05,0.6182,61.8%,58.4051,0.26%,0.835,0.165,Bearish,Mild Contraction,28.6,False,Downtrend,Below SMA20,22489.95,22287.95,69.4,132.6,N/A,5,Upside Breakout,1.3,133.9,296.95
6332,08-04-2025 11:55,22422.15,22437.3,22402.25,22429.1,35.05,62.325,20.8774,38.0,101.05,0.5624,56.2%,56.0245,0.25%,0.198,0.802,Bullish,Moderate Contraction,34.4,False,Downtrend,Above SMA20,22489.95,22319.4,109.7,60.85,N/A,2,Upside Breakout,1.3,128.95,237.1
6342,08-04-2025 12:45,22646.55,22648.25,22618.8,22630.45,29.45,49.605,16.6303,35.05,90.4,0.5937,59.4%,49.5555,0.22%,0.547,0.453,Bearish,Moderate Contraction,32.1,False,Uptrend,Above SMA20,22666.2,22402.25,228.2,35.75,N/A,2,Upside Breakout,5.1,41.95,83.4
6348,08-04-2025 13:15,22666.3,22672.9,22644.3,22654.1,28.6,44.83,18.3301,27.85,90.4,0.638,63.8%,43.8054,0.19%,0.427,0.573,Bearish,Mild Contraction,27.1,False,Uptrend,Above SMA20,22672.4,22547.85,106.25,18.3,N/A,2,Upside Breakout,16.95,125.4,192.35
6359,08-04-2025 14:10,22576.25,22610.95,22566.85,22598.4,44.1,69.69,27.7197,32.15,118.55,0.6328,63.3%,62.2587,0.28%,0.502,0.498,Bullish,Mild Contraction,22.1,False,Downtrend,Below SMA20,22697.2,22461.75,136.65,98.8,N/A,16,Downside Breakdown,104.75,66.5,73.35
6362,08-04-2025 14:25,22650.85,22664.9,22620.15,22654.05,44.75,70.025,27.19,33.75,118.55,0.6391,63.9%,54.8414,0.24%,0.072,0.928,Bullish,Mild Contraction,22.1,False,Uptrend,Above SMA20,22665.6,22461.75,192.3,11.55,N/A,13,Downside Breakdown,104.75,123.25,136.9
6365,08-04-2025 14:40,22565.65,22583.05,22554.7,22569.15,28.35,59.1,19.7662,33.75,94.45,0.4797,48.0%,53.4881,0.24%,0.123,0.877,Bullish,Moderate Contraction,40.4,False,Uptrend,Below SMA20,22664.9,22461.75,107.4,95.75,N/A,10,Downside Breakdown,104.75,52.0,212.15
6368,08-04-2025 14:55,22580.95,22584.65,22553.15,22577.8,31.5,50.615,16.0847,28.35,83.05,0.6223,62.2%,51.302,0.23%,0.1,0.9,Bearish,Mild Contraction,27.5,False,Uptrend,Below SMA20,22664.9,22512.95,64.85,87.1,N/A,7,Downside Breakdown,155.95,60.65,220.8
6371,08-04-2025 15:10,22540.3,22546.65,22527.9,22528.4,18.75,46.58,17.3004,27.6,83.05,0.4025,40.3%,44.4429,0.2%,0.635,0.365,Bearish,Moderate Contraction,45.0,False,Downtrend,Below SMA20,22664.9,22517.15,11.25,136.5,N/A,4,Downside Breakdown,160.15,171.4,171.4
6374,08-04-2025 15:25,22539.95,22555.75,22536.15,22547.2,19.6,35.35,17.2731,12.7,58.15,0.5545,55.4%,34.8728,0.15%,0.37,0.63,Bullish,Mild Contraction,26.8,False,Downtrend,Below SMA20,22605.6,22517.15,30.05,58.4,N/A,1,Downside Breakdown,160.15,190.2,190.2
6388,09-04-2025 10:20,22415.5,22419.7,22403.5,22416.1,16.2,58.9,16.348,43.05,93.8,0.275,27.5%,52.8231,0.24%,0.037,0.963,Bullish,Strong Contraction,57.3,False,Uptrend,Below SMA20,22468.7,22356.6,59.5,52.6,N/A,9,Downside Breakdown,3.35,47.35,62.85
6391,09-04-2025 10:35,22382.0,22387.9,22368.75,22385.1,19.15,46.35,19.5548,16.2,76.75,0.4132,41.3%,42.5364,0.19%,0.162,0.838,Bullish,Moderate Contraction,41.4,False,Downtrend,Below SMA20,22468.7,22356.6,28.5,83.6,N/A,6,Downside Breakdown,3.35,25.1,31.85
6394,09-04-2025 10:50,22402.75,22410.2,22397.4,22398.95,12.8,35.7,19.3669,16.2,70.8,0.3585,35.9%,33.9499,0.15%,0.297,0.703,Bearish,Moderate Contraction,45.4,False,Downtrend,Below SMA20,22455.45,22356.6,42.35,56.5,N/A,3,Downside Breakdown,3.35,45.7,45.7
6406,09-04-2025 11:50,22419.95,22424.3,22411.75,22422.65,12.55,19.45,3.8086,16.2,28.85,0.6452,64.5%,20.4363,0.09%,0.215,0.785,Bullish,Moderate Contraction,32.2,False,Uptrend,Above SMA20,22435.45,22353.25,69.4,12.8,N/A,8,Upside Breakout,9.85,17.05,26.15
6409,09-04-2025 12:05,22420.25,22428.45,22417.0,22424.3,11.45,16.95,3.4636,11.1,21.8,0.6755,67.6%,17.6807,0.08%,0.354,0.646,Bullish,Mild Contraction,28.1,False,Uptrend,Above SMA20,22435.45,22368.7,55.6,11.15,N/A,5,Upside Breakout,9.85,21.0,24.5
6412,09-04-2025 12:20,22425.05,22427.5,22419.4,22422.2,8.1,14.45,2.7621,10.85,18.15,0.5606,56.1%,15.3305,0.07%,0.352,0.648,Bearish,Moderate Contraction,39.5,False,Uptrend,Above SMA20,22435.45,22405.6,16.6,13.25,N/A,2,Upside Breakout,9.85,26.6,26.6
6427,09-04-2025 13:35,22406.7,22406.7,22396.85,22400.9,9.85,16.445,3.0978,13.55,23.2,0.599,59.9%,16.0797,0.07%,0.589,0.411,Bearish,Moderate Contraction,36.4,False,Downtrend,Below SMA20,22442.55,22402.25,-1.35,41.65,N/A,1,Downside Breakdown,4.9,12.35,12.35
6431,09-04-2025 13:55,22400.45,22406.0,22396.55,22398.65,9.45,14.71,4.7171,7.9,23.2,0.6424,64.2%,13.6004,0.06%,0.19,0.81,Bearish,Mild Contraction,24.3,False,Downtrend,Below SMA20,22436.55,22396.85,1.8,37.9,N/A,1,Downside Breakdown,0.5,10.5,10.5
6434,09-04-2025 14:10,22403.5,22407.45,22399.75,22402.25,7.7,12.355,5.0147,7.3,23.2,0.6232,62.3%,11.6915,0.05%,0.162,0.838,Bearish,Mild Contraction,27.4,False,Downtrend,Below SMA20,22427.9,22396.35,5.9,25.65,N/A,10,Downside Breakdown,9.0,6.9,14.9
6437,09-04-2025 14:25,22405.5,22407.55,22402.8,22403.25,4.75,9.295,1.7785,7.3,13.1,0.511,51.1%,10.0968,0.05%,0.474,0.526,Bearish,Moderate Contraction,43.6,False,Uptrend,Below SMA20,22413.25,22396.35,6.9,10.0,N/A,7,Downside Breakdown,9.0,4.5,15.9
6455,11-04-2025 09:40,22845.7,22859.35,22836.65,22849.0,22.7,35.805,28.1059,9.2,87.65,0.634,63.4%,50.9357,0.22%,0.145,0.855,Bullish,Mild Contraction,16.0,False,Uptrend,Above SMA20,22847.75,22393.45,455.55,-1.25,N/A,1,Upside Breakout,26.7,33.95,63.2
6460,11-04-2025 10:05,22835.4,22845.25,22815.05,22817.25,30.2,46.095,20.1366,22.7,87.65,0.6552,65.5%,42.5117,0.19%,0.601,0.399,Bearish,Mild Contraction,20.1,False,Uptrend,Above SMA20,22874.45,22695.4,121.85,57.2,N/A,18,Upside Breakout,21.65,31.45,81.2
6464,11-04-2025 10:25,22794.3,22803.9,22792.5,22799.85,11.4,35.165,10.7926,22.7,57.45,0.3242,32.4%,35.4121,0.16%,0.487,0.513,Bullish,Strong Contraction,52.5,False,Downtrend,Above SMA20,22874.45,22785.8,14.05,74.6,N/A,2,Downside Breakdown,49.75,63.8,63.8
6469,11-04-2025 10:50,22784.6,22791.2,22778.25,22780.85,12.95,36.32,16.9855,11.4,78.15,0.3566,35.7%,36.7068,0.16%,0.29,0.71,Bearish,Strong Contraction,65.3,True,Downtrend,Below SMA20,22859.7,22736.05,44.8,78.85,N/A,7,Upside Breakout,0.15,64.6,115.25
6472,11-04-2025 11:05,22816.0,22827.9,22813.05,22818.3,14.85,32.79,19.1188,11.4,78.15,0.4529,45.3%,31.1171,0.14%,0.155,0.845,Bullish,Moderate Contraction,35.6,False,Downtrend,Above SMA20,22843.3,22736.05,82.25,25.0,N/A,1,Upside Breakout,2.15,54.45,77.8
6476,11-04-2025 11:25,22851.65,22859.85,22842.85,22857.1,17.0,32.02,18.7988,12.95,78.15,0.5309,53.1%,28.8319,0.13%,0.321,0.679,Bullish,Mild Contraction,29.4,False,Uptrend,Above SMA20,22851.75,22736.05,121.05,-5.35,N/A,1,Upside Breakout,21.0,39.0,66.8
6482,11-04-2025 11:55,22862.05,22876.75,22861.65,22875.3,15.1,23.205,6.9594,14.85,37.15,0.6507,65.1%,24.0283,0.11%,0.877,0.123,Bullish,Mild Contraction,28.0,False,Uptrend,Above SMA20,22896.1,22808.3,67.0,20.8,N/A,3,Upside Breakout,13.35,48.6,48.6
6488,11-04-2025 12:25,22901.8,22912.25,22900.4,22906.05,11.85,21.46,7.387,12.05,37.4,0.5522,55.2%,21.1703,0.09%,0.359,0.641,Bullish,Strong Contraction,55.0,True,Uptrend,Above SMA20,22923.9,22860.25,45.8,17.85,N/A,13,Downside Breakdown,14.15,33.3,33.3
6493,11-04-2025 12:50,22902.7,22903.15,22891.45,22901.3,11.7,19.025,7.2935,11.85,37.4,0.615,61.5%,18.7916,0.08%,0.12,0.88,Bearish,Mild Contraction,29.9,False,Uptrend,Above SMA20,22923.9,22868.0,33.3,22.6,N/A,8,Downside Breakdown,21.9,20.2,55.2
6496,11-04-2025 13:05,22902.05,22912.0,22900.0,22906.2,12.0,17.41,3.6025,11.7,21.05,0.6893,68.9%,18.01,0.08%,0.346,0.654,Bullish,Mild Contraction,27.1,False,Uptrend,Above SMA20,22923.9,22872.75,33.45,17.7,N/A,4,Downside Breakdown,0.5,60.1,81.9
6499,11-04-2025 13:20,22883.3,22887.35,22880.25,22885.85,7.1,17.75,4.8153,11.7,27.35,0.4,40.0%,17.2831,0.08%,0.359,0.641,Bullish,Moderate Contraction,48.2,False,Downtrend,Below SMA20,22916.1,22872.75,13.1,30.25,N/A,1,Downside Breakdown,0.5,39.75,115.45
6506,11-04-2025 13:55,22826.1,22837.1,22824.3,22834.75,12.8,21.555,8.6243,7.1,30.25,0.5938,59.4%,20.9643,0.09%,0.676,0.324,Bullish,Mild Contraction,23.3,False,Downtrend,Below SMA20,22916.1,22824.35,10.4,81.35,N/A,1,Downside Breakdown,36.85,66.0,72.75
6510,11-04-2025 14:15,22786.15,22796.0,22776.15,22780.65,19.85,28.41,10.07,12.8,47.75,0.6987,69.9%,26.0522,0.11%,0.277,0.723,Bearish,Moderate Contraction,35.3,True,Downtrend,Below SMA20,22898.05,22770.4,10.25,117.4,N/A,1,Downside Breakdown,1.65,25.15,59.5
6514,11-04-2025 14:35,22788.0,22790.5,22776.95,22780.85,13.55,28.615,10.2674,12.8,47.75,0.4735,47.4%,24.8882,0.11%,0.528,0.472,Bearish,Moderate Contraction,39.3,False,Downtrend,Below SMA20,22875.9,22762.0,18.85,95.05,N/A,11,Upside Breakout,492.45,59.3,74.7
6517,11-04-2025 14:50,22826.05,22829.95,22816.0,22823.85,13.95,28.435,10.3501,13.55,47.75,0.4906,49.1%,23.7986,0.1%,0.158,0.842,Bearish,Moderate Contraction,38.4,False,Uptrend,Below SMA20,22835.25,22762.0,61.85,11.4,N/A,2,Upside Breakout,4.9,16.3,544.5
6521,11-04-2025 15:10,22830.5,22838.35,22828.25,22830.35,10.1,21.55,7.8607,13.5,35.1,0.4687,46.9%,20.119,0.09%,0.015,0.985,Bearish,Moderate Contraction,40.5,False,Uptrend,Above SMA20,22840.15,22762.0,68.35,9.8,N/A,3,Upside Breakout,15.4,538.0,538.0
6530,15-04-2025 09:40,23301.0,23318.55,23296.1,23310.95,22.45,39.77,43.9053,10.1,161.35,0.5645,56.4%,59.8076,0.26%,0.443,0.557,Bullish,Mild Contraction,21.4,False,Uptrend,Above SMA20,23368.35,22810.95,500.0,57.4,N/A,,,,19.7,19.7
6533,15-04-2025 09:55,23330.65,23330.65,23305.65,23306.1,25.0,40.53,43.4169,15.55,161.35,0.6168,61.7%,45.8954,0.2%,0.982,0.018,Bearish,Mild Contraction,19.0,False,Uptrend,Above SMA20,23368.35,22813.0,493.1,62.25,N/A,,,,16.85,16.85
6536,15-04-2025 10:10,23307.2,23317.0,23303.9,23312.1,13.1,26.28,9.5092,15.55,41.35,0.4985,49.8%,35.8434,0.15%,0.374,0.626,Bullish,Moderate Contraction,38.4,False,Uptrend,Above SMA20,23330.65,23264.65,47.45,18.55,N/A,,,,13.9,13.9
6539,15-04-2025 10:25,23309.05,23316.55,23308.75,23314.9,7.8,20.815,8.2527,12.7,41.35,0.3747,37.5%,27.9284,0.12%,0.75,0.25,Bullish,Moderate Contraction,46.5,False,Uptrend,Above SMA20,23330.65,23265.65,49.25,15.75,N/A,,,,13.95,22.7
6542,15-04-2025 10:40,23305.55,23312.75,23303.25,23309.6,9.5,15.145,5.9528,7.8,25.0,0.6273,62.7%,21.3467,0.09%,0.426,0.574,Bullish,Mild Contraction,24.3,False,Downtrend,Above SMA20,23330.65,23298.2,11.4,21.05,N/A,6,Downside Breakdown,5.4,9.15,17.4
6562,15-04-2025 12:20,23336.1,23341.5,23334.1,23335.8,7.4,11.22,2.8023,7.9,16.0,0.6595,66.0%,11.5902,0.05%,0.041,0.959,Bearish,Mild Contraction,29.1,False,Uptrend,Above SMA20,23340.45,23291.65,44.15,4.65,N/A,2,Upside Breakout,6.3,14.55,14.85
6567,15-04-2025 12:45,23340.05,23345.0,23338.05,23342.1,6.95,10.12,2.3784,7.4,14.85,0.6868,68.7%,9.8603,0.04%,0.295,0.705,Bullish,Moderate Contraction,47.4,True,Uptrend,Above SMA20,23350.35,23304.1,38.0,8.25,N/A,4,Upside Breakout,0.3,8.55,17.15
6578,15-04-2025 13:40,23326.25,23332.45,23325.55,23328.55,6.9,10.855,2.5818,7.05,14.4,0.6357,63.6%,10.2461,0.04%,0.333,0.667,Bullish,Moderate Contraction,31.3,False,Downtrend,Below SMA20,23350.65,23324.95,3.6,22.1,N/A,1,Downside Breakdown,2.8,7.9,15.75
6589,15-04-2025 14:35,23316.0,23320.9,23315.0,23316.8,5.9,9.96,2.0446,7.5,13.35,0.5924,59.2%,9.5736,0.04%,0.136,0.864,Bullish,Moderate Contraction,36.1,False,Downtrend,Below SMA20,23335.5,23312.8,4.0,18.7,N/A,1,Downside Breakdown,4.45,11.25,40.3
6603,16-04-2025 09:30,23333.5,23340.25,23327.7,23336.55,12.55,23.445,20.8657,7.45,76.65,0.5353,53.5%,22.5417,0.1%,0.243,0.757,Bullish,Mild Contraction,25.6,False,Uptrend,Above SMA20,23357.1,23277.0,59.55,20.55,N/A,1,Upside Breakout,0.4,36.2,45.6
6607,16-04-2025 09:50,23345.85,23361.35,23343.3,23358.75,18.05,27.94,18.9428,12.55,76.65,0.646,64.6%,22.5748,0.1%,0.715,0.285,Bullish,Moderate Contraction,38.5,True,Uptrend,Above SMA20,23364.9,23277.0,81.75,6.15,N/A,1,Upside Breakout,7.85,50.0,78.0
6610,16-04-2025 10:05,23366.6,23370.35,23355.6,23356.6,14.75,28.93,18.3323,12.55,76.65,0.5099,51.0%,20.9834,0.09%,0.678,0.322,Bearish,Moderate Contraction,32.0,False,Uptrend,Above SMA20,23372.75,23277.0,79.6,16.15,N/A,11,Downside Breakdown,3.95,75.85,75.85
6616,16-04-2025 10:35,23286.15,23297.55,23286.15,23295.1,11.4,23.575,11.1282,11.15,50.2,0.4836,48.4%,23.0956,0.1%,0.785,0.215,Bullish,Moderate Contraction,37.4,False,Downtrend,Below SMA20,23372.75,23280.75,14.35,77.65,N/A,5,Downside Breakdown,7.7,22.05,41.25
6623,16-04-2025 11:10,23307.9,23319.3,23306.3,23318.85,13.0,22.63,8.3598,11.4,37.95,0.5745,57.4%,22.2287,0.1%,0.842,0.158,Bullish,Moderate Contraction,30.1,False,Uptrend,Below SMA20,23315.75,23273.05,45.8,-3.1,N/A,1,Upside Breakout,19.65,17.5,25.6
6627,16-04-2025 11:30,23322.7,23332.65,23322.15,23326.45,10.5,19.14,8.2974,8.65,37.95,0.5486,54.9%,18.2632,0.08%,0.357,0.643,Bullish,Moderate Contraction,30.3,False,Uptrend,Above SMA20,23336.35,23273.05,53.4,9.9,N/A,3,Upside Breakout,3.7,14.9,27.8
6630,16-04-2025 11:45,23333.3,23340.05,23331.1,23339.15,8.95,18.545,8.5908,8.65,37.95,0.4826,48.3%,16.8776,0.07%,0.654,0.346,Bullish,Moderate Contraction,37.4,False,Uptrend,Above SMA20,23336.35,23273.05,66.1,-2.8,N/A,1,Upside Breakout,3.3,14.15,19.4
6642,16-04-2025 12:45,23357.15,23357.8,23349.1,23350.4,8.7,12.87,3.0324,9.55,19.45,0.676,67.6%,12.3913,0.05%,0.776,0.224,Bearish,Mild Contraction,28.2,False,Uptrend,Above SMA20,23362.05,23325.0,25.4,11.65,N/A,7,Downside Breakdown,19.0,17.65,64.4
6645,16-04-2025 13:00,23342.95,23347.35,23339.7,23345.95,7.65,11.035,2.2419,7.25,13.65,0.6932,69.3%,11.3608,0.05%,0.392,0.608,Bullish,Mild Contraction,25.8,False,Uptrend,Above SMA20,23362.05,23335.9,10.05,16.1,N/A,1,Downside Breakdown,1.25,54.4,59.95
6653,16-04-2025 13:40,23299.6,23308.15,23298.4,23306.65,9.75,17.38,7.8858,7.25,30.3,0.561,56.1%,16.1654,0.07%,0.723,0.277,Bullish,Mild Contraction,27.8,False,Downtrend,Below SMA20,23358.45,23286.0,20.65,51.8,N/A,3,Upside Breakout,36.1,113.9,124.3
6658,16-04-2025 14:05,23402.2,23408.5,23391.55,23401.05,16.95,27.4,20.7851,9.75,80.8,0.6186,61.9%,25.6813,0.11%,0.068,0.932,Bearish,Mild Contraction,19.0,False,Uptrend,Above SMA20,23420.55,23286.0,115.05,19.5,N/A,1,Upside Breakout,10.4,29.9,33.6
6662,16-04-2025 14:25,23410.15,23419.65,23405.1,23411.7,14.55,26.65,21.0568,9.75,80.8,0.546,54.6%,22.9518,0.1%,0.107,0.893,Bullish,Mild Contraction,26.0,False,Uptrend,Above SMA20,23430.95,23286.1,125.6,19.25,N/A,5,Upside Breakout,1.8,21.05,27.8
6665,16-04-2025 14:40,23410.25,23419.2,23408.25,23414.65,10.95,26.87,20.8225,13.25,80.8,0.4075,40.8%,19.7558,0.08%,0.402,0.598,Bullish,Moderate Contraction,40.5,False,Uptrend,Above SMA20,23430.95,23297.45,117.2,16.3,N/A,2,Upside Breakout,1.8,24.55,64.9
6670,16-04-2025 15:05,23436.85,23439.2,23432.6,23437.75,6.6,14.595,2.6922,10.95,19.65,0.4522,45.2%,15.7332,0.07%,0.136,0.864,Bullish,Strong Contraction,69.0,True,Uptrend,Above SMA20,23437.55,23395.7,42.05,-0.2,N/A,1,Upside Breakout,0.35,88.0,139.2
6682,17-04-2025 09:50,23423.9,23434.6,23412.5,23421.0,22.1,36.085,16.118,13.05,59.75,0.6124,61.2%,33.0392,0.14%,0.131,0.869,Bearish,Mild Contraction,21.5,False,Downtrend,Above SMA20,23452.2,23298.55,122.45,31.2,N/A,17,Upside Breakout,33.0,79.95,79.95
6686,17-04-2025 10:10,23356.0,23358.15,23341.05,23353.4,17.1,36.95,13.3761,22.1,59.75,0.4628,46.3%,31.396,0.13%,0.152,0.848,Bearish,Moderate Contraction,41.0,False,Uptrend,Below SMA20,23434.6,23298.55,54.85,81.2,N/A,7,Upside Breakout,6.8,58.85,91.55
6689,17-04-2025 10:25,23382.95,23406.05,23382.95,23391.7,23.1,33.69,13.4271,17.1,59.75,0.6857,68.6%,31.1809,0.13%,0.379,0.621,Bullish,Mild Contraction,17.5,False,Uptrend,Above SMA20,23434.6,23316.3,75.4,42.9,N/A,4,Upside Breakout,6.8,53.25,93.5
6698,17-04-2025 11:10,23425.5,23441.6,23422.75,23440.1,18.85,27.605,11.699,13.15,46.45,0.6828,68.3%,28.8738,0.12%,0.775,0.225,Bullish,Mild Contraction,16.8,False,Uptrend,Above SMA20,23444.95,23342.3,97.8,4.85,N/A,1,Upside Breakout,40.25,134.4,194.55
6705,17-04-2025 11:45,23598.85,23603.0,23581.55,23600.55,21.45,37.13,15.396,14.15,63.9,0.5777,57.8%,34.6325,0.15%,0.079,0.921,Bullish,Mild Contraction,25.7,False,Uptrend,Above SMA20,23615.45,23369.15,231.4,14.9,N/A,1,Upside Breakout,19.2,47.5,115.35
6718,17-04-2025 12:50,23735.95,23747.6,23731.6,23743.45,16.0,34.455,4.4509,28.65,41.3,0.4644,46.4%,32.8172,0.14%,0.469,0.531,Bullish,Strong Contraction,53.5,False,Uptrend,Above SMA20,23742.1,23576.3,167.15,-1.35,N/A,1,Upside Breakout,4.75,55.3,75.7
6723,17-04-2025 13:15,23787.85,23798.75,23780.6,23788.5,18.15,31.49,8.289,16.0,41.3,0.5764,57.6%,28.938,0.12%,0.036,0.964,Bullish,Moderate Contraction,32.3,False,Uptrend,Above SMA20,23789.25,23643.9,144.6,0.75,N/A,1,Upside Breakout,0.65,30.65,79.75
6731,17-04-2025 13:55,23839.25,23847.65,23834.55,23845.05,13.1,24.96,6.5006,18.05,34.6,0.5248,52.5%,24.0905,0.1%,0.443,0.557,Bullish,Moderate Contraction,39.1,False,Uptrend,Above SMA20,23850.1,23737.05,108.0,5.05,N/A,1,Upside Breakout,18.15,61.25,61.25
6736,17-04-2025 14:20,23827.7,23829.0,23814.5,23819.35,14.5,27.385,15.0062,11.2,59.15,0.5295,52.9%,27.8755,0.12%,0.576,0.424,Bearish,Moderate Contraction,30.0,False,Uptrend,Above SMA20,23871.6,23770.0,49.35,52.25,N/A,8,Upside Breakout,0.75,47.85,53.0
6739,17-04-2025 14:35,23857.35,23865.45,23851.3,23864.25,14.15,27.28,14.9828,11.2,59.15,0.5187,51.9%,26.2845,0.11%,0.488,0.512,Bullish,Moderate Contraction,31.1,False,Uptrend,Above SMA20,23871.6,23783.8,80.45,7.35,N/A,5,Upside Breakout,0.75,28.45,32.9
6742,17-04-2025 14:50,23860.9,23863.65,23853.2,23854.55,10.45,26.745,15.1765,11.2,59.15,0.3907,39.1%,23.0003,0.1%,0.608,0.392,Bearish,Moderate Contraction,43.0,False,Uptrend,Above SMA20,23871.6,23783.8,70.75,17.05,N/A,2,Upside Breakout,0.75,17.8,149.65
6745,17-04-2025 15:05,23855.25,23859.55,23846.65,23853.15,12.9,24.585,14.1081,10.45,59.15,0.5247,52.5%,22.0437,0.09%,0.163,0.837,Bearish,Moderate Contraction,30.7,False,Uptrend,Above SMA20,23872.35,23783.8,69.35,19.2,N/A,5,Upside Breakout,131.85,151.05,182.85
6748,17-04-2025 15:20,23848.95,23852.85,23843.75,23851.65,9.1,17.93,7.9047,10.45,30.4,0.5075,50.8%,17.886,0.07%,0.297,0.703,Bullish,Strong Contraction,56.6,True,Downtrend,Above SMA20,23872.35,23832.6,19.05,20.7,N/A,1,Downside Breakdown,1.25,152.55,186.2
6758,21-04-2025 09:55,24014.25,24037.85,24013.0,24031.55,24.85,46.125,23.2691,9.1,92.95,0.5388,53.9%,40.0383,0.17%,0.696,0.304,Bullish,Mild Contraction,25.3,False,Uptrend,Above SMA20,24036.0,23831.35,200.2,4.45,N/A,1,Upside Breakout,16.45,29.9,47.1
6761,21-04-2025 10:10,24057.35,24058.1,24033.45,24033.45,24.65,41.305,14.6505,22.5,71.85,0.5968,59.7%,35.6906,0.15%,0.97,0.03,Bearish,Mild Contraction,29.3,False,Uptrend,Above SMA20,24061.45,23903.65,129.8,28.0,N/A,5,Upside Breakout,0.8,28.8,68.5
6765,21-04-2025 10:30,24045.5,24059.6,24043.3,24057.4,16.3,30.21,8.1059,21.3,45.3,0.5396,54.0%,30.7612,0.13%,0.73,0.27,Bullish,Moderate Contraction,37.7,False,Uptrend,Above SMA20,24061.45,23982.2,75.2,4.05,N/A,1,Upside Breakout,0.8,44.5,71.85
6768,21-04-2025 10:45,24067.45,24078.65,24062.55,24071.35,16.1,25.445,6.6733,16.3,37.35,0.6327,63.3%,27.3807,0.11%,0.242,0.758,Bullish,Moderate Contraction,30.8,False,Uptrend,Above SMA20,24069.5,24009.3,62.05,-1.85,N/A,1,Upside Breakout,30.1,39.75,61.4
6771,21-04-2025 11:00,24101.8,24101.95,24086.55,24095.2,15.4,22.45,7.4135,10.05,36.65,0.686,68.6%,23.9027,0.1%,0.429,0.571,Bearish,Mild Contraction,16.9,False,Uptrend,Above SMA20,24101.9,24009.3,85.9,6.7,N/A,1,Upside Breakout,5.65,37.55,37.55
6775,21-04-2025 11:20,24124.8,24129.25,24118.7,24118.85,10.55,18.595,5.6267,10.05,28.6,0.5674,56.7%,20.1656,0.08%,0.564,0.436,Bearish,Moderate Contraction,33.6,False,Uptrend,Above SMA20,24126.05,24040.75,78.1,7.2,N/A,1,Upside Breakout,6.7,19.8,31.3
6783,21-04-2025 12:00,24136.45,24137.85,24128.25,24136.5,9.6,17.065,4.0225,10.55,22.85,0.5626,56.3%,17.6442,0.07%,0.005,0.995,Bullish,Moderate Contraction,37.1,False,Uptrend,Above SMA20,24144.35,24094.3,42.2,7.85,N/A,2,Upside Breakout,5.8,45.95,52.35
6794,21-04-2025 12:55,24176.9,24185.75,24176.1,24177.6,9.65,16.71,4.3692,12.0,25.6,0.5775,57.7%,15.6955,0.06%,0.073,0.927,Bullish,Moderate Contraction,35.1,False,Uptrend,Above SMA20,24188.85,24125.65,51.95,11.25,N/A,2,Upside Breakout,0.15,31.1,71.1
6802,21-04-2025 13:35,24150.55,24158.9,24150.55,24154.55,8.35,17.145,3.9941,9.65,23.0,0.487,48.7%,16.1457,0.07%,0.479,0.521,Bullish,Strong Contraction,63.2,True,Downtrend,Below SMA20,24189.55,24145.1,9.45,35.0,N/A,1,Downside Breakdown,35.6,48.05,48.05
6808,21-04-2025 14:05,24147.45,24154.85,24144.25,24152.9,10.6,23.965,11.9759,8.35,47.05,0.4423,44.2%,21.0892,0.09%,0.514,0.486,Bullish,Strong Contraction,57.4,True,Downtrend,Below SMA20,24175.55,24106.5,46.4,22.65,N/A,17,Upside Breakout,26.1,26.0,32.9
6811,21-04-2025 14:20,24142.1,24148.75,24133.3,24146.4,15.45,22.705,12.8048,8.35,47.05,0.6805,68.0%,19.8516,0.08%,0.278,0.722,Bullish,Mild Contraction,14.1,False,Downtrend,Below SMA20,24171.6,24106.5,39.9,25.2,N/A,14,Upside Breakout,30.05,26.4,36.45
6817,21-04-2025 14:50,24152.5,24156.0,24143.55,24146.85,12.45,18.12,4.1516,10.6,23.15,0.6871,68.7%,18.9728,0.08%,0.454,0.546,Bearish,Mild Contraction,22.6,False,Downtrend,Above SMA20,24157.35,24120.0,26.85,10.5,N/A,2,Downside Breakdown,4.8,36.9,74.85
6820,21-04-2025 15:05,24116.5,24125.45,24113.35,24119.95,12.1,18.7,6.3581,11.75,33.0,0.6471,64.7%,18.954,0.08%,0.285,0.715,Bullish,Mild Contraction,27.2,False,Downtrend,Below SMA20,24156.95,24115.2,4.75,37.0,N/A,1,Downside Breakdown,5.25,81.7,81.7
6829,22-04-2025 09:35,24169.0,24190.3,24165.2,24186.15,25.1,37.24,33.0869,11.9,116.3,0.674,67.4%,35.0658,0.14%,0.683,0.317,Bullish,Mild Contraction,12.9,False,Uptrend,Above SMA20,24201.65,24072.0,114.15,15.5,N/A,7,Upside Breakout,0.95,46.95,46.95
6834,22-04-2025 10:00,24166.8,24183.05,24161.9,24181.6,21.15,43.665,29.7772,15.6,116.3,0.4844,48.4%,33.0242,0.14%,0.7,0.3,Bullish,Moderate Contraction,32.1,False,Uptrend,Above SMA20,24201.65,24072.0,109.6,20.05,N/A,2,Upside Breakout,0.95,33.7,46.75
6837,22-04-2025 10:15,24195.5,24200.9,24191.55,24198.0,9.35,29.12,9.797,17.45,44.8,0.3211,32.1%,26.6485,0.11%,0.267,0.733,Bullish,Extreme Squeeze,71.7,True,Uptrend,Above SMA20,24202.6,24124.25,73.75,4.6,N/A,1,Upside Breakout,2.1,27.6,44.6
6840,22-04-2025 10:30,24194.25,24209.05,24193.9,24207.8,15.15,23.905,10.6857,9.35,44.8,0.6338,63.4%,23.5198,0.1%,0.894,0.106,Bullish,Mild Contraction,19.9,False,Uptrend,Above SMA20,24215.3,24139.2,68.6,7.5,N/A,1,Upside Breakout,4.6,23.0,34.8
6843,22-04-2025 10:45,24223.9,24228.35,24216.6,24219.15,11.75,18.625,8.2754,9.35,39.55,0.6309,63.1%,19.7045,0.08%,0.404,0.596,Bearish,Mild Contraction,22.9,False,Uptrend,Above SMA20,24225.6,24139.2,79.95,6.45,N/A,1,Upside Breakout,1.6,23.45,53.0
6847,22-04-2025 11:05,24233.65,24237.8,24228.1,24228.7,9.7,14.83,3.3909,9.35,20.9,0.6541,65.4%,17.1775,0.07%,0.51,0.49,Bearish,Mild Contraction,28.9,False,Uptrend,Above SMA20,24242.6,24187.35,41.35,13.9,N/A,5,Downside Breakdown,14.15,55.5,62.55
6855,22-04-2025 11:45,24209.45,24216.05,24205.1,24213.25,10.95,20.465,8.5105,9.7,35.1,0.5351,53.5%,20.0994,0.08%,0.347,0.653,Bullish,Moderate Contraction,32.7,False,Downtrend,Above SMA20,24242.6,24166.15,47.1,29.35,N/A,,,,25.55,37.0
6868,22-04-2025 12:50,24178.15,24184.95,24176.0,24181.05,8.95,14.955,2.2014,10.9,18.7,0.5985,59.8%,14.6474,0.06%,0.324,0.676,Bullish,Moderate Contraction,39.4,False,Downtrend,Below SMA20,24219.7,24175.5,5.55,38.65,N/A,2,Downside Breakdown,1.85,12.8,16.5
6877,22-04-2025 13:35,24183.2,24185.25,24177.35,24182.35,7.9,12.37,2.7109,8.95,17.0,0.6386,63.9%,12.5884,0.05%,0.108,0.892,Bearish,Moderate Contraction,31.8,False,Uptrend,Below SMA20,24197.55,24168.25,14.1,15.2,N/A,14,Downside Breakdown,24.2,8.75,9.2
6904,23-04-2025 09:35,24286.85,24286.85,24264.55,24274.6,22.3,31.975,22.4307,12.15,77.25,0.6974,69.7%,42.378,0.17%,0.549,0.451,Bearish,Mild Contraction,12.1,False,Uptrend,Above SMA20,24359.3,24126.95,147.65,84.7,N/A,16,Downside Breakdown,7.0,71.1,85.05
6908,23-04-2025 09:55,24327.35,24327.35,24302.2,24305.9,25.15,39.225,18.7406,12.45,77.25,0.6412,64.1%,37.4799,0.15%,0.853,0.147,Bearish,Mild Contraction,17.6,False,Uptrend,Above SMA20,24359.3,24126.95,178.95,53.4,N/A,12,Downside Breakdown,7.0,116.35,159.8
6923,23-04-2025 11:10,24190.2,24196.3,24182.15,24191.7,14.15,33.555,6.2993,27.15,49.3,0.4217,42.2%,32.2383,0.13%,0.106,0.894,Bullish,Extreme Squeeze,71.3,True,Downtrend,Below SMA20,24242.1,24119.95,71.75,50.4,N/A,6,Upside Breakout,0.05,27.5,60.1
6927,23-04-2025 11:30,24195.65,24208.45,24188.6,24207.9,19.85,30.415,6.8332,14.15,37.5,0.6526,65.3%,30.4163,0.13%,0.617,0.383,Bullish,Mild Contraction,23.4,False,Uptrend,Above SMA20,24219.2,24119.95,87.95,11.3,N/A,2,Upside Breakout,22.95,43.9,43.9
6930,23-04-2025 11:45,24239.0,24251.8,24232.85,24247.25,18.95,28.585,8.8698,14.15,43.15,0.6629,66.3%,29.2957,0.12%,0.435,0.565,Bullish,Mild Contraction,20.9,False,Uptrend,Above SMA20,24242.15,24119.95,127.3,-5.1,N/A,1,Upside Breakout,5.15,49.35,49.35
6933,23-04-2025 12:00,24205.4,24221.75,24203.5,24215.8,18.25,26.78,9.369,14.15,43.15,0.6815,68.1%,27.6055,0.11%,0.57,0.43,Bullish,Mild Contraction,19.1,False,Uptrend,Above SMA20,24251.8,24180.0,35.8,36.0,N/A,12,Upside Breakout,14.95,17.9,26.25
6937,23-04-2025 12:20,24209.35,24222.1,24205.15,24215.3,16.95,25.14,8.0672,18.25,43.15,0.6742,67.4%,25.2084,0.1%,0.351,0.649,Bullish,Moderate Contraction,46.5,True,Uptrend,Above SMA20,24251.8,24188.6,26.7,36.5,N/A,8,Upside Breakout,14.95,23.75,51.45
6940,23-04-2025 12:35,24224.25,24225.5,24212.3,24216.15,13.2,21.985,5.7865,16.35,34.85,0.6004,60.0%,21.8567,0.09%,0.614,0.386,Bearish,Moderate Contraction,33.3,False,Downtrend,Above SMA20,24251.8,24197.9,18.25,35.65,N/A,5,Upside Breakout,14.95,50.6,50.6
6943,23-04-2025 12:50,24233.55,24242.05,24229.0,24240.65,13.05,19.095,4.7771,12.75,26.95,0.6834,68.3%,19.5994,0.08%,0.544,0.456,Bullish,Mild Contraction,26.3,False,Uptrend,Above SMA20,24239.05,24197.9,42.75,-1.6,N/A,1,Upside Breakout,11.4,26.1,36.15
6950,23-04-2025 13:25,24254.15,24261.65,24250.55,24259.4,11.1,17.0,4.9466,12.75,28.2,0.6529,65.3%,17.7682,0.07%,0.473,0.527,Bullish,Moderate Contraction,48.7,True,Uptrend,Above SMA20,24266.75,24207.95,51.45,7.35,N/A,3,Upside Breakout,10.05,31.25,47.2
6954,23-04-2025 13:45,24274.55,24279.7,24268.9,24270.55,10.8,17.285,4.9908,11.1,28.2,0.6248,62.5%,16.8422,0.07%,0.37,0.63,Bearish,Moderate Contraction,30.8,False,Uptrend,Above SMA20,24276.8,24229.45,41.1,6.25,N/A,1,Upside Breakout,13.85,36.05,44.55
6959,23-04-2025 14:10,24304.3,24304.65,24294.7,24303.45,9.95,15.72,4.3872,10.8,24.0,0.633,63.3%,15.861,0.07%,0.085,0.915,Bearish,Moderate Contraction,30.4,False,Uptrend,Above SMA20,24306.6,24239.65,63.8,3.15,N/A,2,Upside Breakout,4.85,11.65,28.6
6963,23-04-2025 14:30,24309.55,24315.1,24305.0,24309.05,10.1,15.105,4.7125,9.95,24.0,0.6687,66.9%,14.2453,0.06%,0.05,0.95,Bearish,Mild Contraction,26.5,False,Uptrend,Above SMA20,24314.8,24254.35,54.7,5.75,N/A,5,Upside Breakout,4.3,30.25,31.2
6970,23-04-2025 15:05,24331.15,24335.85,24330.9,24334.85,4.95,14.58,5.0705,10.1,28.35,0.3395,34.0%,13.6397,0.06%,0.747,0.253,Bullish,Strong Contraction,50.1,False,Uptrend,Above SMA20,24332.05,24278.8,56.05,-2.8,N/A,1,Upside Breakout,8.2,64.65,89.6
6973,23-04-2025 15:20,24328.15,24330.35,24322.8,24325.4,7.55,13.705,6.5211,4.95,28.35,0.5509,55.1%,12.7417,0.05%,0.364,0.636,Bearish,Mild Contraction,27.3,False,Uptrend,Above SMA20,24340.25,24278.8,46.6,14.85,N/A,2,Downside Breakdown,8.6,80.15,85.95
6976,24-04-2025 09:20,24272.4,24277.7,24269.95,24272.2,7.75,15.53,10.1772,4.95,39.15,0.499,49.9%,16.7903,0.07%,0.026,0.974,Bearish,Moderate Contraction,30.0,False,Downtrend,Below SMA20,24340.25,24270.2,2.0,68.05,N/A,1,Downside Breakdown,18.65,75.65,75.65
6984,24-04-2025 10:00,24270.7,24274.8,24262.2,24263.85,12.6,35.72,19.4174,7.75,74.35,0.3527,35.3%,28.4825,0.12%,0.544,0.456,Bearish,Moderate Contraction,42.3,False,Downtrend,Below SMA20,24347.85,24239.45,24.4,84.0,N/A,,,,49.25,49.25
6987,24-04-2025 10:15,24297.85,24302.2,24289.6,24296.55,12.6,34.48,19.5648,12.6,74.35,0.3654,36.5%,25.4087,0.1%,0.103,0.897,Bearish,Moderate Contraction,44.7,False,Uptrend,Above SMA20,24347.85,24239.45,57.1,51.3,N/A,,,,23.65,27.75
6990,24-04-2025 10:30,24302.2,24302.2,24286.55,24289.15,15.65,23.755,11.1741,12.6,45.85,0.6588,65.9%,22.1736,0.09%,0.834,0.166,Bearish,Mild Contraction,20.5,False,Uptrend,Below SMA20,24313.1,24239.45,49.7,23.95,N/A,,,,20.35,22.6
6994,24-04-2025 10:50,24278.0,24280.85,24271.95,24275.45,8.9,16.07,5.9563,9.95,31.8,0.5538,55.4%,17.6863,0.07%,0.287,0.713,Bearish,Moderate Contraction,34.4,False,Uptrend,Below SMA20,24313.1,24262.2,13.25,37.65,N/A,7,Downside Breakdown,9.3,12.3,22.55
7005,24-04-2025 11:45,24263.75,24271.25,24262.75,24267.65,8.5,12.17,3.6272,9.35,19.6,0.6984,69.8%,12.639,0.05%,0.459,0.541,Bullish,Moderate Contraction,45.1,True,Downtrend,Below SMA20,24287.75,24252.9,14.75,20.1,N/A,10,Downside Breakdown,4.5,12.15,19.25
7008,24-04-2025 12:00,24258.9,24261.85,24255.5,24261.7,6.35,10.78,3.4254,7.2,19.6,0.5891,58.9%,10.9046,0.04%,0.441,0.559,Bullish,Moderate Contraction,32.8,False,Downtrend,Below SMA20,24285.0,24252.9,8.8,23.3,N/A,7,Downside Breakdown,4.5,11.4,13.3
7048,24-04-2025 15:20,24253.4,24254.4,24244.4,24249.3,10.0,15.86,5.3207,9.15,24.95,0.6305,63.1%,14.3652,0.06%,0.41,0.59,Bearish,Moderate Contraction,46.9,True,Uptrend,Above SMA20,24259.7,24216.15,33.15,10.4,N/A,2,Upside Breakout,105.75,116.15,182.3
7062,25-04-2025 10:15,24032.6,24043.65,24003.0,24032.95,40.65,62.03,22.7732,44.05,120.6,0.6553,65.5%,55.1801,0.23%,0.009,0.991,Bullish,Moderate Contraction,47.2,True,Downtrend,Below SMA20,24346.8,23950.15,82.8,313.85,N/A,2,Downside Breakdown,26.7,124.35,132.45
7066,25-04-2025 10:35,23939.35,23984.05,23939.35,23966.25,44.7,66.47,26.9884,40.65,120.6,0.6725,67.2%,58.7708,0.25%,0.602,0.398,Bullish,Mild Contraction,22.5,False,Downtrend,Below SMA20,24215.85,23908.6,57.65,249.6,N/A,5,Downside Breakdown,8.1,65.75,87.05
7069,25-04-2025 10:50,23976.5,23976.5,23937.75,23942.9,38.75,63.02,29.1211,33.25,120.6,0.6149,61.5%,51.9584,0.22%,0.867,0.133,Bearish,Mild Contraction,25.3,False,Downtrend,Below SMA20,24080.65,23908.6,34.3,137.75,N/A,2,Downside Breakdown,8.1,51.7,63.7
7073,25-04-2025 11:10,23938.3,23944.8,23920.25,23940.35,24.55,49.04,21.5692,26.2,104.5,0.5006,50.1%,44.5053,0.19%,0.084,0.916,Bullish,Moderate Contraction,37.1,False,Downtrend,Below SMA20,24043.5,23900.5,39.85,103.15,N/A,1,Downside Breakdown,9.3,61.15,92.5
7082,25-04-2025 11:55,23871.2,23880.8,23864.9,23872.5,15.9,34.17,10.6256,24.55,54.7,0.4653,46.5%,33.7985,0.14%,0.082,0.918,Bullish,Moderate Contraction,42.0,False,Downtrend,Below SMA20,23950.1,23847.85,24.65,77.6,N/A,4,Upside Breakout,12.55,90.15,112.3
7089,25-04-2025 12:30,23942.6,23955.7,23935.85,23951.2,19.85,29.85,12.5982,15.9,55.35,0.665,66.5%,30.8421,0.13%,0.433,0.567,Bullish,Mild Contraction,20.3,False,Uptrend,Above SMA20,23962.65,23847.85,103.35,11.45,N/A,1,Upside Breakout,22.15,81.8,119.95
7093,25-04-2025 12:50,23973.1,23985.0,23962.6,23982.85,22.4,32.085,12.2778,16.9,55.35,0.6981,69.8%,31.5943,0.13%,0.435,0.565,Bullish,Mild Contraction,16.8,False,Uptrend,Above SMA20,23984.8,23859.25,123.6,1.95,N/A,1,Upside Breakout,48.2,83.8,115.4
7099,25-04-2025 13:20,24059.3,24071.15,24055.1,24059.35,16.05,33.845,11.4723,19.85,57.85,0.4742,47.4%,30.8973,0.13%,0.003,0.997,Bullish,Moderate Contraction,40.7,False,Uptrend,Above SMA20,24066.65,23935.85,123.5,7.3,N/A,2,Upside Breakout,17.45,44.1,91.3
7103,25-04-2025 13:40,24063.8,24085.6,24063.0,24084.6,22.6,34.915,12.9408,16.05,57.85,0.6473,64.7%,33.4114,0.14%,0.92,0.08,Bullish,Mild Contraction,20.8,False,Uptrend,Above SMA20,24098.25,23962.6,122.0,13.65,N/A,1,Upside Breakout,5.2,66.05,66.05
7111,25-04-2025 14:20,24123.8,24124.5,24103.35,24118.6,21.15,39.375,14.3765,22.6,67.2,0.5371,53.7%,36.7825,0.15%,0.246,0.754,Bearish,Moderate Contraction,35.6,False,Uptrend,Above SMA20,24150.65,24034.6,84.0,32.05,N/A,12,Downside Breakdown,39.75,80.45,80.45
7115,25-04-2025 14:40,24063.95,24067.45,24047.75,24064.3,19.7,37.935,14.6086,21.15,67.2,0.5193,51.9%,33.9812,0.14%,0.018,0.982,Bullish,Moderate Contraction,36.6,False,Downtrend,Below SMA20,24150.65,24042.75,21.55,86.35,N/A,1,Downside Breakdown,4.6,36.0,87.9
7122,25-04-2025 15:15,24051.45,24054.65,24035.8,24035.9,18.85,30.1,7.9712,19.7,49.3,0.6262,62.6%,29.6483,0.12%,0.825,0.175,Bearish,Moderate Contraction,31.3,False,Downtrend,Below SMA20,24118.85,24038.15,-2.25,82.95,N/A,1,Downside Breakdown,43.3,116.3,191.9
7132,28-04-2025 09:50,24186.7,24207.9,24174.3,24196.8,33.6,51.01,23.811,18.85,98.15,0.6587,65.9%,48.6785,0.2%,0.301,0.699,Bullish,Mild Contraction,16.8,False,Uptrend,Above SMA20,24227.8,23986.1,210.7,31.0,N/A,1,Upside Breakout,4.15,86.2,86.2
7136,28-04-2025 10:10,24264.8,24279.3,24252.9,24275.85,26.4,46.865,15.6913,18.35,77.2,0.5633,56.3%,41.3563,0.17%,0.419,0.581,Bullish,Mild Contraction,28.7,False,Uptrend,Above SMA20,24266.55,24082.1,193.75,-9.3,N/A,1,Upside Breakout,16.45,46.5,46.5
7141,28-04-2025 10:35,24254.25,24262.65,24240.9,24259.15,21.75,32.445,10.3689,17.7,48.95,0.6704,67.0%,34.5243,0.14%,0.225,0.775,Bullish,Moderate Contraction,41.4,True,Uptrend,Above SMA20,24283.0,24174.3,84.85,23.85,N/A,14,Upside Breakout,2.4,23.75,48.4
7145,28-04-2025 10:55,24271.85,24280.4,24263.2,24276.9,17.2,27.025,8.7158,14.95,42.2,0.6364,63.6%,28.6519,0.12%,0.294,0.706,Bullish,Mild Contraction,25.5,False,Uptrend,Above SMA20,24283.0,24229.35,47.55,6.1,N/A,3,Downside Breakdown,1.6,66.15,66.15
7152,28-04-2025 11:30,24253.95,24265.85,24248.65,24265.25,17.2,25.945,11.1847,14.95,52.75,0.6629,66.3%,27.596,0.11%,0.657,0.343,Bullish,Mild Contraction,21.9,False,Uptrend,Above SMA20,24282.9,24210.75,54.5,17.65,N/A,3,Upside Breakout,2.5,23.55,70.95
7157,28-04-2025 11:55,24272.35,24275.25,24261.3,24271.5,13.95,23.92,12.0304,10.45,52.75,0.5832,58.3%,21.3365,0.09%,0.061,0.939,Bearish,Mild Contraction,25.6,False,Downtrend,Above SMA20,24288.8,24210.75,60.75,17.3,N/A,1,Upside Breakout,2.85,64.7,80.6
7167,28-04-2025 12:45,24339.5,24343.4,24333.15,24336.15,10.25,21.71,8.4584,13.95,42.4,0.4721,47.2%,19.9296,0.08%,0.327,0.673,Bearish,Moderate Contraction,39.8,False,Uptrend,Above SMA20,24352.1,24261.3,74.85,15.95,N/A,2,Upside Breakout,3.0,22.65,22.65
7175,28-04-2025 13:25,24336.35,24336.4,24323.15,24331.9,13.25,19.19,6.065,10.25,28.0,0.6905,69.0%,19.6833,0.08%,0.336,0.664,Bearish,Mild Contraction,18.7,False,Downtrend,Above SMA20,24355.1,24313.5,18.4,23.2,N/A,11,Downside Breakdown,8.8,19.7,21.8
7178,28-04-2025 13:40,24338.55,24343.6,24334.5,24341.95,9.1,20.3,5.6131,10.35,28.0,0.4483,44.8%,18.6587,0.08%,0.374,0.626,Bullish,Moderate Contraction,44.4,False,Uptrend,Above SMA20,24355.1,24313.5,28.45,13.15,N/A,8,Downside Breakdown,8.8,16.05,48.4
7181,28-04-2025 13:55,24336.55,24337.65,24325.9,24332.0,11.75,18.455,6.2242,9.1,28.0,0.6367,63.7%,17.206,0.07%,0.387,0.613,Bearish,Mild Contraction,23.3,False,Downtrend,Below SMA20,24351.6,24313.5,18.5,19.6,N/A,3,Upside Breakout,0.7,27.3,71.1
7196,28-04-2025 15:10,24314.6,24327.95,24312.9,24324.1,15.05,22.395,5.1752,18.4,35.75,0.672,67.2%,20.5165,0.08%,0.631,0.369,Bullish,Mild Contraction,28.7,False,Uptrend,Above SMA20,24341.3,24260.9,63.2,17.2,N/A,4,Upside Breakout,100.95,130.95,133.55
7209,29-04-2025 10:00,24390.0,24396.15,24362.2,24378.3,33.95,57.21,21.4472,20.5,83.3,0.5934,59.3%,50.0424,0.21%,0.345,0.655,Bearish,Mild Contraction,24.2,False,Uptrend,Above SMA20,24457.65,24290.75,87.55,79.35,N/A,,,,67.0,72.8
7212,29-04-2025 10:15,24351.3,24354.1,24319.0,24319.0,35.1,54.96,18.8875,26.55,83.3,0.6386,63.9%,44.9256,0.18%,0.92,0.08,Bearish,Mild Contraction,22.7,False,Downtrend,Below SMA20,24457.65,24290.75,28.25,138.65,N/A,,,,29.15,50.85
7215,29-04-2025 10:30,24318.85,24329.7,24305.5,24314.95,24.2,46.425,17.9741,26.55,81.95,0.5213,52.1%,39.7042,0.16%,0.161,0.839,Bearish,Moderate Contraction,36.4,False,Downtrend,Below SMA20,24396.15,24290.75,24.2,81.2,N/A,,,,38.75,54.9
7220,29-04-2025 10:55,24330.25,24349.95,24330.25,24333.8,19.7,29.98,8.0318,20.7,45.95,0.6571,65.7%,31.7912,0.13%,0.18,0.82,Bullish,Mild Contraction,28.9,False,Downtrend,Below SMA20,24379.75,24305.5,28.3,45.95,N/A,13,Downside Breakdown,3.05,36.05,36.05
7225,29-04-2025 11:20,24348.3,24360.35,24347.05,24348.95,13.3,22.105,4.8997,17.95,34.4,0.6017,60.2%,24.4842,0.1%,0.049,0.951,Bullish,Moderate Contraction,34.6,False,Uptrend,Above SMA20,24369.85,24305.5,43.45,20.9,N/A,8,Downside Breakdown,3.05,14.0,46.5
7228,29-04-2025 11:35,24347.95,24353.6,24341.6,24346.45,12.0,19.615,6.4463,11.15,34.4,0.6118,61.2%,20.5789,0.08%,0.125,0.875,Bearish,Mild Contraction,28.9,False,Downtrend,Above SMA20,24369.85,24317.95,28.5,23.4,N/A,4,Downside Breakdown,6.0,44.0,44.0
7236,29-04-2025 12:15,24316.4,24321.6,24310.65,24313.1,10.95,15.815,3.5147,11.15,20.5,0.6924,69.2%,17.0332,0.07%,0.301,0.699,Bearish,Moderate Contraction,47.4,True,Downtrend,Below SMA20,24358.75,24302.45,10.65,45.65,N/A,8,Upside Breakout,4.8,34.85,56.4
7241,29-04-2025 12:40,24340.6,24346.8,24336.4,24341.85,10.4,16.08,4.6704,10.65,22.55,0.6468,64.7%,16.2972,0.07%,0.12,0.88,Bullish,Mild Contraction,29.1,False,Uptrend,Above SMA20,24347.95,24302.45,39.4,6.1,N/A,2,Upside Breakout,10.4,27.65,34.2
7247,29-04-2025 13:10,24359.4,24363.55,24353.5,24356.85,10.05,15.89,5.0069,10.4,22.55,0.6325,63.2%,15.5391,0.06%,0.254,0.746,Bearish,Mild Contraction,29.7,False,Uptrend,Above SMA20,24369.5,24304.1,52.75,12.65,N/A,3,Upside Breakout,6.55,19.2,19.2
7251,29-04-2025 13:30,24366.65,24371.7,24361.45,24366.8,10.25,15.7,4.2098,10.05,21.9,0.6529,65.3%,15.675,0.06%,0.015,0.985,Bullish,Mild Contraction,28.5,False,Uptrend,Above SMA20,24376.05,24330.6,36.2,9.25,N/A,18,Downside Breakdown,5.4,19.15,19.15
7282,30-04-2025 09:50,24381.2,24395.2,24375.65,24386.15,19.55,38.945,14.4321,22.65,73.25,0.502,50.2%,31.9142,0.13%,0.253,0.747,Bullish,Moderate Contraction,38.0,False,Uptrend,Above SMA20,24386.1,24268.8,117.35,-0.05,N/A,1,Upside Breakout,3.2,38.25,95.75
7285,30-04-2025 10:05,24353.7,24368.95,24353.45,24363.65,15.5,37.925,15.5752,18.85,73.25,0.4087,40.9%,27.839,0.11%,0.642,0.358,Bullish,Moderate Contraction,43.8,False,Uptrend,Above SMA20,24395.2,24268.8,94.85,31.55,N/A,,,,62.05,73.25
7293,30-04-2025 10:45,24321.5,24330.05,24317.9,24327.2,12.15,22.015,6.1632,14.9,32.5,0.5519,55.2%,23.1278,0.1%,0.469,0.531,Bullish,Strong Contraction,56.5,True,Downtrend,Below SMA20,24389.3,24290.4,36.8,62.1,N/A,,,,27.25,44.4
7298,30-04-2025 11:10,24330.75,24336.6,24326.15,24329.95,10.45,20.68,7.012,11.75,32.5,0.5053,50.5%,19.5436,0.08%,0.077,0.923,Bearish,Moderate Contraction,38.4,False,Downtrend,Below SMA20,24362.95,24290.4,39.55,33.0,N/A,1,Upside Breakout,8.65,41.65,41.65
7301,30-04-2025 11:25,24334.85,24341.35,24329.05,24330.85,12.3,20.22,9.3639,10.45,42.05,0.6083,60.8%,21.5027,0.09%,0.325,0.675,Bearish,Mild Contraction,25.7,False,Uptrend,Below SMA20,24371.6,24290.4,40.45,40.75,N/A,,,,17.3,22.85
7304,30-04-2025 11:40,24332.35,24337.85,24329.2,24332.3,8.65,17.955,10.3363,8.65,42.05,0.4818,48.2%,17.2362,0.07%,0.006,0.994,Bearish,Moderate Contraction,37.0,False,Uptrend,Below SMA20,24371.6,24318.6,13.7,39.3,N/A,1,Downside Breakdown,5.05,18.75,32.7
7309,30-04-2025 12:05,24346.65,24349.65,24340.15,24345.7,9.5,17.105,10.1644,8.65,42.05,0.5554,55.5%,15.5731,0.06%,0.1,0.9,Bearish,Strong Contraction,50.0,True,Downtrend,Above SMA20,24371.6,24313.55,32.15,25.9,N/A,,,,19.3,19.3
7312,30-04-2025 12:20,24344.35,24351.75,24343.9,24349.7,7.85,11.95,3.8133,8.55,20.15,0.6569,65.7%,13.1837,0.05%,0.682,0.318,Bullish,Mild Contraction,27.8,False,Uptrend,Above SMA20,24353.7,24313.55,36.15,4.0,N/A,1,Upside Breakout,11.3,15.3,23.0
7316,30-04-2025 12:40,24356.35,24361.1,24353.0,24356.5,8.1,12.61,4.1985,7.85,21.35,0.6423,64.2%,13.1424,0.05%,0.019,0.981,Bullish,Mild Contraction,27.6,False,Uptrend,Above SMA20,24365.0,24322.95,33.55,8.5,N/A,,,,29.8,29.8
7322,30-04-2025 13:10,24334.65,24338.35,24330.55,24333.8,7.8,12.75,4.6543,7.85,21.35,0.6118,61.2%,12.4159,0.05%,0.109,0.891,Bearish,Strong Contraction,50.4,True,Downtrend,Below SMA20,24365.0,24326.7,7.1,31.2,N/A,16,Downside Breakdown,2.55,16.05,19.45
7328,30-04-2025 13:40,24346.2,24350.8,24344.25,24349.5,6.55,11.945,3.245,7.8,19.25,0.5483,54.8%,11.2899,0.05%,0.504,0.496,Bullish,Moderate Contraction,37.0,False,Downtrend,Above SMA20,24359.6,24326.7,22.8,10.1,N/A,10,Downside Breakdown,2.55,14.95,25.35
7334,30-04-2025 14:10,24338.6,24342.75,24335.55,24340.65,7.2,11.015,2.972,6.55,15.2,0.6537,65.4%,10.8015,0.04%,0.285,0.715,Bullish,Mild Contraction,26.2,False,Uptrend,Below SMA20,24353.25,24329.6,11.05,12.6,N/A,4,Downside Breakdown,5.45,16.5,55.5
7354,02-05-2025 09:35,24525.5,24538.85,24504.65,24538.85,34.2,56.045,38.7954,15.5,139.0,0.6102,61.0%,53.8725,0.22%,0.39,0.61,Bullish,Mild Contraction,18.7,False,Uptrend,Above SMA20,24534.0,24198.75,340.1,-4.85,N/A,1,Upside Breakout,17.25,50.3,50.3
7357,02-05-2025 09:50,24546.95,24558.65,24530.3,24556.6,28.35,59.315,36.0585,31.0,139.0,0.478,47.8%,47.268,0.19%,0.34,0.66,Bullish,Moderate Contraction,37.0,False,Uptrend,Above SMA20,24557.75,24198.75,357.85,1.15,N/A,1,Upside Breakout,18.4,32.55,88.0
7360,02-05-2025 10:05,24569.15,24582.05,24558.85,24578.4,23.2,51.265,36.0662,20.75,139.0,0.4526,45.3%,39.5002,0.16%,0.399,0.601,Bullish,Moderate Contraction,36.4,False,Uptrend,Above SMA20,24589.15,24305.85,272.55,10.75,N/A,,,,93.65,167.95
7363,02-05-2025 10:20,24554.6,24564.65,24544.0,24551.3,20.65,31.185,9.5354,17.2,48.65,0.6622,66.2%,33.7655,0.14%,0.16,0.84,Bearish,Mild Contraction,22.8,False,Uptrend,Above SMA20,24589.15,24485.35,65.95,37.85,N/A,2,Downside Breakdown,0.6,82.7,146.6
7371,02-05-2025 11:00,24431.7,24445.3,24421.6,24422.1,23.7,36.205,15.5948,17.2,66.3,0.6546,65.5%,37.1466,0.15%,0.405,0.595,Bearish,Mild Contraction,19.8,False,Downtrend,Below SMA20,24588.0,24410.45,11.65,165.9,N/A,2,Downside Breakdown,5.75,50.9,102.35
7380,02-05-2025 11:45,24336.05,24348.8,24328.55,24338.3,20.25,34.015,13.3551,20.9,68.2,0.5953,59.5%,34.3881,0.14%,0.111,0.889,Bullish,Moderate Contraction,31.1,False,Downtrend,Below SMA20,24447.85,24319.75,18.55,109.55,N/A,4,Downside Breakdown,19.95,38.5,99.8
7385,02-05-2025 12:10,24317.4,24324.55,24306.35,24315.0,18.2,31.43,14.4767,17.0,68.2,0.5791,57.9%,29.0344,0.12%,0.132,0.868,Bearish,Mild Contraction,29.8,False,Downtrend,Below SMA20,24410.2,24299.8,15.2,95.2,N/A,1,Downside Breakdown,18.4,76.5,76.5
7390,02-05-2025 12:35,24260.05,24275.2,24258.85,24267.1,16.35,27.29,14.5372,13.5,64.25,0.5991,59.9%,29.291,0.12%,0.431,0.569,Bullish,Mild Contraction,25.4,False,Downtrend,Below SMA20,24365.0,24238.5,28.6,97.9,N/A,10,Upside Breakout,3.85,43.75,101.75
7397,02-05-2025 13:10,24300.2,24302.4,24286.45,24297.0,15.95,30.25,14.7074,13.5,64.25,0.5273,52.7%,28.0606,0.12%,0.201,0.799,Bearish,Moderate Contraction,31.8,False,Downtrend,Below SMA20,24310.85,24238.5,58.5,13.85,N/A,1,Upside Breakout,41.0,115.2,115.2
7400,02-05-2025 13:25,24353.45,24368.85,24349.65,24364.8,19.2,29.875,12.159,15.95,55.6,0.6427,64.3%,29.4338,0.12%,0.591,0.409,Bullish,Mild Contraction,23.0,False,Uptrend,Above SMA20,24359.8,24241.0,123.8,-5.0,N/A,1,Upside Breakout,52.4,47.4,47.4
7404,02-05-2025 13:45,24391.95,24405.8,24386.9,24394.35,18.9,30.05,13.1026,15.95,55.6,0.629,62.9%,28.3796,0.12%,0.127,0.873,Bullish,Mild Contraction,24.1,False,Uptrend,Above SMA20,24412.2,24266.2,128.15,17.85,N/A,,,,35.35,107.45
7408,02-05-2025 14:05,24393.7,24399.65,24385.35,24392.35,14.3,29.835,13.0785,18.15,55.6,0.4793,47.9%,26.5429,0.11%,0.094,0.906,Bearish,Moderate Contraction,38.6,False,Uptrend,Above SMA20,24412.2,24296.25,96.1,19.85,N/A,5,Downside Breakdown,4.3,100.4,105.45
7415,02-05-2025 14:40,24315.4,24332.25,24313.3,24326.65,18.95,29.71,8.977,14.3,41.65,0.6378,63.8%,28.5409,0.12%,0.594,0.406,Bullish,Mild Contraction,23.5,False,Downtrend,Below SMA20,24404.85,24286.9,39.75,78.2,N/A,10,Upside Breakout,55.9,71.1,134.1
7418,02-05-2025 14:55,24371.65,24381.8,24366.3,24373.95,15.5,29.52,9.1858,14.3,41.65,0.5251,52.5%,27.2767,0.11%,0.148,0.852,Bullish,Moderate Contraction,36.1,False,Downtrend,Above SMA20,24400.65,24286.9,87.05,26.7,N/A,7,Upside Breakout,60.1,51.25,103.95
7421,02-05-2025 15:10,24354.85,24367.15,24348.4,24367.15,18.75,29.845,9.249,15.5,43.5,0.6282,62.8%,27.5535,0.11%,0.656,0.344,Bullish,Mild Contraction,25.6,False,Uptrend,Above SMA20,24397.75,24286.9,80.25,30.6,N/A,4,Upside Breakout,63.0,93.6,110.75
7433,05-05-2025 09:55,24491.9,24505.6,24480.2,24503.65,25.4,37.265,13.4706,16.5,60.1,0.6816,68.2%,38.2941,0.16%,0.463,0.537,Bullish,Mild Contraction,16.9,False,Uptrend,Above SMA20,24496.55,24309.85,193.8,-7.1,N/A,1,Upside Breakout,14.75,39.65,39.65
7436,05-05-2025 10:10,24489.15,24491.85,24467.85,24479.1,24.0,36.265,8.881,25.4,49.05,0.6618,66.2%,35.1877,0.14%,0.419,0.581,Bearish,Mild Contraction,29.1,False,Uptrend,Above SMA20,24511.3,24403.1,76.0,32.2,N/A,5,Upside Breakout,9.65,41.85,47.3
7441,05-05-2025 10:35,24504.15,24520.95,24501.6,24509.85,19.35,29.01,7.4985,23.0,47.15,0.667,66.7%,29.519,0.12%,0.295,0.705,Bullish,Mild Contraction,28.3,False,Uptrend,Above SMA20,24511.3,24439.4,70.45,1.45,N/A,1,Upside Breakout,15.1,49.4,50.2
7446,05-05-2025 11:00,24472.0,24480.8,24464.5,24467.05,16.3,23.995,5.9427,15.5,36.1,0.6793,67.9%,26.1088,0.11%,0.304,0.696,Bearish,Mild Contraction,25.8,False,Downtrend,Below SMA20,24526.4,24460.45,6.6,59.35,N/A,1,Downside Breakdown,0.8,28.85,52.6
7459,05-05-2025 12:05,24449.35,24453.35,24440.85,24445.0,12.5,23.49,4.622,17.5,30.2,0.5321,53.2%,22.3442,0.09%,0.348,0.652,Bearish,Strong Contraction,61.5,True,Downtrend,Below SMA20,24495.9,24414.45,30.55,50.9,N/A,,,,15.6,30.95
7464,05-05-2025 12:30,24457.4,24460.6,24447.65,24454.5,12.95,20.13,5.9422,11.7,29.15,0.6433,64.3%,19.7154,0.08%,0.224,0.776,Bearish,Mild Contraction,26.3,False,Uptrend,Below SMA20,24459.75,24414.45,40.05,5.25,N/A,1,Upside Breakout,0.75,21.45,22.5
7469,05-05-2025 12:55,24469.65,24475.95,24466.15,24474.3,9.8,16.32,4.15,11.7,25.05,0.6005,60.0%,17.1968,0.07%,0.474,0.526,Bullish,Moderate Contraction,33.5,False,Uptrend,Above SMA20,24470.45,24430.0,44.3,-3.85,N/A,1,Upside Breakout,6.55,40.25,40.25
7477,05-05-2025 13:35,24466.75,24471.95,24461.1,24470.85,10.85,16.41,4.7689,9.8,24.85,0.6612,66.1%,16.6331,0.07%,0.378,0.622,Bullish,Mild Contraction,24.9,False,Uptrend,Above SMA20,24477.0,24434.05,36.8,6.15,N/A,2,Upside Breakout,5.3,22.05,22.05
7491,05-05-2025 14:45,24475.7,24481.8,24471.85,24481.15,9.95,15.345,4.8649,10.2,27.45,0.6484,64.8%,14.5678,0.06%,0.548,0.452,Bullish,Mild Contraction,28.5,False,Downtrend,Above SMA20,24492.9,24455.15,26.0,11.75,N/A,3,Downside Breakdown,2.15,39.0,48.65
7496,05-05-2025 15:10,24457.05,24457.05,24446.85,24448.3,10.2,15.375,5.6735,9.85,27.45,0.6634,66.3%,14.7931,0.06%,0.858,0.142,Bearish,Mild Contraction,25.4,False,Downtrend,Below SMA20,24492.15,24442.15,6.15,43.85,N/A,4,Upside Breakout,17.5,61.35,61.35
7506,06-05-2025 09:45,24457.65,24459.5,24438.9,24441.45,20.6,29.535,16.6306,10.2,63.85,0.6975,69.7%,26.912,0.11%,0.786,0.214,Bearish,Mild Contraction,12.1,False,Downtrend,Below SMA20,24509.65,24421.0,20.45,68.2,N/A,1,Downside Breakdown,17.9,61.65,72.35
7509,06-05-2025 10:00,24391.0,24402.6,24379.8,24400.2,22.8,33.105,14.2336,18.0,63.85,0.6887,68.9%,27.1801,0.11%,0.404,0.596,Bullish,Mild Contraction,17.9,False,Downtrend,Below SMA20,24509.65,24388.55,11.65,109.45,N/A,1,Downside Breakdown,1.4,31.1,31.1
7512,06-05-2025 10:15,24388.7,24392.1,24373.0,24379.25,19.1,29.41,9.0565,20.6,49.4,0.6494,64.9%,25.5466,0.1%,0.495,0.505,Bearish,Mild Contraction,28.6,False,Downtrend,Below SMA20,24477.05,24379.8,-0.55,97.8,N/A,1,Downside Breakdown,10.7,19.95,26.9
7516,06-05-2025 10:35,24383.75,24390.15,24376.3,24389.0,13.85,22.195,7.0986,13.35,39.0,0.624,62.4%,21.0945,0.09%,0.379,0.621,Bullish,Mild Contraction,29.1,False,Downtrend,Below SMA20,24459.5,24369.1,19.9,70.5,N/A,10,Downside Breakdown,2.45,17.15,22.35
7519,06-05-2025 10:50,24391.9,24395.55,24384.7,24387.2,10.85,17.955,4.838,13.2,27.2,0.6043,60.4%,18.0708,0.07%,0.433,0.567,Bearish,Strong Contraction,52.8,True,Downtrend,Below SMA20,24414.35,24369.1,18.1,27.15,N/A,7,Downside Breakdown,2.45,18.95,30.45
7522,06-05-2025 11:05,24394.2,24399.4,24388.8,24393.0,10.6,15.46,2.971,10.85,20.35,0.6856,68.6%,17.0868,0.07%,0.113,0.887,Bearish,Mild Contraction,29.0,False,Uptrend,Below SMA20,24406.15,24369.1,23.9,13.15,N/A,4,Downside Breakdown,2.45,26.8,36.25
7525,06-05-2025 11:20,24375.9,24382.5,24373.75,24377.9,8.75,14.175,3.2374,10.25,20.35,0.6173,61.7%,15.1071,0.06%,0.229,0.771,Bullish,Moderate Contraction,33.1,False,Downtrend,Below SMA20,24406.15,24374.85,3.05,28.25,N/A,1,Downside Breakdown,8.2,21.15,21.15
7537,06-05-2025 12:20,24396.7,24402.05,24391.4,24394.8,10.65,16.015,5.9277,9.25,27.05,0.665,66.5%,15.3349,0.06%,0.178,0.822,Bearish,Moderate Contraction,42.4,True,Uptrend,Above SMA20,24399.6,24356.75,38.05,4.8,N/A,18,Upside Breakout,1.35,19.6,27.75
7551,06-05-2025 13:30,24387.85,24393.9,24384.95,24388.85,8.95,14.535,4.9187,10.9,27.15,0.6158,61.6%,14.1876,0.06%,0.112,0.888,Bullish,Moderate Contraction,30.5,False,Uptrend,Above SMA20,24394.35,24367.05,21.8,5.5,N/A,1,Upside Breakout,1.7,16.65,26.95
7554,06-05-2025 13:45,24390.05,24395.95,24386.5,24392.05,9.45,13.825,5.4478,8.95,27.15,0.6835,68.4%,12.6257,0.05%,0.212,0.788,Bullish,Mild Contraction,22.9,False,Uptrend,Above SMA20,24396.05,24367.05,25.0,4.0,N/A,1,Upside Breakout,4.9,16.35,30.15
7573,06-05-2025 15:20,24365.2,24373.3,24364.6,24368.15,8.7,16.225,6.5331,10.6,28.3,0.5362,53.6%,15.8657,0.07%,0.339,0.661,Bullish,Moderate Contraction,35.1,False,Downtrend,Below SMA20,24400.65,24355.5,12.65,32.5,N/A,1,Downside Breakdown,23.7,148.15,148.15
7580,07-05-2025 09:40,24403.35,24419.0,24391.3,24402.85,27.7,47.34,46.9451,8.7,167.4,0.5851,58.5%,41.7509,0.17%,0.018,0.982,Bearish,Mild Contraction,18.8,False,Uptrend,Above SMA20,24449.6,24220.0,182.85,46.75,N/A,,,,98.7,117.85
7584,07-05-2025 10:00,24358.65,24369.15,24336.5,24355.8,32.65,59.965,40.8196,27.7,167.4,0.5445,54.4%,44.1033,0.18%,0.087,0.913,Bearish,Mild Contraction,29.2,False,Uptrend,Below SMA20,24449.6,24220.0,135.8,93.8,N/A,,,,70.8,70.8
7587,07-05-2025 10:15,24303.5,24306.6,24289.7,24291.3,16.9,46.39,17.614,22.45,76.55,0.3643,36.4%,38.855,0.16%,0.722,0.278,Bearish,Moderate Contraction,47.6,False,Downtrend,Below SMA20,24449.6,24290.3,1.0,158.3,N/A,1,Downside Breakdown,5.3,81.55,81.55
7591,07-05-2025 10:35,24372.25,24372.25,24350.85,24362.2,21.4,43.065,17.7945,16.9,69.35,0.4969,49.7%,38.9538,0.16%,0.47,0.53,Bearish,Moderate Contraction,34.3,False,Uptrend,Above SMA20,24404.55,24285.0,77.2,42.35,N/A,10,Upside Breakout,11.65,37.45,54.0
7595,07-05-2025 10:55,24338.75,24343.2,24324.75,24335.8,18.45,32.39,17.4477,16.9,68.45,0.5696,57.0%,31.4046,0.13%,0.16,0.84,Bearish,Mild Contraction,29.4,False,Uptrend,Below SMA20,24372.85,24285.0,50.8,37.05,N/A,3,Upside Breakout,0.9,68.6,94.6
7598,07-05-2025 11:10,24357.75,24373.75,24353.85,24372.6,19.9,29.455,16.5761,12.8,68.45,0.6756,67.6%,27.7454,0.11%,0.746,0.254,Bullish,Mild Contraction,15.8,False,Uptrend,Above SMA20,24372.85,24285.0,87.6,0.25,N/A,1,Upside Breakout,27.35,57.8,57.8
7601,07-05-2025 11:25,24402.85,24416.2,24402.65,24406.45,13.55,21.035,7.1452,11.4,31.65,0.6442,64.4%,23.986,0.1%,0.266,0.734,Bullish,Mild Contraction,24.0,False,Uptrend,Above SMA20,24404.4,24324.75,81.7,-2.05,N/A,1,Upside Breakout,26.0,56.7,56.7
7604,07-05-2025 11:40,24413.8,24415.6,24405.75,24408.95,9.85,21.58,7.5517,11.4,31.65,0.4564,45.6%,22.2032,0.09%,0.492,0.508,Bearish,Moderate Contraction,41.7,False,Uptrend,Above SMA20,24430.4,24324.75,84.2,21.45,N/A,,,,59.2,59.2
7608,07-05-2025 12:00,24358.3,24364.8,24352.9,24363.25,11.9,21.17,8.6298,9.85,38.55,0.5621,56.2%,21.9517,0.09%,0.416,0.584,Bullish,Moderate Contraction,49.6,True,Downtrend,Below SMA20,24430.4,24349.75,13.5,67.15,N/A,19,Downside Breakdown,4.4,28.15,37.15
7614,07-05-2025 12:30,24387.55,24398.25,24385.05,24394.85,13.2,19.69,8.5475,9.85,38.55,0.6704,67.0%,19.4447,0.08%,0.553,0.447,Bullish,Moderate Contraction,38.7,True,Downtrend,Above SMA20,24415.6,24349.75,45.1,20.75,N/A,13,Downside Breakdown,4.4,14.5,39.9
7617,07-05-2025 12:45,24388.65,24394.8,24388.65,24392.6,6.15,16.12,5.0705,9.6,24.85,0.3815,38.2%,16.0442,0.07%,0.642,0.358,Bullish,Moderate Contraction,48.0,False,Uptrend,Above SMA20,24398.25,24352.9,39.7,5.65,N/A,1,Upside Breakout,2.15,37.65,47.25
7622,07-05-2025 13:10,24357.5,24364.7,24356.9,24362.05,7.8,13.33,4.0371,6.15,18.7,0.5851,58.5%,14.0314,0.06%,0.583,0.417,Bullish,Mild Contraction,28.8,False,Downtrend,Below SMA20,24400.4,24354.95,7.1,38.35,N/A,4,Downside Breakdown,3.15,16.7,29.2
7641,07-05-2025 14:45,24416.15,24416.9,24404.65,24411.25,12.25,22.0,4.1241,16.05,29.5,0.5568,55.7%,18.4895,0.08%,0.4,0.6,Bearish,Moderate Contraction,40.0,False,Uptrend,Above SMA20,24426.05,24354.15,57.1,14.8,N/A,9,Upside Breakout,21.2,16.85,36.0
7645,07-05-2025 15:05,24419.1,24422.6,24410.85,24413.6,11.75,21.52,6.0114,12.25,29.5,0.546,54.6%,18.8899,0.08%,0.468,0.532,Bearish,Moderate Contraction,36.9,False,Uptrend,Above SMA20,24426.05,24367.85,45.75,12.45,N/A,5,Upside Breakout,21.2,33.65,40.15
7648,07-05-2025 15:20,24411.0,24413.4,24406.2,24412.3,7.2,17.855,5.8328,11.65,28.35,0.4032,40.3%,16.5611,0.07%,0.181,0.819,Bullish,Moderate Contraction,46.1,False,Downtrend,Above SMA20,24426.05,24390.25,22.05,13.75,N/A,2,Upside Breakout,21.2,38.85,38.85
7657,08-05-2025 09:50,24377.35,24387.7,24373.85,24384.0,13.85,23.89,12.405,7.2,53.65,0.5797,58.0%,21.1958,0.09%,0.48,0.52,Bullish,Mild Contraction,22.9,False,Downtrend,Below SMA20,24447.25,24373.45,10.55,63.25,N/A,,,,18.2,28.3
7660,08-05-2025 10:05,24399.55,24400.85,24392.4,24392.85,8.45,24.275,12.0787,10.2,53.65,0.3481,34.8%,18.4881,0.08%,0.793,0.207,Bearish,Moderate Contraction,46.7,False,Downtrend,Below SMA20,24447.25,24373.45,19.4,54.4,N/A,,,,19.45,19.45
7664,08-05-2025 10:25,24404.75,24412.3,24402.6,24404.45,9.7,15.91,6.49,8.45,28.0,0.6097,61.0%,15.9014,0.07%,0.031,0.969,Bearish,Mild Contraction,26.6,False,Uptrend,Above SMA20,24407.65,24373.85,30.6,3.2,N/A,1,Upside Breakout,1.8,16.45,16.45
7669,08-05-2025 10:50,24398.75,24405.65,24398.0,24404.05,7.65,14.135,4.7504,8.45,22.0,0.5412,54.1%,14.5521,0.06%,0.693,0.307,Bullish,Strong Contraction,55.9,True,Uptrend,Above SMA20,24412.3,24380.2,23.85,8.25,N/A,7,Upside Breakout,3.5,10.85,11.75
7675,08-05-2025 11:20,24405.95,24410.75,24405.85,24408.3,4.9,12.11,3.3916,7.4,18.25,0.4046,40.5%,11.449,0.05%,0.48,0.52,Bullish,Moderate Contraction,47.5,False,Uptrend,Above SMA20,24409.45,24388.0,20.3,1.15,N/A,1,Upside Breakout,6.35,10.0,11.6
7679,08-05-2025 11:40,24407.25,24410.25,24405.2,24408.55,5.05,8.765,2.383,4.9,12.7,0.5762,57.6%,9.4615,0.04%,0.257,0.743,Bullish,Moderate Contraction,34.1,False,Uptrend,Above SMA20,24415.8,24393.2,15.35,7.25,N/A,16,Downside Breakdown,0.6,11.85,11.85
7682,08-05-2025 11:55,24399.9,24403.65,24398.25,24401.3,5.4,8.55,2.4877,4.9,11.9,0.6316,63.2%,9.0704,0.04%,0.259,0.741,Bullish,Mild Contraction,27.5,False,Downtrend,Below SMA20,24415.8,24395.15,6.15,14.5,N/A,11,Downside Breakdown,1.15,9.9,9.9
7692,08-05-2025 12:45,24396.2,24399.95,24395.2,24398.25,4.75,7.465,1.7861,5.4,11.6,0.6363,63.6%,7.6074,0.03%,0.432,0.568,Bullish,Moderate Contraction,31.2,False,Downtrend,Below SMA20,24411.2,24395.35,2.9,12.95,N/A,1,Downside Breakdown,1.35,17.2,67.7
7707,08-05-2025 14:00,24330.85,24344.2,24329.95,24337.9,14.25,22.965,10.14,11.7,40.5,0.6205,62.1%,19.2912,0.08%,0.495,0.505,Bullish,Moderate Contraction,44.3,True,Downtrend,Below SMA20,24392.75,24322.55,15.35,54.85,N/A,2,Downside Breakdown,9.05,24.4,77.0
7714,08-05-2025 14:35,24341.0,24348.8,24337.45,24343.55,11.35,21.895,7.4434,14.25,38.2,0.5184,51.8%,18.7119,0.08%,0.225,0.775,Bullish,Moderate Contraction,37.5,False,Downtrend,Below SMA20,24361.1,24313.5,30.05,17.55,N/A,2,Downside Breakdown,4.25,99.55,193.35
7721,08-05-2025 15:10,24318.45,24322.1,24302.9,24309.15,19.2,29.95,16.912,11.35,56.95,0.6411,64.1%,29.7271,0.12%,0.484,0.516,Bearish,Moderate Contraction,38.1,True,Downtrend,Below SMA20,24357.3,24244.0,65.15,48.15,N/A,2,Downside Breakdown,30.6,373.4,373.4
7729,09-05-2025 09:35,24044.9,24087.8,24041.5,24085.7,46.3,75.185,57.7271,19.2,222.95,0.6158,61.6%,67.4727,0.28%,0.881,0.119,Bullish,Moderate Contraction,37.6,True,Downtrend,Below SMA20,24322.6,23935.75,149.95,236.9,N/A,,,,113.15,136.5
7732,09-05-2025 09:50,24052.0,24066.45,24031.6,24032.3,34.85,79.535,54.448,39.4,222.95,0.4382,43.8%,59.4365,0.25%,0.565,0.435,Bearish,Moderate Contraction,39.1,False,Downtrend,Below SMA20,24310.9,23935.75,96.55,278.6,N/A,,,,83.1,83.1
7735,09-05-2025 10:05,23977.6,23993.9,23949.2,23985.8,44.7,73.895,57.2806,34.85,222.95,0.6049,60.5%,53.4683,0.22%,0.183,0.817,Bullish,Mild Contraction,22.9,False,Downtrend,Below SMA20,24164.25,23935.75,50.05,178.45,N/A,,,,100.95,100.95
7739,09-05-2025 10:25,24061.9,24061.95,24031.2,24046.7,30.75,47.665,14.6919,34.85,84.75,0.6451,64.5%,50.9385,0.21%,0.494,0.506,Bearish,Mild Contraction,28.9,False,Downtrend,Below SMA20,24122.7,23949.2,97.5,76.0,N/A,,,,68.7,70.05
7742,09-05-2025 10:40,24018.9,24029.2,24007.75,24009.25,21.45,43.51,15.892,26.8,84.75,0.493,49.3%,44.0764,0.18%,0.45,0.55,Bearish,Moderate Contraction,38.8,False,Downtrend,Below SMA20,24086.75,23949.2,60.05,77.5,N/A,9,Upside Breakout,7.25,32.6,112.05
7745,09-05-2025 10:55,23981.1,23995.1,23976.65,23987.3,18.45,39.365,19.2881,14.25,84.75,0.4687,46.9%,37.0801,0.15%,0.336,0.664,Bullish,Moderate Contraction,35.3,False,Uptrend,Below SMA20,24086.75,23949.2,38.1,99.45,N/A,6,Upside Breakout,7.25,43.35,134.0
7749,09-05-2025 11:15,24012.3,24022.5,24005.4,24010.35,17.1,26.715,9.7436,14.25,46.5,0.6401,64.0%,30.3048,0.13%,0.114,0.886,Bearish,Mild Contraction,23.8,False,Downtrend,Below SMA20,24063.25,23976.65,33.7,52.9,N/A,2,Upside Breakout,30.75,110.95,110.95
7759,09-05-2025 12:05,24026.5,24043.9,24025.0,24042.2,18.9,34.01,15.4995,17.1,71.4,0.5557,55.6%,31.0248,0.13%,0.831,0.169,Bullish,Moderate Contraction,31.0,False,Uptrend,Above SMA20,24121.3,23999.45,42.75,79.1,N/A,12,Downside Breakdown,6.65,32.05,40.35
7763,09-05-2025 12:25,24032.95,24044.95,24030.5,24036.4,14.45,27.56,7.5937,18.9,46.8,0.5243,52.4%,27.0618,0.11%,0.239,0.761,Bullish,Moderate Contraction,38.7,False,Downtrend,Above SMA20,24094.05,24010.15,26.25,57.65,N/A,2,Downside Breakdown,1.4,34.55,43.6
7777,09-05-2025 13:35,23975.8,23984.65,23971.55,23979.45,13.1,27.11,8.2066,16.85,46.75,0.4832,48.3%,25.833,0.11%,0.279,0.721,Bullish,Moderate Contraction,40.9,False,Downtrend,Below SMA20,24045.6,23961.7,17.75,66.15,N/A,10,Downside Breakdown,0.75,34.05,53.3
7783,09-05-2025 14:05,23992.35,24000.1,23980.15,23998.3,19.95,28.7,10.3728,13.1,46.75,0.6951,69.5%,27.2862,0.11%,0.298,0.702,Bullish,Moderate Contraction,35.7,True,Downtrend,Below SMA20,24024.7,23961.7,36.6,26.4,N/A,2,Upside Breakout,8.05,37.35,37.35
7789,09-05-2025 14:35,23982.4,23987.65,23974.2,23981.6,13.45,29.19,7.6514,19.4,40.8,0.4608,46.1%,26.2258,0.11%,0.059,0.941,Bearish,Moderate Contraction,44.0,False,Uptrend,Below SMA20,24032.75,23960.95,20.65,51.15,N/A,10,Upside Breakout,14.15,44.1,65.3
7796,09-05-2025 15:10,23999.6,24003.95,23993.2,24000.55,10.75,23.27,8.5028,13.45,40.8,0.462,46.2%,21.8302,0.09%,0.088,0.912,Bullish,Moderate Contraction,41.0,False,Uptrend,Above SMA20,24025.7,23960.95,39.6,25.15,N/A,3,Upside Breakout,21.2,589.8,633.05
7802,12-05-2025 09:25,24578.65,24597.15,24572.05,24595.2,25.1,38.8,51.5322,10.75,184.55,0.6469,64.7%,74.1022,0.3%,0.659,0.341,Bullish,Mild Contraction,14.1,False,Uptrend,Above SMA20,24590.35,23988.45,606.75,-4.85,N/A,1,Upside Breakout,30.25,81.85,142.6
7806,12-05-2025 09:45,24592.85,24614.5,24592.4,24611.65,22.1,42.54,50.4842,10.75,184.55,0.5195,52.0%,55.3974,0.23%,0.851,0.149,Bullish,Mild Contraction,25.2,False,Uptrend,Above SMA20,24633.6,23993.2,618.45,21.95,N/A,1,Upside Breakout,43.45,126.15,126.15
7810,12-05-2025 10:05,24698.45,24701.05,24681.1,24682.0,19.95,53.5,48.5134,22.1,184.55,0.3729,37.3%,50.9462,0.21%,0.825,0.175,Bearish,Moderate Contraction,42.1,False,Uptrend,Above SMA20,24737.8,24378.85,303.15,55.8,N/A,16,Upside Breakout,7.95,41.55,41.55
7816,12-05-2025 10:35,24687.15,24700.2,24679.0,24683.1,21.2,34.06,17.5356,19.95,67.3,0.6224,62.2%,35.8406,0.15%,0.191,0.809,Bearish,Moderate Contraction,46.3,True,Uptrend,Above SMA20,24737.8,24592.4,90.7,54.7,N/A,10,Upside Breakout,7.95,17.45,62.65
7819,12-05-2025 10:50,24687.15,24691.85,24677.75,24688.75,14.1,26.08,5.6118,19.95,39.95,0.5406,54.1%,30.8431,0.12%,0.113,0.887,Bullish,Moderate Contraction,39.8,False,Downtrend,Above SMA20,24731.4,24668.4,20.35,42.65,N/A,7,Upside Breakout,14.35,26.1,57.0
7823,12-05-2025 11:10,24709.65,24714.85,24701.9,24702.85,12.95,23.515,5.1253,14.1,27.35,0.5507,55.1%,26.0501,0.11%,0.525,0.475,Bearish,Moderate Contraction,38.8,False,Downtrend,Above SMA20,24723.55,24669.1,33.75,20.7,N/A,2,Upside Breakout,2.2,42.9,42.9
7827,12-05-2025 11:30,24733.3,24744.6,24732.05,24736.1,12.55,20.675,6.4997,11.35,27.3,0.607,60.7%,22.6252,0.09%,0.223,0.777,Bullish,Mild Contraction,29.0,False,Uptrend,Above SMA20,24745.75,24669.1,67.0,9.65,N/A,12,Upside Breakout,42.1,22.9,33.45
7831,12-05-2025 11:50,24726.75,24727.55,24716.35,24725.25,11.2,18.09,5.8024,11.35,27.3,0.6191,61.9%,19.5722,0.08%,0.134,0.866,Bearish,Moderate Contraction,30.6,False,Uptrend,Above SMA20,24745.75,24679.3,45.95,20.5,N/A,8,Upside Breakout,42.1,13.9,81.05
7834,12-05-2025 12:05,24717.25,24728.45,24717.05,24717.5,11.4,16.41,5.1996,11.2,25.45,0.6947,69.5%,17.1554,0.07%,0.022,0.978,Bullish,Mild Contraction,24.4,False,Uptrend,Above SMA20,24745.75,24698.55,18.95,28.25,N/A,4,Downside Breakdown,8.2,70.35,88.8
7843,12-05-2025 12:50,24775.55,24783.65,24772.35,24776.6,11.3,23.71,22.5819,10.45,85.5,0.4766,47.7%,22.8051,0.09%,0.093,0.907,Bullish,Moderate Contraction,34.2,False,Uptrend,Above SMA20,24806.3,24690.35,86.25,29.7,N/A,2,Upside Breakout,0.75,30.45,73.8
7846,12-05-2025 13:05,24782.15,24798.4,24779.95,24796.25,18.45,26.745,21.695,10.45,85.5,0.6898,69.0%,23.1058,0.09%,0.764,0.236,Bullish,Mild Contraction,12.7,False,Uptrend,Above SMA20,24807.05,24690.35,105.9,10.8,N/A,3,Upside Breakout,13.4,44.75,57.5
7852,12-05-2025 13:35,24836.65,24839.6,24827.3,24837.25,12.3,19.125,5.7399,11.3,28.15,0.6431,64.3%,19.77,0.08%,0.049,0.951,Bullish,Mild Contraction,26.6,False,Uptrend,Above SMA20,24841.0,24772.35,64.9,3.75,N/A,1,Upside Breakout,9.4,16.5,65.65
7857,12-05-2025 14:00,24844.8,24848.6,24840.95,24843.0,7.65,15.93,4.0962,12.15,22.8,0.4802,48.0%,16.0638,0.06%,0.235,0.765,Bearish,Moderate Contraction,42.7,False,Uptrend,Above SMA20,24853.75,24784.45,58.55,10.75,N/A,2,Upside Breakout,13.2,59.9,64.2
7862,12-05-2025 14:25,24892.5,24900.35,24889.15,24898.0,11.2,16.745,9.2141,7.65,36.65,0.6689,66.9%,18.0034,0.07%,0.491,0.509,Bullish,Mild Contraction,17.0,False,Uptrend,Above SMA20,24902.9,24827.3,70.7,4.9,N/A,1,Upside Breakout,4.3,43.25,46.8
7870,12-05-2025 15:05,24909.2,24912.5,24898.35,24905.7,14.15,24.765,8.3668,11.2,36.65,0.5714,57.1%,22.1025,0.09%,0.247,0.753,Bearish,Mild Contraction,29.3,False,Uptrend,Above SMA20,24930.4,24854.75,50.95,24.7,N/A,2,Upside Breakout,14.4,68.95,230.1
7873,12-05-2025 15:20,24941.45,24943.65,24928.65,24934.0,15.0,25.02,9.1224,9.9,40.05,0.5995,60.0%,22.0074,0.09%,0.497,0.503,Bearish,Mild Contraction,24.5,False,Uptrend,Above SMA20,24944.8,24854.75,79.25,10.8,N/A,2,Upside Breakout,29.0,258.4,258.4
7883,13-05-2025 09:55,24737.45,24756.1,24711.25,24711.95,44.85,77.44,37.8718,15.0,137.05,0.5792,57.9%,64.7977,0.26%,0.569,0.431,Bearish,Mild Contraction,21.6,False,Downtrend,Below SMA20,24973.8,24675.6,36.35,261.85,N/A,6,Downside Breakdown,17.4,85.65,85.65
7886,13-05-2025 10:10,24783.05,24789.45,24742.95,24770.85,46.5,79.27,19.5217,44.85,102.65,0.5866,58.7%,64.0383,0.26%,0.262,0.738,Bearish,Moderate Contraction,33.9,False,Downtrend,Below SMA20,24876.9,24675.6,95.25,106.05,N/A,3,Downside Breakdown,17.4,135.95,135.95
7891,13-05-2025 10:35,24664.65,24697.0,24658.55,24695.25,38.45,62.05,22.0439,34.6,99.85,0.6197,62.0%,59.0025,0.24%,0.796,0.204,Bullish,Mild Contraction,27.1,False,Uptrend,Below SMA20,24797.6,24634.9,60.35,102.35,N/A,5,Upside Breakout,40.2,142.55,142.55
7905,13-05-2025 11:45,24739.45,24764.05,24723.55,24734.05,40.5,58.87,14.8848,48.25,95.75,0.688,68.8%,53.3262,0.22%,0.133,0.867,Bearish,Mild Contraction,26.9,False,Downtrend,Below SMA20,24837.8,24700.35,33.7,103.75,N/A,3,Downside Breakdown,6.45,40.15,89.6
7912,13-05-2025 12:20,24737.95,24744.1,24715.05,24717.45,29.05,41.72,7.9431,29.2,51.75,0.6963,69.6%,42.7069,0.17%,0.706,0.294,Bearish,Mild Contraction,28.2,False,Downtrend,Below SMA20,24817.9,24693.9,23.55,100.45,N/A,2,Downside Breakdown,33.85,77.3,119.85
7917,13-05-2025 12:45,24644.5,24665.25,24640.15,24657.6,25.1,39.42,11.7629,29.05,66.3,0.6367,63.7%,39.5924,0.16%,0.522,0.478,Bullish,Moderate Contraction,49.7,True,Downtrend,Below SMA20,24772.0,24640.2,17.4,114.4,N/A,1,Downside Breakdown,26.05,60.0,69.25
7922,13-05-2025 13:10,24622.7,24636.0,24610.25,24630.8,25.75,38.085,11.7467,25.1,66.3,0.6761,67.6%,37.9245,0.15%,0.315,0.685,Bullish,Mild Contraction,25.6,False,Downtrend,Below SMA20,24744.1,24597.6,33.2,113.3,N/A,1,Downside Breakdown,4.85,42.45,54.8
7926,13-05-2025 13:30,24591.8,24610.3,24589.5,24596.0,20.8,34.235,8.1312,23.25,45.4,0.6076,60.8%,33.932,0.14%,0.202,0.798,Bullish,Moderate Contraction,33.5,False,Downtrend,Below SMA20,24671.15,24589.6,6.4,75.15,N/A,1,Downside Breakdown,1.25,21.85,35.3
7929,13-05-2025 13:45,24613.45,24617.85,24599.65,24608.95,18.2,30.705,8.8689,20.6,44.25,0.5927,59.3%,29.3742,0.12%,0.247,0.753,Bearish,Moderate Contraction,33.2,False,Uptrend,Below SMA20,24648.9,24588.35,20.6,39.95,N/A,2,Downside Breakdown,5.95,32.95,48.25
7933,13-05-2025 14:05,24597.0,24609.4,24592.4,24606.4,17.0,25.77,7.397,18.2,44.25,0.6597,66.0%,26.4087,0.11%,0.553,0.447,Bullish,Mild Contraction,28.2,False,Uptrend,Below SMA20,24637.0,24576.0,30.4,30.6,N/A,2,Downside Breakdown,15.3,45.7,45.7
7942,13-05-2025 14:50,24613.1,24628.85,24611.35,24615.1,17.5,26.59,7.0896,17.0,37.0,0.6581,65.8%,26.2387,0.11%,0.114,0.886,Bullish,Mild Contraction,27.8,False,Uptrend,Above SMA20,24636.85,24560.7,54.4,21.75,N/A,4,Downside Breakdown,1.55,57.4,122.45
7945,13-05-2025 15:05,24576.15,24586.2,24569.0,24581.6,17.2,30.38,9.5824,17.5,46.95,0.5662,56.6%,28.6197,0.12%,0.317,0.683,Bullish,Moderate Contraction,34.5,False,Uptrend,Below SMA20,24636.85,24560.7,20.9,55.25,N/A,1,Downside Breakdown,1.55,93.4,163.9
7956,14-05-2025 09:45,24742.85,24751.45,24736.75,24738.6,14.7,45.99,19.9932,23.2,93.25,0.3196,32.0%,39.98,0.16%,0.289,0.711,Bearish,Moderate Contraction,49.6,False,Uptrend,Above SMA20,24745.5,24547.5,191.1,6.9,N/A,5,Upside Breakout,13.05,47.8,47.8
7959,14-05-2025 10:00,24727.2,24734.8,24718.75,24726.05,16.05,46.275,20.8313,14.7,93.25,0.3468,34.7%,36.7775,0.15%,0.072,0.928,Bearish,Moderate Contraction,46.6,False,Uptrend,Above SMA20,24751.45,24560.8,165.25,25.4,N/A,2,Upside Breakout,7.1,41.5,41.5
7962,14-05-2025 10:15,24757.4,24763.65,24746.95,24760.75,16.7,34.96,16.0587,14.7,58.15,0.4777,47.8%,31.0192,0.13%,0.201,0.799,Bullish,Moderate Contraction,36.4,False,Uptrend,Above SMA20,24758.55,24657.6,103.15,-2.2,N/A,1,Upside Breakout,8.75,49.5,77.3
7973,14-05-2025 11:10,24702.35,24707.85,24698.0,24700.95,9.85,20.665,6.1377,11.0,29.55,0.4767,47.7%,21.2605,0.09%,0.142,0.858,Bearish,Strong Contraction,61.6,True,Downtrend,Below SMA20,24767.55,24683.45,17.5,66.6,N/A,6,Downside Breakdown,2.35,23.95,67.9
7981,14-05-2025 11:50,24640.8,24653.9,24639.95,24641.05,13.95,20.595,12.3916,9.85,53.5,0.6773,67.7%,22.8431,0.09%,0.018,0.982,Bullish,Mild Contraction,16.3,False,Downtrend,Below SMA20,24724.9,24633.05,8.0,83.85,N/A,9,Downside Breakdown,23.7,38.5,38.6
7984,14-05-2025 12:05,24665.55,24668.6,24657.5,24661.15,11.1,21.07,12.185,12.85,53.5,0.5268,52.7%,20.079,0.08%,0.396,0.604,Bearish,Moderate Contraction,34.0,False,Downtrend,Below SMA20,24724.9,24633.05,28.1,63.75,N/A,6,Downside Breakdown,23.7,18.5,125.6
7987,14-05-2025 12:20,24675.05,24679.65,24668.5,24669.45,11.15,19.905,12.9043,9.9,53.5,0.5602,56.0%,17.5992,0.07%,0.502,0.498,Bearish,Mild Contraction,28.9,False,Downtrend,Below SMA20,24721.8,24633.05,36.4,52.35,N/A,3,Downside Breakdown,23.7,66.8,133.9
7996,14-05-2025 13:05,24619.45,24634.4,24617.95,24632.95,16.45,29.99,20.2903,9.9,65.9,0.5485,54.9%,30.02,0.12%,0.821,0.179,Bullish,Mild Contraction,25.5,False,Downtrend,Below SMA20,24679.65,24535.55,97.4,46.7,N/A,,,,28.6,28.6
7999,14-05-2025 13:20,24621.6,24635.05,24616.8,24635.05,18.25,33.485,18.4395,10.9,65.9,0.545,54.5%,27.8058,0.11%,0.737,0.263,Bullish,Mild Contraction,26.5,False,Downtrend,Below SMA20,24664.75,24535.55,99.5,29.7,N/A,16,Upside Breakout,0.9,25.9,38.3
8002,14-05-2025 13:35,24644.65,24648.0,24631.5,24634.9,16.5,30.5,18.584,7.3,65.9,0.541,54.1%,23.8531,0.1%,0.591,0.409,Bearish,Mild Contraction,24.9,False,Uptrend,Below SMA20,24660.95,24535.55,99.35,26.05,N/A,13,Upside Breakout,4.7,38.15,38.15
8005,14-05-2025 13:50,24622.95,24631.5,24620.45,24629.95,11.05,23.615,13.8362,7.3,54.8,0.4679,46.8%,21.6866,0.09%,0.633,0.367,Bullish,Moderate Contraction,33.2,False,Uptrend,Below SMA20,24660.95,24578.9,51.05,31.0,N/A,8,Downside Breakdown,1.2,33.2,52.25
8016,14-05-2025 14:45,24624.95,24636.55,24618.4,24633.55,18.15,26.265,20.6409,13.05,80.65,0.691,69.1%,27.7144,0.11%,0.474,0.526,Bullish,Mild Contraction,14.8,False,Uptrend,Above SMA20,24665.65,24577.7,55.85,32.1,N/A,3,Upside Breakout,1.4,41.65,73.2
8020,14-05-2025 15:05,24659.8,24673.4,24658.6,24673.4,14.8,26.705,21.2271,12.6,80.65,0.5542,55.4%,24.0682,0.1%,0.919,0.081,Bullish,Mild Contraction,28.0,False,Uptrend,Above SMA20,24667.05,24577.7,95.7,-6.35,N/A,1,Upside Breakout,8.15,68.2,135.2
8039,15-05-2025 10:25,24568.65,24575.5,24551.45,24564.95,24.05,42.285,9.6224,33.3,62.35,0.5688,56.9%,37.4986,0.15%,0.154,0.846,Bearish,Strong Contraction,57.0,True,Uptrend,Below SMA20,24594.65,24494.45,70.5,29.7,N/A,1,Upside Breakout,32.6,242.8,242.8
8051,15-05-2025 11:25,24615.5,24658.0,24614.45,24643.8,43.55,74.92,24.1079,43.0,127.7,0.5813,58.1%,61.9423,0.25%,0.65,0.35,Bullish,Strong Contraction,52.9,True,Downtrend,Above SMA20,24807.75,24600.6,43.2,163.95,N/A,20,Upside Breakout,49.15,42.65,96.25
8054,15-05-2025 11:40,24623.4,24647.3,24613.8,24635.85,33.5,59.535,21.4571,35.1,94.55,0.5627,56.3%,52.4401,0.21%,0.372,0.628,Bullish,Strong Contraction,53.9,True,Downtrend,Below SMA20,24790.15,24600.6,35.25,154.3,N/A,17,Upside Breakout,66.75,72.05,104.2
8057,15-05-2025 11:55,24629.8,24651.7,24628.9,24628.9,22.8,47.59,23.0004,17.1,94.55,0.4791,47.9%,42.3807,0.17%,0.039,0.961,Bearish,Moderate Contraction,34.3,False,Downtrend,Below SMA20,24718.7,24600.6,28.3,89.8,N/A,4,Upside Breakout,21.35,111.15,111.15
8064,15-05-2025 12:30,24635.95,24652.95,24626.3,24649.8,26.65,41.375,21.1103,17.1,78.0,0.6441,64.4%,44.937,0.18%,0.52,0.48,Bullish,Moderate Contraction,38.8,True,Uptrend,Below SMA20,24740.05,24613.8,36.0,90.25,N/A,6,Upside Breakout,12.25,50.0,268.0
8067,15-05-2025 12:45,24643.3,24655.65,24636.15,24648.15,19.5,46.84,20.0839,22.8,78.0,0.4163,41.6%,43.716,0.18%,0.249,0.751,Bullish,Moderate Contraction,43.0,False,Uptrend,Above SMA20,24740.05,24616.45,31.7,91.9,N/A,3,Upside Breakout,12.25,240.75,345.9
8078,15-05-2025 13:40,24984.15,25003.05,24977.8,24986.25,25.25,60.155,28.7165,16.85,123.3,0.4197,42.0%,52.2316,0.21%,0.083,0.917,Bullish,Moderate Contraction,38.2,False,Uptrend,Above SMA20,24994.05,24639.2,347.05,7.8,N/A,1,Upside Breakout,71.55,103.55,130.0
8081,15-05-2025 13:55,25065.9,25089.8,25057.45,25076.65,32.35,61.175,28.5701,25.25,123.3,0.5288,52.9%,50.3747,0.2%,0.332,0.668,Bullish,Moderate Contraction,30.9,False,Uptrend,Above SMA20,25076.35,24733.6,343.05,-0.3,N/A,1,Upside Breakout,3.6,39.6,39.6
8086,15-05-2025 14:20,25095.75,25106.0,25078.05,25086.95,27.95,44.175,18.8342,20.9,78.35,0.6327,63.3%,42.1439,0.17%,0.315,0.685,Bearish,Mild Contraction,22.1,False,Uptrend,Above SMA20,25109.35,24905.25,181.7,22.4,N/A,1,Upside Breakout,6.9,42.6,46.95
8091,15-05-2025 14:45,25089.15,25089.15,25063.65,25070.1,25.5,37.545,11.5419,20.9,63.8,0.6792,67.9%,39.8814,0.16%,0.747,0.253,Bearish,Moderate Contraction,40.9,True,Downtrend,Above SMA20,25116.25,25037.05,33.05,46.15,N/A,8,Downside Breakdown,1.75,30.1,86.1
8095,15-05-2025 15:05,25079.9,25085.6,25073.55,25081.05,12.05,33.925,12.7941,14.65,63.8,0.3552,35.5%,32.1342,0.13%,0.095,0.905,Bullish,Moderate Contraction,48.3,False,Downtrend,Above SMA20,25116.25,25040.0,41.05,35.2,N/A,4,Downside Breakdown,4.7,86.55,97.9
8098,15-05-2025 15:20,25050.45,25063.45,25050.35,25058.3,13.1,29.6,14.9767,12.05,63.8,0.4426,44.3%,27.3693,0.11%,0.599,0.401,Bullish,Moderate Contraction,39.0,False,Uptrend,Below SMA20,25108.15,25040.0,18.3,49.85,N/A,1,Downside Breakdown,4.7,74.3,82.5
8106,16-05-2025 09:45,25017.25,25030.7,25008.0,25013.5,22.7,38.11,19.3985,13.1,70.75,0.5956,59.6%,37.3237,0.15%,0.165,0.835,Bearish,Mild Contraction,22.3,False,Downtrend,Below SMA20,25081.75,24983.15,30.35,68.25,N/A,1,Downside Breakdown,7.35,37.7,37.7
8110,16-05-2025 10:05,25021.85,25023.45,25006.1,25007.05,17.35,42.61,15.8056,22.7,70.75,0.4072,40.7%,34.108,0.14%,0.853,0.147,Bearish,Moderate Contraction,44.7,False,Uptrend,Below SMA20,25070.0,24975.8,31.25,62.95,N/A,12,Downside Breakdown,22.75,33.8,33.8
8115,16-05-2025 10:30,25006.9,25013.15,24998.6,25000.3,14.55,32.195,13.5903,15.7,55.65,0.4519,45.2%,30.2641,0.12%,0.454,0.546,Bearish,Moderate Contraction,40.7,False,Downtrend,Below SMA20,25040.85,24975.8,24.5,40.55,N/A,7,Downside Breakdown,22.75,16.6,47.25
8118,16-05-2025 10:45,24996.75,25003.8,24991.8,24996.35,12.0,26.29,11.2376,14.55,50.5,0.4564,45.6%,26.0575,0.1%,0.033,0.967,Bearish,Moderate Contraction,40.3,False,Uptrend,Below SMA20,25040.85,24977.8,18.55,44.5,N/A,4,Downside Breakdown,24.75,43.3,43.3
8125,16-05-2025 11:20,24984.7,24985.3,24972.6,24978.4,12.7,18.78,7.8582,8.25,36.15,0.6763,67.6%,21.3733,0.09%,0.496,0.504,Bearish,Moderate Contraction,36.8,True,Downtrend,Below SMA20,25014.3,24953.05,25.35,35.9,N/A,17,Upside Breakout,4.2,19.7,19.7
8128,16-05-2025 11:35,24994.2,24997.9,24985.7,24986.6,12.2,19.58,9.3188,8.25,36.15,0.6231,62.3%,21.4964,0.09%,0.623,0.377,Bearish,Mild Contraction,21.4,False,Downtrend,Below SMA20,25004.6,24953.05,33.55,18.0,N/A,14,Upside Breakout,13.9,15.2,17.8
8131,16-05-2025 11:50,24986.0,24988.5,24975.65,24975.95,12.85,19.81,9.0104,11.3,36.15,0.6487,64.9%,18.2693,0.07%,0.782,0.218,Bearish,Mild Contraction,23.2,False,Downtrend,Below SMA20,25001.45,24953.05,22.9,25.5,N/A,8,Upside Breakout,2.65,15.6,28.65
8134,16-05-2025 12:05,24989.25,24990.65,24982.2,24983.65,8.45,16.035,7.2003,9.7,34.3,0.527,52.7%,16.1574,0.06%,0.663,0.337,Bearish,Moderate Contraction,35.2,False,Downtrend,Below SMA20,24997.9,24958.7,24.95,14.25,N/A,5,Upside Breakout,6.2,20.45,34.85
8137,16-05-2025 12:20,24979.0,24983.2,24974.7,24977.6,8.5,14.4,7.5241,8.45,34.3,0.5903,59.0%,14.2528,0.06%,0.165,0.835,Bearish,Moderate Contraction,30.0,False,Downtrend,Below SMA20,24997.9,24960.25,17.35,20.3,N/A,2,Upside Breakout,6.2,40.9,40.9
8149,16-05-2025 13:20,25010.95,25015.4,25005.5,25008.5,9.9,14.365,3.8144,10.0,21.85,0.6892,68.9%,13.2633,0.05%,0.247,0.753,Bearish,Mild Contraction,26.5,False,Uptrend,Above SMA20,25018.5,24982.25,26.25,10.0,N/A,1,Upside Breakout,16.3,26.3,26.3
8152,16-05-2025 13:35,25021.1,25025.6,25015.35,25016.75,10.25,14.92,5.1745,9.9,27.35,0.687,68.7%,14.2707,0.06%,0.424,0.576,Bearish,Mild Contraction,23.9,False,Uptrend,Above SMA20,25034.8,24986.85,29.9,18.05,N/A,,,,22.3,22.3
8156,16-05-2025 13:55,25017.05,25020.3,25010.6,25014.2,9.7,14.825,5.4493,9.9,27.35,0.6543,65.4%,14.2879,0.06%,0.294,0.706,Bearish,Moderate Contraction,47.3,True,Uptrend,Above SMA20,25034.8,24994.45,19.75,20.6,N/A,7,Downside Breakdown,2.1,18.75,21.85
8165,16-05-2025 14:40,25015.7,25019.8,25011.85,25014.95,7.95,15.255,4.8899,9.7,25.35,0.5211,52.1%,14.946,0.06%,0.094,0.906,Bearish,Moderate Contraction,37.7,False,Downtrend,Above SMA20,25032.95,24992.35,22.6,18.0,N/A,6,Upside Breakout,1.55,17.95,49.15
8173,16-05-2025 15:20,25017.5,25018.3,25010.8,25015.95,7.5,12.36,3.9961,7.95,21.9,0.6068,60.7%,12.1686,0.05%,0.207,0.793,Bearish,Strong Contraction,51.4,True,Uptrend,Above SMA20,25034.5,24992.35,23.6,18.55,N/A,2,Upside Breakout,24.2,50.15,50.15
8182,19-05-2025 09:50,25018.65,25029.3,25006.65,25014.8,22.65,37.145,24.9114,7.5,92.9,0.6098,61.0%,31.6246,0.13%,0.17,0.83,Bearish,Moderate Contraction,37.8,True,Downtrend,Below SMA20,25058.7,24965.8,49.0,43.9,N/A,5,Upside Breakout,4.25,48.15,48.15
8185,19-05-2025 10:05,25032.6,25043.95,25026.45,25042.75,17.5,41.405,20.7346,20.3,92.9,0.4227,42.3%,28.8355,0.12%,0.58,0.42,Bullish,Moderate Contraction,41.6,False,Uptrend,Above SMA20,25058.7,24965.8,76.95,15.95,N/A,2,Upside Breakout,4.25,27.35,43.3
8188,19-05-2025 10:20,25040.4,25055.75,25038.85,25052.6,16.9,29.66,12.4637,15.0,50.55,0.5698,57.0%,25.3344,0.1%,0.722,0.278,Bullish,Moderate Contraction,30.0,False,Uptrend,Above SMA20,25062.95,24978.0,74.6,10.35,N/A,,,,53.15,53.15
8191,19-05-2025 10:35,25024.1,25026.75,25011.1,25011.7,15.65,23.82,8.4252,15.0,42.5,0.657,65.7%,25.1747,0.1%,0.792,0.208,Bearish,Mild Contraction,25.8,False,Downtrend,Below SMA20,25062.95,24994.55,17.15,51.25,N/A,17,Downside Breakdown,14.9,31.05,34.15
8195,19-05-2025 10:55,25035.95,25040.6,25032.05,25034.8,8.55,21.38,9.1695,13.3,42.5,0.3999,40.0%,21.7859,0.09%,0.135,0.865,Bearish,Moderate Contraction,44.1,False,Downtrend,Above SMA20,25062.95,24999.45,35.35,28.15,N/A,10,Downside Breakdown,0.05,12.5,35.4
8201,19-05-2025 11:25,25025.2,25029.0,25023.0,25026.05,6.0,16.96,6.2651,8.55,31.65,0.3538,35.4%,17.4837,0.07%,0.142,0.858,Bullish,Moderate Contraction,48.5,False,Uptrend,Below SMA20,25045.85,24999.45,26.6,19.8,N/A,4,Downside Breakdown,0.05,27.1,53.8
8204,19-05-2025 11:40,25013.0,25017.25,25006.95,25008.8,10.3,16.305,7.3845,6.0,31.65,0.6317,63.2%,16.264,0.07%,0.408,0.592,Bearish,Mild Contraction,19.6,False,Downtrend,Below SMA20,25045.85,25008.25,0.55,37.05,N/A,1,Downside Breakdown,8.85,29.15,36.55
8214,19-05-2025 12:30,25009.85,25014.45,25005.65,25009.35,8.8,17.77,6.1538,10.3,26.6,0.4952,49.5%,16.3434,0.07%,0.057,0.943,Bearish,Strong Contraction,59.0,True,Uptrend,Below SMA20,25025.1,24972.25,37.1,15.75,N/A,15,Downside Breakdown,0.25,11.5,34.65
8219,19-05-2025 12:55,25013.75,25016.55,25010.0,25012.1,6.55,13.805,5.15,7.75,26.6,0.4745,47.4%,13.3892,0.05%,0.252,0.748,Bearish,Moderate Contraction,39.9,False,Uptrend,Above SMA20,25018.6,24972.25,39.85,6.5,N/A,10,Downside Breakdown,0.25,37.4,40.1
8239,19-05-2025 14:35,24945.2,24948.2,24938.65,24942.5,9.55,18.785,6.774,12.15,34.1,0.5084,50.8%,16.7522,0.07%,0.283,0.717,Bearish,Moderate Contraction,37.8,False,Downtrend,Below SMA20,24985.45,24919.3,23.2,42.95,N/A,2,Downside Breakdown,2.65,25.85,25.85
8243,19-05-2025 14:55,24923.2,24931.7,24921.4,24926.45,10.3,17.895,5.5491,9.55,26.15,0.5756,57.6%,16.5272,0.07%,0.316,0.684,Bullish,Moderate Contraction,32.2,False,Downtrend,Below SMA20,24960.55,24916.65,9.8,34.1,N/A,7,Upside Breakout,49.8,32.05,83.9
8246,19-05-2025 15:10,24945.65,24949.5,24942.5,24945.65,7.0,17.42,7.2399,9.55,32.3,0.4018,40.2%,17.2262,0.07%,0.0,1.0,Bullish,Moderate Contraction,44.2,False,Downtrend,Below SMA20,24960.55,24916.65,29.0,14.9,N/A,4,Upside Breakout,49.8,64.7,64.7
8259,20-05-2025 10:00,24893.65,24895.45,24874.3,24892.5,21.15,36.67,8.0944,24.2,49.05,0.5768,57.7%,30.9757,0.12%,0.054,0.946,Bearish,Moderate Contraction,36.6,False,Downtrend,Below SMA20,25010.35,24863.4,29.1,117.85,N/A,,,,17.35,74.75
8263,20-05-2025 10:20,24892.8,24896.8,24889.6,24890.9,7.2,29.615,9.7844,13.6,43.05,0.2431,24.3%,24.586,0.1%,0.264,0.736,Bearish,Strong Contraction,57.6,False,Downtrend,Below SMA20,24961.7,24863.4,27.5,70.8,N/A,5,Upside Breakout,5.55,76.35,76.35
8267,20-05-2025 10:40,24928.85,24935.15,24922.9,24927.0,12.25,23.05,11.3365,7.2,42.65,0.5315,53.1%,22.6981,0.09%,0.151,0.849,Bearish,Mild Contraction,28.0,False,Uptrend,Above SMA20,24932.0,24863.4,63.6,5.0,N/A,1,Upside Breakout,35.25,40.25,50.3
8272,20-05-2025 11:05,24930.95,24935.9,24925.15,24926.35,10.75,21.73,11.0689,7.2,40.6,0.4947,49.5%,22.2151,0.09%,0.428,0.572,Bearish,Moderate Contraction,31.8,False,Uptrend,Above SMA20,24967.25,24879.0,47.35,40.9,N/A,5,Downside Breakdown,2.3,49.65,81.8
8275,20-05-2025 11:20,24900.9,24902.4,24888.6,24892.55,13.8,22.7,10.5531,10.75,40.6,0.6079,60.8%,21.5016,0.09%,0.605,0.395,Bearish,Mild Contraction,24.4,False,Downtrend,Below SMA20,24967.25,24887.4,5.15,74.7,N/A,2,Downside Breakdown,10.7,28.8,48.0
8286,20-05-2025 12:15,24862.0,24867.75,24855.2,24860.1,12.55,21.295,6.7579,15.65,35.8,0.5893,58.9%,20.9575,0.08%,0.151,0.849,Bearish,Moderate Contraction,32.8,False,Downtrend,Below SMA20,24905.35,24844.55,15.55,45.25,N/A,6,Downside Breakdown,19.5,16.1,79.45
8290,20-05-2025 12:35,24866.4,24870.95,24861.7,24864.4,9.25,19.625,7.9313,11.8,35.8,0.4713,47.1%,17.5038,0.07%,0.216,0.784,Bearish,Moderate Contraction,39.6,False,Downtrend,Below SMA20,24887.9,24844.55,19.85,23.5,N/A,2,Downside Breakdown,19.5,83.75,99.0
8300,20-05-2025 13:25,24776.25,24789.4,24772.6,24781.0,16.8,25.76,9.4738,9.25,40.0,0.6522,65.2%,22.9519,0.09%,0.283,0.717,Bullish,Mild Contraction,18.3,False,Downtrend,Below SMA20,24870.95,24765.4,15.6,89.95,N/A,3,Downside Breakdown,14.75,30.35,54.25
8305,20-05-2025 13:50,24776.05,24784.55,24771.9,24775.45,12.65,22.335,5.035,15.1,29.15,0.5664,56.6%,21.7124,0.09%,0.047,0.953,Bearish,Moderate Contraction,37.3,False,Downtrend,Below SMA20,24814.65,24750.65,24.8,39.2,N/A,2,Downside Breakdown,4.85,48.7,98.85
8313,20-05-2025 14:30,24704.0,24708.55,24696.8,24707.95,11.75,19.835,6.3121,11.05,29.15,0.5924,59.2%,18.6558,0.08%,0.336,0.664,Bullish,Moderate Contraction,31.0,False,Downtrend,Below SMA20,24784.55,24700.9,7.05,76.6,N/A,1,Downside Breakdown,1.0,32.0,38.25
8323,20-05-2025 15:20,24676.6,24688.9,24675.9,24683.15,13.0,19.33,6.2362,11.05,30.5,0.6725,67.3%,18.7512,0.08%,0.504,0.496,Bullish,Mild Contraction,21.9,False,Downtrend,Below SMA20,24710.95,24669.7,13.45,27.8,N/A,1,Upside Breakout,2.9,92.95,161.15
8330,21-05-2025 09:40,24807.95,24817.05,24791.65,24796.65,25.4,36.675,18.5188,13.0,65.85,0.6926,69.3%,34.9768,0.14%,0.445,0.555,Bearish,Mild Contraction,13.0,False,Uptrend,Above SMA20,24808.75,24669.7,126.95,12.1,N/A,1,Upside Breakout,31.0,65.2,117.55
8336,21-05-2025 10:10,24860.05,24870.2,24852.25,24869.2,17.95,39.58,10.6729,25.4,53.6,0.4535,45.4%,32.2584,0.13%,0.51,0.49,Bullish,Moderate Contraction,44.2,False,Uptrend,Above SMA20,24861.85,24692.65,176.55,-7.35,N/A,1,Upside Breakout,43.75,77.0,77.0
8340,21-05-2025 10:30,24893.6,24905.05,24892.85,24904.25,12.2,30.03,8.4059,17.95,45.45,0.4063,40.6%,28.3878,0.11%,0.873,0.127,Bullish,Moderate Contraction,47.4,False,Uptrend,Above SMA20,24914.2,24791.65,112.6,9.95,N/A,1,Upside Breakout,32.0,41.95,46.2
8343,21-05-2025 10:45,24916.2,24923.4,24905.95,24923.15,17.45,28.77,9.4336,12.2,41.9,0.6065,60.7%,28.4566,0.11%,0.398,0.602,Bullish,Mild Contraction,25.0,False,Uptrend,Above SMA20,24946.2,24807.25,115.9,23.05,N/A,15,Downside Breakdown,26.8,65.1,89.55
8349,21-05-2025 11:15,24896.3,24912.55,24893.8,24909.4,18.75,28.48,11.5501,12.2,45.35,0.6584,65.8%,28.3799,0.11%,0.699,0.301,Bullish,Mild Contraction,18.5,False,Uptrend,Above SMA20,24946.2,24858.05,51.35,36.8,N/A,3,Downside Breakdown,12.25,75.8,132.05
8356,21-05-2025 11:50,24823.6,24834.3,24812.4,24826.85,21.9,31.96,10.1417,18.75,45.4,0.6852,68.5%,29.0987,0.12%,0.148,0.852,Bullish,Mild Contraction,21.0,False,Downtrend,Below SMA20,24921.45,24819.0,7.85,94.6,N/A,2,Downside Breakdown,38.55,141.5,141.5
8359,21-05-2025 12:05,24780.15,24794.4,24777.35,24778.55,17.05,28.935,12.2352,9.4,48.9,0.5893,58.9%,27.8076,0.11%,0.094,0.906,Bearish,Mild Contraction,23.4,False,Downtrend,Below SMA20,24914.4,24780.45,-1.9,135.85,N/A,1,Downside Breakdown,53.35,93.2,93.2
8366,21-05-2025 12:40,24796.1,24803.4,24776.75,24780.3,26.65,38.26,16.8896,9.4,57.25,0.6965,69.7%,36.8738,0.15%,0.593,0.407,Bearish,Mild Contraction,11.7,False,Downtrend,Below SMA20,24834.8,24685.35,94.95,54.5,N/A,8,Upside Breakout,4.55,44.0,59.05
8370,21-05-2025 13:00,24775.6,24790.05,24767.35,24789.2,22.7,42.755,9.9406,26.65,57.25,0.5309,53.1%,35.6273,0.14%,0.599,0.401,Bullish,Moderate Contraction,39.7,False,Uptrend,Below SMA20,24808.5,24685.35,103.85,19.3,N/A,3,Upside Breakout,22.55,50.15,50.15
8380,21-05-2025 13:50,24784.9,24787.6,24773.7,24784.3,13.9,30.455,8.1982,22.7,46.15,0.4564,45.6%,30.2612,0.12%,0.043,0.957,Bearish,Strong Contraction,64.0,True,Downtrend,Above SMA20,24839.35,24758.5,25.8,55.05,N/A,2,Downside Breakdown,17.7,43.5,43.5
8385,21-05-2025 14:15,24799.1,24804.05,24789.35,24793.7,14.7,30.105,10.2358,13.9,46.15,0.4883,48.8%,28.3213,0.11%,0.367,0.633,Bearish,Moderate Contraction,38.6,False,Uptrend,Above SMA20,24815.4,24740.8,52.9,21.7,N/A,1,Upside Breakout,3.95,25.9,36.15
8388,21-05-2025 14:30,24808.75,24818.95,24803.85,24808.8,15.1,24.505,8.9913,13.9,39.7,0.6162,61.6%,24.9276,0.1%,0.003,0.997,Bullish,Mild Contraction,27.8,False,Uptrend,Above SMA20,24819.35,24740.8,68.0,10.55,N/A,1,Upside Breakout,0.25,28.15,28.15
8397,21-05-2025 15:15,24809.25,24815.7,24806.5,24811.45,9.2,20.035,5.6653,14.85,32.35,0.4592,45.9%,20.5512,0.08%,0.239,0.761,Bullish,Moderate Contraction,43.3,False,Uptrend,Above SMA20,24829.85,24780.65,30.8,18.4,N/A,3,Downside Breakdown,153.6,237.45,269.85
8409,22-05-2025 10:00,24631.65,24631.7,24602.3,24609.05,29.4,52.485,26.3018,10.0,110.45,0.5602,56.0%,44.3509,0.18%,0.769,0.231,Bearish,Mild Contraction,23.2,False,Downtrend,Below SMA20,24806.5,24541.6,67.45,197.45,N/A,,,,37.9,37.9
8412,22-05-2025 10:15,24606.45,24621.0,24601.15,24609.7,19.85,41.84,12.5998,25.05,62.15,0.4744,47.4%,37.3765,0.15%,0.164,0.836,Bullish,Moderate Contraction,41.6,False,Uptrend,Below SMA20,24631.7,24541.6,68.1,22.0,N/A,,,,38.55,38.55
8415,22-05-2025 10:30,24580.75,24599.4,24576.6,24599.4,22.8,35.42,13.1019,19.85,58.3,0.6437,64.4%,34.5209,0.14%,0.818,0.182,Bullish,Mild Contraction,24.2,False,Uptrend,Below SMA20,24631.7,24556.65,42.75,32.3,N/A,13,Downside Breakdown,7.9,29.2,29.2
8418,22-05-2025 10:45,24606.8,24613.05,24594.1,24599.15,18.95,29.895,12.4593,19.65,58.3,0.6339,63.4%,30.2486,0.12%,0.404,0.596,Bearish,Mild Contraction,28.2,False,Downtrend,Below SMA20,24631.7,24571.15,28.0,32.55,N/A,10,Downside Breakdown,22.4,12.6,50.4
8422,22-05-2025 11:05,24594.5,24603.7,24588.15,24600.05,15.55,22.435,8.8238,13.35,44.5,0.6931,69.3%,24.1095,0.1%,0.357,0.643,Bullish,Mild Contraction,19.5,False,Downtrend,Above SMA20,24628.6,24571.15,28.9,28.55,N/A,6,Downside Breakdown,22.4,20.85,57.0
8427,22-05-2025 11:30,24595.65,24598.65,24587.9,24590.35,10.75,15.885,3.7472,9.75,20.75,0.6767,67.7%,18.6434,0.08%,0.493,0.507,Bearish,Mild Contraction,24.9,False,Downtrend,Below SMA20,24622.8,24579.2,11.15,32.45,N/A,1,Downside Breakdown,30.45,47.3,47.3
8435,22-05-2025 12:10,24576.75,24581.25,24569.55,24572.8,11.7,22.12,10.0424,10.75,44.6,0.5289,52.9%,20.3301,0.08%,0.338,0.662,Bearish,Moderate Contraction,33.3,False,Downtrend,Below SMA20,24607.5,24543.05,29.75,34.7,N/A,7,Downside Breakdown,20.0,23.9,63.7
8438,22-05-2025 12:25,24552.2,24563.45,24548.9,24552.7,14.55,22.505,9.687,11.7,44.6,0.6465,64.7%,19.2956,0.08%,0.034,0.966,Bullish,Mild Contraction,21.9,False,Downtrend,Below SMA20,24607.5,24543.05,9.65,54.8,N/A,4,Downside Breakdown,20.0,39.2,43.6
8441,22-05-2025 12:40,24562.9,24565.7,24553.65,24558.7,12.05,18.3,6.6142,10.25,34.3,0.6585,65.8%,17.4469,0.07%,0.349,0.651,Bearish,Mild Contraction,22.6,False,Downtrend,Below SMA20,24607.5,24548.9,9.8,48.8,N/A,1,Downside Breakdown,25.85,49.6,49.6
8445,22-05-2025 13:00,24523.7,24526.15,24516.45,24521.75,9.7,18.625,7.5205,10.25,35.95,0.5208,52.1%,18.8761,0.08%,0.201,0.799,Bearish,Strong Contraction,56.2,True,Downtrend,Below SMA20,24581.25,24509.1,12.65,59.5,N/A,15,Downside Breakdown,25.75,32.7,34.85
8450,22-05-2025 13:25,24550.7,24554.45,24542.6,24551.65,11.85,18.835,9.0255,9.7,35.95,0.6291,62.9%,18.1956,0.07%,0.08,0.92,Bullish,Mild Contraction,23.2,False,Downtrend,Below SMA20,24565.7,24509.1,42.55,14.05,N/A,10,Downside Breakdown,25.75,36.6,68.3
8454,22-05-2025 13:45,24524.65,24534.85,24523.1,24528.35,11.75,16.8,6.4621,9.7,30.25,0.6994,69.9%,17.0053,0.07%,0.315,0.685,Bullish,Mild Contraction,18.2,False,Uptrend,Below SMA20,24556.6,24509.1,19.25,28.25,N/A,6,Downside Breakdown,25.75,13.3,65.95
8469,22-05-2025 15:00,24616.3,24617.6,24594.9,24595.3,22.7,41.525,24.3636,11.8,77.8,0.5467,54.7%,38.08,0.15%,0.925,0.075,Bearish,Mild Contraction,25.3,False,Uptrend,Above SMA20,24639.85,24462.4,132.9,44.55,N/A,5,Upside Breakout,7.3,51.85,177.75
8472,22-05-2025 15:15,24606.35,24616.4,24597.5,24614.8,18.9,39.735,24.2757,17.6,77.8,0.4757,47.6%,31.9159,0.13%,0.447,0.553,Bullish,Moderate Contraction,35.9,False,Uptrend,Above SMA20,24639.85,24462.4,152.4,25.05,N/A,2,Upside Breakout,7.3,118.75,192.0
8483,23-05-2025 09:55,24805.4,24805.9,24783.8,24796.0,22.1,42.725,21.1014,24.35,95.05,0.5173,51.7%,36.9084,0.15%,0.425,0.575,Bearish,Moderate Contraction,35.3,False,Uptrend,Above SMA20,24806.8,24598.6,197.4,10.8,N/A,1,Upside Breakout,12.45,30.65,82.85
8488,23-05-2025 10:20,24792.25,24796.0,24773.75,24773.85,22.25,32.56,10.5664,16.65,55.65,0.6834,68.3%,31.1791,0.13%,0.827,0.173,Bearish,Mild Contraction,18.8,False,Uptrend,Above SMA20,24826.65,24696.1,77.75,52.8,N/A,5,Upside Breakout,52.2,105.0,135.2
8494,23-05-2025 10:50,24876.7,24895.85,24875.95,24878.25,19.9,32.495,15.0817,16.65,70.95,0.6124,61.2%,34.328,0.14%,0.078,0.922,Bullish,Mild Contraction,25.1,False,Uptrend,Above SMA20,24878.85,24748.55,129.7,0.6,N/A,1,Upside Breakout,30.2,30.8,30.8
8497,23-05-2025 11:05,24888.1,24891.0,24874.85,24884.75,16.15,31.29,15.7006,15.15,70.95,0.5161,51.6%,29.4149,0.12%,0.207,0.793,Bearish,Moderate Contraction,34.1,False,Uptrend,Above SMA20,24909.05,24748.55,136.2,24.3,N/A,,,,30.6,80.45
8500,23-05-2025 11:20,24868.25,24875.55,24857.35,24860.85,18.2,30.3,16.36,15.15,70.95,0.6007,60.1%,27.2893,0.11%,0.407,0.593,Bearish,Mild Contraction,25.3,False,Uptrend,Above SMA20,24909.05,24748.55,112.3,48.2,N/A,,,,56.55,56.55
8504,23-05-2025 11:40,24868.75,24872.5,24861.8,24868.6,10.7,23.095,6.2111,15.15,32.15,0.4633,46.3%,24.477,0.1%,0.014,0.986,Bearish,Strong Contraction,63.5,True,Downtrend,Above SMA20,24909.05,24854.15,14.45,40.45,N/A,1,Downside Breakdown,49.85,64.3,64.3
8508,23-05-2025 12:00,24836.95,24850.05,24835.7,24845.15,14.35,28.955,16.0405,10.7,68.6,0.4956,49.6%,28.3488,0.11%,0.571,0.429,Bullish,Strong Contraction,52.2,True,Downtrend,Below SMA20,24903.4,24804.3,40.85,58.25,N/A,,,,28.75,56.2
8511,23-05-2025 12:15,24834.7,24845.6,24828.85,24843.6,16.75,27.335,16.9543,10.7,68.6,0.6128,61.3%,25.115,0.1%,0.531,0.469,Bullish,Mild Contraction,20.8,False,Downtrend,Below SMA20,24903.4,24804.3,39.3,59.8,N/A,,,,57.75,58.4
8519,23-05-2025 12:55,24887.6,24892.75,24880.5,24880.9,12.25,20.555,5.3967,13.75,31.9,0.596,59.6%,20.9013,0.08%,0.547,0.453,Bearish,Moderate Contraction,33.6,False,Uptrend,Above SMA20,24901.35,24819.8,61.1,20.45,N/A,2,Upside Breakout,0.65,21.1,42.85
8524,23-05-2025 13:20,24886.9,24895.85,24885.2,24891.95,10.65,17.655,3.3393,12.25,22.25,0.6032,60.3%,17.7658,0.07%,0.474,0.526,Bullish,Moderate Contraction,36.0,False,Uptrend,Above SMA20,24902.0,24865.45,26.5,10.05,N/A,4,Downside Breakdown,23.75,53.9,53.9
8533,23-05-2025 14:05,24884.7,24887.9,24876.7,24878.35,11.2,21.965,9.2085,10.65,41.55,0.5099,51.0%,20.4935,0.08%,0.567,0.433,Bearish,Moderate Contraction,35.7,False,Downtrend,Below SMA20,24898.4,24838.05,40.3,20.05,N/A,7,Downside Breakdown,4.3,21.25,59.05
8536,23-05-2025 14:20,24869.4,24875.25,24860.1,24869.7,15.15,22.12,9.0709,11.2,41.55,0.6849,68.5%,18.9551,0.08%,0.02,0.98,Bullish,Mild Contraction,17.5,False,Downtrend,Below SMA20,24894.05,24838.05,31.65,24.35,N/A,4,Downside Breakdown,4.3,37.6,50.4
8546,23-05-2025 15:10,24850.65,24854.95,24842.8,24850.75,12.15,19.67,6.6295,9.4,30.35,0.6177,61.8%,18.8923,0.08%,0.008,0.992,Bullish,Mild Contraction,25.0,False,Downtrend,Below SMA20,24884.15,24819.3,31.45,33.4,N/A,4,Upside Breakout,130.75,189.0,228.45
8557,26-05-2025 09:50,25063.5,25073.9,25054.65,25064.45,19.25,33.67,30.6177,9.45,114.4,0.5717,57.2%,31.7141,0.13%,0.049,0.951,Bullish,Mild Contraction,21.6,False,Uptrend,Above SMA20,25079.2,24842.9,221.55,14.75,N/A,,,,50.2,153.95
8560,26-05-2025 10:05,25047.9,25056.4,25035.15,25045.55,21.25,36.415,28.6366,17.95,114.4,0.5836,58.4%,27.997,0.11%,0.111,0.889,Bearish,Mild Contraction,25.7,False,Uptrend,Above SMA20,25079.2,24900.5,145.05,33.65,N/A,,,,106.9,135.05
8569,26-05-2025 10:50,24962.55,24976.55,24960.95,24970.15,15.6,37.24,18.647,19.5,82.55,0.4189,41.9%,34.8444,0.14%,0.487,0.513,Bullish,Strong Contraction,61.9,True,Downtrend,Below SMA20,25065.9,24910.5,59.65,95.75,N/A,,,,39.7,54.25
8572,26-05-2025 11:05,24972.55,24976.8,24960.0,24969.4,16.8,36.775,19.3054,15.6,82.55,0.4568,45.7%,29.5936,0.12%,0.187,0.813,Bearish,Moderate Contraction,37.9,False,Downtrend,Below SMA20,25048.25,24910.5,58.9,78.85,N/A,,,,55.0,55.0
8577,26-05-2025 11:30,24974.35,24980.45,24968.4,24977.4,12.05,27.79,12.2997,9.75,45.05,0.4336,43.4%,27.3984,0.11%,0.253,0.747,Bullish,Moderate Contraction,39.1,False,Uptrend,Below SMA20,25024.4,24931.7,45.7,47.0,N/A,,,,33.95,33.95
8580,26-05-2025 11:45,24973.65,24987.7,24972.4,24979.5,15.3,22.38,10.2207,9.75,37.1,0.6836,68.4%,23.6706,0.09%,0.382,0.618,Bullish,Mild Contraction,15.6,False,Downtrend,Below SMA20,25024.4,24954.1,25.4,44.9,N/A,14,Downside Breakdown,14.65,31.85,34.3
8590,26-05-2025 12:35,24998.05,25002.2,24991.25,24997.6,10.95,19.365,6.0627,13.85,34.85,0.5655,56.5%,19.9487,0.08%,0.041,0.959,Bearish,Moderate Contraction,34.6,False,Uptrend,Above SMA20,25013.8,24972.0,25.6,16.2,N/A,1,Downside Breakdown,3.6,58.15,58.15
8595,26-05-2025 13:00,24966.75,24977.65,24965.95,24973.4,11.7,20.435,8.9944,10.95,35.05,0.5725,57.3%,20.0179,0.08%,0.568,0.432,Bullish,Moderate Contraction,30.6,False,Downtrend,Below SMA20,25013.8,24939.45,33.95,40.4,N/A,,,,18.7,35.8
8598,26-05-2025 13:15,24980.6,24982.55,24972.35,24976.8,10.2,19.94,9.5594,10.95,35.05,0.5115,51.2%,17.685,0.07%,0.373,0.627,Bearish,Moderate Contraction,35.9,False,Downtrend,Below SMA20,25013.8,24939.45,37.35,37.0,N/A,,,,32.4,36.55
8609,26-05-2025 14:10,24994.25,25004.1,24994.25,25001.0,9.85,15.925,4.74,10.9,24.2,0.6185,61.9%,15.978,0.06%,0.685,0.315,Bullish,Moderate Contraction,31.1,False,Uptrend,Above SMA20,25013.35,24967.85,33.15,12.35,N/A,9,Upside Breakout,0.1,31.75,31.75
8620,26-05-2025 15:05,25000.4,25008.8,24999.3,25007.95,9.5,18.745,3.4973,13.3,24.35,0.5068,50.7%,17.0001,0.07%,0.795,0.205,Bullish,Moderate Contraction,44.3,False,Uptrend,Above SMA20,25019.65,24969.25,38.7,11.7,N/A,5,Downside Breakdown,104.6,143.3,242.2
8623,26-05-2025 15:20,25002.05,25002.95,24993.95,24999.5,9.0,16.33,4.959,9.5,24.35,0.5511,55.1%,14.7332,0.06%,0.283,0.717,Bearish,Moderate Contraction,35.9,False,Downtrend,Above SMA20,25019.65,24979.8,19.7,20.15,N/A,2,Downside Breakdown,115.15,233.75,248.8
8632,27-05-2025 09:50,24783.1,24800.1,24772.1,24786.2,28.0,47.785,37.8008,9.0,111.45,0.586,58.6%,40.7597,0.16%,0.111,0.889,Bullish,Mild Contraction,19.3,False,Downtrend,Below SMA20,25006.8,24765.75,20.45,220.6,N/A,1,Downside Breakdown,15.05,48.5,48.5
8635,27-05-2025 10:05,24762.55,24784.05,24754.0,24780.9,30.05,55.67,31.3774,28.0,111.45,0.5398,54.0%,39.335,0.16%,0.611,0.389,Bullish,Moderate Contraction,31.8,False,Downtrend,Below SMA20,24976.1,24737.7,43.2,195.2,N/A,16,Upside Breakout,37.55,29.55,29.55
8638,27-05-2025 10:20,24764.3,24771.15,24753.05,24760.65,18.1,39.71,14.7332,26.3,72.55,0.4558,45.6%,34.2528,0.14%,0.202,0.798,Bearish,Moderate Contraction,41.3,False,Downtrend,Below SMA20,24841.65,24737.7,22.95,81.0,N/A,8,Upside Breakout,31.35,38.2,199.55
8643,27-05-2025 10:45,24762.55,24768.2,24754.25,24761.25,13.95,29.545,9.3773,18.1,53.15,0.4722,47.2%,28.5934,0.12%,0.093,0.907,Bearish,Moderate Contraction,41.3,False,Uptrend,Below SMA20,24803.85,24737.7,23.55,42.6,N/A,3,Upside Breakout,69.15,198.95,301.65
8654,27-05-2025 11:40,24974.5,24978.55,24940.4,24968.95,38.15,68.16,34.7871,24.6,135.1,0.5597,56.0%,58.4804,0.23%,0.145,0.855,Bearish,Mild Contraction,26.1,False,Uptrend,Above SMA20,25062.9,24758.55,210.4,93.95,N/A,,,,60.95,149.0
8657,27-05-2025 11:55,24947.85,24977.05,24935.9,24948.05,41.15,66.4,30.637,38.15,135.1,0.6197,62.0%,54.3293,0.22%,0.005,0.995,Bullish,Mild Contraction,26.6,False,Uptrend,Above SMA20,25062.9,24825.1,122.95,114.85,N/A,7,Downside Breakdown,5.15,66.25,128.1
8660,27-05-2025 12:10,24950.05,24967.45,24942.1,24957.45,25.35,54.74,21.6709,28.35,102.6,0.4631,46.3%,46.4789,0.19%,0.292,0.708,Bullish,Moderate Contraction,40.3,False,Uptrend,Above SMA20,25062.9,24888.6,68.85,105.45,N/A,2,Downside Breakdown,6.8,137.5,154.75
8666,27-05-2025 12:40,24854.55,24866.45,24835.7,24860.4,30.75,45.3,16.3049,25.35,73.4,0.6788,67.9%,48.0814,0.19%,0.19,0.81,Bullish,Moderate Contraction,40.3,True,Downtrend,Below SMA20,24977.05,24819.95,40.45,116.65,N/A,4,Downside Breakdown,17.25,59.6,59.6
8671,27-05-2025 13:05,24814.8,24823.85,24800.8,24823.65,23.05,43.73,16.5799,30.65,73.4,0.5271,52.7%,38.8638,0.16%,0.384,0.616,Bullish,Moderate Contraction,36.1,False,Downtrend,Below SMA20,24962.75,24802.7,20.95,139.1,N/A,10,Downside Breakdown,41.0,24.6,61.95
8676,27-05-2025 13:30,24824.75,24837.55,24820.25,24825.8,17.3,29.665,6.2152,19.25,39.85,0.5832,58.3%,31.848,0.13%,0.061,0.939,Bullish,Strong Contraction,56.6,True,Downtrend,Below SMA20,24881.3,24800.8,25.0,55.5,N/A,5,Downside Breakdown,39.1,64.1,121.7
8684,27-05-2025 14:10,24761.95,24771.4,24760.55,24767.6,10.85,31.425,11.1152,17.3,54.05,0.3453,34.5%,31.47,0.13%,0.521,0.479,Bullish,Strong Contraction,69.5,True,Downtrend,Below SMA20,24871.85,24744.55,23.05,104.25,N/A,1,Downside Breakdown,28.55,63.5,63.5
8687,27-05-2025 14:25,24737.65,24739.5,24725.1,24731.35,14.4,35.29,15.6066,10.85,63.95,0.408,40.8%,32.6756,0.13%,0.438,0.562,Bearish,Moderate Contraction,40.5,False,Downtrend,Below SMA20,24871.85,24704.1,27.25,140.5,N/A,,,,66.9,111.35
8690,27-05-2025 14:40,24765.75,24784.95,24765.45,24780.65,19.5,34.1,16.1906,10.85,63.95,0.5718,57.2%,29.9245,0.12%,0.764,0.236,Bullish,Mild Contraction,24.4,False,Downtrend,Below SMA20,24845.15,24704.1,76.55,64.5,N/A,10,Upside Breakout,12.7,62.05,77.2
8694,27-05-2025 15:00,24818.05,24828.6,24816.65,24818.0,11.95,28.49,15.2834,10.85,63.95,0.4194,41.9%,27.3537,0.11%,0.004,0.996,Bearish,Moderate Contraction,40.2,False,Uptrend,Above SMA20,24817.7,24704.1,113.9,-0.3,N/A,1,Upside Breakout,25.0,25.3,74.95
8697,27-05-2025 15:15,24832.6,24834.8,24820.6,24825.5,14.2,22.565,8.9152,11.95,38.75,0.6293,62.9%,23.8896,0.1%,0.5,0.5,Bearish,Mild Contraction,24.5,False,Uptrend,Above SMA20,24842.7,24725.1,100.4,17.2,N/A,2,Upside Breakout,0.6,60.5,82.45
8708,28-05-2025 09:55,24775.25,24789.5,24762.65,24782.15,26.85,44.245,24.0529,10.25,92.85,0.6068,60.7%,37.1672,0.15%,0.257,0.743,Bullish,Mild Contraction,19.2,False,Downtrend,Below SMA20,24864.25,24743.05,39.1,82.1,N/A,4,Downside Breakdown,6.0,45.1,45.1
8711,28-05-2025 10:10,24767.3,24775.55,24756.65,24760.5,18.9,37.915,16.8341,13.7,68.6,0.4985,49.8%,30.9014,0.12%,0.36,0.64,Bearish,Moderate Contraction,32.9,False,Downtrend,Below SMA20,24864.25,24743.05,17.45,103.75,N/A,1,Downside Breakdown,6.0,23.45,41.4
8714,28-05-2025 10:25,24767.3,24769.6,24750.4,24750.5,19.2,30.38,13.087,13.7,58.5,0.632,63.2%,27.7859,0.11%,0.875,0.125,Bearish,Mild Contraction,21.6,False,Downtrend,Below SMA20,24814.8,24737.05,13.45,64.3,N/A,,,,48.55,51.4
8724,28-05-2025 11:15,24767.75,24783.85,24767.75,24773.05,16.1,23.085,9.0194,16.55,47.4,0.6974,69.7%,23.3695,0.09%,0.329,0.671,Bullish,Mild Contraction,24.0,False,Uptrend,Below SMA20,24801.9,24743.85,29.2,28.85,N/A,18,Upside Breakout,11.7,26.7,26.7
8728,28-05-2025 11:35,24755.4,24761.7,24750.2,24751.25,11.5,22.19,9.8998,11.95,47.4,0.5183,51.8%,20.1153,0.08%,0.361,0.639,Bearish,Moderate Contraction,35.8,False,Downtrend,Below SMA20,24801.9,24746.35,4.9,50.65,N/A,14,Upside Breakout,11.7,29.45,29.45
8735,28-05-2025 12:10,24757.25,24763.65,24755.5,24761.7,8.15,14.785,4.4862,10.55,25.5,0.5512,55.1%,15.3878,0.06%,0.546,0.454,Bullish,Moderate Contraction,35.9,False,Uptrend,Below SMA20,24783.1,24746.35,15.35,21.4,N/A,4,Upside Breakout,10.05,34.95,65.35
8749,28-05-2025 13:20,24784.8,24785.0,24774.4,24778.75,10.6,17.395,4.0646,10.6,24.3,0.6094,60.9%,15.7615,0.06%,0.571,0.429,Bearish,Strong Contraction,53.5,True,Downtrend,Below SMA20,24827.05,24775.3,3.45,48.3,N/A,1,Downside Breakdown,1.25,18.1,18.1
8756,28-05-2025 13:55,24773.45,24781.45,24770.6,24773.3,10.85,15.995,2.1745,10.6,18.1,0.6783,67.8%,15.3038,0.06%,0.014,0.986,Bearish,Moderate Contraction,32.1,False,Downtrend,Below SMA20,24823.3,24761.1,12.2,50.0,N/A,13,Downside Breakdown,5.95,24.7,24.7
8759,28-05-2025 14:10,24788.2,24795.2,24786.1,24788.55,9.1,15.08,3.443,10.6,20.9,0.6034,60.3%,14.6672,0.06%,0.038,0.962,Bullish,Moderate Contraction,34.2,False,Uptrend,Below SMA20,24796.85,24761.1,27.45,8.3,N/A,1,Upside Breakout,1.15,19.5,33.4
8765,28-05-2025 14:40,24779.05,24782.5,24776.35,24782.0,6.15,14.495,4.4656,9.1,20.95,0.4243,42.4%,14.3007,0.06%,0.48,0.52,Bullish,Moderate Contraction,45.1,False,Uptrend,Below SMA20,24798.0,24761.4,20.6,16.0,N/A,4,Downside Breakdown,6.25,26.85,107.7
8768,28-05-2025 14:55,24773.2,24780.2,24772.45,24774.05,7.75,13.575,5.2463,6.15,20.95,0.5709,57.1%,12.6178,0.05%,0.11,0.89,Bullish,Mild Contraction,28.6,False,Downtrend,Below SMA20,24798.0,24769.05,5.0,23.95,N/A,1,Downside Breakdown,13.9,34.0,115.65
8772,28-05-2025 15:15,24749.5,24749.95,24740.05,24747.7,9.9,14.17,6.1834,6.15,25.35,0.6987,69.9%,13.4592,0.05%,0.182,0.818,Bearish,Mild Contraction,14.2,False,Downtrend,Below SMA20,24792.95,24748.4,-0.7,45.25,N/A,1,Downside Breakdown,5.15,142.0,142.0
8782,29-05-2025 09:50,24795.0,24801.45,24780.8,24793.55,20.65,29.68,23.5466,6.65,77.25,0.6958,69.6%,28.7405,0.12%,0.07,0.93,Bearish,Mild Contraction,10.0,False,Uptrend,Above SMA20,24889.7,24740.05,53.5,96.15,N/A,14,Downside Breakdown,25.9,54.5,54.5
8788,29-05-2025 10:20,24789.65,24798.9,24789.5,24793.8,9.4,26.28,6.662,14.75,34.65,0.3577,35.8%,25.8413,0.1%,0.441,0.559,Bullish,Strong Contraction,52.2,False,Downtrend,Above SMA20,24848.05,24779.7,14.1,54.25,N/A,1,Downside Breakdown,10.6,52.7,79.65
8804,29-05-2025 11:40,24741.55,24744.55,24730.65,24732.6,13.9,20.785,7.9101,15.35,42.35,0.6688,66.9%,19.4924,0.08%,0.644,0.356,Bearish,Mild Contraction,26.1,False,Downtrend,Below SMA20,24768.05,24708.65,23.95,35.45,N/A,11,Downside Breakdown,22.1,15.2,25.1
8810,29-05-2025 12:10,24739.6,24739.6,24730.55,24732.05,9.05,14.31,3.1889,8.05,19.6,0.6324,63.2%,15.1074,0.06%,0.834,0.166,Bearish,Mild Contraction,28.9,False,Uptrend,Below SMA20,24748.3,24709.7,22.35,16.25,N/A,3,Upside Breakout,9.4,45.5,54.75
8818,29-05-2025 12:50,24714.85,24725.9,24713.8,24722.65,12.1,20.98,15.949,9.05,63.05,0.5767,57.7%,21.1386,0.09%,0.645,0.355,Bullish,Moderate Contraction,44.7,True,Downtrend,Below SMA20,24757.7,24677.3,45.35,35.05,N/A,1,Upside Breakout,14.6,50.25,51.05
8823,29-05-2025 13:15,24760.35,24761.85,24742.8,24747.0,19.05,28.085,15.895,12.1,63.05,0.6783,67.8%,23.4918,0.09%,0.701,0.299,Bearish,Moderate Contraction,35.4,True,Downtrend,Above SMA20,24772.9,24677.3,69.7,25.9,N/A,3,Upside Breakout,0.8,26.7,26.7
8827,29-05-2025 13:35,24758.45,24762.85,24748.45,24753.85,14.4,22.81,10.4456,12.1,49.8,0.6313,63.1%,20.5929,0.08%,0.319,0.681,Bearish,Mild Contraction,23.7,False,Uptrend,Above SMA20,24773.7,24697.2,56.65,19.85,N/A,17,Upside Breakout,38.85,25.3,36.05
8840,29-05-2025 14:40,24754.7,24759.8,24748.85,24756.3,10.95,17.885,3.3295,11.9,23.75,0.6122,61.2%,17.2448,0.07%,0.146,0.854,Bullish,Moderate Contraction,35.4,False,Uptrend,Above SMA20,24767.6,24717.8,38.5,11.3,N/A,4,Upside Breakout,44.95,78.15,136.3
8854,30-05-2025 09:35,24826.6,24831.05,24805.6,24813.5,25.45,38.915,16.3989,18.2,67.8,0.654,65.4%,35.2865,0.14%,0.515,0.485,Bearish,Mild Contraction,19.7,False,Uptrend,Above SMA20,24892.6,24758.1,55.4,79.1,N/A,9,Downside Breakdown,8.0,29.5,67.3
8857,30-05-2025 09:50,24801.35,24821.45,24799.7,24807.35,21.75,35.805,16.8217,18.2,67.8,0.6075,60.7%,33.2973,0.13%,0.276,0.724,Bullish,Mild Contraction,25.4,False,Downtrend,Below SMA20,24892.6,24780.0,27.35,85.25,N/A,5,Downside Breakdown,16.25,43.6,85.55
8861,30-05-2025 10:10,24796.4,24804.45,24790.75,24794.75,13.7,29.675,13.3583,12.5,57.25,0.4617,46.2%,26.9759,0.11%,0.12,0.88,Bearish,Moderate Contraction,38.2,False,Downtrend,Below SMA20,24863.95,24784.0,10.75,69.2,N/A,1,Downside Breakdown,20.25,72.95,77.35
8870,30-05-2025 10:55,24748.65,24756.45,24747.7,24751.25,8.75,21.61,5.5875,13.7,32.05,0.4049,40.5%,21.6785,0.09%,0.297,0.703,Bullish,Moderate Contraction,48.4,False,Downtrend,Below SMA20,24808.8,24717.4,33.85,57.55,N/A,,,,22.5,36.7
8875,30-05-2025 11:20,24765.7,24773.75,24761.45,24771.55,12.3,18.185,4.9894,8.75,26.4,0.6764,67.6%,18.5331,0.07%,0.476,0.524,Bullish,Mild Contraction,19.7,False,Uptrend,Above SMA20,24772.3,24717.4,54.15,0.75,N/A,1,Upside Breakout,10.85,33.8,42.85
8885,30-05-2025 12:10,24745.3,24746.4,24738.8,24741.8,7.6,16.495,4.3916,12.25,27.65,0.4607,46.1%,16.6459,0.07%,0.461,0.539,Bearish,Moderate Contraction,43.8,False,Downtrend,Below SMA20,24787.95,24728.7,13.1,46.15,N/A,,,,15.0,25.7
8888,30-05-2025 12:25,24752.1,24755.4,24748.75,24749.85,6.65,16.215,5.6122,7.6,27.65,0.4101,41.0%,15.1599,0.06%,0.338,0.662,Bearish,Moderate Contraction,45.1,False,Downtrend,Below SMA20,24774.05,24728.7,21.15,24.2,N/A,12,Upside Breakout,2.65,17.65,19.05
8891,30-05-2025 12:40,24735.6,24739.95,24732.2,24737.15,7.75,15.02,6.2691,6.65,27.65,0.516,51.6%,13.939,0.06%,0.2,0.8,Bullish,Moderate Contraction,33.7,False,Downtrend,Below SMA20,24768.4,24728.7,8.45,31.25,N/A,5,Upside Breakout,0.5,31.75,45.3
8898,30-05-2025 13:15,24758.55,24766.65,24758.55,24759.4,8.1,11.65,3.5285,6.65,17.05,0.6953,69.5%,12.403,0.05%,0.105,0.895,Bullish,Mild Contraction,19.5,False,Uptrend,Above SMA20,24768.9,24732.2,27.2,9.5,N/A,2,Upside Breakout,7.8,23.8,42.3
8911,30-05-2025 14:20,24765.65,24773.05,24764.5,24771.0,8.55,15.87,4.8091,10.95,28.3,0.5388,53.9%,14.8556,0.06%,0.626,0.374,Bullish,Strong Contraction,56.8,True,Downtrend,Above SMA20,24801.7,24751.1,19.9,30.7,N/A,8,Downside Breakdown,21.3,15.8,41.2
8915,30-05-2025 14:40,24771.85,24775.85,24766.75,24769.45,9.1,15.78,5.4286,8.55,28.3,0.5767,57.7%,13.8158,0.06%,0.264,0.736,Bearish,Moderate Contraction,31.7,False,Downtrend,Above SMA20,24801.7,24751.1,18.35,32.25,N/A,4,Downside Breakdown,21.3,39.65,210.0
8921,30-05-2025 15:10,24760.2,24761.45,24748.55,24751.65,12.9,18.63,13.542,8.55,54.3,0.6924,69.2%,19.609,0.08%,0.663,0.337,Bearish,Mild Contraction,13.9,False,Downtrend,Below SMA20,24786.8,24729.8,21.85,35.15,N/A,4,Downside Breakdown,170.35,213.2,225.5
8929,02-06-2025 09:35,24540.4,24562.3,24540.4,24562.3,21.9,41.845,43.8778,10.45,158.1,0.5234,52.3%,37.9451,0.15%,1.0,0.0,Bullish,Mild Contraction,25.1,False,Downtrend,Below SMA20,24784.1,24526.15,36.15,221.8,N/A,,,,44.5,44.5
8932,02-06-2025 09:50,24588.75,24596.25,24579.3,24586.15,16.95,42.02,42.8735,10.45,158.1,0.4034,40.3%,34.6961,0.14%,0.153,0.847,Bearish,Moderate Contraction,35.8,False,Downtrend,Below SMA20,24757.15,24526.15,60.0,171.0,N/A,,,,25.9,47.2
8935,02-06-2025 10:05,24580.85,24598.55,24575.85,24592.1,22.7,46.01,40.4766,16.95,158.1,0.4934,49.3%,32.4465,0.13%,0.496,0.504,Bullish,Moderate Contraction,30.7,False,Uptrend,Below SMA20,24717.55,24526.15,65.95,125.45,N/A,,,,37.9,46.75
8939,02-06-2025 10:25,24577.8,24591.4,24573.9,24588.3,17.5,27.01,6.8929,16.95,40.55,0.6479,64.8%,28.2014,0.11%,0.6,0.4,Bullish,Mild Contraction,28.8,False,Uptrend,Below SMA20,24606.8,24540.4,47.9,18.5,N/A,2,Upside Breakout,21.65,50.55,55.3
8945,02-06-2025 10:55,24617.4,24619.25,24609.6,24616.7,9.65,22.87,6.3178,15.25,37.5,0.422,42.2%,23.2798,0.09%,0.073,0.927,Bearish,Moderate Contraction,46.4,False,Uptrend,Above SMA20,24638.85,24554.2,62.5,22.15,N/A,4,Upside Breakout,4.75,41.15,41.15
8948,02-06-2025 11:10,24629.95,24632.2,24621.15,24623.25,11.05,19.865,7.9548,9.65,37.5,0.5563,55.6%,19.8096,0.08%,0.606,0.394,Bearish,Moderate Contraction,31.0,False,Uptrend,Above SMA20,24638.85,24554.2,69.05,15.6,N/A,1,Upside Breakout,4.75,34.6,44.35
8952,02-06-2025 11:30,24631.8,24632.95,24621.9,24632.8,11.05,17.685,6.3993,9.65,32.0,0.6248,62.5%,18.9982,0.08%,0.09,0.91,Bullish,Moderate Contraction,46.0,True,Uptrend,Above SMA20,24657.85,24609.6,23.2,25.05,N/A,6,Upside Breakout,9.75,19.5,55.9
8956,02-06-2025 11:50,24637.55,24645.45,24636.0,24637.7,9.45,16.54,5.9623,11.05,32.0,0.5713,57.1%,16.9094,0.07%,0.016,0.984,Bullish,Moderate Contraction,33.3,False,Uptrend,Above SMA20,24657.85,24611.45,26.25,20.15,N/A,2,Upside Breakout,9.75,46.05,102.05
8960,02-06-2025 12:10,24657.3,24666.85,24657.05,24665.55,9.8,15.39,3.2451,9.45,20.2,0.6368,63.7%,16.0737,0.07%,0.842,0.158,Bullish,Moderate Contraction,31.0,False,Uptrend,Above SMA20,24673.25,24621.25,44.3,7.7,N/A,1,Upside Breakout,10.5,74.2,74.2
8963,02-06-2025 12:25,24675.05,24676.6,24668.25,24671.75,8.35,15.335,3.4607,9.45,20.2,0.5445,54.5%,15.2483,0.06%,0.395,0.605,Bearish,Moderate Contraction,39.0,False,Uptrend,Above SMA20,24688.7,24621.25,50.5,16.95,N/A,1,Upside Breakout,31.1,68.0,68.0
8968,02-06-2025 12:50,24732.75,24736.25,24727.05,24731.95,9.2,20.54,11.7249,8.35,49.75,0.4479,44.8%,19.0506,0.08%,0.087,0.913,Bearish,Strong Contraction,57.8,True,Uptrend,Above SMA20,24739.75,24647.4,84.55,7.8,N/A,,,,48.85,48.85
8971,02-06-2025 13:05,24703.4,24703.8,24693.3,24697.3,10.5,25.065,15.0926,8.35,50.5,0.4189,41.9%,22.5276,0.09%,0.581,0.419,Bearish,Moderate Contraction,38.3,False,Uptrend,Above SMA20,24739.75,24665.75,31.55,42.45,N/A,17,Downside Breakdown,7.15,24.4,35.6
8974,02-06-2025 13:20,24711.25,24719.85,24706.0,24718.0,13.85,24.225,15.6457,9.2,50.5,0.5717,57.2%,19.0608,0.08%,0.487,0.513,Bullish,Mild Contraction,24.5,False,Downtrend,Above SMA20,24739.75,24670.05,47.95,21.75,N/A,14,Downside Breakdown,11.45,19.5,35.85
8980,02-06-2025 13:50,24715.75,24719.8,24710.4,24714.0,9.4,18.045,8.325,10.4,34.4,0.5209,52.1%,18.2428,0.07%,0.186,0.814,Bearish,Moderate Contraction,35.4,False,Uptrend,Above SMA20,24732.9,24684.4,29.6,18.9,N/A,4,Downside Breakdown,2.25,31.85,59.2
8985,02-06-2025 14:15,24694.3,24695.4,24685.0,24688.7,10.4,17.81,7.412,9.4,34.4,0.5839,58.4%,16.6388,0.07%,0.538,0.462,Bearish,Mild Contraction,29.3,False,Downtrend,Below SMA20,24732.9,24682.15,6.55,44.2,N/A,1,Downside Breakdown,0.6,33.9,65.7
8990,02-06-2025 14:40,24664.35,24669.6,24660.55,24667.65,9.05,18.0,11.1781,9.4,45.45,0.5028,50.3%,18.2762,0.07%,0.365,0.635,Bullish,Moderate Contraction,35.3,False,Downtrend,Below SMA20,24719.8,24654.8,12.85,52.15,N/A,4,Upside Breakout,34.6,86.75,177.45
8997,02-06-2025 15:15,24723.5,24724.75,24708.9,24716.6,15.85,23.75,12.1834,9.05,45.45,0.6674,66.7%,21.1047,0.09%,0.435,0.565,Bearish,Mild Contraction,15.9,False,Uptrend,Above SMA20,24754.4,24654.8,61.8,37.8,N/A,3,Upside Breakout,90.7,128.5,128.5
9006,03-06-2025 09:45,24646.45,24660.6,24639.35,24660.6,21.25,51.19,46.635,15.85,176.25,0.4151,41.5%,42.4724,0.17%,0.666,0.334,Bullish,Moderate Contraction,36.4,False,Downtrend,Below SMA20,24845.1,24601.3,59.3,184.5,N/A,17,Downside Breakdown,13.6,41.45,105.85
9009,03-06-2025 10:00,24630.4,24640.25,24619.15,24639.5,21.1,55.02,44.4527,21.25,176.25,0.3835,38.3%,39.0636,0.16%,0.431,0.569,Bullish,Moderate Contraction,41.9,False,Downtrend,Below SMA20,24845.1,24601.3,38.2,205.6,N/A,14,Downside Breakdown,13.6,126.95,126.95
9018,03-06-2025 10:45,24642.5,24662.85,24635.5,24660.9,27.35,42.685,23.6085,18.6,99.15,0.6407,64.1%,43.7613,0.18%,0.673,0.327,Bullish,Mild Contraction,19.4,False,Uptrend,Below SMA20,24766.45,24612.1,48.8,105.55,N/A,5,Downside Breakdown,24.4,73.2,89.3
9021,03-06-2025 11:00,24637.3,24647.45,24629.5,24639.2,17.95,41.615,24.0378,14.15,99.15,0.4313,43.1%,35.6196,0.14%,0.106,0.894,Bullish,Moderate Contraction,37.5,False,Downtrend,Below SMA20,24766.45,24612.1,27.1,127.25,N/A,2,Downside Breakdown,24.4,67.6,67.6
9025,03-06-2025 11:20,24607.9,24611.6,24586.1,24595.65,25.5,37.645,25.1819,14.15,99.15,0.6774,67.7%,35.341,0.14%,0.48,0.52,Bearish,Mild Contraction,14.0,False,Downtrend,Below SMA20,24748.05,24571.6,24.05,152.4,N/A,18,Downside Breakdown,69.45,66.95,66.95
9030,03-06-2025 11:45,24596.1,24608.85,24588.9,24608.05,19.95,35.505,14.5095,17.95,58.5,0.5619,56.2%,35.8813,0.15%,0.599,0.401,Bullish,Moderate Contraction,31.0,False,Downtrend,Below SMA20,24664.75,24571.6,36.45,56.7,N/A,13,Downside Breakdown,69.45,33.75,40.9
9035,03-06-2025 12:10,24619.2,24630.9,24612.6,24615.35,18.3,30.34,13.1403,11.55,55.3,0.6032,60.3%,28.5795,0.12%,0.21,0.79,Bearish,Mild Contraction,22.9,False,Uptrend,Below SMA20,24662.6,24576.05,39.3,47.25,N/A,8,Downside Breakdown,73.9,33.6,113.2
9041,03-06-2025 12:40,24633.55,24637.85,24623.45,24628.15,14.4,23.03,7.0176,11.55,32.3,0.6253,62.5%,25.1391,0.1%,0.375,0.625,Bearish,Mild Contraction,25.5,False,Uptrend,Above SMA20,24648.95,24583.75,44.4,20.8,N/A,2,Downside Breakdown,81.6,126.0,126.0
9045,03-06-2025 13:00,24531.9,24545.85,24524.15,24539.2,21.7,31.565,23.2438,12.6,93.05,0.6875,68.7%,32.9766,0.13%,0.336,0.664,Bullish,Mild Contraction,13.2,False,Downtrend,Below SMA20,24648.95,24502.15,37.05,109.75,N/A,,,,35.05,35.05
9050,03-06-2025 13:25,24533.2,24545.7,24526.45,24540.4,19.25,34.975,21.6261,14.4,93.05,0.5504,55.0%,30.0945,0.12%,0.374,0.626,Bullish,Mild Contraction,27.5,False,Downtrend,Below SMA20,24648.95,24502.15,38.25,108.55,N/A,,,,32.3,45.45
9054,03-06-2025 13:45,24542.0,24549.35,24531.7,24533.35,17.65,26.105,5.6791,16.05,34.5,0.6761,67.6%,26.7505,0.11%,0.49,0.51,Bearish,Mild Contraction,25.6,False,Uptrend,Below SMA20,24572.7,24504.15,29.2,39.35,N/A,4,Upside Breakout,4.25,46.2,68.35
9057,03-06-2025 14:00,24567.5,24572.3,24561.7,24564.85,10.6,23.425,5.7906,16.05,30.95,0.4525,45.3%,22.9526,0.09%,0.25,0.75,Bearish,Moderate Contraction,45.2,False,Uptrend,Above SMA20,24572.7,24513.25,51.6,7.85,N/A,1,Upside Breakout,4.25,21.0,36.85
9070,03-06-2025 15:05,24545.8,24548.1,24534.4,24539.1,13.7,19.95,5.2253,14.45,32.2,0.6867,68.7%,19.9331,0.08%,0.489,0.511,Bearish,Mild Contraction,26.7,False,Downtrend,Below SMA20,24601.7,24542.85,-3.75,62.6,N/A,1,Downside Breakdown,7.65,73.65,73.65
9074,03-06-2025 15:25,24532.85,24539.55,24529.6,24538.4,9.95,18.635,6.935,7.55,32.2,0.5339,53.4%,17.8402,0.07%,0.558,0.442,Bullish,Moderate Contraction,31.4,False,Downtrend,Below SMA20,24601.7,24524.45,13.95,63.3,N/A,1,Upside Breakout,11.05,74.35,74.35
9084,04-06-2025 10:00,24575.15,24588.15,24572.65,24579.6,15.5,27.785,12.0875,9.95,54.3,0.5579,55.8%,24.1855,0.1%,0.287,0.713,Bullish,Moderate Contraction,47.0,True,Uptrend,Above SMA20,24612.75,24529.6,50.0,33.15,N/A,,,,17.25,30.0
9087,04-06-2025 10:15,24578.95,24584.1,24569.6,24578.2,14.5,22.905,8.2227,11.75,39.1,0.633,63.3%,20.6123,0.08%,0.052,0.948,Bearish,Mild Contraction,24.0,False,Uptrend,Above SMA20,24611.8,24530.45,47.75,33.6,N/A,,,,31.4,31.4
9094,04-06-2025 10:50,24589.4,24591.7,24581.65,24583.0,10.05,16.165,2.5737,11.75,19.95,0.6217,62.2%,17.4564,0.07%,0.637,0.363,Bearish,Moderate Contraction,36.4,False,Uptrend,Above SMA20,24609.6,24569.6,13.4,26.6,N/A,,,,11.0,18.55
9097,04-06-2025 11:05,24584.95,24589.25,24582.8,24586.45,6.45,15.19,3.6393,9.35,19.95,0.4246,42.5%,14.691,0.06%,0.233,0.767,Bullish,Moderate Contraction,47.7,False,Uptrend,Above SMA20,24609.6,24569.6,16.85,23.15,N/A,,,,14.45,15.1
9101,04-06-2025 11:25,24592.05,24598.15,24590.4,24590.4,7.75,12.14,3.4667,6.45,18.65,0.6384,63.8%,12.6972,0.05%,0.213,0.787,Bearish,Moderate Contraction,45.3,True,Downtrend,Above SMA20,24609.6,24572.0,18.4,19.2,N/A,19,Upside Breakout,10.5,11.15,18.75
9108,04-06-2025 12:00,24594.55,24595.65,24589.4,24592.2,6.25,9.615,1.9085,6.6,12.9,0.65,65.0%,10.0899,0.04%,0.376,0.624,Bearish,Moderate Contraction,31.7,False,Uptrend,Above SMA20,24601.55,24572.0,20.2,9.35,N/A,1,Upside Breakout,1.25,16.95,16.95
9121,04-06-2025 13:05,24613.95,24615.0,24607.4,24607.65,7.6,11.85,3.1531,8.7,18.2,0.6414,64.1%,11.0806,0.05%,0.829,0.171,Bearish,Moderate Contraction,30.1,False,Uptrend,Above SMA20,24620.1,24582.2,25.45,12.45,N/A,9,Upside Breakout,2.8,18.85,18.85
9127,04-06-2025 13:35,24607.15,24609.25,24603.15,24603.55,6.1,11.125,3.5815,7.6,18.2,0.5483,54.8%,10.5196,0.04%,0.59,0.41,Bearish,Moderate Contraction,35.7,False,Uptrend,Above SMA20,24620.1,24588.8,14.75,16.55,N/A,3,Upside Breakout,2.8,21.2,28.45
9139,04-06-2025 14:35,24622.05,24622.75,24615.7,24618.95,7.05,12.14,2.6789,7.8,16.45,0.5807,58.1%,11.0847,0.05%,0.44,0.56,Bearish,Moderate Contraction,36.3,False,Uptrend,Above SMA20,24632.0,24603.25,15.7,13.05,N/A,5,Upside Breakout,12.25,25.3,25.3
9147,04-06-2025 15:15,24616.9,24617.65,24609.0,24610.5,8.65,12.38,3.991,7.05,18.0,0.6987,69.9%,12.0393,0.05%,0.74,0.26,Bearish,Mild Contraction,18.7,False,Downtrend,Below SMA20,24644.25,24608.65,1.85,33.75,N/A,1,Downside Breakdown,3.2,106.55,150.65
9155,05-06-2025 09:40,24737.65,24753.1,24732.6,24747.15,20.5,29.365,22.4688,7.25,72.3,0.6981,69.8%,27.2887,0.11%,0.463,0.537,Bullish,Mild Contraction,10.1,False,Uptrend,Above SMA20,24749.9,24604.1,143.05,2.75,N/A,1,Upside Breakout,7.5,18.2,33.4
9158,05-06-2025 09:55,24754.6,24761.5,24740.55,24749.2,20.95,30.04,21.9466,7.25,72.3,0.6974,69.7%,23.0756,0.09%,0.258,0.742,Bearish,Mild Contraction,10.2,False,Uptrend,Above SMA20,24761.15,24604.1,145.1,11.95,N/A,,,,35.45,47.4
9161,05-06-2025 10:10,24734.6,24740.95,24724.4,24732.25,16.55,26.055,15.3298,10.05,53.8,0.6352,63.5%,21.2501,0.09%,0.142,0.858,Bearish,Mild Contraction,18.7,False,Uptrend,Above SMA20,24761.5,24613.1,119.15,29.25,N/A,,,,22.6,41.35
9167,05-06-2025 10:40,24720.25,24723.0,24715.65,24718.35,7.35,18.45,4.323,10.05,23.45,0.3984,39.8%,18.6735,0.08%,0.259,0.741,Bearish,Strong Contraction,50.1,False,Downtrend,Above SMA20,24761.5,24709.65,8.7,43.15,N/A,1,Downside Breakdown,7.85,27.45,35.85
9173,05-06-2025 11:10,24705.1,24708.8,24703.55,24708.8,5.25,16.65,4.9874,7.35,23.45,0.3153,31.5%,15.4191,0.06%,0.705,0.295,Bullish,Strong Contraction,53.4,False,Downtrend,Below SMA20,24741.15,24690.9,17.9,32.35,N/A,3,Upside Breakout,13.05,45.4,97.45
9177,05-06-2025 11:30,24738.1,24739.9,24731.6,24736.9,8.3,14.605,6.0773,5.25,22.1,0.5683,56.8%,15.403,0.06%,0.145,0.855,Bearish,Mild Contraction,26.2,False,Uptrend,Above SMA20,24754.2,24690.9,46.0,17.3,N/A,6,Upside Breakout,52.05,23.1,162.95
9190,05-06-2025 12:35,24814.45,24820.05,24798.5,24810.15,21.55,34.475,17.6966,15.65,64.2,0.6251,62.5%,29.164,0.12%,0.2,0.8,Bearish,Mild Contraction,21.7,False,Uptrend,Above SMA20,24899.85,24713.8,96.35,89.7,N/A,11,Downside Breakdown,2.45,24.6,47.1
9193,05-06-2025 12:50,24813.25,24826.1,24807.45,24825.7,18.65,36.03,16.2625,20.55,64.2,0.5176,51.8%,26.6702,0.11%,0.668,0.332,Bullish,Moderate Contraction,35.8,False,Uptrend,Above SMA20,24899.85,24742.05,83.65,74.15,N/A,8,Downside Breakdown,30.7,55.3,114.35
9198,05-06-2025 13:15,24776.35,24790.2,24773.15,24780.35,17.05,27.5,9.9128,12.75,43.65,0.62,62.0%,26.4425,0.11%,0.235,0.765,Bullish,Mild Contraction,24.0,False,Downtrend,Below SMA20,24845.5,24770.4,9.95,65.15,N/A,1,Downside Breakdown,7.35,69.0,84.7
9205,05-06-2025 13:50,24747.65,24748.85,24736.15,24737.0,12.7,27.57,11.651,12.75,52.25,0.4606,46.1%,27.477,0.11%,0.839,0.161,Bearish,Moderate Contraction,40.1,False,Downtrend,Below SMA20,24822.55,24711.35,25.65,85.55,N/A,2,Downside Breakdown,15.7,43.9,43.9
9210,05-06-2025 14:15,24713.8,24716.45,24701.1,24713.75,15.35,28.835,12.8734,12.7,52.25,0.5323,53.2%,25.831,0.1%,0.003,0.997,Bearish,Moderate Contraction,31.5,False,Downtrend,Below SMA20,24786.6,24693.1,20.65,72.85,N/A,19,Downside Breakdown,6.2,50.7,66.9
9216,05-06-2025 14:45,24750.35,24768.6,24750.35,24760.15,18.25,27.425,10.2582,15.35,46.9,0.6655,66.5%,26.5853,0.11%,0.537,0.463,Bullish,Mild Contraction,21.6,False,Uptrend,Above SMA20,24764.45,24693.1,67.05,4.3,N/A,1,Upside Breakout,16.2,33.05,36.9
9220,05-06-2025 15:05,24740.5,24747.9,24731.95,24747.05,15.95,25.025,8.8842,15.0,36.95,0.6374,63.7%,23.7971,0.1%,0.411,0.589,Bullish,Mild Contraction,26.8,False,Uptrend,Above SMA20,24780.65,24701.1,45.95,33.6,N/A,9,Downside Breakdown,14.2,28.35,61.65
9223,05-06-2025 15:20,24767.45,24770.7,24757.1,24770.05,13.6,23.695,7.8309,15.0,36.95,0.574,57.4%,22.145,0.09%,0.191,0.809,Bullish,Moderate Contraction,33.6,False,Uptrend,Above SMA20,24780.65,24712.9,57.15,10.6,N/A,5,Downside Breakdown,9.2,66.35,89.0
9232,06-06-2025 09:50,24704.25,24709.15,24696.1,24704.45,13.05,24.355,6.9426,13.6,40.1,0.5358,53.6%,22.7134,0.09%,0.015,0.985,Bullish,Moderate Contraction,37.5,False,Downtrend,Below SMA20,24775.4,24681.05,23.4,70.95,N/A,2,Downside Breakdown,9.6,112.65,221.5
9237,06-06-2025 10:15,24750.25,24756.5,24735.75,24754.75,20.75,40.5,37.8346,13.05,134.9,0.5123,51.2%,40.984,0.17%,0.217,0.783,Bullish,Mild Contraction,27.7,False,Uptrend,Above SMA20,24817.1,24671.45,83.3,62.35,N/A,2,Upside Breakout,17.5,171.2,227.9
9244,06-06-2025 10:50,24940.25,24943.05,24919.3,24930.85,23.75,53.965,31.6262,20.75,134.9,0.4401,44.0%,39.7025,0.16%,0.396,0.604,Bearish,Moderate Contraction,37.8,False,Uptrend,Above SMA20,24947.85,24671.45,259.4,17.0,N/A,2,Upside Breakout,26.8,62.4,77.4
9247,06-06-2025 11:05,24970.45,24982.65,24966.8,24982.65,15.85,36.415,11.4079,20.75,54.9,0.4353,43.5%,33.9621,0.14%,0.77,0.23,Bullish,Moderate Contraction,44.1,False,Uptrend,Above SMA20,24974.65,24735.75,246.9,-8.0,N/A,1,Upside Breakout,9.25,22.1,46.85
9251,06-06-2025 11:25,24969.2,24984.35,24966.65,24969.9,17.7,28.565,9.4448,15.85,42.55,0.6196,62.0%,28.5777,0.11%,0.04,0.96,Bullish,Mild Contraction,27.4,False,Uptrend,Above SMA20,24993.25,24845.55,124.35,23.35,N/A,3,Upside Breakout,15.0,38.95,59.6
9255,06-06-2025 11:45,25006.6,25006.85,24993.4,24998.65,13.45,21.0,7.5539,8.3,32.5,0.6405,64.0%,23.4434,0.09%,0.591,0.409,Bearish,Mild Contraction,20.3,False,Uptrend,Above SMA20,25008.25,24921.85,76.8,9.6,N/A,1,Upside Breakout,0.6,30.85,31.6
9259,06-06-2025 12:05,25011.7,25019.3,25010.7,25013.7,8.6,18.495,7.0372,8.3,30.35,0.465,46.5%,19.9311,0.08%,0.233,0.767,Bullish,Moderate Contraction,39.9,False,Uptrend,Above SMA20,25029.5,24960.55,53.15,15.8,N/A,,,,46.65,47.7
9263,06-06-2025 12:25,24982.25,24986.25,24975.4,24984.1,10.85,17.32,6.9715,8.3,30.35,0.6264,62.6%,18.5863,0.07%,0.171,0.829,Bullish,Mild Contraction,23.2,False,Uptrend,Below SMA20,25029.5,24967.05,17.05,45.4,N/A,3,Downside Breakdown,1.05,18.1,18.95
9267,06-06-2025 12:45,24981.7,24988.65,24977.6,24981.3,11.05,17.275,5.1861,8.6,22.3,0.6397,64.0%,17.3403,0.07%,0.036,0.964,Bearish,Mild Contraction,23.8,False,Downtrend,Below SMA20,25029.5,24966.0,15.3,48.2,N/A,6,Downside Breakdown,0.85,13.3,18.95
9275,06-06-2025 13:25,24975.4,24981.1,24972.8,24973.9,8.3,13.695,4.1648,9.3,21.05,0.6061,60.6%,13.3646,0.05%,0.181,0.819,Bearish,Moderate Contraction,31.8,False,Uptrend,Below SMA20,24991.05,24965.15,8.75,17.15,N/A,1,Downside Breakdown,2.8,23.8,33.4
9280,06-06-2025 13:50,24977.95,24981.35,24972.2,24975.05,9.15,14.77,3.7856,8.3,19.45,0.6195,61.9%,14.7576,0.06%,0.317,0.683,Bearish,Mild Contraction,29.4,False,Downtrend,Below SMA20,24997.7,24962.35,12.7,22.65,N/A,5,Upside Breakout,9.6,32.25,46.7
9290,06-06-2025 14:40,24990.0,24997.15,24986.25,24988.45,10.9,15.73,4.6167,8.9,23.2,0.6929,69.3%,15.5993,0.06%,0.142,0.858,Bearish,Mild Contraction,19.8,False,Uptrend,Above SMA20,25021.75,24972.2,16.25,33.3,N/A,10,Upside Breakout,138.35,24.95,171.65
9293,06-06-2025 14:55,24994.7,25004.3,24993.05,24998.4,11.25,16.43,3.9113,10.9,23.2,0.6847,68.5%,15.1582,0.06%,0.329,0.671,Bullish,Mild Contraction,26.2,False,Uptrend,Above SMA20,25021.75,24975.15,23.25,23.35,N/A,7,Upside Breakout,138.35,15.0,161.7
9296,06-06-2025 15:10,25008.05,25008.1,24998.15,25002.1,9.95,16.235,4.1692,10.9,23.2,0.6129,61.3%,15.1566,0.06%,0.598,0.402,Bearish,Moderate Contraction,32.5,False,Downtrend,Above SMA20,25021.75,24983.2,18.9,19.65,N/A,4,Upside Breakout,138.35,158.0,158.0
9307,09-06-2025 09:50,25106.1,25108.15,25097.0,25098.15,11.15,26.215,13.8528,8.45,55.25,0.4253,42.5%,27.79,0.11%,0.713,0.287,Bearish,Moderate Contraction,38.1,False,Uptrend,Above SMA20,25160.1,24992.65,105.5,61.95,N/A,,,,26.2,36.75
9311,09-06-2025 10:10,25106.75,25119.7,25106.6,25119.15,13.1,23.92,8.5163,11.15,36.5,0.5477,54.8%,23.3615,0.09%,0.947,0.053,Bullish,Moderate Contraction,32.0,False,Uptrend,Above SMA20,25129.8,25077.15,42.0,10.65,N/A,4,Upside Breakout,2.85,13.5,23.55
9315,09-06-2025 10:30,25123.55,25132.65,25121.2,25128.65,11.45,18.455,7.454,11.15,33.75,0.6204,62.0%,18.9984,0.08%,0.445,0.555,Bullish,Mild Contraction,28.4,False,Uptrend,Above SMA20,25129.4,25077.15,51.5,0.75,N/A,1,Upside Breakout,0.45,12.65,15.1
9318,09-06-2025 10:45,25135.35,25140.4,25131.9,25137.75,8.5,15.015,4.0318,11.45,22.8,0.5661,56.6%,16.2751,0.06%,0.282,0.718,Bullish,Moderate Contraction,35.7,False,Uptrend,Above SMA20,25134.9,25089.4,48.35,-2.85,N/A,1,Upside Breakout,6.4,16.15,28.5
9330,09-06-2025 11:45,25112.95,25114.55,25106.6,25112.65,7.95,12.95,2.5341,9.3,16.65,0.6139,61.4%,12.8144,0.05%,0.038,0.962,Bearish,Moderate Contraction,34.8,False,Downtrend,Below SMA20,25142.7,25107.4,5.25,30.05,N/A,1,Downside Breakdown,4.05,10.35,15.2
9336,09-06-2025 12:15,25116.3,25118.2,25112.75,25116.05,5.45,11.315,2.7098,7.95,16.65,0.4817,48.2%,10.5697,0.04%,0.046,0.954,Bearish,Strong Contraction,63.3,True,Uptrend,Below SMA20,25128.1,25102.3,13.75,12.05,N/A,13,Downside Breakdown,3.85,11.8,12.6
9343,09-06-2025 12:50,25109.95,25111.4,25105.45,25108.5,5.95,9.87,2.2949,5.45,12.8,0.6028,60.3%,9.8487,0.04%,0.244,0.756,Bearish,Moderate Contraction,31.8,False,Downtrend,Below SMA20,25127.85,25102.3,6.2,19.35,N/A,6,Downside Breakdown,3.85,8.6,10.05
9347,09-06-2025 13:10,25109.35,25111.4,25105.0,25109.1,6.4,9.205,2.3719,5.95,12.8,0.6953,69.5%,8.7122,0.03%,0.039,0.961,Bearish,Mild Contraction,23.4,False,Downtrend,Below SMA20,25127.85,25103.45,5.65,18.75,N/A,2,Downside Breakdown,5.0,10.65,10.65
9365,09-06-2025 14:40,25100.0,25105.8,25099.1,25102.35,6.7,11.01,3.859,7.2,16.8,0.6085,60.9%,10.2268,0.04%,0.351,0.649,Bullish,Moderate Contraction,30.8,False,Downtrend,Below SMA20,25116.05,25083.5,18.85,13.7,N/A,10,Upside Breakout,83.25,10.0,96.95
9368,09-06-2025 14:55,25096.65,25099.55,25092.35,25098.25,7.2,10.59,4.2873,5.5,16.8,0.6799,68.0%,9.0991,0.04%,0.222,0.778,Bullish,Mild Contraction,18.4,False,Downtrend,Below SMA20,25110.45,25083.5,14.75,12.2,N/A,5,Upside Breakout,0.5,12.7,101.05
9371,09-06-2025 15:10,25105.0,25105.5,25099.35,25103.2,6.15,9.17,3.0478,5.5,16.35,0.6707,67.1%,8.7342,0.03%,0.293,0.707,Bearish,Mild Contraction,23.1,False,Uptrend,Above SMA20,25107.25,25085.85,17.35,4.05,N/A,2,Upside Breakout,3.7,96.1,96.1
9382,10-06-2025 09:50,25124.2,25142.0,25120.1,25126.45,21.9,32.07,26.2333,5.95,77.3,0.6829,68.3%,27.5739,0.11%,0.103,0.897,Bullish,Mild Contraction,10.7,False,Uptrend,Above SMA20,25199.3,25055.45,71.0,72.85,N/A,,,,32.35,37.3
9385,10-06-2025 10:05,25147.8,25157.6,25140.25,25150.0,17.35,34.59,24.3326,5.7,77.3,0.5016,50.2%,23.4916,0.09%,0.127,0.873,Bullish,Mild Contraction,26.8,False,Uptrend,Above SMA20,25199.3,25055.45,94.55,49.3,N/A,,,,22.45,50.2
9392,10-06-2025 10:40,25149.85,25153.8,25145.85,25149.2,7.95,15.4,5.5409,5.7,23.0,0.5162,51.6%,16.7659,0.07%,0.082,0.918,Bearish,Strong Contraction,52.6,True,Uptrend,Above SMA20,25163.75,25120.1,29.1,14.55,N/A,2,Downside Breakdown,14.85,49.4,49.4
9396,10-06-2025 11:00,25112.3,25118.3,25109.65,25116.8,8.65,16.465,7.7555,7.95,35.5,0.5254,52.5%,17.7704,0.07%,0.52,0.48,Bullish,Moderate Contraction,33.4,False,Downtrend,Below SMA20,25163.75,25099.8,17.0,46.95,N/A,,,,14.7,27.1
9399,10-06-2025 11:15,25127.8,25128.7,25121.25,25124.05,7.45,15.05,7.9255,7.95,35.5,0.495,49.5%,15.0172,0.06%,0.503,0.497,Bearish,Moderate Contraction,36.5,False,Downtrend,Below SMA20,25153.8,25099.8,24.25,29.75,N/A,,,,12.6,26.45
9404,10-06-2025 11:40,25133.05,25135.6,25129.7,25134.8,5.9,13.095,8.5388,7.45,35.5,0.4506,45.1%,11.6628,0.05%,0.297,0.703,Bullish,Moderate Contraction,38.5,False,Uptrend,Above SMA20,25140.75,25099.8,35.0,5.95,N/A,1,Upside Breakout,3.15,15.7,15.7
9418,10-06-2025 12:50,25132.8,25135.35,25129.0,25134.75,6.35,9.795,1.9856,6.25,12.6,0.6483,64.8%,9.4674,0.04%,0.307,0.693,Bullish,Moderate Contraction,31.1,False,Downtrend,Above SMA20,25150.5,25120.0,14.75,15.75,N/A,18,Downside Breakdown,0.6,10.6,13.6
9432,10-06-2025 14:00,25126.7,25130.1,25123.75,25127.45,6.35,9.6,1.9295,7.05,13.15,0.6615,66.1%,9.1544,0.04%,0.118,0.882,Bullish,Moderate Contraction,30.6,False,Downtrend,Below SMA20,25140.85,25121.15,6.3,13.4,N/A,3,Downside Breakdown,0.05,9.5,23.3
9447,10-06-2025 15:15,25103.95,25111.8,25101.2,25109.55,10.6,15.3,7.9382,7.35,35.2,0.6928,69.3%,14.556,0.06%,0.528,0.472,Bullish,Mild Contraction,15.2,False,Downtrend,Below SMA20,25129.0,25086.15,23.4,19.45,N/A,3,Upside Breakout,7.2,28.25,40.85
9455,11-06-2025 09:40,25124.4,25126.2,25115.85,25126.2,10.35,23.105,13.5773,9.2,54.9,0.448,44.8%,19.1814,0.08%,0.174,0.826,Bullish,Moderate Contraction,37.4,False,Uptrend,Above SMA20,25150.4,25081.3,44.9,24.2,N/A,4,Upside Breakout,3.8,32.15,32.75
9459,11-06-2025 10:00,25145.65,25154.2,25145.65,25152.5,8.55,21.61,13.0002,10.05,54.9,0.3957,39.6%,16.7266,0.07%,0.801,0.199,Bullish,Moderate Contraction,42.4,False,Uptrend,Above SMA20,25150.4,25081.3,71.2,-2.1,N/A,1,Upside Breakout,7.95,20.1,36.35
9462,11-06-2025 10:15,25147.15,25154.25,25146.6,25152.1,7.65,15.72,6.2158,8.55,28.05,0.4866,48.7%,14.8345,0.06%,0.647,0.353,Bullish,Moderate Contraction,38.7,False,Uptrend,Above SMA20,25158.95,25112.45,39.65,6.85,N/A,5,Upside Breakout,14.8,21.65,36.75
9466,11-06-2025 10:35,25148.85,25150.75,25141.65,25145.65,9.1,13.08,4.6522,7.65,23.4,0.6957,69.6%,13.5666,0.05%,0.352,0.648,Bearish,Mild Contraction,19.2,False,Uptrend,Above SMA20,25158.95,25112.45,33.2,13.3,N/A,1,Upside Breakout,14.8,43.2,58.3
9469,11-06-2025 10:50,25172.0,25174.2,25168.4,25169.75,5.8,14.03,6.4988,7.65,28.95,0.4134,41.3%,14.7977,0.06%,0.388,0.612,Bearish,Moderate Contraction,42.7,False,Uptrend,Above SMA20,25188.85,25132.4,37.35,19.1,N/A,5,Upside Breakout,15.1,34.2,34.2
9473,11-06-2025 11:10,25176.85,25182.2,25173.65,25180.8,8.55,13.475,6.8035,5.8,28.95,0.6345,63.5%,12.7373,0.05%,0.462,0.538,Bullish,Mild Contraction,20.2,False,Uptrend,Above SMA20,25188.85,25132.4,48.4,8.05,N/A,1,Upside Breakout,15.1,23.15,35.15
9477,11-06-2025 11:30,25185.75,25193.65,25185.65,25190.3,8.0,14.315,7.7751,5.8,28.95,0.5589,55.9%,12.9884,0.05%,0.569,0.431,Bullish,Mild Contraction,27.0,False,Uptrend,Above SMA20,25203.95,25144.8,45.5,13.65,N/A,4,Upside Breakout,11.4,25.65,30.1
9483,11-06-2025 12:00,25210.15,25213.0,25205.0,25211.9,8.0,12.42,6.8918,6.55,24.8,0.6441,64.4%,12.1183,0.05%,0.219,0.781,Bullish,Mild Contraction,21.5,False,Uptrend,Above SMA20,25215.95,25173.65,38.25,4.05,N/A,4,Upside Breakout,4.45,10.4,25.6
9496,11-06-2025 13:05,25209.95,25216.45,25208.0,25212.65,8.45,12.55,2.415,7.65,15.65,0.6733,67.3%,11.5892,0.05%,0.32,0.68,Bullish,Moderate Contraction,46.7,True,Uptrend,Above SMA20,25222.4,25186.3,26.35,9.75,N/A,4,Downside Breakdown,14.9,53.4,104.5
9507,11-06-2025 14:00,25144.85,25144.85,25130.95,25133.1,13.9,20.43,11.2432,7.1,43.7,0.6804,68.0%,19.9938,0.08%,0.845,0.155,Bearish,Mild Contraction,13.8,False,Downtrend,Below SMA20,25214.35,25108.15,24.95,81.25,N/A,,,,20.2,24.5
9511,11-06-2025 14:20,25138.5,25151.35,25137.9,25150.45,13.45,19.905,10.3583,10.8,43.7,0.6757,67.6%,17.6905,0.07%,0.888,0.112,Bullish,Mild Contraction,18.7,False,Downtrend,Below SMA20,25173.8,25108.15,42.3,23.35,N/A,15,Upside Breakout,1.9,19.85,19.85
9514,11-06-2025 14:35,25141.05,25142.95,25130.6,25137.25,12.35,19.55,10.8296,6.65,43.7,0.6317,63.2%,15.5884,0.06%,0.308,0.692,Bearish,Mild Contraction,18.4,False,Uptrend,Below SMA20,25155.25,25108.15,29.1,18.0,N/A,3,Upside Breakout,2.35,20.35,20.35
9521,11-06-2025 15:10,25147.95,25150.15,25143.45,25144.95,6.7,11.84,4.0527,6.65,19.75,0.5659,56.6%,12.3554,0.05%,0.448,0.552,Bearish,Moderate Contraction,33.8,False,Downtrend,Above SMA20,25157.6,25130.6,14.35,12.65,N/A,2,Downside Breakdown,1.6,30.75,61.5
9536,12-06-2025 10:10,25102.95,25108.3,25095.5,25096.8,12.8,31.095,11.2135,16.05,49.9,0.4116,41.2%,26.1003,0.1%,0.48,0.52,Bearish,Moderate Contraction,44.6,False,Downtrend,Below SMA20,25196.2,25064.8,32.0,99.4,N/A,6,Downside Breakdown,23.25,23.75,55.25
9539,12-06-2025 10:25,25097.65,25111.7,25097.05,25103.8,14.65,29.99,12.4592,12.8,49.9,0.4885,48.8%,23.5258,0.09%,0.42,0.58,Bullish,Moderate Contraction,36.1,False,Downtrend,Below SMA20,25196.2,25064.8,39.0,92.4,N/A,3,Downside Breakdown,23.25,62.25,66.25
9544,12-06-2025 10:50,25058.75,25065.15,25051.75,25055.65,13.4,24.77,13.8906,11.45,57.65,0.541,54.1%,24.1723,0.1%,0.231,0.769,Bearish,Moderate Contraction,30.3,False,Downtrend,Below SMA20,25115.75,25041.55,14.1,60.1,N/A,4,Downside Breakdown,4.0,18.1,37.1
9547,12-06-2025 11:05,25058.9,25060.55,25048.55,25055.25,12.0,20.745,13.8423,11.45,57.65,0.5785,57.8%,20.0273,0.08%,0.304,0.696,Bearish,Mild Contraction,28.9,False,Downtrend,Below SMA20,25115.75,25041.55,13.7,60.5,N/A,1,Downside Breakdown,4.0,37.5,37.5
9555,12-06-2025 11:45,25035.65,25043.2,25031.0,25042.6,12.2,20.315,7.2248,11.9,32.95,0.6005,60.1%,21.0865,0.08%,0.57,0.43,Bullish,Moderate Contraction,30.6,False,Downtrend,Below SMA20,25092.75,25020.4,22.2,50.15,N/A,3,Downside Breakdown,11.05,33.25,33.25
9560,12-06-2025 12:10,25034.1,25040.15,25032.8,25039.15,7.35,19.39,8.609,8.85,33.0,0.3791,37.9%,17.8765,0.07%,0.687,0.313,Bullish,Moderate Contraction,45.3,False,Downtrend,Below SMA20,25092.75,25009.35,29.8,53.6,N/A,15,Downside Breakdown,31.95,23.65,35.35
9571,12-06-2025 13:05,25029.6,25040.0,25027.65,25035.25,12.35,19.2,6.8047,10.55,28.8,0.6432,64.3%,18.7711,0.07%,0.457,0.543,Bullish,Mild Contraction,24.1,False,Downtrend,Below SMA20,25074.5,25021.65,13.6,39.25,N/A,4,Downside Breakdown,44.25,100.9,164.25
9587,12-06-2025 14:25,24861.45,24865.5,24844.85,24862.9,20.65,33.195,7.6064,24.4,50.15,0.6221,62.2%,30.036,0.12%,0.07,0.93,Bullish,Moderate Contraction,32.7,False,Downtrend,Below SMA20,24953.0,24825.9,37.0,90.1,N/A,13,Downside Breakdown,352.9,50.25,58.05
9592,12-06-2025 14:50,24905.45,24910.2,24893.9,24896.8,16.3,34.325,8.4163,20.65,48.75,0.4749,47.5%,31.2306,0.13%,0.531,0.469,Bearish,Strong Contraction,63.6,True,Uptrend,Below SMA20,24913.15,24825.9,70.9,16.35,N/A,2,Upside Breakout,7.8,30.3,423.8
9596,12-06-2025 15:10,24901.95,24901.95,24884.6,24887.55,17.35,29.915,10.5279,16.3,48.75,0.58,58.0%,27.2275,0.11%,0.83,0.17,Bearish,Strong Contraction,51.3,True,Uptrend,Above SMA20,24920.95,24844.85,42.7,33.4,N/A,4,Downside Breakdown,371.85,414.55,414.55
9605,13-06-2025 09:40,24635.65,24638.7,24616.6,24621.2,22.1,43.675,40.4765,10.8,149.15,0.506,50.6%,57.0328,0.23%,0.654,0.346,Bearish,Mild Contraction,26.9,False,Downtrend,Below SMA20,24910.95,24473.0,148.2,289.75,N/A,,,,27.75,61.65
9608,13-06-2025 09:55,24639.1,24647.15,24627.2,24641.9,19.95,47.56,38.6727,10.8,149.15,0.4195,41.9%,48.0835,0.2%,0.14,0.86,Bullish,Moderate Contraction,34.6,False,Downtrend,Below SMA20,24878.15,24473.0,168.9,236.25,N/A,,,,27.65,46.15
9612,13-06-2025 10:15,24642.5,24646.25,24625.2,24630.55,21.05,34.6,13.9994,14.5,56.4,0.6084,60.8%,37.7269,0.15%,0.568,0.432,Bearish,Mild Contraction,23.6,False,Downtrend,Below SMA20,24654.8,24583.05,47.5,24.25,N/A,1,Upside Breakout,8.95,53.6,61.95
9617,13-06-2025 10:40,24666.25,24677.75,24663.1,24673.95,14.65,25.215,8.3194,14.5,38.35,0.581,58.1%,29.3781,0.12%,0.526,0.474,Bullish,Moderate Contraction,32.9,False,Uptrend,Above SMA20,24684.15,24610.2,63.75,10.2,N/A,1,Upside Breakout,3.9,18.55,34.2
9620,13-06-2025 10:55,24680.5,24684.8,24670.6,24671.55,14.2,21.685,7.4554,14.5,38.35,0.6548,65.5%,25.1034,0.1%,0.63,0.37,Bearish,Mild Contraction,27.6,False,Uptrend,Above SMA20,24692.45,24616.6,54.95,20.9,N/A,2,Upside Breakout,0.05,31.8,31.8
9625,13-06-2025 11:20,24655.2,24662.15,24650.95,24657.2,11.2,18.815,3.943,14.2,27.0,0.5953,59.5%,21.3379,0.09%,0.179,0.821,Bullish,Moderate Contraction,35.6,False,Downtrend,Above SMA20,24692.5,24639.75,17.45,35.3,N/A,4,Upside Breakout,1.25,36.55,44.9
9633,13-06-2025 12:00,24684.0,24694.3,24683.6,24692.0,10.7,16.325,4.671,11.2,27.0,0.6554,65.5%,16.404,0.07%,0.748,0.252,Bullish,Mild Contraction,28.6,False,Uptrend,Above SMA20,24693.75,24639.75,52.25,1.75,N/A,1,Upside Breakout,8.35,32.6,32.6
9638,13-06-2025 12:25,24709.2,24712.85,24703.85,24706.45,9.0,15.995,7.3269,9.4,35.8,0.5627,56.3%,16.6319,0.07%,0.306,0.694,Bearish,Moderate Contraction,32.6,False,Uptrend,Above SMA20,24724.6,24673.15,33.3,18.15,N/A,14,Upside Breakout,3.15,30.55,32.0
9641,13-06-2025 12:40,24692.05,24696.45,24687.45,24690.8,9.0,14.755,8.0045,7.95,35.8,0.61,61.0%,14.4427,0.06%,0.139,0.861,Bearish,Mild Contraction,25.7,False,Uptrend,Above SMA20,24724.6,24674.45,16.35,33.8,N/A,11,Upside Breakout,3.15,16.35,24.65
9644,13-06-2025 12:55,24681.6,24685.5,24678.0,24682.45,7.5,14.425,8.1442,7.95,35.8,0.5199,52.0%,13.2081,0.05%,0.113,0.887,Bullish,Moderate Contraction,34.5,False,Downtrend,Below SMA20,24724.6,24675.9,6.55,42.15,N/A,1,Downside Breakdown,0.3,17.85,71.9
9660,13-06-2025 14:15,24714.35,24717.95,24705.3,24711.05,12.65,18.09,5.0802,11.25,26.2,0.6993,69.9%,15.9343,0.06%,0.261,0.739,Bearish,Moderate Contraction,41.3,True,Uptrend,Above SMA20,24754.35,24689.0,22.05,43.3,N/A,5,Downside Breakdown,2.65,24.7,60.15
9671,13-06-2025 15:10,24727.95,24728.45,24717.2,24725.6,11.25,20.395,9.7985,9.15,39.7,0.5516,55.2%,20.0936,0.08%,0.209,0.791,Bearish,Mild Contraction,29.4,False,Uptrend,Above SMA20,24727.9,24650.9,74.7,2.3,N/A,2,Upside Breakout,5.25,91.9,92.05
9680,16-06-2025 09:40,24757.65,24775.2,24753.45,24765.0,21.75,31.55,26.1202,11.25,101.4,0.6894,68.9%,29.4968,0.12%,0.338,0.662,Bullish,Moderate Contraction,32.1,True,Uptrend,Above SMA20,24817.65,24702.6,62.4,52.65,N/A,9,Upside Breakout,14.8,58.85,99.3
9683,16-06-2025 09:55,24724.6,24737.25,24721.2,24737.25,16.05,38.295,25.7883,15.05,101.4,0.4191,41.9%,31.7753,0.13%,0.788,0.212,Bullish,Moderate Contraction,39.5,False,Uptrend,Above SMA20,24817.65,24703.6,33.65,80.4,N/A,6,Upside Breakout,14.8,61.05,153.45
9686,16-06-2025 10:10,24767.95,24771.0,24761.3,24763.7,9.7,31.405,13.6669,12.5,60.8,0.3089,30.9%,27.3319,0.11%,0.438,0.562,Bearish,Strong Contraction,50.3,False,Downtrend,Above SMA20,24817.65,24706.15,57.55,53.95,N/A,3,Upside Breakout,14.8,100.6,143.3
9691,16-06-2025 10:35,24846.85,24857.1,24843.0,24855.55,14.1,29.315,16.0284,9.7,60.8,0.481,48.1%,27.062,0.11%,0.617,0.383,Bullish,Moderate Contraction,32.8,False,Uptrend,Above SMA20,24864.3,24706.15,149.4,8.75,N/A,1,Upside Breakout,6.1,51.45,75.1
9694,16-06-2025 10:50,24867.25,24873.5,24859.3,24871.75,14.2,24.16,11.0069,9.7,39.4,0.5877,58.8%,24.7744,0.1%,0.317,0.683,Bullish,Mild Contraction,24.7,False,Uptrend,Above SMA20,24890.7,24726.05,145.7,18.95,N/A,2,Upside Breakout,16.3,58.9,58.9
9699,16-06-2025 11:15,24906.75,24912.3,24900.55,24905.85,11.75,25.255,11.1948,6.9,39.4,0.4653,46.5%,23.2532,0.09%,0.077,0.923,Bearish,Moderate Contraction,34.2,False,Uptrend,Above SMA20,24930.65,24793.05,112.8,24.8,N/A,15,Upside Breakout,12.45,31.6,31.6
9703,16-06-2025 11:35,24892.25,24907.35,24892.15,24903.2,15.2,21.8,9.5942,6.9,36.8,0.6972,69.7%,22.0412,0.09%,0.72,0.28,Bullish,Mild Contraction,12.5,False,Uptrend,Above SMA20,24930.65,24859.3,43.9,27.45,N/A,11,Upside Breakout,12.45,21.85,21.85
9707,16-06-2025 11:55,24901.85,24903.25,24890.1,24892.2,13.15,21.635,7.7566,11.75,36.8,0.6078,60.8%,20.2959,0.08%,0.734,0.266,Bearish,Mild Contraction,27.9,False,Downtrend,Above SMA20,24930.65,24874.25,17.95,38.45,N/A,7,Upside Breakout,12.45,26.35,60.85
9712,16-06-2025 12:20,24897.7,24903.55,24894.8,24900.35,8.75,17.525,5.5611,7.65,25.3,0.4993,49.9%,17.6766,0.07%,0.303,0.697,Bullish,Moderate Contraction,37.1,False,Uptrend,Above SMA20,24925.05,24883.45,16.9,24.7,N/A,2,Upside Breakout,18.05,52.7,52.7
9716,16-06-2025 12:40,24949.35,24953.05,24939.25,24940.6,13.8,20.345,13.2667,7.65,51.1,0.6783,67.8%,21.2605,0.09%,0.634,0.366,Bearish,Mild Contraction,14.0,False,Uptrend,Above SMA20,24952.5,24889.6,51.0,11.9,N/A,11,Upside Breakout,1.25,25.3,25.3
9719,16-06-2025 12:55,24926.15,24928.35,24915.3,24921.5,13.05,20.13,13.0326,7.65,51.1,0.6483,64.8%,19.1481,0.08%,0.356,0.644,Bearish,Mild Contraction,17.0,False,Uptrend,Above SMA20,24953.05,24891.35,30.15,31.55,N/A,8,Upside Breakout,0.7,20.85,45.15
9722,16-06-2025 13:10,24936.5,24941.7,24929.15,24934.4,12.55,18.73,12.832,8.75,51.1,0.67,67.0%,17.1783,0.07%,0.167,0.833,Bearish,Mild Contraction,16.5,False,Uptrend,Above SMA20,24953.05,24891.65,42.75,18.65,N/A,5,Upside Breakout,0.7,19.35,32.25
9735,16-06-2025 14:15,24961.65,24965.75,24957.2,24959.25,8.55,14.3,2.6658,10.15,19.1,0.5979,59.8%,13.5957,0.05%,0.281,0.719,Bearish,Moderate Contraction,36.6,False,Uptrend,Above SMA20,24967.1,24927.65,31.6,7.85,N/A,15,Upside Breakout,14.95,30.75,30.75
9756,17-06-2025 09:45,24880.9,24884.75,24865.1,24868.75,19.65,33.32,24.0992,10.3,90.55,0.5897,59.0%,29.179,0.12%,0.618,0.382,Bearish,Mild Contraction,21.0,False,Downtrend,Below SMA20,24982.05,24862.1,6.65,113.3,N/A,1,Downside Breakdown,4.15,22.3,39.65
9760,17-06-2025 10:05,24860.15,24867.35,24854.05,24856.55,13.3,36.425,21.6218,15.85,90.55,0.3651,36.5%,25.2701,0.1%,0.271,0.729,Bearish,Moderate Contraction,44.5,False,Downtrend,Below SMA20,24982.05,24850.45,6.1,125.5,N/A,1,Downside Breakdown,4.0,35.25,51.85
9763,17-06-2025 10:20,24880.7,24881.1,24870.95,24877.65,10.15,26.39,12.3972,9.9,50.6,0.3846,38.5%,22.4027,0.09%,0.3,0.7,Bearish,Moderate Contraction,44.3,False,Downtrend,Below SMA20,24917.15,24846.45,31.2,39.5,N/A,,,,30.75,30.75
9767,17-06-2025 10:40,24897.15,24904.25,24893.55,24900.45,10.7,19.365,7.2998,9.9,31.05,0.5525,55.3%,20.275,0.08%,0.308,0.692,Bullish,Moderate Contraction,32.7,False,Uptrend,Above SMA20,24908.4,24846.45,54.0,7.95,N/A,,,,32.0,33.75
9770,17-06-2025 10:55,24875.4,24877.3,24869.8,24875.85,7.5,17.55,7.8366,9.9,31.05,0.4274,42.7%,18.3147,0.07%,0.06,0.94,Bullish,Moderate Contraction,42.0,False,Uptrend,Below SMA20,24908.4,24846.45,29.4,32.55,N/A,,,,13.55,24.0
9777,17-06-2025 11:30,24890.2,24893.6,24885.6,24891.7,8.0,13.315,6.1276,7.5,27.95,0.6008,60.1%,14.3264,0.06%,0.188,0.812,Bullish,Mild Contraction,28.3,False,Downtrend,Above SMA20,24904.25,24866.7,25.0,12.55,N/A,5,Downside Breakdown,2.05,27.05,40.05
9783,17-06-2025 12:00,24866.65,24868.2,24859.9,24863.3,8.3,12.36,3.3992,8.0,19.65,0.6715,67.2%,12.4675,0.05%,0.404,0.596,Bearish,Mild Contraction,26.2,False,Downtrend,Below SMA20,24899.85,24864.65,-1.35,36.55,N/A,1,Downside Breakdown,4.75,16.5,42.45
9787,17-06-2025 12:20,24859.25,24862.3,24855.0,24856.5,7.3,11.405,3.3774,8.0,18.65,0.6401,64.0%,11.9763,0.05%,0.377,0.623,Bearish,Mild Contraction,29.5,False,Downtrend,Below SMA20,24899.85,24851.65,4.85,43.35,N/A,1,Downside Breakdown,4.85,18.65,42.8
9795,17-06-2025 13:00,24827.9,24830.25,24821.05,24826.5,9.2,14.38,5.1895,7.3,22.7,0.6398,64.0%,13.841,0.06%,0.152,0.848,Bearish,Mild Contraction,23.1,False,Downtrend,Below SMA20,24872.65,24813.7,12.8,46.15,N/A,,,,19.65,30.45
9798,17-06-2025 13:15,24839.8,24843.75,24837.0,24841.65,6.75,13.97,4.9681,8.4,22.7,0.4832,48.3%,12.3829,0.05%,0.274,0.726,Bullish,Moderate Contraction,39.7,False,Downtrend,Below SMA20,24864.05,24813.7,27.95,22.4,N/A,11,Upside Breakout,2.2,11.05,22.2
9802,17-06-2025 13:35,24849.15,24852.5,24846.25,24851.0,6.25,12.47,4.4979,6.75,20.75,0.5012,50.1%,11.3517,0.05%,0.296,0.704,Bullish,Moderate Contraction,38.3,False,Uptrend,Above SMA20,24852.7,24813.7,37.3,1.7,N/A,3,Upside Breakout,4.25,11.45,18.25
9809,17-06-2025 14:10,24862.2,24866.25,24860.15,24862.35,6.1,10.765,3.6361,5.95,16.85,0.5667,56.7%,10.8171,0.04%,0.025,0.975,Bullish,Moderate Contraction,33.4,False,Uptrend,Above SMA20,24863.85,24830.6,31.75,1.5,N/A,1,Upside Breakout,3.45,25.6,25.6
9816,17-06-2025 14:45,24852.4,24858.8,24850.8,24854.55,8.0,12.245,6.0906,6.1,26.85,0.6533,65.3%,12.2399,0.05%,0.269,0.731,Bullish,Mild Contraction,20.0,False,Uptrend,Above SMA20,24869.25,24836.75,17.8,14.7,N/A,8,Downside Breakdown,2.9,13.15,77.65
9830,18-06-2025 09:40,24934.4,24939.7,24929.4,24937.8,10.3,30.82,14.6202,16.7,60.9,0.3342,33.4%,25.9216,0.1%,0.33,0.67,Bullish,Moderate Contraction,47.9,False,Uptrend,Above SMA20,24944.45,24776.9,160.9,6.65,N/A,1,Upside Breakout,3.1,36.15,83.7
9833,18-06-2025 09:55,24916.6,24917.75,24902.25,24902.25,15.5,29.66,15.6382,10.3,60.9,0.5226,52.3%,23.8252,0.1%,0.926,0.074,Bearish,Mild Contraction,29.3,False,Uptrend,Above SMA20,24947.55,24776.9,125.35,45.3,N/A,19,Downside Breakdown,6.85,26.6,59.8
9836,18-06-2025 10:10,24908.7,24916.95,24901.65,24916.95,15.3,24.27,12.2421,10.3,52.45,0.6304,63.0%,20.7548,0.08%,0.539,0.461,Bullish,Mild Contraction,20.5,False,Uptrend,Above SMA20,24947.55,24829.8,87.15,30.6,N/A,9,Downside Breakdown,2.65,74.5,89.8
9839,18-06-2025 10:25,24878.0,24888.25,24874.2,24882.75,14.05,20.765,8.9386,10.3,40.3,0.6766,67.7%,22.1289,0.09%,0.338,0.662,Bullish,Mild Contraction,17.9,False,Downtrend,Below SMA20,24947.55,24878.1,4.65,64.8,N/A,1,Downside Breakdown,24.0,52.75,64.6
9842,18-06-2025 10:40,24874.6,24879.8,24867.3,24871.5,12.5,22.145,9.4784,14.05,40.3,0.5645,56.4%,23.0752,0.09%,0.248,0.752,Bearish,Moderate Contraction,32.8,False,Downtrend,Below SMA20,24933.55,24842.45,29.05,62.05,N/A,2,Downside Breakdown,12.45,45.5,101.45
9846,18-06-2025 11:00,24846.55,24847.7,24836.35,24839.05,11.35,23.775,9.115,12.5,40.3,0.4774,47.7%,21.5458,0.09%,0.661,0.339,Bearish,Moderate Contraction,39.5,False,Downtrend,Below SMA20,24928.85,24827.15,11.9,89.8,N/A,1,Downside Breakdown,1.15,33.6,72.15
9850,18-06-2025 11:20,24822.55,24825.85,24811.9,24814.05,13.95,20.325,8.2177,11.35,34.0,0.6863,68.6%,18.6289,0.08%,0.609,0.391,Bearish,Mild Contraction,18.9,False,Downtrend,Below SMA20,24884.8,24818.15,-4.1,70.75,N/A,1,Downside Breakdown,12.7,47.15,47.15
9854,18-06-2025 11:40,24798.75,24807.35,24794.1,24804.75,13.25,19.455,9.7238,8.35,37.35,0.6811,68.1%,20.5302,0.08%,0.453,0.547,Bullish,Mild Contraction,15.4,False,Downtrend,Below SMA20,24856.45,24766.9,37.85,51.7,N/A,13,Downside Breakdown,6.25,27.95,27.95
9860,18-06-2025 12:10,24819.3,24820.65,24811.15,24816.35,9.5,18.58,10.042,7.25,37.35,0.5113,51.1%,17.6705,0.07%,0.311,0.689,Bearish,Moderate Contraction,31.3,False,Uptrend,Below SMA20,24825.85,24766.9,49.45,9.5,N/A,7,Downside Breakdown,6.25,35.45,55.7
9865,18-06-2025 12:35,24787.3,24794.5,24786.5,24793.45,8.0,15.375,6.4052,7.25,25.1,0.5203,52.0%,15.7509,0.06%,0.769,0.231,Bullish,Strong Contraction,54.2,True,Downtrend,Below SMA20,24821.75,24776.8,16.65,28.3,N/A,2,Downside Breakdown,16.15,32.8,32.8
9871,18-06-2025 13:05,24785.9,24795.25,24785.9,24790.4,9.35,16.3,6.9487,8.0,26.7,0.5736,57.4%,16.2338,0.07%,0.481,0.519,Bullish,Mild Contraction,29.0,False,Downtrend,Below SMA20,24817.5,24760.65,29.75,27.1,N/A,15,Downside Breakdown,8.6,17.65,24.8
9875,18-06-2025 13:25,24795.8,24802.25,24793.95,24801.9,8.3,14.685,6.2367,8.0,26.7,0.5652,56.5%,14.1009,0.06%,0.735,0.265,Bullish,Moderate Contraction,31.9,False,Uptrend,Above SMA20,24803.8,24760.65,41.25,1.9,N/A,1,Upside Breakout,4.25,36.3,36.3
9883,18-06-2025 14:05,24780.6,24782.1,24773.2,24777.05,8.9,13.525,3.1225,8.3,19.6,0.658,65.8%,13.6485,0.06%,0.399,0.601,Bearish,Moderate Contraction,47.5,True,Downtrend,Below SMA20,24814.95,24765.6,11.45,37.9,N/A,3,Downside Breakdown,13.55,26.6,43.7
9895,18-06-2025 15:05,24808.4,24816.05,24805.2,24815.25,10.85,18.02,6.0103,11.25,28.5,0.6021,60.2%,16.2614,0.07%,0.631,0.369,Bullish,Moderate Contraction,31.6,False,Uptrend,Above SMA20,24829.65,24750.45,64.8,14.4,N/A,6,Downside Breakdown,12.35,63.7,77.15
9905,19-06-2025 09:40,24831.35,24842.0,24826.35,24839.6,15.65,27.155,22.8451,8.3,72.45,0.5763,57.6%,25.4258,0.1%,0.527,0.473,Bullish,Mild Contraction,21.8,False,Uptrend,Above SMA20,24838.2,24738.1,101.5,-1.4,N/A,1,Upside Breakout,24.9,26.65,40.5
9910,19-06-2025 10:05,24821.55,24826.35,24815.0,24818.75,11.35,34.26,19.2212,15.65,72.45,0.3313,33.1%,24.9427,0.1%,0.247,0.753,Bearish,Moderate Contraction,47.0,False,Uptrend,Above SMA20,24863.1,24738.1,80.65,44.35,N/A,,,,20.75,22.3
9913,19-06-2025 10:20,24831.25,24836.9,24827.55,24832.7,9.35,23.075,9.0874,11.35,35.0,0.4052,40.5%,21.0961,0.08%,0.155,0.845,Bullish,Moderate Contraction,44.4,False,Uptrend,Above SMA20,24863.1,24800.4,32.3,30.4,N/A,2,Downside Breakdown,1.3,36.25,36.25
9917,19-06-2025 10:40,24815.35,24818.1,24806.25,24813.05,11.85,20.46,10.4841,8.85,39.2,0.5792,57.9%,20.5735,0.08%,0.194,0.806,Bearish,Mild Contraction,25.8,False,Downtrend,Below SMA20,24847.9,24796.45,16.6,34.85,N/A,9,Downside Breakdown,5.2,11.6,21.8
9921,19-06-2025 11:00,24811.5,24816.1,24808.9,24811.15,7.2,16.18,9.0415,8.85,39.2,0.445,44.5%,16.5051,0.07%,0.049,0.951,Bearish,Moderate Contraction,39.5,False,Downtrend,Below SMA20,24839.5,24796.45,14.7,28.35,N/A,5,Downside Breakdown,5.2,19.9,19.9
9924,19-06-2025 11:15,24814.3,24815.65,24809.45,24811.3,6.2,14.965,9.4165,7.2,39.2,0.4143,41.4%,14.0923,0.06%,0.484,0.516,Bearish,Moderate Contraction,41.0,False,Downtrend,Below SMA20,24838.35,24796.45,14.85,27.05,N/A,2,Downside Breakdown,5.2,20.05,20.05
9930,19-06-2025 11:45,24799.5,24806.2,24798.2,24803.8,8.0,12.7,4.6432,6.2,17.95,0.6299,63.0%,13.9374,0.06%,0.537,0.463,Bullish,Mild Contraction,23.5,False,Downtrend,Below SMA20,24824.25,24791.25,12.55,20.45,N/A,11,Downside Breakdown,4.45,18.4,18.4
9936,19-06-2025 12:15,24811.85,24813.75,24807.1,24807.5,6.65,12.78,4.7731,5.55,17.95,0.5203,52.0%,11.623,0.05%,0.654,0.346,Bearish,Moderate Contraction,33.6,False,Uptrend,Below SMA20,24822.2,24791.25,16.25,14.7,N/A,5,Downside Breakdown,4.45,20.7,35.3
9939,19-06-2025 12:30,24805.65,24807.6,24801.65,24804.5,5.95,10.49,4.1759,5.55,17.55,0.5672,56.7%,10.523,0.04%,0.193,0.807,Bearish,Moderate Contraction,31.4,False,Uptrend,Below SMA20,24822.2,24797.6,6.9,17.7,N/A,1,Downside Breakdown,3.55,32.3,32.3
9944,19-06-2025 12:55,24788.25,24792.6,24785.25,24789.85,7.35,12.005,4.9506,5.95,21.5,0.6122,61.2%,11.9933,0.05%,0.218,0.782,Bullish,Mild Contraction,25.1,False,Downtrend,Below SMA20,24822.2,24772.2,17.65,32.35,N/A,13,Upside Breakout,14.2,17.85,17.85
9949,19-06-2025 13:20,24788.7,24791.75,24784.45,24787.5,7.3,13.385,5.2055,5.95,21.5,0.5454,54.5%,12.5014,0.05%,0.164,0.836,Bearish,Strong Contraction,51.0,True,Downtrend,Below SMA20,24807.7,24772.2,15.3,20.2,N/A,7,Upside Breakout,3.95,14.35,54.5
9954,19-06-2025 13:45,24789.0,24794.85,24786.7,24791.35,8.15,13.43,4.4009,7.3,20.65,0.6069,60.7%,12.93,0.05%,0.288,0.712,Bullish,Moderate Contraction,48.5,True,Uptrend,Below SMA20,24807.7,24780.55,10.8,16.35,N/A,2,Upside Breakout,3.95,50.65,58.5
9966,19-06-2025 14:45,24804.4,24809.55,24801.6,24806.75,7.95,18.74,7.3792,11.65,35.75,0.4242,42.4%,16.6987,0.07%,0.296,0.704,Bullish,Moderate Contraction,43.1,False,Downtrend,Below SMA20,24849.85,24787.75,19.0,43.1,N/A,6,Downside Breakdown,1.8,17.0,74.75
9979,20-06-2025 09:35,24831.55,24847.45,24829.35,24836.7,18.1,35.765,24.9853,16.85,97.85,0.5061,50.6%,34.6133,0.14%,0.285,0.715,Bullish,Strong Contraction,53.3,True,Uptrend,Above SMA20,24881.5,24733.4,103.3,44.8,N/A,2,Upside Breakout,18.75,63.55,182.0
9983,20-06-2025 09:55,24872.4,24877.5,24853.0,24865.15,24.5,40.05,22.9434,18.1,97.85,0.6117,61.2%,32.6981,0.13%,0.296,0.704,Bearish,Mild Contraction,22.6,False,Uptrend,Above SMA20,24900.25,24733.4,131.75,35.1,N/A,3,Upside Breakout,18.9,116.75,175.3
9993,20-06-2025 10:45,25002.95,25008.75,24996.1,25003.35,12.65,29.0,9.8207,17.3,45.7,0.4362,43.6%,28.0664,0.11%,0.032,0.968,Bullish,Strong Contraction,63.4,True,Uptrend,Above SMA20,25040.45,24853.0,150.35,37.1,N/A,11,Upside Breakout,4.55,21.3,32.4
9996,20-06-2025 11:00,24994.85,25012.05,24994.85,25009.65,17.2,29.38,10.2074,12.65,45.7,0.5854,58.5%,26.2712,0.11%,0.86,0.14,Bullish,Mild Contraction,27.1,False,Uptrend,Above SMA20,25040.45,24881.45,128.2,30.8,N/A,8,Upside Breakout,4.55,10.15,35.35
9999,20-06-2025 11:15,25016.65,25019.8,25005.65,25006.2,14.15,22.69,10.3191,7.45,41.15,0.6236,62.4%,21.4214,0.09%,0.739,0.261,Bearish,Mild Contraction,19.7,False,Downtrend,Above SMA20,25040.45,24977.55,28.65,34.25,N/A,5,Upside Breakout,4.55,38.8,38.8
10008,20-06-2025 12:00,25029.85,25032.35,25022.35,25028.3,10.0,16.35,5.8878,8.45,28.35,0.6116,61.2%,17.2304,0.07%,0.155,0.845,Bearish,Moderate Contraction,46.5,True,Uptrend,Above SMA20,25045.0,25002.8,25.5,16.7,N/A,4,Downside Breakdown,4.35,48.45,64.25
10018,20-06-2025 12:50,25020.65,25032.9,25019.45,25027.9,13.45,19.765,5.8917,9.6,24.6,0.6805,68.0%,19.667,0.08%,0.539,0.461,Bullish,Mild Contraction,18.9,False,Downtrend,Above SMA20,25043.2,24964.05,63.85,15.3,N/A,3,Upside Breakout,1.3,47.5,50.45
10022,20-06-2025 13:10,25043.4,25047.75,25035.25,25038.25,12.5,20.215,5.8916,11.15,26.85,0.6184,61.8%,17.9643,0.07%,0.412,0.588,Bearish,Mild Contraction,28.2,False,Uptrend,Above SMA20,25044.5,24964.05,74.2,6.25,N/A,1,Upside Breakout,30.9,40.1,40.1
10029,20-06-2025 13:45,25047.75,25053.3,25042.8,25050.7,10.5,19.125,8.4608,11.15,38.2,0.549,54.9%,18.1497,0.07%,0.281,0.719,Bullish,Moderate Contraction,33.7,False,Uptrend,Above SMA20,25078.35,25017.65,33.05,27.65,N/A,15,Upside Breakout,24.3,15.0,19.3
10032,20-06-2025 14:00,25038.45,25048.05,25037.6,25039.45,10.45,19.075,8.2229,10.5,38.2,0.5478,54.8%,17.4328,0.07%,0.096,0.904,Bullish,Moderate Contraction,33.9,False,Uptrend,Above SMA20,25078.35,25034.55,4.9,38.9,N/A,6,Downside Breakdown,2.2,21.75,21.75
10040,20-06-2025 14:40,25048.75,25051.55,25043.55,25046.05,8.0,16.63,4.9074,10.45,25.25,0.4811,48.1%,15.9424,0.06%,0.338,0.662,Bearish,Moderate Contraction,41.3,False,Downtrend,Below SMA20,25061.2,25031.4,14.65,15.15,N/A,4,Upside Breakout,41.45,76.15,120.0
10048,20-06-2025 15:20,25126.35,25135.0,25121.15,25121.15,13.85,20.855,15.4046,8.0,62.8,0.6641,66.4%,20.4222,0.08%,0.375,0.625,Bearish,Moderate Contraction,35.2,True,Uptrend,Above SMA20,25132.8,25031.4,89.75,11.65,N/A,1,Upside Breakout,3.4,262.4,286.6
10057,23-06-2025 09:50,24857.15,24878.35,24856.25,24867.35,22.1,38.94,17.1468,13.85,63.4,0.5675,56.8%,37.9546,0.15%,0.462,0.538,Bullish,Mild Contraction,25.9,False,Downtrend,Below SMA20,25136.2,24834.55,32.8,268.85,N/A,2,Downside Breakdown,9.7,42.5,57.75
10060,23-06-2025 10:05,24830.05,24853.4,24828.8,24853.4,24.6,37.43,12.8763,22.1,62.05,0.6572,65.7%,34.3696,0.14%,0.949,0.051,Bullish,Mild Contraction,24.2,False,Downtrend,Below SMA20,24988.1,24824.85,28.55,134.7,N/A,,,,52.5,85.65
10063,23-06-2025 10:20,24865.55,24885.65,24865.55,24884.9,20.1,29.365,13.1921,10.1,57.95,0.6845,68.4%,27.8729,0.11%,0.963,0.037,Bullish,Mild Contraction,14.0,False,Uptrend,Below SMA20,24916.7,24824.85,60.05,31.8,N/A,4,Upside Breakout,8.4,51.2,54.15
10070,23-06-2025 10:55,24915.9,24921.4,24908.4,24918.5,13.0,19.535,5.6842,10.1,27.9,0.6655,66.5%,22.7188,0.09%,0.2,0.8,Bullish,Mild Contraction,21.6,False,Uptrend,Above SMA20,24939.05,24828.8,89.7,20.55,N/A,5,Upside Breakout,5.15,25.7,50.3
10074,23-06-2025 11:15,24929.45,24933.25,24921.4,24925.25,11.85,18.83,5.6394,10.8,27.9,0.6293,62.9%,19.6737,0.08%,0.354,0.646,Bearish,Mild Contraction,27.6,False,Uptrend,Above SMA20,24939.05,24877.6,47.65,13.8,N/A,1,Upside Breakout,5.15,43.55,43.55
10077,23-06-2025 11:30,24945.15,24956.2,24944.95,24953.25,11.25,18.445,6.434,10.8,27.9,0.6099,61.0%,18.1052,0.07%,0.72,0.28,Bullish,Mild Contraction,29.6,False,Uptrend,Above SMA20,24949.15,24898.2,55.05,-4.1,N/A,1,Upside Breakout,12.2,24.45,24.45
10082,23-06-2025 11:55,24930.95,24938.95,24928.95,24935.65,10.0,17.3,5.611,11.25,27.55,0.578,57.8%,17.4005,0.07%,0.47,0.53,Bullish,Moderate Contraction,33.5,False,Uptrend,Above SMA20,24968.8,24902.6,33.05,33.15,N/A,16,Upside Breakout,8.8,20.25,28.5
10090,23-06-2025 12:35,24943.1,24946.2,24938.3,24944.1,7.9,13.65,5.4463,9.65,27.55,0.5788,57.9%,12.9392,0.05%,0.127,0.873,Bullish,Moderate Contraction,32.2,False,Downtrend,Above SMA20,24963.4,24928.8,15.3,19.3,N/A,2,Upside Breakout,0.75,20.05,95.6
10094,23-06-2025 12:55,24947.9,24950.8,24944.9,24950.0,5.9,13.27,4.5794,7.9,22.05,0.4446,44.5%,13.2629,0.05%,0.356,0.644,Bullish,Moderate Contraction,42.6,False,Uptrend,Above SMA20,24964.15,24933.75,16.25,14.15,N/A,4,Upside Breakout,13.45,82.5,96.05
10104,23-06-2025 13:45,25020.45,25023.8,25013.35,25016.3,10.45,18.07,14.6486,5.9,56.7,0.5783,57.8%,17.2012,0.07%,0.397,0.603,Bearish,Moderate Contraction,42.1,True,Uptrend,Above SMA20,25046.05,24944.9,71.4,29.75,N/A,3,Upside Breakout,3.05,40.7,40.7
10115,23-06-2025 14:40,24980.1,24987.45,24978.0,24985.5,9.45,19.405,6.4062,10.0,31.2,0.487,48.7%,17.4621,0.07%,0.571,0.429,Bullish,Moderate Contraction,39.9,False,Downtrend,Below SMA20,25057.0,24979.15,6.35,71.5,N/A,1,Downside Breakdown,6.65,13.0,265.35
10118,23-06-2025 14:55,24984.6,24990.3,24981.0,24987.05,9.3,17.925,5.1759,9.45,28.55,0.5188,51.9%,15.9071,0.06%,0.263,0.737,Bullish,Moderate Contraction,38.7,False,Downtrend,Below SMA20,25057.0,24972.5,14.55,69.95,N/A,5,Downside Breakdown,8.5,23.05,263.8
10121,23-06-2025 15:10,24982.25,24987.45,24979.55,24979.9,7.9,14.39,3.672,9.3,18.7,0.549,54.9%,14.0449,0.06%,0.297,0.703,Bearish,Moderate Contraction,37.5,False,Downtrend,Below SMA20,25003.7,24972.5,7.4,23.8,N/A,2,Downside Breakdown,8.5,270.95,270.95
10134,24-06-2025 10:00,25193.45,25219.4,25191.25,25207.1,28.15,44.21,26.2662,17.65,100.85,0.6367,63.7%,42.8861,0.17%,0.485,0.515,Bullish,Mild Contraction,18.8,False,Uptrend,Above SMA20,25250.85,24951.7,255.4,43.75,N/A,3,Upside Breakout,7.1,50.85,50.85
10137,24-06-2025 10:15,25233.35,25257.95,25232.6,25236.8,25.35,40.165,15.6599,17.65,68.25,0.6311,63.1%,39.2194,0.16%,0.136,0.864,Bullish,Mild Contraction,21.8,False,Uptrend,Above SMA20,25247.3,25118.5,118.3,10.5,N/A,3,Upside Breakout,0.2,45.55,69.7
10141,24-06-2025 10:35,25220.05,25225.4,25212.35,25215.1,13.05,34.185,12.1579,21.3,58.7,0.3817,38.2%,31.8809,0.13%,0.379,0.621,Bearish,Moderate Contraction,46.9,False,Uptrend,Above SMA20,25257.95,25118.5,96.6,42.85,N/A,6,Upside Breakout,18.5,48.0,71.15
10148,24-06-2025 11:10,25263.95,25269.4,25251.45,25256.4,17.95,28.59,10.6095,13.05,46.45,0.6278,62.8%,30.2516,0.12%,0.421,0.579,Bearish,Mild Contraction,22.8,False,Uptrend,Above SMA20,25276.45,25167.1,89.3,20.05,N/A,1,Upside Breakout,5.1,32.05,40.9
10152,24-06-2025 11:30,25283.4,25287.65,25267.9,25277.8,19.75,29.03,10.4397,17.15,46.45,0.6803,68.0%,27.6376,0.11%,0.284,0.716,Bearish,Mild Contraction,21.2,False,Uptrend,Above SMA20,25286.25,25167.1,110.7,8.45,N/A,1,Upside Breakout,2.2,15.5,39.9
10156,24-06-2025 11:50,25273.95,25280.7,25269.7,25276.8,11.0,23.93,8.4855,17.15,42.75,0.4597,46.0%,22.9273,0.09%,0.259,0.741,Bullish,Moderate Contraction,41.4,False,Uptrend,Above SMA20,25288.45,25218.55,58.25,11.65,N/A,1,Upside Breakout,4.85,40.9,132.85
10171,24-06-2025 13:05,25223.95,25240.85,25215.85,25239.9,25.0,43.725,28.3101,13.1,104.8,0.5718,57.2%,38.5424,0.15%,0.638,0.362,Bullish,Mild Contraction,22.9,False,Downtrend,Below SMA20,25311.1,25143.95,95.95,71.2,N/A,3,Downside Breakdown,24.45,152.5,232.3
10175,24-06-2025 13:25,25119.3,25150.85,25117.1,25134.75,33.75,54.72,23.6771,25.0,104.8,0.6168,61.7%,43.3445,0.17%,0.458,0.542,Bullish,Mild Contraction,23.3,False,Downtrend,Below SMA20,25287.35,25119.5,15.25,152.6,N/A,1,Downside Breakdown,32.1,127.15,135.05
10181,24-06-2025 13:55,25082.0,25085.55,25051.5,25083.75,34.05,51.86,16.1799,25.0,71.1,0.6566,65.7%,48.234,0.19%,0.051,0.949,Bullish,Mild Contraction,21.2,False,Downtrend,Below SMA20,25240.85,25007.6,76.15,157.1,N/A,2,Downside Breakdown,7.9,84.05,84.05
10184,24-06-2025 14:10,25034.1,25049.1,25013.0,25040.15,36.1,53.57,14.7699,33.75,71.1,0.6739,67.4%,47.3068,0.19%,0.168,0.832,Bullish,Mild Contraction,25.0,False,Downtrend,Below SMA20,25190.6,24999.7,40.45,150.45,N/A,,,,34.85,36.9
10187,24-06-2025 14:25,25036.7,25044.25,25019.25,25038.65,25.0,45.63,14.6665,20.55,67.15,0.5479,54.8%,40.745,0.16%,0.078,0.922,Bullish,Moderate Contraction,32.2,False,Downtrend,Below SMA20,25098.65,24999.7,38.95,60.0,N/A,13,Upside Breakout,68.95,38.4,38.4
10190,24-06-2025 14:40,25070.45,25077.05,25054.6,25054.7,22.45,38.12,14.3648,20.55,63.65,0.5889,58.9%,36.1485,0.14%,0.702,0.298,Bearish,Mild Contraction,29.6,False,Downtrend,Below SMA20,25092.75,24999.7,55.0,38.05,N/A,10,Upside Breakout,74.85,39.2,112.9
10196,24-06-2025 15:10,25044.25,25044.75,25031.45,25041.5,13.3,27.55,7.7002,17.9,40.95,0.4828,48.3%,28.2122,0.11%,0.207,0.793,Bearish,Strong Contraction,61.7,True,Uptrend,Below SMA20,25077.05,25015.5,26.0,35.55,N/A,3,Upside Breakout,1.3,143.45,158.95
10207,25-06-2025 09:50,25181.7,25196.25,25179.45,25187.35,16.8,24.44,8.526,16.05,42.55,0.6874,68.7%,26.7726,0.11%,0.336,0.664,Bullish,Mild Contraction,23.4,False,Uptrend,Above SMA20,25200.45,25038.85,148.5,13.1,N/A,1,Upside Breakout,4.25,21.25,30.05
10210,25-06-2025 10:05,25198.05,25202.6,25188.15,25193.05,14.45,24.09,8.8174,14.85,42.55,0.5998,60.0%,22.8633,0.09%,0.346,0.654,Bearish,Moderate Contraction,31.2,False,Uptrend,Above SMA20,25208.6,25125.05,68.0,15.55,N/A,4,Upside Breakout,0.85,20.4,25.0
10214,25-06-2025 10:25,25204.55,25209.45,25202.2,25207.7,7.25,19.07,3.3996,14.45,25.6,0.3802,38.0%,19.9681,0.08%,0.434,0.566,Bullish,Extreme Squeeze,75.7,True,Uptrend,Above SMA20,25208.6,25167.05,40.65,0.9,N/A,1,Upside Breakout,3.7,19.55,19.55
10221,25-06-2025 11:00,25204.35,25210.6,25200.95,25206.65,9.65,15.375,4.7043,7.25,21.3,0.6276,62.8%,16.0789,0.06%,0.238,0.762,Bullish,Mild Contraction,24.3,False,Uptrend,Above SMA20,25218.05,25172.65,34.0,11.4,N/A,6,Upside Breakout,2.45,15.95,15.95
10226,25-06-2025 11:25,25208.75,25215.3,25208.3,25212.2,7.0,13.635,3.6484,8.5,18.5,0.5134,51.3%,13.6039,0.05%,0.493,0.507,Bullish,Strong Contraction,59.8,True,Downtrend,Above SMA20,25218.05,25188.15,24.05,5.85,N/A,1,Upside Breakout,2.45,8.3,31.1
10229,25-06-2025 11:40,25212.3,25213.45,25207.45,25210.0,6.0,12.22,4.4573,7.0,18.5,0.491,49.1%,11.6725,0.05%,0.383,0.617,Bearish,Moderate Contraction,38.9,False,Downtrend,Above SMA20,25220.5,25190.7,19.3,10.5,N/A,4,Downside Breakdown,0.75,20.05,29.7
10232,25-06-2025 11:55,25210.0,25214.8,25209.25,25212.95,5.55,9.825,3.9432,5.9,18.5,0.5649,56.5%,9.9565,0.04%,0.532,0.468,Bullish,Moderate Contraction,33.1,False,Uptrend,Above SMA20,25220.5,25190.7,22.25,7.55,N/A,1,Downside Breakdown,0.75,32.65,32.65
10253,25-06-2025 13:40,25249.95,25258.75,25248.05,25257.85,10.7,15.66,3.9811,11.35,22.9,0.6833,68.3%,14.683,0.06%,0.738,0.262,Bullish,Mild Contraction,27.2,False,Uptrend,Above SMA20,25266.8,25188.65,69.2,8.95,N/A,,,,33.55,42.1
10259,25-06-2025 14:10,25244.85,25246.7,25238.4,25246.05,8.3,14.66,4.2123,10.65,21.5,0.5662,56.6%,13.8458,0.05%,0.145,0.855,Bullish,Moderate Contraction,35.2,False,Downtrend,Above SMA20,25266.8,25224.3,21.75,20.75,N/A,4,Downside Breakdown,8.55,30.3,30.3
10265,25-06-2025 14:40,25240.5,25246.8,25238.15,25245.85,8.65,14.925,10.7689,8.2,43.45,0.5796,58.0%,14.6653,0.06%,0.618,0.382,Bullish,Mild Contraction,28.5,False,Uptrend,Above SMA20,25262.05,25215.75,30.1,16.2,N/A,10,Upside Breakout,37.45,23.2,53.65
10268,25-06-2025 14:55,25239.8,25240.05,25233.25,25235.8,6.8,16.19,11.3195,8.2,43.45,0.42,42.0%,14.9796,0.06%,0.588,0.412,Bearish,Moderate Contraction,40.1,False,Downtrend,Below SMA20,25262.05,25215.75,20.05,26.25,N/A,7,Upside Breakout,37.45,19.95,154.15
10272,25-06-2025 15:15,25248.6,25249.65,25241.35,25245.55,8.3,16.96,10.8119,6.8,43.45,0.4894,48.9%,14.2998,0.06%,0.367,0.633,Bearish,Strong Contraction,53.1,True,Downtrend,Above SMA20,25262.05,25215.75,29.8,16.5,N/A,3,Upside Breakout,37.45,106.3,149.55
10289,26-06-2025 10:25,25373.4,25379.8,25361.05,25362.3,18.75,27.285,6.8932,19.65,42.2,0.6872,68.7%,26.2046,0.1%,0.592,0.408,Bearish,Mild Contraction,26.9,False,Uptrend,Above SMA20,25437.9,25336.7,25.6,75.6,N/A,3,Downside Breakdown,32.65,69.8,69.8
10295,26-06-2025 10:55,25330.9,25335.85,25316.45,25318.4,19.4,29.955,15.0993,15.95,66.8,0.6476,64.8%,29.2741,0.12%,0.644,0.356,Bearish,Moderate Contraction,41.6,True,Downtrend,Below SMA20,25419.5,25292.5,25.9,101.1,N/A,19,Upside Breakout,1.7,46.8,51.95
10298,26-06-2025 11:10,25332.35,25342.45,25322.35,25337.75,20.1,30.21,16.5691,15.95,66.8,0.6653,66.5%,28.7702,0.11%,0.269,0.731,Bullish,Mild Contraction,19.2,False,Downtrend,Below SMA20,25387.55,25292.5,45.25,49.8,N/A,10,Upside Breakout,3.5,32.6,53.3
10301,26-06-2025 11:25,25348.1,25348.1,25328.85,25337.35,19.25,30.965,16.1171,15.95,66.8,0.6217,62.2%,26.9005,0.11%,0.558,0.442,Bearish,Mild Contraction,23.7,False,Downtrend,Below SMA20,25375.8,25292.5,44.85,38.45,N/A,7,Upside Breakout,15.25,33.0,76.15
10306,26-06-2025 11:50,25346.6,25349.65,25338.35,25342.0,11.3,28.575,8.8567,19.25,47.1,0.3955,39.5%,26.9296,0.11%,0.407,0.593,Bearish,Moderate Contraction,47.2,False,Downtrend,Below SMA20,25370.35,25306.35,35.65,28.35,N/A,2,Upside Breakout,20.7,71.5,79.2
10312,26-06-2025 12:20,25395.65,25405.85,25391.55,25402.45,14.3,27.205,11.2756,11.3,48.6,0.5256,52.6%,24.9203,0.1%,0.476,0.524,Bullish,Strong Contraction,51.9,True,Uptrend,Above SMA20,25413.5,25306.35,96.1,11.05,N/A,2,Upside Breakout,7.7,37.45,51.15
10315,26-06-2025 12:35,25402.0,25409.8,25399.7,25406.7,10.1,22.975,11.5495,11.3,48.6,0.4396,44.0%,21.6665,0.09%,0.465,0.535,Bullish,Moderate Contraction,40.5,False,Uptrend,Above SMA20,25421.2,25318.35,88.35,14.5,N/A,8,Upside Breakout,17.15,55.4,55.4
10326,26-06-2025 13:30,25402.2,25414.4,25395.6,25408.75,18.8,30.32,9.5955,19.25,47.15,0.6201,62.0%,27.8806,0.11%,0.348,0.652,Bullish,Strong Contraction,50.6,True,Uptrend,Above SMA20,25451.55,25351.3,57.45,42.8,N/A,3,Upside Breakout,23.85,94.15,120.75
10337,26-06-2025 14:25,25514.25,25519.3,25507.05,25509.8,12.25,29.51,7.706,18.05,39.8,0.4151,41.5%,27.7357,0.11%,0.363,0.637,Bearish,Moderate Contraction,47.5,False,Uptrend,Above SMA20,25529.5,25409.45,100.35,19.7,N/A,6,Upside Breakout,18.3,29.45,55.5
10340,26-06-2025 14:40,25505.05,25507.9,25492.6,25505.6,15.3,26.94,10.0966,11.85,39.8,0.5679,56.8%,23.5874,0.09%,0.036,0.964,Bullish,Mild Contraction,28.7,False,Uptrend,Above SMA20,25529.5,25458.35,47.25,23.9,N/A,3,Upside Breakout,18.3,59.7,116.9
10347,26-06-2025 15:15,25541.05,25550.2,25534.75,25541.5,15.45,22.235,7.8751,11.85,34.6,0.6949,69.5%,24.0456,0.09%,0.029,0.971,Bullish,Mild Contraction,17.7,False,Uptrend,Above SMA20,25565.3,25480.35,61.15,23.8,N/A,3,Upside Breakout,57.2,81.0,81.0
10354,27-06-2025 09:35,25565.25,25573.8,25553.85,25560.35,19.95,34.635,20.1861,15.45,85.15,0.576,57.6%,33.7652,0.13%,0.246,0.754,Bearish,Mild Contraction,26.0,False,Uptrend,Above SMA20,25622.5,25523.55,36.8,62.15,N/A,,,,31.9,31.9
10359,27-06-2025 10:00,25544.5,25556.95,25542.05,25556.45,14.9,37.095,18.8832,19.95,85.15,0.4017,40.2%,29.8582,0.12%,0.802,0.198,Bullish,Moderate Contraction,42.9,False,Uptrend,Above SMA20,25622.5,25523.55,32.9,66.05,N/A,,,,21.85,43.95
10362,27-06-2025 10:15,25568.1,25578.3,25567.25,25573.75,11.05,26.68,12.7328,9.35,49.5,0.4142,41.4%,23.4872,0.09%,0.511,0.489,Bullish,Moderate Contraction,40.5,False,Uptrend,Above SMA20,25588.1,25523.55,50.2,14.35,N/A,6,Upside Breakout,2.6,34.15,36.5
10372,27-06-2025 11:05,25603.0,25608.6,25599.4,25606.35,9.2,15.97,5.0164,11.05,27.7,0.5761,57.6%,16.9283,0.07%,0.364,0.636,Bullish,Strong Contraction,53.8,True,Uptrend,Above SMA20,25610.25,25539.6,66.75,3.9,N/A,7,Upside Breakout,0.65,10.7,10.7
10376,27-06-2025 11:25,25607.35,25607.75,25597.65,25601.15,10.1,14.57,5.5801,9.2,27.7,0.6932,69.3%,14.3921,0.06%,0.614,0.386,Bearish,Mild Contraction,21.0,False,Uptrend,Above SMA20,25610.25,25539.6,61.55,9.1,N/A,3,Upside Breakout,0.65,9.75,31.35
10383,27-06-2025 12:00,25610.9,25615.95,25608.95,25611.2,7.0,10.87,1.5277,8.9,13.7,0.644,64.4%,11.7029,0.05%,0.043,0.957,Bullish,Moderate Contraction,35.9,False,Uptrend,Above SMA20,25617.0,25595.65,15.55,5.8,N/A,1,Upside Breakout,0.8,21.3,37.4
10393,27-06-2025 12:50,25639.35,25646.45,25638.45,25644.7,8.0,11.94,4.2423,7.0,20.4,0.67,67.0%,11.6997,0.05%,0.669,0.331,Bullish,Mild Contraction,22.3,False,Uptrend,Above SMA20,25648.6,25607.95,36.75,3.9,N/A,1,Upside Breakout,0.75,32.7,35.9
10396,27-06-2025 13:05,25626.4,25628.75,25619.65,25622.7,9.1,13.435,4.5701,8.0,20.9,0.6773,67.7%,12.1909,0.05%,0.407,0.593,Bearish,Mild Contraction,22.0,False,Downtrend,Above SMA20,25649.35,25612.1,10.6,26.65,N/A,2,Downside Breakdown,0.1,15.7,15.7
10399,27-06-2025 13:20,25615.1,25616.35,25608.8,25608.85,7.55,11.73,3.9629,8.0,20.9,0.6436,64.4%,11.306,0.04%,0.828,0.172,Bearish,Mild Contraction,28.5,False,Downtrend,Below SMA20,25649.35,25612.0,-3.15,40.5,N/A,1,Downside Breakdown,2.95,29.55,30.5
10404,27-06-2025 13:45,25626.05,25630.85,25623.4,25628.15,7.45,13.22,6.8506,7.55,29.35,0.5635,56.4%,12.2353,0.05%,0.282,0.718,Bullish,Moderate Contraction,32.0,False,Downtrend,Above SMA20,25649.35,25608.8,19.35,21.2,N/A,15,Upside Breakout,4.85,11.2,16.9
10407,27-06-2025 14:00,25634.25,25635.65,25629.4,25633.55,6.25,12.52,6.3463,7.45,29.35,0.4992,49.9%,11.5043,0.04%,0.112,0.888,Bearish,Moderate Contraction,36.4,False,Uptrend,Above SMA20,25638.4,25608.8,24.75,4.85,N/A,1,Upside Breakout,0.95,22.0,22.3
10421,27-06-2025 15:10,25631.3,25634.85,25626.45,25633.0,8.4,13.5,6.6263,7.95,28.1,0.6222,62.2%,13.4701,0.05%,0.202,0.798,Bullish,Mild Contraction,26.7,False,Uptrend,Above SMA20,25654.2,25611.25,21.75,21.2,N/A,4,Upside Breakout,15.15,41.45,64.7
10432,30-06-2025 09:50,25569.15,25578.7,25559.75,25563.75,18.95,29.425,18.8496,11.15,77.8,0.644,64.4%,24.5449,0.1%,0.285,0.715,Bearish,Mild Contraction,17.4,False,Downtrend,Below SMA20,25669.35,25568.3,-4.55,105.6,N/A,1,Downside Breakdown,10.25,36.25,36.25
10437,30-06-2025 10:15,25586.7,25600.0,25583.3,25600.0,16.7,24.74,4.7463,17.85,34.0,0.675,67.5%,23.6318,0.09%,0.796,0.204,Bullish,Mild Contraction,29.9,False,Downtrend,Below SMA20,25651.05,25543.7,56.3,51.05,N/A,5,Downside Breakdown,2.1,58.4,63.3
10440,30-06-2025 10:30,25554.85,25561.05,25549.6,25560.75,11.45,23.375,6.8948,13.85,37.25,0.4898,49.0%,22.2761,0.09%,0.515,0.485,Bullish,Moderate Contraction,40.7,False,Downtrend,Below SMA20,25606.25,25543.7,17.05,45.5,N/A,2,Downside Breakdown,2.1,24.05,24.05
10443,30-06-2025 10:45,25544.6,25553.7,25540.1,25541.1,13.6,20.75,8.1995,11.45,37.25,0.6554,65.5%,19.6788,0.08%,0.257,0.743,Bearish,Mild Contraction,22.3,False,Downtrend,Below SMA20,25600.0,25541.6,-0.5,58.9,N/A,1,Downside Breakdown,4.9,24.85,26.45
10446,30-06-2025 11:00,25558.3,25562.7,25551.9,25552.05,10.8,18.09,8.6999,8.5,37.25,0.597,59.7%,17.2604,0.07%,0.579,0.421,Bearish,Mild Contraction,25.3,False,Downtrend,Below SMA20,25600.0,25536.7,15.35,47.95,N/A,,,,13.9,26.25
10451,30-06-2025 11:25,25556.45,25560.65,25552.85,25555.4,7.8,13.9,4.5866,6.7,20.25,0.5612,56.1%,14.8203,0.06%,0.135,0.865,Bearish,Moderate Contraction,31.5,False,Downtrend,Below SMA20,25569.9,25536.7,18.7,14.5,N/A,4,Upside Breakout,0.6,22.9,43.9
10454,30-06-2025 11:40,25557.75,25562.4,25555.2,25561.7,7.2,12.445,4.8853,6.7,20.25,0.5785,57.9%,13.0249,0.05%,0.549,0.451,Bullish,Moderate Contraction,30.6,False,Uptrend,Above SMA20,25567.55,25536.7,25.0,5.85,N/A,1,Upside Breakout,2.95,19.15,37.6
10457,30-06-2025 11:55,25573.8,25575.65,25568.2,25568.2,7.45,11.305,4.1888,6.7,19.4,0.659,65.9%,11.7296,0.05%,0.752,0.248,Bearish,Mild Contraction,23.7,False,Uptrend,Above SMA20,25578.3,25539.0,29.2,10.1,N/A,1,Upside Breakout,2.55,31.1,31.1
10466,30-06-2025 12:40,25546.9,25551.0,25542.45,25542.5,8.55,13.96,5.5054,7.45,23.0,0.6125,61.2%,13.6998,0.05%,0.515,0.485,Bearish,Moderate Contraction,46.5,True,Downtrend,Below SMA20,25599.3,25545.85,-3.35,56.8,N/A,1,Downside Breakdown,7.05,43.4,52.0
10471,30-06-2025 13:05,25511.65,25515.65,25505.4,25507.95,10.25,16.225,5.9086,8.55,28.05,0.6317,63.2%,15.3605,0.06%,0.361,0.639,Bearish,Mild Contraction,24.5,False,Downtrend,Below SMA20,25599.3,25499.1,8.85,91.35,N/A,2,Downside Breakdown,8.6,17.45,34.65
10476,30-06-2025 13:30,25509.65,25514.0,25507.9,25511.25,6.1,14.145,5.8105,8.0,28.05,0.4312,43.1%,12.9182,0.05%,0.262,0.738,Bullish,Moderate Contraction,42.3,False,Downtrend,Below SMA20,25555.35,25490.5,20.75,44.1,N/A,3,Downside Breakdown,4.8,37.95,37.95
10488,30-06-2025 14:30,25491.35,25492.3,25485.85,25485.85,6.45,16.43,3.9416,9.5,21.35,0.3926,39.3%,14.3566,0.06%,0.853,0.147,Bearish,Strong Contraction,50.2,False,Downtrend,Below SMA20,25509.65,25473.3,12.55,23.8,N/A,4,Upside Breakout,10.15,33.95,40.8
10504,01-07-2025 09:35,25581.45,25584.8,25570.1,25584.2,14.7,21.09,14.2926,10.5,54.45,0.697,69.7%,21.0625,0.08%,0.187,0.813,Bullish,Moderate Contraction,34.5,True,Uptrend,Above SMA20,25589.75,25503.55,80.65,5.55,N/A,1,Upside Breakout,0.05,45.9,61.35
10510,01-07-2025 10:05,25550.4,25557.55,25541.4,25547.0,16.15,26.99,13.2396,9.7,54.45,0.5984,59.8%,22.648,0.09%,0.211,0.789,Bearish,Mild Contraction,22.4,False,Uptrend,Above SMA20,25593.4,25513.8,33.2,46.4,N/A,11,Downside Breakdown,0.5,24.15,27.35
10513,01-07-2025 10:20,25531.95,25534.45,25522.85,25527.0,11.6,20.555,8.1172,9.7,34.0,0.5643,56.4%,19.9994,0.08%,0.427,0.573,Bearish,Mild Contraction,29.8,False,Downtrend,Below SMA20,25593.4,25526.55,0.45,66.4,N/A,1,Downside Breakdown,2.1,27.25,27.25
10517,01-07-2025 10:40,25553.85,25553.85,25540.4,25542.9,13.45,20.095,8.0067,10.05,34.0,0.6693,66.9%,18.091,0.07%,0.814,0.186,Bearish,Mild Contraction,19.1,False,Downtrend,Below SMA20,25591.8,25522.85,20.05,48.9,N/A,3,Downside Breakdown,3.2,29.6,29.6
10522,01-07-2025 11:05,25519.85,25524.6,25517.65,25520.65,6.95,14.385,3.6382,10.05,21.55,0.4831,48.3%,14.7598,0.06%,0.115,0.885,Bullish,Strong Contraction,62.6,True,Downtrend,Below SMA20,25554.25,25513.3,7.35,33.6,N/A,9,Downside Breakdown,2.05,14.95,18.85
10526,01-07-2025 11:25,25523.25,25528.1,25521.75,25526.3,6.35,12.625,4.0947,6.65,18.5,0.503,50.3%,12.8011,0.05%,0.48,0.52,Bullish,Moderate Contraction,38.9,False,Downtrend,Below SMA20,25554.25,25513.3,13.0,27.95,N/A,5,Downside Breakdown,2.05,15.05,24.5
10540,01-07-2025 12:35,25539.55,25547.2,25539.25,25543.15,7.95,12.7,3.3237,9.0,19.45,0.626,62.6%,12.3786,0.05%,0.453,0.547,Bullish,Moderate Contraction,31.4,False,Uptrend,Above SMA20,25551.3,25501.8,41.35,8.15,N/A,19,Upside Breakout,0.55,11.5,19.95
10544,01-07-2025 12:55,25532.95,25538.85,25532.7,25534.25,6.15,11.83,3.6026,7.95,19.45,0.5199,52.0%,11.1935,0.04%,0.211,0.789,Bullish,Moderate Contraction,38.2,False,Uptrend,Above SMA20,25551.3,25512.4,21.85,17.05,N/A,12,Downside Breakdown,3.2,11.05,11.05
10547,01-07-2025 13:10,25530.75,25536.05,25530.0,25531.2,6.05,10.9,3.9634,6.15,19.45,0.555,55.5%,10.0884,0.04%,0.074,0.926,Bullish,Moderate Contraction,34.4,False,Downtrend,Above SMA20,25551.3,25525.05,6.15,20.1,N/A,2,Downside Breakdown,1.85,8.0,22.0
10550,01-07-2025 13:25,25528.35,25529.8,25523.9,25527.9,5.9,8.79,2.4337,6.05,14.75,0.6712,67.1%,9.1808,0.04%,0.076,0.924,Bearish,Mild Contraction,27.6,False,Downtrend,Below SMA20,25547.2,25523.2,4.7,19.3,N/A,6,Downside Breakdown,14.0,9.0,24.3
10555,01-07-2025 13:50,25528.05,25529.1,25523.65,25526.15,5.45,8.07,1.4587,5.9,9.6,0.6753,67.5%,8.3253,0.03%,0.349,0.651,Bearish,Strong Contraction,50.4,True,Downtrend,Below SMA20,25541.25,25523.2,2.95,15.1,N/A,1,Downside Breakdown,14.0,26.05,26.05
10561,01-07-2025 14:20,25541.8,25544.25,25536.9,25539.25,7.35,10.995,4.9434,5.45,22.6,0.6685,66.8%,10.5912,0.04%,0.347,0.653,Bearish,Mild Contraction,18.6,False,Uptrend,Above SMA20,25552.2,25509.2,30.05,12.95,N/A,12,Upside Breakout,4.75,24.2,24.2
10565,01-07-2025 14:40,25529.35,25531.75,25525.1,25526.0,6.65,11.64,5.6647,5.45,22.6,0.5713,57.1%,10.299,0.04%,0.504,0.496,Bearish,Mild Contraction,27.9,False,Downtrend,Below SMA20,25552.2,25509.2,16.8,26.2,N/A,8,Upside Breakout,4.75,22.5,82.1
10579,02-07-2025 09:35,25548.5,25560.55,25546.75,25556.0,13.8,20.79,8.2499,9.6,34.95,0.6638,66.4%,22.3977,0.09%,0.543,0.457,Bullish,Mild Contraction,18.8,False,Uptrend,Above SMA20,25608.1,25527.0,29.0,52.1,N/A,5,Downside Breakdown,9.75,38.75,59.15
10585,02-07-2025 10:05,25527.15,25528.05,25513.05,25520.25,15.0,21.83,7.0229,12.6,34.95,0.6871,68.7%,19.7906,0.08%,0.46,0.54,Bearish,Mild Contraction,20.4,False,Downtrend,Below SMA20,25608.1,25517.25,3.0,87.85,N/A,2,Downside Breakdown,20.4,23.4,37.75
10590,02-07-2025 10:30,25523.55,25523.55,25511.3,25513.85,12.25,18.365,5.3148,12.5,29.1,0.667,66.7%,18.3391,0.07%,0.792,0.208,Bearish,Moderate Contraction,47.6,True,Downtrend,Below SMA20,25559.15,25496.85,17.0,45.3,N/A,1,Downside Breakdown,4.15,31.35,50.45
10594,02-07-2025 10:50,25492.65,25494.2,25487.4,25491.65,6.8,16.865,5.6701,12.25,29.1,0.4032,40.3%,15.978,0.06%,0.147,0.853,Bearish,Moderate Contraction,45.8,False,Downtrend,Below SMA20,25535.55,25482.5,9.15,43.9,N/A,2,Downside Breakdown,7.4,28.25,28.25
10607,02-07-2025 11:55,25495.7,25496.75,25489.8,25490.0,6.95,15.295,3.6287,10.5,21.05,0.4544,45.4%,14.4048,0.06%,0.82,0.18,Bearish,Moderate Contraction,45.5,False,Uptrend,Below SMA20,25501.5,25463.4,26.6,11.5,N/A,3,Upside Breakout,2.45,13.95,13.95
10612,02-07-2025 12:20,25491.55,25496.8,25489.55,25495.0,7.25,13.28,4.2122,6.95,21.05,0.5459,54.6%,12.4124,0.05%,0.476,0.524,Bullish,Moderate Contraction,35.0,False,Uptrend,Above SMA20,25503.95,25472.95,22.05,8.95,N/A,6,Downside Breakdown,12.6,14.85,34.65
10615,02-07-2025 12:35,25489.25,25491.5,25484.7,25490.15,6.8,11.205,3.8617,6.95,19.7,0.6069,60.7%,10.8298,0.04%,0.132,0.868,Bullish,Moderate Contraction,31.0,False,Downtrend,Above SMA20,25503.95,25480.1,10.05,13.8,N/A,3,Downside Breakdown,19.75,29.8,85.95
10619,02-07-2025 12:55,25476.9,25478.7,25472.25,25474.7,6.45,11.635,5.213,6.8,24.5,0.5544,55.4%,12.308,0.05%,0.341,0.659,Bearish,Moderate Contraction,33.3,False,Downtrend,Below SMA20,25503.95,25460.35,14.35,29.25,N/A,4,Downside Breakdown,17.2,47.35,90.75
10627,02-07-2025 13:35,25408.55,25417.4,25405.95,25415.6,11.45,18.75,6.8458,6.45,28.1,0.6107,61.1%,17.1779,0.07%,0.616,0.384,Bullish,Mild Contraction,22.3,False,Downtrend,Below SMA20,25495.65,25389.55,26.05,80.05,N/A,1,Downside Breakdown,4.95,31.65,31.65
10630,02-07-2025 13:50,25398.45,25407.15,25393.55,25394.9,13.6,20.23,7.2014,9.85,33.05,0.6723,67.2%,18.241,0.07%,0.261,0.739,Bearish,Mild Contraction,19.0,False,Downtrend,Below SMA20,25489.95,25383.95,10.95,95.05,N/A,10,Downside Breakdown,5.2,30.2,30.2
10633,02-07-2025 14:05,25403.85,25414.85,25402.85,25413.4,12.0,20.085,7.276,11.35,33.05,0.5975,59.7%,16.8538,0.07%,0.796,0.204,Bullish,Mild Contraction,29.9,False,Downtrend,Below SMA20,25463.65,25383.95,29.45,50.25,N/A,7,Downside Breakdown,5.2,14.75,34.65
10637,02-07-2025 14:25,25407.4,25409.15,25400.45,25404.75,8.7,16.625,7.1607,10.65,33.05,0.5233,52.3%,15.5948,0.06%,0.305,0.695,Bearish,Moderate Contraction,35.6,False,Downtrend,Below SMA20,25425.1,25383.95,20.8,20.35,N/A,3,Downside Breakdown,5.2,26.0,68.05
10648,02-07-2025 15:20,25443.55,25452.55,25443.15,25445.7,9.4,18.93,5.7928,11.3,27.25,0.4966,49.7%,17.3411,0.07%,0.229,0.771,Bullish,Moderate Contraction,39.9,False,Uptrend,Above SMA20,25472.8,25378.75,66.95,27.1,N/A,2,Upside Breakout,49.45,91.35,101.55
10656,03-07-2025 09:45,25497.1,25518.25,25495.2,25518.15,23.05,33.51,21.1649,9.4,77.7,0.6879,68.8%,34.2356,0.13%,0.913,0.087,Bullish,Mild Contraction,11.8,False,Uptrend,Above SMA20,25537.05,25429.75,88.4,18.9,N/A,1,Upside Breakout,1.2,41.65,49.35
10660,03-07-2025 10:05,25539.8,25551.6,25529.6,25545.1,22.0,38.56,16.5871,18.65,77.7,0.5705,57.1%,30.2823,0.12%,0.241,0.759,Bullish,Mild Contraction,29.0,False,Uptrend,Above SMA20,25559.8,25429.75,115.35,14.7,N/A,4,Upside Breakout,7.7,22.4,22.4
10664,03-07-2025 10:25,25553.8,25567.5,25550.35,25553.05,17.15,27.17,8.8246,18.65,43.35,0.6312,63.1%,25.7648,0.1%,0.044,0.956,Bearish,Mild Contraction,29.6,False,Uptrend,Above SMA20,25559.8,25453.85,99.2,6.75,N/A,1,Upside Breakout,4.7,21.85,26.6
10667,03-07-2025 10:40,25550.9,25554.5,25544.7,25547.85,9.8,21.075,6.674,12.55,35.9,0.465,46.5%,20.9879,0.08%,0.311,0.689,Bearish,Moderate Contraction,41.9,False,Uptrend,Above SMA20,25567.5,25502.35,45.5,19.65,N/A,8,Upside Breakout,0.3,21.4,28.85
10677,03-07-2025 11:30,25542.3,25550.5,25538.35,25545.9,12.15,18.075,7.943,9.8,37.05,0.6722,67.2%,19.5291,0.08%,0.296,0.704,Bullish,Mild Contraction,19.6,False,Downtrend,Below SMA20,25576.7,25526.45,19.45,30.8,N/A,2,Downside Breakdown,22.35,61.05,61.05
10681,03-07-2025 11:50,25505.6,25516.65,25501.3,25508.2,15.35,23.3,11.5063,12.15,47.2,0.6588,65.9%,22.8534,0.09%,0.169,0.831,Bullish,Mild Contraction,20.1,False,Downtrend,Below SMA20,25576.7,25484.85,23.35,68.5,N/A,17,Downside Breakdown,5.1,21.75,30.35
10684,03-07-2025 12:05,25508.3,25510.3,25502.45,25505.95,7.85,22.31,11.8502,12.15,47.2,0.3519,35.2%,19.2761,0.08%,0.299,0.701,Bearish,Moderate Contraction,46.0,False,Downtrend,Below SMA20,25576.7,25484.85,21.1,70.75,N/A,14,Downside Breakdown,5.1,19.5,32.6
10689,03-07-2025 12:30,25511.15,25514.6,25505.75,25511.85,8.85,19.21,11.7499,7.7,47.2,0.4607,46.1%,16.4174,0.06%,0.079,0.921,Bullish,Moderate Contraction,36.1,False,Downtrend,Below SMA20,25551.3,25484.85,27.0,39.45,N/A,9,Downside Breakdown,5.1,26.7,32.1
10693,03-07-2025 12:50,25519.65,25521.9,25512.1,25517.35,9.8,14.825,7.7241,7.7,32.95,0.661,66.1%,16.1895,0.06%,0.235,0.765,Bearish,Mild Contraction,19.6,False,Uptrend,Below SMA20,25538.55,25486.45,30.9,21.2,N/A,5,Downside Breakdown,6.7,37.6,70.15
10696,03-07-2025 13:05,25498.9,25506.8,25496.9,25504.0,9.9,15.16,7.3684,7.9,32.95,0.653,65.3%,14.6995,0.06%,0.515,0.485,Bullish,Mild Contraction,20.7,False,Uptrend,Below SMA20,25538.55,25486.45,17.55,34.55,N/A,2,Downside Breakdown,6.7,24.25,83.5
10700,03-07-2025 13:25,25501.2,25505.15,25497.2,25503.85,7.95,15.125,9.0613,7.9,32.95,0.5256,52.6%,14.4947,0.06%,0.333,0.667,Bullish,Moderate Contraction,33.8,False,Downtrend,Below SMA20,25538.55,25479.75,24.1,34.7,N/A,2,Upside Breakout,34.6,83.65,83.65
10705,03-07-2025 13:50,25511.75,25512.1,25493.95,25509.65,18.15,26.78,20.8696,7.95,67.35,0.6777,67.8%,27.4101,0.11%,0.116,0.884,Bearish,Mild Contraction,12.5,False,Uptrend,Below SMA20,25587.5,25479.75,29.9,77.85,N/A,6,Downside Breakdown,14.05,29.65,125.3
10708,03-07-2025 14:05,25506.0,25508.55,25493.6,25506.6,14.95,29.57,19.6565,7.95,67.35,0.5056,50.6%,24.4936,0.1%,0.04,0.96,Bullish,Mild Contraction,28.4,False,Uptrend,Below SMA20,25587.5,25479.75,26.85,80.9,N/A,3,Downside Breakdown,14.05,98.7,122.25
10711,03-07-2025 14:20,25483.5,25485.6,25465.7,25477.65,19.9,28.785,19.4985,11.4,67.35,0.6913,69.1%,21.5683,0.08%,0.294,0.706,Bearish,Mild Contraction,13.0,False,Downtrend,Below SMA20,25587.5,25480.0,-2.35,109.85,N/A,1,Downside Breakdown,26.45,93.3,93.3
10715,03-07-2025 14:40,25401.5,25415.15,25398.65,25405.6,16.5,23.615,12.3361,11.4,45.65,0.6987,69.9%,25.9146,0.1%,0.248,0.752,Bullish,Mild Contraction,14.6,False,Downtrend,Below SMA20,25513.35,25384.35,21.25,107.75,N/A,14,Downside Breakdown,1.9,43.0,53.05
10720,03-07-2025 15:05,25399.45,25415.85,25397.7,25415.6,18.15,27.67,13.7667,11.45,52.65,0.6559,65.6%,25.5817,0.1%,0.89,0.11,Bullish,Mild Contraction,17.7,False,Downtrend,Below SMA20,25495.15,25384.35,31.25,79.55,N/A,9,Downside Breakdown,1.9,43.05,45.05
10724,03-07-2025 15:25,25398.0,25402.8,25388.65,25397.4,14.15,26.7,11.4535,16.5,52.65,0.53,53.0%,23.6634,0.09%,0.042,0.958,Bearish,Moderate Contraction,35.2,False,Downtrend,Below SMA20,25448.6,25384.35,13.05,51.2,N/A,1,Upside Breakout,10.05,61.25,61.25
10731,04-07-2025 09:45,25393.8,25403.25,25390.2,25395.15,13.05,28.095,9.9218,14.15,51.95,0.4645,46.4%,26.1201,0.1%,0.103,0.897,Bullish,Moderate Contraction,41.0,False,Downtrend,Below SMA20,25458.65,25370.55,24.6,63.5,N/A,,,,28.4,28.4
10735,04-07-2025 10:05,25406.35,25413.9,25397.75,25413.85,16.15,26.945,10.5723,13.05,51.95,0.5994,59.9%,23.2033,0.09%,0.464,0.536,Bullish,Mild Contraction,26.4,False,Uptrend,Above SMA20,25458.65,25370.55,43.3,44.8,N/A,19,Downside Breakdown,19.45,18.1,18.1
10739,04-07-2025 10:25,25417.0,25420.55,25407.0,25410.85,13.55,19.45,4.341,13.05,24.85,0.6967,69.7%,20.1895,0.08%,0.454,0.546,Bearish,Mild Contraction,25.4,False,Uptrend,Above SMA20,25423.55,25370.55,40.3,12.7,N/A,5,Upside Breakout,0.3,13.0,16.0
10742,04-07-2025 10:40,25414.55,25417.0,25409.65,25413.85,7.35,17.12,3.879,12.75,23.95,0.4293,42.9%,16.919,0.07%,0.095,0.905,Bearish,Moderate Contraction,48.1,False,Uptrend,Above SMA20,25423.55,25387.3,26.55,9.7,N/A,2,Upside Breakout,0.3,13.0,24.6
10745,04-07-2025 10:55,25422.15,25424.35,25415.7,25419.25,8.65,14.385,3.5547,7.35,21.7,0.6013,60.1%,15.2338,0.06%,0.335,0.665,Bearish,Moderate Contraction,30.0,False,Uptrend,Above SMA20,25423.85,25395.75,23.5,4.6,N/A,1,Upside Breakout,3.0,30.0,85.35
10752,04-07-2025 11:30,25403.1,25405.05,25398.2,25398.6,6.85,12.875,5.4724,7.35,26.6,0.532,53.2%,13.731,0.05%,0.657,0.343,Bearish,Moderate Contraction,35.1,False,Downtrend,Below SMA20,25426.85,25389.25,9.35,28.25,N/A,1,Downside Breakdown,12.25,64.7,66.95
10760,04-07-2025 12:10,25351.15,25359.45,25347.7,25352.9,11.75,19.395,7.2603,6.85,27.85,0.6058,60.6%,17.5539,0.07%,0.149,0.851,Bullish,Mild Contraction,22.8,False,Downtrend,Below SMA20,25415.85,25331.65,21.25,62.95,N/A,,,,14.25,15.1
10763,04-07-2025 12:25,25352.45,25354.0,25345.45,25350.6,8.55,18.53,6.2955,9.5,27.85,0.4614,46.1%,14.9767,0.06%,0.216,0.784,Bearish,Moderate Contraction,41.6,False,Downtrend,Below SMA20,25399.55,25331.65,18.95,48.95,N/A,,,,17.4,24.35
10766,04-07-2025 12:40,25361.75,25365.2,25357.8,25360.65,7.4,14.725,4.7755,8.55,21.95,0.5025,50.3%,13.8833,0.05%,0.149,0.851,Bearish,Moderate Contraction,39.0,False,Uptrend,Below SMA20,25367.15,25331.65,29.0,6.5,N/A,1,Upside Breakout,0.85,9.6,16.25
10792,04-07-2025 14:50,25449.7,25450.9,25438.85,25445.3,12.05,18.18,13.8556,8.65,54.55,0.6628,66.3%,17.5603,0.07%,0.365,0.635,Bearish,Moderate Contraction,37.2,True,Uptrend,Above SMA20,25463.35,25366.2,79.1,18.05,N/A,3,Upside Breakout,1.55,21.4,38.05
10795,04-07-2025 15:05,25460.1,25464.9,25454.35,25463.05,10.55,17.2,13.8602,8.65,54.55,0.6134,61.3%,15.0638,0.06%,0.28,0.72,Bullish,Mild Contraction,22.9,False,Uptrend,Above SMA20,25463.35,25373.5,89.55,0.3,N/A,1,Upside Breakout,3.35,55.8,55.8
10798,04-07-2025 15:20,25457.15,25465.1,25453.65,25464.6,11.45,17.505,13.7461,8.15,54.55,0.6541,65.4%,13.8706,0.05%,0.651,0.349,Bullish,Mild Contraction,17.8,False,Uptrend,Above SMA20,25466.7,25385.75,78.85,2.1,N/A,1,Upside Breakout,3.55,57.35,57.35
10806,07-07-2025 09:45,25451.8,25452.95,25440.95,25446.65,12.0,25.98,17.5595,8.15,63.25,0.4619,46.2%,23.4394,0.09%,0.429,0.571,Bearish,Moderate Contraction,33.3,False,Downtrend,Below SMA20,25489.8,25407.25,39.4,43.15,N/A,,,,29.6,29.6
10809,07-07-2025 10:00,25461.5,25469.3,25457.2,25457.35,12.1,27.93,16.3979,11.1,63.25,0.4332,43.3%,21.2981,0.08%,0.343,0.657,Bearish,Moderate Contraction,38.9,False,Downtrend,Below SMA20,25489.8,25407.25,50.1,32.45,N/A,,,,40.3,40.3
10813,07-07-2025 10:20,25430.45,25443.1,25429.55,25438.15,13.55,24.21,11.082,12.0,40.7,0.5597,56.0%,21.7607,0.09%,0.568,0.432,Bullish,Strong Contraction,50.3,True,Downtrend,Below SMA20,25489.8,25417.05,21.1,51.65,N/A,,,,21.25,40.6
10816,07-07-2025 10:35,25442.65,25445.25,25434.8,25436.45,10.45,19.185,9.1626,11.95,40.7,0.5447,54.5%,18.8875,0.07%,0.593,0.407,Bearish,Moderate Contraction,33.6,False,Downtrend,Below SMA20,25473.3,25417.05,19.4,36.85,N/A,5,Upside Breakout,5.45,42.3,42.3
10822,07-07-2025 11:05,25468.45,25474.35,25465.8,25473.55,8.55,15.445,3.8933,10.45,20.55,0.5536,55.4%,16.1818,0.06%,0.596,0.404,Bullish,Strong Contraction,57.2,True,Uptrend,Above SMA20,25478.75,25427.45,46.1,5.2,N/A,13,Downside Breakdown,2.25,26.75,39.6
10825,07-07-2025 11:20,25455.75,25457.5,25447.15,25452.45,10.35,15.045,5.5591,8.05,23.7,0.6879,68.8%,15.2175,0.06%,0.319,0.681,Bearish,Mild Contraction,18.3,False,Uptrend,Above SMA20,25478.75,25434.25,18.2,26.3,N/A,5,Downside Breakdown,0.3,18.5,27.25
10828,07-07-2025 11:35,25451.8,25454.95,25447.3,25450.55,7.65,12.765,5.5835,7.75,23.7,0.5993,59.9%,12.6902,0.05%,0.163,0.837,Bearish,Moderate Contraction,30.3,False,Uptrend,Above SMA20,25478.75,25446.8,3.75,28.2,N/A,2,Downside Breakdown,12.85,22.45,29.3
10839,07-07-2025 12:30,25447.5,25453.25,25445.5,25447.55,7.75,11.2,4.4378,7.1,19.05,0.692,69.2%,11.0499,0.04%,0.006,0.994,Bullish,Mild Contraction,21.2,False,Downtrend,Below SMA20,25456.25,25421.25,26.3,8.7,N/A,6,Downside Breakdown,4.1,26.3,30.4
10849,07-07-2025 13:20,25456.1,25459.3,25453.3,25456.05,6.0,13.38,6.1016,5.5,26.0,0.4484,44.8%,12.746,0.05%,0.008,0.992,Bearish,Moderate Contraction,39.2,False,Uptrend,Above SMA20,25460.4,25417.15,38.9,4.35,N/A,8,Upside Breakout,7.4,12.0,17.35
10852,07-07-2025 13:35,25450.25,25454.15,25447.5,25450.2,6.65,14.11,5.6291,6.0,26.0,0.4713,47.1%,11.6267,0.05%,0.008,0.992,Bearish,Moderate Contraction,38.1,False,Uptrend,Above SMA20,25460.4,25417.15,33.05,10.2,N/A,5,Upside Breakout,7.4,17.6,17.6
10866,07-07-2025 14:45,25425.65,25429.55,25419.55,25423.55,10.0,15.035,9.4874,9.15,40.35,0.6651,66.5%,14.1886,0.06%,0.21,0.79,Bearish,Moderate Contraction,41.8,True,Downtrend,Below SMA20,25467.8,25415.85,7.7,44.25,N/A,8,Upside Breakout,5.4,43.05,63.9
10871,07-07-2025 15:10,25466.5,25466.6,25456.15,25459.95,10.45,16.33,9.6487,8.95,40.35,0.6399,64.0%,14.7364,0.06%,0.627,0.373,Bearish,Mild Contraction,22.4,False,Uptrend,Above SMA20,25466.0,25415.85,44.1,6.05,N/A,2,Upside Breakout,0.75,35.8,35.95
10885,08-07-2025 10:05,25456.1,25458.4,25447.8,25448.0,10.6,21.77,8.887,15.0,40.25,0.4869,48.7%,17.1645,0.07%,0.764,0.236,Bearish,Moderate Contraction,38.5,False,Downtrend,Below SMA20,25495.9,25424.15,23.85,47.9,N/A,,,,12.55,15.7
10889,08-07-2025 10:25,25448.75,25452.85,25446.85,25449.1,6.0,15.115,2.7279,10.6,18.8,0.397,39.7%,14.949,0.06%,0.058,0.942,Bullish,Strong Contraction,54.0,False,Downtrend,Below SMA20,25484.85,25441.75,7.35,35.75,N/A,1,Downside Breakdown,1.95,16.8,18.05
10899,08-07-2025 11:15,25436.8,25440.85,25434.1,25437.65,6.75,11.65,3.9879,6.0,18.6,0.5794,57.9%,12.3481,0.05%,0.126,0.874,Bullish,Moderate Contraction,30.4,False,Downtrend,Below SMA20,25455.6,25431.05,6.6,17.95,N/A,10,Upside Breakout,4.9,17.7,22.85
10904,08-07-2025 11:40,25441.4,25442.45,25434.75,25436.65,7.7,11.385,3.492,6.75,18.6,0.6763,67.6%,10.9717,0.04%,0.617,0.383,Bearish,Moderate Contraction,42.5,True,Downtrend,Below SMA20,25455.35,25431.05,5.6,18.7,N/A,5,Upside Breakout,5.15,23.85,40.35
10908,08-07-2025 12:00,25447.85,25450.85,25445.4,25450.8,5.45,10.15,2.2621,6.75,13.65,0.5369,53.7%,10.2999,0.04%,0.541,0.459,Bullish,Moderate Contraction,39.7,False,Uptrend,Above SMA20,25455.35,25431.05,19.75,4.55,N/A,1,Upside Breakout,5.15,19.75,26.85
10911,08-07-2025 12:15,25450.0,25456.55,25449.85,25453.3,6.7,10.2,2.3333,5.45,13.65,0.6569,65.7%,9.954,0.04%,0.493,0.507,Bullish,Mild Contraction,24.7,False,Uptrend,Above SMA20,25461.1,25432.3,21.0,7.8,N/A,2,Upside Breakout,9.45,24.25,26.95
10915,08-07-2025 12:35,25474.55,25477.55,25470.75,25473.6,6.8,10.395,2.5213,5.45,13.4,0.6542,65.4%,10.2389,0.04%,0.14,0.86,Bearish,Mild Contraction,24.3,False,Uptrend,Above SMA20,25477.0,25433.7,39.9,3.4,N/A,3,Upside Breakout,0.65,32.0,32.0
10918,08-07-2025 12:50,25470.4,25477.65,25469.3,25473.1,8.35,11.985,7.9734,5.45,33.4,0.6967,69.7%,12.1865,0.05%,0.323,0.677,Bullish,Mild Contraction,13.6,False,Uptrend,Above SMA20,25477.55,25441.6,31.5,4.45,N/A,1,Upside Breakout,1.15,7.15,25.95
10922,08-07-2025 13:10,25469.6,25475.85,25468.5,25474.95,7.35,12.465,7.7826,6.8,33.4,0.5897,59.0%,11.0218,0.04%,0.728,0.272,Bullish,Mild Contraction,27.7,False,Uptrend,Above SMA20,25480.25,25441.6,33.35,5.3,N/A,,,,27.8,27.8
10927,08-07-2025 13:35,25460.15,25464.25,25457.0,25458.7,7.25,10.785,5.9884,6.0,26.65,0.6722,67.2%,11.7414,0.05%,0.2,0.8,Bearish,Mild Contraction,19.3,False,Downtrend,Below SMA20,25480.25,25447.15,11.55,21.55,N/A,16,Upside Breakout,6.0,20.1,20.1
10930,08-07-2025 13:50,25472.0,25478.8,25471.15,25476.5,7.65,11.08,6.1361,6.0,26.65,0.6904,69.0%,10.7798,0.04%,0.588,0.412,Bullish,Mild Contraction,16.8,False,Uptrend,Above SMA20,25480.25,25447.15,29.35,3.75,N/A,13,Upside Breakout,6.0,27.65,29.05
10935,08-07-2025 14:15,25460.8,25463.95,25456.85,25459.8,7.1,12.03,7.8467,6.4,26.65,0.5902,59.0%,11.2478,0.04%,0.141,0.859,Bearish,Mild Contraction,26.9,False,Downtrend,Below SMA20,25478.8,25447.15,12.65,19.0,N/A,8,Upside Breakout,7.45,12.35,69.9
10940,08-07-2025 14:40,25456.05,25459.1,25452.25,25452.9,6.85,10.555,6.5473,5.8,26.15,0.649,64.9%,10.6241,0.04%,0.46,0.54,Bearish,Mild Contraction,21.3,False,Downtrend,Below SMA20,25478.8,25447.45,5.45,25.9,N/A,3,Upside Breakout,7.45,76.8,95.15
10948,08-07-2025 15:20,25523.0,25524.85,25517.3,25520.6,7.55,18.58,8.1488,6.85,28.9,0.4064,40.6%,17.0077,0.07%,0.318,0.682,Bearish,Moderate Contraction,42.4,False,Uptrend,Above SMA20,25548.05,25447.45,73.15,27.45,N/A,,,,48.55,48.55
10954,09-07-2025 09:35,25488.8,25495.9,25487.6,25491.7,8.3,23.15,9.0179,7.55,41.75,0.3585,35.9%,18.5637,0.07%,0.349,0.651,Bullish,Moderate Contraction,46.8,False,Downtrend,Above SMA20,25548.05,25472.05,19.65,56.35,N/A,20,Upside Breakout,0.65,27.75,45.85
10957,09-07-2025 09:50,25489.1,25497.0,25486.5,25491.6,10.5,18.585,10.1686,7.55,41.75,0.565,56.5%,16.1817,0.06%,0.238,0.762,Bullish,Mild Contraction,26.3,False,Downtrend,Above SMA20,25548.05,25472.05,19.55,56.45,N/A,17,Upside Breakout,0.65,45.55,45.95
10960,09-07-2025 10:05,25504.5,25513.6,25503.6,25510.65,10.0,19.025,10.1637,8.3,41.75,0.5256,52.6%,16.5447,0.06%,0.615,0.385,Bullish,Moderate Contraction,31.2,False,Uptrend,Above SMA20,25525.05,25472.05,38.6,14.4,N/A,1,Upside Breakout,4.4,26.9,26.9
10963,09-07-2025 10:20,25530.8,25533.5,25527.05,25531.65,6.45,15.405,6.4307,8.3,29.4,0.4187,41.9%,15.4368,0.06%,0.132,0.868,Bullish,Moderate Contraction,43.0,False,Uptrend,Above SMA20,25537.15,25472.05,59.6,5.5,N/A,1,Upside Breakout,0.4,15.5,15.9
10966,09-07-2025 10:35,25521.2,25527.0,25521.0,25525.4,6.0,15.045,6.641,6.45,29.4,0.3988,39.9%,14.0732,0.06%,0.7,0.3,Bullish,Moderate Contraction,44.0,False,Uptrend,Above SMA20,25537.55,25477.65,47.75,12.15,N/A,8,Upside Breakout,11.15,9.65,23.3
10969,09-07-2025 10:50,25529.4,25531.0,25524.35,25525.95,6.65,12.59,5.2484,6.0,21.05,0.5282,52.8%,12.5072,0.05%,0.519,0.481,Bearish,Moderate Contraction,33.5,False,Uptrend,Above SMA20,25537.55,25503.6,22.35,11.6,N/A,5,Upside Breakout,11.15,22.75,22.75
10983,09-07-2025 12:00,25519.2,25521.9,25515.65,25521.8,6.25,11.53,5.6726,6.9,26.2,0.5421,54.2%,10.9946,0.04%,0.416,0.584,Bullish,Moderate Contraction,33.7,False,Downtrend,Below SMA20,25548.7,25503.25,18.55,26.9,N/A,12,Downside Breakdown,12.75,20.3,24.15
10986,09-07-2025 12:15,25539.0,25542.1,25534.8,25537.25,7.3,11.02,5.8857,6.25,26.2,0.6624,66.2%,10.784,0.04%,0.24,0.76,Bearish,Mild Contraction,20.9,False,Downtrend,Above SMA20,25547.3,25503.25,34.0,10.05,N/A,9,Downside Breakdown,12.75,8.7,46.75
10993,09-07-2025 12:50,25535.0,25537.4,25532.25,25534.2,5.15,9.87,3.3098,6.25,15.65,0.5218,52.2%,9.9285,0.04%,0.155,0.845,Bearish,Moderate Contraction,37.3,False,Uptrend,Below SMA20,25545.95,25515.65,18.55,11.75,N/A,2,Downside Breakdown,25.15,43.7,43.7
10998,09-07-2025 13:15,25525.15,25529.1,25521.8,25523.95,7.3,14.68,11.4793,5.15,41.35,0.4973,49.7%,14.4656,0.06%,0.164,0.836,Bearish,Strong Contraction,50.3,True,Downtrend,Below SMA20,25545.95,25490.5,33.45,22.0,N/A,15,Downside Breakdown,35.35,13.85,13.85
11001,09-07-2025 13:30,25531.55,25534.55,25528.85,25531.8,5.7,15.38,11.2229,5.15,41.35,0.3706,37.1%,12.7138,0.05%,0.044,0.956,Bullish,Moderate Contraction,42.1,False,Downtrend,Above SMA20,25545.95,25490.5,41.3,14.15,N/A,12,Downside Breakdown,35.35,14.95,23.75
11004,09-07-2025 13:45,25526.15,25529.55,25522.85,25524.05,6.7,14.315,11.6013,5.65,41.35,0.468,46.8%,10.9163,0.04%,0.313,0.687,Bearish,Moderate Contraction,34.1,False,Downtrend,Below SMA20,25537.8,25490.5,33.55,13.75,N/A,9,Downside Breakdown,35.35,8.5,68.9
11020,09-07-2025 15:05,25475.1,25480.35,25473.9,25476.35,6.45,22.03,8.4498,13.9,37.85,0.2928,29.3%,17.3449,0.07%,0.194,0.806,Bullish,Extreme Squeeze,72.5,True,Downtrend,Below SMA20,25533.2,25424.35,52.0,56.85,N/A,12,Downside Breakdown,8.75,47.7,47.7
11023,09-07-2025 15:20,25470.1,25477.6,25470.1,25474.55,7.5,19.055,10.7265,6.45,37.85,0.3936,39.4%,14.5096,0.06%,0.593,0.407,Bullish,Moderate Contraction,41.2,False,Uptrend,Below SMA20,25491.05,25424.35,50.2,16.5,N/A,2,Upside Breakout,33.0,49.5,64.25
11030,10-07-2025 09:40,25434.4,25442.3,25431.3,25438.55,11.0,19.23,14.7006,6.45,56.3,0.572,57.2%,19.74,0.08%,0.377,0.623,Bullish,Mild Contraction,23.0,False,Downtrend,Below SMA20,25524.05,25432.75,5.8,85.5,N/A,2,Downside Breakdown,17.15,28.25,38.3
11034,10-07-2025 10:00,25427.0,25436.65,25419.65,25420.25,17.0,24.505,13.414,11.0,56.3,0.6937,69.4%,21.0746,0.08%,0.397,0.603,Bearish,Mild Contraction,14.3,False,Downtrend,Below SMA20,25524.05,25410.3,9.95,103.8,N/A,2,Downside Breakdown,7.65,20.0,37.6
11038,10-07-2025 10:20,25418.25,25421.85,25411.1,25421.4,10.75,20.725,7.1266,11.0,38.5,0.5187,51.9%,19.1077,0.08%,0.293,0.707,Bullish,Moderate Contraction,37.4,False,Downtrend,Below SMA20,25457.15,25400.25,21.15,35.75,N/A,6,Downside Breakdown,17.6,18.95,46.25
11041,10-07-2025 10:35,25421.2,25424.85,25417.75,25420.35,7.1,18.065,8.2539,9.85,38.5,0.393,39.3%,15.5248,0.06%,0.12,0.88,Bearish,Strong Contraction,64.2,True,Downtrend,Below SMA20,25454.15,25400.25,20.1,33.8,N/A,3,Downside Breakdown,17.6,41.75,56.65
11045,10-07-2025 10:55,25389.75,25391.15,25381.35,25388.9,9.8,15.065,5.3492,7.1,21.1,0.6505,65.1%,15.787,0.06%,0.087,0.913,Bearish,Mild Contraction,21.0,False,Downtrend,Below SMA20,25436.1,25382.65,6.25,47.2,N/A,1,Downside Breakdown,4.05,24.65,25.2
11053,10-07-2025 11:35,25378.05,25379.8,25370.0,25377.1,9.8,16.71,5.756,9.2,25.15,0.5865,58.6%,15.424,0.06%,0.097,0.903,Bearish,Strong Contraction,50.9,True,Downtrend,Below SMA20,25423.45,25363.7,13.4,46.35,N/A,5,Downside Breakdown,3.25,16.65,27.3
11056,10-07-2025 11:50,25379.45,25383.1,25374.2,25382.1,8.9,14.695,5.6924,9.2,25.15,0.6056,60.6%,13.621,0.05%,0.298,0.702,Bullish,Moderate Contraction,30.5,False,Uptrend,Below SMA20,25401.7,25363.7,18.4,19.6,N/A,2,Downside Breakdown,3.25,24.9,28.65
11067,10-07-2025 12:45,25389.75,25392.85,25384.65,25392.65,8.2,15.05,3.6028,11.15,21.1,0.5449,54.5%,14.1476,0.06%,0.354,0.646,Bullish,Moderate Contraction,38.4,False,Uptrend,Above SMA20,25410.75,25357.2,35.45,18.1,N/A,12,Downside Breakdown,0.1,14.6,14.6
11077,10-07-2025 13:35,25390.15,25392.45,25384.5,25386.5,7.95,12.885,2.6208,8.2,16.5,0.617,61.7%,12.6585,0.05%,0.459,0.541,Bearish,Moderate Contraction,34.2,False,Downtrend,Below SMA20,25404.3,25378.05,8.45,17.8,N/A,1,Downside Breakdown,10.45,29.4,44.55
11086,10-07-2025 14:20,25400.95,25405.2,25397.75,25400.7,7.45,20.01,11.1713,7.95,48.65,0.3723,37.2%,18.0694,0.07%,0.034,0.966,Bearish,Strong Contraction,64.3,True,Uptrend,Above SMA20,25431.05,25357.1,43.6,30.35,N/A,8,Downside Breakdown,14.7,32.05,58.3
11089,10-07-2025 14:35,25406.1,25414.5,25402.9,25402.95,11.6,19.69,11.2753,7.45,48.65,0.5891,58.9%,16.5101,0.06%,0.272,0.728,Bearish,Mild Contraction,23.1,False,Uptrend,Above SMA20,25431.05,25357.1,45.85,28.1,N/A,5,Downside Breakdown,14.7,60.55,62.5
11102,11-07-2025 09:25,25300.5,25318.05,25300.3,25310.4,17.75,25.54,10.5673,17.9,53.5,0.695,69.5%,29.1983,0.12%,0.558,0.442,Bullish,Mild Contraction,24.0,False,Downtrend,Below SMA20,25398.35,25244.0,66.4,87.95,N/A,10,Downside Breakdown,5.1,24.95,71.5
11107,11-07-2025 09:50,25297.45,25303.9,25289.55,25297.5,14.35,24.57,10.5495,17.75,53.5,0.584,58.4%,24.2444,0.1%,0.003,0.997,Bullish,Strong Contraction,51.5,True,Downtrend,Below SMA20,25374.7,25244.0,53.5,77.2,N/A,5,Downside Breakdown,5.1,58.6,91.5
11110,11-07-2025 10:05,25258.65,25271.5,25255.4,25269.5,16.1,24.53,10.9648,14.35,53.5,0.6563,65.6%,23.4771,0.09%,0.674,0.326,Bullish,Mild Contraction,22.9,False,Downtrend,Below SMA20,25322.45,25244.0,25.5,52.95,N/A,2,Downside Breakdown,5.1,54.05,99.2
11114,11-07-2025 10:25,25240.5,25245.6,25234.8,25239.2,10.8,19.39,4.3732,14.35,29.25,0.557,55.7%,19.7937,0.08%,0.12,0.88,Bearish,Moderate Contraction,38.0,False,Downtrend,Below SMA20,25322.45,25231.5,7.7,83.25,N/A,1,Downside Breakdown,16.05,49.35,89.95
11124,11-07-2025 11:15,25179.05,25180.8,25169.25,25169.7,11.55,25.97,14.8104,10.8,64.1,0.4447,44.5%,25.8692,0.1%,0.81,0.19,Bearish,Moderate Contraction,38.5,False,Downtrend,Below SMA20,25245.6,25149.25,20.45,75.9,N/A,9,Downside Breakdown,12.5,16.55,32.95
11127,11-07-2025 11:30,25161.3,25176.05,25161.3,25168.95,14.75,23.79,16.1524,9.6,64.1,0.62,62.0%,20.8946,0.08%,0.519,0.481,Bullish,Mild Contraction,20.1,False,Downtrend,Below SMA20,25229.4,25149.25,19.7,60.45,N/A,6,Downside Breakdown,12.5,11.7,32.2
11130,11-07-2025 11:45,25166.85,25176.3,25165.85,25169.95,10.45,21.94,16.7991,9.6,64.1,0.4763,47.6%,18.011,0.07%,0.297,0.703,Bullish,Strong Contraction,54.8,True,Downtrend,Below SMA20,25214.85,25149.25,20.7,44.9,N/A,3,Downside Breakdown,12.5,33.2,33.2
11137,11-07-2025 12:20,25164.35,25165.45,25157.25,25158.05,8.2,15.505,4.8433,10.45,27.45,0.5289,52.9%,16.1331,0.06%,0.768,0.232,Bearish,Strong Contraction,57.3,True,Downtrend,Below SMA20,25180.65,25136.75,21.3,22.6,N/A,3,Upside Breakout,8.9,47.1,47.1
11142,11-07-2025 12:45,25185.55,25185.75,25177.7,25177.85,8.05,17.035,7.8987,5.6,29.75,0.4726,47.3%,16.2163,0.06%,0.957,0.043,Bearish,Moderate Contraction,34.4,False,Uptrend,Above SMA20,25205.15,25136.75,41.1,27.3,N/A,,,,37.35,37.35
11145,11-07-2025 13:00,25163.7,25167.75,25159.05,25163.75,8.7,14.61,7.6239,5.6,29.75,0.5955,59.5%,14.7175,0.06%,0.006,0.994,Bullish,Mild Contraction,23.0,False,Downtrend,Below SMA20,25205.15,25151.1,12.65,41.4,N/A,1,Downside Breakdown,10.55,23.25,23.25
11149,11-07-2025 13:20,25159.4,25161.1,25151.35,25156.55,9.75,16.475,7.4713,8.05,29.75,0.5918,59.2%,14.7403,0.06%,0.292,0.708,Bearish,Moderate Contraction,46.6,True,Downtrend,Below SMA20,25205.15,25140.5,16.05,48.6,N/A,,,,12.55,35.0
11152,11-07-2025 13:35,25151.1,25159.0,25150.85,25153.35,8.15,12.775,5.5132,8.05,24.7,0.638,63.8%,12.809,0.05%,0.276,0.724,Bullish,Mild Contraction,27.3,False,Downtrend,Below SMA20,25185.75,25140.5,12.85,32.4,N/A,7,Upside Breakout,5.8,19.3,38.2
11156,11-07-2025 13:55,25167.3,25172.65,25164.55,25168.4,8.1,13.15,5.3649,8.05,24.7,0.616,61.6%,12.4361,0.05%,0.136,0.864,Bullish,Mild Contraction,29.3,False,Uptrend,Above SMA20,25169.15,25140.5,27.9,0.75,N/A,1,Upside Breakout,1.85,23.15,23.15
11160,11-07-2025 14:15,25168.3,25171.65,25163.65,25163.9,8.0,14.28,10.1257,8.05,41.5,0.5602,56.0%,15.1363,0.06%,0.55,0.45,Bearish,Moderate Contraction,31.1,False,Uptrend,Above SMA20,25191.55,25144.0,19.9,27.65,N/A,12,Downside Breakdown,8.05,13.5,13.5
11165,11-07-2025 14:40,25165.75,25171.45,25164.65,25166.75,6.8,13.77,9.9127,8.0,41.5,0.4938,49.4%,12.5081,0.05%,0.147,0.853,Bullish,Moderate Contraction,35.3,False,Uptrend,Above SMA20,25191.55,25150.05,16.7,24.8,N/A,7,Downside Breakdown,14.1,9.6,80.35
11170,11-07-2025 15:05,25165.15,25167.0,25159.6,25164.9,7.4,10.655,2.4659,6.8,14.9,0.6945,69.5%,11.6706,0.05%,0.034,0.966,Bearish,Mild Contraction,23.8,False,Uptrend,Above SMA20,25175.8,25150.4,14.5,10.9,N/A,1,Downside Breakdown,0.25,78.5,123.0
11173,11-07-2025 15:20,25138.6,25145.75,25137.5,25140.1,8.25,11.835,3.5828,6.8,17.65,0.6971,69.7%,12.334,0.05%,0.182,0.818,Bullish,Mild Contraction,19.4,False,Downtrend,Below SMA20,25175.8,25135.95,4.15,35.7,N/A,1,Downside Breakdown,6.95,89.05,98.2
11181,14-07-2025 09:45,25089.7,25093.7,25077.0,25087.95,16.7,27.985,17.8557,8.25,64.7,0.5967,59.7%,23.9349,0.1%,0.105,0.895,Bearish,Mild Contraction,20.5,False,Downtrend,Below SMA20,25166.1,25041.9,46.05,78.15,N/A,20,Downside Breakdown,22.15,39.25,39.25
11184,14-07-2025 10:00,25117.5,25127.2,25109.1,25109.7,18.1,30.675,16.3342,14.9,64.7,0.5901,59.0%,23.4933,0.09%,0.431,0.569,Bearish,Mild Contraction,26.1,False,Downtrend,Below SMA20,25151.1,25041.9,67.8,41.4,N/A,17,Downside Breakdown,22.15,23.3,37.85
11188,14-07-2025 10:20,25119.3,25127.05,25114.85,25116.0,12.2,23.6,6.3182,16.7,33.8,0.5169,51.7%,21.4977,0.09%,0.27,0.73,Bearish,Moderate Contraction,39.5,False,Uptrend,Above SMA20,25127.2,25041.9,74.1,11.2,N/A,13,Downside Breakdown,22.15,44.15,54.15
11191,14-07-2025 10:35,25087.3,25091.4,25079.0,25079.45,12.4,20.42,6.5299,12.2,33.45,0.6072,60.7%,19.9312,0.08%,0.633,0.367,Bearish,Moderate Contraction,31.0,False,Downtrend,Below SMA20,25127.2,25077.0,2.45,47.75,N/A,1,Downside Breakdown,5.15,15.75,59.7
11194,14-07-2025 10:50,25085.6,25087.45,25078.3,25078.75,9.15,17.19,6.2207,7.0,26.15,0.5323,53.2%,16.7109,0.07%,0.749,0.251,Bearish,Moderate Contraction,31.8,False,Downtrend,Below SMA20,25127.2,25071.85,6.9,48.45,N/A,3,Downside Breakdown,7.65,21.0,59.0
11198,14-07-2025 11:10,25064.55,25068.4,25061.85,25063.95,6.55,14.76,5.9348,7.0,26.15,0.4438,44.4%,15.355,0.06%,0.092,0.908,Bearish,Moderate Contraction,41.6,False,Downtrend,Below SMA20,25127.05,25064.2,-0.25,63.1,N/A,1,Downside Breakdown,6.45,44.2,44.2
11203,14-07-2025 11:35,25036.35,25038.1,25028.1,25034.05,10.0,14.36,7.7919,6.55,31.4,0.6964,69.6%,15.6299,0.06%,0.23,0.77,Bearish,Mild Contraction,14.2,False,Downtrend,Below SMA20,25095.2,25019.75,14.3,61.15,N/A,18,Downside Breakdown,17.8,10.45,22.5
11207,14-07-2025 11:55,25038.8,25040.4,25033.15,25034.55,7.25,14.835,6.8432,6.55,31.4,0.4887,48.9%,14.3438,0.06%,0.586,0.414,Bearish,Strong Contraction,55.9,True,Downtrend,Below SMA20,25080.2,25019.75,14.8,45.65,N/A,14,Downside Breakdown,17.8,22.0,26.4
11219,14-07-2025 12:55,25041.35,25041.7,25033.8,25039.05,7.9,13.12,3.2407,9.4,21.25,0.6021,60.2%,12.3548,0.05%,0.291,0.709,Bearish,Moderate Contraction,33.6,False,Downtrend,Below SMA20,25060.95,25034.4,4.65,21.9,N/A,2,Downside Breakdown,32.45,37.1,37.1
11226,14-07-2025 13:30,25058.55,25058.55,25048.3,25052.0,10.25,16.54,11.0987,7.9,46.7,0.6197,62.0%,15.4181,0.06%,0.639,0.361,Bearish,Mild Contraction,22.0,False,Downtrend,Above SMA20,25060.95,25001.95,50.05,8.95,N/A,16,Upside Breakout,25.45,39.1,39.1
11229,14-07-2025 13:45,25049.3,25054.75,25044.3,25046.95,10.45,16.32,11.2438,7.9,46.7,0.6403,64.0%,14.0985,0.06%,0.225,0.775,Bearish,Mild Contraction,20.0,False,Uptrend,Above SMA20,25058.55,25001.95,45.0,11.6,N/A,8,Upside Breakout,2.25,34.05,34.05
11232,14-07-2025 14:00,25034.6,25034.6,25027.5,25032.45,7.1,14.325,5.7875,9.6,27.65,0.4956,49.6%,14.3675,0.06%,0.303,0.697,Bearish,Moderate Contraction,37.9,False,Uptrend,Below SMA20,25058.55,25012.9,19.55,26.1,N/A,5,Upside Breakout,2.25,28.35,53.95
11241,14-07-2025 14:45,25051.1,25053.6,25045.35,25052.2,8.25,14.005,5.6196,7.1,27.65,0.5891,58.9%,12.904,0.05%,0.133,0.867,Bullish,Moderate Contraction,48.1,True,Uptrend,Above SMA20,25060.8,25012.9,39.3,8.6,N/A,1,Upside Breakout,25.6,56.3,98.95
11247,14-07-2025 15:15,25080.0,25083.85,25077.1,25080.5,6.75,19.34,9.8272,8.25,35.05,0.349,34.9%,17.2193,0.07%,0.074,0.926,Bullish,Moderate Contraction,46.5,False,Uptrend,Above SMA20,25108.5,25037.2,43.3,28.0,N/A,3,Upside Breakout,42.65,70.65,75.3
11251,15-07-2025 09:20,25140.0,25149.65,25133.55,25147.75,16.1,23.09,17.4237,6.75,62.7,0.6973,69.7%,21.4328,0.09%,0.481,0.519,Bullish,Mild Contraction,10.7,False,Uptrend,Above SMA20,25151.15,25045.35,102.4,3.4,N/A,2,Upside Breakout,4.65,58.5,58.5
11258,15-07-2025 09:55,25097.7,25111.3,25096.2,25101.55,15.1,24.505,14.9464,11.4,62.7,0.6162,61.6%,21.9212,0.09%,0.255,0.745,Bullish,Mild Contraction,22.3,False,Uptrend,Above SMA20,25155.8,25078.8,22.75,54.25,N/A,8,Upside Breakout,9.35,31.0,67.2
11261,15-07-2025 10:10,25122.9,25130.9,25117.7,25128.25,13.2,21.265,6.0375,13.35,30.7,0.6207,62.1%,20.0863,0.08%,0.405,0.595,Bullish,Moderate Contraction,31.2,False,Downtrend,Above SMA20,25155.8,25089.25,39.0,27.55,N/A,5,Upside Breakout,9.35,36.9,90.2
11267,15-07-2025 10:40,25157.9,25168.75,25155.15,25160.35,13.6,19.605,6.4369,12.1,31.75,0.6937,69.4%,19.4629,0.08%,0.18,0.82,Bullish,Mild Contraction,21.0,False,Uptrend,Above SMA20,25165.15,25096.2,64.15,4.8,N/A,1,Upside Breakout,2.75,73.15,84.85
11270,15-07-2025 10:55,25190.4,25197.25,25185.75,25192.85,11.5,18.49,7.7091,9.75,31.75,0.622,62.2%,18.7039,0.07%,0.213,0.787,Bullish,Mild Contraction,25.0,False,Uptrend,Above SMA20,25195.95,25100.8,92.05,3.1,N/A,1,Upside Breakout,22.5,52.35,52.35
11276,15-07-2025 11:25,25216.2,25219.25,25210.25,25211.85,9.0,20.415,7.3922,9.75,30.5,0.4409,44.1%,19.1411,0.08%,0.483,0.517,Bearish,Strong Contraction,62.5,True,Uptrend,Above SMA20,25245.2,25142.5,69.35,33.35,N/A,,,,16.45,19.05
11279,15-07-2025 11:40,25219.0,25227.3,25215.85,25223.25,11.45,20.735,7.3294,9.0,30.5,0.5522,55.2%,18.3795,0.07%,0.371,0.629,Bullish,Moderate Contraction,30.6,False,Uptrend,Above SMA20,25245.2,25165.45,57.8,21.95,N/A,,,,23.7,50.15
11282,15-07-2025 11:55,25202.7,25207.75,25199.55,25204.65,8.2,17.535,6.412,9.0,28.25,0.4676,46.8%,15.9755,0.06%,0.238,0.762,Bullish,Moderate Contraction,40.6,False,Downtrend,Above SMA20,25245.2,25201.75,2.9,40.55,N/A,2,Downside Breakdown,1.05,31.55,31.55
11285,15-07-2025 12:10,25205.1,25210.8,25203.25,25205.95,7.55,13.04,5.1332,7.55,23.8,0.579,57.9%,13.4102,0.05%,0.113,0.887,Bullish,Moderate Contraction,32.3,False,Downtrend,Above SMA20,25228.3,25199.55,6.4,22.35,N/A,1,Downside Breakdown,6.75,32.85,32.85
11291,15-07-2025 12:40,25218.6,25219.55,25213.65,25215.7,5.9,12.61,4.9901,7.55,24.15,0.4679,46.8%,12.9442,0.05%,0.492,0.508,Bearish,Moderate Contraction,40.0,False,Uptrend,Above SMA20,25219.9,25173.1,42.6,4.2,N/A,2,Upside Breakout,0.5,9.75,40.5
11294,15-07-2025 12:55,25210.25,25211.0,25205.95,25208.2,5.05,11.535,5.2739,5.9,24.15,0.4378,43.8%,11.2623,0.04%,0.406,0.594,Bearish,Moderate Contraction,41.1,False,Uptrend,Below SMA20,25220.4,25173.1,35.1,12.2,N/A,8,Downside Breakdown,3.55,14.35,38.65
11306,15-07-2025 13:55,25195.7,25198.0,25192.25,25193.6,5.75,12.74,3.6303,8.7,18.6,0.4513,45.1%,11.7069,0.05%,0.365,0.635,Bearish,Strong Contraction,63.8,True,Downtrend,Below SMA20,25220.3,25169.55,24.05,26.7,N/A,2,Downside Breakdown,10.05,34.1,34.1
11310,15-07-2025 14:15,25185.0,25193.05,25184.1,25188.5,8.95,14.915,4.884,5.75,23.45,0.6001,60.0%,13.335,0.05%,0.391,0.609,Bullish,Mild Contraction,24.8,False,Uptrend,Below SMA20,25198.95,25159.5,29.0,10.45,N/A,7,Downside Breakdown,2.75,26.05,32.45
11318,15-07-2025 14:55,25163.6,25166.1,25156.05,25160.0,10.05,15.745,7.0808,8.6,31.75,0.6383,63.8%,14.3561,0.06%,0.358,0.642,Bearish,Mild Contraction,23.5,False,Downtrend,Below SMA20,25194.65,25156.75,3.25,34.65,N/A,3,Upside Breakout,8.2,62.75,65.05
11322,15-07-2025 15:15,25201.95,25208.2,25198.1,25204.85,10.1,15.44,6.4833,8.6,31.75,0.6541,65.4%,14.4701,0.06%,0.287,0.713,Bullish,Mild Contraction,22.4,False,Uptrend,Above SMA20,25202.85,25156.05,48.8,-2.0,N/A,1,Upside Breakout,19.9,77.1,77.1
11333,16-07-2025 09:55,25157.15,25161.6,25150.6,25155.05,11.0,24.245,13.5402,15.05,62.05,0.4537,45.4%,19.4811,0.08%,0.191,0.809,Bearish,Moderate Contraction,39.0,False,Downtrend,Below SMA20,25225.05,25127.75,27.3,70.0,N/A,9,Downside Breakdown,4.45,22.35,34.0
11336,16-07-2025 10:10,25145.3,25148.6,25136.8,25141.75,11.8,18.32,4.4666,11.0,24.3,0.6441,64.4%,17.2315,0.07%,0.301,0.699,Bearish,Mild Contraction,28.3,False,Downtrend,Below SMA20,25167.8,25127.75,14.0,26.05,N/A,6,Downside Breakdown,4.45,15.05,20.7
11343,16-07-2025 10:45,25127.1,25130.0,25121.05,25126.6,8.95,13.615,3.569,10.8,22.5,0.6574,65.7%,14.8204,0.06%,0.056,0.944,Bearish,Mild Contraction,29.0,False,Downtrend,Below SMA20,25161.6,25123.3,3.3,35.0,N/A,12,Upside Breakout,4.85,20.55,28.45
11347,16-07-2025 11:05,25142.6,25144.25,25138.4,25142.25,5.85,12.75,3.9071,8.95,22.5,0.4588,45.9%,12.3896,0.05%,0.06,0.94,Bearish,Moderate Contraction,42.6,False,Uptrend,Below SMA20,25156.8,25121.05,21.2,14.55,N/A,8,Upside Breakout,9.65,14.5,67.75
11354,16-07-2025 11:40,25150.1,25156.2,25148.45,25153.7,7.75,11.14,3.684,5.85,19.45,0.6957,69.6%,11.3547,0.05%,0.465,0.535,Bullish,Mild Contraction,17.7,False,Uptrend,Above SMA20,25155.05,25125.15,28.55,1.35,N/A,1,Upside Breakout,11.4,56.3,56.3
11358,16-07-2025 12:00,25185.4,25188.15,25177.9,25180.4,10.25,17.02,11.903,7.75,45.8,0.6022,60.2%,16.9648,0.07%,0.488,0.512,Bearish,Mild Contraction,23.0,False,Uptrend,Above SMA20,25210.0,25127.75,52.65,29.6,N/A,9,Upside Breakout,23.5,11.55,53.1
11365,16-07-2025 12:35,25204.4,25206.95,25194.05,25197.75,12.9,19.25,10.7851,10.25,45.8,0.6701,67.0%,16.0923,0.06%,0.516,0.484,Bearish,Mild Contraction,18.8,False,Uptrend,Above SMA20,25210.0,25151.4,46.35,12.25,N/A,2,Upside Breakout,23.5,35.75,35.75
11369,16-07-2025 12:55,25206.65,25211.0,25201.8,25208.5,9.2,17.105,5.7782,12.1,30.3,0.5379,53.8%,16.7876,0.07%,0.201,0.799,Bullish,Moderate Contraction,36.1,False,Uptrend,Above SMA20,25233.5,25171.4,37.1,25.0,N/A,15,Upside Breakout,21.8,12.0,22.5
11372,16-07-2025 13:10,25212.15,25215.45,25207.75,25214.6,7.7,15.84,7.045,7.2,30.3,0.4861,48.6%,13.7332,0.05%,0.318,0.682,Bullish,Moderate Contraction,36.8,False,Uptrend,Above SMA20,25233.5,25171.4,43.2,18.9,N/A,12,Upside Breakout,21.8,28.6,28.6
11375,16-07-2025 13:25,25210.05,25210.7,25203.0,25206.6,7.7,12.73,7.4806,7.2,30.3,0.6049,60.5%,11.6408,0.05%,0.448,0.552,Bearish,Mild Contraction,27.0,False,Uptrend,Above SMA20,25233.5,25187.3,19.3,26.9,N/A,2,Downside Breakdown,1.3,24.7,48.7
11383,16-07-2025 14:05,25228.7,25229.55,25222.9,25227.0,6.65,12.105,4.8975,7.6,21.15,0.5494,54.9%,12.0136,0.05%,0.256,0.744,Bearish,Moderate Contraction,34.2,False,Uptrend,Above SMA20,25231.3,25186.0,41.0,4.3,N/A,1,Upside Breakout,24.0,28.3,28.3
11388,16-07-2025 14:30,25224.8,25233.55,25224.8,25227.7,8.75,14.55,7.213,6.65,31.3,0.6014,60.1%,14.065,0.06%,0.331,0.669,Bullish,Mild Contraction,24.3,False,Uptrend,Above SMA20,25255.3,25206.75,20.95,27.6,N/A,10,Downside Breakdown,11.15,11.5,32.1
11391,16-07-2025 14:45,25234.85,25239.2,25230.55,25231.25,8.65,13.69,7.1176,6.65,31.3,0.6318,63.2%,12.6487,0.05%,0.416,0.584,Bearish,Mild Contraction,21.8,False,Uptrend,Above SMA20,25255.3,25213.1,18.15,24.05,N/A,3,Downside Breakdown,0.2,24.0,40.65
11395,16-07-2025 15:05,25214.65,25217.2,25209.05,25211.9,8.15,12.895,4.6428,8.65,21.85,0.632,63.2%,12.7913,0.05%,0.337,0.663,Bearish,Mild Contraction,29.0,False,Downtrend,Below SMA20,25252.85,25212.9,-1.0,40.95,N/A,1,Downside Breakdown,5.65,26.45,34.4
11406,17-07-2025 09:45,25191.5,25193.85,25182.55,25183.9,11.3,19.705,8.8451,8.55,35.6,0.5735,57.3%,17.9571,0.07%,0.673,0.327,Bearish,Mild Contraction,27.1,False,Downtrend,Below SMA20,25238.35,25177.5,6.4,54.45,N/A,4,Downside Breakdown,13.9,24.35,39.9
11409,17-07-2025 10:00,25189.45,25191.8,25183.3,25186.5,8.5,19.89,8.47,9.25,35.6,0.4274,42.7%,15.4739,0.06%,0.347,0.653,Bearish,Moderate Contraction,42.3,False,Downtrend,Below SMA20,25238.35,25177.5,9.0,51.85,N/A,1,Downside Breakdown,13.9,36.45,42.5
11413,17-07-2025 10:20,25158.6,25162.5,25152.35,25160.0,10.15,16.06,5.996,8.5,26.85,0.632,63.2%,15.6075,0.06%,0.138,0.862,Bullish,Moderate Contraction,44.4,True,Downtrend,Below SMA20,25213.65,25150.05,9.95,53.65,N/A,2,Downside Breakdown,6.05,16.0,40.1
11417,17-07-2025 10:40,25149.8,25153.8,25147.55,25148.9,6.25,13.86,4.8606,8.5,24.9,0.4509,45.1%,13.563,0.05%,0.144,0.856,Bearish,Moderate Contraction,42.1,False,Downtrend,Below SMA20,25196.65,25144.0,4.9,47.75,N/A,6,Upside Breakout,3.45,22.2,51.2
11426,17-07-2025 11:25,25178.25,25188.9,25178.25,25182.65,10.65,15.24,12.1926,6.25,49.15,0.6988,69.9%,15.5485,0.06%,0.413,0.587,Bullish,Moderate Contraction,32.2,True,Uptrend,Above SMA20,25200.1,25146.65,36.0,17.45,N/A,2,Upside Breakout,5.0,22.55,22.55
11430,17-07-2025 11:45,25197.05,25199.3,25189.55,25194.25,9.75,17.065,12.3694,8.85,49.15,0.5713,57.1%,15.3841,0.06%,0.287,0.713,Bearish,Mild Contraction,28.1,False,Uptrend,Above SMA20,25205.2,25150.95,43.3,10.95,N/A,11,Upside Breakout,5.25,13.1,25.8
11433,17-07-2025 12:00,25189.65,25193.15,25186.2,25191.3,6.95,17.07,12.3318,9.75,49.15,0.4071,40.7%,13.4221,0.05%,0.237,0.763,Bullish,Moderate Contraction,40.8,False,Uptrend,Above SMA20,25205.2,25150.95,40.35,13.9,N/A,8,Upside Breakout,5.25,17.35,22.85
11443,17-07-2025 12:50,25178.25,25184.3,25174.85,25180.0,9.45,13.84,10.2941,6.95,41.45,0.6828,68.3%,15.018,0.06%,0.185,0.815,Bullish,Mild Contraction,15.9,False,Downtrend,Below SMA20,25210.45,25168.45,11.55,30.45,N/A,3,Downside Breakdown,4.8,17.65,24.45
11447,17-07-2025 13:10,25168.95,25171.2,25163.65,25167.1,7.55,13.825,10.4239,6.5,41.45,0.5461,54.6%,12.5279,0.05%,0.245,0.755,Bearish,Mild Contraction,28.9,False,Downtrend,Below SMA20,25210.45,25163.65,3.45,43.35,N/A,1,Downside Breakdown,1.3,11.55,27.4
11451,17-07-2025 13:30,25166.7,25166.7,25160.4,25166.2,6.3,14.235,10.3114,6.5,41.45,0.4426,44.3%,11.5016,0.05%,0.079,0.921,Bearish,Moderate Contraction,38.6,False,Downtrend,Below SMA20,25210.45,25155.55,10.65,44.25,N/A,8,Downside Breakdown,6.3,28.3,30.7
11456,17-07-2025 13:55,25179.95,25182.0,25175.45,25177.45,6.55,12.05,7.9143,6.05,32.95,0.5436,54.4%,12.3577,0.05%,0.382,0.618,Bearish,Moderate Contraction,30.7,False,Uptrend,Above SMA20,25194.5,25155.55,21.9,17.05,N/A,3,Downside Breakdown,6.3,41.95,62.8
11472,17-07-2025 15:15,25120.1,25120.1,25112.65,25113.15,7.45,18.05,3.0149,14.1,24.65,0.4127,41.3%,15.8676,0.06%,0.933,0.067,Bearish,Extreme Squeeze,74.0,True,Downtrend,Below SMA20,25152.1,25101.0,12.15,38.95,N/A,3,Downside Breakdown,18.95,52.05,86.95
11478,18-07-2025 09:30,25071.85,25080.85,25070.6,25077.75,10.25,20.36,15.5503,7.45,62.55,0.5034,50.3%,19.895,0.08%,0.576,0.424,Bullish,Moderate Contraction,30.1,False,Downtrend,Below SMA20,25144.6,25061.1,16.65,66.85,N/A,2,Downside Breakdown,17.95,51.55,139.6
11483,18-07-2025 09:55,25044.75,25047.25,25039.0,25039.8,8.25,22.695,15.7485,8.45,62.55,0.3635,36.4%,19.0438,0.08%,0.6,0.4,Bearish,Strong Contraction,63.8,True,Downtrend,Below SMA20,25144.6,25026.2,13.6,104.8,N/A,1,Downside Breakdown,8.05,101.65,108.4
11494,18-07-2025 10:50,24943.95,24952.4,24942.2,24947.45,10.2,23.225,13.5446,13.65,59.9,0.4392,43.9%,19.7536,0.08%,0.343,0.657,Bullish,Moderate Contraction,39.7,False,Downtrend,Below SMA20,25042.25,24931.4,16.05,94.8,N/A,1,Downside Breakdown,1.4,22.2,29.1
11497,18-07-2025 11:05,24953.9,24958.1,24948.4,24954.75,9.7,24.26,13.8208,10.2,59.9,0.3998,40.0%,20.0082,0.08%,0.088,0.912,Bullish,Moderate Contraction,42.4,False,Downtrend,Below SMA20,25013.15,24925.25,29.5,58.4,N/A,7,Downside Breakdown,4.8,21.8,34.3
11509,18-07-2025 12:05,24940.2,24949.15,24940.0,24942.95,9.15,16.165,7.6531,6.9,32.45,0.566,56.6%,16.2524,0.07%,0.301,0.699,Bullish,Mild Contraction,27.4,False,Downtrend,Below SMA20,24976.55,24920.45,22.5,33.6,N/A,2,Downside Breakdown,1.8,24.3,24.3
11514,18-07-2025 12:30,24939.4,24944.0,24936.05,24937.95,7.95,17.24,7.2073,9.15,32.45,0.4611,46.1%,14.6544,0.06%,0.182,0.818,Bearish,Strong Contraction,60.1,True,Uptrend,Below SMA20,24963.55,24918.65,19.3,25.6,N/A,6,Upside Breakout,27.65,14.75,53.25
11522,18-07-2025 13:10,24945.15,24951.3,24941.9,24949.25,9.4,16.835,9.5182,7.95,41.65,0.5584,55.8%,16.9325,0.07%,0.436,0.564,Bullish,Mild Contraction,28.7,False,Uptrend,Above SMA20,24991.2,24921.7,27.55,41.95,N/A,9,Upside Breakout,3.05,13.7,45.0
11525,18-07-2025 13:25,24942.95,24949.35,24940.15,24946.8,9.2,16.7,9.4967,9.4,41.65,0.5509,55.1%,14.9065,0.06%,0.418,0.582,Bullish,Moderate Contraction,32.5,False,Uptrend,Above SMA20,24991.2,24929.3,17.5,44.4,N/A,6,Upside Breakout,3.05,24.55,47.45
11530,18-07-2025 13:50,24955.9,24959.35,24949.7,24950.7,9.65,15.61,9.7731,8.35,41.65,0.6182,61.8%,14.0209,0.06%,0.539,0.461,Bearish,Mild Contraction,24.1,False,Downtrend,Above SMA20,24991.2,24935.55,15.15,40.5,N/A,1,Upside Breakout,3.05,43.55,54.5
11533,18-07-2025 14:05,24966.65,24969.5,24959.75,24966.85,9.75,15.73,10.796,8.35,44.95,0.6198,62.0%,16.3558,0.07%,0.021,0.979,Bullish,Mild Contraction,23.6,False,Uptrend,Above SMA20,24994.25,24935.55,31.3,27.4,N/A,5,Upside Breakout,10.8,38.2,38.35
11545,18-07-2025 15:05,24966.15,24973.35,24962.95,24968.35,10.4,17.535,5.1459,11.55,27.85,0.5931,59.3%,15.9751,0.06%,0.212,0.788,Bullish,Moderate Contraction,33.0,False,Uptrend,Below SMA20,25005.2,24952.95,15.4,36.85,N/A,5,Upside Breakout,32.0,68.85,86.05
11558,21-07-2025 09:55,25025.4,25049.1,25025.4,25035.25,23.7,38.46,23.21,11.85,87.65,0.6162,61.6%,32.2446,0.13%,0.416,0.584,Bullish,Mild Contraction,19.1,False,Uptrend,Above SMA20,25037.2,24882.3,152.95,1.95,N/A,1,Upside Breakout,5.55,35.8,35.8
11561,21-07-2025 10:10,25055.55,25071.05,25047.9,25052.55,23.15,33.555,14.0571,18.55,67.25,0.6899,69.0%,28.6269,0.11%,0.13,0.87,Bearish,Mild Contraction,18.1,False,Uptrend,Above SMA20,25057.05,24882.3,170.25,4.5,N/A,4,Upside Breakout,6.35,17.1,17.9
11564,21-07-2025 10:25,25036.8,25052.35,25035.45,25044.45,16.9,27.93,15.1031,14.35,67.25,0.6051,60.5%,24.3535,0.1%,0.453,0.547,Bullish,Mild Contraction,25.3,False,Uptrend,Above SMA20,25071.05,24890.9,153.55,26.6,N/A,8,Upside Breakout,8.45,18.95,35.05
11568,21-07-2025 10:45,25051.05,25058.15,25045.3,25052.0,12.85,18.585,3.8734,13.5,23.7,0.6914,69.1%,20.2509,0.08%,0.074,0.926,Bullish,Mild Contraction,27.9,False,Uptrend,Above SMA20,25071.05,25024.2,27.8,19.05,N/A,4,Upside Breakout,8.45,27.5,27.5
11574,21-07-2025 11:15,25065.55,25071.3,25061.2,25061.3,10.1,16.195,2.3825,12.85,20.2,0.6236,62.4%,17.3106,0.07%,0.421,0.579,Bearish,Moderate Contraction,37.2,False,Uptrend,Above SMA20,25079.5,25035.45,25.85,18.2,N/A,5,Downside Breakdown,35.35,61.2,61.2
11584,21-07-2025 12:05,25034.0,25040.45,25033.2,25038.7,7.25,17.93,10.9877,7.95,45.8,0.4044,40.4%,17.1359,0.07%,0.648,0.352,Bullish,Moderate Contraction,41.8,False,Downtrend,Below SMA20,25071.3,25000.1,38.6,32.6,N/A,,,,28.7,28.7
11587,21-07-2025 12:20,25039.45,25049.9,25038.35,25044.6,11.55,18.46,10.8075,7.25,45.8,0.6257,62.6%,15.5741,0.06%,0.446,0.554,Bullish,Mild Contraction,19.8,False,Downtrend,Below SMA20,25066.75,25000.1,44.5,22.15,N/A,19,Downside Breakdown,12.0,34.6,34.6
11590,21-07-2025 12:35,25041.6,25044.45,25040.65,25041.8,3.8,16.815,7.5003,7.25,33.75,0.226,22.6%,16.7181,0.07%,0.053,0.947,Bullish,Strong Contraction,55.8,False,Uptrend,Below SMA20,25050.7,25009.55,32.25,8.9,N/A,2,Upside Breakout,5.5,14.95,17.4
11608,21-07-2025 14:05,25022.55,25029.6,25019.55,25027.35,10.05,14.715,8.7979,9.3,38.15,0.683,68.3%,15.4295,0.06%,0.478,0.522,Bullish,Mild Contraction,20.9,False,Downtrend,Below SMA20,25053.1,24988.1,39.25,25.75,N/A,11,Upside Breakout,29.45,12.6,27.35
11612,21-07-2025 14:25,25037.1,25038.4,25030.25,25032.75,8.15,15.045,8.6568,8.55,38.15,0.5417,54.2%,13.1743,0.05%,0.534,0.466,Bearish,Moderate Contraction,33.0,False,Downtrend,Below SMA20,25053.1,24988.1,44.65,20.35,N/A,7,Upside Breakout,29.45,32.75,64.0
11616,21-07-2025 14:45,25030.55,25035.9,25029.55,25033.75,6.35,16.29,9.867,8.15,38.15,0.3898,39.0%,13.8979,0.06%,0.504,0.496,Bullish,Moderate Contraction,42.8,False,Uptrend,Above SMA20,25039.95,24988.1,45.65,6.2,N/A,1,Upside Breakout,5.1,57.4,148.25
11632,22-07-2025 09:50,25117.6,25125.9,25113.35,25113.75,12.55,24.55,11.1606,12.5,53.2,0.5112,51.1%,23.1924,0.09%,0.307,0.693,Bearish,Moderate Contraction,36.1,False,Uptrend,Above SMA20,25182.0,25084.25,29.5,68.25,N/A,11,Downside Breakdown,7.75,28.15,28.15
11635,22-07-2025 10:05,25094.2,25102.7,25085.6,25092.7,17.1,24.925,11.2041,12.55,53.2,0.6861,68.6%,21.3421,0.09%,0.088,0.912,Bearish,Mild Contraction,16.9,False,Downtrend,Below SMA20,25182.0,25089.4,3.3,89.3,N/A,7,Downside Breakdown,3.1,31.1,31.1
11638,22-07-2025 10:20,25118.8,25123.8,25114.75,25119.95,9.05,19.915,5.1555,12.55,28.0,0.4544,45.4%,18.9537,0.08%,0.127,0.873,Bullish,Moderate Contraction,44.6,False,Uptrend,Above SMA20,25140.95,25085.6,34.35,21.0,N/A,5,Downside Breakdown,9.1,43.45,64.85
11646,22-07-2025 11:00,25086.25,25088.3,25078.0,25078.25,10.3,14.795,5.1871,8.5,23.55,0.6962,69.6%,15.3864,0.06%,0.777,0.223,Bearish,Moderate Contraction,38.8,True,Downtrend,Below SMA20,25123.8,25076.5,1.75,45.55,N/A,1,Downside Breakdown,20.8,31.25,42.7
11651,22-07-2025 11:25,25058.45,25064.6,25057.35,25060.45,7.25,16.375,5.4967,10.3,25.3,0.4427,44.3%,16.0066,0.06%,0.276,0.724,Bullish,Moderate Contraction,43.0,False,Downtrend,Below SMA20,25104.8,25047.0,13.45,44.35,N/A,5,Downside Breakdown,11.45,24.9,27.15
11658,22-07-2025 12:00,25085.8,25087.6,25079.15,25079.3,8.45,16.235,8.5994,7.25,35.0,0.5205,52.0%,15.7898,0.06%,0.769,0.231,Bearish,Moderate Contraction,32.1,False,Uptrend,Above SMA20,25086.65,25035.55,43.75,7.35,N/A,4,Upside Breakout,15.2,22.8,34.85
11665,22-07-2025 12:35,25109.6,25110.55,25100.55,25106.55,10.0,15.145,8.1136,7.5,35.0,0.6603,66.0%,13.7149,0.05%,0.305,0.695,Bearish,Mild Contraction,18.9,False,Uptrend,Above SMA20,25111.85,25035.55,71.0,5.3,N/A,2,Upside Breakout,2.3,13.15,27.85
11670,22-07-2025 13:00,25114.85,25119.7,25112.1,25113.7,7.6,11.78,3.5949,7.5,19.85,0.6452,64.5%,11.6565,0.05%,0.151,0.849,Bearish,Mild Contraction,28.5,False,Uptrend,Above SMA20,25116.4,25071.1,42.6,2.7,N/A,16,Downside Breakdown,3.5,35.0,40.2
11678,22-07-2025 13:40,25079.75,25083.3,25076.4,25080.25,6.9,12.975,7.5033,7.6,33.45,0.5318,53.2%,12.1205,0.05%,0.072,0.928,Bullish,Strong Contraction,53.7,True,Downtrend,Below SMA20,25119.7,25074.15,6.1,39.45,N/A,1,Downside Breakdown,0.65,27.05,27.4
11690,22-07-2025 14:40,25062.75,25066.25,25059.25,25064.95,7.0,16.075,6.7985,10.0,29.05,0.4355,43.5%,14.3065,0.06%,0.314,0.686,Bullish,Moderate Contraction,41.8,False,Downtrend,Below SMA20,25107.65,25044.85,20.1,42.7,N/A,10,Upside Breakout,42.2,17.05,84.9
11696,22-07-2025 15:10,25061.25,25065.0,25055.45,25058.5,9.55,14.355,6.3896,7.0,29.05,0.6653,66.5%,13.6198,0.05%,0.288,0.712,Bearish,Mild Contraction,18.8,False,Downtrend,Below SMA20,25084.8,25044.85,13.65,26.3,N/A,4,Upside Breakout,65.05,91.35,91.35
11710,23-07-2025 10:05,25095.15,25102.1,25090.85,25095.6,11.25,22.675,6.4561,16.45,38.7,0.4961,49.6%,19.9713,0.08%,0.04,0.96,Bullish,Moderate Contraction,40.5,False,Downtrend,Above SMA20,25149.85,25085.5,10.1,54.25,N/A,,,,17.55,36.45
11714,23-07-2025 10:25,25107.75,25112.5,25105.35,25108.4,7.15,17.185,4.7169,8.65,25.5,0.4161,41.6%,16.53,0.07%,0.091,0.909,Bullish,Moderate Contraction,46.9,False,Downtrend,Above SMA20,25122.65,25085.5,22.9,14.25,N/A,5,Upside Breakout,1.9,16.15,33.9
11718,23-07-2025 10:45,25115.25,25120.55,25112.45,25116.05,8.1,13.81,6.087,7.15,25.5,0.5865,58.7%,13.679,0.05%,0.099,0.901,Bullish,Mild Contraction,28.3,False,Downtrend,Above SMA20,25120.4,25090.85,25.2,4.35,N/A,1,Upside Breakout,4.15,26.25,26.25
11727,23-07-2025 11:30,25124.4,25129.45,25123.85,25126.75,5.6,14.715,7.7217,8.1,34.4,0.3806,38.1%,14.1373,0.06%,0.42,0.58,Bullish,Moderate Contraction,44.2,False,Uptrend,Above SMA20,25142.3,25102.8,23.95,15.55,N/A,6,Upside Breakout,10.1,10.75,49.9
11730,23-07-2025 11:45,25125.2,25131.9,25123.5,25131.5,8.4,13.375,8.4696,5.6,34.4,0.628,62.8%,12.0739,0.05%,0.75,0.25,Bullish,Mild Contraction,19.8,False,Uptrend,Above SMA20,25142.3,25102.8,28.7,10.8,N/A,3,Upside Breakout,10.1,31.55,57.05
11739,23-07-2025 12:30,25173.5,25174.15,25165.8,25168.05,8.35,13.47,7.7438,8.4,32.5,0.6199,62.0%,13.178,0.05%,0.653,0.347,Bearish,Mild Contraction,27.9,False,Uptrend,Above SMA20,25176.65,25117.25,50.8,8.6,N/A,1,Upside Breakout,11.9,20.5,28.1
11743,23-07-2025 12:50,25171.6,25174.1,25164.05,25165.55,10.05,15.45,7.5641,8.35,32.5,0.6505,65.0%,13.4908,0.05%,0.602,0.398,Bearish,Moderate Contraction,41.6,True,Uptrend,Above SMA20,25188.55,25130.55,35.0,23.0,N/A,13,Upside Breakout,7.75,17.5,25.6
11753,23-07-2025 13:40,25172.7,25178.0,25169.9,25169.95,8.1,13.23,7.0767,6.95,32.25,0.6122,61.2%,12.8732,0.05%,0.34,0.66,Bearish,Moderate Contraction,45.0,True,Uptrend,Above SMA20,25183.05,25139.95,30.0,13.1,N/A,2,Upside Breakout,3.0,26.35,49.1
11757,23-07-2025 14:00,25192.15,25192.8,25184.6,25186.15,8.2,13.55,7.1356,7.75,32.25,0.6052,60.5%,12.4803,0.05%,0.732,0.268,Bearish,Mild Contraction,27.6,False,Uptrend,Above SMA20,25196.3,25139.95,46.2,10.15,N/A,2,Upside Breakout,12.15,32.9,32.9
11766,23-07-2025 14:45,25210.5,25212.8,25205.95,25211.0,6.85,13.105,4.8666,7.5,23.35,0.5227,52.3%,11.9327,0.05%,0.073,0.927,Bullish,Moderate Contraction,36.6,False,Uptrend,Above SMA20,25219.05,25179.95,31.05,8.05,N/A,3,Upside Breakout,12.1,22.5,35.25
11770,23-07-2025 15:05,25224.9,25231.7,25224.0,25231.05,7.7,12.245,3.4988,6.85,17.95,0.6288,62.9%,11.9831,0.05%,0.799,0.201,Bullish,Mild Contraction,27.4,False,Uptrend,Above SMA20,25231.15,25192.0,39.05,0.1,N/A,1,Upside Breakout,2.35,34.15,52.15
11779,24-07-2025 09:35,25185.15,25196.45,25184.7,25187.95,11.75,18.31,11.9717,7.7,49.35,0.6417,64.2%,17.1107,0.07%,0.238,0.762,Bullish,Mild Contraction,18.4,False,Downtrend,Below SMA20,25246.25,25180.65,7.3,58.3,N/A,1,Downside Breakdown,1.75,25.25,33.55
11782,24-07-2025 09:50,25176.55,25176.55,25166.8,25168.25,9.75,19.565,11.2631,10.7,49.35,0.4983,49.8%,16.2514,0.06%,0.851,0.149,Bearish,Moderate Contraction,35.9,False,Downtrend,Below SMA20,25246.25,25174.3,-6.05,78.0,N/A,1,Downside Breakdown,10.05,13.85,14.65
11786,24-07-2025 10:10,25158.85,25162.1,25155.15,25158.45,6.95,15.205,4.5229,9.75,23.25,0.4571,45.7%,14.0109,0.06%,0.058,0.942,Bearish,Moderate Contraction,43.0,False,Downtrend,Below SMA20,25214.4,25157.95,0.5,55.95,N/A,1,Downside Breakdown,3.55,24.45,24.45
11793,24-07-2025 10:45,25168.75,25174.85,25166.25,25169.25,8.6,12.3,2.6116,6.95,16.3,0.6992,69.9%,12.6502,0.05%,0.058,0.942,Bullish,Moderate Contraction,41.0,True,Downtrend,Below SMA20,25182.9,25154.4,14.85,13.65,N/A,5,Downside Breakdown,7.55,22.4,79.6
11797,24-07-2025 11:05,25158.4,25164.35,25157.25,25157.8,7.1,11.87,2.5779,8.35,16.3,0.5981,59.8%,11.4352,0.05%,0.085,0.915,Bearish,Moderate Contraction,35.1,False,Downtrend,Below SMA20,25182.9,25154.4,3.4,25.1,N/A,1,Downside Breakdown,7.55,59.85,90.7
11804,24-07-2025 11:40,25101.25,25104.4,25094.9,25099.05,9.5,14.935,9.2706,7.1,39.5,0.6361,63.6%,14.5651,0.06%,0.232,0.768,Bearish,Mild Contraction,20.5,False,Downtrend,Below SMA20,25174.3,25089.65,9.4,75.25,N/A,3,Downside Breakdown,22.55,80.35,80.35
11815,24-07-2025 12:35,25082.45,25083.65,25068.35,25075.85,15.3,23.295,7.6229,15.1,38.95,0.6568,65.7%,19.7948,0.08%,0.431,0.569,Bearish,Mild Contraction,27.2,False,Downtrend,Below SMA20,25114.6,25018.7,57.15,38.75,N/A,,,,45.2,45.2
11818,24-07-2025 12:50,25077.55,25083.45,25068.95,25070.4,14.5,21.585,8.0665,9.95,38.95,0.6718,67.2%,18.3403,0.07%,0.493,0.507,Bearish,Mild Contraction,18.2,False,Uptrend,Below SMA20,25091.2,25018.7,51.7,20.8,N/A,11,Upside Breakout,9.3,39.75,39.75
11821,24-07-2025 13:05,25052.6,25060.05,25051.35,25056.9,8.7,19.215,5.8583,9.95,31.0,0.4528,45.3%,19.0173,0.08%,0.494,0.506,Bullish,Moderate Contraction,43.1,False,Downtrend,Below SMA20,25091.2,25030.65,26.25,34.3,N/A,8,Upside Breakout,9.3,13.95,44.7
11824,24-07-2025 13:20,25060.15,25060.35,25050.45,25055.6,9.9,17.765,6.6964,8.7,31.0,0.5573,55.7%,17.2378,0.07%,0.46,0.54,Bearish,Moderate Contraction,31.4,False,Downtrend,Below SMA20,25091.2,25030.65,24.95,35.6,N/A,5,Upside Breakout,9.3,44.9,46.0
11834,24-07-2025 14:10,25094.45,25095.85,25087.7,25091.35,8.15,20.195,11.9646,9.9,41.05,0.4036,40.4%,19.9091,0.08%,0.38,0.62,Bearish,Strong Contraction,62.0,True,Uptrend,Above SMA20,25101.6,25050.45,40.9,10.25,N/A,2,Upside Breakout,1.65,18.95,44.45
11837,24-07-2025 14:25,25080.7,25084.2,25072.4,25077.2,11.8,21.41,12.2704,6.7,41.05,0.5511,55.1%,18.4111,0.07%,0.297,0.703,Bearish,Mild Contraction,25.5,False,Uptrend,Above SMA20,25103.25,25051.5,25.7,26.05,N/A,4,Downside Breakdown,3.85,29.55,30.3
11845,24-07-2025 15:05,25069.9,25071.05,25063.35,25068.1,7.7,16.765,7.7424,6.7,29.4,0.4593,45.9%,16.7008,0.07%,0.234,0.766,Bearish,Moderate Contraction,37.6,False,Downtrend,Below SMA20,25103.25,25046.9,21.2,35.15,N/A,4,Downside Breakdown,0.6,144.2,160.65
11848,24-07-2025 15:20,25058.3,25060.85,25055.85,25057.35,5.0,14.795,7.167,6.4,29.4,0.338,33.8%,13.6179,0.05%,0.19,0.81,Bearish,Moderate Contraction,47.5,False,Downtrend,Below SMA20,25093.0,25046.9,10.45,35.65,N/A,1,Downside Breakdown,0.6,149.9,149.9
11857,25-07-2025 09:50,24923.15,24943.35,24919.85,24923.1,23.5,36.435,25.7581,5.0,86.45,0.645,64.5%,33.6493,0.14%,0.002,0.998,Bearish,Mild Contraction,13.9,False,Downtrend,Below SMA20,25069.6,24907.45,15.65,146.5,N/A,4,Downside Breakdown,4.3,59.65,78.65
11860,25-07-2025 10:05,24929.6,24930.35,24910.4,24911.9,19.95,40.305,21.8233,21.2,86.45,0.495,49.5%,29.6131,0.12%,0.887,0.113,Bearish,Moderate Contraction,36.4,False,Downtrend,Below SMA20,25010.35,24907.45,4.45,98.45,N/A,1,Downside Breakdown,4.3,58.0,67.45
11863,25-07-2025 10:20,24864.95,24883.05,24863.95,24874.3,19.1,30.205,10.4409,19.95,48.85,0.6323,63.2%,28.6602,0.12%,0.49,0.51,Bullish,Mild Contraction,29.2,False,Downtrend,Below SMA20,24993.85,24863.45,10.85,119.55,N/A,2,Downside Breakdown,9.55,29.85,29.85
11868,25-07-2025 10:45,24872.35,24875.55,24864.35,24874.9,11.2,23.27,7.5897,10.25,39.85,0.4813,48.1%,23.8868,0.1%,0.228,0.772,Bullish,Moderate Contraction,39.0,False,Downtrend,Below SMA20,24946.85,24844.45,30.45,71.95,N/A,12,Downside Breakdown,13.6,16.7,41.95
11875,25-07-2025 11:20,24878.0,24889.45,24878.0,24888.65,11.45,19.8,5.6295,11.15,28.4,0.5783,57.8%,20.043,0.08%,0.93,0.07,Bullish,Moderate Contraction,33.7,False,Uptrend,Above SMA20,24891.6,24844.45,44.2,2.95,N/A,2,Upside Breakout,25.25,57.8,57.8
11878,25-07-2025 11:35,24872.7,24873.2,24859.75,24865.1,13.45,19.67,11.3566,11.15,49.05,0.6838,68.4%,21.7754,0.09%,0.565,0.435,Bearish,Mild Contraction,18.3,False,Downtrend,Below SMA20,24916.85,24854.8,10.3,51.75,N/A,2,Downside Breakdown,23.95,34.25,53.45
11882,25-07-2025 11:55,24844.6,24847.75,24841.0,24846.55,6.75,21.345,12.0987,11.45,49.05,0.3162,31.6%,19.5341,0.08%,0.289,0.711,Bullish,Moderate Contraction,48.0,False,Downtrend,Below SMA20,24916.85,24830.85,15.7,70.3,N/A,5,Downside Breakdown,19.2,34.9,40.05
11888,25-07-2025 12:25,24824.35,24828.4,24817.3,24828.35,11.1,16.19,7.6558,6.75,34.65,0.6856,68.6%,17.045,0.07%,0.36,0.64,Bullish,Mild Contraction,14.9,False,Downtrend,Below SMA20,24873.2,24811.65,16.7,44.85,N/A,2,Upside Breakout,0.55,58.25,58.25
11892,25-07-2025 12:45,24865.25,24873.45,24864.8,24873.0,8.65,18.685,10.8103,6.75,42.7,0.4629,46.3%,20.0533,0.08%,0.896,0.104,Bullish,Moderate Contraction,35.0,False,Uptrend,Above SMA20,24886.6,24811.65,61.35,13.6,N/A,9,Downside Breakdown,5.3,25.65,66.65
11897,25-07-2025 13:10,24855.7,24860.7,24847.35,24857.55,13.35,20.17,10.754,7.05,42.7,0.6619,66.2%,18.1644,0.07%,0.139,0.861,Bullish,Mild Contraction,15.7,False,Uptrend,Above SMA20,24886.6,24811.65,45.9,29.05,N/A,4,Downside Breakdown,5.3,51.2,51.2
11904,25-07-2025 13:45,24863.35,24870.35,24857.05,24865.8,13.3,21.91,14.2851,7.05,51.75,0.607,60.7%,22.3313,0.09%,0.184,0.816,Bullish,Moderate Contraction,39.9,True,Uptrend,Above SMA20,24872.85,24806.35,59.45,7.05,N/A,1,Upside Breakout,7.2,29.9,51.95
11909,25-07-2025 14:10,24848.05,24849.9,24835.9,24839.35,14.0,23.03,13.6295,9.9,51.75,0.6079,60.8%,19.6597,0.08%,0.621,0.379,Bearish,Mild Contraction,22.3,False,Downtrend,Below SMA20,24880.05,24806.35,33.0,40.7,N/A,16,Downside Breakdown,73.65,25.5,30.95
11913,25-07-2025 14:30,24831.8,24837.8,24828.6,24829.0,9.2,18.385,8.1831,9.9,38.75,0.5004,50.0%,19.469,0.08%,0.304,0.696,Bearish,Moderate Contraction,37.0,False,Downtrend,Below SMA20,24880.05,24813.85,15.15,51.05,N/A,6,Downside Breakdown,5.45,19.3,20.6
11917,25-07-2025 14:50,24823.6,24830.4,24818.15,24825.35,12.25,18.74,8.2229,9.2,38.75,0.6537,65.4%,18.1477,0.07%,0.143,0.857,Bullish,Mild Contraction,20.2,False,Downtrend,Below SMA20,24879.85,24813.85,11.5,54.5,N/A,2,Downside Breakdown,5.45,23.65,92.65
11921,25-07-2025 15:10,24848.0,24849.0,24841.0,24844.4,8.0,19.36,9.4014,9.2,38.75,0.4132,41.3%,17.6209,0.07%,0.45,0.55,Bearish,Moderate Contraction,42.4,False,Downtrend,Below SMA20,24854.35,24808.4,36.0,9.95,N/A,4,Downside Breakdown,75.7,111.7,111.7
11932,28-07-2025 09:50,24813.75,24827.0,24805.65,24812.1,21.35,33.875,21.0991,11.55,70.65,0.6303,63.0%,32.1503,0.13%,0.077,0.923,Bearish,Mild Contraction,18.2,False,Downtrend,Below SMA20,24854.7,24732.7,79.4,42.6,N/A,5,Upside Breakout,22.75,65.35,77.1
11935,28-07-2025 10:05,24816.5,24828.6,24809.55,24827.05,19.05,36.41,18.9289,16.55,70.65,0.5232,52.3%,28.3755,0.11%,0.554,0.446,Bullish,Moderate Contraction,32.2,False,Uptrend,Above SMA20,24854.7,24732.7,94.35,27.65,N/A,2,Upside Breakout,22.75,62.15,62.15
11939,28-07-2025 10:25,24876.4,24882.05,24867.85,24870.9,14.2,27.13,8.0696,16.55,42.05,0.5234,52.3%,25.8956,0.1%,0.387,0.613,Bearish,Moderate Contraction,38.1,False,Uptrend,Above SMA20,24889.2,24781.15,89.75,18.3,N/A,4,Downside Breakdown,5.75,95.5,95.5
11947,28-07-2025 11:05,24813.35,24815.25,24797.05,24798.35,18.2,28.525,9.0488,14.2,45.0,0.638,63.8%,27.2963,0.11%,0.824,0.176,Bearish,Mild Contraction,23.7,False,Downtrend,Below SMA20,24889.2,24775.4,22.95,90.85,N/A,14,Downside Breakdown,3.25,24.8,26.25
11950,28-07-2025 11:20,24811.05,24819.25,24803.95,24818.5,15.3,25.665,10.7905,8.75,45.0,0.5961,59.6%,22.5375,0.09%,0.487,0.513,Bullish,Mild Contraction,23.0,False,Downtrend,Below SMA20,24885.4,24775.4,43.1,66.9,N/A,11,Downside Breakdown,3.25,39.05,39.55
11953,28-07-2025 11:35,24817.45,24824.6,24809.95,24812.8,14.65,21.875,10.9339,8.75,45.0,0.6697,67.0%,20.0013,0.08%,0.317,0.683,Bearish,Mild Contraction,16.0,False,Uptrend,Below SMA20,24844.65,24775.4,37.4,31.85,N/A,8,Downside Breakdown,3.25,33.35,40.65
11956,28-07-2025 11:50,24800.25,24806.05,24793.85,24804.15,12.2,18.11,8.5858,8.75,33.75,0.6737,67.4%,19.1015,0.08%,0.32,0.68,Bullish,Mild Contraction,17.6,False,Downtrend,Below SMA20,24844.65,24779.45,24.7,40.5,N/A,4,Downside Breakdown,0.5,32.0,32.9
11959,28-07-2025 12:05,24799.7,24802.5,24791.3,24795.8,11.2,16.295,7.3084,8.75,33.75,0.6873,68.7%,18.0418,0.07%,0.348,0.652,Bearish,Mild Contraction,17.7,False,Downtrend,Below SMA20,24824.6,24779.45,16.35,28.8,N/A,1,Downside Breakdown,0.5,23.65,80.65
11962,28-07-2025 12:20,24785.05,24791.5,24780.7,24786.35,10.8,16.945,7.1079,9.3,33.75,0.6374,63.7%,17.0499,0.07%,0.12,0.88,Bullish,Mild Contraction,24.0,False,Downtrend,Below SMA20,24824.6,24772.15,14.2,38.25,N/A,4,Downside Breakdown,0.9,42.2,85.35
11978,28-07-2025 13:40,24673.4,24684.0,24668.4,24668.4,15.6,22.76,5.9884,13.75,31.5,0.6854,68.5%,20.4767,0.08%,0.321,0.679,Bearish,Mild Contraction,22.7,False,Downtrend,Below SMA20,24746.65,24661.1,7.3,78.25,N/A,6,Downside Breakdown,14.5,30.55,30.55
11982,28-07-2025 14:00,24675.95,24680.85,24668.05,24670.75,12.8,20.975,4.4731,15.6,30.3,0.6103,61.0%,19.5169,0.08%,0.406,0.594,Bearish,Moderate Contraction,34.3,False,Downtrend,Below SMA20,24727.6,24661.1,9.65,56.85,N/A,2,Downside Breakdown,14.5,24.15,35.1
11985,28-07-2025 14:15,24676.9,24686.8,24674.1,24679.15,12.7,22.0,8.1279,12.8,40.8,0.5773,57.7%,21.3461,0.09%,0.177,0.823,Bullish,Moderate Contraction,32.7,False,Downtrend,Below SMA20,24703.1,24646.6,32.55,23.95,N/A,5,Upside Breakout,2.75,26.7,26.7
11988,28-07-2025 14:30,24671.9,24684.3,24670.2,24680.05,14.1,20.53,7.9952,12.7,40.8,0.6868,68.7%,20.0268,0.08%,0.578,0.422,Bullish,Mild Contraction,21.2,False,Uptrend,Below SMA20,24698.95,24646.6,33.45,18.9,N/A,2,Upside Breakout,6.9,25.8,25.8
11996,28-07-2025 15:10,24687.0,24689.55,24679.15,24679.75,10.4,18.99,5.5183,13.4,31.55,0.5477,54.8%,18.689,0.08%,0.697,0.303,Bearish,Moderate Contraction,36.5,False,Downtrend,Below SMA20,24705.85,24670.2,9.55,26.1,N/A,1,Downside Breakdown,0.6,81.15,81.15
12009,29-07-2025 10:00,24694.7,24713.55,24694.65,24709.25,18.9,37.425,21.4088,17.6,93.15,0.505,50.5%,28.8757,0.12%,0.77,0.23,Bullish,Moderate Contraction,34.2,False,Uptrend,Above SMA20,24727.15,24598.6,110.65,17.9,N/A,,,,81.2,94.95
12012,29-07-2025 10:15,24665.15,24670.9,24654.45,24658.05,16.45,30.01,9.5679,17.35,49.35,0.5482,54.8%,27.2114,0.11%,0.432,0.568,Bearish,Moderate Contraction,35.8,False,Downtrend,Below SMA20,24727.15,24662.8,-4.75,69.1,N/A,1,Downside Breakdown,13.0,30.0,43.75
12015,29-07-2025 10:30,24633.1,24647.65,24631.85,24639.2,15.8,24.965,9.271,10.15,38.8,0.6329,63.3%,24.4133,0.1%,0.386,0.614,Bullish,Mild Contraction,21.2,False,Downtrend,Below SMA20,24727.15,24628.05,11.15,87.95,N/A,3,Downside Breakdown,13.75,24.9,58.35
12028,29-07-2025 11:35,24700.8,24705.45,24691.6,24692.2,13.85,21.675,7.1835,14.05,35.05,0.639,63.9%,20.3435,0.08%,0.621,0.379,Bearish,Mild Contraction,28.9,False,Uptrend,Above SMA20,24703.35,24614.3,77.9,11.15,N/A,8,Upside Breakout,2.05,27.5,29.25
12032,29-07-2025 11:55,24674.65,24676.55,24667.2,24673.25,9.35,19.72,6.3444,13.85,35.05,0.4741,47.4%,18.4741,0.07%,0.15,0.85,Bearish,Moderate Contraction,41.1,False,Uptrend,Above SMA20,24705.45,24635.45,37.8,32.2,N/A,5,Upside Breakout,1.95,34.15,42.65
12039,29-07-2025 12:30,24696.55,24703.25,24694.45,24697.2,8.8,16.53,4.7153,9.35,26.15,0.5324,53.2%,16.031,0.06%,0.074,0.926,Bullish,Moderate Contraction,37.8,False,Uptrend,Above SMA20,24707.4,24662.95,34.25,10.2,N/A,1,Upside Breakout,1.6,18.7,45.5
12042,29-07-2025 12:45,24698.15,24705.7,24694.9,24701.85,10.8,16.26,7.3511,8.8,32.2,0.6642,66.4%,16.9535,0.07%,0.343,0.657,Bullish,Mild Contraction,20.4,False,Uptrend,Above SMA20,24715.9,24662.95,38.9,14.05,N/A,4,Upside Breakout,13.9,36.15,63.6
12045,29-07-2025 13:00,24709.05,24711.85,24702.95,24708.25,8.9,14.795,6.5931,8.8,32.2,0.6016,60.2%,14.5859,0.06%,0.09,0.91,Bearish,Mild Contraction,29.8,False,Uptrend,Above SMA20,24715.9,24683.7,24.55,7.65,N/A,1,Upside Breakout,13.9,34.45,87.85
12053,29-07-2025 13:40,24758.65,24760.75,24750.65,24758.85,10.1,16.64,7.6036,8.9,31.0,0.607,60.7%,17.1279,0.07%,0.02,0.98,Bullish,Mild Contraction,26.5,False,Uptrend,Above SMA20,24765.45,24698.15,60.7,6.6,N/A,1,Upside Breakout,12.7,51.45,69.3
12058,29-07-2025 14:05,24802.95,24805.25,24793.9,24796.85,11.35,19.525,7.6737,10.1,31.0,0.5813,58.1%,18.276,0.07%,0.537,0.463,Bearish,Mild Contraction,29.5,False,Uptrend,Above SMA20,24810.3,24727.2,69.65,13.45,N/A,2,Upside Breakout,4.3,31.3,31.3
12062,29-07-2025 14:25,24814.95,24820.3,24808.05,24820.3,12.25,18.94,6.5959,10.1,27.5,0.6468,64.7%,17.3907,0.07%,0.437,0.563,Bullish,Mild Contraction,23.2,False,Uptrend,Above SMA20,24817.6,24736.6,83.7,-2.7,N/A,1,Upside Breakout,10.55,48.5,48.6
12070,29-07-2025 15:05,24817.8,24823.65,24809.85,24812.45,13.8,23.5,10.6152,12.25,47.0,0.5872,58.7%,22.4193,0.09%,0.388,0.612,Bearish,Mild Contraction,28.3,False,Uptrend,Above SMA20,24828.15,24771.7,40.75,15.7,N/A,2,Upside Breakout,3.2,79.6,79.6
12077,30-07-2025 09:25,24840.5,24840.5,24824.0,24833.2,16.5,27.54,20.5574,8.4,78.15,0.5991,59.9%,26.6625,0.11%,0.442,0.558,Bearish,Mild Contraction,20.0,False,Uptrend,Above SMA20,24892.05,24771.7,61.5,58.85,N/A,,,,46.75,46.75
12080,30-07-2025 09:40,24868.8,24877.6,24860.15,24877.2,17.45,26.415,19.9212,8.4,78.15,0.6606,66.1%,26.0482,0.1%,0.481,0.519,Bullish,Mild Contraction,14.5,False,Uptrend,Above SMA20,24892.05,24809.4,67.8,14.85,N/A,10,Downside Breakdown,1.85,62.25,69.65
12084,30-07-2025 10:00,24839.35,24844.1,24830.65,24839.75,13.45,32.58,18.9552,16.5,78.15,0.4128,41.3%,26.8229,0.11%,0.03,0.97,Bullish,Moderate Contraction,41.5,False,Uptrend,Above SMA20,24892.05,24813.9,25.85,52.3,N/A,5,Downside Breakdown,3.75,29.6,67.8
12094,30-07-2025 10:50,24805.4,24818.85,24804.2,24818.85,14.65,20.93,7.5765,12.75,37.6,0.7,70.0%,23.0926,0.09%,0.918,0.082,Bullish,Mild Contraction,19.5,False,Downtrend,Below SMA20,24858.75,24771.95,46.9,39.9,N/A,5,Upside Breakout,19.8,59.7,83.45
12097,30-07-2025 11:05,24816.35,24821.35,24809.3,24818.9,12.05,21.29,7.7412,8.6,37.6,0.566,56.6%,19.9039,0.08%,0.212,0.788,Bullish,Mild Contraction,28.2,False,Downtrend,Below SMA20,24858.75,24771.95,46.95,39.85,N/A,2,Upside Breakout,19.8,83.4,83.4
12100,30-07-2025 11:20,24877.95,24885.3,24871.0,24879.15,14.3,21.215,9.0889,8.6,37.6,0.6741,67.4%,21.5013,0.09%,0.084,0.916,Bullish,Mild Contraction,16.3,False,Uptrend,Above SMA20,24878.55,24771.95,107.2,-0.6,N/A,1,Upside Breakout,23.75,38.25,38.25
12105,30-07-2025 11:45,24868.7,24871.25,24860.1,24860.85,11.15,21.695,9.2298,8.6,35.9,0.5139,51.4%,21.7701,0.09%,0.704,0.296,Bearish,Moderate Contraction,32.4,False,Uptrend,Above SMA20,24902.3,24809.3,51.55,41.45,N/A,,,,23.35,23.35
12108,30-07-2025 12:00,24876.95,24877.65,24864.85,24869.25,12.8,21.41,9.1544,10.95,35.9,0.5979,59.8%,18.7959,0.08%,0.602,0.398,Bearish,Mild Contraction,27.0,False,Uptrend,Above SMA20,24902.3,24818.55,50.7,33.05,N/A,,,,19.65,19.65
12112,30-07-2025 12:20,24870.45,24874.55,24867.45,24871.4,7.1,17.645,8.0294,10.95,35.9,0.4024,40.2%,17.0037,0.07%,0.134,0.866,Bullish,Moderate Contraction,43.6,False,Downtrend,Above SMA20,24898.5,24840.9,30.5,27.1,N/A,10,Downside Breakdown,8.25,17.7,38.75
12115,30-07-2025 12:35,24864.5,24867.2,24860.25,24863.2,6.95,14.165,4.8562,7.1,25.0,0.4906,49.1%,15.3658,0.06%,0.187,0.813,Bearish,Moderate Contraction,39.4,False,Uptrend,Below SMA20,24884.2,24849.6,13.6,21.0,N/A,7,Downside Breakdown,16.95,11.8,30.55
12120,30-07-2025 13:00,24866.35,24872.55,24864.2,24868.85,8.35,14.37,5.2067,6.95,25.0,0.5811,58.1%,14.0515,0.06%,0.299,0.701,Bullish,Mild Contraction,28.8,False,Uptrend,Above SMA20,24875.0,24849.6,19.25,6.15,N/A,2,Downside Breakdown,16.95,36.2,37.25
12123,30-07-2025 13:15,24849.9,24858.25,24848.7,24849.75,9.55,14.83,7.3981,6.95,33.5,0.644,64.4%,15.333,0.06%,0.016,0.984,Bearish,Mild Contraction,20.2,False,Downtrend,Below SMA20,24875.0,24832.65,17.1,25.25,N/A,3,Downside Breakdown,1.05,18.15,25.15
12127,30-07-2025 13:35,24854.95,24861.95,24850.85,24859.65,11.1,16.17,8.1118,8.35,33.5,0.6865,68.6%,16.0825,0.06%,0.423,0.577,Bullish,Mild Contraction,16.9,False,Uptrend,Above SMA20,24875.0,24831.6,28.05,15.35,N/A,10,Upside Breakout,4.2,11.95,19.55
12134,30-07-2025 14:10,24862.2,24866.25,24856.4,24859.95,9.85,15.68,6.8905,8.85,29.0,0.6282,62.8%,15.1819,0.06%,0.228,0.772,Bearish,Mild Contraction,25.4,False,Uptrend,Above SMA20,24874.9,24831.6,28.35,14.95,N/A,3,Upside Breakout,4.3,30.75,30.75
12142,30-07-2025 14:50,24867.25,24873.45,24865.3,24867.75,8.15,15.44,6.6043,8.15,29.0,0.5278,52.8%,14.1574,0.06%,0.061,0.939,Bullish,Moderate Contraction,35.4,False,Downtrend,Above SMA20,24890.7,24845.9,21.85,22.95,N/A,6,Downside Breakdown,0.95,17.3,232.75
12147,30-07-2025 15:15,24858.15,24860.45,24851.7,24854.55,8.75,14.335,4.5093,8.15,22.25,0.6104,61.0%,12.6657,0.05%,0.411,0.589,Bearish,Moderate Contraction,49.4,True,Downtrend,Below SMA20,24890.7,24850.45,4.1,36.15,N/A,1,Downside Breakdown,5.5,219.55,219.55
12157,31-07-2025 09:50,24694.05,24707.35,24688.65,24702.15,18.7,28.665,19.2051,8.75,65.1,0.6524,65.2%,31.3383,0.13%,0.433,0.567,Bullish,Moderate Contraction,35.3,True,Downtrend,Below SMA20,24860.45,24635.0,67.15,158.3,N/A,,,,48.55,48.55
12161,31-07-2025 10:10,24678.1,24683.45,24665.3,24673.6,18.15,29.44,12.2295,18.7,59.05,0.6165,61.7%,28.9612,0.12%,0.248,0.752,Bearish,Mild Contraction,29.4,False,Downtrend,Below SMA20,24728.95,24653.6,20.0,55.35,N/A,10,Upside Breakout,36.95,19.2,92.3
12174,31-07-2025 11:15,24746.95,24757.65,24742.05,24757.15,15.6,24.28,11.6163,16.15,52.7,0.6425,64.3%,24.3098,0.1%,0.654,0.346,Bullish,Moderate Contraction,47.0,True,Uptrend,Above SMA20,24776.55,24662.6,94.55,19.4,N/A,1,Upside Breakout,11.4,63.05,65.25
12181,31-07-2025 11:50,24808.75,24814.6,24796.95,24804.35,17.65,27.595,10.5063,15.6,52.7,0.6396,64.0%,25.3936,0.1%,0.249,0.751,Bearish,Mild Contraction,24.8,False,Uptrend,Above SMA20,24822.4,24713.2,91.15,18.05,N/A,5,Upside Breakout,20.25,48.75,70.1
12187,31-07-2025 12:20,24841.5,24850.0,24835.75,24846.55,14.25,27.815,12.5905,13.0,59.75,0.5123,51.2%,26.2861,0.11%,0.354,0.646,Bullish,Moderate Contraction,34.4,False,Uptrend,Above SMA20,24842.65,24755.6,90.95,-3.9,N/A,1,Upside Breakout,5.9,27.9,81.9
12190,31-07-2025 12:35,24857.85,24874.45,24856.3,24867.45,18.15,26.51,13.4217,13.0,59.75,0.6846,68.5%,25.8726,0.1%,0.529,0.471,Bullish,Mild Contraction,16.4,False,Uptrend,Above SMA20,24861.35,24755.6,111.85,-6.1,N/A,1,Upside Breakout,7.55,38.6,61.0
12193,31-07-2025 12:50,24873.25,24882.3,24871.25,24876.15,11.05,27.245,12.5765,14.25,59.75,0.4056,40.6%,23.9549,0.1%,0.262,0.738,Bullish,Moderate Contraction,43.3,False,Uptrend,Above SMA20,24874.45,24755.6,120.55,-1.7,N/A,1,Upside Breakout,31.6,52.3,80.35
12205,31-07-2025 13:50,24920.35,24920.95,24905.1,24907.35,15.85,23.55,8.3422,16.15,37.35,0.673,67.3%,23.2872,0.09%,0.82,0.18,Bearish,Mild Contraction,26.2,False,Uptrend,Above SMA20,24956.5,24886.2,21.15,49.15,N/A,7,Downside Breakdown,22.8,45.35,64.3
12211,31-07-2025 14:20,24906.4,24914.05,24898.7,24903.3,15.35,24.47,6.5122,15.85,36.55,0.6273,62.7%,23.6289,0.09%,0.202,0.798,Bearish,Strong Contraction,51.2,True,Downtrend,Below SMA20,24956.5,24901.3,2.0,53.2,N/A,1,Downside Breakdown,37.9,60.25,150.8
12222,31-07-2025 15:15,24762.45,24764.55,24748.85,24754.2,15.7,36.015,11.5638,24.9,65.05,0.4359,43.6%,30.7217,0.12%,0.525,0.475,Bearish,Strong Contraction,63.9,True,Downtrend,Below SMA20,24903.3,24752.5,1.7,149.1,N/A,1,Downside Breakdown,3.2,74.9,82.0
12226,01-08-2025 09:20,24725.9,24732.6,24712.2,24712.7,20.4,31.96,18.6033,9.65,65.05,0.6383,63.8%,30.8461,0.12%,0.647,0.353,Bearish,Mild Contraction,17.0,False,Downtrend,Below SMA20,24881.2,24695.95,16.75,168.5,N/A,1,Downside Breakdown,16.65,40.5,40.5
12233,01-08-2025 09:55,24697.45,24703.65,24685.15,24696.9,18.5,32.84,18.4224,9.65,66.5,0.5633,56.3%,30.8836,0.13%,0.03,0.97,Bearish,Mild Contraction,24.1,False,Downtrend,Below SMA20,24766.6,24672.2,24.7,69.7,N/A,5,Upside Breakout,11.2,80.9,87.25
12237,01-08-2025 10:15,24745.6,24752.05,24735.1,24751.35,16.95,32.09,14.4218,16.5,66.5,0.5282,52.8%,28.1855,0.11%,0.339,0.661,Bullish,Moderate Contraction,34.5,False,Uptrend,Above SMA20,24747.35,24672.2,79.15,-4.0,N/A,1,Upside Breakout,30.45,32.8,33.25
12241,01-08-2025 10:35,24778.95,24784.15,24769.3,24771.3,14.85,24.795,9.1032,13.35,44.7,0.5989,59.9%,24.7948,0.1%,0.515,0.485,Bearish,Mild Contraction,28.6,False,Uptrend,Above SMA20,24782.5,24684.65,86.65,11.2,N/A,8,Downside Breakdown,15.7,36.0,102.35
12245,01-08-2025 10:55,24740.4,24745.4,24735.95,24743.4,9.45,20.345,5.5073,13.35,29.3,0.4645,46.4%,21.3978,0.09%,0.317,0.683,Bullish,Moderate Contraction,43.3,False,Uptrend,Above SMA20,24784.15,24712.45,30.95,40.75,N/A,3,Downside Breakdown,5.35,74.45,99.35
12252,01-08-2025 11:30,24692.65,24694.5,24677.55,24682.15,16.95,25.26,13.504,9.45,49.5,0.671,67.1%,24.6137,0.1%,0.619,0.381,Bearish,Moderate Contraction,35.2,True,Downtrend,Below SMA20,24776.6,24668.95,13.2,94.45,N/A,1,Downside Breakdown,2.0,38.1,38.1
12256,01-08-2025 11:50,24667.3,24675.75,24660.85,24665.55,14.9,27.02,12.526,16.95,49.5,0.5514,55.1%,23.0481,0.09%,0.117,0.883,Bearish,Moderate Contraction,33.3,False,Downtrend,Below SMA20,24771.35,24644.05,21.5,105.8,N/A,9,Downside Breakdown,3.6,19.4,54.5
12261,01-08-2025 12:15,24654.95,24660.05,24647.1,24653.6,12.95,18.705,4.9241,12.8,30.3,0.6923,69.2%,19.4184,0.08%,0.104,0.896,Bearish,Mild Contraction,25.8,False,Downtrend,Below SMA20,24706.65,24644.05,9.55,53.05,N/A,4,Downside Breakdown,3.6,44.1,44.1
12268,01-08-2025 12:50,24641.8,24650.0,24635.15,24649.9,14.85,21.66,9.2453,12.95,40.0,0.6856,68.6%,21.6003,0.09%,0.545,0.455,Bullish,Mild Contraction,20.1,False,Downtrend,Below SMA20,24697.7,24611.05,38.85,47.8,N/A,,,,17.05,42.75
12273,01-08-2025 13:15,24656.1,24660.2,24648.9,24651.35,11.3,21.27,10.015,12.05,40.0,0.5313,53.1%,18.9078,0.08%,0.42,0.58,Bearish,Moderate Contraction,34.6,False,Downtrend,Below SMA20,24697.7,24611.05,40.3,46.35,N/A,16,Downside Breakdown,7.45,41.3,41.3
12279,01-08-2025 13:45,24669.5,24672.45,24662.7,24665.5,9.75,23.895,14.4414,11.3,59.25,0.408,40.8%,24.3179,0.1%,0.41,0.59,Bearish,Moderate Contraction,41.6,False,Uptrend,Above SMA20,24692.65,24615.6,49.9,27.15,N/A,10,Downside Breakdown,12.0,28.6,61.9
12282,01-08-2025 14:00,24644.55,24651.95,24636.9,24644.6,15.05,23.445,15.0663,9.05,59.25,0.6419,64.2%,22.1115,0.09%,0.003,0.997,Bullish,Mild Contraction,17.8,False,Downtrend,Below SMA20,24692.65,24615.6,29.0,48.05,N/A,7,Downside Breakdown,12.0,26.15,41.0
12293,01-08-2025 14:55,24625.6,24625.65,24610.4,24613.8,15.25,22.155,10.4768,12.15,48.5,0.6883,68.8%,21.706,0.09%,0.774,0.226,Bearish,Mild Contraction,17.8,False,Downtrend,Below SMA20,24663.95,24603.6,10.2,50.15,N/A,1,Downside Breakdown,9.9,78.75,78.75
12298,01-08-2025 15:20,24551.1,24563.25,24550.7,24560.5,12.55,26.66,12.0077,15.25,48.5,0.4707,47.1%,23.0036,0.09%,0.749,0.251,Bullish,Strong Contraction,59.0,True,Downtrend,Below SMA20,24652.1,24535.05,25.45,91.6,N/A,3,Upside Breakout,0.85,109.45,109.45
12304,04-08-2025 09:35,24657.8,24661.35,24644.05,24649.65,17.3,31.985,19.011,12.55,80.05,0.5409,54.1%,28.2474,0.11%,0.471,0.529,Bearish,Mild Contraction,28.1,False,Uptrend,Above SMA20,24669.95,24535.05,114.6,20.3,N/A,20,Upside Breakout,7.4,95.65,95.65
12308,04-08-2025 09:55,24607.3,24613.9,24600.2,24608.1,13.7,37.565,20.6415,12.55,80.05,0.3647,36.5%,33.3055,0.14%,0.058,0.942,Bullish,Strong Contraction,64.0,True,Uptrend,Below SMA20,24669.95,24546.8,61.3,61.85,N/A,16,Upside Breakout,7.4,44.2,47.9
12311,04-08-2025 10:10,24626.4,24630.7,24616.75,24624.3,13.95,31.8,14.6562,13.7,53.8,0.4387,43.9%,28.8173,0.12%,0.151,0.849,Bearish,Moderate Contraction,40.7,False,Downtrend,Above SMA20,24669.95,24554.0,70.3,45.65,N/A,13,Upside Breakout,7.4,28.5,38.85
12315,04-08-2025 10:30,24618.5,24640.05,24618.45,24636.45,21.6,31.575,15.5328,13.7,53.8,0.6841,68.4%,27.8046,0.11%,0.831,0.169,Bullish,Mild Contraction,15.3,False,Uptrend,Above SMA20,24652.3,24554.0,82.45,15.85,N/A,1,Upside Breakout,0.5,32.9,46.3
12320,04-08-2025 10:55,24625.95,24632.1,24617.5,24625.25,14.6,22.93,7.1334,13.95,37.55,0.6367,63.7%,24.3379,0.1%,0.048,0.952,Bearish,Mild Contraction,28.0,False,Downtrend,Below SMA20,24656.0,24603.55,21.7,30.75,N/A,1,Upside Breakout,7.15,57.5,58.7
12324,04-08-2025 11:15,24664.5,24677.35,24662.35,24667.95,15.0,25.04,9.1556,14.35,41.0,0.599,59.9%,24.1064,0.1%,0.23,0.77,Bullish,Strong Contraction,50.0,True,Uptrend,Above SMA20,24669.5,24603.55,64.4,1.55,N/A,1,Upside Breakout,13.25,35.4,35.4
12330,04-08-2025 11:45,24669.25,24674.45,24667.85,24672.6,6.6,22.135,10.6073,14.45,41.0,0.2982,29.8%,20.8701,0.08%,0.508,0.492,Bullish,Strong Contraction,50.3,False,Uptrend,Above SMA20,24683.95,24617.5,55.1,11.35,N/A,2,Upside Breakout,0.7,13.05,47.25
12334,04-08-2025 12:05,24670.6,24679.1,24667.35,24668.95,11.75,17.34,9.7048,6.6,40.95,0.6776,67.8%,18.257,0.07%,0.14,0.86,Bearish,Mild Contraction,14.6,False,Uptrend,Above SMA20,24684.65,24632.55,36.4,15.7,N/A,4,Upside Breakout,12.15,30.45,52.0
12339,04-08-2025 12:30,24694.95,24699.4,24691.05,24694.1,8.35,14.785,6.7609,6.6,27.4,0.5648,56.5%,16.503,0.07%,0.102,0.898,Bearish,Mild Contraction,28.2,False,Uptrend,Above SMA20,24696.8,24652.25,41.85,2.7,N/A,1,Upside Breakout,23.05,26.85,28.15
12343,04-08-2025 12:50,24695.05,24703.95,24691.75,24692.2,12.2,18.16,8.2732,8.35,31.3,0.6718,67.2%,18.043,0.07%,0.234,0.766,Bearish,Mild Contraction,17.4,False,Uptrend,Above SMA20,24720.95,24659.55,32.65,28.75,N/A,2,Upside Breakout,1.3,30.05,48.1
12348,04-08-2025 13:15,24698.65,24704.5,24692.5,24693.6,12.0,19.11,7.1954,8.35,31.3,0.6279,62.8%,17.1463,0.07%,0.421,0.579,Bearish,Mild Contraction,22.3,False,Downtrend,Above SMA20,24722.25,24669.4,24.2,28.65,N/A,2,Downside Breakdown,25.3,49.5,49.5
12352,04-08-2025 13:35,24687.55,24689.85,24677.5,24689.35,12.35,19.395,9.7765,12.0,45.4,0.6368,63.7%,19.9362,0.08%,0.146,0.854,Bullish,Mild Contraction,26.3,False,Downtrend,Below SMA20,24722.25,24644.1,45.25,32.9,N/A,2,Upside Breakout,12.4,45.3,45.3
12355,04-08-2025 13:50,24718.75,24723.45,24712.65,24719.2,10.8,21.25,10.6272,12.0,45.4,0.5082,50.8%,19.9983,0.08%,0.042,0.958,Bullish,Moderate Contraction,35.9,False,Uptrend,Above SMA20,24734.65,24644.1,75.1,15.45,N/A,19,Upside Breakout,1.6,37.0,37.0
12359,04-08-2025 14:10,24722.85,24722.85,24714.15,24719.45,8.7,23.47,13.3476,8.55,45.4,0.3707,37.1%,20.3963,0.08%,0.391,0.609,Bearish,Moderate Contraction,44.1,False,Uptrend,Above SMA20,24734.65,24644.1,75.35,15.2,N/A,15,Upside Breakout,1.6,14.9,30.35
12362,04-08-2025 14:25,24717.7,24724.6,24713.8,24721.8,10.8,17.85,12.1612,8.55,43.05,0.605,60.5%,16.8215,0.07%,0.38,0.62,Bullish,Mild Contraction,23.5,False,Uptrend,Above SMA20,24734.65,24677.5,44.3,12.85,N/A,12,Upside Breakout,1.6,32.7,32.7
12367,04-08-2025 14:50,24716.3,24729.45,24715.75,24727.4,13.7,20.255,11.2309,8.7,43.05,0.6764,67.6%,19.3558,0.08%,0.81,0.19,Bullish,Mild Contraction,15.6,False,Uptrend,Above SMA20,24734.35,24682.2,45.2,6.95,N/A,7,Upside Breakout,1.9,25.7,63.2
12370,04-08-2025 15:05,24719.4,24725.75,24716.35,24725.25,9.4,17.6,7.7632,9.3,30.25,0.5341,53.4%,17.9115,0.07%,0.622,0.378,Bullish,Moderate Contraction,34.5,False,Uptrend,Above SMA20,24734.35,24689.1,36.15,9.1,N/A,4,Upside Breakout,1.9,51.0,97.0
12373,04-08-2025 15:20,24723.35,24734.15,24722.65,24730.25,11.5,17.38,8.1144,6.4,30.25,0.6617,66.2%,15.1594,0.06%,0.6,0.4,Bullish,Mild Contraction,16.5,False,Uptrend,Above SMA20,24734.35,24689.1,41.15,4.1,N/A,1,Upside Breakout,1.9,71.55,130.9
12382,05-08-2025 09:50,24615.7,24623.15,24608.8,24614.55,14.35,24.84,15.719,6.4,58.85,0.5777,57.8%,22.637,0.09%,0.08,0.92,Bearish,Mild Contraction,21.7,False,Downtrend,Below SMA20,24736.25,24610.35,4.2,121.7,N/A,1,Downside Breakdown,11.0,23.7,30.15
12388,05-08-2025 10:20,24634.15,24644.6,24627.6,24642.6,17.0,25.15,7.6752,14.35,44.2,0.6759,67.6%,23.1295,0.09%,0.497,0.503,Bullish,Mild Contraction,21.8,False,Downtrend,Below SMA20,24684.05,24593.15,49.45,41.45,N/A,,,,45.75,45.75
12393,05-08-2025 10:45,24616.35,24616.75,24605.05,24611.0,11.7,24.81,4.8347,17.0,36.15,0.4716,47.2%,23.0741,0.09%,0.457,0.543,Bearish,Moderate Contraction,46.6,False,Uptrend,Below SMA20,24644.7,24593.15,17.85,33.7,N/A,7,Upside Breakout,0.45,24.0,35.6
12396,05-08-2025 11:00,24620.5,24626.75,24615.25,24624.05,11.5,21.685,7.5476,10.8,36.15,0.5303,53.0%,19.7045,0.08%,0.309,0.691,Bullish,Moderate Contraction,35.2,False,Uptrend,Below SMA20,24644.7,24596.85,27.2,20.65,N/A,4,Upside Breakout,0.45,22.55,22.55
12400,05-08-2025 11:20,24640.5,24645.15,24631.75,24645.15,13.4,20.015,8.4064,10.8,36.15,0.6695,66.9%,19.4894,0.08%,0.347,0.653,Bullish,Mild Contraction,20.0,False,Uptrend,Above SMA20,24642.15,24596.85,48.3,-3.0,N/A,1,Upside Breakout,4.45,26.9,29.45
12405,05-08-2025 11:45,24633.85,24635.0,24625.1,24632.35,9.9,15.77,6.2955,9.5,30.85,0.6278,62.8%,16.1722,0.07%,0.152,0.848,Bearish,Moderate Contraction,47.5,True,Uptrend,Above SMA20,24646.6,24604.15,28.2,14.25,N/A,5,Upside Breakout,22.1,36.35,36.35
12408,05-08-2025 12:00,24625.35,24628.05,24619.3,24624.9,8.75,15.085,6.4055,9.5,30.85,0.58,58.0%,14.3057,0.06%,0.051,0.949,Bearish,Moderate Contraction,31.8,False,Downtrend,Below SMA20,24646.6,24604.15,20.75,21.7,N/A,2,Upside Breakout,22.1,43.8,43.8
12411,05-08-2025 12:15,24658.9,24662.0,24651.85,24659.45,10.15,15.11,9.629,8.75,40.85,0.6717,67.2%,16.5179,0.07%,0.054,0.946,Bullish,Mild Contraction,19.8,False,Uptrend,Above SMA20,24668.7,24615.7,43.75,9.25,N/A,13,Downside Breakdown,21.4,38.5,38.5
12416,05-08-2025 12:40,24646.75,24652.1,24644.35,24649.95,7.75,16.86,11.7304,8.75,40.85,0.4597,46.0%,16.2023,0.07%,0.413,0.587,Bullish,Moderate Contraction,37.6,False,Uptrend,Above SMA20,24668.7,24615.7,34.25,18.75,N/A,8,Downside Breakdown,21.4,27.75,56.95
12419,05-08-2025 12:55,24632.75,24639.9,24630.0,24639.1,9.9,16.61,11.8617,7.75,40.85,0.596,59.6%,14.3369,0.06%,0.641,0.359,Bullish,Mild Contraction,23.9,False,Uptrend,Below SMA20,24668.7,24620.6,18.5,29.6,N/A,3,Downside Breakdown,3.6,44.8,46.1
12425,05-08-2025 13:25,24602.1,24607.2,24598.05,24605.0,9.15,14.02,7.436,7.45,31.95,0.6526,65.3%,15.5082,0.06%,0.317,0.683,Bullish,Mild Contraction,20.8,False,Downtrend,Below SMA20,24652.1,24594.3,10.7,47.1,N/A,1,Downside Breakdown,1.3,23.0,24.05
12431,05-08-2025 13:55,24624.85,24628.25,24619.9,24624.9,8.35,14.695,7.3665,7.45,31.95,0.5682,56.8%,13.6629,0.06%,0.006,0.994,Bullish,Mild Contraction,29.4,False,Downtrend,Below SMA20,24634.4,24593.0,31.9,9.5,N/A,2,Downside Breakdown,1.0,32.9,34.6
12442,05-08-2025 14:50,24608.0,24611.3,24600.8,24606.5,10.5,21.835,9.1766,13.4,39.6,0.4809,48.1%,19.6214,0.08%,0.143,0.857,Bearish,Moderate Contraction,38.7,False,Downtrend,Below SMA20,24631.85,24590.3,16.2,25.35,N/A,3,Upside Breakout,27.05,64.65,64.9
12448,05-08-2025 15:20,24662.6,24667.8,24653.9,24657.8,13.9,24.17,10.0716,10.5,39.6,0.5751,57.5%,21.0894,0.09%,0.345,0.655,Bearish,Mild Contraction,27.3,False,Uptrend,Above SMA20,24671.15,24590.3,67.5,13.35,N/A,3,Upside Breakout,0.25,23.45,51.95
12455,06-08-2025 09:40,24622.85,24625.2,24616.15,24621.05,9.05,22.905,6.0154,13.9,32.8,0.3951,39.5%,20.4729,0.08%,0.199,0.801,Bearish,Moderate Contraction,48.9,False,Downtrend,Below SMA20,24671.4,24618.4,2.65,50.35,N/A,1,Downside Breakdown,12.55,41.35,41.35
12467,06-08-2025 10:40,24569.0,24577.2,24563.3,24564.6,13.9,31.265,14.6795,16.0,61.8,0.4446,44.5%,26.8619,0.11%,0.317,0.683,Bearish,Moderate Contraction,40.5,False,Downtrend,Below SMA20,24649.45,24544.15,20.45,84.85,N/A,,,,15.95,16.4
12470,06-08-2025 10:55,24563.5,24563.5,24548.65,24556.45,14.85,24.1,11.0447,12.3,46.85,0.6162,61.6%,22.5949,0.09%,0.475,0.525,Bearish,Mild Contraction,24.7,False,Downtrend,Below SMA20,24649.45,24544.15,12.3,93.0,N/A,,,,8.25,24.65
12473,06-08-2025 11:10,24549.45,24561.95,24548.2,24561.1,13.75,19.92,10.998,11.75,46.85,0.6903,69.0%,19.1803,0.08%,0.847,0.153,Bullish,Mild Contraction,18.5,False,Downtrend,Below SMA20,24649.45,24544.15,16.95,88.35,N/A,,,,17.35,39.0
12484,06-08-2025 12:05,24594.2,24599.35,24587.45,24593.2,11.9,18.045,7.0636,10.65,31.6,0.6595,65.9%,18.4617,0.08%,0.084,0.916,Bearish,Mild Contraction,23.3,False,Uptrend,Above SMA20,24600.1,24550.3,42.9,6.9,N/A,2,Upside Breakout,7.8,40.4,40.4
12488,06-08-2025 12:25,24612.15,24617.6,24606.1,24616.5,11.5,19.32,7.8042,8.85,31.6,0.5952,59.5%,18.0449,0.07%,0.378,0.622,Bullish,Mild Contraction,25.9,False,Uptrend,Above SMA20,24633.6,24553.55,62.95,17.1,N/A,,,,33.25,33.25
12491,06-08-2025 12:40,24597.8,24603.3,24595.55,24600.1,7.75,18.3,8.3492,8.85,31.6,0.4235,42.3%,16.7681,0.07%,0.297,0.703,Bullish,Moderate Contraction,42.1,False,Uptrend,Above SMA20,24633.6,24558.3,41.8,33.5,N/A,,,,16.85,26.9
12495,06-08-2025 13:00,24609.0,24616.35,24604.85,24612.6,11.5,16.43,7.2668,7.75,27.3,0.6999,70.0%,16.2789,0.07%,0.313,0.687,Bullish,Mild Contraction,14.8,False,Uptrend,Above SMA20,24633.6,24583.25,29.35,21.0,N/A,14,Downside Breakdown,4.8,9.65,28.1
12498,06-08-2025 13:15,24617.4,24619.55,24611.15,24616.9,8.4,13.955,5.9119,7.75,25.5,0.6019,60.2%,14.1155,0.06%,0.06,0.94,Bearish,Mild Contraction,28.2,False,Uptrend,Above SMA20,24623.3,24583.25,33.65,6.4,N/A,3,Upside Breakout,3.7,32.4,32.4
12510,06-08-2025 14:15,24583.6,24589.0,24579.35,24588.8,9.65,16.995,9.1326,10.7,42.0,0.5678,56.8%,15.1526,0.06%,0.539,0.461,Bullish,Moderate Contraction,31.6,False,Downtrend,Below SMA20,24628.8,24578.45,10.35,40.0,N/A,2,Downside Breakdown,4.35,49.6,49.6
12513,06-08-2025 14:30,24574.5,24574.7,24564.0,24567.85,10.7,17.145,10.4356,7.15,42.0,0.6241,62.4%,15.1638,0.06%,0.621,0.379,Bearish,Mild Contraction,20.3,False,Downtrend,Below SMA20,24626.5,24574.1,-6.25,58.65,N/A,1,Downside Breakdown,34.9,28.65,28.65
12516,06-08-2025 14:45,24560.05,24567.2,24556.85,24565.9,10.35,15.71,7.3536,7.15,28.7,0.6588,65.9%,15.7547,0.06%,0.565,0.435,Bullish,Mild Contraction,18.5,False,Downtrend,Below SMA20,24606.7,24539.2,26.7,40.8,N/A,9,Downside Breakdown,79.15,19.7,105.85
12521,06-08-2025 15:10,24581.0,24581.95,24575.0,24576.35,6.95,16.58,7.102,7.15,28.7,0.4192,41.9%,14.94,0.06%,0.669,0.331,Bearish,Strong Contraction,62.8,True,Downtrend,Below SMA20,24601.25,24539.2,37.15,24.9,N/A,4,Downside Breakdown,79.15,116.3,116.3
12532,07-08-2025 09:50,24502.65,24510.8,24499.35,24506.15,11.45,26.81,16.9259,9.6,68.9,0.4271,42.7%,24.0985,0.1%,0.306,0.694,Bullish,Moderate Contraction,38.0,False,Downtrend,Below SMA20,24585.75,24460.05,46.1,79.6,N/A,7,Downside Breakdown,9.9,38.15,81.05
12535,07-08-2025 10:05,24476.55,24482.35,24468.0,24471.4,14.35,28.1,16.2428,11.45,68.9,0.5107,51.1%,22.0336,0.09%,0.359,0.641,Bearish,Moderate Contraction,31.6,False,Downtrend,Below SMA20,24542.9,24460.05,11.35,71.5,N/A,4,Downside Breakdown,9.9,46.3,58.05
12538,07-08-2025 10:20,24483.55,24486.65,24474.3,24479.25,12.35,18.555,7.0168,9.35,30.6,0.6656,66.6%,18.6017,0.08%,0.348,0.652,Bearish,Mild Contraction,19.9,False,Downtrend,Below SMA20,24542.9,24468.0,11.25,63.65,N/A,1,Downside Breakdown,17.85,65.9,91.7
12541,07-08-2025 10:35,24438.55,24443.85,24432.8,24436.1,11.05,18.26,8.1009,9.35,33.95,0.6051,60.5%,19.9117,0.08%,0.222,0.778,Bearish,Mild Contraction,26.1,False,Downtrend,Below SMA20,24519.35,24425.1,11.0,83.25,N/A,2,Downside Breakdown,11.75,35.05,48.55
12544,07-08-2025 10:50,24417.75,24423.65,24416.0,24416.7,7.65,16.91,8.1197,9.35,33.95,0.4524,45.2%,17.7366,0.07%,0.137,0.863,Bearish,Moderate Contraction,39.9,False,Downtrend,Below SMA20,24487.85,24413.35,3.35,71.15,N/A,2,Downside Breakdown,12.3,29.15,31.5
12548,07-08-2025 11:10,24411.45,24416.45,24408.2,24411.6,8.25,19.47,9.7587,7.65,33.95,0.4237,42.4%,18.3992,0.08%,0.018,0.982,Bullish,Moderate Contraction,40.5,False,Downtrend,Below SMA20,24486.65,24387.55,24.05,75.05,N/A,,,,30.0,36.6
12551,07-08-2025 11:25,24426.9,24433.5,24423.1,24424.15,10.4,16.345,8.3283,7.65,32.75,0.6363,63.6%,16.7955,0.07%,0.264,0.736,Bearish,Mild Contraction,20.9,False,Downtrend,Below SMA20,24443.85,24387.55,36.6,19.7,N/A,3,Upside Breakout,4.35,24.05,28.35
12555,07-08-2025 11:45,24423.85,24429.5,24419.8,24422.2,9.7,18.69,7.7533,8.25,32.75,0.519,51.9%,17.5382,0.07%,0.17,0.83,Bearish,Moderate Contraction,33.4,False,Downtrend,Below SMA20,24448.2,24387.55,34.65,26.0,N/A,5,Upside Breakout,1.5,27.5,30.3
12563,07-08-2025 12:25,24435.6,24440.2,24430.65,24436.8,9.55,16.02,6.0406,8.0,27.0,0.5961,59.6%,15.0434,0.06%,0.126,0.874,Bullish,Moderate Contraction,47.4,True,Downtrend,Above SMA20,24452.5,24416.9,19.9,15.7,N/A,8,Downside Breakdown,7.95,18.95,55.1
12568,07-08-2025 12:50,24425.15,24433.85,24424.25,24431.85,9.6,16.9,5.4748,9.55,29.5,0.568,56.8%,15.9758,0.07%,0.698,0.302,Bullish,Moderate Contraction,34.1,False,Downtrend,Above SMA20,24452.5,24417.85,14.0,20.65,N/A,3,Downside Breakdown,8.9,50.15,87.7
12580,07-08-2025 13:50,24377.65,24385.2,24371.35,24383.45,13.85,23.725,11.7224,8.85,45.5,0.5838,58.4%,21.5763,0.09%,0.419,0.581,Bullish,Mild Contraction,24.1,False,Downtrend,Below SMA20,24436.45,24344.15,39.3,53.0,N/A,4,Upside Breakout,6.3,85.15,138.2
12588,07-08-2025 14:30,24469.35,24481.45,24465.7,24478.5,15.75,29.47,15.1918,13.85,61.25,0.5344,53.4%,27.5885,0.11%,0.581,0.419,Bullish,Moderate Contraction,31.5,False,Uptrend,Above SMA20,24513.7,24354.15,124.35,35.2,N/A,2,Upside Breakout,7.95,64.1,152.05
12591,07-08-2025 14:45,24514.9,24520.15,24504.25,24518.95,15.9,31.125,15.2757,14.4,61.25,0.5108,51.1%,28.8217,0.12%,0.255,0.745,Bullish,Moderate Contraction,34.0,False,Uptrend,Above SMA20,24521.65,24379.35,139.6,2.7,N/A,1,Upside Breakout,20.95,82.95,115.25
12599,07-08-2025 15:25,24629.25,24634.2,24620.0,24626.65,14.2,27.925,8.1976,15.9,42.55,0.5085,50.9%,25.4373,0.1%,0.183,0.817,Bearish,Moderate Contraction,39.3,False,Uptrend,Above SMA20,24630.55,24469.45,157.2,3.9,N/A,10,Downside Breakdown,18.0,124.95,175.2
12603,08-08-2025 09:30,24514.95,24523.15,24503.3,24509.25,19.85,29.01,10.4162,14.2,48.0,0.6842,68.4%,32.4058,0.13%,0.287,0.713,Bearish,Mild Contraction,17.7,False,Downtrend,Below SMA20,24634.2,24514.35,-5.1,124.95,N/A,1,Downside Breakdown,12.65,33.05,71.7
12607,08-08-2025 09:50,24484.05,24489.5,24476.8,24487.65,12.7,27.67,10.8578,14.2,48.0,0.459,45.9%,27.4743,0.11%,0.283,0.717,Bullish,Moderate Contraction,40.7,False,Downtrend,Below SMA20,24634.2,24483.9,3.75,146.55,N/A,1,Downside Breakdown,7.7,50.1,54.95
12610,08-08-2025 10:05,24452.6,24455.05,24437.55,24451.2,17.5,27.485,11.1007,12.7,48.0,0.6367,63.7%,25.6843,0.11%,0.08,0.92,Bearish,Mild Contraction,21.6,False,Downtrend,Below SMA20,24585.5,24451.45,-0.25,134.3,N/A,1,Downside Breakdown,5.0,30.05,42.9
12616,08-08-2025 10:35,24443.35,24444.7,24434.5,24434.5,10.2,21.43,6.5899,12.6,33.15,0.476,47.6%,22.6082,0.09%,0.868,0.132,Bearish,Moderate Contraction,41.3,False,Downtrend,Below SMA20,24506.6,24435.45,-0.95,72.1,N/A,1,Downside Breakdown,2.75,26.2,26.2
12622,08-08-2025 11:05,24427.6,24435.35,24422.4,24431.9,12.95,21.15,7.029,10.2,33.15,0.6123,61.2%,20.4761,0.08%,0.332,0.668,Bullish,Mild Contraction,25.8,False,Downtrend,Below SMA20,24481.25,24408.3,23.6,49.35,N/A,11,Downside Breakdown,5.1,20.85,20.85
12626,08-08-2025 11:25,24433.55,24439.85,24430.75,24432.8,9.1,18.06,5.8791,10.2,31.4,0.5039,50.4%,18.3683,0.08%,0.082,0.918,Bearish,Moderate Contraction,38.8,False,Downtrend,Below SMA20,24452.75,24408.3,24.5,19.95,N/A,7,Downside Breakdown,5.1,13.65,30.55
12629,08-08-2025 11:40,24428.05,24434.1,24422.3,24431.8,11.8,17.785,6.1293,9.1,31.4,0.6635,66.3%,17.2109,0.07%,0.318,0.682,Bullish,Mild Contraction,20.8,False,Downtrend,Below SMA20,24452.75,24408.3,23.5,20.95,N/A,4,Downside Breakdown,5.1,29.55,29.55
12636,08-08-2025 12:15,24422.6,24424.0,24411.8,24419.4,12.2,17.775,7.4344,9.1,32.65,0.6864,68.6%,18.2123,0.07%,0.262,0.738,Bearish,Mild Contraction,17.4,False,Downtrend,Below SMA20,24446.45,24402.25,17.15,27.05,N/A,6,Upside Breakout,1.9,22.5,61.95
12639,08-08-2025 12:30,24435.95,24441.9,24430.3,24435.8,11.6,17.98,7.3011,11.8,32.65,0.6452,64.5%,17.0014,0.07%,0.013,0.987,Bearish,Mild Contraction,27.5,False,Uptrend,Above SMA20,24446.45,24402.25,33.55,10.65,N/A,3,Upside Breakout,1.9,45.55,45.55
12647,08-08-2025 13:10,24436.6,24438.0,24427.1,24435.95,10.9,19.435,7.4784,11.6,35.3,0.5608,56.1%,19.7024,0.08%,0.06,0.94,Bearish,Moderate Contraction,33.7,False,Uptrend,Above SMA20,24481.35,24411.6,24.35,45.4,N/A,12,Downside Breakdown,23.45,25.2,27.55
12655,08-08-2025 13:50,24430.8,24438.35,24426.3,24428.25,12.05,22.955,10.4489,9.2,39.15,0.5249,52.5%,21.0899,0.09%,0.212,0.788,Bearish,Moderate Contraction,31.1,False,Downtrend,Below SMA20,24464.4,24417.85,10.4,36.15,N/A,4,Downside Breakdown,29.7,40.1,45.55
12658,08-08-2025 14:05,24433.05,24436.7,24422.5,24428.8,14.2,20.62,10.0162,9.2,39.15,0.6887,68.9%,19.6303,0.08%,0.299,0.701,Bearish,Mild Contraction,15.1,False,Downtrend,Below SMA20,24463.5,24417.85,10.95,34.7,N/A,1,Downside Breakdown,29.7,46.1,46.1
12661,08-08-2025 14:20,24432.15,24432.85,24424.25,24425.15,8.6,23.85,11.3358,10.6,40.5,0.3606,36.1%,21.2607,0.09%,0.814,0.186,Bearish,Moderate Contraction,46.1,False,Downtrend,Below SMA20,24463.5,24388.15,37.0,38.35,N/A,2,Downside Breakdown,5.45,42.45,87.65
12664,08-08-2025 14:35,24404.55,24415.05,24402.65,24411.05,12.4,23.48,11.6086,8.6,40.5,0.5281,52.8%,21.5403,0.09%,0.524,0.476,Bullish,Mild Contraction,29.5,False,Downtrend,Below SMA20,24457.45,24382.7,28.35,46.4,N/A,6,Downside Breakdown,7.0,27.8,73.55
12667,08-08-2025 14:50,24415.0,24415.15,24405.85,24408.65,9.3,21.905,9.7619,8.6,40.5,0.4246,42.5%,18.8979,0.08%,0.683,0.317,Bearish,Moderate Contraction,41.1,False,Downtrend,Below SMA20,24449.45,24382.7,25.95,40.8,N/A,3,Downside Breakdown,7.0,71.15,71.15
12673,08-08-2025 15:20,24345.45,24348.45,24339.2,24347.65,9.25,21.035,11.5526,9.1,48.65,0.4397,44.0%,21.2649,0.09%,0.238,0.762,Bullish,Moderate Contraction,39.7,False,Downtrend,Below SMA20,24424.9,24337.5,10.15,77.25,N/A,4,Upside Breakout,3.5,80.75,80.75
12680,11-08-2025 09:40,24376.05,24390.05,24367.45,24381.25,22.6,32.88,18.5279,9.25,58.5,0.6873,68.7%,30.5639,0.13%,0.23,0.77,Bullish,Mild Contraction,12.2,False,Uptrend,Below SMA20,24428.4,24337.5,43.75,47.15,N/A,8,Upside Breakout,6.65,34.4,71.7
12683,11-08-2025 09:55,24396.0,24405.65,24392.55,24399.8,13.1,32.23,17.6782,9.25,58.5,0.4065,40.6%,29.0513,0.12%,0.29,0.71,Bullish,Moderate Contraction,38.8,False,Uptrend,Above SMA20,24428.4,24339.2,60.6,28.6,N/A,5,Upside Breakout,6.65,35.25,60.4
12689,11-08-2025 10:25,24433.85,24442.15,24431.6,24441.35,10.55,26.025,10.3106,13.1,46.1,0.4054,40.5%,24.0541,0.1%,0.711,0.289,Bullish,Moderate Contraction,44.3,False,Uptrend,Above SMA20,24435.05,24356.15,85.2,-6.3,N/A,1,Upside Breakout,17.9,26.45,26.45
12692,11-08-2025 10:40,24457.95,24460.2,24446.45,24448.8,13.75,21.41,8.5762,10.55,38.1,0.6422,64.2%,21.788,0.09%,0.665,0.335,Bearish,Mild Contraction,21.9,False,Uptrend,Above SMA20,24460.0,24358.25,90.55,11.2,N/A,2,Upside Breakout,7.8,19.0,26.4
12697,11-08-2025 11:05,24450.85,24461.4,24450.15,24455.6,11.25,18.085,5.6636,10.55,28.8,0.6221,62.2%,18.3426,0.08%,0.422,0.578,Bullish,Moderate Contraction,48.6,True,Uptrend,Above SMA20,24467.8,24404.35,51.25,12.2,N/A,3,Upside Breakout,7.4,30.25,53.5
12704,11-08-2025 11:40,24429.25,24429.6,24416.85,24417.4,12.75,19.815,5.8636,11.25,29.0,0.6435,64.3%,19.548,0.08%,0.929,0.071,Bearish,Mild Contraction,25.8,False,Downtrend,Below SMA20,24475.2,24421.25,-3.85,57.8,N/A,1,Downside Breakdown,11.6,21.75,36.5
12712,11-08-2025 12:20,24437.8,24446.15,24434.45,24443.5,11.7,18.085,3.6758,12.75,23.85,0.6469,64.7%,17.4978,0.07%,0.487,0.513,Bullish,Moderate Contraction,31.7,False,Downtrend,Above SMA20,24467.5,24402.1,41.4,24.0,N/A,6,Upside Breakout,11.25,23.3,63.9
12716,11-08-2025 12:40,24456.15,24463.35,24453.05,24460.65,10.3,17.205,4.5587,10.05,26.4,0.5987,59.9%,16.9456,0.07%,0.437,0.563,Bullish,Moderate Contraction,32.7,False,Uptrend,Above SMA20,24456.7,24402.1,58.55,-3.95,N/A,1,Upside Breakout,10.1,46.75,46.75
12727,11-08-2025 13:35,24496.75,24505.55,24493.5,24504.2,12.05,17.305,7.3003,8.25,32.0,0.6963,69.6%,16.8081,0.07%,0.618,0.382,Bullish,Mild Contraction,15.4,False,Uptrend,Above SMA20,24507.4,24458.55,45.65,3.2,N/A,1,Upside Breakout,1.5,30.65,42.1
12733,11-08-2025 14:05,24531.9,24541.95,24531.75,24538.05,10.2,16.66,5.7976,9.3,27.8,0.6122,61.2%,16.1844,0.07%,0.603,0.397,Bullish,Moderate Contraction,48.1,True,Uptrend,Above SMA20,24534.85,24467.9,70.15,-3.2,N/A,1,Upside Breakout,8.45,34.95,45.6
12737,11-08-2025 14:25,24536.85,24543.55,24535.6,24542.75,7.95,15.51,5.0894,9.3,23.25,0.5126,51.3%,15.0014,0.06%,0.742,0.258,Bullish,Moderate Contraction,38.1,False,Uptrend,Above SMA20,24546.3,24493.5,49.25,3.55,N/A,1,Upside Breakout,26.7,40.9,58.1
12742,11-08-2025 14:50,24576.7,24581.65,24570.7,24577.75,10.95,18.55,7.7081,7.95,30.2,0.5903,59.0%,18.5793,0.08%,0.096,0.904,Bullish,Mild Contraction,25.5,False,Uptrend,Above SMA20,24583.65,24520.25,57.5,5.9,N/A,2,Upside Breakout,7.3,23.1,50.15
12754,12-08-2025 09:35,24630.7,24636.75,24622.7,24627.55,14.05,26.185,15.1586,13.45,57.25,0.5366,53.7%,24.9036,0.1%,0.224,0.776,Bearish,Moderate Contraction,32.4,False,Uptrend,Above SMA20,24641.05,24530.75,96.8,13.5,N/A,1,Upside Breakout,6.95,75.05,75.05
12758,12-08-2025 09:55,24668.9,24684.9,24668.9,24684.7,16.0,27.94,14.0177,14.05,57.25,0.5727,57.3%,22.5006,0.09%,0.987,0.013,Bullish,Mild Contraction,28.7,False,Uptrend,Above SMA20,24668.9,24530.75,153.95,-15.8,N/A,1,Upside Breakout,33.7,41.15,122.45
12763,12-08-2025 10:20,24650.6,24666.0,24650.25,24657.75,15.75,23.935,9.1681,14.05,38.45,0.658,65.8%,24.2114,0.1%,0.454,0.546,Bullish,Mild Contraction,23.4,False,Uptrend,Above SMA20,24702.6,24607.05,50.7,44.85,N/A,2,Downside Breakdown,44.8,95.5,125.05
12769,12-08-2025 10:50,24582.15,24590.8,24578.15,24582.4,12.65,31.405,12.5222,14.05,50.65,0.4028,40.3%,27.52,0.11%,0.02,0.98,Bullish,Moderate Contraction,44.5,False,Downtrend,Below SMA20,24702.6,24562.25,20.15,120.2,N/A,2,Downside Breakdown,10.35,49.7,49.7
12773,12-08-2025 11:10,24540.15,24549.4,24538.5,24544.15,10.9,29.74,12.4388,12.65,50.65,0.3665,36.7%,25.5142,0.1%,0.367,0.633,Bullish,Moderate Contraction,46.6,False,Downtrend,Below SMA20,24666.0,24532.7,11.45,121.85,N/A,8,Downside Breakdown,1.25,49.1,49.1
12777,12-08-2025 11:30,24556.3,24571.9,24555.55,24559.3,16.35,25.16,11.7923,10.9,51.5,0.6498,65.0%,25.1619,0.1%,0.183,0.817,Bullish,Mild Contraction,19.0,False,Downtrend,Below SMA20,24611.35,24532.7,26.6,52.05,N/A,4,Downside Breakdown,1.25,27.85,59.6
12791,12-08-2025 12:40,24637.0,24640.35,24627.35,24631.7,13.0,22.825,8.2909,13.25,40.25,0.5696,57.0%,22.169,0.09%,0.408,0.592,Bearish,Moderate Contraction,33.4,False,Uptrend,Above SMA20,24638.85,24531.45,100.25,7.15,N/A,19,Downside Breakdown,9.15,41.7,82.2
12794,12-08-2025 12:55,24598.9,24603.3,24590.0,24595.05,13.3,23.225,8.61,13.0,40.25,0.5727,57.3%,20.9943,0.09%,0.289,0.711,Bearish,Moderate Contraction,32.5,False,Uptrend,Above SMA20,24640.35,24552.7,42.35,45.3,N/A,6,Downside Breakdown,3.2,24.65,45.55
12797,12-08-2025 13:10,24607.3,24610.95,24596.65,24597.2,14.3,21.96,6.4791,13.0,29.25,0.6512,65.1%,20.0837,0.08%,0.706,0.294,Bearish,Mild Contraction,25.8,False,Downtrend,Above SMA20,24640.35,24589.65,7.55,43.15,N/A,1,Downside Breakdown,17.2,47.7,47.7
12802,12-08-2025 13:35,24565.65,24574.4,24563.0,24572.55,11.4,20.105,7.023,13.05,32.45,0.567,56.7%,19.3789,0.08%,0.605,0.395,Bullish,Moderate Contraction,33.8,False,Downtrend,Below SMA20,24633.7,24549.5,23.05,61.15,N/A,7,Downside Breakdown,14.65,35.05,50.25
12808,12-08-2025 14:05,24561.75,24564.05,24552.25,24552.25,11.8,22.365,12.1399,11.4,45.05,0.5276,52.8%,22.1027,0.09%,0.805,0.195,Bearish,Moderate Contraction,33.5,False,Downtrend,Below SMA20,24607.6,24549.5,2.75,55.35,N/A,1,Downside Breakdown,14.65,34.25,70.75
12821,12-08-2025 15:10,24490.2,24499.05,24484.6,24490.25,14.45,25.71,7.0592,17.45,38.15,0.562,56.2%,24.0531,0.1%,0.003,0.997,Bullish,Moderate Contraction,35.9,False,Downtrend,Below SMA20,24562.3,24465.65,24.6,72.05,N/A,4,Upside Breakout,37.25,109.3,109.3
12832,13-08-2025 09:50,24590.25,24595.05,24579.25,24583.45,15.8,23.55,8.5886,11.55,38.8,0.6709,67.1%,26.6318,0.11%,0.43,0.57,Bearish,Mild Contraction,19.1,False,Uptrend,Above SMA20,24599.55,24477.75,105.7,16.1,N/A,1,Upside Breakout,14.65,30.75,30.75
12835,13-08-2025 10:05,24600.05,24602.15,24585.85,24597.65,16.3,25.44,8.1194,15.15,38.8,0.6407,64.1%,24.5101,0.1%,0.147,0.853,Bearish,Mild Contraction,26.8,False,Uptrend,Above SMA20,24614.2,24535.25,62.4,16.55,N/A,,,,26.75,43.25
12838,13-08-2025 10:20,24576.75,24583.65,24570.9,24577.55,12.75,21.385,5.8417,15.15,32.45,0.5962,59.6%,22.336,0.09%,0.063,0.937,Bullish,Moderate Contraction,33.3,False,Uptrend,Above SMA20,24614.2,24535.25,42.3,36.65,N/A,,,,28.25,28.25
12841,13-08-2025 10:35,24582.35,24583.4,24573.65,24574.5,9.75,21.05,7.7936,12.75,34.15,0.4632,46.3%,20.8373,0.08%,0.805,0.195,Bearish,Moderate Contraction,40.8,False,Downtrend,Above SMA20,24614.2,24569.8,4.7,39.7,N/A,2,Downside Breakdown,15.4,27.4,27.4
12847,13-08-2025 11:05,24591.3,24596.0,24585.0,24587.2,11.0,16.38,7.8983,5.25,34.15,0.6716,67.2%,16.8629,0.07%,0.373,0.627,Bearish,Mild Contraction,14.7,False,Uptrend,Above SMA20,24605.8,24554.4,32.8,18.6,N/A,10,Downside Breakdown,2.25,22.35,35.05
12852,13-08-2025 11:30,24572.5,24580.35,24572.4,24578.25,7.95,15.035,5.0795,5.25,24.2,0.5288,52.9%,15.6117,0.06%,0.723,0.277,Bullish,Moderate Contraction,31.2,False,Uptrend,Below SMA20,24601.9,24554.4,23.85,23.65,N/A,5,Downside Breakdown,2.25,26.1,39.35
12855,13-08-2025 11:45,24567.7,24574.05,24564.4,24569.25,9.65,14.125,4.6402,7.95,24.2,0.6832,68.3%,13.901,0.06%,0.161,0.839,Bullish,Mild Contraction,20.3,False,Downtrend,Below SMA20,24601.9,24564.85,4.4,32.65,N/A,2,Downside Breakdown,12.7,30.35,51.4
12863,13-08-2025 12:25,24592.5,24594.85,24583.8,24594.85,11.05,18.03,8.4659,9.65,36.25,0.6129,61.3%,17.7786,0.07%,0.213,0.787,Bullish,Mild Contraction,25.8,False,Uptrend,Above SMA20,24609.25,24538.9,55.95,14.4,N/A,1,Upside Breakout,11.4,33.85,43.2
12867,13-08-2025 12:45,24620.35,24627.5,24618.05,24624.55,9.45,19.845,8.1144,11.05,36.25,0.4762,47.6%,16.9171,0.07%,0.444,0.556,Bullish,Strong Contraction,59.2,True,Uptrend,Above SMA20,24622.45,24538.9,85.65,-2.1,N/A,1,Upside Breakout,6.25,13.5,29.9
12870,13-08-2025 13:00,24625.2,24635.05,24624.9,24629.1,10.15,16.7,8.4941,9.35,36.25,0.6078,60.8%,14.9257,0.06%,0.384,0.616,Bullish,Mild Contraction,26.9,False,Uptrend,Above SMA20,24629.0,24564.4,64.7,-0.1,N/A,1,Upside Breakout,9.05,25.4,34.45
12880,13-08-2025 13:50,24644.05,24653.6,24642.5,24648.4,11.1,16.76,6.5229,10.15,31.65,0.6623,66.2%,16.6459,0.07%,0.392,0.608,Bullish,Mild Contraction,23.6,False,Uptrend,Above SMA20,24644.3,24594.65,53.75,-4.1,N/A,1,Upside Breakout,9.65,16.15,30.55
12890,13-08-2025 14:40,24640.4,24645.75,24636.25,24643.35,9.5,16.31,5.8796,9.35,28.5,0.5825,58.2%,15.8657,0.06%,0.311,0.689,Bullish,Strong Contraction,52.1,True,Downtrend,Above SMA20,24664.55,24617.85,25.5,21.2,N/A,5,Downside Breakdown,3.45,28.95,38.75
12893,13-08-2025 14:55,24647.9,24651.45,24643.85,24644.2,7.6,16.665,5.3243,9.5,28.5,0.456,45.6%,15.2856,0.06%,0.487,0.513,Bearish,Moderate Contraction,42.5,False,Downtrend,Above SMA20,24663.25,24617.85,26.35,19.05,N/A,2,Downside Breakdown,3.45,34.05,39.6
12897,13-08-2025 15:15,24614.75,24622.3,24614.2,24617.45,8.1,15.27,6.4164,7.6,28.5,0.5305,53.0%,14.0626,0.06%,0.333,0.667,Bullish,Moderate Contraction,34.0,False,Downtrend,Below SMA20,24654.05,24611.65,5.8,36.6,N/A,1,Downside Breakdown,1.5,46.9,55.4
12907,14-08-2025 09:50,24658.75,24660.25,24645.1,24656.3,15.15,23.78,14.6883,8.1,59.75,0.6371,63.7%,21.0661,0.09%,0.162,0.838,Bearish,Moderate Contraction,37.5,True,Uptrend,Above SMA20,24672.85,24604.6,51.7,16.55,N/A,7,Upside Breakout,0.8,38.3,38.3
12915,14-08-2025 10:30,24657.8,24667.2,24655.55,24665.8,11.65,22.78,4.4515,15.15,28.35,0.5114,51.1%,21.5833,0.09%,0.687,0.313,Bullish,Moderate Contraction,43.3,False,Uptrend,Above SMA20,24673.65,24618.0,47.8,7.85,N/A,14,Downside Breakdown,5.2,36.45,36.45
12922,14-08-2025 11:05,24659.7,24659.8,24649.85,24655.5,9.95,20.915,5.1969,11.65,28.35,0.4757,47.6%,19.4989,0.08%,0.422,0.578,Bearish,Moderate Contraction,43.4,False,Uptrend,Above SMA20,24673.65,24623.65,31.85,18.15,N/A,7,Downside Breakdown,10.85,27.0,51.8
12926,14-08-2025 11:25,24639.3,24639.55,24628.5,24635.95,11.05,17.355,5.9052,7.25,25.3,0.6367,63.7%,16.5209,0.07%,0.303,0.697,Bearish,Mild Contraction,21.4,False,Downtrend,Below SMA20,24667.8,24629.35,6.6,31.85,N/A,2,Downside Breakdown,0.8,32.25,32.25
12936,14-08-2025 12:15,24630.6,24638.8,24627.75,24632.2,11.05,15.86,5.2601,8.35,24.4,0.6967,69.7%,16.1191,0.07%,0.145,0.855,Bullish,Mild Contraction,17.6,False,Downtrend,Below SMA20,24653.0,24603.7,28.5,20.8,N/A,2,Upside Breakout,0.4,22.4,33.35
12939,14-08-2025 12:30,24642.6,24653.0,24641.3,24648.0,11.7,17.515,5.4278,11.05,25.6,0.668,66.8%,16.2029,0.07%,0.462,0.538,Bullish,Mild Contraction,25.2,False,Uptrend,Above SMA20,24653.4,24603.7,44.3,5.4,N/A,1,Upside Breakout,1.2,17.55,19.0
12942,14-08-2025 12:45,24640.5,24642.55,24632.3,24642.05,10.25,15.53,5.0102,11.05,25.6,0.66,66.0%,14.9487,0.06%,0.151,0.849,Bullish,Mild Contraction,27.6,False,Uptrend,Above SMA20,24654.6,24623.55,18.5,12.55,N/A,2,Upside Breakout,10.95,23.5,23.5
12947,14-08-2025 13:10,24652.9,24656.15,24649.1,24652.3,7.05,13.64,4.5891,9.9,25.6,0.5169,51.7%,12.8797,0.05%,0.085,0.915,Bearish,Moderate Contraction,37.6,False,Uptrend,Above SMA20,24665.55,24627.8,24.5,13.25,N/A,4,Downside Breakdown,1.4,25.9,25.9
12961,14-08-2025 14:20,24626.0,24628.1,24620.0,24622.45,8.1,15.43,4.1939,10.75,22.35,0.525,52.5%,14.9761,0.06%,0.438,0.562,Bearish,Moderate Contraction,38.7,False,Downtrend,Below SMA20,24661.95,24616.65,5.8,39.5,N/A,2,Downside Breakdown,19.75,33.65,40.85
12970,14-08-2025 15:05,24637.1,24643.45,24633.5,24637.8,9.95,20.805,9.5417,8.1,39.0,0.4783,47.8%,18.0757,0.07%,0.07,0.93,Bullish,Moderate Contraction,35.4,False,Uptrend,Below SMA20,24663.3,24596.9,40.9,25.5,N/A,5,Upside Breakout,288.2,313.7,365.9
12973,14-08-2025 15:20,24627.7,24632.05,24619.2,24625.95,12.85,19.415,10.2417,8.45,39.0,0.6619,66.2%,15.4586,0.06%,0.136,0.864,Bearish,Mild Contraction,17.4,False,Downtrend,Below SMA20,24663.3,24596.9,29.05,37.35,N/A,2,Upside Breakout,288.2,369.7,396.05
12979,18-08-2025 09:35,24989.2,24998.15,24983.45,24993.95,14.7,22.59,17.7766,8.45,67.2,0.6507,65.1%,43.5435,0.17%,0.323,0.677,Bullish,Mild Contraction,16.2,False,Uptrend,Above SMA20,24995.65,24607.25,386.7,1.7,N/A,1,Upside Breakout,8.05,28.05,28.05
12983,18-08-2025 09:55,24994.55,25005.15,24989.5,25000.25,15.65,25.845,16.1312,12.85,67.2,0.6055,60.6%,33.0761,0.13%,0.364,0.636,Bullish,Mild Contraction,24.2,False,Uptrend,Above SMA20,25022.0,24607.25,393.0,21.75,N/A,,,,19.85,29.6
12986,18-08-2025 10:10,24990.9,24992.9,24982.2,24988.1,10.7,20.515,7.3836,11.8,31.9,0.5216,52.2%,26.2024,0.1%,0.262,0.738,Bearish,Moderate Contraction,36.8,False,Uptrend,Above SMA20,25022.0,24937.4,50.7,33.9,N/A,17,Downside Breakdown,5.1,17.35,34.2
12993,18-08-2025 10:45,24980.7,24981.65,24970.65,24971.7,11.0,15.835,3.3469,10.7,22.1,0.6947,69.5%,19.5822,0.08%,0.818,0.182,Bearish,Mild Contraction,26.4,False,Downtrend,Above SMA20,25009.7,24970.75,0.95,38.0,N/A,1,Downside Breakdown,12.0,24.8,39.4
12997,18-08-2025 11:05,24954.45,24955.05,24946.9,24954.0,8.15,15.22,4.2135,7.55,22.1,0.5355,53.5%,16.1637,0.06%,0.055,0.945,Bearish,Moderate Contraction,36.2,False,Downtrend,Below SMA20,25001.15,24953.9,0.1,47.15,N/A,1,Downside Breakdown,2.35,20.05,38.45
13008,18-08-2025 12:00,24916.75,24921.65,24912.75,24920.2,8.9,16.615,6.1052,6.95,27.3,0.5357,53.6%,15.9221,0.06%,0.388,0.612,Bullish,Moderate Contraction,31.7,False,Downtrend,Below SMA20,24974.05,24915.55,4.65,53.85,N/A,1,Downside Breakdown,24.35,67.35,67.35
13012,18-08-2025 12:20,24883.6,24895.5,24882.85,24891.05,12.65,19.94,8.9084,8.9,33.95,0.6344,63.4%,19.5639,0.08%,0.589,0.411,Bullish,Mild Contraction,21.0,False,Downtrend,Below SMA20,24963.15,24852.85,38.2,72.1,N/A,,,,24.95,62.6
13017,18-08-2025 12:45,24905.75,24916.0,24904.1,24910.95,11.9,19.665,9.7044,7.95,33.95,0.6051,60.5%,17.2252,0.07%,0.437,0.563,Bullish,Mild Contraction,22.7,False,Downtrend,Below SMA20,24942.85,24852.85,58.1,31.9,N/A,4,Upside Breakout,2.9,42.7,48.3
13022,18-08-2025 13:10,24944.8,24953.65,24943.4,24947.85,10.25,15.785,5.9812,7.95,26.5,0.6494,64.9%,16.4469,0.07%,0.298,0.702,Bullish,Moderate Contraction,41.7,True,Uptrend,Above SMA20,24945.75,24876.45,71.4,-2.1,N/A,1,Upside Breakout,5.95,32.1,55.45
13025,18-08-2025 13:25,24934.5,24936.6,24927.5,24928.85,9.1,17.445,6.9552,10.25,28.7,0.5216,52.2%,16.3077,0.07%,0.621,0.379,Bearish,Moderate Contraction,36.2,False,Uptrend,Above SMA20,24959.25,24876.45,52.4,30.4,N/A,20,Downside Breakdown,0.8,16.3,36.45
13030,18-08-2025 13:50,24923.0,24929.6,24921.35,24927.15,8.25,14.12,5.9569,9.1,28.7,0.5843,58.4%,14.1821,0.06%,0.503,0.497,Bullish,Moderate Contraction,31.5,False,Downtrend,Above SMA20,24959.25,24915.75,11.4,32.1,N/A,1,Downside Breakdown,6.75,34.75,34.75
13036,18-08-2025 14:20,24925.2,24929.05,24921.65,24926.75,7.4,14.86,5.8535,8.25,27.9,0.498,49.8%,14.2309,0.06%,0.209,0.791,Bullish,Moderate Contraction,37.9,False,Uptrend,Below SMA20,24945.15,24892.4,34.35,18.4,N/A,8,Downside Breakdown,13.55,27.6,57.5
13042,18-08-2025 14:50,24917.5,24921.9,24911.25,24916.3,10.65,16.545,7.058,7.4,28.95,0.6437,64.4%,15.4212,0.06%,0.113,0.887,Bearish,Mild Contraction,20.3,False,Downtrend,Below SMA20,24943.8,24892.4,23.9,27.5,N/A,2,Downside Breakdown,13.55,47.7,49.4
13045,18-08-2025 15:05,24882.7,24883.35,24875.65,24877.7,7.7,16.74,10.0547,7.4,38.8,0.46,46.0%,16.325,0.07%,0.649,0.351,Bearish,Moderate Contraction,37.6,False,Downtrend,Below SMA20,24943.8,24878.85,-1.15,66.1,N/A,1,Downside Breakdown,9.6,52.65,58.75
13048,18-08-2025 15:20,24876.2,24878.35,24866.9,24874.6,11.45,16.87,9.9165,7.7,38.8,0.6787,67.9%,15.3218,0.06%,0.14,0.86,Bearish,Mild Contraction,15.8,False,Downtrend,Below SMA20,24943.8,24868.6,6.0,69.2,N/A,,,,61.85,61.85
13058,19-08-2025 09:55,24909.6,24910.5,24899.45,24907.5,11.05,25.225,9.5841,11.45,43.4,0.4381,43.8%,21.263,0.09%,0.19,0.81,Bearish,Strong Contraction,62.4,True,Uptrend,Above SMA20,24936.45,24866.9,40.6,28.95,N/A,14,Upside Breakout,7.05,20.0,25.45
13063,19-08-2025 10:20,24922.4,24927.5,24918.6,24920.45,8.9,19.61,6.0567,8.35,26.0,0.4539,45.4%,18.3884,0.07%,0.219,0.781,Bearish,Moderate Contraction,41.9,False,Uptrend,Above SMA20,24926.55,24873.95,46.5,6.1,N/A,5,Upside Breakout,6.4,18.25,23.05
13069,19-08-2025 10:50,24929.35,24931.2,24920.7,24922.55,10.5,16.9,5.8859,8.35,25.3,0.6213,62.1%,17.5119,0.07%,0.648,0.352,Bearish,Mild Contraction,24.9,False,Uptrend,Above SMA20,24932.95,24896.85,25.7,10.4,N/A,3,Upside Breakout,10.55,20.95,36.1
13073,19-08-2025 11:10,24939.25,24941.1,24932.3,24935.25,8.8,14.275,5.914,7.05,25.3,0.6165,61.6%,14.5114,0.06%,0.455,0.545,Bearish,Mild Contraction,24.6,False,Uptrend,Above SMA20,24943.5,24902.2,33.05,8.25,N/A,4,Upside Breakout,7.45,23.4,39.15
13081,19-08-2025 11:50,24953.4,24957.75,24951.4,24957.05,6.35,11.45,5.3736,6.2,22.05,0.5546,55.5%,12.0059,0.05%,0.575,0.425,Bullish,Strong Contraction,52.5,True,Uptrend,Above SMA20,24958.65,24924.25,32.8,1.6,N/A,1,Upside Breakout,2.15,30.9,55.6
13084,19-08-2025 12:05,24963.75,24966.8,24960.75,24966.15,6.05,11.525,6.4589,6.2,22.5,0.5249,52.5%,11.863,0.05%,0.397,0.603,Bullish,Moderate Contraction,34.2,False,Uptrend,Above SMA20,24974.4,24927.3,38.85,8.25,N/A,1,Upside Breakout,1.55,46.5,46.5
13092,19-08-2025 12:45,24984.15,24987.05,24978.3,24980.95,8.75,15.955,8.9429,6.05,33.75,0.5484,54.8%,15.2995,0.06%,0.366,0.634,Bearish,Mild Contraction,27.2,False,Uptrend,Above SMA20,25012.65,24951.9,29.05,31.7,N/A,13,Downside Breakdown,12.35,22.7,23.6
13095,19-08-2025 13:00,24991.65,24992.3,24982.75,24986.35,9.55,16.15,7.8633,8.75,33.75,0.5913,59.1%,14.3038,0.06%,0.555,0.445,Bearish,Mild Contraction,28.2,False,Uptrend,Above SMA20,25012.65,24965.4,20.95,26.3,N/A,8,Downside Breakdown,8.75,18.2,46.8
13099,19-08-2025 13:20,24990.15,24992.95,24984.75,24984.75,8.2,14.325,8.0264,4.6,33.75,0.5724,57.2%,13.0227,0.05%,0.659,0.341,Bearish,Mild Contraction,23.7,False,Downtrend,Above SMA20,25010.75,24970.9,13.85,26.0,N/A,2,Downside Breakdown,1.0,28.1,65.35
13107,19-08-2025 14:00,24950.35,24957.15,24946.05,24949.45,11.1,16.2,8.673,4.6,31.35,0.6852,68.5%,16.0187,0.06%,0.081,0.919,Bearish,Mild Contraction,12.6,False,Downtrend,Below SMA20,25004.55,24939.55,9.9,55.1,N/A,1,Downside Breakdown,20.15,31.85,45.95
13113,19-08-2025 14:30,24974.3,24981.35,24970.2,24979.55,11.15,20.275,7.8937,11.05,31.35,0.5499,55.0%,17.5904,0.07%,0.471,0.529,Bullish,Moderate Contraction,34.1,False,Uptrend,Above SMA20,24981.3,24919.4,60.15,1.75,N/A,1,Upside Breakout,14.1,29.2,29.2
13118,19-08-2025 14:55,24968.55,24973.55,24966.8,24972.8,6.75,20.505,6.7776,11.05,30.9,0.3292,32.9%,17.8428,0.07%,0.63,0.37,Bullish,Strong Contraction,51.3,False,Uptrend,Above SMA20,24995.4,24919.4,53.4,22.6,N/A,6,Upside Breakout,0.25,20.85,43.1
13121,19-08-2025 15:10,24973.1,24978.1,24970.15,24975.6,7.95,16.325,6.1144,6.75,24.7,0.487,48.7%,15.0658,0.06%,0.314,0.686,Bullish,Moderate Contraction,36.5,False,Uptrend,Above SMA20,24995.4,24947.25,28.35,19.8,N/A,3,Upside Breakout,0.25,42.45,45.9
13134,20-08-2025 10:00,24977.2,24990.1,24973.7,24989.95,16.4,23.44,9.3101,11.75,43.1,0.6997,70.0%,21.292,0.09%,0.777,0.223,Bullish,Mild Contraction,15.8,False,Uptrend,Above SMA20,24995.65,24929.7,60.25,5.7,N/A,2,Upside Breakout,0.1,13.25,30.3
13138,20-08-2025 10:20,24998.35,25001.45,24988.3,24998.15,13.15,20.81,6.5755,9.65,31.45,0.6319,63.2%,18.4264,0.07%,0.015,0.985,Bearish,Mild Contraction,23.4,False,Uptrend,Above SMA20,25001.85,24929.7,68.45,3.7,N/A,1,Upside Breakout,0.95,21.1,31.45
13152,20-08-2025 11:30,25021.95,25027.35,25018.65,25023.2,8.7,16.605,3.5187,12.45,23.65,0.5239,52.4%,15.1467,0.06%,0.144,0.856,Bullish,Moderate Contraction,41.3,False,Uptrend,Above SMA20,25030.9,24987.2,36.0,7.7,N/A,5,Upside Breakout,4.55,12.25,23.25
13156,20-08-2025 11:50,25018.75,25023.75,25015.9,25016.2,7.85,13.35,4.1566,8.15,20.6,0.588,58.8%,12.4215,0.05%,0.325,0.675,Bearish,Moderate Contraction,33.0,False,Uptrend,Above SMA20,25030.9,24987.2,29.0,14.7,N/A,1,Upside Breakout,4.55,30.25,34.7
13162,20-08-2025 12:20,25037.4,25042.15,25034.3,25039.1,7.85,11.365,3.8552,7.85,19.3,0.6907,69.1%,12.4389,0.05%,0.217,0.783,Bullish,Mild Contraction,25.1,False,Uptrend,Above SMA20,25046.45,25013.05,26.05,7.35,N/A,1,Upside Breakout,4.45,13.6,24.4
13168,20-08-2025 12:50,25050.5,25056.8,25050.3,25056.8,6.5,11.245,3.9263,6.5,18.8,0.578,57.8%,10.8426,0.04%,0.969,0.031,Bullish,Moderate Contraction,33.0,False,Uptrend,Above SMA20,25052.7,25025.55,31.25,-4.1,N/A,1,Upside Breakout,7.1,14.1,25.45
13177,20-08-2025 13:35,25045.8,25055.5,25045.8,25055.5,9.7,14.315,7.014,6.5,30.2,0.6776,67.8%,14.1108,0.06%,1.0,0.0,Bullish,Mild Contraction,16.4,False,Uptrend,Above SMA20,25063.6,25031.35,24.15,8.1,N/A,3,Upside Breakout,2.65,17.9,30.1
13180,20-08-2025 13:50,25057.45,25066.25,25057.25,25059.9,9.0,15.53,6.2189,8.15,30.2,0.5795,58.0%,13.4841,0.05%,0.272,0.728,Bullish,Mild Contraction,29.8,False,Uptrend,Above SMA20,25063.6,25031.35,28.55,3.7,N/A,1,Upside Breakout,0.9,25.7,25.7
13185,20-08-2025 14:15,25071.05,25074.65,25067.7,25073.9,6.95,12.855,2.7169,9.0,17.0,0.5406,54.1%,12.4054,0.05%,0.41,0.59,Bullish,Moderate Contraction,40.0,False,Uptrend,Above SMA20,25085.6,25031.85,42.05,11.7,N/A,7,Upside Breakout,3.1,29.25,29.25
13189,20-08-2025 14:35,25065.45,25072.7,25064.0,25072.4,8.7,12.54,4.1139,6.95,21.2,0.6938,69.4%,12.6715,0.05%,0.799,0.201,Bullish,Mild Contraction,18.8,False,Uptrend,Above SMA20,25085.6,25044.6,27.8,13.2,N/A,3,Upside Breakout,3.1,20.0,34.2
13207,21-08-2025 09:50,25092.35,25098.4,25085.9,25095.05,12.5,25.645,19.1859,11.15,76.65,0.4874,48.7%,22.5753,0.09%,0.216,0.784,Bullish,Moderate Contraction,33.7,False,Uptrend,Above SMA20,25144.85,25038.2,56.85,49.8,N/A,8,Upside Breakout,0.85,40.0,50.65
13210,21-08-2025 10:05,25128.3,25135.05,25117.85,25119.15,17.2,27.395,18.4831,12.5,76.65,0.6279,62.8%,22.2525,0.09%,0.532,0.468,Bearish,Mild Contraction,20.6,False,Uptrend,Above SMA20,25144.85,25054.9,64.25,25.7,N/A,5,Upside Breakout,0.85,26.55,26.55
13213,21-08-2025 10:20,25123.2,25127.65,25119.05,25122.95,8.6,19.585,7.721,9.25,35.2,0.4391,43.9%,18.2746,0.07%,0.029,0.971,Bearish,Moderate Contraction,42.0,False,Uptrend,Above SMA20,25135.05,25054.9,68.05,12.1,N/A,1,Upside Breakout,2.5,22.75,22.75
13216,21-08-2025 10:35,25142.9,25145.1,25135.15,25137.8,9.95,17.75,8.4193,8.6,35.2,0.5606,56.1%,16.6536,0.07%,0.513,0.487,Bearish,Mild Contraction,29.6,False,Uptrend,Above SMA20,25145.7,25058.5,79.3,7.9,N/A,,,,22.25,23.95
13219,21-08-2025 10:50,25132.2,25133.3,25122.95,25127.1,10.35,14.95,6.2256,8.6,29.3,0.6923,69.2%,15.3609,0.06%,0.493,0.507,Bearish,Mild Contraction,18.6,False,Downtrend,Above SMA20,25145.7,25100.75,26.35,18.6,N/A,14,Downside Breakdown,4.75,13.25,15.1
13222,21-08-2025 11:05,25116.65,25121.85,25113.85,25119.05,8.0,12.95,5.4168,3.55,21.85,0.6178,61.8%,13.9465,0.06%,0.3,0.7,Bullish,Mild Contraction,19.8,False,Downtrend,Above SMA20,25145.7,25113.0,6.05,26.65,N/A,5,Downside Breakdown,1.0,14.1,18.15
13225,21-08-2025 11:20,25127.8,25133.15,25126.3,25131.05,6.85,11.59,5.7911,3.55,21.85,0.591,59.1%,12.0022,0.05%,0.474,0.526,Bullish,Mild Contraction,22.1,False,Downtrend,Above SMA20,25145.7,25113.85,17.2,14.65,N/A,2,Downside Breakdown,1.85,19.05,35.05
13229,21-08-2025 11:40,25124.85,25129.8,25122.85,25128.65,6.95,10.03,5.115,3.55,21.85,0.6929,69.3%,10.8571,0.04%,0.547,0.453,Bullish,Moderate Contraction,32.9,True,Uptrend,Above SMA20,25137.4,25112.0,16.65,8.75,N/A,2,Downside Breakdown,6.35,32.65,37.8
13235,21-08-2025 12:10,25112.1,25113.45,25106.35,25106.8,7.1,10.74,4.0662,6.85,19.4,0.6611,66.1%,10.9734,0.04%,0.746,0.254,Bearish,Mild Contraction,25.4,False,Downtrend,Below SMA20,25133.15,25096.0,10.8,26.35,N/A,3,Downside Breakdown,2.95,18.7,21.6
13241,21-08-2025 12:40,25123.1,25124.2,25118.4,25122.55,5.8,13.9,7.3237,7.1,31.0,0.4173,41.7%,13.3409,0.05%,0.095,0.905,Bearish,Moderate Contraction,41.7,False,Uptrend,Above SMA20,25125.5,25090.85,31.7,2.95,N/A,1,Upside Breakout,2.9,20.9,38.2
13246,21-08-2025 13:05,25118.15,25120.55,25113.3,25115.4,7.25,15.185,7.9316,5.8,31.0,0.4774,47.7%,13.2057,0.05%,0.379,0.621,Bearish,Moderate Contraction,34.6,False,Uptrend,Above SMA20,25128.4,25090.85,24.55,13.0,N/A,5,Downside Breakdown,6.5,31.05,40.15
13258,21-08-2025 14:05,25117.3,25124.95,25114.85,25123.45,10.1,15.02,5.5332,4.65,24.5,0.6724,67.2%,14.1481,0.06%,0.609,0.391,Bullish,Mild Contraction,15.5,False,Uptrend,Above SMA20,25127.45,25075.25,48.2,4.0,N/A,2,Upside Breakout,26.2,30.2,30.2
13263,21-08-2025 14:30,25124.45,25128.45,25120.5,25124.5,7.95,15.9,6.5717,10.05,29.65,0.5,50.0%,14.0053,0.06%,0.006,0.994,Bullish,Moderate Contraction,37.5,False,Uptrend,Above SMA20,25153.65,25075.25,49.25,29.15,N/A,10,Downside Breakdown,6.7,29.5,55.95
13267,21-08-2025 14:50,25102.05,25107.55,25100.55,25102.7,7.0,16.045,7.9631,7.95,30.3,0.4363,43.6%,15.1963,0.06%,0.093,0.907,Bullish,Moderate Contraction,40.7,False,Downtrend,Below SMA20,25153.65,25095.0,7.7,50.95,N/A,2,Downside Breakdown,11.85,24.9,117.3
13272,21-08-2025 15:15,25081.5,25086.25,25077.8,25079.2,8.45,14.965,7.1523,7.0,30.3,0.5647,56.5%,13.9072,0.06%,0.272,0.728,Bearish,Moderate Contraction,48.6,True,Downtrend,Below SMA20,25133.35,25078.9,0.3,54.15,N/A,1,Downside Breakdown,10.35,93.8,128.6
13279,22-08-2025 09:35,24965.05,24968.35,24956.15,24964.05,12.2,22.11,17.0959,8.45,64.0,0.5518,55.2%,21.0107,0.08%,0.082,0.918,Bearish,Mild Contraction,25.9,False,Downtrend,Below SMA20,25105.4,24950.6,13.45,141.35,N/A,5,Downside Breakdown,5.25,21.6,60.15
13284,22-08-2025 10:00,24960.85,24961.75,24945.35,24959.35,16.4,24.775,15.8431,9.6,64.0,0.662,66.2%,20.3696,0.08%,0.091,0.909,Bearish,Mild Contraction,15.9,False,Downtrend,Below SMA20,25084.85,24950.6,8.75,125.5,N/A,3,Downside Breakdown,22.0,55.45,55.45
13290,22-08-2025 10:30,24932.3,24934.6,24920.95,24923.95,13.65,21.535,7.6784,11.15,34.65,0.6339,63.4%,21.3466,0.09%,0.612,0.388,Bearish,Mild Contraction,24.1,False,Downtrend,Below SMA20,24985.65,24903.9,20.05,61.7,N/A,6,Downside Breakdown,6.1,18.85,30.85
13294,22-08-2025 10:50,24912.45,24915.5,24907.95,24909.0,7.55,18.66,8.527,11.15,34.65,0.4046,40.5%,17.2335,0.07%,0.457,0.543,Bearish,Moderate Contraction,43.4,False,Downtrend,Below SMA20,24970.7,24903.9,5.1,61.7,N/A,2,Downside Breakdown,6.1,16.35,28.9
13301,22-08-2025 11:25,24922.4,24923.9,24914.35,24920.7,9.55,13.975,4.0548,7.55,19.85,0.6834,68.3%,15.4145,0.06%,0.178,0.822,Bearish,Mild Contraction,20.2,False,Downtrend,Below SMA20,24934.15,24893.1,27.6,13.45,N/A,3,Upside Breakout,3.75,22.45,38.45
13306,22-08-2025 11:50,24938.85,24943.15,24935.15,24943.15,8.0,14.22,3.2492,9.55,19.85,0.5626,56.3%,13.2642,0.05%,0.538,0.462,Bullish,Moderate Contraction,37.4,False,Uptrend,Above SMA20,24943.15,24893.1,50.05,0.0,N/A,1,Upside Breakout,7.7,27.9,28.75
13312,22-08-2025 12:20,24917.65,24924.05,24914.45,24918.15,9.6,15.8,6.3612,8.0,27.6,0.6076,60.8%,15.6842,0.06%,0.052,0.948,Bullish,Moderate Contraction,46.1,True,Downtrend,Below SMA20,24959.15,24913.35,4.8,41.0,N/A,8,Downside Breakdown,0.05,15.8,15.8
13316,22-08-2025 12:40,24922.9,24924.9,24916.5,24923.5,8.4,15.78,6.5062,8.0,27.6,0.5323,53.2%,13.9249,0.06%,0.071,0.929,Bullish,Moderate Contraction,34.2,False,Downtrend,Below SMA20,24959.15,24914.4,9.1,35.65,N/A,4,Downside Breakdown,1.1,10.85,14.2
13330,22-08-2025 13:50,24941.45,24943.95,24937.45,24941.05,6.5,10.1,3.7304,6.55,18.4,0.6436,64.4%,10.4091,0.04%,0.062,0.938,Bearish,Moderate Contraction,48.1,True,Uptrend,Above SMA20,24952.15,24912.65,28.4,11.1,N/A,5,Downside Breakdown,8.55,36.95,66.85
13340,22-08-2025 14:40,24886.3,24891.95,24881.85,24888.2,10.1,15.095,7.0095,6.5,32.25,0.6691,66.9%,14.636,0.06%,0.188,0.812,Bullish,Mild Contraction,17.0,False,Downtrend,Below SMA20,24944.05,24874.2,14.0,55.85,N/A,4,Downside Breakdown,8.5,22.5,73.15
13343,22-08-2025 14:55,24895.35,24898.3,24892.1,24893.05,6.2,15.655,6.423,10.1,32.25,0.396,39.6%,13.0701,0.05%,0.371,0.629,Bearish,Moderate Contraction,44.7,False,Downtrend,Below SMA20,24933.5,24874.2,18.85,40.45,N/A,1,Downside Breakdown,8.5,28.25,68.3
13346,22-08-2025 15:10,24872.3,24874.25,24865.85,24873.3,8.4,15.37,8.4956,6.2,32.25,0.5465,54.7%,13.2069,0.05%,0.119,0.881,Bullish,Mild Contraction,28.1,False,Downtrend,Below SMA20,24913.15,24865.7,7.6,39.85,N/A,2,Downside Breakdown,0.9,88.05,100.65
13367,25-08-2025 10:40,24945.45,24946.55,24934.7,24936.6,11.85,18.965,4.8806,12.8,26.8,0.6248,62.5%,18.3551,0.07%,0.747,0.253,Bearish,Moderate Contraction,31.6,False,Downtrend,Above SMA20,24954.55,24894.35,42.25,17.95,N/A,2,Upside Breakout,0.35,25.25,25.25
13370,25-08-2025 10:55,24954.55,24954.6,24946.0,24949.4,8.6,16.61,5.1765,10.55,25.2,0.5178,51.8%,15.5073,0.06%,0.599,0.401,Bearish,Moderate Contraction,38.2,False,Uptrend,Above SMA20,24954.9,24894.35,55.05,5.5,N/A,1,Upside Breakout,5.3,12.45,24.05
13373,25-08-2025 11:10,24954.35,24954.35,24945.1,24950.45,9.25,14.44,4.9974,8.6,23.05,0.6406,64.1%,14.0875,0.06%,0.422,0.578,Bearish,Mild Contraction,26.4,False,Uptrend,Above SMA20,24961.85,24911.65,38.8,11.4,N/A,6,Upside Breakout,0.1,8.75,23.0
13376,25-08-2025 11:25,24945.75,24953.7,24945.75,24949.3,7.95,11.49,3.8126,7.05,20.05,0.6919,69.2%,12.0516,0.05%,0.447,0.553,Bullish,Mild Contraction,21.1,False,Uptrend,Above SMA20,24961.85,24926.5,22.8,12.55,N/A,3,Upside Breakout,0.1,24.15,30.75
13384,25-08-2025 12:05,24968.75,24971.4,24963.9,24968.4,7.5,11.54,4.6622,7.05,22.55,0.6499,65.0%,11.7749,0.05%,0.047,0.953,Bearish,Mild Contraction,25.2,False,Uptrend,Above SMA20,24973.45,24941.7,26.7,5.05,N/A,1,Upside Breakout,1.25,14.5,28.45
13415,25-08-2025 14:40,24964.0,24965.9,24957.1,24960.85,8.8,14.115,7.2496,6.7,26.75,0.6235,62.3%,13.7179,0.05%,0.358,0.642,Bearish,Mild Contraction,22.4,False,Downtrend,Below SMA20,25021.55,24949.2,11.65,60.7,N/A,10,Downside Breakdown,99.45,31.7,111.1
13420,25-08-2025 15:05,24968.95,24970.4,24961.25,24963.05,9.15,16.58,7.0238,8.8,26.75,0.5519,55.2%,14.2717,0.06%,0.645,0.355,Bearish,Moderate Contraction,32.9,False,Downtrend,Below SMA20,25021.55,24949.2,13.85,58.5,N/A,5,Downside Breakdown,99.45,113.3,204.35
13432,26-08-2025 09:50,24775.55,24786.1,24767.2,24780.0,18.9,28.82,18.1743,13.5,69.9,0.6558,65.6%,27.2518,0.11%,0.235,0.765,Bullish,Moderate Contraction,38.2,True,Downtrend,Below SMA20,24984.5,24755.6,24.4,204.5,N/A,,,,27.1,28.55
13435,26-08-2025 10:05,24798.6,24805.25,24789.15,24800.65,16.1,30.43,17.0032,18.9,69.9,0.5291,52.9%,24.555,0.1%,0.127,0.873,Bullish,Moderate Contraction,34.0,False,Downtrend,Below SMA20,24919.65,24755.6,45.05,119.0,N/A,,,,22.6,35.5
13438,26-08-2025 10:20,24802.45,24808.55,24797.75,24805.35,10.8,21.99,6.2455,14.1,36.5,0.4911,49.1%,21.8987,0.09%,0.269,0.731,Bullish,Moderate Contraction,40.9,False,Uptrend,Below SMA20,24807.1,24755.6,49.75,1.75,N/A,1,Upside Breakout,1.0,37.8,40.2
13441,26-08-2025 10:35,24786.25,24790.3,24781.6,24789.7,8.7,18.35,4.6432,10.8,26.5,0.4741,47.4%,18.9647,0.08%,0.397,0.603,Bullish,Moderate Contraction,43.3,False,Uptrend,Below SMA20,24808.55,24755.6,34.1,18.85,N/A,6,Upside Breakout,4.3,24.55,43.75
13444,26-08-2025 10:50,24768.15,24774.6,24765.15,24770.5,9.45,15.805,5.5275,8.7,26.5,0.5979,59.8%,16.3802,0.07%,0.249,0.751,Bullish,Mild Contraction,29.5,False,Downtrend,Below SMA20,24808.55,24767.55,2.95,38.05,N/A,3,Upside Breakout,4.3,42.35,67.8
13448,26-08-2025 11:10,24796.75,24805.4,24795.65,24799.3,9.75,14.86,5.3717,8.7,26.55,0.6561,65.6%,16.627,0.07%,0.262,0.738,Bullish,Mild Contraction,23.9,False,Downtrend,Above SMA20,24812.85,24765.15,34.15,13.55,N/A,2,Upside Breakout,5.35,39.0,39.0
13452,26-08-2025 11:30,24825.4,24829.25,24819.65,24820.9,9.6,15.305,5.8801,9.45,26.55,0.6272,62.7%,15.5496,0.06%,0.469,0.531,Bearish,Mild Contraction,28.5,False,Uptrend,Above SMA20,24833.45,24765.15,55.75,12.55,N/A,1,Upside Breakout,4.85,22.5,26.15
13455,26-08-2025 11:45,24806.1,24810.85,24803.3,24805.45,7.55,17.015,7.2847,9.6,29.65,0.4437,44.4%,15.5889,0.06%,0.086,0.914,Bearish,Moderate Contraction,41.1,False,Uptrend,Above SMA20,24838.3,24768.6,36.85,32.85,N/A,,,,13.55,22.4
13458,26-08-2025 12:00,24806.5,24809.3,24801.95,24804.7,7.35,13.365,7.2697,7.55,29.65,0.5499,55.0%,12.9748,0.05%,0.245,0.755,Bearish,Moderate Contraction,32.7,False,Uptrend,Above SMA20,24838.3,24795.65,9.05,33.6,N/A,2,Downside Breakdown,0.9,14.3,29.5
13462,26-08-2025 12:20,24808.45,24811.05,24805.25,24810.2,5.8,12.2,7.0149,7.0,29.65,0.4754,47.5%,11.855,0.05%,0.302,0.698,Bullish,Moderate Contraction,37.4,False,Downtrend,Above SMA20,24838.3,24794.75,15.45,28.1,N/A,2,Downside Breakdown,11.55,35.0,35.0
13482,26-08-2025 14:00,24806.25,24807.6,24798.8,24800.5,8.8,14.91,3.53,10.75,22.7,0.5902,59.0%,13.4707,0.05%,0.653,0.347,Bearish,Strong Contraction,54.9,True,Downtrend,Above SMA20,24824.7,24790.85,9.65,24.2,N/A,2,Downside Breakdown,25.6,58.6,58.6
13486,26-08-2025 14:20,24759.9,24766.3,24757.7,24761.45,8.6,15.8,7.1231,8.8,34.5,0.5443,54.4%,15.267,0.06%,0.18,0.82,Bullish,Moderate Contraction,34.0,False,Downtrend,Below SMA20,24816.55,24759.35,2.1,55.1,N/A,1,Downside Breakdown,17.45,30.1,71.85
13493,26-08-2025 14:55,24764.35,24767.55,24756.95,24758.35,10.6,22.635,11.0727,8.6,46.8,0.4683,46.8%,18.8985,0.08%,0.566,0.434,Bearish,Moderate Contraction,35.8,False,Downtrend,Below SMA20,24811.1,24741.9,16.45,52.75,N/A,1,Downside Breakdown,30.25,68.75,247.6
13497,26-08-2025 15:15,24695.0,24708.4,24694.55,24694.9,13.85,26.43,12.7217,10.6,48.9,0.524,52.4%,22.4301,0.09%,0.007,0.993,Bearish,Moderate Contraction,30.9,False,Downtrend,Below SMA20,24791.55,24689.6,5.3,96.65,N/A,3,Downside Breakdown,117.55,180.55,187.7
13503,28-08-2025 09:30,24529.35,24530.45,24510.75,24512.55,19.7,38.01,36.2551,10.6,130.6,0.5183,51.8%,36.0561,0.15%,0.853,0.147,Bearish,Moderate Contraction,46.3,True,Downtrend,Below SMA20,24767.55,24514.35,-1.8,255.0,N/A,1,Downside Breakdown,7.15,85.0,101.3
13508,28-08-2025 09:55,24597.25,24597.25,24578.1,24592.45,19.15,42.265,33.6522,13.25,130.6,0.4531,45.3%,34.1992,0.14%,0.251,0.749,Bearish,Moderate Contraction,33.5,False,Downtrend,Below SMA20,24717.7,24507.2,85.25,125.25,N/A,,,,37.65,53.45
13511,28-08-2025 10:10,24589.15,24598.65,24575.4,24576.95,23.25,33.37,11.8129,19.15,59.8,0.6967,69.7%,31.6089,0.13%,0.525,0.475,Bearish,Mild Contraction,18.7,False,Uptrend,Below SMA20,24613.85,24507.2,69.75,36.9,N/A,4,Upside Breakout,1.2,52.15,92.95
13517,28-08-2025 10:40,24610.5,24616.05,24603.35,24608.65,12.7,25.935,6.4466,19.15,40.25,0.4897,49.0%,25.4306,0.1%,0.146,0.854,Bearish,Moderate Contraction,42.3,False,Uptrend,Above SMA20,24629.1,24554.8,53.85,20.45,N/A,1,Upside Breakout,16.8,69.25,69.25
13521,28-08-2025 11:00,24661.25,24663.75,24647.05,24652.35,16.7,24.42,8.3147,12.7,38.4,0.6839,68.4%,25.6128,0.1%,0.533,0.467,Bearish,Mild Contraction,18.7,False,Uptrend,Above SMA20,24669.9,24554.8,97.55,17.55,N/A,1,Upside Breakout,8.0,25.55,25.55
13524,28-08-2025 11:15,24654.2,24660.2,24645.7,24650.3,14.5,23.035,8.7564,12.7,38.4,0.6295,62.9%,23.1816,0.09%,0.269,0.731,Bearish,Mild Contraction,25.4,False,Uptrend,Above SMA20,24677.9,24571.1,79.2,27.6,N/A,20,Downside Breakdown,0.95,23.1,38.5
13529,28-08-2025 11:40,24657.05,24663.05,24652.15,24656.3,10.9,19.56,6.6846,14.5,36.25,0.5573,55.7%,19.4822,0.08%,0.069,0.931,Bearish,Moderate Contraction,34.6,False,Uptrend,Above SMA20,24677.9,24633.35,22.95,21.6,N/A,3,Downside Breakdown,13.1,44.5,76.1
13535,28-08-2025 12:10,24627.45,24634.35,24624.0,24626.6,10.35,15.99,4.045,10.9,24.2,0.6473,64.7%,16.5784,0.07%,0.082,0.918,Bearish,Moderate Contraction,30.0,False,Downtrend,Below SMA20,24673.4,24611.8,14.8,46.8,N/A,1,Downside Breakdown,5.85,46.4,68.8
13539,28-08-2025 12:30,24593.55,24599.2,24588.85,24594.05,10.35,17.03,7.1963,10.35,30.95,0.6078,60.8%,17.6348,0.07%,0.048,0.952,Bullish,Mild Contraction,29.9,False,Downtrend,Below SMA20,24663.05,24580.2,13.85,69.0,N/A,5,Downside Breakdown,10.05,23.9,50.5
13543,28-08-2025 12:50,24591.75,24595.3,24586.1,24592.05,9.2,15.055,7.3008,10.1,30.95,0.6111,61.1%,14.3277,0.06%,0.033,0.967,Bullish,Mild Contraction,29.1,False,Downtrend,Below SMA20,24635.35,24580.2,11.85,43.3,N/A,1,Downside Breakdown,10.05,48.5,58.4
13549,28-08-2025 13:20,24558.2,24558.6,24548.75,24551.7,9.85,14.7,6.1804,9.2,25.7,0.6701,67.0%,15.4956,0.06%,0.66,0.34,Bearish,Moderate Contraction,43.3,True,Downtrend,Below SMA20,24599.2,24543.55,8.15,47.5,N/A,2,Downside Breakdown,6.95,18.05,36.35
13556,28-08-2025 13:55,24539.15,24542.15,24533.7,24536.7,8.45,16.315,4.4277,9.85,23.6,0.5179,51.8%,15.326,0.06%,0.29,0.71,Bearish,Moderate Contraction,39.3,False,Downtrend,Below SMA20,24567.15,24533.65,3.05,30.45,N/A,2,Downside Breakdown,2.15,55.4,55.4
13568,28-08-2025 14:55,24528.3,24528.7,24511.3,24523.0,17.4,29.18,10.0865,14.55,46.8,0.5963,59.6%,25.5092,0.1%,0.305,0.695,Bearish,Mild Contraction,27.9,False,Downtrend,Below SMA20,24592.1,24493.8,29.2,69.1,N/A,1,Downside Breakdown,2.7,41.4,56.4
13572,28-08-2025 15:15,24502.25,24504.4,24490.25,24491.1,14.15,29.47,8.7556,17.4,46.8,0.4801,48.0%,23.9126,0.1%,0.788,0.212,Bearish,Strong Contraction,61.3,True,Downtrend,Below SMA20,24589.15,24481.6,9.5,98.05,N/A,3,Downside Breakdown,15.0,73.25,73.25
13580,29-08-2025 09:40,24518.05,24531.2,24506.4,24510.85,24.8,37.38,24.2062,14.15,97.75,0.6635,66.3%,35.4535,0.14%,0.29,0.71,Bearish,Mild Contraction,15.5,False,Uptrend,Below SMA20,24564.35,24466.6,44.25,53.5,N/A,5,Downside Breakdown,2.45,46.7,46.7
13583,29-08-2025 09:55,24490.8,24507.85,24489.3,24491.9,18.55,38.535,23.4802,14.75,97.75,0.4814,48.1%,30.2261,0.12%,0.059,0.941,Bullish,Moderate Contraction,33.6,False,Downtrend,Below SMA20,24564.35,24466.6,25.3,72.45,N/A,2,Downside Breakdown,2.45,27.75,60.9
13586,29-08-2025 10:10,24475.7,24483.9,24468.65,24470.85,15.25,28.535,12.5164,14.75,52.65,0.5344,53.4%,25.7361,0.11%,0.318,0.682,Bearish,Moderate Contraction,34.0,False,Downtrend,Below SMA20,24555.8,24464.15,6.7,84.95,N/A,12,Upside Breakout,8.2,67.4,82.35
13594,29-08-2025 10:50,24539.6,24546.25,24536.65,24539.7,9.6,18.755,4.7237,14.2,28.75,0.5119,51.2%,19.532,0.08%,0.01,0.99,Bullish,Moderate Contraction,40.4,False,Uptrend,Above SMA20,24552.8,24464.15,75.55,13.1,N/A,2,Upside Breakout,0.4,24.3,30.6
13599,29-08-2025 11:15,24556.75,24556.9,24544.5,24548.1,12.4,17.995,5.8979,9.6,31.15,0.6891,68.9%,19.688,0.08%,0.698,0.302,Bearish,Mild Contraction,18.7,False,Uptrend,Above SMA20,24564.0,24499.7,48.4,15.9,N/A,3,Upside Breakout,0.55,22.2,24.35
13602,29-08-2025 11:30,24556.1,24564.55,24554.75,24564.1,9.8,17.29,6.2855,9.6,31.15,0.5668,56.7%,17.3646,0.07%,0.816,0.184,Bullish,Moderate Contraction,33.0,False,Uptrend,Above SMA20,24564.0,24522.05,42.05,-0.1,N/A,1,Upside Breakout,3.5,23.2,33.15
13605,29-08-2025 11:45,24565.95,24569.85,24564.0,24569.8,5.85,16.62,6.5372,9.8,31.15,0.352,35.2%,14.7731,0.06%,0.658,0.342,Bullish,Moderate Contraction,48.1,False,Uptrend,Above SMA20,24570.3,24522.05,47.75,0.5,N/A,1,Upside Breakout,2.15,36.3,51.45
13626,29-08-2025 13:30,24519.6,24522.0,24512.6,24513.15,9.4,16.805,3.1372,12.25,21.9,0.5594,55.9%,15.2845,0.06%,0.686,0.314,Bearish,Moderate Contraction,39.8,False,Downtrend,Below SMA20,24549.6,24495.15,18.0,36.45,N/A,5,Downside Breakdown,15.7,33.7,39.35
13629,29-08-2025 13:45,24505.45,24508.1,24499.95,24505.7,8.15,14.88,4.4299,9.4,21.9,0.5477,54.8%,13.302,0.05%,0.031,0.969,Bullish,Moderate Contraction,36.3,False,Downtrend,Below SMA20,24537.9,24495.15,10.55,32.2,N/A,2,Downside Breakdown,15.7,28.95,55.95
13635,29-08-2025 14:15,24513.3,24516.85,24509.35,24516.05,7.5,14.965,5.2281,8.15,21.5,0.5012,50.1%,15.0631,0.06%,0.367,0.633,Bullish,Moderate Contraction,38.5,False,Downtrend,Above SMA20,24522.0,24476.75,39.3,5.95,N/A,1,Upside Breakout,30.5,74.2,88.95
13647,29-08-2025 15:15,24406.75,24418.7,24404.7,24411.2,14.0,28.9,12.0918,16.3,57.45,0.4844,48.4%,24.1249,0.1%,0.318,0.682,Bullish,Moderate Contraction,38.5,False,Downtrend,Below SMA20,24527.5,24406.25,4.95,116.3,N/A,3,Upside Breakout,1.65,122.35,149.65
13652,01-09-2025 09:25,24529.0,24533.55,24512.5,24530.25,21.05,32.725,23.6656,14.0,96.45,0.6432,64.3%,31.8916,0.13%,0.059,0.941,Bullish,Mild Contraction,18.2,False,Uptrend,Above SMA20,24532.65,24404.7,125.55,2.4,N/A,1,Upside Breakout,9.9,30.6,30.6
13655,01-09-2025 09:40,24536.4,24538.35,24523.9,24535.8,14.45,29.52,24.2214,14.0,96.45,0.4895,48.9%,26.5958,0.11%,0.042,0.958,Bearish,Moderate Contraction,34.6,False,Uptrend,Above SMA20,24546.65,24404.7,131.1,10.85,N/A,1,Upside Breakout,1.85,25.05,32.95
13659,01-09-2025 10:00,24547.55,24549.5,24535.05,24538.5,14.45,29.22,24.4118,14.45,96.45,0.4945,49.5%,23.2873,0.09%,0.626,0.374,Bearish,Moderate Contraction,34.8,False,Uptrend,Above SMA20,24560.85,24413.75,124.75,22.35,N/A,,,,35.65,35.65
13666,01-09-2025 10:35,24511.35,24517.65,24508.05,24514.7,9.6,17.88,4.7059,12.35,26.9,0.5369,53.7%,18.6788,0.08%,0.349,0.651,Bullish,Moderate Contraction,38.1,False,Downtrend,Above SMA20,24560.85,24502.85,11.85,46.15,N/A,,,,38.6,38.75
13671,01-09-2025 11:00,24545.55,24553.3,24541.65,24550.9,11.65,17.265,4.2084,9.6,23.45,0.6748,67.5%,17.7429,0.07%,0.459,0.541,Bullish,Mild Contraction,22.8,False,Uptrend,Above SMA20,24547.0,24502.85,48.05,-3.9,N/A,1,Upside Breakout,5.3,13.45,31.65
13675,01-09-2025 11:20,24547.85,24548.4,24539.75,24542.05,8.65,14.785,4.9446,7.1,23.45,0.5851,58.5%,14.4856,0.06%,0.671,0.329,Bearish,Mild Contraction,28.7,False,Uptrend,Above SMA20,24553.3,24508.05,34.0,11.25,N/A,1,Upside Breakout,0.15,19.65,24.1
13678,01-09-2025 11:35,24543.3,24547.7,24540.65,24543.5,7.05,13.96,4.8994,7.1,23.45,0.505,50.5%,13.6599,0.06%,0.028,0.972,Bullish,Moderate Contraction,38.2,False,Uptrend,Above SMA20,24556.0,24523.55,19.95,12.5,N/A,2,Downside Breakdown,1.15,25.55,30.65
13698,01-09-2025 13:15,24588.6,24595.1,24588.1,24592.45,7.0,14.13,2.2931,11.0,17.3,0.4954,49.5%,12.7754,0.05%,0.55,0.45,Bullish,Moderate Contraction,47.2,False,Uptrend,Above SMA20,24592.85,24556.55,35.9,0.4,N/A,1,Upside Breakout,3.2,14.4,22.5
13702,01-09-2025 13:35,24601.15,24605.3,24597.25,24603.15,8.05,12.145,2.6493,7.0,15.9,0.6628,66.3%,11.9742,0.05%,0.248,0.752,Bullish,Mild Contraction,25.8,False,Uptrend,Above SMA20,24606.85,24556.55,46.6,3.7,N/A,5,Upside Breakout,0.65,14.95,17.75
13711,01-09-2025 14:20,24610.6,24614.05,24607.15,24609.5,6.9,11.595,2.7429,8.05,16.1,0.5951,59.5%,11.0365,0.04%,0.159,0.841,Bearish,Moderate Contraction,34.6,False,Uptrend,Above SMA20,24620.9,24588.2,21.3,11.4,N/A,4,Upside Breakout,4.15,15.55,26.1
13714,01-09-2025 14:35,24616.1,24619.1,24611.65,24617.9,7.45,11.485,3.0236,6.9,16.85,0.6487,64.9%,11.4017,0.05%,0.242,0.758,Bullish,Mild Contraction,27.2,False,Uptrend,Above SMA20,24620.9,24591.1,26.8,3.0,N/A,1,Upside Breakout,4.15,17.7,17.7
13717,01-09-2025 14:50,24617.95,24619.9,24614.0,24616.6,5.9,10.95,3.5771,5.65,16.85,0.5388,53.9%,10.3588,0.04%,0.229,0.771,Bearish,Moderate Contraction,35.3,False,Uptrend,Above SMA20,24625.05,24597.1,19.5,8.45,N/A,1,Upside Breakout,9.65,19.0,69.25
13720,01-09-2025 15:05,24625.65,24630.05,24622.95,24628.85,7.1,12.155,5.7467,5.65,22.1,0.5841,58.4%,12.0564,0.05%,0.451,0.549,Bullish,Mild Contraction,26.6,False,Uptrend,Above SMA20,24635.6,24598.8,30.05,6.75,N/A,5,Upside Breakout,50.25,57.0,66.75
13723,01-09-2025 15:20,24628.05,24631.3,24623.45,24626.65,7.85,11.84,5.7856,5.65,22.1,0.663,66.3%,11.0735,0.04%,0.178,0.822,Bearish,Mild Contraction,18.5,False,Uptrend,Above SMA20,24635.6,24600.55,26.1,8.95,N/A,2,Upside Breakout,50.25,59.2,103.55
13735,02-09-2025 10:05,24745.8,24747.55,24734.3,24740.95,13.25,23.76,6.9007,14.0,39.2,0.5577,55.8%,19.5919,0.08%,0.366,0.634,Bearish,Moderate Contraction,35.7,False,Uptrend,Above SMA20,24746.1,24631.35,109.6,5.15,N/A,13,Upside Breakout,2.95,24.6,32.15
13743,02-09-2025 10:45,24735.5,24738.7,24727.55,24732.2,11.15,19.53,3.8915,13.25,25.05,0.5709,57.1%,18.5155,0.07%,0.296,0.704,Bearish,Strong Contraction,58.1,True,Uptrend,Above SMA20,24747.55,24706.6,25.6,15.35,N/A,5,Upside Breakout,1.5,16.85,16.85
13749,02-09-2025 11:15,24731.55,24731.6,24722.15,24726.45,9.45,17.55,5.446,9.7,25.05,0.5385,53.8%,16.6131,0.07%,0.54,0.46,Bearish,Moderate Contraction,36.7,False,Downtrend,Below SMA20,24749.05,24708.8,17.65,22.6,N/A,15,Upside Breakout,1.45,14.95,14.95
13753,02-09-2025 11:35,24737.5,24740.5,24732.2,24740.4,8.3,14.645,4.5139,9.45,24.5,0.5667,56.7%,15.1457,0.06%,0.349,0.651,Bullish,Moderate Contraction,34.6,False,Uptrend,Above SMA20,24749.05,24715.35,25.05,8.65,N/A,8,Downside Breakdown,4.45,17.45,29.5
13756,02-09-2025 11:50,24732.6,24733.65,24726.85,24729.2,6.8,14.635,4.7274,8.3,24.5,0.4646,46.5%,13.599,0.05%,0.5,0.5,Bearish,Moderate Contraction,41.7,False,Downtrend,Below SMA20,24749.05,24715.35,13.85,19.85,N/A,5,Downside Breakdown,4.45,18.3,26.9
13768,02-09-2025 12:50,24744.0,24745.65,24736.75,24741.0,8.9,14.985,3.5939,9.1,19.65,0.5939,59.4%,14.2382,0.06%,0.337,0.663,Bearish,Strong Contraction,54.5,True,Uptrend,Above SMA20,24756.1,24710.9,30.1,15.1,N/A,5,Downside Breakdown,8.85,38.95,91.15
13790,02-09-2025 14:40,24574.3,24597.65,24570.95,24590.95,26.7,39.195,8.2703,24.1,53.3,0.6812,68.1%,34.3704,0.14%,0.624,0.376,Bullish,Mild Contraction,25.2,False,Downtrend,Below SMA20,24663.7,24522.35,68.6,72.75,N/A,,,,34.2,57.75
13794,02-09-2025 15:00,24575.15,24585.8,24562.3,24570.05,23.5,35.41,9.8227,24.1,53.3,0.6637,66.4%,32.4129,0.13%,0.217,0.783,Bearish,Mild Contraction,28.1,False,Uptrend,Below SMA20,24617.25,24522.35,47.7,47.2,N/A,6,Upside Breakout,13.45,26.1,60.65
13798,02-09-2025 15:20,24586.3,24586.65,24570.55,24574.15,16.1,28.81,10.3969,12.05,48.4,0.5588,55.9%,26.297,0.11%,0.755,0.245,Bearish,Mild Contraction,29.3,False,Uptrend,Below SMA20,24617.25,24531.75,42.4,43.1,N/A,2,Upside Breakout,13.45,56.55,56.55
13805,03-09-2025 09:40,24553.4,24563.6,24548.4,24551.95,15.2,33.47,25.24,11.3,97.5,0.4541,45.4%,33.1884,0.14%,0.095,0.905,Bearish,Moderate Contraction,34.2,False,Downtrend,Below SMA20,24630.7,24533.2,18.75,78.75,N/A,,,,62.0,62.0
13808,03-09-2025 09:55,24579.2,24582.1,24569.7,24579.1,12.4,32.45,25.7819,11.3,97.5,0.3821,38.2%,26.8346,0.11%,0.008,0.992,Bearish,Moderate Contraction,41.0,False,Uptrend,Above SMA20,24630.7,24533.2,45.9,51.6,N/A,,,,34.85,34.85
13811,03-09-2025 10:10,24609.0,24612.9,24601.05,24606.75,11.85,25.335,11.8036,12.4,42.5,0.4677,46.8%,23.4352,0.1%,0.19,0.81,Bearish,Moderate Contraction,39.0,False,Uptrend,Above SMA20,24613.95,24538.5,68.25,7.2,N/A,,,,45.7,53.05
13814,03-09-2025 10:25,24595.6,24602.7,24592.15,24597.35,10.55,19.365,9.2779,11.85,42.5,0.5448,54.5%,20.6134,0.08%,0.166,0.834,Bullish,Moderate Contraction,33.6,False,Uptrend,Above SMA20,24613.95,24548.4,48.95,16.6,N/A,,,,43.65,43.65
13817,03-09-2025 10:40,24562.3,24570.65,24559.5,24562.75,11.15,16.57,5.6574,10.55,25.7,0.6729,67.3%,19.2871,0.08%,0.04,0.96,Bullish,Mild Contraction,24.3,False,Downtrend,Below SMA20,24613.95,24561.05,1.7,51.2,N/A,1,Downside Breakdown,4.15,16.65,34.6
13827,03-09-2025 11:30,24572.45,24574.75,24563.5,24569.55,11.25,18.245,9.0157,8.85,39.45,0.6166,61.7%,19.0866,0.08%,0.258,0.742,Bearish,Mild Contraction,23.5,False,Uptrend,Below SMA20,24597.35,24553.7,15.85,27.8,N/A,5,Upside Breakout,4.95,32.75,78.9
13830,03-09-2025 11:45,24586.75,24587.85,24581.45,24582.5,6.4,18.295,9.1475,7.4,39.45,0.3498,35.0%,15.9107,0.06%,0.664,0.336,Bearish,Moderate Contraction,46.5,False,Uptrend,Above SMA20,24597.35,24554.45,28.05,14.85,N/A,2,Upside Breakout,4.95,50.55,65.95
13833,03-09-2025 12:00,24601.65,24605.9,24598.3,24604.2,7.6,16.585,9.4702,6.4,39.45,0.4582,45.8%,14.8739,0.06%,0.336,0.664,Bullish,Moderate Contraction,36.2,False,Uptrend,Above SMA20,24602.3,24557.55,46.65,-1.9,N/A,1,Upside Breakout,9.15,44.25,44.85
13836,03-09-2025 12:15,24630.35,24636.5,24628.9,24631.85,7.6,13.33,6.0637,6.4,25.6,0.5701,57.0%,14.5703,0.06%,0.197,0.803,Bullish,Mild Contraction,28.7,False,Uptrend,Above SMA20,24633.05,24557.55,74.3,1.2,N/A,1,Upside Breakout,15.4,17.2,38.75
13839,03-09-2025 12:30,24638.7,24642.0,24635.5,24640.8,6.5,12.5,6.1511,6.4,25.6,0.52,52.0%,13.4336,0.05%,0.323,0.677,Bullish,Moderate Contraction,34.8,False,Uptrend,Above SMA20,24648.45,24573.35,67.45,7.65,N/A,2,Upside Breakout,0.6,47.7,47.7
13845,03-09-2025 13:00,24599.1,24605.5,24595.65,24599.75,9.85,16.335,7.0028,6.5,25.6,0.603,60.3%,15.6289,0.06%,0.066,0.934,Bullish,Mild Contraction,23.4,False,Downtrend,Below SMA20,24649.05,24593.1,6.65,49.3,N/A,11,Upside Breakout,5.9,23.55,48.8
13860,03-09-2025 14:15,24658.9,24667.1,24656.55,24665.55,10.55,15.42,5.0104,11.0,28.25,0.6842,68.4%,14.6335,0.06%,0.63,0.37,Bullish,Mild Contraction,25.8,False,Uptrend,Above SMA20,24673.7,24598.2,67.35,8.15,N/A,3,Upside Breakout,6.15,14.55,49.2
13873,03-09-2025 15:20,24727.8,24728.8,24717.0,24720.6,11.8,17.445,4.429,9.4,24.15,0.6764,67.6%,16.3692,0.07%,0.61,0.39,Bearish,Mild Contraction,21.8,False,Uptrend,Above SMA20,24737.05,24656.2,64.4,16.45,N/A,2,Upside Breakout,243.7,260.15,260.15
13882,04-09-2025 09:50,24911.6,24919.1,24902.1,24916.35,17.0,37.61,32.0757,11.8,124.65,0.452,45.2%,37.4601,0.15%,0.279,0.721,Bullish,Moderate Contraction,33.4,False,Uptrend,Above SMA20,24980.75,24705.05,211.3,64.4,N/A,,,,86.85,111.7
13890,04-09-2025 10:30,24848.65,24853.35,24837.55,24848.3,15.8,25.88,7.9458,15.95,38.2,0.6105,61.1%,28.7456,0.12%,0.022,0.978,Bearish,Moderate Contraction,31.5,False,Downtrend,Below SMA20,24919.1,24829.5,18.8,70.8,N/A,1,Downside Breakdown,0.55,43.65,49.3
13894,04-09-2025 10:50,24834.15,24845.0,24832.55,24839.55,12.45,25.36,7.3679,15.8,38.2,0.4909,49.1%,25.0884,0.1%,0.434,0.566,Bullish,Moderate Contraction,40.7,False,Downtrend,Below SMA20,24914.35,24804.65,34.9,74.8,N/A,6,Downside Breakdown,5.65,26.85,40.55
13898,04-09-2025 11:10,24819.25,24822.6,24812.7,24815.5,9.9,21.22,4.8651,12.45,28.95,0.4665,46.7%,21.9267,0.09%,0.379,0.621,Bearish,Moderate Contraction,45.0,False,Downtrend,Below SMA20,24877.0,24804.65,10.85,61.5,N/A,2,Downside Breakdown,5.65,17.3,17.3
13902,04-09-2025 11:30,24824.8,24832.8,24819.7,24822.4,13.1,19.465,5.7897,9.9,25.65,0.673,67.3%,20.1885,0.08%,0.183,0.817,Bearish,Mild Contraction,20.3,False,Uptrend,Below SMA20,24848.85,24799.0,23.4,26.45,N/A,8,Downside Breakdown,11.25,15.85,54.15
13913,04-09-2025 12:25,24770.75,24778.75,24767.05,24774.75,11.7,19.13,6.0315,12.0,29.9,0.6116,61.2%,19.3299,0.08%,0.342,0.658,Bullish,Moderate Contraction,31.2,False,Downtrend,Below SMA20,24837.7,24768.25,6.5,62.95,N/A,7,Upside Breakout,1.05,57.75,64.0
13918,04-09-2025 12:50,24823.15,24823.15,24809.5,24820.4,13.65,20.78,5.1741,11.7,29.9,0.6569,65.7%,18.6685,0.08%,0.201,0.799,Bearish,Mild Contraction,25.1,False,Downtrend,Above SMA20,24837.7,24767.05,53.35,17.3,N/A,2,Upside Breakout,1.05,18.35,38.2
13925,04-09-2025 13:25,24818.6,24820.45,24809.35,24814.95,11.1,19.68,4.1547,13.65,26.65,0.564,56.4%,18.8567,0.08%,0.329,0.671,Bearish,Strong Contraction,58.1,True,Uptrend,Above SMA20,24838.75,24785.5,29.45,23.8,N/A,3,Downside Breakdown,3.3,57.55,64.95
13931,04-09-2025 13:55,24778.7,24786.65,24772.85,24777.0,13.8,20.35,7.3543,11.1,34.2,0.6781,67.8%,19.8417,0.08%,0.123,0.877,Bearish,Mild Contraction,19.9,False,Downtrend,Below SMA20,24837.4,24757.4,19.6,60.4,N/A,4,Downside Breakdown,7.4,59.8,63.75
13937,04-09-2025 14:25,24719.4,24726.2,24713.25,24723.2,12.95,21.78,11.0904,13.8,47.4,0.5946,59.5%,20.8569,0.08%,0.293,0.707,Bullish,Moderate Contraction,30.0,False,Downtrend,Below SMA20,24817.4,24717.2,6.0,94.2,N/A,9,Downside Breakdown,2.65,56.35,56.35
13945,04-09-2025 15:05,24734.7,24746.8,24728.8,24736.25,18.0,32.12,14.3391,12.95,50.25,0.5604,56.0%,28.0125,0.11%,0.086,0.914,Bullish,Moderate Contraction,47.6,True,Downtrend,Below SMA20,24779.55,24713.25,23.0,43.3,N/A,2,Downside Breakdown,5.05,92.1,96.1
13949,04-09-2025 15:25,24749.05,24751.75,24731.55,24739.8,20.2,29.195,11.6997,18.0,50.25,0.6919,69.2%,25.724,0.1%,0.458,0.542,Bearish,Mild Contraction,20.4,False,Uptrend,Below SMA20,24779.55,24708.2,31.6,39.75,N/A,1,Upside Breakout,48.8,92.55,92.55
13952,05-09-2025 09:25,24793.3,24799.95,24779.4,24783.2,20.55,30.21,10.554,18.0,44.35,0.6802,68.0%,33.4321,0.13%,0.491,0.509,Bearish,Mild Contraction,21.5,False,Uptrend,Above SMA20,24832.35,24708.2,75.0,49.15,N/A,9,Downside Breakdown,33.45,29.7,136.95
13955,05-09-2025 09:40,24783.35,24783.4,24775.45,24778.85,7.95,27.695,8.7456,18.0,43.95,0.2871,28.7%,29.8419,0.12%,0.566,0.434,Bearish,Strong Contraction,54.9,False,Uptrend,Above SMA20,24832.35,24708.2,70.65,53.5,N/A,6,Downside Breakdown,33.45,25.55,146.9
13967,05-09-2025 10:40,24705.7,24709.3,24691.1,24702.15,18.2,38.29,21.6079,13.95,81.45,0.4753,47.5%,35.58,0.14%,0.195,0.805,Bearish,Strong Contraction,54.0,True,Downtrend,Below SMA20,24803.6,24631.95,70.2,101.45,N/A,,,,38.4,38.4
13970,05-09-2025 10:55,24666.55,24685.05,24663.75,24681.3,21.3,39.315,20.8032,18.2,81.45,0.5418,54.2%,31.9123,0.13%,0.692,0.308,Bullish,Moderate Contraction,30.4,False,Downtrend,Below SMA20,24775.0,24631.95,49.35,93.7,N/A,20,Downside Breakdown,4.8,17.25,27.0
13973,05-09-2025 11:10,24681.45,24697.55,24677.25,24691.95,20.3,31.775,16.0395,17.95,67.9,0.6389,63.9%,27.6377,0.11%,0.517,0.483,Bullish,Mild Contraction,23.7,False,Uptrend,Below SMA20,24737.75,24631.95,60.0,45.8,N/A,17,Downside Breakdown,4.8,16.35,37.95
13981,05-09-2025 11:50,24665.0,24674.25,24662.0,24666.8,12.25,17.6,2.3125,14.75,20.95,0.696,69.6%,19.78,0.08%,0.147,0.853,Bullish,Moderate Contraction,31.8,False,Downtrend,Below SMA20,24708.3,24661.4,5.4,41.5,N/A,1,Downside Breakdown,3.7,24.5,39.65
13988,05-09-2025 12:25,24656.45,24658.95,24653.5,24656.95,5.45,15.82,3.0806,11.65,20.95,0.3445,34.5%,15.775,0.06%,0.092,0.908,Bullish,Strong Contraction,57.1,False,Downtrend,Below SMA20,24706.4,24642.3,14.65,49.45,N/A,1,Downside Breakdown,8.65,35.35,35.35
13991,05-09-2025 12:40,24640.65,24643.95,24633.8,24638.5,10.15,15.385,6.7178,5.45,31.25,0.6597,66.0%,16.3119,0.07%,0.212,0.788,Bearish,Mild Contraction,16.7,False,Downtrend,Below SMA20,24674.25,24627.15,11.35,35.75,N/A,1,Downside Breakdown,5.55,20.8,59.6
14011,05-09-2025 14:20,24759.65,24765.35,24755.3,24757.2,10.05,23.19,10.9664,11.85,51.0,0.4334,43.3%,20.2595,0.08%,0.244,0.756,Bearish,Moderate Contraction,41.2,False,Uptrend,Above SMA20,24790.75,24681.45,75.75,33.55,N/A,14,Upside Breakout,40.6,36.45,36.45
14016,05-09-2025 14:45,24726.8,24735.25,24726.8,24729.0,8.45,20.26,6.5696,10.05,29.7,0.4171,41.7%,19.0175,0.08%,0.26,0.74,Bullish,Moderate Contraction,45.2,False,Downtrend,Above SMA20,24790.75,24720.75,8.25,61.75,N/A,9,Upside Breakout,40.6,30.0,102.35
14022,05-09-2025 15:15,24736.4,24744.8,24733.75,24739.4,11.05,18.93,7.4104,8.45,29.7,0.5837,58.4%,18.7904,0.08%,0.271,0.729,Bullish,Mild Contraction,27.0,False,Downtrend,Below SMA20,24764.75,24720.75,18.65,25.35,N/A,3,Upside Breakout,66.6,91.95,106.3
14029,08-09-2025 09:35,24822.65,24838.4,24821.8,24835.25,16.6,28.25,13.7163,11.05,50.15,0.5876,58.8%,29.6309,0.12%,0.759,0.241,Bullish,Mild Contraction,24.2,False,Uptrend,Above SMA20,24831.35,24724.75,110.5,-3.9,N/A,1,Upside Breakout,14.35,33.3,48.65
14038,08-09-2025 10:20,24805.15,24805.3,24794.85,24796.55,10.45,23.02,8.0792,11.45,40.65,0.454,45.4%,22.9334,0.09%,0.823,0.177,Bearish,Moderate Contraction,41.8,False,Downtrend,Above SMA20,24845.7,24783.8,12.75,49.15,N/A,2,Downside Breakdown,15.25,31.6,31.6
14045,08-09-2025 10:55,24785.95,24792.9,24781.15,24786.6,11.75,21.35,6.0143,10.45,31.75,0.5504,55.0%,20.2624,0.08%,0.055,0.945,Bullish,Moderate Contraction,34.1,False,Downtrend,Below SMA20,24831.75,24764.95,21.65,45.15,N/A,14,Upside Breakout,5.1,31.9,42.0
14055,08-09-2025 11:45,24827.45,24828.35,24818.8,24820.75,9.55,13.99,3.1325,11.45,22.15,0.6826,68.3%,15.1891,0.06%,0.702,0.298,Bearish,Mild Contraction,28.1,False,Uptrend,Above SMA20,24828.6,24778.9,41.85,7.85,N/A,4,Upside Breakout,8.25,16.1,32.2
14059,08-09-2025 12:05,24828.35,24836.85,24827.55,24828.75,9.3,13.38,3.8186,8.35,22.15,0.6951,69.5%,13.3088,0.05%,0.043,0.957,Bullish,Mild Contraction,21.8,False,Uptrend,Above SMA20,24828.6,24797.75,31.0,-0.15,N/A,1,Upside Breakout,7.2,10.35,37.9
14069,08-09-2025 12:55,24857.8,24863.2,24855.8,24863.2,7.4,11.83,4.2035,8.25,22.2,0.6255,62.6%,11.8337,0.05%,0.73,0.27,Bullish,Mild Contraction,29.5,False,Uptrend,Above SMA20,24866.65,24821.0,42.2,3.45,N/A,2,Upside Breakout,1.15,14.95,28.15
14085,08-09-2025 14:15,24856.6,24865.2,24855.2,24865.15,10.0,14.405,3.5891,10.15,20.35,0.6942,69.4%,13.9769,0.06%,0.855,0.145,Bullish,Mild Contraction,26.5,False,Uptrend,Above SMA20,24865.2,24828.95,36.2,0.05,N/A,1,Upside Breakout,2.15,20.35,98.9
14090,08-09-2025 14:40,24875.1,24880.3,24872.05,24872.65,8.25,14.895,5.0471,8.05,24.4,0.5539,55.4%,13.6849,0.06%,0.297,0.703,Bearish,Moderate Contraction,34.3,False,Uptrend,Above SMA20,24885.5,24828.95,43.7,12.85,N/A,1,Downside Breakdown,58.3,106.4,121.1
14095,08-09-2025 15:05,24773.2,24780.05,24766.25,24768.1,13.8,27.64,28.9989,8.05,103.25,0.4993,49.9%,26.2556,0.11%,0.37,0.63,Bearish,Mild Contraction,28.0,False,Downtrend,Below SMA20,24885.5,24766.3,1.8,117.4,N/A,1,Downside Breakdown,14.75,106.4,110.95
14102,09-09-2025 09:25,24850.85,24855.25,24842.35,24850.25,12.9,26.325,9.1597,13.8,43.9,0.49,49.0%,29.6751,0.12%,0.047,0.953,Bearish,Moderate Contraction,39.3,False,Uptrend,Above SMA20,24879.05,24751.55,98.7,28.8,N/A,,,,18.8,30.65
14106,09-09-2025 09:45,24854.0,24861.2,24847.9,24850.9,13.3,24.325,7.2711,12.9,33.6,0.5468,54.7%,25.9904,0.1%,0.233,0.767,Bearish,Strong Contraction,55.6,True,Uptrend,Above SMA20,24879.05,24751.55,99.35,28.15,N/A,,,,27.65,34.45
14109,09-09-2025 10:00,24848.5,24851.7,24838.05,24844.85,13.65,22.065,9.271,11.8,33.6,0.6186,61.9%,21.4343,0.09%,0.267,0.733,Bearish,Mild Contraction,25.6,False,Uptrend,Above SMA20,24879.05,24769.65,75.2,34.2,N/A,,,,28.4,30.25
14122,09-09-2025 11:05,24837.85,24844.85,24836.45,24841.2,8.4,13.2,2.2702,9.85,16.15,0.6364,63.6%,14.0949,0.06%,0.399,0.601,Bullish,Moderate Contraction,34.2,False,Uptrend,Above SMA20,24847.0,24814.6,26.6,5.8,N/A,3,Upside Breakout,8.8,14.6,14.6
14129,09-09-2025 11:40,24845.75,24848.85,24842.4,24846.95,6.45,13.17,4.2747,6.95,20.55,0.4897,49.0%,12.7623,0.05%,0.186,0.814,Bullish,Moderate Contraction,39.9,False,Uptrend,Above SMA20,24855.8,24817.6,29.35,8.85,N/A,5,Downside Breakdown,3.6,32.95,32.95
14141,09-09-2025 12:40,24847.1,24854.5,24845.2,24853.0,9.3,16.03,5.3904,11.0,27.95,0.5802,58.0%,14.2002,0.06%,0.634,0.366,Bullish,Strong Contraction,53.1,True,Uptrend,Above SMA20,24860.6,24814.0,39.0,7.6,N/A,1,Upside Breakout,7.6,16.3,19.45
14149,09-09-2025 13:20,24857.65,24861.15,24854.4,24858.9,6.75,13.755,2.9412,9.3,19.7,0.4907,49.1%,13.0042,0.05%,0.185,0.815,Bullish,Moderate Contraction,43.9,False,Uptrend,Above SMA20,24869.3,24836.95,21.95,10.4,N/A,2,Upside Breakout,3.15,15.1,18.1
14154,09-09-2025 13:45,24858.5,24862.15,24853.65,24858.1,8.5,12.68,3.7295,6.75,19.7,0.6703,67.0%,12.4112,0.05%,0.047,0.953,Bearish,Mild Contraction,21.4,False,Uptrend,Above SMA20,24874.0,24836.95,21.15,15.9,N/A,4,Upside Breakout,2.35,18.9,33.7
14169,09-09-2025 15:00,24861.1,24871.25,24859.35,24865.0,11.9,25.225,9.8298,13.95,46.25,0.4718,47.2%,22.0173,0.09%,0.328,0.672,Bullish,Moderate Contraction,39.8,False,Downtrend,Above SMA20,24891.8,24825.6,39.4,26.8,N/A,6,Upside Breakout,101.0,18.05,135.25
14172,09-09-2025 15:15,24871.05,24875.2,24860.9,24868.0,14.3,25.89,9.5829,11.9,46.25,0.5523,55.2%,20.6175,0.08%,0.213,0.787,Bearish,Moderate Contraction,31.1,False,Downtrend,Above SMA20,24891.8,24825.6,42.4,23.8,N/A,3,Upside Breakout,101.0,124.8,149.4
14178,10-09-2025 09:30,24990.9,24991.4,24981.15,24990.45,10.25,21.235,7.8012,11.9,34.7,0.4827,48.3%,27.8887,0.11%,0.044,0.956,Bearish,Moderate Contraction,39.5,False,Uptrend,Above SMA20,24992.8,24853.0,137.45,2.35,N/A,1,Upside Breakout,7.45,26.95,26.95
14183,10-09-2025 09:55,24993.55,25007.05,24992.7,24999.95,14.35,20.815,7.7163,10.25,34.7,0.6894,68.9%,23.0856,0.09%,0.446,0.554,Bullish,Mild Contraction,17.0,False,Uptrend,Above SMA20,25017.4,24865.25,134.7,17.45,N/A,6,Upside Breakout,15.95,14.5,35.75
14186,10-09-2025 10:10,25003.8,25007.8,24999.9,25005.45,7.9,17.675,7.0098,10.2,30.8,0.447,44.7%,18.4817,0.07%,0.209,0.791,Bullish,Moderate Contraction,41.4,False,Uptrend,Above SMA20,25017.4,24959.75,45.7,11.95,N/A,3,Upside Breakout,15.95,30.25,30.25
14195,10-09-2025 10:55,25008.6,25012.75,25004.3,25012.15,8.45,13.615,5.426,7.5,24.65,0.6206,62.1%,14.9852,0.06%,0.42,0.58,Bullish,Mild Contraction,26.2,False,Uptrend,Above SMA20,25035.7,24990.35,21.8,23.55,N/A,4,Downside Breakdown,10.5,44.2,44.2
14201,10-09-2025 11:25,24993.3,24995.6,24986.65,24989.5,8.95,16.34,8.1397,8.45,34.5,0.5477,54.8%,16.9027,0.07%,0.425,0.575,Bearish,Moderate Contraction,32.0,False,Downtrend,Below SMA20,25027.85,24967.95,21.55,38.35,N/A,19,Downside Breakdown,0.25,16.85,19.75
14210,10-09-2025 12:10,24989.35,24995.7,24987.25,24990.15,8.45,13.78,5.8569,8.85,26.1,0.6132,61.3%,13.9471,0.06%,0.095,0.905,Bullish,Mild Contraction,29.5,False,Downtrend,Below SMA20,25000.4,24967.95,22.2,10.25,N/A,3,Upside Breakout,0.5,13.95,22.45
14214,10-09-2025 12:30,24995.0,24996.25,24987.65,24989.6,8.6,12.395,4.0137,8.25,22.7,0.6938,69.4%,12.2723,0.05%,0.628,0.372,Bearish,Mild Contraction,23.4,False,Uptrend,Below SMA20,25000.9,24969.75,19.85,11.3,N/A,6,Downside Breakdown,2.05,19.35,43.05
14227,10-09-2025 13:35,24954.85,24957.6,24949.0,24957.1,8.6,12.475,3.1762,8.45,18.15,0.6894,68.9%,12.172,0.05%,0.262,0.738,Bullish,Mild Contraction,26.0,False,Downtrend,Below SMA20,24989.15,24946.55,10.55,32.05,N/A,8,Downside Breakdown,3.45,10.7,21.55
14232,10-09-2025 14:00,24959.25,24959.85,24954.1,24955.8,5.75,12.275,3.3963,7.95,18.15,0.4684,46.8%,10.6933,0.04%,0.6,0.4,Bearish,Moderate Contraction,42.8,False,Downtrend,Below SMA20,24976.85,24946.55,9.25,21.05,N/A,1,Upside Breakout,1.8,22.85,40.75
14242,10-09-2025 14:50,24948.8,24957.4,24948.3,24953.35,9.1,18.91,10.1001,5.75,35.65,0.4812,48.1%,17.6031,0.07%,0.5,0.5,Bullish,Moderate Contraction,32.3,False,Downtrend,Below SMA20,24978.65,24915.05,38.3,25.3,N/A,4,Upside Breakout,1.15,34.55,55.6
14245,10-09-2025 15:05,24962.1,24975.55,24962.1,24972.8,13.45,20.38,9.5408,9.1,35.65,0.66,66.0%,18.5054,0.07%,0.796,0.204,Bullish,Mild Contraction,18.2,False,Uptrend,Above SMA20,24966.0,24915.05,57.75,-6.8,N/A,1,Upside Breakout,13.8,32.65,36.15
14248,10-09-2025 15:20,24981.3,24986.3,24974.75,24981.65,11.55,18.78,10.1546,9.1,35.65,0.615,61.5%,16.0719,0.06%,0.03,0.97,Bullish,Mild Contraction,23.4,False,Uptrend,Above SMA20,24987.9,24915.05,66.6,6.25,N/A,2,Upside Breakout,14.4,41.5,41.5
14251,11-09-2025 09:20,25002.35,25007.25,24992.95,25003.2,14.3,21.315,16.7574,9.1,62.15,0.6709,67.1%,20.5221,0.08%,0.059,0.941,Bullish,Mild Contraction,15.2,False,Uptrend,Above SMA20,25002.3,24918.2,85.0,-0.9,N/A,1,Upside Breakout,6.65,35.8,45.7
14257,11-09-2025 09:50,24982.35,24991.65,24979.9,24985.0,11.75,20.8,15.1717,9.7,62.15,0.5649,56.5%,18.7767,0.08%,0.226,0.774,Bullish,Mild Contraction,27.0,False,Uptrend,Above SMA20,25008.95,24940.15,44.85,23.95,N/A,,,,27.5,27.5
14260,11-09-2025 10:05,24966.4,24970.9,24957.7,24957.85,13.2,22.185,14.8736,9.95,62.15,0.595,59.5%,17.9569,0.07%,0.648,0.352,Bearish,Mild Contraction,23.7,False,Downtrend,Below SMA20,25008.95,24940.15,17.7,51.1,N/A,,,,31.2,31.5
14265,11-09-2025 10:30,24980.35,24989.05,24979.35,24983.65,9.7,14.56,4.9231,9.05,25.55,0.6662,66.6%,14.8105,0.06%,0.34,0.66,Bullish,Mild Contraction,24.5,False,Uptrend,Above SMA20,24991.65,24957.5,26.15,8.0,N/A,6,Upside Breakout,0.15,12.05,12.05
14272,11-09-2025 11:05,24985.5,24988.25,24981.65,24986.8,6.6,11.86,2.9523,7.15,17.85,0.5565,55.6%,12.3878,0.05%,0.197,0.803,Bullish,Moderate Contraction,37.1,False,Uptrend,Above SMA20,24991.8,24964.75,22.05,5.0,N/A,6,Downside Breakdown,2.35,13.65,29.95
14277,11-09-2025 11:30,24977.95,24979.5,24973.15,24974.8,6.35,10.795,3.604,6.6,17.85,0.5882,58.8%,10.9818,0.04%,0.496,0.504,Bearish,Moderate Contraction,32.6,False,Downtrend,Below SMA20,24991.8,24971.6,3.2,17.0,N/A,1,Downside Breakdown,9.2,17.95,30.15
14284,11-09-2025 12:05,24980.65,24986.7,24980.0,24984.4,6.7,11.035,2.8382,6.35,15.5,0.6072,60.7%,10.7105,0.04%,0.56,0.44,Bullish,Moderate Contraction,31.4,False,Downtrend,Above SMA20,24989.0,24956.85,27.55,4.6,N/A,2,Upside Breakout,9.2,28.55,28.55
14296,11-09-2025 13:05,25009.95,25015.1,25006.5,25008.1,8.6,12.745,3.4445,8.65,18.55,0.6748,67.5%,11.4047,0.05%,0.215,0.785,Bearish,Mild Contraction,27.5,False,Uptrend,Above SMA20,25012.95,24985.95,22.15,4.85,N/A,7,Upside Breakout,2.45,16.85,18.25
14308,11-09-2025 14:05,25010.6,25013.35,25007.7,25012.55,5.65,15.59,4.8372,9.8,22.7,0.3624,36.2%,14.0719,0.06%,0.345,0.655,Bullish,Strong Contraction,69.6,True,Uptrend,Above SMA20,25026.35,24991.25,21.3,13.8,N/A,5,Downside Breakdown,4.35,25.65,25.65
14312,11-09-2025 14:25,25020.6,25024.95,25018.95,25020.2,6.0,13.82,5.9664,5.65,22.7,0.4342,43.4%,12.1243,0.05%,0.067,0.933,Bearish,Moderate Contraction,40.9,False,Uptrend,Above SMA20,25026.35,24994.15,26.05,6.15,N/A,1,Downside Breakdown,7.25,33.3,33.3
14324,11-09-2025 15:25,25002.9,25010.35,24996.85,25008.1,13.5,21.75,6.387,12.35,31.5,0.6207,62.1%,18.7983,0.08%,0.385,0.615,Bullish,Mild Contraction,28.5,False,Downtrend,Below SMA20,25037.3,24991.45,16.65,29.2,N/A,1,Upside Breakout,52.45,81.65,81.65
14331,12-09-2025 09:45,25048.55,25060.6,25047.2,25059.0,13.4,19.905,7.0391,13.5,37.45,0.6732,67.3%,21.2108,0.08%,0.78,0.22,Bullish,Moderate Contraction,46.2,True,Uptrend,Above SMA20,25089.75,24992.8,66.2,30.75,N/A,12,Upside Breakout,0.05,18.6,20.8
14335,12-09-2025 10:05,25066.25,25076.65,25064.6,25073.75,12.05,18.445,7.5695,10.7,37.45,0.6533,65.3%,18.0933,0.07%,0.622,0.378,Bullish,Mild Contraction,23.4,False,Uptrend,Above SMA20,25089.75,25038.05,35.7,16.0,N/A,8,Upside Breakout,0.05,9.55,19.9
14339,12-09-2025 10:25,25074.45,25075.15,25068.0,25071.25,7.15,13.585,3.5211,7.15,19.9,0.5263,52.6%,14.6612,0.06%,0.448,0.552,Bearish,Moderate Contraction,39.1,False,Uptrend,Above SMA20,25079.15,25039.95,31.3,7.9,N/A,2,Upside Breakout,0.65,22.1,45.3
14343,12-09-2025 10:45,25088.4,25089.8,25083.9,25088.25,5.9,11.02,4.3558,4.8,19.9,0.5354,53.5%,11.5913,0.05%,0.025,0.975,Bearish,Moderate Contraction,31.7,False,Uptrend,Above SMA20,25088.9,25046.65,41.6,0.65,N/A,1,Upside Breakout,4.45,15.75,51.2
14348,12-09-2025 11:10,25101.95,25104.0,25097.15,25099.75,6.85,10.195,3.8008,4.8,16.7,0.6719,67.2%,11.6518,0.05%,0.321,0.679,Bearish,Mild Contraction,18.4,False,Uptrend,Above SMA20,25103.6,25066.45,33.3,3.85,N/A,1,Upside Breakout,12.95,39.7,39.7
14353,12-09-2025 11:35,25127.95,25131.75,25123.6,25128.75,8.15,12.355,4.3174,5.9,18.85,0.6597,66.0%,12.3006,0.05%,0.098,0.902,Bullish,Mild Contraction,20.2,False,Uptrend,Above SMA20,25139.45,25078.65,50.1,10.7,N/A,,,,14.35,14.35
14356,12-09-2025 11:50,25124.3,25128.55,25122.0,25125.4,6.55,12.12,4.2183,6.85,18.85,0.5404,54.0%,10.7075,0.04%,0.168,0.832,Bullish,Moderate Contraction,35.7,False,Uptrend,Above SMA20,25139.45,25078.65,46.75,14.05,N/A,,,,11.0,11.3
14370,12-09-2025 13:00,25110.05,25112.6,25107.25,25111.7,5.35,8.265,2.1243,5.75,12.05,0.6473,64.7%,8.7009,0.03%,0.308,0.692,Bullish,Mild Contraction,29.9,False,Downtrend,Below SMA20,25126.35,25101.9,9.8,14.65,N/A,9,Downside Breakdown,0.9,12.25,14.45
14374,12-09-2025 13:20,25119.8,25123.35,25117.45,25121.35,5.9,8.48,2.3063,5.35,12.05,0.6958,69.6%,8.2057,0.03%,0.263,0.737,Bullish,Moderate Contraction,42.3,True,Uptrend,Above SMA20,25123.95,25101.9,19.45,2.6,N/A,3,Upside Breakout,1.1,20.35,24.1
14384,12-09-2025 14:10,25117.0,25121.7,25114.8,25117.9,6.9,10.585,4.5877,5.7,16.1,0.6519,65.2%,10.3905,0.04%,0.13,0.87,Bullish,Mild Contraction,21.9,False,Downtrend,Above SMA20,25129.65,25097.25,20.65,11.75,N/A,16,Upside Breakout,8.8,14.7,18.4
14387,12-09-2025 14:25,25117.75,25120.7,25116.25,25119.0,4.45,11.205,4.1231,6.4,16.1,0.3971,39.7%,9.1833,0.04%,0.281,0.719,Bullish,Moderate Contraction,45.5,False,Downtrend,Above SMA20,25129.65,25097.25,21.75,10.65,N/A,13,Upside Breakout,8.8,17.1,19.5
14396,12-09-2025 15:10,25114.15,25118.6,25113.3,25115.8,5.3,8.77,2.8291,4.45,14.25,0.6043,60.4%,8.9264,0.04%,0.311,0.689,Bullish,Mild Contraction,27.7,False,Downtrend,Above SMA20,25120.7,25099.5,16.3,4.9,N/A,4,Upside Breakout,17.75,30.55,34.5
14404,15-09-2025 09:35,25086.3,25092.3,25082.35,25087.1,9.95,17.7,14.0678,5.3,49.15,0.5621,56.2%,17.1261,0.07%,0.08,0.92,Bullish,Mild Contraction,23.1,False,Downtrend,Below SMA20,25138.45,25081.3,5.8,51.35,N/A,6,Downside Breakdown,8.8,24.85,24.85
14407,15-09-2025 09:50,25100.25,25111.95,25099.8,25106.75,12.15,18.11,13.6635,7.25,49.15,0.6709,67.1%,15.0595,0.06%,0.535,0.465,Bullish,Mild Contraction,14.8,False,Downtrend,Above SMA20,25138.45,25081.3,25.45,31.7,N/A,3,Downside Breakdown,8.8,36.75,36.75
14412,15-09-2025 10:15,25085.1,25088.2,25080.5,25086.4,7.7,15.955,7.6009,8.05,33.0,0.4826,48.3%,14.0248,0.06%,0.169,0.831,Bullish,Moderate Contraction,37.9,False,Downtrend,Below SMA20,25122.15,25070.0,16.4,35.75,N/A,6,Downside Breakdown,5.35,16.35,21.75
14426,15-09-2025 11:25,25084.15,25088.55,25081.75,25087.45,6.8,11.725,3.5014,8.25,20.7,0.58,58.0%,10.7833,0.04%,0.485,0.515,Bullish,Moderate Contraction,33.9,False,Downtrend,Above SMA20,25102.75,25064.65,22.8,15.3,N/A,5,Upside Breakout,5.75,21.05,30.9
14437,15-09-2025 12:20,25102.65,25107.1,25100.1,25105.9,7.0,11.5,2.311,8.0,14.8,0.6087,60.9%,10.4888,0.04%,0.464,0.536,Bullish,Strong Contraction,55.0,True,Uptrend,Above SMA20,25118.35,25081.5,24.4,12.45,N/A,16,Downside Breakdown,32.75,16.5,16.5
14452,15-09-2025 13:35,25103.15,25106.55,25099.95,25102.05,6.6,12.685,5.0516,8.0,25.35,0.5203,52.0%,11.8442,0.05%,0.167,0.833,Bearish,Strong Contraction,56.3,True,Uptrend,Below SMA20,25116.9,25089.4,12.65,14.85,N/A,1,Downside Breakdown,40.65,53.3,53.3
14456,15-09-2025 13:55,25086.95,25088.85,25082.0,25083.25,6.85,18.61,13.8144,6.6,54.65,0.3681,36.8%,16.3805,0.07%,0.54,0.46,Bearish,Strong Contraction,62.8,True,Downtrend,Below SMA20,25116.9,25048.75,34.5,33.65,N/A,20,Upside Breakout,5.1,20.05,30.95
14459,15-09-2025 14:10,25079.05,25079.45,25069.35,25071.95,10.1,17.795,14.3907,6.3,54.65,0.5676,56.8%,14.3798,0.06%,0.703,0.297,Bearish,Mild Contraction,23.6,False,Downtrend,Below SMA20,25116.9,25048.75,23.2,44.95,N/A,17,Upside Breakout,5.1,11.65,42.25
14462,15-09-2025 14:25,25069.1,25075.5,25068.1,25074.0,7.4,15.93,14.4845,6.3,54.65,0.4645,46.5%,12.7671,0.05%,0.662,0.338,Bullish,Moderate Contraction,34.1,False,Downtrend,Below SMA20,25106.55,25048.75,25.25,32.55,N/A,3,Upside Breakout,7.65,40.2,40.2
14467,15-09-2025 14:50,25088.15,25092.75,25086.35,25089.55,6.4,12.975,9.0657,6.3,37.2,0.4933,49.3%,13.8449,0.06%,0.219,0.781,Bullish,Moderate Contraction,35.1,False,Uptrend,Above SMA20,25114.2,25063.2,26.35,24.65,N/A,5,Downside Breakdown,2.5,28.85,32.45
14471,15-09-2025 15:10,25068.7,25072.1,25064.75,25067.1,7.35,13.41,8.9621,6.4,37.2,0.5481,54.8%,12.584,0.05%,0.218,0.782,Bearish,Mild Contraction,29.4,False,Downtrend,Below SMA20,25114.2,25063.2,3.9,47.1,N/A,1,Downside Breakdown,2.5,54.9,73.3
14481,16-09-2025 09:45,25136.1,25138.1,25131.65,25134.85,6.45,15.415,10.1935,6.55,40.8,0.4184,41.8%,14.4167,0.06%,0.194,0.806,Bearish,Moderate Contraction,40.5,False,Uptrend,Above SMA20,25140.4,25060.7,74.15,5.55,N/A,1,Upside Breakout,13.2,47.0,47.0
14485,16-09-2025 10:05,25169.6,25175.6,25166.95,25172.65,8.65,18.9,9.4505,6.45,40.8,0.4577,45.8%,15.3658,0.06%,0.353,0.647,Bullish,Moderate Contraction,35.7,False,Uptrend,Above SMA20,25181.85,25070.45,102.2,9.2,N/A,,,,13.7,24.85
14490,16-09-2025 10:30,25167.6,25172.05,25164.4,25170.7,7.65,12.92,6.2209,6.45,25.05,0.5921,59.2%,12.3042,0.05%,0.405,0.595,Bullish,Mild Contraction,26.7,False,Uptrend,Above SMA20,25181.85,25125.1,45.6,11.15,N/A,,,,22.9,22.9
14504,16-09-2025 11:40,25171.95,25175.75,25170.1,25170.85,5.65,8.715,1.6938,6.45,11.3,0.6483,64.8%,8.7721,0.03%,0.195,0.805,Bearish,Moderate Contraction,32.0,False,Uptrend,Above SMA20,25177.2,25147.8,23.05,6.35,N/A,1,Upside Breakout,0.85,9.35,30.15
14510,16-09-2025 12:10,25171.75,25173.75,25168.55,25173.25,5.2,9.48,2.9763,5.65,13.6,0.5485,54.9%,9.2731,0.04%,0.288,0.712,Bullish,Moderate Contraction,35.8,False,Uptrend,Above SMA20,25178.05,25159.8,13.45,4.8,N/A,1,Upside Breakout,0.3,29.75,29.75
14517,16-09-2025 12:45,25197.7,25200.35,25195.55,25197.3,4.8,10.975,3.9293,5.2,18.85,0.4374,43.7%,9.619,0.04%,0.083,0.917,Bearish,Strong Contraction,62.9,True,Uptrend,Above SMA20,25203.0,25161.5,35.8,5.7,N/A,16,Downside Breakdown,0.8,21.05,30.05
14528,16-09-2025 13:40,25178.2,25181.65,25175.4,25178.9,6.25,11.555,4.2523,6.85,20.0,0.5409,54.1%,10.6737,0.04%,0.112,0.888,Bullish,Strong Contraction,55.3,True,Downtrend,Below SMA20,25200.75,25167.25,11.65,21.85,N/A,5,Downside Breakdown,6.55,18.2,33.4
14531,16-09-2025 13:55,25169.75,25176.65,25169.3,25175.7,7.35,11.235,4.5562,6.25,20.0,0.6542,65.4%,9.4435,0.04%,0.81,0.19,Bullish,Mild Contraction,22.5,False,Downtrend,Below SMA20,25197.2,25167.25,8.45,21.5,N/A,2,Downside Breakdown,6.55,35.75,54.05
14541,16-09-2025 14:45,25210.6,25216.9,25204.65,25214.15,12.25,18.815,7.3718,7.35,29.0,0.6511,65.1%,16.8591,0.07%,0.29,0.71,Bullish,Mild Contraction,18.7,False,Uptrend,Above SMA20,25229.75,25152.7,61.45,15.6,N/A,3,Upside Breakout,5.25,41.05,110.2
14549,16-09-2025 15:25,25253.95,25261.4,25249.2,25254.45,12.2,23.87,7.2005,12.25,34.35,0.5111,51.1%,20.9659,0.08%,0.041,0.959,Bullish,Moderate Contraction,38.9,False,Uptrend,Above SMA20,25256.85,25190.1,64.35,2.4,N/A,1,Upside Breakout,59.5,83.9,87.7
14555,17-09-2025 09:40,25336.9,25342.15,25331.25,25333.15,10.9,27.06,9.322,12.2,41.0,0.4028,40.3%,24.6976,0.1%,0.344,0.656,Bearish,Moderate Contraction,45.7,False,Uptrend,Above SMA20,25338.35,25220.85,112.3,5.2,N/A,16,Upside Breakout,0.85,22.7,27.7
14558,17-09-2025 09:55,25313.9,25323.95,25311.95,25320.05,12.0,22.76,11.0239,9.25,41.0,0.5272,52.7%,20.5988,0.08%,0.512,0.488,Bullish,Moderate Contraction,30.7,False,Uptrend,Above SMA20,25342.15,25233.2,86.85,22.1,N/A,,,,14.6,14.6
14561,17-09-2025 10:10,25321.85,25324.8,25313.75,25314.15,11.05,18.65,9.8318,7.55,38.1,0.5925,59.2%,17.3773,0.07%,0.697,0.303,Bearish,Mild Contraction,23.7,False,Downtrend,Above SMA20,25342.15,25282.95,31.2,28.0,N/A,,,,14.45,25.05
14564,17-09-2025 10:25,25326.2,25326.75,25317.15,25320.35,9.6,14.075,5.3193,7.55,22.75,0.6821,68.2%,16.2119,0.06%,0.609,0.391,Bearish,Mild Contraction,18.9,False,Downtrend,Above SMA20,25342.15,25305.45,14.9,21.8,N/A,,,,12.15,19.15
14572,17-09-2025 11:05,25333.5,25334.35,25327.3,25332.45,7.05,12.045,5.1425,6.8,21.75,0.5853,58.5%,12.3257,0.05%,0.149,0.851,Bearish,Moderate Contraction,30.5,False,Uptrend,Above SMA20,25339.2,25305.45,27.0,6.75,N/A,2,Upside Breakout,0.3,12.95,14.8
14576,17-09-2025 11:25,25326.4,25327.9,25321.8,25323.5,6.1,10.72,4.0862,7.05,19.95,0.569,56.9%,10.6721,0.04%,0.475,0.525,Bearish,Moderate Contraction,33.1,False,Downtrend,Above SMA20,25339.5,25308.2,15.3,16.0,N/A,13,Upside Breakout,6.9,15.1,15.1
14582,17-09-2025 11:55,25331.15,25334.6,25329.35,25333.8,5.25,9.43,2.2091,6.1,12.9,0.5567,55.7%,9.9427,0.04%,0.505,0.495,Bullish,Moderate Contraction,37.6,False,Uptrend,Above SMA20,25339.5,25317.65,16.15,5.7,N/A,7,Upside Breakout,6.9,15.05,15.05
14591,17-09-2025 12:40,25334.5,25336.55,25330.95,25332.05,5.6,10.425,4.5571,4.8,19.85,0.5372,53.7%,10.2817,0.04%,0.438,0.562,Bearish,Moderate Contraction,31.8,False,Downtrend,Above SMA20,25346.4,25318.75,13.3,14.35,N/A,8,Upside Breakout,0.1,10.05,14.45
14597,17-09-2025 13:10,25333.3,25337.65,25330.45,25335.4,7.2,10.885,4.2144,5.6,19.85,0.6615,66.1%,9.7174,0.04%,0.292,0.708,Bullish,Mild Contraction,20.5,False,Uptrend,Above SMA20,25346.4,25318.75,16.65,11.0,N/A,2,Upside Breakout,0.1,11.1,32.9
14601,17-09-2025 13:30,25332.25,25337.25,25331.1,25333.75,6.15,9.085,2.2679,5.6,13.45,0.6769,67.7%,9.2201,0.04%,0.244,0.756,Bullish,Moderate Contraction,44.6,True,Uptrend,Above SMA20,25346.5,25325.9,7.85,12.75,N/A,2,Downside Breakdown,7.95,25.0,39.4
14616,17-09-2025 14:45,25311.2,25316.4,25308.85,25315.0,7.55,15.665,6.1136,7.9,28.35,0.482,48.2%,13.8988,0.05%,0.503,0.497,Bullish,Strong Contraction,59.1,True,Downtrend,Below SMA20,25320.6,25279.85,35.15,5.6,N/A,1,Upside Breakout,5.05,22.1,133.95
14620,17-09-2025 15:05,25329.45,25331.15,25325.05,25330.6,6.1,13.85,6.8611,6.95,28.35,0.4404,44.0%,11.6256,0.05%,0.189,0.811,Bullish,Moderate Contraction,40.5,False,Uptrend,Above SMA20,25337.1,25279.85,50.75,6.5,N/A,5,Upside Breakout,111.85,118.35,118.35
14631,18-09-2025 09:45,25424.9,25428.6,25416.2,25421.95,12.4,18.97,12.2288,6.85,45.3,0.6537,65.4%,21.3943,0.08%,0.238,0.762,Bearish,Mild Contraction,16.2,False,Uptrend,Above SMA20,25448.95,25321.3,100.65,27.0,N/A,,,,20.6,20.6
14634,18-09-2025 10:00,25415.15,25420.15,25411.35,25414.3,8.8,19.915,11.3991,9.55,45.3,0.4419,44.2%,17.5057,0.07%,0.097,0.903,Bearish,Moderate Contraction,39.6,False,Uptrend,Above SMA20,25448.95,25321.75,92.55,34.65,N/A,,,,12.95,17.5
14637,18-09-2025 10:15,25408.25,25411.65,25402.95,25408.1,8.7,14.925,4.7234,8.8,21.35,0.5829,58.3%,16.4236,0.06%,0.017,0.983,Bearish,Moderate Contraction,33.3,False,Downtrend,Above SMA20,25437.1,25401.35,6.75,29.0,N/A,9,Upside Breakout,5.3,21.7,34.3
14640,18-09-2025 10:30,25418.35,25420.95,25412.45,25417.0,8.5,12.64,4.6341,8.7,21.35,0.6725,67.2%,13.9003,0.05%,0.159,0.841,Bearish,Mild Contraction,26.0,False,Downtrend,Above SMA20,25428.6,25401.35,15.65,11.6,N/A,2,Upside Breakout,1.2,14.8,25.4
14673,18-09-2025 13:15,25361.55,25362.2,25350.85,25360.9,11.35,21.755,9.1117,9.35,40.45,0.5217,52.2%,18.5557,0.07%,0.057,0.943,Bearish,Strong Contraction,52.7,True,Downtrend,Below SMA20,25418.5,25346.85,14.05,57.6,N/A,10,Downside Breakdown,4.75,27.45,28.4
14678,18-09-2025 13:40,25380.75,25384.2,25374.8,25382.6,9.4,18.83,8.9523,11.35,40.45,0.4992,49.9%,16.2997,0.06%,0.197,0.803,Bullish,Moderate Contraction,36.7,False,Downtrend,Below SMA20,25394.3,25346.85,35.75,11.7,N/A,5,Downside Breakdown,4.75,40.5,46.95
14682,18-09-2025 14:00,25362.05,25365.5,25359.4,25363.35,6.1,15.08,4.1091,9.4,22.2,0.4045,40.5%,15.2203,0.06%,0.213,0.787,Bullish,Moderate Contraction,47.8,False,Uptrend,Below SMA20,25389.3,25350.85,12.5,25.95,N/A,1,Downside Breakdown,8.75,27.7,33.6
14685,18-09-2025 14:15,25364.75,25368.4,25357.6,25361.2,10.8,16.425,6.198,6.1,23.8,0.6575,65.8%,16.4615,0.06%,0.329,0.671,Bearish,Mild Contraction,17.9,False,Downtrend,Below SMA20,25389.3,25342.1,19.1,28.1,N/A,1,Downside Breakdown,0.7,31.45,73.5
14690,18-09-2025 14:40,25344.85,25354.7,25341.65,25352.5,13.05,19.035,6.5739,6.1,24.85,0.6856,68.6%,18.3454,0.07%,0.586,0.414,Bullish,Moderate Contraction,34.6,True,Downtrend,Below SMA20,25383.95,25329.75,22.75,31.45,N/A,1,Upside Breakout,3.6,82.2,84.25
14693,18-09-2025 14:55,25390.45,25402.05,25389.1,25393.8,12.95,22.03,6.8785,10.8,36.3,0.5878,58.8%,19.8567,0.08%,0.259,0.741,Bullish,Mild Contraction,29.2,False,Uptrend,Above SMA20,25394.85,25329.75,64.05,1.05,N/A,1,Upside Breakout,27.2,42.95,62.05
14697,18-09-2025 15:15,25423.0,25434.25,25422.35,25434.25,11.9,21.435,7.2333,12.95,36.3,0.5552,55.5%,18.8002,0.07%,0.945,0.055,Bullish,Strong Contraction,54.9,True,Uptrend,Above SMA20,25436.75,25329.75,104.5,2.5,N/A,7,Downside Breakdown,6.85,77.5,111.35
14702,19-09-2025 09:25,25362.6,25368.85,25356.75,25365.0,12.1,23.845,17.6508,10.1,70.15,0.5074,50.7%,23.8625,0.09%,0.198,0.802,Bullish,Moderate Contraction,31.4,False,Downtrend,Below SMA20,25436.75,25357.75,7.25,71.75,N/A,1,Downside Breakdown,26.0,42.1,67.95
14706,19-09-2025 09:45,25341.15,25342.25,25326.7,25337.7,15.55,24.83,17.9747,10.1,70.15,0.6263,62.6%,23.1434,0.09%,0.222,0.778,Bearish,Moderate Contraction,39.4,True,Downtrend,Below SMA20,25436.75,25322.9,14.8,99.05,N/A,2,Downside Breakdown,8.6,40.65,40.65
14710,19-09-2025 10:05,25313.85,25325.05,25312.85,25317.9,12.2,26.465,17.327,10.2,70.15,0.461,46.1%,20.6412,0.08%,0.332,0.668,Bullish,Moderate Contraction,35.3,False,Downtrend,Below SMA20,25428.75,25297.05,20.85,110.85,N/A,20,Downside Breakdown,6.6,27.35,27.35
14716,19-09-2025 10:35,25321.1,25326.95,25318.35,25323.85,8.6,16.835,6.6086,8.45,27.55,0.5108,51.1%,17.6859,0.07%,0.32,0.68,Bullish,Moderate Contraction,36.7,False,Downtrend,Below SMA20,25346.15,25297.05,26.8,22.3,N/A,14,Downside Breakdown,6.6,17.85,22.25
14719,19-09-2025 10:50,25320.15,25324.15,25318.0,25323.1,6.15,14.22,6.4889,8.45,27.55,0.4325,43.2%,14.2322,0.06%,0.48,0.52,Bullish,Moderate Contraction,41.5,False,Uptrend,Below SMA20,25345.25,25297.05,26.05,22.15,N/A,11,Downside Breakdown,6.6,21.5,22.65
14724,19-09-2025 11:15,25310.1,25310.8,25304.75,25308.05,6.05,12.775,6.6724,6.15,27.55,0.4736,47.4%,13.0703,0.05%,0.339,0.661,Bearish,Moderate Contraction,38.0,False,Downtrend,Below SMA20,25345.25,25301.6,6.45,37.2,N/A,5,Downside Breakdown,1.15,20.25,21.75
14727,19-09-2025 11:30,25316.3,25318.6,25311.35,25312.9,7.25,10.54,4.4407,6.05,21.85,0.6879,68.8%,11.6416,0.05%,0.469,0.531,Bearish,Mild Contraction,19.1,False,Downtrend,Below SMA20,25324.7,25301.6,11.3,11.8,N/A,2,Upside Breakout,3.6,24.0,26.6
14732,19-09-2025 11:55,25298.55,25302.0,25294.9,25300.15,7.1,13.015,7.0917,6.05,27.85,0.5455,54.6%,12.6754,0.05%,0.225,0.775,Bullish,Strong Contraction,50.0,True,Downtrend,Below SMA20,25328.3,25288.9,11.25,28.15,N/A,1,Downside Breakdown,0.65,13.85,13.85
14739,19-09-2025 12:30,25297.25,25300.0,25290.4,25293.95,9.6,15.04,6.0591,7.1,27.85,0.6383,63.8%,13.3123,0.05%,0.344,0.656,Bearish,Mild Contraction,21.7,False,Downtrend,Below SMA20,25328.3,25286.3,7.65,34.35,N/A,7,Upside Breakout,0.55,19.35,42.55
14746,19-09-2025 13:05,25323.35,25328.85,25321.25,25323.0,7.6,12.935,6.0266,4.1,23.75,0.5876,58.8%,12.419,0.05%,0.046,0.954,Bearish,Mild Contraction,22.9,False,Uptrend,Above SMA20,25324.6,25287.9,35.1,1.6,N/A,1,Upside Breakout,8.15,24.5,36.05
14749,19-09-2025 13:20,25334.1,25336.5,25329.65,25336.45,6.85,10.805,5.6424,4.1,23.75,0.634,63.4%,10.9274,0.04%,0.343,0.657,Bullish,Mild Contraction,19.1,False,Uptrend,Above SMA20,25336.15,25287.9,48.55,-0.3,N/A,1,Upside Breakout,11.35,22.6,23.1
14753,19-09-2025 13:40,25338.95,25345.35,25337.1,25340.4,8.25,13.925,8.1531,6.3,31.4,0.5925,59.2%,13.0325,0.05%,0.176,0.824,Bullish,Mild Contraction,24.5,False,Uptrend,Above SMA20,25359.05,25287.9,52.5,18.65,N/A,4,Upside Breakout,0.5,19.15,19.6
14762,19-09-2025 14:25,25332.0,25335.8,25326.3,25330.5,9.5,14.36,7.5577,8.25,31.4,0.6616,66.2%,12.8464,0.05%,0.158,0.842,Bearish,Mild Contraction,21.3,False,Downtrend,Below SMA20,25360.0,25327.65,2.85,29.5,N/A,1,Downside Breakdown,3.95,28.6,29.9
14773,19-09-2025 15:20,25333.95,25335.65,25328.1,25332.35,7.55,15.845,10.8287,5.55,44.65,0.4765,47.6%,14.8839,0.06%,0.212,0.788,Bearish,Moderate Contraction,32.7,False,Downtrend,Below SMA20,25360.4,25306.1,26.25,28.05,N/A,2,Downside Breakdown,94.5,120.75,120.75
14779,22-09-2025 09:35,25302.0,25315.6,25298.95,25313.45,16.65,25.815,14.467,7.55,52.75,0.645,64.5%,28.6733,0.11%,0.688,0.312,Bullish,Moderate Contraction,36.3,True,Downtrend,Below SMA20,25360.4,25211.6,101.85,46.95,N/A,,,,28.25,28.25
14783,22-09-2025 09:55,25304.85,25318.9,25304.6,25317.0,14.3,25.56,12.4378,7.55,52.75,0.5595,55.9%,25.5422,0.1%,0.85,0.15,Bullish,Mild Contraction,25.1,False,Downtrend,Below SMA20,25359.0,25211.6,105.4,42.0,N/A,,,,19.1,19.1
14786,22-09-2025 10:10,25320.15,25322.1,25310.4,25311.95,11.7,20.33,7.9875,9.75,34.65,0.5755,57.6%,20.6256,0.08%,0.701,0.299,Bearish,Mild Contraction,28.8,False,Uptrend,Below SMA20,25331.7,25247.55,64.4,19.75,N/A,,,,14.05,14.05
14790,22-09-2025 10:30,25314.3,25322.2,25312.75,25316.4,9.45,15.615,6.9218,8.4,32.15,0.6052,60.5%,16.562,0.07%,0.222,0.778,Bullish,Mild Contraction,27.0,False,Uptrend,Above SMA20,25331.7,25285.2,31.2,15.3,N/A,10,Downside Breakdown,12.25,18.0,43.45
14797,22-09-2025 11:05,25300.2,25301.8,25294.15,25297.4,7.65,11.085,2.6826,6.85,14.15,0.6901,69.0%,12.6975,0.05%,0.366,0.634,Bearish,Mild Contraction,23.2,False,Downtrend,Below SMA20,25322.2,25297.9,-0.5,24.8,N/A,1,Downside Breakdown,6.75,29.2,30.5
14812,22-09-2025 12:20,25290.95,25297.65,25288.0,25291.15,9.65,14.0,3.7552,8.85,22.2,0.6893,68.9%,13.2309,0.05%,0.021,0.979,Bullish,Mild Contraction,23.3,False,Uptrend,Below SMA20,25300.05,25266.9,24.25,8.9,N/A,3,Upside Breakout,1.6,19.35,26.15
14821,22-09-2025 13:05,25309.8,25312.9,25305.6,25306.75,7.3,11.655,3.2349,5.85,16.75,0.6263,62.6%,11.8465,0.05%,0.418,0.582,Bearish,Mild Contraction,25.9,False,Uptrend,Above SMA20,25317.3,25283.35,23.4,10.55,N/A,3,Downside Breakdown,6.2,38.6,52.15
14828,22-09-2025 13:40,25278.85,25284.1,25277.35,25277.35,6.75,14.435,4.7706,7.3,21.5,0.4676,46.8%,13.1287,0.05%,0.222,0.778,Bearish,Moderate Contraction,41.3,False,Downtrend,Below SMA20,25317.3,25268.15,9.2,39.95,N/A,3,Downside Breakdown,13.55,26.3,52.8
14834,22-09-2025 14:10,25270.15,25278.6,25269.25,25276.5,9.35,16.69,8.8178,6.75,38.2,0.5602,56.0%,16.0228,0.06%,0.679,0.321,Bullish,Mild Contraction,26.9,False,Downtrend,Below SMA20,25292.15,25251.05,25.45,15.65,N/A,3,Downside Breakdown,16.5,69.5,125.45
14846,22-09-2025 15:10,25195.05,25203.8,25194.7,25195.55,9.1,24.85,7.8093,10.8,35.55,0.3662,36.6%,21.3286,0.08%,0.055,0.945,Bullish,Strong Contraction,69.2,True,Downtrend,Below SMA20,25272.65,25151.05,44.5,77.1,N/A,9,Downside Breakdown,17.15,55.3,76.35
14849,22-09-2025 15:25,25209.65,25210.7,25198.5,25200.2,12.2,22.055,9.6604,9.1,35.55,0.5532,55.3%,17.8288,0.07%,0.775,0.225,Bearish,Mild Contraction,28.7,False,Downtrend,Below SMA20,25224.55,25151.05,49.15,24.35,N/A,1,Upside Breakout,26.3,50.65,90.15
14859,23-09-2025 10:00,25141.3,25153.2,25136.8,25152.7,16.4,29.705,10.4018,12.2,44.85,0.5521,55.2%,25.5387,0.1%,0.695,0.305,Bullish,Moderate Contraction,30.0,False,Downtrend,Below SMA20,25250.85,25110.05,42.65,98.15,N/A,14,Downside Breakdown,13.7,41.7,41.7
14865,23-09-2025 10:30,25129.25,25132.6,25117.65,25122.65,14.95,24.07,7.976,16.4,44.85,0.6211,62.1%,22.1556,0.09%,0.441,0.559,Bearish,Strong Contraction,50.2,True,Downtrend,Below SMA20,25178.75,25110.05,12.6,56.1,N/A,8,Downside Breakdown,13.7,16.05,38.0
14869,23-09-2025 10:50,25126.9,25130.15,25117.7,25125.2,12.45,18.115,4.2594,10.55,25.1,0.6873,68.7%,18.5842,0.07%,0.137,0.863,Bearish,Mild Contraction,22.4,False,Downtrend,Below SMA20,25163.9,25111.0,14.2,38.7,N/A,4,Downside Breakdown,14.65,39.4,40.55
14877,23-09-2025 11:30,25099.8,25101.65,25093.55,25095.2,8.1,15.59,5.3126,10.55,29.45,0.5196,52.0%,16.0928,0.06%,0.568,0.432,Bearish,Moderate Contraction,37.4,False,Downtrend,Below SMA20,25139.15,25084.65,10.55,43.95,N/A,8,Upside Breakout,3.45,31.9,53.6
14880,23-09-2025 11:45,25105.2,25112.8,25104.0,25108.45,8.8,16.11,5.8645,8.1,29.45,0.5462,54.6%,15.4124,0.06%,0.369,0.631,Bullish,Moderate Contraction,33.3,False,Downtrend,Below SMA20,25139.15,25084.65,23.8,30.7,N/A,5,Upside Breakout,3.45,34.15,113.3
14883,23-09-2025 12:00,25113.2,25121.7,25111.35,25114.8,10.35,15.175,6.4144,8.1,29.45,0.682,68.2%,14.6519,0.06%,0.155,0.845,Bullish,Mild Contraction,18.4,False,Uptrend,Above SMA20,25127.1,25084.65,30.15,12.3,N/A,1,Upside Breakout,5.75,43.85,109.0
14894,23-09-2025 12:55,25189.55,25193.5,25178.4,25183.75,15.1,23.69,9.1491,15.45,39.15,0.6374,63.7%,21.3505,0.08%,0.384,0.616,Bearish,Moderate Contraction,48.3,True,Uptrend,Above SMA20,25223.8,25113.8,69.95,40.05,N/A,7,Upside Breakout,20.45,26.15,60.5
14897,23-09-2025 13:10,25196.7,25204.1,25193.0,25197.9,11.1,25.05,8.8929,15.1,39.15,0.4431,44.3%,20.8037,0.08%,0.108,0.892,Bullish,Moderate Contraction,42.5,False,Uptrend,Above SMA20,25223.8,25133.35,64.55,25.9,N/A,4,Upside Breakout,20.45,46.35,46.35
14903,23-09-2025 13:40,25218.75,25227.6,25213.6,25220.0,14.0,20.135,9.3386,7.95,36.25,0.6953,69.5%,21.0285,0.08%,0.089,0.911,Bullish,Mild Contraction,13.6,False,Uptrend,Above SMA20,25244.25,25178.3,41.7,24.25,N/A,5,Upside Breakout,17.65,41.9,41.9
14912,23-09-2025 14:25,25223.35,25223.35,25203.8,25211.35,19.55,28.595,13.3056,11.85,53.9,0.6837,68.4%,28.4154,0.11%,0.614,0.386,Bearish,Moderate Contraction,35.1,True,Downtrend,Below SMA20,25261.9,25179.6,31.75,50.55,N/A,5,Downside Breakdown,5.65,37.4,60.4
14918,23-09-2025 14:55,25181.4,25195.25,25173.5,25184.15,21.75,33.635,11.6209,16.5,53.9,0.6466,64.7%,28.631,0.11%,0.126,0.874,Bullish,Mild Contraction,22.0,False,Downtrend,Below SMA20,25261.9,25173.95,10.2,77.75,N/A,1,Downside Breakdown,5.7,33.2,130.35
14923,23-09-2025 15:20,25169.3,25171.55,25161.6,25166.75,9.95,27.405,8.9777,16.5,41.8,0.3631,36.3%,24.9306,0.1%,0.256,0.744,Bearish,Moderate Contraction,49.0,False,Downtrend,Below SMA20,25236.25,25150.95,15.8,69.5,N/A,2,Downside Breakdown,63.2,112.95,117.3
14929,24-09-2025 09:35,25069.0,25077.65,25062.15,25073.6,15.5,27.66,14.0181,9.95,62.1,0.5604,56.0%,29.648,0.12%,0.297,0.703,Bullish,Mild Contraction,26.0,False,Downtrend,Below SMA20,25195.4,25053.8,19.8,121.8,N/A,1,Downside Breakdown,4.35,30.3,40.5
14932,24-09-2025 09:50,25076.65,25082.4,25069.25,25077.2,13.15,26.06,14.0638,9.95,62.1,0.5046,50.5%,26.5916,0.11%,0.042,0.958,Bullish,Moderate Contraction,31.8,False,Downtrend,Below SMA20,25185.8,25049.45,27.75,108.6,N/A,14,Downside Breakdown,3.8,35.45,36.9
14935,24-09-2025 10:05,25096.75,25107.95,25096.45,25104.1,11.5,26.08,13.8404,13.15,62.1,0.441,44.1%,22.9781,0.09%,0.639,0.361,Bullish,Moderate Contraction,40.1,False,Uptrend,Below SMA20,25149.85,25049.45,54.65,45.75,N/A,11,Downside Breakdown,3.8,13.8,38.3
14938,24-09-2025 10:20,25105.45,25114.1,25100.4,25100.4,13.7,19.605,5.7523,11.5,30.0,0.6988,69.9%,20.9264,0.08%,0.369,0.631,Bearish,Mild Contraction,19.8,False,Uptrend,Below SMA20,25112.65,25049.45,50.95,12.25,N/A,8,Downside Breakdown,3.8,31.75,72.95
14941,24-09-2025 10:35,25095.5,25097.9,25088.85,25093.4,9.05,16.67,4.9211,11.5,27.0,0.5429,54.3%,17.506,0.07%,0.232,0.768,Bearish,Moderate Contraction,36.7,False,Uptrend,Below SMA20,25114.1,25051.6,41.8,20.7,N/A,5,Downside Breakdown,5.95,47.75,65.95
14949,24-09-2025 11:15,25053.1,25062.45,25051.6,25056.55,10.85,17.145,9.0273,8.75,32.4,0.6328,63.3%,18.7785,0.07%,0.318,0.682,Bullish,Moderate Contraction,42.3,True,Downtrend,Below SMA20,25108.75,25027.45,29.1,52.2,N/A,16,Upside Breakout,2.75,21.45,25.55
14952,24-09-2025 11:30,25063.8,25070.7,25061.8,25065.7,8.9,16.7,9.4367,6.35,32.4,0.5329,53.3%,15.4565,0.06%,0.213,0.787,Bullish,Mild Contraction,28.8,False,Downtrend,Below SMA20,25095.9,25027.45,38.25,30.2,N/A,9,Upside Breakout,1.5,16.4,38.95
14961,24-09-2025 12:15,25091.3,25097.4,25090.95,25095.55,6.45,13.62,4.9331,8.65,25.3,0.4736,47.4%,14.38,0.06%,0.659,0.341,Bullish,Moderate Contraction,40.2,False,Uptrend,Above SMA20,25093.25,25052.6,42.95,-2.3,N/A,1,Upside Breakout,11.4,15.95,29.9
14975,24-09-2025 13:25,25130.05,25134.3,25125.25,25133.0,9.05,13.135,2.8956,9.4,16.95,0.689,68.9%,12.8864,0.05%,0.326,0.674,Bullish,Moderate Contraction,47.7,True,Uptrend,Above SMA20,25142.05,25085.6,47.4,9.05,N/A,12,Downside Breakdown,0.9,19.95,37.0
14982,24-09-2025 14:00,25113.55,25119.45,25110.4,25115.25,9.05,14.485,4.9715,9.05,24.25,0.6248,62.5%,14.1386,0.06%,0.188,0.812,Bullish,Mild Contraction,29.8,False,Downtrend,Below SMA20,25142.05,25111.85,3.4,26.8,N/A,1,Downside Breakdown,8.85,30.55,64.1
14987,24-09-2025 14:25,25087.55,25093.35,25084.7,25089.2,8.65,15.895,5.1373,9.05,24.25,0.5442,54.4%,14.8365,0.06%,0.191,0.809,Bullish,Moderate Contraction,36.0,False,Downtrend,Below SMA20,25140.65,25085.85,3.35,51.45,N/A,1,Downside Breakdown,14.05,38.05,49.65
14991,24-09-2025 14:45,25065.5,25071.55,25061.1,25066.15,10.45,20.6,10.8398,8.65,45.75,0.5073,50.7%,19.8321,0.08%,0.062,0.938,Bullish,Moderate Contraction,32.7,False,Downtrend,Below SMA20,25136.1,25051.15,15.0,69.95,N/A,2,Downside Breakdown,10.05,26.6,62.25
14995,24-09-2025 15:05,25065.15,25070.2,25057.95,25064.15,12.25,21.765,11.4198,8.65,45.75,0.5628,56.3%,19.6192,0.08%,0.082,0.918,Bearish,Mild Contraction,26.5,False,Downtrend,Below SMA20,25116.4,25039.55,24.6,52.25,N/A,5,Downside Breakdown,35.65,60.25,60.25
14998,24-09-2025 15:20,25057.65,25066.35,25056.8,25066.35,9.55,20.52,11.8655,9.15,45.75,0.4654,46.5%,16.5877,0.07%,0.911,0.089,Bullish,Moderate Contraction,37.3,False,Downtrend,Below SMA20,25101.85,25039.55,26.8,35.5,N/A,2,Downside Breakdown,35.65,62.45,62.45
15008,25-09-2025 09:55,25046.3,25060.2,25045.05,25054.35,15.15,27.75,12.7771,8.75,50.85,0.5459,54.6%,24.3166,0.1%,0.531,0.469,Bullish,Mild Contraction,27.0,False,Downtrend,Below SMA20,25092.7,25003.9,50.45,38.35,N/A,9,Downside Breakdown,1.55,24.85,54.85
15011,25-09-2025 10:10,25038.2,25044.05,25029.5,25031.7,14.55,25.86,8.1988,13.65,36.1,0.5626,56.3%,21.4947,0.09%,0.447,0.553,Bearish,Moderate Contraction,33.3,False,Downtrend,Below SMA20,25092.7,25030.4,1.3,61.0,N/A,5,Downside Breakdown,24.2,25.5,32.2
15014,25-09-2025 10:25,25042.7,25047.0,25037.25,25043.55,9.75,20.34,6.5476,13.65,32.65,0.4794,47.9%,18.846,0.08%,0.087,0.913,Bullish,Moderate Contraction,40.7,False,Downtrend,Below SMA20,25082.6,25029.5,14.05,39.05,N/A,2,Downside Breakdown,23.3,44.05,44.05
15018,25-09-2025 10:45,25007.65,25011.5,24999.5,25009.75,12.0,17.345,5.8963,9.75,31.65,0.6918,69.2%,18.8699,0.08%,0.175,0.825,Bullish,Mild Contraction,19.1,False,Downtrend,Below SMA20,25060.2,25002.35,7.4,50.45,N/A,11,Downside Breakdown,17.25,23.25,35.15
15024,25-09-2025 11:15,25027.1,25031.45,25023.2,25025.1,8.25,16.02,6.491,9.75,31.65,0.515,51.5%,15.8307,0.06%,0.242,0.758,Bearish,Moderate Contraction,36.6,False,Downtrend,Below SMA20,25053.8,24999.5,25.6,28.7,N/A,5,Downside Breakdown,14.4,40.0,60.0
15028,25-09-2025 11:35,25019.35,25021.8,25012.5,25014.15,9.3,14.81,4.5476,8.25,21.4,0.628,62.8%,15.6392,0.06%,0.559,0.441,Bearish,Mild Contraction,27.0,False,Uptrend,Below SMA20,25044.9,24999.5,14.65,30.75,N/A,1,Downside Breakdown,14.4,40.1,49.05
15039,25-09-2025 12:30,24983.05,24985.3,24973.45,24979.5,11.85,18.775,5.5563,12.05,29.35,0.6312,63.1%,17.1028,0.07%,0.3,0.7,Bearish,Moderate Contraction,30.2,False,Downtrend,Below SMA20,25014.45,24965.1,14.4,34.95,N/A,2,Downside Breakdown,5.55,19.95,30.9
15050,25-09-2025 13:25,24972.9,24977.05,24964.95,24976.0,12.1,20.315,7.303,11.8,34.05,0.5956,59.6%,19.6966,0.08%,0.256,0.744,Bullish,Moderate Contraction,30.9,False,Downtrend,Below SMA20,25010.4,24959.55,16.45,34.4,N/A,9,Downside Breakdown,10.5,28.05,28.05
15053,25-09-2025 13:40,24982.8,24993.3,24980.15,24992.9,13.15,19.225,6.5736,12.1,34.05,0.684,68.4%,18.4004,0.07%,0.768,0.232,Bullish,Mild Contraction,22.6,False,Uptrend,Above SMA20,25010.4,24964.95,27.95,17.5,N/A,5,Downside Breakdown,0.9,28.85,45.65
15063,25-09-2025 14:30,24957.1,24959.7,24947.25,24948.35,12.45,18.51,6.1207,12.95,31.2,0.6726,67.3%,18.5453,0.07%,0.703,0.297,Bearish,Mild Contraction,26.5,False,Downtrend,Below SMA20,25004.05,24949.05,-0.7,55.7,N/A,1,Downside Breakdown,16.25,34.3,70.05
15070,25-09-2025 15:05,24887.35,24889.6,24878.3,24881.45,11.3,24.215,9.9329,12.45,43.45,0.4667,46.7%,22.754,0.09%,0.522,0.478,Bearish,Moderate Contraction,39.8,False,Downtrend,Below SMA20,24984.75,24884.25,-2.8,103.3,N/A,1,Downside Breakdown,4.95,72.4,122.45
15080,26-09-2025 09:40,24779.5,24787.05,24773.2,24781.9,13.85,27.075,13.55,11.3,59.55,0.5115,51.2%,28.2343,0.11%,0.173,0.827,Bullish,Moderate Contraction,32.4,False,Downtrend,Below SMA20,24905.75,24759.0,22.9,123.85,N/A,19,Downside Breakdown,4.15,44.3,44.3
15086,26-09-2025 10:10,24783.25,24785.15,24774.75,24780.5,10.4,26.435,8.003,13.85,40.15,0.3934,39.3%,24.5981,0.1%,0.264,0.736,Bearish,Strong Contraction,67.5,True,Downtrend,Below SMA20,24826.85,24759.0,21.5,46.35,N/A,13,Downside Breakdown,4.15,27.75,27.75
15090,26-09-2025 10:30,24794.95,24797.25,24784.0,24791.75,13.25,21.41,7.9211,10.4,40.15,0.6189,61.9%,21.4841,0.09%,0.242,0.758,Bearish,Mild Contraction,24.6,False,Uptrend,Below SMA20,24826.2,24771.05,20.7,34.45,N/A,6,Downside Breakdown,3.4,13.95,40.75
15104,26-09-2025 11:40,24745.6,24752.4,24741.9,24751.25,10.5,16.075,2.9232,13.4,22.2,0.6532,65.3%,16.0199,0.06%,0.538,0.462,Bullish,Moderate Contraction,32.2,False,Downtrend,Below SMA20,24805.7,24742.0,9.25,54.45,N/A,1,Downside Breakdown,4.45,29.6,30.85
15110,26-09-2025 12:10,24762.95,24768.35,24759.3,24764.3,9.05,16.91,3.9354,10.5,22.2,0.5352,53.5%,16.1436,0.07%,0.149,0.851,Bullish,Moderate Contraction,39.4,False,Uptrend,Below SMA20,24780.85,24737.55,26.75,16.55,N/A,3,Upside Breakout,1.25,17.8,31.0
15116,26-09-2025 12:40,24767.5,24776.15,24765.8,24774.2,10.35,16.085,4.8964,9.05,24.4,0.6435,64.3%,15.3371,0.06%,0.647,0.353,Bullish,Mild Contraction,25.4,False,Uptrend,Above SMA20,24782.1,24749.05,25.15,7.9,N/A,1,Upside Breakout,6.25,21.1,69.8
15121,26-09-2025 13:05,24780.95,24786.8,24777.45,24780.35,9.35,16.11,4.9466,10.35,24.4,0.5804,58.0%,15.3856,0.06%,0.064,0.936,Bearish,Moderate Contraction,33.7,False,Uptrend,Above SMA20,24795.3,24753.3,27.05,14.95,N/A,2,Downside Breakdown,10.2,75.95,120.85
15125,26-09-2025 13:25,24741.55,24743.4,24732.4,24735.45,11.0,16.705,5.247,9.35,25.05,0.6585,65.8%,16.3342,0.07%,0.555,0.445,Bearish,Mild Contraction,23.3,False,Downtrend,Below SMA20,24795.3,24735.95,-0.5,59.85,N/A,1,Downside Breakdown,31.55,59.0,98.1
15128,26-09-2025 13:40,24712.5,24722.95,24710.6,24713.1,12.35,18.74,7.2534,9.35,33.1,0.659,65.9%,17.8825,0.07%,0.049,0.951,Bullish,Mild Contraction,20.4,False,Downtrend,Below SMA20,24795.3,24703.35,9.75,82.2,N/A,2,Downside Breakdown,26.9,74.7,83.65
15134,26-09-2025 14:10,24658.05,24666.45,24652.75,24663.55,13.7,22.9,10.1011,11.0,38.6,0.5983,59.8%,21.1424,0.09%,0.401,0.599,Bullish,Moderate Contraction,45.8,True,Downtrend,Below SMA20,24755.6,24638.4,25.15,92.05,N/A,1,Downside Breakdown,1.05,34.1,34.1
15145,26-09-2025 15:05,24654.15,24659.8,24644.9,24646.3,14.9,23.625,8.157,16.05,44.3,0.6307,63.1%,22.6836,0.09%,0.527,0.473,Bearish,Mild Contraction,29.3,False,Downtrend,Below SMA20,24674.65,24629.45,16.85,28.35,N/A,5,Upside Breakout,69.1,97.45,105.9
15149,26-09-2025 15:25,24661.25,24674.55,24660.25,24673.1,14.3,20.635,9.5895,11.95,44.3,0.693,69.3%,18.8739,0.08%,0.829,0.171,Bullish,Mild Contraction,18.3,False,Uptrend,Above SMA20,24674.65,24630.35,42.75,1.55,N/A,1,Upside Breakout,69.1,70.65,94.4
15154,29-09-2025 09:35,24727.25,24740.3,24725.6,24736.05,14.7,26.395,19.4941,11.95,75.6,0.5569,55.7%,25.948,0.1%,0.599,0.401,Bullish,Moderate Contraction,47.4,True,Uptrend,Above SMA20,24743.75,24634.8,101.25,7.7,N/A,1,Upside Breakout,8.45,31.45,55.25
15158,29-09-2025 09:55,24755.0,24765.35,24754.75,24758.1,10.6,27.585,18.604,14.3,75.6,0.3843,38.4%,22.4672,0.09%,0.292,0.708,Bullish,Moderate Contraction,42.6,False,Uptrend,Above SMA20,24757.5,24651.6,106.5,-0.6,N/A,1,Upside Breakout,10.0,33.2,33.2
15171,29-09-2025 11:00,24743.95,24757.15,24743.95,24757.15,13.2,20.395,4.8909,14.25,30.0,0.6472,64.7%,19.651,0.08%,1.0,0.0,Bullish,Moderate Contraction,30.4,False,Downtrend,Above SMA20,24791.3,24725.1,32.05,34.15,N/A,6,Downside Breakdown,19.85,24.9,113.65
15174,29-09-2025 11:15,24741.2,24742.45,24732.75,24737.5,9.7,18.445,4.8328,9.6,24.0,0.5259,52.6%,17.358,0.07%,0.381,0.619,Bearish,Moderate Contraction,38.8,False,Downtrend,Below SMA20,24787.2,24725.1,12.4,49.7,N/A,3,Downside Breakdown,19.85,83.15,95.3
15185,29-09-2025 12:10,24643.6,24646.45,24633.2,24641.7,13.25,23.51,11.2702,6.85,46.75,0.5636,56.4%,21.3172,0.09%,0.143,0.857,Bearish,Mild Contraction,24.7,False,Downtrend,Below SMA20,24742.65,24642.2,-0.5,100.95,N/A,1,Downside Breakdown,2.8,26.05,40.7
15188,29-09-2025 12:25,24652.95,24664.35,24650.95,24658.55,13.4,24.975,9.1967,13.25,46.75,0.5365,53.7%,20.8137,0.08%,0.418,0.582,Bullish,Moderate Contraction,35.4,False,Downtrend,Below SMA20,24707.05,24633.2,25.35,48.5,N/A,2,Downside Breakdown,14.8,52.35,52.35
15191,29-09-2025 12:40,24617.7,24622.1,24609.75,24613.5,12.35,22.345,6.7401,13.25,35.55,0.5527,55.3%,21.3567,0.09%,0.34,0.66,Bearish,Moderate Contraction,35.8,False,Downtrend,Below SMA20,24676.15,24618.4,-4.9,62.65,N/A,1,Downside Breakdown,12.2,68.9,105.4
15201,29-09-2025 13:30,24700.6,24718.9,24700.55,24715.65,18.35,29.195,12.3995,12.35,51.2,0.6285,62.9%,27.1563,0.11%,0.82,0.18,Bullish,Mild Contraction,21.3,False,Uptrend,Above SMA20,24705.3,24606.2,109.45,-10.35,N/A,1,Upside Breakout,14.95,42.4,42.4
15205,29-09-2025 13:50,24698.8,24706.85,24691.0,24695.65,15.85,31.33,13.5523,9.65,51.2,0.5059,50.6%,25.8582,0.1%,0.199,0.801,Bearish,Moderate Contraction,31.1,False,Uptrend,Above SMA20,24720.25,24630.9,64.75,24.6,N/A,2,Upside Breakout,16.55,42.7,50.25
15208,29-09-2025 14:05,24735.5,24738.35,24722.95,24723.65,15.4,25.515,9.9051,9.65,46.1,0.6036,60.4%,24.7918,0.1%,0.769,0.231,Bearish,Mild Contraction,23.4,False,Uptrend,Above SMA20,24736.8,24656.8,66.85,13.15,N/A,3,Upside Breakout,9.1,22.25,51.25
15218,29-09-2025 14:55,24684.35,24692.35,24679.9,24685.55,12.45,19.245,5.8067,12.95,33.55,0.6469,64.7%,20.1035,0.08%,0.096,0.904,Bullish,Moderate Contraction,48.9,True,Downtrend,Below SMA20,24745.9,24672.4,13.15,60.35,N/A,1,Downside Breakdown,56.9,71.4,71.4
15229,30-09-2025 09:35,24675.55,24675.65,24650.85,24655.25,24.8,35.805,15.9176,16.55,67.8,0.6926,69.3%,32.2355,0.13%,0.819,0.181,Bearish,Mild Contraction,15.3,False,Uptrend,Below SMA20,24731.8,24614.15,41.1,76.55,N/A,12,Downside Breakdown,20.2,23.75,36.3
15232,30-09-2025 09:50,24666.1,24667.95,24652.7,24658.85,15.25,33.275,9.738,16.95,50.0,0.4583,45.8%,28.8503,0.12%,0.475,0.525,Bearish,Moderate Contraction,43.1,False,Uptrend,Below SMA20,24731.8,24619.45,39.4,72.95,N/A,7,Downside Breakdown,0.5,25.45,64.9
15236,30-09-2025 10:10,24645.4,24645.55,24633.4,24636.7,12.15,28.305,11.0054,13.5,50.0,0.4293,42.9%,24.6842,0.1%,0.716,0.284,Bearish,Moderate Contraction,42.8,False,Downtrend,Below SMA20,24731.8,24636.0,0.7,95.1,N/A,1,Downside Breakdown,0.1,42.75,42.75
15240,30-09-2025 10:30,24624.0,24627.6,24622.0,24626.05,5.6,20.365,7.1325,12.15,29.85,0.275,27.5%,20.6542,0.08%,0.366,0.634,Bullish,Strong Contraction,54.6,False,Downtrend,Below SMA20,24679.0,24618.95,7.1,52.95,N/A,1,Downside Breakdown,25.0,32.1,57.45
15247,30-09-2025 11:05,24657.45,24664.45,24653.5,24663.15,10.95,19.855,8.1393,5.6,32.8,0.5515,55.1%,19.9231,0.08%,0.521,0.479,Bullish,Mild Contraction,26.5,False,Uptrend,Above SMA20,24658.85,24593.95,69.2,-4.3,N/A,1,Upside Breakout,11.85,26.2,35.45
15251,30-09-2025 11:25,24648.45,24648.75,24636.95,24647.15,11.8,20.355,9.9787,8.3,38.35,0.5797,58.0%,19.0068,0.08%,0.11,0.89,Bearish,Mild Contraction,25.4,False,Uptrend,Above SMA20,24683.5,24593.95,53.2,36.35,N/A,,,,27.2,27.2
15255,30-09-2025 11:45,24642.45,24651.9,24640.4,24646.3,11.5,16.835,8.7595,8.3,38.35,0.6831,68.3%,17.2137,0.07%,0.335,0.665,Bullish,Mild Contraction,16.5,False,Uptrend,Above SMA20,24683.5,24627.65,18.65,37.2,N/A,3,Downside Breakdown,2.05,20.7,37.15
15268,30-09-2025 12:50,24652.85,24664.0,24651.55,24662.1,12.45,18.19,4.1811,11.6,24.65,0.6844,68.4%,16.7792,0.07%,0.743,0.257,Bullish,Moderate Contraction,45.2,True,Uptrend,Above SMA20,24683.45,24625.6,36.5,21.35,N/A,13,Downside Breakdown,1.85,17.95,34.7
15278,30-09-2025 13:40,24637.55,24640.7,24630.45,24637.8,10.25,17.3,3.3617,12.45,22.55,0.5925,59.2%,16.9874,0.07%,0.024,0.976,Bullish,Moderate Contraction,36.6,False,Downtrend,Below SMA20,24680.05,24627.4,10.4,42.25,N/A,3,Downside Breakdown,3.65,14.05,50.1
15290,30-09-2025 14:40,24632.9,24644.6,24632.9,24640.3,11.7,24.95,10.0539,14.6,44.95,0.4689,46.9%,23.041,0.09%,0.632,0.368,Bullish,Moderate Contraction,39.8,False,Uptrend,Above SMA20,24652.8,24587.7,52.6,12.5,N/A,1,Upside Breakout,1.2,42.15,42.15
15293,30-09-2025 14:55,24630.45,24640.95,24622.85,24632.5,18.1,28.395,12.4827,11.7,50.35,0.6374,63.7%,25.0142,0.1%,0.113,0.887,Bullish,Mild Contraction,20.0,False,Uptrend,Above SMA20,24654.0,24587.7,44.8,21.5,N/A,7,Upside Breakout,7.85,34.35,34.45
15296,30-09-2025 15:10,24608.4,24615.85,24603.95,24614.85,11.9,26.51,12.5119,11.7,50.35,0.4489,44.9%,22.2761,0.09%,0.542,0.458,Bullish,Moderate Contraction,39.9,False,Downtrend,Below SMA20,24654.0,24587.7,27.15,39.15,N/A,4,Upside Breakout,7.85,47.0,79.2
15303,01-10-2025 09:30,24652.2,24666.95,24651.8,24663.65,15.15,21.66,10.6313,8.55,42.25,0.6994,69.9%,23.2611,0.09%,0.756,0.244,Bullish,Moderate Contraction,33.0,True,Uptrend,Above SMA20,24661.85,24598.15,65.5,-1.8,N/A,1,Upside Breakout,11.2,30.4,45.95
15308,01-10-2025 09:55,24673.55,24680.75,24668.15,24673.8,12.6,24.06,10.7906,8.55,42.25,0.5237,52.4%,22.1068,0.09%,0.02,0.98,Bullish,Moderate Contraction,30.2,False,Uptrend,Above SMA20,24694.05,24605.15,68.65,20.25,N/A,8,Upside Breakout,1.35,56.1,56.1
15311,01-10-2025 10:10,24649.7,24665.65,24647.1,24659.95,18.55,27.465,13.4252,12.6,51.3,0.6754,67.5%,27.063,0.11%,0.553,0.447,Bullish,Mild Contraction,16.7,False,Uptrend,Above SMA20,24694.05,24605.95,54.0,34.1,N/A,5,Upside Breakout,1.35,35.45,35.45
15314,01-10-2025 10:25,24658.3,24666.35,24649.55,24663.45,16.8,26.255,12.9994,12.6,51.3,0.6399,64.0%,24.7469,0.1%,0.307,0.693,Bullish,Mild Contraction,20.9,False,Downtrend,Above SMA20,24694.05,24617.7,45.75,30.6,N/A,2,Upside Breakout,1.35,31.95,66.95
15319,01-10-2025 10:50,24670.15,24675.55,24663.7,24673.45,11.85,27.12,11.3795,16.8,51.3,0.4369,43.7%,22.5532,0.09%,0.278,0.722,Bullish,Strong Contraction,61.7,True,Uptrend,Above SMA20,24695.4,24617.7,55.75,21.95,N/A,4,Upside Breakout,9.45,56.95,102.9
15322,01-10-2025 11:05,24684.2,24692.25,24678.95,24691.45,13.3,19.43,6.0041,9.05,27.15,0.6845,68.5%,19.1925,0.08%,0.545,0.455,Bullish,Mild Contraction,17.8,False,Uptrend,Above SMA20,24695.4,24645.05,46.4,3.95,N/A,1,Upside Breakout,9.45,54.65,106.75
15330,01-10-2025 11:45,24776.05,24782.95,24769.75,24782.95,13.2,19.105,8.189,9.05,37.05,0.6909,69.1%,20.5176,0.08%,0.523,0.477,Bullish,Mild Contraction,15.9,False,Uptrend,Above SMA20,24776.35,24673.1,109.85,-6.6,N/A,1,Upside Breakout,9.75,29.05,29.05
15334,01-10-2025 12:05,24806.3,24809.4,24796.35,24796.55,13.05,21.115,7.3137,12.75,37.05,0.618,61.8%,19.5061,0.08%,0.747,0.253,Bearish,Mild Contraction,29.5,False,Uptrend,Above SMA20,24806.3,24703.05,93.5,9.75,N/A,1,Upside Breakout,5.7,39.05,49.5
15343,01-10-2025 12:50,24772.45,24772.45,24762.5,24768.5,9.95,20.055,4.2718,13.05,27.9,0.4961,49.6%,19.3546,0.08%,0.397,0.603,Bearish,Moderate Contraction,43.5,False,Downtrend,Above SMA20,24812.0,24747.05,21.45,43.5,N/A,18,Upside Breakout,10.5,21.05,24.45
15349,01-10-2025 13:20,24771.2,24775.75,24768.2,24773.75,7.55,18.885,4.972,9.95,27.9,0.3998,40.0%,17.6568,0.07%,0.338,0.662,Bullish,Moderate Contraction,48.6,False,Uptrend,Below SMA20,24781.25,24747.05,26.7,7.5,N/A,1,Upside Breakout,6.9,19.2,37.75
15354,01-10-2025 13:45,24780.9,24783.95,24772.45,24774.6,11.5,16.785,4.4267,7.55,22.75,0.6851,68.5%,16.1194,0.07%,0.548,0.452,Bearish,Mild Contraction,18.3,False,Uptrend,Above SMA20,24792.95,24747.45,27.15,18.35,N/A,4,Upside Breakout,16.1,36.9,76.0
15371,01-10-2025 15:10,24831.1,24836.05,24820.3,24822.5,15.75,22.995,7.3453,16.4,38.8,0.6849,68.5%,21.2921,0.09%,0.546,0.454,Bearish,Moderate Contraction,45.8,True,Uptrend,Above SMA20,24867.95,24806.0,16.5,45.45,N/A,4,Downside Breakdown,47.4,63.9,74.95
15374,01-10-2025 15:25,24841.95,24853.4,24841.95,24853.4,11.45,21.525,7.7245,11.2,38.8,0.5319,53.2%,18.7343,0.08%,1.0,0.0,Bullish,Moderate Contraction,35.6,False,Uptrend,Above SMA20,24867.95,24816.2,37.2,14.55,N/A,1,Downside Breakdown,57.6,105.85,105.85
15383,03-10-2025 09:55,24821.9,24833.0,24818.5,24828.55,14.5,32.39,24.4667,11.2,97.1,0.4477,44.8%,26.8186,0.11%,0.459,0.541,Bullish,Moderate Contraction,35.0,False,Downtrend,Above SMA20,24855.7,24747.55,81.0,27.15,N/A,,,,47.7,55.6
15386,03-10-2025 10:10,24804.0,24809.05,24791.85,24798.35,17.2,26.105,7.5964,14.5,40.05,0.6589,65.9%,24.2633,0.1%,0.328,0.672,Bearish,Mild Contraction,23.6,False,Uptrend,Below SMA20,24833.8,24747.55,50.8,35.45,N/A,,,,24.0,25.4
15390,03-10-2025 10:30,24812.3,24822.35,24810.7,24820.45,11.65,21.3,5.4762,14.5,31.95,0.5469,54.7%,21.6049,0.09%,0.7,0.3,Bullish,Moderate Contraction,37.6,False,Uptrend,Above SMA20,24833.8,24773.55,46.9,13.35,N/A,3,Downside Breakdown,0.6,47.5,47.5
15395,03-10-2025 10:55,24797.15,24799.6,24790.2,24791.3,9.4,19.345,7.2588,11.65,36.35,0.4859,48.6%,19.7833,0.08%,0.622,0.378,Bearish,Strong Contraction,59.1,True,Downtrend,Below SMA20,24822.35,24772.95,18.35,31.05,N/A,4,Upside Breakout,9.15,41.25,41.25
15401,03-10-2025 11:25,24816.9,24821.1,24810.55,24811.45,10.55,17.95,7.2076,9.4,36.35,0.5877,58.8%,17.2915,0.07%,0.517,0.483,Bearish,Mild Contraction,28.9,False,Downtrend,Above SMA20,24832.55,24772.95,38.5,21.1,N/A,8,Upside Breakout,17.45,18.0,39.3
15406,03-10-2025 11:50,24821.4,24828.85,24820.7,24826.55,8.15,14.92,3.2764,9.8,18.4,0.5462,54.6%,14.5599,0.06%,0.632,0.368,Bullish,Moderate Contraction,39.1,False,Uptrend,Above SMA20,24832.55,24788.85,37.7,6.0,N/A,3,Upside Breakout,17.45,24.2,29.75
15419,03-10-2025 12:55,24828.95,24830.75,24821.0,24826.2,9.75,20.505,5.2961,14.95,28.15,0.4755,47.5%,16.9566,0.07%,0.282,0.718,Bearish,Moderate Contraction,43.0,False,Downtrend,Above SMA20,24850.75,24796.8,29.4,24.55,N/A,20,Upside Breakout,16.7,20.8,20.8
15422,03-10-2025 13:10,24841.9,24847.0,24836.65,24843.65,10.35,17.805,5.0749,9.75,28.15,0.5813,58.1%,16.2465,0.07%,0.169,0.831,Bullish,Moderate Contraction,32.6,False,Uptrend,Above SMA20,24844.15,24796.8,46.85,0.5,N/A,1,Upside Breakout,0.55,31.7,31.7
15436,03-10-2025 14:20,24818.4,24822.8,24814.3,24816.0,8.5,16.465,3.7189,10.3,22.1,0.5162,51.6%,15.071,0.06%,0.282,0.718,Bearish,Moderate Contraction,41.2,False,Downtrend,Below SMA20,24841.7,24808.15,7.85,25.7,N/A,3,Upside Breakout,25.75,67.8,88.8
15443,03-10-2025 14:55,24881.8,24891.4,24881.35,24890.35,10.05,16.575,6.0384,8.5,29.55,0.6063,60.6%,15.8659,0.06%,0.851,0.149,Bullish,Mild Contraction,26.9,False,Uptrend,Above SMA20,24886.4,24808.15,82.2,-3.95,N/A,1,Upside Breakout,11.8,14.45,52.7
15447,03-10-2025 15:15,24888.5,24890.5,24883.8,24885.65,6.7,14.77,6.4665,8.7,29.55,0.4536,45.4%,13.0542,0.05%,0.425,0.575,Bearish,Moderate Contraction,40.3,False,Uptrend,Above SMA20,24904.8,24815.45,70.2,19.15,N/A,3,Upside Breakout,38.25,57.4,82.2
15459,06-10-2025 10:00,24954.7,24962.85,24947.6,24955.65,15.25,25.71,7.0281,16.55,37.5,0.5932,59.3%,21.6591,0.09%,0.062,0.938,Bullish,Moderate Contraction,33.5,False,Uptrend,Above SMA20,24967.85,24881.65,74.0,12.2,N/A,2,Upside Breakout,4.5,22.85,34.3
15462,06-10-2025 10:15,24969.65,24973.75,24965.7,24970.45,8.05,21.85,5.7748,14.0,32.7,0.3684,36.8%,18.828,0.08%,0.099,0.901,Bullish,Strong Contraction,50.9,False,Uptrend,Above SMA20,24972.35,24881.65,88.8,1.9,N/A,1,Upside Breakout,4.8,19.5,22.0
15471,06-10-2025 11:00,24985.5,24991.3,24982.8,24985.35,8.5,14.93,4.1229,8.05,22.0,0.5693,56.9%,15.1884,0.06%,0.018,0.982,Bearish,Moderate Contraction,34.0,False,Uptrend,Above SMA20,24992.2,24952.85,32.5,6.85,N/A,1,Upside Breakout,0.25,31.2,31.2
15475,06-10-2025 11:20,24995.85,25006.8,24994.3,24999.2,12.5,18.135,8.4568,8.5,32.9,0.6893,68.9%,18.5443,0.07%,0.268,0.732,Bullish,Mild Contraction,15.6,False,Uptrend,Above SMA20,25016.55,24960.85,38.35,17.35,N/A,17,Upside Breakout,7.15,16.35,16.35
15478,06-10-2025 11:35,25011.7,25011.7,24999.9,25006.55,11.8,17.03,8.8723,7.75,32.9,0.6929,69.3%,16.2531,0.06%,0.436,0.564,Bearish,Mild Contraction,14.6,False,Uptrend,Above SMA20,25016.55,24964.2,42.35,10.0,N/A,14,Upside Breakout,7.15,22.1,22.1
15484,06-10-2025 12:05,24997.75,25002.95,24994.45,24999.4,8.5,14.98,6.8464,7.75,32.9,0.5674,56.7%,14.1793,0.06%,0.194,0.806,Bullish,Moderate Contraction,30.2,False,Uptrend,Above SMA20,25015.55,24982.55,16.85,16.15,N/A,7,Upside Breakout,0.85,14.05,40.95
15488,06-10-2025 12:25,25010.6,25011.8,25003.5,25006.0,8.3,12.14,2.4215,8.5,16.0,0.6837,68.4%,12.4084,0.05%,0.554,0.446,Bearish,Moderate Contraction,48.9,True,Downtrend,Above SMA20,25013.45,24984.45,21.55,7.45,N/A,3,Upside Breakout,2.95,22.7,57.6
15499,06-10-2025 13:20,25050.5,25055.85,25047.25,25048.2,8.6,12.985,3.4366,7.7,17.6,0.6623,66.2%,12.642,0.05%,0.267,0.733,Bearish,Mild Contraction,25.1,False,Uptrend,Above SMA20,25063.6,24998.2,50.0,15.4,N/A,1,Upside Breakout,3.15,40.2,40.2
15509,06-10-2025 14:10,25061.6,25064.4,25053.5,25059.75,10.9,18.69,8.0388,8.6,37.9,0.5832,58.3%,17.3327,0.07%,0.17,0.83,Bearish,Mild Contraction,27.0,False,Uptrend,Above SMA20,25088.4,25026.15,33.6,28.65,N/A,8,Upside Breakout,7.55,27.3,36.2
15514,06-10-2025 14:35,25064.6,25072.85,25061.8,25070.8,11.05,21.885,10.0773,10.9,37.9,0.5049,50.5%,19.3418,0.08%,0.561,0.439,Bullish,Moderate Contraction,36.3,False,Uptrend,Above SMA20,25084.85,25026.15,44.65,14.05,N/A,3,Upside Breakout,11.1,25.15,25.15
15518,06-10-2025 14:55,25077.1,25086.45,25077.1,25083.8,9.35,21.255,11.7629,9.8,41.35,0.4399,44.0%,20.2411,0.08%,0.717,0.283,Bullish,Moderate Contraction,39.9,False,Uptrend,Above SMA20,25095.95,25032.45,51.35,12.15,N/A,7,Upside Breakout,43.75,12.8,55.9
15521,06-10-2025 15:10,25081.75,25083.45,25073.9,25074.5,9.55,20.23,12.1903,9.35,41.35,0.4721,47.2%,17.3065,0.07%,0.759,0.241,Bearish,Moderate Contraction,37.0,False,Uptrend,Above SMA20,25095.95,25032.45,42.05,21.45,N/A,4,Upside Breakout,43.75,65.2,92.35
15535,07-10-2025 10:05,25198.7,25199.4,25183.9,25185.75,15.5,27.49,12.9326,16.55,56.7,0.5638,56.4%,22.1813,0.09%,0.835,0.165,Bearish,Moderate Contraction,32.4,False,Uptrend,Above SMA20,25202.2,25076.3,109.45,16.45,N/A,,,,15.9,38.15
15539,07-10-2025 10:25,25173.7,25182.3,25169.85,25177.0,12.45,19.75,3.8986,15.45,26.8,0.6304,63.0%,19.4701,0.08%,0.265,0.735,Bullish,Moderate Contraction,33.3,False,Uptrend,Above SMA20,25202.2,25114.15,62.85,25.2,N/A,11,Downside Breakdown,14.5,20.6,36.75
15543,07-10-2025 10:45,25169.8,25173.45,25164.0,25164.35,9.45,18.76,3.7247,12.45,24.1,0.5037,50.4%,18.7931,0.07%,0.577,0.423,Bearish,Strong Contraction,63.7,True,Downtrend,Above SMA20,25202.2,25161.35,3.0,37.85,N/A,1,Downside Breakdown,4.95,20.85,66.15
15547,07-10-2025 11:05,25155.3,25165.15,25153.0,25161.35,12.15,17.645,4.7184,9.45,24.1,0.6886,68.9%,17.5702,0.07%,0.498,0.502,Bullish,Mild Contraction,19.9,False,Downtrend,Below SMA20,25195.95,25143.5,17.85,34.6,N/A,2,Downside Breakdown,3.25,61.7,63.15
15556,07-10-2025 11:50,25121.25,25130.0,25115.7,25124.45,14.3,22.505,9.62,12.15,42.4,0.6354,63.5%,20.9108,0.08%,0.224,0.776,Bullish,Mild Contraction,23.8,False,Downtrend,Below SMA20,25165.15,25098.2,26.25,40.7,N/A,3,Upside Breakout,1.6,50.85,50.85
15559,07-10-2025 12:05,25154.4,25166.75,25153.55,25162.1,13.2,22.55,10.0129,10.55,42.4,0.5854,58.5%,19.2309,0.08%,0.583,0.417,Bullish,Mild Contraction,26.8,False,Uptrend,Above SMA20,25154.9,25098.2,63.9,-7.2,N/A,1,Upside Breakout,20.4,21.5,21.5
15562,07-10-2025 12:20,25147.95,25153.6,25140.6,25151.35,13.0,19.01,7.2483,10.55,32.2,0.6839,68.4%,18.4404,0.07%,0.262,0.738,Bullish,Mild Contraction,19.3,False,Uptrend,Above SMA20,25175.3,25098.2,53.15,23.95,N/A,6,Upside Breakout,3.8,23.9,42.35
15567,07-10-2025 12:45,25167.4,25173.0,25164.2,25168.05,8.8,17.5,6.0148,10.55,28.15,0.5029,50.3%,17.0262,0.07%,0.074,0.926,Bullish,Strong Contraction,58.5,True,Uptrend,Above SMA20,25175.3,25122.35,45.7,7.25,N/A,1,Upside Breakout,3.8,25.65,33.1
15571,07-10-2025 13:05,25183.55,25191.4,25179.8,25191.1,11.6,16.69,4.6022,8.8,22.7,0.695,69.5%,17.0989,0.07%,0.651,0.349,Bullish,Mild Contraction,18.7,False,Uptrend,Above SMA20,25188.8,25140.6,50.5,-2.3,N/A,1,Upside Breakout,4.9,19.15,25.95
15574,07-10-2025 13:20,25194.25,25196.65,25185.7,25193.35,10.95,16.26,4.5396,8.8,22.7,0.6734,67.3%,15.6341,0.06%,0.082,0.918,Bearish,Mild Contraction,21.6,False,Uptrend,Above SMA20,25201.15,25150.0,43.35,7.8,N/A,4,Upside Breakout,10.6,27.5,27.5
15582,07-10-2025 14:00,25198.55,25206.5,25194.75,25203.7,11.75,17.45,5.9745,10.95,27.4,0.6734,67.3%,16.9719,0.07%,0.438,0.562,Bullish,Mild Contraction,23.8,False,Uptrend,Above SMA20,25217.05,25165.85,37.85,13.35,N/A,3,Upside Breakout,3.85,57.6,80.4
15593,07-10-2025 14:55,25138.05,25147.4,25135.15,25137.35,12.25,26.51,10.9894,12.5,51.45,0.4621,46.2%,23.9818,0.1%,0.057,0.943,Bearish,Moderate Contraction,40.1,False,Downtrend,Below SMA20,25220.9,25123.3,14.05,83.55,N/A,1,Downside Breakdown,8.05,51.45,59.35
15597,07-10-2025 15:15,25091.0,25107.0,25088.6,25101.5,18.4,28.22,10.2579,12.25,51.45,0.652,65.2%,24.0434,0.1%,0.571,0.429,Bullish,Mild Contraction,19.8,False,Downtrend,Below SMA20,25197.55,25085.9,15.6,96.05,N/A,3,Downside Breakdown,7.9,77.55,91.0
15602,08-10-2025 09:25,25172.4,25179.05,25160.55,25176.6,18.5,29.48,15.8765,12.25,69.6,0.6275,62.8%,29.021,0.12%,0.227,0.773,Bullish,Mild Contraction,20.3,False,Uptrend,Above SMA20,25176.9,25078.0,98.6,0.3,N/A,1,Upside Breakout,5.2,39.3,39.3
15605,08-10-2025 09:40,25179.2,25192.5,25172.35,25177.4,20.15,29.57,15.2161,18.4,69.6,0.6814,68.1%,27.2697,0.11%,0.089,0.911,Bearish,Mild Contraction,21.0,False,Uptrend,Above SMA20,25187.2,25078.0,99.4,9.8,N/A,16,Downside Breakdown,10.95,40.1,65.3
15608,08-10-2025 09:55,25154.9,25172.9,25153.6,25165.0,19.3,29.42,15.1116,18.5,69.6,0.656,65.6%,26.0415,0.1%,0.523,0.477,Bullish,Mild Contraction,24.4,False,Uptrend,Above SMA20,25192.5,25078.0,87.0,27.5,N/A,13,Downside Breakdown,10.95,50.1,53.95
15612,08-10-2025 10:15,25148.35,25152.85,25138.65,25141.95,14.2,22.745,4.7244,14.25,29.45,0.6243,62.4%,23.2561,0.09%,0.451,0.549,Bearish,Moderate Contraction,33.4,False,Downtrend,Below SMA20,25192.5,25137.3,4.65,50.55,N/A,1,Downside Breakdown,22.4,29.85,97.75
15616,08-10-2025 10:35,25124.45,25135.25,25123.0,25133.35,12.25,22.525,5.1548,14.2,28.15,0.5438,54.4%,22.1802,0.09%,0.727,0.273,Bullish,Strong Contraction,58.9,True,Downtrend,Below SMA20,25178.3,25112.1,21.25,44.95,N/A,2,Downside Breakdown,1.05,66.3,110.85
15627,08-10-2025 11:30,25035.35,25041.6,25030.7,25041.6,10.9,21.695,6.1813,12.4,30.7,0.5024,50.2%,20.7329,0.08%,0.573,0.427,Bullish,Moderate Contraction,40.0,False,Downtrend,Below SMA20,25136.65,25022.5,19.1,95.05,N/A,10,Downside Breakdown,13.15,28.25,32.25
15630,08-10-2025 11:45,25038.3,25045.4,25033.8,25044.05,11.6,20.915,7.1522,10.9,30.7,0.5546,55.5%,17.8499,0.07%,0.496,0.504,Bullish,Moderate Contraction,33.4,False,Downtrend,Below SMA20,25110.9,25022.5,21.55,66.85,N/A,7,Downside Breakdown,13.15,25.8,35.55
15634,08-10-2025 12:05,25033.1,25039.75,25029.45,25039.35,10.3,17.97,5.6576,10.9,26.1,0.5732,57.3%,17.8694,0.07%,0.607,0.393,Bullish,Strong Contraction,54.0,True,Uptrend,Below SMA20,25069.85,25022.5,16.85,30.5,N/A,3,Downside Breakdown,13.15,30.85,46.65
15639,08-10-2025 12:30,25025.35,25025.8,25015.95,25021.8,9.85,19.02,7.4567,10.3,34.65,0.5179,51.8%,18.7741,0.08%,0.36,0.64,Bearish,Moderate Contraction,36.6,False,Downtrend,Below SMA20,25069.85,25008.5,13.3,48.05,N/A,3,Upside Breakout,1.7,64.2,90.15
15645,08-10-2025 13:00,25085.75,25088.2,25076.3,25082.4,11.9,20.395,7.8396,9.85,34.65,0.5835,58.3%,18.784,0.07%,0.282,0.718,Bearish,Moderate Contraction,48.2,True,Uptrend,Above SMA20,25086.0,25008.5,73.9,3.6,N/A,1,Upside Breakout,10.3,29.55,49.55
15649,08-10-2025 13:20,25102.95,25110.85,25100.0,25100.05,10.85,19.54,8.6592,9.2,32.75,0.5553,55.5%,19.0846,0.08%,0.267,0.733,Bearish,Moderate Contraction,30.1,False,Uptrend,Above SMA20,25111.95,25015.95,84.1,11.9,N/A,2,Upside Breakout,11.65,31.9,48.9
15652,08-10-2025 13:35,25117.7,25128.75,25117.4,25119.65,11.35,21.52,9.851,9.2,35.9,0.5274,52.7%,19.9579,0.08%,0.172,0.828,Bullish,Moderate Contraction,31.5,False,Uptrend,Above SMA20,25123.6,25038.95,80.7,3.95,N/A,1,Upside Breakout,3.65,17.25,68.5
15655,08-10-2025 13:50,25123.0,25128.55,25119.8,25120.8,8.75,19.655,9.6861,9.2,35.9,0.4452,44.5%,18.2962,0.07%,0.251,0.749,Bearish,Moderate Contraction,40.2,False,Uptrend,Above SMA20,25131.95,25069.4,51.4,11.15,N/A,2,Upside Breakout,2.4,69.65,69.65
15660,08-10-2025 14:15,25073.2,25079.55,25066.75,25077.1,12.8,25.48,15.7735,8.75,60.65,0.5024,50.2%,24.5414,0.1%,0.305,0.695,Bullish,Moderate Contraction,30.5,False,Downtrend,Below SMA20,25134.35,25051.15,25.95,57.25,N/A,7,Downside Breakdown,5.6,24.35,31.55
15669,08-10-2025 15:00,25059.7,25065.1,25051.7,25059.5,13.4,24.26,7.3745,12.8,38.35,0.5523,55.2%,23.3646,0.09%,0.015,0.985,Bearish,Moderate Contraction,34.8,False,Downtrend,Below SMA20,25085.7,25045.55,13.95,26.2,N/A,2,Downside Breakdown,13.15,37.15,60.85
15672,08-10-2025 15:15,25035.85,25045.35,25034.25,25043.25,11.1,22.17,7.2308,12.25,38.35,0.5007,50.1%,20.7532,0.08%,0.667,0.333,Bullish,Moderate Contraction,39.0,False,Downtrend,Below SMA20,25084.85,25032.4,10.85,41.6,N/A,2,Downside Breakdown,10.05,68.25,77.1
15683,09-10-2025 09:55,25059.45,25061.6,25048.3,25048.6,13.3,29.915,11.9968,9.7,48.1,0.4446,44.5%,26.7579,0.11%,0.816,0.184,Bearish,Moderate Contraction,38.0,False,Uptrend,Below SMA20,25120.35,25022.35,26.25,71.75,N/A,13,Upside Breakout,8.2,26.25,61.05
15690,09-10-2025 10:30,25078.8,25091.3,25078.8,25088.75,12.5,24.745,6.862,13.3,35.45,0.5052,50.5%,23.8429,0.1%,0.796,0.204,Bullish,Strong Contraction,60.1,True,Uptrend,Above SMA20,25099.7,25024.3,64.45,10.95,N/A,1,Upside Breakout,9.95,20.9,68.95
15693,09-10-2025 10:45,25100.35,25106.95,25095.15,25097.4,11.8,20.48,6.7645,12.5,30.8,0.5762,57.6%,20.7342,0.08%,0.25,0.75,Bearish,Moderate Contraction,33.5,False,Uptrend,Above SMA20,25109.65,25024.3,73.1,12.25,N/A,3,Upside Breakout,18.9,60.3,77.2
15698,09-10-2025 11:10,25151.65,25157.7,25142.35,25152.55,15.35,22.025,8.9674,11.8,40.85,0.6969,69.7%,22.8954,0.09%,0.059,0.941,Bullish,Mild Contraction,17.0,False,Uptrend,Above SMA20,25155.3,25044.35,108.2,2.75,N/A,4,Upside Breakout,5.45,22.05,28.7
15701,09-10-2025 11:25,25141.6,25152.0,25138.5,25147.55,13.5,20.955,8.3369,11.8,40.85,0.6442,64.4%,20.9191,0.08%,0.441,0.559,Bullish,Mild Contraction,23.9,False,Uptrend,Above SMA20,25157.7,25076.95,70.6,10.15,N/A,1,Upside Breakout,3.05,33.7,33.7
15710,09-10-2025 12:10,25132.05,25142.65,25130.65,25140.0,12.0,19.88,4.9405,13.5,29.85,0.6036,60.4%,20.0843,0.08%,0.663,0.337,Bullish,Moderate Contraction,33.5,False,Downtrend,Above SMA20,25181.25,25122.9,17.1,41.25,N/A,6,Downside Breakdown,1.45,21.4,21.4
15721,09-10-2025 13:05,25137.5,25145.7,25136.1,25139.8,9.6,16.52,3.9842,10.75,23.1,0.5811,58.1%,16.3255,0.06%,0.24,0.76,Bullish,Strong Contraction,55.5,True,Downtrend,Below SMA20,25161.4,25121.45,18.35,21.6,N/A,1,Downside Breakdown,1.7,20.05,29.1
15726,09-10-2025 13:30,25146.9,25157.5,25145.2,25147.1,12.3,17.66,4.8989,9.6,24.9,0.6965,69.6%,16.9787,0.07%,0.016,0.984,Bullish,Mild Contraction,19.0,False,Uptrend,Above SMA20,25154.05,25119.75,27.35,6.95,N/A,2,Upside Breakout,2.9,21.8,35.35
15731,09-10-2025 13:55,25158.15,25168.9,25157.45,25164.8,11.45,17.12,4.4831,9.6,24.9,0.6688,66.9%,16.4491,0.07%,0.581,0.419,Bullish,Mild Contraction,23.2,False,Uptrend,Above SMA20,25162.05,25119.75,45.05,-2.75,N/A,1,Upside Breakout,15.2,44.3,44.3
15743,09-10-2025 14:55,25161.45,25172.25,25158.45,25170.05,13.8,24.615,8.1449,15.05,36.95,0.5606,56.1%,22.2155,0.09%,0.623,0.377,Bullish,Moderate Contraction,34.6,False,Uptrend,Above SMA20,25182.45,25120.5,49.55,12.4,N/A,1,Upside Breakout,11.3,29.2,83.9
15754,10-10-2025 09:35,25249.4,25257.0,25242.15,25244.2,14.85,28.285,13.9507,19.85,65.8,0.525,52.5%,25.5906,0.1%,0.35,0.65,Bearish,Moderate Contraction,34.8,False,Uptrend,Above SMA20,25253.95,25156.85,87.35,9.75,N/A,1,Upside Breakout,15.9,40.9,55.9
15758,10-10-2025 09:55,25266.75,25270.65,25257.0,25266.4,13.65,27.355,14.881,14.85,65.8,0.499,49.9%,23.3237,0.09%,0.026,0.974,Bearish,Moderate Contraction,36.1,False,Uptrend,Above SMA20,25285.1,25156.85,109.55,18.7,N/A,4,Upside Breakout,8.75,33.7,33.7
15764,10-10-2025 10:25,25278.4,25280.9,25269.95,25276.2,10.95,21.66,6.9598,13.65,34.35,0.5055,50.6%,21.9038,0.09%,0.201,0.799,Bearish,Moderate Contraction,38.8,False,Uptrend,Above SMA20,25300.1,25235.5,40.7,23.9,N/A,6,Upside Breakout,3.6,18.45,39.35
15780,10-10-2025 11:45,25284.8,25290.65,25280.55,25288.2,10.1,19.225,3.4716,15.2,26.3,0.5254,52.5%,18.2918,0.07%,0.337,0.663,Bullish,Moderate Contraction,43.1,False,Downtrend,Above SMA20,25315.55,25266.85,21.35,27.35,N/A,12,Upside Breakout,3.25,13.4,13.85
15788,10-10-2025 12:25,25289.0,25291.8,25282.85,25282.85,8.95,16.185,4.0664,10.1,22.1,0.553,55.3%,16.4718,0.07%,0.687,0.313,Bearish,Moderate Contraction,37.3,False,Uptrend,Below SMA20,25298.6,25274.35,8.5,15.75,N/A,3,Upside Breakout,7.35,36.6,38.85
15804,10-10-2025 13:45,25318.05,25319.45,25309.75,25313.6,9.7,19.205,8.0247,11.6,39.15,0.5051,50.5%,18.1338,0.07%,0.459,0.541,Bearish,Strong Contraction,57.1,True,Downtrend,Above SMA20,25330.75,25279.55,34.05,17.15,N/A,12,Downside Breakdown,13.3,16.05,19.5
15809,10-10-2025 14:10,25303.45,25307.7,25297.55,25305.8,10.15,18.515,8.7149,9.55,39.15,0.5482,54.8%,15.7466,0.06%,0.232,0.768,Bullish,Strong Contraction,52.1,True,Downtrend,Below SMA20,25330.75,25279.55,26.25,24.95,N/A,7,Downside Breakdown,13.3,11.7,39.55
15812,10-10-2025 14:25,25312.7,25316.1,25306.9,25308.3,9.2,14.92,4.2584,9.55,21.1,0.6166,61.7%,15.6371,0.06%,0.478,0.522,Bearish,Moderate Contraction,31.5,False,Downtrend,Below SMA20,25330.75,25294.1,14.2,22.45,N/A,4,Downside Breakdown,27.85,42.05,42.05
15820,10-10-2025 15:05,25280.75,25286.1,25274.65,25284.2,11.45,18.16,9.5041,9.2,39.6,0.6305,63.1%,17.6315,0.07%,0.301,0.699,Bullish,Mild Contraction,22.5,False,Downtrend,Below SMA20,25316.1,25266.25,17.95,31.9,N/A,5,Downside Breakdown,90.45,108.4,131.9
15823,10-10-2025 15:20,25284.75,25289.45,25280.85,25286.8,8.6,17.64,9.3436,10.45,39.6,0.4875,48.8%,15.9864,0.06%,0.238,0.762,Bullish,Moderate Contraction,37.0,False,Downtrend,Below SMA20,25310.95,25266.25,20.55,24.15,N/A,2,Downside Breakdown,90.45,134.5,134.5
15833,13-10-2025 09:55,25203.2,25206.9,25194.05,25201.3,12.85,30.84,17.6755,8.6,66.15,0.4167,41.7%,27.1373,0.11%,0.148,0.852,Bearish,Moderate Contraction,37.5,False,Downtrend,Below SMA20,25292.55,25152.3,49.0,91.25,N/A,,,,28.3,28.3
15836,13-10-2025 10:10,25198.35,25203.2,25194.5,25199.25,8.7,27.615,11.6476,12.85,50.3,0.315,31.5%,23.8328,0.09%,0.103,0.897,Bullish,Strong Contraction,50.1,False,Downtrend,Below SMA20,25232.45,25152.3,46.95,33.2,N/A,,,,23.55,30.15
15843,13-10-2025 10:45,25206.6,25211.0,25199.8,25204.55,11.2,17.98,6.6208,8.7,29.3,0.6229,62.3%,19.813,0.08%,0.183,0.817,Bearish,Mild Contraction,24.1,False,Uptrend,Below SMA20,25229.4,25173.0,31.55,24.85,N/A,7,Downside Breakdown,10.45,22.6,42.45
15847,13-10-2025 11:05,25194.75,25201.25,25190.9,25196.75,10.35,16.13,5.8947,11.2,29.3,0.6417,64.2%,16.3944,0.07%,0.193,0.807,Bullish,Mild Contraction,28.2,False,Uptrend,Below SMA20,25229.4,25175.7,21.05,32.65,N/A,2,Downside Breakdown,0.45,34.65,34.65
15852,13-10-2025 11:30,25181.85,25183.8,25175.1,25181.05,8.7,15.84,5.2616,10.35,23.7,0.5492,54.9%,16.4543,0.07%,0.092,0.908,Bearish,Moderate Contraction,35.4,False,Downtrend,Below SMA20,25229.4,25162.1,18.95,48.35,N/A,,,,17.9,22.35
15856,13-10-2025 11:50,25190.45,25193.35,25185.95,25192.8,7.4,14.58,5.0489,8.7,22.9,0.5075,50.8%,14.2153,0.06%,0.318,0.682,Bullish,Moderate Contraction,38.1,False,Downtrend,Above SMA20,25201.25,25162.1,30.7,8.45,N/A,2,Upside Breakout,0.75,21.25,21.25
15859,13-10-2025 12:05,25180.55,25185.6,25176.6,25178.95,9.0,15.72,7.6252,7.4,30.45,0.5725,57.3%,14.8836,0.06%,0.178,0.822,Bearish,Mild Contraction,27.8,False,Uptrend,Below SMA20,25202.0,25162.1,16.85,23.05,N/A,1,Upside Breakout,1.4,24.45,31.7
15862,13-10-2025 12:20,25180.0,25184.8,25177.3,25179.1,7.5,14.25,7.9553,7.4,30.45,0.5263,52.6%,14.9304,0.06%,0.12,0.88,Bearish,Moderate Contraction,33.9,False,Downtrend,Below SMA20,25203.4,25171.55,7.55,24.3,N/A,4,Upside Breakout,2.5,30.5,33.15
15877,13-10-2025 13:35,25193.1,25199.3,25184.85,25198.45,14.45,24.445,6.7453,17.85,41.15,0.5911,59.1%,20.5282,0.08%,0.37,0.63,Bullish,Moderate Contraction,33.6,False,Uptrend,Above SMA20,25217.95,25168.85,29.6,19.5,N/A,6,Upside Breakout,4.45,21.8,68.85
15883,13-10-2025 14:05,25216.25,25222.4,25210.75,25218.75,11.65,21.175,7.2314,8.05,33.1,0.5502,55.0%,20.8961,0.08%,0.215,0.785,Bullish,Mild Contraction,29.7,False,Uptrend,Above SMA20,25217.95,25176.65,42.1,-0.8,N/A,1,Upside Breakout,4.1,48.55,48.55
15888,13-10-2025 14:30,25251.1,25258.9,25247.3,25247.3,11.6,23.975,11.5232,8.05,40.45,0.4838,48.4%,23.3414,0.09%,0.328,0.672,Bearish,Moderate Contraction,33.3,False,Uptrend,Above SMA20,25267.3,25176.65,70.65,20.0,N/A,12,Upside Breakout,39.0,18.75,32.05
15893,13-10-2025 14:55,25253.4,25256.55,25242.3,25249.2,14.25,21.52,10.9525,10.75,40.45,0.6622,66.2%,20.7436,0.08%,0.295,0.705,Bearish,Mild Contraction,19.0,False,Uptrend,Above SMA20,25267.3,25195.55,53.65,18.1,N/A,7,Upside Breakout,39.0,33.95,61.15
15896,13-10-2025 15:10,25222.25,25223.6,25217.9,25220.45,5.7,23.01,11.9771,10.75,40.45,0.2477,24.8%,19.1721,0.08%,0.316,0.684,Bearish,Strong Contraction,53.1,False,Downtrend,Below SMA20,25267.3,25195.55,24.9,46.85,N/A,4,Upside Breakout,39.0,89.9,89.9
15907,14-10-2025 09:50,25234.55,25238.8,25221.65,25224.4,17.15,25.145,13.3918,10.1,50.9,0.682,68.2%,24.7361,0.1%,0.592,0.408,Bearish,Moderate Contraction,34.6,True,Downtrend,Below SMA20,25310.35,25220.15,4.25,85.95,N/A,1,Downside Breakdown,16.85,51.3,59.65
15910,14-10-2025 10:05,25194.7,25196.05,25176.25,25195.0,19.8,29.335,12.7298,16.4,50.9,0.675,67.5%,26.0473,0.1%,0.015,0.985,Bullish,Mild Contraction,19.9,False,Downtrend,Below SMA20,25310.35,25185.3,9.7,115.35,N/A,2,Downside Breakdown,12.2,30.25,45.25
15915,14-10-2025 10:30,25210.3,25218.35,25201.25,25214.95,17.1,25.28,8.164,16.2,44.15,0.6764,67.6%,24.2213,0.1%,0.272,0.728,Bullish,Mild Contraction,24.4,False,Downtrend,Below SMA20,25263.8,25164.75,50.2,48.85,N/A,8,Downside Breakdown,5.45,25.3,85.6
15919,14-10-2025 10:50,25212.6,25212.7,25200.55,25204.95,12.15,25.06,9.1534,13.6,44.15,0.4848,48.5%,22.8855,0.09%,0.63,0.37,Bearish,Moderate Contraction,39.3,False,Uptrend,Below SMA20,25240.25,25164.75,40.2,35.3,N/A,4,Downside Breakdown,5.45,67.2,89.4
15928,14-10-2025 11:35,25136.1,25148.7,25133.75,25148.4,14.95,22.465,8.7185,12.15,36.2,0.6655,66.5%,22.0075,0.09%,0.823,0.177,Bullish,Mild Contraction,20.9,False,Downtrend,Below SMA20,25240.25,25115.55,32.85,91.85,N/A,6,Downside Breakdown,6.4,20.8,59.05
15943,14-10-2025 12:50,25087.55,25095.25,25083.85,25089.95,11.4,26.455,10.4134,16.55,47.65,0.4309,43.1%,23.5543,0.09%,0.211,0.789,Bullish,Strong Contraction,62.6,True,Downtrend,Below SMA20,25169.2,25060.55,29.4,79.25,N/A,20,Upside Breakout,3.05,24.3,48.0
15948,14-10-2025 13:15,25084.55,25087.95,25079.7,25084.95,8.25,27.09,8.7299,11.4,39.6,0.3045,30.5%,23.3559,0.09%,0.048,0.952,Bullish,Strong Contraction,53.4,False,Downtrend,Below SMA20,25125.2,25060.55,24.4,40.25,N/A,3,Upside Breakout,4.25,53.0,53.0
15953,14-10-2025 13:40,25122.35,25135.45,25120.4,25121.8,15.05,21.7,10.7216,8.25,39.6,0.6935,69.4%,22.0083,0.09%,0.037,0.963,Bearish,Mild Contraction,13.4,False,Uptrend,Above SMA20,25137.95,25065.65,56.15,16.15,N/A,8,Upside Breakout,11.15,23.1,50.45
15962,14-10-2025 14:25,25148.4,25155.45,25138.85,25145.3,16.6,27.695,10.9214,15.05,46.05,0.5994,59.9%,26.3796,0.1%,0.187,0.813,Bearish,Mild Contraction,28.4,False,Uptrend,Above SMA20,25149.1,25095.05,50.25,3.8,N/A,1,Upside Breakout,23.15,52.15,52.15
15967,14-10-2025 14:50,25162.6,25173.8,25157.35,25173.65,16.45,30.905,13.5932,15.8,58.15,0.5323,53.2%,29.2701,0.12%,0.672,0.328,Bullish,Moderate Contraction,34.0,False,Uptrend,Above SMA20,25197.45,25095.05,78.6,23.8,N/A,8,Upside Breakout,51.7,38.3,83.6
15970,14-10-2025 15:05,25150.55,25165.25,25143.15,25150.3,22.1,31.745,12.7919,16.45,58.15,0.6962,69.6%,28.1777,0.11%,0.011,0.989,Bearish,Mild Contraction,16.6,False,Uptrend,Above SMA20,25197.45,25099.2,51.1,47.15,N/A,5,Upside Breakout,51.7,98.85,117.65
15974,14-10-2025 15:25,25126.1,25129.45,25112.7,25123.35,16.75,27.385,12.1475,14.65,58.15,0.6116,61.2%,24.4591,0.1%,0.164,0.836,Bearish,Mild Contraction,26.1,False,Downtrend,Below SMA20,25197.45,25124.5,-1.15,74.1,N/A,1,Upside Breakout,51.7,144.6,144.6
15977,15-10-2025 09:25,25243.2,25257.25,25239.65,25252.65,17.6,28.75,22.0118,14.65,89.8,0.6122,61.2%,33.5944,0.13%,0.537,0.463,Bullish,Mild Contraction,23.4,False,Uptrend,Above SMA20,25255.05,25112.7,139.95,2.4,N/A,1,Upside Breakout,12.9,43.55,43.55
15980,15-10-2025 09:40,25223.3,25231.4,25215.1,25224.7,16.3,27.925,22.4673,14.65,89.8,0.5837,58.4%,29.3992,0.12%,0.086,0.914,Bullish,Mild Contraction,26.7,False,Uptrend,Above SMA20,25267.95,25112.7,112.0,43.25,N/A,8,Upside Breakout,8.8,15.6,66.45
15983,15-10-2025 09:55,25222.5,25229.35,25215.15,25216.55,14.2,26.665,22.8693,14.1,89.8,0.5325,53.3%,24.6334,0.1%,0.419,0.581,Bearish,Moderate Contraction,32.1,False,Uptrend,Above SMA20,25267.95,25112.7,103.85,51.4,N/A,5,Upside Breakout,8.8,60.2,84.0
15987,15-10-2025 10:15,25250.55,25260.75,25250.45,25252.7,10.3,18.435,5.9222,14.0,33.1,0.5587,55.9%,20.9185,0.08%,0.209,0.791,Bullish,Moderate Contraction,34.9,False,Uptrend,Above SMA20,25267.95,25209.1,43.6,15.25,N/A,1,Upside Breakout,8.8,47.85,73.75
15991,15-10-2025 10:35,25290.45,25293.6,25285.7,25289.25,7.9,16.695,5.3748,9.85,26.7,0.4732,47.3%,18.181,0.07%,0.152,0.848,Bearish,Moderate Contraction,41.1,False,Uptrend,Above SMA20,25291.15,25209.1,80.15,1.9,N/A,1,Upside Breakout,9.4,37.2,37.2
15998,15-10-2025 11:10,25293.9,25296.65,25287.0,25292.6,9.65,18.325,8.2467,7.9,31.75,0.5266,52.7%,18.2264,0.07%,0.135,0.865,Bearish,Moderate Contraction,31.8,False,Uptrend,Above SMA20,25326.45,25250.05,42.55,33.85,N/A,20,Upside Breakout,2.45,30.3,30.3
16004,15-10-2025 11:40,25304.25,25311.0,25301.75,25304.85,9.25,17.735,8.0792,6.6,31.75,0.5216,52.2%,15.5855,0.06%,0.065,0.935,Bullish,Strong Contraction,50.7,True,Downtrend,Above SMA20,25326.45,25276.75,28.1,21.6,N/A,14,Upside Breakout,2.45,16.0,22.15
16014,15-10-2025 12:30,25307.35,25313.45,25303.45,25309.8,10.0,16.045,4.4431,9.25,23.6,0.6232,62.3%,15.9158,0.06%,0.245,0.755,Bullish,Mild Contraction,29.0,False,Uptrend,Above SMA20,25315.65,25282.7,27.1,5.85,N/A,2,Upside Breakout,5.85,22.1,44.1
16019,15-10-2025 12:55,25328.75,25331.9,25323.15,25331.05,8.75,15.935,4.2601,9.45,23.6,0.5491,54.9%,14.5747,0.06%,0.263,0.737,Bullish,Moderate Contraction,37.1,False,Uptrend,Above SMA20,25328.9,25282.7,48.35,-2.15,N/A,1,Upside Breakout,7.1,22.85,34.1
16028,15-10-2025 13:40,25353.1,25355.15,25347.0,25350.25,8.15,14.005,6.3546,7.55,24.75,0.5819,58.2%,13.9685,0.06%,0.35,0.65,Bearish,Mild Contraction,29.5,False,Uptrend,Above SMA20,25365.15,25312.5,37.75,14.9,N/A,5,Downside Breakdown,0.6,38.35,38.35
16043,15-10-2025 14:55,25314.05,25318.2,25308.5,25316.0,9.7,20.56,8.208,12.9,37.35,0.4718,47.2%,18.5995,0.07%,0.201,0.799,Bullish,Moderate Contraction,39.7,False,Downtrend,Below SMA20,25338.6,25287.1,28.9,22.6,N/A,7,Upside Breakout,87.1,18.7,121.45
16047,15-10-2025 15:15,25328.2,25331.8,25324.75,25328.9,7.05,17.49,9.1093,9.25,37.35,0.4031,40.3%,15.36,0.06%,0.099,0.901,Bullish,Moderate Contraction,42.7,False,Downtrend,Above SMA20,25337.95,25287.1,41.8,9.05,N/A,3,Upside Breakout,87.75,101.4,123.2
16056,16-10-2025 09:45,25431.05,25441.25,25430.7,25437.85,10.55,20.94,12.0452,7.05,48.85,0.5038,50.4%,22.2837,0.09%,0.645,0.355,Bullish,Moderate Contraction,30.5,False,Uptrend,Above SMA20,25440.95,25313.8,124.05,3.1,N/A,1,Upside Breakout,11.15,15.5,22.9
16060,16-10-2025 10:05,25443.7,25445.1,25434.75,25437.3,10.35,23.03,10.4384,10.55,48.85,0.4494,44.9%,19.5346,0.08%,0.618,0.382,Bearish,Strong Contraction,60.4,True,Uptrend,Above SMA20,25452.75,25376.85,60.45,15.45,N/A,4,Upside Breakout,6.35,23.45,32.1
16064,16-10-2025 10:25,25449.9,25459.1,25447.35,25453.25,11.75,17.77,5.3054,10.35,28.4,0.6612,66.1%,17.9501,0.07%,0.285,0.715,Bullish,Mild Contraction,24.1,False,Uptrend,Above SMA20,25452.75,25412.0,41.25,-0.5,N/A,1,Upside Breakout,8.0,12.8,19.4
16067,16-10-2025 10:40,25456.5,25461.3,25452.35,25458.95,8.95,14.78,4.8563,7.05,21.35,0.6055,60.6%,14.6643,0.06%,0.274,0.726,Bullish,Mild Contraction,26.5,False,Uptrend,Above SMA20,25460.75,25417.55,41.4,1.8,N/A,1,Upside Breakout,5.3,13.7,13.7
16072,16-10-2025 11:05,25464.6,25466.0,25459.45,25464.65,6.55,11.865,4.2645,7.05,21.35,0.552,55.2%,12.1941,0.05%,0.008,0.992,Bullish,Moderate Contraction,34.7,False,Uptrend,Above SMA20,25472.65,25417.55,47.1,8.0,N/A,13,Upside Breakout,5.5,14.65,23.05
16078,16-10-2025 11:35,25454.7,25456.85,25450.95,25453.65,5.9,10.295,3.0989,6.05,16.15,0.5731,57.3%,10.9005,0.04%,0.178,0.822,Bearish,Moderate Contraction,34.3,False,Downtrend,Below SMA20,25472.65,25450.0,3.65,19.0,N/A,1,Downside Breakdown,4.75,13.1,47.3
16096,16-10-2025 13:05,25515.45,25517.6,25508.65,25508.75,8.95,15.395,4.7158,10.1,23.5,0.5814,58.1%,15.1062,0.06%,0.749,0.251,Bearish,Moderate Contraction,33.6,False,Uptrend,Above SMA20,25522.9,25474.75,34.0,14.15,N/A,1,Upside Breakout,2.9,24.55,35.55
16102,16-10-2025 13:35,25530.85,25535.1,25524.8,25527.4,10.3,17.41,4.6248,8.95,23.5,0.5916,59.2%,15.3887,0.06%,0.335,0.665,Bearish,Moderate Contraction,30.7,False,Uptrend,Above SMA20,25533.3,25493.35,34.05,5.9,N/A,1,Upside Breakout,10.55,31.6,62.4
16115,16-10-2025 14:40,25601.5,25610.75,25599.1,25607.85,11.65,21.15,6.4012,12.65,31.95,0.5508,55.1%,19.4044,0.08%,0.545,0.455,Bullish,Moderate Contraction,35.9,False,Uptrend,Above SMA20,25621.85,25524.5,83.35,14.0,N/A,1,Upside Breakout,1.25,32.85,99.25
16122,16-10-2025 15:15,25567.8,25582.9,25566.05,25573.6,16.85,25.385,8.0098,11.65,37.2,0.6638,66.4%,23.7287,0.09%,0.344,0.656,Bullish,Moderate Contraction,39.8,True,Downtrend,Below SMA20,25625.4,25566.65,6.95,51.8,N/A,2,Downside Breakdown,0.55,65.0,65.0
16128,17-10-2025 09:30,25604.55,25610.05,25596.25,25606.9,13.8,28.745,16.6979,9.05,57.1,0.4801,48.0%,27.6116,0.11%,0.17,0.83,Bullish,Moderate Contraction,32.2,False,Downtrend,Above SMA20,25625.4,25508.6,98.3,18.5,N/A,7,Upside Breakout,34.85,44.35,78.35
16133,17-10-2025 09:55,25593.65,25611.85,25591.65,25603.2,20.2,29.345,18.0912,9.05,57.1,0.6884,68.8%,27.7864,0.11%,0.473,0.527,Bullish,Mild Contraction,12.2,False,Uptrend,Above SMA20,25623.95,25508.6,94.6,20.75,N/A,1,Upside Breakout,1.1,82.05,97.9
16136,17-10-2025 10:10,25658.75,25677.4,25658.0,25670.15,19.4,30.1,14.0569,13.8,57.1,0.6445,64.5%,27.8598,0.11%,0.588,0.412,Bullish,Mild Contraction,20.1,False,Uptrend,Above SMA20,25660.25,25537.3,132.85,-9.9,N/A,1,Upside Breakout,25.0,28.9,80.7
16139,17-10-2025 10:25,25671.95,25679.95,25670.7,25676.1,9.25,25.185,11.3292,11.4,45.3,0.3673,36.7%,22.424,0.09%,0.449,0.551,Bullish,Strong Contraction,66.0,True,Uptrend,Above SMA20,25685.25,25562.55,113.55,9.15,N/A,1,Upside Breakout,8.05,36.35,83.6
16142,17-10-2025 10:40,25683.5,25692.5,25678.15,25689.7,14.35,21.625,9.8843,9.25,43.2,0.6636,66.4%,20.9494,0.08%,0.432,0.568,Bullish,Mild Contraction,17.5,False,Uptrend,Above SMA20,25699.05,25562.55,127.15,9.35,N/A,1,Upside Breakout,2.05,61.15,84.9
16149,17-10-2025 11:15,25751.05,25759.7,25749.45,25754.0,10.25,18.74,5.3594,9.25,27.4,0.547,54.7%,19.0492,0.07%,0.288,0.712,Bullish,Strong Contraction,54.6,True,Uptrend,Above SMA20,25757.95,25670.7,83.3,3.95,N/A,1,Upside Breakout,2.25,23.2,43.6
16158,17-10-2025 12:00,25754.75,25761.35,25746.35,25759.6,15.0,22.15,10.0763,10.25,42.5,0.6772,67.7%,23.0284,0.09%,0.323,0.677,Bullish,Mild Contraction,16.9,False,Uptrend,Above SMA20,25776.75,25710.4,49.2,17.15,N/A,5,Upside Breakout,4.75,21.9,73.75
16163,17-10-2025 12:25,25775.45,25781.5,25769.25,25776.75,12.25,23.175,10.2747,11.3,42.5,0.5286,52.9%,19.8474,0.08%,0.106,0.894,Bullish,Moderate Contraction,33.5,False,Uptrend,Above SMA20,25776.75,25710.4,66.35,0.0,N/A,1,Upside Breakout,1.8,90.9,123.95
16182,17-10-2025 14:00,25677.4,25679.05,25658.6,25674.0,20.45,30.055,5.4351,21.9,38.2,0.6804,68.0%,28.7164,0.11%,0.166,0.834,Bearish,Moderate Contraction,30.0,False,Uptrend,Below SMA20,25705.2,25620.45,53.55,31.2,N/A,2,Upside Breakout,3.9,47.0,77.7
16186,17-10-2025 14:20,25701.15,25715.5,25694.2,25710.25,21.3,30.945,8.8448,20.45,47.6,0.6883,68.8%,29.5998,0.12%,0.427,0.573,Bullish,Mild Contraction,24.5,False,Uptrend,Above SMA20,25709.1,25620.45,89.8,-1.15,N/A,1,Upside Breakout,11.9,41.45,41.45
16193,17-10-2025 14:55,25731.35,25735.85,25721.6,25725.1,14.25,32.105,8.467,21.3,47.6,0.4439,44.4%,28.9572,0.11%,0.439,0.561,Bearish,Moderate Contraction,45.2,False,Uptrend,Above SMA20,25751.7,25658.25,66.85,26.6,N/A,7,Upside Breakout,166.45,26.55,201.1
16196,17-10-2025 15:10,25713.5,25713.8,25698.55,25708.35,15.25,26.99,9.2996,14.25,41.5,0.565,56.5%,24.6663,0.1%,0.338,0.662,Bearish,Moderate Contraction,32.5,False,Downtrend,Above SMA20,25751.7,25672.3,36.05,43.35,N/A,4,Upside Breakout,166.45,217.85,217.85
16199,17-10-2025 15:25,25703.9,25707.6,25696.0,25704.7,11.6,21.52,8.5588,12.5,34.65,0.539,53.9%,20.6176,0.08%,0.069,0.931,Bullish,Moderate Contraction,35.0,False,Downtrend,Above SMA20,25751.7,25698.55,6.15,47.0,N/A,1,Upside Breakout,166.45,221.5,221.5
16207,20-10-2025 09:50,25820.15,25820.65,25797.75,25809.35,22.9,43.265,29.9407,11.6,108.55,0.5293,52.9%,43.411,0.17%,0.472,0.528,Bearish,Mild Contraction,26.0,False,Uptrend,Above SMA20,25926.2,25696.0,113.35,116.85,N/A,,,,53.1,57.85
16210,20-10-2025 10:05,25833.55,25852.3,25819.2,25838.45,33.1,50.345,24.1479,22.9,108.55,0.6575,65.7%,42.0889,0.16%,0.148,0.852,Bullish,Mild Contraction,18.6,False,Downtrend,Above SMA20,25926.2,25788.5,49.95,87.75,N/A,,,,24.0,49.4
16213,20-10-2025 10:20,25844.05,25851.45,25831.6,25851.05,19.85,36.165,10.8763,22.9,57.2,0.5489,54.9%,35.7007,0.14%,0.353,0.647,Bullish,Moderate Contraction,36.1,False,Downtrend,Above SMA20,25895.3,25788.5,62.55,44.25,N/A,,,,34.7,41.9
16217,20-10-2025 10:40,25857.45,25867.2,25847.05,25862.75,20.15,29.235,8.4837,19.85,44.05,0.6892,68.9%,30.607,0.12%,0.263,0.737,Bullish,Mild Contraction,25.3,False,Uptrend,Above SMA20,25862.45,25791.55,71.2,-0.3,N/A,1,Upside Breakout,22.9,30.2,33.85
16222,20-10-2025 11:05,25876.0,25881.3,25868.05,25877.1,13.25,22.95,5.2015,10.95,28.75,0.5773,57.7%,24.7437,0.1%,0.083,0.917,Bullish,Moderate Contraction,32.5,False,Uptrend,Above SMA20,25892.95,25816.35,60.75,15.85,N/A,,,,48.2,54.75
16228,20-10-2025 11:35,25850.55,25855.9,25844.15,25847.95,11.75,22.015,7.9902,10.95,36.5,0.5337,53.4%,23.1708,0.09%,0.221,0.779,Bearish,Moderate Contraction,34.5,False,Downtrend,Below SMA20,25892.95,25828.9,19.05,45.0,N/A,1,Downside Breakdown,6.55,25.6,25.6
16231,20-10-2025 11:50,25843.75,25849.8,25835.1,25842.05,14.7,22.665,9.0389,11.75,36.5,0.6486,64.9%,22.7753,0.09%,0.116,0.884,Bearish,Mild Contraction,21.9,False,Downtrend,Below SMA20,25892.95,25822.35,19.7,50.9,N/A,14,Upside Breakout,14.6,18.65,33.55
16234,20-10-2025 12:05,25845.5,25853.45,25838.05,25849.5,15.4,22.065,9.0728,11.75,36.5,0.6979,69.8%,20.2122,0.08%,0.26,0.74,Bullish,Mild Contraction,16.7,False,Uptrend,Below SMA20,25878.25,25822.35,27.15,28.75,N/A,9,Upside Breakout,3.9,15.65,39.65
16242,20-10-2025 12:45,25867.85,25872.85,25862.55,25868.3,10.3,15.84,4.3343,7.15,22.15,0.6503,65.0%,17.1362,0.07%,0.044,0.956,Bullish,Mild Contraction,22.0,False,Uptrend,Above SMA20,25875.6,25831.95,36.35,7.3,N/A,1,Upside Breakout,6.55,41.95,41.95
16249,20-10-2025 13:20,25885.8,25891.05,25879.65,25890.4,11.4,17.935,5.3313,10.3,26.6,0.6356,63.6%,17.6082,0.07%,0.404,0.596,Bullish,Mild Contraction,26.9,False,Uptrend,Above SMA20,25910.25,25840.95,49.45,19.85,N/A,6,Downside Breakdown,3.3,37.95,52.75
16265,20-10-2025 14:40,25815.4,25824.55,25812.45,25817.35,12.1,25.725,9.0686,15.3,45.0,0.4704,47.0%,23.405,0.09%,0.161,0.839,Bullish,Moderate Contraction,40.6,False,Downtrend,Below SMA20,25884.15,25805.8,11.55,66.8,N/A,1,Downside Breakdown,9.05,32.75,117.0
16274,20-10-2025 15:25,25850.0,25854.1,25845.85,25850.7,8.25,23.765,6.6247,12.1,36.6,0.3471,34.7%,21.6605,0.08%,0.085,0.915,Bullish,Strong Contraction,51.9,False,Uptrend,Above SMA20,25861.6,25796.75,53.95,10.9,N/A,1,Upside Breakout,72.75,83.65,83.65
16279,21-10-2025 14:05,25894.85,25899.4,25888.95,25893.35,10.45,24.57,10.807,8.25,46.4,0.4253,42.5%,25.474,0.1%,0.144,0.856,Bearish,Moderate Contraction,39.5,False,Uptrend,Above SMA20,25934.35,25814.2,79.15,41.0,N/A,8,Upside Breakout,132.55,43.75,173.55
16292,23-10-2025 09:40,26080.2,26088.65,26070.15,26074.3,18.5,30.74,17.1133,15.35,73.85,0.6018,60.2%,38.7807,0.15%,0.319,0.681,Bearish,Mild Contraction,25.1,False,Uptrend,Above SMA20,26095.7,25826.3,248.0,21.4,N/A,6,Upside Breakout,1.4,34.0,34.0
16296,23-10-2025 10:00,26058.4,26077.3,26058.4,26074.85,18.9,30.295,17.2342,13.9,73.85,0.6239,62.4%,31.0006,0.12%,0.87,0.13,Bullish,Mild Contraction,21.6,False,Uptrend,Above SMA20,26095.7,25826.3,248.55,20.85,N/A,2,Upside Breakout,1.4,24.85,27.25
16299,23-10-2025 10:15,26095.9,26099.7,26086.25,26089.3,13.45,21.745,7.3982,11.05,35.2,0.6185,61.9%,24.973,0.1%,0.491,0.509,Bearish,Mild Contraction,25.8,False,Uptrend,Above SMA20,26097.1,26026.35,62.95,7.8,N/A,,,,30.4,44.5
16302,23-10-2025 10:30,26072.8,26076.35,26066.6,26067.0,9.75,17.775,4.612,11.05,25.95,0.5485,54.9%,21.2735,0.08%,0.595,0.405,Bearish,Moderate Contraction,37.4,False,Downtrend,Above SMA20,26099.7,26040.3,26.7,32.7,N/A,,,,19.4,23.0
16306,23-10-2025 10:50,26053.3,26057.9,26047.6,26053.2,10.3,16.84,4.3445,9.75,23.6,0.6116,61.2%,19.7411,0.08%,0.01,0.99,Bearish,Moderate Contraction,31.0,False,Downtrend,Below SMA20,26099.7,26050.8,2.4,46.5,N/A,1,Downside Breakdown,2.5,24.05,24.05
16312,23-10-2025 11:20,26054.15,26061.1,26051.1,26055.65,10.0,16.48,4.5908,9.75,23.6,0.6068,60.7%,16.7396,0.06%,0.15,0.85,Bullish,Strong Contraction,51.6,True,Downtrend,Below SMA20,26085.5,26044.0,11.65,29.85,N/A,1,Downside Breakdown,1.1,14.05,31.4
16315,23-10-2025 11:35,26050.65,26056.65,26047.65,26049.6,9.0,15.755,4.1711,10.0,21.2,0.5712,57.1%,15.7858,0.06%,0.117,0.883,Bearish,Moderate Contraction,35.5,False,Downtrend,Below SMA20,26077.25,26041.9,7.7,27.65,N/A,3,Upside Breakout,1.15,37.45,44.45
16326,23-10-2025 12:30,26086.55,26093.75,26085.1,26090.4,8.65,15.63,3.6019,11.4,24.8,0.5534,55.3%,15.0513,0.06%,0.445,0.555,Bullish,Moderate Contraction,38.1,False,Uptrend,Above SMA20,26094.05,26047.65,42.75,3.65,N/A,1,Upside Breakout,2.4,34.05,51.95
16332,23-10-2025 13:00,26058.1,26058.85,26046.65,26048.45,12.2,18.285,7.5844,8.65,33.4,0.6672,66.7%,17.8936,0.07%,0.791,0.209,Bearish,Mild Contraction,18.5,False,Downtrend,Below SMA20,26104.2,26056.35,-7.9,55.75,N/A,1,Downside Breakdown,17.9,30.85,44.3
16337,23-10-2025 13:25,26052.0,26055.15,26043.85,26047.7,11.3,21.545,6.8486,12.2,33.4,0.5245,52.4%,19.337,0.07%,0.381,0.619,Bearish,Moderate Contraction,37.5,False,Downtrend,Below SMA20,26104.2,26038.45,9.25,56.5,N/A,1,Downside Breakdown,18.15,43.55,101.5
16341,23-10-2025 13:45,26025.9,26028.5,26016.4,26025.15,12.1,22.655,6.7636,11.3,32.2,0.5341,53.4%,20.8845,0.08%,0.062,0.938,Bearish,Strong Contraction,55.9,True,Downtrend,Below SMA20,26080.05,26004.15,21.0,54.9,N/A,2,Downside Breakdown,16.85,78.95,99.4
16345,23-10-2025 14:05,25983.75,25984.25,25968.5,25976.25,15.75,22.705,7.2988,11.3,32.2,0.6937,69.4%,21.2197,0.08%,0.476,0.524,Bearish,Mild Contraction,17.3,False,Downtrend,Below SMA20,26079.3,25972.45,3.8,103.05,N/A,1,Downside Breakdown,26.25,50.5,50.5
16361,23-10-2025 15:25,25872.8,25879.85,25866.25,25870.3,13.6,33.54,10.5069,19.85,51.3,0.4055,40.5%,28.7765,0.11%,0.184,0.816,Bearish,Moderate Contraction,46.3,False,Downtrend,Below SMA20,25996.85,25862.45,7.85,126.55,N/A,1,Downside Breakdown,17.35,73.85,73.85
16365,24-10-2025 09:30,25885.85,25887.6,25864.5,25875.4,23.1,40.735,23.4261,13.6,99.05,0.5671,56.7%,37.0353,0.14%,0.452,0.548,Bearish,Moderate Contraction,44.4,True,Downtrend,Below SMA20,25976.2,25840.3,35.1,100.8,N/A,9,Downside Breakdown,6.35,39.3,50.65
16368,24-10-2025 09:45,25903.5,25904.15,25881.95,25883.2,22.2,39.48,24.2215,13.6,99.05,0.5623,56.2%,35.8562,0.14%,0.914,0.086,Bearish,Mild Contraction,24.8,False,Uptrend,Below SMA20,25944.15,25840.3,42.9,60.95,N/A,6,Downside Breakdown,6.35,19.8,67.1
16371,24-10-2025 10:00,25893.2,25901.9,25884.7,25885.9,17.2,37.43,25.1558,13.6,99.05,0.4595,46.0%,30.9303,0.12%,0.424,0.576,Bearish,Moderate Contraction,34.7,False,Uptrend,Below SMA20,25944.15,25840.3,45.6,58.25,N/A,3,Downside Breakdown,6.35,64.65,75.5
16378,24-10-2025 10:35,25832.85,25840.1,25829.4,25830.35,10.7,24.1,7.3829,17.2,41.8,0.444,44.4%,25.1645,0.1%,0.234,0.766,Bearish,Moderate Contraction,43.7,False,Downtrend,Below SMA20,25904.15,25816.1,14.25,73.8,N/A,1,Downside Breakdown,5.05,19.95,34.55
16381,24-10-2025 10:50,25826.55,25831.3,25820.0,25823.85,11.3,21.795,8.4139,10.7,41.8,0.5185,51.8%,21.8529,0.08%,0.239,0.761,Bearish,Moderate Contraction,35.5,False,Downtrend,Below SMA20,25903.0,25810.4,13.45,79.15,N/A,3,Downside Breakdown,14.6,28.05,40.1
16392,24-10-2025 11:45,25836.9,25847.2,25833.15,25833.45,14.05,24.465,7.4856,12.85,34.8,0.5743,57.4%,23.1343,0.09%,0.246,0.754,Bearish,Moderate Contraction,32.1,False,Uptrend,Above SMA20,25839.4,25783.75,49.7,5.95,N/A,1,Upside Breakout,11.1,24.4,41.25
16395,24-10-2025 12:00,25821.15,25828.2,25815.1,25821.65,13.1,23.13,6.5937,14.05,34.8,0.5664,56.6%,20.6708,0.08%,0.038,0.962,Bullish,Moderate Contraction,35.2,False,Downtrend,Below SMA20,25850.5,25783.75,37.9,28.85,N/A,1,Upside Breakout,1.95,53.05,53.05
16398,24-10-2025 12:15,25850.25,25852.65,25838.25,25840.25,14.4,21.655,7.2531,12.75,31.6,0.665,66.5%,20.0139,0.08%,0.694,0.306,Bearish,Mild Contraction,23.3,False,Uptrend,Above SMA20,25857.85,25783.75,56.5,17.6,N/A,1,Upside Breakout,10.55,34.45,34.45
16401,24-10-2025 12:30,25843.4,25845.7,25831.4,25836.85,14.3,21.325,8.4042,12.75,33.05,0.6706,67.1%,21.8086,0.08%,0.458,0.542,Bearish,Mild Contraction,22.2,False,Downtrend,Above SMA20,25874.7,25811.55,25.3,37.85,N/A,5,Downside Breakdown,5.55,30.85,47.4
16404,24-10-2025 12:45,25841.15,25845.7,25835.3,25835.95,10.4,20.95,8.3553,12.75,33.05,0.4964,49.6%,20.2575,0.08%,0.5,0.5,Bearish,Moderate Contraction,37.9,False,Uptrend,Above SMA20,25874.7,25815.1,20.85,38.75,N/A,1,Downside Breakdown,0.55,29.95,103.8
16409,24-10-2025 13:10,25816.7,25826.95,25814.0,25825.95,12.95,20.49,7.4556,10.4,33.05,0.632,63.2%,18.5399,0.07%,0.714,0.286,Bullish,Mild Contraction,23.9,False,Downtrend,Below SMA20,25874.7,25806.0,19.95,48.75,N/A,1,Downside Breakdown,3.75,93.8,107.75
16416,24-10-2025 13:45,25724.4,25737.5,25723.35,25730.0,14.15,24.29,8.6931,12.95,41.95,0.5825,58.3%,23.7165,0.09%,0.396,0.604,Bullish,Moderate Contraction,30.4,False,Downtrend,Below SMA20,25831.1,25721.6,8.4,101.1,N/A,1,Downside Breakdown,3.4,44.4,54.3
16419,24-10-2025 14:00,25739.45,25746.3,25733.75,25743.85,12.55,24.73,8.4516,12.95,41.95,0.5075,50.7%,21.4922,0.08%,0.351,0.649,Bullish,Moderate Contraction,38.2,False,Downtrend,Below SMA20,25831.1,25718.2,25.65,87.25,N/A,18,Upside Breakout,48.3,35.85,40.45
16427,24-10-2025 14:40,25749.8,25758.65,25747.9,25752.5,10.75,21.345,5.2944,12.55,29.85,0.5036,50.4%,21.0401,0.08%,0.251,0.749,Bullish,Moderate Contraction,41.2,False,Uptrend,Below SMA20,25784.3,25718.2,34.3,31.8,N/A,4,Upside Breakout,19.05,53.55,126.9
16430,24-10-2025 14:55,25748.75,25752.15,25739.7,25744.1,12.45,20.415,6.434,10.75,29.85,0.6098,61.0%,18.8669,0.07%,0.373,0.627,Bearish,Mild Contraction,27.8,False,Downtrend,Below SMA20,25784.3,25736.2,7.9,40.2,N/A,1,Upside Breakout,19.05,65.15,155.3
16434,24-10-2025 15:15,25798.95,25805.6,25798.3,25804.95,7.3,21.725,14.0256,10.75,57.9,0.336,33.6%,20.3057,0.08%,0.822,0.178,Bullish,Moderate Contraction,45.9,False,Uptrend,Above SMA20,25807.75,25737.95,67.0,2.8,N/A,1,Upside Breakout,1.5,86.55,140.5
16443,27-10-2025 09:45,25937.4,25942.45,25926.3,25941.8,16.15,23.205,12.1314,7.3,52.4,0.696,69.6%,24.8121,0.1%,0.272,0.728,Bullish,Mild Contraction,12.0,False,Uptrend,Above SMA20,25945.35,25787.9,153.9,3.55,N/A,1,Upside Breakout,0.1,33.75,37.05
16449,27-10-2025 10:15,25962.75,25970.2,25957.25,25966.5,12.95,23.255,7.9631,15.05,41.3,0.5569,55.7%,22.9185,0.09%,0.29,0.71,Bullish,Moderate Contraction,34.6,False,Uptrend,Above SMA20,25975.55,25867.25,99.25,9.05,N/A,1,Upside Breakout,1.7,19.75,19.75
16454,27-10-2025 10:40,25957.5,25966.9,25955.95,25963.5,10.95,18.98,8.4421,12.9,41.3,0.5769,57.7%,18.4616,0.07%,0.548,0.452,Bullish,Moderate Contraction,31.8,False,Uptrend,Above SMA20,25978.85,25920.7,42.8,15.35,N/A,4,Upside Breakout,1.0,16.35,23.45
16464,27-10-2025 11:30,25978.45,25979.35,25969.5,25972.2,9.85,14.375,2.7868,10.25,19.4,0.6852,68.5%,14.9334,0.06%,0.635,0.365,Bearish,Moderate Contraction,49.0,True,Uptrend,Above SMA20,25986.95,25949.55,22.65,14.75,N/A,3,Downside Breakdown,3.3,25.95,33.75
16470,27-10-2025 12:00,25994.95,26002.2,25993.15,25997.1,9.05,15.02,4.752,9.35,24.7,0.6025,60.3%,15.3902,0.06%,0.238,0.762,Bullish,Moderate Contraction,31.9,False,Uptrend,Above SMA20,25996.0,25946.25,50.85,-1.1,N/A,1,Upside Breakout,9.95,31.4,40.8
16474,27-10-2025 12:20,25991.05,25991.4,25982.6,25987.0,8.8,14.1,5.6042,7.15,24.7,0.6241,62.4%,13.5627,0.05%,0.46,0.54,Bearish,Mild Contraction,24.3,False,Uptrend,Above SMA20,26005.95,25946.25,40.75,18.95,N/A,11,Downside Breakdown,8.95,29.85,30.7
16481,27-10-2025 12:55,25978.0,25979.5,25971.5,25974.4,8.0,15.73,6.3985,7.15,28.1,0.5086,50.9%,15.1226,0.06%,0.45,0.55,Bearish,Moderate Contraction,35.0,False,Downtrend,Below SMA20,26005.95,25956.3,18.1,31.55,N/A,4,Downside Breakdown,19.0,56.0,56.0
16494,27-10-2025 14:00,25954.3,25960.85,25948.55,25956.15,12.3,18.3,6.8852,12.4,33.7,0.6721,67.2%,15.8561,0.06%,0.15,0.85,Bullish,Mild Contraction,25.9,False,Downtrend,Below SMA20,25972.0,25918.4,37.75,15.85,N/A,3,Upside Breakout,12.1,27.95,29.4
16499,27-10-2025 14:25,25977.0,25979.4,25969.85,25977.8,9.55,19.505,10.4283,11.15,46.05,0.4896,49.0%,19.1048,0.07%,0.084,0.916,Bullish,Moderate Contraction,36.8,False,Uptrend,Above SMA20,25984.1,25921.05,56.75,6.3,N/A,1,Upside Breakout,0.8,51.05,51.05
16502,27-10-2025 14:40,25970.05,25972.35,25960.4,25967.05,11.95,18.38,10.7917,9.55,46.05,0.6502,65.0%,16.9395,0.07%,0.251,0.749,Bearish,Mild Contraction,20.4,False,Uptrend,Above SMA20,25984.9,25936.1,30.95,17.85,N/A,1,Downside Breakdown,6.75,40.3,40.3
16505,27-10-2025 14:55,25949.75,25960.05,25945.65,25958.2,14.4,22.395,13.2443,9.55,46.05,0.643,64.3%,20.6884,0.08%,0.587,0.413,Bullish,Mild Contraction,18.7,False,Downtrend,Above SMA20,25984.9,25926.75,31.45,26.7,N/A,7,Upside Breakout,20.95,12.45,76.0
16508,27-10-2025 15:10,25968.9,25970.65,25961.7,25963.8,8.95,20.315,10.102,9.55,42.05,0.4406,44.1%,19.5726,0.08%,0.57,0.43,Bearish,Moderate Contraction,40.5,False,Downtrend,Above SMA20,25984.9,25926.75,37.05,21.1,N/A,4,Upside Breakout,20.95,42.05,77.9
16516,28-10-2025 09:35,26028.65,26039.35,26024.4,26024.4,14.95,29.945,22.9371,8.2,76.2,0.4992,49.9%,29.6947,0.11%,0.284,0.716,Bearish,Mild Contraction,28.5,False,Uptrend,Above SMA20,26034.2,25929.65,94.75,9.8,N/A,1,Upside Breakout,7.5,97.15,137.85
16523,28-10-2025 10:10,25907.55,25907.9,25886.55,25905.25,21.35,36.615,13.4107,14.95,56.1,0.5831,58.3%,32.0198,0.12%,0.108,0.892,Bearish,Mild Contraction,26.5,False,Downtrend,Below SMA20,26041.7,25894.95,10.3,136.45,N/A,1,Downside Breakdown,1.9,40.2,65.4
16526,28-10-2025 10:25,25899.25,25908.35,25887.9,25901.5,20.45,29.475,12.1142,14.95,53.45,0.6938,69.4%,28.2049,0.11%,0.11,0.89,Bullish,Mild Contraction,16.5,False,Downtrend,Below SMA20,26041.7,25886.55,14.95,140.2,N/A,1,Downside Breakdown,15.15,44.15,61.65
16532,28-10-2025 10:55,25857.8,25867.1,25853.65,25862.5,13.45,25.025,6.2649,19.45,37.4,0.5375,53.7%,25.2283,0.1%,0.349,0.651,Bullish,Moderate Contraction,38.5,False,Downtrend,Below SMA20,25932.35,25857.35,5.15,69.85,N/A,1,Downside Breakdown,17.5,22.65,32.0
16535,28-10-2025 11:10,25853.25,25858.35,25847.55,25852.3,10.8,22.52,6.1242,13.45,32.55,0.4796,48.0%,22.062,0.09%,0.088,0.912,Bearish,Moderate Contraction,42.2,False,Downtrend,Below SMA20,25910.15,25839.85,12.45,57.85,N/A,11,Downside Breakdown,12.85,41.55,47.1
16540,28-10-2025 11:35,25872.85,25882.85,25869.75,25881.15,13.1,20.27,6.3858,10.8,32.55,0.6463,64.6%,20.5094,0.08%,0.634,0.366,Bullish,Mild Contraction,23.8,False,Downtrend,Above SMA20,25904.35,25839.85,41.3,23.2,N/A,6,Downside Breakdown,12.85,37.9,55.0
16545,28-10-2025 12:00,25848.75,25855.3,25843.25,25845.15,12.05,20.17,5.8138,10.8,31.55,0.5974,59.7%,20.7377,0.08%,0.299,0.701,Bearish,Moderate Contraction,30.2,False,Downtrend,Below SMA20,25899.4,25844.7,0.45,54.25,N/A,1,Downside Breakdown,17.7,30.4,100.5
16550,28-10-2025 12:25,25868.05,25875.55,25863.25,25863.25,12.3,21.155,5.805,12.05,31.55,0.5814,58.1%,20.5294,0.08%,0.39,0.61,Bearish,Moderate Contraction,33.9,False,Downtrend,Above SMA20,25899.4,25826.15,37.1,36.15,N/A,2,Upside Breakout,6.2,82.4,85.8
16559,28-10-2025 13:10,25939.9,25941.6,25924.05,25926.35,17.55,27.135,7.2533,12.3,33.7,0.6468,64.7%,25.7985,0.1%,0.772,0.228,Bearish,Mild Contraction,22.6,False,Uptrend,Above SMA20,25949.05,25849.15,77.2,22.7,N/A,3,Upside Breakout,6.95,29.65,68.55
16563,28-10-2025 13:30,25940.0,25953.85,25937.95,25939.15,15.9,27.725,6.8271,17.55,36.35,0.5735,57.3%,24.1807,0.09%,0.053,0.947,Bearish,Moderate Contraction,35.9,False,Uptrend,Above SMA20,25956.0,25898.55,40.6,16.85,N/A,2,Downside Breakdown,18.95,80.4,97.6
16573,28-10-2025 14:20,25852.15,25860.75,25842.35,25851.6,18.4,29.865,11.2466,15.55,51.05,0.6161,61.6%,28.0895,0.11%,0.03,0.97,Bearish,Mild Contraction,25.9,False,Downtrend,Below SMA20,25953.85,25841.55,10.05,102.25,N/A,1,Downside Breakdown,31.5,41.55,97.15
16577,28-10-2025 14:40,25832.8,25846.75,25825.7,25826.75,21.05,30.175,8.4575,18.4,44.55,0.6976,69.8%,28.4497,0.11%,0.287,0.713,Bearish,Mild Contraction,21.0,False,Downtrend,Below SMA20,25900.25,25810.05,16.7,73.5,N/A,4,Upside Breakout,20.9,114.1,196.1
16584,28-10-2025 15:15,25941.85,25966.55,25941.75,25962.2,24.8,36.67,12.9682,21.05,68.45,0.6763,67.6%,34.4895,0.13%,0.821,0.179,Bullish,Mild Contraction,21.1,False,Uptrend,Above SMA20,25948.75,25810.05,152.15,-13.45,N/A,1,Upside Breakout,17.95,60.65,62.85
16588,29-10-2025 09:20,25980.55,25992.5,25968.4,25988.55,24.1,37.73,14.4349,21.8,68.45,0.6387,63.9%,33.9661,0.13%,0.332,0.668,Bullish,Mild Contraction,25.3,False,Uptrend,Above SMA20,26022.85,25814.6,173.95,34.3,N/A,2,Upside Breakout,2.2,36.5,36.5
16592,29-10-2025 09:40,25965.7,25975.25,25960.3,25972.3,14.95,31.57,10.0014,21.8,56.85,0.4736,47.4%,30.4204,0.12%,0.441,0.559,Bullish,Moderate Contraction,41.2,False,Uptrend,Above SMA20,26025.05,25908.15,64.15,52.75,N/A,9,Upside Breakout,17.45,32.65,92.25
16595,29-10-2025 09:55,25988.4,25995.6,25979.25,25983.7,16.35,28.97,11.1274,14.95,56.85,0.5644,56.4%,27.666,0.11%,0.287,0.713,Bearish,Moderate Contraction,31.4,False,Uptrend,Above SMA20,26025.05,25940.55,43.15,41.35,N/A,6,Upside Breakout,17.45,34.75,80.85
16604,29-10-2025 10:40,26043.65,26050.45,26040.75,26046.15,9.7,21.775,5.8872,13.1,31.05,0.4455,44.5%,22.584,0.09%,0.258,0.742,Bullish,Strong Contraction,64.8,True,Uptrend,Above SMA20,26064.55,25966.0,80.15,18.4,N/A,,,,24.15,38.25
16609,29-10-2025 11:05,26032.7,26038.1,26030.35,26035.5,7.75,20.67,6.9723,9.7,31.05,0.3749,37.5%,19.1561,0.07%,0.361,0.639,Bullish,Moderate Contraction,47.8,False,Uptrend,Above SMA20,26064.55,25987.65,47.85,29.05,N/A,16,Upside Breakout,4.95,27.6,27.6
16614,29-10-2025 11:30,26040.35,26043.95,26032.0,26037.2,11.95,18.37,7.149,7.75,28.55,0.6505,65.1%,19.3768,0.07%,0.264,0.736,Bearish,Mild Contraction,19.4,False,Downtrend,Above SMA20,26050.6,26007.9,29.3,13.4,N/A,2,Upside Breakout,3.35,16.75,26.45
16618,29-10-2025 11:50,26038.7,26041.1,26033.1,26034.45,8.0,17.56,6.5976,7.75,28.55,0.4556,45.6%,16.9757,0.07%,0.531,0.469,Bearish,Moderate Contraction,40.7,False,Uptrend,Above SMA20,26053.95,26007.9,26.55,19.5,N/A,3,Upside Breakout,7.45,29.2,42.1
16622,29-10-2025 12:10,26057.7,26063.65,26052.75,26054.75,10.9,16.17,5.7737,8.0,28.55,0.6741,67.4%,16.142,0.06%,0.271,0.729,Bearish,Mild Contraction,18.9,False,Uptrend,Above SMA20,26061.4,26011.1,43.65,6.65,N/A,1,Upside Breakout,1.3,21.6,29.35
16631,29-10-2025 12:55,26071.85,26075.85,26067.95,26073.85,7.9,14.2,4.0913,9.55,20.55,0.5563,55.6%,13.8188,0.05%,0.253,0.747,Bullish,Moderate Contraction,35.9,False,Uptrend,Above SMA20,26084.1,26043.35,30.5,10.25,N/A,3,Upside Breakout,0.6,16.9,24.0
16635,29-10-2025 13:15,26080.0,26086.15,26076.6,26082.65,9.55,15.275,4.934,7.9,22.3,0.6252,62.5%,14.2938,0.05%,0.277,0.723,Bullish,Mild Contraction,25.6,False,Uptrend,Above SMA20,26084.7,26048.95,33.7,2.05,N/A,1,Upside Breakout,0.45,18.35,43.75
16642,29-10-2025 13:50,26069.55,26076.6,26069.55,26076.35,7.05,17.29,6.5086,9.55,27.45,0.4078,40.8%,15.5322,0.06%,0.965,0.035,Bullish,Moderate Contraction,44.6,False,Uptrend,Above SMA20,26097.85,26056.95,19.4,21.5,N/A,2,Downside Breakdown,15.75,37.45,37.45
16649,29-10-2025 14:25,26051.2,26060.95,26048.9,26059.85,12.05,19.41,8.9511,7.05,34.6,0.6208,62.1%,19.0578,0.07%,0.718,0.282,Bullish,Mild Contraction,20.5,False,Downtrend,Below SMA20,26097.85,26038.9,20.95,38.0,N/A,4,Downside Breakdown,17.3,44.55,44.55
16655,29-10-2025 14:55,26039.8,26047.9,26035.1,26045.9,12.8,21.11,10.8676,11.1,35.9,0.6063,60.6%,20.1702,0.08%,0.477,0.523,Bullish,Mild Contraction,25.8,False,Uptrend,Below SMA20,26082.4,26015.3,30.6,36.5,N/A,7,Downside Breakdown,50.05,24.8,113.0
16658,29-10-2025 15:10,26039.05,26045.5,26036.95,26043.55,8.55,18.415,11.3468,8.1,35.9,0.4643,46.4%,16.1124,0.06%,0.526,0.474,Bullish,Moderate Contraction,36.9,False,Downtrend,Below SMA20,26081.9,26015.3,28.25,38.35,N/A,4,Downside Breakdown,50.05,79.7,133.15
16670,30-10-2025 09:55,25901.4,25912.05,25892.25,25905.85,19.8,30.26,16.5621,12.9,66.8,0.6543,65.4%,27.5577,0.11%,0.225,0.775,Bullish,Mild Contraction,17.8,False,Downtrend,Below SMA20,26075.5,25899.85,6.0,169.65,N/A,,,,61.55,61.55
16676,30-10-2025 10:25,25953.6,25955.0,25938.05,25938.05,16.95,27.2,9.0504,16.45,42.5,0.6232,62.3%,27.1101,0.1%,0.917,0.083,Bearish,Mild Contraction,29.1,False,Downtrend,Below SMA20,25967.4,25892.25,45.8,29.35,N/A,11,Upside Breakout,7.6,25.75,26.1
16680,30-10-2025 10:45,25918.2,25926.7,25913.35,25919.5,13.35,23.985,7.962,16.45,39.0,0.5566,55.7%,22.9822,0.09%,0.097,0.903,Bullish,Moderate Contraction,34.9,False,Uptrend,Below SMA20,25967.4,25892.25,27.25,47.9,N/A,7,Upside Breakout,7.6,37.9,55.5
16690,30-10-2025 11:35,25942.1,25942.5,25931.45,25936.25,11.05,17.775,3.3275,13.35,24.9,0.6217,62.2%,18.6391,0.07%,0.529,0.471,Bearish,Strong Contraction,54.6,True,Uptrend,Below SMA20,25975.0,25911.95,24.3,38.75,N/A,3,Downside Breakdown,3.6,34.0,39.35
16694,30-10-2025 11:55,25909.7,25912.35,25902.25,25906.9,10.1,17.37,7.3385,7.7,32.05,0.5815,58.1%,17.1454,0.07%,0.277,0.723,Bearish,Mild Contraction,26.8,False,Downtrend,Below SMA20,25975.0,25908.35,-1.45,68.1,N/A,1,Downside Breakdown,3.95,17.05,20.7
16697,30-10-2025 12:10,25909.85,25917.55,25909.55,25912.25,8.0,16.295,7.6549,7.7,32.05,0.4909,49.1%,15.7283,0.06%,0.3,0.7,Bullish,Moderate Contraction,36.7,False,Downtrend,Below SMA20,25975.0,25902.25,10.0,62.75,N/A,1,Downside Breakdown,3.35,15.35,15.35
16700,30-10-2025 12:25,25921.3,25927.3,25917.2,25919.95,10.1,15.43,8.1136,7.7,32.05,0.6546,65.5%,16.3885,0.06%,0.134,0.866,Bearish,Mild Contraction,19.7,False,Downtrend,Below SMA20,25942.5,25896.9,23.05,22.55,N/A,12,Downside Breakdown,3.25,17.6,18.45
16704,30-10-2025 12:45,25919.55,25927.6,25918.2,25920.5,9.4,15.335,5.2733,8.0,25.1,0.613,61.3%,15.3316,0.06%,0.101,0.899,Bullish,Moderate Contraction,46.8,True,Uptrend,Below SMA20,25927.3,25896.9,23.6,6.8,N/A,6,Upside Breakout,4.85,19.0,53.35
16715,30-10-2025 13:40,25881.85,25885.3,25874.25,25880.8,11.05,18.305,7.4352,7.55,30.25,0.6037,60.4%,18.0561,0.07%,0.095,0.905,Bearish,Mild Contraction,23.9,False,Downtrend,Below SMA20,25932.35,25867.15,13.65,51.55,N/A,1,Downside Breakdown,2.7,16.35,37.0
16720,30-10-2025 14:05,25878.7,25882.25,25872.6,25874.75,9.65,21.655,6.1088,11.05,30.25,0.4456,44.6%,18.603,0.07%,0.409,0.591,Bearish,Moderate Contraction,44.4,False,Downtrend,Below SMA20,25932.35,25864.45,10.3,57.6,N/A,9,Downside Breakdown,3.85,43.05,43.05
16724,30-10-2025 14:25,25902.0,25904.75,25893.1,25895.85,11.65,19.85,7.6535,9.65,35.35,0.5869,58.7%,19.229,0.07%,0.528,0.472,Bearish,Mild Contraction,27.9,False,Uptrend,Above SMA20,25917.8,25864.45,31.4,21.95,N/A,5,Downside Breakdown,3.85,35.25,50.6
16732,30-10-2025 15:05,25863.55,25877.2,25862.4,25866.05,14.8,25.925,8.3728,11.65,37.85,0.5709,57.1%,22.9542,0.09%,0.169,0.831,Bullish,Mild Contraction,29.6,False,Downtrend,Below SMA20,25917.8,25845.25,20.8,51.75,N/A,5,Downside Breakdown,23.15,43.95,87.7
16735,30-10-2025 15:20,25885.35,25889.65,25879.95,25883.6,9.7,24.33,7.7697,14.3,37.85,0.3987,39.9%,19.8568,0.08%,0.18,0.82,Bearish,Moderate Contraction,46.6,False,Uptrend,Above SMA20,25911.75,25845.25,38.35,28.15,N/A,2,Downside Breakdown,23.15,65.25,70.15
16741,31-10-2025 09:35,25946.35,25953.75,25940.15,25941.1,13.6,28.565,18.5276,9.7,63.1,0.4761,47.6%,28.6216,0.11%,0.386,0.614,Bearish,Strong Contraction,52.7,True,Uptrend,Above SMA20,25948.85,25822.1,119.0,7.75,N/A,1,Upside Breakout,1.3,53.35,117.95
16744,31-10-2025 09:50,25926.6,25929.3,25910.2,25923.4,19.1,28.855,18.5304,9.7,63.1,0.6619,66.2%,26.5138,0.1%,0.168,0.832,Bearish,Mild Contraction,15.0,False,Uptrend,Above SMA20,25953.75,25822.1,101.3,30.35,N/A,8,Downside Breakdown,21.15,75.5,134.8
16748,31-10-2025 10:10,25873.35,25880.95,25865.1,25879.0,15.85,29.225,12.853,13.6,54.8,0.5423,54.2%,25.6307,0.1%,0.356,0.644,Bullish,Moderate Contraction,31.3,False,Downtrend,Below SMA20,25953.75,25840.5,38.5,74.75,N/A,2,Downside Breakdown,13.5,90.4,113.1
16751,31-10-2025 10:25,25830.95,25839.85,25823.15,25836.55,16.7,24.325,8.817,13.6,41.8,0.6865,68.7%,25.8104,0.1%,0.335,0.665,Bullish,Mild Contraction,19.3,False,Downtrend,Below SMA20,25953.75,25827.0,9.55,117.2,N/A,1,Downside Breakdown,26.05,47.95,73.2
16755,31-10-2025 10:45,25818.2,25830.7,25817.2,25825.6,13.5,26.275,8.8613,15.85,41.8,0.5138,51.4%,24.9046,0.1%,0.548,0.452,Bullish,Moderate Contraction,37.8,False,Downtrend,Below SMA20,25935.05,25788.6,37.0,109.45,N/A,3,Downside Breakdown,22.7,62.25,62.25
16759,31-10-2025 11:05,25776.9,25786.15,25775.4,25781.55,10.75,24.39,9.1803,10.95,36.35,0.4408,44.1%,22.534,0.09%,0.433,0.567,Bullish,Moderate Contraction,42.2,False,Downtrend,Below SMA20,25876.8,25765.9,15.65,95.25,N/A,1,Downside Breakdown,2.55,18.2,38.25
16762,31-10-2025 11:20,25787.65,25794.05,25779.75,25791.9,14.3,21.815,9.2802,10.75,36.35,0.6555,65.6%,20.9932,0.08%,0.297,0.703,Bullish,Mild Contraction,20.2,False,Downtrend,Below SMA20,25837.05,25763.35,28.55,45.15,N/A,,,,18.2,42.85
16765,31-10-2025 11:35,25795.65,25801.25,25792.2,25793.5,9.05,18.94,7.6234,10.75,36.35,0.4778,47.8%,19.4897,0.08%,0.238,0.762,Bearish,Moderate Contraction,39.2,False,Downtrend,Below SMA20,25830.7,25763.35,30.15,37.2,N/A,7,Upside Breakout,4.05,34.85,41.25
16769,31-10-2025 11:55,25817.8,25819.8,25809.5,25819.8,10.3,18.11,5.9088,9.05,26.85,0.5687,56.9%,18.8234,0.07%,0.194,0.806,Bullish,Moderate Contraction,31.3,False,Uptrend,Above SMA20,25818.2,25763.35,56.45,-1.6,N/A,1,Upside Breakout,10.15,31.1,39.9
16775,31-10-2025 12:25,25789.9,25792.6,25781.75,25787.15,10.85,18.09,9.3119,9.05,38.15,0.5998,60.0%,18.4306,0.07%,0.253,0.747,Bearish,Mild Contraction,25.6,False,Downtrend,Below SMA20,25834.75,25787.2,-0.05,47.6,N/A,1,Downside Breakdown,7.3,20.8,29.25
16779,31-10-2025 12:45,25790.4,25795.3,25784.55,25791.05,10.75,16.59,8.6251,10.3,38.15,0.648,64.8%,16.6313,0.06%,0.06,0.94,Bullish,Mild Contraction,24.9,False,Downtrend,Below SMA20,25834.75,25779.9,11.15,43.7,N/A,8,Downside Breakdown,6.3,25.35,32.35
16783,31-10-2025 13:05,25811.85,25816.4,25806.0,25813.05,10.4,15.565,4.3249,10.75,22.7,0.6682,66.8%,15.9311,0.06%,0.115,0.885,Bullish,Mild Contraction,27.8,False,Uptrend,Above SMA20,25811.7,25779.9,33.15,-1.35,N/A,1,Upside Breakout,0.3,42.05,59.4
16792,31-10-2025 13:50,25760.15,25769.9,25758.8,25769.25,11.1,16.12,4.5262,10.4,24.25,0.6886,68.9%,15.5882,0.06%,0.82,0.18,Bullish,Mild Contraction,23.8,False,Downtrend,Below SMA20,25816.4,25753.65,15.6,47.15,N/A,5,Downside Breakdown,11.25,26.85,26.85
16796,31-10-2025 14:10,25774.7,25779.5,25767.45,25777.4,12.05,17.495,5.015,11.1,26.45,0.6888,68.9%,16.5561,0.06%,0.224,0.776,Bullish,Mild Contraction,23.1,False,Downtrend,Below SMA20,25809.6,25753.65,23.75,32.2,N/A,1,Downside Breakdown,11.25,35.0,55.95
16800,31-10-2025 14:30,25781.75,25786.4,25774.2,25781.8,12.2,18.63,8.1532,11.1,34.85,0.6549,65.5%,18.3533,0.07%,0.004,0.996,Bullish,Mild Contraction,23.6,False,Uptrend,Below SMA20,25790.1,25742.4,39.4,8.3,N/A,4,Downside Breakdown,2.0,41.4,70.6
16803,31-10-2025 14:45,25772.75,25772.95,25763.55,25768.35,9.4,19.285,8.0839,11.8,34.85,0.4874,48.7%,16.9858,0.07%,0.468,0.532,Bearish,Moderate Contraction,38.3,False,Downtrend,Below SMA20,25790.1,25742.4,25.95,21.75,N/A,1,Downside Breakdown,2.0,55.6,109.15
16807,31-10-2025 15:05,25724.45,25727.5,25716.55,25718.55,10.95,20.695,9.4009,9.4,34.85,0.5291,52.9%,19.2214,0.07%,0.539,0.461,Bearish,Moderate Contraction,32.2,False,Downtrend,Below SMA20,25786.4,25721.45,-2.9,67.85,N/A,1,Downside Breakdown,8.7,59.35,73.05
16819,03-11-2025 09:50,25751.45,25756.45,25738.9,25743.6,17.55,33.275,19.5714,14.0,79.55,0.5274,52.7%,28.7485,0.11%,0.447,0.553,Bearish,Moderate Contraction,30.2,False,Uptrend,Above SMA20,25753.3,25645.5,98.1,9.7,N/A,1,Upside Breakout,8.2,48.25,48.25
16822,03-11-2025 10:05,25724.0,25730.05,25708.25,25712.8,21.8,36.43,18.2069,17.55,79.55,0.5984,59.8%,28.6424,0.11%,0.514,0.486,Bearish,Mild Contraction,25.3,False,Uptrend,Below SMA20,25761.95,25645.5,67.3,49.15,N/A,6,Upside Breakout,0.5,22.25,60.65
16825,03-11-2025 10:20,25715.2,25727.4,25707.9,25723.6,19.5,29.17,10.7737,13.95,47.55,0.6685,66.8%,26.5422,0.1%,0.431,0.569,Bullish,Mild Contraction,19.0,False,Uptrend,Above SMA20,25761.95,25645.5,78.1,38.35,N/A,3,Upside Breakout,0.5,49.85,49.85
16831,03-11-2025 10:50,25753.55,25753.55,25740.15,25744.35,13.4,24.285,9.1817,13.95,42.65,0.5518,55.2%,23.0116,0.09%,0.687,0.313,Bearish,Moderate Contraction,34.4,False,Uptrend,Above SMA20,25773.45,25695.35,49.0,29.1,N/A,,,,17.4,20.5
16834,03-11-2025 11:05,25752.2,25759.7,25750.4,25758.3,9.3,20.325,7.7427,12.0,33.75,0.4576,45.8%,18.9483,0.07%,0.656,0.344,Bullish,Strong Contraction,61.0,True,Uptrend,Above SMA20,25773.45,25695.35,62.95,15.15,N/A,,,,15.2,50.45
16839,03-11-2025 11:30,25753.3,25758.0,25750.0,25752.45,8.0,13.66,4.6405,8.5,22.0,0.5857,58.6%,14.7948,0.06%,0.106,0.894,Bearish,Moderate Contraction,32.6,False,Downtrend,Above SMA20,25773.45,25736.7,15.75,21.0,N/A,1,Downside Breakdown,1.9,44.6,52.65
16859,03-11-2025 13:10,25756.7,25758.15,25748.7,25752.1,9.45,16.995,2.4747,12.55,21.15,0.556,55.6%,16.0754,0.06%,0.487,0.513,Bearish,Moderate Contraction,43.5,False,Uptrend,Above SMA20,25759.8,25697.0,55.1,7.7,N/A,1,Upside Breakout,4.9,13.9,28.65
16876,03-11-2025 14:35,25774.65,25779.3,25771.25,25778.15,8.05,19.62,4.5526,15.05,27.85,0.4103,41.0%,16.7078,0.06%,0.435,0.565,Bullish,Strong Contraction,69.3,True,Uptrend,Above SMA20,25803.1,25726.95,51.2,24.95,N/A,13,Downside Breakdown,4.55,41.6,41.6
16881,03-11-2025 15:00,25758.85,25758.85,25747.2,25752.65,11.65,18.425,7.8227,8.05,32.5,0.6323,63.2%,17.4925,0.07%,0.532,0.468,Bearish,Moderate Contraction,41.3,True,Downtrend,Below SMA20,25803.1,25736.55,16.1,50.45,N/A,7,Downside Breakdown,4.55,33.25,58.25
16884,03-11-2025 15:15,25765.95,25774.25,25765.35,25769.9,8.9,16.215,7.3782,8.05,32.5,0.5489,54.9%,15.7784,0.06%,0.444,0.556,Bullish,Moderate Contraction,31.5,False,Downtrend,Above SMA20,25797.4,25736.55,33.35,27.5,N/A,4,Downside Breakdown,4.55,47.5,84.8
16892,04-11-2025 09:40,25716.4,25718.8,25705.45,25718.6,13.35,22.765,11.2685,8.8,43.6,0.5864,58.6%,21.9598,0.09%,0.165,0.835,Bullish,Moderate Contraction,44.2,True,Downtrend,Below SMA20,25787.4,25694.4,24.2,68.8,N/A,1,Downside Breakdown,9.0,33.5,44.7
16895,04-11-2025 09:55,25700.85,25714.2,25699.15,25705.7,15.05,25.44,10.241,8.8,43.6,0.5916,59.2%,21.9088,0.09%,0.322,0.678,Bullish,Mild Contraction,23.8,False,Downtrend,Below SMA20,25787.4,25685.1,20.6,81.7,N/A,4,Downside Breakdown,11.2,31.8,31.8
16898,04-11-2025 10:10,25701.2,25706.9,25695.7,25698.55,11.2,23.06,7.444,13.35,32.55,0.4857,48.6%,19.5292,0.08%,0.237,0.763,Bearish,Moderate Contraction,40.2,False,Downtrend,Below SMA20,25763.55,25685.1,13.45,65.0,N/A,1,Downside Breakdown,11.2,24.65,24.65
16901,04-11-2025 10:25,25701.65,25712.55,25701.15,25709.2,11.4,19.69,6.2317,11.2,32.55,0.579,57.9%,19.3419,0.08%,0.662,0.338,Bullish,Moderate Contraction,33.1,False,Downtrend,Below SMA20,25722.25,25673.9,35.3,13.05,N/A,11,Downside Breakdown,5.35,21.1,32.2
16904,04-11-2025 10:40,25701.15,25703.4,25692.9,25693.45,10.5,17.44,4.4092,11.2,24.1,0.6021,60.2%,17.813,0.07%,0.733,0.267,Bearish,Moderate Contraction,33.5,False,Downtrend,Below SMA20,25722.25,25673.9,19.55,28.8,N/A,8,Downside Breakdown,5.35,27.1,40.3
16909,04-11-2025 11:05,25696.45,25697.25,25685.7,25687.05,11.55,16.895,5.7736,9.45,24.65,0.6836,68.4%,16.7256,0.07%,0.814,0.186,Bearish,Mild Contraction,19.9,False,Uptrend,Below SMA20,25720.55,25673.9,13.15,33.5,N/A,3,Downside Breakdown,5.35,33.9,38.15
16917,04-11-2025 11:45,25661.75,25666.25,25659.8,25664.7,6.45,17.985,7.5453,6.85,30.5,0.3586,35.9%,16.4668,0.06%,0.457,0.543,Bullish,Moderate Contraction,47.2,False,Downtrend,Below SMA20,25720.55,25648.9,15.8,55.85,N/A,19,Downside Breakdown,2.9,16.55,25.7
16922,04-11-2025 12:10,25670.3,25681.25,25670.25,25680.5,11.0,17.25,7.0304,6.45,30.5,0.6377,63.8%,14.9909,0.06%,0.927,0.073,Bullish,Mild Contraction,19.6,False,Uptrend,Below SMA20,25692.05,25648.9,31.6,11.55,N/A,14,Downside Breakdown,2.9,15.3,26.5
16935,04-11-2025 13:15,25658.75,25667.55,25657.35,25661.4,10.2,15.54,3.6864,10.45,21.15,0.6564,65.6%,15.2492,0.06%,0.26,0.74,Bullish,Mild Contraction,29.7,False,Downtrend,Below SMA20,25686.8,25654.0,7.4,25.4,N/A,1,Downside Breakdown,8.0,21.65,21.65
16940,04-11-2025 13:40,25681.4,25681.75,25669.55,25675.05,12.2,18.675,4.7169,10.2,25.3,0.6533,65.3%,17.5225,0.07%,0.52,0.48,Bearish,Mild Contraction,24.8,False,Uptrend,Above SMA20,25684.7,25646.0,29.05,9.65,N/A,4,Downside Breakdown,4.75,34.7,82.4
16945,04-11-2025 14:05,25645.3,25647.85,25640.35,25646.65,7.5,15.775,5.9252,8.0,25.3,0.4754,47.5%,14.2867,0.06%,0.18,0.82,Bullish,Moderate Contraction,39.8,False,Downtrend,Below SMA20,25683.05,25641.25,5.4,36.4,N/A,1,Downside Breakdown,33.85,54.0,62.3
16949,04-11-2025 14:25,25612.85,25619.0,25610.25,25615.05,8.75,17.545,10.5551,7.5,38.7,0.4987,49.9%,17.4075,0.07%,0.251,0.749,Bullish,Moderate Contraction,33.2,False,Downtrend,Below SMA20,25683.05,25592.65,22.4,68.0,N/A,5,Downside Breakdown,8.3,30.7,30.9
16960,04-11-2025 15:20,25593.3,25602.0,25590.7,25594.1,11.3,19.325,7.4937,8.6,34.25,0.5847,58.5%,18.2469,0.07%,0.071,0.929,Bullish,Mild Contraction,26.9,False,Downtrend,Below SMA20,25634.65,25584.15,9.95,40.55,N/A,1,Downside Breakdown,5.75,85.05,85.05
16968,06-11-2025 09:45,25610.05,25621.8,25601.55,25601.65,20.25,29.39,20.8826,11.3,84.25,0.689,68.9%,26.7921,0.1%,0.415,0.585,Bearish,Mild Contraction,12.9,False,Uptrend,Below SMA20,25679.15,25578.4,23.25,77.5,N/A,4,Downside Breakdown,7.8,59.3,79.6
16974,06-11-2025 10:15,25542.9,25545.6,25533.7,25536.75,11.9,28.42,8.996,19.05,46.6,0.4187,41.9%,26.6291,0.1%,0.517,0.483,Bearish,Moderate Contraction,45.3,False,Downtrend,Below SMA20,25659.85,25542.35,-5.6,123.1,N/A,1,Downside Breakdown,10.8,16.0,38.5
16977,06-11-2025 10:30,25537.7,25545.0,25529.9,25531.9,15.1,24.375,10.4016,11.9,46.6,0.6195,61.9%,22.6008,0.09%,0.384,0.616,Bearish,Mild Contraction,23.9,False,Downtrend,Below SMA20,25639.7,25531.55,0.35,107.8,N/A,1,Downside Breakdown,9.5,33.2,43.35
16980,06-11-2025 10:45,25536.6,25545.95,25533.7,25540.15,12.25,20.86,10.643,11.9,46.6,0.5872,58.7%,19.6258,0.08%,0.29,0.71,Bullish,Mild Contraction,29.7,False,Downtrend,Below SMA20,25639.7,25520.75,19.4,99.55,N/A,,,,35.1,35.1
16988,06-11-2025 11:25,25535.8,25544.0,25534.0,25543.0,10.0,14.95,3.5199,11.05,21.2,0.6689,66.9%,15.8243,0.06%,0.72,0.28,Bullish,Mild Contraction,28.8,False,Uptrend,Below SMA20,25575.25,25520.75,22.25,32.25,N/A,15,Upside Breakout,0.5,18.0,31.4
16991,06-11-2025 11:40,25531.1,25538.4,25529.95,25531.95,8.45,14.63,4.4491,9.7,21.2,0.5776,57.8%,14.5265,0.06%,0.101,0.899,Bullish,Moderate Contraction,33.9,False,Downtrend,Below SMA20,25575.25,25525.0,6.95,43.3,N/A,12,Upside Breakout,0.5,42.45,42.45
17002,06-11-2025 12:35,25562.6,25567.8,25557.75,25560.1,10.05,18.045,6.369,8.95,28.6,0.5569,55.7%,16.8947,0.07%,0.249,0.751,Bearish,Moderate Contraction,32.0,False,Uptrend,Above SMA20,25574.4,25529.95,30.15,14.3,N/A,1,Upside Breakout,1.35,56.75,56.75
17005,06-11-2025 12:50,25598.7,25602.3,25591.8,25601.3,10.5,20.16,9.7334,10.05,42.5,0.5208,52.1%,18.9163,0.07%,0.248,0.752,Bullish,Moderate Contraction,34.3,False,Uptrend,Above SMA20,25599.25,25530.55,70.75,-2.05,N/A,1,Upside Breakout,8.9,39.5,39.5
17012,06-11-2025 13:25,25594.15,25597.3,25581.25,25583.85,16.05,23.66,10.629,10.05,42.5,0.6784,67.8%,22.137,0.09%,0.642,0.358,Bearish,Mild Contraction,16.0,False,Uptrend,Above SMA20,25616.85,25556.75,27.1,33.0,N/A,4,Downside Breakdown,17.1,66.3,67.9
17019,06-11-2025 14:00,25539.2,25544.15,25527.55,25529.45,16.6,24.09,4.6211,16.05,34.05,0.6891,68.9%,23.1324,0.09%,0.587,0.413,Bearish,Moderate Contraction,47.4,True,Downtrend,Below SMA20,25603.1,25515.95,13.5,73.65,N/A,12,Downside Breakdown,2.15,26.3,31.15
17023,06-11-2025 14:20,25548.2,25553.75,25539.7,25540.3,14.05,22.58,5.2149,16.0,34.05,0.6222,62.2%,20.5905,0.08%,0.562,0.438,Bearish,Moderate Contraction,32.6,False,Downtrend,Below SMA20,25599.95,25515.95,24.35,59.65,N/A,8,Downside Breakdown,2.15,20.3,48.75
17032,06-11-2025 15:05,25514.6,25516.2,25501.35,25511.35,14.85,23.29,8.3724,12.65,41.3,0.6376,63.8%,23.7193,0.09%,0.219,0.781,Bearish,Mild Contraction,24.5,False,Downtrend,Below SMA20,25564.6,25513.8,-2.45,53.25,N/A,1,Downside Breakdown,22.25,155.65,192.9
17041,07-11-2025 09:35,25319.25,25340.9,25318.45,25340.0,22.45,33.835,23.7955,14.85,91.4,0.6635,66.4%,37.9303,0.15%,0.924,0.076,Bullish,Mild Contraction,16.5,False,Downtrend,Below SMA20,25555.1,25319.0,21.0,215.1,N/A,,,,51.15,51.15
17045,07-11-2025 09:55,25352.5,25352.5,25336.95,25342.25,15.55,36.825,22.62,17.2,91.4,0.4223,42.2%,33.8087,0.13%,0.659,0.341,Bearish,Moderate Contraction,40.6,False,Downtrend,Below SMA20,25521.45,25318.45,23.8,179.2,N/A,,,,12.25,44.3
17048,07-11-2025 10:10,25334.45,25348.5,25331.05,25343.95,17.45,29.29,12.8617,15.55,49.05,0.5958,59.6%,28.4548,0.11%,0.544,0.456,Bullish,Mild Contraction,27.8,False,Uptrend,Below SMA20,25391.15,25318.45,25.5,47.2,N/A,12,Upside Breakout,22.65,28.0,42.6
17051,07-11-2025 10:25,25350.85,25357.25,25342.3,25356.8,14.95,22.245,10.3451,12.8,43.75,0.6721,67.2%,23.6818,0.09%,0.398,0.602,Bullish,Mild Contraction,20.6,False,Uptrend,Below SMA20,25391.15,25318.45,38.35,34.35,N/A,9,Upside Breakout,22.65,29.75,63.95
17055,07-11-2025 10:45,25379.3,25386.55,25375.75,25377.25,10.8,16.655,2.1356,12.8,19.85,0.6485,64.8%,20.007,0.08%,0.19,0.81,Bearish,Moderate Contraction,36.7,False,Uptrend,Above SMA20,25385.9,25331.05,46.2,8.65,N/A,5,Upside Breakout,27.9,36.55,94.1
17066,07-11-2025 11:40,25449.3,25453.7,25440.75,25446.95,12.95,22.245,9.0012,15.6,44.15,0.5822,58.2%,20.7624,0.08%,0.181,0.819,Bearish,Moderate Contraction,31.9,False,Uptrend,Above SMA20,25471.35,25354.2,92.75,24.4,N/A,11,Upside Breakout,3.85,21.85,21.85
17069,07-11-2025 11:55,25437.15,25443.15,25432.25,25437.75,10.9,21.6,9.3859,12.95,44.15,0.5046,50.5%,19.0881,0.08%,0.055,0.945,Bullish,Moderate Contraction,36.9,False,Uptrend,Above SMA20,25471.35,25354.4,83.35,33.6,N/A,8,Upside Breakout,3.85,28.4,51.6
17082,07-11-2025 13:00,25492.25,25499.8,25488.9,25491.8,10.9,16.815,4.6622,11.85,27.9,0.6482,64.8%,16.9797,0.07%,0.041,0.959,Bearish,Mild Contraction,29.3,False,Uptrend,Above SMA20,25502.65,25441.6,50.2,10.85,N/A,5,Upside Breakout,38.2,49.05,59.45
17086,07-11-2025 13:20,25490.1,25494.7,25483.65,25488.45,11.05,16.005,5.1023,10.9,27.9,0.6904,69.0%,15.4272,0.06%,0.149,0.851,Bearish,Mild Contraction,24.8,False,Uptrend,Above SMA20,25502.65,25456.85,31.6,14.2,N/A,1,Upside Breakout,38.2,62.8,62.8
17089,07-11-2025 13:35,25537.95,25545.0,25533.75,25539.95,11.25,19.515,12.5955,10.9,52.25,0.5765,57.6%,18.385,0.07%,0.178,0.822,Bullish,Mild Contraction,29.5,False,Uptrend,Above SMA20,25540.85,25472.55,67.4,0.9,N/A,1,Upside Breakout,7.0,71.7,83.35
17092,07-11-2025 13:50,25531.85,25532.1,25521.5,25525.85,10.6,17.81,12.51,10.9,52.25,0.5952,59.5%,17.195,0.07%,0.566,0.434,Bearish,Mild Contraction,28.9,False,Uptrend,Above SMA20,25551.25,25477.75,48.1,25.4,N/A,2,Downside Breakdown,9.5,69.25,69.25
17096,07-11-2025 14:10,25473.2,25482.95,25468.75,25474.0,14.2,21.785,13.3371,10.6,52.25,0.6518,65.2%,19.9246,0.08%,0.056,0.944,Bullish,Moderate Contraction,39.2,True,Downtrend,Below SMA20,25551.25,25456.6,17.4,77.25,N/A,16,Upside Breakout,40.2,66.5,66.5
17101,07-11-2025 14:35,25518.1,25524.5,25514.25,25515.25,10.25,22.295,8.3645,10.6,35.8,0.4597,46.0%,19.9637,0.08%,0.278,0.722,Bearish,Moderate Contraction,40.9,False,Downtrend,Above SMA20,25551.25,25456.6,58.65,36.0,N/A,11,Upside Breakout,40.2,42.15,42.15
17104,07-11-2025 14:50,25503.95,25506.6,25494.7,25495.75,11.9,19.115,8.273,10.25,35.8,0.6225,62.3%,17.1434,0.07%,0.689,0.311,Bearish,Mild Contraction,25.1,False,Uptrend,Below SMA20,25540.5,25456.6,39.15,44.75,N/A,8,Upside Breakout,50.95,22.65,95.7
17107,07-11-2025 15:05,25481.65,25486.65,25474.0,25482.15,12.65,18.2,7.926,10.25,35.8,0.6951,69.5%,17.5271,0.07%,0.04,0.96,Bullish,Mild Contraction,17.7,False,Downtrend,Below SMA20,25540.5,25469.3,12.85,58.35,N/A,5,Upside Breakout,50.95,109.3,109.3
17119,10-11-2025 09:50,25579.75,25595.75,25574.45,25592.9,21.3,33.165,20.9127,15.4,87.95,0.6422,64.2%,27.7728,0.11%,0.617,0.383,Bullish,Mild Contraction,19.5,False,Uptrend,Above SMA20,25591.45,25485.75,107.15,-1.45,N/A,1,Upside Breakout,2.2,40.6,40.6
17122,10-11-2025 10:05,25555.55,25566.85,25552.3,25566.35,14.55,34.065,20.2601,21.15,87.95,0.4271,42.7%,25.4544,0.1%,0.742,0.258,Bullish,Moderate Contraction,40.4,False,Uptrend,Above SMA20,25595.75,25503.5,62.85,29.4,N/A,2,Upside Breakout,6.95,58.9,58.9
17126,10-11-2025 10:25,25617.45,25622.05,25612.25,25615.6,9.8,23.94,6.3461,14.55,34.45,0.4094,40.9%,22.2229,0.09%,0.189,0.811,Bearish,Moderate Contraction,47.7,False,Uptrend,Above SMA20,25619.05,25543.55,72.05,3.45,N/A,1,Upside Breakout,6.2,27.85,27.85
17129,10-11-2025 10:40,25602.85,25610.35,25598.45,25601.45,11.9,19.39,5.9985,9.8,28.6,0.6137,61.4%,19.5242,0.08%,0.118,0.882,Bearish,Mild Contraction,26.8,False,Uptrend,Above SMA20,25625.25,25552.3,49.15,23.8,N/A,4,Upside Breakout,3.8,30.55,50.5
17132,10-11-2025 10:55,25604.0,25614.45,25603.25,25612.2,11.2,16.6,5.2049,9.8,27.5,0.6747,67.5%,17.7377,0.07%,0.732,0.268,Bullish,Mild Contraction,22.5,False,Uptrend,Above SMA20,25625.25,25552.3,59.9,13.05,N/A,1,Upside Breakout,3.8,33.1,39.75
17140,10-11-2025 11:35,25640.65,25643.9,25635.6,25636.3,8.3,13.245,3.1878,10.15,19.15,0.6267,62.7%,13.4644,0.05%,0.524,0.476,Bearish,Strong Contraction,51.9,True,Uptrend,Above SMA20,25651.95,25587.75,48.55,15.65,N/A,15,Upside Breakout,0.2,17.25,17.55
17146,10-11-2025 12:05,25621.8,25626.2,25618.75,25624.6,7.45,11.09,2.3956,8.1,15.3,0.6718,67.2%,11.9016,0.05%,0.376,0.624,Bullish,Mild Contraction,29.2,False,Downtrend,Above SMA20,25651.95,25619.05,5.55,27.35,N/A,9,Upside Breakout,0.2,17.3,27.55
17156,10-11-2025 12:55,25649.9,25650.8,25643.8,25647.2,7.0,10.625,2.402,7.45,15.5,0.6588,65.9%,10.3555,0.04%,0.386,0.614,Bearish,Mild Contraction,29.9,False,Uptrend,Above SMA20,25652.15,25618.75,28.45,4.95,N/A,1,Upside Breakout,1.3,22.85,67.7
17164,10-11-2025 13:35,25634.85,25639.65,25633.75,25636.2,5.9,9.98,1.9705,7.0,13.7,0.5912,59.1%,9.8582,0.04%,0.229,0.771,Bullish,Moderate Contraction,36.6,False,Downtrend,Above SMA20,25653.45,25624.35,11.85,17.25,N/A,1,Downside Breakdown,16.8,56.7,56.7
17167,10-11-2025 13:50,25612.65,25612.65,25603.45,25606.2,9.2,14.465,9.282,5.9,33.15,0.636,63.6%,14.4791,0.06%,0.701,0.299,Bearish,Mild Contraction,18.8,False,Downtrend,Below SMA20,25653.45,25579.5,26.7,47.25,N/A,15,Downside Breakdown,3.6,19.95,43.25
17171,10-11-2025 14:10,25617.35,25621.05,25611.85,25618.9,9.2,15.66,9.4731,5.9,33.15,0.5875,58.7%,14.2729,0.06%,0.168,0.832,Bullish,Mild Contraction,23.1,False,Downtrend,Below SMA20,25642.95,25579.5,39.4,24.05,N/A,2,Upside Breakout,0.9,30.55,35.2
17184,10-11-2025 15:15,25565.05,25575.35,25563.55,25568.2,11.8,17.56,5.4473,12.3,30.3,0.672,67.2%,16.1851,0.06%,0.267,0.733,Bullish,Moderate Contraction,46.9,True,Downtrend,Below SMA20,25649.45,25562.1,6.1,81.25,N/A,3,Downside Breakdown,17.3,69.4,81.55
17194,11-11-2025 09:50,25501.95,25501.95,25486.65,25494.6,15.3,28.67,24.0014,9.5,92.8,0.5337,53.4%,24.9609,0.1%,0.48,0.52,Bearish,Mild Contraction,26.2,False,Downtrend,Below SMA20,25637.6,25488.9,5.7,143.0,N/A,6,Downside Breakdown,1.3,42.8,45.35
17199,11-11-2025 10:15,25502.3,25512.3,25497.2,25506.4,15.1,25.105,6.5182,15.3,34.85,0.6015,60.1%,24.6666,0.1%,0.272,0.728,Bullish,Moderate Contraction,33.3,False,Downtrend,Below SMA20,25537.4,25486.65,19.75,31.0,N/A,3,Downside Breakdown,19.6,57.15,57.15
17204,11-11-2025 10:40,25458.0,25461.45,25452.95,25458.2,8.5,22.185,7.2218,12.6,34.85,0.3831,38.3%,21.2382,0.08%,0.024,0.976,Bullish,Moderate Contraction,47.6,False,Downtrend,Below SMA20,25537.4,25449.25,8.95,79.2,N/A,15,Upside Breakout,2.45,35.85,35.85
17207,11-11-2025 10:55,25476.5,25487.6,25473.3,25486.6,14.3,21.235,8.6071,8.5,34.85,0.6734,67.3%,20.1839,0.08%,0.706,0.294,Bullish,Mild Contraction,16.4,False,Downtrend,Below SMA20,25537.4,25449.25,37.35,50.8,N/A,12,Upside Breakout,2.45,23.4,23.4
17212,11-11-2025 11:20,25469.5,25474.1,25463.2,25466.95,10.9,16.42,6.4218,8.5,27.65,0.6638,66.4%,16.3621,0.06%,0.234,0.766,Bearish,Mild Contraction,20.3,False,Downtrend,Below SMA20,25494.05,25449.25,17.7,27.1,N/A,4,Upside Breakout,5.3,39.3,89.5
17224,11-11-2025 12:20,25551.0,25559.85,25548.55,25557.1,11.3,17.34,6.6188,8.65,32.25,0.6517,65.2%,16.3359,0.06%,0.54,0.46,Bullish,Mild Contraction,21.2,False,Uptrend,Above SMA20,25556.45,25467.4,89.7,-0.65,N/A,1,Upside Breakout,19.2,33.45,33.45
17232,11-11-2025 13:00,25568.15,25571.6,25561.5,25568.2,10.1,16.515,3.7795,11.3,24.75,0.6116,61.2%,15.6405,0.06%,0.005,0.995,Bullish,Moderate Contraction,33.5,False,Uptrend,Above SMA20,25590.55,25529.55,38.65,22.35,N/A,3,Upside Breakout,20.95,49.85,104.6
17236,11-11-2025 13:20,25608.7,25615.6,25604.75,25615.25,10.85,16.45,4.0402,10.1,24.7,0.6596,66.0%,16.2,0.06%,0.604,0.396,Bullish,Mild Contraction,26.9,False,Uptrend,Above SMA20,25611.5,25558.85,56.4,-3.75,N/A,1,Upside Breakout,6.55,52.9,57.55
17242,11-11-2025 13:50,25666.1,25672.8,25661.75,25670.7,11.05,20.155,9.7063,10.1,42.35,0.5483,54.8%,20.1087,0.08%,0.416,0.584,Bullish,Moderate Contraction,31.5,False,Uptrend,Above SMA20,25668.15,25561.5,109.2,-2.55,N/A,1,Upside Breakout,3.25,48.45,48.45
17248,11-11-2025 14:20,25679.0,25687.3,25669.85,25686.55,17.45,26.975,11.8956,11.05,49.15,0.6469,64.7%,23.6705,0.09%,0.433,0.567,Bullish,Mild Contraction,19.0,False,Uptrend,Above SMA20,25681.6,25605.35,81.2,-4.95,N/A,1,Upside Breakout,12.25,32.85,32.85
17253,11-11-2025 14:45,25662.85,25673.05,25660.75,25667.35,12.3,25.56,13.071,10.5,49.15,0.4812,48.1%,22.2353,0.09%,0.366,0.634,Bullish,Moderate Contraction,35.2,False,Uptrend,Above SMA20,25699.9,25622.25,45.1,32.55,N/A,3,Upside Breakout,2.85,35.4,182.85
17259,11-11-2025 15:15,25695.3,25700.85,25686.95,25700.85,13.9,21.72,10.095,10.5,42.85,0.64,64.0%,21.7068,0.08%,0.399,0.601,Bullish,Mild Contraction,21.2,False,Uptrend,Above SMA20,25702.75,25653.7,47.15,1.9,N/A,1,Upside Breakout,4.7,149.35,159.9
17266,12-11-2025 09:35,25788.85,25796.0,25781.15,25786.0,14.85,25.88,12.7697,12.75,48.85,0.5738,57.4%,32.221,0.12%,0.192,0.808,Bearish,Mild Contraction,28.3,False,Uptrend,Above SMA20,25850.2,25670.6,115.4,64.2,N/A,1,Upside Breakout,1.0,78.45,78.45
17269,12-11-2025 09:50,25852.9,25860.75,25846.5,25854.6,14.25,27.905,19.2558,12.75,66.6,0.5107,51.1%,31.1912,0.12%,0.119,0.881,Bullish,Moderate Contraction,32.4,False,Uptrend,Above SMA20,25857.95,25686.95,167.65,3.35,N/A,1,Upside Breakout,3.25,18.65,24.65
17272,12-11-2025 10:05,25847.5,25858.05,25840.7,25845.25,17.35,28.645,18.747,12.5,66.6,0.6057,60.6%,26.198,0.1%,0.13,0.87,Bearish,Mild Contraction,22.4,False,Uptrend,Above SMA20,25864.45,25781.15,64.1,19.2,N/A,6,Upside Breakout,5.05,16.15,32.75
17275,12-11-2025 10:20,25837.45,25843.75,25829.95,25835.15,13.8,20.745,16.2854,12.5,66.6,0.6652,66.5%,22.1141,0.09%,0.167,0.833,Bearish,Mild Contraction,21.0,False,Uptrend,Above SMA20,25864.45,25781.15,54.0,29.3,N/A,3,Upside Breakout,5.05,42.85,49.05
17280,12-11-2025 10:45,25871.4,25876.1,25866.65,25874.8,9.45,15.55,5.0025,8.3,25.95,0.6077,60.8%,17.9109,0.07%,0.36,0.64,Bullish,Moderate Contraction,48.2,True,Uptrend,Above SMA20,25878.0,25829.95,44.85,3.2,N/A,4,Upside Breakout,5.15,11.85,25.75
17286,12-11-2025 11:15,25882.6,25884.75,25878.5,25880.3,6.25,12.65,5.3797,7.3,25.95,0.4941,49.4%,13.4473,0.05%,0.368,0.632,Bearish,Moderate Contraction,37.7,False,Uptrend,Above SMA20,25884.2,25833.05,47.25,3.9,N/A,1,Upside Breakout,5.35,20.25,27.55
17291,12-11-2025 11:40,25894.1,25895.65,25888.25,25892.35,7.4,10.59,2.6173,6.25,14.6,0.6988,69.9%,11.8208,0.05%,0.236,0.764,Bearish,Mild Contraction,20.9,False,Uptrend,Above SMA20,25900.55,25862.95,29.4,8.2,N/A,1,Upside Breakout,0.85,15.5,15.5
17298,12-11-2025 12:15,25887.9,25892.55,25887.15,25888.9,5.4,10.65,3.3068,6.85,15.2,0.507,50.7%,10.6929,0.04%,0.185,0.815,Bullish,Moderate Contraction,39.0,False,Uptrend,Above SMA20,25907.85,25882.85,6.05,18.95,N/A,4,Upside Breakout,11.6,35.4,35.4
17307,12-11-2025 13:00,25915.8,25919.0,25912.55,25917.75,6.45,11.42,4.3702,5.4,17.4,0.5648,56.5%,11.1944,0.04%,0.302,0.698,Bullish,Mild Contraction,29.9,False,Uptrend,Above SMA20,25924.3,25886.1,31.65,6.55,N/A,2,Upside Breakout,2.45,11.8,16.8
17317,12-11-2025 13:50,25923.0,25925.1,25919.4,25919.7,5.7,12.785,5.3046,6.45,21.85,0.4458,44.6%,12.4293,0.05%,0.579,0.421,Bearish,Strong Contraction,61.2,True,Uptrend,Above SMA20,25934.55,25903.05,16.65,14.85,N/A,3,Downside Breakdown,20.2,41.6,50.1
17322,12-11-2025 14:15,25893.2,25896.0,25888.8,25890.95,7.2,15.82,7.2802,5.7,30.1,0.4551,45.5%,13.977,0.05%,0.312,0.688,Bearish,Moderate Contraction,36.9,False,Downtrend,Below SMA20,25934.55,25878.1,12.85,43.6,N/A,5,Downside Breakdown,8.5,21.35,21.35
17325,12-11-2025 14:30,25887.3,25896.65,25886.35,25894.15,10.3,15.64,8.5744,5.7,30.1,0.6586,65.9%,15.1584,0.06%,0.665,0.335,Bullish,Mild Contraction,16.2,False,Downtrend,Below SMA20,25934.55,25878.1,16.05,40.4,N/A,2,Downside Breakdown,8.5,24.55,36.6
17328,12-11-2025 14:45,25886.6,25890.35,25882.8,25884.05,7.55,16.42,8.8182,7.2,30.1,0.4598,46.0%,14.6579,0.06%,0.338,0.662,Bearish,Moderate Contraction,38.0,False,Downtrend,Below SMA20,25922.95,25869.6,14.45,38.9,N/A,7,Downside Breakdown,12.05,14.4,75.65
17331,12-11-2025 15:00,25896.4,25896.4,25886.85,25887.4,9.55,14.56,7.6054,7.2,28.25,0.6559,65.6%,13.6204,0.05%,0.942,0.058,Bearish,Mild Contraction,19.4,False,Downtrend,Below SMA20,25908.5,25869.6,17.8,21.1,N/A,4,Downside Breakdown,12.05,33.85,79.0
17345,13-11-2025 09:55,25865.25,25880.0,25858.8,25877.65,21.2,31.865,16.306,14.65,72.6,0.6653,66.5%,25.5408,0.1%,0.585,0.415,Bullish,Mild Contraction,17.6,False,Uptrend,Above SMA20,25906.8,25808.4,69.25,29.15,N/A,4,Upside Breakout,0.45,37.65,62.75
17348,13-11-2025 10:10,25896.2,25900.25,25891.45,25898.5,8.8,26.69,8.1836,13.75,41.35,0.3297,33.0%,21.9845,0.08%,0.261,0.739,Bullish,Strong Contraction,52.1,False,Uptrend,Above SMA20,25898.2,25808.4,90.1,-0.3,N/A,1,Upside Breakout,9.05,30.4,66.7
17351,13-11-2025 10:25,25912.15,25912.6,25905.1,25912.45,7.5,19.925,6.5513,8.8,27.4,0.3764,37.6%,19.0781,0.07%,0.04,0.96,Bullish,Moderate Contraction,48.0,False,Uptrend,Above SMA20,25915.3,25831.9,80.55,2.85,N/A,1,Upside Breakout,11.1,35.3,63.5
17354,13-11-2025 10:40,25924.05,25930.0,25923.45,25928.45,6.55,15.6,6.784,7.5,24.3,0.4199,42.0%,15.7842,0.06%,0.672,0.328,Bullish,Moderate Contraction,42.7,False,Uptrend,Above SMA20,25928.9,25858.8,69.65,0.45,N/A,1,Upside Breakout,11.5,47.5,50.05
17357,13-11-2025 10:55,25943.75,25948.15,25941.45,25946.85,6.7,12.73,6.3771,6.55,24.3,0.5263,52.6%,13.6327,0.05%,0.463,0.537,Bullish,Moderate Contraction,34.2,False,Uptrend,Above SMA20,25947.75,25873.9,72.95,0.9,N/A,1,Upside Breakout,17.45,29.1,31.65
17368,13-11-2025 11:50,25968.05,25974.15,25965.9,25972.35,8.25,12.88,2.7341,9.4,18.2,0.6405,64.1%,12.4379,0.05%,0.521,0.479,Bullish,Strong Contraction,51.9,True,Uptrend,Above SMA20,25978.5,25947.0,25.35,6.15,N/A,1,Upside Breakout,5.45,14.0,30.3
17372,13-11-2025 12:10,25981.95,25984.8,25978.9,25980.1,5.9,13.05,2.7966,8.25,16.75,0.4521,45.2%,12.4384,0.05%,0.314,0.686,Bearish,Strong Contraction,66.9,True,Uptrend,Above SMA20,25984.4,25958.05,22.05,4.3,N/A,1,Upside Breakout,1.95,38.05,43.25
17375,13-11-2025 12:25,25985.1,25985.7,25977.9,25980.15,7.8,12.03,3.8952,5.9,16.75,0.6484,64.8%,10.9905,0.04%,0.635,0.365,Bearish,Mild Contraction,22.2,False,Uptrend,Above SMA20,25987.6,25958.05,22.1,7.45,N/A,2,Downside Breakdown,16.0,43.3,43.3
17383,13-11-2025 13:05,25983.1,25988.55,25978.55,25980.05,10.0,16.12,8.0291,7.2,30.05,0.6203,62.0%,15.9514,0.06%,0.305,0.695,Bearish,Mild Contraction,22.1,False,Downtrend,Above SMA20,25989.65,25936.85,43.2,9.6,N/A,6,Upside Breakout,8.65,9.15,51.6
17387,13-11-2025 13:25,25984.4,25984.6,25973.6,25981.0,11.0,16.54,7.4192,8.8,30.05,0.6651,66.5%,14.4142,0.06%,0.309,0.691,Bearish,Mild Contraction,20.0,False,Uptrend,Above SMA20,25989.65,25936.85,44.15,8.65,N/A,2,Upside Breakout,8.65,29.7,109.9
17399,13-11-2025 14:25,25909.85,25922.65,25907.8,25921.6,14.85,26.625,10.6106,14.05,50.85,0.5577,55.8%,22.9873,0.09%,0.791,0.209,Bullish,Moderate Contraction,32.4,False,Downtrend,Below SMA20,26010.7,25871.1,50.5,89.1,N/A,7,Downside Breakdown,1.25,39.45,55.45
17403,13-11-2025 14:45,25923.8,25931.4,25919.3,25922.8,12.1,27.425,10.7405,14.85,50.85,0.4412,44.1%,21.2363,0.08%,0.083,0.917,Bearish,Moderate Contraction,41.9,False,Downtrend,Below SMA20,25979.3,25871.1,51.7,56.5,N/A,3,Downside Breakdown,1.25,56.65,156.5
17407,13-11-2025 15:05,25889.2,25889.95,25876.35,25877.85,13.6,23.005,9.4528,12.1,43.75,0.5912,59.1%,22.2379,0.09%,0.835,0.165,Bearish,Moderate Contraction,48.4,True,Downtrend,Below SMA20,25939.95,25869.85,8.0,62.1,N/A,1,Downside Breakdown,3.7,111.55,111.55
17410,13-11-2025 15:20,25873.5,25883.8,25871.7,25876.15,12.1,22.53,10.4642,12.1,43.75,0.5371,53.7%,21.4708,0.08%,0.219,0.781,Bullish,Moderate Contraction,34.3,False,Downtrend,Below SMA20,25939.95,25866.15,10.0,63.8,N/A,2,Downside Breakdown,99.85,109.85,109.85
17418,14-11-2025 09:45,25855.5,25866.75,25852.35,25854.7,14.4,32.68,17.4962,12.1,60.45,0.4406,44.1%,32.9238,0.13%,0.056,0.944,Bearish,Strong Contraction,57.8,True,Downtrend,Below SMA20,25903.1,25766.3,88.4,48.4,N/A,3,Downside Breakdown,1.4,89.8,89.8
17423,14-11-2025 10:10,25789.85,25790.95,25773.85,25780.05,17.1,37.69,15.7476,14.4,62.85,0.4537,45.4%,34.0743,0.13%,0.573,0.427,Bearish,Moderate Contraction,38.3,False,Downtrend,Below SMA20,25879.15,25764.9,15.15,99.1,N/A,6,Downside Breakdown,13.2,24.75,81.35
17426,14-11-2025 10:25,25787.0,25792.35,25782.2,25783.35,10.15,31.49,15.7195,14.4,62.85,0.3223,32.2%,28.3658,0.11%,0.36,0.64,Bearish,Moderate Contraction,48.4,False,Downtrend,Below SMA20,25879.15,25764.9,18.45,95.8,N/A,3,Downside Breakdown,13.2,54.45,80.7
17434,14-11-2025 11:05,25842.5,25853.4,25839.95,25849.6,13.45,23.495,11.4683,10.15,51.8,0.5725,57.2%,25.5342,0.1%,0.528,0.472,Bullish,Moderate Contraction,46.7,True,Uptrend,Above SMA20,25861.4,25751.7,97.9,11.8,N/A,1,Upside Breakout,2.65,50.5,63.45
17437,14-11-2025 11:20,25821.65,25828.0,25813.95,25818.4,14.05,25.98,13.5145,11.9,51.8,0.5408,54.1%,25.937,0.1%,0.231,0.769,Bearish,Moderate Contraction,30.5,False,Uptrend,Above SMA20,25864.05,25751.7,66.7,45.65,N/A,,,,32.25,32.25
17440,14-11-2025 11:35,25808.5,25815.15,25799.05,25801.15,16.1,24.665,14.3264,8.75,51.8,0.6527,65.3%,22.507,0.09%,0.457,0.543,Bearish,Mild Contraction,16.5,False,Uptrend,Below SMA20,25864.05,25768.1,33.05,62.9,N/A,,,,15.0,38.1
17443,14-11-2025 11:50,25798.45,25809.05,25797.0,25800.0,12.05,20.195,10.7645,8.75,48.15,0.5967,59.7%,20.1829,0.08%,0.129,0.871,Bullish,Mild Contraction,23.9,False,Downtrend,Below SMA20,25864.05,25786.15,13.85,64.05,N/A,15,Downside Breakdown,4.4,34.95,39.25
17446,14-11-2025 12:05,25795.95,25802.55,25792.55,25797.1,10.0,18.035,11.4043,8.75,48.15,0.5545,55.4%,16.8509,0.07%,0.115,0.885,Bullish,Moderate Contraction,49.1,True,Downtrend,Below SMA20,25863.1,25786.15,10.95,66.0,N/A,12,Downside Breakdown,4.4,42.15,42.15
17456,14-11-2025 12:55,25803.0,25809.45,25797.7,25799.9,11.75,18.785,9.6578,10.0,39.4,0.6255,62.5%,17.4435,0.07%,0.264,0.736,Bearish,Mild Contraction,23.9,False,Uptrend,Below SMA20,25839.25,25792.05,7.85,39.35,N/A,1,Downside Breakdown,5.75,18.15,52.9
17461,14-11-2025 13:20,25804.7,25810.7,25801.95,25807.2,8.75,17.955,5.9146,11.75,30.7,0.4873,48.7%,16.5439,0.06%,0.286,0.714,Bullish,Moderate Contraction,39.9,False,Downtrend,Above SMA20,25836.3,25781.75,25.45,29.1,N/A,3,Downside Breakdown,16.6,60.2,66.4
17469,14-11-2025 14:00,25762.55,25770.3,25760.05,25766.85,10.25,21.045,8.4026,8.75,41.05,0.4871,48.7%,19.2749,0.07%,0.42,0.58,Bullish,Strong Contraction,56.2,True,Downtrend,Below SMA20,25820.2,25740.8,26.05,53.35,N/A,12,Upside Breakout,73.35,23.55,35.85
17484,14-11-2025 15:15,25930.95,25935.25,25913.65,25918.15,21.6,36.47,33.1553,15.15,125.95,0.5923,59.2%,34.2814,0.13%,0.593,0.407,Bearish,Moderate Contraction,42.3,True,Uptrend,Above SMA20,25940.2,25759.1,159.05,22.05,N/A,3,Upside Breakout,18.45,57.5,60.8
17488,17-11-2025 09:20,25952.45,25966.75,25942.8,25944.0,23.95,40.06,32.6432,17.8,125.95,0.5979,59.8%,33.2202,0.13%,0.353,0.647,Bearish,Mild Contraction,22.8,False,Uptrend,Above SMA20,25958.65,25759.1,184.9,14.65,N/A,1,Upside Breakout,17.0,34.95,35.8
17491,17-11-2025 09:35,25960.6,25973.0,25958.55,25961.15,14.45,40.685,32.2447,18.3,125.95,0.3552,35.5%,28.9714,0.11%,0.038,0.962,Bullish,Moderate Contraction,43.8,False,Uptrend,Above SMA20,25978.95,25767.6,193.55,17.8,N/A,4,Upside Breakout,0.85,18.65,25.4
17494,17-11-2025 09:50,25963.05,25968.75,25958.05,25964.75,10.7,25.3,11.1678,14.45,52.3,0.4229,42.3%,24.7202,0.1%,0.159,0.841,Bullish,Moderate Contraction,42.4,False,Uptrend,Above SMA20,25978.95,25906.3,58.45,14.2,N/A,1,Upside Breakout,0.85,20.45,40.0
17497,17-11-2025 10:05,25954.15,25962.4,25947.2,25948.7,15.2,22.855,12.0978,10.7,52.3,0.6651,66.5%,21.9601,0.08%,0.359,0.641,Bearish,Mild Contraction,17.8,False,Downtrend,Above SMA20,25979.8,25906.35,42.35,31.1,N/A,,,,22.65,23.95
17500,17-11-2025 10:20,25965.0,25971.35,25963.75,25967.2,7.6,15.97,4.5945,7.65,23.9,0.4759,47.6%,18.1026,0.07%,0.289,0.711,Bullish,Moderate Contraction,41.9,False,Uptrend,Above SMA20,25979.8,25944.3,22.9,12.6,N/A,1,Downside Breakdown,8.55,42.45,42.45
17506,17-11-2025 10:50,25939.8,25939.95,25929.3,25936.25,10.65,15.33,7.2292,7.6,31.2,0.6947,69.5%,16.2198,0.06%,0.333,0.667,Bearish,Moderate Contraction,35.6,True,Downtrend,Below SMA20,25971.35,25924.75,11.5,35.1,N/A,7,Downside Breakdown,3.55,17.95,21.15
17510,17-11-2025 11:10,25949.05,25949.05,25942.75,25946.2,6.3,13.925,6.9134,7.6,31.2,0.4524,45.2%,13.6791,0.05%,0.452,0.548,Bearish,Moderate Contraction,39.7,False,Downtrend,Below SMA20,25971.35,25924.75,21.45,25.15,N/A,3,Downside Breakdown,3.55,31.1,31.1
17522,17-11-2025 12:10,25969.35,25973.8,25965.95,25967.65,7.85,15.765,4.4871,10.2,24.45,0.4979,49.8%,14.778,0.06%,0.217,0.783,Bearish,Moderate Contraction,40.4,False,Uptrend,Above SMA20,25973.7,25915.1,52.55,6.05,N/A,1,Upside Breakout,2.95,21.05,29.25
17525,17-11-2025 12:25,25972.5,25975.35,25966.95,25967.6,8.4,13.265,4.9971,7.85,24.45,0.6332,63.3%,12.7352,0.05%,0.583,0.417,Bearish,Mild Contraction,26.7,False,Uptrend,Above SMA20,25976.7,25929.3,38.3,9.1,N/A,1,Upside Breakout,2.15,28.3,29.3
17528,17-11-2025 12:40,25981.85,25990.7,25981.8,25987.2,8.9,13.37,5.2411,7.85,24.45,0.6657,66.6%,12.4644,0.05%,0.601,0.399,Bullish,Mild Contraction,22.4,False,Uptrend,Above SMA20,25988.7,25944.15,43.05,1.5,N/A,1,Upside Breakout,7.2,14.4,21.55
17531,17-11-2025 12:55,25992.2,25996.85,25989.85,25994.1,7.0,12.38,5.1974,7.85,24.45,0.5654,56.5%,12.0751,0.05%,0.271,0.729,Bullish,Moderate Contraction,32.9,False,Uptrend,Above SMA20,25995.9,25949.25,44.85,1.8,N/A,1,Upside Breakout,1.0,24.8,28.45
17534,17-11-2025 13:10,25977.45,25984.45,25976.35,25980.95,8.1,11.625,3.4299,7.0,16.15,0.6968,69.7%,11.8918,0.05%,0.432,0.568,Bullish,Mild Contraction,20.6,False,Uptrend,Above SMA20,25996.9,25962.7,18.25,15.95,N/A,5,Upside Breakout,0.15,16.1,38.45
17541,17-11-2025 13:45,25993.7,26000.6,25992.4,25995.45,8.2,12.03,4.4253,5.8,17.6,0.6816,68.2%,12.4335,0.05%,0.213,0.787,Bullish,Mild Contraction,17.7,False,Uptrend,Above SMA20,25997.7,25965.65,29.8,2.25,N/A,1,Upside Breakout,5.5,27.8,27.8
17546,17-11-2025 14:10,26011.5,26015.35,26009.2,26010.5,6.15,14.075,4.6153,7.95,22.3,0.4369,43.7%,12.6586,0.05%,0.163,0.837,Bearish,Moderate Contraction,43.6,False,Uptrend,Above SMA20,26023.25,25965.65,44.85,12.75,N/A,15,Upside Breakout,0.95,30.5,33.3
17551,17-11-2025 14:35,26001.8,26005.1,25994.65,26004.25,10.45,15.175,7.4602,6.15,30.5,0.6886,68.9%,14.5675,0.06%,0.234,0.766,Bullish,Mild Contraction,14.3,False,Uptrend,Above SMA20,26023.25,25980.0,24.25,19.0,N/A,2,Downside Breakdown,2.8,27.05,27.05
17554,17-11-2025 14:50,25991.7,25994.0,25987.6,25991.3,6.4,17.51,7.8063,6.15,30.5,0.3655,36.6%,15.0262,0.06%,0.063,0.937,Bearish,Moderate Contraction,45.8,False,Downtrend,Below SMA20,26023.25,25977.2,14.1,31.95,N/A,7,Upside Breakout,0.95,28.2,61.15
17557,17-11-2025 15:05,26010.05,26013.1,26005.1,26012.7,8.0,17.045,8.2773,6.4,30.5,0.4693,46.9%,14.4046,0.06%,0.331,0.669,Bullish,Moderate Contraction,35.6,False,Uptrend,Above SMA20,26013.25,25977.2,35.5,0.55,N/A,1,Upside Breakout,1.7,82.55,82.55
17560,17-11-2025 15:20,26017.85,26020.2,26013.1,26014.3,7.1,13.2,7.8465,3.8,28.6,0.5379,53.8%,11.877,0.05%,0.5,0.5,Bearish,Mild Contraction,26.1,False,Uptrend,Above SMA20,26019.5,25977.2,37.1,5.2,N/A,1,Upside Breakout,4.7,84.15,118.5
17569,18-11-2025 09:50,25926.55,25926.55,25911.8,25916.45,14.75,25.81,26.8084,7.1,99.7,0.5715,57.1%,21.7096,0.08%,0.685,0.315,Bearish,Mild Contraction,21.2,False,Downtrend,Below SMA20,26029.85,25927.2,-10.75,113.4,N/A,1,Downside Breakdown,31.4,34.55,39.35
17572,18-11-2025 10:05,25910.9,25914.6,25897.15,25902.85,17.45,29.3,25.3553,14.75,99.7,0.5956,59.6%,22.1519,0.09%,0.461,0.539,Bearish,Mild Contraction,24.6,False,Downtrend,Below SMA20,26029.85,25881.9,20.95,127.0,N/A,6,Downside Breakdown,4.8,19.95,28.0
17575,18-11-2025 10:20,25908.7,25917.65,25908.7,25912.9,8.95,19.83,6.9428,9.0,31.85,0.4513,45.1%,18.4774,0.07%,0.469,0.531,Bullish,Moderate Contraction,42.0,False,Downtrend,Below SMA20,25971.75,25881.9,31.0,58.85,N/A,3,Downside Breakdown,4.8,35.8,35.8
17579,18-11-2025 10:40,25890.4,25894.85,25886.6,25891.8,8.25,17.09,6.2737,8.95,30.2,0.4827,48.3%,16.7198,0.06%,0.17,0.83,Bullish,Moderate Contraction,39.5,False,Downtrend,Below SMA20,25926.55,25877.1,14.7,34.75,N/A,3,Upside Breakout,4.3,44.4,57.6
17584,18-11-2025 11:05,25927.45,25932.25,25923.45,25930.55,8.8,16.495,6.2112,8.25,28.1,0.5335,53.3%,16.6325,0.06%,0.352,0.648,Bullish,Moderate Contraction,34.4,False,Uptrend,Above SMA20,25936.2,25877.1,53.45,5.65,N/A,2,Upside Breakout,9.9,18.85,52.65
17587,18-11-2025 11:20,25946.05,25949.4,25942.95,25943.2,6.45,15.11,6.9414,6.3,28.1,0.4269,42.7%,14.0225,0.05%,0.442,0.558,Bearish,Moderate Contraction,41.5,False,Uptrend,Above SMA20,25946.1,25877.1,66.1,2.9,N/A,4,Upside Breakout,10.55,34.15,40.0
17590,18-11-2025 11:35,25938.35,25944.8,25937.05,25943.85,7.75,15.18,7.2073,6.3,28.1,0.5105,51.1%,14.038,0.05%,0.71,0.29,Bullish,Moderate Contraction,32.7,False,Uptrend,Above SMA20,25949.4,25886.65,57.2,5.55,N/A,1,Upside Breakout,7.25,39.35,39.35
17596,18-11-2025 12:05,25969.5,25969.9,25963.1,25967.7,6.8,14.23,5.4092,6.45,22.2,0.4779,47.8%,13.5433,0.05%,0.265,0.735,Bearish,Moderate Contraction,38.7,False,Uptrend,Above SMA20,25983.2,25924.2,43.5,15.5,N/A,18,Upside Breakout,4.6,27.85,40.1
17603,18-11-2025 12:40,25940.7,25945.15,25936.4,25940.95,8.75,12.895,4.8933,6.35,20.8,0.6786,67.9%,13.2528,0.05%,0.029,0.971,Bullish,Mild Contraction,18.1,False,Downtrend,Below SMA20,25983.2,25930.8,10.15,42.25,N/A,2,Downside Breakdown,3.2,22.7,36.55
17608,18-11-2025 13:05,25960.25,25963.65,25956.1,25961.25,7.55,14.94,3.949,8.75,20.8,0.5054,50.5%,13.8925,0.05%,0.132,0.868,Bullish,Moderate Contraction,40.5,False,Uptrend,Above SMA20,25964.25,25927.6,33.65,3.0,N/A,1,Upside Breakout,0.95,16.25,26.55
17611,18-11-2025 13:20,25967.25,25976.7,25967.1,25971.8,9.6,14.885,4.7962,7.55,20.8,0.6449,64.5%,13.8537,0.05%,0.474,0.526,Bullish,Mild Contraction,23.1,False,Uptrend,Above SMA20,25973.1,25927.6,44.2,1.3,N/A,1,Upside Breakout,0.9,16.0,25.35
17617,18-11-2025 13:50,25973.85,25979.55,25972.95,25972.95,6.6,14.465,7.1791,7.1,29.25,0.4563,45.6%,14.1271,0.05%,0.136,0.864,Bearish,Moderate Contraction,39.4,False,Uptrend,Above SMA20,25987.8,25943.55,29.4,14.85,N/A,3,Upside Breakout,9.35,24.2,24.2
17630,18-11-2025 14:55,25939.2,25947.05,25937.2,25942.4,9.85,19.31,4.3539,13.15,26.2,0.5101,51.0%,16.0659,0.06%,0.325,0.675,Bullish,Moderate Contraction,41.7,False,Downtrend,Below SMA20,25997.15,25937.85,4.55,54.75,N/A,1,Downside Breakdown,19.0,65.9,86.2
17639,19-11-2025 09:25,25900.5,25915.55,25900.25,25904.5,15.3,30.49,19.4874,9.85,76.15,0.5018,50.2%,29.2086,0.11%,0.261,0.739,Bullish,Mild Contraction,29.9,False,Downtrend,Below SMA20,25953.75,25856.2,48.3,49.25,N/A,9,Upside Breakout,1.1,20.7,63.75
17642,19-11-2025 09:40,25909.8,25915.3,25901.2,25909.3,14.1,32.46,18.169,15.3,76.15,0.4344,43.4%,27.1198,0.1%,0.035,0.965,Bearish,Moderate Contraction,40.2,False,Uptrend,Below SMA20,25933.65,25856.2,53.1,24.35,N/A,5,Upside Breakout,2.55,26.9,68.65
17645,19-11-2025 09:55,25911.15,25924.05,25909.85,25920.35,14.2,30.76,18.9699,14.1,76.15,0.4616,46.2%,24.7855,0.1%,0.648,0.352,Bullish,Moderate Contraction,37.9,False,Uptrend,Above SMA20,25933.65,25856.2,64.15,13.3,N/A,2,Upside Breakout,2.55,50.1,58.8
17650,19-11-2025 10:20,25965.6,25970.45,25961.8,25967.25,8.65,20.57,7.4919,11.1,30.15,0.4205,42.1%,20.1906,0.08%,0.191,0.809,Bullish,Moderate Contraction,43.9,False,Uptrend,Above SMA20,25968.25,25883.8,83.45,1.0,N/A,1,Upside Breakout,3.3,20.85,41.65
17653,19-11-2025 10:35,25976.05,25979.15,25968.05,25969.05,11.1,17.8,6.7971,8.65,29.3,0.6236,62.4%,18.511,0.07%,0.631,0.369,Bearish,Mild Contraction,23.9,False,Uptrend,Above SMA20,25977.95,25883.8,85.25,8.9,N/A,17,Upside Breakout,16.85,29.05,51.25
17662,19-11-2025 11:20,25933.05,25941.6,25932.7,25938.4,8.9,16.455,4.462,8.3,23.2,0.5409,54.1%,16.1159,0.06%,0.601,0.399,Bullish,Moderate Contraction,36.1,False,Downtrend,Below SMA20,25979.15,25917.8,20.6,40.75,N/A,8,Upside Breakout,15.65,38.35,61.35
17665,19-11-2025 11:35,25950.25,25955.65,25949.3,25954.0,6.35,15.165,5.3808,4.35,23.2,0.4187,41.9%,13.2273,0.05%,0.591,0.409,Bullish,Moderate Contraction,40.6,False,Downtrend,Above SMA20,25969.75,25917.8,36.2,15.75,N/A,1,Upside Breakout,2.35,40.8,62.85
17668,19-11-2025 11:50,25974.5,25976.85,25970.6,25972.15,6.25,12.625,5.4297,4.35,19.95,0.495,49.5%,12.3604,0.05%,0.376,0.624,Bearish,Moderate Contraction,33.0,False,Uptrend,Above SMA20,25976.75,25917.8,54.35,4.6,N/A,2,Upside Breakout,18.05,38.2,59.55
17686,19-11-2025 13:20,26018.6,26022.6,26016.25,26019.9,6.35,14.24,3.5017,9.5,19.95,0.4459,44.6%,12.7406,0.05%,0.205,0.795,Bullish,Moderate Contraction,45.8,False,Downtrend,Above SMA20,26038.9,26012.25,7.65,19.0,N/A,1,Downside Breakdown,10.3,32.6,32.6
17692,19-11-2025 13:50,26011.15,26014.85,26009.1,26012.05,5.75,13.145,4.3688,6.35,19.95,0.4374,43.7%,12.0522,0.05%,0.157,0.843,Bullish,Moderate Contraction,43.5,False,Downtrend,Below SMA20,26038.9,25987.3,24.75,26.85,N/A,5,Upside Breakout,9.45,36.3,62.6
17698,19-11-2025 14:20,26044.1,26047.2,26040.55,26043.4,6.65,14.2,6.13,5.75,25.3,0.4683,46.8%,13.8753,0.05%,0.105,0.895,Bearish,Moderate Contraction,37.3,False,Uptrend,Above SMA20,26048.35,25987.3,56.1,4.95,N/A,1,Upside Breakout,0.6,31.25,31.25
17703,19-11-2025 14:45,26062.65,26064.3,26057.85,26058.6,6.45,14.685,7.5712,6.65,26.5,0.4392,43.9%,13.0287,0.05%,0.628,0.372,Bearish,Moderate Contraction,40.3,False,Uptrend,Above SMA20,26074.65,25993.4,65.2,16.05,N/A,9,Upside Breakout,61.35,11.75,77.4
17707,19-11-2025 15:05,26052.25,26054.4,26046.85,26052.8,7.55,11.365,6.1035,6.45,26.5,0.6643,66.4%,11.6362,0.04%,0.073,0.927,Bullish,Mild Contraction,20.7,False,Uptrend,Above SMA20,26074.65,26032.55,20.25,21.85,N/A,5,Upside Breakout,61.35,83.2,83.2
17719,20-11-2025 09:50,26089.0,26095.55,26083.25,26084.4,12.3,23.19,14.1358,8.85,52.85,0.5304,53.0%,21.8747,0.08%,0.374,0.626,Bearish,Mild Contraction,28.7,False,Uptrend,Above SMA20,26136.0,26041.15,43.25,51.6,N/A,11,Upside Breakout,5.55,24.95,46.45
17724,20-11-2025 10:15,26100.7,26109.35,26097.4,26103.5,11.95,19.855,8.9188,11.55,42.15,0.6019,60.2%,18.5275,0.07%,0.234,0.766,Bullish,Mild Contraction,29.1,False,Downtrend,Above SMA20,26111.9,26063.2,40.3,8.4,N/A,2,Upside Breakout,3.35,27.35,41.55
17727,20-11-2025 10:30,26114.0,26121.95,26112.75,26117.8,9.2,18.19,9.7821,7.95,42.15,0.5058,50.6%,16.0076,0.06%,0.413,0.587,Bullish,Moderate Contraction,33.3,False,Uptrend,Above SMA20,26115.25,26063.2,54.6,-2.55,N/A,1,Upside Breakout,6.5,27.25,27.25
17731,20-11-2025 10:50,26140.75,26145.05,26138.25,26138.8,6.8,13.23,4.4834,7.2,21.05,0.514,51.4%,13.9661,0.05%,0.287,0.713,Bearish,Moderate Contraction,37.8,False,Uptrend,Above SMA20,26141.55,26076.15,62.65,2.75,N/A,8,Upside Breakout,7.1,12.75,12.75
17740,20-11-2025 11:35,26147.75,26148.4,26141.2,26142.55,7.2,10.5,3.5051,6.8,17.45,0.6857,68.6%,10.96,0.04%,0.722,0.278,Bearish,Mild Contraction,23.4,False,Uptrend,Above SMA20,26148.65,26124.1,18.45,6.1,N/A,5,Upside Breakout,4.3,16.7,20.1
17747,20-11-2025 12:10,26141.15,26146.45,26140.15,26146.05,6.3,10.465,2.8567,7.2,15.5,0.602,60.2%,10.0816,0.04%,0.778,0.222,Bullish,Strong Contraction,52.9,True,Uptrend,Above SMA20,26152.95,26125.85,20.2,6.9,N/A,2,Upside Breakout,5.2,25.2,38.7
17752,20-11-2025 12:35,26164.6,26171.25,26164.0,26168.55,7.25,11.065,2.925,6.3,15.25,0.6552,65.5%,10.3743,0.04%,0.545,0.455,Bullish,Moderate Contraction,45.1,True,Uptrend,Above SMA20,26167.6,26125.85,42.7,-0.95,N/A,1,Upside Breakout,7.75,16.2,35.85
17763,20-11-2025 13:30,26203.2,26205.05,26198.85,26200.05,6.2,11.285,4.1771,7.0,18.6,0.5494,54.9%,11.2315,0.04%,0.508,0.492,Bearish,Moderate Contraction,34.7,False,Uptrend,Above SMA20,26204.4,26165.65,34.4,4.35,N/A,1,Upside Breakout,10.2,27.95,46.6
17768,20-11-2025 13:55,26224.3,26225.9,26218.6,26218.9,7.3,13.395,4.4657,6.2,18.6,0.545,54.5%,12.314,0.05%,0.74,0.26,Bearish,Moderate Contraction,32.6,False,Uptrend,Above SMA20,26228.0,26171.0,47.9,9.1,N/A,2,Upside Breakout,0.2,27.75,27.75
17771,20-11-2025 14:10,26224.4,26227.75,26221.95,26224.65,5.8,13.095,4.7118,6.2,18.6,0.4429,44.3%,10.9745,0.04%,0.043,0.957,Bullish,Moderate Contraction,42.4,False,Uptrend,Above SMA20,26228.2,26172.9,51.75,3.55,N/A,1,Upside Breakout,18.45,25.85,55.05
17784,20-11-2025 15:15,26204.6,26205.25,26187.3,26191.15,17.95,29.07,9.0093,19.6,48.25,0.6175,61.7%,24.7942,0.09%,0.749,0.251,Bearish,Moderate Contraction,30.9,False,Downtrend,Below SMA20,26236.5,26169.6,21.55,45.35,N/A,3,Downside Breakdown,75.15,96.7,96.7
17789,21-11-2025 09:25,26159.7,26169.95,26156.2,26158.2,13.75,28.35,13.0352,12.85,48.25,0.485,48.5%,30.512,0.12%,0.109,0.891,Bearish,Moderate Contraction,36.7,False,Downtrend,Below SMA20,26217.85,26094.45,63.75,59.65,N/A,6,Downside Breakdown,1.0,49.15,93.1
17794,21-11-2025 09:50,26120.6,26123.95,26109.05,26109.15,14.9,22.775,11.8172,12.85,47.7,0.6542,65.4%,25.1755,0.1%,0.768,0.232,Bearish,Mild Contraction,21.8,False,Downtrend,Below SMA20,26205.25,26094.45,14.7,96.1,N/A,1,Downside Breakdown,1.0,44.05,53.2
17797,21-11-2025 10:05,26094.15,26096.95,26084.65,26086.5,12.3,25.43,10.9693,13.7,47.7,0.4837,48.4%,24.0272,0.09%,0.622,0.378,Bearish,Moderate Contraction,38.3,False,Downtrend,Below SMA20,26174.0,26092.1,-5.6,87.5,N/A,1,Downside Breakdown,11.45,30.55,30.55
17800,21-11-2025 10:20,26066.1,26069.9,26055.95,26068.45,13.95,20.8,6.6428,12.3,30.1,0.6707,67.1%,21.7344,0.08%,0.168,0.832,Bullish,Mild Contraction,22.9,False,Downtrend,Below SMA20,26174.0,26065.1,3.35,105.55,N/A,1,Downside Breakdown,3.9,11.3,42.1
17804,21-11-2025 10:40,26075.55,26076.65,26068.8,26071.55,7.85,18.135,6.0629,12.3,28.6,0.4329,43.3%,18.0338,0.07%,0.51,0.49,Bearish,Moderate Contraction,43.7,False,Downtrend,Below SMA20,26123.95,26055.95,15.6,52.4,N/A,18,Upside Breakout,2.4,23.8,39.0
17808,21-11-2025 11:00,26093.2,26095.35,26084.85,26085.7,10.5,16.525,6.0057,7.85,28.85,0.6354,63.5%,17.732,0.07%,0.714,0.286,Bearish,Mild Contraction,22.6,False,Downtrend,Below SMA20,26096.5,26055.95,29.75,10.8,N/A,2,Upside Breakout,14.05,24.85,24.85
17811,21-11-2025 11:15,26107.2,26108.15,26098.65,26099.55,9.5,17.125,7.0155,7.85,28.85,0.5547,55.5%,18.0608,0.07%,0.805,0.195,Bearish,Moderate Contraction,30.2,False,Uptrend,Above SMA20,26110.55,26059.95,39.6,11.0,N/A,10,Upside Breakout,0.35,28.6,28.6
17815,21-11-2025 11:35,26085.45,26097.65,26085.1,26090.9,12.55,18.925,7.0682,9.5,28.85,0.6631,66.3%,18.2879,0.07%,0.434,0.566,Bullish,Mild Contraction,20.1,False,Uptrend,Above SMA20,26110.55,26061.1,29.8,19.65,N/A,6,Upside Breakout,0.35,19.95,69.8
17818,21-11-2025 11:50,26090.25,26097.5,26088.8,26096.3,8.7,17.015,7.3584,5.95,27.15,0.5113,51.1%,15.8704,0.06%,0.695,0.305,Bullish,Moderate Contraction,31.5,False,Uptrend,Above SMA20,26110.55,26064.8,31.5,14.25,N/A,3,Upside Breakout,0.35,43.45,64.4
17821,21-11-2025 12:05,26106.65,26110.9,26104.7,26107.55,6.2,14.75,7.175,5.95,24.25,0.4203,42.0%,14.2149,0.05%,0.145,0.855,Bullish,Moderate Contraction,41.4,False,Uptrend,Above SMA20,26108.15,26070.95,36.6,0.6,N/A,1,Upside Breakout,18.2,53.15,71.65
17832,21-11-2025 13:00,26166.2,26170.45,26161.2,26166.9,9.25,15.89,3.319,12.0,22.1,0.5821,58.2%,14.2685,0.05%,0.076,0.924,Bullish,Moderate Contraction,36.7,False,Uptrend,Above SMA20,26179.2,26107.15,59.75,12.3,N/A,5,Downside Breakdown,2.4,62.15,67.55
17843,21-11-2025 13:55,26129.25,26138.6,26127.8,26138.6,10.8,17.735,6.1051,10.3,29.1,0.609,60.9%,16.0218,0.06%,0.866,0.134,Bullish,Mild Contraction,29.5,False,Downtrend,Below SMA20,26169.05,26099.35,39.25,30.45,N/A,11,Downside Breakdown,7.45,16.35,32.15
17846,21-11-2025 14:10,26143.05,26148.7,26138.1,26147.15,10.6,15.285,4.033,9.4,20.95,0.6935,69.3%,15.2052,0.06%,0.387,0.613,Bullish,Mild Contraction,22.1,False,Uptrend,Above SMA20,26144.6,26099.35,47.8,-2.55,N/A,1,Upside Breakout,10.35,14.55,81.4
17849,21-11-2025 14:25,26148.75,26152.4,26145.55,26149.95,6.85,15.04,4.2373,9.4,20.95,0.4555,45.5%,13.718,0.05%,0.175,0.825,Bullish,Moderate Contraction,43.6,False,Uptrend,Above SMA20,26154.95,26099.35,50.6,5.0,N/A,1,Upside Breakout,0.45,58.05,85.9
17857,21-11-2025 15:05,26078.85,26079.85,26068.15,26070.2,11.7,17.29,6.5295,6.85,27.0,0.6767,67.7%,17.2145,0.07%,0.739,0.261,Bearish,Mild Contraction,16.3,False,Downtrend,Below SMA20,26161.7,26065.75,4.45,91.5,N/A,1,Downside Breakdown,1.7,67.35,67.35
17861,21-11-2025 15:25,26057.05,26067.55,26056.35,26063.95,11.2,18.385,5.5091,9.35,27.0,0.6092,60.9%,15.7437,0.06%,0.616,0.384,Bullish,Mild Contraction,27.6,False,Downtrend,Below SMA20,26161.7,26052.2,11.75,97.75,N/A,,,,73.6,73.6
17870,24-11-2025 09:55,26087.4,26093.25,26084.0,26085.4,9.25,24.645,12.5988,11.2,55.25,0.3753,37.5%,21.4748,0.08%,0.216,0.784,Bearish,Moderate Contraction,44.7,False,Uptrend,Below SMA20,26137.55,26052.2,33.2,52.15,N/A,8,Upside Breakout,5.25,44.95,57.4
17876,24-11-2025 10:25,26125.2,26128.8,26121.25,26121.25,7.55,18.445,7.0303,9.25,32.75,0.4093,40.9%,17.5911,0.07%,0.523,0.477,Bearish,Moderate Contraction,44.4,False,Uptrend,Above SMA20,26130.35,26064.7,56.55,9.1,N/A,1,Upside Breakout,0.25,21.55,33.15
17882,24-11-2025 10:55,26114.4,26115.3,26108.15,26108.4,7.15,13.58,3.7522,7.55,19.05,0.5265,52.7%,14.5822,0.06%,0.839,0.161,Bearish,Moderate Contraction,38.5,False,Downtrend,Below SMA20,26142.8,26108.65,-0.25,34.4,N/A,1,Downside Breakdown,14.25,20.3,22.55
17885,24-11-2025 11:10,26100.6,26102.7,26094.95,26098.1,7.75,12.21,3.8775,7.15,18.5,0.6347,63.5%,13.0915,0.05%,0.323,0.677,Bearish,Mild Contraction,27.1,False,Downtrend,Below SMA20,26142.8,26094.4,3.7,44.7,N/A,1,Downside Breakdown,6.3,32.85,34.9
17889,24-11-2025 11:30,26122.2,26126.0,26118.65,26122.2,7.35,12.34,6.4556,6.6,27.05,0.5956,59.6%,13.0465,0.05%,0.0,1.0,Bullish,Mild Contraction,27.2,False,Downtrend,Above SMA20,26141.75,26088.1,34.1,19.55,N/A,4,Downside Breakdown,19.8,59.0,59.0
17897,24-11-2025 12:10,26073.45,26074.4,26065.6,26069.1,8.8,15.565,8.1007,6.6,29.85,0.5654,56.5%,14.3215,0.05%,0.494,0.506,Bearish,Moderate Contraction,47.0,True,Downtrend,Below SMA20,26130.95,26063.2,5.9,61.85,N/A,3,Downside Breakdown,3.9,22.35,24.2
17902,24-11-2025 12:35,26078.4,26083.85,26074.65,26077.05,9.2,18.715,7.6248,8.8,33.35,0.4916,49.2%,16.5371,0.06%,0.147,0.853,Bearish,Moderate Contraction,37.3,False,Downtrend,Below SMA20,26117.3,26046.75,30.3,40.25,N/A,18,Downside Breakdown,12.2,16.25,19.0
17911,24-11-2025 13:20,26089.0,26096.05,26089.0,26091.05,7.05,16.62,7.7899,7.55,33.35,0.4242,42.4%,14.9837,0.06%,0.291,0.709,Bullish,Strong Contraction,61.9,True,Uptrend,Above SMA20,26093.3,26046.75,44.3,2.25,N/A,1,Upside Breakout,0.85,28.25,56.5
17916,24-11-2025 13:45,26088.35,26090.05,26079.0,26080.7,11.05,16.25,6.2977,7.05,25.6,0.68,68.0%,15.7155,0.06%,0.692,0.308,Bearish,Mild Contraction,16.6,False,Downtrend,Above SMA20,26096.05,26062.8,17.9,15.35,N/A,3,Downside Breakdown,13.4,46.15,61.95
17933,24-11-2025 15:10,25964.9,25968.1,25952.3,25954.4,15.8,23.245,20.5692,12.7,80.55,0.6797,68.0%,24.1574,0.09%,0.665,0.335,Bearish,Mild Contraction,17.1,False,Downtrend,Below SMA20,26057.75,25955.2,-0.8,103.35,N/A,1,Downside Breakdown,6.6,51.05,51.05
17939,25-11-2025 09:25,25955.1,25969.15,25946.45,25955.2,22.7,34.84,25.3667,12.05,81.3,0.6515,65.2%,30.5458,0.12%,0.004,0.996,Bullish,Mild Contraction,15.8,False,Downtrend,Below SMA20,26057.75,25912.15,43.05,102.55,N/A,,,,32.9,70.3
17942,25-11-2025 09:40,25969.4,25978.7,25968.25,25969.1,10.45,28.9,19.8641,12.05,81.3,0.3616,36.2%,26.1378,0.1%,0.029,0.971,Bearish,Moderate Contraction,44.0,False,Uptrend,Below SMA20,26005.45,25912.15,56.95,36.35,N/A,5,Upside Breakout,0.4,36.75,56.4
17945,25-11-2025 09:55,25984.05,25990.6,25978.95,25988.4,11.65,30.155,20.015,10.45,81.3,0.3863,38.6%,24.2053,0.09%,0.373,0.627,Bullish,Moderate Contraction,41.3,False,Uptrend,Above SMA20,26005.45,25912.15,76.25,17.05,N/A,2,Upside Breakout,0.4,37.1,37.1
17949,25-11-2025 10:15,26019.35,26024.0,26013.0,26014.1,11.0,19.415,7.6118,10.45,36.0,0.5666,56.7%,20.575,0.08%,0.477,0.523,Bearish,Moderate Contraction,31.9,False,Uptrend,Above SMA20,26025.5,25946.45,67.65,11.4,N/A,8,Downside Breakdown,8.0,22.7,86.95
17955,25-11-2025 10:45,25991.75,25991.9,25982.35,25984.5,9.55,16.315,3.5268,11.0,21.35,0.5854,58.5%,17.888,0.07%,0.759,0.241,Bearish,Moderate Contraction,36.1,False,Downtrend,Below SMA20,26025.5,25978.95,5.55,41.0,N/A,1,Downside Breakdown,5.9,57.35,57.35
17958,25-11-2025 11:00,25938.95,25939.9,25927.15,25934.9,12.75,18.44,7.7556,9.55,37.6,0.6914,69.1%,19.4419,0.07%,0.318,0.682,Bearish,Mild Contraction,17.0,False,Downtrend,Below SMA20,26025.5,25938.45,-3.55,90.6,N/A,1,Downside Breakdown,7.4,29.9,41.45
17961,25-11-2025 11:15,25945.25,25953.8,25944.45,25948.8,9.35,17.04,8.3394,7.8,37.6,0.5487,54.9%,16.0993,0.06%,0.38,0.62,Bullish,Mild Contraction,29.9,False,Downtrend,Below SMA20,26020.4,25927.15,21.65,71.6,N/A,,,,21.0,45.95
17964,25-11-2025 11:30,25962.7,25966.35,25958.1,25965.2,8.25,15.125,8.6375,7.8,37.6,0.5455,54.5%,14.4289,0.06%,0.303,0.697,Bullish,Moderate Contraction,31.6,False,Downtrend,Below SMA20,26009.75,25927.15,38.05,44.55,N/A,,,,29.55,29.55
17974,25-11-2025 12:20,25964.0,25964.75,25954.35,25957.95,10.4,15.385,5.3268,6.65,23.0,0.676,67.6%,15.5465,0.06%,0.582,0.418,Bearish,Mild Contraction,17.5,False,Downtrend,Below SMA20,25994.75,25950.55,7.4,36.8,N/A,6,Upside Breakout,4.05,36.25,51.35
17979,25-11-2025 12:45,25987.25,25994.2,25986.3,25986.3,7.9,16.54,4.4759,10.4,23.0,0.4776,47.8%,14.5765,0.06%,0.12,0.88,Bearish,Moderate Contraction,42.4,False,Downtrend,Above SMA20,25994.75,25954.35,31.95,8.45,N/A,1,Upside Breakout,4.05,23.0,28.55
17989,25-11-2025 13:35,26003.95,26013.4,26000.4,26011.35,13.0,18.9,6.674,7.9,32.8,0.6878,68.8%,17.8357,0.07%,0.569,0.431,Bullish,Mild Contraction,15.8,False,Uptrend,Above SMA20,26014.85,25969.65,41.7,3.5,N/A,5,Upside Breakout,8.6,24.15,39.25
17992,25-11-2025 13:50,25998.6,26008.75,25996.2,26007.55,12.55,19.785,5.9294,13.0,32.8,0.6343,63.4%,17.7896,0.07%,0.713,0.287,Bullish,Mild Contraction,29.9,False,Uptrend,Above SMA20,26014.85,25969.65,37.9,7.3,N/A,2,Upside Breakout,8.6,25.05,64.65
17996,25-11-2025 14:10,26014.15,26023.85,26012.9,26020.25,10.95,16.77,4.3777,9.3,23.4,0.653,65.3%,15.8029,0.06%,0.557,0.443,Bullish,Mild Contraction,24.9,False,Uptrend,Above SMA20,26029.15,25983.35,36.9,8.9,N/A,1,Upside Breakout,3.45,76.5,151.45
18009,25-11-2025 15:15,25886.05,25886.05,25877.0,25879.35,9.05,27.595,11.8895,16.15,51.6,0.328,32.8%,23.9834,0.09%,0.74,0.26,Bearish,Strong Contraction,69.1,True,Downtrend,Below SMA20,25992.15,25868.8,10.55,112.8,N/A,2,Downside Breakdown,11.3,104.55,200.8
18013,26-11-2025 09:20,25969.85,25978.3,25965.1,25969.3,13.2,35.32,35.0299,9.05,126.75,0.3737,37.4%,32.6998,0.13%,0.042,0.958,Bearish,Moderate Contraction,38.6,False,Uptrend,Above SMA20,25969.7,25842.95,126.35,0.4,N/A,1,Upside Breakout,14.2,80.75,129.05
18016,26-11-2025 09:35,26010.75,26016.05,25999.1,26003.3,16.95,32.47,35.4345,9.05,126.75,0.522,52.2%,29.4177,0.11%,0.44,0.56,Bearish,Mild Contraction,25.6,False,Uptrend,Above SMA20,26014.55,25842.95,160.35,11.25,N/A,1,Upside Breakout,11.25,89.85,95.05
18020,26-11-2025 09:55,26076.6,26085.25,26068.05,26077.45,17.2,32.22,34.0781,12.5,126.75,0.5338,53.4%,27.339,0.1%,0.049,0.951,Bullish,Mild Contraction,26.9,False,Uptrend,Above SMA20,26080.15,25842.95,234.5,2.7,N/A,1,Upside Breakout,13.0,20.9,53.45
18024,26-11-2025 10:15,26084.1,26092.7,26082.05,26085.6,10.65,21.88,7.3387,12.45,34.95,0.4867,48.7%,21.8164,0.08%,0.141,0.859,Bullish,Moderate Contraction,39.8,False,Uptrend,Above SMA20,26098.35,25965.6,120.0,12.75,N/A,6,Upside Breakout,32.55,23.7,45.3
18029,26-11-2025 10:40,26088.65,26093.4,26084.55,26091.65,8.85,18.115,5.8844,10.65,31.85,0.4885,48.9%,18.8006,0.07%,0.339,0.661,Bullish,Moderate Contraction,40.0,False,Uptrend,Above SMA20,26098.35,26048.3,43.35,6.7,N/A,1,Upside Breakout,32.55,39.25,47.65
18032,26-11-2025 10:55,26106.85,26114.8,26103.95,26108.5,10.85,18.66,8.4769,8.85,38.8,0.5815,58.1%,20.2217,0.08%,0.152,0.848,Bullish,Mild Contraction,27.3,False,Uptrend,Above SMA20,26130.9,26061.9,46.6,22.4,N/A,4,Upside Breakout,1.4,27.7,30.8
18035,26-11-2025 11:10,26116.95,26118.75,26113.4,26116.75,5.35,18.185,8.4632,8.85,38.8,0.2942,29.4%,16.9234,0.06%,0.037,0.963,Bearish,Strong Contraction,50.8,False,Uptrend,Above SMA20,26130.9,26061.9,54.85,14.15,N/A,1,Upside Breakout,1.4,22.55,36.05
18041,26-11-2025 11:40,26125.65,26129.05,26120.85,26121.05,8.2,12.65,4.6549,5.35,22.55,0.6482,64.8%,13.5079,0.05%,0.561,0.439,Bearish,Mild Contraction,19.9,False,Uptrend,Above SMA20,26139.3,26103.55,17.5,18.25,N/A,3,Upside Breakout,6.45,39.25,41.3
18047,26-11-2025 12:10,26159.1,26161.2,26155.2,26156.95,6.0,11.875,3.21,7.35,16.2,0.5053,50.5%,12.4865,0.05%,0.358,0.642,Bearish,Moderate Contraction,40.3,False,Uptrend,Above SMA20,26160.3,26116.7,40.25,3.35,N/A,3,Upside Breakout,2.05,11.85,28.65
18053,26-11-2025 12:40,26167.3,26171.8,26164.7,26170.45,7.1,11.02,3.4065,6.0,15.6,0.6443,64.4%,10.9723,0.04%,0.444,0.556,Bullish,Mild Contraction,24.6,False,Uptrend,Above SMA20,26168.8,26128.95,41.5,-1.65,N/A,1,Upside Breakout,4.0,21.0,24.95
18064,26-11-2025 13:35,26171.8,26179.05,26170.8,26177.35,8.25,16.86,6.5219,9.25,28.75,0.4893,48.9%,16.011,0.06%,0.673,0.327,Bullish,Moderate Contraction,38.6,False,Uptrend,Above SMA20,26195.4,26151.9,25.45,18.05,N/A,4,Upside Breakout,0.5,35.45,35.45
18071,26-11-2025 14:10,26202.15,26206.5,26196.75,26197.6,9.75,21.28,7.046,8.25,30.05,0.4582,45.8%,18.4763,0.07%,0.467,0.533,Bearish,Moderate Contraction,39.7,False,Uptrend,Above SMA20,26212.8,26151.9,45.7,15.2,N/A,11,Upside Breakout,2.35,31.55,38.55
18076,26-11-2025 14:35,26182.3,26186.0,26177.55,26181.3,8.45,19.985,7.8834,9.75,32.05,0.4228,42.3%,17.8628,0.07%,0.118,0.882,Bearish,Moderate Contraction,43.2,False,Uptrend,Below SMA20,26212.8,26163.15,18.15,31.5,N/A,3,Downside Breakdown,4.1,25.5,33.85
18083,26-11-2025 15:10,26212.2,26214.15,26206.55,26213.5,7.6,18.675,7.1663,8.45,32.05,0.407,40.7%,17.3993,0.07%,0.171,0.829,Bullish,Moderate Contraction,44.5,False,Uptrend,Above SMA20,26215.15,26159.05,54.45,1.65,N/A,4,Upside Breakout,47.7,82.05,82.05
18090,27-11-2025 09:30,26282.55,26286.6,26270.95,26279.95,15.65,23.1,15.8027,7.6,53.95,0.6775,67.7%,24.5244,0.09%,0.166,0.834,Bearish,Moderate Contraction,33.3,True,Uptrend,Above SMA20,26295.55,26182.9,97.05,15.6,N/A,6,Upside Breakout,0.35,56.25,56.25
18096,27-11-2025 10:00,26283.4,26295.9,26277.05,26287.75,18.85,30.42,12.2407,14.3,53.95,0.6197,62.0%,25.4388,0.1%,0.231,0.769,Bullish,Mild Contraction,23.7,False,Uptrend,Above SMA20,26295.55,26196.6,91.15,7.8,N/A,1,Upside Breakout,11.4,22.1,22.7
18099,27-11-2025 10:15,26283.9,26284.8,26273.95,26281.75,10.85,24.835,5.7591,15.65,31.95,0.4369,43.7%,22.4541,0.09%,0.198,0.802,Bearish,Moderate Contraction,47.2,False,Downtrend,Above SMA20,26306.95,26223.7,58.05,25.2,N/A,7,Upside Breakout,3.5,16.1,28.7
18102,27-11-2025 10:30,26280.1,26285.4,26270.75,26276.35,14.65,20.97,6.6366,10.85,29.55,0.6986,69.9%,19.6632,0.07%,0.256,0.744,Bearish,Mild Contraction,17.3,False,Uptrend,Above SMA20,26306.95,26223.7,52.65,30.6,N/A,4,Upside Breakout,3.5,34.1,34.1
18107,27-11-2025 10:55,26290.0,26292.65,26283.65,26291.05,9.0,15.53,3.5227,10.85,21.85,0.5795,58.0%,16.6937,0.06%,0.117,0.883,Bullish,Moderate Contraction,36.2,False,Uptrend,Above SMA20,26310.45,26265.65,25.4,19.4,N/A,8,Downside Breakdown,2.9,15.4,57.35
18113,27-11-2025 11:25,26284.4,26285.9,26278.1,26279.25,7.8,13.695,3.9143,9.0,20.75,0.5696,57.0%,14.1558,0.05%,0.66,0.34,Bearish,Moderate Contraction,35.0,False,Downtrend,Below SMA20,26310.45,26273.15,6.1,31.2,N/A,1,Downside Breakdown,6.35,45.8,50.6
18122,27-11-2025 12:10,26240.45,26246.85,26237.8,26244.0,9.05,15.66,8.1356,7.8,36.65,0.5779,57.8%,15.4727,0.06%,0.392,0.608,Bullish,Mild Contraction,27.9,False,Downtrend,Below SMA20,26287.2,26228.65,15.35,43.2,N/A,2,Downside Breakdown,9.65,29.05,29.05
18126,27-11-2025 12:30,26227.65,26230.0,26219.6,26219.85,10.4,17.695,8.1368,9.05,36.65,0.5877,58.8%,15.6743,0.06%,0.75,0.25,Bearish,Mild Contraction,27.8,False,Downtrend,Below SMA20,26274.4,26214.95,4.9,54.55,N/A,8,Downside Breakdown,39.45,37.1,68.65
18129,27-11-2025 12:45,26249.5,26252.65,26243.15,26251.5,9.5,15.84,6.7092,5.55,26.0,0.5997,60.0%,15.0303,0.06%,0.211,0.789,Bullish,Mild Contraction,22.8,False,Uptrend,Below SMA20,26262.55,26214.95,36.55,11.05,N/A,5,Downside Breakdown,39.45,76.0,106.75
18137,27-11-2025 13:25,26154.85,26156.8,26144.75,26151.85,12.05,20.96,14.1962,5.55,47.1,0.5749,57.5%,20.9669,0.08%,0.249,0.751,Bearish,Mild Contraction,21.9,False,Downtrend,Below SMA20,26256.95,26151.2,0.65,105.1,N/A,1,Downside Breakdown,5.3,27.75,49.0
18140,27-11-2025 13:40,26151.7,26154.3,26141.9,26148.05,12.4,22.515,12.8313,8.0,47.1,0.5507,55.1%,20.0864,0.08%,0.294,0.706,Bearish,Mild Contraction,26.4,False,Downtrend,Below SMA20,26256.95,26144.75,3.3,108.9,N/A,1,Downside Breakdown,1.15,41.95,74.4
18143,27-11-2025 13:55,26179.25,26186.05,26170.0,26185.35,16.05,23.585,12.0531,12.05,47.1,0.6805,68.1%,19.8019,0.08%,0.38,0.62,Bullish,Mild Contraction,17.3,False,Downtrend,Below SMA20,26231.65,26141.9,43.45,46.3,N/A,17,Upside Breakout,2.55,21.45,37.1
18153,27-11-2025 14:45,26205.8,26206.7,26192.95,26192.95,13.75,23.1,8.2249,13.9,41.9,0.5952,59.5%,22.4601,0.09%,0.935,0.065,Bearish,Moderate Contraction,31.7,False,Uptrend,Above SMA20,26222.45,26168.3,24.65,29.5,N/A,3,Upside Breakout,5.75,35.25,58.8
18158,27-11-2025 15:10,26213.3,26218.8,26204.3,26212.65,14.5,25.255,9.211,13.75,41.9,0.5741,57.4%,23.2882,0.09%,0.045,0.955,Bearish,Moderate Contraction,31.7,False,Uptrend,Above SMA20,26228.2,26173.3,39.35,15.55,N/A,2,Upside Breakout,6.0,40.25,43.5
18161,27-11-2025 15:25,26219.55,26231.15,26217.75,26219.85,13.4,22.635,7.5871,13.75,39.15,0.592,59.2%,21.3344,0.08%,0.022,0.978,Bullish,Moderate Contraction,32.3,False,Uptrend,Above SMA20,26234.2,26173.3,46.55,14.35,N/A,1,Upside Breakout,17.55,47.45,47.45
18169,28-11-2025 09:50,26240.05,26253.6,26232.6,26252.45,21.0,34.525,19.3909,13.4,79.35,0.6083,60.8%,31.0372,0.12%,0.59,0.41,Bullish,Moderate Contraction,41.5,True,Uptrend,Above SMA20,26256.15,26172.4,80.05,3.7,N/A,2,Upside Breakout,6.1,25.2,33.65
18172,28-11-2025 10:05,26257.05,26267.8,26256.7,26262.1,11.1,33.96,19.9503,12.65,79.35,0.3269,32.7%,24.6381,0.09%,0.455,0.545,Bullish,Moderate Contraction,47.1,False,Uptrend,Above SMA20,26262.25,26172.4,89.7,0.15,N/A,1,Upside Breakout,1.55,43.3,43.3
18175,28-11-2025 10:20,26232.45,26233.9,26220.85,26220.85,13.05,24.675,12.7759,11.1,54.5,0.5289,52.9%,22.3352,0.09%,0.889,0.111,Bearish,Moderate Contraction,31.5,False,Downtrend,Below SMA20,26267.8,26201.65,19.2,46.95,N/A,3,Upside Breakout,2.5,59.9,59.9
18179,28-11-2025 10:40,26267.85,26274.5,26264.35,26274.5,10.15,17.665,4.5094,11.1,24.5,0.5746,57.5%,20.1529,0.08%,0.655,0.345,Bullish,Moderate Contraction,35.5,False,Uptrend,Above SMA20,26270.3,26218.8,55.7,-4.2,N/A,1,Upside Breakout,10.45,28.4,37.75
18186,28-11-2025 11:15,26266.9,26273.25,26261.6,26264.25,11.65,16.735,4.3569,10.15,22.25,0.6961,69.6%,17.3902,0.07%,0.227,0.773,Bearish,Mild Contraction,21.5,False,Uptrend,Above SMA20,26280.75,26218.8,45.45,16.5,N/A,14,Downside Breakdown,0.95,31.65,31.65
18189,28-11-2025 11:30,26243.15,26250.7,26240.55,26245.7,10.15,15.22,4.7886,10.15,23.55,0.6669,66.7%,16.3264,0.06%,0.251,0.749,Bullish,Mild Contraction,27.2,False,Downtrend,Below SMA20,26280.75,26236.75,8.95,35.05,N/A,1,Downside Breakdown,4.15,13.1,25.4
18192,28-11-2025 11:45,26246.95,26256.9,26246.0,26256.7,10.9,15.945,4.4546,10.15,23.55,0.6836,68.4%,15.3907,0.06%,0.894,0.106,Bullish,Mild Contraction,24.0,False,Downtrend,Above SMA20,26273.25,26232.6,24.1,16.55,N/A,6,Downside Breakdown,7.2,23.85,38.85
18200,28-11-2025 12:25,26222.35,26225.9,26217.85,26220.9,8.05,13.77,2.8279,10.1,18.2,0.5846,58.5%,13.5423,0.05%,0.18,0.82,Bearish,Moderate Contraction,36.7,False,Downtrend,Below SMA20,26257.1,26220.3,0.6,36.2,N/A,1,Downside Breakdown,2.3,19.25,19.25
18209,28-11-2025 13:10,26219.85,26220.75,26212.65,26217.9,8.1,14.055,5.7029,8.05,26.65,0.5763,57.6%,13.278,0.05%,0.241,0.759,Bearish,Strong Contraction,52.1,True,Downtrend,Below SMA20,26240.15,26204.0,13.9,22.25,N/A,2,Downside Breakdown,0.1,17.0,23.9
18221,28-11-2025 14:10,26204.8,26208.0,26199.8,26200.75,8.2,14.645,3.7946,10.75,23.6,0.5599,56.0%,13.3505,0.05%,0.494,0.506,Bearish,Moderate Contraction,36.5,False,Downtrend,Below SMA20,26234.9,26194.0,6.75,34.15,N/A,14,Downside Breakdown,2.1,21.7,21.7
18224,28-11-2025 14:25,26200.9,26206.1,26199.05,26205.1,7.05,12.52,3.4102,6.7,18.3,0.5631,56.3%,11.5882,0.04%,0.596,0.404,Bullish,Moderate Contraction,34.6,False,Downtrend,Below SMA20,26233.2,26194.0,11.1,28.1,N/A,11,Downside Breakdown,2.1,17.35,17.35
18228,28-11-2025 14:45,26205.3,26209.6,26201.9,26205.75,7.7,12.47,4.4692,6.7,20.25,0.6175,61.7%,12.7801,0.05%,0.058,0.942,Bullish,Mild Contraction,26.6,False,Downtrend,Below SMA20,26222.45,26194.9,10.85,16.7,N/A,6,Downside Breakdown,0.45,9.6,120.05
18245,01-12-2025 09:55,26273.85,26277.7,26263.55,26264.3,14.15,24.075,12.3979,13.8,55.45,0.5877,58.8%,23.1484,0.09%,0.675,0.325,Bearish,Mild Contraction,29.7,False,Uptrend,Above SMA20,26325.8,26191.9,72.4,61.5,N/A,,,,26.55,26.55
18248,01-12-2025 10:10,26285.9,26288.2,26279.35,26284.95,8.85,20.375,5.7634,13.25,33.5,0.4344,43.4%,19.6776,0.07%,0.107,0.893,Bearish,Moderate Contraction,45.2,False,Downtrend,Above SMA20,26314.7,26263.2,21.75,29.75,N/A,5,Downside Breakdown,5.05,26.8,60.8
18261,01-12-2025 11:15,26242.6,26247.1,26236.75,26238.05,10.35,15.73,4.7445,10.9,24.45,0.658,65.8%,15.4079,0.06%,0.44,0.56,Bearish,Mild Contraction,28.1,False,Downtrend,Below SMA20,26289.55,26224.15,13.9,51.5,N/A,5,Downside Breakdown,16.6,30.5,64.1
18273,01-12-2025 12:15,26175.9,26177.5,26166.45,26170.4,11.05,22.83,13.1281,9.3,54.1,0.484,48.4%,19.545,0.07%,0.498,0.502,Bearish,Moderate Contraction,34.2,False,Downtrend,Below SMA20,26261.9,26167.4,3.0,91.5,N/A,1,Downside Breakdown,7.15,21.45,21.45
18277,01-12-2025 12:35,26162.85,26167.9,26154.9,26159.25,13.0,21.415,7.5315,11.05,32.95,0.6071,60.7%,19.5014,0.07%,0.277,0.723,Bearish,Mild Contraction,27.1,False,Downtrend,Below SMA20,26217.4,26157.0,2.25,58.15,N/A,1,Downside Breakdown,8.05,29.25,36.4
18283,01-12-2025 13:05,26180.9,26184.3,26172.15,26175.6,12.15,19.055,6.0415,11.05,31.25,0.6376,63.8%,18.8677,0.07%,0.436,0.564,Bearish,Moderate Contraction,46.5,True,Uptrend,Below SMA20,26188.55,26148.95,26.65,12.95,N/A,2,Upside Breakout,7.1,20.05,22.65
18287,01-12-2025 13:25,26176.15,26177.55,26169.1,26173.6,8.45,17.26,4.5361,10.5,22.5,0.4896,49.0%,16.5468,0.06%,0.302,0.698,Bearish,Moderate Contraction,41.7,False,Uptrend,Below SMA20,26195.65,26148.95,24.65,22.05,N/A,3,Upside Breakout,2.6,24.65,55.35
18299,01-12-2025 14:25,26206.7,26212.45,26201.0,26206.9,11.45,18.295,8.4881,11.05,39.15,0.6259,62.6%,16.4644,0.06%,0.017,0.983,Bullish,Mild Contraction,27.2,False,Uptrend,Above SMA20,26228.95,26164.7,42.2,22.05,N/A,5,Downside Breakdown,25.6,67.8,82.7
18303,01-12-2025 14:45,26173.85,26177.35,26169.85,26174.2,7.5,17.54,8.0521,11.45,39.15,0.4276,42.8%,15.4732,0.06%,0.047,0.953,Bullish,Moderate Contraction,41.8,False,Downtrend,Below SMA20,26228.95,26171.55,2.65,54.75,N/A,1,Downside Breakdown,32.45,50.0,96.75
18307,01-12-2025 15:05,26180.9,26181.85,26171.75,26178.3,10.1,20.18,11.2556,7.5,43.15,0.5005,50.0%,20.5708,0.08%,0.257,0.743,Bearish,Moderate Contraction,31.8,False,Downtrend,Below SMA20,26217.6,26124.2,54.1,39.3,N/A,5,Downside Breakdown,46.75,100.85,100.85
18310,01-12-2025 15:20,26178.85,26182.15,26173.7,26181.0,8.45,19.46,11.8088,7.5,43.15,0.4342,43.4%,16.9084,0.06%,0.254,0.746,Bullish,Moderate Contraction,38.3,False,Downtrend,Below SMA20,26207.5,26124.2,56.8,26.5,N/A,2,Downside Breakdown,46.75,103.55,112.65
18316,02-12-2025 09:35,26115.1,26121.45,26106.75,26108.85,14.7,23.61,20.2692,8.45,73.7,0.6226,62.3%,23.8249,0.09%,0.425,0.575,Bearish,Mild Contraction,18.4,False,Downtrend,Below SMA20,26189.15,26077.45,31.4,80.3,N/A,2,Downside Breakdown,6.6,42.7,62.0
18319,02-12-2025 09:50,26071.85,26079.0,26068.35,26076.7,10.65,24.38,19.0047,8.45,73.7,0.4368,43.7%,23.245,0.09%,0.455,0.545,Bullish,Moderate Contraction,35.9,False,Downtrend,Below SMA20,26185.05,26070.85,5.85,108.35,N/A,2,Downside Breakdown,4.7,29.85,29.85
18322,02-12-2025 10:05,26080.35,26082.4,26069.6,26073.2,12.8,24.91,18.5048,10.65,73.7,0.5138,51.4%,20.1235,0.08%,0.559,0.441,Bearish,Moderate Contraction,30.9,False,Downtrend,Below SMA20,26154.6,26066.15,7.05,81.4,N/A,1,Downside Breakdown,10.5,26.35,26.4
18328,02-12-2025 10:35,26086.3,26091.6,26082.05,26083.1,9.55,15.255,3.525,10.65,23.5,0.626,62.6%,16.3432,0.06%,0.335,0.665,Bearish,Moderate Contraction,32.3,False,Uptrend,Below SMA20,26094.35,26046.85,36.25,11.25,N/A,3,Upside Breakout,5.25,17.4,17.4
18332,02-12-2025 10:55,26092.0,26098.65,26088.5,26098.2,10.15,15.01,5.0738,7.45,24.7,0.6762,67.6%,15.9489,0.06%,0.611,0.389,Bullish,Mild Contraction,19.0,False,Uptrend,Above SMA20,26099.6,26046.85,51.35,1.4,N/A,1,Upside Breakout,0.9,28.2,39.2
18339,02-12-2025 11:30,26068.2,26069.7,26065.7,26066.7,4.0,14.655,5.5584,7.45,24.7,0.2729,27.3%,13.4162,0.05%,0.375,0.625,Bearish,Strong Contraction,54.0,False,Downtrend,Below SMA20,26100.5,26067.55,-0.85,33.8,N/A,1,Downside Breakdown,3.65,21.3,25.95
18350,02-12-2025 12:25,26064.75,26066.7,26058.85,26066.45,7.85,13.375,3.681,9.45,20.25,0.5869,58.7%,12.8102,0.05%,0.217,0.783,Bullish,Moderate Contraction,34.0,False,Downtrend,Below SMA20,26074.45,26040.75,25.7,8.0,N/A,1,Upside Breakout,0.9,22.55,35.35
18355,02-12-2025 12:50,26050.15,26052.85,26043.9,26043.9,8.95,13.465,2.7387,7.85,17.6,0.6647,66.5%,12.5333,0.05%,0.698,0.302,Bearish,Moderate Contraction,46.3,True,Downtrend,Below SMA20,26085.1,26040.75,3.15,41.2,N/A,1,Downside Breakdown,4.8,12.8,15.25
18360,02-12-2025 13:15,26035.4,26036.9,26031.1,26035.0,5.8,12.455,4.5324,6.4,21.25,0.4657,46.6%,12.2546,0.05%,0.069,0.931,Bearish,Moderate Contraction,40.7,False,Downtrend,Below SMA20,26085.1,26031.4,3.6,50.1,N/A,1,Downside Breakdown,1.45,11.8,26.65
18363,02-12-2025 13:30,26035.25,26041.2,26033.85,26040.55,7.35,12.375,4.9549,5.8,21.25,0.5939,59.4%,12.0026,0.05%,0.721,0.279,Bullish,Mild Contraction,26.4,False,Downtrend,Below SMA20,26073.65,26029.95,10.6,33.1,N/A,1,Downside Breakdown,1.3,19.6,21.1
18372,02-12-2025 14:15,26045.6,26046.75,26038.0,26043.0,8.75,15.05,6.1872,6.45,24.75,0.5814,58.1%,14.7775,0.06%,0.297,0.703,Bearish,Mild Contraction,26.5,False,Uptrend,Below SMA20,26061.65,26028.65,14.35,18.65,N/A,4,Downside Breakdown,27.75,42.1,45.15
18375,02-12-2025 14:30,26041.55,26042.0,26032.55,26038.2,9.45,15.43,5.898,6.45,24.75,0.6124,61.2%,14.0593,0.05%,0.354,0.646,Bearish,Mild Contraction,23.4,False,Uptrend,Below SMA20,26061.65,26028.95,9.25,23.45,N/A,1,Downside Breakdown,28.05,40.35,40.35
18378,02-12-2025 14:45,26010.0,26018.05,26005.3,26018.05,12.75,18.28,10.0033,8.75,42.2,0.6975,69.7%,16.2166,0.06%,0.631,0.369,Bullish,Mild Contraction,14.5,False,Downtrend,Below SMA20,26061.65,26000.9,17.15,43.6,N/A,2,Downside Breakdown,3.05,21.95,48.4
18386,02-12-2025 15:25,26051.65,26060.3,26051.25,26057.0,9.05,17.35,9.1377,9.85,42.2,0.5216,52.2%,14.751,0.06%,0.591,0.409,Bullish,Moderate Contraction,34.7,False,Uptrend,Above SMA20,26052.35,25997.85,59.15,-4.65,N/A,1,Upside Breakout,14.1,134.05,147.1
18393,03-12-2025 09:45,25942.65,25949.9,25933.05,25941.0,16.85,28.545,19.1937,9.05,62.05,0.5903,59.0%,26.037,0.1%,0.098,0.902,Bearish,Mild Contraction,21.3,False,Downtrend,Below SMA20,26066.45,25921.85,19.15,125.45,N/A,3,Downside Breakdown,11.95,43.6,43.6
18397,03-12-2025 10:05,25912.55,25915.85,25897.4,25908.45,18.45,32.925,17.3836,14.8,62.05,0.5604,56.0%,25.4447,0.1%,0.222,0.778,Bearish,Mild Contraction,28.1,False,Downtrend,Below SMA20,26066.45,25909.9,-1.45,158.0,N/A,1,Downside Breakdown,2.75,31.45,31.45
18402,03-12-2025 10:30,25922.65,25930.5,25916.3,25927.25,14.2,23.245,7.9639,14.8,42.85,0.6109,61.1%,22.7973,0.09%,0.324,0.676,Bullish,Strong Contraction,50.8,True,Downtrend,Below SMA20,25952.8,25897.4,29.85,25.55,N/A,2,Downside Breakdown,1.15,31.0,36.25
18405,03-12-2025 10:45,25904.45,25917.05,25901.9,25907.75,15.15,21.87,8.3149,14.2,42.85,0.6927,69.3%,20.8642,0.08%,0.218,0.782,Bullish,Mild Contraction,22.0,False,Downtrend,Below SMA20,25952.8,25896.25,11.5,45.05,N/A,7,Downside Breakdown,5.25,18.95,37.4
18408,03-12-2025 11:00,25923.7,25926.7,25915.3,25918.0,11.4,18.435,5.043,9.15,24.65,0.6184,61.8%,17.9067,0.07%,0.5,0.5,Bearish,Mild Contraction,26.8,False,Downtrend,Below SMA20,25939.9,25896.25,21.75,21.9,N/A,4,Downside Breakdown,5.25,27.0,27.15
18411,03-12-2025 11:15,25919.75,25921.45,25912.05,25912.8,9.4,15.395,4.0806,9.15,21.05,0.6106,61.1%,16.2199,0.06%,0.739,0.261,Bearish,Moderate Contraction,31.7,False,Downtrend,Below SMA20,25939.9,25896.25,16.55,27.1,N/A,1,Downside Breakdown,5.25,32.35,34.3
18417,03-12-2025 11:45,25930.8,25936.95,25929.2,25933.55,7.75,16.16,6.0827,9.15,26.05,0.4796,48.0%,16.7505,0.06%,0.355,0.645,Bullish,Moderate Contraction,39.5,False,Uptrend,Above SMA20,25945.15,25891.0,42.55,11.6,N/A,3,Upside Breakout,1.95,28.45,33.3
18421,03-12-2025 12:05,25945.95,25946.6,25937.7,25944.5,8.9,15.755,6.4892,7.75,26.05,0.5649,56.5%,14.8656,0.06%,0.163,0.837,Bearish,Moderate Contraction,30.1,False,Uptrend,Above SMA20,25947.1,25891.0,53.5,2.6,N/A,1,Upside Breakout,14.9,22.35,28.5
18424,03-12-2025 12:20,25963.6,25966.85,25957.8,25962.45,9.05,15.685,6.4577,7.75,26.05,0.577,57.7%,15.3864,0.06%,0.127,0.873,Bearish,Mild Contraction,28.9,False,Uptrend,Above SMA20,25966.25,25906.0,56.45,3.8,N/A,17,Downside Breakdown,0.05,46.45,46.45
18430,03-12-2025 12:50,25927.0,25933.1,25923.7,25932.45,9.4,15.32,4.7928,8.9,21.2,0.6136,61.4%,14.0749,0.05%,0.58,0.42,Bullish,Mild Contraction,29.6,False,Downtrend,Below SMA20,25966.85,25916.0,16.45,34.4,N/A,11,Downside Breakdown,10.05,9.4,21.0
18434,03-12-2025 13:10,25937.2,25941.85,25936.05,25938.1,5.8,11.995,3.4272,7.4,19.25,0.4835,48.4%,11.6201,0.04%,0.155,0.845,Bullish,Moderate Contraction,41.4,False,Downtrend,Below SMA20,25966.85,25916.0,22.1,28.75,N/A,7,Downside Breakdown,10.05,15.35,32.45
18442,03-12-2025 13:50,25909.6,25916.7,25906.75,25913.95,9.95,14.405,7.0625,5.8,28.95,0.6907,69.1%,15.07,0.06%,0.437,0.563,Bullish,Mild Contraction,14.0,False,Downtrend,Below SMA20,25953.45,25905.95,8.0,39.5,N/A,2,Downside Breakdown,0.3,41.55,41.8
18451,03-12-2025 14:35,25929.25,25937.95,25924.15,25936.65,13.8,21.275,10.1263,6.3,37.25,0.6486,64.9%,19.6743,0.08%,0.536,0.464,Bullish,Mild Contraction,16.6,False,Uptrend,Above SMA20,25955.75,25905.65,31.0,19.1,N/A,3,Upside Breakout,8.8,53.1,68.55
18460,03-12-2025 15:20,25983.5,25991.4,25981.3,25984.6,10.1,16.53,3.2234,12.05,23.1,0.611,61.1%,16.7836,0.06%,0.109,0.891,Bullish,Moderate Contraction,35.1,False,Uptrend,Above SMA20,26005.2,25918.45,66.15,20.6,N/A,6,Upside Breakout,24.75,45.65,51.75
18468,04-12-2025 09:45,26027.4,26029.05,26013.85,26016.3,15.2,25.965,13.7356,10.1,49.9,0.5854,58.5%,24.093,0.09%,0.73,0.27,Bearish,Mild Contraction,24.0,False,Uptrend,Above SMA20,26029.95,25938.95,77.35,13.65,N/A,1,Upside Breakout,6.35,28.55,80.75
18471,04-12-2025 10:00,26030.65,26034.3,26022.95,26025.05,11.35,26.345,13.498,10.5,49.9,0.4308,43.1%,20.5084,0.08%,0.493,0.507,Bearish,Moderate Contraction,39.9,False,Uptrend,Above SMA20,26036.35,25938.95,86.1,11.3,N/A,1,Upside Breakout,4.3,53.9,73.2
18474,04-12-2025 10:15,26042.55,26049.55,26037.15,26046.55,12.4,20.02,6.52,10.5,29.6,0.6194,61.9%,19.0526,0.07%,0.323,0.677,Bullish,Mild Contraction,26.5,False,Uptrend,Above SMA20,26044.85,25973.35,73.2,-1.7,N/A,1,Upside Breakout,12.9,51.7,51.7
18479,04-12-2025 10:40,26090.15,26098.25,26088.3,26092.7,9.95,16.045,5.7714,10.5,28.8,0.6201,62.0%,16.9566,0.06%,0.256,0.744,Bullish,Mild Contraction,29.8,False,Uptrend,Above SMA20,26097.05,26015.35,77.35,4.35,N/A,1,Upside Breakout,0.75,19.8,36.05
18485,04-12-2025 11:10,26074.45,26077.05,26068.55,26077.05,8.5,14.145,5.3864,9.95,28.8,0.6009,60.1%,13.9472,0.05%,0.306,0.694,Bullish,Moderate Contraction,30.9,False,Uptrend,Above SMA20,26098.25,26046.1,30.95,21.2,N/A,5,Downside Breakdown,12.95,43.9,62.65
18501,04-12-2025 12:30,26024.6,26030.75,26021.75,26025.9,9.0,14.605,2.6925,11.6,19.0,0.6162,61.6%,13.472,0.05%,0.144,0.856,Bullish,Moderate Contraction,35.2,False,Downtrend,Below SMA20,26044.1,26004.85,21.05,18.2,N/A,3,Downside Breakdown,14.15,36.65,36.65
18505,04-12-2025 12:50,25993.4,25997.75,25989.25,25992.85,8.5,13.635,4.5806,7.15,22.7,0.6234,62.3%,13.858,0.05%,0.065,0.935,Bearish,Mild Contraction,25.8,False,Downtrend,Below SMA20,26044.1,25990.7,2.15,51.25,N/A,9,Downside Breakdown,15.9,16.3,34.75
18516,04-12-2025 13:45,25976.65,25980.95,25970.9,25978.65,10.05,16.9,7.394,9.9,28.75,0.5947,59.5%,16.4606,0.06%,0.199,0.801,Bullish,Moderate Contraction,30.2,False,Downtrend,Below SMA20,26027.6,25962.4,16.25,48.95,N/A,13,Upside Breakout,1.9,44.05,44.05
18522,04-12-2025 14:15,26004.8,26011.2,25998.65,26001.0,12.55,18.09,8.0823,8.3,29.0,0.6938,69.4%,16.9248,0.07%,0.303,0.697,Bearish,Mild Contraction,15.1,False,Downtrend,Above SMA20,26027.6,25962.4,38.6,26.6,N/A,7,Upside Breakout,1.9,19.85,58.05
18532,04-12-2025 15:05,26049.0,26056.1,26045.4,26046.6,10.7,17.81,3.6722,12.55,25.55,0.6008,60.1%,17.4208,0.07%,0.224,0.776,Bearish,Strong Contraction,55.4,True,Uptrend,Above SMA20,26059.05,25988.15,58.45,12.45,N/A,5,Downside Breakdown,2.8,61.25,61.25
18542,05-12-2025 09:40,26035.85,26049.35,26032.1,26047.2,17.25,26.23,15.1285,10.7,65.7,0.6576,65.8%,24.3912,0.09%,0.658,0.342,Bullish,Mild Contraction,17.0,False,Uptrend,Above SMA20,26061.95,25985.35,61.85,14.75,N/A,1,Upside Breakout,0.15,54.85,66.65
18548,05-12-2025 10:10,26079.35,26080.3,26062.45,26078.55,17.85,30.605,20.7437,16.65,85.95,0.5832,58.3%,30.4526,0.12%,0.045,0.955,Bearish,Mild Contraction,28.0,False,Uptrend,Above SMA20,26102.05,26006.65,71.9,23.5,N/A,1,Upside Breakout,11.8,71.3,71.3
18556,05-12-2025 10:50,26124.55,26134.15,26116.3,26130.7,17.85,41.84,19.8803,17.85,85.95,0.4266,42.7%,33.4253,0.13%,0.345,0.655,Bullish,Moderate Contraction,41.7,False,Uptrend,Above SMA20,26126.6,26006.65,124.05,-4.1,N/A,1,Upside Breakout,8.8,20.85,25.95
18559,05-12-2025 11:05,26136.05,26139.35,26126.25,26136.95,13.1,34.385,13.257,17.85,57.7,0.381,38.1%,29.0165,0.11%,0.069,0.931,Bullish,Moderate Contraction,46.3,False,Uptrend,Above SMA20,26140.55,26007.25,129.7,3.6,N/A,1,Upside Breakout,5.8,19.7,19.7
18563,05-12-2025 11:25,26141.85,26151.15,26138.65,26139.3,12.5,23.315,7.9631,13.1,35.8,0.5361,53.6%,23.4943,0.09%,0.204,0.796,Bearish,Moderate Contraction,36.2,False,Uptrend,Above SMA20,26156.65,26045.8,93.5,17.35,N/A,11,Upside Breakout,2.8,17.8,17.8
18566,05-12-2025 11:40,26135.35,26143.2,26133.4,26141.6,9.8,17.165,5.289,11.15,25.55,0.5709,57.1%,19.1859,0.07%,0.638,0.362,Bullish,Moderate Contraction,34.3,False,Uptrend,Above SMA20,26156.65,26109.85,31.75,15.05,N/A,8,Upside Breakout,2.8,20.1,41.4
18570,05-12-2025 12:00,26131.0,26141.7,26131.0,26139.65,10.7,16.025,5.0005,9.8,26.4,0.6677,66.8%,18.2349,0.07%,0.808,0.192,Bullish,Moderate Contraction,44.3,True,Downtrend,Above SMA20,26156.65,26121.5,18.15,17.0,N/A,4,Upside Breakout,2.8,29.2,62.95
18579,05-12-2025 12:45,26188.35,26194.35,26184.65,26191.5,9.7,16.24,4.3877,8.55,22.3,0.5973,59.7%,16.6621,0.06%,0.325,0.675,Bullish,Strong Contraction,50.3,True,Uptrend,Above SMA20,26197.4,26127.45,64.05,5.9,N/A,1,Upside Breakout,5.2,13.75,13.75
18583,05-12-2025 13:05,26185.3,26189.75,26182.15,26187.4,7.6,17.11,3.803,9.7,22.3,0.4442,44.4%,15.8822,0.06%,0.276,0.724,Bullish,Moderate Contraction,47.1,False,Uptrend,Above SMA20,26202.6,26127.45,59.95,15.2,N/A,20,Downside Breakdown,4.65,11.85,28.15
18588,05-12-2025 13:30,26188.4,26192.35,26183.2,26189.6,9.15,14.64,4.0696,7.6,19.6,0.625,62.5%,14.4995,0.06%,0.131,0.869,Bullish,Mild Contraction,26.6,False,Downtrend,Above SMA20,26202.6,26174.9,14.7,13.0,N/A,4,Downside Breakdown,6.05,30.35,41.3
18597,05-12-2025 14:15,26165.2,26172.8,26161.2,26171.05,11.6,16.94,6.4388,7.85,27.6,0.6848,68.5%,17.1909,0.07%,0.504,0.496,Bullish,Mild Contraction,16.8,False,Downtrend,Below SMA20,26200.4,26148.3,22.75,29.35,N/A,3,Downside Breakdown,2.3,26.45,48.25
18601,05-12-2025 14:35,26152.35,26157.0,26147.1,26151.9,9.9,19.085,5.3507,11.6,27.6,0.5187,51.9%,16.4844,0.06%,0.045,0.955,Bearish,Moderate Contraction,38.9,False,Downtrend,Below SMA20,26198.65,26146.0,5.9,46.75,N/A,1,Downside Breakdown,1.4,35.0,47.35
18607,05-12-2025 15:05,26186.9,26196.7,26184.3,26190.55,12.4,18.33,7.133,9.9,31.15,0.6765,67.6%,18.8563,0.07%,0.294,0.706,Bullish,Mild Contraction,19.6,False,Uptrend,Above SMA20,26186.9,26122.8,67.75,-3.65,N/A,1,Upside Breakout,4.9,63.3,78.6
18610,05-12-2025 15:20,26193.25,26196.05,26184.2,26193.95,11.85,17.785,7.7274,7.75,31.15,0.6663,66.6%,16.2256,0.06%,0.059,0.941,Bullish,Mild Contraction,17.6,False,Uptrend,Above SMA20,26199.25,26122.8,71.15,5.3,N/A,6,Downside Breakdown,10.85,66.9,116.35
18620,08-12-2025 09:55,26082.25,26089.25,26077.6,26085.8,11.65,26.435,10.5521,11.85,44.6,0.4407,44.1%,22.6072,0.09%,0.305,0.695,Bullish,Moderate Contraction,41.8,False,Downtrend,Below SMA20,26197.75,26080.2,5.6,111.95,N/A,1,Downside Breakdown,11.7,23.35,23.35
18626,08-12-2025 10:25,26101.55,26103.9,26089.7,26097.8,14.2,22.12,5.7312,11.65,33.15,0.642,64.2%,21.4899,0.08%,0.264,0.736,Bearish,Mild Contraction,25.4,False,Downtrend,Below SMA20,26135.5,26068.5,29.3,37.7,N/A,7,Downside Breakdown,9.35,18.55,46.05
18629,08-12-2025 10:40,26088.85,26098.7,26086.6,26096.8,12.1,18.92,5.5214,10.25,27.4,0.6395,64.0%,18.5295,0.07%,0.657,0.343,Bullish,Mild Contraction,25.4,False,Uptrend,Below SMA20,26109.15,26068.5,28.3,12.35,N/A,4,Downside Breakdown,9.35,45.05,45.05
18638,08-12-2025 11:25,26073.55,26077.85,26067.15,26070.05,10.7,16.625,4.8623,10.25,27.6,0.6436,64.4%,16.9754,0.07%,0.327,0.673,Bearish,Mild Contraction,27.9,False,Downtrend,Below SMA20,26101.5,26051.75,18.3,31.45,N/A,3,Downside Breakdown,9.8,28.1,38.2
18644,08-12-2025 11:55,26061.7,26064.25,26054.4,26059.4,9.85,15.47,4.8225,10.2,26.55,0.6367,63.7%,15.3526,0.06%,0.234,0.766,Bearish,Moderate Contraction,49.4,True,Downtrend,Below SMA20,26080.7,26041.95,17.45,21.3,N/A,3,Downside Breakdown,9.25,27.55,48.6
18667,08-12-2025 13:50,25936.5,25939.3,25928.4,25933.65,10.9,26.6,12.6305,15.4,57.1,0.4098,41.0%,22.2487,0.09%,0.261,0.739,Bearish,Moderate Contraction,42.8,False,Downtrend,Below SMA20,26040.8,25902.95,30.7,107.15,N/A,5,Downside Breakdown,10.7,41.4,41.4
18670,08-12-2025 14:05,25922.1,25927.6,25916.2,25926.75,11.4,26.095,13.192,10.9,57.1,0.4369,43.7%,20.4123,0.08%,0.408,0.592,Bullish,Moderate Contraction,39.9,False,Downtrend,Below SMA20,26031.15,25902.95,23.8,104.4,N/A,2,Downside Breakdown,10.7,34.5,44.05
18675,08-12-2025 14:30,25925.2,25926.35,25914.4,25916.15,11.95,20.385,7.5251,10.9,35.15,0.5862,58.6%,20.3428,0.08%,0.757,0.243,Bearish,Moderate Contraction,49.9,True,Downtrend,Below SMA20,25943.2,25892.25,23.9,27.05,N/A,3,Upside Breakout,2.55,54.65,67.95
18683,08-12-2025 15:10,25980.45,25983.6,25969.5,25971.15,14.1,20.78,7.4288,11.95,36.45,0.6785,67.9%,21.7643,0.08%,0.66,0.34,Bearish,Mild Contraction,20.9,False,Uptrend,Above SMA20,25984.1,25903.45,67.7,12.95,N/A,4,Downside Breakdown,83.65,170.65,227.2
18691,09-12-2025 09:35,25771.35,25773.65,25754.65,25764.0,19.0,32.65,16.4687,14.1,71.15,0.5819,58.2%,33.7505,0.13%,0.387,0.613,Bearish,Mild Contraction,25.6,False,Downtrend,Below SMA20,25984.1,25758.75,5.25,220.1,N/A,1,Downside Breakdown,1.25,36.0,84.85
18695,09-12-2025 09:55,25731.55,25742.2,25728.0,25733.55,14.2,31.56,16.298,15.6,71.15,0.4499,45.0%,27.6362,0.11%,0.141,0.859,Bullish,Moderate Contraction,39.6,False,Downtrend,Below SMA20,25950.8,25730.35,3.2,217.25,N/A,,,,115.3,115.3
18698,09-12-2025 10:10,25778.2,25787.75,25774.1,25784.05,13.65,28.25,10.223,14.2,43.5,0.4832,48.3%,27.6852,0.11%,0.429,0.571,Bullish,Moderate Contraction,39.5,False,Downtrend,Below SMA20,25835.4,25728.0,56.05,51.35,N/A,1,Upside Breakout,13.45,64.8,64.8
18704,09-12-2025 10:40,25812.65,25820.35,25806.35,25812.75,14.0,31.35,14.9315,13.65,66.6,0.4466,44.7%,29.3839,0.11%,0.007,0.993,Bullish,Moderate Contraction,39.9,False,Uptrend,Above SMA20,25848.85,25728.0,84.75,36.1,N/A,6,Upside Breakout,19.3,35.6,62.7
18717,09-12-2025 11:45,25823.75,25833.1,25817.8,25819.2,15.3,25.51,9.1506,16.45,45.6,0.5998,60.0%,24.692,0.1%,0.297,0.703,Bearish,Moderate Contraction,31.3,False,Downtrend,Below SMA20,25875.45,25794.95,24.25,56.25,N/A,4,Upside Breakout,24.5,80.75,104.45
18722,09-12-2025 12:10,25890.15,25895.95,25883.4,25892.15,12.55,23.945,9.2869,15.3,45.6,0.5241,52.4%,23.0211,0.09%,0.159,0.841,Bullish,Moderate Contraction,36.2,False,Uptrend,Above SMA20,25899.95,25817.8,74.35,7.8,N/A,2,Upside Breakout,21.9,31.5,40.15
18729,09-12-2025 12:45,25885.1,25891.45,25875.95,25888.15,15.5,22.28,8.7886,8.7,35.2,0.6957,69.6%,21.5041,0.08%,0.197,0.803,Bullish,Mild Contraction,14.1,False,Uptrend,Above SMA20,25923.65,25835.7,52.45,35.5,N/A,19,Downside Breakdown,14.1,36.15,36.15
18733,09-12-2025 13:05,25877.65,25889.0,25874.45,25880.45,14.55,21.625,8.0123,8.7,35.2,0.6728,67.3%,21.127,0.08%,0.192,0.808,Bullish,Mild Contraction,16.9,False,Downtrend,Above SMA20,25923.65,25852.0,28.45,43.2,N/A,14,Downside Breakdown,0.75,23.1,26.95
18737,09-12-2025 13:25,25879.65,25890.45,25877.6,25889.1,12.85,19.675,6.0951,13.2,30.6,0.6531,65.3%,18.8305,0.07%,0.735,0.265,Bullish,Mild Contraction,28.3,False,Uptrend,Above SMA20,25900.55,25852.0,37.1,11.45,N/A,1,Upside Breakout,3.0,18.3,37.85
18741,09-12-2025 13:45,25891.15,25895.65,25886.95,25894.2,8.7,20.205,6.1749,12.85,29.0,0.4306,43.1%,18.9947,0.07%,0.351,0.649,Bullish,Moderate Contraction,44.7,False,Uptrend,Above SMA20,25907.4,25852.0,42.2,13.2,N/A,6,Downside Breakdown,0.75,27.7,92.6
18750,09-12-2025 14:30,25822.1,25823.25,25808.85,25817.9,14.4,21.385,9.8092,8.7,38.25,0.6734,67.3%,21.7139,0.08%,0.292,0.708,Bearish,Mild Contraction,16.1,False,Downtrend,Below SMA20,25907.4,25816.45,1.45,89.5,N/A,1,Downside Breakdown,14.85,27.45,37.7
18753,09-12-2025 14:45,25826.8,25829.4,25816.75,25820.5,12.65,23.145,8.9137,10.5,38.25,0.5466,54.7%,20.8826,0.08%,0.498,0.502,Bearish,Moderate Contraction,31.3,False,Downtrend,Below SMA20,25903.5,25801.6,18.9,83.0,N/A,12,Upside Breakout,2.05,35.1,72.95
18759,09-12-2025 15:15,25836.35,25841.15,25833.65,25836.0,7.5,19.645,4.8118,12.65,26.25,0.3818,38.2%,19.5807,0.08%,0.047,0.953,Bearish,Strong Contraction,50.8,False,Uptrend,Below SMA20,25855.6,25801.6,34.4,19.6,N/A,3,Upside Breakout,37.85,57.45,84.2
18766,10-12-2025 09:35,25902.6,25913.3,25901.0,25908.5,12.3,25.97,16.8669,7.5,60.8,0.4736,47.4%,25.0754,0.1%,0.48,0.52,Bullish,Moderate Contraction,31.8,False,Uptrend,Above SMA20,25905.55,25824.45,84.05,-2.95,N/A,1,Upside Breakout,11.35,31.85,39.15
18769,10-12-2025 09:50,25890.05,25898.95,25885.95,25891.9,13.0,26.125,17.2792,7.5,60.8,0.4976,49.8%,23.7245,0.09%,0.142,0.858,Bullish,Mild Contraction,29.5,False,Uptrend,Above SMA20,25920.2,25831.8,60.1,28.3,N/A,4,Upside Breakout,2.05,41.45,55.75
18772,10-12-2025 10:05,25902.65,25919.75,25900.35,25914.2,19.4,28.77,15.7034,12.3,60.8,0.6743,67.4%,23.3144,0.09%,0.595,0.405,Bullish,Mild Contraction,15.8,False,Uptrend,Above SMA20,25920.2,25832.65,81.55,6.0,N/A,1,Upside Breakout,2.05,33.45,79.95
18775,10-12-2025 10:20,25929.2,25938.25,25928.2,25933.35,10.05,18.975,7.1217,9.55,30.95,0.5296,53.0%,19.3741,0.07%,0.413,0.587,Bullish,Moderate Contraction,34.9,False,Uptrend,Above SMA20,25933.35,25876.65,56.7,0.0,N/A,1,Upside Breakout,14.3,44.35,111.0
18784,10-12-2025 11:05,25851.8,25867.4,25851.75,25865.45,15.65,24.25,9.1629,10.05,35.05,0.6454,64.5%,24.176,0.09%,0.872,0.128,Bullish,Moderate Contraction,39.9,True,Downtrend,Below SMA20,25947.65,25822.35,43.1,82.2,N/A,11,Downside Breakdown,5.0,26.3,42.4
18789,10-12-2025 11:30,25852.2,25854.8,25839.15,25840.0,15.65,22.58,9.1732,12.35,35.05,0.6931,69.3%,19.8275,0.08%,0.78,0.22,Bearish,Mild Contraction,17.7,False,Downtrend,Below SMA20,25923.35,25822.35,17.65,83.35,N/A,6,Downside Breakdown,5.0,16.95,22.65
18792,10-12-2025 11:45,25840.25,25840.25,25829.6,25836.3,10.65,19.055,6.7931,12.35,31.7,0.5589,55.9%,18.0005,0.07%,0.371,0.629,Bearish,Moderate Contraction,34.2,False,Uptrend,Below SMA20,25880.8,25822.35,13.95,44.5,N/A,3,Downside Breakdown,5.0,23.65,67.2
18806,10-12-2025 12:55,25789.4,25798.15,25785.8,25793.2,12.35,18.225,5.6072,12.85,27.1,0.6776,67.8%,17.2755,0.07%,0.308,0.692,Bullish,Mild Contraction,26.5,False,Downtrend,Below SMA20,25859.95,25768.0,25.2,66.75,N/A,13,Downside Breakdown,6.3,38.8,57.0
18811,10-12-2025 13:20,25827.4,25832.0,25820.2,25829.7,11.8,17.765,6.4327,9.6,27.1,0.6642,66.4%,16.432,0.06%,0.195,0.805,Bullish,Mild Contraction,21.3,False,Uptrend,Above SMA20,25828.3,25768.0,61.7,-1.4,N/A,1,Upside Breakout,10.8,20.5,79.55
18827,10-12-2025 14:40,25762.65,25763.15,25747.05,25751.05,16.1,25.4,12.2343,14.5,48.0,0.6339,63.4%,23.9528,0.09%,0.72,0.28,Bearish,Mild Contraction,24.6,False,Downtrend,Below SMA20,25820.95,25734.55,16.5,69.9,N/A,10,Downside Breakdown,7.4,25.85,51.5
18833,10-12-2025 15:10,25759.4,25764.3,25754.3,25760.1,10.0,24.05,11.6415,13.3,48.0,0.4158,41.6%,20.5002,0.08%,0.07,0.93,Bullish,Moderate Contraction,42.3,False,Uptrend,Below SMA20,25788.7,25734.55,25.55,28.6,N/A,4,Upside Breakout,13.85,42.45,66.85
18844,11-12-2025 09:50,25737.1,25737.1,25713.05,25727.75,24.05,37.39,21.3661,12.75,75.4,0.6432,64.3%,34.3116,0.13%,0.389,0.611,Bearish,Mild Contraction,17.2,False,Downtrend,Below SMA20,25803.05,25693.25,34.5,75.3,N/A,4,Upside Breakout,4.7,94.3,113.65
18849,11-12-2025 10:15,25805.5,25822.05,25804.3,25813.05,17.75,38.345,13.2509,24.05,68.8,0.4629,46.3%,33.4675,0.13%,0.425,0.575,Bullish,Moderate Contraction,41.3,False,Uptrend,Above SMA20,25807.75,25693.25,119.8,-5.3,N/A,1,Upside Breakout,10.45,28.35,48.55
18853,11-12-2025 10:35,25831.75,25837.1,25822.95,25830.15,14.15,31.3,11.0576,14.65,48.35,0.4521,45.2%,28.9859,0.11%,0.113,0.887,Bearish,Moderate Contraction,41.9,False,Uptrend,Above SMA20,25838.85,25695.45,134.7,8.7,N/A,1,Upside Breakout,2.55,65.5,65.65
18862,11-12-2025 11:20,25813.55,25822.7,25813.55,25818.7,9.15,24.585,7.5462,14.15,36.8,0.3722,37.2%,24.1666,0.09%,0.563,0.437,Bullish,Moderate Contraction,49.0,False,Downtrend,Above SMA20,25844.5,25764.5,54.2,25.8,N/A,6,Upside Breakout,1.95,20.7,71.2
18866,11-12-2025 11:40,25830.25,25836.4,25822.85,25833.7,13.55,21.81,7.968,9.15,36.8,0.6213,62.1%,20.4149,0.08%,0.255,0.745,Bullish,Mild Contraction,22.7,False,Uptrend,Above SMA20,25844.5,25764.5,69.2,10.8,N/A,2,Upside Breakout,1.95,56.2,85.5
18872,11-12-2025 12:10,25882.1,25885.8,25875.45,25876.6,10.35,18.76,7.3677,9.15,36.05,0.5517,55.2%,20.5528,0.08%,0.531,0.469,Bearish,Moderate Contraction,31.7,False,Uptrend,Above SMA20,25889.9,25813.3,63.3,13.3,N/A,2,Upside Breakout,6.25,42.6,42.6
18879,11-12-2025 12:45,25900.55,25903.4,25891.55,25894.8,11.85,20.935,8.7547,10.35,37.05,0.566,56.6%,19.4773,0.08%,0.485,0.515,Bearish,Moderate Contraction,30.0,False,Uptrend,Above SMA20,25919.2,25836.0,58.8,24.4,N/A,,,,54.0,54.0
18889,11-12-2025 13:35,25879.5,25887.85,25875.05,25883.0,12.8,18.49,3.9104,11.85,24.9,0.6923,69.2%,18.3574,0.07%,0.273,0.727,Bullish,Mild Contraction,24.9,False,Downtrend,Above SMA20,25903.4,25840.8,42.2,20.4,N/A,10,Upside Breakout,14.65,18.85,35.05
18905,11-12-2025 14:55,25867.35,25879.15,25864.8,25874.75,14.35,22.63,6.9489,15.0,34.65,0.6341,63.4%,21.5603,0.08%,0.516,0.484,Bullish,Mild Contraction,29.7,False,Uptrend,Below SMA20,25922.8,25848.25,26.5,48.05,N/A,7,Upside Breakout,80.45,33.05,162.4
18908,11-12-2025 15:10,25906.4,25907.3,25894.1,25895.45,13.2,21.94,8.43,8.0,34.65,0.6016,60.2%,19.2462,0.07%,0.83,0.17,Bearish,Mild Contraction,23.3,False,Uptrend,Above SMA20,25922.8,25848.25,47.2,27.35,N/A,4,Upside Breakout,80.45,118.4,142.95
18911,11-12-2025 15:25,25899.55,25901.45,25891.05,25898.4,10.4,17.89,8.9312,6.75,30.25,0.5813,58.1%,15.7818,0.06%,0.111,0.889,Bearish,Mild Contraction,24.4,False,Downtrend,Above SMA20,25914.9,25848.25,50.15,16.5,N/A,1,Upside Breakout,88.35,140.0,140.0
18919,12-12-2025 09:50,26016.3,26020.05,26010.4,26013.6,9.65,20.045,10.6625,6.75,40.15,0.4814,48.1%,22.0128,0.08%,0.28,0.72,Bearish,Moderate Contraction,33.0,False,Uptrend,Above SMA20,26038.4,25891.05,122.55,24.8,N/A,,,,45.0,75.15
18929,12-12-2025 10:40,25968.45,25969.25,25955.9,25960.85,13.35,23.845,11.5734,9.65,50.6,0.5599,56.0%,23.2654,0.09%,0.569,0.431,Bearish,Moderate Contraction,47.3,True,Downtrend,Below SMA20,26020.9,25938.45,22.4,60.05,N/A,11,Upside Breakout,0.05,26.1,59.25
18934,12-12-2025 11:05,25981.05,25986.95,25973.85,25986.1,13.1,25.385,10.3046,13.35,50.6,0.5161,51.6%,22.6781,0.09%,0.385,0.615,Bullish,Moderate Contraction,36.5,False,Downtrend,Below SMA20,26008.25,25938.45,47.65,22.15,N/A,3,Upside Breakout,11.1,34.0,47.5
18938,12-12-2025 11:25,26015.55,26018.55,26005.9,26013.0,12.65,19.405,7.4576,7.6,31.45,0.6519,65.2%,19.7925,0.08%,0.202,0.798,Bearish,Mild Contraction,18.7,False,Uptrend,Above SMA20,26019.35,25949.15,63.85,6.35,N/A,1,Upside Breakout,0.75,18.3,24.85
18941,12-12-2025 11:40,26009.05,26017.25,26005.5,26014.65,11.75,17.375,8.1976,7.6,31.45,0.6763,67.6%,16.8398,0.06%,0.477,0.523,Bullish,Mild Contraction,16.3,False,Uptrend,Above SMA20,26020.95,25949.15,65.5,6.3,N/A,1,Upside Breakout,0.25,23.2,23.2
18949,12-12-2025 12:20,26016.2,26022.0,26013.8,26020.05,8.2,13.915,4.4364,8.45,22.55,0.5893,58.9%,14.6211,0.06%,0.47,0.53,Bullish,Moderate Contraction,32.8,False,Uptrend,Above SMA20,26037.85,25998.95,21.1,17.8,N/A,20,Upside Breakout,6.25,17.8,17.8
18956,12-12-2025 12:55,26022.55,26024.9,26019.05,26022.4,5.85,12.73,3.0576,8.2,18.4,0.4595,46.0%,12.3861,0.05%,0.026,0.974,Bearish,Moderate Contraction,45.0,False,Uptrend,Above SMA20,26037.85,25998.95,23.45,15.45,N/A,13,Upside Breakout,6.25,13.4,13.45
18960,12-12-2025 13:15,26035.2,26035.8,26028.5,26028.95,7.3,12.755,3.6322,5.85,18.15,0.5723,57.2%,12.5753,0.05%,0.856,0.144,Bearish,Moderate Contraction,30.6,False,Uptrend,Above SMA20,26037.85,26009.05,19.9,8.9,N/A,3,Downside Breakdown,0.1,20.0,25.7
18964,12-12-2025 13:35,26016.2,26023.95,26016.05,26020.05,7.9,11.33,3.7509,5.85,18.15,0.6973,69.7%,11.6566,0.04%,0.487,0.513,Bullish,Mild Contraction,17.2,False,Uptrend,Below SMA20,26035.8,26008.95,11.1,15.75,N/A,5,Upside Breakout,8.3,24.05,36.25
18968,12-12-2025 13:55,26023.9,26029.45,26023.15,26025.8,6.3,11.63,3.7723,7.0,18.15,0.5417,54.2%,10.8193,0.04%,0.302,0.698,Bullish,Moderate Contraction,36.1,False,Uptrend,Above SMA20,26035.8,26008.95,16.85,10.0,N/A,1,Upside Breakout,8.3,30.5,30.5
18973,12-12-2025 14:20,26042.55,26045.5,26039.3,26041.6,6.2,11.325,4.1739,6.3,19.9,0.5475,54.7%,11.3427,0.04%,0.153,0.847,Bearish,Moderate Contraction,34.9,False,Uptrend,Above SMA20,26056.3,26008.95,32.65,14.7,N/A,10,Upside Breakout,1.3,25.8,25.8
18977,12-12-2025 14:40,26023.15,26030.0,26021.35,26026.95,8.65,12.915,5.0295,6.2,20.7,0.6698,67.0%,12.3481,0.05%,0.439,0.561,Bullish,Mild Contraction,18.7,False,Uptrend,Below SMA20,26056.3,26018.7,8.25,29.35,N/A,1,Downside Breakdown,2.9,26.15,96.9
18983,12-12-2025 15:10,26052.0,26057.6,26050.5,26053.95,7.1,12.04,4.633,6.2,20.7,0.5897,59.0%,12.1137,0.05%,0.275,0.725,Bullish,Mild Contraction,28.6,False,Uptrend,Above SMA20,26053.1,26015.8,38.15,-0.85,N/A,1,Upside Breakout,1.4,129.9,149.2
18994,15-12-2025 09:50,25937.8,25946.55,25930.5,25939.15,16.05,27.77,18.8322,11.7,77.15,0.578,57.8%,25.1937,0.1%,0.084,0.916,Bullish,Mild Contraction,24.7,False,Downtrend,Below SMA20,26054.5,25904.75,34.4,115.35,N/A,,,,32.8,42.15
18997,15-12-2025 10:05,25953.7,25960.05,25940.75,25949.75,19.3,29.005,17.8798,16.05,77.15,0.6654,66.5%,22.9732,0.09%,0.205,0.795,Bearish,Mild Contraction,19.7,False,Downtrend,Below SMA20,26007.2,25904.75,45.0,57.45,N/A,,,,31.55,47.8
19000,15-12-2025 10:20,25968.8,25972.9,25963.65,25968.2,9.25,21.305,6.2406,12.0,34.9,0.4342,43.4%,20.0484,0.08%,0.065,0.935,Bearish,Moderate Contraction,44.8,False,Uptrend,Below SMA20,25971.95,25904.75,63.45,3.75,N/A,1,Upside Breakout,6.15,24.45,29.35
19006,15-12-2025 10:50,25990.0,25996.0,25984.4,25992.35,11.6,18.715,6.7818,8.15,26.7,0.6198,62.0%,19.6088,0.08%,0.203,0.797,Bullish,Mild Contraction,23.3,False,Uptrend,Above SMA20,25992.65,25937.5,54.85,0.3,N/A,1,Upside Breakout,4.9,17.8,30.8
19010,15-12-2025 11:10,25977.7,25985.3,25976.15,25980.95,9.15,16.38,7.0329,8.15,26.7,0.5586,55.9%,16.1949,0.06%,0.355,0.645,Bullish,Moderate Contraction,30.8,False,Uptrend,Above SMA20,25997.55,25946.95,34.0,16.6,N/A,8,Upside Breakout,19.15,19.4,40.3
19016,15-12-2025 11:40,25969.65,25974.05,25964.65,25971.0,9.4,13.66,6.3408,6.4,28.6,0.6881,68.8%,15.4402,0.06%,0.144,0.856,Bullish,Mild Contraction,15.8,False,Downtrend,Below SMA20,25997.55,25961.55,9.45,26.55,N/A,2,Upside Breakout,19.15,57.25,57.25
19020,15-12-2025 12:00,26016.2,26019.2,26010.15,26013.05,9.05,15.74,7.696,6.4,28.6,0.575,57.5%,15.9087,0.06%,0.348,0.652,Bearish,Moderate Contraction,45.8,True,Uptrend,Above SMA20,26021.25,25961.55,51.5,8.2,N/A,1,Upside Breakout,7.0,15.2,16.9
19023,15-12-2025 12:15,26019.55,26022.65,26014.55,26014.7,8.1,16.955,7.1717,8.15,28.6,0.4777,47.8%,14.3507,0.06%,0.599,0.401,Bearish,Moderate Contraction,38.9,False,Uptrend,Above SMA20,26028.25,25961.55,53.15,13.55,N/A,4,Upside Breakout,1.7,15.25,19.9
19036,15-12-2025 13:20,26031.75,26035.9,26027.9,26034.95,8.0,12.085,2.578,9.45,16.6,0.662,66.2%,12.2327,0.05%,0.4,0.6,Bullish,Moderate Contraction,30.1,False,Uptrend,Above SMA20,26045.0,26003.45,31.5,10.05,N/A,10,Downside Breakdown,13.3,11.55,44.8
19049,15-12-2025 14:25,26013.55,26019.8,26011.15,26016.65,8.65,14.93,6.4548,7.95,30.05,0.5794,57.9%,13.8045,0.05%,0.358,0.642,Bullish,Mild Contraction,29.8,False,Downtrend,Below SMA20,26038.05,25990.15,26.5,21.4,N/A,4,Upside Breakout,9.1,30.5,30.5
19054,15-12-2025 14:50,26029.5,26037.0,26028.35,26034.35,8.65,15.645,7.5074,7.95,30.05,0.5529,55.3%,13.6991,0.05%,0.561,0.439,Bullish,Moderate Contraction,31.2,False,Uptrend,Above SMA20,26047.15,25990.15,44.2,12.8,N/A,8,Downside Breakdown,67.05,14.8,114.25
19058,15-12-2025 15:10,26032.35,26035.8,26028.15,26030.6,7.65,12.62,5.2908,7.95,22.9,0.6062,60.6%,12.8022,0.05%,0.229,0.771,Bearish,Moderate Contraction,30.1,False,Uptrend,Above SMA20,26047.15,26008.5,22.1,16.55,N/A,4,Downside Breakdown,85.4,107.5,128.95
19069,16-12-2025 09:50,25936.35,25943.75,25930.3,25942.0,13.45,20.01,14.153,7.2,57.65,0.6722,67.2%,19.5386,0.08%,0.42,0.58,Bullish,Mild Contraction,14.2,False,Downtrend,Below SMA20,26031.55,25901.65,40.35,89.55,N/A,2,Downside Breakdown,22.35,62.7,62.7
19072,16-12-2025 10:05,25891.05,25900.05,25887.1,25890.85,12.95,24.79,13.921,13.45,57.65,0.5224,52.2%,21.5735,0.08%,0.015,0.985,Bearish,Moderate Contraction,34.4,False,Downtrend,Below SMA20,25980.75,25879.3,11.55,89.9,N/A,18,Downside Breakdown,2.05,31.85,31.85
19075,16-12-2025 10:20,25912.75,25917.9,25906.75,25912.45,11.15,20.73,8.7343,11.75,40.25,0.5379,53.8%,19.7749,0.08%,0.027,0.973,Bearish,Moderate Contraction,34.7,False,Downtrend,Below SMA20,25943.75,25879.3,33.15,31.3,N/A,15,Downside Breakdown,2.05,14.3,21.6
19079,16-12-2025 10:40,25905.1,25908.0,25898.15,25905.3,9.85,18.57,9.6142,11.05,40.25,0.5304,53.0%,16.7865,0.06%,0.02,0.98,Bullish,Moderate Contraction,34.2,False,Downtrend,Below SMA20,25943.75,25879.3,26.0,38.45,N/A,11,Downside Breakdown,2.05,14.45,17.15
19092,16-12-2025 11:45,25875.65,25881.1,25871.2,25878.25,9.9,14.43,3.1104,11.35,20.65,0.6861,68.6%,13.8676,0.05%,0.263,0.737,Bullish,Mild Contraction,28.1,False,Downtrend,Below SMA20,25911.5,25872.6,5.65,33.25,N/A,3,Downside Breakdown,2.15,12.75,36.2
19095,16-12-2025 12:00,25876.3,25878.45,25870.45,25876.1,8.0,13.945,2.7557,9.9,19.5,0.5737,57.4%,13.608,0.05%,0.025,0.975,Bearish,Moderate Contraction,38.0,False,Downtrend,Below SMA20,25911.2,25871.2,4.9,35.1,N/A,6,Upside Breakout,3.25,32.4,38.35
19099,16-12-2025 12:20,25893.0,25897.2,25888.8,25893.45,8.4,13.03,3.4122,8.0,19.5,0.6447,64.5%,12.3154,0.05%,0.054,0.946,Bullish,Mild Contraction,28.4,False,Uptrend,Above SMA20,25907.65,25870.45,23.0,14.2,N/A,1,Upside Breakout,0.85,21.0,21.0
19108,16-12-2025 13:05,25884.85,25886.2,25875.85,25883.1,10.35,17.82,5.2857,8.4,24.4,0.5808,58.1%,16.4626,0.06%,0.169,0.831,Bearish,Mild Contraction,29.7,False,Downtrend,Below SMA20,25914.45,25876.15,6.95,31.35,N/A,7,Upside Breakout,1.8,14.0,46.05
19111,16-12-2025 13:20,25884.45,25888.95,25883.4,25887.25,5.55,18.345,4.935,10.35,24.4,0.3025,30.3%,15.0106,0.06%,0.505,0.495,Bullish,Strong Contraction,55.7,False,Downtrend,Below SMA20,25914.45,25875.85,11.4,27.2,N/A,4,Upside Breakout,1.8,41.9,41.9
19119,16-12-2025 14:00,25897.2,25899.4,25890.0,25896.55,9.4,15.31,6.9152,5.55,25.9,0.614,61.4%,15.7693,0.06%,0.069,0.931,Bearish,Mild Contraction,21.3,False,Uptrend,Above SMA20,25929.15,25876.3,20.25,32.6,N/A,2,Downside Breakdown,0.4,48.15,48.4
19127,16-12-2025 14:40,25861.75,25872.2,25860.15,25865.9,12.05,19.875,6.8003,9.4,29.95,0.6063,60.6%,18.1281,0.07%,0.344,0.656,Bullish,Moderate Contraction,46.0,True,Downtrend,Below SMA20,25928.4,25848.15,17.75,62.5,N/A,7,Downside Breakdown,7.3,36.15,38.25
19133,16-12-2025 15:10,25862.75,25866.05,25854.75,25856.05,11.3,21.02,4.417,12.05,26.55,0.5376,53.8%,19.4188,0.08%,0.593,0.407,Bearish,Moderate Contraction,40.3,False,Downtrend,Below SMA20,25902.05,25848.15,7.9,46.0,N/A,1,Downside Breakdown,7.3,66.6,73.1
19141,17-12-2025 09:35,25921.7,25929.15,25911.85,25914.7,17.3,26.665,14.082,11.3,54.85,0.6488,64.9%,25.7844,0.1%,0.405,0.595,Bearish,Mild Contraction,18.4,False,Uptrend,Above SMA20,25924.9,25834.35,80.35,10.2,N/A,6,Downside Breakdown,10.4,69.95,105.6
19144,17-12-2025 09:50,25863.25,25865.7,25851.35,25865.25,14.35,29.475,13.7203,17.25,54.85,0.4869,48.7%,26.0662,0.1%,0.139,0.861,Bullish,Moderate Contraction,37.7,False,Uptrend,Below SMA20,25929.15,25834.35,30.9,63.9,N/A,3,Downside Breakdown,10.4,41.3,56.15
19148,17-12-2025 10:10,25837.75,25843.25,25829.3,25840.15,13.95,27.28,12.0917,14.35,54.85,0.5114,51.1%,23.4025,0.09%,0.172,0.828,Bullish,Moderate Contraction,36.3,False,Downtrend,Below SMA20,25929.15,25823.95,16.2,89.0,N/A,3,Downside Breakdown,14.85,31.05,38.35
19153,17-12-2025 10:35,25821.3,25821.9,25811.55,25815.35,10.35,21.01,4.8066,13.95,29.4,0.4926,49.3%,20.7858,0.08%,0.575,0.425,Bearish,Strong Contraction,62.9,True,Downtrend,Below SMA20,25890.0,25809.1,6.25,74.65,N/A,4,Downside Breakdown,7.3,19.55,35.4
19165,17-12-2025 11:35,25814.35,25822.1,25812.35,25821.35,9.75,16.445,2.3999,12.65,19.9,0.5929,59.3%,16.0981,0.06%,0.718,0.282,Bullish,Moderate Contraction,40.1,False,Downtrend,Below SMA20,25850.75,25801.8,19.55,29.4,N/A,3,Upside Breakout,0.55,29.95,36.4
19176,17-12-2025 12:30,25786.15,25795.85,25786.1,25794.1,9.75,18.615,4.5833,13.05,28.45,0.5238,52.4%,16.4648,0.06%,0.815,0.185,Bullish,Moderate Contraction,39.7,False,Downtrend,Below SMA20,25851.3,25784.95,9.15,57.2,N/A,1,Downside Breakdown,1.2,18.75,18.75
19179,17-12-2025 12:45,25794.9,25802.45,25791.9,25798.95,10.55,15.465,3.851,9.75,21.5,0.6822,68.2%,14.5578,0.06%,0.384,0.616,Bullish,Mild Contraction,24.6,False,Downtrend,Below SMA20,25833.4,25783.75,15.2,34.45,N/A,2,Downside Breakdown,3.35,19.4,27.2
19183,17-12-2025 13:05,25794.95,25802.5,25793.95,25793.95,8.55,13.825,4.7873,8.85,25.3,0.6184,61.8%,14.238,0.06%,0.117,0.883,Bearish,Moderate Contraction,30.2,False,Downtrend,Below SMA20,25812.85,25779.55,14.4,18.9,N/A,4,Upside Breakout,13.3,32.2,32.2
19192,17-12-2025 13:50,25791.35,25794.6,25787.2,25793.6,7.4,13.53,3.485,8.55,18.8,0.5469,54.7%,12.9584,0.05%,0.304,0.696,Bullish,Moderate Contraction,37.5,False,Downtrend,Below SMA20,25826.15,25779.55,14.05,32.55,N/A,5,Upside Breakout,1.65,34.2,39.05
19195,17-12-2025 14:05,25793.7,25798.65,25790.85,25791.4,7.8,13.35,3.8182,7.4,18.8,0.5843,58.4%,12.4553,0.05%,0.295,0.705,Bearish,Moderate Contraction,32.5,False,Downtrend,Below SMA20,25826.15,25780.9,10.5,34.75,N/A,2,Upside Breakout,1.65,41.25,41.25
19205,17-12-2025 14:55,25813.2,25815.55,25804.75,25813.8,10.8,23.49,11.8358,7.8,46.75,0.4598,46.0%,20.307,0.08%,0.056,0.944,Bullish,Strong Contraction,55.3,True,Uptrend,Above SMA20,25832.65,25770.35,43.45,18.85,N/A,6,Upside Breakout,3.1,17.75,51.35
19208,17-12-2025 15:10,25817.25,25820.0,25815.2,25816.25,4.8,22.195,11.5814,10.45,46.75,0.2163,21.6%,16.8443,0.07%,0.208,0.792,Bearish,Strong Contraction,55.2,False,Uptrend,Above SMA20,25832.65,25770.35,45.9,16.4,N/A,3,Upside Breakout,3.1,53.8,89.95
19220,18-12-2025 09:55,25750.9,25756.25,25742.55,25748.75,13.7,26.36,15.191,14.35,64.7,0.5197,52.0%,21.6644,0.08%,0.157,0.843,Bearish,Strong Contraction,54.5,True,Downtrend,Below SMA20,25835.75,25726.3,22.45,87.0,N/A,5,Upside Breakout,5.75,92.75,115.2
19226,18-12-2025 10:25,25834.95,25835.1,25819.85,25829.75,15.25,24.415,8.9834,13.7,38.55,0.6246,62.5%,23.9245,0.09%,0.341,0.659,Bearish,Mild Contraction,26.5,False,Uptrend,Above SMA20,25841.5,25726.3,103.45,11.75,N/A,1,Upside Breakout,16.15,34.2,34.2
19230,18-12-2025 10:45,25852.85,25858.85,25845.4,25846.0,13.45,24.2,8.6491,13.7,38.55,0.5558,55.6%,22.5377,0.09%,0.509,0.491,Bearish,Moderate Contraction,34.5,False,Uptrend,Above SMA20,25863.95,25736.7,109.3,17.95,N/A,13,Upside Breakout,11.7,20.2,24.3
19234,18-12-2025 11:05,25828.9,25839.2,25826.55,25835.95,12.65,21.77,8.5205,12.15,38.55,0.5811,58.1%,19.8006,0.08%,0.557,0.443,Bullish,Moderate Contraction,31.1,False,Uptrend,Above SMA20,25863.95,25785.65,50.3,28.0,N/A,9,Upside Breakout,11.7,24.55,43.05
19238,18-12-2025 11:25,25852.6,25856.7,25845.95,25855.35,10.75,16.605,7.0456,6.9,28.65,0.6474,64.7%,17.5503,0.07%,0.256,0.744,Bullish,Mild Contraction,19.2,False,Uptrend,Above SMA20,25863.95,25821.7,33.65,8.6,N/A,5,Upside Breakout,11.7,20.3,29.45
19253,18-12-2025 12:40,25893.35,25897.2,25888.75,25893.85,8.45,16.29,4.8758,10.8,25.5,0.5187,51.9%,14.6186,0.06%,0.059,0.941,Bullish,Moderate Contraction,38.4,False,Uptrend,Above SMA20,25899.05,25850.15,43.7,5.2,N/A,1,Upside Breakout,3.3,19.3,46.4
19257,18-12-2025 13:00,25882.75,25887.5,25878.9,25885.05,8.6,14.24,3.4346,8.45,20.7,0.6039,60.4%,13.702,0.05%,0.267,0.733,Bullish,Moderate Contraction,33.2,False,Uptrend,Above SMA20,25902.35,25861.65,23.4,17.3,N/A,4,Downside Breakdown,0.6,24.0,47.2
19274,18-12-2025 14:25,25781.05,25790.4,25779.25,25789.55,11.15,18.745,5.0816,14.4,31.7,0.5948,59.5%,17.3766,0.07%,0.762,0.238,Bullish,Moderate Contraction,33.5,False,Downtrend,Below SMA20,25862.85,25780.95,8.6,73.3,N/A,5,Downside Breakdown,10.1,44.4,44.4
19278,18-12-2025 14:45,25792.5,25802.4,25790.25,25794.65,12.15,20.895,9.9387,11.15,44.65,0.5815,58.1%,19.191,0.07%,0.177,0.823,Bullish,Moderate Contraction,49.1,True,Downtrend,Below SMA20,25856.55,25779.25,15.4,61.9,N/A,1,Downside Breakdown,8.4,35.1,151.9
19283,18-12-2025 15:10,25818.4,25825.2,25813.5,25820.4,11.7,24.65,11.0464,11.15,44.65,0.4746,47.5%,21.4213,0.08%,0.171,0.829,Bullish,Moderate Contraction,37.9,False,Uptrend,Above SMA20,25833.95,25770.85,49.55,13.55,N/A,4,Upside Breakout,105.2,126.15,150.0
19291,19-12-2025 09:35,25964.1,25968.2,25954.6,25966.75,13.6,22.93,15.2931,7.85,58.7,0.5931,59.3%,26.0794,0.1%,0.195,0.805,Bullish,Mild Contraction,21.5,False,Uptrend,Above SMA20,25968.7,25786.35,180.4,1.95,N/A,2,Upside Breakout,1.7,26.8,37.7
19295,19-12-2025 09:55,25955.1,25960.6,25947.0,25958.85,13.6,21.465,14.4132,7.85,58.7,0.6336,63.4%,22.1925,0.09%,0.276,0.724,Bullish,Mild Contraction,18.1,False,Uptrend,Above SMA20,25970.4,25806.7,152.15,11.55,N/A,9,Upside Breakout,7.3,29.8,29.8
19300,19-12-2025 10:20,25946.6,25950.95,25940.85,25949.6,10.1,17.88,6.5632,10.95,29.1,0.5649,56.5%,19.6359,0.08%,0.297,0.703,Bullish,Strong Contraction,53.6,True,Downtrend,Above SMA20,25970.4,25929.05,20.55,20.8,N/A,4,Upside Breakout,7.3,28.5,29.65
19303,19-12-2025 10:35,25956.75,25963.3,25954.35,25962.75,8.95,17.455,7.2084,9.25,29.1,0.5127,51.3%,16.9823,0.07%,0.67,0.33,Bullish,Moderate Contraction,36.6,False,Uptrend,Above SMA20,25970.4,25929.05,33.7,7.65,N/A,1,Upside Breakout,7.3,16.5,32.45
19310,19-12-2025 11:10,25947.95,25954.75,25946.95,25954.75,7.8,14.245,4.0786,8.95,19.75,0.5476,54.8%,15.1499,0.06%,0.872,0.128,Bullish,Moderate Contraction,36.6,False,Uptrend,Below SMA20,25979.25,25939.85,14.9,24.5,N/A,3,Downside Breakdown,9.55,28.45,49.15
19314,19-12-2025 11:30,25932.1,25934.25,25926.3,25929.75,7.95,14.69,3.7963,7.8,19.75,0.5412,54.1%,14.1943,0.05%,0.296,0.704,Bearish,Moderate Contraction,37.5,False,Downtrend,Below SMA20,25979.25,25930.3,-0.55,49.5,N/A,1,Downside Breakdown,3.8,24.15,25.95
19327,19-12-2025 12:35,25951.75,25959.65,25949.2,25959.65,10.45,17.445,4.7782,12.5,26.95,0.599,59.9%,15.8962,0.06%,0.756,0.244,Bullish,Moderate Contraction,33.1,False,Uptrend,Above SMA20,25955.7,25905.6,54.05,-3.95,N/A,1,Upside Breakout,6.7,13.65,38.85
19330,19-12-2025 12:50,25951.15,25955.45,25946.0,25948.65,9.45,15.775,5.7571,10.15,26.95,0.599,59.9%,13.855,0.05%,0.265,0.735,Bearish,Moderate Contraction,31.3,False,Uptrend,Above SMA20,25962.4,25915.65,33.0,13.75,N/A,8,Upside Breakout,11.2,27.85,29.7
19342,19-12-2025 13:50,25976.65,25981.95,25972.4,25973.25,9.55,15.54,6.9667,7.0,29.85,0.6145,61.5%,13.7226,0.05%,0.356,0.644,Bearish,Moderate Contraction,43.2,True,Uptrend,Above SMA20,25985.2,25920.8,52.45,11.95,N/A,6,Upside Breakout,5.95,11.95,20.1
19352,19-12-2025 14:40,25975.0,25976.75,25968.45,25974.2,8.3,13.9,4.6509,9.15,23.7,0.5971,59.7%,13.5504,0.05%,0.096,0.904,Bearish,Moderate Contraction,31.9,False,Uptrend,Above SMA20,25993.35,25961.3,12.9,19.15,N/A,3,Downside Breakdown,2.55,28.75,129.6
19358,19-12-2025 15:10,25971.7,25973.2,25964.05,25969.85,9.15,14.265,4.6066,8.3,23.7,0.6414,64.1%,13.3096,0.05%,0.202,0.798,Bearish,Mild Contraction,26.0,False,Downtrend,Below SMA20,25993.35,25945.45,24.4,23.5,N/A,4,Upside Breakout,110.45,156.75,167.9
19369,22-12-2025 09:50,26115.45,26123.55,26112.3,26118.9,11.25,21.57,14.4223,7.1,56.0,0.5216,52.2%,22.8201,0.09%,0.307,0.693,Bullish,Mild Contraction,28.0,False,Uptrend,Above SMA20,26137.75,25955.6,163.3,18.85,N/A,2,Upside Breakout,1.5,23.1,23.1
19373,22-12-2025 10:10,26128.05,26131.85,26120.9,26129.25,10.95,18.28,7.2601,8.9,33.85,0.599,59.9%,18.7758,0.07%,0.11,0.89,Bullish,Mild Contraction,26.4,False,Uptrend,Above SMA20,26142.0,26092.75,36.5,12.75,N/A,9,Upside Breakout,1.5,10.95,18.9
19381,22-12-2025 10:50,26136.05,26140.9,26133.35,26138.45,7.55,11.81,2.8668,8.85,16.65,0.6393,63.9%,13.6692,0.05%,0.318,0.682,Bullish,Moderate Contraction,30.9,False,Downtrend,Above SMA20,26142.0,26118.2,20.25,3.55,N/A,1,Upside Breakout,1.5,19.95,21.05
19384,22-12-2025 11:05,26131.9,26133.65,26128.05,26130.2,5.6,11.545,3.6994,7.45,17.9,0.4851,48.5%,12.4594,0.05%,0.304,0.696,Bearish,Moderate Contraction,40.3,False,Downtrend,Above SMA20,26148.15,26118.2,12.0,17.95,N/A,3,Downside Breakdown,0.8,12.8,16.55
19390,22-12-2025 11:35,26132.95,26136.4,26130.5,26131.15,5.9,10.635,4.3211,5.6,17.9,0.5548,55.5%,10.6312,0.04%,0.305,0.695,Bearish,Moderate Contraction,32.6,False,Downtrend,Above SMA20,26148.15,26117.4,13.75,17.0,N/A,6,Upside Breakout,0.25,15.6,23.3
19395,22-12-2025 12:00,26141.3,26143.05,26137.45,26141.15,5.6,8.96,2.7247,5.9,14.9,0.625,62.5%,9.1066,0.03%,0.027,0.973,Bearish,Moderate Contraction,30.5,False,Uptrend,Above SMA20,26146.75,26117.4,23.75,5.6,N/A,1,Upside Breakout,1.65,13.3,29.4
19402,22-12-2025 12:35,26137.3,26141.55,26135.3,26140.35,6.25,9.625,2.7719,5.6,15.4,0.6494,64.9%,9.3983,0.04%,0.488,0.512,Bullish,Mild Contraction,25.8,False,Uptrend,Above SMA20,26154.45,26132.35,8.0,14.1,N/A,1,Downside Breakdown,10.5,28.6,28.6
19407,22-12-2025 13:00,26138.9,26144.35,26138.65,26143.1,5.7,14.52,7.118,6.25,30.05,0.3926,39.3%,13.3421,0.05%,0.737,0.263,Bullish,Moderate Contraction,43.8,False,Uptrend,Above SMA20,26154.45,26111.75,31.35,11.35,N/A,6,Upside Breakout,3.5,7.85,14.85
19410,22-12-2025 13:15,26141.45,26147.55,26139.25,26143.7,8.3,12.44,8.3192,5.0,30.05,0.6672,66.7%,11.0056,0.04%,0.271,0.729,Bullish,Mild Contraction,15.5,False,Uptrend,Above SMA20,26152.9,26111.75,31.95,9.2,N/A,3,Upside Breakout,5.05,14.25,14.25
19418,22-12-2025 13:55,26145.25,26148.0,26142.95,26144.9,5.05,8.875,3.7997,5.0,18.25,0.569,56.9%,9.5146,0.04%,0.069,0.931,Bearish,Strong Contraction,52.3,True,Uptrend,Above SMA20,26157.95,26137.75,7.15,13.05,N/A,2,Downside Breakdown,7.15,19.05,34.25
19428,22-12-2025 14:45,26159.35,26161.9,26154.4,26157.15,7.5,14.265,5.4961,5.05,22.4,0.5258,52.6%,12.6203,0.05%,0.293,0.707,Bearish,Moderate Contraction,30.8,False,Uptrend,Above SMA20,26179.15,26125.85,31.3,22.0,N/A,3,Upside Breakout,0.3,23.55,49.4
19433,22-12-2025 15:10,26173.75,26176.4,26169.15,26174.8,7.25,12.295,4.7561,7.15,22.4,0.5897,59.0%,11.1916,0.04%,0.145,0.855,Bullish,Moderate Contraction,31.2,False,Uptrend,Above SMA20,26180.7,26128.55,46.25,5.9,N/A,4,Upside Breakout,25.85,31.75,55.75
19441,23-12-2025 09:35,26145.35,26151.7,26140.8,26144.4,10.9,17.62,15.9208,7.25,61.3,0.6186,61.9%,16.5441,0.06%,0.087,0.913,Bearish,Mild Contraction,19.7,False,Downtrend,Below SMA20,26206.55,26134.4,10.0,62.15,N/A,1,Downside Breakdown,13.75,43.05,52.2
19446,23-12-2025 10:00,26174.2,26187.45,26172.95,26181.65,14.5,22.825,14.8494,10.9,61.3,0.6353,63.5%,18.8302,0.07%,0.514,0.486,Bullish,Mild Contraction,20.5,False,Uptrend,Above SMA20,26206.55,26119.05,62.6,24.9,N/A,,,,18.35,18.85
19450,23-12-2025 10:20,26170.5,26170.5,26163.4,26167.15,7.1,17.395,6.4496,9.55,29.3,0.4082,40.8%,15.7454,0.06%,0.472,0.528,Bearish,Moderate Contraction,44.7,False,Uptrend,Above SMA20,26196.6,26119.05,48.1,29.45,N/A,11,Upside Breakout,0.35,18.5,28.3
19453,23-12-2025 10:35,26168.55,26171.25,26162.8,26168.0,8.45,15.22,6.8732,7.1,29.3,0.5552,55.5%,13.7256,0.05%,0.065,0.935,Bearish,Mild Contraction,29.9,False,Uptrend,Above SMA20,26196.6,26119.05,48.95,28.6,N/A,8,Upside Breakout,0.35,20.55,28.95
19462,23-12-2025 11:20,26195.75,26196.0,26190.6,26194.6,5.4,11.14,3.1003,7.95,16.7,0.4847,48.5%,11.3391,0.04%,0.213,0.787,Bearish,Moderate Contraction,41.6,False,Uptrend,Above SMA20,26196.95,26162.8,31.8,2.35,N/A,5,Downside Breakdown,5.25,37.05,37.05
19471,23-12-2025 12:05,26187.7,26190.0,26182.1,26188.25,7.9,11.93,4.4342,5.4,21.6,0.6622,66.2%,11.6918,0.04%,0.07,0.93,Bullish,Mild Contraction,19.0,False,Downtrend,Above SMA20,26196.95,26157.55,30.7,8.7,N/A,11,Upside Breakout,2.0,21.15,21.15
19483,23-12-2025 13:05,26187.25,26189.45,26182.65,26189.45,6.8,12.145,2.812,8.75,17.7,0.5599,56.0%,11.5701,0.04%,0.324,0.676,Bullish,Moderate Contraction,37.5,False,Uptrend,Above SMA20,26198.95,26167.1,22.35,9.5,N/A,11,Upside Breakout,3.95,8.35,9.65
19486,23-12-2025 13:20,26191.15,26191.7,26186.35,26186.85,5.35,11.455,3.6075,6.8,17.7,0.467,46.7%,10.6598,0.04%,0.804,0.196,Bearish,Moderate Contraction,41.8,False,Uptrend,Above SMA20,26198.95,26167.1,19.75,12.1,N/A,8,Upside Breakout,3.95,8.4,19.25
19505,23-12-2025 14:55,26183.8,26191.05,26175.2,26189.1,15.85,23.44,8.3637,14.3,42.9,0.6762,67.6%,20.8682,0.08%,0.334,0.666,Bullish,Mild Contraction,22.5,False,Uptrend,Below SMA20,26233.55,26158.7,30.4,44.45,N/A,7,Downside Breakdown,17.3,26.8,47.7
19508,23-12-2025 15:10,26172.6,26185.35,26168.85,26184.0,16.5,25.52,10.0282,15.85,44.35,0.6466,64.7%,23.1033,0.09%,0.691,0.309,Bullish,Mild Contraction,26.2,False,Downtrend,Below SMA20,26229.1,26158.7,25.3,45.1,N/A,4,Downside Breakdown,17.3,42.6,45.55
19511,23-12-2025 15:25,26170.95,26174.65,26158.95,26165.95,15.7,24.825,11.0578,10.2,44.35,0.6324,63.2%,20.8301,0.08%,0.318,0.682,Bearish,Mild Contraction,20.5,False,Downtrend,Below SMA20,26211.9,26158.7,7.25,45.95,N/A,1,Downside Breakdown,17.3,63.6,63.6
19514,24-12-2025 09:25,26205.6,26222.45,26203.8,26217.1,18.65,26.905,17.8927,10.2,70.4,0.6932,69.3%,25.4656,0.1%,0.617,0.383,Bullish,Mild Contraction,12.6,False,Uptrend,Above SMA20,26217.85,26141.4,75.7,0.75,N/A,1,Upside Breakout,11.7,14.45,19.3
19517,24-12-2025 09:40,26213.3,26218.05,26202.65,26215.7,15.4,23.055,17.2942,10.2,70.4,0.668,66.8%,21.7116,0.08%,0.156,0.844,Bullish,Mild Contraction,16.0,False,Uptrend,Above SMA20,26229.55,26141.4,74.3,13.85,N/A,7,Upside Breakout,6.85,12.35,20.7
19520,24-12-2025 09:55,26219.25,26225.1,26210.6,26221.85,14.5,22.02,17.3402,10.2,70.4,0.6585,65.8%,20.4864,0.08%,0.179,0.821,Bullish,Mild Contraction,17.3,False,Uptrend,Above SMA20,26229.55,26141.4,80.45,7.7,N/A,4,Upside Breakout,6.85,18.25,18.25
19525,24-12-2025 10:20,26225.3,26229.7,26221.05,26224.2,8.65,15.765,3.439,10.35,21.65,0.5487,54.9%,16.6465,0.06%,0.127,0.873,Bearish,Moderate Contraction,39.0,False,Uptrend,Above SMA20,26236.4,26202.65,21.55,12.2,N/A,7,Downside Breakdown,1.6,18.8,26.15
19529,24-12-2025 10:40,26226.35,26227.8,26218.3,26218.3,9.5,13.635,4.4302,8.4,21.65,0.6967,69.7%,14.043,0.05%,0.847,0.153,Bearish,Mild Contraction,20.7,False,Downtrend,Above SMA20,26236.4,26203.6,14.7,18.1,N/A,2,Downside Breakdown,0.05,20.25,20.25
19534,24-12-2025 11:05,26202.6,26209.25,26200.9,26205.15,8.35,12.415,3.898,8.4,18.8,0.6726,67.3%,13.7695,0.05%,0.305,0.695,Bullish,Mild Contraction,26.8,False,Downtrend,Below SMA20,26236.4,26198.05,7.1,31.25,N/A,7,Downside Breakdown,13.9,15.85,26.5
19543,24-12-2025 11:50,26184.7,26187.2,26181.15,26186.2,6.05,12.375,6.0955,5.6,26.55,0.4889,48.9%,12.1561,0.05%,0.248,0.752,Bullish,Moderate Contraction,35.9,False,Downtrend,Below SMA20,26221.0,26178.65,7.55,34.8,N/A,15,Downside Breakdown,3.0,14.9,22.9
19547,24-12-2025 12:10,26188.95,26194.4,26186.2,26192.0,8.2,11.84,5.5038,6.05,26.55,0.6926,69.3%,11.3683,0.04%,0.372,0.628,Bullish,Mild Contraction,16.3,False,Downtrend,Below SMA20,26221.0,26178.65,13.35,29.0,N/A,11,Downside Breakdown,3.0,17.1,17.1
19555,24-12-2025 12:50,26192.25,26193.45,26186.3,26190.9,7.15,10.61,2.1967,7.75,14.3,0.6739,67.4%,10.4164,0.04%,0.189,0.811,Bearish,Moderate Contraction,49.4,True,Downtrend,Below SMA20,26209.1,26185.85,5.05,18.2,N/A,2,Downside Breakdown,3.65,17.7,39.8
19566,24-12-2025 13:45,26159.1,26162.1,26154.15,26160.6,7.95,12.045,3.43,7.95,20.25,0.66,66.0%,11.2909,0.04%,0.189,0.811,Bullish,Mild Contraction,28.3,False,Downtrend,Below SMA20,26196.65,26151.1,9.5,36.05,N/A,2,Downside Breakdown,4.1,21.15,36.7
19572,24-12-2025 14:15,26160.6,26162.5,26153.25,26154.95,9.25,13.81,4.6993,7.95,21.65,0.6698,67.0%,12.9116,0.05%,0.611,0.389,Bearish,Mild Contraction,22.1,False,Downtrend,Below SMA20,26176.35,26139.45,15.5,21.4,N/A,1,Downside Breakdown,0.05,31.05,31.95
19578,24-12-2025 14:45,26140.3,26149.85,26139.35,26140.4,10.5,16.39,4.1285,9.25,22.45,0.6406,64.1%,14.3902,0.06%,0.01,0.99,Bullish,Moderate Contraction,47.0,True,Downtrend,Below SMA20,26168.65,26123.9,16.5,28.25,N/A,1,Downside Breakdown,0.9,26.15,44.75
19585,24-12-2025 15:20,26139.65,26145.45,26133.5,26137.2,11.95,18.97,6.6282,10.5,27.55,0.6299,63.0%,18.1979,0.07%,0.205,0.795,Bearish,Mild Contraction,25.9,False,Uptrend,Below SMA20,26166.55,26123.0,14.2,29.35,N/A,2,Downside Breakdown,27.35,41.55,65.65
19588,26-12-2025 09:20,26128.8,26134.0,26120.45,26131.9,13.55,21.5,11.7887,10.5,48.55,0.6302,63.0%,20.4899,0.08%,0.229,0.771,Bullish,Mild Contraction,21.8,False,Downtrend,Below SMA20,26166.55,26095.65,36.25,34.65,N/A,3,Downside Breakdown,3.3,50.2,60.35
19593,26-12-2025 09:45,26086.85,26092.15,26082.55,26091.85,9.6,21.75,11.4656,11.95,48.55,0.4414,44.1%,19.0739,0.07%,0.521,0.479,Bullish,Strong Contraction,60.1,True,Downtrend,Below SMA20,26158.75,26081.7,10.15,66.9,N/A,1,Downside Breakdown,10.15,20.3,20.3
19596,26-12-2025 10:00,26090.15,26094.85,26080.8,26094.85,14.05,20.645,11.6844,9.6,48.55,0.6806,68.1%,18.5029,0.07%,0.335,0.665,Bullish,Mild Contraction,15.9,False,Downtrend,Below SMA20,26144.2,26071.55,23.3,49.35,N/A,14,Downside Breakdown,4.05,16.4,16.4
19599,26-12-2025 10:15,26090.35,26092.55,26084.4,26089.4,8.15,16.635,6.9697,8.9,31.75,0.4899,49.0%,15.2915,0.06%,0.117,0.883,Bearish,Strong Contraction,58.1,True,Downtrend,Below SMA20,26139.85,26071.55,17.85,50.45,N/A,11,Downside Breakdown,4.05,10.95,13.75
19602,26-12-2025 10:30,26091.7,26096.25,26087.95,26090.8,8.3,13.545,4.5969,8.15,23.55,0.6128,61.3%,14.0056,0.05%,0.108,0.892,Bearish,Moderate Contraction,30.1,False,Uptrend,Below SMA20,26102.1,26071.55,19.25,11.3,N/A,8,Downside Breakdown,4.05,9.3,32.9
19615,26-12-2025 11:35,26057.8,26059.65,26051.8,26054.7,7.85,11.285,2.2906,8.45,14.2,0.6956,69.6%,11.3159,0.04%,0.395,0.605,Bearish,Mild Contraction,27.7,False,Downtrend,Below SMA20,26095.05,26053.55,1.15,40.35,N/A,1,Downside Breakdown,3.75,8.65,12.4
19618,26-12-2025 11:50,26050.35,26056.75,26049.6,26054.25,7.15,10.52,2.6007,6.95,14.2,0.6797,68.0%,9.9989,0.04%,0.545,0.455,Bullish,Mild Contraction,26.5,False,Downtrend,Below SMA20,26094.55,26048.35,5.9,40.3,N/A,8,Downside Breakdown,6.7,12.85,19.95
19629,26-12-2025 12:45,26038.3,26042.8,26036.4,26039.2,6.4,11.14,3.6679,8.1,19.15,0.5745,57.5%,10.4786,0.04%,0.141,0.859,Bullish,Strong Contraction,53.6,True,Downtrend,Below SMA20,26067.1,26034.3,4.9,27.9,N/A,1,Downside Breakdown,1.65,8.35,14.1
19633,26-12-2025 13:05,26034.3,26037.9,26030.85,26035.1,7.05,10.415,4.1603,6.1,19.15,0.6769,67.7%,9.4053,0.04%,0.113,0.887,Bullish,Mild Contraction,21.0,False,Downtrend,Below SMA20,26067.1,26031.75,3.35,32.0,N/A,14,Downside Breakdown,5.75,18.2,19.25
19656,26-12-2025 15:00,26039.3,26044.8,26035.3,26039.15,9.5,14.45,3.9087,9.75,21.5,0.6574,65.7%,13.1399,0.05%,0.016,0.984,Bearish,Mild Contraction,28.8,False,Downtrend,Above SMA20,26047.05,26008.6,30.55,7.9,N/A,1,Upside Breakout,0.6,13.3,67.65
19664,29-12-2025 09:25,26057.9,26063.25,26051.75,26052.95,11.5,18.96,15.1029,9.5,60.1,0.6065,60.7%,18.2147,0.07%,0.43,0.57,Bearish,Mild Contraction,23.6,False,Uptrend,Above SMA20,26106.8,26008.6,44.35,53.85,N/A,15,Downside Breakdown,8.2,34.2,34.2
19667,29-12-2025 09:40,26076.9,26082.3,26069.2,26080.4,13.1,19.125,15.3495,9.75,60.1,0.685,68.5%,17.57,0.07%,0.267,0.733,Bullish,Mild Contraction,15.7,False,Uptrend,Above SMA20,26106.8,26031.05,49.35,26.4,N/A,4,Downside Breakdown,3.15,53.65,67.1
19671,29-12-2025 10:00,26036.65,26042.7,26027.9,26031.5,14.8,21.215,15.0651,10.7,60.1,0.6976,69.8%,17.7868,0.07%,0.348,0.652,Bearish,Mild Contraction,14.5,False,Downtrend,Below SMA20,26106.8,26035.6,-4.1,75.3,N/A,1,Downside Breakdown,8.85,13.7,33.9
19678,29-12-2025 10:35,26019.85,26022.05,26016.4,26018.35,5.65,14.68,6.1196,8.0,28.6,0.3849,38.5%,13.9168,0.05%,0.265,0.735,Bearish,Moderate Contraction,45.4,False,Downtrend,Below SMA20,26087.15,26013.3,5.05,68.8,N/A,1,Downside Breakdown,12.9,31.85,53.5
19682,29-12-2025 10:55,26008.35,26010.35,26003.4,26005.0,6.95,12.34,4.7877,5.65,19.8,0.5632,56.3%,12.909,0.05%,0.482,0.518,Bearish,Mild Contraction,29.6,False,Downtrend,Below SMA20,26039.0,25997.6,7.4,34.0,N/A,1,Downside Breakdown,11.1,40.15,40.15
19685,29-12-2025 11:10,25986.05,25987.3,25979.75,25983.7,7.55,13.445,5.3336,5.65,20.65,0.5615,56.2%,12.9166,0.05%,0.311,0.689,Bearish,Mild Contraction,28.6,False,Downtrend,Below SMA20,26037.75,25979.0,4.7,54.05,N/A,1,Downside Breakdown,5.65,18.85,18.85
19689,29-12-2025 11:30,25975.85,25978.1,25969.45,25974.55,8.65,12.39,4.5392,6.95,20.65,0.6981,69.8%,11.9496,0.05%,0.15,0.85,Bearish,Mild Contraction,18.0,False,Downtrend,Below SMA20,26019.6,25964.85,9.7,45.05,N/A,10,Downside Breakdown,3.2,15.55,15.55
19698,29-12-2025 12:15,25979.9,25982.05,25975.05,25977.6,7.0,10.985,3.0179,7.0,16.85,0.6372,63.7%,11.0009,0.04%,0.329,0.671,Bearish,Strong Contraction,50.2,True,Uptrend,Below SMA20,25990.1,25965.75,11.85,12.5,N/A,1,Downside Breakdown,4.1,22.75,25.4
19708,29-12-2025 13:05,25969.2,25971.85,25965.6,25968.0,6.25,11.045,3.1757,7.0,16.4,0.5659,56.6%,10.3282,0.04%,0.192,0.808,Bearish,Moderate Contraction,35.2,False,Downtrend,Below SMA20,25982.05,25952.2,15.8,14.05,N/A,1,Downside Breakdown,0.2,29.2,37.55
19711,29-12-2025 13:20,25948.4,25949.9,25941.7,25944.2,8.2,11.925,4.5913,6.25,20.0,0.6876,68.8%,11.9111,0.05%,0.512,0.488,Bearish,Mild Contraction,17.9,False,Downtrend,Below SMA20,25973.85,25938.8,5.4,29.65,N/A,3,Downside Breakdown,8.0,13.75,16.85
19725,29-12-2025 14:30,25955.1,25958.0,25948.25,25956.05,9.75,15.985,6.3102,10.4,29.8,0.6099,61.0%,15.4394,0.06%,0.097,0.903,Bullish,Moderate Contraction,30.1,False,Uptrend,Above SMA20,25972.45,25924.7,31.35,16.4,N/A,5,Downside Breakdown,4.4,35.75,35.75
19733,29-12-2025 15:10,25942.05,25949.8,25941.7,25944.05,8.1,17.615,6.3512,9.75,29.8,0.4598,46.0%,15.5277,0.06%,0.247,0.753,Bullish,Moderate Contraction,41.2,False,Downtrend,Below SMA20,25972.45,25920.3,23.75,28.4,N/A,4,Downside Breakdown,26.8,62.95,66.05
19739,30-12-2025 09:25,25886.0,25890.4,25878.0,25884.55,12.4,20.66,16.2549,8.1,62.65,0.6002,60.0%,20.2829,0.08%,0.117,0.883,Bearish,Mild Contraction,21.4,False,Downtrend,Below SMA20,25956.15,25881.1,3.45,71.6,N/A,10,Upside Breakout,1.15,57.95,72.75
19746,30-12-2025 10:00,25935.55,25938.35,25923.4,25932.35,14.95,27.33,14.5769,10.5,62.65,0.547,54.7%,22.9292,0.09%,0.214,0.786,Bearish,Moderate Contraction,47.7,True,Downtrend,Above SMA20,25956.15,25878.0,54.35,23.8,N/A,3,Upside Breakout,1.15,38.25,43.5
19749,30-12-2025 10:15,25943.75,25957.3,25943.4,25955.65,13.9,22.315,7.9639,10.5,35.15,0.6229,62.3%,20.7687,0.08%,0.856,0.144,Bullish,Mild Contraction,23.9,False,Uptrend,Above SMA20,25954.7,25878.0,77.65,-0.95,N/A,1,Upside Breakout,14.15,20.2,32.0
19752,30-12-2025 10:30,25965.95,25975.85,25964.65,25973.7,11.2,20.05,9.2597,8.0,35.15,0.5586,55.9%,17.2844,0.07%,0.692,0.308,Bullish,Mild Contraction,27.5,False,Uptrend,Above SMA20,25970.6,25906.3,67.4,-3.1,N/A,1,Upside Breakout,3.45,49.85,63.35
19757,30-12-2025 10:55,25930.9,25932.85,25923.85,25927.45,9.0,14.705,6.01,8.0,25.25,0.612,61.2%,15.7479,0.06%,0.383,0.617,Bearish,Mild Contraction,26.8,False,Uptrend,Below SMA20,25975.85,25922.1,5.35,48.4,N/A,3,Downside Breakdown,11.75,17.1,34.95
19761,30-12-2025 11:15,25921.7,25927.05,25918.6,25922.45,8.45,13.15,5.466,8.0,23.15,0.6426,64.3%,14.039,0.05%,0.089,0.911,Bullish,Mild Contraction,25.8,False,Downtrend,Below SMA20,25975.85,25910.35,12.1,53.4,N/A,3,Downside Breakdown,16.05,29.95,31.6
19765,30-12-2025 11:35,25897.6,25901.55,25892.5,25897.55,9.05,13.31,5.1057,8.1,21.1,0.6799,68.0%,13.6914,0.05%,0.006,0.994,Bearish,Mild Contraction,21.7,False,Downtrend,Below SMA20,25949.95,25894.3,3.25,52.4,N/A,4,Downside Breakdown,2.2,19.9,19.9
19774,30-12-2025 12:20,25891.7,25894.6,25885.45,25888.9,9.15,13.865,4.5425,9.05,22.3,0.6599,66.0%,13.1622,0.05%,0.306,0.694,Bearish,Mild Contraction,27.1,False,Downtrend,Below SMA20,25917.45,25883.0,5.9,28.55,N/A,1,Downside Breakdown,1.2,24.4,24.75
19778,30-12-2025 12:40,25901.3,25906.65,25897.4,25899.75,9.25,13.4,3.6376,9.15,22.3,0.6903,69.0%,12.9853,0.05%,0.168,0.832,Bearish,Mild Contraction,25.8,False,Downtrend,Below SMA20,25913.6,25881.8,17.95,13.85,N/A,2,Upside Breakout,0.05,15.3,19.85
19783,30-12-2025 13:05,25889.75,25893.3,25884.45,25887.4,8.85,13.555,3.5932,9.15,19.75,0.6529,65.3%,13.3877,0.05%,0.266,0.734,Bearish,Moderate Contraction,49.2,True,Downtrend,Below SMA20,25913.65,25881.8,5.6,26.25,N/A,1,Downside Breakdown,1.9,26.7,72.95
19793,30-12-2025 13:55,25938.4,25943.45,25933.2,25938.25,10.25,16.19,5.9324,8.85,26.9,0.6331,63.3%,16.1664,0.06%,0.015,0.985,Bearish,Mild Contraction,25.0,False,Uptrend,Above SMA20,25960.35,25879.9,58.35,22.1,N/A,18,Upside Breakout,16.4,20.1,22.8
19796,30-12-2025 14:10,25937.85,25946.95,25936.1,25943.6,10.85,16.41,5.7147,10.25,26.9,0.6612,66.1%,14.9803,0.06%,0.53,0.47,Bullish,Mild Contraction,25.1,False,Uptrend,Above SMA20,25960.35,25887.8,55.8,16.75,N/A,15,Upside Breakout,16.4,28.15,28.15
19804,30-12-2025 14:50,25951.7,25954.85,25942.6,25946.45,12.25,17.505,4.4252,10.85,24.25,0.6998,70.0%,17.2344,0.07%,0.429,0.571,Bearish,Mild Contraction,21.7,False,Uptrend,Above SMA20,25958.35,25915.45,31.0,11.9,N/A,7,Upside Breakout,18.4,31.0,81.55
19809,30-12-2025 15:15,25940.45,25946.9,25936.75,25940.15,10.15,20.935,6.3228,12.25,33.7,0.4848,48.5%,18.5846,0.07%,0.03,0.97,Bearish,Moderate Contraction,40.8,False,Uptrend,Above SMA20,25957.35,25915.45,24.7,17.2,N/A,2,Upside Breakout,19.4,87.85,87.85
19813,31-12-2025 09:20,26012.55,26013.3,26000.15,26003.9,13.15,24.0,14.4852,10.15,57.25,0.5479,54.8%,23.3704,0.09%,0.658,0.342,Bearish,Mild Contraction,28.1,False,Uptrend,Above SMA20,26028.0,25915.45,88.45,24.1,N/A,14,Upside Breakout,7.3,34.9,34.9
19819,31-12-2025 09:50,25982.5,25989.5,25980.15,25984.15,9.35,26.595,15.7227,10.15,57.25,0.3516,35.2%,23.0926,0.09%,0.176,0.824,Bullish,Moderate Contraction,45.4,False,Uptrend,Above SMA20,26028.0,25936.6,47.55,43.85,N/A,8,Upside Breakout,7.3,26.2,63.1
19823,31-12-2025 10:10,25994.35,26000.95,25990.75,25997.0,10.2,22.095,10.6779,9.35,44.35,0.4616,46.2%,20.4022,0.08%,0.26,0.74,Bullish,Moderate Contraction,37.9,False,Downtrend,Above SMA20,26023.9,25969.0,28.0,26.9,N/A,4,Upside Breakout,11.4,38.3,57.95
19826,31-12-2025 10:25,26010.55,26020.2,26008.8,26018.1,11.4,17.43,8.5771,8.25,36.95,0.654,65.4%,17.0914,0.07%,0.662,0.338,Bullish,Mild Contraction,19.3,False,Uptrend,Above SMA20,26014.75,25969.0,49.1,-3.35,N/A,1,Upside Breakout,20.55,29.35,45.9
19832,31-12-2025 10:55,26040.35,26046.6,26037.35,26044.65,9.25,14.775,6.1033,7.9,24.9,0.6261,62.6%,15.7323,0.06%,0.465,0.535,Bullish,Moderate Contraction,44.8,True,Uptrend,Above SMA20,26047.45,25971.75,72.9,2.8,N/A,1,Upside Breakout,7.5,19.35,30.25
19838,31-12-2025 11:25,26043.7,26052.0,26043.5,26044.55,8.5,13.345,4.9829,7.9,24.9,0.6369,63.7%,13.3644,0.05%,0.1,0.9,Bullish,Mild Contraction,26.3,False,Uptrend,Above SMA20,26064.0,26022.35,22.2,19.45,N/A,3,Upside Breakout,7.4,36.1,47.25
19848,31-12-2025 12:15,26089.9,26091.4,26083.55,26087.3,7.85,12.105,3.2184,8.5,16.75,0.6485,64.8%,12.1303,0.05%,0.331,0.669,Bearish,Mild Contraction,29.6,False,Uptrend,Above SMA20,26091.8,26040.35,46.95,4.5,N/A,1,Upside Breakout,7.5,36.05,68.75
19852,31-12-2025 12:35,26109.25,26115.3,26106.75,26114.25,8.55,12.44,3.7877,7.85,19.05,0.6873,68.7%,12.1601,0.05%,0.585,0.415,Bullish,Mild Contraction,22.8,False,Uptrend,Above SMA20,26111.1,26058.75,55.5,-3.15,N/A,1,Upside Breakout,12.25,41.8,46.15
19858,31-12-2025 13:05,26145.65,26150.85,26142.4,26148.9,8.45,12.155,3.9264,7.85,19.05,0.6952,69.5%,11.9559,0.05%,0.385,0.615,Bullish,Moderate Contraction,42.2,True,Uptrend,Above SMA20,26156.05,26083.55,65.35,7.15,N/A,1,Upside Breakout,0.4,15.3,30.4
19867,31-12-2025 13:50,26154.95,26162.95,26154.95,26158.5,8.0,11.905,2.233,8.45,15.65,0.672,67.2%,11.753,0.04%,0.444,0.556,Bullish,Moderate Contraction,30.3,False,Uptrend,Above SMA20,26164.2,26135.9,22.6,5.7,N/A,1,Upside Breakout,15.1,20.8,26.8
19870,31-12-2025 14:05,26162.55,26170.9,26161.55,26169.3,9.35,13.57,4.1705,8.0,23.2,0.689,68.9%,12.9888,0.05%,0.722,0.278,Bullish,Mild Contraction,20.8,False,Uptrend,Above SMA20,26179.3,26135.9,33.4,10.0,N/A,7,Upside Breakout,6.0,24.9,24.9
19882,31-12-2025 15:05,26134.85,26136.55,26126.5,26130.45,10.05,18.035,9.2868,9.5,42.55,0.5572,55.7%,17.367,0.07%,0.438,0.562,Bearish,Moderate Contraction,31.2,False,Downtrend,Below SMA20,26187.95,26132.0,-1.55,57.5,N/A,1,Downside Breakdown,16.95,64.9,64.9
19885,31-12-2025 15:20,26130.25,26132.1,26121.55,26127.55,10.55,17.3,9.2728,10.05,42.55,0.6098,61.0%,15.8369,0.06%,0.256,0.744,Bearish,Mild Contraction,27.4,False,Downtrend,Below SMA20,26187.95,26115.05,12.5,60.4,N/A,2,Upside Breakout,7.4,67.8,70.0
19894,01-01-2026 09:50,26189.0,26197.55,26184.3,26189.1,13.25,23.325,8.8412,10.55,40.35,0.5681,56.8%,22.7137,0.09%,0.008,0.992,Bullish,Mild Contraction,29.0,False,Uptrend,Above SMA20,26195.35,26121.55,67.55,6.25,N/A,6,Downside Breakdown,3.85,61.15,71.4
19897,01-01-2026 10:05,26170.4,26179.1,26164.85,26165.85,14.25,26.225,8.9028,13.25,40.35,0.5434,54.3%,22.5845,0.09%,0.319,0.681,Bearish,Moderate Contraction,34.1,False,Downtrend,Above SMA20,26197.55,26149.25,16.6,31.7,N/A,1,Downside Breakdown,2.25,48.15,48.15
19903,01-01-2026 10:35,26165.8,26173.5,26159.0,26162.1,14.5,21.83,7.6208,13.25,39.4,0.6642,66.4%,21.0936,0.08%,0.255,0.745,Bearish,Mild Contraction,23.9,False,Downtrend,Above SMA20,26197.55,26117.7,44.4,35.45,N/A,20,Downside Breakdown,4.3,23.5,23.5
19906,01-01-2026 10:50,26181.95,26185.6,26177.4,26179.5,8.2,18.975,4.1129,14.05,25.65,0.4321,43.2%,18.768,0.07%,0.299,0.701,Bearish,Moderate Contraction,48.4,False,Uptrend,Above SMA20,26182.9,26117.7,61.8,3.4,N/A,17,Downside Breakdown,4.3,22.05,36.9
19909,01-01-2026 11:05,26164.55,26173.1,26161.25,26164.6,11.85,17.94,5.4939,8.2,25.65,0.6605,66.1%,17.2836,0.07%,0.004,0.996,Bullish,Mild Contraction,20.3,False,Uptrend,Below SMA20,26185.6,26117.7,46.9,21.0,N/A,14,Downside Breakdown,4.3,13.15,31.2
19917,01-01-2026 11:45,26144.1,26146.25,26137.3,26139.25,8.95,15.095,3.702,11.35,22.3,0.5929,59.3%,15.336,0.06%,0.542,0.458,Bearish,Moderate Contraction,34.4,False,Downtrend,Below SMA20,26180.7,26142.6,-3.35,41.45,N/A,1,Downside Breakdown,9.2,18.95,25.85
19930,01-01-2026 12:50,26156.8,26158.25,26147.1,26150.25,11.15,18.53,4.7908,12.65,28.1,0.6017,60.2%,17.1446,0.07%,0.587,0.413,Bearish,Moderate Contraction,33.3,False,Uptrend,Above SMA20,26162.55,26113.4,36.85,12.3,N/A,5,Upside Breakout,5.4,17.7,20.55
19933,01-01-2026 13:05,26151.6,26157.0,26150.1,26155.95,6.9,16.36,6.2009,8.05,28.1,0.4218,42.2%,14.0923,0.05%,0.63,0.37,Bullish,Strong Contraction,63.5,True,Uptrend,Above SMA20,26162.55,26113.4,42.55,6.6,N/A,2,Upside Breakout,5.4,26.25,26.25
19940,01-01-2026 13:40,26146.35,26148.3,26137.95,26146.8,10.35,16.25,9.1296,6.9,36.5,0.6369,63.7%,16.8152,0.06%,0.043,0.957,Bullish,Moderate Contraction,39.5,True,Downtrend,Above SMA20,26167.95,26129.7,17.1,21.15,N/A,4,Upside Breakout,4.1,29.4,31.2
19943,01-01-2026 13:55,26159.15,26163.2,26153.95,26157.4,9.25,16.92,8.7747,6.9,36.5,0.5467,54.7%,15.0656,0.06%,0.189,0.811,Bearish,Mild Contraction,28.4,False,Uptrend,Above SMA20,26167.95,26129.7,27.7,10.55,N/A,1,Upside Breakout,4.1,20.6,20.6
19946,01-01-2026 14:10,26162.6,26170.15,26160.8,26168.0,9.35,17.16,8.5484,9.25,36.5,0.5449,54.5%,14.5132,0.06%,0.578,0.422,Bullish,Moderate Contraction,33.2,False,Uptrend,Above SMA20,26176.2,26129.7,38.3,8.2,N/A,2,Upside Breakout,1.8,18.7,30.35
19951,01-01-2026 14:35,26162.55,26166.25,26159.3,26164.3,6.95,13.92,4.5879,9.25,23.3,0.4993,49.9%,13.7955,0.05%,0.252,0.748,Bullish,Moderate Contraction,39.1,False,Uptrend,Above SMA20,26178.0,26139.25,25.05,13.7,N/A,5,Downside Breakdown,1.6,26.65,37.5
19966,02-01-2026 09:35,26199.3,26212.75,26195.9,26211.65,16.85,24.775,14.9444,10.8,64.25,0.6801,68.0%,21.9209,0.08%,0.733,0.267,Bullish,Mild Contraction,15.1,False,Uptrend,Above SMA20,26216.2,26118.4,93.25,4.55,N/A,1,Upside Breakout,33.45,61.2,61.2
19970,02-01-2026 09:55,26268.3,26268.75,26253.55,26254.6,15.2,25.29,15.9435,10.8,64.25,0.601,60.1%,21.3585,0.08%,0.901,0.099,Bearish,Mild Contraction,22.7,False,Uptrend,Above SMA20,26272.85,26118.4,136.2,18.25,N/A,18,Upside Breakout,2.2,15.95,19.55
19975,02-01-2026 10:20,26251.65,26256.7,26246.65,26252.0,10.05,18.885,7.3305,13.75,38.95,0.5322,53.2%,17.9972,0.07%,0.035,0.965,Bullish,Moderate Contraction,35.6,False,Uptrend,Above SMA20,26272.85,26195.9,56.1,20.85,N/A,13,Upside Breakout,2.2,16.95,16.95
19990,02-01-2026 11:35,26284.8,26286.6,26279.35,26284.0,7.25,12.4,1.6332,9.95,15.75,0.5847,58.5%,12.5819,0.05%,0.11,0.89,Bearish,Moderate Contraction,42.4,False,Uptrend,Above SMA20,26286.45,26243.3,40.7,2.45,N/A,1,Upside Breakout,2.6,14.7,17.1
19996,02-01-2026 12:05,26287.1,26291.2,26283.75,26286.35,7.45,12.295,2.7252,7.25,16.7,0.6059,60.6%,12.1777,0.05%,0.101,0.899,Bearish,Moderate Contraction,33.5,False,Uptrend,Above SMA20,26298.7,26252.75,33.6,12.35,N/A,4,Upside Breakout,2.4,24.55,26.05
20003,02-01-2026 12:40,26303.95,26309.05,26302.75,26303.05,6.3,12.08,3.5231,7.15,16.7,0.5215,52.2%,11.3178,0.04%,0.143,0.857,Bearish,Moderate Contraction,38.4,False,Uptrend,Above SMA20,26312.4,26275.05,28.0,9.35,N/A,8,Upside Breakout,2.15,16.35,16.35
20007,02-01-2026 13:00,26294.95,26297.85,26290.2,26296.75,7.65,11.175,4.1474,6.3,17.55,0.6846,68.5%,10.7214,0.04%,0.235,0.765,Bullish,Mild Contraction,19.6,False,Uptrend,Above SMA20,26312.4,26277.0,19.75,15.65,N/A,4,Upside Breakout,2.15,17.8,17.8
20010,02-01-2026 13:15,26302.75,26306.4,26301.05,26305.85,5.35,9.88,3.6163,6.3,17.55,0.5415,54.1%,9.5792,0.04%,0.579,0.421,Bullish,Moderate Contraction,35.3,False,Uptrend,Above SMA20,26312.4,26286.7,19.15,6.55,N/A,1,Upside Breakout,2.15,8.7,10.05
20021,02-01-2026 14:10,26304.15,26306.6,26300.5,26302.8,6.1,9.825,1.6461,7.95,11.8,0.6209,62.1%,9.1603,0.03%,0.221,0.779,Bearish,Moderate Contraction,35.8,False,Downtrend,Above SMA20,26314.55,26295.8,7.0,11.75,N/A,2,Upside Breakout,0.5,29.95,36.95
20028,02-01-2026 14:45,26272.1,26273.55,26265.85,26271.55,7.7,11.535,6.441,6.1,28.8,0.6675,66.8%,11.4166,0.04%,0.071,0.929,Bearish,Moderate Contraction,38.9,True,Downtrend,Below SMA20,26315.05,26267.2,4.35,43.5,N/A,3,Upside Breakout,0.35,60.6,86.7
20034,02-01-2026 15:15,26322.7,26326.8,26319.5,26326.25,7.3,14.385,6.0531,7.7,28.8,0.5075,50.7%,12.493,0.05%,0.486,0.514,Bullish,Strong Contraction,56.9,True,Uptrend,Above SMA20,26332.15,26265.85,60.4,5.9,N/A,1,Upside Breakout,5.15,38.6,62.65
20048,05-01-2026 10:10,26334.8,26342.3,26331.75,26339.15,10.55,31.71,10.6529,19.05,51.3,0.3327,33.3%,26.4027,0.1%,0.412,0.588,Bullish,Strong Contraction,50.9,False,Uptrend,Above SMA20,26340.95,26263.6,75.55,1.8,N/A,1,Upside Breakout,19.6,34.05,34.05
20052,05-01-2026 10:30,26354.85,26358.25,26349.55,26352.6,8.7,25.47,10.7549,10.55,51.3,0.3416,34.2%,22.2164,0.08%,0.259,0.741,Bearish,Moderate Contraction,48.3,False,Uptrend,Above SMA20,26373.2,26272.2,80.4,20.6,N/A,,,,18.65,32.2
20055,05-01-2026 10:45,26348.5,26357.5,26343.4,26352.15,14.1,23.015,12.5906,8.7,51.3,0.6126,61.3%,21.0614,0.08%,0.259,0.741,Bullish,Mild Contraction,21.0,False,Uptrend,Above SMA20,26373.2,26285.1,67.05,21.05,N/A,,,,12.85,38.3
20065,05-01-2026 11:35,26317.55,26326.15,26315.5,26325.3,10.65,16.29,4.6229,10.4,26.4,0.6538,65.4%,17.3974,0.07%,0.728,0.272,Bullish,Mild Contraction,27.9,False,Downtrend,Below SMA20,26365.0,26313.85,11.45,39.7,N/A,5,Downside Breakdown,2.35,16.3,18.05
20073,05-01-2026 12:15,26334.2,26339.95,26331.35,26336.65,8.6,16.31,3.761,10.65,22.6,0.5273,52.7%,15.9524,0.06%,0.285,0.715,Bullish,Moderate Contraction,40.1,False,Uptrend,Below SMA20,26341.6,26311.5,25.15,4.95,N/A,1,Upside Breakout,1.75,7.15,17.2
20077,05-01-2026 12:35,26333.1,26341.95,26332.6,26335.7,9.35,14.18,4.8143,8.0,22.6,0.6594,65.9%,13.492,0.05%,0.278,0.722,Bullish,Mild Contraction,23.0,False,Downtrend,Above SMA20,26343.35,26311.5,24.2,7.65,N/A,3,Upside Breakout,6.0,13.65,42.85
20082,05-01-2026 13:00,26333.15,26334.9,26328.65,26329.55,6.25,11.405,3.6153,7.25,16.0,0.548,54.8%,12.1463,0.05%,0.576,0.424,Bearish,Moderate Contraction,35.8,False,Downtrend,Below SMA20,26349.35,26319.05,10.5,19.8,N/A,2,Downside Breakdown,11.25,36.7,72.55
20096,05-01-2026 14:10,26218.6,26231.1,26218.6,26226.75,12.5,18.535,6.3663,9.6,31.3,0.6744,67.4%,17.1924,0.07%,0.652,0.348,Bullish,Mild Contraction,19.7,False,Downtrend,Below SMA20,26312.9,26210.05,16.7,86.15,N/A,16,Downside Breakdown,65.35,23.95,56.15
20103,05-01-2026 14:45,26257.15,26261.1,26252.45,26260.4,8.65,19.42,6.3036,12.15,31.3,0.4454,44.5%,17.2081,0.07%,0.376,0.624,Bullish,Moderate Contraction,43.1,False,Uptrend,Below SMA20,26270.15,26210.05,50.35,9.75,N/A,1,Upside Breakout,12.7,22.5,115.7
20109,05-01-2026 15:15,26249.85,26250.55,26240.6,26243.55,9.95,17.62,5.4284,8.65,25.35,0.5647,56.5%,16.5012,0.06%,0.633,0.367,Bearish,Strong Contraction,51.9,True,Uptrend,Below SMA20,26282.9,26226.25,17.3,39.35,N/A,3,Downside Breakdown,81.55,98.85,98.85
20117,06-01-2026 09:40,26199.1,26205.4,26190.65,26199.35,14.75,29.55,26.2945,8.3,93.9,0.4992,49.9%,28.2467,0.11%,0.017,0.983,Bullish,Mild Contraction,28.2,False,Downtrend,Below SMA20,26269.65,26144.7,54.65,70.3,N/A,4,Upside Breakout,4.3,74.6,74.6
20121,06-01-2026 10:00,26258.35,26273.95,26256.9,26259.45,17.05,33.33,24.6414,11.05,93.9,0.5116,51.2%,25.7263,0.1%,0.065,0.935,Bullish,Mild Contraction,28.7,False,Uptrend,Above SMA20,26259.35,26144.7,114.75,-0.1,N/A,16,Downside Breakdown,3.65,41.35,57.1
20126,06-01-2026 10:25,26219.95,26230.8,26219.95,26224.1,10.85,21.375,8.6574,11.05,35.9,0.5076,50.8%,20.937,0.08%,0.382,0.618,Bullish,Moderate Contraction,37.1,False,Uptrend,Below SMA20,26273.95,26190.65,33.45,49.85,N/A,10,Downside Breakdown,38.65,21.75,72.1
20130,06-01-2026 10:45,26211.75,26220.2,26207.15,26208.95,13.05,18.91,6.4064,10.85,31.7,0.6901,69.0%,19.3317,0.07%,0.215,0.785,Bearish,Mild Contraction,19.7,False,Downtrend,Below SMA20,26273.95,26202.35,6.6,65.0,N/A,2,Downside Breakdown,1.0,16.3,67.9
20134,06-01-2026 11:05,26211.95,26222.15,26211.95,26219.0,10.2,17.115,5.1032,10.85,27.1,0.596,59.6%,17.2922,0.07%,0.691,0.309,Bullish,Moderate Contraction,32.7,False,Downtrend,Below SMA20,26252.9,26198.1,20.9,33.9,N/A,1,Downside Breakdown,5.45,77.95,77.95
20139,06-01-2026 11:30,26172.15,26176.6,26165.9,26170.75,10.7,20.0,10.1305,10.2,43.65,0.535,53.5%,20.384,0.08%,0.131,0.869,Bearish,Moderate Contraction,33.0,False,Downtrend,Below SMA20,26222.15,26141.05,29.7,51.4,N/A,,,,29.45,29.45
20143,06-01-2026 11:50,26195.4,26200.2,26187.45,26192.3,12.75,20.485,9.963,10.2,43.65,0.6224,62.2%,18.5056,0.07%,0.243,0.757,Bearish,Mild Contraction,23.4,False,Downtrend,Below SMA20,26222.15,26141.05,51.25,29.85,N/A,,,,39.3,42.15
20148,06-01-2026 12:15,26167.5,26169.8,26160.6,26163.65,9.2,17.96,5.2256,10.7,26.05,0.5122,51.2%,17.4591,0.07%,0.418,0.582,Bearish,Moderate Contraction,39.1,False,Downtrend,Below SMA20,26200.2,26147.2,16.45,36.55,N/A,15,Downside Breakdown,0.05,13.5,31.35
20151,06-01-2026 12:30,26161.6,26165.5,26155.25,26163.0,10.25,16.87,4.6382,9.2,23.85,0.6076,60.8%,16.1601,0.06%,0.137,0.863,Bullish,Mild Contraction,29.7,False,Downtrend,Below SMA20,26200.2,26150.15,12.85,37.2,N/A,12,Downside Breakdown,3.0,17.1,32.0
20164,06-01-2026 13:35,26156.35,26160.8,26152.55,26155.65,8.25,14.165,3.2725,9.2,20.1,0.5824,58.2%,13.4716,0.05%,0.085,0.915,Bearish,Moderate Contraction,35.8,False,Downtrend,Below SMA20,26195.0,26147.15,8.5,39.35,N/A,6,Downside Breakdown,11.1,24.05,30.35
20168,06-01-2026 13:55,26153.65,26160.3,26149.75,26153.25,10.55,15.435,6.1114,8.25,29.55,0.6835,68.4%,14.9233,0.06%,0.038,0.962,Bearish,Mild Contraction,18.5,False,Downtrend,Below SMA20,26195.0,26147.15,6.1,41.75,N/A,2,Downside Breakdown,11.1,27.95,28.5
20172,06-01-2026 14:15,26133.25,26139.5,26131.2,26134.75,8.3,16.635,6.877,8.25,29.55,0.4989,49.9%,15.688,0.06%,0.181,0.819,Bullish,Moderate Contraction,37.4,False,Downtrend,Below SMA20,26179.7,26125.8,8.95,44.95,N/A,1,Downside Breakdown,0.5,19.1,52.95
20175,06-01-2026 14:30,26147.75,26150.95,26139.6,26144.5,11.35,16.485,7.0596,8.3,29.55,0.6885,68.9%,14.6862,0.06%,0.286,0.714,Bearish,Mild Contraction,16.8,False,Downtrend,Below SMA20,26179.7,26125.3,19.2,35.2,N/A,1,Downside Breakdown,0.55,25.3,43.2
20180,06-01-2026 14:55,26157.15,26164.55,26155.15,26164.0,9.4,15.725,5.9935,8.3,26.6,0.5978,59.8%,14.7141,0.06%,0.729,0.271,Bullish,Mild Contraction,28.2,False,Uptrend,Above SMA20,26169.8,26124.75,39.25,5.8,N/A,1,Upside Breakout,13.05,23.7,59.7
20185,06-01-2026 15:20,26181.35,26186.1,26179.5,26183.2,6.6,15.26,4.6647,9.4,24.6,0.4325,43.3%,14.0173,0.05%,0.28,0.72,Bullish,Strong Contraction,64.6,True,Uptrend,Above SMA20,26187.7,26124.75,58.45,4.5,N/A,2,Downside Breakdown,20.45,78.9,86.55
20196,07-01-2026 10:00,26138.95,26153.3,26132.9,26146.15,20.4,31.665,14.4976,14.55,61.7,0.6442,64.4%,25.9969,0.1%,0.353,0.647,Bullish,Mild Contraction,20.2,False,Downtrend,Below SMA20,26185.4,26096.65,49.5,39.25,N/A,3,Upside Breakout,1.75,41.0,41.0
20202,07-01-2026 10:30,26135.6,26143.7,26129.6,26131.45,14.1,25.69,8.7223,12.3,44.8,0.5489,54.9%,23.1897,0.09%,0.294,0.706,Bearish,Moderate Contraction,32.6,False,Uptrend,Below SMA20,26187.15,26096.65,34.8,55.7,N/A,,,,44.25,53.3
20209,07-01-2026 11:05,26179.7,26184.75,26171.55,26171.65,13.2,19.935,7.0063,10.35,31.1,0.6622,66.2%,19.6693,0.08%,0.61,0.39,Bearish,Mild Contraction,21.0,False,Uptrend,Above SMA20,26187.15,26125.2,46.45,15.5,N/A,9,Downside Breakdown,3.75,39.85,52.7
20216,07-01-2026 11:40,26146.6,26150.8,26142.05,26143.2,8.75,20.505,4.8783,13.2,28.75,0.4267,42.7%,18.8281,0.07%,0.389,0.611,Bearish,Moderate Contraction,47.7,False,Downtrend,Below SMA20,26184.75,26131.8,11.4,41.55,N/A,1,Downside Breakdown,2.95,37.0,46.75
20219,07-01-2026 11:55,26122.55,26129.85,26118.95,26120.65,10.9,17.925,5.211,8.75,25.65,0.6081,60.8%,17.4807,0.07%,0.174,0.826,Bearish,Mild Contraction,27.3,False,Downtrend,Below SMA20,26184.75,26121.45,-0.8,64.1,N/A,1,Downside Breakdown,9.3,21.35,43.65
20222,07-01-2026 12:10,26112.1,26115.8,26108.25,26112.1,7.55,16.475,5.7484,8.75,25.65,0.4583,45.8%,14.8835,0.06%,0.0,1.0,Bullish,Moderate Contraction,41.6,False,Downtrend,Below SMA20,26166.45,26106.2,5.9,54.35,N/A,1,Downside Breakdown,3.45,15.65,35.1
20230,07-01-2026 12:50,26081.4,26089.8,26080.7,26086.4,9.1,13.5,6.0316,7.55,29.7,0.6741,67.4%,14.418,0.06%,0.549,0.451,Bullish,Mild Contraction,19.9,False,Downtrend,Below SMA20,26123.3,26077.0,9.4,36.9,N/A,7,Downside Breakdown,7.7,27.6,27.6
20233,07-01-2026 13:05,26107.45,26109.55,26100.65,26106.15,8.9,13.83,5.8189,9.1,29.7,0.6435,64.4%,13.2947,0.05%,0.146,0.854,Bearish,Mild Contraction,27.5,False,Uptrend,Below SMA20,26115.55,26077.0,29.15,9.4,N/A,4,Downside Breakdown,7.7,37.45,38.25
20245,07-01-2026 14:05,26099.45,26103.0,26093.25,26099.9,9.75,14.255,3.9667,9.65,22.35,0.684,68.4%,13.7841,0.05%,0.046,0.954,Bullish,Mild Contraction,26.2,False,Uptrend,Above SMA20,26104.85,26067.9,32.0,4.95,N/A,1,Upside Breakout,1.3,16.7,21.4
20255,07-01-2026 14:55,26119.2,26120.75,26111.65,26117.35,9.1,14.425,4.8905,7.95,25.9,0.6308,63.1%,14.7776,0.06%,0.203,0.797,Bearish,Mild Contraction,25.8,False,Uptrend,Above SMA20,26121.3,26083.2,34.15,3.95,N/A,1,Upside Breakout,14.05,36.25,67.5
20260,07-01-2026 15:20,26140.5,26141.4,26133.75,26137.45,7.65,16.075,4.3827,9.1,25.9,0.4759,47.6%,14.4174,0.06%,0.399,0.601,Bearish,Moderate Contraction,42.4,False,Uptrend,Above SMA20,26153.6,26083.2,54.25,16.15,N/A,2,Downside Breakdown,8.35,87.6,87.6
20267,08-01-2026 09:40,26092.85,26103.35,26087.3,26090.7,16.05,25.205,15.7739,7.65,58.35,0.6368,63.7%,24.8822,0.1%,0.134,0.866,Bearish,Mild Contraction,16.9,False,Downtrend,Below SMA20,26153.6,26049.85,40.85,62.9,N/A,6,Downside Breakdown,1.95,37.55,64.55
20270,08-01-2026 09:55,26096.65,26098.65,26084.55,26091.7,14.1,27.595,15.1029,7.65,58.35,0.511,51.1%,24.1675,0.09%,0.351,0.649,Bearish,Mild Contraction,28.8,False,Downtrend,Below SMA20,26149.15,26049.85,41.85,57.45,N/A,3,Downside Breakdown,1.95,65.55,66.7
20273,08-01-2026 10:10,26055.55,26065.1,26047.9,26061.15,17.2,25.675,8.947,14.1,42.65,0.6699,67.0%,22.9085,0.09%,0.326,0.674,Bullish,Mild Contraction,21.1,False,Downtrend,Below SMA20,26119.85,26049.85,11.3,58.7,N/A,1,Downside Breakdown,12.7,35.0,54.75
20276,08-01-2026 10:25,26035.5,26041.85,26030.75,26039.95,11.1,23.21,9.0283,14.1,42.65,0.4782,47.8%,20.6955,0.08%,0.401,0.599,Bullish,Moderate Contraction,39.4,False,Downtrend,Below SMA20,26103.35,26026.15,13.8,63.4,N/A,3,Downside Breakdown,1.15,26.55,46.35
20279,08-01-2026 10:40,26030.85,26037.3,26025.0,26031.6,12.3,19.025,6.9922,11.1,32.9,0.6465,64.7%,18.222,0.07%,0.061,0.939,Bullish,Mild Contraction,24.8,False,Downtrend,Below SMA20,26099.1,26026.15,5.45,67.5,N/A,2,Downside Breakdown,12.75,25.2,69.8
20284,08-01-2026 11:05,26016.3,26016.65,26008.25,26014.5,8.4,14.225,4.6202,8.75,24.85,0.5905,59.1%,14.7447,0.06%,0.214,0.786,Bearish,Strong Contraction,52.6,True,Downtrend,Below SMA20,26062.0,26006.4,8.1,47.5,N/A,1,Downside Breakdown,5.45,52.7,78.6
20299,08-01-2026 12:20,25930.25,25933.5,25919.9,25923.3,13.6,20.735,7.8823,13.05,38.7,0.6559,65.6%,19.6178,0.08%,0.511,0.489,Bearish,Moderate Contraction,45.6,True,Downtrend,Below SMA20,25988.6,25884.15,39.15,65.3,N/A,,,,18.2,22.55
20303,08-01-2026 12:40,25924.5,25928.35,25916.3,25924.45,12.05,21.33,7.6432,13.05,38.7,0.5649,56.5%,18.5547,0.07%,0.004,0.996,Bearish,Moderate Contraction,33.8,False,Downtrend,Below SMA20,25967.4,25884.15,40.3,42.95,N/A,,,,23.7,38.05
20306,08-01-2026 12:55,25915.25,25919.15,25910.0,25911.7,9.15,19.36,7.3603,12.05,38.7,0.4726,47.3%,17.002,0.07%,0.388,0.612,Bearish,Moderate Contraction,39.9,False,Downtrend,Below SMA20,25945.4,25884.15,27.55,33.7,N/A,17,Upside Breakout,0.8,16.8,25.3
20309,08-01-2026 13:10,25922.8,25928.2,25919.2,25926.1,9.0,16.655,4.3033,9.15,23.25,0.5404,54.0%,16.4161,0.06%,0.367,0.633,Bullish,Moderate Contraction,38.0,False,Uptrend,Below SMA20,25941.5,25900.75,25.35,15.4,N/A,3,Downside Breakdown,7.25,39.7,39.7
20314,08-01-2026 13:35,25902.5,25911.2,25902.05,25905.35,9.15,16.01,4.9695,9.0,23.25,0.5715,57.2%,15.864,0.06%,0.311,0.689,Bullish,Moderate Contraction,33.8,False,Downtrend,Below SMA20,25928.5,25886.4,18.95,23.15,N/A,2,Upside Breakout,0.1,36.35,40.85
20326,08-01-2026 14:35,25932.95,25940.95,25927.65,25930.3,13.3,21.725,6.9097,14.35,34.75,0.6122,61.2%,20.3347,0.08%,0.199,0.801,Bearish,Moderate Contraction,31.1,False,Uptrend,Above SMA20,25946.2,25900.45,29.85,15.9,N/A,5,Downside Breakdown,32.3,62.15,71.85
20330,08-01-2026 14:55,25919.95,25923.6,25910.25,25911.15,13.35,19.975,7.7258,12.6,34.75,0.6683,66.8%,18.0016,0.07%,0.659,0.341,Bearish,Mild Contraction,24.1,False,Downtrend,Below SMA20,25946.2,25900.45,10.7,35.05,N/A,1,Downside Breakdown,32.3,50.95,90.35
20333,08-01-2026 15:10,25870.3,25884.35,25870.3,25878.05,14.05,22.79,11.9811,12.6,49.55,0.6165,61.6%,20.7669,0.08%,0.552,0.448,Bullish,Mild Contraction,25.6,False,Downtrend,Below SMA20,25946.2,25860.2,17.85,68.15,N/A,3,Downside Breakdown,1.75,62.55,62.55
20345,09-01-2026 09:55,25877.8,25897.0,25876.7,25894.05,20.3,46.525,27.1306,10.1,100.4,0.4363,43.6%,37.619,0.15%,0.8,0.2,Bullish,Strong Contraction,54.3,True,Uptrend,Above SMA20,25940.6,25818.35,75.7,46.55,N/A,12,Downside Breakdown,11.55,43.7,55.5
20348,09-01-2026 10:10,25875.05,25878.45,25850.35,25856.6,28.1,42.16,17.0964,20.3,77.6,0.6665,66.7%,35.199,0.14%,0.657,0.343,Bearish,Mild Contraction,18.9,False,Downtrend,Below SMA20,25938.85,25818.35,38.25,82.25,N/A,9,Downside Breakdown,11.55,40.25,50.6
20353,09-01-2026 10:35,25853.15,25858.2,25838.55,25851.0,19.65,31.695,10.6538,13.05,48.0,0.62,62.0%,31.5118,0.12%,0.109,0.891,Bearish,Mild Contraction,23.1,False,Downtrend,Below SMA20,25901.95,25849.65,1.35,50.95,N/A,1,Downside Breakdown,5.75,45.0,60.05
20358,09-01-2026 11:00,25821.3,25822.05,25806.0,25810.65,16.05,26.245,9.1715,13.05,38.8,0.6115,61.2%,26.9877,0.1%,0.664,0.336,Bearish,Mild Contraction,26.1,False,Downtrend,Below SMA20,25896.85,25806.8,3.85,86.2,N/A,2,Downside Breakdown,8.0,19.7,75.5
20361,09-01-2026 11:15,25800.15,25807.55,25793.65,25796.05,13.9,24.78,9.7683,12.2,38.8,0.5609,56.1%,23.5898,0.09%,0.295,0.705,Bearish,Moderate Contraction,30.8,False,Downtrend,Below SMA20,25896.85,25798.8,-2.75,100.8,N/A,1,Downside Breakdown,7.85,42.35,60.9
20366,09-01-2026 11:40,25761.45,25766.75,25753.7,25755.35,13.05,22.145,10.047,10.0,37.8,0.5893,58.9%,22.6587,0.09%,0.467,0.533,Bearish,Mild Contraction,25.8,False,Downtrend,Below SMA20,25861.6,25753.75,1.6,106.25,N/A,1,Downside Breakdown,10.25,20.2,41.75
20371,09-01-2026 12:05,25756.75,25761.75,25749.85,25750.05,11.9,18.705,8.6715,10.0,37.8,0.6362,63.6%,19.1139,0.07%,0.563,0.437,Bearish,Mild Contraction,23.2,False,Downtrend,Below SMA20,25821.65,25735.15,14.9,71.6,N/A,1,Downside Breakdown,1.05,36.45,84.9
20383,09-01-2026 13:05,25688.55,25695.65,25683.25,25688.35,12.4,21.36,6.7665,15.4,36.9,0.5805,58.1%,19.7297,0.08%,0.016,0.984,Bearish,Moderate Contraction,33.4,False,Downtrend,Below SMA20,25756.65,25665.15,23.2,68.3,N/A,10,Downside Breakdown,0.3,28.0,42.05
20387,09-01-2026 13:25,25702.45,25710.0,25699.0,25709.15,11.0,19.955,7.5742,11.95,36.9,0.5512,55.1%,17.2127,0.07%,0.609,0.391,Bullish,Moderate Contraction,34.4,False,Uptrend,Below SMA20,25718.0,25665.15,44.0,8.85,N/A,2,Upside Breakout,12.4,42.75,54.55
20398,09-01-2026 14:20,25663.35,25669.9,25655.9,25660.1,14.0,24.17,5.8471,17.5,35.05,0.5792,57.9%,20.6658,0.08%,0.232,0.768,Bearish,Moderate Contraction,35.6,False,Downtrend,Below SMA20,25730.4,25654.6,5.5,70.3,N/A,1,Downside Breakdown,2.7,37.1,42.9
20403,09-01-2026 14:45,25658.75,25671.2,25657.25,25669.95,13.95,21.445,7.1599,13.9,39.25,0.6505,65.1%,21.2078,0.08%,0.803,0.197,Bullish,Mild Contraction,27.9,False,Downtrend,Below SMA20,25692.95,25623.0,46.95,23.0,N/A,4,Upside Breakout,3.85,33.05,115.05
20422,12-01-2026 10:05,25588.95,25596.25,25575.05,25580.3,21.2,46.305,17.1612,32.95,90.4,0.4578,45.8%,35.193,0.14%,0.408,0.592,Bearish,Moderate Contraction,41.2,False,Downtrend,Below SMA20,25700.95,25529.05,51.25,120.65,N/A,14,Downside Breakdown,19.55,34.35,41.5
20425,12-01-2026 10:20,25583.3,25591.65,25574.85,25585.45,16.8,36.61,9.1276,21.2,49.55,0.4589,45.9%,32.2922,0.13%,0.128,0.872,Bullish,Moderate Contraction,44.6,False,Uptrend,Below SMA20,25608.55,25532.35,53.1,23.1,N/A,10,Downside Breakdown,2.8,46.65,55.9
20428,12-01-2026 10:35,25570.9,25575.25,25560.85,25560.85,14.4,31.615,10.4738,16.8,49.55,0.4555,45.5%,28.6888,0.11%,0.698,0.302,Bearish,Moderate Contraction,42.2,False,Downtrend,Below SMA20,25608.55,25545.95,14.9,47.7,N/A,2,Downside Breakdown,7.15,22.05,59.2
20432,12-01-2026 10:55,25556.35,25561.85,25545.6,25547.35,16.25,25.17,8.5682,14.4,41.1,0.6456,64.6%,26.7255,0.1%,0.554,0.446,Bearish,Mild Contraction,24.9,False,Downtrend,Below SMA20,25598.2,25538.8,8.55,50.85,N/A,2,Downside Breakdown,4.0,44.3,73.95
20443,12-01-2026 11:50,25491.0,25496.9,25483.9,25492.15,13.0,18.835,5.6322,10.25,29.1,0.6902,69.0%,20.365,0.08%,0.088,0.912,Bullish,Mild Contraction,19.3,False,Downtrend,Below SMA20,25551.5,25473.4,18.75,59.35,N/A,4,Upside Breakout,27.4,121.15,245.1
20454,12-01-2026 12:45,25723.35,25738.4,25710.6,25710.6,27.8,42.33,18.8446,11.6,67.9,0.6567,65.7%,37.8205,0.15%,0.459,0.541,Bearish,Mild Contraction,15.8,False,Uptrend,Above SMA20,25737.25,25491.25,219.35,26.65,N/A,9,Upside Breakout,9.25,37.5,47.3
20458,12-01-2026 13:05,25698.85,25720.55,25698.25,25717.1,22.3,39.495,16.0354,16.5,66.45,0.5646,56.5%,32.0903,0.12%,0.818,0.182,Bullish,Mild Contraction,28.1,False,Uptrend,Above SMA20,25738.4,25566.25,150.85,21.3,N/A,5,Upside Breakout,8.1,29.85,40.8
20461,12-01-2026 13:20,25705.45,25710.0,25694.6,25706.65,15.4,30.43,13.2779,16.5,57.75,0.5061,50.6%,27.7812,0.11%,0.078,0.922,Bullish,Moderate Contraction,36.7,False,Uptrend,Above SMA20,25738.4,25656.45,50.2,31.75,N/A,2,Upside Breakout,8.1,51.25,51.25
20466,12-01-2026 13:45,25730.55,25745.65,25730.45,25738.9,15.2,27.05,12.4397,15.4,57.35,0.5619,56.2%,27.9388,0.11%,0.549,0.451,Bullish,Strong Contraction,52.7,True,Uptrend,Above SMA20,25757.9,25673.1,65.8,19.0,N/A,7,Upside Breakout,8.55,23.8,34.25
20470,12-01-2026 14:05,25730.35,25743.3,25726.1,25741.7,17.2,25.34,12.3025,15.2,57.35,0.6788,67.9%,24.9744,0.1%,0.66,0.34,Bullish,Mild Contraction,20.6,False,Uptrend,Above SMA20,25757.9,25687.25,54.45,16.2,N/A,3,Upside Breakout,8.55,29.2,71.45
20478,12-01-2026 14:45,25760.35,25771.5,25755.2,25765.7,16.3,25.285,9.5862,16.1,43.0,0.6447,64.5%,25.3517,0.1%,0.328,0.672,Bullish,Mild Contraction,27.4,False,Uptrend,Above SMA20,25770.9,25704.65,61.05,5.2,N/A,1,Upside Breakout,24.1,47.45,134.1
20482,12-01-2026 15:05,25783.85,25791.15,25775.1,25785.2,16.05,27.405,9.1251,16.1,43.0,0.5857,58.6%,25.407,0.1%,0.084,0.916,Bullish,Moderate Contraction,32.8,False,Uptrend,Above SMA20,25813.15,25704.65,80.55,27.95,N/A,5,Upside Breakout,86.65,114.6,114.6
20485,12-01-2026 15:20,25785.7,25798.05,25782.6,25797.25,15.45,23.875,9.8925,12.0,43.0,0.6471,64.7%,21.3261,0.08%,0.748,0.252,Bullish,Mild Contraction,21.5,False,Uptrend,Above SMA20,25813.15,25704.65,92.6,15.9,N/A,2,Upside Breakout,86.65,102.55,102.55
20497,13-01-2026 10:05,25748.6,25767.2,25736.35,25760.65,30.85,46.885,15.2784,26.05,76.7,0.658,65.8%,39.3867,0.15%,0.391,0.609,Bullish,Mild Contraction,23.0,False,Downtrend,Below SMA20,25899.8,25700.85,59.8,139.15,N/A,,,,66.4,66.4
20504,13-01-2026 10:40,25774.05,25776.1,25750.2,25767.7,25.9,38.12,6.521,30.1,46.6,0.6794,67.9%,36.7331,0.14%,0.245,0.755,Bearish,Moderate Contraction,30.5,False,Uptrend,Above SMA20,25827.05,25700.85,66.85,59.35,N/A,,,,31.9,45.8
20510,13-01-2026 11:10,25795.45,25799.55,25778.85,25788.6,20.7,32.515,7.2305,25.9,46.15,0.6366,63.7%,30.8625,0.12%,0.331,0.669,Bearish,Moderate Contraction,31.8,False,Uptrend,Above SMA20,25827.05,25736.8,51.8,38.45,N/A,11,Downside Breakdown,5.2,30.7,49.55
20515,13-01-2026 11:35,25808.4,25819.3,25803.65,25810.35,15.65,25.01,3.9771,18.7,29.55,0.6257,62.6%,25.6842,0.1%,0.125,0.875,Bullish,Moderate Contraction,36.0,False,Uptrend,Above SMA20,25813.5,25754.95,55.4,3.15,N/A,1,Upside Breakout,3.0,71.3,106.5
20520,13-01-2026 12:00,25753.65,25754.0,25739.05,25741.75,14.95,22.975,6.6335,12.35,32.35,0.6507,65.1%,24.6464,0.1%,0.796,0.204,Bearish,Mild Contraction,24.0,False,Downtrend,Below SMA20,25819.3,25752.15,-10.4,77.55,N/A,1,Downside Breakdown,20.55,37.9,87.1
20527,13-01-2026 12:35,25708.8,25724.85,25708.8,25711.25,16.05,24.45,8.2093,11.8,33.0,0.6564,65.6%,24.5084,0.1%,0.153,0.847,Bullish,Mild Contraction,20.9,False,Downtrend,Below SMA20,25790.4,25703.85,7.4,79.15,N/A,1,Downside Breakdown,15.9,83.85,83.85
20531,13-01-2026 12:55,25665.15,25667.8,25650.85,25653.0,16.95,25.655,6.5696,11.8,33.0,0.6607,66.1%,24.9315,0.1%,0.717,0.283,Bearish,Mild Contraction,21.4,False,Downtrend,Below SMA20,25745.95,25654.65,-1.65,92.95,N/A,1,Downside Breakdown,27.25,25.6,28.2
20539,13-01-2026 13:35,25670.6,25681.2,25667.8,25672.65,13.4,23.845,4.2198,16.95,30.2,0.562,56.2%,22.358,0.09%,0.153,0.847,Bullish,Moderate Contraction,40.3,False,Downtrend,Below SMA20,25707.6,25627.4,45.25,34.95,N/A,7,Downside Breakdown,6.45,27.85,63.0
20543,13-01-2026 13:55,25671.55,25672.35,25658.95,25663.65,13.4,22.08,5.1721,13.4,32.2,0.6069,60.7%,21.401,0.08%,0.59,0.41,Bearish,Moderate Contraction,33.7,False,Uptrend,Below SMA20,25686.65,25630.7,32.95,23.0,N/A,3,Downside Breakdown,9.75,49.05,60.35
20549,13-01-2026 14:25,25614.9,25622.8,25609.65,25612.6,13.15,21.45,6.9615,13.2,32.2,0.6131,61.3%,21.4136,0.08%,0.175,0.825,Bearish,Moderate Contraction,30.9,False,Downtrend,Below SMA20,25686.65,25614.6,-2.0,74.05,N/A,1,Downside Breakdown,11.3,110.15,144.55
20558,13-01-2026 15:10,25746.15,25751.95,25733.65,25737.4,18.3,37.37,13.9476,13.15,59.6,0.4897,49.0%,32.9298,0.13%,0.478,0.522,Bearish,Moderate Contraction,34.6,False,Uptrend,Above SMA20,25757.15,25603.3,134.1,19.75,N/A,12,Upside Breakout,4.35,99.05,99.05
20565,14-01-2026 09:30,25737.7,25750.45,25722.2,25734.2,28.25,40.82,19.9872,18.3,81.0,0.6921,69.2%,38.6364,0.15%,0.124,0.876,Bearish,Moderate Contraction,34.8,True,Uptrend,Above SMA20,25757.15,25638.35,95.85,22.95,N/A,5,Upside Breakout,4.35,59.8,72.85
20571,14-01-2026 10:00,25729.6,25733.8,25710.15,25717.25,23.65,43.47,18.322,20.6,81.0,0.5441,54.4%,37.7833,0.15%,0.522,0.478,Bearish,Moderate Contraction,31.7,False,Uptrend,Below SMA20,25761.5,25638.35,78.9,44.25,N/A,17,Upside Breakout,12.9,55.9,55.9
20576,14-01-2026 10:25,25676.6,25689.6,25670.45,25688.9,19.15,31.855,12.385,15.75,55.35,0.6012,60.1%,30.4588,0.12%,0.642,0.358,Bullish,Mild Contraction,26.6,False,Downtrend,Below SMA20,25761.5,25661.35,27.55,72.6,N/A,12,Upside Breakout,12.9,30.0,62.2
20581,14-01-2026 10:50,25692.4,25705.35,25691.7,25703.65,13.65,27.635,9.0562,15.75,47.05,0.4939,49.4%,29.7469,0.12%,0.824,0.176,Bullish,Moderate Contraction,39.5,False,Downtrend,Above SMA20,25733.8,25661.35,42.3,30.15,N/A,2,Upside Breakout,2.2,47.45,73.7
20585,14-01-2026 11:10,25729.6,25737.75,25721.45,25726.25,16.3,27.135,9.0628,13.65,47.05,0.6007,60.1%,26.7964,0.1%,0.206,0.794,Bearish,Moderate Contraction,47.7,True,Uptrend,Above SMA20,25737.9,25661.35,64.9,11.65,N/A,1,Upside Breakout,13.2,49.55,65.5
20590,14-01-2026 11:35,25769.1,25771.5,25758.85,25767.4,12.65,26.05,8.6987,13.65,41.7,0.4856,48.6%,25.9509,0.1%,0.134,0.866,Bearish,Moderate Contraction,40.0,False,Uptrend,Above SMA20,25775.8,25662.0,105.4,8.4,N/A,1,Upside Breakout,1.55,24.35,32.9
20593,14-01-2026 11:50,25785.25,25785.25,25769.8,25776.5,15.45,23.875,8.634,12.65,41.7,0.6471,64.7%,23.655,0.09%,0.566,0.434,Bearish,Mild Contraction,22.9,False,Uptrend,Above SMA20,25786.05,25710.75,65.75,9.55,N/A,2,Upside Breakout,5.7,42.0,42.0
20599,14-01-2026 12:20,25766.75,25774.9,25764.15,25767.75,10.75,21.065,7.2526,12.2,32.25,0.5103,51.0%,22.0108,0.09%,0.093,0.907,Bullish,Moderate Contraction,37.9,False,Downtrend,Above SMA20,25791.75,25734.5,33.25,24.0,N/A,12,Downside Breakdown,17.55,16.25,31.7
20606,14-01-2026 12:55,25747.65,25753.45,25741.75,25749.2,11.7,20.22,7.199,10.75,32.25,0.5786,57.9%,18.549,0.07%,0.132,0.868,Bullish,Strong Contraction,50.8,True,Downtrend,Below SMA20,25788.25,25734.5,14.7,39.05,N/A,5,Downside Breakdown,17.55,32.25,98.25
20618,14-01-2026 13:55,25639.65,25645.45,25631.2,25635.95,14.25,22.77,7.8427,13.35,38.15,0.6258,62.6%,21.8087,0.09%,0.26,0.74,Bearish,Mild Contraction,27.8,False,Downtrend,Below SMA20,25761.5,25638.95,-3.0,125.55,N/A,1,Downside Breakdown,4.8,33.8,79.7
20629,14-01-2026 14:50,25697.2,25702.7,25689.15,25695.85,13.55,28.33,7.1129,19.45,39.25,0.4783,47.8%,26.1841,0.1%,0.1,0.9,Bearish,Moderate Contraction,43.1,False,Uptrend,Above SMA20,25715.65,25603.95,91.9,19.8,N/A,8,Upside Breakout,27.6,47.55,47.55
20634,14-01-2026 15:15,25652.85,25662.0,25648.3,25660.15,13.7,29.63,8.7493,13.55,39.25,0.4624,46.2%,26.7013,0.1%,0.533,0.467,Bullish,Moderate Contraction,42.5,False,Uptrend,Above SMA20,25715.65,25603.95,56.2,55.5,N/A,3,Upside Breakout,27.6,83.1,95.7
20644,16-01-2026 09:50,25743.05,25755.85,25737.35,25752.2,18.5,30.91,15.3472,13.7,64.85,0.5985,59.9%,30.1789,0.12%,0.495,0.505,Bullish,Mild Contraction,24.3,False,Uptrend,Above SMA20,25743.9,25648.3,103.9,-8.3,N/A,1,Upside Breakout,11.9,93.7,121.3
20647,16-01-2026 10:05,25760.95,25768.95,25749.15,25766.7,19.8,32.48,14.013,18.05,64.85,0.6096,61.0%,27.4153,0.11%,0.29,0.71,Bullish,Mild Contraction,27.3,False,Uptrend,Above SMA20,25765.55,25678.4,88.3,-1.15,N/A,1,Upside Breakout,23.95,98.95,106.8
20650,16-01-2026 10:20,25835.65,25854.65,25834.05,25848.05,20.6,30.745,13.9663,18.05,62.0,0.67,67.0%,30.2311,0.12%,0.602,0.398,Bullish,Mild Contraction,21.3,False,Uptrend,Above SMA20,25845.9,25683.8,164.25,-2.15,N/A,1,Upside Breakout,19.75,25.45,46.2
20656,16-01-2026 10:50,25855.65,25855.65,25837.85,25838.05,17.8,27.285,13.0609,18.05,62.0,0.6524,65.2%,25.811,0.1%,0.989,0.011,Bearish,Mild Contraction,26.4,False,Uptrend,Above SMA20,25873.5,25736.8,101.25,35.45,N/A,,,,36.8,40.9
20659,16-01-2026 11:05,25823.9,25837.05,25820.7,25828.8,16.35,25.315,13.739,17.6,62.0,0.6459,64.6%,22.8335,0.09%,0.3,0.7,Bullish,Mild Contraction,26.4,False,Downtrend,Above SMA20,25873.5,25783.9,44.9,44.7,N/A,8,Downside Breakdown,0.55,27.85,58.55
20663,16-01-2026 11:25,25805.7,25818.9,25805.55,25813.15,13.35,21.395,5.1483,16.35,33.75,0.624,62.4%,21.4669,0.08%,0.558,0.442,Bullish,Strong Contraction,52.2,True,Downtrend,Below SMA20,25873.5,25800.95,12.2,60.35,N/A,2,Downside Breakdown,3.8,29.8,42.9
20666,16-01-2026 11:40,25801.55,25810.55,25797.4,25798.45,13.15,19.725,4.7305,13.35,29.4,0.6667,66.7%,20.6883,0.08%,0.236,0.764,Bearish,Mild Contraction,28.9,False,Downtrend,Below SMA20,25855.65,25797.15,1.3,57.2,N/A,1,Downside Breakdown,13.8,28.2,60.65
20674,16-01-2026 12:20,25814.1,25818.75,25806.2,25810.85,12.55,19.545,5.3005,13.15,29.4,0.6421,64.2%,18.9087,0.07%,0.259,0.741,Bearish,Moderate Contraction,49.9,True,Uptrend,Below SMA20,25830.65,25770.25,40.6,19.8,N/A,1,Downside Breakdown,25.35,73.05,106.75
20678,16-01-2026 12:40,25767.1,25771.25,25758.8,25759.55,12.45,25.46,16.0984,12.55,68.05,0.489,48.9%,23.951,0.09%,0.606,0.394,Bearish,Strong Contraction,56.1,True,Downtrend,Below SMA20,25829.2,25737.8,21.75,69.65,N/A,4,Downside Breakdown,18.35,40.35,97.15
20683,16-01-2026 13:05,25726.55,25730.95,25719.2,25728.15,11.75,25.975,16.5697,12.45,68.05,0.4524,45.2%,22.5254,0.09%,0.136,0.864,Bullish,Moderate Contraction,38.4,False,Downtrend,Below SMA20,25829.2,25719.45,8.7,101.05,N/A,1,Downside Breakdown,15.35,65.75,65.75
20693,16-01-2026 13:55,25687.2,25693.8,25679.95,25683.7,13.85,24.915,8.9227,11.75,40.1,0.5559,55.6%,24.2935,0.09%,0.253,0.747,Bearish,Moderate Contraction,31.2,False,Downtrend,Below SMA20,25730.95,25662.4,21.3,47.25,N/A,19,Downside Breakdown,134.1,22.1,36.75
20697,16-01-2026 14:15,25687.65,25688.6,25671.7,25687.4,16.9,25.48,9.2619,13.85,40.1,0.6633,66.3%,23.3705,0.09%,0.015,0.985,Bearish,Mild Contraction,21.5,False,Downtrend,Below SMA20,25719.75,25662.4,25.0,32.35,N/A,5,Upside Breakout,0.7,33.05,33.05
20706,16-01-2026 15:00,25701.9,25709.05,25693.55,25697.3,15.5,23.125,4.2287,16.9,28.9,0.6703,67.0%,21.8102,0.08%,0.297,0.703,Bearish,Moderate Contraction,30.7,False,Uptrend,Above SMA20,25720.45,25669.8,27.5,23.15,N/A,6,Downside Breakdown,141.5,15.7,169.0
20710,16-01-2026 15:20,25695.55,25705.7,25694.3,25700.0,11.4,19.145,5.2007,12.3,28.9,0.5955,59.5%,18.1619,0.07%,0.39,0.61,Bullish,Moderate Contraction,33.4,False,Downtrend,Above SMA20,25720.45,25680.7,19.3,20.45,N/A,2,Downside Breakdown,152.4,171.7,171.7
20717,19-01-2026 09:40,25555.6,25570.0,25547.75,25565.6,22.25,35.365,35.1375,11.4,125.0,0.6292,62.9%,37.3065,0.15%,0.449,0.551,Bullish,Mild Contraction,16.9,False,Downtrend,Below SMA20,25710.75,25528.3,37.3,145.15,N/A,4,Downside Breakdown,21.1,60.75,69.35
20720,19-01-2026 09:55,25547.05,25559.55,25540.15,25543.45,19.4,39.32,33.3202,11.4,125.0,0.4934,49.3%,33.4146,0.13%,0.186,0.814,Bearish,Mild Contraction,29.1,False,Downtrend,Below SMA20,25710.75,25528.3,15.15,167.3,N/A,1,Downside Breakdown,21.1,38.6,49.1
20723,19-01-2026 10:10,25531.7,25539.1,25518.3,25527.9,20.8,32.055,12.8169,19.4,59.95,0.6489,64.9%,31.4949,0.12%,0.183,0.817,Bearish,Mild Contraction,25.1,False,Downtrend,Below SMA20,25597.65,25504.85,23.05,69.75,N/A,3,Downside Breakdown,8.6,31.65,36.3
20728,19-01-2026 10:35,25509.25,25517.8,25500.0,25503.8,17.8,26.845,9.8765,13.3,44.5,0.6631,66.3%,28.008,0.11%,0.306,0.694,Bearish,Mild Contraction,20.0,False,Downtrend,Below SMA20,25585.0,25496.25,7.55,81.2,N/A,1,Downside Breakdown,1.9,60.4,60.4
20731,19-01-2026 10:50,25515.0,25523.75,25512.3,25519.65,11.45,24.73,9.6031,13.3,44.5,0.463,46.3%,23.9539,0.09%,0.406,0.594,Bullish,Moderate Contraction,40.5,False,Uptrend,Below SMA20,25547.6,25494.35,25.3,27.95,N/A,1,Upside Breakout,1.85,44.55,44.55
20738,19-01-2026 11:25,25518.5,25524.3,25510.75,25521.9,13.55,20.26,5.8563,11.45,30.25,0.6688,66.9%,21.4228,0.08%,0.251,0.749,Bullish,Mild Contraction,22.7,False,Uptrend,Below SMA20,25564.2,25494.35,27.55,42.3,N/A,20,Upside Breakout,1.05,28.0,34.35
20742,19-01-2026 11:45,25546.05,25546.95,25534.4,25542.45,12.55,19.315,6.0289,9.95,30.25,0.6498,65.0%,18.4693,0.07%,0.287,0.713,Bearish,Mild Contraction,22.9,False,Downtrend,Above SMA20,25564.2,25508.7,33.75,21.75,N/A,16,Upside Breakout,1.05,29.7,29.7
20746,19-01-2026 12:05,25520.3,25523.95,25514.1,25515.35,9.85,16.685,4.257,9.95,22.7,0.5904,59.0%,17.4333,0.07%,0.503,0.497,Bearish,Moderate Contraction,34.3,False,Downtrend,Below SMA20,25549.9,25508.7,6.65,34.55,N/A,2,Upside Breakout,6.35,40.9,40.9
20751,19-01-2026 12:30,25528.1,25531.4,25522.7,25526.2,8.7,17.68,5.1424,9.85,25.15,0.4921,49.2%,17.4157,0.07%,0.218,0.782,Bearish,Strong Contraction,60.6,True,Downtrend,Below SMA20,25556.25,25512.75,13.45,30.05,N/A,2,Downside Breakdown,1.3,29.1,39.05
20757,19-01-2026 13:00,25553.05,25554.15,25545.55,25553.25,8.6,18.725,6.7801,8.7,31.0,0.4593,45.9%,17.1299,0.07%,0.023,0.977,Bullish,Moderate Contraction,41.2,False,Uptrend,Above SMA20,25556.25,25510.65,42.6,3.0,N/A,1,Upside Breakout,9.0,30.9,51.65
20762,19-01-2026 13:25,25533.05,25533.8,25522.35,25529.95,11.45,18.22,8.4921,8.6,35.15,0.6284,62.8%,17.1306,0.07%,0.271,0.729,Bearish,Mild Contraction,22.2,False,Uptrend,Below SMA20,25565.25,25510.65,19.3,35.3,N/A,4,Upside Breakout,10.8,74.95,100.7
20773,19-01-2026 14:20,25609.85,25615.35,25604.4,25608.3,10.95,24.19,7.3677,14.75,35.9,0.4527,45.3%,21.3206,0.08%,0.142,0.858,Bearish,Moderate Contraction,43.1,False,Uptrend,Above SMA20,25630.65,25529.45,78.85,22.35,N/A,6,Upside Breakout,5.6,19.5,28.0
20777,19-01-2026 14:40,25615.45,25621.7,25606.85,25614.9,14.85,21.285,7.5549,10.95,35.9,0.6977,69.8%,19.4322,0.08%,0.037,0.963,Bearish,Mild Contraction,16.8,False,Uptrend,Above SMA20,25630.65,25574.8,40.1,15.75,N/A,2,Upside Breakout,5.6,21.4,86.5
20796,20-01-2026 10:00,25458.7,25476.05,25452.7,25469.9,23.35,36.82,11.3296,19.3,56.6,0.6342,63.4%,30.8163,0.12%,0.48,0.52,Bullish,Mild Contraction,25.1,False,Downtrend,Below SMA20,25585.0,25432.6,37.3,115.1,N/A,,,,30.55,34.1
20800,20-01-2026 10:20,25486.55,25500.45,25479.05,25483.8,21.4,31.34,7.1147,22.85,42.0,0.6828,68.3%,28.9108,0.11%,0.129,0.871,Bearish,Mild Contraction,28.0,False,Downtrend,Below SMA20,25517.75,25432.6,51.2,33.95,N/A,,,,20.2,37.55
20805,20-01-2026 10:45,25483.45,25491.85,25477.95,25481.65,13.9,24.78,6.5282,16.35,34.65,0.5609,56.1%,24.1586,0.09%,0.129,0.871,Bearish,Moderate Contraction,36.3,False,Uptrend,Below SMA20,25504.0,25432.6,49.05,22.35,N/A,16,Downside Breakdown,0.95,35.4,37.8
20809,20-01-2026 11:05,25459.35,25459.35,25447.85,25450.45,11.5,20.62,7.0134,13.9,34.65,0.5577,55.8%,20.2686,0.08%,0.774,0.226,Bearish,Moderate Contraction,34.6,False,Downtrend,Below SMA20,25504.0,25451.25,-0.8,53.55,N/A,1,Downside Breakdown,5.0,21.65,42.05
20822,20-01-2026 12:10,25435.25,25439.65,25427.25,25437.35,12.4,18.28,4.8802,11.65,24.8,0.6783,67.8%,18.5555,0.07%,0.169,0.831,Bullish,Mild Contraction,25.0,False,Downtrend,Below SMA20,25492.5,25431.65,5.7,55.15,N/A,1,Downside Breakdown,1.75,16.8,32.25
20826,20-01-2026 12:30,25433.95,25435.3,25425.05,25426.7,10.25,17.79,4.9624,11.65,24.8,0.5762,57.6%,17.013,0.07%,0.707,0.293,Bearish,Moderate Contraction,34.7,False,Downtrend,Below SMA20,25492.5,25420.55,6.15,65.8,N/A,2,Downside Breakdown,11.55,21.6,21.6
20853,20-01-2026 14:45,25344.65,25355.25,25341.0,25346.55,14.25,23.66,8.5601,14.35,39.65,0.6023,60.2%,21.1869,0.08%,0.133,0.867,Bullish,Moderate Contraction,31.1,False,Downtrend,Below SMA20,25394.1,25332.95,13.6,47.55,N/A,1,Downside Breakdown,6.6,132.7,216.4
20867,21-01-2026 09:40,25188.6,25223.75,25187.9,25199.45,35.85,57.345,34.7348,22.1,147.6,0.6252,62.5%,50.1396,0.2%,0.303,0.697,Bullish,Mild Contraction,19.6,False,Downtrend,Below SMA20,25289.95,25130.15,69.3,90.5,N/A,8,Downside Breakdown,24.9,55.85,114.25
20871,21-01-2026 10:00,25158.95,25170.7,25143.6,25159.55,27.1,59.395,32.2052,35.85,147.6,0.4563,45.6%,45.1312,0.18%,0.022,0.978,Bullish,Moderate Contraction,38.9,False,Downtrend,Below SMA20,25277.75,25130.15,29.4,118.2,N/A,4,Downside Breakdown,24.9,67.35,191.95
20874,21-01-2026 10:15,25153.8,25159.1,25136.3,25144.45,22.8,42.805,11.624,26.85,63.1,0.5326,53.3%,39.8455,0.16%,0.41,0.59,Bearish,Moderate Contraction,38.2,False,Downtrend,Below SMA20,25254.6,25137.95,6.5,110.15,N/A,1,Downside Breakdown,32.7,118.25,224.65
20877,21-01-2026 10:30,25096.75,25102.5,25085.2,25095.9,17.3,36.05,9.4273,22.8,49.15,0.4799,48.0%,36.4071,0.15%,0.049,0.951,Bearish,Moderate Contraction,42.5,False,Downtrend,Below SMA20,25223.75,25092.2,3.7,127.85,N/A,1,Downside Breakdown,14.1,176.1,176.1
20883,21-01-2026 11:00,24991.8,25009.45,24982.3,24994.55,27.15,40.2,21.7528,17.3,86.8,0.6754,67.5%,42.2329,0.17%,0.101,0.899,Bullish,Mild Contraction,15.8,False,Downtrend,Below SMA20,25178.95,24919.8,74.75,184.4,N/A,16,Upside Breakout,8.95,82.65,85.7
20887,21-01-2026 11:20,25076.35,25077.15,25047.6,25059.0,29.55,42.615,22.6903,17.3,86.8,0.6934,69.3%,41.8412,0.17%,0.587,0.413,Bearish,Mild Contraction,13.6,False,Downtrend,Below SMA20,25102.5,24919.8,139.2,43.5,N/A,8,Upside Breakout,21.6,34.55,77.15
20890,21-01-2026 11:35,25043.95,25061.55,25036.95,25043.35,24.6,44.04,19.8077,24.45,86.8,0.5586,55.9%,39.5297,0.16%,0.024,0.976,Bearish,Moderate Contraction,32.8,False,Uptrend,Below SMA20,25077.2,24919.8,123.55,33.85,N/A,3,Upside Breakout,3.05,80.75,144.55
20894,21-01-2026 11:55,25061.35,25070.45,25048.75,25069.85,21.7,34.665,14.2554,15.9,66.55,0.626,62.6%,32.7554,0.13%,0.392,0.608,Bullish,Mild Contraction,22.6,False,Uptrend,Above SMA20,25080.25,24975.0,94.85,10.4,N/A,1,Upside Breakout,43.85,118.05,215.85
20903,21-01-2026 12:40,25229.05,25245.85,25218.35,25226.7,27.5,43.145,15.7663,21.7,68.1,0.6374,63.7%,41.6349,0.17%,0.085,0.915,Bearish,Moderate Contraction,43.1,True,Uptrend,Above SMA20,25232.95,25047.65,179.05,6.25,N/A,1,Upside Breakout,52.75,74.25,74.25
20907,21-01-2026 13:00,25279.1,25300.95,25273.75,25287.15,27.2,44.295,14.3586,27.5,68.1,0.6141,61.4%,39.1629,0.15%,0.296,0.704,Bullish,Strong Contraction,50.9,True,Uptrend,Above SMA20,25294.4,25106.45,180.7,7.25,N/A,,,,91.1,126.55
20912,21-01-2026 13:25,25212.4,25218.75,25200.75,25210.4,18.0,36.46,10.5882,27.2,60.6,0.4937,49.4%,34.424,0.14%,0.111,0.889,Bearish,Strong Contraction,60.5,True,Downtrend,Above SMA20,25300.95,25183.6,26.8,90.55,N/A,1,Downside Breakdown,6.55,49.8,80.6
20916,21-01-2026 13:45,25195.15,25208.9,25184.3,25195.7,24.6,35.775,12.0231,18.0,64.0,0.6876,68.8%,37.3131,0.15%,0.022,0.978,Bullish,Mild Contraction,17.9,False,Downtrend,Below SMA20,25300.95,25173.35,22.35,105.25,N/A,1,Downside Breakdown,12.75,62.85,75.85
20919,21-01-2026 14:00,25151.1,25158.85,25136.35,25148.25,22.5,35.24,13.0939,18.0,64.0,0.6385,63.8%,33.8788,0.13%,0.127,0.873,Bearish,Mild Contraction,23.2,False,Downtrend,Below SMA20,25259.4,25148.45,-0.2,111.15,N/A,1,Downside Breakdown,5.85,53.8,53.8
20926,21-01-2026 14:35,25163.0,25163.75,25140.8,25155.0,22.95,34.67,17.3018,17.7,72.25,0.662,66.2%,36.0757,0.14%,0.349,0.651,Bearish,Mild Contraction,19.4,False,Downtrend,Below SMA20,25208.9,25119.85,35.15,53.9,N/A,11,Upside Breakout,146.7,22.8,27.5
20929,21-01-2026 14:50,25155.55,25164.05,25143.15,25153.95,20.9,32.66,17.9022,15.8,72.25,0.6399,64.0%,30.9205,0.12%,0.077,0.923,Bearish,Mild Contraction,20.7,False,Uptrend,Below SMA20,25202.05,25119.85,34.1,48.1,N/A,8,Upside Breakout,153.55,28.55,241.8
20934,21-01-2026 15:15,25155.2,25162.2,25145.85,25159.9,16.35,28.065,9.9198,15.8,46.55,0.5826,58.3%,27.9093,0.11%,0.287,0.713,Bullish,Strong Contraction,51.7,True,Uptrend,Above SMA20,25182.5,25119.85,40.05,22.6,N/A,3,Upside Breakout,173.1,235.85,275.85
20947,22-01-2026 10:05,25374.95,25388.25,25364.85,25366.15,23.4,39.7,13.0637,23.0,65.75,0.5894,58.9%,38.4789,0.15%,0.376,0.624,Bearish,Moderate Contraction,32.1,False,Uptrend,Above SMA20,25435.75,25302.45,63.7,69.6,N/A,4,Downside Breakdown,12.25,120.9,144.45
20954,22-01-2026 10:40,25287.85,25301.2,25284.65,25295.35,16.55,42.38,14.7294,23.4,69.15,0.3905,39.1%,40.8579,0.16%,0.453,0.547,Bullish,Moderate Contraction,46.5,False,Downtrend,Below SMA20,25435.75,25245.25,50.1,140.4,N/A,3,Downside Breakdown,23.55,88.4,93.45
20959,22-01-2026 11:05,25230.45,25231.5,25206.95,25224.6,24.55,39.995,17.871,16.55,69.15,0.6138,61.4%,36.2836,0.14%,0.238,0.762,Bearish,Mild Contraction,22.4,False,Downtrend,Below SMA20,25388.55,25216.8,7.8,163.95,N/A,1,Downside Breakdown,14.9,55.95,55.95
20993,22-01-2026 13:55,25232.85,25241.1,25221.95,25229.15,19.15,29.015,8.3782,21.65,46.45,0.66,66.0%,28.6149,0.11%,0.193,0.807,Bearish,Mild Contraction,28.2,False,Uptrend,Above SMA20,25239.6,25169.4,59.75,10.45,N/A,1,Upside Breakout,5.4,60.65,60.65
20997,22-01-2026 14:15,25178.8,25188.7,25168.5,25179.15,20.2,30.18,8.6194,19.15,46.45,0.6693,66.9%,28.1406,0.11%,0.017,0.983,Bullish,Mild Contraction,25.6,False,Uptrend,Below SMA20,25245.0,25169.4,9.75,65.85,N/A,,,,28.35,28.35
