Datetime,Adj Close,Close,High,Low,Open,Volume
2026-06-11 03:45:00+00:00,23104.5,23104.5,23123.349609375,23084.150390625,23101.349609375,0
2026-06-11 03:46:00+00:00,23079.69921875,23079.69921875,23104.400390625,23078.650390625,23104.400390625,0
2026-06-11 03:47:00+00:00,23088.25,23088.25,23089.099609375,23072.400390625,23082.30078125,0
2026-06-11 03:48:00+00:00,23096.44921875,23096.44921875,23108.30078125,23089.150390625,23092.900390625,0
2026-06-11 03:49:00+00:00,23112.650390625,23112.650390625,23115.69921875,23097.05078125,23100.099609375,0
2026-06-11 03:50:00+00:00,23126.900390625,23126.900390625,23129.599609375,23107.05078125,23115.849609375,0
2026-06-11 03:51:00+00:00,23141.099609375,23141.099609375,23144.5,23125.849609375,23128.599609375,0
2026-06-11 03:52:00+00:00,23141.30078125,23141.30078125,23147.349609375,23132.30078125,23142.44921875,0
2026-06-11 03:53:00+00:00,23133.599609375,23133.599609375,23145.599609375,23131.75,23142.900390625,0
2026-06-11 03:54:00+00:00,23114.900390625,23114.900390625,23137.150390625,23112.75,23135.25,0
2026-06-11 03:55:00+00:00,23106.150390625,23106.150390625,23116.80078125,23106.0,23116.80078125,0
2026-06-11 03:56:00+00:00,23105.599609375,23105.599609375,23110.69921875,23101.30078125,23109.0,0
2026-06-11 03:57:00+00:00,23099.349609375,23099.349609375,23110.30078125,23092.80078125,23107.5,0
2026-06-11 03:58:00+00:00,23115.94921875,23115.94921875,23116.94921875,23100.099609375,23101.44921875,0
2026-06-11 03:59:00+00:00,23119.349609375,23119.349609375,23126.400390625,23111.75,23117.599609375,0
2026-06-11 04:00:00+00:00,23108.05078125,23108.05078125,23123.55078125,23106.75,23121.900390625,0
2026-06-11 04:01:00+00:00,23112.80078125,23112.80078125,23113.19921875,23100.94921875,23110.349609375,0
2026-06-11 04:02:00+00:00,23113.05078125,23113.05078125,23124.5,23113.05078125,23116.900390625,0
2026-06-11 04:03:00+00:00,23099.55078125,23099.55078125,23113.94921875,23099.05078125,23113.94921875,0
2026-06-11 04:04:00+00:00,23108.44921875,23108.44921875,23109.849609375,23098.650390625,23101.599609375,0
2026-06-11 04:05:00+00:00,23093.150390625,23093.150390625,23109.650390625,23093.150390625,23109.650390625,0
2026-06-11 04:06:00+00:00,23109.349609375,23109.349609375,23110.05078125,23094.05078125,23096.94921875,0
2026-06-11 04:07:00+00:00,23116.55078125,23116.55078125,23120.400390625,23109.30078125,23112.349609375,0
2026-06-11 04:08:00+00:00,23128.0,23128.0,23132.69921875,23115.150390625,23119.349609375,0
2026-06-11 04:09:00+00:00,23132.349609375,23132.349609375,23136.650390625,23127.349609375,23129.94921875,0
2026-06-11 04:10:00+00:00,23118.0,23118.0,23134.80078125,23118.0,23134.80078125,0
2026-06-11 04:11:00+00:00,23118.55078125,23118.55078125,23123.0,23114.75,23119.75,0
2026-06-11 04:12:00+00:00,23117.05078125,23117.05078125,23123.05078125,23113.400390625,23120.349609375,0
2026-06-11 04:13:00+00:00,23139.900390625,23139.900390625,23141.55078125,23117.5,23120.0,0
2026-06-11 04:14:00+00:00,23143.599609375,23143.599609375,23147.80078125,23139.69921875,23141.30078125,0
2026-06-11 04:15:00+00:00,23144.30078125,23144.30078125,23148.599609375,23136.55078125,23144.25,0
2026-06-11 04:16:00+00:00,23152.5,23152.5,23152.900390625,23141.94921875,23145.650390625,0
2026-06-11 04:17:00+00:00,23147.69921875,23147.69921875,23155.05078125,23146.900390625,23154.44921875,0
2026-06-11 04:18:00+00:00,23139.69921875,23139.69921875,23150.099609375,23139.69921875,23149.69921875,0
2026-06-11 04:19:00+00:00,23151.75,23151.75,23153.5,23140.30078125,23141.5,0
2026-06-11 04:20:00+00:00,23163.0,23163.0,23164.05078125,23142.25,23153.30078125,0
2026-06-11 04:21:00+00:00,23165.69921875,23165.69921875,23168.05078125,23158.349609375,23162.900390625,0
2026-06-11 04:22:00+00:00,23168.599609375,23168.599609375,23171.400390625,23161.599609375,23167.5,0
2026-06-11 04:23:00+00:00,23170.099609375,23170.099609375,23172.55078125,23165.55078125,23170.80078125,0
2026-06-11 04:24:00+00:00,23150.650390625,23150.650390625,23172.849609375,23149.099609375,23172.30078125,0
2026-06-11 04:25:00+00:00,23139.30078125,23139.30078125,23153.30078125,23137.25,23152.349609375,0
2026-06-11 04:26:00+00:00,23138.400390625,23138.400390625,23149.55078125,23137.650390625,23141.849609375,0
2026-06-11 04:27:00+00:00,23128.44921875,23128.44921875,23140.5,23127.69921875,23140.5,0
2026-06-11 04:28:00+00:00,23114.69921875,23114.69921875,23131.150390625,23113.69921875,23131.150390625,0
2026-06-11 04:29:00+00:00,23115.69921875,23115.69921875,23123.150390625,23112.599609375,23115.94921875,0
2026-06-11 04:30:00+00:00,23128.25,23128.25,23130.849609375,23114.94921875,23117.599609375,0
2026-06-11 04:31:00+00:00,23130.5,23130.5,23136.0,23129.25,23130.19921875,0
2026-06-11 04:32:00+00:00,23122.900390625,23122.900390625,23132.5,23121.349609375,23132.5,0
2026-06-11 04:33:00+00:00,23119.25,23119.25,23130.80078125,23115.849609375,23126.05078125,0
2026-06-11 04:34:00+00:00,23108.55078125,23108.55078125,23121.099609375,23108.44921875,23120.849609375,0
2026-06-11 04:35:00+00:00,23110.0,23110.0,23112.25,23102.849609375,23111.19921875,0
2026-06-11 04:36:00+00:00,23135.599609375,23135.599609375,23138.80078125,23110.099609375,23112.05078125,0
2026-06-11 04:37:00+00:00,23146.599609375,23146.599609375,23147.05078125,23132.150390625,23137.30078125,0
2026-06-11 04:38:00+00:00,23153.94921875,23153.94921875,23156.19921875,23144.19921875,23147.80078125,0
2026-06-11 04:39:00+00:00,23155.0,23155.0,23159.400390625,23153.5,23156.900390625,0
2026-06-11 04:40:00+00:00,23155.80078125,23155.80078125,23159.900390625,23151.94921875,23156.94921875,0
2026-06-11 04:41:00+00:00,23161.44921875,23161.44921875,23164.5,23154.94921875,23158.30078125,0
2026-06-11 04:42:00+00:00,23154.69921875,23154.69921875,23163.0,23153.80078125,23163.0,0
2026-06-11 04:43:00+00:00,23157.55078125,23157.55078125,23160.30078125,23153.5,23156.650390625,0
2026-06-11 04:44:00+00:00,23145.5,23145.5,23161.25,23144.150390625,23159.75,0
2026-06-11 04:45:00+00:00,23156.44921875,23156.44921875,23158.099609375,23144.69921875,23147.5,0
2026-06-11 04:46:00+00:00,23162.349609375,23162.349609375,23165.80078125,23156.69921875,23157.900390625,0
2026-06-11 04:47:00+00:00,23167.349609375,23167.349609375,23167.900390625,23160.900390625,23164.94921875,0
2026-06-11 04:48:00+00:00,23170.80078125,23170.80078125,23172.599609375,23162.55078125,23169.150390625,0
2026-06-11 04:49:00+00:00,23180.69921875,23180.69921875,23181.25,23171.44921875,23173.0,0
2026-06-11 04:50:00+00:00,23190.25,23190.25,23191.0,23181.05078125,23183.150390625,0
2026-06-11 04:51:00+00:00,23181.05078125,23181.05078125,23191.5,23179.94921875,23191.5,0
2026-06-11 04:52:00+00:00,23176.80078125,23176.80078125,23184.19921875,23176.400390625,23182.150390625,0
2026-06-11 04:53:00+00:00,23178.849609375,23178.849609375,23184.30078125,23177.599609375,23179.900390625,0
2026-06-11 04:54:00+00:00,23176.900390625,23176.900390625,23182.5,23174.69921875,23181.55078125,0
2026-06-11 04:55:00+00:00,23177.349609375,23177.349609375,23179.75,23175.0,23179.75,0
2026-06-11 04:56:00+00:00,23191.650390625,23191.650390625,23191.94921875,23177.44921875,23179.349609375,0
2026-06-11 04:57:00+00:00,23204.94921875,23204.94921875,23206.5,23190.349609375,23193.150390625,0
2026-06-11 04:58:00+00:00,23196.80078125,23196.80078125,23207.599609375,23194.19921875,23207.599609375,0
2026-06-11 04:59:00+00:00,23199.5,23199.5,23201.5,23197.30078125,23199.400390625,0
2026-06-11 05:00:00+00:00,23187.150390625,23187.150390625,23205.0,23185.150390625,23201.099609375,0
2026-06-11 05:01:00+00:00,23196.849609375,23196.849609375,23198.0,23185.94921875,23188.900390625,0
2026-06-11 05:02:00+00:00,23202.94921875,23202.94921875,23204.599609375,23193.650390625,23199.150390625,0
2026-06-11 05:03:00+00:00,23196.150390625,23196.150390625,23204.0,23193.25,23204.0,0
2026-06-11 05:04:00+00:00,23198.44921875,23198.44921875,23200.099609375,23195.44921875,23198.94921875,0
2026-06-11 05:05:00+00:00,23199.75,23199.75,23205.400390625,23198.5,23200.80078125,0
2026-06-11 05:06:00+00:00,23193.75,23193.75,23201.400390625,23190.05078125,23201.400390625,0
2026-06-11 05:07:00+00:00,23189.25,23189.25,23197.599609375,23189.25,23196.19921875,0
2026-06-11 05:08:00+00:00,23196.80078125,23196.80078125,23198.0,23190.5,23191.900390625,0
2026-06-11 05:09:00+00:00,23204.349609375,23204.349609375,23207.30078125,23198.099609375,23199.099609375,0
2026-06-11 05:10:00+00:00,23209.400390625,23209.400390625,23212.400390625,23203.19921875,23207.44921875,0
2026-06-11 05:11:00+00:00,23201.55078125,23201.55078125,23213.44921875,23200.75,23212.400390625,0
2026-06-11 05:12:00+00:00,23203.69921875,23203.69921875,23203.900390625,23197.25,23203.44921875,0
2026-06-11 05:13:00+00:00,23200.650390625,23200.650390625,23207.94921875,23199.650390625,23205.849609375,0
2026-06-11 05:14:00+00:00,23203.19921875,23203.19921875,23206.099609375,23195.25,23202.099609375,0
2026-06-11 05:15:00+00:00,23202.349609375,23202.349609375,23204.849609375,23195.349609375,23204.849609375,0
2026-06-11 05:16:00+00:00,23204.400390625,23204.400390625,23209.30078125,23201.650390625,23204.599609375,0
2026-06-11 05:17:00+00:00,23208.05078125,23208.05078125,23209.150390625,23201.099609375,23206.05078125,0
2026-06-11 05:18:00+00:00,23204.349609375,23204.349609375,23211.849609375,23200.25,23210.349609375,0
2026-06-11 05:19:00+00:00,23192.55078125,23192.55078125,23205.69921875,23192.55078125,23205.69921875,0
2026-06-11 05:20:00+00:00,23184.44921875,23184.44921875,23193.69921875,23182.400390625,23193.69921875,0
2026-06-11 05:21:00+00:00,23187.25,23187.25,23193.80078125,23183.599609375,23186.25,0
2026-06-11 05:22:00+00:00,23186.5,23186.5,23192.400390625,23186.05078125,23190.0,0
2026-06-11 05:23:00+00:00,23172.849609375,23172.849609375,23188.05078125,23172.849609375,23188.05078125,0
2026-06-11 05:24:00+00:00,23172.5,23172.5,23176.400390625,23168.25,23174.900390625,0
2026-06-11 05:25:00+00:00,23171.05078125,23171.05078125,23174.69921875,23167.19921875,23174.69921875,0
2026-06-11 05:26:00+00:00,23178.400390625,23178.400390625,23181.099609375,23169.80078125,23173.19921875,0
2026-06-11 05:27:00+00:00,23174.69921875,23174.69921875,23180.599609375,23173.5,23179.349609375,0
2026-06-11 05:28:00+00:00,23174.30078125,23174.30078125,23178.30078125,23173.150390625,23177.30078125,0
2026-06-11 05:29:00+00:00,23174.55078125,23174.55078125,23175.650390625,23168.44921875,23175.650390625,0
2026-06-11 05:30:00+00:00,23168.650390625,23168.650390625,23177.19921875,23166.900390625,23176.55078125,0
2026-06-11 05:31:00+00:00,23164.69921875,23164.69921875,23171.650390625,23164.0,23169.44921875,0
2026-06-11 05:32:00+00:00,23166.0,23166.0,23168.900390625,23163.05078125,23167.150390625,0
2026-06-11 05:33:00+00:00,23178.599609375,23178.599609375,23178.650390625,23162.5,23167.900390625,0
2026-06-11 05:34:00+00:00,23179.25,23179.25,23184.44921875,23177.400390625,23180.44921875,0
2026-06-11 05:35:00+00:00,23198.650390625,23198.650390625,23198.650390625,23180.099609375,23181.599609375,0
2026-06-11 05:36:00+00:00,23201.400390625,23201.400390625,23204.05078125,23192.69921875,23199.80078125,0
2026-06-11 05:37:00+00:00,23188.30078125,23188.30078125,23205.0,23187.5,23204.19921875,0
2026-06-11 05:38:00+00:00,23192.75,23192.75,23196.400390625,23183.80078125,23190.05078125,0
2026-06-11 05:39:00+00:00,23191.94921875,23191.94921875,23194.80078125,23182.599609375,23194.80078125,0
2026-06-11 05:40:00+00:00,23188.599609375,23188.599609375,23193.55078125,23184.80078125,23193.55078125,0
2026-06-11 05:41:00+00:00,23189.19921875,23189.19921875,23193.849609375,23186.900390625,23191.5,0
2026-06-11 05:42:00+00:00,23185.400390625,23185.400390625,23190.69921875,23183.099609375,23190.69921875,0
2026-06-11 05:43:00+00:00,23183.849609375,23183.849609375,23187.94921875,23182.94921875,23187.0,0
2026-06-11 05:44:00+00:00,23181.650390625,23181.650390625,23187.94921875,23181.0,23185.25,0
2026-06-11 05:45:00+00:00,23186.19921875,23186.19921875,23188.69921875,23181.55078125,23183.19921875,0
2026-06-11 05:46:00+00:00,23187.650390625,23187.650390625,23188.75,23183.69921875,23188.25,0
2026-06-11 05:47:00+00:00,23192.19921875,23192.19921875,23194.94921875,23185.099609375,23189.44921875,0
2026-06-11 05:48:00+00:00,23202.75,23202.75,23202.94921875,23189.94921875,23193.900390625,0
2026-06-11 05:49:00+00:00,23201.30078125,23201.30078125,23208.55078125,23199.69921875,23205.150390625,0
2026-06-11 05:50:00+00:00,23209.349609375,23209.349609375,23210.400390625,23199.349609375,23203.44921875,0
2026-06-11 05:51:00+00:00,23216.55078125,23216.55078125,23218.0,23209.900390625,23212.55078125,0
2026-06-11 05:52:00+00:00,23213.650390625,23213.650390625,23220.30078125,23211.69921875,23220.30078125,0
2026-06-11 05:53:00+00:00,23210.94921875,23210.94921875,23217.849609375,23210.25,23214.099609375,0
2026-06-11 05:54:00+00:00,23217.25,23217.25,23217.25,23207.80078125,23213.05078125,0
2026-06-11 05:55:00+00:00,23215.80078125,23215.80078125,23219.849609375,23214.25,23218.5,0
2026-06-11 05:56:00+00:00,23226.80078125,23226.80078125,23226.80078125,23215.849609375,23218.400390625,0
2026-06-11 05:57:00+00:00,23231.25,23231.25,23235.19921875,23228.349609375,23228.5,0
2026-06-11 05:58:00+00:00,23235.19921875,23235.19921875,23236.44921875,23230.19921875,23234.099609375,0
2026-06-11 05:59:00+00:00,23235.44921875,23235.44921875,23236.099609375,23230.599609375,23236.05078125,0
2026-06-11 06:00:00+00:00,23234.69921875,23234.69921875,23244.599609375,23234.19921875,23237.400390625,0
2026-06-11 06:01:00+00:00,23222.94921875,23222.94921875,23237.650390625,23221.80078125,23236.19921875,0
2026-06-11 06:02:00+00:00,23224.0,23224.0,23226.69921875,23220.30078125,23226.30078125,0
2026-06-11 06:03:00+00:00,23230.150390625,23230.150390625,23235.099609375,23224.94921875,23226.150390625,0
2026-06-11 06:04:00+00:00,23225.400390625,23225.400390625,23233.55078125,23223.55078125,23233.55078125,0
2026-06-11 06:05:00+00:00,23231.599609375,23231.599609375,23232.400390625,23220.5,23226.349609375,0
2026-06-11 06:06:00+00:00,23221.349609375,23221.349609375,23234.349609375,23220.400390625,23234.349609375,0
2026-06-11 06:07:00+00:00,23215.44921875,23215.44921875,23225.80078125,23214.099609375,23221.650390625,0
2026-06-11 06:08:00+00:00,23213.05078125,23213.05078125,23219.099609375,23210.650390625,23218.05078125,0
2026-06-11 06:09:00+00:00,23222.94921875,23222.94921875,23224.099609375,23212.30078125,23215.30078125,0
2026-06-11 06:10:00+00:00,23221.44921875,23221.44921875,23227.05078125,23220.05078125,23224.599609375,0
2026-06-11 06:11:00+00:00,23228.650390625,23228.650390625,23229.349609375,23220.25,23223.05078125,0
2026-06-11 06:12:00+00:00,23242.94921875,23242.94921875,23243.5,23228.0,23230.30078125,0
2026-06-11 06:13:00+00:00,23239.75,23239.75,23244.599609375,23238.0,23244.599609375,0
2026-06-11 06:14:00+00:00,23251.69921875,23251.69921875,23251.75,23239.0,23241.55078125,0
2026-06-11 06:15:00+00:00,23251.900390625,23251.900390625,23256.80078125,23251.05078125,23253.69921875,0
2026-06-11 06:16:00+00:00,23256.30078125,23256.30078125,23256.5,23251.94921875,23254.05078125,0
2026-06-11 06:17:00+00:00,23266.19921875,23266.19921875,23266.94921875,23252.650390625,23257.80078125,0
2026-06-11 06:18:00+00:00,23267.0,23267.0,23270.650390625,23261.099609375,23269.19921875,0
2026-06-11 06:19:00+00:00,23263.30078125,23263.30078125,23268.599609375,23259.94921875,23268.349609375,0
2026-06-11 06:20:00+00:00,23271.150390625,23271.150390625,23273.5,23263.05078125,23265.19921875,0
2026-06-11 06:21:00+00:00,23267.05078125,23267.05078125,23274.30078125,23265.55078125,23273.80078125,0
2026-06-11 06:22:00+00:00,23268.599609375,23268.599609375,23269.099609375,23261.55078125,23268.900390625,0
2026-06-11 06:23:00+00:00,23272.349609375,23272.349609375,23273.30078125,23266.5,23270.099609375,0
2026-06-11 06:24:00+00:00,23271.349609375,23271.349609375,23276.150390625,23267.75,23274.099609375,0
2026-06-11 06:25:00+00:00,23272.05078125,23272.05078125,23277.25,23270.30078125,23272.94921875,0
2026-06-11 06:26:00+00:00,23282.94921875,23282.94921875,23285.900390625,23269.0,23273.80078125,0
2026-06-11 06:27:00+00:00,23283.849609375,23283.849609375,23285.75,23280.44921875,23285.30078125,0
2026-06-11 06:28:00+00:00,23289.400390625,23289.400390625,23291.099609375,23283.75,23284.94921875,0
2026-06-11 06:29:00+00:00,23281.150390625,23281.150390625,23291.25,23279.30078125,23290.900390625,0
2026-06-11 06:30:00+00:00,23283.19921875,23283.19921875,23288.900390625,23282.5,23283.150390625,0
2026-06-11 06:31:00+00:00,23286.25,23286.25,23288.900390625,23281.94921875,23284.55078125,0
2026-06-11 06:32:00+00:00,23283.69921875,23283.69921875,23290.400390625,23282.599609375,23288.55078125,0
2026-06-11 06:33:00+00:00,23288.150390625,23288.150390625,23290.30078125,23281.55078125,23285.69921875,0
2026-06-11 06:34:00+00:00,23285.55078125,23285.55078125,23290.0,23282.849609375,23290.0,0
2026-06-11 06:35:00+00:00,23278.44921875,23278.44921875,23288.80078125,23274.599609375,23286.69921875,0
2026-06-11 06:36:00+00:00,23280.099609375,23280.099609375,23283.19921875,23276.099609375,23281.150390625,0
2026-06-11 06:37:00+00:00,23290.30078125,23290.30078125,23290.400390625,23281.19921875,23282.099609375,0
2026-06-11 06:38:00+00:00,23282.150390625,23282.150390625,23292.44921875,23279.69921875,23291.75,0
2026-06-11 06:39:00+00:00,23281.150390625,23281.150390625,23286.75,23280.849609375,23284.69921875,0
2026-06-11 06:40:00+00:00,23277.25,23277.25,23283.55078125,23275.80078125,23283.25,0
2026-06-11 06:41:00+00:00,23276.150390625,23276.150390625,23280.55078125,23272.55078125,23278.69921875,0
2026-06-11 06:42:00+00:00,23280.849609375,23280.849609375,23281.0,23274.400390625,23277.55078125,0
2026-06-11 06:43:00+00:00,23286.55078125,23286.55078125,23286.75,23278.400390625,23283.25,0
2026-06-11 06:44:00+00:00,23285.25,23285.25,23286.900390625,23279.0,23286.44921875,0
2026-06-11 06:45:00+00:00,23298.5,23298.5,23302.05078125,23286.25,23287.55078125,0
2026-06-11 06:46:00+00:00,23301.30078125,23301.30078125,23303.75,23293.05078125,23301.099609375,0
2026-06-11 06:47:00+00:00,23295.150390625,23295.150390625,23307.05078125,23293.849609375,23304.400390625,0
2026-06-11 06:48:00+00:00,23290.44921875,23290.44921875,23297.650390625,23289.099609375,23297.650390625,0
2026-06-11 06:49:00+00:00,23287.25,23287.25,23294.80078125,23285.349609375,23294.30078125,0
2026-06-11 06:50:00+00:00,23281.75,23281.75,23289.55078125,23279.599609375,23289.5,0
2026-06-11 06:51:00+00:00,23281.94921875,23281.94921875,23286.80078125,23278.349609375,23283.94921875,0
2026-06-11 06:52:00+00:00,23286.19921875,23286.19921875,23288.650390625,23281.30078125,23283.19921875,0
2026-06-11 06:53:00+00:00,23291.099609375,23291.099609375,23292.150390625,23282.30078125,23287.349609375,0
2026-06-11 06:54:00+00:00,23288.69921875,23288.69921875,23293.5,23287.30078125,23293.349609375,0
2026-06-11 06:55:00+00:00,23285.849609375,23285.849609375,23292.19921875,23281.849609375,23291.75,0
2026-06-11 06:56:00+00:00,23288.849609375,23288.849609375,23295.849609375,23284.599609375,23288.69921875,0
2026-06-11 06:57:00+00:00,23289.44921875,23289.44921875,23294.05078125,23287.599609375,23292.650390625,0
2026-06-11 06:58:00+00:00,23297.80078125,23297.80078125,23300.75,23287.44921875,23292.849609375,0
2026-06-11 06:59:00+00:00,23295.599609375,23295.599609375,23301.55078125,23293.849609375,23300.80078125,0
2026-06-11 07:00:00+00:00,23306.05078125,23306.05078125,23308.5,23296.599609375,23297.599609375,0
2026-06-11 07:01:00+00:00,23313.349609375,23313.349609375,23315.75,23301.44921875,23305.94921875,0
2026-06-11 07:02:00+00:00,23317.599609375,23317.599609375,23319.25,23312.94921875,23316.0,0
2026-06-11 07:03:00+00:00,23316.05078125,23316.05078125,23320.849609375,23314.349609375,23320.099609375,0
2026-06-11 07:04:00+00:00,23319.900390625,23319.900390625,23320.05078125,23315.05078125,23317.599609375,0
2026-06-11 07:05:00+00:00,23311.94921875,23311.94921875,23323.900390625,23305.349609375,23322.05078125,0
2026-06-11 07:06:00+00:00,23305.75,23305.75,23313.55078125,23304.849609375,23313.150390625,0
2026-06-11 07:07:00+00:00,23293.099609375,23293.099609375,23308.5,23292.5,23307.80078125,0
2026-06-11 07:08:00+00:00,23291.599609375,23291.599609375,23298.599609375,23290.80078125,23296.80078125,0
2026-06-11 07:09:00+00:00,23297.650390625,23297.650390625,23299.849609375,23291.650390625,23293.650390625,0
2026-06-11 07:10:00+00:00,23297.150390625,23297.150390625,23300.5,23294.349609375,23299.75,0
2026-06-11 07:11:00+00:00,23293.75,23293.75,23298.55078125,23293.19921875,23297.900390625,0
2026-06-11 07:12:00+00:00,23295.30078125,23295.30078125,23296.5,23288.900390625,23295.150390625,0
2026-06-11 07:13:00+00:00,23291.75,23291.75,23296.849609375,23288.099609375,23296.55078125,0
2026-06-11 07:14:00+00:00,23294.400390625,23294.400390625,23296.30078125,23290.19921875,23293.5,0
2026-06-11 07:15:00+00:00,23295.05078125,23295.05078125,23296.25,23291.05078125,23296.099609375,0
2026-06-11 07:16:00+00:00,23299.0,23299.0,23301.849609375,23295.25,23296.599609375,0
2026-06-11 07:17:00+00:00,23290.55078125,23290.55078125,23301.75,23290.400390625,23301.400390625,0
2026-06-11 07:18:00+00:00,23284.5,23284.5,23294.05078125,23284.5,23293.25,0
2026-06-11 07:19:00+00:00,23273.30078125,23273.30078125,23287.650390625,23273.05078125,23286.099609375,0
2026-06-11 07:20:00+00:00,23280.69921875,23280.69921875,23281.400390625,23272.69921875,23275.44921875,0
2026-06-11 07:21:00+00:00,23278.599609375,23278.599609375,23287.55078125,23277.400390625,23282.400390625,0
2026-06-11 07:22:00+00:00,23277.05078125,23277.05078125,23281.19921875,23275.650390625,23281.05078125,0
2026-06-11 07:23:00+00:00,23284.05078125,23284.05078125,23285.349609375,23278.099609375,23279.099609375,0
2026-06-11 07:24:00+00:00,23280.599609375,23280.599609375,23285.5,23279.44921875,23284.650390625,0
2026-06-11 07:25:00+00:00,23275.94921875,23275.94921875,23282.25,23274.849609375,23282.19921875,0
2026-06-11 07:26:00+00:00,23280.75,23280.75,23286.19921875,23275.900390625,23277.94921875,0
2026-06-11 07:27:00+00:00,23296.5,23296.5,23297.650390625,23278.5,23282.94921875,0
2026-06-11 07:28:00+00:00,23302.599609375,23302.599609375,23304.19921875,23295.80078125,23299.0,0
2026-06-11 07:29:00+00:00,23306.75,23306.75,23307.30078125,23297.599609375,23303.80078125,0
2026-06-11 07:30:00+00:00,23323.30078125,23323.30078125,23327.25,23308.0,23308.25,0
2026-06-11 07:31:00+00:00,23312.099609375,23312.099609375,23327.099609375,23311.900390625,23324.150390625,0
2026-06-11 07:32:00+00:00,23304.849609375,23304.849609375,23314.55078125,23299.19921875,23314.099609375,0
2026-06-11 07:33:00+00:00,23302.349609375,23302.349609375,23306.75,23300.69921875,23306.75,0
2026-06-11 07:34:00+00:00,23300.30078125,23300.30078125,23304.849609375,23299.05078125,23304.150390625,0
2026-06-11 07:35:00+00:00,23301.19921875,23301.19921875,23302.900390625,23296.599609375,23301.599609375,0
2026-06-11 07:36:00+00:00,23299.19921875,23299.19921875,23303.099609375,23297.599609375,23302.69921875,0
2026-06-11 07:37:00+00:00,23297.650390625,23297.650390625,23303.150390625,23297.650390625,23301.5,0
2026-06-11 07:38:00+00:00,23290.69921875,23290.69921875,23299.150390625,23288.599609375,23299.05078125,0
2026-06-11 07:39:00+00:00,23279.44921875,23279.44921875,23291.900390625,23279.150390625,23291.900390625,0
2026-06-11 07:40:00+00:00,23280.25,23280.25,23282.44921875,23277.05078125,23280.650390625,0
2026-06-11 07:41:00+00:00,23276.80078125,23276.80078125,23282.5,23273.94921875,23282.5,0
2026-06-11 07:42:00+00:00,23265.25,23265.25,23278.94921875,23260.400390625,23278.94921875,0
2026-06-11 07:43:00+00:00,23258.849609375,23258.849609375,23268.0,23257.349609375,23267.44921875,0
2026-06-11 07:44:00+00:00,23257.69921875,23257.69921875,23261.150390625,23256.30078125,23260.349609375,0
2026-06-11 07:45:00+00:00,23258.599609375,23258.599609375,23262.099609375,23256.75,23259.44921875,0
2026-06-11 07:46:00+00:00,23255.19921875,23255.19921875,23264.650390625,23253.5,23260.25,0
2026-06-11 07:47:00+00:00,23261.80078125,23261.80078125,23264.150390625,23252.19921875,23257.599609375,0
2026-06-11 07:48:00+00:00,23253.75,23253.75,23263.25,23249.44921875,23263.25,0
2026-06-11 07:49:00+00:00,23252.150390625,23252.150390625,23257.69921875,23250.44921875,23255.25,0
2026-06-11 07:50:00+00:00,23250.400390625,23250.400390625,23258.19921875,23247.94921875,23254.099609375,0
2026-06-11 07:51:00+00:00,23235.69921875,23235.69921875,23251.55078125,23235.30078125,23251.55078125,0
2026-06-11 07:52:00+00:00,23226.25,23226.25,23238.80078125,23225.55078125,23238.80078125,0
2026-06-11 07:53:00+00:00,23242.150390625,23242.150390625,23249.05078125,23226.80078125,23228.400390625,0
2026-06-11 07:54:00+00:00,23239.30078125,23239.30078125,23244.75,23236.05078125,23243.80078125,0
2026-06-11 07:55:00+00:00,23231.650390625,23231.650390625,23241.75,23230.19921875,23241.30078125,0
2026-06-11 07:56:00+00:00,23222.05078125,23222.05078125,23233.19921875,23220.44921875,23232.80078125,0
2026-06-11 07:57:00+00:00,23229.25,23229.25,23230.44921875,23222.55078125,23225.099609375,0
2026-06-11 07:58:00+00:00,23231.150390625,23231.150390625,23234.599609375,23226.44921875,23230.599609375,0
2026-06-11 07:59:00+00:00,23241.0,23241.0,23241.599609375,23231.599609375,23233.900390625,0
2026-06-11 08:00:00+00:00,23256.099609375,23256.099609375,23260.599609375,23240.099609375,23242.900390625,0
2026-06-11 08:01:00+00:00,23253.150390625,23253.150390625,23257.5,23247.650390625,23257.5,0
2026-06-11 08:02:00+00:00,23262.80078125,23262.80078125,23262.80078125,23256.25,23256.69921875,0
2026-06-11 08:03:00+00:00,23257.599609375,23257.599609375,23267.75,23257.05078125,23264.75,0
2026-06-11 08:04:00+00:00,23243.650390625,23243.650390625,23258.75,23242.75,23258.75,0
2026-06-11 08:05:00+00:00,23246.849609375,23246.849609375,23250.5,23242.400390625,23245.80078125,0
2026-06-11 08:06:00+00:00,23254.150390625,23254.150390625,23255.94921875,23242.69921875,23249.0,0
2026-06-11 08:07:00+00:00,23249.69921875,23249.69921875,23256.30078125,23248.349609375,23256.30078125,0
2026-06-11 08:08:00+00:00,23239.5,23239.5,23251.099609375,23237.400390625,23251.099609375,0
2026-06-11 08:09:00+00:00,23230.0,23230.0,23242.400390625,23228.400390625,23242.400390625,0
2026-06-11 08:10:00+00:00,23231.80078125,23231.80078125,23238.150390625,23229.80078125,23232.69921875,0
2026-06-11 08:11:00+00:00,23226.44921875,23226.44921875,23232.75,23226.099609375,23232.75,0
2026-06-11 08:12:00+00:00,23226.19921875,23226.19921875,23232.5,23225.900390625,23229.5,0
2026-06-11 08:13:00+00:00,23214.900390625,23214.900390625,23229.900390625,23213.44921875,23229.69921875,0
2026-06-11 08:14:00+00:00,23220.099609375,23220.099609375,23223.349609375,23214.44921875,23219.44921875,0
2026-06-11 08:15:00+00:00,23217.900390625,23217.900390625,23224.94921875,23217.900390625,23223.900390625,0
2026-06-11 08:16:00+00:00,23224.80078125,23224.80078125,23225.900390625,23214.55078125,23221.150390625,0
2026-06-11 08:17:00+00:00,23231.349609375,23231.349609375,23240.650390625,23226.849609375,23227.69921875,0
2026-06-11 08:18:00+00:00,23230.0,23230.0,23239.0,23228.94921875,23232.75,0
2026-06-11 08:19:00+00:00,23227.75,23227.75,23231.94921875,23225.19921875,23231.94921875,0
2026-06-11 08:20:00+00:00,23221.25,23221.25,23230.349609375,23221.25,23230.349609375,0
2026-06-11 08:21:00+00:00,23226.19921875,23226.19921875,23227.650390625,23221.80078125,23224.19921875,0
2026-06-11 08:22:00+00:00,23229.94921875,23229.94921875,23230.900390625,23221.849609375,23228.5,0
2026-06-11 08:23:00+00:00,23232.900390625,23232.900390625,23236.80078125,23229.849609375,23233.0,0
2026-06-11 08:24:00+00:00,23231.849609375,23231.849609375,23235.849609375,23229.150390625,23235.849609375,0
2026-06-11 08:25:00+00:00,23233.900390625,23233.900390625,23234.80078125,23227.25,23234.5,0
2026-06-11 08:26:00+00:00,23237.05078125,23237.05078125,23240.849609375,23231.69921875,23236.0,0
2026-06-11 08:27:00+00:00,23236.349609375,23236.349609375,23243.5,23234.55078125,23240.30078125,0
2026-06-11 08:28:00+00:00,23245.80078125,23245.80078125,23247.5,23237.900390625,23239.30078125,0
2026-06-11 08:29:00+00:00,23231.30078125,23231.30078125,23248.05078125,23229.19921875,23248.05078125,0
2026-06-11 08:30:00+00:00,23237.650390625,23237.650390625,23240.19921875,23228.150390625,23233.0,0
2026-06-11 08:31:00+00:00,23232.80078125,23232.80078125,23240.19921875,23232.80078125,23240.19921875,0
2026-06-11 08:32:00+00:00,23230.75,23230.75,23236.30078125,23229.0,23235.849609375,0
2026-06-11 08:33:00+00:00,23235.849609375,23235.849609375,23237.19921875,23230.599609375,23232.80078125,0
2026-06-11 08:34:00+00:00,23235.099609375,23235.099609375,23237.25,23231.75,23236.25,0
2026-06-11 08:35:00+00:00,23229.75,23229.75,23236.349609375,23225.30078125,23236.349609375,0
2026-06-11 08:36:00+00:00,23231.69921875,23231.69921875,23234.55078125,23228.650390625,23232.25,0
2026-06-11 08:37:00+00:00,23218.44921875,23218.44921875,23232.849609375,23218.19921875,23232.849609375,0
2026-06-11 08:38:00+00:00,23208.0,23208.0,23220.0,23207.55078125,23220.0,0
2026-06-11 08:39:00+00:00,23211.19921875,23211.19921875,23212.349609375,23201.599609375,23210.05078125,0
2026-06-11 08:40:00+00:00,23212.599609375,23212.599609375,23217.30078125,23208.650390625,23212.599609375,0
2026-06-11 08:41:00+00:00,23211.30078125,23211.30078125,23214.599609375,23205.69921875,23214.599609375,0
2026-06-11 08:42:00+00:00,23208.150390625,23208.150390625,23213.099609375,23206.44921875,23213.099609375,0
2026-06-11 08:43:00+00:00,23221.150390625,23221.150390625,23221.80078125,23206.19921875,23210.400390625,0
2026-06-11 08:44:00+00:00,23218.75,23218.75,23226.25,23216.0,23223.25,0
2026-06-11 08:45:00+00:00,23212.900390625,23212.900390625,23220.849609375,23212.150390625,23219.80078125,0
2026-06-11 08:46:00+00:00,23214.19921875,23214.19921875,23220.150390625,23213.5,23215.19921875,0
2026-06-11 08:47:00+00:00,23211.849609375,23211.849609375,23216.30078125,23211.80078125,23216.30078125,0
2026-06-11 08:48:00+00:00,23206.75,23206.75,23214.30078125,23205.5,23214.25,0
2026-06-11 08:49:00+00:00,23215.75,23215.75,23215.75,23204.099609375,23208.0,0
2026-06-11 08:50:00+00:00,23221.69921875,23221.69921875,23224.94921875,23214.69921875,23216.80078125,0
2026-06-11 08:51:00+00:00,23218.599609375,23218.599609375,23224.5,23217.849609375,23223.0,0
2026-06-11 08:52:00+00:00,23218.900390625,23218.900390625,23222.900390625,23216.099609375,23219.75,0
2026-06-11 08:53:00+00:00,23207.44921875,23207.44921875,23222.25,23206.400390625,23220.0,0
2026-06-11 08:54:00+00:00,23206.400390625,23206.400390625,23209.25,23204.94921875,23209.25,0
2026-06-11 08:55:00+00:00,23215.05078125,23215.05078125,23215.19921875,23206.19921875,23208.099609375,0
2026-06-11 08:56:00+00:00,23225.05078125,23225.05078125,23225.849609375,23212.25,23216.55078125,0
2026-06-11 08:57:00+00:00,23226.349609375,23226.349609375,23228.650390625,23221.94921875,23226.599609375,0
2026-06-11 08:58:00+00:00,23250.0,23250.0,23251.349609375,23229.5,23229.5,0
2026-06-11 08:59:00+00:00,23240.05078125,23240.05078125,23252.05078125,23238.349609375,23251.55078125,0
2026-06-11 09:00:00+00:00,23243.25,23243.25,23243.94921875,23227.900390625,23241.150390625,0
2026-06-11 09:01:00+00:00,23238.400390625,23238.400390625,23245.44921875,23235.650390625,23245.44921875,0
2026-06-11 09:02:00+00:00,23241.0,23241.0,23241.150390625,23232.400390625,23240.099609375,0
2026-06-11 09:03:00+00:00,23227.400390625,23227.400390625,23243.44921875,23227.0,23243.44921875,0
2026-06-11 09:04:00+00:00,23231.69921875,23231.69921875,23233.099609375,23224.0,23229.05078125,0
2026-06-11 09:05:00+00:00,23234.94921875,23234.94921875,23242.349609375,23231.900390625,23233.55078125,0
2026-06-11 09:06:00+00:00,23210.599609375,23210.599609375,23237.25,23210.599609375,23237.25,0
2026-06-11 09:07:00+00:00,23223.80078125,23223.80078125,23228.05078125,23197.599609375,23213.30078125,0
2026-06-11 09:08:00+00:00,23216.849609375,23216.849609375,23230.5,23215.55078125,23226.05078125,0
2026-06-11 09:09:00+00:00,23217.099609375,23217.099609375,23218.400390625,23201.94921875,23218.400390625,0
2026-06-11 09:10:00+00:00,23207.150390625,23207.150390625,23221.099609375,23204.19921875,23218.599609375,0
2026-06-11 09:11:00+00:00,23212.150390625,23212.150390625,23214.25,23203.30078125,23208.25,0
2026-06-11 09:12:00+00:00,23208.44921875,23208.44921875,23220.400390625,23208.44921875,23213.80078125,0
2026-06-11 09:13:00+00:00,23195.349609375,23195.349609375,23212.150390625,23193.55078125,23210.650390625,0
2026-06-11 09:14:00+00:00,23198.150390625,23198.150390625,23201.349609375,23195.69921875,23197.30078125,0
2026-06-11 09:15:00+00:00,23195.599609375,23195.599609375,23201.900390625,23194.94921875,23200.19921875,0
2026-06-11 09:16:00+00:00,23190.599609375,23190.599609375,23209.599609375,23189.69921875,23197.25,0
2026-06-11 09:17:00+00:00,23167.099609375,23167.099609375,23192.0,23165.849609375,23192.0,0
2026-06-11 09:18:00+00:00,23180.349609375,23180.349609375,23182.5,23166.69921875,23168.69921875,0
2026-06-11 09:19:00+00:00,23191.69921875,23191.69921875,23191.900390625,23180.400390625,23182.849609375,0
2026-06-11 09:20:00+00:00,23170.349609375,23170.349609375,23193.099609375,23166.849609375,23193.099609375,0
2026-06-11 09:21:00+00:00,23172.400390625,23172.400390625,23179.599609375,23168.900390625,23172.75,0
2026-06-11 09:22:00+00:00,23169.25,23169.25,23173.849609375,23167.5,23173.849609375,0
2026-06-11 09:23:00+00:00,23173.150390625,23173.150390625,23175.0,23167.44921875,23171.099609375,0
2026-06-11 09:24:00+00:00,23170.349609375,23170.349609375,23174.900390625,23169.30078125,23174.0,0
2026-06-11 09:25:00+00:00,23171.30078125,23171.30078125,23174.19921875,23166.44921875,23171.69921875,0
2026-06-11 09:26:00+00:00,23169.94921875,23169.94921875,23174.55078125,23169.349609375,23172.599609375,0
2026-06-11 09:27:00+00:00,23164.19921875,23164.19921875,23170.349609375,23162.5,23170.349609375,0
2026-06-11 09:28:00+00:00,23170.69921875,23170.69921875,23171.400390625,23163.849609375,23166.19921875,0
2026-06-11 09:29:00+00:00,23175.5,23175.5,23178.25,23168.25,23172.5,0
2026-06-11 09:30:00+00:00,23154.0,23154.0,23192.44921875,23152.94921875,23177.05078125,0
2026-06-11 09:31:00+00:00,23152.650390625,23152.650390625,23157.19921875,23147.19921875,23156.0,0
2026-06-11 09:32:00+00:00,23158.80078125,23158.80078125,23160.19921875,23138.849609375,23153.150390625,0
2026-06-11 09:33:00+00:00,23157.30078125,23157.30078125,23159.349609375,23145.900390625,23159.349609375,0
2026-06-11 09:34:00+00:00,23145.0,23145.0,23161.30078125,23143.75,23158.25,0
2026-06-11 09:35:00+00:00,23147.55078125,23147.55078125,23149.400390625,23138.900390625,23146.25,0
2026-06-11 09:36:00+00:00,23137.150390625,23137.150390625,23152.400390625,23131.94921875,23148.900390625,0
2026-06-11 09:37:00+00:00,23148.099609375,23148.099609375,23148.80078125,23136.150390625,23139.349609375,0
2026-06-11 09:38:00+00:00,23136.80078125,23136.80078125,23151.650390625,23135.19921875,23149.94921875,0
2026-06-11 09:39:00+00:00,23143.30078125,23143.30078125,23145.099609375,23134.849609375,23136.400390625,0
2026-06-11 09:40:00+00:00,23150.30078125,23150.30078125,23151.650390625,23143.5,23143.849609375,0
2026-06-11 09:41:00+00:00,23142.400390625,23142.400390625,23157.400390625,23142.400390625,23151.75,0
2026-06-11 09:42:00+00:00,23150.900390625,23150.900390625,23152.0,23137.900390625,23144.099609375,0
2026-06-11 09:43:00+00:00,23160.69921875,23160.69921875,23161.150390625,23149.75,23151.55078125,0
2026-06-11 09:44:00+00:00,23165.80078125,23165.80078125,23169.55078125,23160.55078125,23161.849609375,0
2026-06-11 09:45:00+00:00,23166.400390625,23166.400390625,23167.80078125,23156.400390625,23165.30078125,0
2026-06-11 09:46:00+00:00,23179.94921875,23179.94921875,23180.19921875,23166.150390625,23166.44921875,0
2026-06-11 09:47:00+00:00,23181.900390625,23181.900390625,23185.099609375,23179.05078125,23180.55078125,0
2026-06-11 09:48:00+00:00,23181.150390625,23181.150390625,23188.150390625,23180.25,23183.05078125,0
2026-06-11 09:49:00+00:00,23173.80078125,23173.80078125,23182.25,23170.30078125,23180.69921875,0
2026-06-11 09:50:00+00:00,23178.19921875,23178.19921875,23178.44921875,23172.0,23172.0,0
2026-06-11 09:51:00+00:00,23176.349609375,23176.349609375,23183.75,23175.5,23178.25,0
2026-06-11 09:52:00+00:00,23170.19921875,23170.19921875,23177.0,23169.099609375,23176.650390625,0
2026-06-11 09:53:00+00:00,23170.94921875,23170.94921875,23171.94921875,23164.75,23169.900390625,0
2026-06-11 09:54:00+00:00,23173.599609375,23173.599609375,23176.849609375,23167.849609375,23170.900390625,0
2026-06-11 09:55:00+00:00,23174.150390625,23174.150390625,23183.349609375,23172.80078125,23173.599609375,0
2026-06-11 09:56:00+00:00,23176.599609375,23176.599609375,23178.0,23170.94921875,23174.75,0
2026-06-11 09:57:00+00:00,23177.94921875,23177.94921875,23183.25,23175.94921875,23176.05078125,0
2026-06-11 09:58:00+00:00,23180.599609375,23180.599609375,23182.94921875,23174.099609375,23179.099609375,0
2026-06-11 09:59:00+00:00,23186.55078125,23186.55078125,23194.900390625,23173.19921875,23180.05078125,0
2026-06-12 03:45:00+00:00,23425.400390625,23425.400390625,23452.900390625,23408.5,23420.69921875,0
2026-06-12 03:46:00+00:00,23442.349609375,23442.349609375,23445.400390625,23426.0,23427.650390625,0
2026-06-12 03:47:00+00:00,23449.400390625,23449.400390625,23455.900390625,23432.599609375,23445.0,0
2026-06-12 03:48:00+00:00,23440.94921875,23440.94921875,23453.94921875,23434.5,23450.80078125,0
2026-06-12 03:49:00+00:00,23444.650390625,23444.650390625,23446.0,23433.30078125,23440.900390625,0
2026-06-12 03:50:00+00:00,23438.69921875,23438.69921875,23451.900390625,23436.849609375,23447.05078125,0
2026-06-12 03:51:00+00:00,23437.0,23437.0,23442.650390625,23432.25,23441.19921875,0
2026-06-12 03:52:00+00:00,23428.599609375,23428.599609375,23444.94921875,23426.150390625,23439.0,0
2026-06-12 03:53:00+00:00,23431.150390625,23431.150390625,23438.099609375,23429.69921875,23431.19921875,0
2026-06-12 03:54:00+00:00,23423.349609375,23423.349609375,23432.69921875,23423.0,23432.69921875,0
2026-06-12 03:55:00+00:00,23416.55078125,23416.55078125,23431.55078125,23416.5,23423.80078125,0
2026-06-12 03:56:00+00:00,23414.05078125,23414.05078125,23418.80078125,23410.80078125,23418.80078125,0
2026-06-12 03:57:00+00:00,23417.599609375,23417.599609375,23417.599609375,23408.150390625,23415.599609375,0
2026-06-12 03:58:00+00:00,23409.0,23409.0,23421.099609375,23406.30078125,23420.150390625,0
2026-06-12 03:59:00+00:00,23401.19921875,23401.19921875,23410.400390625,23400.55078125,23410.400390625,0
2026-06-12 04:00:00+00:00,23408.19921875,23408.19921875,23410.150390625,23402.849609375,23402.849609375,0
2026-06-12 04:01:00+00:00,23402.0,23402.0,23410.150390625,23385.900390625,23410.150390625,0
2026-06-12 04:02:00+00:00,23395.30078125,23395.30078125,23403.400390625,23394.75,23403.400390625,0
2026-06-12 04:03:00+00:00,23395.25,23395.25,23397.80078125,23390.80078125,23396.55078125,0
2026-06-12 04:04:00+00:00,23407.94921875,23407.94921875,23408.75,23396.25,23397.44921875,0
2026-06-12 04:05:00+00:00,23401.650390625,23401.650390625,23410.650390625,23398.69921875,23409.349609375,0
2026-06-12 04:06:00+00:00,23389.400390625,23389.400390625,23402.650390625,23388.30078125,23402.650390625,0
2026-06-12 04:07:00+00:00,23399.099609375,23399.099609375,23401.150390625,23392.349609375,23392.400390625,0
2026-06-12 04:08:00+00:00,23403.25,23403.25,23405.55078125,23397.099609375,23400.19921875,0
2026-06-12 04:09:00+00:00,23396.099609375,23396.099609375,23405.5,23396.099609375,23404.099609375,0
2026-06-12 04:10:00+00:00,23390.94921875,23390.94921875,23397.69921875,23387.150390625,23396.900390625,0
2026-06-12 04:11:00+00:00,23379.849609375,23379.849609375,23394.80078125,23378.150390625,23393.0,0
2026-06-12 04:12:00+00:00,23375.349609375,23375.349609375,23381.44921875,23374.400390625,23380.5,0
2026-06-12 04:13:00+00:00,23366.900390625,23366.900390625,23378.099609375,23364.25,23375.80078125,0
2026-06-12 04:14:00+00:00,23370.099609375,23370.099609375,23375.44921875,23367.150390625,23368.849609375,0
2026-06-12 04:15:00+00:00,23369.650390625,23369.650390625,23378.349609375,23367.349609375,23370.599609375,0
2026-06-12 04:16:00+00:00,23366.0,23366.0,23371.25,23357.349609375,23371.25,0
2026-06-12 04:17:00+00:00,23372.400390625,23372.400390625,23375.05078125,23366.599609375,23368.75,0
2026-06-12 04:18:00+00:00,23373.30078125,23373.30078125,23373.5,23365.0,23372.94921875,0
2026-06-12 04:19:00+00:00,23379.349609375,23379.349609375,23379.849609375,23372.900390625,23374.400390625,0
2026-06-12 04:20:00+00:00,23378.80078125,23378.80078125,23380.75,23375.099609375,23380.75,0
2026-06-12 04:21:00+00:00,23376.900390625,23376.900390625,23380.25,23375.05078125,23379.44921875,0
2026-06-12 04:22:00+00:00,23376.150390625,23376.150390625,23379.55078125,23373.900390625,23377.75,0
2026-06-12 04:23:00+00:00,23367.5,23367.5,23376.75,23367.5,23376.75,0
2026-06-12 04:24:00+00:00,23358.150390625,23358.150390625,23368.650390625,23355.349609375,23368.650390625,0
2026-06-12 04:25:00+00:00,23355.650390625,23355.650390625,23361.44921875,23353.900390625,23361.44921875,0
2026-06-12 04:26:00+00:00,23356.599609375,23356.599609375,23361.30078125,23355.30078125,23356.94921875,0
2026-06-12 04:27:00+00:00,23356.25,23356.25,23358.5,23352.55078125,23357.30078125,0
2026-06-12 04:28:00+00:00,23352.19921875,23352.19921875,23359.30078125,23352.19921875,23358.25,0
2026-06-12 04:29:00+00:00,23346.55078125,23346.55078125,23356.25,23346.30078125,23353.55078125,0
2026-06-12 04:30:00+00:00,23343.849609375,23343.849609375,23349.849609375,23342.150390625,23348.69921875,0
2026-06-12 04:31:00+00:00,23340.69921875,23340.69921875,23346.25,23339.150390625,23345.849609375,0
2026-06-12 04:32:00+00:00,23342.5,23342.5,23344.099609375,23337.900390625,23343.05078125,0
2026-06-12 04:33:00+00:00,23335.69921875,23335.69921875,23344.150390625,23335.69921875,23342.75,0
2026-06-12 04:34:00+00:00,23342.55078125,23342.55078125,23342.94921875,23327.650390625,23337.900390625,0
2026-06-12 04:35:00+00:00,23355.5,23355.5,23356.599609375,23341.099609375,23343.400390625,0
2026-06-12 04:36:00+00:00,23357.5,23357.5,23359.150390625,23353.05078125,23356.099609375,0
2026-06-12 04:37:00+00:00,23348.44921875,23348.44921875,23358.05078125,23345.94921875,23358.05078125,0
2026-06-12 04:38:00+00:00,23350.900390625,23350.900390625,23352.05078125,23345.849609375,23349.599609375,0
2026-06-12 04:39:00+00:00,23347.55078125,23347.55078125,23351.75,23346.75,23351.75,0
2026-06-12 04:40:00+00:00,23342.55078125,23342.55078125,23349.69921875,23341.400390625,23349.05078125,0
2026-06-12 04:41:00+00:00,23342.69921875,23342.69921875,23344.150390625,23339.400390625,23344.150390625,0
2026-06-12 04:42:00+00:00,23346.19921875,23346.19921875,23353.599609375,23342.150390625,23344.650390625,0
2026-06-12 04:43:00+00:00,23345.44921875,23345.44921875,23348.05078125,23341.599609375,23347.849609375,0
2026-06-12 04:44:00+00:00,23342.650390625,23342.650390625,23349.0,23341.55078125,23346.94921875,0
2026-06-12 04:45:00+00:00,23343.80078125,23343.80078125,23349.099609375,23343.349609375,23345.150390625,0
2026-06-12 04:46:00+00:00,23333.849609375,23333.849609375,23345.94921875,23333.849609375,23345.5,0
2026-06-12 04:47:00+00:00,23330.94921875,23330.94921875,23336.650390625,23327.75,23336.650390625,0
2026-06-12 04:48:00+00:00,23327.400390625,23327.400390625,23333.69921875,23324.849609375,23333.0,0
2026-06-12 04:49:00+00:00,23326.849609375,23326.849609375,23329.5,23324.30078125,23328.599609375,0
2026-06-12 04:50:00+00:00,23338.55078125,23338.55078125,23339.69921875,23322.900390625,23328.19921875,0
2026-06-12 04:51:00+00:00,23342.099609375,23342.099609375,23343.099609375,23338.0,23340.44921875,0
2026-06-12 04:52:00+00:00,23348.849609375,23348.849609375,23348.849609375,23340.849609375,23343.44921875,0
2026-06-12 04:53:00+00:00,23349.599609375,23349.599609375,23353.650390625,23348.94921875,23350.30078125,0
2026-06-12 04:54:00+00:00,23355.19921875,23355.19921875,23355.19921875,23347.30078125,23349.94921875,0
2026-06-12 04:55:00+00:00,23359.900390625,23359.900390625,23360.650390625,23352.19921875,23356.349609375,0
2026-06-12 04:56:00+00:00,23357.349609375,23357.349609375,23360.900390625,23356.19921875,23360.400390625,0
2026-06-12 04:57:00+00:00,23360.25,23360.25,23362.900390625,23356.349609375,23358.599609375,0
2026-06-12 04:58:00+00:00,23347.55078125,23347.55078125,23362.5,23345.849609375,23361.44921875,0
2026-06-12 04:59:00+00:00,23345.849609375,23345.849609375,23348.44921875,23342.400390625,23348.44921875,0
2026-06-12 05:00:00+00:00,23350.75,23350.75,23351.75,23342.80078125,23346.75,0
2026-06-12 05:01:00+00:00,23355.0,23355.0,23356.599609375,23348.25,23351.44921875,0
2026-06-12 05:02:00+00:00,23351.55078125,23351.55078125,23356.80078125,23350.650390625,23356.19921875,0
2026-06-12 05:03:00+00:00,23346.650390625,23346.650390625,23352.75,23343.650390625,23352.75,0
2026-06-12 05:04:00+00:00,23349.849609375,23349.849609375,23353.44921875,23345.69921875,23348.0,0
2026-06-12 05:05:00+00:00,23346.349609375,23346.349609375,23351.05078125,23344.55078125,23351.05078125,0
2026-06-12 05:06:00+00:00,23344.5,23344.5,23347.0,23341.55078125,23347.0,0
2026-06-12 05:07:00+00:00,23345.69921875,23345.69921875,23348.099609375,23343.349609375,23346.400390625,0
2026-06-12 05:08:00+00:00,23348.5,23348.5,23349.55078125,23344.400390625,23347.30078125,0
2026-06-12 05:09:00+00:00,23354.25,23354.25,23355.099609375,23345.650390625,23349.150390625,0
2026-06-12 05:10:00+00:00,23352.849609375,23352.849609375,23357.5,23351.69921875,23355.55078125,0
2026-06-12 05:11:00+00:00,23352.5,23352.5,23355.05078125,23349.75,23354.30078125,0
2026-06-12 05:12:00+00:00,23351.94921875,23351.94921875,23355.900390625,23349.69921875,23353.900390625,0
2026-06-12 05:13:00+00:00,23348.05078125,23348.05078125,23354.150390625,23347.19921875,23353.0,0
2026-06-12 05:14:00+00:00,23349.69921875,23349.69921875,23351.75,23347.25,23348.80078125,0
2026-06-12 05:15:00+00:00,23350.650390625,23350.650390625,23352.69921875,23349.19921875,23350.94921875,0
2026-06-12 05:16:00+00:00,23348.150390625,23348.150390625,23354.80078125,23346.69921875,23350.80078125,0
2026-06-12 05:17:00+00:00,23332.650390625,23332.650390625,23349.099609375,23329.94921875,23349.099609375,0
2026-06-12 05:18:00+00:00,23340.599609375,23340.599609375,23341.75,23333.55078125,23335.80078125,0
2026-06-12 05:19:00+00:00,23345.5,23345.5,23351.25,23341.55078125,23342.650390625,0
2026-06-12 05:20:00+00:00,23341.44921875,23341.44921875,23346.5,23336.75,23346.5,0
2026-06-12 05:21:00+00:00,23343.55078125,23343.55078125,23345.650390625,23338.55078125,23342.44921875,0
2026-06-12 05:22:00+00:00,23341.5,23341.5,23345.099609375,23340.099609375,23344.5,0
2026-06-12 05:23:00+00:00,23346.849609375,23346.849609375,23348.650390625,23341.55078125,23341.849609375,0
2026-06-12 05:24:00+00:00,23354.099609375,23354.099609375,23354.55078125,23346.849609375,23347.69921875,0
2026-06-12 05:25:00+00:00,23354.19921875,23354.19921875,23356.849609375,23353.5,23355.400390625,0
2026-06-12 05:26:00+00:00,23355.94921875,23355.94921875,23359.849609375,23354.44921875,23355.69921875,0
2026-06-12 05:27:00+00:00,23356.099609375,23356.099609375,23357.400390625,23353.55078125,23356.400390625,0
2026-06-12 05:28:00+00:00,23354.099609375,23354.099609375,23358.55078125,23354.099609375,23357.400390625,0
2026-06-12 05:29:00+00:00,23358.25,23358.25,23359.400390625,23352.30078125,23355.400390625,0
2026-06-12 05:30:00+00:00,23352.400390625,23352.400390625,23359.19921875,23352.400390625,23359.19921875,0
2026-06-12 05:31:00+00:00,23353.349609375,23353.349609375,23354.19921875,23347.25,23353.150390625,0
2026-06-12 05:32:00+00:00,23346.69921875,23346.69921875,23354.650390625,23345.69921875,23354.150390625,0
2026-06-12 05:33:00+00:00,23350.55078125,23350.55078125,23352.5,23347.0,23348.0,0
2026-06-12 05:34:00+00:00,23353.349609375,23353.349609375,23355.19921875,23350.55078125,23352.349609375,0
2026-06-12 05:35:00+00:00,23353.400390625,23353.400390625,23357.400390625,23352.099609375,23355.05078125,0
2026-06-12 05:36:00+00:00,23352.0,23352.0,23356.30078125,23348.349609375,23354.69921875,0
2026-06-12 05:37:00+00:00,23349.30078125,23349.30078125,23353.44921875,23344.44921875,23353.30078125,0
2026-06-12 05:38:00+00:00,23356.099609375,23356.099609375,23357.0,23349.0,23350.150390625,0
2026-06-12 05:39:00+00:00,23355.349609375,23355.349609375,23357.349609375,23351.05078125,23356.75,0
2026-06-12 05:40:00+00:00,23361.400390625,23361.400390625,23362.0,23352.400390625,23356.25,0
2026-06-12 05:41:00+00:00,23368.44921875,23368.44921875,23369.19921875,23361.75,23362.80078125,0
2026-06-12 05:42:00+00:00,23370.349609375,23370.349609375,23371.650390625,23368.44921875,23369.650390625,0
2026-06-12 05:43:00+00:00,23372.900390625,23372.900390625,23374.150390625,23370.25,23371.599609375,0
2026-06-12 05:44:00+00:00,23378.05078125,23378.05078125,23378.349609375,23372.349609375,23374.94921875,0
2026-06-12 05:45:00+00:00,23378.099609375,23378.099609375,23380.650390625,23373.5,23379.099609375,0
2026-06-12 05:46:00+00:00,23372.55078125,23372.55078125,23379.099609375,23371.75,23379.099609375,0
2026-06-12 05:47:00+00:00,23372.19921875,23372.19921875,23375.44921875,23370.099609375,23373.5,0
2026-06-12 05:48:00+00:00,23371.650390625,23371.650390625,23373.349609375,23367.69921875,23373.349609375,0
2026-06-12 05:49:00+00:00,23361.44921875,23361.44921875,23373.19921875,23360.05078125,23373.19921875,0
2026-06-12 05:50:00+00:00,23353.849609375,23353.849609375,23363.099609375,23352.599609375,23363.099609375,0
2026-06-12 05:51:00+00:00,23354.19921875,23354.19921875,23356.5,23349.69921875,23354.94921875,0
2026-06-12 05:52:00+00:00,23359.80078125,23359.80078125,23360.849609375,23354.25,23355.80078125,0
2026-06-12 05:53:00+00:00,23360.099609375,23360.099609375,23362.849609375,23357.75,23361.349609375,0
2026-06-12 05:54:00+00:00,23365.44921875,23365.44921875,23365.75,23358.80078125,23361.19921875,0
2026-06-12 05:55:00+00:00,23364.349609375,23364.349609375,23366.94921875,23362.599609375,23366.5,0
2026-06-12 05:56:00+00:00,23359.80078125,23359.80078125,23364.900390625,23353.0,23364.900390625,0
2026-06-12 05:57:00+00:00,23358.650390625,23358.650390625,23362.599609375,23355.55078125,23361.0,0
2026-06-12 05:58:00+00:00,23358.150390625,23358.150390625,23359.55078125,23354.400390625,23358.150390625,0
2026-06-12 05:59:00+00:00,23357.400390625,23357.400390625,23358.849609375,23353.75,23358.849609375,0
2026-06-12 06:00:00+00:00,23358.650390625,23358.650390625,23365.5,23357.599609375,23358.5,0
2026-06-12 06:01:00+00:00,23361.5,23361.5,23361.5,23357.5,23359.80078125,0
2026-06-12 06:02:00+00:00,23367.69921875,23367.69921875,23367.75,23361.44921875,23362.400390625,0
2026-06-12 06:03:00+00:00,23368.0,23368.0,23372.599609375,23366.69921875,23368.69921875,0
2026-06-12 06:04:00+00:00,23366.69921875,23366.69921875,23369.44921875,23366.099609375,23369.44921875,0
2026-06-12 06:05:00+00:00,23365.599609375,23365.599609375,23367.25,23362.150390625,23367.25,0
2026-06-12 06:06:00+00:00,23363.400390625,23363.400390625,23367.650390625,23361.099609375,23366.150390625,0
2026-06-12 06:07:00+00:00,23365.349609375,23365.349609375,23367.5,23362.80078125,23364.599609375,0
2026-06-12 06:08:00+00:00,23368.44921875,23368.44921875,23368.5,23362.44921875,23366.80078125,0
2026-06-12 06:09:00+00:00,23368.94921875,23368.94921875,23371.80078125,23367.599609375,23370.150390625,0
2026-06-12 06:10:00+00:00,23370.5,23370.5,23371.94921875,23368.44921875,23371.0,0
2026-06-12 06:11:00+00:00,23374.55078125,23374.55078125,23376.349609375,23370.80078125,23372.150390625,0
2026-06-12 06:12:00+00:00,23374.19921875,23374.19921875,23376.5,23373.099609375,23375.69921875,0
2026-06-12 06:13:00+00:00,23372.75,23372.75,23376.0,23371.849609375,23374.650390625,0
2026-06-12 06:14:00+00:00,23374.80078125,23374.80078125,23377.900390625,23372.44921875,23373.94921875,0
2026-06-12 06:15:00+00:00,23374.75,23374.75,23375.5,23368.349609375,23375.5,0
2026-06-12 06:16:00+00:00,23378.900390625,23378.900390625,23378.94921875,23372.900390625,23375.349609375,0
2026-06-12 06:17:00+00:00,23385.0,23385.0,23385.25,23378.55078125,23379.80078125,0
2026-06-12 06:18:00+00:00,23385.25,23385.25,23388.650390625,23382.150390625,23385.69921875,0
2026-06-12 06:19:00+00:00,23385.44921875,23385.44921875,23387.30078125,23383.900390625,23386.05078125,0
2026-06-12 06:20:00+00:00,23383.400390625,23383.400390625,23386.75,23382.349609375,23386.69921875,0
2026-06-12 06:21:00+00:00,23380.599609375,23380.599609375,23384.150390625,23379.80078125,23384.150390625,0
2026-06-12 06:22:00+00:00,23379.19921875,23379.19921875,23382.5,23377.900390625,23381.150390625,0
2026-06-12 06:23:00+00:00,23378.44921875,23378.44921875,23380.30078125,23372.0,23380.19921875,0
2026-06-12 06:24:00+00:00,23381.80078125,23381.80078125,23384.69921875,23379.19921875,23379.75,0
2026-06-12 06:25:00+00:00,23382.599609375,23382.599609375,23383.80078125,23381.05078125,23382.44921875,0
2026-06-12 06:26:00+00:00,23387.44921875,23387.44921875,23389.30078125,23381.75,23383.94921875,0
2026-06-12 06:27:00+00:00,23385.900390625,23385.900390625,23388.400390625,23384.19921875,23388.349609375,0
2026-06-12 06:28:00+00:00,23384.05078125,23384.05078125,23388.25,23383.099609375,23387.349609375,0
2026-06-12 06:29:00+00:00,23378.19921875,23378.19921875,23385.25,23376.75,23385.25,0
2026-06-12 06:30:00+00:00,23372.349609375,23372.349609375,23380.099609375,23372.05078125,23380.099609375,0
2026-06-12 06:31:00+00:00,23377.349609375,23377.349609375,23379.099609375,23371.849609375,23374.19921875,0
2026-06-12 06:32:00+00:00,23378.69921875,23378.69921875,23380.400390625,23376.69921875,23378.5,0
2026-06-12 06:33:00+00:00,23376.05078125,23376.05078125,23381.05078125,23375.349609375,23379.75,0
2026-06-12 06:34:00+00:00,23379.25,23379.25,23383.55078125,23375.55078125,23377.0,0
2026-06-12 06:35:00+00:00,23377.400390625,23377.400390625,23381.19921875,23376.30078125,23380.5,0
2026-06-12 06:36:00+00:00,23376.5,23376.5,23380.5,23375.599609375,23378.05078125,0
2026-06-12 06:37:00+00:00,23373.900390625,23373.900390625,23379.94921875,23373.5,23377.19921875,0
2026-06-12 06:38:00+00:00,23370.5,23370.5,23375.5,23366.150390625,23375.5,0
2026-06-12 06:39:00+00:00,23363.44921875,23363.44921875,23371.849609375,23362.900390625,23370.849609375,0
2026-06-12 06:40:00+00:00,23357.55078125,23357.55078125,23365.5,23356.94921875,23365.349609375,0
2026-06-12 06:41:00+00:00,23355.900390625,23355.900390625,23358.5,23351.0,23358.099609375,0
2026-06-12 06:42:00+00:00,23351.44921875,23351.44921875,23357.349609375,23350.19921875,23357.349609375,0
2026-06-12 06:43:00+00:00,23345.55078125,23345.55078125,23352.30078125,23344.099609375,23352.30078125,0
2026-06-12 06:44:00+00:00,23347.400390625,23347.400390625,23348.099609375,23343.349609375,23346.599609375,0
2026-06-12 06:45:00+00:00,23348.849609375,23348.849609375,23351.849609375,23347.25,23349.44921875,0
2026-06-12 06:46:00+00:00,23350.25,23350.25,23352.30078125,23348.25,23349.69921875,0
2026-06-12 06:47:00+00:00,23352.30078125,23352.30078125,23353.150390625,23350.05078125,23351.400390625,0
2026-06-12 06:48:00+00:00,23346.5,23346.5,23353.849609375,23344.150390625,23353.5,0
2026-06-12 06:49:00+00:00,23346.19921875,23346.19921875,23348.400390625,23343.5,23348.25,0
2026-06-12 06:50:00+00:00,23356.05078125,23356.05078125,23357.650390625,23345.849609375,23346.900390625,0
2026-06-12 06:51:00+00:00,23360.25,23360.25,23360.900390625,23355.400390625,23357.44921875,0
2026-06-12 06:52:00+00:00,23362.849609375,23362.849609375,23364.30078125,23357.44921875,23361.150390625,0
2026-06-12 06:53:00+00:00,23363.44921875,23363.44921875,23365.55078125,23361.349609375,23364.599609375,0
2026-06-12 06:54:00+00:00,23365.30078125,23365.30078125,23365.75,23361.599609375,23364.599609375,0
2026-06-12 06:55:00+00:00,23368.099609375,23368.099609375,23368.099609375,23364.0,23366.75,0
2026-06-12 06:56:00+00:00,23365.5,23365.5,23369.900390625,23364.599609375,23368.94921875,0
2026-06-12 06:57:00+00:00,23366.650390625,23366.650390625,23368.80078125,23365.30078125,23366.0,0
2026-06-12 06:58:00+00:00,23366.69921875,23366.69921875,23368.599609375,23364.150390625,23368.30078125,0
2026-06-12 06:59:00+00:00,23365.30078125,23365.30078125,23367.650390625,23363.5,23367.650390625,0
2026-06-12 07:00:00+00:00,23356.5,23356.5,23365.900390625,23354.30078125,23365.900390625,0
2026-06-12 07:01:00+00:00,23353.849609375,23353.849609375,23359.0,23353.30078125,23357.94921875,0
2026-06-12 07:02:00+00:00,23353.099609375,23353.099609375,23356.400390625,23352.349609375,23354.69921875,0
2026-06-12 07:03:00+00:00,23344.44921875,23344.44921875,23354.80078125,23343.44921875,23354.150390625,0
2026-06-12 07:04:00+00:00,23350.650390625,23350.650390625,23352.099609375,23343.69921875,23346.5,0
2026-06-12 07:05:00+00:00,23347.30078125,23347.30078125,23351.900390625,23346.69921875,23351.900390625,0
2026-06-12 07:06:00+00:00,23346.400390625,23346.400390625,23348.80078125,23343.75,23348.80078125,0
2026-06-12 07:07:00+00:00,23345.650390625,23345.650390625,23347.80078125,23343.30078125,23347.44921875,0
2026-06-12 07:08:00+00:00,23343.75,23343.75,23346.650390625,23342.55078125,23346.650390625,0
2026-06-12 07:09:00+00:00,23342.650390625,23342.650390625,23345.650390625,23338.05078125,23344.599609375,0
2026-06-12 07:10:00+00:00,23339.599609375,23339.599609375,23345.55078125,23337.80078125,23343.75,0
2026-06-12 07:11:00+00:00,23333.44921875,23333.44921875,23340.30078125,23332.150390625,23339.900390625,0
2026-06-12 07:12:00+00:00,23330.349609375,23330.349609375,23334.400390625,23329.400390625,23334.400390625,0
2026-06-12 07:13:00+00:00,23323.25,23323.25,23332.0,23322.80078125,23332.0,0
2026-06-12 07:14:00+00:00,23321.55078125,23321.55078125,23324.69921875,23320.599609375,23324.0,0
2026-06-12 07:15:00+00:00,23319.849609375,23319.849609375,23323.349609375,23314.0,23323.0,0
2026-06-12 07:16:00+00:00,23322.69921875,23322.69921875,23322.80078125,23316.150390625,23321.650390625,0
2026-06-12 07:17:00+00:00,23320.30078125,23320.30078125,23325.849609375,23320.19921875,23323.25,0
2026-06-12 07:18:00+00:00,23319.30078125,23319.30078125,23323.19921875,23318.19921875,23321.69921875,0
2026-06-12 07:19:00+00:00,23317.150390625,23317.150390625,23320.650390625,23315.5,23320.650390625,0
2026-06-12 07:20:00+00:00,23319.099609375,23319.099609375,23319.099609375,23314.55078125,23318.05078125,0
2026-06-12 07:21:00+00:00,23324.55078125,23324.55078125,23325.0,23318.80078125,23319.94921875,0
2026-06-12 07:22:00+00:00,23321.75,23321.75,23326.150390625,23321.150390625,23325.44921875,0
2026-06-12 07:23:00+00:00,23324.0,23324.0,23324.150390625,23317.55078125,23322.69921875,0
2026-06-12 07:24:00+00:00,23327.55078125,23327.55078125,23327.80078125,23319.900390625,23324.650390625,0
2026-06-12 07:25:00+00:00,23324.55078125,23324.55078125,23328.099609375,23323.5,23328.099609375,0
2026-06-12 07:26:00+00:00,23328.099609375,23328.099609375,23329.099609375,23322.599609375,23325.849609375,0
2026-06-12 07:27:00+00:00,23322.75,23322.75,23329.900390625,23322.25,23329.650390625,0
2026-06-12 07:28:00+00:00,23323.900390625,23323.900390625,23324.80078125,23319.75,23323.94921875,0
2026-06-12 07:29:00+00:00,23325.30078125,23325.30078125,23325.80078125,23321.900390625,23325.150390625,0
2026-06-12 07:30:00+00:00,23324.349609375,23324.349609375,23326.75,23322.25,23326.75,0
2026-06-12 07:31:00+00:00,23327.55078125,23327.55078125,23328.75,23323.900390625,23325.05078125,0
2026-06-12 07:32:00+00:00,23325.30078125,23325.30078125,23328.94921875,23324.150390625,23328.94921875,0
2026-06-12 07:33:00+00:00,23332.099609375,23332.099609375,23333.599609375,23324.94921875,23326.19921875,0
2026-06-12 07:34:00+00:00,23331.30078125,23331.30078125,23334.099609375,23329.849609375,23333.349609375,0
2026-06-12 07:35:00+00:00,23338.44921875,23338.44921875,23338.849609375,23330.44921875,23331.650390625,0
2026-06-12 07:36:00+00:00,23337.599609375,23337.599609375,23340.69921875,23336.44921875,23340.30078125,0
2026-06-12 07:37:00+00:00,23330.05078125,23330.05078125,23338.599609375,23329.099609375,23338.599609375,0
2026-06-12 07:38:00+00:00,23329.55078125,23329.55078125,23331.55078125,23328.75,23330.75,0
2026-06-12 07:39:00+00:00,23334.25,23334.25,23334.30078125,23328.94921875,23330.55078125,0
2026-06-12 07:40:00+00:00,23335.75,23335.75,23336.75,23333.69921875,23335.0,0
2026-06-12 07:41:00+00:00,23339.05078125,23339.05078125,23339.599609375,23334.849609375,23336.25,0
2026-06-12 07:42:00+00:00,23335.94921875,23335.94921875,23344.05078125,23335.900390625,23340.150390625,0
2026-06-12 07:43:00+00:00,23332.650390625,23332.650390625,23336.900390625,23331.69921875,23336.80078125,0
2026-06-12 07:44:00+00:00,23336.25,23336.25,23336.75,23329.099609375,23333.25,0
2026-06-12 07:45:00+00:00,23340.75,23340.75,23340.849609375,23334.55078125,23336.94921875,0
2026-06-12 07:46:00+00:00,23339.55078125,23339.55078125,23342.80078125,23338.400390625,23341.099609375,0
2026-06-12 07:47:00+00:00,23342.099609375,23342.099609375,23342.69921875,23336.099609375,23339.900390625,0
2026-06-12 07:48:00+00:00,23345.75,23345.75,23347.19921875,23339.900390625,23343.849609375,0
2026-06-12 07:49:00+00:00,23343.19921875,23343.19921875,23348.0,23342.69921875,23346.650390625,0
2026-06-12 07:50:00+00:00,23343.150390625,23343.150390625,23345.75,23342.099609375,23344.400390625,0
2026-06-12 07:51:00+00:00,23342.150390625,23342.150390625,23345.44921875,23341.30078125,23344.19921875,0
2026-06-12 07:52:00+00:00,23344.19921875,23344.19921875,23345.150390625,23342.25,23342.900390625,0
2026-06-12 07:53:00+00:00,23343.19921875,23343.19921875,23347.099609375,23343.0,23345.150390625,0
2026-06-12 07:54:00+00:00,23331.05078125,23331.05078125,23345.099609375,23330.0,23345.099609375,0
2026-06-12 07:55:00+00:00,23323.400390625,23323.400390625,23332.05078125,23321.599609375,23332.05078125,0
2026-06-12 07:56:00+00:00,23355.349609375,23355.349609375,23355.349609375,23322.80078125,23324.0,0
2026-06-12 07:57:00+00:00,23372.30078125,23372.30078125,23390.5,23357.30078125,23357.30078125,0
2026-06-12 07:58:00+00:00,23383.30078125,23383.30078125,23383.94921875,23372.099609375,23373.05078125,0
2026-06-12 07:59:00+00:00,23388.94921875,23388.94921875,23392.5,23383.849609375,23384.75,0
2026-06-12 08:00:00+00:00,23394.80078125,23394.80078125,23403.19921875,23389.05078125,23390.400390625,0
2026-06-12 08:01:00+00:00,23404.900390625,23404.900390625,23407.69921875,23391.599609375,23396.400390625,0
2026-06-12 08:02:00+00:00,23420.349609375,23420.349609375,23420.349609375,23405.5,23406.94921875,0
2026-06-12 08:03:00+00:00,23423.75,23423.75,23427.19921875,23421.25,23421.400390625,0
2026-06-12 08:04:00+00:00,23426.55078125,23426.55078125,23429.849609375,23419.400390625,23426.0,0
2026-06-12 08:05:00+00:00,23431.55078125,23431.55078125,23431.650390625,23424.349609375,23426.69921875,0
2026-06-12 08:06:00+00:00,23442.650390625,23442.650390625,23444.25,23430.099609375,23432.80078125,0
2026-06-12 08:07:00+00:00,23453.30078125,23453.30078125,23453.30078125,23443.150390625,23444.05078125,0
2026-06-12 08:08:00+00:00,23456.099609375,23456.099609375,23458.75,23452.05078125,23455.05078125,0
2026-06-12 08:09:00+00:00,23461.69921875,23461.69921875,23463.55078125,23454.69921875,23457.400390625,0
2026-06-12 08:10:00+00:00,23475.69921875,23475.69921875,23476.44921875,23461.55078125,23463.44921875,0
2026-06-12 08:11:00+00:00,23467.599609375,23467.599609375,23480.099609375,23460.900390625,23477.05078125,0
2026-06-12 08:12:00+00:00,23460.44921875,23460.44921875,23468.900390625,23459.5,23468.900390625,0
2026-06-12 08:13:00+00:00,23468.349609375,23468.349609375,23468.349609375,23459.099609375,23459.75,0
2026-06-12 08:14:00+00:00,23474.599609375,23474.599609375,23475.75,23467.19921875,23469.599609375,0
2026-06-12 08:15:00+00:00,23470.900390625,23470.900390625,23478.55078125,23468.44921875,23476.150390625,0
2026-06-12 08:16:00+00:00,23482.150390625,23482.150390625,23484.19921875,23471.0,23473.69921875,0
2026-06-12 08:17:00+00:00,23494.94921875,23494.94921875,23495.44921875,23480.55078125,23483.44921875,0
2026-06-12 08:18:00+00:00,23494.05078125,23494.05078125,23496.099609375,23486.75,23496.099609375,0
2026-06-12 08:19:00+00:00,23492.0,23492.0,23498.05078125,23491.05078125,23494.94921875,0
2026-06-12 08:20:00+00:00,23478.55078125,23478.55078125,23494.55078125,23475.30078125,23494.55078125,0
2026-06-12 08:21:00+00:00,23490.44921875,23490.44921875,23490.69921875,23477.69921875,23479.94921875,0
2026-06-12 08:22:00+00:00,23492.05078125,23492.05078125,23496.94921875,23489.75,23491.099609375,0
2026-06-12 08:23:00+00:00,23491.150390625,23491.150390625,23492.75,23488.05078125,23492.75,0
2026-06-12 08:24:00+00:00,23489.05078125,23489.05078125,23493.69921875,23485.650390625,23491.94921875,0
2026-06-12 08:25:00+00:00,23491.849609375,23491.849609375,23495.75,23487.80078125,23489.849609375,0
2026-06-12 08:26:00+00:00,23492.0,23492.0,23493.5,23486.05078125,23493.44921875,0
2026-06-12 08:27:00+00:00,23504.849609375,23504.849609375,23505.349609375,23491.5,23493.650390625,0
2026-06-12 08:28:00+00:00,23504.44921875,23504.44921875,23506.150390625,23496.94921875,23506.150390625,0
2026-06-12 08:29:00+00:00,23507.44921875,23507.44921875,23511.0,23502.599609375,23505.80078125,0
2026-06-12 08:30:00+00:00,23507.400390625,23507.400390625,23512.0,23503.94921875,23509.69921875,0
2026-06-12 08:31:00+00:00,23497.349609375,23497.349609375,23508.400390625,23496.599609375,23508.0,0
2026-06-12 08:32:00+00:00,23502.5,23502.5,23504.150390625,23496.69921875,23498.80078125,0
2026-06-12 08:33:00+00:00,23512.400390625,23512.400390625,23514.75,23501.849609375,23504.0,0
2026-06-12 08:34:00+00:00,23519.19921875,23519.19921875,23519.19921875,23510.19921875,23514.349609375,0
2026-06-12 08:35:00+00:00,23512.44921875,23512.44921875,23523.25,23510.55078125,23520.25,0
2026-06-12 08:36:00+00:00,23511.94921875,23511.94921875,23516.05078125,23506.5,23513.650390625,0
2026-06-12 08:37:00+00:00,23511.94921875,23511.94921875,23513.150390625,23507.69921875,23513.150390625,0
2026-06-12 08:38:00+00:00,23509.650390625,23509.650390625,23512.599609375,23507.55078125,23512.599609375,0
2026-06-12 08:39:00+00:00,23509.349609375,23509.349609375,23511.30078125,23506.349609375,23510.44921875,0
2026-06-12 08:40:00+00:00,23498.30078125,23498.30078125,23511.0,23497.19921875,23510.150390625,0
2026-06-12 08:41:00+00:00,23511.30078125,23511.30078125,23512.30078125,23496.55078125,23499.5,0
2026-06-12 08:42:00+00:00,23513.900390625,23513.900390625,23517.25,23509.19921875,23512.900390625,0
2026-06-12 08:43:00+00:00,23520.849609375,23520.849609375,23521.599609375,23512.25,23515.400390625,0
2026-06-12 08:44:00+00:00,23527.5,23527.5,23530.75,23520.5,23521.80078125,0
2026-06-12 08:45:00+00:00,23533.900390625,23533.900390625,23535.150390625,23527.25,23528.19921875,0
2026-06-12 08:46:00+00:00,23530.150390625,23530.150390625,23536.25,23525.900390625,23536.25,0
2026-06-12 08:47:00+00:00,23529.05078125,23529.05078125,23536.05078125,23528.650390625,23532.25,0
2026-06-12 08:48:00+00:00,23532.849609375,23532.849609375,23532.849609375,23524.599609375,23530.400390625,0
2026-06-12 08:49:00+00:00,23535.75,23535.75,23537.400390625,23531.55078125,23533.69921875,0
2026-06-12 08:50:00+00:00,23532.400390625,23532.400390625,23538.05078125,23526.94921875,23536.69921875,0
2026-06-12 08:51:00+00:00,23535.5,23535.5,23535.5,23527.099609375,23533.0,0
2026-06-12 08:52:00+00:00,23534.400390625,23534.400390625,23536.05078125,23530.900390625,23535.650390625,0
2026-06-12 08:53:00+00:00,23534.900390625,23534.900390625,23535.69921875,23530.44921875,23534.599609375,0
2026-06-12 08:54:00+00:00,23534.099609375,23534.099609375,23539.650390625,23532.69921875,23536.19921875,0
2026-06-12 08:55:00+00:00,23528.55078125,23528.55078125,23536.849609375,23527.650390625,23535.150390625,0
2026-06-12 08:56:00+00:00,23526.5,23526.5,23531.69921875,23525.30078125,23529.849609375,0
2026-06-12 08:57:00+00:00,23532.900390625,23532.900390625,23535.30078125,23525.5,23527.44921875,0
2026-06-12 08:58:00+00:00,23543.0,23543.0,23543.25,23530.19921875,23533.55078125,0
2026-06-12 08:59:00+00:00,23547.80078125,23547.80078125,23549.650390625,23541.75,23543.849609375,0
2026-06-12 09:00:00+00:00,23549.75,23549.75,23551.150390625,23542.5,23549.30078125,0
2026-06-12 09:01:00+00:00,23550.55078125,23550.55078125,23556.849609375,23549.75,23551.400390625,0
2026-06-12 09:02:00+00:00,23553.900390625,23553.900390625,23557.44921875,23548.849609375,23552.44921875,0
2026-06-12 09:03:00+00:00,23553.099609375,23553.099609375,23555.849609375,23550.80078125,23554.55078125,0
2026-06-12 09:04:00+00:00,23548.69921875,23548.69921875,23553.900390625,23546.80078125,23553.900390625,0
2026-06-12 09:05:00+00:00,23537.05078125,23537.05078125,23550.05078125,23537.05078125,23550.05078125,0
2026-06-12 09:06:00+00:00,23538.19921875,23538.19921875,23539.55078125,23532.900390625,23539.30078125,0
2026-06-12 09:07:00+00:00,23541.75,23541.75,23542.69921875,23536.849609375,23538.849609375,0
2026-06-12 09:08:00+00:00,23545.5,23545.5,23546.19921875,23541.30078125,23542.94921875,0
2026-06-12 09:09:00+00:00,23568.099609375,23568.099609375,23568.5,23544.150390625,23546.80078125,0
2026-06-12 09:10:00+00:00,23576.900390625,23576.900390625,23576.900390625,23568.900390625,23569.400390625,0
2026-06-12 09:11:00+00:00,23555.400390625,23555.400390625,23577.099609375,23554.05078125,23577.099609375,0
2026-06-12 09:12:00+00:00,23558.5,23558.5,23560.849609375,23554.94921875,23557.599609375,0
2026-06-12 09:13:00+00:00,23564.05078125,23564.05078125,23564.849609375,23558.05078125,23559.599609375,0
2026-06-12 09:14:00+00:00,23569.75,23569.75,23571.69921875,23561.94921875,23565.900390625,0
2026-06-12 09:15:00+00:00,23570.69921875,23570.69921875,23572.75,23568.349609375,23571.849609375,0
2026-06-12 09:16:00+00:00,23580.69921875,23580.69921875,23582.25,23569.900390625,23572.150390625,0
2026-06-12 09:17:00+00:00,23580.650390625,23580.650390625,23582.30078125,23576.650390625,23581.400390625,0
2026-06-12 09:18:00+00:00,23587.599609375,23587.599609375,23587.94921875,23579.55078125,23581.150390625,0
2026-06-12 09:19:00+00:00,23588.80078125,23588.80078125,23589.55078125,23584.44921875,23587.94921875,0
2026-06-12 09:20:00+00:00,23594.849609375,23594.849609375,23596.30078125,23588.0,23589.849609375,0
2026-06-12 09:21:00+00:00,23592.19921875,23592.19921875,23597.69921875,23590.19921875,23594.900390625,0
2026-06-12 09:22:00+00:00,23599.0,23599.0,23599.400390625,23588.5,23593.150390625,0
2026-06-12 09:23:00+00:00,23602.349609375,23602.349609375,23602.349609375,23594.30078125,23599.650390625,0
2026-06-12 09:24:00+00:00,23605.5,23605.5,23607.44921875,23600.599609375,23602.80078125,0
2026-06-12 09:25:00+00:00,23605.69921875,23605.69921875,23606.400390625,23599.94921875,23605.44921875,0
2026-06-12 09:26:00+00:00,23602.099609375,23602.099609375,23607.5,23600.400390625,23606.099609375,0
2026-06-12 09:27:00+00:00,23606.25,23606.25,23609.44921875,23600.69921875,23602.5,0
2026-06-12 09:28:00+00:00,23611.400390625,23611.400390625,23612.05078125,23603.349609375,23607.05078125,0
2026-06-12 09:29:00+00:00,23608.150390625,23608.150390625,23616.849609375,23606.94921875,23612.099609375,0
2026-06-12 09:30:00+00:00,23595.30078125,23595.30078125,23607.94921875,23584.55078125,23607.94921875,0
2026-06-12 09:31:00+00:00,23585.150390625,23585.150390625,23595.55078125,23581.650390625,23595.55078125,0
2026-06-12 09:32:00+00:00,23617.05078125,23617.05078125,23617.400390625,23584.900390625,23585.69921875,0
2026-06-12 09:33:00+00:00,23631.94921875,23631.94921875,23638.80078125,23617.400390625,23617.55078125,0
2026-06-12 09:34:00+00:00,23635.900390625,23635.900390625,23636.650390625,23625.19921875,23632.349609375,0
2026-06-12 09:35:00+00:00,23641.5,23641.5,23641.5,23630.349609375,23636.05078125,0
2026-06-12 09:36:00+00:00,23643.099609375,23643.099609375,23645.19921875,23639.099609375,23642.150390625,0
2026-06-12 09:37:00+00:00,23634.849609375,23634.849609375,23644.80078125,23632.849609375,23643.25,0
2026-06-12 09:38:00+00:00,23632.05078125,23632.05078125,23636.650390625,23625.44921875,23636.650390625,0
2026-06-12 09:39:00+00:00,23620.05078125,23620.05078125,23631.099609375,23619.05078125,23630.599609375,0
2026-06-12 09:40:00+00:00,23612.400390625,23612.400390625,23621.19921875,23607.5,23621.19921875,0
2026-06-12 09:41:00+00:00,23618.0,23618.0,23618.19921875,23607.400390625,23612.75,0
2026-06-12 09:42:00+00:00,23620.849609375,23620.849609375,23623.55078125,23615.55078125,23618.55078125,0
2026-06-12 09:43:00+00:00,23619.849609375,23619.849609375,23622.19921875,23617.05078125,23620.0,0
2026-06-12 09:44:00+00:00,23621.80078125,23621.80078125,23624.099609375,23618.19921875,23621.349609375,0
2026-06-12 09:45:00+00:00,23616.849609375,23616.849609375,23621.25,23612.150390625,23620.94921875,0
2026-06-12 09:46:00+00:00,23622.30078125,23622.30078125,23624.0,23616.650390625,23617.349609375,0
2026-06-12 09:47:00+00:00,23625.5,23625.5,23626.150390625,23618.80078125,23623.150390625,0
2026-06-12 09:48:00+00:00,23631.94921875,23631.94921875,23636.69921875,23624.30078125,23625.900390625,0
2026-06-12 09:49:00+00:00,23629.099609375,23629.099609375,23632.5,23624.099609375,23632.5,0
2026-06-12 09:50:00+00:00,23621.900390625,23621.900390625,23630.25,23620.099609375,23630.25,0
2026-06-12 09:51:00+00:00,23626.05078125,23626.05078125,23629.44921875,23622.150390625,23623.55078125,0
2026-06-12 09:52:00+00:00,23624.400390625,23624.400390625,23628.599609375,23623.25,23626.80078125,0
2026-06-12 09:53:00+00:00,23621.94921875,23621.94921875,23626.25,23620.75,23625.44921875,0
2026-06-12 09:54:00+00:00,23622.55078125,23622.55078125,23623.55078125,23614.599609375,23622.400390625,0
2026-06-12 09:55:00+00:00,23626.44921875,23626.44921875,23627.400390625,23620.19921875,23623.349609375,0
2026-06-12 09:56:00+00:00,23630.400390625,23630.400390625,23633.80078125,23626.0,23627.5,0
2026-06-12 09:57:00+00:00,23629.400390625,23629.400390625,23634.44921875,23626.849609375,23630.150390625,0
2026-06-12 09:58:00+00:00,23629.69921875,23629.69921875,23635.150390625,23625.19921875,23635.150390625,0
2026-06-12 09:59:00+00:00,23631.75,23631.75,23639.349609375,23622.75,23629.5,0
2026-06-15 03:45:00+00:00,23962.25,23962.25,24004.69921875,23946.44921875,23984.849609375,0
2026-06-15 03:46:00+00:00,23962.75,23962.75,23972.80078125,23949.349609375,23962.150390625,0
2026-06-15 03:47:00+00:00,23962.0,23962.0,23969.30078125,23958.400390625,23961.75,0
2026-06-15 03:48:00+00:00,23959.900390625,23959.900390625,23977.5,23958.5,23961.599609375,0
2026-06-15 03:49:00+00:00,23945.599609375,23945.599609375,23960.69921875,23934.349609375,23959.55078125,0
2026-06-15 03:50:00+00:00,23950.400390625,23950.400390625,23958.30078125,23943.900390625,23946.19921875,0
2026-06-15 03:51:00+00:00,23950.150390625,23950.150390625,23958.19921875,23944.80078125,23949.69921875,0
2026-06-15 03:52:00+00:00,23959.94921875,23959.94921875,23959.94921875,23947.19921875,23947.19921875,0
2026-06-15 03:53:00+00:00,23960.099609375,23960.099609375,23961.30078125,23952.80078125,23960.150390625,0
2026-06-15 03:54:00+00:00,23957.599609375,23957.599609375,23962.30078125,23951.55078125,23959.849609375,0
2026-06-15 03:55:00+00:00,23948.099609375,23948.099609375,23962.30078125,23943.25,23956.75,0
2026-06-15 03:56:00+00:00,23948.5,23948.5,23950.400390625,23941.30078125,23947.30078125,0
2026-06-15 03:57:00+00:00,23939.849609375,23939.849609375,23954.650390625,23938.44921875,23949.05078125,0
2026-06-15 03:58:00+00:00,23943.5,23943.5,23950.599609375,23939.55078125,23939.94921875,0
2026-06-15 03:59:00+00:00,23944.69921875,23944.69921875,23949.900390625,23940.349609375,23943.19921875,0
2026-06-15 04:00:00+00:00,23949.099609375,23949.099609375,23952.099609375,23943.0,23946.150390625,0
2026-06-15 04:01:00+00:00,23945.25,23945.25,23951.75,23943.849609375,23948.099609375,0
2026-06-15 04:02:00+00:00,23933.05078125,23933.05078125,23947.25,23928.5,23945.5,0
2026-06-15 04:03:00+00:00,23940.44921875,23940.44921875,23942.0,23930.650390625,23932.349609375,0
2026-06-15 04:04:00+00:00,23945.900390625,23945.900390625,23950.599609375,23939.44921875,23941.19921875,0
2026-06-15 04:05:00+00:00,23937.75,23937.75,23950.400390625,23934.150390625,23946.69921875,0
2026-06-15 04:06:00+00:00,23945.849609375,23945.849609375,23946.900390625,23935.80078125,23937.650390625,0
2026-06-15 04:07:00+00:00,23938.05078125,23938.05078125,23949.5,23935.650390625,23947.0,0
2026-06-15 04:08:00+00:00,23937.0,23937.0,23940.30078125,23931.849609375,23938.19921875,0
2026-06-15 04:09:00+00:00,23938.0,23938.0,23945.400390625,23935.849609375,23937.400390625,0
2026-06-15 04:10:00+00:00,23948.400390625,23948.400390625,23950.400390625,23937.900390625,23937.900390625,0
2026-06-15 04:11:00+00:00,23951.19921875,23951.19921875,23951.44921875,23943.75,23948.75,0
2026-06-15 04:12:00+00:00,23950.80078125,23950.80078125,23958.849609375,23948.849609375,23950.599609375,0
2026-06-15 04:13:00+00:00,23959.5,23959.5,23959.55078125,23949.900390625,23951.900390625,0
2026-06-15 04:14:00+00:00,23964.849609375,23964.849609375,23965.900390625,23954.80078125,23958.80078125,0
2026-06-15 04:15:00+00:00,23969.19921875,23969.19921875,23972.25,23963.25,23965.69921875,0
2026-06-15 04:16:00+00:00,23972.94921875,23972.94921875,23975.69921875,23968.44921875,23969.55078125,0
2026-06-15 04:17:00+00:00,23971.55078125,23971.55078125,23980.44921875,23971.5,23973.55078125,0
2026-06-15 04:18:00+00:00,23975.94921875,23975.94921875,23977.599609375,23968.25,23972.55078125,0
2026-06-15 04:19:00+00:00,23971.80078125,23971.80078125,23977.75,23967.94921875,23976.30078125,0
2026-06-15 04:20:00+00:00,23967.0,23967.0,23975.150390625,23966.05078125,23972.150390625,0
2026-06-15 04:21:00+00:00,23965.25,23965.25,23968.80078125,23963.94921875,23967.25,0
2026-06-15 04:22:00+00:00,23966.150390625,23966.150390625,23973.05078125,23962.900390625,23965.0,0
2026-06-15 04:23:00+00:00,23961.75,23961.75,23967.75,23957.94921875,23966.19921875,0
2026-06-15 04:24:00+00:00,23958.30078125,23958.30078125,23962.94921875,23955.25,23960.80078125,0
2026-06-15 04:25:00+00:00,23953.099609375,23953.099609375,23960.849609375,23953.099609375,23958.099609375,0
2026-06-15 04:26:00+00:00,23952.849609375,23952.849609375,23958.0,23950.25,23954.099609375,0
2026-06-15 04:27:00+00:00,23951.44921875,23951.44921875,23955.099609375,23947.5,23953.25,0
2026-06-15 04:28:00+00:00,23943.30078125,23943.30078125,23955.5,23940.099609375,23951.599609375,0
2026-06-15 04:29:00+00:00,23946.44921875,23946.44921875,23949.44921875,23939.75,23943.44921875,0
2026-06-15 04:30:00+00:00,23956.69921875,23956.69921875,23956.69921875,23945.900390625,23945.94921875,0
2026-06-15 04:31:00+00:00,23966.650390625,23966.650390625,23967.94921875,23954.650390625,23957.30078125,0
2026-06-15 04:32:00+00:00,23962.94921875,23962.94921875,23968.19921875,23960.900390625,23967.69921875,0
2026-06-15 04:33:00+00:00,23958.400390625,23958.400390625,23964.099609375,23951.94921875,23964.099609375,0
2026-06-15 04:34:00+00:00,23957.900390625,23957.900390625,23962.099609375,23955.400390625,23958.849609375,0
2026-06-15 04:35:00+00:00,23957.30078125,23957.30078125,23960.5,23955.94921875,23958.25,0
2026-06-15 04:36:00+00:00,23951.150390625,23951.150390625,23958.099609375,23947.599609375,23956.75,0
2026-06-15 04:37:00+00:00,23944.650390625,23944.650390625,23952.69921875,23941.849609375,23951.80078125,0
2026-06-15 04:38:00+00:00,23945.75,23945.75,23946.599609375,23940.650390625,23944.849609375,0
2026-06-15 04:39:00+00:00,23946.55078125,23946.55078125,23949.400390625,23944.75,23945.55078125,0
2026-06-15 04:40:00+00:00,23949.849609375,23949.849609375,23952.599609375,23944.849609375,23946.349609375,0
2026-06-15 04:41:00+00:00,23944.900390625,23944.900390625,23951.19921875,23944.150390625,23950.19921875,0
2026-06-15 04:42:00+00:00,23936.05078125,23936.05078125,23946.400390625,23935.80078125,23945.25,0
2026-06-15 04:43:00+00:00,23938.44921875,23938.44921875,23942.19921875,23933.55078125,23935.599609375,0
2026-06-15 04:44:00+00:00,23945.5,23945.5,23946.69921875,23938.400390625,23938.849609375,0
2026-06-15 04:45:00+00:00,23943.400390625,23943.400390625,23948.44921875,23940.650390625,23945.05078125,0
2026-06-15 04:46:00+00:00,23940.599609375,23940.599609375,23944.349609375,23938.0,23943.25,0
2026-06-15 04:47:00+00:00,23939.30078125,23939.30078125,23943.44921875,23936.55078125,23940.30078125,0
2026-06-15 04:48:00+00:00,23939.30078125,23939.30078125,23941.19921875,23936.55078125,23939.349609375,0
2026-06-15 04:49:00+00:00,23941.849609375,23941.849609375,23943.75,23938.650390625,23938.650390625,0
2026-06-15 04:50:00+00:00,23941.0,23941.0,23943.150390625,23935.599609375,23941.650390625,0
2026-06-15 04:51:00+00:00,23948.75,23948.75,23954.30078125,23939.75,23940.30078125,0
2026-06-15 04:52:00+00:00,23952.05078125,23952.05078125,23955.0,23948.25,23948.900390625,0
2026-06-15 04:53:00+00:00,23949.19921875,23949.19921875,23954.099609375,23947.849609375,23952.55078125,0
2026-06-15 04:54:00+00:00,23948.44921875,23948.44921875,23952.94921875,23948.05078125,23949.099609375,0
2026-06-15 04:55:00+00:00,23947.5,23947.5,23951.55078125,23943.849609375,23948.849609375,0
2026-06-15 04:56:00+00:00,23951.349609375,23951.349609375,23954.44921875,23946.30078125,23948.19921875,0
2026-06-15 04:57:00+00:00,23953.349609375,23953.349609375,23954.80078125,23950.599609375,23951.80078125,0
2026-06-15 04:58:00+00:00,23958.05078125,23958.05078125,23959.150390625,23950.30078125,23952.400390625,0
2026-06-15 04:59:00+00:00,23962.650390625,23962.650390625,23968.650390625,23956.44921875,23957.900390625,0
2026-06-15 05:00:00+00:00,23968.25,23968.25,23970.099609375,23962.55078125,23962.55078125,0
2026-06-15 05:01:00+00:00,23970.55078125,23970.55078125,23973.25,23966.150390625,23969.05078125,0
2026-06-15 05:02:00+00:00,23965.94921875,23965.94921875,23972.55078125,23961.94921875,23970.55078125,0
2026-06-15 05:03:00+00:00,23970.69921875,23970.69921875,23973.0,23964.30078125,23965.55078125,0
2026-06-15 05:04:00+00:00,23973.0,23973.0,23973.5,23967.400390625,23971.25,0
2026-06-15 05:05:00+00:00,23970.25,23970.25,23973.150390625,23969.25,23972.599609375,0
2026-06-15 05:06:00+00:00,23970.44921875,23970.44921875,23972.5,23966.849609375,23969.5,0
2026-06-15 05:07:00+00:00,23970.849609375,23970.849609375,23972.150390625,23967.150390625,23970.0,0
2026-06-15 05:08:00+00:00,23976.05078125,23976.05078125,23977.05078125,23970.099609375,23971.099609375,0
2026-06-15 05:09:00+00:00,23973.05078125,23973.05078125,23976.599609375,23969.150390625,23973.849609375,0
2026-06-15 05:10:00+00:00,23975.099609375,23975.099609375,23976.05078125,23969.650390625,23973.599609375,0
2026-06-15 05:11:00+00:00,23978.900390625,23978.900390625,23981.80078125,23975.25,23976.30078125,0
2026-06-15 05:12:00+00:00,23980.75,23980.75,23982.150390625,23976.400390625,23979.0,0
2026-06-15 05:13:00+00:00,23980.150390625,23980.150390625,23982.099609375,23977.400390625,23981.0,0
2026-06-15 05:14:00+00:00,23978.44921875,23978.44921875,23982.0,23976.099609375,23980.44921875,0
2026-06-15 05:15:00+00:00,23981.650390625,23981.650390625,23983.19921875,23974.75,23978.44921875,0
2026-06-15 05:16:00+00:00,23981.150390625,23981.150390625,23983.75,23978.69921875,23981.849609375,0
2026-06-15 05:17:00+00:00,23987.599609375,23987.599609375,23991.19921875,23981.19921875,23981.650390625,0
2026-06-15 05:18:00+00:00,23982.900390625,23982.900390625,23988.80078125,23982.75,23987.400390625,0
2026-06-15 05:19:00+00:00,23989.099609375,23989.099609375,23989.44921875,23981.099609375,23983.099609375,0
2026-06-15 05:20:00+00:00,23996.44921875,23996.44921875,23999.44921875,23989.150390625,23989.150390625,0
2026-06-15 05:21:00+00:00,24003.55078125,24003.55078125,24004.55078125,23994.80078125,23997.099609375,0
2026-06-15 05:22:00+00:00,24008.0,24008.0,24008.30078125,24002.05078125,24002.94921875,0
2026-06-15 05:23:00+00:00,24000.599609375,24000.599609375,24008.900390625,24000.349609375,24006.849609375,0
2026-06-15 05:24:00+00:00,23995.30078125,23995.30078125,24001.400390625,23993.05078125,24000.849609375,0
2026-06-15 05:25:00+00:00,24000.44921875,24000.44921875,24001.19921875,23995.25,23995.5,0
2026-06-15 05:26:00+00:00,24002.19921875,24002.19921875,24003.55078125,23996.849609375,24000.55078125,0
2026-06-15 05:27:00+00:00,24006.75,24006.75,24009.099609375,23998.650390625,24002.19921875,0
2026-06-15 05:28:00+00:00,24002.94921875,24002.94921875,24007.349609375,24000.30078125,24006.5,0
2026-06-15 05:29:00+00:00,24001.19921875,24001.19921875,24007.599609375,24000.94921875,24002.400390625,0
2026-06-15 05:30:00+00:00,23995.900390625,23995.900390625,24003.599609375,23995.349609375,24002.099609375,0
2026-06-15 05:31:00+00:00,23988.400390625,23988.400390625,23997.69921875,23985.5,23997.150390625,0
2026-06-15 05:32:00+00:00,23977.849609375,23977.849609375,23989.150390625,23977.80078125,23987.849609375,0
2026-06-15 05:33:00+00:00,23977.400390625,23977.400390625,23979.150390625,23971.55078125,23977.599609375,0
2026-06-15 05:34:00+00:00,23981.80078125,23981.80078125,23982.599609375,23976.599609375,23977.0,0
2026-06-15 05:35:00+00:00,23976.650390625,23976.650390625,23983.5,23973.900390625,23982.099609375,0
2026-06-15 05:36:00+00:00,23974.25,23974.25,23978.25,23971.55078125,23977.0,0
2026-06-15 05:37:00+00:00,23981.80078125,23981.80078125,23982.400390625,23970.900390625,23973.849609375,0
2026-06-15 05:38:00+00:00,23981.19921875,23981.19921875,23984.05078125,23980.19921875,23982.0,0
2026-06-15 05:39:00+00:00,23979.0,23979.0,23983.650390625,23978.94921875,23980.75,0
2026-06-15 05:40:00+00:00,23982.30078125,23982.30078125,23984.30078125,23975.80078125,23979.349609375,0
2026-06-15 05:41:00+00:00,23976.25,23976.25,23984.400390625,23973.5,23982.05078125,0
2026-06-15 05:42:00+00:00,23974.150390625,23974.150390625,23980.05078125,23970.80078125,23976.0,0
2026-06-15 05:43:00+00:00,23970.599609375,23970.599609375,23975.75,23969.349609375,23974.69921875,0
2026-06-15 05:44:00+00:00,23967.650390625,23967.650390625,23973.400390625,23966.30078125,23969.75,0
2026-06-15 05:45:00+00:00,23965.69921875,23965.69921875,23972.400390625,23964.30078125,23967.849609375,0
2026-06-15 05:46:00+00:00,23965.05078125,23965.05078125,23968.55078125,23962.5,23965.55078125,0
2026-06-15 05:47:00+00:00,23966.099609375,23966.099609375,23967.099609375,23962.599609375,23965.599609375,0
2026-06-15 05:48:00+00:00,23973.400390625,23973.400390625,23973.400390625,23965.30078125,23966.30078125,0
2026-06-15 05:49:00+00:00,23971.0,23971.0,23973.5,23967.05078125,23973.5,0
2026-06-15 05:50:00+00:00,23968.30078125,23968.30078125,23974.650390625,23967.349609375,23971.30078125,0
2026-06-15 05:51:00+00:00,23968.94921875,23968.94921875,23972.0,23967.900390625,23971.19921875,0
2026-06-15 05:52:00+00:00,23965.05078125,23965.05078125,23969.94921875,23962.19921875,23968.5,0
2026-06-15 05:53:00+00:00,23965.650390625,23965.650390625,23967.19921875,23963.400390625,23965.400390625,0
2026-06-15 05:54:00+00:00,23964.30078125,23964.30078125,23968.0,23963.05078125,23965.80078125,0
2026-06-15 05:55:00+00:00,23967.0,23967.0,23968.55078125,23964.75,23964.75,0
2026-06-15 05:56:00+00:00,23970.150390625,23970.150390625,23971.5,23967.099609375,23967.55078125,0
2026-06-15 05:57:00+00:00,23972.650390625,23972.650390625,23974.400390625,23970.55078125,23971.5,0
2026-06-15 05:58:00+00:00,23978.94921875,23978.94921875,23982.94921875,23972.0,23972.55078125,0
2026-06-15 05:59:00+00:00,23977.69921875,23977.69921875,23980.44921875,23974.849609375,23979.0,0
2026-06-15 06:00:00+00:00,23975.69921875,23975.69921875,23979.80078125,23975.099609375,23978.44921875,0
2026-06-15 06:01:00+00:00,23968.55078125,23968.55078125,23976.94921875,23968.25,23975.55078125,0
2026-06-15 06:02:00+00:00,23972.0,23972.0,23973.400390625,23968.19921875,23968.900390625,0
2026-06-15 06:03:00+00:00,23963.69921875,23963.69921875,23972.69921875,23961.94921875,23972.599609375,0
2026-06-15 06:04:00+00:00,23964.69921875,23964.69921875,23965.94921875,23961.150390625,23963.75,0
2026-06-15 06:05:00+00:00,23965.849609375,23965.849609375,23967.400390625,23963.25,23965.30078125,0
2026-06-15 06:06:00+00:00,23964.75,23964.75,23967.25,23963.25,23965.650390625,0
2026-06-15 06:07:00+00:00,23966.80078125,23966.80078125,23967.94921875,23963.80078125,23965.0,0
2026-06-15 06:08:00+00:00,23966.05078125,23966.05078125,23969.55078125,23961.44921875,23967.150390625,0
2026-06-15 06:09:00+00:00,23966.5,23966.5,23968.44921875,23962.599609375,23965.69921875,0
2026-06-15 06:10:00+00:00,23968.44921875,23968.44921875,23970.150390625,23965.400390625,23966.80078125,0
2026-06-15 06:11:00+00:00,23965.849609375,23965.849609375,23971.19921875,23964.30078125,23969.150390625,0
2026-06-15 06:12:00+00:00,23964.099609375,23964.099609375,23970.30078125,23963.25,23967.30078125,0
2026-06-15 06:13:00+00:00,23965.0,23965.0,23967.349609375,23963.69921875,23965.55078125,0
2026-06-15 06:14:00+00:00,23957.80078125,23957.80078125,23965.55078125,23957.25,23965.099609375,0
2026-06-15 06:15:00+00:00,23952.400390625,23952.400390625,23958.400390625,23950.69921875,23957.25,0
2026-06-15 06:16:00+00:00,23953.55078125,23953.55078125,23955.55078125,23950.099609375,23952.05078125,0
2026-06-15 06:17:00+00:00,23958.25,23958.25,23959.400390625,23950.0,23953.400390625,0
2026-06-15 06:18:00+00:00,23954.599609375,23954.599609375,23959.150390625,23953.400390625,23959.150390625,0
2026-06-15 06:19:00+00:00,23960.5,23960.5,23963.099609375,23952.80078125,23956.099609375,0
2026-06-15 06:20:00+00:00,23958.69921875,23958.69921875,23961.44921875,23955.650390625,23961.25,0
2026-06-15 06:21:00+00:00,23962.0,23962.0,23963.650390625,23958.94921875,23959.599609375,0
2026-06-15 06:22:00+00:00,23963.400390625,23963.400390625,23965.25,23961.69921875,23962.599609375,0
2026-06-15 06:23:00+00:00,23969.0,23969.0,23970.55078125,23962.650390625,23963.650390625,0
2026-06-15 06:24:00+00:00,23966.05078125,23966.05078125,23970.150390625,23965.400390625,23968.650390625,0
2026-06-15 06:25:00+00:00,23968.900390625,23968.900390625,23969.900390625,23966.400390625,23966.849609375,0
2026-06-15 06:26:00+00:00,23965.0,23965.0,23970.05078125,23962.400390625,23969.05078125,0
2026-06-15 06:27:00+00:00,23964.900390625,23964.900390625,23966.69921875,23962.69921875,23964.849609375,0
2026-06-15 06:28:00+00:00,23959.900390625,23959.900390625,23965.849609375,23956.69921875,23965.30078125,0
2026-06-15 06:29:00+00:00,23961.55078125,23961.55078125,23961.599609375,23957.05078125,23960.80078125,0
2026-06-15 06:30:00+00:00,23960.650390625,23960.650390625,23965.75,23959.30078125,23961.349609375,0
2026-06-15 06:31:00+00:00,23957.69921875,23957.69921875,23961.849609375,23955.94921875,23960.849609375,0
2026-06-15 06:32:00+00:00,23954.55078125,23954.55078125,23960.5,23953.349609375,23958.0,0
2026-06-15 06:33:00+00:00,23953.099609375,23953.099609375,23957.0,23950.150390625,23954.55078125,0
2026-06-15 06:34:00+00:00,23950.150390625,23950.150390625,23954.94921875,23949.099609375,23953.75,0
2026-06-15 06:35:00+00:00,23941.5,23941.5,23951.69921875,23941.25,23949.900390625,0
2026-06-15 06:36:00+00:00,23945.80078125,23945.80078125,23947.5,23938.25,23941.650390625,0
2026-06-15 06:37:00+00:00,23941.650390625,23941.650390625,23947.25,23941.150390625,23946.0,0
2026-06-15 06:38:00+00:00,23938.150390625,23938.150390625,23943.80078125,23937.900390625,23940.900390625,0
2026-06-15 06:39:00+00:00,23934.849609375,23934.849609375,23941.0,23933.25,23938.69921875,0
2026-06-15 06:40:00+00:00,23934.0,23934.0,23935.75,23930.05078125,23935.44921875,0
2026-06-15 06:41:00+00:00,23936.349609375,23936.349609375,23938.099609375,23933.94921875,23934.30078125,0
2026-06-15 06:42:00+00:00,23935.849609375,23935.849609375,23940.80078125,23935.30078125,23936.80078125,0
2026-06-15 06:43:00+00:00,23934.400390625,23934.400390625,23938.69921875,23933.599609375,23936.30078125,0
2026-06-15 06:44:00+00:00,23931.30078125,23931.30078125,23935.44921875,23930.19921875,23934.599609375,0
2026-06-15 06:45:00+00:00,23923.599609375,23923.599609375,23932.94921875,23923.599609375,23931.80078125,0
2026-06-15 06:46:00+00:00,23911.05078125,23911.05078125,23924.849609375,23910.0,23923.400390625,0
2026-06-15 06:47:00+00:00,23906.44921875,23906.44921875,23913.25,23906.05078125,23911.5,0
2026-06-15 06:48:00+00:00,23914.0,23914.0,23915.5,23906.5,23906.5,0
2026-06-15 06:49:00+00:00,23907.099609375,23907.099609375,23916.30078125,23906.599609375,23914.400390625,0
2026-06-15 06:50:00+00:00,23907.44921875,23907.44921875,23909.650390625,23903.05078125,23907.44921875,0
2026-06-15 06:51:00+00:00,23912.900390625,23912.900390625,23914.400390625,23907.849609375,23907.849609375,0
2026-06-15 06:52:00+00:00,23916.25,23916.25,23919.69921875,23912.69921875,23912.69921875,0
2026-06-15 06:53:00+00:00,23916.19921875,23916.19921875,23918.55078125,23914.0,23917.0,0
2026-06-15 06:54:00+00:00,23912.599609375,23912.599609375,23916.900390625,23911.30078125,23916.650390625,0
2026-06-15 06:55:00+00:00,23908.75,23908.75,23915.19921875,23906.849609375,23913.150390625,0
2026-06-15 06:56:00+00:00,23905.05078125,23905.05078125,23908.55078125,23903.69921875,23908.55078125,0
2026-06-15 06:57:00+00:00,23908.099609375,23908.099609375,23908.94921875,23903.599609375,23905.599609375,0
2026-06-15 06:58:00+00:00,23901.19921875,23901.19921875,23909.900390625,23901.19921875,23908.099609375,0
2026-06-15 06:59:00+00:00,23894.55078125,23894.55078125,23901.94921875,23893.80078125,23900.900390625,0
2026-06-15 07:00:00+00:00,23897.5,23897.5,23900.55078125,23892.44921875,23894.75,0
2026-06-15 07:01:00+00:00,23894.80078125,23894.80078125,23901.30078125,23894.69921875,23897.75,0
2026-06-15 07:02:00+00:00,23897.849609375,23897.849609375,23900.55078125,23895.150390625,23895.150390625,0
2026-06-15 07:03:00+00:00,23897.650390625,23897.650390625,23900.5,23896.30078125,23898.69921875,0
2026-06-15 07:04:00+00:00,23906.150390625,23906.150390625,23907.099609375,23895.30078125,23898.05078125,0
2026-06-15 07:05:00+00:00,23915.400390625,23915.400390625,23916.55078125,23905.80078125,23906.30078125,0
2026-06-15 07:06:00+00:00,23914.80078125,23914.80078125,23917.80078125,23913.849609375,23915.650390625,0
2026-06-15 07:07:00+00:00,23911.80078125,23911.80078125,23916.19921875,23911.25,23915.69921875,0
2026-06-15 07:08:00+00:00,23913.30078125,23913.30078125,23914.75,23910.44921875,23912.19921875,0
2026-06-15 07:09:00+00:00,23906.44921875,23906.44921875,23914.44921875,23905.05078125,23913.25,0
2026-06-15 07:10:00+00:00,23902.05078125,23902.05078125,23907.900390625,23900.099609375,23906.849609375,0
2026-06-15 07:11:00+00:00,23899.099609375,23899.099609375,23903.0,23898.55078125,23902.150390625,0
2026-06-15 07:12:00+00:00,23904.400390625,23904.400390625,23904.599609375,23897.349609375,23899.349609375,0
2026-06-15 07:13:00+00:00,23907.80078125,23907.80078125,23909.900390625,23904.05078125,23904.30078125,0
2026-06-15 07:14:00+00:00,23912.05078125,23912.05078125,23913.349609375,23907.69921875,23907.69921875,0
2026-06-15 07:15:00+00:00,23913.19921875,23913.19921875,23913.75,23909.900390625,23912.849609375,0
2026-06-15 07:16:00+00:00,23908.150390625,23908.150390625,23913.94921875,23907.69921875,23913.05078125,0
2026-06-15 07:17:00+00:00,23908.69921875,23908.69921875,23910.0,23905.94921875,23908.19921875,0
2026-06-15 07:18:00+00:00,23901.69921875,23901.69921875,23908.849609375,23900.900390625,23908.849609375,0
2026-06-15 07:19:00+00:00,23899.25,23899.25,23902.69921875,23898.099609375,23901.75,0
2026-06-15 07:20:00+00:00,23905.650390625,23905.650390625,23906.25,23896.650390625,23899.599609375,0
2026-06-15 07:21:00+00:00,23902.5,23902.5,23907.94921875,23901.94921875,23905.80078125,0
2026-06-15 07:22:00+00:00,23903.5,23903.5,23904.05078125,23899.650390625,23903.150390625,0
2026-06-15 07:23:00+00:00,23901.25,23901.25,23904.44921875,23900.0,23903.650390625,0
2026-06-15 07:24:00+00:00,23903.150390625,23903.150390625,23906.30078125,23901.400390625,23901.5,0
2026-06-15 07:25:00+00:00,23906.900390625,23906.900390625,23908.30078125,23903.150390625,23903.400390625,0
2026-06-15 07:26:00+00:00,23906.150390625,23906.150390625,23912.5,23905.19921875,23907.150390625,0
2026-06-15 07:27:00+00:00,23907.80078125,23907.80078125,23910.5,23904.900390625,23906.75,0
2026-06-15 07:28:00+00:00,23908.099609375,23908.099609375,23909.650390625,23907.0,23907.900390625,0
2026-06-15 07:29:00+00:00,23906.650390625,23906.650390625,23911.94921875,23905.400390625,23908.69921875,0
2026-06-15 07:30:00+00:00,23900.05078125,23900.05078125,23908.25,23900.05078125,23906.94921875,0
2026-06-15 07:31:00+00:00,23897.05078125,23897.05078125,23901.5,23896.30078125,23900.400390625,0
2026-06-15 07:32:00+00:00,23901.19921875,23901.19921875,23903.650390625,23896.55078125,23898.05078125,0
2026-06-15 07:33:00+00:00,23895.80078125,23895.80078125,23901.5,23892.80078125,23901.150390625,0
2026-06-15 07:34:00+00:00,23897.400390625,23897.400390625,23898.69921875,23894.94921875,23896.900390625,0
2026-06-15 07:35:00+00:00,23898.150390625,23898.150390625,23900.900390625,23897.150390625,23897.599609375,0
2026-06-15 07:36:00+00:00,23900.75,23900.75,23901.099609375,23893.94921875,23898.349609375,0
2026-06-15 07:37:00+00:00,23903.25,23903.25,23905.05078125,23899.150390625,23901.05078125,0
2026-06-15 07:38:00+00:00,23904.80078125,23904.80078125,23906.0,23901.400390625,23903.650390625,0
2026-06-15 07:39:00+00:00,23912.400390625,23912.400390625,23912.69921875,23904.349609375,23905.25,0
2026-06-15 07:40:00+00:00,23929.349609375,23929.349609375,23930.94921875,23912.0,23912.5,0
2026-06-15 07:41:00+00:00,23931.099609375,23931.099609375,23932.650390625,23926.05078125,23930.349609375,0
2026-06-15 07:42:00+00:00,23932.30078125,23932.30078125,23935.0,23931.349609375,23931.349609375,0
2026-06-15 07:43:00+00:00,23920.69921875,23920.69921875,23933.400390625,23918.650390625,23932.900390625,0
2026-06-15 07:44:00+00:00,23916.0,23916.0,23922.19921875,23915.30078125,23921.400390625,0
2026-06-15 07:45:00+00:00,23907.30078125,23907.30078125,23916.650390625,23905.150390625,23916.099609375,0
2026-06-15 07:46:00+00:00,23909.44921875,23909.44921875,23911.80078125,23905.25,23907.25,0
2026-06-15 07:47:00+00:00,23914.099609375,23914.099609375,23917.900390625,23909.599609375,23909.599609375,0
2026-06-15 07:48:00+00:00,23907.69921875,23907.69921875,23915.099609375,23906.75,23914.05078125,0
2026-06-15 07:49:00+00:00,23899.44921875,23899.44921875,23908.55078125,23897.19921875,23907.900390625,0
2026-06-15 07:50:00+00:00,23900.19921875,23900.19921875,23903.69921875,23897.900390625,23899.05078125,0
2026-06-15 07:51:00+00:00,23901.349609375,23901.349609375,23903.69921875,23899.30078125,23900.55078125,0
2026-06-15 07:52:00+00:00,23904.349609375,23904.349609375,23904.75,23900.19921875,23901.69921875,0
2026-06-15 07:53:00+00:00,23907.75,23907.75,23909.05078125,23903.94921875,23904.650390625,0
2026-06-15 07:54:00+00:00,23912.94921875,23912.94921875,23916.349609375,23908.0,23908.0,0
2026-06-15 07:55:00+00:00,23911.69921875,23911.69921875,23915.150390625,23907.19921875,23913.349609375,0
2026-06-15 07:56:00+00:00,23911.25,23911.25,23916.349609375,23911.25,23911.69921875,0
2026-06-15 07:57:00+00:00,23906.0,23906.0,23913.099609375,23905.5,23910.69921875,0
2026-06-15 07:58:00+00:00,23903.69921875,23903.69921875,23907.94921875,23903.19921875,23904.94921875,0
2026-06-15 07:59:00+00:00,23906.44921875,23906.44921875,23909.94921875,23903.69921875,23903.849609375,0
2026-06-15 08:00:00+00:00,23906.650390625,23906.650390625,23909.0,23904.5,23906.650390625,0
2026-06-15 08:01:00+00:00,23904.5,23904.5,23906.849609375,23903.19921875,23906.599609375,0
2026-06-15 08:02:00+00:00,23902.400390625,23902.400390625,23905.55078125,23900.400390625,23904.44921875,0
2026-06-15 08:03:00+00:00,23906.44921875,23906.44921875,23908.650390625,23901.900390625,23901.900390625,0
2026-06-15 08:04:00+00:00,23908.349609375,23908.349609375,23913.099609375,23906.0,23907.400390625,0
2026-06-15 08:05:00+00:00,23909.099609375,23909.099609375,23911.80078125,23907.0,23907.849609375,0
2026-06-15 08:06:00+00:00,23910.19921875,23910.19921875,23912.05078125,23907.599609375,23908.80078125,0
2026-06-15 08:07:00+00:00,23905.75,23905.75,23911.69921875,23905.349609375,23910.75,0
2026-06-15 08:08:00+00:00,23903.19921875,23903.19921875,23906.30078125,23902.5,23905.55078125,0
2026-06-15 08:09:00+00:00,23902.650390625,23902.650390625,23904.55078125,23895.349609375,23902.25,0
2026-06-15 08:10:00+00:00,23892.44921875,23892.44921875,23903.44921875,23892.349609375,23902.599609375,0
2026-06-15 08:11:00+00:00,23897.599609375,23897.599609375,23898.05078125,23884.44921875,23892.5,0
2026-06-15 08:12:00+00:00,23897.75,23897.75,23898.44921875,23890.94921875,23897.44921875,0
2026-06-15 08:13:00+00:00,23900.19921875,23900.19921875,23906.69921875,23892.69921875,23898.25,0
2026-06-15 08:14:00+00:00,23893.55078125,23893.55078125,23901.94921875,23893.150390625,23899.849609375,0
2026-06-15 08:15:00+00:00,23895.05078125,23895.05078125,23897.349609375,23893.0,23893.94921875,0
2026-06-15 08:16:00+00:00,23897.75,23897.75,23901.349609375,23894.30078125,23894.900390625,0
2026-06-15 08:17:00+00:00,23902.80078125,23902.80078125,23906.19921875,23898.05078125,23898.05078125,0
2026-06-15 08:18:00+00:00,23898.75,23898.75,23903.400390625,23897.900390625,23902.849609375,0
2026-06-15 08:19:00+00:00,23896.69921875,23896.69921875,23900.849609375,23892.650390625,23898.650390625,0
2026-06-15 08:20:00+00:00,23895.650390625,23895.650390625,23900.19921875,23895.55078125,23896.349609375,0
2026-06-15 08:21:00+00:00,23878.44921875,23878.44921875,23896.80078125,23878.44921875,23895.650390625,0
2026-06-15 08:22:00+00:00,23873.5,23873.5,23879.349609375,23865.849609375,23878.349609375,0
2026-06-15 08:23:00+00:00,23875.099609375,23875.099609375,23878.80078125,23869.19921875,23873.849609375,0
2026-06-15 08:24:00+00:00,23887.0,23887.0,23888.94921875,23873.75,23874.75,0
2026-06-15 08:25:00+00:00,23885.400390625,23885.400390625,23888.80078125,23882.650390625,23886.849609375,0
2026-06-15 08:26:00+00:00,23893.30078125,23893.30078125,23894.30078125,23884.599609375,23885.349609375,0
2026-06-15 08:27:00+00:00,23904.599609375,23904.599609375,23906.55078125,23893.150390625,23893.25,0
2026-06-15 08:28:00+00:00,23904.5,23904.5,23910.69921875,23901.55078125,23904.55078125,0
2026-06-15 08:29:00+00:00,23906.55078125,23906.55078125,23908.599609375,23899.30078125,23905.05078125,0
2026-06-15 08:30:00+00:00,23911.69921875,23911.69921875,23913.900390625,23904.80078125,23905.650390625,0
2026-06-15 08:31:00+00:00,23908.400390625,23908.400390625,23912.94921875,23906.94921875,23911.849609375,0
2026-06-15 08:32:00+00:00,23901.150390625,23901.150390625,23911.05078125,23901.150390625,23909.0,0
2026-06-15 08:33:00+00:00,23904.44921875,23904.44921875,23906.650390625,23900.5,23901.099609375,0
2026-06-15 08:34:00+00:00,23895.900390625,23895.900390625,23907.0,23895.69921875,23904.05078125,0
2026-06-15 08:35:00+00:00,23893.5,23893.5,23898.19921875,23891.19921875,23895.75,0
2026-06-15 08:36:00+00:00,23890.69921875,23890.69921875,23894.849609375,23888.849609375,23893.849609375,0
2026-06-15 08:37:00+00:00,23890.30078125,23890.30078125,23892.69921875,23884.75,23891.05078125,0
2026-06-15 08:38:00+00:00,23890.349609375,23890.349609375,23896.0,23889.44921875,23890.150390625,0
2026-06-15 08:39:00+00:00,23887.44921875,23887.44921875,23891.69921875,23882.599609375,23890.19921875,0
2026-06-15 08:40:00+00:00,23890.900390625,23890.900390625,23893.19921875,23887.19921875,23887.599609375,0
2026-06-15 08:41:00+00:00,23893.599609375,23893.599609375,23896.349609375,23890.0,23891.30078125,0
2026-06-15 08:42:00+00:00,23896.5,23896.5,23900.30078125,23893.349609375,23894.150390625,0
2026-06-15 08:43:00+00:00,23892.599609375,23892.599609375,23899.400390625,23891.69921875,23895.900390625,0
2026-06-15 08:44:00+00:00,23889.900390625,23889.900390625,23893.19921875,23887.5,23891.150390625,0
2026-06-15 08:45:00+00:00,23891.75,23891.75,23893.849609375,23889.30078125,23889.30078125,0
2026-06-15 08:46:00+00:00,23889.19921875,23889.19921875,23892.849609375,23887.400390625,23891.30078125,0
2026-06-15 08:47:00+00:00,23895.150390625,23895.150390625,23896.55078125,23889.900390625,23889.94921875,0
2026-06-15 08:48:00+00:00,23901.150390625,23901.150390625,23904.150390625,23892.80078125,23894.75,0
2026-06-15 08:49:00+00:00,23900.099609375,23900.099609375,23908.30078125,23898.650390625,23901.099609375,0
2026-06-15 08:50:00+00:00,23903.30078125,23903.30078125,23905.0,23897.599609375,23900.5,0
2026-06-15 08:51:00+00:00,23902.69921875,23902.69921875,23911.150390625,23902.55078125,23903.349609375,0
2026-06-15 08:52:00+00:00,23898.94921875,23898.94921875,23907.44921875,23898.349609375,23903.349609375,0
2026-06-15 08:53:00+00:00,23901.349609375,23901.349609375,23902.44921875,23896.75,23899.75,0
2026-06-15 08:54:00+00:00,23909.75,23909.75,23915.349609375,23900.80078125,23901.599609375,0
2026-06-15 08:55:00+00:00,23914.0,23914.0,23916.75,23907.900390625,23909.75,0
2026-06-15 08:56:00+00:00,23910.650390625,23910.650390625,23914.349609375,23907.5,23913.75,0
2026-06-15 08:57:00+00:00,23911.099609375,23911.099609375,23914.44921875,23907.69921875,23911.05078125,0
2026-06-15 08:58:00+00:00,23906.650390625,23906.650390625,23914.44921875,23906.349609375,23911.150390625,0
2026-06-15 08:59:00+00:00,23907.44921875,23907.44921875,23908.44921875,23902.400390625,23906.400390625,0
2026-06-15 09:00:00+00:00,23916.849609375,23916.849609375,23917.75,23906.80078125,23906.80078125,0
2026-06-15 09:01:00+00:00,23919.30078125,23919.30078125,23925.75,23915.05078125,23916.80078125,0
2026-06-15 09:02:00+00:00,23927.30078125,23927.30078125,23929.900390625,23918.30078125,23920.05078125,0
2026-06-15 09:03:00+00:00,23921.05078125,23921.05078125,23928.099609375,23917.30078125,23927.400390625,0
2026-06-15 09:04:00+00:00,23924.05078125,23924.05078125,23927.05078125,23920.849609375,23921.150390625,0
2026-06-15 09:05:00+00:00,23941.75,23941.75,23942.599609375,23924.0,23924.0,0
2026-06-15 09:06:00+00:00,23933.75,23933.75,23942.25,23932.94921875,23941.099609375,0
2026-06-15 09:07:00+00:00,23935.69921875,23935.69921875,23937.400390625,23928.19921875,23934.900390625,0
2026-06-15 09:08:00+00:00,23932.19921875,23932.19921875,23935.44921875,23928.30078125,23935.05078125,0
2026-06-15 09:09:00+00:00,23932.94921875,23932.94921875,23939.44921875,23930.69921875,23931.69921875,0
2026-06-15 09:10:00+00:00,23933.349609375,23933.349609375,23935.75,23930.94921875,23932.44921875,0
2026-06-15 09:11:00+00:00,23924.599609375,23924.599609375,23934.5,23924.599609375,23933.69921875,0
2026-06-15 09:12:00+00:00,23918.75,23918.75,23926.69921875,23916.5,23924.44921875,0
2026-06-15 09:13:00+00:00,23925.80078125,23925.80078125,23928.30078125,23917.80078125,23919.05078125,0
2026-06-15 09:14:00+00:00,23923.599609375,23923.599609375,23927.099609375,23923.150390625,23926.5,0
2026-06-15 09:15:00+00:00,23921.55078125,23921.55078125,23924.400390625,23917.30078125,23924.19921875,0
2026-06-15 09:16:00+00:00,23914.75,23914.75,23922.0,23911.099609375,23922.0,0
2026-06-15 09:17:00+00:00,23916.94921875,23916.94921875,23921.099609375,23914.80078125,23914.80078125,0
2026-06-15 09:18:00+00:00,23929.55078125,23929.55078125,23931.55078125,23916.69921875,23916.69921875,0
2026-06-15 09:19:00+00:00,23919.19921875,23919.19921875,23930.5,23917.80078125,23928.44921875,0
2026-06-15 09:20:00+00:00,23909.75,23909.75,23925.44921875,23908.19921875,23919.19921875,0
2026-06-15 09:21:00+00:00,23891.25,23891.25,23909.69921875,23890.44921875,23909.599609375,0
2026-06-15 09:22:00+00:00,23905.099609375,23905.099609375,23908.0,23891.099609375,23891.099609375,0
2026-06-15 09:23:00+00:00,23900.94921875,23900.94921875,23906.5,23894.900390625,23904.25,0
2026-06-15 09:24:00+00:00,23896.94921875,23896.94921875,23904.400390625,23896.599609375,23900.80078125,0
2026-06-15 09:25:00+00:00,23897.05078125,23897.05078125,23902.30078125,23895.349609375,23896.94921875,0
2026-06-15 09:26:00+00:00,23897.05078125,23897.05078125,23901.94921875,23893.44921875,23897.05078125,0
2026-06-15 09:27:00+00:00,23898.150390625,23898.150390625,23899.849609375,23894.900390625,23897.599609375,0
2026-06-15 09:28:00+00:00,23896.900390625,23896.900390625,23899.400390625,23895.55078125,23898.099609375,0
2026-06-15 09:29:00+00:00,23895.25,23895.25,23898.19921875,23888.099609375,23897.19921875,0
2026-06-15 09:30:00+00:00,23859.30078125,23859.30078125,23904.05078125,23859.30078125,23894.599609375,0
2026-06-15 09:31:00+00:00,23866.349609375,23866.349609375,23867.150390625,23850.75,23859.25,0
2026-06-15 09:32:00+00:00,23865.75,23865.75,23877.650390625,23862.400390625,23865.650390625,0
2026-06-15 09:33:00+00:00,23871.44921875,23871.44921875,23874.599609375,23860.400390625,23865.599609375,0
2026-06-15 09:34:00+00:00,23866.0,23866.0,23875.099609375,23864.94921875,23872.650390625,0
2026-06-15 09:35:00+00:00,23862.94921875,23862.94921875,23867.94921875,23856.5,23866.5,0
2026-06-15 09:36:00+00:00,23852.400390625,23852.400390625,23864.599609375,23852.400390625,23863.099609375,0
2026-06-15 09:37:00+00:00,23853.19921875,23853.19921875,23856.19921875,23847.150390625,23852.0,0
2026-06-15 09:38:00+00:00,23852.099609375,23852.099609375,23856.900390625,23850.150390625,23853.099609375,0
2026-06-15 09:39:00+00:00,23847.599609375,23847.599609375,23854.349609375,23844.55078125,23852.150390625,0
2026-06-15 09:40:00+00:00,23842.650390625,23842.650390625,23849.94921875,23842.55078125,23847.400390625,0
2026-06-15 09:41:00+00:00,23833.599609375,23833.599609375,23845.44921875,23832.0,23842.94921875,0
2026-06-15 09:42:00+00:00,23824.0,23824.0,23835.0,23819.0,23833.55078125,0
2026-06-15 09:43:00+00:00,23835.19921875,23835.19921875,23837.30078125,23818.05078125,23823.599609375,0
2026-06-15 09:44:00+00:00,23844.400390625,23844.400390625,23845.69921875,23831.44921875,23835.099609375,0
2026-06-15 09:45:00+00:00,23853.349609375,23853.349609375,23854.349609375,23843.5,23843.599609375,0
2026-06-15 09:46:00+00:00,23859.94921875,23859.94921875,23862.599609375,23850.150390625,23853.0,0
2026-06-15 09:47:00+00:00,23865.150390625,23865.150390625,23865.94921875,23857.25,23860.30078125,0
2026-06-15 09:48:00+00:00,23866.400390625,23866.400390625,23867.30078125,23860.25,23865.25,0
2026-06-15 09:49:00+00:00,23861.55078125,23861.55078125,23867.55078125,23860.400390625,23866.5,0
2026-06-15 09:50:00+00:00,23866.900390625,23866.900390625,23867.849609375,23860.400390625,23860.400390625,0
2026-06-15 09:51:00+00:00,23857.69921875,23857.69921875,23866.75,23855.099609375,23866.05078125,0
2026-06-15 09:52:00+00:00,23859.80078125,23859.80078125,23863.849609375,23853.44921875,23856.80078125,0
2026-06-15 09:53:00+00:00,23861.099609375,23861.099609375,23862.30078125,23857.650390625,23859.75,0
2026-06-15 09:54:00+00:00,23857.400390625,23857.400390625,23862.150390625,23854.75,23861.0,0
2026-06-15 09:55:00+00:00,23846.650390625,23846.650390625,23858.349609375,23845.900390625,23856.849609375,0
2026-06-15 09:56:00+00:00,23846.650390625,23846.650390625,23848.400390625,23842.849609375,23846.05078125,0
2026-06-15 09:57:00+00:00,23849.099609375,23849.099609375,23850.099609375,23842.900390625,23846.599609375,0
2026-06-15 09:58:00+00:00,23853.099609375,23853.099609375,23854.349609375,23847.30078125,23849.05078125,0
2026-06-15 09:59:00+00:00,23855.900390625,23855.900390625,23857.400390625,23846.05078125,23852.0,0
2026-06-16 03:45:00+00:00,23908.69921875,23908.69921875,23928.099609375,23889.25,23923.900390625,0
2026-06-16 03:46:00+00:00,23922.30078125,23922.30078125,23922.30078125,23900.75,23909.349609375,0
2026-06-16 03:47:00+00:00,23920.94921875,23920.94921875,23930.150390625,23915.05078125,23923.150390625,0
2026-06-16 03:48:00+00:00,23931.44921875,23931.44921875,23933.75,23920.650390625,23920.650390625,0
2026-06-16 03:49:00+00:00,23933.0,23933.0,23940.55078125,23930.349609375,23930.349609375,0
2026-06-16 03:50:00+00:00,23920.19921875,23920.19921875,23936.25,23916.5,23933.05078125,0
2026-06-16 03:51:00+00:00,23911.349609375,23911.349609375,23925.5,23910.69921875,23919.150390625,0
2026-06-16 03:52:00+00:00,23930.55078125,23930.55078125,23934.0,23910.099609375,23910.400390625,0
2026-06-16 03:53:00+00:00,23923.55078125,23923.55078125,23937.44921875,23919.099609375,23931.30078125,0
2026-06-16 03:54:00+00:00,23915.19921875,23915.19921875,23925.25,23914.099609375,23924.05078125,0
2026-06-16 03:55:00+00:00,23923.80078125,23923.80078125,23927.30078125,23914.44921875,23914.44921875,0
2026-06-16 03:56:00+00:00,23919.400390625,23919.400390625,23929.5,23917.05078125,23922.900390625,0
2026-06-16 03:57:00+00:00,23925.55078125,23925.55078125,23927.69921875,23919.5,23920.099609375,0
2026-06-16 03:58:00+00:00,23930.55078125,23930.55078125,23936.44921875,23926.900390625,23927.75,0
2026-06-16 03:59:00+00:00,23938.0,23938.0,23939.5,23930.94921875,23930.94921875,0
2026-06-16 04:00:00+00:00,23941.25,23941.25,23944.75,23938.099609375,23938.099609375,0
2026-06-16 04:01:00+00:00,23935.19921875,23935.19921875,23943.349609375,23932.69921875,23941.05078125,0
2026-06-16 04:02:00+00:00,23949.80078125,23949.80078125,23950.55078125,23935.150390625,23935.25,0
2026-06-16 04:03:00+00:00,23953.05078125,23953.05078125,23953.94921875,23949.150390625,23949.150390625,0
2026-06-16 04:04:00+00:00,23943.25,23943.25,23954.19921875,23939.5,23952.349609375,0
2026-06-16 04:05:00+00:00,23941.650390625,23941.650390625,23948.099609375,23940.099609375,23943.05078125,0
2026-06-16 04:06:00+00:00,23935.94921875,23935.94921875,23943.900390625,23932.099609375,23940.75,0
2026-06-16 04:07:00+00:00,23945.599609375,23945.599609375,23949.25,23935.30078125,23936.150390625,0
2026-06-16 04:08:00+00:00,23939.400390625,23939.400390625,23946.150390625,23939.400390625,23944.55078125,0
2026-06-16 04:09:00+00:00,23933.94921875,23933.94921875,23941.30078125,23931.80078125,23939.69921875,0
2026-06-16 04:10:00+00:00,23930.150390625,23930.150390625,23936.75,23929.650390625,23934.400390625,0
2026-06-16 04:11:00+00:00,23923.94921875,23923.94921875,23932.0,23922.849609375,23930.05078125,0
2026-06-16 04:12:00+00:00,23924.5,23924.5,23931.44921875,23924.0,23924.650390625,0
2026-06-16 04:13:00+00:00,23919.599609375,23919.599609375,23927.44921875,23917.05078125,23924.150390625,0
2026-06-16 04:14:00+00:00,23917.849609375,23917.849609375,23924.599609375,23917.599609375,23919.650390625,0
2026-06-16 04:15:00+00:00,23924.30078125,23924.30078125,23925.80078125,23916.19921875,23917.900390625,0
2026-06-16 04:16:00+00:00,23935.099609375,23935.099609375,23937.849609375,23923.099609375,23924.0,0
2026-06-16 04:17:00+00:00,23937.69921875,23937.69921875,23939.099609375,23930.25,23935.0,0
2026-06-16 04:18:00+00:00,23937.75,23937.75,23942.69921875,23936.150390625,23937.5,0
2026-06-16 04:19:00+00:00,23935.150390625,23935.150390625,23940.80078125,23932.30078125,23937.599609375,0
2026-06-16 04:20:00+00:00,23919.0,23919.0,23937.25,23916.30078125,23935.05078125,0
2026-06-16 04:21:00+00:00,23921.849609375,23921.849609375,23923.44921875,23916.599609375,23917.55078125,0
2026-06-16 04:22:00+00:00,23933.900390625,23933.900390625,23935.19921875,23921.80078125,23921.80078125,0
2026-06-16 04:23:00+00:00,23936.099609375,23936.099609375,23938.150390625,23932.849609375,23933.599609375,0
2026-06-16 04:24:00+00:00,23936.400390625,23936.400390625,23940.75,23934.900390625,23935.69921875,0
2026-06-16 04:25:00+00:00,23933.099609375,23933.099609375,23938.55078125,23931.19921875,23936.599609375,0
2026-06-16 04:26:00+00:00,23937.94921875,23937.94921875,23940.80078125,23932.150390625,23932.25,0
2026-06-16 04:27:00+00:00,23936.80078125,23936.80078125,23941.30078125,23935.5,23938.25,0
2026-06-16 04:28:00+00:00,23937.900390625,23937.900390625,23940.400390625,23935.94921875,23936.900390625,0
2026-06-16 04:29:00+00:00,23940.599609375,23940.599609375,23941.900390625,23937.55078125,23938.05078125,0
2026-06-16 04:30:00+00:00,23943.69921875,23943.69921875,23947.349609375,23939.69921875,23939.69921875,0
2026-06-16 04:31:00+00:00,23928.900390625,23928.900390625,23944.650390625,23928.400390625,23943.849609375,0
2026-06-16 04:32:00+00:00,23918.55078125,23918.55078125,23930.30078125,23918.150390625,23928.94921875,0
2026-06-16 04:33:00+00:00,23909.80078125,23909.80078125,23919.19921875,23907.400390625,23918.849609375,0
2026-06-16 04:34:00+00:00,23906.55078125,23906.55078125,23913.150390625,23904.69921875,23910.05078125,0
2026-06-16 04:35:00+00:00,23917.19921875,23917.19921875,23917.30078125,23903.69921875,23905.69921875,0
2026-06-16 04:36:00+00:00,23912.69921875,23912.69921875,23918.099609375,23911.150390625,23917.19921875,0
2026-06-16 04:37:00+00:00,23900.599609375,23900.599609375,23912.599609375,23900.599609375,23912.349609375,0
2026-06-16 04:38:00+00:00,23901.30078125,23901.30078125,23901.650390625,23895.650390625,23900.650390625,0
2026-06-16 04:39:00+00:00,23900.80078125,23900.80078125,23905.69921875,23900.400390625,23901.099609375,0
2026-06-16 04:40:00+00:00,23898.94921875,23898.94921875,23901.30078125,23897.05078125,23900.650390625,0
2026-06-16 04:41:00+00:00,23901.150390625,23901.150390625,23903.44921875,23897.349609375,23899.05078125,0
2026-06-16 04:42:00+00:00,23907.80078125,23907.80078125,23908.25,23900.650390625,23900.900390625,0
2026-06-16 04:43:00+00:00,23904.650390625,23904.650390625,23908.650390625,23900.900390625,23907.55078125,0
2026-06-16 04:44:00+00:00,23910.150390625,23910.150390625,23911.400390625,23903.099609375,23905.099609375,0
2026-06-16 04:45:00+00:00,23910.94921875,23910.94921875,23913.94921875,23909.69921875,23910.05078125,0
2026-06-16 04:46:00+00:00,23921.900390625,23921.900390625,23924.30078125,23909.650390625,23911.05078125,0
2026-06-16 04:47:00+00:00,23927.80078125,23927.80078125,23928.55078125,23920.80078125,23921.94921875,0
2026-06-16 04:48:00+00:00,23926.80078125,23926.80078125,23931.099609375,23925.349609375,23928.05078125,0
2026-06-16 04:49:00+00:00,23928.25,23928.25,23929.5,23922.25,23926.900390625,0
2026-06-16 04:50:00+00:00,23939.349609375,23939.349609375,23939.900390625,23926.75,23927.900390625,0
2026-06-16 04:51:00+00:00,23951.099609375,23951.099609375,23951.650390625,23936.599609375,23938.349609375,0
2026-06-16 04:52:00+00:00,23947.30078125,23947.30078125,23953.849609375,23947.099609375,23950.94921875,0
2026-06-16 04:53:00+00:00,23947.44921875,23947.44921875,23948.94921875,23942.650390625,23947.25,0
2026-06-16 04:54:00+00:00,23940.80078125,23940.80078125,23948.55078125,23938.150390625,23947.80078125,0
2026-06-16 04:55:00+00:00,23943.30078125,23943.30078125,23943.94921875,23938.75,23940.75,0
2026-06-16 04:56:00+00:00,23945.69921875,23945.69921875,23946.55078125,23942.900390625,23943.19921875,0
2026-06-16 04:57:00+00:00,23934.75,23934.75,23945.900390625,23933.44921875,23945.599609375,0
2026-06-16 04:58:00+00:00,23938.94921875,23938.94921875,23939.80078125,23932.80078125,23934.5,0
2026-06-16 04:59:00+00:00,23943.44921875,23943.44921875,23945.400390625,23937.94921875,23938.900390625,0
2026-06-16 05:00:00+00:00,23952.5,23952.5,23953.150390625,23941.650390625,23943.349609375,0
2026-06-16 05:01:00+00:00,23952.05078125,23952.05078125,23954.55078125,23950.30078125,23953.19921875,0
2026-06-16 05:02:00+00:00,23950.0,23950.0,23953.19921875,23949.150390625,23952.75,0
2026-06-16 05:03:00+00:00,23950.94921875,23950.94921875,23951.19921875,23946.599609375,23950.150390625,0
2026-06-16 05:04:00+00:00,23951.900390625,23951.900390625,23953.69921875,23949.099609375,23950.5,0
2026-06-16 05:05:00+00:00,23959.349609375,23959.349609375,23959.69921875,23950.19921875,23952.69921875,0
2026-06-16 05:06:00+00:00,23963.55078125,23963.55078125,23964.69921875,23958.400390625,23959.44921875,0
2026-06-16 05:07:00+00:00,23968.69921875,23968.69921875,23972.650390625,23963.25,23963.55078125,0
2026-06-16 05:08:00+00:00,23969.900390625,23969.900390625,23971.19921875,23968.099609375,23968.25,0
2026-06-16 05:09:00+00:00,23964.55078125,23964.55078125,23972.0,23964.150390625,23969.599609375,0
2026-06-16 05:10:00+00:00,23967.099609375,23967.099609375,23969.44921875,23963.599609375,23964.19921875,0
2026-06-16 05:11:00+00:00,23962.0,23962.0,23971.30078125,23961.5,23967.30078125,0
2026-06-16 05:12:00+00:00,23959.25,23959.25,23963.150390625,23956.80078125,23961.75,0
2026-06-16 05:13:00+00:00,23957.849609375,23957.849609375,23960.5,23954.900390625,23959.349609375,0
2026-06-16 05:14:00+00:00,23962.400390625,23962.400390625,23963.650390625,23956.599609375,23957.650390625,0
2026-06-16 05:15:00+00:00,23964.849609375,23964.849609375,23969.349609375,23959.599609375,23962.099609375,0
2026-06-16 05:16:00+00:00,23970.349609375,23970.349609375,23972.30078125,23963.75,23964.599609375,0
2026-06-16 05:17:00+00:00,23969.150390625,23969.150390625,23972.80078125,23967.19921875,23970.05078125,0
2026-06-16 05:18:00+00:00,23974.94921875,23974.94921875,23976.099609375,23968.75,23968.75,0
2026-06-16 05:19:00+00:00,23977.0,23977.0,23977.099609375,23972.0,23974.5,0
2026-06-16 05:20:00+00:00,23970.599609375,23970.599609375,23977.69921875,23968.849609375,23976.349609375,0
2026-06-16 05:21:00+00:00,23969.599609375,23969.599609375,23971.349609375,23965.05078125,23969.900390625,0
2026-06-16 05:22:00+00:00,23973.30078125,23973.30078125,23975.0,23967.150390625,23969.5,0
2026-06-16 05:23:00+00:00,23973.349609375,23973.349609375,23975.05078125,23970.900390625,23973.05078125,0
2026-06-16 05:24:00+00:00,23969.69921875,23969.69921875,23975.55078125,23968.75,23973.44921875,0
2026-06-16 05:25:00+00:00,23975.69921875,23975.69921875,23977.30078125,23969.25,23969.55078125,0
2026-06-16 05:26:00+00:00,23968.400390625,23968.400390625,23977.0,23967.849609375,23975.5,0
2026-06-16 05:27:00+00:00,23968.69921875,23968.69921875,23972.80078125,23968.400390625,23968.55078125,0
2026-06-16 05:28:00+00:00,23972.0,23972.0,23975.349609375,23966.5,23969.30078125,0
2026-06-16 05:29:00+00:00,23966.75,23966.75,23973.150390625,23964.05078125,23972.05078125,0
2026-06-16 05:30:00+00:00,23963.0,23963.0,23970.19921875,23961.099609375,23966.650390625,0
2026-06-16 05:31:00+00:00,23957.75,23957.75,23963.30078125,23955.599609375,23963.30078125,0
2026-06-16 05:32:00+00:00,23956.75,23956.75,23960.5,23955.75,23958.650390625,0
2026-06-16 05:33:00+00:00,23954.55078125,23954.55078125,23959.599609375,23953.5,23956.400390625,0
2026-06-16 05:34:00+00:00,23946.75,23946.75,23955.5,23946.75,23954.849609375,0
2026-06-16 05:35:00+00:00,23951.80078125,23951.80078125,23952.30078125,23943.150390625,23946.69921875,0
2026-06-16 05:36:00+00:00,23956.19921875,23956.19921875,23957.75,23952.05078125,23952.44921875,0
2026-06-16 05:37:00+00:00,23952.599609375,23952.599609375,23959.650390625,23952.0,23954.900390625,0
2026-06-16 05:38:00+00:00,23945.5,23945.5,23953.55078125,23943.30078125,23953.05078125,0
2026-06-16 05:39:00+00:00,23943.5,23943.5,23947.849609375,23941.900390625,23945.0,0
2026-06-16 05:40:00+00:00,23940.650390625,23940.650390625,23945.75,23936.25,23943.150390625,0
2026-06-16 05:41:00+00:00,23941.69921875,23941.69921875,23943.099609375,23939.05078125,23940.599609375,0
2026-06-16 05:42:00+00:00,23933.400390625,23933.400390625,23942.69921875,23933.400390625,23941.25,0
2026-06-16 05:43:00+00:00,23933.0,23933.0,23936.650390625,23931.80078125,23933.75,0
2026-06-16 05:44:00+00:00,23940.80078125,23940.80078125,23941.05078125,23932.80078125,23932.80078125,0
2026-06-16 05:45:00+00:00,23948.25,23948.25,23949.849609375,23937.650390625,23940.55078125,0
2026-06-16 05:46:00+00:00,23946.5,23946.5,23951.400390625,23946.05078125,23949.400390625,0
2026-06-16 05:47:00+00:00,23940.099609375,23940.099609375,23947.75,23938.25,23946.349609375,0
2026-06-16 05:48:00+00:00,23936.30078125,23936.30078125,23940.349609375,23933.400390625,23939.94921875,0
2026-06-16 05:49:00+00:00,23929.900390625,23929.900390625,23936.599609375,23929.69921875,23936.05078125,0
2026-06-16 05:50:00+00:00,23927.19921875,23927.19921875,23930.900390625,23924.099609375,23930.05078125,0
2026-06-16 05:51:00+00:00,23928.599609375,23928.599609375,23930.5,23924.55078125,23926.80078125,0
2026-06-16 05:52:00+00:00,23925.44921875,23925.44921875,23931.30078125,23923.94921875,23929.150390625,0
2026-06-16 05:53:00+00:00,23936.55078125,23936.55078125,23937.849609375,23924.150390625,23924.650390625,0
2026-06-16 05:54:00+00:00,23944.25,23944.25,23945.400390625,23935.75,23936.30078125,0
2026-06-16 05:55:00+00:00,23943.900390625,23943.900390625,23947.55078125,23942.400390625,23944.80078125,0
2026-06-16 05:56:00+00:00,23935.44921875,23935.44921875,23944.94921875,23934.94921875,23943.900390625,0
2026-06-16 05:57:00+00:00,23933.44921875,23933.44921875,23937.30078125,23932.55078125,23935.55078125,0
2026-06-16 05:58:00+00:00,23929.05078125,23929.05078125,23933.599609375,23926.900390625,23933.25,0
2026-06-16 05:59:00+00:00,23929.400390625,23929.400390625,23931.650390625,23927.44921875,23929.400390625,0
2026-06-16 06:00:00+00:00,23928.75,23928.75,23933.349609375,23927.25,23929.44921875,0
2026-06-16 06:01:00+00:00,23925.349609375,23925.349609375,23929.44921875,23924.69921875,23928.599609375,0
2026-06-16 06:02:00+00:00,23923.55078125,23923.55078125,23927.0,23921.19921875,23926.05078125,0
2026-06-16 06:03:00+00:00,23924.05078125,23924.05078125,23927.05078125,23922.900390625,23922.900390625,0
2026-06-16 06:04:00+00:00,23933.150390625,23933.150390625,23934.349609375,23922.75,23924.349609375,0
2026-06-16 06:05:00+00:00,23923.849609375,23923.849609375,23934.19921875,23923.55078125,23929.650390625,0
2026-06-16 06:06:00+00:00,23924.400390625,23924.400390625,23927.30078125,23921.25,23925.599609375,0
2026-06-16 06:07:00+00:00,23924.80078125,23924.80078125,23925.30078125,23919.150390625,23924.849609375,0
2026-06-16 06:08:00+00:00,23916.30078125,23916.30078125,23925.30078125,23911.44921875,23924.099609375,0
2026-06-16 06:09:00+00:00,23921.900390625,23921.900390625,23922.69921875,23915.80078125,23915.80078125,0
2026-06-16 06:10:00+00:00,23918.44921875,23918.44921875,23922.94921875,23914.80078125,23922.55078125,0
2026-06-16 06:11:00+00:00,23920.30078125,23920.30078125,23920.94921875,23915.19921875,23918.69921875,0
2026-06-16 06:12:00+00:00,23926.05078125,23926.05078125,23929.349609375,23919.55078125,23920.19921875,0
2026-06-16 06:13:00+00:00,23924.75,23924.75,23929.44921875,23923.0,23926.650390625,0
2026-06-16 06:14:00+00:00,23927.099609375,23927.099609375,23928.44921875,23922.05078125,23924.44921875,0
2026-06-16 06:15:00+00:00,23922.94921875,23922.94921875,23929.80078125,23922.900390625,23927.599609375,0
2026-06-16 06:16:00+00:00,23932.75,23932.75,23934.44921875,23920.44921875,23922.150390625,0
2026-06-16 06:17:00+00:00,23933.5,23933.5,23935.349609375,23928.30078125,23933.25,0
2026-06-16 06:18:00+00:00,23934.900390625,23934.900390625,23937.900390625,23931.30078125,23933.349609375,0
2026-06-16 06:19:00+00:00,23932.80078125,23932.80078125,23936.19921875,23927.0,23934.80078125,0
2026-06-16 06:20:00+00:00,23939.349609375,23939.349609375,23949.75,23931.849609375,23933.400390625,0
2026-06-16 06:21:00+00:00,23938.400390625,23938.400390625,23941.099609375,23932.69921875,23939.05078125,0
2026-06-16 06:22:00+00:00,23937.5,23937.5,23945.400390625,23934.44921875,23938.44921875,0
2026-06-16 06:23:00+00:00,23938.55078125,23938.55078125,23943.599609375,23934.94921875,23937.80078125,0
2026-06-16 06:24:00+00:00,23936.94921875,23936.94921875,23940.80078125,23933.94921875,23938.400390625,0
2026-06-16 06:25:00+00:00,23921.849609375,23921.849609375,23938.19921875,23920.599609375,23936.69921875,0
2026-06-16 06:26:00+00:00,23922.849609375,23922.849609375,23927.30078125,23921.0,23922.69921875,0
2026-06-16 06:27:00+00:00,23927.650390625,23927.650390625,23928.25,23921.30078125,23923.349609375,0
2026-06-16 06:28:00+00:00,23938.900390625,23938.900390625,23941.849609375,23926.75,23927.05078125,0
2026-06-16 06:29:00+00:00,23939.099609375,23939.099609375,23940.599609375,23934.849609375,23938.75,0
2026-06-16 06:30:00+00:00,23936.849609375,23936.849609375,23941.94921875,23936.25,23938.5,0
2026-06-16 06:31:00+00:00,23935.05078125,23935.05078125,23943.650390625,23934.80078125,23937.400390625,0
2026-06-16 06:32:00+00:00,23927.25,23927.25,23936.94921875,23926.599609375,23934.349609375,0
2026-06-16 06:33:00+00:00,23922.150390625,23922.150390625,23927.5,23919.099609375,23926.849609375,0
2026-06-16 06:34:00+00:00,23930.150390625,23930.150390625,23933.69921875,23920.44921875,23921.55078125,0
2026-06-16 06:35:00+00:00,23925.650390625,23925.650390625,23931.55078125,23925.650390625,23929.349609375,0
2026-06-16 06:36:00+00:00,23932.75,23932.75,23934.099609375,23925.099609375,23925.349609375,0
2026-06-16 06:37:00+00:00,23931.5,23931.5,23936.099609375,23927.55078125,23932.75,0
2026-06-16 06:38:00+00:00,23935.05078125,23935.05078125,23937.30078125,23930.599609375,23931.599609375,0
2026-06-16 06:39:00+00:00,23931.900390625,23931.900390625,23936.80078125,23929.5,23935.349609375,0
2026-06-16 06:40:00+00:00,23934.30078125,23934.30078125,23937.650390625,23929.55078125,23932.80078125,0
2026-06-16 06:41:00+00:00,23932.5,23932.5,23934.900390625,23928.19921875,23934.349609375,0
2026-06-16 06:42:00+00:00,23931.75,23931.75,23938.75,23928.55078125,23932.599609375,0
2026-06-16 06:43:00+00:00,23936.25,23936.25,23937.0,23930.80078125,23931.150390625,0
2026-06-16 06:44:00+00:00,23928.55078125,23928.55078125,23936.80078125,23927.0,23935.55078125,0
2026-06-16 06:45:00+00:00,23921.05078125,23921.05078125,23928.80078125,23920.44921875,23928.05078125,0
2026-06-16 06:46:00+00:00,23922.69921875,23922.69921875,23927.0,23919.55078125,23920.599609375,0
2026-06-16 06:47:00+00:00,23923.25,23923.25,23927.599609375,23922.19921875,23922.349609375,0
2026-06-16 06:48:00+00:00,23923.80078125,23923.80078125,23925.150390625,23917.400390625,23923.0,0
2026-06-16 06:49:00+00:00,23915.150390625,23915.150390625,23924.400390625,23913.349609375,23923.0,0
2026-06-16 06:50:00+00:00,23914.400390625,23914.400390625,23916.599609375,23912.19921875,23915.44921875,0
2026-06-16 06:51:00+00:00,23915.150390625,23915.150390625,23916.94921875,23912.80078125,23914.69921875,0
2026-06-16 06:52:00+00:00,23916.55078125,23916.55078125,23917.599609375,23912.650390625,23914.80078125,0
2026-06-16 06:53:00+00:00,23914.849609375,23914.849609375,23918.44921875,23903.349609375,23916.44921875,0
2026-06-16 06:54:00+00:00,23918.400390625,23918.400390625,23926.55078125,23913.69921875,23914.69921875,0
2026-06-16 06:55:00+00:00,23929.849609375,23929.849609375,23929.900390625,23914.94921875,23918.650390625,0
2026-06-16 06:56:00+00:00,23928.25,23928.25,23930.849609375,23925.150390625,23929.69921875,0
2026-06-16 06:57:00+00:00,23933.599609375,23933.599609375,23933.599609375,23925.94921875,23928.400390625,0
2026-06-16 06:58:00+00:00,23940.55078125,23940.55078125,23942.05078125,23932.650390625,23933.0,0
2026-06-16 06:59:00+00:00,23940.80078125,23940.80078125,23943.19921875,23938.05078125,23940.25,0
2026-06-16 07:00:00+00:00,23943.400390625,23943.400390625,23944.94921875,23940.150390625,23940.150390625,0
2026-06-16 07:01:00+00:00,23940.900390625,23940.900390625,23947.099609375,23940.5,23944.05078125,0
2026-06-16 07:02:00+00:00,23934.349609375,23934.349609375,23941.19921875,23931.75,23940.55078125,0
2026-06-16 07:03:00+00:00,23928.05078125,23928.05078125,23937.150390625,23925.69921875,23933.94921875,0
2026-06-16 07:04:00+00:00,23925.650390625,23925.650390625,23928.849609375,23922.19921875,23926.400390625,0
2026-06-16 07:05:00+00:00,23925.25,23925.25,23927.900390625,23922.5,23923.55078125,0
2026-06-16 07:06:00+00:00,23929.099609375,23929.099609375,23933.599609375,23923.5,23926.55078125,0
2026-06-16 07:07:00+00:00,23928.55078125,23928.55078125,23932.400390625,23925.900390625,23928.25,0
2026-06-16 07:08:00+00:00,23931.55078125,23931.55078125,23932.75,23923.80078125,23928.94921875,0
2026-06-16 07:09:00+00:00,23936.25,23936.25,23939.75,23931.30078125,23931.30078125,0
2026-06-16 07:10:00+00:00,23929.75,23929.75,23936.69921875,23929.69921875,23936.099609375,0
2026-06-16 07:11:00+00:00,23928.099609375,23928.099609375,23931.80078125,23926.69921875,23929.599609375,0
2026-06-16 07:12:00+00:00,23926.650390625,23926.650390625,23930.94921875,23926.650390625,23928.0,0
2026-06-16 07:13:00+00:00,23923.69921875,23923.69921875,23927.25,23920.69921875,23926.599609375,0
2026-06-16 07:14:00+00:00,23927.150390625,23927.150390625,23928.099609375,23919.0,23923.94921875,0
2026-06-16 07:15:00+00:00,23925.900390625,23925.900390625,23929.19921875,23924.5,23927.25,0
2026-06-16 07:16:00+00:00,23923.900390625,23923.900390625,23927.900390625,23922.0,23926.75,0
2026-06-16 07:17:00+00:00,23928.150390625,23928.150390625,23929.55078125,23923.75,23923.75,0
2026-06-16 07:18:00+00:00,23929.94921875,23929.94921875,23931.900390625,23927.80078125,23928.349609375,0
2026-06-16 07:19:00+00:00,23933.849609375,23933.849609375,23935.400390625,23928.19921875,23930.80078125,0
2026-06-16 07:20:00+00:00,23930.849609375,23930.849609375,23935.900390625,23930.19921875,23934.349609375,0
2026-06-16 07:21:00+00:00,23933.30078125,23933.30078125,23934.349609375,23930.25,23930.69921875,0
2026-06-16 07:22:00+00:00,23926.849609375,23926.849609375,23934.05078125,23926.400390625,23933.0,0
2026-06-16 07:23:00+00:00,23921.75,23921.75,23927.94921875,23919.44921875,23926.69921875,0
2026-06-16 07:24:00+00:00,23924.849609375,23924.849609375,23925.55078125,23915.5,23921.94921875,0
2026-06-16 07:25:00+00:00,23921.94921875,23921.94921875,23924.94921875,23917.400390625,23924.94921875,0
2026-06-16 07:26:00+00:00,23926.55078125,23926.55078125,23929.349609375,23920.099609375,23921.75,0
2026-06-16 07:27:00+00:00,23933.80078125,23933.80078125,23935.5,23926.5,23926.5,0
2026-06-16 07:28:00+00:00,23931.55078125,23931.55078125,23936.650390625,23927.75,23934.5,0
2026-06-16 07:29:00+00:00,23936.25,23936.25,23938.75,23930.80078125,23932.400390625,0
2026-06-16 07:30:00+00:00,23937.05078125,23937.05078125,23940.19921875,23934.55078125,23935.650390625,0
2026-06-16 07:31:00+00:00,23929.349609375,23929.349609375,23937.400390625,23929.19921875,23936.80078125,0
2026-06-16 07:32:00+00:00,23928.94921875,23928.94921875,23932.5,23928.25,23929.69921875,0
2026-06-16 07:33:00+00:00,23924.44921875,23924.44921875,23929.69921875,23923.44921875,23929.099609375,0
2026-06-16 07:34:00+00:00,23929.25,23929.25,23931.05078125,23923.80078125,23924.19921875,0
2026-06-16 07:35:00+00:00,23931.44921875,23931.44921875,23932.400390625,23926.0,23929.099609375,0
2026-06-16 07:36:00+00:00,23929.19921875,23929.19921875,23935.349609375,23927.400390625,23931.150390625,0
2026-06-16 07:37:00+00:00,23929.19921875,23929.19921875,23931.349609375,23925.650390625,23929.19921875,0
2026-06-16 07:38:00+00:00,23931.349609375,23931.349609375,23933.55078125,23928.19921875,23928.75,0
2026-06-16 07:39:00+00:00,23937.099609375,23937.099609375,23939.25,23930.099609375,23931.349609375,0
2026-06-16 07:40:00+00:00,23940.94921875,23940.94921875,23943.44921875,23936.55078125,23938.150390625,0
2026-06-16 07:41:00+00:00,23941.650390625,23941.650390625,23944.25,23940.05078125,23940.25,0
2026-06-16 07:42:00+00:00,23947.400390625,23947.400390625,23947.400390625,23940.849609375,23941.25,0
2026-06-16 07:43:00+00:00,23939.19921875,23939.19921875,23950.650390625,23938.349609375,23947.349609375,0
2026-06-16 07:44:00+00:00,23946.5,23946.5,23947.900390625,23939.349609375,23939.349609375,0
2026-06-16 07:45:00+00:00,23945.69921875,23945.69921875,23948.75,23941.849609375,23946.849609375,0
2026-06-16 07:46:00+00:00,23944.69921875,23944.69921875,23948.94921875,23944.25,23946.400390625,0
2026-06-16 07:47:00+00:00,23944.55078125,23944.55078125,23950.55078125,23942.19921875,23945.0,0
2026-06-16 07:48:00+00:00,23944.19921875,23944.19921875,23947.69921875,23941.44921875,23945.05078125,0
2026-06-16 07:49:00+00:00,23941.94921875,23941.94921875,23946.099609375,23935.5,23943.44921875,0
2026-06-16 07:50:00+00:00,23940.599609375,23940.599609375,23942.900390625,23937.150390625,23939.69921875,0
2026-06-16 07:51:00+00:00,23947.599609375,23947.599609375,23947.69921875,23938.44921875,23940.599609375,0
2026-06-16 07:52:00+00:00,23955.400390625,23955.400390625,23958.19921875,23948.05078125,23948.05078125,0
2026-06-16 07:53:00+00:00,23956.599609375,23956.599609375,23961.94921875,23954.0,23956.25,0
2026-06-16 07:54:00+00:00,23955.900390625,23955.900390625,23958.849609375,23955.150390625,23956.5,0
2026-06-16 07:55:00+00:00,23958.44921875,23958.44921875,23962.0,23954.900390625,23956.349609375,0
2026-06-16 07:56:00+00:00,23966.25,23966.25,23968.25,23956.44921875,23958.650390625,0
2026-06-16 07:57:00+00:00,23959.25,23959.25,23969.80078125,23958.69921875,23965.94921875,0
2026-06-16 07:58:00+00:00,23964.099609375,23964.099609375,23965.150390625,23959.099609375,23960.099609375,0
2026-06-16 07:59:00+00:00,23966.69921875,23966.69921875,23969.19921875,23962.599609375,23964.599609375,0
2026-06-16 08:00:00+00:00,23964.05078125,23964.05078125,23969.150390625,23963.75,23966.80078125,0
2026-06-16 08:01:00+00:00,23961.80078125,23961.80078125,23965.94921875,23961.0,23964.099609375,0
2026-06-16 08:02:00+00:00,23962.150390625,23962.150390625,23964.5,23959.650390625,23961.349609375,0
2026-06-16 08:03:00+00:00,23962.44921875,23962.44921875,23964.94921875,23960.75,23961.849609375,0
2026-06-16 08:04:00+00:00,23967.650390625,23967.650390625,23968.849609375,23962.25,23962.75,0
2026-06-16 08:05:00+00:00,23966.150390625,23966.150390625,23969.349609375,23963.400390625,23967.349609375,0
2026-06-16 08:06:00+00:00,23973.69921875,23973.69921875,23974.849609375,23965.80078125,23966.5,0
2026-06-16 08:07:00+00:00,23974.900390625,23974.900390625,23976.5,23971.900390625,23973.650390625,0
2026-06-16 08:08:00+00:00,23972.19921875,23972.19921875,23975.599609375,23970.099609375,23974.650390625,0
2026-06-16 08:09:00+00:00,23969.650390625,23969.650390625,23976.94921875,23968.650390625,23972.150390625,0
2026-06-16 08:10:00+00:00,23968.599609375,23968.599609375,23972.69921875,23968.30078125,23968.94921875,0
2026-06-16 08:11:00+00:00,23963.30078125,23963.30078125,23971.5,23962.75,23968.44921875,0
2026-06-16 08:12:00+00:00,23970.69921875,23970.69921875,23973.55078125,23961.75,23963.55078125,0
2026-06-16 08:13:00+00:00,23968.69921875,23968.69921875,23974.0,23964.099609375,23970.19921875,0
2026-06-16 08:14:00+00:00,23964.849609375,23964.849609375,23970.099609375,23963.19921875,23968.650390625,0
2026-06-16 08:15:00+00:00,23970.599609375,23970.599609375,23971.650390625,23964.5,23964.849609375,0
2026-06-16 08:16:00+00:00,23966.849609375,23966.849609375,23972.599609375,23965.150390625,23970.650390625,0
2026-06-16 08:17:00+00:00,23965.900390625,23965.900390625,23969.19921875,23964.099609375,23966.900390625,0
2026-06-16 08:18:00+00:00,23965.150390625,23965.150390625,23968.099609375,23964.19921875,23965.69921875,0
2026-06-16 08:19:00+00:00,23972.30078125,23972.30078125,23974.05078125,23965.75,23965.75,0
2026-06-16 08:20:00+00:00,23967.05078125,23967.05078125,23973.55078125,23965.69921875,23971.900390625,0
2026-06-16 08:21:00+00:00,23961.30078125,23961.30078125,23967.44921875,23960.400390625,23966.69921875,0
2026-06-16 08:22:00+00:00,23964.55078125,23964.55078125,23965.849609375,23961.0,23961.599609375,0
2026-06-16 08:23:00+00:00,23956.5,23956.5,23966.650390625,23956.5,23964.80078125,0
2026-06-16 08:24:00+00:00,23962.05078125,23962.05078125,23962.150390625,23955.75,23957.55078125,0
2026-06-16 08:25:00+00:00,23966.55078125,23966.55078125,23967.30078125,23961.44921875,23961.650390625,0
2026-06-16 08:26:00+00:00,23972.30078125,23972.30078125,23974.25,23964.900390625,23965.80078125,0
2026-06-16 08:27:00+00:00,23974.30078125,23974.30078125,23976.900390625,23971.94921875,23972.349609375,0
2026-06-16 08:28:00+00:00,23970.80078125,23970.80078125,23975.19921875,23967.19921875,23974.0,0
2026-06-16 08:29:00+00:00,23966.80078125,23966.80078125,23971.30078125,23966.25,23970.69921875,0
2026-06-16 08:30:00+00:00,23976.599609375,23976.599609375,23978.25,23964.94921875,23967.05078125,0
2026-06-16 08:31:00+00:00,23970.599609375,23970.599609375,23976.94921875,23969.599609375,23975.80078125,0
2026-06-16 08:32:00+00:00,23964.05078125,23964.05078125,23973.94921875,23964.05078125,23970.05078125,0
2026-06-16 08:33:00+00:00,23975.80078125,23975.80078125,23977.400390625,23963.44921875,23964.80078125,0
2026-06-16 08:34:00+00:00,23973.94921875,23973.94921875,23977.30078125,23973.69921875,23975.94921875,0
2026-06-16 08:35:00+00:00,23979.05078125,23979.05078125,23981.44921875,23972.849609375,23973.69921875,0
2026-06-16 08:36:00+00:00,23976.349609375,23976.349609375,23980.44921875,23976.0,23979.150390625,0
2026-06-16 08:37:00+00:00,23977.849609375,23977.849609375,23977.849609375,23971.69921875,23976.25,0
2026-06-16 08:38:00+00:00,23977.44921875,23977.44921875,23981.849609375,23975.5,23976.30078125,0
2026-06-16 08:39:00+00:00,23983.19921875,23983.19921875,23984.099609375,23976.05078125,23977.55078125,0
2026-06-16 08:40:00+00:00,23991.75,23991.75,23992.75,23982.05078125,23982.05078125,0
2026-06-16 08:41:00+00:00,23987.69921875,23987.69921875,23994.80078125,23986.19921875,23991.650390625,0
2026-06-16 08:42:00+00:00,23991.75,23991.75,23994.5,23985.599609375,23987.599609375,0
2026-06-16 08:43:00+00:00,23993.150390625,23993.150390625,23994.30078125,23989.19921875,23991.849609375,0
2026-06-16 08:44:00+00:00,23995.900390625,23995.900390625,23997.75,23992.900390625,23993.55078125,0
2026-06-16 08:45:00+00:00,23997.25,23997.25,23998.599609375,23993.599609375,23994.349609375,0
2026-06-16 08:46:00+00:00,23994.650390625,23994.650390625,24000.0,23994.650390625,23996.5,0
2026-06-16 08:47:00+00:00,23996.849609375,23996.849609375,24000.099609375,23990.05078125,23993.94921875,0
2026-06-16 08:48:00+00:00,23994.150390625,23994.150390625,23997.599609375,23993.400390625,23996.05078125,0
2026-06-16 08:49:00+00:00,23992.400390625,23992.400390625,23995.55078125,23991.400390625,23994.0,0
2026-06-16 08:50:00+00:00,23990.05078125,23990.05078125,23993.650390625,23986.400390625,23992.349609375,0
2026-06-16 08:51:00+00:00,23986.400390625,23986.400390625,23990.80078125,23981.849609375,23989.849609375,0
2026-06-16 08:52:00+00:00,23984.25,23984.25,23987.849609375,23983.5,23985.349609375,0
2026-06-16 08:53:00+00:00,23982.849609375,23982.849609375,23985.69921875,23981.25,23983.44921875,0
2026-06-16 08:54:00+00:00,23989.94921875,23989.94921875,23990.94921875,23978.099609375,23982.599609375,0
2026-06-16 08:55:00+00:00,23987.25,23987.25,23991.94921875,23986.099609375,23989.75,0
2026-06-16 08:56:00+00:00,23989.650390625,23989.650390625,23992.0,23985.599609375,23987.69921875,0
2026-06-16 08:57:00+00:00,23987.25,23987.25,23990.55078125,23983.650390625,23988.80078125,0
2026-06-16 08:58:00+00:00,23988.5,23988.5,23990.30078125,23985.05078125,23987.099609375,0
2026-06-16 08:59:00+00:00,23984.599609375,23984.599609375,23990.05078125,23982.099609375,23988.44921875,0
2026-06-16 09:00:00+00:00,23992.75,23992.75,23994.75,23984.19921875,23984.19921875,0
2026-06-16 09:01:00+00:00,23993.099609375,23993.099609375,23996.599609375,23990.80078125,23992.900390625,0
2026-06-16 09:02:00+00:00,23988.400390625,23988.400390625,23993.5,23986.0,23993.5,0
2026-06-16 09:03:00+00:00,23990.75,23990.75,23992.05078125,23987.400390625,23987.69921875,0
2026-06-16 09:04:00+00:00,23994.80078125,23994.80078125,23999.849609375,23989.75,23989.75,0
2026-06-16 09:05:00+00:00,23994.30078125,23994.30078125,23996.0,23988.849609375,23995.05078125,0
2026-06-16 09:06:00+00:00,23991.400390625,23991.400390625,23999.099609375,23990.75,23993.69921875,0
2026-06-16 09:07:00+00:00,23987.900390625,23987.900390625,23994.650390625,23985.30078125,23992.650390625,0
2026-06-16 09:08:00+00:00,23987.099609375,23987.099609375,23989.30078125,23986.05078125,23987.69921875,0
2026-06-16 09:09:00+00:00,24000.849609375,24000.849609375,24001.55078125,23985.5,23986.75,0
2026-06-16 09:10:00+00:00,23995.599609375,23995.599609375,24002.25,23991.349609375,24001.0,0
2026-06-16 09:11:00+00:00,23994.650390625,23994.650390625,23997.75,23992.44921875,23994.94921875,0
2026-06-16 09:12:00+00:00,23989.349609375,23989.349609375,23996.099609375,23988.44921875,23994.75,0
2026-06-16 09:13:00+00:00,23978.849609375,23978.849609375,23991.75,23978.400390625,23989.349609375,0
2026-06-16 09:14:00+00:00,23964.849609375,23964.849609375,23982.80078125,23964.849609375,23978.900390625,0
2026-06-16 09:15:00+00:00,23973.30078125,23973.30078125,23974.69921875,23962.69921875,23963.44921875,0
2026-06-16 09:16:00+00:00,23975.0,23975.0,23980.05078125,23971.150390625,23972.80078125,0
2026-06-16 09:17:00+00:00,23978.75,23978.75,23980.650390625,23974.69921875,23974.900390625,0
2026-06-16 09:18:00+00:00,23984.55078125,23984.55078125,23987.25,23976.55078125,23977.099609375,0
2026-06-16 09:19:00+00:00,23981.150390625,23981.150390625,23985.19921875,23970.25,23984.25,0
2026-06-16 09:20:00+00:00,23976.0,23976.0,23982.0,23973.05078125,23980.75,0
2026-06-16 09:21:00+00:00,23974.30078125,23974.30078125,23979.30078125,23970.30078125,23976.05078125,0
2026-06-16 09:22:00+00:00,23977.900390625,23977.900390625,23979.849609375,23973.650390625,23974.25,0
2026-06-16 09:23:00+00:00,23992.349609375,23992.349609375,23993.400390625,23977.5,23977.69921875,0
2026-06-16 09:24:00+00:00,23994.55078125,23994.55078125,23997.19921875,23991.80078125,23992.80078125,0
2026-06-16 09:25:00+00:00,23997.0,23997.0,23997.099609375,23991.650390625,23993.69921875,0
2026-06-16 09:26:00+00:00,23989.099609375,23989.099609375,23998.80078125,23983.30078125,23996.349609375,0
2026-06-16 09:27:00+00:00,23984.650390625,23984.650390625,23989.19921875,23980.150390625,23988.30078125,0
2026-06-16 09:28:00+00:00,23988.400390625,23988.400390625,23990.75,23983.75,23985.05078125,0
2026-06-16 09:29:00+00:00,23988.05078125,23988.05078125,23988.75,23981.400390625,23988.75,0
2026-06-16 09:30:00+00:00,23978.900390625,23978.900390625,23991.75,23978.650390625,23986.44921875,0
2026-06-16 09:31:00+00:00,23989.05078125,23989.05078125,23990.80078125,23978.55078125,23978.849609375,0
2026-06-16 09:32:00+00:00,23994.900390625,23994.900390625,23997.150390625,23987.150390625,23989.5,0
2026-06-16 09:33:00+00:00,23989.69921875,23989.69921875,24000.849609375,23989.150390625,23997.30078125,0
2026-06-16 09:34:00+00:00,23981.30078125,23981.30078125,23990.80078125,23980.44921875,23989.30078125,0
2026-06-16 09:35:00+00:00,23984.150390625,23984.150390625,23986.849609375,23976.599609375,23981.75,0
2026-06-16 09:36:00+00:00,23993.19921875,23993.19921875,23995.05078125,23983.599609375,23983.599609375,0
2026-06-16 09:37:00+00:00,23991.25,23991.25,23996.150390625,23990.19921875,23993.150390625,0
2026-06-16 09:38:00+00:00,23986.650390625,23986.650390625,23992.05078125,23984.650390625,23990.55078125,0
2026-06-16 09:39:00+00:00,23989.69921875,23989.69921875,23990.94921875,23986.25,23986.30078125,0
2026-06-16 09:40:00+00:00,23986.0,23986.0,23991.30078125,23985.19921875,23989.55078125,0
2026-06-16 09:41:00+00:00,23987.69921875,23987.69921875,23992.5,23985.099609375,23985.80078125,0
2026-06-16 09:42:00+00:00,23986.94921875,23986.94921875,23988.94921875,23983.599609375,23986.94921875,0
2026-06-16 09:43:00+00:00,23986.75,23986.75,23988.69921875,23984.75,23985.75,0
2026-06-16 09:44:00+00:00,23987.0,23987.0,23990.30078125,23986.349609375,23986.900390625,0
2026-06-16 09:45:00+00:00,23983.0,23983.0,23988.80078125,23980.099609375,23986.80078125,0
2026-06-16 09:46:00+00:00,23987.400390625,23987.400390625,23991.55078125,23981.30078125,23982.44921875,0
2026-06-16 09:47:00+00:00,23987.80078125,23987.80078125,23989.400390625,23984.75,23987.30078125,0
2026-06-16 09:48:00+00:00,23983.599609375,23983.599609375,23988.44921875,23982.19921875,23987.650390625,0
2026-06-16 09:49:00+00:00,23983.5,23983.5,23985.25,23981.5,23983.400390625,0
2026-06-16 09:50:00+00:00,23986.94921875,23986.94921875,23987.55078125,23981.650390625,23983.44921875,0
2026-06-16 09:51:00+00:00,23989.349609375,23989.349609375,23990.849609375,23985.599609375,23986.849609375,0
2026-06-16 09:52:00+00:00,23987.05078125,23987.05078125,23990.400390625,23984.900390625,23988.19921875,0
2026-06-16 09:53:00+00:00,23988.55078125,23988.55078125,23990.69921875,23984.55078125,23987.150390625,0
2026-06-16 09:54:00+00:00,23985.55078125,23985.55078125,23991.25,23983.099609375,23988.94921875,0
2026-06-16 09:55:00+00:00,23985.099609375,23985.099609375,23992.80078125,23982.75,23985.19921875,0
2026-06-16 09:56:00+00:00,23986.099609375,23986.099609375,23988.30078125,23982.650390625,23984.30078125,0
2026-06-16 09:57:00+00:00,23986.5,23986.5,23989.55078125,23983.849609375,23987.05078125,0
2026-06-16 09:58:00+00:00,23987.650390625,23987.650390625,23993.349609375,23984.69921875,23986.05078125,0
2026-06-16 09:59:00+00:00,23993.94921875,23993.94921875,23997.400390625,23985.400390625,23988.30078125,0
2026-06-17 03:45:00+00:00,24006.900390625,24006.900390625,24045.44921875,24000.099609375,24045.44921875,0
2026-06-17 03:46:00+00:00,24003.650390625,24003.650390625,24013.0,23999.900390625,24008.900390625,0
2026-06-17 03:47:00+00:00,24009.900390625,24009.900390625,24015.19921875,24000.25,24005.900390625,0
2026-06-17 03:48:00+00:00,23992.25,23992.25,24012.849609375,23991.849609375,24012.849609375,0
2026-06-17 03:49:00+00:00,23979.349609375,23979.349609375,23995.400390625,23969.75,23993.099609375,0
2026-06-17 03:50:00+00:00,23993.900390625,23993.900390625,23996.94921875,23973.94921875,23982.30078125,0
2026-06-17 03:51:00+00:00,23986.099609375,23986.099609375,23996.599609375,23982.349609375,23996.599609375,0
2026-06-17 03:52:00+00:00,23986.900390625,23986.900390625,23989.30078125,23980.94921875,23987.0,0
2026-06-17 03:53:00+00:00,23988.30078125,23988.30078125,23990.5,23981.5,23987.69921875,0
2026-06-17 03:54:00+00:00,23987.599609375,23987.599609375,23994.099609375,23985.05078125,23990.25,0
2026-06-17 03:55:00+00:00,23992.5,23992.5,23994.900390625,23985.599609375,23989.650390625,0
2026-06-17 03:56:00+00:00,23999.44921875,23999.44921875,24000.900390625,23991.599609375,23994.849609375,0
2026-06-17 03:57:00+00:00,24002.150390625,24002.150390625,24010.5,23999.349609375,24001.650390625,0
2026-06-17 03:58:00+00:00,24009.349609375,24009.349609375,24012.849609375,24000.099609375,24004.25,0
2026-06-17 03:59:00+00:00,24020.69921875,24020.69921875,24021.94921875,24010.19921875,24011.400390625,0
2026-06-17 04:00:00+00:00,24024.5,24024.5,24027.19921875,24017.69921875,24022.75,0
2026-06-17 04:01:00+00:00,24031.400390625,24031.400390625,24032.80078125,24022.94921875,24024.94921875,0
2026-06-17 04:02:00+00:00,24038.25,24038.25,24038.650390625,24030.75,24031.69921875,0
2026-06-17 04:03:00+00:00,24042.0,24042.0,24042.25,24036.349609375,24040.150390625,0
2026-06-17 04:04:00+00:00,24032.099609375,24032.099609375,24043.30078125,24031.599609375,24042.19921875,0
2026-06-17 04:05:00+00:00,24032.849609375,24032.849609375,24036.900390625,24026.599609375,24033.150390625,0
2026-06-17 04:06:00+00:00,24034.30078125,24034.30078125,24038.30078125,24033.05078125,24033.75,0
2026-06-17 04:07:00+00:00,24040.599609375,24040.599609375,24042.75,24034.30078125,24036.650390625,0
2026-06-17 04:08:00+00:00,24048.69921875,24048.69921875,24049.150390625,24040.349609375,24042.25,0
2026-06-17 04:09:00+00:00,24050.900390625,24050.900390625,24052.599609375,24048.150390625,24050.099609375,0
2026-06-17 04:10:00+00:00,24046.900390625,24046.900390625,24055.0,24045.5,24051.599609375,0
2026-06-17 04:11:00+00:00,24053.0,24053.0,24054.900390625,24045.19921875,24047.0,0
2026-06-17 04:12:00+00:00,24054.599609375,24054.599609375,24056.80078125,24051.30078125,24055.05078125,0
2026-06-17 04:13:00+00:00,24057.849609375,24057.849609375,24059.349609375,24051.849609375,24056.099609375,0
2026-06-17 04:14:00+00:00,24061.55078125,24061.55078125,24063.349609375,24057.099609375,24059.150390625,0
2026-06-17 04:15:00+00:00,24064.849609375,24064.849609375,24065.5,24059.849609375,24063.80078125,0
2026-06-17 04:16:00+00:00,24064.05078125,24064.05078125,24066.75,24061.25,24061.25,0
2026-06-17 04:17:00+00:00,24054.80078125,24054.80078125,24066.0,24054.80078125,24065.900390625,0
2026-06-17 04:18:00+00:00,24061.44921875,24061.44921875,24061.75,24053.80078125,24056.19921875,0
2026-06-17 04:19:00+00:00,24064.05078125,24064.05078125,24067.150390625,24059.94921875,24061.69921875,0
2026-06-17 04:20:00+00:00,24057.55078125,24057.55078125,24065.44921875,24054.650390625,24064.900390625,0
2026-06-17 04:21:00+00:00,24060.25,24060.25,24062.05078125,24055.75,24057.650390625,0
2026-06-17 04:22:00+00:00,24063.0,24063.0,24064.150390625,24057.94921875,24060.400390625,0
2026-06-17 04:23:00+00:00,24062.5,24062.5,24065.650390625,24061.150390625,24065.19921875,0
2026-06-17 04:24:00+00:00,24063.80078125,24063.80078125,24066.30078125,24061.44921875,24065.05078125,0
2026-06-17 04:25:00+00:00,24059.400390625,24059.400390625,24066.400390625,24057.599609375,24065.80078125,0
2026-06-17 04:26:00+00:00,24061.5,24061.5,24063.349609375,24056.650390625,24059.80078125,0
2026-06-17 04:27:00+00:00,24062.349609375,24062.349609375,24064.599609375,24059.400390625,24062.75,0
2026-06-17 04:28:00+00:00,24067.599609375,24067.599609375,24071.650390625,24062.75,24063.94921875,0
2026-06-17 04:29:00+00:00,24065.849609375,24065.849609375,24071.05078125,24064.5,24070.05078125,0
2026-06-17 04:30:00+00:00,24058.900390625,24058.900390625,24069.19921875,24058.599609375,24067.900390625,0
2026-06-17 04:31:00+00:00,24056.94921875,24056.94921875,24060.75,24054.400390625,24060.099609375,0
2026-06-17 04:32:00+00:00,24055.5,24055.5,24059.30078125,24052.30078125,24058.650390625,0
2026-06-17 04:33:00+00:00,24047.94921875,24047.94921875,24057.650390625,24047.849609375,24055.55078125,0
2026-06-17 04:34:00+00:00,24046.05078125,24046.05078125,24050.599609375,24045.5,24049.5,0
2026-06-17 04:35:00+00:00,24045.55078125,24045.55078125,24048.75,24043.150390625,24047.69921875,0
2026-06-17 04:36:00+00:00,24049.44921875,24049.44921875,24050.0,24043.69921875,24046.25,0
2026-06-17 04:37:00+00:00,24052.900390625,24052.900390625,24054.900390625,24047.5,24050.5,0
2026-06-17 04:38:00+00:00,24060.19921875,24060.19921875,24061.69921875,24053.19921875,24054.05078125,0
2026-06-17 04:39:00+00:00,24061.150390625,24061.150390625,24064.55078125,24059.900390625,24061.25,0
2026-06-17 04:40:00+00:00,24060.650390625,24060.650390625,24064.30078125,24060.0,24062.19921875,0
2026-06-17 04:41:00+00:00,24063.099609375,24063.099609375,24066.75,24059.25,24062.19921875,0
2026-06-17 04:42:00+00:00,24057.44921875,24057.44921875,24064.599609375,24057.44921875,24064.30078125,0
2026-06-17 04:43:00+00:00,24052.849609375,24052.849609375,24059.19921875,24051.0,24059.19921875,0
2026-06-17 04:44:00+00:00,24047.69921875,24047.69921875,24056.849609375,24046.55078125,24054.05078125,0
2026-06-17 04:45:00+00:00,24054.05078125,24054.05078125,24054.150390625,24046.44921875,24048.25,0
2026-06-17 04:46:00+00:00,24057.05078125,24057.05078125,24061.349609375,24053.05078125,24054.80078125,0
2026-06-17 04:47:00+00:00,24059.44921875,24059.44921875,24061.400390625,24054.599609375,24058.599609375,0
2026-06-17 04:48:00+00:00,24063.80078125,24063.80078125,24064.849609375,24059.900390625,24061.94921875,0
2026-06-17 04:49:00+00:00,24066.94921875,24066.94921875,24067.30078125,24062.599609375,24062.599609375,0
2026-06-17 04:50:00+00:00,24069.150390625,24069.150390625,24071.44921875,24065.599609375,24067.599609375,0
2026-06-17 04:51:00+00:00,24067.25,24067.25,24073.94921875,24066.25,24070.55078125,0
2026-06-17 04:52:00+00:00,24069.80078125,24069.80078125,24071.599609375,24066.150390625,24070.099609375,0
2026-06-17 04:53:00+00:00,24074.150390625,24074.150390625,24075.30078125,24069.25,24070.849609375,0
2026-06-17 04:54:00+00:00,24078.80078125,24078.80078125,24080.599609375,24072.900390625,24074.80078125,0
2026-06-17 04:55:00+00:00,24081.400390625,24081.400390625,24082.650390625,24078.69921875,24078.69921875,0
2026-06-17 04:56:00+00:00,24076.05078125,24076.05078125,24082.650390625,24075.05078125,24081.900390625,0
2026-06-17 04:57:00+00:00,24076.30078125,24076.30078125,24078.650390625,24073.19921875,24078.44921875,0
2026-06-17 04:58:00+00:00,24071.349609375,24071.349609375,24078.0,24070.75,24077.19921875,0
2026-06-17 04:59:00+00:00,24066.900390625,24066.900390625,24075.349609375,24065.55078125,24072.599609375,0
2026-06-17 05:00:00+00:00,24070.349609375,24070.349609375,24074.5,24066.650390625,24067.80078125,0
2026-06-17 05:01:00+00:00,24067.650390625,24067.650390625,24071.75,24065.650390625,24071.349609375,0
2026-06-17 05:02:00+00:00,24067.599609375,24067.599609375,24069.849609375,24065.599609375,24068.849609375,0
2026-06-17 05:03:00+00:00,24063.0,24063.0,24070.30078125,24062.5,24069.650390625,0
2026-06-17 05:04:00+00:00,24075.69921875,24075.69921875,24075.75,24062.94921875,24065.25,0
2026-06-17 05:05:00+00:00,24080.80078125,24080.80078125,24082.349609375,24075.25,24077.05078125,0
2026-06-17 05:06:00+00:00,24080.05078125,24080.05078125,24083.349609375,24077.30078125,24081.05078125,0
2026-06-17 05:07:00+00:00,24085.25,24085.25,24085.5,24076.80078125,24081.44921875,0
2026-06-17 05:08:00+00:00,24081.400390625,24081.400390625,24087.900390625,24081.150390625,24086.400390625,0
2026-06-17 05:09:00+00:00,24078.75,24078.75,24083.349609375,24077.05078125,24083.19921875,0
2026-06-17 05:10:00+00:00,24083.94921875,24083.94921875,24084.69921875,24077.0,24080.150390625,0
2026-06-17 05:11:00+00:00,24087.150390625,24087.150390625,24087.44921875,24082.75,24084.80078125,0
2026-06-17 05:12:00+00:00,24086.400390625,24086.400390625,24088.5,24081.0,24088.0,0
2026-06-17 05:13:00+00:00,24085.44921875,24085.44921875,24087.55078125,24081.69921875,24087.25,0
2026-06-17 05:14:00+00:00,24085.75,24085.75,24087.650390625,24082.69921875,24087.099609375,0
2026-06-17 05:15:00+00:00,24085.69921875,24085.69921875,24088.19921875,24083.849609375,24086.349609375,0
2026-06-17 05:16:00+00:00,24085.69921875,24085.69921875,24088.05078125,24083.650390625,24086.69921875,0
2026-06-17 05:17:00+00:00,24081.650390625,24081.650390625,24087.849609375,24080.75,24087.849609375,0
2026-06-17 05:18:00+00:00,24076.80078125,24076.80078125,24082.94921875,24073.94921875,24082.75,0
2026-06-17 05:19:00+00:00,24076.55078125,24076.55078125,24079.30078125,24075.0,24078.849609375,0
2026-06-17 05:20:00+00:00,24076.25,24076.25,24079.400390625,24074.75,24078.650390625,0
2026-06-17 05:21:00+00:00,24078.0,24078.0,24080.19921875,24075.650390625,24077.849609375,0
2026-06-17 05:22:00+00:00,24084.25,24084.25,24084.650390625,24075.75,24079.30078125,0
2026-06-17 05:23:00+00:00,24081.0,24081.0,24085.599609375,24080.0,24085.25,0
2026-06-17 05:24:00+00:00,24083.44921875,24083.44921875,24083.44921875,24078.30078125,24082.599609375,0
2026-06-17 05:25:00+00:00,24094.5,24094.5,24095.75,24083.900390625,24084.25,0
2026-06-17 05:26:00+00:00,24089.19921875,24089.19921875,24096.75,24085.94921875,24094.05078125,0
2026-06-17 05:27:00+00:00,24086.80078125,24086.80078125,24093.05078125,24086.30078125,24091.150390625,0
2026-06-17 05:28:00+00:00,24080.349609375,24080.349609375,24090.05078125,24078.44921875,24088.94921875,0
2026-06-17 05:29:00+00:00,24080.0,24080.0,24083.849609375,24077.69921875,24081.94921875,0
2026-06-17 05:30:00+00:00,24077.69921875,24077.69921875,24082.5,24077.5,24081.69921875,0
2026-06-17 05:31:00+00:00,24073.900390625,24073.900390625,24079.05078125,24071.849609375,24078.599609375,0
2026-06-17 05:32:00+00:00,24073.44921875,24073.44921875,24075.650390625,24072.099609375,24074.900390625,0
2026-06-17 05:33:00+00:00,24075.19921875,24075.19921875,24076.44921875,24072.400390625,24074.75,0
2026-06-17 05:34:00+00:00,24073.0,24073.0,24076.5,24071.400390625,24075.94921875,0
2026-06-17 05:35:00+00:00,24072.0,24072.0,24075.099609375,24070.599609375,24073.150390625,0
2026-06-17 05:36:00+00:00,24074.25,24074.25,24075.80078125,24071.55078125,24073.849609375,0
2026-06-17 05:37:00+00:00,24075.099609375,24075.099609375,24078.55078125,24073.55078125,24075.80078125,0
2026-06-17 05:38:00+00:00,24071.69921875,24071.69921875,24076.80078125,24070.30078125,24076.80078125,0
2026-06-17 05:39:00+00:00,24069.05078125,24069.05078125,24073.25,24068.69921875,24073.0,0
2026-06-17 05:40:00+00:00,24068.650390625,24068.650390625,24072.19921875,24062.05078125,24070.44921875,0
2026-06-17 05:41:00+00:00,24068.94921875,24068.94921875,24070.150390625,24065.75,24070.150390625,0
2026-06-17 05:42:00+00:00,24072.44921875,24072.44921875,24074.5,24067.75,24070.55078125,0
2026-06-17 05:43:00+00:00,24073.69921875,24073.69921875,24075.5,24070.900390625,24073.80078125,0
2026-06-17 05:44:00+00:00,24081.69921875,24081.69921875,24083.099609375,24073.44921875,24074.900390625,0
2026-06-17 05:45:00+00:00,24082.69921875,24082.69921875,24086.94921875,24078.55078125,24082.0,0
2026-06-17 05:46:00+00:00,24080.25,24080.25,24084.0,24076.400390625,24083.75,0
2026-06-17 05:47:00+00:00,24079.099609375,24079.099609375,24081.349609375,24076.30078125,24081.150390625,0
2026-06-17 05:48:00+00:00,24080.25,24080.25,24081.75,24077.599609375,24080.650390625,0
2026-06-17 05:49:00+00:00,24087.5,24087.5,24088.150390625,24079.0,24081.30078125,0
2026-06-17 05:50:00+00:00,24086.25,24086.25,24089.80078125,24085.150390625,24088.55078125,0
2026-06-17 05:51:00+00:00,24088.69921875,24088.69921875,24090.099609375,24084.849609375,24087.75,0
2026-06-17 05:52:00+00:00,24089.55078125,24089.55078125,24090.75,24086.80078125,24089.650390625,0
2026-06-17 05:53:00+00:00,24087.25,24087.25,24091.44921875,24086.349609375,24091.19921875,0
2026-06-17 05:54:00+00:00,24084.55078125,24084.55078125,24089.30078125,24083.900390625,24088.94921875,0
2026-06-17 05:55:00+00:00,24084.25,24084.25,24087.94921875,24082.30078125,24085.849609375,0
2026-06-17 05:56:00+00:00,24082.30078125,24082.30078125,24088.900390625,24082.30078125,24085.94921875,0
2026-06-17 05:57:00+00:00,24084.44921875,24084.44921875,24087.19921875,24080.650390625,24083.69921875,0
2026-06-17 05:58:00+00:00,24086.25,24086.25,24088.900390625,24083.5,24085.05078125,0
2026-06-17 05:59:00+00:00,24088.94921875,24088.94921875,24090.400390625,24081.75,24086.849609375,0
2026-06-17 06:00:00+00:00,24091.5,24091.5,24092.900390625,24087.30078125,24089.900390625,0
2026-06-17 06:01:00+00:00,24098.150390625,24098.150390625,24099.650390625,24089.80078125,24092.30078125,0
2026-06-17 06:02:00+00:00,24106.05078125,24106.05078125,24107.0,24096.30078125,24099.44921875,0
2026-06-17 06:03:00+00:00,24099.0,24099.0,24107.849609375,24097.650390625,24107.849609375,0
2026-06-17 06:04:00+00:00,24098.650390625,24098.650390625,24100.55078125,24096.19921875,24100.55078125,0
2026-06-17 06:05:00+00:00,24092.650390625,24092.650390625,24099.44921875,24090.55078125,24099.44921875,0
2026-06-17 06:06:00+00:00,24087.900390625,24087.900390625,24094.349609375,24087.900390625,24093.75,0
2026-06-17 06:07:00+00:00,24086.099609375,24086.099609375,24090.80078125,24083.19921875,24089.69921875,0
2026-06-17 06:08:00+00:00,24080.94921875,24080.94921875,24087.400390625,24079.25,24087.349609375,0
2026-06-17 06:09:00+00:00,24074.19921875,24074.19921875,24082.099609375,24073.599609375,24080.94921875,0
2026-06-17 06:10:00+00:00,24071.650390625,24071.650390625,24076.150390625,24066.900390625,24075.599609375,0
2026-06-17 06:11:00+00:00,24079.75,24079.75,24080.5,24070.94921875,24072.55078125,0
2026-06-17 06:12:00+00:00,24084.69921875,24084.69921875,24086.25,24077.0,24080.55078125,0
2026-06-17 06:13:00+00:00,24082.75,24082.75,24089.30078125,24081.80078125,24085.849609375,0
2026-06-17 06:14:00+00:00,24083.30078125,24083.30078125,24085.150390625,24081.099609375,24084.55078125,0
2026-06-17 06:15:00+00:00,24082.0,24082.0,24084.75,24080.099609375,24084.150390625,0
2026-06-17 06:16:00+00:00,24080.75,24080.75,24085.599609375,24080.0,24083.349609375,0
2026-06-17 06:17:00+00:00,24076.30078125,24076.30078125,24082.55078125,24074.900390625,24081.94921875,0
2026-06-17 06:18:00+00:00,24074.44921875,24074.44921875,24077.349609375,24074.099609375,24077.25,0
2026-06-17 06:19:00+00:00,24074.30078125,24074.30078125,24076.150390625,24071.69921875,24075.900390625,0
2026-06-17 06:20:00+00:00,24071.650390625,24071.650390625,24075.55078125,24071.44921875,24075.19921875,0
2026-06-17 06:21:00+00:00,24069.80078125,24069.80078125,24074.30078125,24068.900390625,24074.30078125,0
2026-06-17 06:22:00+00:00,24072.44921875,24072.44921875,24073.05078125,24068.75,24070.05078125,0
2026-06-17 06:23:00+00:00,24070.30078125,24070.30078125,24073.5,24067.55078125,24073.5,0
2026-06-17 06:24:00+00:00,24068.55078125,24068.55078125,24071.55078125,24066.900390625,24070.849609375,0
2026-06-17 06:25:00+00:00,24074.55078125,24074.55078125,24076.599609375,24065.94921875,24068.80078125,0
2026-06-17 06:26:00+00:00,24072.75,24072.75,24076.900390625,24069.44921875,24075.19921875,0
2026-06-17 06:27:00+00:00,24064.25,24064.25,24074.80078125,24064.25,24074.30078125,0
2026-06-17 06:28:00+00:00,24060.94921875,24060.94921875,24066.400390625,24059.650390625,24066.0,0
2026-06-17 06:29:00+00:00,24055.099609375,24055.099609375,24062.05078125,24054.69921875,24061.599609375,0
2026-06-17 06:30:00+00:00,24049.849609375,24049.849609375,24058.0,24048.55078125,24056.69921875,0
2026-06-17 06:31:00+00:00,24053.900390625,24053.900390625,24055.650390625,24049.05078125,24050.900390625,0
2026-06-17 06:32:00+00:00,24051.94921875,24051.94921875,24055.400390625,24047.69921875,24054.650390625,0
2026-06-17 06:33:00+00:00,24051.900390625,24051.900390625,24054.400390625,24048.650390625,24052.44921875,0
2026-06-17 06:34:00+00:00,24063.349609375,24063.349609375,24065.349609375,24052.5,24053.55078125,0
2026-06-17 06:35:00+00:00,24059.25,24059.25,24063.849609375,24057.599609375,24062.75,0
2026-06-17 06:36:00+00:00,24059.5,24059.5,24063.30078125,24056.69921875,24060.80078125,0
2026-06-17 06:37:00+00:00,24060.099609375,24060.099609375,24062.0,24053.44921875,24060.599609375,0
2026-06-17 06:38:00+00:00,24060.849609375,24060.849609375,24065.05078125,24059.0,24061.75,0
2026-06-17 06:39:00+00:00,24058.150390625,24058.150390625,24062.05078125,24056.349609375,24061.75,0
2026-06-17 06:40:00+00:00,24059.30078125,24059.30078125,24061.75,24057.30078125,24059.55078125,0
2026-06-17 06:41:00+00:00,24054.69921875,24054.69921875,24060.75,24054.5,24060.5,0
2026-06-17 06:42:00+00:00,24053.25,24053.25,24057.30078125,24052.150390625,24055.69921875,0
2026-06-17 06:43:00+00:00,24053.599609375,24053.599609375,24055.75,24050.650390625,24054.599609375,0
2026-06-17 06:44:00+00:00,24050.30078125,24050.30078125,24054.75,24050.30078125,24054.19921875,0
2026-06-17 06:45:00+00:00,24051.44921875,24051.44921875,24053.44921875,24049.19921875,24051.75,0
2026-06-17 06:46:00+00:00,24044.69921875,24044.69921875,24053.099609375,24043.849609375,24052.5,0
2026-06-17 06:47:00+00:00,24048.55078125,24048.55078125,24049.19921875,24042.05078125,24045.650390625,0
2026-06-17 06:48:00+00:00,24050.900390625,24050.900390625,24051.650390625,24047.900390625,24049.349609375,0
2026-06-17 06:49:00+00:00,24055.400390625,24055.400390625,24056.80078125,24050.80078125,24052.0,0
2026-06-17 06:50:00+00:00,24054.19921875,24054.19921875,24056.900390625,24051.94921875,24056.30078125,0
2026-06-17 06:51:00+00:00,24051.099609375,24051.099609375,24055.44921875,24048.900390625,24055.44921875,0
2026-06-17 06:52:00+00:00,24050.099609375,24050.099609375,24052.55078125,24047.150390625,24051.5,0
2026-06-17 06:53:00+00:00,24051.400390625,24051.400390625,24052.69921875,24048.900390625,24052.0,0
2026-06-17 06:54:00+00:00,24044.099609375,24044.099609375,24053.150390625,24042.400390625,24052.75,0
2026-06-17 06:55:00+00:00,24034.849609375,24034.849609375,24045.849609375,24033.0,24044.80078125,0
2026-06-17 06:56:00+00:00,24035.19921875,24035.19921875,24037.55078125,24033.5,24036.69921875,0
2026-06-17 06:57:00+00:00,24038.5,24038.5,24039.80078125,24033.599609375,24036.400390625,0
2026-06-17 06:58:00+00:00,24043.69921875,24043.69921875,24044.80078125,24038.849609375,24039.900390625,0
2026-06-17 06:59:00+00:00,24045.5,24045.5,24050.05078125,24039.44921875,24044.599609375,0
2026-06-17 07:00:00+00:00,24040.349609375,24040.349609375,24046.80078125,24039.599609375,24045.849609375,0
2026-06-17 07:01:00+00:00,24040.05078125,24040.05078125,24042.75,24036.55078125,24042.30078125,0
2026-06-17 07:02:00+00:00,24037.69921875,24037.69921875,24041.0,24034.599609375,24040.30078125,0
2026-06-17 07:03:00+00:00,24041.400390625,24041.400390625,24042.55078125,24038.44921875,24039.349609375,0
2026-06-17 07:04:00+00:00,24040.150390625,24040.150390625,24042.650390625,24038.25,24042.150390625,0
2026-06-17 07:05:00+00:00,24040.80078125,24040.80078125,24043.650390625,24038.75,24041.30078125,0
2026-06-17 07:06:00+00:00,24034.650390625,24034.650390625,24043.05078125,24033.75,24043.05078125,0
2026-06-17 07:07:00+00:00,24035.05078125,24035.05078125,24038.19921875,24032.349609375,24036.44921875,0
2026-06-17 07:08:00+00:00,24034.849609375,24034.849609375,24037.0,24033.19921875,24036.25,0
2026-06-17 07:09:00+00:00,24035.849609375,24035.849609375,24036.94921875,24033.94921875,24036.0,0
2026-06-17 07:10:00+00:00,24037.44921875,24037.44921875,24038.0,24033.25,24036.650390625,0
2026-06-17 07:11:00+00:00,24043.25,24043.25,24043.5,24036.650390625,24036.900390625,0
2026-06-17 07:12:00+00:00,24045.349609375,24045.349609375,24047.400390625,24043.19921875,24043.69921875,0
2026-06-17 07:13:00+00:00,24047.599609375,24047.599609375,24050.30078125,24044.5,24046.69921875,0
2026-06-17 07:14:00+00:00,24044.25,24044.25,24051.19921875,24043.44921875,24049.25,0
2026-06-17 07:15:00+00:00,24049.400390625,24049.400390625,24050.5,24042.599609375,24044.900390625,0
2026-06-17 07:16:00+00:00,24050.19921875,24050.19921875,24053.94921875,24048.099609375,24049.69921875,0
2026-06-17 07:17:00+00:00,24044.69921875,24044.69921875,24051.69921875,24043.349609375,24051.599609375,0
2026-06-17 07:18:00+00:00,24041.69921875,24041.69921875,24047.5,24041.69921875,24047.30078125,0
2026-06-17 07:19:00+00:00,24045.599609375,24045.599609375,24047.80078125,24042.5,24043.650390625,0
2026-06-17 07:20:00+00:00,24043.150390625,24043.150390625,24047.400390625,24042.849609375,24046.150390625,0
2026-06-17 07:21:00+00:00,24041.099609375,24041.099609375,24044.80078125,24039.55078125,24044.650390625,0
2026-06-17 07:22:00+00:00,24038.599609375,24038.599609375,24045.0,24037.150390625,24042.400390625,0
2026-06-17 07:23:00+00:00,24036.349609375,24036.349609375,24039.650390625,24035.44921875,24039.650390625,0
2026-06-17 07:24:00+00:00,24028.599609375,24028.599609375,24038.400390625,24028.599609375,24038.150390625,0
2026-06-17 07:25:00+00:00,24030.150390625,24030.150390625,24034.55078125,24027.349609375,24030.05078125,0
2026-06-17 07:26:00+00:00,24031.849609375,24031.849609375,24033.69921875,24029.0,24031.150390625,0
2026-06-17 07:27:00+00:00,24032.75,24032.75,24036.25,24030.75,24033.5,0
2026-06-17 07:28:00+00:00,24033.099609375,24033.099609375,24034.80078125,24029.900390625,24033.75,0
2026-06-17 07:29:00+00:00,24029.5,24029.5,24034.25,24029.099609375,24033.94921875,0
2026-06-17 07:30:00+00:00,24026.599609375,24026.599609375,24030.94921875,24023.599609375,24030.0,0
2026-06-17 07:31:00+00:00,24029.94921875,24029.94921875,24030.69921875,24024.30078125,24027.05078125,0
2026-06-17 07:32:00+00:00,24031.599609375,24031.599609375,24032.44921875,24027.80078125,24030.599609375,0
2026-06-17 07:33:00+00:00,24035.849609375,24035.849609375,24035.849609375,24030.650390625,24032.30078125,0
2026-06-17 07:34:00+00:00,24038.099609375,24038.099609375,24038.599609375,24034.599609375,24036.55078125,0
2026-06-17 07:35:00+00:00,24036.25,24036.25,24040.400390625,24034.900390625,24037.650390625,0
2026-06-17 07:36:00+00:00,24032.25,24032.25,24037.30078125,24032.099609375,24035.150390625,0
2026-06-17 07:37:00+00:00,24029.099609375,24029.099609375,24035.0,24028.30078125,24034.55078125,0
2026-06-17 07:38:00+00:00,24022.05078125,24022.05078125,24030.25,24021.400390625,24030.25,0
2026-06-17 07:39:00+00:00,24017.05078125,24017.05078125,24023.75,24016.0,24023.75,0
2026-06-17 07:40:00+00:00,24018.44921875,24018.44921875,24022.150390625,24013.900390625,24017.55078125,0
2026-06-17 07:41:00+00:00,24018.75,24018.75,24021.44921875,24015.400390625,24020.94921875,0
2026-06-17 07:42:00+00:00,24017.150390625,24017.150390625,24021.30078125,24016.150390625,24021.19921875,0
2026-06-17 07:43:00+00:00,24012.900390625,24012.900390625,24018.44921875,24012.900390625,24018.25,0
2026-06-17 07:44:00+00:00,24009.75,24009.75,24015.349609375,24009.75,24014.349609375,0
2026-06-17 07:45:00+00:00,24014.099609375,24014.099609375,24014.650390625,24005.849609375,24010.599609375,0
2026-06-17 07:46:00+00:00,24025.25,24025.25,24025.599609375,24013.599609375,24015.349609375,0
2026-06-17 07:47:00+00:00,24025.5,24025.5,24031.80078125,24022.150390625,24026.400390625,0
2026-06-17 07:48:00+00:00,24027.5,24027.5,24029.849609375,24025.599609375,24028.94921875,0
2026-06-17 07:49:00+00:00,24024.150390625,24024.150390625,24028.349609375,24022.80078125,24027.900390625,0
2026-06-17 07:50:00+00:00,24029.75,24029.75,24032.150390625,24024.400390625,24026.0,0
2026-06-17 07:51:00+00:00,24032.94921875,24032.94921875,24035.099609375,24029.30078125,24031.19921875,0
2026-06-17 07:52:00+00:00,24035.55078125,24035.55078125,24036.75,24032.400390625,24035.30078125,0
2026-06-17 07:53:00+00:00,24035.94921875,24035.94921875,24037.599609375,24034.05078125,24037.099609375,0
2026-06-17 07:54:00+00:00,24033.55078125,24033.55078125,24037.400390625,24032.75,24037.25,0
2026-06-17 07:55:00+00:00,24033.349609375,24033.349609375,24035.099609375,24032.099609375,24034.44921875,0
2026-06-17 07:56:00+00:00,24035.75,24035.75,24039.099609375,24032.94921875,24034.150390625,0
2026-06-17 07:57:00+00:00,24035.75,24035.75,24039.25,24034.75,24036.900390625,0
2026-06-17 07:58:00+00:00,24036.44921875,24036.44921875,24039.30078125,24034.400390625,24035.650390625,0
2026-06-17 07:59:00+00:00,24034.25,24034.25,24037.900390625,24033.400390625,24037.650390625,0
2026-06-17 08:00:00+00:00,24035.30078125,24035.30078125,24036.0,24032.05078125,24035.099609375,0
2026-06-17 08:01:00+00:00,24033.5,24033.5,24036.849609375,24032.30078125,24036.400390625,0
2026-06-17 08:02:00+00:00,24034.19921875,24034.19921875,24036.25,24032.44921875,24034.80078125,0
2026-06-17 08:03:00+00:00,24035.650390625,24035.650390625,24036.650390625,24033.5,24035.94921875,0
2026-06-17 08:04:00+00:00,24044.05078125,24044.05078125,24044.650390625,24034.900390625,24036.5,0
2026-06-17 08:05:00+00:00,24049.150390625,24049.150390625,24049.150390625,24041.0,24045.55078125,0
2026-06-17 08:06:00+00:00,24048.650390625,24048.650390625,24051.349609375,24045.849609375,24050.19921875,0
2026-06-17 08:07:00+00:00,24048.94921875,24048.94921875,24050.900390625,24046.25,24048.69921875,0
2026-06-17 08:08:00+00:00,24053.25,24053.25,24053.75,24049.0,24049.0,0
2026-06-17 08:09:00+00:00,24053.69921875,24053.69921875,24061.849609375,24052.55078125,24052.55078125,0
2026-06-17 08:10:00+00:00,24050.849609375,24050.849609375,24055.44921875,24050.25,24053.349609375,0
2026-06-17 08:11:00+00:00,24050.69921875,24050.69921875,24054.150390625,24047.80078125,24050.900390625,0
2026-06-17 08:12:00+00:00,24055.0,24055.0,24056.099609375,24049.80078125,24050.599609375,0
2026-06-17 08:13:00+00:00,24058.05078125,24058.05078125,24058.849609375,24055.150390625,24055.55078125,0
2026-06-17 08:14:00+00:00,24056.349609375,24056.349609375,24059.30078125,24055.05078125,24058.150390625,0
2026-06-17 08:15:00+00:00,24056.599609375,24056.599609375,24058.55078125,24053.349609375,24055.69921875,0
2026-06-17 08:16:00+00:00,24054.0,24054.0,24058.05078125,24053.44921875,24056.44921875,0
2026-06-17 08:17:00+00:00,24054.099609375,24054.099609375,24056.30078125,24053.0,24054.0,0
2026-06-17 08:18:00+00:00,24048.94921875,24048.94921875,24056.150390625,24048.44921875,24054.25,0
2026-06-17 08:19:00+00:00,24052.69921875,24052.69921875,24053.599609375,24044.75,24048.150390625,0
2026-06-17 08:20:00+00:00,24042.05078125,24042.05078125,24053.150390625,24041.05078125,24052.75,0
2026-06-17 08:21:00+00:00,24035.099609375,24035.099609375,24042.400390625,24033.5,24041.599609375,0
2026-06-17 08:22:00+00:00,24039.650390625,24039.650390625,24040.650390625,24029.44921875,24034.400390625,0
2026-06-17 08:23:00+00:00,24046.099609375,24046.099609375,24046.349609375,24039.599609375,24039.94921875,0
2026-06-17 08:24:00+00:00,24045.44921875,24045.44921875,24046.5,24042.5,24046.05078125,0
2026-06-17 08:25:00+00:00,24041.30078125,24041.30078125,24046.55078125,24040.150390625,24045.44921875,0
2026-06-17 08:26:00+00:00,24046.94921875,24046.94921875,24048.150390625,24041.349609375,24041.349609375,0
2026-06-17 08:27:00+00:00,24049.69921875,24049.69921875,24050.05078125,24045.5,24047.150390625,0
2026-06-17 08:28:00+00:00,24049.150390625,24049.150390625,24051.099609375,24047.150390625,24049.55078125,0
2026-06-17 08:29:00+00:00,24049.099609375,24049.099609375,24051.05078125,24046.55078125,24048.849609375,0
2026-06-17 08:30:00+00:00,24051.55078125,24051.55078125,24053.30078125,24047.599609375,24048.849609375,0
2026-06-17 08:31:00+00:00,24046.5,24046.5,24052.94921875,24045.150390625,24051.150390625,0
2026-06-17 08:32:00+00:00,24049.80078125,24049.80078125,24050.400390625,24045.69921875,24047.5,0
2026-06-17 08:33:00+00:00,24051.30078125,24051.30078125,24053.44921875,24046.30078125,24049.5,0
2026-06-17 08:34:00+00:00,24049.44921875,24049.44921875,24052.94921875,24043.25,24051.44921875,0
2026-06-17 08:35:00+00:00,24043.30078125,24043.30078125,24051.25,24041.599609375,24049.19921875,0
2026-06-17 08:36:00+00:00,24042.25,24042.25,24045.900390625,24040.05078125,24043.30078125,0
2026-06-17 08:37:00+00:00,24045.400390625,24045.400390625,24046.599609375,24041.099609375,24042.349609375,0
2026-06-17 08:38:00+00:00,24046.5,24046.5,24047.30078125,24043.0,24044.25,0
2026-06-17 08:39:00+00:00,24041.400390625,24041.400390625,24048.849609375,24041.150390625,24046.400390625,0
2026-06-17 08:40:00+00:00,24042.05078125,24042.05078125,24043.80078125,24039.650390625,24041.05078125,0
2026-06-17 08:41:00+00:00,24038.80078125,24038.80078125,24044.55078125,24036.349609375,24042.30078125,0
2026-06-17 08:42:00+00:00,24046.650390625,24046.650390625,24047.94921875,24038.599609375,24038.599609375,0
2026-06-17 08:43:00+00:00,24050.849609375,24050.849609375,24052.05078125,24046.650390625,24046.650390625,0
2026-06-17 08:44:00+00:00,24048.0,24048.0,24052.349609375,24046.94921875,24050.0,0
2026-06-17 08:45:00+00:00,24050.44921875,24050.44921875,24050.849609375,24043.900390625,24047.849609375,0
2026-06-17 08:46:00+00:00,24040.19921875,24040.19921875,24052.30078125,24040.05078125,24050.69921875,0
2026-06-17 08:47:00+00:00,24041.5,24041.5,24044.80078125,24035.5,24039.900390625,0
2026-06-17 08:48:00+00:00,24047.099609375,24047.099609375,24047.599609375,24040.75,24041.349609375,0
2026-06-17 08:49:00+00:00,24050.30078125,24050.30078125,24051.30078125,24046.30078125,24047.150390625,0
2026-06-17 08:50:00+00:00,24046.400390625,24046.400390625,24050.650390625,24041.94921875,24050.55078125,0
2026-06-17 08:51:00+00:00,24042.650390625,24042.650390625,24047.900390625,24040.400390625,24046.349609375,0
2026-06-17 08:52:00+00:00,24044.44921875,24044.44921875,24046.30078125,24041.80078125,24042.44921875,0
2026-06-17 08:53:00+00:00,24041.55078125,24041.55078125,24047.30078125,24037.599609375,24044.650390625,0
2026-06-17 08:54:00+00:00,24040.650390625,24040.650390625,24044.400390625,24038.19921875,24040.849609375,0
2026-06-17 08:55:00+00:00,24033.599609375,24033.599609375,24041.80078125,24031.150390625,24040.55078125,0
2026-06-17 08:56:00+00:00,24028.099609375,24028.099609375,24035.150390625,24021.849609375,24033.349609375,0
2026-06-17 08:57:00+00:00,24024.69921875,24024.69921875,24031.099609375,24023.94921875,24027.80078125,0
2026-06-17 08:58:00+00:00,24025.849609375,24025.849609375,24027.55078125,24021.400390625,24024.599609375,0
2026-06-17 08:59:00+00:00,24024.30078125,24024.30078125,24028.849609375,24024.150390625,24025.75,0
2026-06-17 09:00:00+00:00,24016.69921875,24016.69921875,24025.80078125,24015.80078125,24024.30078125,0
2026-06-17 09:01:00+00:00,24031.400390625,24031.400390625,24032.900390625,24016.0,24016.0,0
2026-06-17 09:02:00+00:00,24028.150390625,24028.150390625,24032.25,24027.0,24031.349609375,0
2026-06-17 09:03:00+00:00,24027.5,24027.5,24029.25,24024.849609375,24027.94921875,0
2026-06-17 09:04:00+00:00,24028.25,24028.25,24030.75,24026.150390625,24027.400390625,0
2026-06-17 09:05:00+00:00,24031.349609375,24031.349609375,24032.900390625,24025.94921875,24028.25,0
2026-06-17 09:06:00+00:00,24036.30078125,24036.30078125,24038.0,24030.400390625,24031.599609375,0
2026-06-17 09:07:00+00:00,24045.5,24045.5,24045.650390625,24034.900390625,24035.69921875,0
2026-06-17 09:08:00+00:00,24046.400390625,24046.400390625,24048.099609375,24042.0,24045.94921875,0
2026-06-17 09:09:00+00:00,24043.650390625,24043.650390625,24048.25,24040.94921875,24046.599609375,0
2026-06-17 09:10:00+00:00,24039.099609375,24039.099609375,24045.400390625,24038.75,24043.349609375,0
2026-06-17 09:11:00+00:00,24039.30078125,24039.30078125,24042.55078125,24037.900390625,24039.099609375,0
2026-06-17 09:12:00+00:00,24036.849609375,24036.849609375,24041.30078125,24036.0,24038.900390625,0
2026-06-17 09:13:00+00:00,24038.55078125,24038.55078125,24040.650390625,24036.94921875,24037.0,0
2026-06-17 09:14:00+00:00,24041.30078125,24041.30078125,24043.150390625,24037.80078125,24038.44921875,0
2026-06-17 09:15:00+00:00,24043.0,24043.0,24043.94921875,24038.30078125,24041.25,0
2026-06-17 09:16:00+00:00,24043.5,24043.5,24047.55078125,24042.69921875,24042.69921875,0
2026-06-17 09:17:00+00:00,24045.5,24045.5,24047.19921875,24043.25,24043.55078125,0
2026-06-17 09:18:00+00:00,24042.80078125,24042.80078125,24047.5,24041.349609375,24045.0,0
2026-06-17 09:19:00+00:00,24038.44921875,24038.44921875,24044.599609375,24038.19921875,24042.349609375,0
2026-06-17 09:20:00+00:00,24042.75,24042.75,24045.5,24038.94921875,24038.94921875,0
2026-06-17 09:21:00+00:00,24039.0,24039.0,24045.05078125,24039.0,24043.75,0
2026-06-17 09:22:00+00:00,24035.099609375,24035.099609375,24042.05078125,24033.44921875,24038.599609375,0
2026-06-17 09:23:00+00:00,24038.349609375,24038.349609375,24038.650390625,24026.94921875,24034.44921875,0
2026-06-17 09:24:00+00:00,24050.150390625,24050.150390625,24050.900390625,24038.349609375,24038.349609375,0
2026-06-17 09:25:00+00:00,24044.849609375,24044.849609375,24052.0,24044.849609375,24050.599609375,0
2026-06-17 09:26:00+00:00,24045.69921875,24045.69921875,24048.94921875,24044.099609375,24044.599609375,0
2026-06-17 09:27:00+00:00,24057.0,24057.0,24057.400390625,24045.349609375,24045.80078125,0
2026-06-17 09:28:00+00:00,24067.80078125,24067.80078125,24067.80078125,24057.349609375,24057.400390625,0
2026-06-17 09:29:00+00:00,24077.05078125,24077.05078125,24077.30078125,24066.900390625,24068.099609375,0
2026-06-17 09:30:00+00:00,24084.150390625,24084.150390625,24085.400390625,24070.44921875,24076.900390625,0
2026-06-17 09:31:00+00:00,24090.849609375,24090.849609375,24091.349609375,24084.25,24084.25,0
2026-06-17 09:32:00+00:00,24095.400390625,24095.400390625,24095.599609375,24089.849609375,24089.849609375,0
2026-06-17 09:33:00+00:00,24091.150390625,24091.150390625,24098.75,24090.650390625,24095.30078125,0
2026-06-17 09:34:00+00:00,24087.69921875,24087.69921875,24094.900390625,24086.19921875,24091.5,0
2026-06-17 09:35:00+00:00,24089.900390625,24089.900390625,24094.650390625,24087.349609375,24087.650390625,0
2026-06-17 09:36:00+00:00,24085.150390625,24085.150390625,24091.900390625,24082.650390625,24089.75,0
2026-06-17 09:37:00+00:00,24087.80078125,24087.80078125,24088.0,24084.400390625,24085.30078125,0
2026-06-17 09:38:00+00:00,24091.099609375,24091.099609375,24095.05078125,24087.75,24087.75,0
2026-06-17 09:39:00+00:00,24090.349609375,24090.349609375,24095.400390625,24089.5,24091.30078125,0
2026-06-17 09:40:00+00:00,24087.94921875,24087.94921875,24092.150390625,24085.349609375,24091.349609375,0
2026-06-17 09:41:00+00:00,24089.30078125,24089.30078125,24092.94921875,24087.69921875,24087.69921875,0
2026-06-17 09:42:00+00:00,24086.19921875,24086.19921875,24090.599609375,24085.55078125,24089.25,0
2026-06-17 09:43:00+00:00,24087.5,24087.5,24088.349609375,24085.25,24086.150390625,0
2026-06-17 09:44:00+00:00,24083.19921875,24083.19921875,24089.349609375,24082.05078125,24086.650390625,0
2026-06-17 09:45:00+00:00,24084.650390625,24084.650390625,24085.80078125,24082.349609375,24083.599609375,0
2026-06-17 09:46:00+00:00,24080.69921875,24080.69921875,24084.400390625,24078.25,24084.25,0
2026-06-17 09:47:00+00:00,24083.599609375,24083.599609375,24085.150390625,24079.19921875,24080.349609375,0
2026-06-17 09:48:00+00:00,24084.599609375,24084.599609375,24085.75,24081.94921875,24083.19921875,0
2026-06-17 09:49:00+00:00,24087.349609375,24087.349609375,24088.80078125,24083.900390625,24084.55078125,0
2026-06-17 09:50:00+00:00,24087.349609375,24087.349609375,24090.0,24085.69921875,24088.05078125,0
2026-06-17 09:51:00+00:00,24085.94921875,24085.94921875,24089.30078125,24084.099609375,24087.400390625,0
2026-06-17 09:52:00+00:00,24086.150390625,24086.150390625,24087.150390625,24081.599609375,24085.900390625,0
2026-06-17 09:53:00+00:00,24084.19921875,24084.19921875,24089.44921875,24083.30078125,24085.599609375,0
2026-06-17 09:54:00+00:00,24081.150390625,24081.150390625,24085.0,24079.94921875,24084.19921875,0
2026-06-17 09:55:00+00:00,24081.599609375,24081.599609375,24087.150390625,24077.80078125,24081.44921875,0
2026-06-17 09:56:00+00:00,24079.19921875,24079.19921875,24084.19921875,24078.94921875,24082.650390625,0
2026-06-17 09:57:00+00:00,24075.900390625,24075.900390625,24080.849609375,24073.099609375,24079.25,0
2026-06-17 09:58:00+00:00,24076.69921875,24076.69921875,24080.349609375,24074.55078125,24075.900390625,0
2026-06-17 09:59:00+00:00,24081.0,24081.0,24083.0,24073.19921875,24076.599609375,0
2026-06-18 03:45:00+00:00,24077.150390625,24077.150390625,24129.599609375,24063.150390625,24073.19921875,0
2026-06-18 03:46:00+00:00,24063.150390625,24063.150390625,24078.25,24059.650390625,24078.25,0
2026-06-18 03:47:00+00:00,24076.400390625,24076.400390625,24079.19921875,24060.69921875,24066.099609375,0
2026-06-18 03:48:00+00:00,24091.150390625,24091.150390625,24092.849609375,24072.900390625,24079.599609375,0
2026-06-18 03:49:00+00:00,24082.650390625,24082.650390625,24092.75,24081.55078125,24092.30078125,0
2026-06-18 03:50:00+00:00,24085.80078125,24085.80078125,24088.599609375,24081.55078125,24085.099609375,0
2026-06-18 03:51:00+00:00,24081.099609375,24081.099609375,24088.25,24080.099609375,24087.69921875,0
2026-06-18 03:52:00+00:00,24096.30078125,24096.30078125,24099.75,24079.099609375,24082.150390625,0
2026-06-18 03:53:00+00:00,24092.900390625,24092.900390625,24098.25,24091.150390625,24097.69921875,0
2026-06-18 03:54:00+00:00,24092.69921875,24092.69921875,24098.599609375,24090.5,24094.099609375,0
2026-06-18 03:55:00+00:00,24088.19921875,24088.19921875,24094.69921875,24083.94921875,24094.69921875,0
2026-06-18 03:56:00+00:00,24093.349609375,24093.349609375,24093.349609375,24086.55078125,24089.19921875,0
2026-06-18 03:57:00+00:00,24091.30078125,24091.30078125,24096.0,24090.849609375,24096.0,0
2026-06-18 03:58:00+00:00,24086.30078125,24086.30078125,24094.75,24083.55078125,24094.55078125,0
2026-06-18 03:59:00+00:00,24090.25,24090.25,24091.30078125,24085.0,24088.0,0
2026-06-18 04:00:00+00:00,24093.0,24093.0,24100.900390625,24089.349609375,24092.19921875,0
2026-06-18 04:01:00+00:00,24084.849609375,24084.849609375,24096.349609375,24084.650390625,24096.05078125,0
2026-06-18 04:02:00+00:00,24092.599609375,24092.599609375,24093.5,24080.19921875,24087.400390625,0
2026-06-18 04:03:00+00:00,24088.69921875,24088.69921875,24094.5,24087.55078125,24094.5,0
2026-06-18 04:04:00+00:00,24085.099609375,24085.099609375,24091.849609375,24082.55078125,24091.25,0
2026-06-18 04:05:00+00:00,24075.599609375,24075.599609375,24088.05078125,24073.349609375,24088.05078125,0
2026-06-18 04:06:00+00:00,24074.05078125,24074.05078125,24078.400390625,24071.94921875,24077.650390625,0
2026-06-18 04:07:00+00:00,24076.150390625,24076.150390625,24076.25,24066.849609375,24075.099609375,0
2026-06-18 04:08:00+00:00,24081.80078125,24081.80078125,24083.849609375,24073.150390625,24079.69921875,0
2026-06-18 04:09:00+00:00,24085.650390625,24085.650390625,24086.849609375,24077.900390625,24084.5,0
2026-06-18 04:10:00+00:00,24095.75,24095.75,24097.849609375,24085.75,24088.44921875,0
2026-06-18 04:11:00+00:00,24104.19921875,24104.19921875,24104.30078125,24093.25,24097.599609375,0
2026-06-18 04:12:00+00:00,24118.25,24118.25,24119.650390625,24102.44921875,24106.400390625,0
2026-06-18 04:13:00+00:00,24114.400390625,24114.400390625,24121.05078125,24113.599609375,24120.55078125,0
2026-06-18 04:14:00+00:00,24108.900390625,24108.900390625,24118.25,24108.44921875,24117.44921875,0
2026-06-18 04:15:00+00:00,24113.80078125,24113.80078125,24119.05078125,24107.400390625,24112.0,0
2026-06-18 04:16:00+00:00,24120.05078125,24120.05078125,24121.599609375,24111.650390625,24116.0,0
2026-06-18 04:17:00+00:00,24127.80078125,24127.80078125,24129.94921875,24119.25,24122.30078125,0
2026-06-18 04:18:00+00:00,24124.94921875,24124.94921875,24136.80078125,24124.94921875,24130.0,0
2026-06-18 04:19:00+00:00,24126.69921875,24126.69921875,24129.69921875,24120.0,24127.849609375,0
2026-06-18 04:20:00+00:00,24131.849609375,24131.849609375,24132.05078125,24125.30078125,24128.55078125,0
2026-06-18 04:21:00+00:00,24129.400390625,24129.400390625,24133.69921875,24126.30078125,24133.55078125,0
2026-06-18 04:22:00+00:00,24123.349609375,24123.349609375,24132.44921875,24122.25,24131.30078125,0
2026-06-18 04:23:00+00:00,24131.900390625,24131.900390625,24134.099609375,24121.849609375,24126.099609375,0
2026-06-18 04:24:00+00:00,24135.150390625,24135.150390625,24139.05078125,24131.099609375,24134.900390625,0
2026-06-18 04:25:00+00:00,24132.650390625,24132.650390625,24139.400390625,24132.099609375,24137.400390625,0
2026-06-18 04:26:00+00:00,24130.94921875,24130.94921875,24134.80078125,24125.150390625,24133.80078125,0
2026-06-18 04:27:00+00:00,24133.400390625,24133.400390625,24135.900390625,24130.80078125,24134.599609375,0
2026-06-18 04:28:00+00:00,24127.80078125,24127.80078125,24135.75,24126.75,24135.599609375,0
2026-06-18 04:29:00+00:00,24123.19921875,24123.19921875,24133.25,24121.75,24131.099609375,0
2026-06-18 04:30:00+00:00,24119.0,24119.0,24131.150390625,24119.0,24126.0,0
2026-06-18 04:31:00+00:00,24119.55078125,24119.55078125,24123.94921875,24117.94921875,24121.44921875,0
2026-06-18 04:32:00+00:00,24121.849609375,24121.849609375,24123.5,24113.650390625,24121.05078125,0
2026-06-18 04:33:00+00:00,24119.44921875,24119.44921875,24124.25,24118.849609375,24124.0,0
2026-06-18 04:34:00+00:00,24116.05078125,24116.05078125,24122.349609375,24114.400390625,24122.19921875,0
2026-06-18 04:35:00+00:00,24117.150390625,24117.150390625,24118.80078125,24114.30078125,24117.650390625,0
2026-06-18 04:36:00+00:00,24116.05078125,24116.05078125,24119.25,24114.099609375,24118.75,0
2026-06-18 04:37:00+00:00,24114.05078125,24114.05078125,24118.5,24113.150390625,24118.349609375,0
2026-06-18 04:38:00+00:00,24118.94921875,24118.94921875,24120.69921875,24114.55078125,24116.0,0
2026-06-18 04:39:00+00:00,24126.94921875,24126.94921875,24127.80078125,24117.94921875,24120.650390625,0
2026-06-18 04:40:00+00:00,24124.44921875,24124.44921875,24134.25,24120.5,24129.599609375,0
2026-06-18 04:41:00+00:00,24132.849609375,24132.849609375,24133.94921875,24124.5,24127.19921875,0
2026-06-18 04:42:00+00:00,24132.349609375,24132.349609375,24138.400390625,24130.19921875,24134.5,0
2026-06-18 04:43:00+00:00,24130.44921875,24130.44921875,24134.69921875,24128.80078125,24134.650390625,0
2026-06-18 04:44:00+00:00,24125.599609375,24125.599609375,24131.69921875,24125.19921875,24130.75,0
2026-06-18 04:45:00+00:00,24124.25,24124.25,24129.900390625,24123.80078125,24127.400390625,0
2026-06-18 04:46:00+00:00,24125.05078125,24125.05078125,24130.80078125,24120.05078125,24126.400390625,0
2026-06-18 04:47:00+00:00,24121.099609375,24121.099609375,24126.94921875,24120.650390625,24126.94921875,0
2026-06-18 04:48:00+00:00,24111.099609375,24111.099609375,24122.75,24108.099609375,24122.44921875,0
2026-06-18 04:49:00+00:00,24114.599609375,24114.599609375,24115.400390625,24109.94921875,24113.75,0
2026-06-18 04:50:00+00:00,24110.5,24110.5,24116.05078125,24110.5,24116.05078125,0
2026-06-18 04:51:00+00:00,24112.75,24112.75,24115.400390625,24106.80078125,24112.150390625,0
2026-06-18 04:52:00+00:00,24112.650390625,24112.650390625,24114.80078125,24110.0,24114.55078125,0
2026-06-18 04:53:00+00:00,24115.099609375,24115.099609375,24116.05078125,24111.80078125,24114.69921875,0
2026-06-18 04:54:00+00:00,24115.44921875,24115.44921875,24116.80078125,24112.25,24116.80078125,0
2026-06-18 04:55:00+00:00,24111.150390625,24111.150390625,24116.900390625,24109.650390625,24116.900390625,0
2026-06-18 04:56:00+00:00,24110.900390625,24110.900390625,24113.94921875,24107.099609375,24113.94921875,0
2026-06-18 04:57:00+00:00,24109.44921875,24109.44921875,24112.650390625,24108.349609375,24112.650390625,0
2026-06-18 04:58:00+00:00,24109.150390625,24109.150390625,24111.25,24103.69921875,24110.75,0
2026-06-18 04:59:00+00:00,24109.25,24109.25,24112.5,24106.650390625,24111.69921875,0
2026-06-18 05:00:00+00:00,24101.44921875,24101.44921875,24111.599609375,24101.44921875,24111.599609375,0
2026-06-18 05:01:00+00:00,24108.30078125,24108.30078125,24110.0,24100.099609375,24103.44921875,0
2026-06-18 05:02:00+00:00,24108.599609375,24108.599609375,24110.650390625,24105.5,24110.25,0
2026-06-18 05:03:00+00:00,24111.05078125,24111.05078125,24111.349609375,24107.80078125,24111.19921875,0
2026-06-18 05:04:00+00:00,24111.599609375,24111.599609375,24113.94921875,24108.94921875,24112.19921875,0
2026-06-18 05:05:00+00:00,24111.349609375,24111.349609375,24114.19921875,24106.5,24112.900390625,0
2026-06-18 05:06:00+00:00,24107.25,24107.25,24113.25,24105.19921875,24113.25,0
2026-06-18 05:07:00+00:00,24105.0,24105.0,24110.25,24104.55078125,24109.900390625,0
2026-06-18 05:08:00+00:00,24095.44921875,24095.44921875,24106.75,24095.44921875,24106.44921875,0
2026-06-18 05:09:00+00:00,24078.75,24078.75,24097.44921875,24077.849609375,24097.349609375,0
2026-06-18 05:10:00+00:00,24070.400390625,24070.400390625,24079.94921875,24059.55078125,24079.94921875,0
2026-06-18 05:11:00+00:00,24072.150390625,24072.150390625,24073.650390625,24066.44921875,24073.30078125,0
2026-06-18 05:12:00+00:00,24069.0,24069.0,24074.900390625,24066.80078125,24074.69921875,0
2026-06-18 05:13:00+00:00,24081.099609375,24081.099609375,24081.55078125,24069.05078125,24070.80078125,0
2026-06-18 05:14:00+00:00,24076.349609375,24076.349609375,24083.05078125,24074.69921875,24082.05078125,0
2026-06-18 05:15:00+00:00,24085.94921875,24085.94921875,24087.05078125,24073.650390625,24078.349609375,0
2026-06-18 05:16:00+00:00,24083.0,24083.0,24091.900390625,24083.0,24088.349609375,0
2026-06-18 05:17:00+00:00,24084.349609375,24084.349609375,24087.69921875,24081.900390625,24085.25,0
2026-06-18 05:18:00+00:00,24081.150390625,24081.150390625,24088.80078125,24079.900390625,24086.44921875,0
2026-06-18 05:19:00+00:00,24075.099609375,24075.099609375,24083.80078125,24072.80078125,24083.55078125,0
2026-06-18 05:20:00+00:00,24070.5,24070.5,24076.55078125,24067.099609375,24076.55078125,0
2026-06-18 05:21:00+00:00,24080.0,24080.0,24084.900390625,24069.75,24072.30078125,0
2026-06-18 05:22:00+00:00,24082.099609375,24082.099609375,24083.25,24074.900390625,24082.150390625,0
2026-06-18 05:23:00+00:00,24082.849609375,24082.849609375,24084.19921875,24078.599609375,24083.80078125,0
2026-06-18 05:24:00+00:00,24083.150390625,24083.150390625,24085.599609375,24078.94921875,24084.0,0
2026-06-18 05:25:00+00:00,24086.69921875,24086.69921875,24086.80078125,24081.69921875,24085.099609375,0
2026-06-18 05:26:00+00:00,24085.75,24085.75,24092.55078125,24085.75,24088.900390625,0
2026-06-18 05:27:00+00:00,24084.400390625,24084.400390625,24087.44921875,24083.80078125,24087.44921875,0
2026-06-18 05:28:00+00:00,24085.849609375,24085.849609375,24086.349609375,24082.05078125,24085.849609375,0
2026-06-18 05:29:00+00:00,24092.55078125,24092.55078125,24093.900390625,24085.150390625,24087.69921875,0
2026-06-18 05:30:00+00:00,24082.650390625,24082.650390625,24093.849609375,24081.44921875,24093.849609375,0
2026-06-18 05:31:00+00:00,24082.150390625,24082.150390625,24085.150390625,24080.25,24085.150390625,0
2026-06-18 05:32:00+00:00,24084.55078125,24084.55078125,24086.150390625,24081.80078125,24083.900390625,0
2026-06-18 05:33:00+00:00,24084.55078125,24084.55078125,24086.75,24081.69921875,24086.150390625,0
2026-06-18 05:34:00+00:00,24082.900390625,24082.900390625,24086.94921875,24082.900390625,24086.94921875,0
2026-06-18 05:35:00+00:00,24075.94921875,24075.94921875,24085.349609375,24075.94921875,24085.099609375,0
2026-06-18 05:36:00+00:00,24080.900390625,24080.900390625,24081.849609375,24073.150390625,24078.900390625,0
2026-06-18 05:37:00+00:00,24075.30078125,24075.30078125,24082.55078125,24074.650390625,24082.55078125,0
2026-06-18 05:38:00+00:00,24077.099609375,24077.099609375,24079.19921875,24073.05078125,24077.05078125,0
2026-06-18 05:39:00+00:00,24077.94921875,24077.94921875,24080.44921875,24076.349609375,24078.19921875,0
2026-06-18 05:40:00+00:00,24078.55078125,24078.55078125,24081.150390625,24076.80078125,24079.69921875,0
2026-06-18 05:41:00+00:00,24078.849609375,24078.849609375,24080.900390625,24076.55078125,24080.5,0
2026-06-18 05:42:00+00:00,24068.30078125,24068.30078125,24080.849609375,24068.05078125,24080.80078125,0
2026-06-18 05:43:00+00:00,24059.900390625,24059.900390625,24071.849609375,24059.900390625,24071.849609375,0
2026-06-18 05:44:00+00:00,24064.650390625,24064.650390625,24074.150390625,24060.30078125,24061.94921875,0
2026-06-18 05:45:00+00:00,24053.19921875,24053.19921875,24066.349609375,24053.19921875,24066.19921875,0
2026-06-18 05:46:00+00:00,24052.0,24052.0,24058.80078125,24048.849609375,24054.69921875,0
2026-06-18 05:47:00+00:00,24051.849609375,24051.849609375,24054.599609375,24050.44921875,24053.599609375,0
2026-06-18 05:48:00+00:00,24053.19921875,24053.19921875,24056.900390625,24052.599609375,24054.44921875,0
2026-06-18 05:49:00+00:00,24048.30078125,24048.30078125,24056.25,24048.19921875,24054.900390625,0
2026-06-18 05:50:00+00:00,24041.349609375,24041.349609375,24049.75,24037.19921875,24049.75,0
2026-06-18 05:51:00+00:00,24045.19921875,24045.19921875,24048.150390625,24042.25,24042.80078125,0
2026-06-18 05:52:00+00:00,24043.19921875,24043.19921875,24051.349609375,24043.19921875,24047.150390625,0
2026-06-18 05:53:00+00:00,24053.150390625,24053.150390625,24053.150390625,24044.650390625,24045.400390625,0
2026-06-18 05:54:00+00:00,24050.5,24050.5,24056.55078125,24049.69921875,24055.349609375,0
2026-06-18 05:55:00+00:00,24050.5,24050.5,24054.349609375,24050.400390625,24052.55078125,0
2026-06-18 05:56:00+00:00,24045.19921875,24045.19921875,24052.69921875,24044.400390625,24052.349609375,0
2026-06-18 05:57:00+00:00,24052.099609375,24052.099609375,24053.44921875,24045.94921875,24047.94921875,0
2026-06-18 05:58:00+00:00,24053.25,24053.25,24054.25,24049.349609375,24053.400390625,0
2026-06-18 05:59:00+00:00,24054.94921875,24054.94921875,24057.650390625,24052.5,24054.80078125,0
2026-06-18 06:00:00+00:00,24055.150390625,24055.150390625,24057.849609375,24052.849609375,24057.5,0
2026-06-18 06:01:00+00:00,24052.900390625,24052.900390625,24056.650390625,24049.69921875,24056.650390625,0
2026-06-18 06:02:00+00:00,24057.69921875,24057.69921875,24058.849609375,24052.150390625,24054.30078125,0
2026-06-18 06:03:00+00:00,24060.349609375,24060.349609375,24063.30078125,24056.0,24059.25,0
2026-06-18 06:04:00+00:00,24061.400390625,24061.400390625,24063.80078125,24054.849609375,24061.25,0
2026-06-18 06:05:00+00:00,24060.599609375,24060.599609375,24062.849609375,24056.150390625,24062.650390625,0
2026-06-18 06:06:00+00:00,24063.150390625,24063.150390625,24064.25,24060.5,24062.44921875,0
2026-06-18 06:07:00+00:00,24053.5,24053.5,24065.5,24052.849609375,24064.599609375,0
2026-06-18 06:08:00+00:00,24048.80078125,24048.80078125,24054.75,24047.30078125,24054.75,0
2026-06-18 06:09:00+00:00,24053.099609375,24053.099609375,24054.19921875,24048.650390625,24050.69921875,0
2026-06-18 06:10:00+00:00,24052.30078125,24052.30078125,24054.69921875,24049.80078125,24054.69921875,0
2026-06-18 06:11:00+00:00,24056.849609375,24056.849609375,24056.849609375,24051.80078125,24054.900390625,0
2026-06-18 06:12:00+00:00,24054.30078125,24054.30078125,24058.650390625,24054.30078125,24058.349609375,0
2026-06-18 06:13:00+00:00,24056.150390625,24056.150390625,24058.30078125,24049.05078125,24057.349609375,0
2026-06-18 06:14:00+00:00,24062.849609375,24062.849609375,24064.900390625,24056.05078125,24057.80078125,0
2026-06-18 06:15:00+00:00,24070.69921875,24070.69921875,24071.849609375,24061.19921875,24064.599609375,0
2026-06-18 06:16:00+00:00,24066.0,24066.0,24075.349609375,24064.69921875,24072.5,0
2026-06-18 06:17:00+00:00,24064.75,24064.75,24069.599609375,24057.599609375,24067.19921875,0
2026-06-18 06:18:00+00:00,24063.900390625,24063.900390625,24067.099609375,24061.25,24066.900390625,0
2026-06-18 06:19:00+00:00,24063.650390625,24063.650390625,24068.55078125,24062.400390625,24065.599609375,0
2026-06-18 06:20:00+00:00,24053.849609375,24053.849609375,24065.849609375,24051.30078125,24065.599609375,0
2026-06-18 06:21:00+00:00,24058.650390625,24058.650390625,24060.05078125,24050.5,24057.80078125,0
2026-06-18 06:22:00+00:00,24061.80078125,24061.80078125,24070.5,24058.69921875,24060.55078125,0
2026-06-18 06:23:00+00:00,24063.25,24063.25,24065.69921875,24059.94921875,24064.400390625,0
2026-06-18 06:24:00+00:00,24062.94921875,24062.94921875,24065.099609375,24060.150390625,24065.099609375,0
2026-06-18 06:25:00+00:00,24064.30078125,24064.30078125,24067.05078125,24062.25,24064.400390625,0
2026-06-18 06:26:00+00:00,24066.05078125,24066.05078125,24069.94921875,24063.69921875,24066.150390625,0
2026-06-18 06:27:00+00:00,24069.25,24069.25,24071.55078125,24064.80078125,24068.25,0
2026-06-18 06:28:00+00:00,24068.05078125,24068.05078125,24073.30078125,24066.75,24070.69921875,0
2026-06-18 06:29:00+00:00,24071.94921875,24071.94921875,24072.349609375,24062.55078125,24068.94921875,0
2026-06-18 06:30:00+00:00,24080.69921875,24080.69921875,24081.30078125,24071.05078125,24072.69921875,0
2026-06-18 06:31:00+00:00,24085.599609375,24085.599609375,24085.69921875,24080.099609375,24082.599609375,0
2026-06-18 06:32:00+00:00,24087.55078125,24087.55078125,24090.849609375,24083.400390625,24086.099609375,0
2026-06-18 06:33:00+00:00,24086.94921875,24086.94921875,24090.94921875,24085.0,24089.30078125,0
2026-06-18 06:34:00+00:00,24088.150390625,24088.150390625,24090.69921875,24083.0,24089.05078125,0
2026-06-18 06:35:00+00:00,24087.44921875,24087.44921875,24090.650390625,24086.400390625,24089.0,0
2026-06-18 06:36:00+00:00,24087.94921875,24087.94921875,24090.80078125,24086.099609375,24088.599609375,0
2026-06-18 06:37:00+00:00,24096.25,24096.25,24099.650390625,24087.80078125,24089.05078125,0
2026-06-18 06:38:00+00:00,24092.44921875,24092.44921875,24099.69921875,24090.69921875,24098.099609375,0
2026-06-18 06:39:00+00:00,24094.05078125,24094.05078125,24097.5,24091.55078125,24093.5,0
2026-06-18 06:40:00+00:00,24085.099609375,24085.099609375,24096.55078125,24083.400390625,24095.69921875,0
2026-06-18 06:41:00+00:00,24086.55078125,24086.55078125,24089.900390625,24084.55078125,24086.80078125,0
2026-06-18 06:42:00+00:00,24084.69921875,24084.69921875,24088.55078125,24082.099609375,24088.349609375,0
2026-06-18 06:43:00+00:00,24092.30078125,24092.30078125,24092.80078125,24083.0,24086.400390625,0
2026-06-18 06:44:00+00:00,24088.19921875,24088.19921875,24093.44921875,24084.25,24093.44921875,0
2026-06-18 06:45:00+00:00,24080.849609375,24080.849609375,24091.150390625,24079.80078125,24089.849609375,0
2026-06-18 06:46:00+00:00,24082.75,24082.75,24086.94921875,24078.44921875,24082.599609375,0
2026-06-18 06:47:00+00:00,24081.44921875,24081.44921875,24086.599609375,24080.75,24085.69921875,0
2026-06-18 06:48:00+00:00,24094.19921875,24094.19921875,24096.44921875,24080.30078125,24082.849609375,0
2026-06-18 06:49:00+00:00,24095.599609375,24095.599609375,24098.150390625,24093.80078125,24095.80078125,0
2026-06-18 06:50:00+00:00,24094.5,24094.5,24097.69921875,24090.849609375,24097.69921875,0
2026-06-18 06:51:00+00:00,24090.099609375,24090.099609375,24096.75,24089.30078125,24095.650390625,0
2026-06-18 06:52:00+00:00,24089.650390625,24089.650390625,24092.650390625,24088.0,24090.80078125,0
2026-06-18 06:53:00+00:00,24096.80078125,24096.80078125,24098.05078125,24087.94921875,24090.599609375,0
2026-06-18 06:54:00+00:00,24099.44921875,24099.44921875,24103.30078125,24094.75,24098.25,0
2026-06-18 06:55:00+00:00,24101.44921875,24101.44921875,24104.650390625,24099.400390625,24100.94921875,0
2026-06-18 06:56:00+00:00,24099.349609375,24099.349609375,24102.44921875,24095.849609375,24102.44921875,0
2026-06-18 06:57:00+00:00,24108.75,24108.75,24109.80078125,24100.80078125,24102.0,0
2026-06-18 06:58:00+00:00,24112.44921875,24112.44921875,24112.599609375,24107.44921875,24109.75,0
2026-06-18 06:59:00+00:00,24118.69921875,24118.69921875,24119.94921875,24111.900390625,24113.900390625,0
2026-06-18 07:00:00+00:00,24113.44921875,24113.44921875,24128.75,24111.599609375,24120.849609375,0
2026-06-18 07:01:00+00:00,24109.349609375,24109.349609375,24117.19921875,24109.25,24116.900390625,0
2026-06-18 07:02:00+00:00,24122.25,24122.25,24122.94921875,24109.349609375,24112.099609375,0
2026-06-18 07:03:00+00:00,24129.75,24129.75,24130.30078125,24120.900390625,24124.150390625,0
2026-06-18 07:04:00+00:00,24128.80078125,24128.80078125,24132.05078125,24127.599609375,24131.44921875,0
2026-06-18 07:05:00+00:00,24118.05078125,24118.05078125,24133.75,24118.05078125,24131.30078125,0
2026-06-18 07:06:00+00:00,24116.849609375,24116.849609375,24119.650390625,24115.55078125,24119.05078125,0
2026-06-18 07:07:00+00:00,24116.69921875,24116.69921875,24120.80078125,24115.400390625,24119.25,0
2026-06-18 07:08:00+00:00,24115.599609375,24115.599609375,24118.5,24113.5,24117.75,0
2026-06-18 07:09:00+00:00,24118.80078125,24118.80078125,24120.349609375,24115.5,24116.94921875,0
2026-06-18 07:10:00+00:00,24120.849609375,24120.849609375,24121.05078125,24116.5,24119.69921875,0
2026-06-18 07:11:00+00:00,24122.900390625,24122.900390625,24124.44921875,24120.650390625,24122.650390625,0
2026-06-18 07:12:00+00:00,24120.599609375,24120.599609375,24128.94921875,24118.05078125,24123.849609375,0
2026-06-18 07:13:00+00:00,24119.75,24119.75,24122.5,24118.75,24122.400390625,0
2026-06-18 07:14:00+00:00,24117.25,24117.25,24121.94921875,24116.44921875,24121.849609375,0
2026-06-18 07:15:00+00:00,24117.80078125,24117.80078125,24120.55078125,24116.55078125,24118.75,0
2026-06-18 07:16:00+00:00,24112.55078125,24112.55078125,24119.25,24111.44921875,24119.150390625,0
2026-06-18 07:17:00+00:00,24114.0,24114.0,24117.25,24111.75,24113.650390625,0
2026-06-18 07:18:00+00:00,24116.349609375,24116.349609375,24117.650390625,24112.900390625,24115.400390625,0
2026-06-18 07:19:00+00:00,24117.400390625,24117.400390625,24119.55078125,24115.19921875,24118.5,0
2026-06-18 07:20:00+00:00,24119.80078125,24119.80078125,24122.75,24116.44921875,24118.650390625,0
2026-06-18 07:21:00+00:00,24126.150390625,24126.150390625,24126.150390625,24119.150390625,24121.150390625,0
2026-06-18 07:22:00+00:00,24126.80078125,24126.80078125,24132.25,24124.349609375,24126.69921875,0
2026-06-18 07:23:00+00:00,24123.75,24123.75,24127.94921875,24123.25,24127.650390625,0
2026-06-18 07:24:00+00:00,24126.69921875,24126.69921875,24129.80078125,24123.150390625,24125.650390625,0
2026-06-18 07:25:00+00:00,24126.69921875,24126.69921875,24130.099609375,24125.75,24127.30078125,0
2026-06-18 07:26:00+00:00,24124.650390625,24124.650390625,24130.599609375,24124.099609375,24129.150390625,0
2026-06-18 07:27:00+00:00,24128.5,24128.5,24131.44921875,24124.80078125,24126.19921875,0
2026-06-18 07:28:00+00:00,24128.349609375,24128.349609375,24130.30078125,24126.80078125,24129.900390625,0
2026-06-18 07:29:00+00:00,24125.650390625,24125.650390625,24130.150390625,24124.30078125,24129.25,0
2026-06-18 07:30:00+00:00,24121.94921875,24121.94921875,24129.400390625,24120.099609375,24127.650390625,0
2026-06-18 07:31:00+00:00,24120.5,24120.5,24123.849609375,24118.25,24123.650390625,0
2026-06-18 07:32:00+00:00,24125.19921875,24125.19921875,24127.30078125,24119.5,24122.19921875,0
2026-06-18 07:33:00+00:00,24124.44921875,24124.44921875,24127.0,24122.69921875,24126.650390625,0
2026-06-18 07:34:00+00:00,24123.30078125,24123.30078125,24126.80078125,24122.849609375,24126.30078125,0
2026-06-18 07:35:00+00:00,24121.30078125,24121.30078125,24125.30078125,24120.650390625,24125.30078125,0
2026-06-18 07:36:00+00:00,24117.0,24117.0,24124.0,24116.599609375,24123.05078125,0
2026-06-18 07:37:00+00:00,24128.849609375,24128.849609375,24129.75,24116.900390625,24118.349609375,0
2026-06-18 07:38:00+00:00,24127.80078125,24127.80078125,24130.849609375,24126.150390625,24130.44921875,0
2026-06-18 07:39:00+00:00,24126.30078125,24126.30078125,24128.80078125,24124.75,24128.80078125,0
2026-06-18 07:40:00+00:00,24125.349609375,24125.349609375,24128.0,24124.099609375,24128.0,0
2026-06-18 07:41:00+00:00,24125.849609375,24125.849609375,24126.44921875,24123.400390625,24126.30078125,0
2026-06-18 07:42:00+00:00,24123.75,24123.75,24127.94921875,24122.599609375,24127.349609375,0
2026-06-18 07:43:00+00:00,24125.55078125,24125.55078125,24128.19921875,24123.099609375,24125.150390625,0
2026-06-18 07:44:00+00:00,24127.80078125,24127.80078125,24128.0,24123.900390625,24126.80078125,0
2026-06-18 07:45:00+00:00,24124.05078125,24124.05078125,24136.30078125,24123.099609375,24129.94921875,0
2026-06-18 07:46:00+00:00,24121.19921875,24121.19921875,24125.349609375,24120.0,24125.150390625,0
2026-06-18 07:47:00+00:00,24117.30078125,24117.30078125,24124.900390625,24116.099609375,24121.94921875,0
2026-06-18 07:48:00+00:00,24116.900390625,24116.900390625,24120.19921875,24115.650390625,24118.650390625,0
2026-06-18 07:49:00+00:00,24116.900390625,24116.900390625,24119.55078125,24115.30078125,24118.25,0
2026-06-18 07:50:00+00:00,24120.25,24120.25,24120.5,24112.80078125,24117.69921875,0
2026-06-18 07:51:00+00:00,24115.849609375,24115.849609375,24122.75,24114.55078125,24121.44921875,0
2026-06-18 07:52:00+00:00,24125.400390625,24125.400390625,24125.400390625,24115.5,24116.900390625,0
2026-06-18 07:53:00+00:00,24119.849609375,24119.849609375,24125.849609375,24116.75,24125.849609375,0
2026-06-18 07:54:00+00:00,24112.75,24112.75,24121.849609375,24112.650390625,24121.849609375,0
2026-06-18 07:55:00+00:00,24103.349609375,24103.349609375,24114.349609375,24102.099609375,24114.349609375,0
2026-06-18 07:56:00+00:00,24106.44921875,24106.44921875,24108.25,24100.650390625,24104.25,0
2026-06-18 07:57:00+00:00,24114.400390625,24114.400390625,24115.05078125,24106.69921875,24108.80078125,0
2026-06-18 07:58:00+00:00,24117.150390625,24117.150390625,24118.0,24112.25,24116.099609375,0
2026-06-18 07:59:00+00:00,24120.44921875,24120.44921875,24123.099609375,24117.150390625,24119.30078125,0
2026-06-18 08:00:00+00:00,24116.25,24116.25,24121.900390625,24112.25,24121.900390625,0
2026-06-18 08:01:00+00:00,24122.94921875,24122.94921875,24125.900390625,24115.69921875,24118.650390625,0
2026-06-18 08:02:00+00:00,24132.80078125,24132.80078125,24133.75,24123.55078125,24125.69921875,0
2026-06-18 08:03:00+00:00,24122.150390625,24122.150390625,24135.0,24121.94921875,24135.0,0
2026-06-18 08:04:00+00:00,24123.349609375,24123.349609375,24125.25,24118.849609375,24123.05078125,0
2026-06-18 08:05:00+00:00,24123.849609375,24123.849609375,24128.0,24118.69921875,24125.05078125,0
2026-06-18 08:06:00+00:00,24121.650390625,24121.650390625,24126.400390625,24121.25,24126.400390625,0
2026-06-18 08:07:00+00:00,24120.44921875,24120.44921875,24124.30078125,24119.30078125,24123.349609375,0
2026-06-18 08:08:00+00:00,24122.0,24122.0,24126.099609375,24119.25,24123.30078125,0
2026-06-18 08:09:00+00:00,24120.900390625,24120.900390625,24123.44921875,24116.650390625,24122.400390625,0
2026-06-18 08:10:00+00:00,24116.44921875,24116.44921875,24122.599609375,24115.650390625,24122.30078125,0
2026-06-18 08:11:00+00:00,24119.599609375,24119.599609375,24121.05078125,24111.80078125,24118.05078125,0
2026-06-18 08:12:00+00:00,24124.0,24124.0,24127.900390625,24118.44921875,24121.599609375,0
2026-06-18 08:13:00+00:00,24126.5,24126.5,24126.75,24121.19921875,24126.44921875,0
2026-06-18 08:14:00+00:00,24120.69921875,24120.69921875,24128.349609375,24119.05078125,24127.05078125,0
2026-06-18 08:15:00+00:00,24120.30078125,24120.30078125,24124.150390625,24115.900390625,24122.0,0
2026-06-18 08:16:00+00:00,24121.150390625,24121.150390625,24123.5,24119.05078125,24122.0,0
2026-06-18 08:17:00+00:00,24126.05078125,24126.05078125,24127.150390625,24121.099609375,24122.349609375,0
2026-06-18 08:18:00+00:00,24122.650390625,24122.650390625,24127.650390625,24119.94921875,24127.650390625,0
2026-06-18 08:19:00+00:00,24116.150390625,24116.150390625,24123.30078125,24112.55078125,24123.30078125,0
2026-06-18 08:20:00+00:00,24117.55078125,24117.55078125,24119.05078125,24113.599609375,24117.400390625,0
2026-06-18 08:21:00+00:00,24115.25,24115.25,24119.69921875,24114.19921875,24119.44921875,0
2026-06-18 08:22:00+00:00,24116.400390625,24116.400390625,24118.44921875,24113.30078125,24117.5,0
2026-06-18 08:23:00+00:00,24114.900390625,24114.900390625,24118.30078125,24112.94921875,24117.69921875,0
2026-06-18 08:24:00+00:00,24117.19921875,24117.19921875,24118.5,24114.30078125,24116.05078125,0
2026-06-18 08:25:00+00:00,24116.94921875,24116.94921875,24119.0,24115.150390625,24118.05078125,0
2026-06-18 08:26:00+00:00,24115.5,24115.5,24119.94921875,24113.55078125,24118.80078125,0
2026-06-18 08:27:00+00:00,24112.44921875,24112.44921875,24118.25,24111.849609375,24118.099609375,0
2026-06-18 08:28:00+00:00,24112.400390625,24112.400390625,24116.05078125,24111.55078125,24115.19921875,0
2026-06-18 08:29:00+00:00,24108.349609375,24108.349609375,24114.099609375,24103.849609375,24114.05078125,0
2026-06-18 08:30:00+00:00,24109.19921875,24109.19921875,24111.400390625,24107.150390625,24109.94921875,0
2026-06-18 08:31:00+00:00,24105.650390625,24105.650390625,24111.55078125,24104.25,24111.44921875,0
2026-06-18 08:32:00+00:00,24107.25,24107.25,24108.900390625,24101.30078125,24106.650390625,0
2026-06-18 08:33:00+00:00,24109.75,24109.75,24110.650390625,24104.900390625,24109.05078125,0
2026-06-18 08:34:00+00:00,24106.44921875,24106.44921875,24112.0,24103.150390625,24111.75,0
2026-06-18 08:35:00+00:00,24106.099609375,24106.099609375,24109.849609375,24103.099609375,24107.150390625,0
2026-06-18 08:36:00+00:00,24109.05078125,24109.05078125,24112.0,24105.900390625,24107.80078125,0
2026-06-18 08:37:00+00:00,24104.150390625,24104.150390625,24110.0,24103.05078125,24109.80078125,0
2026-06-18 08:38:00+00:00,24096.349609375,24096.349609375,24105.80078125,24095.94921875,24105.80078125,0
2026-06-18 08:39:00+00:00,24096.05078125,24096.05078125,24099.80078125,24094.599609375,24097.25,0
2026-06-18 08:40:00+00:00,24100.44921875,24100.44921875,24103.650390625,24096.349609375,24097.94921875,0
2026-06-18 08:41:00+00:00,24103.44921875,24103.44921875,24103.849609375,24099.650390625,24101.5,0
2026-06-18 08:42:00+00:00,24107.0,24107.0,24108.19921875,24102.69921875,24104.75,0
2026-06-18 08:43:00+00:00,24102.94921875,24102.94921875,24109.80078125,24102.55078125,24107.650390625,0
2026-06-18 08:44:00+00:00,24099.75,24099.75,24104.400390625,24098.80078125,24104.05078125,0
2026-06-18 08:45:00+00:00,24098.30078125,24098.30078125,24102.30078125,24097.44921875,24100.80078125,0
2026-06-18 08:46:00+00:00,24099.099609375,24099.099609375,24100.69921875,24096.650390625,24100.69921875,0
2026-06-18 08:47:00+00:00,24095.599609375,24095.599609375,24100.94921875,24094.80078125,24100.849609375,0
2026-06-18 08:48:00+00:00,24089.099609375,24089.099609375,24097.05078125,24088.75,24096.0,0
2026-06-18 08:49:00+00:00,24088.25,24088.25,24090.400390625,24086.349609375,24090.099609375,0
2026-06-18 08:50:00+00:00,24086.19921875,24086.19921875,24092.349609375,24086.19921875,24089.599609375,0
2026-06-18 08:51:00+00:00,24085.44921875,24085.44921875,24087.900390625,24083.75,24087.30078125,0
2026-06-18 08:52:00+00:00,24086.80078125,24086.80078125,24092.05078125,24084.25,24086.69921875,0
2026-06-18 08:53:00+00:00,24095.599609375,24095.599609375,24097.0,24085.0,24089.0,0
2026-06-18 08:54:00+00:00,24107.30078125,24107.30078125,24107.349609375,24096.150390625,24098.150390625,0
2026-06-18 08:55:00+00:00,24103.900390625,24103.900390625,24110.05078125,24099.349609375,24109.25,0
2026-06-18 08:56:00+00:00,24093.19921875,24093.19921875,24105.0,24093.099609375,24105.0,0
2026-06-18 08:57:00+00:00,24092.69921875,24092.69921875,24095.80078125,24088.849609375,24095.80078125,0
2026-06-18 08:58:00+00:00,24091.19921875,24091.19921875,24094.349609375,24086.150390625,24094.150390625,0
2026-06-18 08:59:00+00:00,24088.349609375,24088.349609375,24095.19921875,24088.349609375,24092.75,0
2026-06-18 09:00:00+00:00,24075.5,24075.5,24090.650390625,24075.0,24090.650390625,0
2026-06-18 09:01:00+00:00,24079.19921875,24079.19921875,24081.650390625,24074.69921875,24077.55078125,0
2026-06-18 09:02:00+00:00,24086.30078125,24086.30078125,24090.599609375,24079.55078125,24080.05078125,0
2026-06-18 09:03:00+00:00,24094.80078125,24094.80078125,24095.69921875,24083.55078125,24088.44921875,0
2026-06-18 09:04:00+00:00,24095.05078125,24095.05078125,24096.69921875,24090.44921875,24096.099609375,0
2026-06-18 09:05:00+00:00,24094.400390625,24094.400390625,24099.55078125,24093.349609375,24098.30078125,0
2026-06-18 09:06:00+00:00,24110.849609375,24110.849609375,24112.099609375,24092.150390625,24095.5,0
2026-06-18 09:07:00+00:00,24095.849609375,24095.849609375,24113.05078125,24094.099609375,24112.30078125,0
2026-06-18 09:08:00+00:00,24098.05078125,24098.05078125,24101.150390625,24095.599609375,24098.30078125,0
2026-06-18 09:09:00+00:00,24096.400390625,24096.400390625,24101.5,24094.44921875,24100.69921875,0
2026-06-18 09:10:00+00:00,24100.0,24100.0,24103.30078125,24097.400390625,24097.849609375,0
2026-06-18 09:11:00+00:00,24095.599609375,24095.599609375,24102.05078125,24094.30078125,24102.05078125,0
2026-06-18 09:12:00+00:00,24095.0,24095.0,24097.80078125,24090.849609375,24097.80078125,0
2026-06-18 09:13:00+00:00,24096.94921875,24096.94921875,24097.900390625,24093.5,24096.650390625,0
2026-06-18 09:14:00+00:00,24097.19921875,24097.19921875,24099.650390625,24095.150390625,24099.650390625,0
2026-06-18 09:15:00+00:00,24098.69921875,24098.69921875,24098.69921875,24092.44921875,24098.69921875,0
2026-06-18 09:16:00+00:00,24098.650390625,24098.650390625,24104.55078125,24097.650390625,24100.599609375,0
2026-06-18 09:17:00+00:00,24095.94921875,24095.94921875,24100.150390625,24090.80078125,24099.94921875,0
2026-06-18 09:18:00+00:00,24094.5,24094.5,24097.849609375,24093.5,24097.349609375,0
2026-06-18 09:19:00+00:00,24084.150390625,24084.150390625,24095.150390625,24082.25,24095.150390625,0
2026-06-18 09:20:00+00:00,24094.900390625,24094.900390625,24095.349609375,24081.349609375,24084.900390625,0
2026-06-18 09:21:00+00:00,24099.25,24099.25,24101.150390625,24095.599609375,24096.44921875,0
2026-06-18 09:22:00+00:00,24102.05078125,24102.05078125,24103.5,24096.150390625,24100.099609375,0
2026-06-18 09:23:00+00:00,24096.0,24096.0,24103.150390625,24092.55078125,24103.150390625,0
2026-06-18 09:24:00+00:00,24100.05078125,24100.05078125,24101.75,24095.849609375,24097.94921875,0
2026-06-18 09:25:00+00:00,24098.349609375,24098.349609375,24101.099609375,24095.650390625,24101.099609375,0
2026-06-18 09:26:00+00:00,24096.099609375,24096.099609375,24100.55078125,24095.5,24100.55078125,0
2026-06-18 09:27:00+00:00,24107.25,24107.25,24107.349609375,24096.0,24097.80078125,0
2026-06-18 09:28:00+00:00,24111.55078125,24111.55078125,24112.5,24103.099609375,24109.099609375,0
2026-06-18 09:29:00+00:00,24121.400390625,24121.400390625,24121.400390625,24110.599609375,24113.19921875,0
2026-06-18 09:30:00+00:00,24127.400390625,24127.400390625,24128.650390625,24108.30078125,24121.900390625,0
2026-06-18 09:31:00+00:00,24123.55078125,24123.55078125,24137.94921875,24123.400390625,24127.599609375,0
2026-06-18 09:32:00+00:00,24138.099609375,24138.099609375,24140.05078125,24122.900390625,24124.150390625,0
2026-06-18 09:33:00+00:00,24147.19921875,24147.19921875,24150.650390625,24138.55078125,24138.900390625,0
2026-06-18 09:34:00+00:00,24150.80078125,24150.80078125,24155.900390625,24145.099609375,24148.650390625,0
2026-06-18 09:35:00+00:00,24149.099609375,24149.099609375,24157.44921875,24145.05078125,24150.849609375,0
2026-06-18 09:36:00+00:00,24167.19921875,24167.19921875,24168.5,24149.599609375,24149.900390625,0
2026-06-18 09:37:00+00:00,24171.55078125,24171.55078125,24172.900390625,24164.19921875,24168.19921875,0
2026-06-18 09:38:00+00:00,24173.099609375,24173.099609375,24177.05078125,24170.25,24173.19921875,0
2026-06-18 09:39:00+00:00,24175.55078125,24175.55078125,24176.599609375,24171.75,24173.80078125,0
2026-06-18 09:40:00+00:00,24177.30078125,24177.30078125,24178.849609375,24173.75,24176.19921875,0
2026-06-18 09:41:00+00:00,24171.25,24171.25,24179.900390625,24170.900390625,24177.599609375,0
2026-06-18 09:42:00+00:00,24162.69921875,24162.69921875,24172.599609375,24158.05078125,24172.19921875,0
2026-06-18 09:43:00+00:00,24179.0,24179.0,24183.25,24162.55078125,24162.55078125,0
2026-06-18 09:44:00+00:00,24177.44921875,24177.44921875,24183.44921875,24175.44921875,24178.150390625,0
2026-06-18 09:45:00+00:00,24179.0,24179.0,24182.19921875,24175.69921875,24177.80078125,0
2026-06-18 09:46:00+00:00,24179.75,24179.75,24182.099609375,24177.599609375,24178.599609375,0
2026-06-18 09:47:00+00:00,24180.25,24180.25,24182.44921875,24177.69921875,24179.349609375,0
2026-06-18 09:48:00+00:00,24185.099609375,24185.099609375,24186.05078125,24178.599609375,24179.900390625,0
2026-06-18 09:49:00+00:00,24182.94921875,24182.94921875,24186.05078125,24180.150390625,24184.25,0
2026-06-18 09:50:00+00:00,24177.80078125,24177.80078125,24188.94921875,24176.75,24183.849609375,0
2026-06-18 09:51:00+00:00,24177.80078125,24177.80078125,24179.599609375,24173.44921875,24177.75,0
2026-06-18 09:52:00+00:00,24182.849609375,24182.849609375,24183.599609375,24176.099609375,24177.55078125,0
2026-06-18 09:53:00+00:00,24184.30078125,24184.30078125,24187.44921875,24181.650390625,24182.650390625,0
2026-06-18 09:54:00+00:00,24182.25,24182.25,24187.099609375,24181.400390625,24183.150390625,0
2026-06-18 09:55:00+00:00,24180.400390625,24180.400390625,24184.75,24178.69921875,24181.69921875,0
2026-06-18 09:56:00+00:00,24180.55078125,24180.55078125,24184.349609375,24179.44921875,24179.44921875,0
2026-06-18 09:57:00+00:00,24180.75,24180.75,24183.44921875,24177.69921875,24182.849609375,0
2026-06-18 09:58:00+00:00,24177.849609375,24177.849609375,24184.5,24174.55078125,24180.05078125,0
2026-06-18 09:59:00+00:00,24179.400390625,24179.400390625,24183.900390625,24171.25,24173.69921875,0
2026-06-19 03:45:00+00:00,23959.19921875,23959.19921875,23991.19921875,23951.599609375,23991.19921875,0
2026-06-19 03:46:00+00:00,23970.94921875,23970.94921875,23971.650390625,23940.44921875,23959.55078125,0
2026-06-19 03:47:00+00:00,23980.0,23980.0,23980.69921875,23962.55078125,23971.30078125,0
2026-06-19 03:48:00+00:00,23977.44921875,23977.44921875,23980.849609375,23962.349609375,23980.69921875,0
2026-06-19 03:49:00+00:00,23980.900390625,23980.900390625,23983.80078125,23970.599609375,23977.150390625,0
2026-06-19 03:50:00+00:00,23975.849609375,23975.849609375,23981.19921875,23969.25,23980.80078125,0
2026-06-19 03:51:00+00:00,23975.599609375,23975.599609375,23977.80078125,23969.900390625,23976.349609375,0
2026-06-19 03:52:00+00:00,23971.900390625,23971.900390625,23977.5,23968.80078125,23975.69921875,0
2026-06-19 03:53:00+00:00,23967.80078125,23967.80078125,23975.099609375,23967.75,23972.25,0
2026-06-19 03:54:00+00:00,23962.849609375,23962.849609375,23968.69921875,23961.19921875,23967.0,0
2026-06-19 03:55:00+00:00,23948.94921875,23948.94921875,23964.69921875,23945.650390625,23963.05078125,0
2026-06-19 03:56:00+00:00,23959.0,23959.0,23960.349609375,23945.05078125,23949.80078125,0
2026-06-19 03:57:00+00:00,23954.30078125,23954.30078125,23960.69921875,23953.150390625,23959.849609375,0
2026-06-19 03:58:00+00:00,23957.599609375,23957.599609375,23959.75,23949.69921875,23955.099609375,0
2026-06-19 03:59:00+00:00,23955.94921875,23955.94921875,23960.75,23953.5,23957.5,0
2026-06-19 04:00:00+00:00,23942.650390625,23942.650390625,23957.0,23938.75,23955.55078125,0
2026-06-19 04:01:00+00:00,23947.30078125,23947.30078125,23955.099609375,23943.19921875,23946.099609375,0
2026-06-19 04:02:00+00:00,23954.900390625,23954.900390625,23954.900390625,23940.44921875,23947.05078125,0
2026-06-19 04:03:00+00:00,23954.650390625,23954.650390625,23958.400390625,23952.55078125,23954.849609375,0
2026-06-19 04:04:00+00:00,23950.349609375,23950.349609375,23956.150390625,23948.150390625,23955.05078125,0
2026-06-19 04:05:00+00:00,23952.25,23952.25,23953.900390625,23946.150390625,23950.05078125,0
2026-06-19 04:06:00+00:00,23968.099609375,23968.099609375,23969.400390625,23952.0,23952.0,0
2026-06-19 04:07:00+00:00,23960.55078125,23960.55078125,23968.05078125,23958.19921875,23968.05078125,0
2026-06-19 04:08:00+00:00,23958.849609375,23958.849609375,23962.55078125,23957.44921875,23960.55078125,0
2026-06-19 04:09:00+00:00,23970.150390625,23970.150390625,23970.650390625,23958.400390625,23959.900390625,0
2026-06-19 04:10:00+00:00,23979.650390625,23979.650390625,23981.849609375,23970.400390625,23970.400390625,0
2026-06-19 04:11:00+00:00,23969.19921875,23969.19921875,23981.349609375,23967.900390625,23979.19921875,0
2026-06-19 04:12:00+00:00,23971.349609375,23971.349609375,23974.75,23966.400390625,23968.599609375,0
2026-06-19 04:13:00+00:00,23975.25,23975.25,23978.900390625,23971.150390625,23971.599609375,0
2026-06-19 04:14:00+00:00,23974.099609375,23974.099609375,23977.80078125,23972.30078125,23975.25,0
2026-06-19 04:15:00+00:00,23964.25,23964.25,23976.80078125,23963.900390625,23975.19921875,0
2026-06-19 04:16:00+00:00,23969.400390625,23969.400390625,23971.400390625,23961.80078125,23964.0,0
2026-06-19 04:17:00+00:00,23973.55078125,23973.55078125,23974.5,23965.75,23969.44921875,0
2026-06-19 04:18:00+00:00,23973.349609375,23973.349609375,23976.5,23972.05078125,23975.400390625,0
2026-06-19 04:19:00+00:00,23976.55078125,23976.55078125,23979.599609375,23972.150390625,23972.5,0
2026-06-19 04:20:00+00:00,23971.44921875,23971.44921875,23978.599609375,23969.150390625,23977.44921875,0
2026-06-19 04:21:00+00:00,23967.05078125,23967.05078125,23973.150390625,23966.400390625,23971.69921875,0
2026-06-19 04:22:00+00:00,23972.900390625,23972.900390625,23973.44921875,23961.80078125,23965.0,0
2026-06-19 04:23:00+00:00,23978.900390625,23978.900390625,23979.69921875,23970.150390625,23973.400390625,0
2026-06-19 04:24:00+00:00,23986.25,23986.25,23986.69921875,23978.80078125,23978.80078125,0
2026-06-19 04:25:00+00:00,23985.900390625,23985.900390625,23990.05078125,23984.900390625,23985.099609375,0
2026-06-19 04:26:00+00:00,23984.05078125,23984.05078125,23989.400390625,23983.349609375,23984.75,0
2026-06-19 04:27:00+00:00,23985.5,23985.5,23988.599609375,23982.400390625,23983.69921875,0
2026-06-19 04:28:00+00:00,23987.0,23987.0,23987.75,23983.05078125,23984.69921875,0
2026-06-19 04:29:00+00:00,23987.900390625,23987.900390625,23989.44921875,23986.44921875,23987.75,0
2026-06-19 04:30:00+00:00,23975.900390625,23975.900390625,23989.05078125,23974.099609375,23987.69921875,0
2026-06-19 04:31:00+00:00,23967.849609375,23967.849609375,23975.599609375,23967.349609375,23975.599609375,0
2026-06-19 04:32:00+00:00,23967.5,23967.5,23971.349609375,23966.25,23967.94921875,0
2026-06-19 04:33:00+00:00,23966.25,23966.25,23970.349609375,23963.599609375,23967.19921875,0
2026-06-19 04:34:00+00:00,23973.5,23973.5,23973.5,23965.19921875,23966.0,0
2026-06-19 04:35:00+00:00,23975.599609375,23975.599609375,23975.599609375,23970.19921875,23973.55078125,0
2026-06-19 04:36:00+00:00,23982.900390625,23982.900390625,23983.0,23974.19921875,23975.19921875,0
2026-06-19 04:37:00+00:00,23984.5,23984.5,23990.650390625,23980.75,23982.650390625,0
2026-06-19 04:38:00+00:00,23987.150390625,23987.150390625,23989.30078125,23981.30078125,23984.05078125,0
2026-06-19 04:39:00+00:00,23991.55078125,23991.55078125,23993.80078125,23986.599609375,23987.150390625,0
2026-06-19 04:40:00+00:00,23995.44921875,23995.44921875,23996.5,23987.94921875,23991.55078125,0
2026-06-19 04:41:00+00:00,23995.05078125,23995.05078125,23997.30078125,23992.75,23995.349609375,0
2026-06-19 04:42:00+00:00,23998.0,23998.0,23998.30078125,23994.0,23995.900390625,0
2026-06-19 04:43:00+00:00,24005.849609375,24005.849609375,24005.849609375,23996.05078125,23997.30078125,0
2026-06-19 04:44:00+00:00,24009.94921875,24009.94921875,24011.099609375,24003.400390625,24005.55078125,0
2026-06-19 04:45:00+00:00,24005.44921875,24005.44921875,24010.55078125,24005.19921875,24010.349609375,0
2026-06-19 04:46:00+00:00,23999.0,23999.0,24006.5,23997.650390625,24005.30078125,0
2026-06-19 04:47:00+00:00,23994.30078125,23994.30078125,24001.0,23992.30078125,23998.80078125,0
2026-06-19 04:48:00+00:00,23997.19921875,23997.19921875,23997.19921875,23991.849609375,23994.30078125,0
2026-06-19 04:49:00+00:00,23992.400390625,23992.400390625,24000.55078125,23991.650390625,23996.44921875,0
2026-06-19 04:50:00+00:00,23992.55078125,23992.55078125,23997.0,23991.55078125,23993.349609375,0
2026-06-19 04:51:00+00:00,23987.75,23987.75,23993.599609375,23985.650390625,23992.650390625,0
2026-06-19 04:52:00+00:00,23989.19921875,23989.19921875,23989.400390625,23982.900390625,23988.099609375,0
2026-06-19 04:53:00+00:00,23987.55078125,23987.55078125,23995.349609375,23987.349609375,23989.150390625,0
2026-06-19 04:54:00+00:00,23983.0,23983.0,23988.400390625,23978.349609375,23987.150390625,0
2026-06-19 04:55:00+00:00,23982.69921875,23982.69921875,23984.5,23979.849609375,23981.94921875,0
2026-06-19 04:56:00+00:00,23973.55078125,23973.55078125,23984.25,23971.650390625,23982.19921875,0
2026-06-19 04:57:00+00:00,23970.30078125,23970.30078125,23975.849609375,23969.650390625,23974.0,0
2026-06-19 04:58:00+00:00,23969.19921875,23969.19921875,23972.849609375,23968.05078125,23970.150390625,0
2026-06-19 04:59:00+00:00,23966.849609375,23966.849609375,23970.55078125,23965.25,23968.80078125,0
2026-06-19 05:00:00+00:00,23969.75,23969.75,23972.05078125,23966.75,23966.75,0
2026-06-19 05:01:00+00:00,23964.150390625,23964.150390625,23970.44921875,23963.849609375,23969.849609375,0
2026-06-19 05:02:00+00:00,23959.25,23959.25,23964.650390625,23958.19921875,23963.849609375,0
2026-06-19 05:03:00+00:00,23955.849609375,23955.849609375,23961.80078125,23954.69921875,23960.349609375,0
2026-06-19 05:04:00+00:00,23960.94921875,23960.94921875,23961.80078125,23953.900390625,23955.150390625,0
2026-06-19 05:05:00+00:00,23962.0,23962.0,23962.849609375,23958.75,23960.75,0
2026-06-19 05:06:00+00:00,23959.150390625,23959.150390625,23967.25,23958.55078125,23962.05078125,0
2026-06-19 05:07:00+00:00,23964.599609375,23964.599609375,23965.0,23958.44921875,23958.650390625,0
2026-06-19 05:08:00+00:00,23967.849609375,23967.849609375,23967.849609375,23962.099609375,23964.349609375,0
2026-06-19 05:09:00+00:00,23968.30078125,23968.30078125,23969.0,23966.0,23967.849609375,0
2026-06-19 05:10:00+00:00,23968.80078125,23968.80078125,23972.599609375,23967.19921875,23968.900390625,0
2026-06-19 05:11:00+00:00,23961.400390625,23961.400390625,23969.94921875,23959.94921875,23968.75,0
2026-06-19 05:12:00+00:00,23958.349609375,23958.349609375,23961.900390625,23955.05078125,23961.349609375,0
2026-06-19 05:13:00+00:00,23962.69921875,23962.69921875,23962.69921875,23956.05078125,23958.30078125,0
2026-06-19 05:14:00+00:00,23970.69921875,23970.69921875,23971.349609375,23961.099609375,23962.650390625,0
2026-06-19 05:15:00+00:00,23969.650390625,23969.650390625,23972.30078125,23965.75,23970.19921875,0
2026-06-19 05:16:00+00:00,23967.69921875,23967.69921875,23970.849609375,23966.150390625,23968.05078125,0
2026-06-19 05:17:00+00:00,23968.25,23968.25,23968.80078125,23965.900390625,23967.19921875,0
2026-06-19 05:18:00+00:00,23963.19921875,23963.19921875,23969.650390625,23960.650390625,23968.099609375,0
2026-06-19 05:19:00+00:00,23957.25,23957.25,23965.099609375,23955.849609375,23962.650390625,0
2026-06-19 05:20:00+00:00,23954.150390625,23954.150390625,23960.0,23953.75,23957.400390625,0
2026-06-19 05:21:00+00:00,23951.900390625,23951.900390625,23954.55078125,23949.5,23954.25,0
2026-06-19 05:22:00+00:00,23953.30078125,23953.30078125,23955.75,23951.5,23952.25,0
2026-06-19 05:23:00+00:00,23946.75,23946.75,23955.0,23944.80078125,23953.900390625,0
2026-06-19 05:24:00+00:00,23946.650390625,23946.650390625,23947.650390625,23941.900390625,23946.19921875,0
2026-06-19 05:25:00+00:00,23950.44921875,23950.44921875,23952.349609375,23944.599609375,23946.599609375,0
2026-06-19 05:26:00+00:00,23946.599609375,23946.599609375,23952.94921875,23944.599609375,23950.900390625,0
2026-06-19 05:27:00+00:00,23942.0,23942.0,23947.94921875,23941.25,23946.80078125,0
2026-06-19 05:28:00+00:00,23945.650390625,23945.650390625,23947.400390625,23940.5,23941.94921875,0
2026-06-19 05:29:00+00:00,23944.900390625,23944.900390625,23947.55078125,23943.80078125,23945.80078125,0
2026-06-19 05:30:00+00:00,23946.44921875,23946.44921875,23948.0,23942.650390625,23944.80078125,0
2026-06-19 05:31:00+00:00,23951.05078125,23951.05078125,23951.05078125,23943.650390625,23946.80078125,0
2026-06-19 05:32:00+00:00,23953.80078125,23953.80078125,23956.05078125,23950.80078125,23950.80078125,0
2026-06-19 05:33:00+00:00,23945.5,23945.5,23955.55078125,23944.75,23954.05078125,0
2026-06-19 05:34:00+00:00,23945.80078125,23945.80078125,23946.400390625,23941.099609375,23945.19921875,0
2026-06-19 05:35:00+00:00,23945.400390625,23945.400390625,23947.0,23942.349609375,23945.55078125,0
2026-06-19 05:36:00+00:00,23939.80078125,23939.80078125,23946.0,23937.44921875,23945.19921875,0
2026-06-19 05:37:00+00:00,23943.400390625,23943.400390625,23943.55078125,23939.0,23939.55078125,0
2026-06-19 05:38:00+00:00,23945.099609375,23945.099609375,23947.05078125,23941.099609375,23943.69921875,0
2026-06-19 05:39:00+00:00,23953.400390625,23953.400390625,23953.75,23945.099609375,23945.599609375,0
2026-06-19 05:40:00+00:00,23957.400390625,23957.400390625,23957.849609375,23952.30078125,23953.19921875,0
2026-06-19 05:41:00+00:00,23961.150390625,23961.150390625,23963.400390625,23957.55078125,23957.55078125,0
2026-06-19 05:42:00+00:00,23964.30078125,23964.30078125,23965.5,23958.69921875,23960.75,0
2026-06-19 05:43:00+00:00,23961.400390625,23961.400390625,23965.5,23959.900390625,23964.400390625,0
2026-06-19 05:44:00+00:00,23964.55078125,23964.55078125,23964.55078125,23955.650390625,23961.150390625,0
2026-06-19 05:45:00+00:00,23959.75,23959.75,23967.400390625,23958.94921875,23964.5,0
2026-06-19 05:46:00+00:00,23956.30078125,23956.30078125,23961.25,23951.44921875,23960.05078125,0
2026-06-19 05:47:00+00:00,23958.150390625,23958.150390625,23960.400390625,23955.400390625,23956.150390625,0
2026-06-19 05:48:00+00:00,23958.599609375,23958.599609375,23959.30078125,23955.69921875,23957.900390625,0
